:10000000C82C0020D5290000E5820000C12900008D
:10001000C1290000C1290000C1290000C129000038
:10002000000000000000000000000000552B000050
:10003000C129000000000000ED2A0000C1290000D5
:10004000E52C0000E52C0000E52C0000E52C00006C
:10005000E52C0000E52C0000E52C0000E52C00005C
:10006000E52C0000E52C0000E52C0000E52C00004C
:10007000E52C0000E52C0000E52C0000E52C00003C
:10008000E52C0000E52C0000E52C0000E52C00002C
:10009000E52C0000E52C0000E52C0000E52C00001C
:1000A000E52C0000E52C0000E52C0000E52C00000C
:1000B000E52C0000E52C0000E52C0000E52C0000FC
:1000C000E52C0000E52C0000E52C0000E52C0000EC
:1000D000E52C0000E52C0000E52C0000E52C0000DC
:1000E000E52C0000E52C0000E52C0000E52C0000CC
:1000F000E52C0000E52C0000E52C0000E52C0000BC
:10010000E52C0000E52C0000E52C0000E52C0000AB
:10011000E52C0000E52C0000E52C0000E52C00009B
:10012000E52C0000E52C0000E52C0000E52C00008B
:10013000E52C0000E52C0000E52C0000E52C00007B
:10014000E52C0000E52C0000E52C0000E52C00006B
:10015000E52C000053B94AB9002908BF00281CBF8C
:100160004FF0FF314FF0FF3000F00CB8ADF1080C4C
:100170006DE904CE00F010F8DDF804E0DDE90223BB
:1001800004B07047704700BF034613F8012B002AE4
:10019000FBD1181A013870472DE9F04786468C4686
:1001A0000846089E154674461946002B40F0C1804B
:1001B0008542B2FA82F245D94AB1C2F1200300FA6F
:1001C00002FC954094402EFA03F343EA0C0C4FEAEC
:1001D000154EA8B2230CBCFBFEF80EFB18CC08FB96
:1001E00000F943EA0C43994528D9EB1808F1FF3789
:1001F00004D2994502D9A8F102072B44A3EB0903C5
:10020000A4B2B3FBFEFC0EFB1C330CFB00F044EA73
:100210000344A04214D92C190CF1FF3304D2A0429C
:1002200002D9ACF102032C44241A43EA07401EB160
:10023000D440002334607360BDE8F0874746DDE7B3
:100240006346F1E792BB431B01214FEA154EAFB263
:10025000200CB3FBFEFC0EFB1C330CFB07F840EA42
:100260000343984561D9EB180CF1FF3004D298454F
:1002700002D9ACF102002B44A3EB0803A4B2B3FBF8
:10028000FEFC0EFB1C330CFB07F744EA0344A742B9
:100290004DD92C190CF1FF3304D2A74202D9ACF18D
:1002A00002032C44E41B43EA0040C0E7C2F12003F0
:1002B0009540944020FA03F12EFA03F34FEA154ECD
:1002C0009040AFB20343B1FBFEFC0EFB1C10190CB7
:1002D0000CFB07F841EA0041884522D969180CF166
:1002E000FF3004D2884502D9ACF102002944A1EBC9
:1002F00008019BB2B1FBFEFC0EFB1C110CFB07F7C7
:1003000043EA01439F420ED9EB180CF1FF3104D2AE
:100310009F4202D9ACF102012B44DB1B41EA0041B0
:1003200093E76046E3E76146F7E76046A4E7634684
:10033000B8E7834206D916B9002108467CE7C6E92A
:1003400000E0F9E7B3FA83F78FB9834201D372452E
:1003500008D8BEEB020460EB030301209C461EB9E3
:10036000002169E73846FAE7C6E9004CF8E7C7F12B
:10037000200CBB400EFA07F522FA0CF42EFA0CF111
:10038000BA401C4320FA0CF3B8404FEA1449014329
:100390001FFA84FEB3FBF9F809FB18300B0C08FBBD
:1003A0000EFA43EA00439A4540D9E31808F1FF30BA
:1003B00004D29A4502D9A8F102002344A3EB0A0310
:1003C00089B2B3FBF9F809FB183308FB0EFE41EACA
:1003D00003418E452CD9611808F1FF3304D28E45B4
:1003E00002D9A8F10203214443EA0040A1EB0E0127
:1003F000A0FB02984145CE46434602D306D14D4567
:1004000004D20138B9EB020E68EB0403002EA7D02A
:10041000B5EB0E0261EB030101FA0CFC22FA07F3C3
:10042000F9404CEA0303C6E9003199E74046C5E7C5
:100430004346D9E708B500F09FF91421064800F0BB
:1004400059F9064C204609F00AFD00F09FF92046B4
:1004500009F005FDEFE700BF2C00002040420F002F
:1004600008B500F09DF92A21064800F043F9064C32
:10047000204609F0F4FC00F09DF9204609F0EFFC5D
:10048000EFE700BF0000002040420F00B0B582B08F
:1004900000AF0B78022B05D0052B00F0D180083778
:1004A000BD46B0BDCB68012BF9D14A688B68D35CDF
:1004B000312B2DD0322BF2D1654806F0ABFE07214F
:1004C000644806F097FE003818BF0120624B187090
:1004D00000287ED061496D4600233B7102237B7169
:1004E00088B06C4614F1100275D00E201AB10428A1
:1004F00001DD5B4B636100233B7002237B70002AAC
:1005000076D0082800DDA16104F11C0300216DE014
:10051000544806F07FFE06214E4806F06BFE003878
:1005200018BF0120504B1870E0B14C496D460023B4
:100530003B7102237B7188B06C4614F1100213D01A
:100540000E201AB1042801DD484B636100233B7083
:1005500002237B70AAB1082800DDA16104F11C030D
:1005600000210CE04249E1E76FF00040E9E701F1CA
:10057000080CBC441CF808CC03F801CB013101295C
:10058000F5D90D2822DD0E2342B103213971002156
:100590007971B9710121F9717868206100216FF3D7
:1005A00000016FF341016FF382016FF3C501032076
:1005B00060F38811C3F30A0363F353216FF31F51F0
:1005C00000232C4801F09AF9AD4668E76FF01B0351
:1005D000DAE727497FE76FF0004087E701F1080C71
:1005E000BC441CF808CC03F801CB01310129F5D932
:1005F0000D2822DD0E2342B10321397100217971CA
:10060000B9710121F9717868206100216FF300014F
:100610006FF341016FF382016FF3C501032060F3B3
:100620008811C3F30A0363F353216FF31F510023AF
:10063000104801F063F9AD4631E76FF01B03DAE7CC
:100640008368DC680A2302220B49A04727E700BF22
:1006500084AB000084A6000078140020C8AA000023
:10066000E0AA00008CAB000079140020D0AA0000A2
:10067000CCAA0000E4A90000280B002010B5164BFE
:10068000186809F0F2FBD8B1134B186883681B682F
:100690002BB100221149984710F0FF0F04D0104AE7
:1006A0000321104807F018FD0B4B18688368DC68BD
:1006B0000A2302220C49A04710F0FF0F06D110BDFB
:1006C0000A4A0321074807F007FDDDE7084A03212E
:1006D000044807F001FDF2E7400000208D0400000F
:1006E00004AB0000E4A90000280B0020F0AA0000E1
:1006F00030AB000010B584460A46094B1868836881
:100700005C684FF0FF336146A04710F0FF0F00D147
:1007100010BD044A0321044807F0DEFCF8E700BFDF
:100720004000002054AB0000E4A9000008B50D48CB
:1007300009F09BFB58B14FF4D0110B4806F09CFD1B
:100740004FF4D011094806F097FD012008BD054877
:1007500009F08BFB0028EED1054A0321054807F07C
:10076000BBFCE8E784A60000B8AB0000B0AB00001B
:1007700094AB0000D4A9000008B50122062102486C
:1007800006F095FD08BD00BF84A6000008B5002254
:100790000621024806F08BFD08BD00BF84A60000BC
:1007A00008B501220721024806F081FD08BD00BFFF
:1007B00084A6000008B500220721024806F077FD54
:1007C00008BD00BF84A600002DE9F04F91B005924E
:1007D0000293134602F004020092C3F3C20210F027
:1007E0000303019340F02B8280468A460132041DA8
:1007F00000284FD0B8F1000F05D0A4EB0803043354
:10080000534500F21F82029B5D1E019B04930693D9
:10081000039300264FF0FF3B0427B946B8F1000FC1
:1008200001D0029B2360531E0793002A40F35D8191
:10083000059B13F0020228D00120A4EB08018B08CD
:100840001AB1B1F5007F80F0038203990F2900F2FD
:100850000282B8F1000F00F06081DBB201F14002CA
:100860006A4402F8103C02F820BC002800F05181D4
:1008700063F07F0301F140026A4402F8103C049BDC
:1008800001330493039B0133039304340022CC46C9
:1008900040463DE001F0070A5444CAF1080AA9E7BE
:1008A000002634E0002632E0002630E00827BC466F
:1008B0002DE025292BD10BF1010B01260427BC4685
:1008C00025E04729EED82A2914D32A39C9B24FF096
:1008D000010E0EFA01F14FF6DA7E11EA0E0F16D173
:1008E00011F0625F40F0C08011F0010F40F08C8089
:1008F00000260CE0252903D10BF1FF3B002606E082
:1009000001D9002603E0202901D02329CCD11D469E
:100910006B1C6978002900F01981002EC9D07A2952
:10092000BED84C29CDD34C392E2961D80FF2040EF4
:100930005EF821F00F090000F1090000F109000044
:10094000F1090000F1090000F1090000F1090000BF
:10095000F1090000F1090000F1090000F1090000AF
:10096000F1090000010A0000F1090000F10900008E
:10097000F1090000F1090000F1090000F10900008F
:10098000F1090000F1090000690A0000F109000006
:10099000010A0000010A0000690A0000690A00005B
:1009A000690A00000F090000010A0000AD080000FC
:1009B000F10900000F090000F1090000C50A00005C
:1009C000010A0000C50A0000F1090000F109000059
:1009D000CD0A0000FB090000010A0000F109000037
:1009E000F1090000010A0000F1090000F50900000A
:1009F00000268CE70427BC4689E70427BC4686E727
:100A000029786C2924D000263C44013CB4FBF7F43F
:100A100007FB04F420B1211A6144514500F215810D
:100A2000002A58D1BCF1040F00F08880BCF1080FF7
:100A300040F014811A99073121F0070101F10805EE
:100A40001A95D1E9008908B1C4E9008908345EE744
:100A500013F8021C6C2903D000260427BC46D3E7F8
:100A600000260827BC46CFE729784C291AD01A99C6
:100A7000073121F0070101F108061A96D1E9006754
:100A8000073424F0070440B1211A0831514513D826
:100A900029784C2913D0C4E90067083400260827B8
:100AA000BC4634E71A99073121F0070101F1080625
:100AB0001A96D1E90067E3E76FF01B00BCE0C4E9D8
:100AC0000067EAE700260427BC469DE73246002679
:100AD0000427BC4698E7E14680461A9A111D1A91F0
:100AE00012680292079A1D4698E6624B029A9A4251
:100AF00004D3614B9A420AD3002300E00023002B69
:100B00007FF496AE059B03F00202002095E60123D8
:100B1000F5E7069B01330693B4E610B10AF1010A2A
:100B2000B0E6009B13B10AF1020AABE60298FFF7A8
:100B30002BFB0AEB000303F1020AA3E61A990D1D31
:100B40001A95096800B121600434E0E68046231A52
:100B5000B3F5806F80F0858090B1002202609B0821
:100B60000370009B83B1069BC370049B88F802301E
:100B70001BBB019DDDF80C90DDF810B0029F3DE03D
:100B80005344A3F1080057E0069B4370EDE701339F
:100B90009842EED903F140026A4412F8101C12F98F
:100BA000102C002AF3DA01F07F01A4EB08020132D5
:100BB000524559D804F8011BE9E7019B0398E7E780
:100BC000009B43B305F140036B4413F8203C04F849
:100BD000013B019EA4EB080333440133534546D83F
:100BE00005F140036B4413F8103C04F8013B324616
:100BF0003946204609F057FC34440135A94519D936
:100C0000BBF1000FDCD005F140036B4413F9103C3D
:100C1000002BD5DAF1E705F140036B4413F8103CE3
:100C200058F82370002248F823203846FFF7ACFA22
:100C3000461CCFE7A4EB080011B0BDE8F08F6FF0C1
:100C40000D00F9E76FF01B00F6E76FF01B00F3E70C
:100C50006FF01500F0E76FF01500EDE76FF015008D
:100C6000EAE76FF01500E7E76FF01B00E4E76FF0CD
:100C70001B00E1E70CA6000080B800002DE9F04F52
:100C800097B000AF8346BA613B61D7F88030C3F3B9
:100C9000C0033B62F96011B906F039FCF8609BF8BB
:100CA0000260B14636B1D7F8803013F0010F0DD194
:100CB000002300E000239BF803207A6242B1D7F8BA
:100CC000802012F0020F22D1002202E00123F2E77D
:100CD000002202B9EBB19BF80050AA00BA60DBF821
:100CE00004207A610BEB8505BA69F2B1002B40F064
:100CF0000481B9F1000F00F00F81D7F8803013F0B4
:100D0000040F40F00D810020F8610646F9E0012251
:100D1000DFE7BB691BB13A69F96858469847FC6838
:100D200020465C37BD46BDE8F08FFC68E3B94D4412
:100D300000233B6123E00444013501364E451AD2BD
:100D40002A7800235BF822201946B86906F0F4FBE4
:100D5000BAF1000FEFD0D7F888309845EBD22AF8D7
:100D6000180008F10108E6E70026C7F81C80B04625
:100D7000D7F884A0E2E7C7F81080D7F81C80D7F82E
:100D8000803003F00503FB604FF0000AA146C7F86E
:100D90001CB09CE000253B6A7BB9002D79D0D7F8C8
:100DA000803013F0010F79D1FB68002B6FD1022343
:100DB000A9EB030988E00125EDE75946786906F0BB
:100DC00001FC0028E9D06C46002387F82C30022370
:100DD00087F82D308AB0694611F1100237D01225FC
:100DE0001AB1042D01DDB34B4B61002387F8283085
:100DF000022387F829306ABB112D45DD122362B129
:100E0000042087F82C00002087F82D0087F82E009A
:100E1000012087F82F00F86A08616FF300086FF36C
:100E200041086FF382086FF3C508022161F3881847
:100E3000C3F30A0363F353286FF31F58002341469B
:100E40009D4800F05BFDA546A9F102093CE06FF06A
:100E50000045C5E72B46082D01DD786988610C2B1C
:100E600001DDC1F81CB001F12003002009E000F110
:100E7000300C07F1280EF4441CF830CC03F801CBF9
:100E800001300128F3D9B7E76FF01B03B7E701235F
:100E90008EE7D7F8803013F0020F15D000232246DA
:100EA0001946B86906F048FBD7F8843053B13B695E
:100EB000D7F88820934205D2D7F8842022F813006F
:100EC00001333B61013881440AF1010A35467B6AEE
:100ED0009A4510D22E4616F802BB6B78FA6952F882
:100EE0002340764B9C42FFF455AF754B9C42FFF478
:100EF00062AF00254FE74C4612E707F1440000239C
:100F0000FB6118B14A46294609F0CDFA4D444FF02D
:100F10000008C7F804901EE00020F8610646F0E7DC
:100F2000FE6107F134000026EBE700253B6A33BB86
:100F3000002D3BD0D7F8803013F0010F26D0731C62
:100F400006F1300207F12801561806F8149CDEB2AB
:100F500008F1010825467B6A98454AD22C4614F8C8
:100F600002AB95F801905BF82930544A9342DCD3E8
:100F7000534A934201D30025D8E70125D6E75146CD
:100F8000786906F01FFB0028D2D0E1E7D7F880305F
:100F900013F0040FDCD0FA69531C303207F128013A
:100FA0000A4402F8249CDBB2FB61D1E7D7F8803019
:100FB00013F0020F09D0731C06F1300207F128016B
:100FC000561806F8149CDEB2C2E7F869431C00F11B
:100FD000300107F128028A1802F824AC02460232D6
:100FE000D2B2FA6107F1580252FA83F303F8249C53
:100FF000AEE7D7F804909BF8003087F854309BF8A0
:101000000130334487F85530D7F8803013F0020FA1
:101010000ED1FB69C3F3470387F85730D7F8803008
:1010200013F0010F06D113F0040F3ED1002302E0AC
:101030000023F1E7002387F85630DBF8000038631F
:10104000786DCBF80000D7F810804246B968584652
:10105000D7F818A0D047041EFFF662AE386BCBF865
:101060000000C7F810804246F96907F13400D04704
:1010700000285EDB04EB0008B96849447B6A01EB99
:101080004301D7F810904A46FB68591A2846D047C2
:10109000041EFFF645AE08EB04054FF00008C7F844
:1010A00024B0B3465446CA4621E0FB69C3E74FF07B
:1010B000000909E0C0AB0000ECA900000CA600008C
:1010C00080B800004FF000095246012107F12C00C2
:1010D000A04700282FDB05444B46324651462046A8
:1010E00006F02AFA002828DB054408F10108D84553
:1010F00018D208F1300307F12802134413F8143C06
:1011000087F82C307A6A52F82360D7F88430002BA5
:10111000CDD0D7F888309845D4D2D7F8843033F87A
:101120001890D1E73A6900210846BB6998472C46D8
:10113000F6E50446F4E50446F2E50446F0E500BFB2
:10114000014B1860704700BF4400002080B5054681
:101150000E461746984605F095F8034609F04CFAF6
:101160000446DFF8189049F80030424639463046C8
:10117000A84754F8090001F09FFC00BF08000000D8
:101180002DE9F04383B0044608461546238B13F03F
:10119000080F05D103F0070600230093019354E0E4
:1011A000012909D043F02003238385F31188BFF37D
:1011B0006F8F03B0BDE8F08343F010032383F4E79F
:1011C000204606F062FD42E0D4F814904A46694693
:1011D000204606F073FD4FF00008238B03F007074D
:1011E000B74269D0A268002A66D0012243F0080302
:1011F000238385F31188BFF36F8F002A64D1009B8E
:101200002BB14B463A466946204606F0D0FDB8F170
:10121000000F02D034492046C047EFF31185202348
:1012200083F31288BFF36F8F238B23F0080323838C
:10123000238B13F0100F4DD023F0100323830120D4
:10124000268B06F007060028AFD00228B8D0002869
:10125000ABD0013804282BD801A353F820F000BFED
:10126000C9110000B11200007512000089120000BF
:101270009D1200002369D3F800800621204606F065
:10128000DAFC4FF00009A8E72369D3F804800421B1
:10129000204606F0D0FC4FF000099EE72369D3F802
:1012A00008800521204606F0C6FC4FF0000994E7AF
:1012B0004FF00008C14690E7009A0AB1002295E776
:1012C000B8F1000F92D1B3E74A463946204606F0FE
:1012D000BAFC94E713F0200F04D023F020032383FB
:1012E0000220ADE70020ABE7DD7D000038B5054604
:1012F0000B4C00E010340B4B9C420FD263685B79BF
:10130000002BF7D02946204606F033FE0028F1D006
:1013100023681B68294620469847EBE738BD00BF85
:1013200034AA000044AA000070B506460D46084CD9
:1013300004E02A463146204698471034054B9C422B
:1013400004D223689B69002BF3D1F6E770BD00BF80
:1013500034AA000044AA00002DE9F04107460546E2
:101360000AE007EA0807144B03EB06135B68042244
:101370001968204606F047FED5B195FAA5F6B6FAEB
:1013800086F60D4C04EB06140123B3406FEA030804
:1013900025EA0305237B002BEED03301064AD35800
:1013A0001B69002BDDD0204698470028E4D1D8E700
:1013B0003846BDE8F08100BF34AA00002DE9F041B5
:1013C00080460F461D4BD3E8EF5F6A1CC3E8E12F50
:1013D0000029F8D16DBB1A4C002607E0636804228F
:1013E0001968204606F00FFE01361034154B9C425A
:1013F00011D2237B002BF7D0204606F0AEFD2368E8
:101400001B69002BEAD0204698470028E6D001232C
:10141000B3401D43E8E7B8F1000F0BD055B12846A3
:10142000FFF79AFF0546002FF8D00A2006F0A7FD27
:10143000F4E700252846BDE8F08100BF400B0020FE
:1014400034AA000044AA000008B5064B186018B181
:10145000054B1B68092B00DC08BD044804F076FA34
:10146000FAE700BF340B00203C0B0020B401002041
:1014700008B5024804F06AFA08BD00BFB4010020B4
:1014800030B589B000220F490F4808F0EDFF0F4D2D
:1014900000220023CDE90623002404940E230393A5
:1014A0000294019400940A4B4FF440720949284673
:1014B00008F0FCFD0849284604F0C2FA204609B0AD
:1014C00030BD00BF71140000E00700202803002099
:1014D00025180000881C002078AC0000014B53F850
:1014E0002000704794AC000048B108B5054A106070
:1014F000054B1960084600F0F5FC002008BD6FF0B0
:101500001500704748000020300B002008B5054B3F
:101510001B781BB1034B01221A7008BD024804F06E
:1015200015FAF7E77A140020B401002008B50C4B37
:10153000D3E8EF1F0131C3E8E21F002AF8D130B928
:10154000084808F09DFF084804F000FA08BD074B62
:10155000D3E8EF1F0139C3E8E21F002AF0D0F7E714
:10156000380B0020E0070020B40100203C0B0020D5
:10157000044B00200146D3E8EF0FC3E8E21F002A26
:10158000F9D17047380B002038B5FFF7F1FF054659
:10159000094C00E01034094B9C420BD263685B7924
:1015A000002BF7D023685B68002BF3D02946204638
:1015B0009847EFE738BD00BF34AA000044AA0000F6
:1015C000034B18680028D4BF00200120704700BFDB
:1015D000380B002010B5044C0449204606F086F96B
:1015E000034B1C6010BD00BF2801002080AC000030
:1015F0002C0B002008B500230C4A13700C4A136012
:101600000C4A13604FF400410B48FFF76DFFFFF7E2
:10161000E1FF0A4A06E0094BD31A1B110133516856
:101620000B711032064B9A42F5D308BD7B14002093
:10163000380B00203C0B0020777F000034AA00000C
:1016400044AA000008B50146014806F0AEFC08BDFA
:101650002801002008B5024806F02BFA08BD00BF9B
:101660002801002008B50146024B186806F0A3FCCB
:1016700008BD00BF2C0B002008B5024806F09FFCF7
:1016800008BD00BF2801002010B582B00022002351
:10169000CDE90023264B187808B902B010BD684682
:1016A00006F0A5FC044660B1FFF720FE2046FFF7D8
:1016B000D9FF204BD3E8EF1F0139C3E8E21F002A0E
:1016C000F8D1FFF77DFF58B91B4A1368516813F52D
:1016D0007A7341F1000113605160FFF7CDFFDCE741
:1016E00008F0B3FE4A0142EAD06243011B1A62EBE2
:1016F0000102920042EA93729B001B1842EB010226
:10170000D20042EA5372C3F3103343EA4243D20B8E
:101710000948016840685B1A62EB000240F2E93157
:101720008B4272F10002CFD3FFF72EFFCCE700BF50
:101730007A1400203C0B0020D80700200F4B1B78A8
:1017400003B1704710B500210120FFF737FE0C4CA4
:1017500000E010340B4B9C4208D263685B79002B8D
:10176000F7D023689B6820469847F2E7FFF78CFF85
:101770000028FBD1014B01221A7010BD7B14002000
:1017800034AA000044AA000010B582B0184BD3E878
:10179000EF2F511CC3E8E01F0028F8D1154B1B7830
:1017A00063B9154B1B68B3B1BAB1092A13D11348F9
:1017B00008F066FE124804F0C9F80CE0EFF311845B
:1017C000202383F31288BFF36F8FFFF75DFF84F34D
:1017D0001188BFF36F8F02B010BD00220023CDE946
:1017E00000234FF400420023044805F093F8F2E789
:1017F0003C0B00207B140020340B0020E00700206D
:10180000B401002010B50446044B1B689847A06043
:101810002146034806F0EFFB10BD00BF4800002042
:10182000280100202DE9F04100210846FFF7C6FD00
:10183000804650B140F26766002708F0DDFE154B88
:101840001858FFF701FE002515E04FF0FF364FF066
:10185000FF37F2E74046FFF77FFD804670B94FF053
:10186000FF364FF0FF3709E02C4632463B460A4828
:1018700004F0B0F82546B8F1000FEBD1FFF704FFF4
:1018800004460028F6D1002DEED000210846FFF7CF
:101890004BFDEAE708000000B40100200248034BBA
:1018A000C01AC008704700BF34AA0000D4A90000C5
:1018B00010B50C46FFF7F2FFA04203D9024B53F8D4
:1018C000340010BD0020FCE7D4A9000000B589B0A9
:1018D000059206930023079362B1074A0C9B02937B
:1018E0000B9B01930A9B009305ABFFF7C7F909B067
:1018F0005DF804FB0022F1E71D8000002DE9F04FA8
:101900008BB004AF05461E468846C1F34A24002C1E
:1019100000F0898091460022FA603A617A610423DE
:101920000293FB1801930A23009307F10C0321464D
:101930004846FFF7A3F9B0F5006F58D3D9F8041063
:101940006D4600233B7302237B738AB004AC14F111
:10195000100217D012201AB1042801DD3B4B63613D
:1019600000233B7002237B70CAB10346082800DDC8
:10197000A1610C2B02DD40F2FF73E36104F120034F
:1019800000210AE06FF00040E5E701F118063E444F
:1019900016F8186C03F8016B01310129F5D91128EB
:1019A00022DD122342B10421397300217973B97306
:1019B0000121F973F868206100216FF300016FF3D2
:1019C00041016FF382016FF3C501022060F38811BA
:1019D000C3F30A0363F353210023C1F313011C482B
:1019E00006F08FFBAD462DE06FF01B03DAE760F3E6
:1019F0005328C0F30A0A0AEB1850173020F00700EA
:101A00008008FFF71FFE8346B0B104230293FB1842
:101A100001930A230093534600F1100221464846E1
:101A2000FFF754FF08E004EB1154173424F00704C7
:101A3000A008FFF707FE834633464246294658462C
:101A400006F002FB1C37BD46BDE8F08FB4AC0000C9
:101A5000FCA900002DE9F04F85B080460D461746E1
:101A60001E46DDF838B0DDF84090B9F1000F41D0E6
:101A7000119B039300934B460F9A10210020FEF711
:101A8000A3FEB0F5006F2DD282460BEB0003173397
:101A900023F0070300246FF300046FF341046FF396
:101AA000820468F3C50467F3881460F353246BF36E
:101AB0001F549808FFF7C6FD074650B11030B9F122
:101AC000000F06D0119B00934B460F9A5146FEF72C
:101AD0007BFE334622462946384606F0B5FA05B065
:101AE000BDE8F08F40F2FF73034A0221034806F07D
:101AF000FDFAF4E70020C7E7F4AC0000FCA9000001
:101B0000406820B1034BC01A40F3CF0070474FF03C
:101B1000FF307047D4A900000EB400B582B0014672
:101B200003AB53F8042B0193034801F0C3FA02B04E
:101B30005DF804EB03B070473981000010B584B044
:101B400011F0440F05D01A4B1B6833B9002004B0C4
:101B500010BD1849FFF7E0FFF9E717490968B2FB24
:101B6000F1F2B2FBF3FC03FB1C224FF47A7E0EFB76
:101B700002F2B2FBF3F403FB14210EFB01F1B1FB03
:101B8000F3F10E4AA2FB0C32D20A4FF4616303FB5D
:101B900012CC0B4BA3FB0CE35B0902910194C3EB4A
:101BA0000311ACEB810100910649FFF7B5FFCEE7C9
:101BB000480B00202CAD0000440B0020C5B3A291BF
:101BC0008988888838AD000061B108B52AB1064A15
:101BD00052F8232012B9054A00E0044A0449FFF7ED
:101BE0009BFF08BD704700BFD4AD000054AD00009E
:101BF000DCAA00002DE9F04105461746069EDDF8F7
:101C00001C8081B900242EB1324611492846FFF7C5
:101C100083FF0444B8F1000F14D06FB1099B042B6B
:101C200013D00C4909E00C4B099A53F822200B49B8
:101C3000FFF772FF0446E6E7064942462846FFF7EB
:101C40006BFF04442046BDE8F0810549F5E700BF7D
:101C500070AD000060AD0000E8AD000068AD0000B0
:101C60005CAD00002DE9F04F87B005460C460492AC
:101C700005939DF84C7001F0020B01F0010AC1F3CD
:101C8000C00801F4807906F0BCF918B30246164981
:101C90002846FFF741FF0646BBF1000F1CD13A462C
:101CA0005146284606F06FFAB9F1000F01D0002323
:101CB00011930397129B0293119B0193109B009326
:101CC0000023049A41462846FFF794FF304407B0AA
:101CD000BDE8F08F0026DFE7059A21462846FFF78A
:101CE0002DFF0644DBE700BF74AD000011F0100FBC
:101CF0000BD108B511F0200F03D00449FFF70CFFFA
:101D000008BD0349FFF708FFFAE77047B4AE0000CB
:101D10004CB700002DE9F04105460F46164698469F
:101D20000699FFF7E3FF0024444505DA24492846D5
:101D3000FFF7F2FE0134F7E7002409E020492846C6
:101D4000FFF7EAFE0BE01F492846FFF7E5FE0134E6
:101D50000F2C0CDC002C02DD14F0070FEED0B44287
:101D6000F1D23A5D18492846FFF7D6FEEFE717494A
:101D70002846FFF7D1FE002409E011492846FFF765
:101D8000CBFE0BE012492846FFF7C6FE01340F2CAC
:101D900013DC002C02DD14F0070FEED0B44207D2A2
:101DA0003A5D0C4B9B5C13F0970FEBD12E22E9E7C9
:101DB00003492846FFF7B0FEE8E7BDE8F08100BF21
:101DC0006CAD000080AD000078AD000084AD000077
:101DD00088AD000071B700002DE9F04184B00446E1
:101DE0009DF82C500C9F0E9E95B9012B1ED01948C2
:101DF0004FF0000827B13B462246174905F0B2FBD9
:101E0000C6B905BB204606F080F904B0BDE8F081F4
:101E100003950A980290019300920B4600220F99B5
:101E20002046FFF71FFF80460C48E3E70B484FF0C2
:101E30000008DFE70F9B0093434632460D9920468A
:101E400006F0B9F9DDE72A460F99204606F0A7F912
:101E5000D8E700BF69810000B5300000398100007B
:101E60002DE9F04383B00646056842F20F738B42BA
:101E700028BF0B46184A0521684604F01DFF04469A
:101E80007368D3F804900B27DFF8508005E04A46CA
:101E900039464046A8473F1A8044002FF7D173685F
:101EA000D3F804806F4605E0424621463846A847ED
:101EB000241A0744002CF7D173685F681B24084E6E
:101EC00005E03A4621463046A847241A0644002C2D
:101ED000F7D103B0BDE8F083ECAF0000A8AD00007F
:101EE0008CAD0000074B01221A6004E04008054A4F
:101EF00013685B001360044B9842F7D8034B1860DB
:101F0000704700BF440B002040420F00480B0020E8
:101F100070B506460D46002405E0315D044883682F
:101F2000DB6998470134AC42F7D3284670BD00BF47
:101F3000C4A60000014B03600020704750AE0000B3
:101F400008B5034805F06BFB024805F068FB08BDC7
:101F500050AE000088AE000008B5024804F06AFDEB
:101F600008BD00BFB8AE0000B0F5680F17D00CD8A0
:101F700040F6BA63984214D0B0F5683F13D03A28BF
:101F800001D00120704700207047094B98420CD0C7
:101F9000084B984201D00120704700207047002074
:101FA000704700207047002070470020704700BF36
:101FB0003A00003A2C5F5CA928B308B54368B3F532
:101FC000683F0AD0B3F5680F14D012498B421FD076
:101FD000006803F065FC002014E003680022D3E8E9
:101FE000EF1F012903D1C3E8E02F0028F7D10DD15D
:101FF000104607E003681B7803F580730020064A4B
:1020000042F8230008BD6FF4E04070470348F9E749
:102010000348F7E72C5F5CA900000350E98FFFFF3E
:10202000EA8FFFFF88B308B54368B3F5683F0FD068
:10203000B3F5680F19D016498B4224D000684FF0D1
:10204000FF324FF0FF3303F0ABFB68B111480BE0F8
:1020500003680122D3E8EF1F002903D1C3E8E02F72
:102060000028F7D10BD1002008BD03681B7803F5C9
:102070008073094A52F823301BB90020F4E7054861
:10208000F2E70448F0E70548EEE76FF4E0407047F8
:102090002C5F5CA9E98FFFFF00000350EA8FFFFF70
:1020A00010B50446A8B16368B3F5683F10D0B3F526
:1020B000680F0DD00D4A93420AD013F4686F0DD00B
:1020C00021680B4807F033FF00232360074B636050
:1020D00010BD084B5B6808489847E4E72368002276
:1020E0001A605A609A60DA601A61EFE72C5F5CA9A7
:1020F00074100020C0000020C0AE000010B50446DF
:1021000068B36068B0F5683F28D0B0F5680F25D097
:10211000174B984228D0FFF727FFC0B14FF0FF328E
:102120004FF0FF332146134803F008FB08B923683A
:102130001BB9114B5B6811489847236800221A604D
:102140005A609A60DA601A614FF4686363602068CD
:1021500007F06EFF636843F03A03636010BD064BFF
:102160005B6807489847CCE72368002BD3D1D5E7B5
:102170002C5F5CA974100020C0000020E8AE0000B5
:10218000C0AE000008B5402314220449044807F0FB
:10219000C0FE0449044804F0BFFC08BD740B0020D5
:1021A0007410002018AF00002CAF00002DE9F041A2
:1021B00082B000AF0446D0F800E0D0F804C08568D3
:1021C0006E468AB06B4613F1100200F0888014212D
:1021D0008AB10846042903DDDFF81C81C3F81480A6
:1021E000082801DDC3F818E00C2801DDC3F81CC085
:1021F000102800DD1D62132974DD14253AB1052174
:10220000397100217971B971F9717868186100210B
:102210006FF300016FF341016FF382016FF3C501AA
:10222000012363F38811C5F30A0565F353216FF3A6
:102230001F5100233148FFF761FBB546D4F80CC0AD
:1022400026696569E8468AB06B4613F110024CD0E6
:10225000142182B10846042903DDDFF8A4E0C3F8A5
:1022600014E0082801DDC3F818C00C2800DDDE6189
:10227000102800DD1D6213293ADD14253AB105212D
:10228000397100217971B971F9717868186100218B
:102290006FF300016FF341016FF382016FF3C5012A
:1022A000012666F38811C5F30A0565F353216FF320
:1022B0001F51124D00232846FFF720FBC546E36956
:1022C000104A3146284605F011FFA3690E4A3146EF
:1022D000284605F00BFF0837BD46BDE8F0816FF0DA
:1022E000004175E76FF01B0588E76FF00041B0E72C
:1022F0006FF01B05C2E700BF3CAF00001CAA000046
:102300006CAF00009CAF0000ACAF000038B50446D5
:102310000D4611B10846FFF749FF012C04D02946AC
:10232000204602F0ABFF38BDEFF30583103B034AB4
:102330000121034805F0DAFEF1E700BFDCAF000041
:102340001CAA000030BFFFF7FDBF00BF38B5044630
:10235000054D2A46054908F0A6F8054A00216019EE
:1023600008F0C8F838BD00BF0000000088AA0000CF
:102370000400000070B50646064D074B1D444C1B7B
:102380002046FFF7E3FF083CC6F8A44005F108002B
:1023900070BD00BF0000000004000000054B5A693A
:1023A0009B689A4204D0044A536843F080535360B8
:1023B000704700BF6C12002000ED00E081690D4BFA
:1023C0005A6942F480725A61BFF34F8FBFF36F8F27
:1023D00031F8021C5A6922F480725A61BFF34F8FA0
:1023E000BFF36F8F4DF60273994201D00020704702
:1023F0000120704700ED00E04FF0000C83F800C0B2
:1024000002F07F4CBCF17F4F14D102F00C0CBCF1F8
:10241000080F04D012F0080F09D00846704708B51D
:10242000054A0121054805F057FE002008BD01229C
:102430001A70704700207047F0AF00001CAA00001F
:1024400008B5314A0121314805F046FE304B9B6A00
:1024500013F0007F26D11D202D4B9B6A13F0807F47
:1024600027D12B4B9B6A13F4801F29D1284B9B6AE1
:1024700013F4002F2BD1264B9B6A13F4802F2DD100
:10248000234B9B6A13F4003F2FD1214B9B6A13F41B
:10249000803F31D11E4A936A6FEA03436FEA1343C8
:1024A000936208BD1B4A0121184805F015FE1E2045
:1024B000D2E7194A0121154805F00EFE1F20D0E78A
:1024C000164A0121114805F007FE0220CEE7144A02
:1024D00001210E4805F000FE2120CCE7114A012120
:1024E0000A4805F0F9FD2220CAE70F4A01210748F2
:1024F00005F0F2FD2320C8E70C4A0121034805F04E
:10250000EBFD2420C6E700BF1CB000001CAA0000A1
:1025100000ED00E034B0000048B0000064B00000FE
:1025200090B00000B0B00000D8B00000F4B00000DF
:1025300008B500230B70034A0121034805F0CCFDC8
:1025400008BD00BF20B100001CAA000090B583B0F8
:1025500000AF0F2923DC2F4C103900233B710223DD
:102560007B718AB0EC461CF110021AD0122022B105
:10257000042802DD284BCCF8143000233B700223E2
:102580007B70E2B10346082801DDCCF818400C2B23
:1025900001DDCCF81C100CF1200300210DE01F4CD4
:1025A000DAE76FF00040E2E701F1080404EB070E00
:1025B0001EF808EC03F801EB01310129F4D91128C8
:1025C00024DD12234AB10421397100217971B971D6
:1025D0000121F9717868CCF8100000216FF3000137
:1025E0006FF341016FF382016FF3C501012060F3C6
:1025F0008811C3F30A0363F353216FF31F510023C0
:102600000748FFF77BF90C37BD4690BD6FF01B0301
:10261000D8E700BF44B1000078B100005CB1000011
:102620001CAA0000F8B505460F461446394A012198
:10263000394805F051FD394B9B6A13F0100F31D129
:102640001026364B9B6A13F0080F32D1334B9B6A2E
:1026500013F0020F34D1314B9B6A13F0010F4BD1B1
:102660002E4B9B6A13F0200F4DD12C4B9B6A13F01D
:10267000100F01D1294B9B6A284B9B6A13F0200F46
:1026800004D0264A536A23F400535362234A936AC0
:1026900043F0FF0393620121284605F029FE2070D4
:1026A0003046F8BD1E4A01211B4805F015FD1126D4
:1026B000C7E71C4A0121184805F00EFD1226C5E7A0
:1026C000194A0121144805F007FD144A536B926A18
:1026D00012F0800F01D11326BDE7144A01210E48E4
:1026E00005F004FD37B10D4A936A23F0800393622D
:1026F0001326B0E71326AEE70D4A0121064805F080
:10270000EBFC1426ACE70B4A0121034805F0E4FC7E
:102710001526AAE78CB100001CAA000000ED00E01D
:10272000A4B10000D8B10000ECB1000004B2000078
:102730001CB200003CB20000F8B505460F46144636
:10274000374A0121374805F0C7FC374B9B6A13F421
:10275000805F25D11626344B9B6A13F4006F26D177
:10276000314B9B6A13F4007F28D12F4B9B6A13F4E3
:10277000806F3FD12C4B9B6A13F4807F41D12A4B51
:102780009B6A13F4005F43D1274A936A43F47F4363
:1027900093620121284605F0ABFD20703046F8BD5C
:1027A000224A01211F4805F097FC1726D3E7204A4B
:1027B00001211C4805F090FC1826D1E71D4A012193
:1027C000184805F089FC184A936B926A12F4004F7E
:1027D00001D11926C9E7184A0121124805F086FCE3
:1027E00037B1114A936A23F4004393621926BCE778
:1027F0001926BAE7114A01210A4805F06DFC1A268C
:10280000B8E70F4A0121074805F066FC1B26BBE725
:102810000C4A0121034805F05FFC1C26B4E700BF09
:102820006CB200001CAA000000ED00E084B20000C1
:10283000D8B1000098B20000B4B20000CCB20000E1
:10284000E8B200003CB2000070B506460D462B4AC7
:1028500001212B4805F040FC00232B70294BDC6A3A
:1028600014F002040AD1274BDB6A002B0DDB254B49
:10287000DC6A14F080440ED1204670BD224A01214A
:102880001F4805F029FC0024F6E7204A01211C48D6
:1028900005F022FCF0E71E4A0121194805F01CFC56
:1028A0003046FFF78BFD98B9164B9B6A13F0FF0F6C
:1028B00016D1144B9C6A14F47F4418D1114B9B6AB7
:1028C000B3F5803FD8D33046FFF7BAFD0446D3E7CF
:1028D0003368104A01210A4805F008FC3468CBE748
:1028E0002A4601213046FFF79DFE0446C4E72A46EA
:1028F00001213046FFF720FF0446BDE700B300008A
:102900001CAA000000ED00E018B300003CB300007A
:102910004CB300006CB3000030B58BB01F4B5D684A
:10292000C5F30805002383F31188BFF36F8F0DF102
:102930002603FFF761FD04460DF12702294605F045
:10294000D9FC9DF827300BB10BB030BD05460DF119
:10295000040C20686168A268E368ACE80F00206995
:102960006169A269E369ACE80F009DF826304BB1BC
:10297000089BC3F308025AB96FEA53236FEA432353
:10298000089305E0089B23F4FF7323F001030893E9
:1029900001A92846FFF7BAFCD6E700BF00ED00E02A
:1029A000064B5A6942F010025A615A6942F4806239
:1029B0005A615A6922F008025A61704700ED00E03E
:1029C000EFF30880EFF3098101B57246FFF7A4FF2A
:1029D00001BD00BF002080F31488BFF36F8F00207B
:1029E00080F30A8880F30B88104880F30888002061
:1029F0000F49087001F04CFE00200E490860BFF33B
:102A00004F8F00F02FF8202080F311880A484FF4F0
:102A10000061401880F30988EFF314800221084315
:102A200080F31488BFF36F8F00F0E4F8C82C002007
:102A30008214002094ED00E0881F0020084BD3F89A
:102A40009000C0F30720002306E0054AC2F8983042
:102A50000021C2F8A01001338342F6DB704700BFAB
:102A600000ED00E010B572B6002484F31388FFF780
:102A7000E5FF234608E003F120010E4A4FF0FF3046
:102A800042F821000133DBB20F2BF4D9002308E018
:102A900003F16001074A4FF0FF3042F82100013393
:102AA000DBB20F2BF4D962B6BFF34F8FBFF36F8F3A
:102AB00010BD00BF00E100E008B50A4B9B688342EF
:102AC00002D003F0E5FB08BDEFF30583002BF8D03F
:102AD000054B5A6842F080525A605A6A22F400420A
:102AE0005A62EEE76C12002000ED00E016498A6899
:102AF0004FF030001044EFF3098C80E8F01F2020E5
:102B000080F31288BFF36F8F104F4FF000664A6951
:102B10008A603E60D2F8A4000D4C2060D2F8A80074
:102B20000023C2F8A83080F3118802F1300090E849
:102B3000F01F8CF3098802F1000004B505F010FCC9
:102B4000BDE80440704700006C12002004ED00E076
:102B5000901000201EF0040F0CBFEFF30880EFF37D
:102B60000980816911F8021C0229FFD001B5724663
:102B700005F0B2FB01BD00BF002807DB00F01F021B
:102B8000400901239340024A42F82030704700BFB9
:102B900000E100E0002808DB4901C9B200F1604013
:102BA00000F5614080F80013704700F00F00490104
:102BB000C9B2014B1954704714ED00E04209054BAE
:102BC00053F8222000F01F00012303FA00F0104008
:102BD000704700BF00E100E0044B23F07F03044A8C
:102BE0009360BFF34F8FBFF36F8F704700000000FB
:102BF00000ED00E008B5FFF7EFFF074AD2F8883094
:102C000023F47003C2F8883002F0E8FC03F0A6FC5D
:102C100000F04EF802F03EFD00ED00E010B4A2F12D
:102C200020040E4942F8081C21F0010142F8081C5A
:102C300042F8203C019B42F81C3C029B42F8183CA5
:102C4000039B42F8143C4FF0807342F8043C046547
:102C50000023C0F8A83010BC704700BF4D11000021
:102C600000B50E4615460B4B9860D0F8A4200A4BD1
:102C70001A60D0F8943083F30B882C4686F30988C9
:102C80000020064B98472046002100220023044CD8
:102C9000204700BF6C120020901000206B830000C2
:102CA0004D110000014B10221A61704700ED00E049
:102CB000002207E003F1604303F56143202183F81C
:102CC00000130132442A09DC53B2002BF2DA03F07C
:102CD0000F030349194420230B76F2E7704700BF26
:102CE000FCEC00E008B5EFF30583103B044A02EB6F
:102CF000C301496852F833008847FFF74FFB08BD0E
:102D0000E4A6000010B584B00A4C23460A4A01210B
:102D10000A4805F03CFC0023019302930393084BFF
:102D20000193E41A0294012101A805F034FC04B0D7
:102D300010BD00BF000007200000002088B3000085
:102D4000C8010020024B034AC3F8C020704700BFEF
:102D500000ED00E0AAFF4400034BC3F89800C3F85D
:102D60009C10C3F8A020704700ED00E00E4BC3F8A4
:102D70009800C3F89800D3F89C000A7A60F3040224
:102D80000A72D3F8A020C2F34202087A62F3471015
:102D90000872D3F89C2022F01F020A60D3F8A030FA
:102DA00023F01F03CB60704700ED00E070B50546CF
:102DB0000E46002400E00134A6421EDD04EB44036D
:102DC0009A0005EB830359680029F4D0A85805F050
:102DD00038FB04EB84030B4A42F8230010F1160F72
:102DE0000CD0094B1B78984209DA04EB840302EB00
:102DF00083010431FFF7BAFFDDE7002070BD6FF0FB
:102E00001500FBE7941000207C14002010B5044648
:102E10000A4BD3F89030C3F30723013B984203D801
:102E200005F0E9FA204610BD0346054A0121054890
:102E300005F05CF96FF01500F5E700BF00ED00E06C
:102E400098B3000014AA00002DE9F04F87B0814626
:102E5000009101931446002648E03346614A01215F
:102E6000614805F043F96FF0150407E03B465F4AFF
:102E700001215D4805F03AF96FF01504204607B0CE
:102E8000BDE8F08FD84564D12946C0B205F0EAFA12
:102E90002BE0574AC2F89870D2F89C3003F01F0319
:102EA00021F01F010B43C2F89C302946E0B205F027
:102EB000D9FA044610F1160FE0D0013415E0013BB9
:102EC0004B49C1F89870D1F8A02002F01F0223F0FE
:102ED0001F031343C1F8A0302946E0B205F0C2FA3F
:102EE000044610F1160FC9D001340136009B9E42F2
:102EF000C4DA06EB46054FEA850A09EB85056F68DB
:102F0000002FF2D0019B23B1284605F088FA002853
:102F1000A3D0394659F80A0005F093FA074610F194
:102F2000160FA3D08442A1DD314BC3F89800D3F82B
:102F30009C2022F01F02C3F89800D3F8A03043F081
:102F40001F0859F80A306968194401F1FF3B9342A0
:102F500098D093429DD0D845B1D0013B2449C1F8C7
:102F60009870D1F8A02002F01F0223F01F03134332
:102F7000C1F8A0302946E0B205F074FA044610F119
:102F8000160F3FF47BAF0130194BC3F89870D3F89C
:102F90009C109DF8102061F304028DF81020D3F8E6
:102FA000A030C3F34203D2B263F347128DF810206E
:102FB00059F80A306A681344029323F01F03A8EB00
:102FC0000B084344013B23F01F03059302A9C0B241
:102FD000FFF71CFF044610F1160F3FF44FAF01340A
:102FE00083E700BFC0B3000014AA0000E4B30000F0
:102FF00000ED00E010B5034C01232278FFF724FF19
:10300000207010BD7C140020044B0522C3F89420CE
:10301000BFF34F8FBFF36F8F704700BF00ED00E02D
:10302000BFF35F8F024B0022C3F89420704700BFAC
:1030300000ED00E038B51C4B1D681C4BD3F89030F8
:10304000C3F307239D422BD8FFF7EAFFFFF77AFE71
:10305000002407E0144B596801EB0411204605F0E9
:10306000CAF90134A542F5D81148057005F019FADE
:1030700010F1160F13D00E4B1A780C4BD3F890307A
:10308000C3F307239A4207DA084BC3F898200021BC
:10309000C3F8A0100132F0E7FFF7B6FF002038BDFB
:1030A0004FF0FF30FBE700BF08B4000000ED00E088
:1030B0007C14002030B587B00D46114600240094E2
:1030C0000194029403940494059402228DF8022042
:1030D000044A0192049005951A46684603F018FECA
:1030E00007B030BD9F85000008B5024B1B689847AC
:1030F000002008BDA8100020034B1860034A9378F5
:1031000043F0020393707047A81000207400002061
:1031100008B5064921F00701C1F1005202F5E0228D
:10312000034804F068F9002008BD00BFCF2C002040
:10313000AC10002068B108B5064A074B1B68074968
:10314000A1FB03139B0C00FB03F042F00103984723
:1031500008BD7047A0AA00009400002083DE1B4336
:1031600038B51A4B1B780133194AA2FB031202F43B
:10317000FE7101EB92029C1AE5B206F017FA154BAC
:103180001B782BB1144A52F82530C01A07281AD9D7
:103190004FF05023D3F8143163B14FF05023002285
:1031A000C3F81421D3F81431084B1D7015B9094B1D
:1031B00001221A70054B1C7806F0F8F9064B43F80B
:1031C0002400012038BD0020FCE700BF7E14002051
:1031D000CDCCCCCC7D140020B810002000B583B03D
:1031E0000DF1070001F068FB114B98421CD1114B07
:1031F0004FF48062C3F8B8254FF40062C3F83C2551
:103200000D499DF8070006F095FA0C499DF8070056
:1032100006F08BFA9DF807300120984001F046FB3C
:10322000002003B05DF804FB6FF00B00F9E700BF6E
:103230000000AD0B00A002502CA0025028A10250AB
:1032400008B50121104BC3F80015104A0223C2F83B
:10325000D0360F48D0F8003223F0E04343F040531B
:10326000C0F80032D0F8043223F0E04343F040537A
:10327000C0F80432C2F80417C2F80419C2F8001BDF
:1032800000F032F808BD00BF0010005000400050B0
:103290000025845000F01F0240090CD001280CD1F9
:1032A0000748803250F8223023F0E04343EA0171AE
:1032B00040F8221070470348F3E70020F1E700BF11
:1032C000002884500025845038B50546002405E0C8
:1032D0002946044B185DFFF7DDFF0134032CF7D9B5
:1032E00038BD00BF44B4000008B50249024804F0EC
:1032F00083FD08BD48B40000CC1000200048704792
:1033000074110020034BC01A8010034B03FB00F024
:10331000704700BFFC100020B76DDBB638B505461E
:103320000C46FFF7EFFF01464022034805F048FA3C
:1033300001462846A04738BD64A6000030B583B0DA
:1033400005460C46FFF7DEFF014640230093234667
:10335000054A064805F04EFA011E01DB03B030BDF8
:103360002846A047FAE700BF3D88000064A6000099
:1033700008B5092817D8DFE800F0051C1616161640
:103380001616171200210D4805F0A6F9836813F0F0
:10339000070F08D10021094805F000FA03E00221D7
:1033A000064805F0FBF908BD0321044805F0F6F9CD
:1033B000F9E70121014805F0F1F9F4E764A60000FE
:1033C00010B582B0EFF31184202383F31288BFF38A
:1033D0006F8F154A136843F00201116013F0010F5B
:1033E00009D1002384F31188BFF36F8FB3B905F0BF
:1033F0002DFA02B010BD0DF1070201214FF050204F
:1034000005F03BF99DF80730012B01D00023E9E7D7
:10341000FFF774FF05F0B0F90123E3E7002103484B
:1034200005F0BCF9E5E700BF9C11002064A6000090
:1034300010B5EFF31184202383F31288BFF36F8F4D
:10344000074A136823F00201116013F0010F04D042
:1034500084F31188BFF36F8F10BD05F00BFAF7E707
:103460009C11002070B582B00546012807D14FF0AD
:103470005023D3F81C3403F00303022B36D006F09C
:1034800002FE044610B92B4B1B7873B9EFF311867B
:10349000202383F31288BFF36F8F012494B94FF078
:1034A00050230222C3F808230CE00026F6E7FCB103
:1034B000304604F07AFF4FF05023D3F81835DBB2D2
:1034C000012B19D00DF1070200214FF0502005F01B
:1034D000D4F80028EBD09DF80730022B01D0012D45
:1034E000E5D104B386F31188BFF36F8F02B070BDCE
:1034F000012005F0D3F9DEE74FF05023D3F8043173
:10350000002BDFD04FF050230022C3F80421D3F862
:1035100004210222C3F81825074A2021C2F880118D
:1035200001229A60CEE74FF050230222C3F8042311
:10353000DCE700BF8214002000E100E000B585B0A8
:10354000CDF800D0CDF804D00023029301230393DB
:103550006B46074A05F06AF9002805DB4FF4804204
:103560000023684602F036FA05B05DF804FB00BFA0
:10357000C988000070B5064600220121052004F02C
:10358000E3FE114801F0A0F9104B984219D101F067
:10359000ADF90024032C12D82146304605F09CF8E2
:1035A00005462146304605F0A4F8094904F024FCFC
:1035B000002805DB0123AB601C44E4B2EAE70020ED
:1035C00070BD6FF00400FBE7713300000000AD0B2D
:1035D00054B4000010B504460E4B0121D3E8EF2F80
:1035E000C3E8E01F0028F9D11AB1631E012B0DD9E1
:1035F00010BD094805F07DF8084900234B608B6039
:10360000CB6001238B6004F014FCEEE72046FFF74B
:1036100029FFEDE7F810002064A60000E810002064
:1036200010B504460A2806D0E1B206488368DB6973
:103630009847204610BD03488368DB690D219847F1
:10364000F2E700BFC4A6000010B5044C2046FFF707
:1036500053FD2046FDF774FD10BD00BF213600006C
:1036600008B5054806F001FC18B1FFF7EDFF002092
:1036700008BD6FF01200FBE7C4A60000F0B51C46C1
:10368000059F069E00F01F0C400936D0012836D158
:10369000284D0CF1800355F8233091B3012092B3EB
:1036A0004FF0020E40EA0E0084B34FF00C0E40EAD9
:1036B0000E0077B34FF4706E40EA0E0066B34FF41D
:1036C000403E40EA0E0023EA000041B30B7842B3CB
:1036D00012785200134334B322789200134327B375
:1036E0003A781202134316B3327812041343034399
:1036F0000CF1800C45F82C30F0BD0F4DC9E70025CA
:10370000C7E70020CBE74FF0000ECBE74FF0000EED
:10371000CDE74FF0000ECFE74FF0000ED1E70023CA
:10372000D5E70022D6E70022D8E70022DAE7002218
:10373000DCE700BF002884500025845000F01F0300
:10374000400908D0012808D1054A803352F82300E7
:1037500000F001007047034AF7E70022F5E700BFD9
:10376000002884500025845028B1012801D1034845
:103770007047002070470248704700BF84A60000D1
:10378000A4A600002DE9F04786B088461646994663
:10379000446801F01F05237B45EA4315204605F0E8
:1037A0000CF9002864D0B6F5001F35D00DF10C0AD5
:1037B0000027039704974946304605F033F98DF802
:1037C0000C00009701970297CDF804A0A36823FA94
:1037D00008F313F0010F02D1B6F1A07F23D004F15A
:1037E00010060DF117022946304606F018FB234B50
:1037F000984237D010346A462946204606F003FB2B
:103800001E4B984237D101222946204606F01FFB65
:10381000002006B0BDE8F087294604F1100006F04C
:103820001AFB0020F5E72846FFF788FF0028D6D1CD
:103830000DF11702294604F1100006F0F0FA104BC2
:10384000984203D00DF117030493D3E70DF117024B
:103850004146204605F022F9084B9842F2D06FF01D
:103860000B00D6E79DF81710304606F0E8FAC1E7DE
:103870006FF08500CDE76FF01500CAE70000AD0BD3
:103880000400AD0BF0B589B00F461446456801F051
:103890001F062B7B46EA4316104605F093F88DF879
:1038A0001E0040F206332340B3F5837F53D016D871
:1038B000062B4CD006D9B3F5807F0DD101238DF8AE
:1038C0001D3024E003B3022B03D104238DF81D30F7
:1038D0001DE06FF0150038E06FF0150035E040F2A4
:1038E000022293423BD0B3F5407F03D103238DF8EE
:1038F0001D300CE0B3F5007F03D102238DF81D309D
:1039000005E06FF0150020E000238DF81D3014F461
:10391000002F28D06A680123BB409360284605F039
:103920004CF840B310350DF11F023146284606F021
:1039300076FA074614F4403F36D13146284606F061
:103940007AFA3C4B9F426DD0002009B0F0BD0623AF
:103950008DF81D30DBE707238DF81D30D7E70523F1
:103960008DF81D30D3E714F4802FD7D06A68012377
:10397000BB40D360D2E7C4F340438DF8083014F461
:10398000803F0CBF012300238DF8103000240194E8
:103990000DF11D0300930DF11E0304AA02A9304688
:1039A000FFF76CFE2046D0E702AA002302930393A0
:1039B000049305930693059204AA3146284606F01F
:1039C00022FA1C4B98421DD114F4003F1DD09DF8E3
:1039D0001D308DF8103014F4803F0CBF01230023FC
:1039E0008DF811309DF81E308DF81230002304AA96
:1039F0003146284606F00BFA0E4B9842A1D06FF0E4
:103A00001500A2E76FF015009FE7002304930593CC
:103A100006930DF11E03049304AA3146284606F0CE
:103A2000F2F9E9E79DF81F10284606F008FA002091
:103A30008BE700BF0000AD0B38B50446456828464B
:103A400004F0BBFF20B91049204604F065FF38BDE3
:103A50001035284606F0EBF90028F4D1002128465D
:103A600006F0E1F9094B98420AD10022084928469C
:103A700006F0D1F9002205210D2004F065FCE2E7F3
:103A80006FF00400E3E700BF838A00000000AD0B85
:103A90005D8A000070B400F01F0C400919D00128A5
:103AA00019D10E4D0CF1800055F820600C4C3440BB
:103AB00041EA420141EA83039DF80C2043EA0223D4
:103AC0009DF8102043EA0243234345F8203070BCA0
:103AD0007047044DE6E70025E4E700BF0028845066
:103AE000F0F0FCFF0025845000F01F01400906D0D3
:103AF000012806D1044A01238B4093607047034A92
:103B0000F9E70022F7E700BF002884500025845021
:103B100000F01F01400906D0012806D1044A012304
:103B20008B40D3607047034AF9E70022F7E700BFF4
:103B300000288450002584502DE9F04F85B00746B9
:103B40008B469046002423E04FF0FF3535E0C8F85F
:103B50000C55012603963146B5F1FF3F16D0B1F161
:103B6000FF3F40F0138157F80A3013F4004F02D0A2
:103B700001260022039200220192CDF80090C3F3A7
:103B80004123324603992846FFF784FF0134E4B20B
:103B90005C4580F0FF804FEA840A57F82430C3F375
:103BA000C322C3F30805082A00F2F6807E4911F803
:103BB000029040F2FF129542C6D01B0E222B00F25B
:103BC000EE8001A252F823F04F3B0000553C00006C
:103BD000633C00006F3C00007D3C00008B3C00001B
:103BE000973C00009F3D00009F3D00009F3D00006E
:103BF0009F3D0000A53C0000B93C00009F3D000037
:103C00009F3D00009F3D00009F3D00009F3D000044
:103C10009F3D00009F3D00009F3D00009F3D000034
:103C2000CD3C0000DF3C0000F13C0000033D000003
:103C30009F3D00009F3D00009F3D0000153D00009E
:103C4000253D0000313D0000413D0000513D000098
:103C5000613D0000C8F81455002603964FF0FF316F
:103C60007AE7C8F8085501260396314674E7C8F884
:103C70001055002603964FF0FF316DE7C8F8085540
:103C8000002601230393314666E7C8F80C55012648
:103C90000396002160E7C8F81055002603964FF000
:103CA000FF3159E7C8F80855B9F1000F5ED000267A
:103CB00003964FF0FF314FE7C8F80C55B9F1000FEC
:103CC0005CD0002603964FF0FF3145E7C8F86055F9
:103CD00057F80A10C1F30041012603963CE7C8F8E3
:103CE000645557F80A10C1F300410126039633E7E3
:103CF000C8F8685557F80A10C1F300410126039629
:103D00002AE7C8F86C5557F80A10C1F3004101269C
:103D1000039621E7C8F824550126002303934FF0AA
:103D2000FF3119E7C8F8285501260396314613E7F5
:103D3000C8F830550126002303934FF0FF310BE7FD
:103D4000C8F834550126002303934FF0FF3103E7F1
:103D5000C8F838550126002303934FF0FF31FBE6E6
:103D6000C8F83C55012603963146F5E64E46CDF897
:103D70000C904FF0FF314FF00609EDE64E46CDF8BE
:103D80000C904FF0FF314FF00609E5E6284604F0AD
:103D9000A4FEE8E6002004E06FF0150001E06FF0FB
:103DA000850005B0BDE8F08F1CB500002DE9F84393
:103DB00005460F46466806F066F920B9234B1B7886
:103DC0000BB3002300E00123D5F810906A68D2F805
:103DD0000080F3B9284604F0B9FF0446736813F075
:103DE000040F03D04FF48003C8F80433F36A1F7044
:103DF0000122F16A284604F0F5FF84F31188BFF32D
:103E00006F8FBDE8F8830123DEE784F31188BFF3E9
:103E10006F8FEFF31184202383F31288BFF36F8F2A
:103E2000284604F093FE0028EFD0D9F80030002B8C
:103E3000D4D0D3F8A420002AD0D0D3F8B420002ABC
:103E4000CCDAD8F84C25C3F8B420C7E78214002098
:103E50002DE9F04F85B09846D0F810B0DBF800405F
:103E6000D0F804A0DAF800509AF80830002B40F09F
:103E7000B58081460F46164694F86130002B40F01D
:103E8000B08094F86230002B40F0AE806365B8F1EA
:103E9000FF3F44D0B8F1040F16DDA3F1993383FB43
:103EA00008234FEAE870C0EB6300C117C90341EA79
:103EB0005041C0034E4BC0184E4A4FF0000341F131
:103EC0000001FCF747F901E000200146A065E1652B
:103ED000276466640023A364E3642365DAF804308E
:103EE00013F0040F20D1DAF8043013F0040F02D0DD
:103EF00094F8602052BBC5F83475C5F838650020C9
:103F0000C5F81001D5F81031C5F84C01D5F84C3181
:103F1000012384F861302B6005B0BDE8F08F0022EA
:103F20000023C4E91623D3E7EFF31183039320237F
:103F300083F31288BFF36F8F0221484604F046FFD7
:103F4000039B83F31188BFF36F8FCCE7B24228BF86
:103F500032469146DAF82810384606F0A4FA4F4463
:103F6000B6EB090614D0B8F1FF3FC4D00023C5F862
:103F70000831D5F8083104F10800D4E916234FF0D0
:103F800000084FF00009CDE9008902F0C3FCB2E758
:103F900094F86020A2EB0902D2B284F86020DAF82B
:103FA000280000EB090106F08BFA0BF10803D3E8B7
:103FB000EF1F41F00401C3E8E21F002AF7D145F3E7
:103FC0000735002D08DB05F01F026D090123934022
:103FD0004035094A42F8253000209DE76FF0850002
:103FE0009AE76FF00F0097E76FF00F0094E700BFBC
:103FF0003F420F0040420F0000E100E0F0B583B007
:1040000004461D460669EFF31187202383F31288C7
:10401000BFF36F8F3368D3F8A40000BBC3F8A420AC
:104020003368C3F8A01001F06043B3F1005F1DD105
:104030003368C3F8A8103368C3F8AC203146204673
:1040400004F0EBFE87F31188BFF36F8F204604F076
:10405000ACFD80B3B5F1FF3F10D100202CE087F319
:104060001188BFF36F8F6FF00F0025E033680022D7
:10407000C3F8B020204605F041F8DFE73468683423
:1040800025EAE575E917C90341EA5541ED030B48F7
:1040900028180B4A4FF0000341F10001FCF75AF8D1
:1040A00002460B4600200021CDE90001204602F027
:1040B00031FC002000E0002003B0F0BD3F420F00C3
:1040C00040420F0070B50446056943681E682868C1
:1040D00000220A49083006F0C7F92B68DC6328681B
:1040E00000220749683006F0BFF92B68C3F89C40EE
:1040F000044BC6F80433002070BD00BF619200007D
:104100005D90000014020A0038B505460C4601F126
:104110000C0000F0D1FB0C4B98420DD105F10C02C4
:1041200005F59071207B05F00AFB237B0120984068
:1041300000F0BCFB002038BD044A0121044803F014
:10414000CBFF6FF00400F6E70000AD0B28B50000D0
:104150002CAA000038B5044645680121E86804F03F
:104160001AFE63681A682B69C2F824356B7DA97D35
:104170000B43298B0B43297D0B43C2F86C35236914
:104180001B6823B12046FFF79DFF002803DB204674
:1041900005F0A2F800B138BD0249204604F0A5FCA4
:1041A000F9E700BF818E000021F07F4100F5A87083
:1041B000014B43F820107047005001504FF48033FA
:1041C0008340024AC2F84433704700BF0050015098
:1041D0004FF480338340024AC2F84833704700BF2F
:1041E00000500150014BD3F80405704700500150B6
:1041F0002DE9F843054689469046FFF7E9FF284632
:1042000005F09CF94E46032710E0FFF7EBFF04464C
:10421000494605F082F9B0F5000F26D9284605F089
:104220008DF9B8F1000F22D13E19013731462846E9
:10423000FFF7BAFF2846FFF7C1FFFFF7D3FF044699
:10424000C11C304605F069F90A4B98420AD9284644
:1042500005F067F90028D8D1B8F1000FE4D06FF06D
:10426000150000E00020BDE8F8830020FBE76FF0B8
:104270001500F8E7FDFF7F00034B044AC3F808234D
:10428000C3F84823704700BF0050015003000F00DF
:1042900010B5012383406FEA030C0C4AD2E8EF1FEC
:1042A00001EA0C0EC2E8E4EF002CF7D14FF48032A3
:1042B00082400748C0F80823BFF35F8FBFF36F8FBA
:1042C0000B4214BF0120002010BD00BFCC11002004
:1042D000005001504FF480338340124AD2F8042337
:1042E000134201D10020704710B5044601238340DA
:1042F000DB430D49D1E8EF2F02EA0300C1E8EC0FE0
:10430000BCF1000FF6D122FA04F313F0010F03D130
:10431000204605F006F918B1204605F00FF90120F6
:1043200010BD00BF00500150C811002001B97047F6
:10433000012383400D4AD2E8EFCF4CEA030CC2E8D8
:10434000E1CF0029F7D14FF480338340084AC2F807
:104350000433084BD3E8AF3FC34013F0010FE6D05E
:10436000054B4FF40012C3F80021E0E7CC11002008
:1043700000500150C811002000E100E038B514469B
:104380001046194605F0E6F802460D490B68E01A9A
:104390001B184C6844F100040B604C60A2F500133C
:1043A000B3F5400F09D2074B1B68190A1B06D41836
:1043B00041F10005044BC3E9004502F0ADF938BDF9
:1043C000E8080020D0110020F008002038B50D4B7F
:1043D0001C68250A2406BFF35F8FFFF703FF03461F
:1043E000001945F10001B3F5801F0AD2064BD3E94D
:1043F0000023904271EB030303D210F1807041F16E
:10440000000138BDD0110020F00800202DE9F04156
:10441000064614461D469DF820801046194605F0B4
:1044200099F80746FFF7D2FFA04271EB050319D2B6
:10443000201A65EB01011B4B984271F100012BD250
:10444000194B03EB0613D3E90223AB4208BFA24288
:1044500001D1002014E0424639463046FFF7C8FE3D
:1044600070B117E0B8F1000F19D10123B3400F4A22
:10447000D2E8EF0F1843C2E8E10F0029F8D100207D
:10448000094B320103EB0616C6E90245069999501D
:10449000079B7360BDE8F0816FF01500FAE76FF0DD
:1044A0001500F7E701008000D8080020C81100209F
:1044B00030B585B0FFF7E0FE00231E4AC2F808358C
:1044C000002B25DD1B4C0225C4F804531A4B4FF476
:1044D0000012C3F8802100220121152003F034FFCF
:1044E000152003F02CFF0123A3602360134A1360FF
:1044F000002402940194124B0093124A0023204698
:1045000005F038F82846FFF765F8204605B030BDBD
:104510000D4A02EB03124FF0FF304FF0FF31C2E9BA
:1045200002014FF480329A400249C1F8042301335A
:10453000C6E700BF0050015000E100E0CC110020B0
:104540007D430000FFFF7F00D80800202DE9F047E1
:1045500082B00446FFF7BEFE10B902B0BDE8F08796
:10456000FFF734FF82460D4604F0F7FF0646154B71
:1045700003EB0413D3E90289C24575EB09050BD29D
:104580000025304604F0F1FF002DE6D000974246AA
:104590004B462046A847E0E70A4A230102EB0411F4
:1045A000D5584F680020D0504FF0FF324FF0FF3306
:1045B000C1E902232046FFF70BFE204604F0BEFFB0
:1045C000DFE700BFD808002010B50D4BD3F8043347
:1045D00013F0020F03D10024002C0BDD10BD0221CB
:1045E000074804F064FF0028F5D0064A1368013339
:1045F0001360F0E72046FFF7A9FF0134ECE700BFA6
:1046000000500150D011002010B584B0B0F1FF3F30
:1046100018D001281BDD154B9842A8BF1846044648
:10462000134B01221A70FFF7D1FE124B1A685B6818
:10463000801AB0F5000F0CD20444B4F5000F09D372
:104640000A4C07E00A4B00221A70084CEBE70124E1
:10465000E6E7064C002012190290019006490091ED
:1046600043F1000304F086FF04B010BDFFFF7F009C
:1046700081140020E80800207D43000008B5FFF702
:10468000A5FE024B1B68C01A08BD00BFE808002049
:1046900008B505F00FF868B15D4BD3F8203A4BB977
:1046A0005B4B0D22C3F8202A0122C3F81C290022EB
:1046B000C3F81C2900220BE002F160034FF47F01D4
:1046C00051F83310DB0003F57F035B680B600132A8
:1046D0001F2A08D802F160034FF47F0151F83330EC
:1046E000B3F1FF3FE8D104F0BDFF30B1484B2922C0
:1046F000C3F80C270322C3F83C2704F067FF40B13E
:10470000444B454AC3F830254FF050230122C3F8EB
:10471000582504F06FFF18B1404B0022C3F84C2518
:1047200004F080FF68B14FF05023D3F8003413F049
:10473000010F06D04FF050230022C3F81421C3F814
:10474000182104F083FF60B14FF05023D3F80034F8
:1047500013F0010F05D04FF050236FF00102C3F8A2
:10476000002404F093FF18B1294B6522C3F80C27ED
:1047700004F0B4FF20B1294BD3F82034002B30DBF8
:1047800004F0B8FFE8B1224B7E22C3F80C27C3F82F
:104790003C29234A7F23C2F818311E490023C1F85F
:1047A000043EC1F8083E01F54821C1F81031C2F8B5
:1047B0002431C2F82C3102F5FF1202F58052C2F802
:1047C000A032184AD2F88C3043F44063C2F88C30DF
:1047D000154A1168154BC3F84415D269C3F84C2526
:1047E00008BD4FF050230322C3F8182501229A6018
:1047F0004FF05023D3F80431002BF9D04FF0502361
:104800000022C3F804210122DA60C3F81825B7E7B3
:1048100000400050009003504400EFBE00200350C1
:104820000020005000ED00E00080FF00006000501C
:1048300010B50468ACB1B4FA84F3C3F11F03DBB262
:1048400001229A4024EA0202D0E8EFCFA44504D125
:10485000C0E8EE2FBEF1000FF6D1EAD10B7002488E
:1048600010BD0248FCE700BF0000AD0B0200AD0B1D
:104870000368CB4013F0010F11D100B5026801238A
:104880008B401343D0E8EFCF944504D1C0E8EE3F0E
:10489000BEF1000FF6D1F1D102485DF804FB0248E9
:1048A000704700BF0000AD0B0400AD0B014BC3F817
:1048B000040570470070015008B50146014804F036
:1048C000E4FF08BD98000020054B1B792BB9044B71
:1048D000186001221A71034870470348704700BFEF
:1048E000D41100200000AD0B0C00AD0B08B5084B37
:1048F0001B680BB104F05EFF04F05AFF4FF0502329
:10490000C3F818050122C3F81425C3F8802508BD93
:10491000D411002000B583B0032818D8DFE800F0D8
:104920001A026D6700224FF48073012003F15023B7
:1049300000211960196802F1502201211160354AE5
:104940001268002A5FD04FF05023C3F8040303B06D
:104950005DF804FB4FF05023D3F81824D3F8183433
:1049600003F003038DF8073012F4803F15D14FF0A8
:104970005023D3F8143413F0010F13D104F018FFAF
:104980008DF807009DF807204FF05023C3F8182535
:1049900008224FF482730220C8E70DF1070004F0EB
:1049A0005BFFEFE74FF05023D3F81C3403F0030311
:1049B0008DF807300DF1070004F04EFF0028E1D01C
:1049C000144B1B682BB14FF050230222C3F8042371
:1049D000BDE74FF05023D3F80431002BF9D04FF04E
:1049E00050230022C3F80421D3F80431AFE7182282
:1049F0004FF490734FF4807098E720224FF4927335
:104A00004FF4007092E71A68002AFCD000221A6066
:104A10001B689CE7D411002010B54FF05023D3F849
:104A2000044302E0194B1B68984774B3B4FA84F04E
:104A3000C0F11F000122824083009BB203F5807306
:104A40009BB2C0B292B224EA020403F15023196867
:104A50000029EAD0002119601B684FF05023C3F8E9
:104A60000823022ADED1D3F81814D3F8183403F03F
:104A70000303012BD6D14FF050230221C3F81815A0
:104A8000C3F8042301229A60CFE710BDD41100209F
:104A900008B50079024B03EB0010FFF7C9FE08BD13
:104AA000A000002070B400F01F0C400919D00128AC
:104AB00019D10E4D0CF1800055F820600C4C34409B
:104AC00041EA420141EA83039DF80C2043EA0223B4
:104AD0009DF8102043EA0243234345F8203070BC80
:104AE0007047044DE6E70025E4E700BF0028845046
:104AF000F0F0FCFF00258450F0B51C46059F069E93
:104B000000F01F0C400936D0012836D1284D0CF199
:104B1000800355F8233091B3012092B34FF0020E79
:104B200040EA0E0084B34FF00C0E40EA0E0077B35B
:104B30004FF4706E40EA0E0066B34FF4403E40EA18
:104B40000E0023EA000041B30B7842B31278520002
:104B5000134334B322789200134327B33A781202F6
:104B6000134316B332781204134303430CF1800C41
:104B700045F82C30F0BD0F4DC9E70025C7E70020F0
:104B8000CBE74FF0000ECBE74FF0000ECDE74FF034
:104B9000000ECFE74FF0000ED1E70023D5E700224B
:104BA000D6E70022D8E70022DAE70022DCE700BFE0
:104BB000002884500025845000F01F02400907D0CF
:104BC000012807D1044B1869D04000F0010070475C
:104BD000024BF8E70023F6E70028845000258450B4
:104BE00000F01F03400908D0012808D1054A80338E
:104BF00052F82300C0F301407047034AF7E7002250
:104C0000F5E700BF002884500025845000B583B02C
:104C100084468E460C4B93E8030002AB03E9030085
:104C2000634609E002A901EB830151F8081C086AF8
:104C300042F8040B086201330CEB0E009842F1D8E5
:104C400003B05DF804FB00BF90AA000000F01F0154
:104C5000400906D0012806D1044A01238B40136283
:104C60007047034AF9E70022F7E700BF00288450A5
:104C7000002584504309034AD35C00F01F00184408
:104C8000C0B27047BCB5000000487047DC1100207E
:104C900000487047D4B500002DE9F04184B00546C6
:104CA0000C4616461F460846FFF7E4FF804656B3FB
:104CB0002146284604F0CEFE28B12146284604F0BD
:104CC00089FE002843D12146284604F092FE10B107
:104CD0007378012B3BD001238DF80F300023019313
:104CE0000096B31C721C0DF10F012046FFF704FF64
:104CF0002879FFF7C9FF08F1080230F8123043F0B5
:104D0000030320F81230002F3BD02146284604F040
:104D1000A1FE002837D13E782B6806F5A27200214B
:104D200043F8221043F822102879FFF7ADFF08F16D
:104D3000080230F8123023F02003DB04DB0C20F8EB
:104D400012307B782BB9114804B0BDE8F0811048CF
:104D5000FAE7BA78009222463146286804F0B2FD9C
:104D60002879FFF791FF024608F1080032F8103069
:104D70007603B6B2334343F0200322F810300348E1
:104D8000E2E70248E0E70248DEE700BF0000AD0BC3
:104D90000400AD0B70B506460D46144604F01AFE2D
:104DA00068B13079FFF770FF06462846FFF762FFCB
:104DB000083036F810305B0B2370024870BD024893
:104DC000FCE700BF0000AD0B0400AD0B30B583B0B5
:104DD00005460191002400E00134012C18D80E4B47
:104DE0001B5D03F0070202A901EBD30313F8043C97
:104DF000D34013F0010FEFD005EB840201212046D0
:104E0000FFF704FF55F82430002BE5D0012000E027
:104E1000002003B030BD00BFCCB5000008B500795C
:104E2000024B03EB8000FFF703FD08BDB00000203C
:104E30002DE9F04182B00546884616461F4604F02B
:104E400049FFAEB33A463146284604F05FFE041EE1
:104E500020DB2879FFF718FF40F834602879FFF746
:104E600013FF00EBC40047602879FFF70DFF0546EC
:104E70004046FFF7FFFE083035F81030E4B2640218
:104E8000A4B2234343F4807325F81030094802B0DC
:104E9000BDE8F0812879FFF7F7FE0DF107017830C2
:104EA000FFF7C6FC034B9842F1D19DF80740D0E7CD
:104EB0000048ECE70000AD0B2DE9F04784B0064652
:104EC0000C4690460846FFF7D5FE07463079FFF7B7
:104ED000DBFE0546D8F80090B9F1000F21D021463D
:104EE000304604F0A6FD002843D100238DF80E3093
:104EF0008DF80F30019300934B460DF10F020DF129
:104F00000E012046FFF7F8FD07F1080235F81230D0
:104F100023F002039BB225F8123043F0010325F879
:104F20001230D8F80430BBB193F80090D3F804A045
:104F30002146304604F06EFDE8B1BAF1000F61D1B0
:104F4000083735F8173023F01C039BB225F81730CB
:104F500043EA890325F81730D8F80820002A55D0ED
:104F60005368126821463046FFF762FF04B0BDE87F
:104F7000F0872748FAE707F1080235F8123023F0E6
:104F80002003DB04DB0C25F81230BAF1000FD7D078
:104F9000B9F1030F38D8D8F804305B6893F800A053
:104FA000B9F1000F08D133680AF5A27A002243F85C
:104FB0002A2043F82A20C3E7484604F053FD03465D
:104FC00031680AF5A27C51F82C2022F0030241F846
:104FD0002C2022465146306804F05BFC0AF13C0369
:104FE00005EB43039C8007F1080235F812304FEAC5
:104FF0004A3A1FFA8AFA43EA0A0343F0200325F8E3
:1050000012309DE70248B1E70148AFE70148ADE73C
:105010000400AD0B0000AD0B38B505460C4604F09E
:10502000CAFC08B9074838BD2146284604F04BFDA4
:105030002146284604F079FE204604F0A0FC0248F0
:10504000F1E700BF0400AD0B0000AD0B08B500791F
:10505000024B03EB8000FFF70BFC08BDB000002003
:10506000F0B583B005460E460079FFF70DFE90F8C7
:105070008C3013B10D4803B0F0BD0446602200210E
:10508000103005F037FA2F682879FFF701FE036822
:105090000093002332464FF00041384604F067FE8B
:1050A000012384F88C30A3670148E4E70C00AD0BC2
:1050B0000000AD0B2DE9F04782B081460F469046C7
:1050C00000230093019351686846FFF77FFE4CE090
:1050D00094FAA4F4B4FA84F404F01F05254B9B5D04
:1050E00045EA43152846FFF7C5FD083037F810A0FC
:1050F000CAF3820A0DEB8603E00804F007041A5C89
:105100000121A14022EA01021A542846FFF768FD56
:10511000034652462946384604F0A6FD2846FFF7C6
:1051200095FD02AB03EB860353F8084C002CCFD15E
:105130000136012E0DD8104B9B5D08F10402D908F1
:1051400003F00703525C22FA03F313F0010FEFD0D0
:10515000E7E700224FF00041484604F0EFFBD8F8A3
:1051600004106846FFF732FE08B10026E1E702B0FE
:10517000BDE8F087D0B50000CCB50000F8B5044616
:105180000E461148081A114BA3FB00304009FFF7E7
:105190007FFD0746D4F80413C9B2026841F000410C
:1051A000204604F0CBFB051E05DB2A46314620468F
:1051B00004F007FEF8BD3A4631462046FFF77AFF75
:1051C00025F00045F1E700BFDC110020398EE338FF
:1051D00008B502490248FFF7D1FF08BDDC110020E5
:1051E00000D00050034B00E02033034A9342FBD32E
:1051F000704700BF64A60000E4A6000004280CD895
:10520000DFE800F0030D050709000648704706486F
:10521000704706487047064870470648704706487A
:10522000704700BFDCB5000000B6000010B60000FB
:105230001CB600002CB60000ECB5000030B108B57B
:1052400004F027FF20B1037823B108BD024870475E
:105250000148FAE70048F8E73CB6000010B50446FC
:10526000FCF76CFA034A0121034802F035FF20469F
:1052700004F00BFE44B600001CAA00002DE9F04724
:1052800082B000AF05460C46EFF31188202383F36C
:105290001288BFF36F8FDFF8C491D9F80860FFF769
:1052A000ADFF99F81010E94601233B7103237B7190
:1052B0008AB0EC461CF1100221D04FF0160E5AB104
:1052C0007346BEF1040F03DDDFF894A1CCF814A0FF
:1052D000082B01DDCCF8185001233B7003237B70B1
:1052E000D2B17346BEF10C0F01DDCCF81C00102BBF
:1052F00001DDCCF820100CF1240300210AE06FF04E
:10530000004EDCE701F10800384410F8080C03F8FF
:10531000010B01310129F5D9BEF1150F50DD16231E
:105320004AB10521397100217971B9710121F971F1
:105330007868CCF8100000216FF300016FF3410191
:105340006FF382016FF3C501012060F38811C3F38D
:105350000A0363F353216FF31F5100234148FCF705
:10536000CDFACD461CB1E369C3F308035BBB3046FD
:10537000FFF764FFE94601233B7103237B718AB089
:10538000EC461CF1100224D04FF0120E52B17346BD
:10539000BEF1040F02DD3449CCF81410082B01DDF6
:1053A000CCF8186001233B7003237B70F2B1BEF18F
:1053B0000C0F01DDCCF81C000CF12003002113E0E0
:1053C0006FF01B03ACE7294A0121264802F084FE56
:1053D000CDE76FF0004ED9E701F10800384410F82E
:1053E000080C03F8010B01310129F5D9BEF1110FA9
:1053F00031DD12234AB10421397100217971B9716B
:105400000121F9717868CCF8100000216FF30001D8
:105410006FF341016FF382016FF3C501012060F367
:105420008811C3F30A0363F353216FF31F51002361
:105430000C48FCF763FACD4621462846FFF70EFFDD
:1054400088F31188BFF36F8F3046FDF735FB0837BF
:10545000BD46BDE8F0876FF01B03CBE76C12002060
:1054600054B600001CAA0000A0B600007CB60000E4
:1054700038B505460B4B53F8204002E023689847A7
:1054800008346B1C074A52F82330A34209D96068DC
:105490000028F3D0037F13F0010FF1D104F0FDFCDD
:1054A000EEE738BDC8B6000010B586B0B023104C8A
:1054B00003FB004400EB800C0E4B03EB8C030E4A05
:1054C0000592012204920F2203920022029201927D
:1054D00000930A4B4FF4A072094901EB8C1120464E
:1054E00000F0C0FA637B23F00403637306B010BDC1
:1054F000F80800206C120020B8B60000EB9F0000F6
:105500008827002008B553EA020102D100F096FE78
:1055100008BD0249183001F05DF8F9E791A20000DA
:1055200010B586B0184C14E0636A0593236A04939F
:10553000E3690393A3690293636901932369009369
:10554000E368A2686168206800F08CFA23685C65F3
:1055500030340E4B9C42E7D300F08AFD0A4C00E049
:1055600030340A4B9C420BD2A26AE36AB3F1FF3F8C
:1055700008BFB2F1FF3FF3D02068FFF7C3FFEFE7AA
:1055800000F08EFD06B010BD10A9000070A900004B
:1055900008B50B4B01221A700320FFF769FF03F0D7
:1055A00011F8FCF7CDFC0420FFF762FFFFF7B8FF0E
:1055B00001F009FE034A137B23F00103137308BDB6
:1055C00082140020A809002008B50146014A0248BB
:1055D000FDF746FB91550000A809002008B50348D7
:1055E000034A121A002104F06FFC08BDC801002014
:1055F0008414002010B50446FFF756FFB0230A4973
:1056000003FB0411094A04EB840302EB8303D96012
:105610001C74074B03EBC42303F5006304EB840401
:1056200002EB8402536010BDF80800206C120020C9
:10563000881F002070B586B000F06AFD104D114B38
:105640005D61114B0593012304930024039402949C
:10565000019400940D4B4FF480620D49284600F0F0
:1056600001FA06466B7B23F004036B73284604F0B3
:10567000A7FD2046FFF7BEFF304606B070BD00BF55
:10568000A80900206C120020C0B60000915500004F
:10569000C828002008B50020FFF7EAFE1B4B03F5E1
:1056A000006282F3088883F30A88194CE02384F8A7
:1056B00022300023E37723766376A37684F82030C4
:1056C000626A42F4E022626284F82330FDF768F9EE
:1056D000FDF7E8FA4FF0FF33A362E362FDF7AAFC9F
:1056E000FDF710FBFBF786FF0A4800F01DFAFFF7F5
:1056F00079FDFDF7A5FD0120FFF7BAFE0220FFF7B7
:10570000B7FEFFF797FFFFF75FFF00BF881F00207E
:1057100000ED00E0580A002010B5064C002000E023
:105720001C34054B9C4204D2204604F0D5FB0028D3
:10573000F6DA10BD640100206401002030B583B0AA
:105740000D46EFF31181202484F31288BFF36F8F8D
:10575000C46864B12C602368C360836901338361CA
:10576000002081F31188BFF36F8F03B030BD00F1CB
:10577000080C53EA020404D100232B606FF00B00E5
:10578000EFE7009201930246604600F083FB002899
:10579000EBD1024B9B681B692B60E6E76C12002083
:1057A0002DE9F04182B00446EFF31187202181F307
:1057B0001288BFF36F8FC16899B9002950D1364B59
:1057C0009B6893F90E3023610131E160324B9B6895
:1057D000A36087F31188BFF36F8F002002B0BDE88C
:1057E000F08116461D4682682B4B9B689A42E4D096
:1057F00055EA060136D092F90E80414693F90E0023
:1058000004F000FC804534DC4FF000080096019560
:1058100022463946214800F03DFB0028DED0EFF358
:105820001185202383F31288BFF36F8FA36843B3DE
:1058300023689C4223D013B3216993F90E0004F02E
:10584000E1FB0146204604F0E8FBE8B9B8F1000F9F
:105850001AD185F31188BFF36F8F6FF00A00BDE78F
:105860002369B0E787F31188BFF36F8F6FF00F00E4
:10587000B4E70146204604F0D0FB8046C6E7216924
:10588000E0E7B8F1000FE4D02946044800F0C4FB7B
:105890006FF00A00A2E700BF6C12002090120020F7
:1058A000F8B58368002B47D00446264A9268934295
:1058B00045D1C368012B04D9013BC36000252846AC
:1058C000F8BDEFF31186202383F31288BFF36F8FA7
:1058D000016904F0A2FB2768A7420CD03D1E18BF47
:1058E000012557B9A760CDB90023E36086F311887D
:1058F000BFF36F8FE3E70027F0E77A683B68136038
:105900005A6000233B607B607A7B22F002027A734C
:10591000BB6007F1180004F065FDE3E797F90E306E
:1059200023610025C7F8AC50384604F049FC3146E5
:10593000054800F071FBC2E76FF01505BFE74FF0B7
:10594000FF35BCE76C12002090120020F8B5044629
:10595000EFF31187202383F31288BFF36F8F05685D
:10596000A84212D02E1E18BF012685B906BBA36817
:10597000E268934224D001221344A36000230BBBAE
:1059800087F31188BFF36F8FF8BD0025EAE76A68D7
:105990002B6813605A6000232B606B606A7B22F0D7
:1059A00002026A73AB6005F1180004F01BFDDDE72D
:1059B0000023C5F8AC30284604F002FC0123DEE7E2
:1059C0000022D9E73946024800F026FBDCE700BF99
:1059D0009012002010B582B0EFF31181202484F3DF
:1059E0001288BFF36F8F846844B1013C846081F3F7
:1059F0001188BFF36F8F002002B010BD53EA02047C
:105A000006D0009201930246054800F043FAF3E7FE
:105A100081F31188BFF36F8F6FF00F00ECE700BFC9
:105A20009012002008B553EA020102D100F006FCF2
:105A300008BD0249183000F0CDFDF9E791A2000041
:105A400010B5044640B11F2204F1740004F05AFD61
:105A5000002084F8930010BD014B9C68F3E700BF61
:105A60006C1200202DE9F04F85B004460F46154614
:105A70001E46DDF838A0DDF83C90DDF84080DDF80A
:105A80004CB000F158038365C365129B0422119941
:105A900004F001FB2A463946204604F0DFFA0546A9
:105AA000CDF80880CDF80490CDF800A0334602462A
:105AB00039462046FDF7B2F8002363652666C4F830
:105AC00064A0C4F86890C4F86C80EFF311822023BE
:105AD00083F31288BFF36F8F124B196A21671C6220
:105AE00082F31188BFF36F8FBBF1000F13D01F2219
:105AF000594604F1740004F005FD002384F8933046
:105B0000084B9B685BB1D3F8A030C4F8A03028469E
:105B100005B0BDE8F08F002384F87430F0E7C4F8D6
:105B2000A030F4E76C1200200123437303730023B9
:105B3000C0F89430C0F89830C0F8A030014B98609D
:105B4000704700BF6C1200200A4A9368C3F8A8008F
:105B50006FF00A01C3F8AC1007494B6843F080535B
:105B60004B60002383F31188BFF36F8F9368D3F8E2
:105B7000AC0070476C12002000ED00E0437B90F910
:105B80000D20002A51DB13F01F0F4ED110B563F02A
:105B90007F034373254A52F8183F93420ED10023E6
:105BA0000CE05A6842600360106058601EE01A46BC
:105BB0001E49C9698A420FD01B687BB173B190F945
:105BC0000E1093F90E209142F1D0521A002AE8DC0F
:105BD0001A46002BECD1F0E70023EEE7134BDA690D
:105BE00003F11801016042601060D8610F4B53F857
:105BF000184F9C420ED06CB10C4B9B685A7B12F034
:105C00001F0F0AD1DA897F2A07D9A2692AB9074A60
:105C1000536109E0054BDC68EEE7A34202D0204661
:105C200000F01EFC014B5C6110BD70476C1200203F
:105C300010B5437B90F90D20002A14DB154B9A68B0
:105C400053F8184F9C4219D0C4B1824219D0537BEB
:105C500013F01F0F15D1D3897F2B12D9A36983B9F4
:105C60000C4B5A6114E003F07F03437342680368EE
:105C700013605A60002303604360DFE7054BDC6874
:105C8000E3E7A24202D0204600F0EAFB014B5C6150
:105C900010BD00BF6C1200202DE9F84305460C46EC
:105CA000404B9E68737B13F0600F28D013F0200FD9
:105CB0002AD008271F4222D13B43737313F0800F71
:105CC00024D1082F2DD04FF00009364B53F8188FF0
:105CD00098454BD0B8F1000F48D0324B9B684345F4
:105CE00002D0404600F0BCFB2E4BC3F81480102FAE
:105CF00005D0304600F014FCB9F1000F3AD184F31E
:105D00001188BFF36F8F46E01027D3E703F07F03BE
:105D100073737268336813605A6000233360736072
:105D2000CFE7B3685BB17268336813605A600023D1
:105D300033607360727B22F002027273B36030468C
:105D400004F00AFA06F1580004F00BFA154B9B68B0
:105D50009E4202D04FF00009B7E7EFF3058313B975
:105D60004FF00009B1E74FF00109AEE70D4BD3F852
:105D70000C80B2E70C48FFF7D7FEC0E7EFF31184C1
:105D8000202383F31288BFF36F8F04F039F984F373
:105D90001188BFF36F8F6B7B13F0600FEED1BDE8FE
:105DA000F88300BF6C120020580A0020B3F1FF3FB7
:105DB00008BFB2F1FF3F00D1704708B50249183063
:105DC00000F008FC08BD00BF91A2000010B5437BA5
:105DD00090F90D20002A0ADB437B63F07F034373B5
:105DE0002B4A52F8183F934219D1002317E003F0D1
:105DF0007F0343734268036813605A6000230360A3
:105E00004360E9E75A6842600360106058601EE032
:105E10001A461F49C9698A420FD01B687BB173B10A
:105E200090F90E1093F90E209142F1D0521A002AE7
:105E3000E8DC1A46002BECD1F0E70023EEE7144B28
:105E4000DA6903F11801016042601060D861104BFB
:105E50009A6853F8184F9C420ED06CB182420ED013
:105E6000537B13F01F0F0AD1D3897F2B07D9A36966
:105E70002BB9074B5A6109E0054BDC68EEE7A242FB
:105E800002D0204600F0ECFA014B5C6110BD00BF6F
:105E90006C12002010B50C4611460A4882680A4B65
:105EA0001A60EFF31183202383F31288BFF36F8FFF
:105EB000DDE90223806804F077F92046FFF744FE0D
:105EC00010BD00BF6C120020901200202DE9F0419F
:105ED00004460E460023EFF31185202282F3128838
:105EE000BFF36F8F1F4650E003F07F036373626858
:105EF000236813605A6000232360636071B2A1734A
:105F0000637B63F07F036373424A52F8183F934206
:105F10000ED100230CE05A686260236014605C605C
:105F20001CE01A463B48C06982420DD01B686BB129
:105F300063B193F90E209142F3D0521A002AEADCA1
:105F40001A46002BEED1F2E70023F0E7314BDA6975
:105F500003F11801216062601460DC612D4B53F87D
:105F6000188F984520D0B8F1000F1DD0294B9B68A1
:105F7000984502D0404600F073FA264BC3F81480CF
:105F800085F31188BFF36F8F0123002B3FD1637B13
:105F900003F01F02002A0CBF01270027A4D013F032
:105FA000020F05D1A673EBE71A4BD3F80C80DDE79F
:105FB000A1686268236813605A60002323606360ED
:105FC00070B2A0730B6899420DD100230BE05A68A0
:105FD0006260236014605C60D2E79C464A68944526
:105FE0000DD01B686BB163B193F90E209042F4D0D1
:105FF000121A002AEBDC9C46002BEFD1F2E70023BB
:10600000F0E74B68216063601C604C60B8E738467D
:10601000BDE8F0816C12002008B50B4659B9EFF3CA
:10602000058242B9064A50699268904203D00846F8
:10603000FFF78AFD03E083F31188BFF36F8F08BD7C
:106040006C12002008B5034650B9EFF305823AB947
:10605000064A51699268914202D0FFF775FD03E04C
:1060600083F31188BFF36F8F08BD00BF6C1200204F
:106070000023EFF31181202282F31288BFF36F8F88
:1060800009E0064B9A68D37B013BD37381F31188F7
:10609000BFF36F8F0123002BF3D070476C120020E9
:1060A00038B50023EFF31185202282F31288BFF365
:1060B0006F8F0EE0154BDC6817E0A24202D020463D
:1060C00000F0CEF9114B5C6185F31188BFF36F8F3F
:1060D0000123BBB90D4B9A68D17B0131D17353F8C1
:1060E000184F9C42E6D0002CE4D0537B13F01F0FD6
:1060F000E3D1D3897F2BE0D9A369002BDDD1034BFA
:106100005A61E1E704F0EFF838BD00BF6C120020DF
:1061100008B5024804F0F2F808BD00BF8012002064
:1061200038B5EFF31184202383F31288BFF36F8F08
:10613000224B9A68DB699A4205D01368516812684D
:106140000A60516006E00023F8E71C4AD2699342D6
:1061500012D01B6893B1194A906890F90E1093F908
:106160000E209142F1D0521A002AEEDD5A684260A8
:106170000360106058600AE00023EBE70F4B9A6859
:10618000D96903F11800106051600A60DA610B4BA5
:1061900053F8185F9D420DD065B1084B9B689D4236
:1061A00002D0284600F05CF9044B5D612046FFF701
:1061B000CBFC38BD014BDD68EFE700BF6C1200205F
:1061C000F8B551EA000328D005460C46EFF31187D5
:1061D000202383F31288BFF36F8F154EB068154BE1
:1061E0001860FFF725FDB0682A462346124918308B
:1061F00000F0F0F90446B268537B43F00403537394
:106200003846FFF7A1FCB3689A6ADB6AB3F1004F26
:1062100008BF002A05D00020F8BDFFF781FF00204D
:10622000FAE704F00EF9201A0028F5DC0020F3E765
:106230006C1200209012002091A2000038B5EFF3FC
:106240001185202383F31288BFF36F8F437B13F0F4
:10625000040F04D185F31188BFF36F8F38BD044656
:10626000183004F0BFF8637B23F004036373204607
:10627000FFF784FC29460248FFF7CEFEEEE700BF99
:1062800090120020014B9868704700BF6C120020EC
:106290002DE9F843037B03F00107EFF31186202378
:1062A00083F31288BFF36F8F457B15F0080F1AD167
:1062B0000446B14600F1580803F01AFF10B345F048
:1062C00020056573EFF305839BB131462046FFF748
:1062D000E3FC67B1002383F31188BFF36F8F0423BE
:1062E000184602DF03E086F31188BFF36F8FBDE825
:1062F000F88341463D4B986803F0FCFE3046FFF7BB
:1063000023FCE6E745F00803637313F0800F33D1F5
:10631000A3685BB16268236813605A60002323603E
:106320006360627B22F002026273A36004F11800D2
:1063300004F058F8404603F014FF2C4B9A6894423E
:1063400027D00026294B53F8185F9D4228D03DB333
:10635000AA4202D0284600F083F8244B5D61204613
:1063600000F0DEF8FEB9214B9B689C421FD089F3F8
:106370001188BFF36F8FACE705F07F0545F0080586
:1063800065736268236813605A600023236063604A
:10639000BEE7EFF305830BB90026D3E70126D1E76B
:1063A000124BDD68D4E71248FFF7BEFBDBE7EFF3E3
:1063B0000583002BDBD1237B13F0010F12D089F36F
:1063C0001188BFF36F8F002383F31188BFF36F8FA2
:1063D0000423184602DFEFF31189202383F3128888
:1063E000BFF36F8F4846FFF7AFFB72E76C120020D8
:1063F000580A0020044BC01AC010044B03FB00F0E5
:10640000034B01221A547047080B0020ABAAAAAA1A
:1064100094120020C3897F2B11D80E4B1B687BB1CF
:1064200090F90E200C4B1B689A420CDB437B13F057
:106430001F0F0AD1094B984209D0012300E0002325
:1064400003F0010070470023FAE70023F8E7002378
:10645000F6E700BFB400002098120020F8080020E2
:1064600070B505460D4B1E7C06EB46030C4C04EB49
:10647000C304204603F0B6FF0A4B00229A55284673
:10648000FFF7C8FF00B970BD074B1A68013AD31770
:106490000649204600F09EF8F5E700BF6C12002088
:1064A000080B002094120020B4000020F5630000C7
:1064B00038B5EFF31185202383F31288BFF36F8F74
:1064C000144B9C68144B1B68A34217D0124B00223C
:1064D0001A60104B1B7C114AD35C53B12046FFF766
:1064E00099FF30B1637B13F01F0F0FD02046FFF7E9
:1064F000B7FF85F31188BFF36F8F38BD2046FFF7D4
:10650000AFFF85F31188BFF36F8FF6E72046FFF7E3
:106510005DFCEBE76C12002090120020941200202A
:10652000EFF31181202383F31288BFF36F8F0A4B9F
:106530001B6A834204D11A6F074B1A6207E01346A5
:1065400013B11A6F8242FAD10BB1026F1A6781F34D
:106550001188BFF36F8F70476C12002008B5064892
:10656000064A121A064903F0B3FC0648064A121AF4
:10657000064903F0ADFC08BD00000020C401002066
:1065800080B80000000000200000002080B800005B
:10659000034B1868984200D070470020FCE700BF0A
:1065A000B800002030B1044A5268904201D000681F
:1065B00070470020704700BFB800002008B5044BAA
:1065C0001B680BB1002008BDFEF758F8FBE700BFC1
:1065D0009C1200202DE9F04F83B00193B3F1FF3FEF
:1065E00008BFB2F1FF3F0DD0044691468160002301
:1065F000EFF3118A202282F31288BFF36F8F1D46BA
:106600001E4635E000252E462846314603B0BDE83B
:10661000F08FFFF7D3FF80460135019B43F1000661
:10662000451946EBE07625616661384A1368526881
:10663000ED1846EB02064FF0010B41E0C91A67EB7B
:106640000202016142614368636020601C60446033
:1066500005E02F4B5A682360626014605C60FFF7AE
:1066600097FF844240D08AF31188BFF36F8F0123D4
:10667000002BC9D14D46019E6FF00103B3EB090316
:106680004FF0FF3363EB0603002BC2DB1F4B19688F
:106690005B686918019A43EB02036FF00102521A1A
:1066A0004FF0FF3161EB030310461946012A73F1E5
:1066B000000301DA01200021206161614FF0000B2D
:1066C000FFF766FF0028C4D0016947692369626942
:1066D0008B4272EB070EB1DB5B1A62EB07022361A0
:1066E0006261FFF75FFFEDE70A4B1B68002BBAD131
:1066F000BBF1000F06D0404603F059FE0021FDF724
:1067000083FFB0E7FFF75AFF8046F4E7200B002035
:10671000B80000209C12002070B5EFF311862023F2
:1067200083F31288BFF36F8F2A4B1860FFF730FF97
:10673000044623E0284A136851685B1941EBE57170
:106740001360516000220023C4E90423204603F0B3
:1067500017FE86F31188BFF36F8FA3682046984712
:10676000EFF31186202383F31288BFF36F8F194A4A
:1067700013685B1B1360FFF70BFF04463CB12569F0
:106780006169144B1A68D317AA428B41D2DA44B11B
:10679000236962690F4909685B1A62EBE172236140
:1067A00062610D4A0B4D2868136851681B1841EB54
:1067B000E0711360516000242C60204603F0F7FD67
:1067C0002146FDF721FF86F31188BFF36F8FFFF796
:1067D0006FFE70BD9C120020200B002010B500221F
:1067E000EFF31184202383F31288BFF36F8F1346D6
:1067F00011460CE0FFF7E2FE074A13685168C31820
:1068000041EBE07184F31188BFF36F8F0122002AFE
:10681000F0D0184610BD00BF200B0020F8B5EFF3F4
:106820001183202282F31288BFF36F8F026822B196
:1068300083F31188BFF36F8FF8BD04461D46826A4B
:10684000C36A52EA030105D0B3F1FF3F08BFB2F1BA
:10685000FF3F27D1236B01332363236A6BB185F399
:106860001188BFF36F8F236A20469847EFF3118595
:10687000202383F31288BFF36F8F04F11803A469F8
:10688000A3423FD0002C3DD0204603F0B4FC0023AF
:10689000C4F8AC3085F31188BFF36F8F204603F046
:1068A0008FFCC9E716461F46012A73F1000301DA7F
:1068B00001260027013E47F1FF3703F0C6FD0130F6
:1068C00041F10001801947EB0101012871F100013C
:1068D00008DA6FF001024FF0FF330D492046FFF751
:1068E00079FEB7E703F0B1FD013041F100018019F5
:1068F00047EB01036FF00102121A4FF0FF3161EB19
:106900000303EAE785F31188BFF36F8F94E700BFB5
:106910001D680000F8B51D46EFF31187202383F3AF
:106920001288BFF36F8FB5F1FF3F08BFB2F1FF3F91
:106930001FD00646144629466FF00102121B4FF085
:10694000FF3262EB0502002A18DB304603F04AFDF5
:10695000DDE90623C6E90A230023336322462B46DA
:106960000B493046FFF736FE87F31188BFF36F8F70
:10697000F8BD87F31188BFF36F8FF9E7012C71F130
:10698000000101DA01240025013C45F1FF35DCE777
:106990001D68000010B50A4C23681BB10123236059
:1069A000002010BD00F0F4F80028F7D001380728C7
:1069B00003D8044B53F8200010BD034810BD00BF9E
:1069C000A0120020E4B60000FE8FFFFFBFF34F8F40
:1069D0000549064BCA6802F4E0621343CB60BFF37B
:1069E0004F8F00BFFDE700BF00ED00E00400FA0597
:1069F00030B44FF0FE3200250B4B0C4C0C4949686B
:106A0000C3F80024C3F80424C3F80824C3F80C24F2
:106A1000C3F81024C3F81424C3F81824C3F81C24A2
:106A2000C4F8005530BC08470050845000408450E2
:106A3000C0000020024BD0E90012C3E900127047E9
:106A4000C000002010B5044650B1636813F0685FC1
:106A500005D0064A934202D000236260236010BD35
:106A6000034B04485B689847EFE700BF2C5F5CA9C5
:106A7000C000002004B70000C8B143680D4A93422B
:106A800013D013F0685F0ED0012350E8002F194691
:106A900040E8001C9CF0000FF7D1012AF5D0BFF3AD
:106AA0005F8F0020704704487047044870476FF4B8
:106AB000E04070472C5F5CA9E98FFFFFEA8FFFFF82
:106AC000034680B1426809498A420AD012F0685FE1
:106AD00005D0BFF35F8F002210461A60704704484C
:106AE0007047044870476FF4E04070472C5F5CA922
:106AF000E98FFFFFEA8FFFFF10B5044620B10023A6
:106B0000034A2360626010BD0248FFF771FFF6E799
:106B10003A00003A2CB7000070B5194CD0F804C008
:106B20000668C4F804C0D0F808C0C068C4F808C03B
:106B3000E06026600868134B134D18604868D5F86C
:106B400018215860886812F0685F9860C868096901
:106B5000D860196112D000230C4A05F58A70C5F877
:106B60001431C5F8B831C5F81821C5F8BC21B047B3
:106B7000236805F5DC70BDE87040184770BD00BFA4
:106B8000DC000020C8000020B81200202C5F5CA9A7
:106B900008B500F011F830B900F010F838B9054A1E
:106BA000C2F80C0A08BD00F037F8032008BD042025
:106BB00008BD00BF005084500020704710B5114838
:106BC00000F048F800B110BD0F4800F043F800286D
:106BD000F9D10E4C204600F03DF80028F3D10C4BC3
:106BE0000C481C6000F036F801460028EBD100F09C
:106BF0002DF8044608B1204610BD00F03FF82046AD
:106C0000FAE700BF1C010020180100201401002039
:106C10000C0100201001002008B5084800F024F8FD
:106C2000074800F021F8074800F01EF8064800F079
:106C30001BF8BDE8084000F00BB800BF1C010020A5
:106C400018010020140100201001002000207047CE
:106C5000704700BF08B5034B02681B68106898476F
:106C6000002008BDDC00002008B5034B02685B680B
:106C700010689847002008BDDC00002070B5094C62
:106C8000094D2069AB68984718B1084B08485B6804
:106C900098470021074AEB6811602069BDE8704001
:106CA000184700BFC8000020DC000020C000002002
:106CB00050B70000B41200200CB430B589B00546BE
:106CC0000C461C22002101A803F014FC02230595A8
:106CD0008DF806300D4B029323462CB1B4F1004FD2
:106CE00028BF4FF00043013B1D440DAA0C9901A899
:106CF0000695009200F00CF814B1059B00221A7062
:106D000009B0BDE8304002B0704700BFE9A50000FF
:106D10002DE9F04F43688DB0154680460293837885
:106D20009A0740F10D8100240E78002E00F00A81B0
:106D3000252E0BD04B1C0393013441463046029B59
:106D400098470028C0F2F6800399EDE74E788B1C37
:106D5000252E0393F0D00027B946BB46BBF11F0F89
:106D600038D8A6F12003102B0AD8DFE803F02A094F
:106D700009300909092109090928092D09091F00F4
:106D8000A6F13003092B33D92A2E37D11BF0400F3F
:106D900055F8043B40F08280002BA7BF4BF0200B3E
:106DA0009946C3F100094BF0280B01E04BF0010BB1
:106DB000039B13F8016B0393002ECFD130E04BF00F
:106DC000020B4BF0040BF3E74BF0080BF0E74BF032
:106DD000100BEDE7BBF17F0F19D8A6F13003092B9B
:106DE000D2D81BF0400F03D00A2101FB0737DFE7A1
:106DF0000A214BF0200B01FB0939D9E72E2E06D1D1
:106E00001BF0400F40F09E804BF0400BD0E76C2E03
:106E100031D02BD8682E36D06A2E3CD04C2E3AD0AA
:106E2000002F46F02003B8BF2BF04002A3F165010C
:106E3000BCBF00271FFA82FB022901D9612B2FD189
:106E400007350727DFF8ACA225F0070508351BF04A
:106E5000080F66D00AEB070B56465E4563D1A4EBDC
:106E60000A0AA9EB070906EB0A026FE1742E9FD00C
:106E70007A2E9DD0D4E71BF0800F18BF4BF4007B17
:106E80004BF0800B94E71BF4807F18BF4BF4007B22
:106E90004BF4807B8CE74BF4207B89E71F4687E728
:106EA000A6F16301122900F2F080DFE811F013006F
:106EB0004F00EE00EE00EE00EE004F00EE00EE00A0
:106EC000EE00EE00EE00FE00E900EE00EE001B001A
:106ED000EE00AF0055F8043B01270DF1180A8DF8BC
:106EE0001830B4E755F804AB834BBAF1000F08BF74
:106EF0009A461BF0400F504614BF39464FF0FF3101
:106F000003F010FB0746A2E741462020029B98476A
:106F100000280FDB013EB742F6D34C44B146A41B18
:106F200098E74E46F7E7414616F8010B029B984753
:106F3000002892DA98F8023043F0040388F802300F
:106F40004FF0FF3420460DB0BDE8F08F1BF0800FEE
:106F500034D01BF4007F2CD0073525F00705AA4656
:106F600069685AF8080B2BF010050029ADB237DA22
:106F7000404245F4806561EB41010DF1180B0A2395
:106F80005A4603F0DBFAA0EB0B0301936B0662D5C4
:106F9000019B25F001019F4289B240F3A180002EA0
:106FA00000F0998015F0100240F09C80BB460D4621
:106FB00023E0AA465AF8040BC117D4E7AA461BF4EB
:106FC000807F5AF8041B01D10846F5E71BF4007FC7
:106FD00019BF48B241F3C01108B241F3C031C2E752
:106FE00050EA0103C9D11BF0400FC6D0002FC4D115
:106FF0002BF01102BB46019795B240F2064115EA0B
:1070000001021CBF0BF1010B00222CE02BF010023F
:107010000A231FFA82FB1BF0800C49D01BF400717D
:1070200015BF0735AA4625F007055AF8040B1EBF01
:10703000AA4669685AF8080B50EA010545D12BF0B9
:1070400016051BF0400FADB242D0002F40D12BF0FF
:107050001702019795B215F0100248D0019B002E3F
:1070600042D103F1010B29075AD4EB0706D5D945C4
:107070006FDDA9EB0B030199CB465F185B4649E036
:107080004BF0100B10237826C5E7782B04D1C6F1FE
:10709000780343F01003BEE741462520029B984742
:1070A0000028FFF647AF023447E608230026B2E780
:1070B000AA461BF480715AF8040BBDD01BF4007172
:1070C0001ABFC0B2614680B2B6E72BF0060295B295
:1070D0000DF1180B54E725F01105BB46ADB28CE756
:1070E0000D46B8E73B460D4603F1020BBBE7DDF862
:1070F00004B082E778B8000071B80000CDE904322E
:1071000041462020029B98470028FFF613AF049BBE
:10711000059A01339945F1DCA4EB0B019B46CC1891
:107120000AB341463020029B98470028FFF602AF81
:107130008EB901342744391B019B994224DC1D463A
:1071400055BB019AA9EB0B095546224414469144BC
:1071500033E0019F92E7023441463046029B984754
:107160000028E7DAE6E640F206410D42E2D015F0EB
:10717000020F04F10104414614BF2B20202015F416
:10718000806F18BF2D20E9E741463020029B013473
:1071900098470028CFDACDE606AB013D4146585D61
:1071A000029B98470028CBDAC4E641462020029B88
:1071B000013498470028FFF6BDAEA9EB0403002B6D
:1071C000F3DCC1E5704708B5F9F758FAF9F7AEFAFC
:1071D000F9F7DCFAF9F7EEFA002008BD38B50C46ED
:1071E000056983685B68984718B923682A68534023
:1071F000236038BD10B582B00C4601A9FFF7EEFF41
:1072000030B90123A340019A134214BF012000208A
:1072100002B010BD08B5034600681B7901219940F2
:1072200083685B69984708BD38B51346856804696B
:1072300012F4801F07D012F4402F04D012F0010F77
:1072400001D082F4402323F4801213F0010F0AD0FE
:1072500023684FF0010C0CFA01FC43EA0C03236095
:107260002B68984738BD23684FF0010C0CFA01FCDD
:1072700023EA0C032360F3E708B503468C46006855
:107280001979DA8842EA0C02FFF7CEFF08BD08B58B
:1072900032B1012303FA01F18368DB68984708BD26
:1072A000012303FA01F183681B699847F7E710B5DA
:1072B00003691C6801238B401C4202D0B2FA82F29F
:1072C0005209FFF7E4FF10BD00EBC1018368B3F57D
:1072D000004F0AD322B14B6843F001034B60704763
:1072E0004B6823F001034B60704722B14B8843F099
:1072F00001034B8070474B8823F001034B8070479C
:10730000131D50F82330DBB9C3684FF0010C0CFAA1
:1073100002FC43EA0C03C360043240F8221000EB85
:10732000C1038268B2F5004F06D399608268B2F556
:10733000004F03D3D96070479980F7E7D980704731
:1073400010B500EBC30C8468B4F5004F1CD3DCF817
:10735000082000EBC10EB4F5004F18D3CEF808207A
:107360008468B4F5004F15D3CEF80C3000EBC202A0
:107370008368B3F5004F10D3D1608368B3F5004F35
:107380000DD3CCF8081010BDBCF80420E1E7AEF82E
:107390000420E5E7AEF80630E8E7D180EDE7ACF889
:1073A0000410F0E708B58368B3F5004F07D300EB8E
:1073B000C10252685208012A02D0002200E00022D5
:1073C000A2B900EBC102B3F5004F10D352685208C6
:1073D000B3F5004F0DD308230833A2EBD3020132DB
:1073E000B2FA82F2C2F11F02FFF78AFF08BD52888B
:1073F000EDE70423F0E7F8B5B2F5802F23D3082397
:10740000D21ACC1D24F0070401EB020C2CF0070C5F
:10741000ACEB040C4FEADC010460A1600023E360E4
:10742000BCF5802F11D308230833A1EBD30301331C
:10743000B3FA83F3C3F1200EC3F124039B00DE1DD6
:10744000F508002308E00423DAE70423ECE71A1D1B
:10745000002044F8220001337345F8DB6B00BCF5D3
:10746000802F32D36360BCF5802F30D3002323609C
:10747000BCF5802F2ED3636843F0010363604A1B81
:10748000570026F00703E018BCF5802F27D347608C
:10749000A068B0F5004F24D3E5502CF00703A444B6
:1074A000A068B0F5004F1ED30020CCF80400A068FF
:1074B000B0F5004F1BD3E25001222046FFF704FF36
:1074C00029462046FFF76EFFF8BD6380CBE7002317
:1074D0002380CDE7638843F001036380CFE74780D3
:1074E000D6E7E552D9E70020ACF80200DFE7E25228
:1074F000E2E710B50C4611461A46029BA04710BDA4
:107500004038C0B23A288CBF002001207047F8B53F
:10751000064603784578847804EB83040444002706
:1075200006E001342046F8F72FFE0130044401370D
:10753000AF42F6D3A01BF8BD70B5144668B10D4636
:10754000194606462BB91046F8F71EFE83B20133E2
:1075500099B22A462046B04770BD1046F8F714FE8F
:107560000130F9E75BB32DE9F04782B00746884662
:1075700091461D461A785E789C78DB7804EB82048D
:1075800004EB43042C444FF0000A0AE014F8013BDA
:1075900045F823402046F8F7F7FD013004440AF18E
:1075A000010AB245F2D305F1080300936B684A461D
:1075B00041463846FFF79DFF02B0BDE8F0876FF007
:1075C000150070472DE9F0410446884600273E46E5
:1075D00007E0702D18D02846FFF792FFB8B9252D87
:1075E0000ED014F8015B75B1002EF8D04745F0D0ED
:1075F0002846FFF785FF0028F1D001370026EEE787
:1076000086F00106EDE700263046BDE8F081002651
:10761000FAE70020704708B500F0D5FC08BD0FB4AC
:1076200000B583B004A951F8040B0191FFF7F3FFF3
:1076300003B05DF804EB04B07047036913F0080F62
:1076400008D1C3680268934207D8036A9B1A0B608B
:10765000012070470020086070479B1A0B600020D3
:107660007047036913F0080F07D1826843689A4294
:1076700003D89B1A0B6000207047036A82689B1A2C
:107680000B600120704710B582B0044601A9FFF7D6
:10769000D4FF20B1E368019A1344013B0193206AAF
:1076A000019BC01A013802B010BD38B5036913F050
:1076B000040F00D138BD0446456AFFF7E4FF854258
:1076C00002D9606A6062F5E72046FFF7DCFFF9E760
:1076D000C3681944036913F0010F04D1026A91428F
:1076E00004D3891A02E0026A013A1140C16023F012
:1076F00008030361704710B400236FF3000343F0E5
:10770000020361F39F03C269046842F824300368EE
:107710000B44026912F0010F04D1046AA34204D39E
:107720001B1B02E0046A013C23400360C4689C42C6
:107730000AD043681944036913F0010F08D1036AA2
:10774000994208D3C91A06E042F008020261F0E744
:10775000036A013B1940416010BC70472DE9F04FAE
:1077600083B00446019117469846C569C66805EB83
:10777000860B15F8263003F00303022B24D00021DA
:1077800000233B60C8F8003019BB236913F0020FD7
:1077900075D0A36958469847824615F8269019F087
:1077A00001096ED015F8263013F0020F3BD0019B73
:1077B000BBB962685244236913F0010016D1216AF3
:1077C0008A4216D3521A14E055F82610C1F39D01CF
:1077D000D6E72046FFF77CFFE368A3604FF001097E
:1077E0004FE019462046FFF786FFE2E7216A01399C
:1077F0000A406260E168A268914206D0A2682260F5
:10780000E26043F0080323613BE0524420B9216A5F
:107810008A4204D3521A02E0216A01390A40A26066
:107820004FF00009EAE701462046FFF751FFE36801
:10783000A360019B23B1E3692268002143F8221071
:10784000019B5344C8F8003022681344226912F0A7
:10785000010F04D1216A8B4204D35B1A02E0216A32
:1078600001390B40236042F00802226115F82630EE
:107870006FF3000305F82630C7F800B001E04FF0C1
:107880000009484603B0BDE8F08F30B453180469CE
:1078900014F0010F04D1056AAB4204D35B1B02E074
:1078A000056A013D2B4005689D4214D000236FF30B
:1078B000000343F0020362F39F03C46944F82130DC
:1078C00043681344026912F0010F09D1026A93421E
:1078D00009D39B1A07E0016024F00804046103E067
:1078E000026A013A1340436030BC704708B5002378
:1078F000036043608360C360036143618361CA685E
:1079000082618A6842610A68C2614A6802624362AF
:107910000B6903612AB1511E0A4202D143F00103EF
:10792000036128300122002102F089FB08BD2DE906
:10793000F04F87B09A46002305930393036A8B4266
:10794000C0F08980044689469346002301930126AE
:10795000009341E001992046FFF797FF002303932E
:1079600045E0E369226803EB8201009113F82210DD
:107970006FF3000103F82210C9B26FF3410103F85D
:10798000221023684B44226912F0010F04D1216AAE
:107990008B4204D35B1A02E0216A01390B40236059
:1079A000E168994201D0002608E042F00802226115
:1079B000002603E02046FFF79EFE2E4688F311883E
:1079C000BFF36F8F059929B163690BB120469847C2
:1079D00000230593002E40D0EFF31187202383F37B
:1079E0001288BFF36F8FB846039A002AB2D104A958
:1079F0002046FFF722FE054604994945B1D20028EA
:107A0000D8D15AEA0B030BD1002ED7D023680193AB
:107A100003AB05AA04992046FFF7A0FE0646CDE772
:107A200002F031FB0028EFD1002FEDD187F3118850
:107A3000BFF36F8F04F128005A465346FDF7CAFF83
:107A4000EFF31188202383F31288BFF36F8FB0FA0E
:107A500080F67609B2E700230093009807B0BDE8EE
:107A6000F08F70B504460D46836908469847EFF3DA
:107A70001186202383F31288BFF36F8F2B7843F096
:107A800001032B7063681844236913F0010F04D1BC
:107A9000236A984204D3C01A02E0236A013B1840CB
:107AA00060602046FFF701FE86F31188BFF36F8FF9
:107AB00070BDF0B583B004462EE053F82200800874
:107AC0004DD143E0226A013A1340A3602046FFF7FC
:107AD000FFFD01231BE013F8221041F0020103F81F
:107AE0002210A768A369304698473844236913F0E9
:107AF000010F04D1236A984204D3C01A02E0236A1A
:107B0000013B1840A060002301E000231E4685F3DE
:107B10001188BFF36F8F8BB3EFF31185202383F3AD
:107B20001288BFF36F8F01A92046FFF79AFDE36922
:107B3000A26803EB820601990029E6D013F822100F
:107B400011F0030117D00229B7D0002013F822103A
:107B500011F0010FBFD110B9A36930469847A3684F
:107B600001460344226912F0010FABD1226A93420D
:107B7000ABD39B1AA9E700231E46C8E7304603B0E3
:107B8000F0BD70B504460D46836908469847014626
:107B9000EFF31186202383F31288BFF36F8F2B78C6
:107BA0006FF300032B70236913F0020F0AD0E3690F
:107BB000E26803EB8203AB4204D02B6860F39F03BF
:107BC0002B600AE02B786FF341032B70E268A36807
:107BD0009A420BD02046FFF77BFD86F31188BFF356
:107BE0006F8F04F12800FDF7B1FE70BD0B442269D0
:107BF00012F0010F04D1226A934204D39B1A02E0CF
:107C0000226A013A1340A360E4E710B582B0EFF3B3
:107C10001184202383F31288BFF36F8F01A9FFF72C
:107C200020FD84F31188BFF36F8F0198003818BFCF
:107C3000012002B010BD01F00701038B23F0070300
:107C40000B43038370472DE9F04106460F469046EB
:107C5000816821B10C683CB131B90C4604E00C4696
:107C600002E0234621461C4669B14D6843463A4628
:107C70003046A847002CF4D02368002BF2D0002C0B
:107C8000F0D12346EEE7BDE8F081038B13F0070344
:107C900003D102680AB103207047022B03D0012BE5
:107CA00006D000207047428B002AF8D1042070478C
:107CB00003680BB1052070470020704710B50446DB
:107CC0008C46038B002A07DB03F007035A1F012AA7
:107CD0000ED9042B36D010BDD0E900018CE803008A
:107CE00000232360636001212046FFF7A4FFF2E731
:107CF000D0E900018CE80300002222606260062BBC
:107D00001BD1DCF8003053B1628B013262831A461A
:107D10001B68002BF7D0002AF5D11346F3E70221A8
:107D20002046FFF788FF2046FFF7AFFF0028D2D09C
:107D3000238B43F020032383CDE700212046FFF768
:107D40007AFFF0E70021FFF776FF2046FFF79DFF5F
:107D50000028C0D0238B43F020032383BBE750B11E
:107D600010B50C4651B1081D00F0C2F810B9A36857
:107D7000032B06D810BD6FF0150070476FF015008B
:107D8000F8E76FF01500F5E72DE9F04107460C46DE
:107D900016461D461946201D00F0C1F828B1804640
:107DA0002B46324621463846C047BDE8F0812DE9D2
:107DB000F04180460C4617461E4604E033463A46DC
:107DC0004046FFF7E1FF216831B10D682560636827
:107DD0008B42F3D16560F1E7BDE8F08108B5EFF3C0
:107DE00011824FF0200C8CF31288BFF36F8F41612A
:107DF0000121F9F7C5F908BD034670B181B10A68E0
:107E00008AB14A6892B10020186058609860D860C2
:107E1000186158619861196170476FF015007047DB
:107E20006FF0150070476FF0150070476FF0150088
:107E3000704770B505460E46FFF791FF041E2EDB16
:107E4000EFF31182202383F31288BFF36F8FB5F80D
:107E500018C00CF0070C6B8B4FF6FF718B422CD0C7
:107E60006446BCF1020F08D0BCF1060F19D8DFE858
:107E70000CF01E1818181E2A1E0001336B830123F4
:107E80000021084628B100203060686808B3066009
:107E90006E6009BB82F31188BFF36F8F0BBB204666
:107EA00070BD6FF00404002319461846EAE7BCFAD7
:107EB0008CF1490900230120E4E76FF00A04002354
:107EC00019461846DEE76FF0850400231946184668
:107ED000D8E76E602E60DCE702212846F9F750F9FA
:107EE000DDE70023624631462846FFF74DFFD6E71F
:107EF000024658B1436803F00303012B03D0032B60
:107F000007D1036843B10020906070476FF01500FF
:107F100070476FF0150070476FF01500704703460B
:107F2000426802F003028160032A03D10068002244
:107F30005A6070470020FAE77047037813F0040F87
:107F400001D0002070470368C3F34A2000EB1350B0
:107F5000173020F007008008704710B5044603680A
:107F6000DB6803B19847636801229A7110BD002055
:107F700070470120704708B501F018FB08BD08B52F
:107F800020EAE070C117C90341EA5041C00340F242
:107F9000E733C0184FF47A724FF0000341F100014B
:107FA000F8F7D8F802F0AEF908BD08B500220023B2
:107FB000FFF7BDFC08BD08B5FFF7E3FD08BD08B538
:107FC000FFF723FE08BD00B585B0039102900020A5
:107FD00001900090034602460146F9F73BFD05B0CB
:107FE0005DF804FB08B50120F9F7A0FA08BD08B553
:107FF000F9F730FB08BD08B5FFF733FDF9F7C4FB0F
:1080000008BD0020704708B54368DA7143681960FD
:10801000436801225A71F9F779FA08BD70B55368BF
:1080200096689B1B8B420CD30C46154613680A4678
:108030000146981902F037FAAB682344AB6020463A
:1080400070BD6FF01B00FBE770B588B10E4614469B
:108050001946054633B11030C2F34A23120D1844B5
:1080600002F021FA2C606E602846F9F7CBFB70BD58
:10807000F9F75CFAFBE72DE9F04383B006460F46BB
:1080800015461C4603F101094FEA890808F117005B
:1080900020F007008008F9F7D5FA002201928DF848
:1080A000049068B100F1140C019B0361964605E051
:1080B00055F82E304CF8043B0EF1010EA645F7D3CF
:1080C000002267F3881268F3532200233146FFF73A
:1080D000BBFF03B0BDE8F08300B583B0019201237C
:1080E00001AAFFF7C8FF03B05DF804FB00B583B039
:1080F0000092019302236A46FFF7BDFF03B05DF8CB
:1081000004FB08B5F9F7FAFB08BD2DE9F0418046FC
:108110000768856843681C685E6805E0324621464A
:108120002846B847241A0544002CF7D1D8F8043063
:1081300000221A60BDE8F08138B505460C464B6850
:108140001A68CB689A420BD06368D3E8EF2F511CB2
:10815000C3E8E01F0028F8D1A3689D54002038BD73
:108160000846FFF7D2FFEFE738B504460D460A2868
:1081700005D029462046FFF7DFFF002038BD0D203F
:10818000FFF7DAFFF5E708B513460122F9F71CFD02
:1081900008BD08B513460022F9F716FD08BD38B52D
:1081A00005460C4601F00101FFF7F3FF2146284682
:1081B000F9F79CFD38BD2DE9F04383B080460E46AB
:1081C00015461F46DDF828902C46102D28BF102498
:1081D000CDF800903B46224631464046F9F79AFDDD
:1081E00026442D1BF0D103B0BDE8F0832DE9F04308
:1081F00087B006460C469046D1F808900F88C7F322
:1082000082170878C0F3C2050846F9F779FC011E09
:108210001ADA0023214651F8105BC5F34A2562881B
:10822000C2F30B12481905B90021CDF8148004924D
:108230000390029101970022009249463046F9F7D7
:10824000CBFD07B0BDE8F0832846F9F731FB0346C4
:10825000E0E72DE9F04180460768856843681C68BF
:108260005E6805E0324621462846B847241A054490
:10827000002CF7D1D8F8043000221A60BDE8F08154
:1082800043681B685B6819610020704743681B687E
:108290001A6852685360704708B543681B685A688B
:1082A000012111751868FFF7D4FF08BD08B54368B0
:1082B0001B681868F9F7D4FD08BD38B50C4643684B
:1082C0001D686B681869F9F709F903460F22214602
:1082D0002868984738BDFEE708B501460068FAF7F8
:1082E00015F808BD08B5FAF72DF8FAF757F808BDE4
:1082F0000020704708B500231370CB1E092B1AD835
:10830000DFE803F005090D1119191919191411469F
:10831000FAF79AFA08BD0021FAF784F9FAE7002182
:10832000FAF70AFAF6E7FAF78BF8F3E71146FAF7E5
:10833000FFF80020EEE7FAF709F90020EAE708B5B0
:1083400040B2FAF719FC08BD08B5013140B2FAF79E
:1083500021FC08BD08B500210120F9F7D7FF08BDB1
:10836000D0F8943083F30B88704761B662B680F31F
:108370001188BFF36F8F704708B572B6002383F37F
:108380001188BFF36F8F00F019F950B1BFF34F8F11
:1083900030BF00BF00BF00BF00BF00BF00BF00BFB5
:1083A00000BF62B6BFF36F8F08BD10B5044672B64A
:1083B000002383F31188BFF36F8F00F0FFF850B1F3
:1083C000BFF34F8F20BF00BF00BF00BF00BF00BF83
:1083D00000BF00BF00BF84F31188BFF36F8F62B688
:1083E00010BD40E800F010F4803F01D0C0B27047EB
:1083F0006FF01500704708B50B6823F01F0C0B7A5F
:1084000003F01F0ECA6822F01F025B0942EA430212
:1084100042F001024CEA0E01FAF79EFC08BD4368E7
:108420001F2B08D913F01F0F07D1036813F01F0F7C
:1084300005D00020704700207047002070470120C1
:10844000704770B504460E46FFF7CBFF054634442F
:10845000601EFFF7C6FF854201D1284670BD6FF050
:108460001505FAE710B584B00B6800934C68B1F8B5
:1084700008C09DF808206CF304028DF80820498993
:10848000D2B261F347128DF8082023F01F03234472
:10849000013B23F01F0303936946FAF7B7FC04B0CE
:1084A00010BDF0B587B0054605A8F9F743FD0646AF
:1084B000002422E05768095827F01F0392681344EC
:1084C000013B23F01F03019702919DF80C2001212D
:1084D00061F304028DF80C20D2B2022161F347123D
:1084E0008DF80C20049301A92878FAF78FFC002856
:1084F00047DB2B7801332B700134B44244D2200186
:10850000059901EB0412D3681B0D1B05B3F5001F81
:10851000D0D0B3F5800F1BD0B3F5801FECD15768D6
:10852000095827F01F0392681344013B23F01F03EF
:10853000019702919DF80C20012161F304028DF84E
:108540000C20D2B261F347128DF80C200493CAE7D5
:108550005768095827F01F0392681344013B23F022
:108560001F03019702919DF80C20062161F304027C
:108570008DF80C20D2B26FF347128DF80C200493C3
:10858000B1E76FF0150000E0002007B0F0BD08B5BE
:10859000FAF730FD08BD08B5FAF708FC08BD08B5C4
:1085A0000B6949699847002008BD08B5FAF79CFD9A
:1085B000002008BD08B5FAF711FE08BD08B5FAF7A6
:1085C000CFFD08BD08B5FFF7F5FF08BD08B5FAF700
:1085D000B1FD08BD4FF47F03D3F83021D3F8343117
:1085E000072A01D000207047042B03D8022B03D3A5
:1085F00000207047012070470120704738B50546BC
:108600000C464FF050230122C3F814260020FAF73D
:108610005BFE00212846A04738BD70B5044619B15D
:108620000123C0F8143670BDFFF7D4FF18B900233A
:10863000C4F81436F7E70126C4F818660025C4F814
:108640001456052001F06DF8C4F81466304601F0A8
:1086500068F8C4F81456C4F81856E4E738B5054667
:108660000C460120FAF730FE00214FF05020FFF7B2
:10867000D4FF00212846A04738BD0346032929D846
:10868000DFE801F0020D1823D3F81804C0F300400E
:108690000AB3D3F8183403F0030313707047D3F808
:1086A0000C04C0F30040B2B1D3F80C3403F0010362
:1086B00013707047D3F85C04C0F300405AB1D3F88C
:1086C0005C3403F0010313707047D3F85404C0F313
:1086D0000040704700207047006901EB41018900AC
:1086E000703108447047406801EB410100EB8100A4
:1086F00070470069C1EBC10100EB8100704708B50C
:10870000C9B2FFF7E9FF806800F0070008BDEFF38A
:108710001182202383F31288BFF36F8F036813F055
:10872000C00301D08B4207D101230360002082F3F4
:108730001188BFF36F8F70474FF0FF30F7E7EFF30B
:108740001182202383F31288BFF36F8F036803F035
:10875000C00C03F00703012B08D08C4509D04FF063
:10876000FF3082F31188BFF36F8F704701600020E4
:10877000F7E76FF07700F4E7EFF31182202383F33C
:108780001288BFF36F8F036803F0C00343F0020346
:10879000036082F31188BFF36F8F7047F8B5064608
:1087A0000C46FFF799FF05684768002340F8083B2F
:1087B000FFF7E2FF1DB13A4621463046A847F8BD13
:1087C00070B506461546CCB22146FFF785FF29460F
:1087D0000830FFF79CFF002806DB21463046FFF7F4
:1087E00082FF43689847002070BD08B58022FFF7DC
:1087F000E7FF08BD2DE9F041064690461F46CDB281
:108800002946FFF769FF044606990830FFF797FFEE
:10881000002809DBC4F80080676029463046FFF76E
:1088200062FF036898470020BDE8F08110B582B070
:1088300080240094FFF7DEFF02B010BD10B514468F
:10884000C9B2FFF756FF0021A04710BD08B50120AF
:10885000FCF760F808BD08B50320FCF75BF808BD1D
:1088600008B50220FCF756F808BD08B50020FCF753
:1088700051F808BD08B5012001F003F808BD08B59E
:10888000032000F0FEFF08BD08B5022000F0F9FF4C
:1088900008BD08B5002000F0F4FF08BD08B520EAC7
:1088A000E070C117C90341EA5041C00340F2E73309
:1088B000C0184FF47A724FF0000341F10001F7F74E
:1088C00049FC01F01FFD08BD08B51046FDF73EF854
:1088D00008BD0B4639B11168196041688A4209D058
:1088E0000023136070471368036041688A42F7D120
:1088F0004360F5E74360F3E708B50A4603680021E3
:1089000001E019461B682BB19342FAD1FFF7E1FF52
:10891000012000E0002008BD38B505460C460321C3
:10892000A047002806DB01212846A047002800DBDD
:10893000002038BD10F1860FFBD1F4E770B5044676
:108940000D461646036833B1FFF7D6FF70B91EB95E
:108950006FF0150006E032B123682B602560636874
:1089600043B1002070BD6FF01500FBE7002EF3D17E
:108970000020F7E765600020F4E770B50E46154665
:10898000016821B10C683CB131B90C4604E00C46D9
:1089900002E0234621461C4671B18A682A4002D073
:1089A0004B6830469847002CF3D02368002BF1D059
:1089B000002CEFD12346EDE770BD0069003818BFE9
:1089C0000120704710F0100F04D110F0200F03D1D8
:1089D00000207047032070470120704743685B68A0
:1089E0001B690B600020704743685B6802EA010066
:1089F00021EA02019860D9600020704743685B68F3
:108A000099600020704743685B68D9600020704718
:108A100043685A68536821EA03000B409060D360B2
:108A200000207047B0F5800F07D0B1F1C06F0DD0B6
:108A3000B1F1007F08D001207047B1F1007F01D073
:108A400005207047042070470220704703207047BC
:108A500008B500690430FFF771FF08BD10B500F0DC
:108A60001F044009FAF780FE30B101460069012277
:108A7000A2400430FFF781FF10BD002070470020A6
:108A8000704708B521B1012905D06FF0850008BDF8
:108A9000FFF7F3FFFBE7FFF7F2FFF8E708B5114632
:108AA000103001F0D0F908BD00B54368136001E053
:108AB00008331360136890F808C0D0F804E00EEB98
:108AC000CC0C634505D293F805C08C45F0D100204D
:108AD00001E06FF001005DF804FB08B511B9FBF788
:108AE00017F808BDFBF700F8FBE738B505460C465C
:108AF0000321A047002806DB01212846A0470028C3
:108B000000DB002038BD10F1860FFBD1F4E743688D
:108B10001B68EFF31182202181F31288BFF36F8F5E
:108B2000D3F8201131B10021C3F82011D3F820115E
:108B30000121D96082F31188BFF36F8F70474368BA
:108B40001B68D3F88004C3F88004704743681A6830
:108B50005B6803F00103D2F8581129B933B9D2F890
:108B600020312BB90020704701207047002070474A
:108B70000120704708B503691A6813680BB1526881
:108B8000984708BD00B587B0002301930293039373
:108B90000493059304238DF8043002910DEB030137
:108BA000FFF7E8FF07B05DF804FB4368187D012874
:108BB00014BF00200120704700B587B00269002370
:108BC0000193029303930493059302238DF80430D9
:108BD00013681B6C029313689B6C0393049101A9A7
:108BE000FFF7C8FF07B05DF804FB10B503691B6809
:108BF00040680068EFF3118C4FF0200E8EF312885E
:108C0000BFF36F8F1C6CACB1DC6CB4B9D9641A655E
:108C1000C0F83415C0F83825042A11D9D0F800322C
:108C200043EA0E03C0F8003200208CF31188BFF332
:108C30006F8F10BD6FF00C00F7E76FF00F00F4E7D7
:108C40000020F2E70369186820B101601B685A60D0
:108C5000002070476FF08500704700B587B0002393
:108C60000193029303930493059303238DF8043037
:108C700003691A6843681968936DD26D134302D073
:108C80000423C1F8043301A9FFF774FF07B05DF8AE
:108C900004FB43681A689B6AC2F834350523C2F89E
:108CA00038350123D362D2F81031002BFBD00023DA
:108CB000C2F81031D2F81031D2F84C0130B1002393
:108CC000C2F84C31D2F84C31D2F83C05C0B27047F2
:108CD00010B4445844B11A4201D1002005E00023E9
:108CE00043504358012000E0002010BC7047426808
:108CF00013680069006868B9D3F8100168B1126B95
:108D000012780A700020C3F81001D3F81021012254
:108D10001A6070476FF0850070474FF0FF30704762
:108D200008B520EAE070C117C90341EA5041C00309
:108D300040F2E733C0184FF47A724FF0000341F16C
:108D40000001F7F707FA01F0DDFA08BD70B5064635
:108D500012E075B1EFF31184202383F31288BFF37F
:108D60006F8F3046FFF7F2FE98B984F31188BFF396
:108D70006F8F0120FFF7D4FF64243046FFF7E6FE33
:108D800005460028E5D1012000F0CBFC013CF4D1E0
:108D9000DFE7204670BD10B582B0044601AAFFF798
:108DA00083FE002805DB019B226819791868FAF711
:108DB000C3FE02B010BD10B543681C680021D8681E
:108DC000FFF7E9FF0823C4F8003510BD08B50269B4
:108DD00093681943916013F0030F00D008BDFFF7AB
:108DE000EAFFFBE710B543681C68C4F84415C4F8F3
:108DF00048250022C4F82021D4F82011C4F85821B5
:108E0000D4F858215B6813F0040F02D10123A3604A
:108E100010BD0121FFF7DAFFF8E738B505460C462B
:108E200043681B684FF48002C3F80423FFF78EFEEB
:108E300020B92368012283F8B82038BD23680022B6
:108E400083F8B82023684FF0FF32C3F8B4202368BA
:108E5000D3F8AC20D3F8A8102846FFF7C3FFECE7FF
:108E600043685A6812F0040F00D0704710B50446EA
:108E70000021D868FFF78FFF2046FFF79CFF10BD49
:108E8000012904D108B5FFF7EBFF002008BD6FF002
:108E90008500704710B502694468936823EA0101B0
:108EA000916011F0030F00D010BD43681B680022D1
:108EB000C3F800250121E068FFF76DFFF4E730B546
:108EC00087B004464268036919680023019302933E
:108ED00003930493059305208DF8040081F8613015
:108EE000536813F0040F05D101A92046FFF742FE95
:108EF00007B030BDEFF31185202383F31288BFF351
:108F00006F8F02212046FFF7C5FF85F31188BFF35D
:108F10006F8FE9E770B50446466803691D68296CE0
:108F200019B1FFF72FFE00232B6495F862306BB167
:108F3000002385F8623063681B680022C3F80821AB
:108F4000D3F808312046FFF7BAFF70BD736813F0FD
:108F5000040FF0D02046FFF79CFE85F86000EAE79A
:108F600070B50E4603691D6843681C6805F108006A
:108F700001F086FAEFF31182202383F31288BFF306
:108F80006F8FEB6C53B1D4F8003223F02003C4F898
:108F900000320023C4F84C31D4F84C31002385F85A
:108FA000613016B1012385F862300123636082F3DA
:108FB0001188BFF36F8F002070BD08B503691B686F
:108FC0001B6C1BB10121FFF7CBFF08BD6FF00D003B
:108FD000FBE710B586B0044643681968D1F88024D1
:108FE00000230193029303930493059306238DF8C2
:108FF000043012F0010F08D112F0020F14D112F058
:10900000040F13D102F0080300E001238DF80830AB
:10901000C1F8802401A92046FFF7ACFD00212046BD
:10902000FFF79EFF06B010BD0223EFE70423EDE734
:1090300038B50369426815681A68D2F8A01051B1B2
:10904000002482F8B8401868683001F019FA01234A
:10905000EB60204638BD6FF00D00FBE708B5406BB4
:10906000FFF7E6FF08BD70B5054603691C68436855
:109070001E6804F1080001F003FAD6F83C3594F8B4
:1090800060101944002384F86030A36CC91A01D41D
:1090900000292CDC216C2846FFF774FDE36C236467
:1090A000236D63640023E3642365A36494F8613053
:1090B000E3B1EFF31182202383F31288BFF36F8FA4
:1090C000236CC3B1D6F84C3133B90123336000238C
:1090D000C6F84431D6F84431D6F8003223F02003E4
:1090E000C6F8003282F31188BFF36F8F70BD284637
:1090F000FFF762FDCEE701237360F3E710B5046963
:1091000040682368D3F8A420D3F8B010521A01D1D4
:10911000002010BD082A28BF0822C3F8AC2023680D
:10912000406AC3F8A8002368D3F8A010D3F8B03081
:10913000194401F0B8F90120EBE72DE9F04186B0C0
:109140000546436804691F68EFF31188202282F303
:109150001288BFF36F8F2268D2F8B410002946DB63
:10916000D2F8B4605B6813F0040F43D188F3118820
:10917000BFF36F8F2368D3F8A020002A34D093F870
:10918000B81000293FD1D3F8A8108A4206D0D3F8EE
:10919000AC20964247D0D3F8B0301E4420686830E7
:1091A00001F06EF900230193029303930493059356
:1091B0002368D3F8A030029303962368D3F8A43031
:1091C0009E4202D001238DF804304FF48003C7F88B
:1091D000083322680023C2F8A0302268C2F8A43005
:1091E00001A92846FFF7C6FC06B0BDE8F081D7F814
:1091F0004C65B7E74FF48003C7F8083301212846D0
:10920000FFF748FEB2E7EFF31186202383F31288BD
:10921000BFF36F8F21462846FFF7FFFD86F31188C5
:10922000BFF36F8FE0E7D3F8B0203244C3F8B0202B
:109230002846FFF763FF18B92368D3F8B060ADE79D
:10924000EFF31186202383F31288BFF36F8F21463B
:109250002846FFF7E2FD86F31188BFF36F8FC3E75F
:10926000436B5A6812681B691B68D2F8081199B1E0
:109270000021C2F80811D2F80821596530B583B031
:1092800003F10800D3E9162300240025CDE90045A9
:10929000FDF740FB03B030BD596D0131596504291C
:1092A000ECD1012353607047D0B582B003694268A6
:1092B00014681A68002151651B6803F10800D3E99E
:1092C000162300260027CDE90067FDF723FB0423C2
:1092D000C4F8083302B0D0BD38B545682C686B6857
:1092E00013F0010F23D100220823C4F80035EB6AE4
:1092F000C4F844350023C4F848350123A36072B98B
:10930000D4F82031002BFBD00023C4F82031D4F84E
:1093100020310123E3604FF48073C4F80433D4F8A0
:109320005831002BFBD00020C4F8000538BD01697E
:109330002046FAF7E9FE0028F8DB0122D4E710B551
:109340000446002201210820FEF7FEFF0820FEF758
:10935000F6FF00212046FAF7FDFE10BD2DE9F04191
:10936000064643681C680769D7F80080D4F80453A0
:109370002B4604224FF484712046FFF7A9FCE8BB7A
:109380002B464FF400724FF492712046FFF7A0FC79
:10939000C0BB2B4610224FF488712046FFF798FC83
:1093A000A0BB15F4002F05D0D4F84C3113B1D4F87C
:1093B0001031A3B315F4003F05D0D4F8443113B1F4
:1093C000D4F810319BB315F4807F02D0D4F820314B
:1093D000ABBB15F4800F02D0D4F858319BBB07F11A
:1093E0000803D3E8EF2F22F00401C3E8E01F0028B0
:1093F000F7D112F0040F2AD1BDE8F0813046FFF713
:1094000053FFBDE73046FFF7E4FDC2E70023C4F891
:109410001031D4F810313046FFF725FEC1E7C4F80B
:109420004C31D4F84C313046FFF717FCC2E7C4F892
:109430004431D4F844313046FFF76CFDC3E7304681
:10944000FFF765FBC5E73046FFF777FEC7E7D8F8BB
:1094500044103046FFF7B0FBD8F840103046FFF715
:1094600091FB0023C8F84430C8F840303046FFF77D
:1094700026FDC1E700B5A2F5807E4FEA9E0E4FF0B3
:10948000010C0CFA0EFC1CEA010F0DD0815809B931
:1094900000200AE00021815082581BB11A684CEA72
:1094A00002021A60012000E000205DF804FB70B5A4
:1094B00082B006460D460024019409E0A20001ABEB
:1094C00002F5A07229463046FFF7D4FF0134E4B21A
:1094D000032CF3D915F0010F02D0D6F8003143B9AF
:1094E00015F0020F02D0D6F8043163B9019802B02A
:1094F00070BD0023C6F80031D6F80031019B43F05F
:1095000001030193ECE70023C6F80431D6F80431D7
:10951000019B43F002030193E8E7401A20F07F40EB
:10952000704700F150039B009BB203F1502303F5F9
:1095300080331868003818BF0120704700F15003CD
:109540009B009BB203F1502303F5803300221A6085
:109550001B68704720F07F407047EFF31180202395
:1095600083F31288BFF36F8F704780F31188BFF3C6
:109570006F8F7047F0B585B0044617461D46FAF761
:1095800087FE06469DF8303002930B9B01930A9BA1
:1095900000933A462B462046FAF738FF05463146F7
:1095A0002046FAF7C3FE284605B0F0BD08B5FAF725
:1095B0000DFF08BD08B5FDF7EDF908BD08B5F8F7D2
:1095C000CBFCF8F7DFFDFFF7F5FF08BD4FF47F0395
:1095D000D3F83021D3F83431072A01D00020704766
:1095E000023B002B04D8DFE803F0010001207047A4
:1095F000002070474FF47F03D3F83021D3F8343183
:10960000072A01D000207047042B07D008D8023B5E
:10961000012B01D8012070470020704700207047BF
:10962000002070474FF47F03D3F83021D3F8343152
:10963000072A01D000207047023B002B04D8DFE846
:1096400003F0010001207047002070474FF47F03B2
:10965000D3F83021D3F83431072A01D000207047E5
:10966000012070474FF47F03D3F83021D3F8343111
:10967000072A01D000207047023B002B04D8DFE806
:1096800003F0010001207047002070474FF47F0372
:10969000D3F83021D3F83431072A01D000207047A5
:1096A000023B002B04D8DFE803F0010001207047E3
:1096B000002070474FF47F03D3F83021D3F83431C2
:1096C000072A01D000207047023B002B04D8DFE8B6
:1096D00003F0010001207047002070474FF47F0322
:1096E000D3F83021D3F83431072A01D00020704755
:1096F000012070474FF47F03D3F83021D3F8343181
:10970000072A01D000207047042B03D8022B03D373
:1097100000207047012070470120704708B580473E
:1097200008BD08B500F09BFB08BD40F00040C1F843
:109730008000704740F00040C1F88000704738B5A5
:1097400004461546FFF7F1FF29462046FFF7F2FFD2
:1097500038BD0346032929D8DFE801F0020D18239C
:10976000D3F81804C0F300400AB3D3F8183403F058
:10977000030313707047D3F80C04C0F30040B2B178
:10978000D3F80C3403F0010313707047D3F85C0472
:10979000C0F300405AB1D3F85C3403F001031370F6
:1097A0007047D3F85404C0F300407047002070475E
:1097B0000120704708B50520F9F700FA00B108BD8F
:1097C0000520FEF7BCFDFAE770B582B00646032817
:1097D00040D8DFE800F00225191F0C224FF48273F5
:1097E00002214FF05020C0F80813024401211160FB
:1097F000034400221A601B688DF807108E4214D0B3
:10980000002542F2107418E024224FF492734FF4B2
:109810000071E6E71C224FF490734FF48071E0E78B
:1098200004224FF480730121DBE70DF10705E8E71F
:109830000120FFF776FF013C0CD02A4631464FF05D
:109840005020FFF786FF28B1002DF1D09DF807309A
:10985000012BEDD002B070BD38B504460378022B61
:1098600006D0012B00D000231D461BB1284638BD71
:109870000123F9E70020FFF7A7FFFFF799FF20700A
:10988000F4E708B5FFF7A0FF08BD08B5FBF700F93E
:1098900008BD10B401F5A27150F8214024F44F34F2
:1098A00024F4407440F8214050F82140120202F4A0
:1098B0007C521B0403F440331A43144340F8214004
:1098C00010BC704710B401F5A27150F8214024F487
:1098D000991424F4F85440F8214050F82140120221
:1098E00002F47C521B0403F440331A439DF8043005
:1098F0001B0503F480131A43144340F8214010BCA5
:10990000704700B5A2F5807E4FEA9E0E4FF0010C25
:109910000CFA0EFC1CEA010F0DD0815809B9002089
:109920000AE00021815082581BB11A684CEA0202F9
:109930001A60012000E000205DF804FBF0B583B060
:1099400007460D4616460024019409E0E2B2920053
:1099500001AB02F5807229463846FFF7D2FF013489
:10996000B442F3D3002D02DB019803B0F0BD01AB8C
:109970004FF4BE7229463846FFF7C3FFF4E700B53F
:1099800083B00021019100910B460122FBF78AF878
:1099900003B05DF804FB00B585B08DF80F100DF134
:1099A0000F030193002100910B460A46FBF7A4F830
:1099B00005B05DF804FB38B50D460079FBF764F996
:1099C00004462846FBF756F9083034F8100000F03A
:1099D000010038BD38B50D460079FBF755F904464E
:1099E0002846FBF747F9083034F81000C0F3401060
:1099F00038BD38B50D460079FBF746F904462846D0
:109A0000FBF738F9083034F8100010F01C0018BFCC
:109A1000012038BD38B50D460079FBF735F904460D
:109A20002846FBF727F9083034F81000C0F340004F
:109A300038BD38B504460D46FFF7ECFF30B1294676
:109A40002046FFF7C7FF18B1012000E0002038BD15
:109A50000020FCE708B5FFF7DDFF80F00100C0B291
:109A600008BD7047704738B50D460079FBF70CF913
:109A700004462846FBF7FEF8083034F81000400B87
:109A800038BD032894BF00200120704770B50646FA
:109A90000D46002404E04FF0FF33AB4211D00134F7
:109AA0002F2C0CD83079FBF7EFF804F1080330F8CD
:109AB000133013F4807FEED0C3F34323EDE700208F
:109AC00000E0012070BD38B504460D46FFF782FF67
:109AD000B8B129462046FFF7BDFF90B12946204680
:109AE000FFF7C1FF226801238340C2F808332268D0
:109AF00000F5A27052F8203023F0030342F8203022
:109B000003E000212846FFF746FF38BDF8B50646BA
:109B10000F4615460024002C03DD4FF0FF3420468D
:109B2000F8BD3079FBF7B0F850F83430BB4201D0C3
:109B30000134F0E700EBC4035B68AB42F8D1EEE719
:109B400038B50C460079FBF79FF805462046FBF731
:109B500091F8083035F81030C3F38203042B09D094
:109B6000052B01D1022006E02046FBF725F818B1AD
:109B7000032000E0032038BD0220FCE710B50446B6
:109B80000846FBF777F8083034F8103013F4807F7C
:109B900004D0C3F3432304EBC30010BD0020FCE753
:109BA00070B504460E4615460079FBF76DF88660E1
:109BB0002079FBF769F8C56070BD08B50079FBF73F
:109BC00063F890F88C00003818BF012008BD70B50C
:109BD00004460D461646FFF7FDFE00B32946204613
:109BE000FFF738FFD8B129462046FFF73CFF22682F
:109BF000830003F580739BB2002199509B58226823
:109C000000F5A27152F8213043F0010342F82130EF
:109C1000B6B1226801238340C2F8043310E0236800
:109C2000D3F80423002A03DB4FF00042C3F80423D7
:109C300029462046FFF784FF01462846FFF7ABFE82
:109C400070BDF8B504460D461646FFF797FF20B1E4
:109C50000768426831462846B847A3681BB1E268E6
:109C6000314628469847F8BDF8B507460E461446D3
:109C70001D461046FFF705FF60B9022D1DD00221D9
:109C80003046FFF788FE032C1BD0022D17D0032D82
:109C90001DD0F8BD224631463846FFF7D2FF304688
:109CA000FAF79EFFA842F4D100213046FFF773FE79
:109CB00029463046FFF76FFEEBE70321E0E7012C72
:109CC000E5D1224631463846FFF7BBFFE1E7022CDB
:109CD000DFD1F6E770B505460846FAF7CBFF044634
:109CE0002879FAF7D1FF04F1080330F8133013F4A0
:109CF000807F0BD0C3F34326083423F4F85320F8B5
:109D0000143031462846FFF7C1FE00B170BD2879F6
:109D1000FAF7BAFF002340F836302879FAF7B4FF93
:109D200031467830FAF7A4FDF0E770B504460D46E9
:109D3000FFF750FE58B1266829462046FFF793FEEC
:109D400000F5A270002346F8203046F8203029465E
:109D50002046FFF7BFFF2079FAF796FF0446284612
:109D6000FAF788FF0830002324F8103070BD70B572
:109D700004460D461E4604984FF0000C01E00CF11D
:109D8000010C84450ED25FFA8CF2920002F58071CC
:109D90009208012303FA02F21542F0D00023635027
:109DA0006358ECE7002D04DA0023C4F87C31D4F8C2
:109DB0007C3144F30730FEF7C2FA0EB1C4F8045305
:109DC00070BDF8B506460D46144619E094FAA4F3A2
:109DD000B3FA83F301229A4024EA020403F13C021D
:109DE00005EB4202978803F5A27356F82300C0F3EF
:109DF0000140FFF736FE024639462846FFF721FFAD
:109E0000002CE3D1F8BD08B5FBF756F808BD08B53E
:109E1000FAF742FF08BD08B5FFF7C2FE08BD08B556
:109E2000FAF7B8FF08BD08B5FBF71AF908BD08B581
:109E3000FFF7C3FE08BD08B5FBF7EEF808BD08B58F
:109E4000FBF704F908BD08B5FAF7E8FF08BD08B547
:109E5000FFF7BDFE08BD08B5FFF735FE08BD00B928
:109E6000704708B5FEF7B2FB08BD60B1C3685A7809
:109E700012F0010F03D01B781BB1002070470020A7
:109E800070470120704700207047EFF311832023B3
:109E900083F31288BFF36F8FFEE710B50446436962
:109EA00083B1984730B100280ADBFF2800DDFF208E
:109EB000E3681870E268537843F00103537010BDF3
:109EC0004042F2E70020F5E708B500F013FB08BDBB
:109ED00008B500F0E8FA08BD4169836841EA030269
:109EE00012F0030F10D10022C2600269013A02FB96
:109EF000013304E0C2681A60C36042699B1A826839
:109F00009A42F7D9002070476FF015007047012082
:109F1000704710B50446036142618160002383618C
:109F2000FFF7DAFF002801DB2460646010BD2DE933
:109F3000F84304460D46FFF7EAFFB0B104F1080705
:109F4000EFF31186202383F31288BFF36F8FE3684A
:109F5000A3B1E3682B60E560A369013BA36186F3CD
:109F60001188BFF36F8FBDE8F883002383F3118856
:109F7000BFF36F8F0423184602DFF4E7D4F80080A4
:109F8000444517D0B8F1000918BF4FF00109B8F1E6
:109F9000000F12D1B9F1000FDBD00023C8F8AC30AC
:109FA000C8F81050404600F00BF931463846FCF72F
:109FB00033F8D8E74FF00008E4E7D8F80420D8F8E1
:109FC000003013605A600023C8F80030C8F804302D
:109FD00098F80D2022F0020288F80D20C8F8083009
:109FE00008F1180000F0FEF9D4E708B5EFF311838B
:109FF000202383F31288BFF36F8FFEF7BDF9F5E7D7
:10A0000000BF7047884200DA014611F17F0F01DB83
:10A01000084670476FF07E00704708B5806890F979
:10A020000E308B4201D1002008BDFBF74FFFFBE74C
:10A03000034600209860D8601B605B6070473AB1AF
:10A040008A4208D38160C26000604060002070478F
:10A050006FF0150070476FF015007047F8B50546B2
:10A060000E46D41D24F007040F193946F8F782F97B
:10A07000073020F00700C5F89460C5F89840C5F88F
:10A080009C00381AF8BDEFF30580003818BF012096
:10A0900070477430704710B40024846003734273B7
:10A0A0008173C4738461C46110BC7047F0B587B01C
:10A0B0000446129E139D00270597109F04970F9F3B
:10A0C00003970E9F02970D9F01970C9F0097FBF738
:10A0D000C9FCB5F1FF3F08BFB6F1FF3F02D12046F2
:10A0E00007B0F0BD32462B462046FBF79BFCF6E757
:10A0F0000020704738B504460D46FBF799FD637B99
:10A1000043F00203637335B3A5602B689D420DD104
:10A1100000230BE05A686260236014605C601AE000
:10A120001A4669688A420FD01B687BB173B194F9F3
:10A130000E1093F90E209142F2D0521A002AE9DC57
:10A140001A46002BEDD1F0E70023EEE76B6825609F
:10A1500063601C606C6038BD08B5183000F042F9CF
:10A1600008BD70B50646046884421AD0DCB1626846
:10A17000236813605A60002525606560637B23F0C7
:10A1800002036373A56004F1180000F02BF9C4F812
:10A19000AC502046FBF7F2FC3468A642E6D12C46D0
:10A1A000E4E70024E2E770BD70B5044616461D469C
:10A1B000FFF7A0FF32462B462046FBF7F7FD70BDA8
:10A1C00038B504460023EFF31185202282F312886C
:10A1D000BFF36F8F04E085F31188BFF36F8F012306
:10A1E00043B92046FFF784FF0028F4D12046FBF74F
:10A1F000C5FCF0E738BD0023EFF31181202282F384
:10A200001288BFF36F8F10E04268036813605A60D2
:10A21000002303604360427B22F0020242738360AA
:10A2200081F31188BFF36F8F01231BB98368002B63
:10A23000EAD1F5E7704738B504460023EFF31185FE
:10A24000202282F31288BFF36F8F0BE0637B23F031
:10A25000040363732046FBF791FC85F31188BFF379
:10A260006F8F01239BB9637B13F0280FF5D1A3688F
:10A27000002BEBD06268236813605A6000232360D0
:10A280006360627B22F002026273A360DEE738BD86
:10A2900008B501211838FFF7CEFF08BD014600239D
:10A2A000EFF3118C202282F31288BFF36F8F1846D0
:10A2B00005E000208CF31188BFF36F8F01238BB969
:10A2C00008688142F5D00028F4D042680368136022
:10A2D0005A60002303604360427B22F00202427313
:10A2E0008360E7E7704708B5EFF31180202383F31D
:10A2F0001288BFF36F8FFBF7A5FE08BD031D4360F7
:10A300008360704738B504460D46FBF759FF844615
:10A310002046B5F1FF3F08BFB4F1FF3F2CD04FEA14
:10A32000EC72510141EADC614FEA4C13B3EB0C03D0
:10A3300061EB0201890041EA93719B0013EB0C0071
:10A3400042EB0103DB0043EA5073C00047F6FF72A3
:10A35000801843F10003B0F5004F73F100020AD3F7
:10A360006FF40042824243F6FF729A4105D3C00B5C
:10A3700040EA434000E0002038BD6FF00040FBE7BA
:10A3800010B50446FCF70EF948B10246036941696D
:10A3900020691B18606941EB00011361516162681B
:10A3A000236813605A6000232360636010BD10B5FA
:10A3B0000446FCF7EDF878B1036942691B1B62EBB8
:10A3C000E472B3F1004F72F1000108DA002A01DBF8
:10A3D000184610BD0023FBE76FF00040F9E76FF06F
:10A3E0000040F6E7F8B504460023EFF3118720227A
:10A3F00082F31288BFF36F8F6FF015000CE0FCF74B
:10A40000DDF8FFF7D4FF0021FAF7FEF8304687F3B6
:10A410001188BFF36F8F01231E468BB92368002B71
:10A42000F5D0FCF7B5F805462046FFF7A9FF002256
:10A430004FF00043C4E90423A542E0D03046E6E7EC
:10A44000F8BD08B5FCF7CAF908BD08B5FCF7C6F9B0
:10A4500008BD08B5EFF31180202383F31288BFF302
:10A460006F8FFBF7EFFD08BD0162426200230363BB
:10A4700000F118028261C261036043604363704768
:10A4800010B50446FFF7AEFF60B9636A0BB1204612
:10A49000984704F11800FFF701FF18B1FFF790FE8D
:10A4A000FFF7D7FF10BD0A44431E914200D1704709
:10A4B00010B511F8014B914203F8014FF9D110BDCD
:10A4C000884210B501EB020402D98442234607D822
:10A4D000431EA14208D011F8012B03F8012FF8E721
:10A4E000024401468A4200D110BD13F8014D02F822
:10A4F000014DF7E702440346934200D1704703F849
:10A50000011BF9E710B50139044632B111F8013FDA
:10A51000013A00F8013B002BF7D10021FFF7EAFFD9
:10A52000204610BD0246014410B58A42134603D0AE
:10A530001C780132002CF8D1181A10BDF0B5C3F107
:10A540003707044603F01F031046FFB2082BE6B29C
:10A5500032D0102B3DD06508A40845EAC17544EA05
:10A5600081748A082D1942EB5102290941EA0271CE
:10A570006D1842EB1212290A41EA02616D1842EB92
:10A580001222290C41EA02416D1842EB1242AD1829
:10A5900042F10002EC0844EA4274D10804EB840260
:10A5A000A6EB4205EDB2092D0CD90134A5F10A053F
:10A5B00041F10001EDB212E0E40806F0070544EABB
:10A5C0004174C908303554EA010200F8015BBDD17D
:10A5D000F0BD240906F00F0544EA01740909092DAC
:10A5E00084BFED19EDB2EDE7D1E9043293421EBF0D
:10A5F0005A1C0A61187070470148006870470000D3
:10A6000090100020845BFF7F01000000000000002C
:10A6100064A60000195700000000000000000000C0
:10A62000A4A600000000000084A60000B59500006C
:10A630000000000000000000C4A600006136000019
:10A6400000000000B1440000000000008114000080
:10A65000000000001131000000000000BD95000066
:10A660000000000060B40000A4B4000094A9000041
:10A6700020010020FC1000207535000000000000C3
:10A6800000000000D4B40000ECB4000070A9000089
:10A6900022010020A0110020393A00000000000033
:10A6A00000000000E0B4000004B5000070A9000044
:10A6B00024010020AC110020393A00000000000005
:10A6C0000000000048B5000064B50000B0A900001B
:10A6D00026010020840000203F93000000000000BD
:10A6E0000000000000000000558300000000000092
:10A6F00055830000000000005583000000000000AA
:10A70000558300000000000055830000194A000036
:10A710001D970000000000005583000000000000AD
:10A7200055830000C4A600005D93000000000000F7
:10A730005583000000000000558300000000000069
:10A74000558300000000000055830000D151000037
:10A750001D9700000000000055830000000000006D
:10A760005583000000000000558300000000000039
:10A770005583000000000000558300000000000029
:10A780005583000000000000558300000000000019
:10A79000C9450000000000005583000000000000D3
:10A7A00055830000000000005583000000000000F9
:10A7B00055830000000000005583000000000000E9
:10A7C00055830000000000005583000000000000D9
:10A7D00055830000000000005583000000000000C9
:10A7E00055830000000000005583000000000000B9
:10A7F00055830000000000005583000000000000A9
:10A800005583000000000000558300000000000098
:10A810005583000000000000558300000000000088
:10A820005583000000000000558300000000000078
:10A830005583000000000000558300000000000068
:10A840005583000000000000558300000000000058
:10A850005583000000000000558300000000000048
:10A860005583000000000000558300000000000038
:10A870005583000000000000558300000000000028
:10A880005583000000000000558300000000000018
:10A890005583000000000000558300000000000008
:10A8A00055830000000000005583000000000000F8
:10A8B00055830000000000005583000000000000E8
:10A8C00055830000000000005583000000000000D8
:10A8D00055830000000000005583000000000000C8
:10A8E00055830000000000005583000000000000B8
:10A8F00055830000000000005583000000000000A8
:0CA900005583000000000000558300009B
:10A9100078020020881800200004000035040000A0
:10A920000000000000000000000000000500000022
:10A9300000000000B4AA00000000000000000000B9
:10A94000C8010020881400200004000061040000F9
:10A9500000000000000000000000000005000000F2
:10A9600000000000A8AA0000000000000000000095
:10A9700085380000DD890000E9890000FD890000BC
:10A98000078A0000118A000085370000518A000004
:10A99000000000003D350000EB8700002D8800001E
:10A9A00000000000FF860000000000000000000022
:10A9B000458C0000FD3F000031900000513E00003A
:10A9C000EB8B0000BB8F0000EF8C0000AD3D000062
:10A9D0003F8B0000A8AB000003000000C0AA0000ED
:10A9E000030000007CAB00000300000064AC00002A
:10A9F0000300000094B4000003000000A4AC0000B9
:10AA000003000000A8AC00000300000010AE00002E
:10AA10000300000094B3000003000000E0B6000053
:10AA20000300000040B400000300000054B5000023
:10AA30000300000034AE00004C000020FCAD00001C
:10AA400001000000040000000F00000001000000F1
:10AA500008000000200000006000000070000000FE
:10AA60000D0000000C0000000E000000500000006F
:10AA700074000000A8000000FFFFFFFFFFFFFFFFC2
:08AA8000FFFFFFFFFFFFFFFFD6
:10AA900000258450002884500000000000000000C1
:10AAA0000338FDD870470000746872656164315FD7
:10AAB00069640000746872656164305F69640000F5
:10AAC0004D41494E5F4300004F4E00004F46460047
:10AAD0005455524E4544204C4544302025730000C7
:10AAE0005455524E4544204C4544312025730000B6
:10AAF00055415254204953204E4F54205245414411
:10AB0000590A0000554152542043414C4C424143A4
:10AB10004B204E4F542052454749535445524544CB
:10AB2000205355434345535346554C4C5900000060
:10AB300055415254205258204E4F5420454E4142C8
:10AB40004C4544205355434345535346554C4C596B
:10AB500000000000554152542044415441204E4FC2
:10AB600054205452414E534D49545445442053555A
:10AB7000434345535346554C4C590000554152549C
:10AB80005F43000084A600000700000084A60000C8
:10AB9000060000004C4544275320415245204E4FAB
:10ABA00054205245414459004C45445F4300000045
:10ABB00084A600000700000084A600000600000034
:10ABC00028756E7369676E656429206368617220F9
:10ABD0002A207573656420666F72202525702061B8
:10ABE0007267756D656E742E2049742773207265C7
:10ABF000636F6D6D656E64656420746F206361734F
:10AC00007420697420746F20766F6964202A206232
:10AC1000656361757365206974206D617920636176
:10AC2000757365206D69736265686176696F7220FE
:10AC3000696E206365727461696E20636F6E666908
:10AC40006775726174696F6E732E20537472696ECA
:10AC5000673A2225732220617267756D656E743ABA
:10AC60002564000063627072696E74665F70616370
:10AC70006B616765000000006C6F6767696E670055
:10AC8000D803002000010000E57F00003B7F0000AA
:10AC900002000000ED810000000000000000000044
:10ACA000000000006C6F67006C6F675F6D676D740C
:10ACB000000000004D6573736167652028222573CD
:10ACC00022292064726F707065642062656361750B
:10ACD00073652069742065786365656473207369A2
:10ACE0007A65206C696D69746174696F6E202825BE
:10ACF000752900004D6573736167652064726F701C
:10AD00007065642062656361757365206974206590
:10AD10007863656564732073697A65206C696D6911
:10AD2000746174696F6E2028257529005B253038A1
:10AD30006C755D20000000005B253032753A2530CF
:10AD400032753A253032752E253033752C25303347
:10AD5000755D20001B5B306D0000000025732E0028
:10AD600025733A20000000003C25733E20000000BF
:10AD700025732F0025732000253032782000000035
:10AD8000202020007C00000025630000206D6573FA
:10AD900073616765732064726F70706564202D2D18
:10ADA0002D0D0A1B5B306D001B5B313B33316D2D6C
:10ADB0002D2D20001B5B313B33316D001B5B313B84
:10ADC00033336D006572720077726E00696E6600D3
:10ADD0006462670000000000B4AD0000BCAD00007C
:10ADE000000000000000000000000000C4AD0000F2
:10ADF000C8AD0000CCAD0000D0AD00006C6F675F47
:10AE00006261636B656E645F75617274000000005F
:10AE10006C6F675F756172740000000024AE000003
:10AE20004C0B0020111F0000640B0020700B002051
:10AE300001000000BB820000AD820000998200008A
:10AE40008D820000000000008182000000000000F0
:10AE50002A2A2A20426F6F74696E67206E5246203C
:10AE6000436F6E6E6563742053444B2076332E31EE
:10AE70002E312D65326139376665323537386120BC
:10AE80002A2A2A0A000000002A2A2A205573696EFD
:10AE900067205A6570687972204F532076342E31BE
:10AEA0002E39392D66663866306335373965656207
:10AEB000202A2A2A0A00000000000000D782000091
:10AEC0006D757465785F696E69742063616C6C651B
:10AED000642077697468204E554C4C207061726113
:10AEE0006D65746572000000436F756C64206E6F51
:10AEF0007420616C6C6F63617465206D7574657826
:10AF0000206265666F726520696E697469616C693B
:10AF10007A696E67000000006C0000206400002069
:10AF20005C0000200000000054000020FD20000014
:10AF3000A120000025200000B91F000072302F6101
:10AF4000313A2020307825303878202072312F6136
:10AF5000323A2020307825303878202072322F6124
:10AF6000333A2020307825303878000072332F6152
:10AF7000343A2020307825303878207231322F69E9
:10AF8000703A2020307825303878207231342F6C98
:10AF9000723A20203078253038780000207870739D
:10AFA000723A202030782530387800004661756C80
:10AFB00074696E6720696E737472756374696F6EFD
:10AFC000206164647265737320287231352F706359
:10AFD000293A20307825303878000000556E6861B5
:10AFE0006E646C6564204952516E3A2025640000FD
:10AFF000535053454C20696E20746872656164201B
:10B000006D6F646520646F6573206E6F7420696E68
:10B010006469636174652050535000002A2A2A2A0B
:10B020002A205553414745204641554C54202A2A51
:10B030002A2A2A0020204469766973696F6E20628B
:10B0400079207A65726F00002020556E616C696707
:10B050006E6564206D656D6F7279206163636573E1
:10B06000730000002020537461636B206F7665725B
:10B07000666C6F772028636F6E74657874206172D8
:10B080006561206E6F742076616C69642900000030
:10B0900020204E6F20636F70726F636573736F72E1
:10B0A00020696E737472756374696F6E730000004B
:10B0B0002020496C6C6567616C206C6F6164206F47
:10B0C00066204558435F52455455524E20696E7470
:10B0D0006F205043000000002020496C6C656761C0
:10B0E0006C20757365206F66207468652045505329
:10B0F000520000002020417474656D707420746FDC
:10B10000206578656375746520756E646566696E23
:10B11000656420696E737472756374696F6E000084
:10B120002A2A2A2A2A204465627567206D6F6E6973
:10B13000746F7220657863657074696F6E202A2A57
:10B140002A2A2A0052657365727665642045786301
:10B15000657074696F6E202800000000537075726E
:10B16000696F757320696E746572727570742028CA
:10B1700049525120000000002A2A2A2A2A20257339
:10B1800020256429202A2A2A2A2A00002A2A2A2A53
:10B190002A204D5055204641554C54202A2A2A2A0F
:10B1A0002A0000002020537461636B696E6720657C
:10B1B00072726F722028636F6E746578742061728A
:10B1C0006561206D69676874206265206E6F742008
:10B1D00076616C69642900002020556E7374616388
:10B1E0006B696E67206572726F7200002020446187
:10B1F0007461204163636573732056696F6C617479
:10B20000696F6E0020204D4D4641522041646472AA
:10B210006573733A20307825780000002020496E4D
:10B22000737472756374696F6E20416363657373C1
:10B230002056696F6C6174696F6E00002020466C47
:10B240006F6174696E672D706F696E74206C617ABE
:10B2500079207374617465207072657365727661AC
:10B2600074696F6E206572726F7200002A2A2A2A32
:10B270002A20425553204641554C54202A2A2A2A36
:10B280002A0000002020537461636B696E6720659B
:10B2900072726F7200000000202050726563697343
:10B2A00065206461746120627573206572726F72CB
:10B2B0000000000020204246415220416464726533
:10B2C00073733A2030782578000000002020496D03
:10B2D000707265636973652064617461206275735F
:10B2E000206572726F7200002020496E737472754F
:10B2F0006374696F6E20627573206572726F72007D
:10B300002A2A2A2A2A2048415244204641554C5490
:10B31000202A2A2A2A2A00002020427573206661EA
:10B32000756C74206F6E20766563746F7220746123
:10B33000626C652072656164000000002020446535
:10B34000627567206576656E740000002020466196
:10B35000756C7420657363616C6174696F6E20280D
:10B360007365652062656C6F772900004152434820
:10B370005F45584345505420776974682072656171
:10B38000736F6E2025780A00000000200000000086
:10B39000060001006D7075004661696C656420747B
:10B3A0006F20616C6C6F63617465206E6577204DF2
:10B3B000505520726567696F6E2025750A00000080
:10B3C000506172746974696F6E2025753A207361DB
:10B3D0006E69747920636865636B206661696C656A
:10B3E000642E0000496E76616C696420756E646538
:10B3F000726C79696E6720726567696F6E20696E1D
:10B4000064657820257500000200000020B400006B
:10B41000464C4153485F30005352414D5F3000006D
:10B420000000000010B4000006000000E0FF0F0064
:10B430000000002018B4000021000000E0FF0620FA
:10B44000736F6300212025245D860000FD850000C8
:10B45000000000003D3300001D330000000000002C
:10B46000636C6F636B403530303000006866636C2E
:10B470006B0000006C66636C6B0000006866636CB8
:10B480006B3139326D0000006866636C6B61756406
:10B49000696F0000636C6F636B5F636F6E74726FD4
:10B4A0006C000000C1330000313400006CB40000B7
:10B4B0006B8800009388000074B40000618800006D
:10B4C000898800007CB40000578800007F88000055
:10B4D00088B400006770696F40383432383030000B
:10B4E0006770696F4038343235303000FFFF00003C
:10B4F00000288450000000000100000000D000502F
:10B5000000000000FFFFFFFF002584500000000046
:10B510000000000000D00050000000000001020305
:10B52000040506070B0000004661696C6564207421
:10B530006F20616C6C6F63617465205050492043CB
:10B5400068616E6E656C00007561727440383030F1
:10B5500030000000756172745F6E7266785F7561AD
:10B5600072746500008000500500000000000000BB
:10B5700098B500000000D6010000000000000000A7
:10B580000000000000000000C0110020B8110020E1
:10B59000801400207F14002000800050A4B500001B
:10B5A00001000000ACB50000040000001400000021
:10B5B00013000002160600011506000300203030BB
:10B5C000303030303030303030303030000100003A
:10B5D0000001000008000000030000004350552057
:10B5E000657863657074696F6E000000556E686100
:10B5F0006E646C656420696E746572727570740037
:10B60000537461636B206F766572666C6F770000B0
:10B610004B65726E656C206F6F7073004B65726E58
:10B62000656C2070616E696300000000556E6B6E82
:10B630006F776E206572726F72000000756E6B6EB0
:10B640006F776E0048616C74696E672073797374EC
:10B65000656D00003E3E3E205A45504859522046F6
:10B660004154414C204552524F522025643A2025E6
:10B6700073206F6E20435055202564004661756C21
:10B680007420647572696E6720696E746572727574
:10B6900070742068616E646C696E670A0000000057
:10B6A00043757272656E74207468726561643A20C5
:10B6B000257020282573290069646C65000000004E
:10B6C0006D61696E000000000CA600000CA6000071
:10B6D00044A600004CA6000064A6000064A600007A
:10B6E0006F730000FF8FFFFFFF8FFFFFFE8FFFFFD5
:10B6F000FE8FFFFFFD8FFFFFFC8FFFFFFC8FFFFF23
:10B70000FB8FFFFF6D757465785F667265652063FA
:10B71000616C6C65642077697468204E554C4C20D0
:10B72000706172616D6574657200000043616E271F
:10B730007420696E697469616C697A65206D7574CD
:10B7400065782C20776173204E554C4C0D0A000013
:10B75000436F756C64206E6F74206C6F636B207028
:10B760006F7765722073617665206D7574657800FA
:10B7700000202020202020202020282828282820C1
:10B7800020202020202020202020202020202020B9
:10B790002088101010101010101010101010101021
:10B7A0001004040404040404040404101010101011
:10B7B00010104141414141410101010101010101DB
:10B7C000010101010101010101010101101010102D
:10B7D00010104242424242420202020202020202AD
:10B7E0000202020202020202020202021010101001
:10B7F0002000000000000000000000000000000029
:10B800000000000000000000000000000000000038
:10B810000000000000000000000000000000000028
:10B820000000000000000000000000000000000018
:10B830000000000000000000000000000000000008
:10B8400000000000000000000000000000000000F8
:10B8500000000000000000000000000000000000E8
:10B8600000000000000000000000000000000000D8
:10B8700000286E756C6C29002A666C6F61742A0052
:10B8800054687265616431203A2048617070792093
:10B890004E657720596561722032303236204D79FD
:10B8A000205769666579200D0A00000054687265AA
:10B8B000616420302052756E6E696E67200D0A003B
:10B8C000C4A60000137600006F7F00001CAE0000CD
:10B8D00000000000780100203A0000008C010020E8
:10B8E0003A000000640100203A000000A00100209E
:10B8F0003A00000000000000AB85000000000000DE
:10B9000000000000180800200000000000000000F7
:10B91000000000000090D003007001500000000003
:10B92000FFFFFFFF3F000000FFFFFFFF3F000000A1
:10B93000FF00000090020000B8000020B8000020C6
:10B9400000000000CD69000004010020FC00002080
:10B95000F400002000000000EC000020F96A000064
:10B96000456A0000796A0000C16A0000A412002044
:10B970003A00003AA81200203A00003AAC12002027
:10B980003A00003AB01200203A00003A14010020B8
:10B99000D8000020D0000020CC000020C8000020EB
:10B9A0000000000000000000000000000000000097
:10B9B0000000000000000000000000000000000087
:10B9C0000000000000000000000000000000000077
:10B9D0000000000000000000000000000000000067
:10B9E000000000006401002064010020000000004D
:10B9F000000000000E000000780100207801002007
:10BA000000000000000000000E0000008C0100207B
:10BA10008C01002000000000000000000E0000006B
:10BA2000A0010020A0010020000000000000000094
:10BA30000E000000B4010020B4010020000000004E
:08BA40000100000015E015E013
:00000001FF
