:10000000682E00202D390000A95B0100193900007D
:100010001939000019390000193900001939000098
:10002000000000000000000000000000AD3A0000E9
:100030001939000000000000453A0000193900009D
:10004000613C0000613C0000613C0000613C00003C
:10005000613C0000613C0000613C0000613C00002C
:10006000613C0000613C0000613C0000613C00001C
:10007000613C0000613C0000613C0000613C00000C
:10008000613C0000613C0000613C0000613C0000FC
:10009000613C0000613C0000613C0000613C0000EC
:1000A000613C0000613C0000613C0000613C0000DC
:1000B000613C0000613C0000613C0000613C0000CC
:1000C000613C0000613C0000613C0000613C0000BC
:1000D000613C0000613C0000613C0000613C0000AC
:1000E000613C0000613C0000613C0000613C00009C
:1000F000613C0000613C0000613C0000613C00008C
:10010000613C0000613C0000613C0000613C00007B
:10011000613C0000613C0000613C0000613C00006B
:10012000613C0000613C0000613C0000613C00005B
:10013000613C0000613C0000613C0000613C00004B
:10014000613C0000613C0000613C0000613C00003B
:04015000613C00000E
:100154004FF0FF3C06E000BF4FF0010C02E000BF8F
:100164004FF0010C4DF804CD4FEA410C7FEA6C5C72
:100174004FEA430C18BF7FEA6C5C1BD001B050EA15
:10018400410C0CBF52EA430C91EA030F02BF90EA00
:10019400020F0020704710F1000F91EA030F58BFBF
:1001A400994208BF90422CBFD8176FEAE37040F021
:1001B400010070474FEA410C7FEA6C5C02D150EABF
:1001C400013C07D14FEA430C7FEA6C5CD6D152EA7A
:1001D400033CD3D05DF8040B704700BF844610463F
:1001E40062468C461946634600E000BF01B5FFF73E
:1001F400B7FF002848BF10F1000F01BD4DF808ED0E
:10020400FFF7F4FF0CBF012000205DF808FB00BFDE
:100214004DF808EDFFF7EAFF34BF012000205DF838
:1002240008FB00BF4DF808EDFFF7E0FF94BF012085
:1002340000205DF808FB00BF4DF808EDFFF7CEFF86
:1002440094BF012000205DF808FB00BF4DF808EDC5
:10025400FFF7C4FF34BF012000205DF808FB00BF96
:100264004FF0FF3C06E000BF4FF0010C02E000BF7E
:100274004FF0010C4DF804CD4FEA40024FEA410320
:100284007FEA226C18BF7FEA236C11D001B052EAD6
:10029400530C18BF90EA010F58BFB2EB030088BF9C
:1002A400C81738BF6FEAE17018BF40F0010070470B
:1002B4007FEA226C02D15FEA402C05D17FEA236CED
:1002C400E4D15FEA412CE1D05DF8040B704700BF34
:1002D400844608466146FFE70FB5FFF7C9FF0028CB
:1002E40048BF10F1000F0FBD4DF808EDFFF7F4FF04
:1002F4000CBF012000205DF808FB00BF4DF808ED9D
:10030400FFF7EAFF34BF012000205DF808FB00BFBF
:100314004DF808EDFFF7E0FF94BF012000205DF8E1
:1003240008FB00BF4DF808EDFFF7D2FF94BF012092
:1003340000205DF808FB00BF4DF808EDFFF7C8FF8B
:1003440034BF012000205DF808FB00BF53B94AB94F
:10035400002908BF00281CBF4FF0FF314FF0FF30C9
:1003640000F062BDADF1080C6DE904CE00F078FD3B
:10037400DDF804E0DDE9022304B0704703685A00A5
:100384004CBF43F0004323F00043184470472DE969
:10039400F0470646174641B301394FF00009884635
:1003A40009EB080404EBD474641006EBC4054FEAAB
:1003B400C40A2846FFF7E2FFA14204D1B84204D898
:1003C4002846BDE8F087B84204D9A1450DD004F110
:1003D400FF38E5E70AF108003044FFF7CFFF0138A2
:1003E400B842EDD204F10109DAE70025E8E7012873
:1003F40006D0022806D00028034818BF0020704702
:1004040002487047024870470D0A0000110A0000B4
:10041400150A00001F4B37B504468D1E4BB101A9C8
:100424002846AFF3008048B900230920236103B0B4
:1004340030BD1948194B1B1ADB10019301992A4648
:10044400FFF7A5FF01460028EED0FFF797FF4B68A2
:10045400A064012B1AD0002B01F1040010DBFFF77C
:100464008DFF0023C4E913030368002B0ADAC3F3E6
:100474000360FFF7BCFF03460028D5D00020D5E772
:100484000123EFE7FFF77AFF0346F7E70023052090
:10049400CCE700BF0000000064090200241702003A
:1004A4000368DA0710B5044605D49B0700F1480039
:1004B40018D500F0F7FB2368590703D404F1D000E2
:1004C40000F0F8FB23681A0703D404F5A87000F0C1
:1004D400F9FB2368DB0608D404F5E870BDE8104096
:1004E40000F034BC00F0D6FBE5E710BD09207047EE
:1004F4000346006800B118447047704770B505465C
:100504000C46216C2846FFF785FF064608B103F028
:10051400BBFD236C2246294601206B612B69984759
:100524000828EED00728F2D13046216CFFF7E5FF0A
:10053400201D00F0A3FB2DE9F0470C1DADF5727DE5
:10054400D0F80C900746D0F818A0164603AD0DF16C
:1005540008080FCC0FC50FCC0FC50FCC0FC594E8FE
:100564000F0085E80F000025C8F800500936D8F8B8
:1005740040103846FFF74EFF0446F6B268BBD8F881
:1005840040304FF4F07241467AA87B611EF0FDFEC4
:100594003B697AAA394630469847889B0546C8F88D
:1005A40044303A463B4631460120CDE9008AC847EB
:1005B400C0B9C4B94FF4F0727AA9404626461EF079
:1005C400E4FE082DD2D0072D0CD12046D8F84010D7
:1005D400FFF793FF03A800F051FB46F01006D8F88C
:1005E4003830DCE7092420460DF5727DBDE8F0873C
:1005F400406C7047F0B5CB6BF9B00D1D06460B642B
:100604000F4601AC0FCD0FC40FCD0FC40FCD0FC4D7
:1006140095E80F0084E80F004FF0FF330093109922
:100624003046FFF7F7FE78B933696A463146984792
:1006340008280446F3D06846FFF732FF062C03D19E
:1006440039463046FFF75AFF092079B0F0BD10B49F
:100654008261DA6BC16019461A64002210BC6AE731
:1006640070B543690446C6680D460B6426B1012281
:10067400FFF761FF03F008FD03690A460146022003
:100684009847072805D00828F4D129462046FFF7C3
:1006940035FF3046296CFFF730FF281D00F0EEFAD5
:1006A400C26802B9A6E7CA6B0A64002243E770472E
:1006B400836801460BB1012018477047012910B522
:1006C4000446084605D005D9C81E01288CBF02205F
:1006D400012010BD43B90F2A06D804EB8204029A04
:1006E400184661681160F4E70220F2E71FB503AB16
:1006F4000A46009300231946FFF7E0FF039805B06C
:100704005DF804FB012910B50446084605D005D957
:10071400C81E01288CBF0220012010BD43B90F2A36
:1007240006D8029904EB8204184609686160F4E76C
:100734000220F2E71FB503AB03920A46009300239D
:100744001946FFF7DFFF05B05DF804FBF0B5D36B86
:10075400ADF50F7D141D064613640F4617AD0FCC7F
:100764000FC50FCC0FC50FCC0FC594E80F0085E85B
:100774000F004FF0FF33169326996846FFF74AFEA1
:1007840090B90C2116A86A46FFF7D4FF394616A87B
:10079400B04748B9049B16AA69460820984705281B
:1007A400044602D00928E7D1092416A8FFF778FEE9
:1007B40020460DF50F7DF0BD2DE9F04FCD6C87B0CF
:1007C40017460C4655F8042B00F003099A46049585
:1007D4003BBB12028DF8153003230392B9F1020FCB
:1007E4008DF81430236D08BFA56B13F0010322D1DB
:1007F40000F0080800932B6843BB03A9384600F0B7
:10080400A2FC002840F0FB80009BDBB10F2138469E
:10081400FFF76CFF0E2102463846FFF78BFF794A3B
:1008240055E0130C12048DF81530DBB2039205EB7E
:1008340083050223D2E703A9384600F084FC00288C
:1008440040F0DD80082007B0BDE8F08FBAF1020F58
:10085400A26C4FF00F01384607BFD5F804B005F17C
:100864000806B5F802B02E1D18BF2B882BF0010521
:1008740001931544FFF73AFF019B854229D823F0E1
:1008840001022A44824294BF002201224FEA4B0013
:1008940003F0010300F0020040EA0305012D1AD021
:1008A400022D5ED0002D40F0AA80351DB9F1000F55
:1008B400A1D0002A9FD03046FFF760FDA56306460D
:1008C40020461DF0D7FD002800F0998032460F2104
:1008D4003FE00022DAE7B9F1000F26D1002A3DD02B
:1008E40073683268991C4FEAD27200F0888004F170
:1008F40058010133029109D0301DFFF7F9FD02AB15
:100904000146204610F038F8054638B30D21384624
:10091400FFF7ECFE022D029B206202D1E36204F198
:100924002C030620C4E909368DE7256A0D213846D3
:10093400FFF7DCFE854211D1A36A9E420ED13046F8
:10094400FFF71CFD0F2102463846FFF7F3FE22464F
:1009540000213846FFF7EEFE072074E706F108058C
:1009640049E7356825F00045B9F1000F2AD1A2B155
:10097400B8F1000F19D085B9CB4617E00BF1010B84
:10098400019B002206EB8B000293FFF7B1FD02AB43
:10099400014620460FF0F0FF58B13368002B00DA0F
:1009A4000436013506EB850525E7C34604F15803F3
:1009B4000193AB45E2D10D213846FFF797FE029B28
:1009C4002062AEE7D4F820B00D213846FFF78EFE42
:1009D4008345E2D1A36A9E42DFD14FF0000B04238A
:1009E400A562C4E90BB3F318636333685B4503DAA8
:1009F400681C06EB8000A3E701230093D1E70920DC
:100A040021E700BF3D0A01000023D5E60123D3E618
:100A14000223D1E62DE9F0410546C2B014461E4634
:100A2400042925D8DFE811F005001C002400D600B5
:100A34000301EEB9836B92B20121043001FA06F787
:100A440017421CBF53F8047B40F826700136102E61
:100A5400F4D1A60400D4AB63002042B0BDE8F08119
:100A6400012E4FEA124794B204D13B19102B41D9FD
:100A74000220F2E7052EFBD107EB0408B8F1200FA2
:100A8400F6D80F2F4DD9002CE6D00368A04658079E
:100A940008D523F00403284640F8D03B00F00EF9B3
:100AA4000F2F48D9684600F009F9AB6B102F3A466E
:100AB40042A94FEA480838BF10221C4608F1FF3803
:100AC40001EBC2024FEA8801A2F5C472101F02EBC7
:100AD400880254F804CB40F804CF8242F9D10A1DAD
:100AE400012E134417D00F2FAB636FD9684600F063
:100AF400E1F8B1E7102FBBD00368DA0705D523F07E
:100B0400030340F8483B00F0C9F820A800F0C6F8F9
:100B1400AB6B002C3FD1043320A8AB6300F0BAF8D0
:100B24009AE7B8F1100F03682DD9DC07A8F1100873
:100B340042D45807ADD420A8C7F1100400F0B6F889
:100B4400684600F0BBF820AA6400AB6B02EBC70256
:100B5400013C101FA10002EB84021C4654F804CB94
:100B640040F804CF9042F9D10A1D1344B8F1000FA4
:100B74009CD1012ECFD00F2FAB633FF66DAF20A8D1
:100B840000F090F868E7D9070DD420A800F08EF89B
:100B9400AB6B002CF3D0640020AA4FF0000802EBEA
:100BA400C702013CD5E723F0010343F0020340F8F8
:100BB400483B00F07BF8E8E723F0010343F002032D
:100BC40040F8483B00F072F82B68B2E720A800F028
:100BD40069F88BE7032E7FF44BAF97B2160C07EB43
:100BE4001244102C3FF644AF0368190706D523F0CE
:100BF4000803036000F5A87000F086F820A800F050
:100C040083F820ABAA6BF90003EBC60303EBC70719
:100C1400D41ABB4203EB040005D10A4420A8AA63FA
:100C240000F050F818E7006843F8040BF1E7002ED1
:100C34007FF41EAF102A3FF61BAF0368DA0606D511
:100C440023F01003036000F5E87000F089F820AE8B
:100C5400304600F085F8AB6B0022012101FA02F066
:100C640020421CBF53F8040B46F822000132042A28
:100C7400F4D13046AB6300F069F8EDE600F13401DD
:100C840091E838009C46A6464CF8045D90E8FF0FB6
:100C9400E54600BD90EC210B704700BF80EC210BB2
:100CA400704700BF90EC200B704700BF80EC200B16
:100CB400704700BFD0EC200B704700BFC0EC200B86
:100CC400704700BFF0EC0201F0EC0211F0EC0221DD
:100CD400F0EC0231F0EC0241F0EC0251F0EC026174
:100CE400F0EC0271F0EC0281F0EC0291F0EC02A164
:100CF400F0EC02B1F0EC02C1F0EC02D1F0EC02E154
:100D0400F0EC02F1704700BFE0EC0201E0EC0211EC
:100D1400E0EC0221E0EC0231E0EC0241E0EC0251B3
:100D2400E0EC0261E0EC0271E0EC0281E0EC0291A3
:100D3400E0EC02A1E0EC02B1E0EC02C1E0EC02D193
:100D4400E0EC02E1E0EC02F1704700BFB0FC01818D
:100D5400B0FC0191B0FC01A1B0FC01B1704700BF2F
:100D6400A0FC0181A0FC0191A0FC01A1A0FC01B1A7
:100D7400704700BFEC4600B52DE900502DE9FF1F78
:100D84004FF000032DE90C0001A9FFF733FCDDF857
:100D940040E012B0704700BFEC4600B52DE90050AA
:100DA4002DE9FF1F4FF000032DE90C0001A9FFF707
:100DB40057FCDDF840E012B0704700BFEC4600B5C8
:100DC4002DE900502DE9FF1F4FF000032DE90C0021
:100DD40001A9FFF765FCDDF840E012B0704700BFE1
:100DE400EC4600B52DE900502DE9FF1F4FF000033C
:100DF4002DE90C0001ABFFF72AFCDDF840E012B04E
:100E0400704700BFEC4600B52DE900502DE9FF1FE7
:100E14004FF000032DE90C0001AAFFF797FCDDF861
:100E240040E012B0704700BF704700BF10F8012BBC
:100E340011F8013B012A28BF9A42F7D0D01A704713
:100E4400034613F8012B002AFBD1181A0138704706
:100E5400034611F8012B03F8012B002AF9D170473E
:100E64002DE9F04786468C460846089E154674468A
:100E74001946002B40F0C1808542B2FA82F245D96E
:100E84004AB1C2F1200300FA02FC954094402EFAC4
:100E940003F343EA0C0C4FEA154EA8B2230CBCFB37
:100EA400FEF80EFB18CC08FB00F943EA0C43994505
:100EB40028D9EB1808F1FF3704D2994502D9A8F1D3
:100EC40002072B44A3EB0903A4B2B3FBFEFC0EFB05
:100ED4001C330CFB00F044EA0344A04214D92C193F
:100EE4000CF1FF3304D2A04202D9ACF102032C442A
:100EF400241A43EA07401EB1D440002334607360CF
:100F0400BDE8F0874746DDE76346F1E792BB431B44
:100F140001214FEA154EAFB2200CB3FBFEFC0EFBD1
:100F24001C330CFB07F840EA0343984561D9EB18DE
:100F34000CF1FF3004D2984502D9ACF102002B44E5
:100F4400A3EB0803A4B2B3FBFEFC0EFB1C330CFBA7
:100F540007F744EA0344A7424DD92C190CF1FF3397
:100F640004D2A74202D9ACF102032C44E41B43EAA5
:100F74000040C0E7C2F120039540944020FA03F1F9
:100F84002EFA03F34FEA154E9040AFB20343B1FB80
:100F9400FEFC0EFB1C10190C0CFB07F841EA004187
:100FA400884522D969180CF1FF3004D2884502D94A
:100FB400ACF102002944A1EB08019BB2B1FBFEFC99
:100FC4000EFB1C110CFB07F743EA01439F420ED9A9
:100FD400EB180CF1FF3104D29F4202D9ACF10201AB
:100FE4002B44DB1B41EA004193E76046E3E761469B
:100FF400F7E76046A4E76346B8E7834206D916B923
:10100400002108467CE7C6E900E0F9E7B3FA83F774
:101014008FB9834201D3724508D8BEEB020460EB5A
:10102400030301209C461EB9002169E73846FAE70C
:10103400C6E9004CF8E7C7F1200CBB400EFA07F5EF
:1010440022FA0CF42EFA0CF1BA401C4320FA0CF3E9
:10105400B8404FEA144901431FFA84FEB3FBF9F880
:1010640009FB18300B0C08FB0EFA43EA00439A45BF
:1010740040D9E31808F1FF3004D29A4502D9A8F107
:1010840002002344A3EB0A0389B2B3FBF9F809FB7A
:10109400183308FB0EFE41EA03418E452CD9611832
:1010A40008F1FF3304D28E4502D9A8F1020321448A
:1010B40043EA0040A1EB0E01A0FB02984145CE4655
:1010C400434602D306D14D4504D20138B9EB020E92
:1010D40068EB0403002EA7D0B5EB0E0261EB03010D
:1010E40001FA0CFC22FA07F3F9404CEA0303C6E9BF
:1010F400003199E74046C5E74346D9E7027A0346FB
:101104007AB9427A82B1013A42724268111D126878
:101114000260032241601A721A68100E12021A60E9
:101124007047013AD2B2F6E7B02070471FB503AB5F
:101134000C22009300231946FFF7C0FA039805B068
:101144005DF804FBF2E72DE9F043054685B00E4651
:101154004FF000083046FFF7D1FFB028044615D100
:10116400B8F1000F0ED103AC43460E224146284687
:101174000094FFF7A3FA43460F2241462846009401
:10118400FFF7C0FA002005B0BDE8F08302061DD4C5
:101194004FEA8009002303AF0D225FFA89F919464B
:1011A40028460097FFF78AFA09F10409039B14F013
:1011B400400F14BFA3EB09034B4403930023009790
:1011C4000D2219462846FFF79DFAC3E700F0F00305
:1011D400802B18D104023046FFF790FF0443B4F586
:1011E400004F01D10920CEE7240100232846A2B2F2
:1011F4001946FFF70FFC0028F4D114F4004F18BF70
:101204004FF00108A6E7902B0DD100F00D030D2B34
:10121400E8D003AF002300F00F02284619460097D8
:10122400FFF74CFACAE7A02B13D1C3434FF47F62F4
:1012340003F007031A41030702F47F6201D542F465
:101244008042002319462846FFF7E4FB002881D09A
:10125400C8E7B02B46D1B12808D13046FFF74EFF7E
:10126400431E0246DBB20E2BEBD9BBE7B22820D1DA
:10127400002303AC0D222846194600940227FFF7E9
:101284001DFA3046FFF73AFF00F07F0110F08003AB
:10129400039A01FA07F105D102F5017200940A4498
:1012A40003928DE70A44304607370392FFF726FF7F
:1012B400EAE7B3280BD13046FFF720FF01230203EE
:1012C40000F00F0002F4702201300243BAE700F08C
:1012D400FC03B42B86D000F007020123013242F450
:1012E4000022AFE7C02B44D1C6280AD13046FFF70D
:1012F40005FF0323020300F00F0002F47022013003
:10130400E3E7C7280BD13046FFF7F8FE431E024639
:10131400DBB20E2B3FF666AF0023042193E700F007
:10132400F803C02B06D100F00F020323013242F46C
:10133400202287E7C8280DD13046FFF7DFFE00F0F2
:10134400F00200F00F0005231032013040EA0232AF
:10135400012178E7C9287FF445AF3046FFF7CEFE78
:101364000523020300F00F0002F47022013002434F
:10137400EEE700F0F803D02B7FF434AF00F007025F
:101384000523013242F40022E2E71FB50346084672
:10139400DA6C53680832190202921B0E032201917F
:1013A40001A98DF80C208DF80D30FFF7CCFE05B0A7
:1013B4005DF804FB08B5FFF7C5FE806C08BD08B5F1
:1013C400FFF7C0FEC06CC379023300EB830008BD95
:1013D400012800D070474FF6FF739942FAD110B537
:1013E400044C204607F082FB034A0449204614F0CB
:1013F400DFFB10BD700A0020780A0020418C000039
:1014040003468C46044A92E8030083E8030083F809
:1014140008C01846704700BFB01B0200B0B582B0C8
:1014240000AF044601220179006813F0B9F80123E2
:1014340023726D4600233B7102237B7188B0EC4616
:101444001CF1100207D00E20A2B1042812DD2D4B8E
:101454007B6000210CE06FF00040F5E78B0003F1A6
:10146400140E08333B4453F8043C4CF80E3001315D
:101474000029F3D000233B7002237B70FAB10828C3
:101484000FDD214B7B60002109E08B0003F1180E76
:1014940008333B4453F8043C4CF80E300131002926
:1014A400F3D00CF11C03002107E001F1080EBE4447
:1014B4001EF808EC03F801EB01310129F5D90D28D8
:1014C4001DDD0E2342B10021796003213971012110
:1014D400F9717868CCF810000021032060F38811BA
:1014E400C3F30A0363F353210023084801F0B0F95E
:1014F400AD46608913F061F80837BD46B0BD6FF0A2
:101504001B03DFE7681E0200781E0200E81A0200CF
:10151400B0B582B000AF044600220179006813F030
:101524003FF8002323726D463B7102237B7188B020
:10153400EC461CF1100207D00E20A2B1042812DDE3
:101544002D4B7B6000210CE06FF00040F5E78B0031
:1015540003F1140E08333B4453F8043C4CF80E30AA
:1015640001310029F3D000233B7002237B70FAB1D0
:1015740008280FDD214B7B60002109E08B0003F17B
:10158400180E08333B4453F8043C4CF80E30013138
:101594000029F3D00CF11C03002107E001F1080E2F
:1015A400BE441EF808EC03F801EB01310129F5D91A
:1015B4000D281DDD0E2342B100217960032139710C
:1015C4000121F9717868CCF810000021032060F340
:1015D4008811C3F30A0363F353210023084801F07D
:1015E40037F9AD46608912F0E8FF0837BD46B0BD53
:1015F4006FF01B03DFE700BF801E0200901E020095
:10160400E81A020010B50446044B0360044A03219F
:10161400044814F0B4F9204610BD00BFE4170200DA
:10162400A01E0200F01A020008B5006816F0F4F9D2
:1016340008B1002008BD034A0321034814F09FF9B0
:10164400F7E700BFC01E0200F01A0200012800D014
:1016540070474FF6FF739942FAD110B5044C2046F7
:1016640007F044FA034A0449204614F0A1FA10BDD5
:10167400740A0020780A0020418C00000346034AC3
:1016840092E8030083E8030018467047B81B020081
:1016940008B5006816F0C0F930B9074A01210748B7
:1016A40014F06DF9052008BD054A0321034814F020
:1016B40066F90420F7E700BFDC1E0200F81A0200F6
:1016C400F81E0200F8B504460D46164683880F49F5
:1016D400006812F0B5FF031E0ADB0127A388324617
:1016E4002946206812F0BAFF031E08DB3846F8BD0D
:1016F400074A0121074814F04CF90027EEE7064A8F
:101704000121044814F045F90027EFE7B43F020033
:10171400101F0200F81A0200401F02002DE9F04FCA
:1017240091B005920293134602F004020092C3F3AF
:10173400C20210F00303019340F02B8280468A46D4
:101744000132041D00284FD0B8F1000F05D0A4EBDE
:1017540008030433534500F21F82029B5D1E019B64
:1017640004930693039300264FF0FF3B0427B946E6
:10177400B8F1000F01D0029B2360531E0793002A87
:1017840040F35D81059B13F0020228D00120A4EBF5
:1017940008018B081AB1B1F5007F80F00382039928
:1017A4000F2900F20282B8F1000F00F06081DBB271
:1017B40001F140026A4402F8103C02F820BC0028FF
:1017C40000F0518163F07F0301F140026A4402F8A2
:1017D400103C049B01330493039B013303930434AF
:1017E4000022CC4640463DE001F0070A5444CAF1C9
:1017F400080AA9E7002634E0002632E0002630E09B
:101804000827BC462DE025292BD10BF1010B01261D
:101814000427BC4625E04729EED82A2914D32A39BF
:10182400C9B24FF0010E0EFA01F14FF6DA7E11EA59
:101834000E0F16D111F0625F40F0C08011F0010F5D
:1018440040F08C8000260CE0252903D10BF1FF3BEE
:10185400002606E001D9002603E0202901D023292F
:10186400CCD11D466B1C6978002900F01981002E2B
:10187400C9D07A29BED84C29CDD34C392E2961D868
:101884000FF2040E5EF821F06718000049190000F9
:1018940049190000491900004919000049190000BC
:1018A40049190000491900004919000049190000AC
:1018B400491900004919000059190000491900008C
:1018C400491900004919000049190000491900008C
:1018D400491900004919000049190000C119000004
:1018E400491900005919000059190000C1190000D4
:1018F400C1190000C119000067180000591900003F
:101904000518000049190000671800004919000073
:101914001D1A0000591900001D1A00004919000081
:1019240049190000251A0000531900005919000034
:10193400491900004919000059190000491900000B
:101944004D19000000268CE70427BC4689E70427CC
:10195400BC4686E729786C2924D000263C44013C07
:10196400B4FBF7F407FB04F420B1211A6144514598
:1019740000F21581002A58D1BCF1040F00F08880D0
:10198400BCF1080F40F014811A99073121F00701C6
:1019940001F108051A95D1E9008908B1C4E9008963
:1019A40008345EE713F8021C6C2903D000260427D0
:1019B400BC46D3E700260827BC46CFE729784C2944
:1019C4001AD01A99073121F0070101F108061A9675
:1019D400D1E90067073424F0070440B1211A083123
:1019E400514513D829784C2913D0C4E90067083429
:1019F40000260827BC4634E71A99073121F007016D
:101A040001F108061A96D1E90067E3E76FF01B00BD
:101A1400BCE0C4E90067EAE700260427BC469DE76A
:101A2400324600260427BC4698E7E14680461A9AC7
:101A3400111D1A9112680292079A1D4698E6624B8C
:101A4400029A9A4204D3614B9A420AD3002300E0DB
:101A54000023002B7FF496AE059B03F002020020C6
:101A640095E60123F5E7069B01330693B4E610B12E
:101A74000AF1010AB0E6009B13B10AF1020AABE6CF
:101A84000298FFF7DDF90AEB000303F1020AA3E66B
:101A94001A990D1D1A95096800B121600434E0E615
:101AA4008046231AB3F5806F80F0858090B10022C0
:101AB40002609B080370009B83B1069BC370049B68
:101AC40088F802301BBB019DDDF80C90DDF810B0E6
:101AD400029F3DE05344A3F1080057E0069B437086
:101AE400EDE701339842EED903F140026A4412F85B
:101AF400101C12F9102C002AF3DA01F07F01A4EB78
:101B040008020132524559D804F8011BE9E7019B48
:101B14000398E7E7009B43B305F140036B4413F8D4
:101B2400203C04F8013B019EA4EB08033344013339
:101B3400534546D805F140036B4413F8103C04F8B0
:101B4400013B3246394620461DF01FFC3444013522
:101B5400A94519D9BBF1000FDCD005F140036B4452
:101B640013F9103C002BD5DAF1E705F140036B447F
:101B740013F8103C58F82370002248F82320384604
:101B8400FFF75EF9461CCFE7A4EB080011B0BDE8EF
:101B9400F08F6FF00D00F9E76FF01B00F6E76FF0C0
:101BA4001B00F3E76FF01500F0E76FF01500EDE7A9
:101BB4006FF01500EAE76FF01500E7E76FF01B0020
:101BC400E4E76FF01B00E1E7241702002C5A02003F
:101BD4002DE9F04F97B000AF8346BA613B61D7F867
:101BE4008030C3F3C0033B62F96011B913F0E3F82A
:101BF400F8609BF80260B14636B1D7F8803013F034
:101C0400010F0DD1002300E000239BF803207A622A
:101C140042B1D7F8802012F0020F22D1002202E054
:101C24000123F2E7002202B9EBB19BF80050AA00AD
:101C3400BA60DBF804207A610BEB8505BA69F2B16E
:101C4400002B40F00481B9F1000F00F00F81D7F8A8
:101C5400803013F0040F40F00D810020F861064637
:101C6400F9E00122DFE7BB691BB13A69F96858461C
:101C74009847FC6820465C37BD46BDE8F08FFC6899
:101C8400E3B94D4400233B6123E0044401350136AC
:101C94004E451AD22A7800235BF822201946B869E7
:101CA40013F09EF8BAF1000FEFD0D7F888309845BA
:101CB400EBD22AF8180008F10108E6E70026C7F875
:101CC4001C80B046D7F884A0E2E7C7F81080D7F8A4
:101CD4001C80D7F8803003F00503FB604FF0000A46
:101CE400A146C7F81CB09CE000253B6A7BB9002DD7
:101CF40079D0D7F8803013F0010F79D1FB68002B2D
:101D04006FD10223A9EB030988E00125EDE75946C9
:101D1400786913F0ABF80028E9D06C46002387F803
:101D24002C30022387F82D308AB0694611F1100255
:101D340037D012251AB1042D01DDB34B4B610023BA
:101D440087F82830022387F829306ABB112D45DD36
:101D5400122362B1042087F82C00002087F82D009C
:101D640087F82E00012087F82F00F86A08616FF3C6
:101D740000086FF341086FF382086FF3C50802216E
:101D840061F38818C3F30A0363F353286FF31F58EE
:101D9400002341469D4800F05BFDA546A9F10209D8
:101DA4003CE06FF00045C5E72B46082D01DD78695E
:101DB40088610C2B01DDC1F81CB001F12003002067
:101DC40009E000F1300C07F1280EF4441CF830CC83
:101DD40003F801CB01300128F3D9B7E76FF01B03F7
:101DE400B7E701238EE7D7F8803013F0020F15D040
:101DF400002322461946B86912F0F2FFD7F884305E
:101E040053B13B69D7F88820934205D2D7F8842090
:101E140022F8130001333B61013881440AF1010ABD
:101E240035467B6A9A4510D22E4616F802BB6B786B
:101E3400FA6952F82340764B9C42FFF455AF754B38
:101E44009C42FFF462AF00254FE74C4612E707F1CE
:101E540044000023FB6118B14A4629461DF095FA57
:101E64004D444FF00008C7F804901EE00020F861CC
:101E74000646F0E7FE6107F134000026EBE7002593
:101E84003B6A33BB002D3BD0D7F8803013F0010FF1
:101E940026D0731C06F1300207F12801561806F803
:101EA400149CDEB208F1010825467B6A98454AD2A3
:101EB4002C4614F802AB95F801905BF82930544A8B
:101EC4009342DCD3534A934201D30025D8E701253A
:101ED400D6E75146786912F0C9FF0028D2D0E1E76D
:101EE400D7F8803013F0040FDCD0FA69531C303279
:101EF40007F128010A4402F8249CDBB2FB61D1E714
:101F0400D7F8803013F0020F09D0731C06F13002A9
:101F140007F12801561806F8149CDEB2C2E7F869E6
:101F2400431C00F1300107F128028A1802F824AC9E
:101F340002460232D2B2FA6107F1580252FA83F32E
:101F440003F8249CAEE7D7F804909BF8003087F898
:101F540054309BF80130334487F85530D7F880303B
:101F640013F0020F0ED1FB69C3F3470387F8573010
:101F7400D7F8803013F0010F06D113F0040F3ED1CF
:101F8400002302E00023F1E7002387F85630DBF852
:101F940000003863786DCBF80000D7F81080424613
:101FA400B9685846D7F818A0D047041EFFF662AEA9
:101FB400386BCBF80000C7F810804246F96907F186
:101FC4003400D04700285EDB04EB0008B9684944BC
:101FD4007B6A01EB4301D7F810904A46FB68591A13
:101FE4002846D047041EFFF645AE08EB04054FF023
:101FF4000008C7F824B0B3465446CA4621E0FB693A
:10200400C3E74FF0000909E0701F0200001B020043
:10201400241702002C5A02004FF0000952460121F5
:1020240007F12C00A04700282FDB05444B4632461D
:102034005146204612F0D4FE002828DB054408F15E
:102044000108D84518D208F1300307F128021344D7
:1020540013F8143C87F82C307A6A52F82360D7F8C6
:102064008430002BCDD0D7F888309845D4D2D7F817
:10207400843033F81890D1E73A6900210846BB69E7
:1020840098472C46F6E50446F4E50446F2E5044692
:10209400F0E500BF014B1860704700BF000000204E
:1020A40080B505460E461746984605F0E1FF0346FF
:1020B4001DF07CFC0446DFF8189049F800304246D5
:1020C40039463046A84754F8090001F09FFC00BF88
:1020D400080000002DE9F04383B004460846154685
:1020E400A38B13F0080F05D103F007060023009318
:1020F400019354E0012909D043F02003A38385F31D
:102104001188BFF36F8F03B0BDE8F08343F0100371
:10211400A383F4E7204613F00CFA42E0D4F81890B5
:102124004A466946204613F01DFA4FF00008A38B77
:1021340003F00707B74269D0A268002A66D00122DB
:1021440043F00803A38385F31188BFF36F8F002A3C
:1021540064D1009B2BB14B463A466946204613F0A6
:102164007AFAB8F1000F02D034492046C047EFF3A1
:102174001185202383F31288BFF36F8FA38B23F081
:102184000803A383A38B13F0100F4DD023F0100387
:10219400A3830120A68B06F007060028AFD00228EF
:1021A400B8D00028ABD0013804282BD801A353F8A9
:1021B40020F000BF2121000009220000CD210000F1
:1021C400E1210000F52100002369D3F800800621F5
:1021D400204613F084F94FF00009A8E72369D3F8E7
:1021E40004800421204613F07AF94FF000099EE799
:1021F4002369D3F808800521204613F070F94FF0C5
:10220400000994E74FF00008C14690E7009A0AB12C
:10221400002295E7B8F1000F92D1B3E74A46394658
:10222400204613F064F994E713F0200F04D023F050
:102234002003A3830220ADE70020ABE78956010009
:1022440038B505460B4C00E010340B4B9C420FD2C2
:1022540063685B79002BF7D02946204613F0DCFA3B
:102264000028F1D023681B68294620469847EBE7ED
:1022740038BD00BF581B0200681B020070B506463B
:102284000D46084C04E02A4631462046984710344F
:10229400054B9C4204D223689B69002BF3D1F6E7DB
:1022A40070BD00BF581B0200681B02002DE9F041FD
:1022B400074605460AE007EA0807144B03EB061332
:1022C4005B6804221968204613F0F0FAD5B195FA38
:1022D400A5F6B6FA86F60D4C04EB06140123B340BA
:1022E4006FEA030825EA0305237B002BEED03301B4
:1022F400064AD3581B69002BDDD020469847002896
:10230400E4D1D8E73846BDE8F08100BF581B02008D
:102314002DE9F04180460F461D4BD3E8EF5F6A1C60
:10232400C3E8E12F0029F8D16DBB1A4C002607E061
:10233400636804221968204613F0B8FA0136103491
:10234400154B9C4211D2237B002BF7D0204613F06F
:1023540057FA23681B69002BEAD0204698470028C7
:10236400E6D00123B3401D43E8E7B8F1000F0BD0DA
:1023740055B12846FFF79AFF0546002FF8D00A20EA
:1023840013F050FAF4E700252846BDE8F08100BFB9
:10239400900A0020581B0200681B020008B5064B77
:1023A400186018B1054B1B68092B00DC08BD0448F4
:1023B40005F0C2F9FAE700BF840A00208C0A002065
:1023C4000802002008B5024805F0B6F908BD00BFB0
:1023D4000802002030B589B000220F490F4815F0DB
:1023E4001BFE0F4D00220023CDE906230024049494
:1023F4000E2303930294019400940A4B4FF4407209
:102404000949284615F02AFC0849284605F00EFA21
:10241400204609B030BD00BFC9230000D00600200B
:10242400180200207D270000281E0020282002001A
:10243400014B53F8200070474420020048B108B50E
:10244400054A1060054B1960084600F0F5FC0020B1
:1024540008BD6FF01500704704000020800A0020BA
:1024640008B5054B1B781BB1034B01221A7008BD3C
:10247400024805F061F9F7E7F41D00200802002086
:1024840008B50C4BD3E8EF1F0131C3E8E21F002A63
:10249400F8D130B9084815F0CBFD084805F04CF9DF
:1024A40008BD074BD3E8EF1F0139C3E8E21F002A38
:1024B400F0D0F7E7880A0020D006002008020020A8
:1024C4008C0A0020044B00200146D3E8EF0FC3E838
:1024D400E21F002AF9D17047880A002038B5FFF7B7
:1024E400F1FF0546094C00E01034094B9C420BD225
:1024F40063685B79002BF7D023685B68002BF3D00B
:10250400294620469847EFE738BD00BF581B020014
:10251400681B0200034B18680028D4BF0020012068
:10252400704700BF880A002010B5044C04492046B7
:1025340012F030FE034B1C6010BD00BF640100208C
:10254400302002007C0A002008B500230C4A1370D6
:102554000C4A13600C4A13604FF400410B48FFF718
:102564006DFFFFF7E1FF0A4A06E0094BD31A1B117E
:10257400013351680B711032064B9A42F5D308BDF2
:10258400F51D0020880A00208C0A00202158010033
:10259400581B0200681B020008B50146014813F0ED
:1025A40057F908BD6401002008B5024812F0D5FEB1
:1025B40008BD00BF6401002008B50146024B18683D
:1025C40013F04CF908BD00BF7C0A002008B502488E
:1025D40013F048F908BD00BF6401002010B582B0B3
:1025E40000220023CDE90023264B187808B902B055
:1025F40010BD684613F04EF9044660B1FFF720FEA3
:102604002046FFF7D9FF204BD3E8EF1F0139C3E879
:10261400E21F002AF8D1FFF77DFF58B91B4A13685F
:10262400516813F57A7341F1000113605160FFF7AB
:10263400CDFFDCE715F0E1FC4A0142EAD062430138
:102644001B1A62EB0102920042EA93729B001B1870
:1026540042EB0102D20042EA5372C3F3103343EA5D
:102664004243D20B0948016840685B1A62EB0002DE
:1026740040F2E9318B4272F10002CFD3FFF72EFF13
:10268400CCE700BFF41D00208C0A0020C8060020FF
:102694000F4B1B7803B1704710B500210120FFF7E1
:1026A40037FE0C4C00E010340B4B9C4208D263689C
:1026B4005B79002BF7D023689B6820469847F2E7A4
:1026C400FFF78CFF0028FBD1014B01221A7010BDCB
:1026D400F51D0020581B0200681B020010B582B0D3
:1026E400184BD3E8EF2F511CC3E8E01F0028F8D1A2
:1026F400154B1B7863B9154B1B68B3B1BAB1092AE2
:1027040013D1134815F094FC124805F015F80CE0A9
:10271400EFF31184202383F31288BFF36F8FFFF745
:102724005DFF84F31188BFF36F8F02B010BD0022E8
:102734000023CDE900234FF400420023044805F0B0
:10274400DFFFF2E78C0A0020F51D0020840A002038
:10275400D00600200802002010B50446044B1B6874
:102764009847A0602146034813F098F810BD00BFB5
:1027740004000020640100202DE9F04100210846F6
:10278400FFF7C6FD804650B140F2676600271DF092
:102794000DF9154B1858FFF701FE002515E04FF011
:1027A400FF364FF0FF37F2E74046FFF77FFD8046E4
:1027B40070B94FF0FF364FF0FF3709E02C46324630
:1027C4003B460A4804F0FCFF2546B8F1000FEBD164
:1027D400FFF704FF04460028F6D1002DEED00021B7
:1027E4000846FFF74BFDEAE7080000000802002056
:1027F4000248034BC01AC008704700BF581B0200B0
:10280400E81A020010B50C46FFF7F2FFA04203D904
:10281400024B53F8340010BD0020FCE7E81A020014
:1028240000B589B0059206930023079362B1074A65
:102834000C9B02930B9B01930A9B009305ABFFF740
:10284400C7F909B05DF804FB0022F1E7C75801009D
:102854002DE9F04F8BB004AF05461E468846C1F300
:102864004A24002C00F0898091460022FA603A61E3
:102874007A6104230293FB1801930A23009307F15E
:102884000C0321464846FFF7A3F9B0F5006F58D36F
:10289400D9F804106D4600233B7302237B738AB07E
:1028A40004AC14F1100217D012201AB1042801DD6F
:1028B4003B4B636100233B7002237B70CAB1034628
:1028C400082800DDA1610C2B02DD40F2FF73E361F7
:1028D40004F1200300210AE06FF00040E5E701F174
:1028E40018063E4416F8186C03F8016B01310129EF
:1028F400F5D9112822DD122342B1042139730021B4
:102904007973B9730121F973F868206100216FF3B9
:1029140000016FF341016FF382016FF3C5010220DF
:1029240060F38811C3F30A0363F353210023C1F353
:1029340013011C4813F045F8AD462DE06FF01B035E
:10294400DAE760F35328C0F30A0A0AEB1850173089
:1029540020F007008008FFF71FFE8346B0B1042370
:102964000293FB1801930A230093534600F11002CB
:1029740021464846FFF754FF08E004EB115417348E
:1029840024F00704A008FFF707FE834633464246B7
:102994002946584612F0ABFF1C37BD46BDE8F08F00
:1029A40064200200201B02002DE9F04F85B0804610
:1029B4000D4617461E46DDF838B0DDF84090B9F1F3
:1029C400000F41D0119B039300934B460F9A1021A3
:1029D4000020FEF7A3FEB0F5006F2DD282460BEB6C
:1029E4000003173323F0070300246FF300046FF38D
:1029F40041046FF3820468F3C50467F3881460F339
:102A040053246BF31F549808FFF7C6FD074650B1D3
:102A14001030B9F1000F06D0119B00934B460F9A6A
:102A24005146FEF77BFE334622462946384612F0CD
:102A34005EFF05B0BDE8F08F40F2FF73034A022148
:102A4400034812F0A6FFF4E70020C7E7A420020021
:102A5400201B0200406820B1034BC01A40F3CF0092
:102A640070474FF0FF307047E81A02000EB400B50B
:102A740082B0014603AB53F8042B0193034801F0E1
:102A8400D5FA02B05DF804EB03B07047FD590100BC
:102A940010B584B011F0440F05D01A4B1B6833B93C
:102AA400002004B010BD1849FFF7E0FFF9E717490B
:102AB4000968B2FBF1F2B2FBF3FC03FB1C224FF4F6
:102AC4007A7E0EFB02F2B2FBF3F403FB14210EFB3D
:102AD40001F1B1FBF3F10E4AA2FB0C32D20A4FF41E
:102AE400616303FB12CC0B4BA3FB0CE35B09029168
:102AF4000194C3EB0311ACEB810100910649FFF78C
:102B0400B5FFCEE7980A0020DC200200940A0020DA
:102B1400C5B3A29189888888E820020061B108B50C
:102B24002AB1064A52F8232012B9054A00E0044AA1
:102B34000449FFF79BFF08BD704700BF84210200D2
:102B4400042102000C2102002DE9F041054617463C
:102B5400069EDDF81C8081B900242EB1324611494D
:102B64002846FFF783FF0444B8F1000F14D06FB177
:102B7400099B042B13D00C4909E00C4B099A53F818
:102B840022200B49FFF772FF0446E6E70649424656
:102B94002846FFF76BFF04442046BDE8F081054951
:102BA400F5E700BF2421020014210200982102004D
:102BB4001C210200102102002DE9F04F87B00546C8
:102BC4000C46049205939DF84C7001F0020B01F041
:102BD400010AC1F3C00801F4807912F065FE18B34C
:102BE400024616492846FFF741FF0646BBF1000F8F
:102BF4001CD13A465146284612F025FFB9F1000F80
:102C040001D0002311930397129B0293119B01930C
:102C1400109B00930023049A41462846FFF794FF33
:102C2400304407B0BDE8F08F0026DFE7059A21465F
:102C34002846FFF72DFF0644DBE700BF741E0200A1
:102C440011F0100F0BD108B511F0200F03D0044977
:102C5400FFF70CFF08BD0349FFF708FFFAE77047C9
:102C640064220200C42C02002DE9F04105460F46FF
:102C7400164698460699FFF7E3FF0024444505DA13
:102C840024492846FFF7F2FE0134F7E7002409E05F
:102C940020492846FFF7EAFE0BE01F492846FFF7C4
:102CA400E5FE01340F2C0CDC002C02DD14F0070FC0
:102CB400EED0B442F1D23A5D18492846FFF7D6FE69
:102CC400EFE717492846FFF7D1FE002409E0114930
:102CD4002846FFF7CBFE0BE012492846FFF7C6FE55
:102CE40001340F2C13DC002C02DD14F0070FEED09E
:102CF400B44207D23A5D0C4B9B5C13F0970FEBD1B7
:102D04002E22E9E703492846FFF7B0FEE8E7BDE8CD
:102D1400F08100BF2021020030210200282102009E
:102D24003421020038210200C34F02002DE9F04192
:102D340084B004469DF82C500C9F0E9E95B9012B2F
:102D44001ED019484FF0000827B13B4622461749C8
:102D540012F05CF8C6B905BB204612F036FE04B08A
:102D6400BDE8F08103950A980290019300920B4606
:102D740000220F992046FFF71FFF80460C48E3E727
:102D84000B484FF00008DFE70F9B009343463246A1
:102D94000D99204612F06FFEDDE72A460F99204672
:102DA40012F05DFED8E700BF2D5A0100314000004B
:102DB400FD5901002DE9F04383B00646056842F24F
:102DC4000F738B4228BF0B46184A0521684610F042
:102DD40007F804467368D3F804900B27DFF8508093
:102DE40005E04A4639464046A8473F1A8044002F2A
:102DF400F7D17368D3F804806F4605E04246214654
:102E04003846A847241A0744002CF7D173685F6832
:102E14001B24084E05E03A4621463046A847241AAA
:102E24000644002CF7D103B0BDE8F0839C230200D4
:102E3400582102003C210200074B01221A6004E0E1
:102E44004008054A13685B001360044B9842F7D8A6
:102E5400034B1860704700BF940A002040420F00E3
:102E6400980A002070B506460D46002405E0315D41
:102E740004488368DB6998470134AC42F7D3284699
:102E840070BD00BFE4170200014B036000207047CF
:102E94000022020008B5034812F015F8024812F0A7
:102EA40012F808BD002202003822020008B50248C8
:102EB40005F0B6FC08BD00BF68220200B0F5680F3B
:102EC40017D00CD840F6BA63984214D0B0F5683FD6
:102ED40013D03A2801D00120704700207047094BD5
:102EE40098420CD0084B984201D001207047002032
:102EF4007047002070470020704700207047002072
:102F0400704700BF3A00003A2C5F5CA928B308B5AB
:102F14004368B3F5683F0AD0B3F5680F14D012497B
:102F24008B421FD0006804F0B1FB002014E003685A
:102F34000022D3E8EF1F012903D1C3E8E02F0028C2
:102F4400F7D10DD1104607E003681B7803F58073B1
:102F54000020064A42F8230008BD6FF4E0407047A1
:102F64000348F9E70348F7E72C5F5CA90000035026
:102F7400E98FFFFFEA8FFFFF88B308B54368B3F515
:102F8400683F0FD0B3F5680F19D016498B4224D08F
:102F940000684FF0FF324FF0FF3304F0F7FA68B1E6
:102FA40011480BE003680122D3E8EF1F002903D185
:102FB400C3E8E02F0028F7D10BD1002008BD036837
:102FC4001B7803F58073094A52F823301BB900209B
:102FD400F4E70548F2E70448F0E70548EEE76FF444
:102FE400E04070472C5F5CA9E98FFFFF00000350AD
:102FF400EA8FFFFF10B50446A8B16368B3F5683FD4
:1030040010D0B3F5680F0DD00D4A93420AD013F4D3
:10301400686F0DD021680B4814F061FD0023236014
:10302400074B636010BD084B5B6808489847E4E7AA
:10303400236800221A605A609A60DA601A61EFE726
:103044002C5F5CA9C40F00209000002070220200B5
:1030540010B5044668B36068B0F5683F28D0B0F591
:10306400680F25D0174B984228D0FFF727FFC0B12F
:103074004FF0FF324FF0FF332146134804F054FA67
:1030840008B923681BB9114B5B681148984723683A
:1030940000221A605A609A60DA601A614FF4686319
:1030A4006360206814F09CFD636843F03A03636036
:1030B40010BD064B5B6807489847CCE72368002B94
:1030C400D3D1D5E72C5F5CA9C40F00209000002069
:1030D400982202007022020008B5402314220449F9
:1030E400044814F0EDFC0449044805F00BFC08BD49
:1030F400C40A0020C40F0020C8220200DC220200FF
:103104002DE9F04182B000AF0446D0F800E0D0F8D9
:1031140004C085686E468AB06B4613F1100200F055
:10312400888014218AB10846042903DDDFF81C8154
:10313400C3F81480082801DDC3F818E00C2801DD69
:10314400C3F81CC0102800DD1D62132974DD14258A
:103154003AB10521397100217971B971F971786831
:10316400186100216FF300016FF341016FF38201D5
:103174006FF3C501012363F38811C5F30A0565F3F1
:1031840053216FF31F5100233148FFF761FBB5460C
:10319400D4F80CC026696569E8468AB06B4613F119
:1031A40010024CD0142182B10846042903DDDFF853
:1031B400A4E0C3F814E0082801DDC3F818C00C2803
:1031C40000DDDE61102800DD1D6213293ADD1425BF
:1031D4003AB10521397100217971B971F9717868B1
:1031E400186100216FF300016FF341016FF3820155
:1031F4006FF3C501012666F38811C5F30A0565F36B
:1032040053216FF31F51124D00232846FFF720FB73
:10321400C546E369104A3146284612F0BAFBA36951
:103224000E4A3146284612F0B4FB0837BD46BDE8C5
:10323400F0816FF0004175E76FF01B0588E76FF0D0
:103244000041B0E76FF01B05C2E700BFEC220200AB
:10325400401B02001C2302004C2302005C230200DA
:1032640038B504460D4611B10846FFF749FF012C55
:1032740004D02946204603F0E5FE38BDEFF305836C
:10328400103B034A0121034812F083FBF1E700BF1E
:103294008C230200401B020030BFFFF7FDBF00BFBC
:1032A40038B50446054D2A4605491CF06EF8054A12
:1032B400002160191CF090F838BD00BF0000000028
:1032C400AC1B02000800000070B50646064D074B13
:1032D4001D444C1B2046FFF7E3FF083CC6F8A440FE
:1032E40005F1080070BD00BF0000000008000000E8
:1032F400054B5A699B689A4204D0044A536843F0C8
:1033040080535360704700BF4012002000ED00E07E
:1033140081690D4B5A6942F480725A61BFF34F8F31
:10332400BFF36F8F31F8021C5A6922F480725A611C
:10333400BFF34F8FBFF36F8F4DF60273994201D0E5
:10334400002070470120704700ED00E04FF0000CB2
:1033540083F800C002F07F4CBCF17F4F14D102F01F
:103364000C0CBCF1080F04D012F0080F09D0084669
:10337400704708B5054A0121054812F000FB0020FA
:1033840008BD01221A70704700207047A023020074
:10339400401B020008B5314A0121314812F0EFFA0E
:1033A400304B9B6A13F0007F26D11D202D4B9B6A66
:1033B40013F0807F27D12B4B9B6A13F4801F29D1F4
:1033C400284B9B6A13F4002F2BD1264B9B6A13F4D2
:1033D400802F2DD1234B9B6A13F4003F2FD1214B17
:1033E4009B6A13F4803F31D11E4A936A6FEA034308
:1033F4006FEA1343936208BD1B4A0121184812F077
:10340400BEFA1E20D2E7194A0121154812F0B7FA74
:103414001F20D0E7164A0121114812F0B0FA022009
:10342400CEE7144A01210E4812F0A9FA2120CCE774
:10343400114A01210A4812F0A2FA2220CAE70F4ACF
:103444000121074812F09BFA2320C8E70C4A012106
:10345400034812F094FA2420C6E700BFCC230200EC
:10346400401B020000ED00E0E4230200F823020008
:103474001424020040240200602402008824020074
:10348400A424020008B500230B70034A0121034859
:1034940012F075FA08BD00BFD0240200401B0200E0
:1034A40090B583B000AF0F2923DC2F4C10390023D3
:1034B4003B7102237B718AB0EC461CF110021AD0D6
:1034C400122022B1042802DD284BCCF8143000234A
:1034D4003B7002237B70E2B10346082801DDCCF87F
:1034E40018400C2B01DDCCF81C100CF1200300213A
:1034F4000DE01F4CDAE76FF00040E2E701F1080449
:1035040004EB070E1EF808EC03F801EB0131012966
:10351400F4D9112824DD12234AB104213971002180
:103524007971B9710121F9717868CCF81000002122
:103534006FF300016FF341016FF382016FF3C50173
:10354400012060F38811C3F30A0363F353216FF37B
:103554001F5100230748FFF77BF90C37BD4690BD88
:103564006FF01B03D8E700BFF424020028250200F3
:103574000C250200401B0200F8B505460F46144610
:10358400394A0121394812F0FAF9394B9B6A13F090
:10359400100F31D11026364B9B6A13F0080F32D12D
:1035A400334B9B6A13F0020F34D1314B9B6A13F0F7
:1035B400010F4BD12E4B9B6A13F0200F4DD12C4B96
:1035C4009B6A13F0100F01D1294B9B6A284B9B6A0D
:1035D40013F0200F04D0264A536A23F40053536295
:1035E400234A936A43F0FF0393620121284612F0B1
:1035F400E6FA20703046F8BD1E4A01211B4812F03D
:10360400BEF91126C7E71C4A0121184812F0B7F980
:103614001226C5E7194A0121144812F0B0F9144AD8
:10362400536B926A12F0800F01D11326BDE7144A3E
:1036340001210E4812F0ADF937B10D4A936A23F017
:10364400800393621326B0E71326AEE70D4A0121E7
:10365400064812F094F91426ACE70B4A01210348FA
:1036640012F08DF91526AAE73C250200401B020042
:1036740000ED00E054250200882502009C2502008C
:10368400B4250200CC250200EC250200F8B505465D
:103694000F461446374A0121374812F070F9374B68
:1036A4009B6A13F4805F25D11626344B9B6A13F46E
:1036B400006F26D1314B9B6A13F4007F28D12F4B26
:1036C4009B6A13F4806F3FD12C4B9B6A13F4807F69
:1036D40041D12A4B9B6A13F4005F43D1274A936A72
:1036E40043F47F4393620121284612F068FA207064
:1036F4003046F8BD224A01211F4812F040F917262E
:10370400D3E7204A01211C4812F039F91826D1E7E1
:103714001D4A0121184812F032F9184A936B926A33
:1037240012F4004F01D11926C9E7184A01211248A1
:1037340012F02FF937B1114A936A23F400439362CC
:103744001926BCE71926BAE7114A01210A4812F0E2
:1037540016F91A26B8E70F4A0121074812F00FF9A3
:103764001B26BBE70C4A0121034812F008F91C266A
:10377400B4E700BF1C260200401B020000ED00E07D
:10378400342602008825020048260200642602002E
:103794007C26020098260200EC25020070B506463D
:1037A4000D462B4A01212B4812F0E9F800232B7017
:1037B400294BDC6A14F002040AD1274BDB6A002B84
:1037C4000DDB254BDC6A14F080440ED1204670BD1D
:1037D400224A01211F4812F0D2F80024F6E7204AB9
:1037E40001211C4812F0CBF8F0E71E4A01211948C8
:1037F40012F0C5F83046FFF78BFD98B9164B9B6A5B
:1038040013F0FF0F16D1144B9C6A14F47F4418D1A3
:10381400114B9B6AB3F5803FD8D33046FFF7BAFD0E
:103824000446D3E73368104A01210A4812F0B1F87C
:103834003468CBE72A4601213046FFF79DFE044653
:10384400C4E72A4601213046FFF720FF0446BDE7BE
:10385400B0260200401B020000ED00E0C826020072
:10386400EC260200FC2602001C27020030B58BB0B7
:103874001F4B5D68C5F30805002383F31188BFF36C
:103884006F8F0DF12603FFF761FD04460DF127024A
:10389400294612F096F99DF827300BB10BB030BDD4
:1038A40005460DF1040C20686168A268E368ACE881
:1038B4000F0020696169A269E369ACE80F009DF813
:1038C40026304BB1089BC3F308025AB96FEA53235D
:1038D4006FEA4323089305E0089B23F4FF7323F066
:1038E4000103089301A92846FFF7BAFCD6E700BFF5
:1038F40000ED00E0064B5A6942F010025A615A6921
:1039040042F480625A615A6922F008025A6170478F
:1039140000ED00E0EFF30880EFF3098101B5724692
:10392400FFF7A4FF01BD00BF002080F31488BFF39C
:103934006F8F002080F30A8880F30B88104880F38F
:10394400088800200F49087002F006F900200E498B
:103954000860BFF34F8F00F02FF8202080F3118808
:103964000A484FF40061401880F30988EFF314808B
:103974000221084380F31488BFF36F8F00F0F6F838
:10398400682E0020FC1D002094ED00E0282100207A
:10399400084BD3F89000C0F30720002306E0054A43
:1039A400C2F898300021C2F8A01001338342F6DB3C
:1039B400704700BF00ED00E010B572B6002484F338
:1039C4001388FFF7E5FF234608E003F120010E4AC0
:1039D4004FF0FF3042F821000133DBB20F2BF4D952
:1039E400002308E003F16001074A4FF0FF3042F87A
:1039F40021000133DBB20F2BF4D962B6BFF34F8F32
:103A0400BFF36F8F10BD00BF00E100E008B50A4BA3
:103A14009B68834202D004F031FB08BDEFF30583B9
:103A2400002BF8D0054B5A6842F080525A605A6A0B
:103A340022F400425A62EEE74012002000ED00E05A
:103A440016498A684FF030001044EFF3098C80E87F
:103A5400F01F202080F31288BFF36F8F104F4FF0B8
:103A640000664A698A603E60D2F8A4000D4C20606A
:103A7400D2F8A8000023C2F8A83080F3118802F11C
:103A8400300090E8F01F8CF3098802F1000004B5BF
:103A940012F0D2F8BDE80440704700004012002044
:103AA40004ED00E0E40F00201EF0040F0CBFEFF360
:103AB4000880EFF30980816911F8021C0229FFD004
:103AC40001B5724612F068F801BD00BF002807DB9B
:103AD40000F01F02400901239340024A42F82030BB
:103AE400704700BF00E100E000280CDB00F01F027B
:103AF4004009012393402030034A42F82030BFF3A9
:103B04004F8FBFF36F8F704700E100E0002808DBA0
:103B14004901C9B200F1604000F5614080F800132A
:103B2400704700F00F004901C9B2014B19547047A6
:103B340014ED00E04209054B53F8222000F01F0069
:103B4400012303FA00F01040704700BF00E100E0D9
:103B5400044B23F07F03044A9360BFF34F8FBFF3FA
:103B64006F8F70470000000000ED00E008B5FFF71C
:103B7400EFFF074AD2F8883023F47003C2F8883084
:103B840003F022FC04F0E0FB00F04EF803F078FCB4
:103B940000ED00E010B4A2F120040E4942F8081C24
:103BA40021F0010142F8081C42F8203C019B42F834
:103BB4001C3C029B42F8183C039B42F8143C4FF017
:103BC400807342F8043C04650023C0F8A83010BC9C
:103BD400704700BFA520000000B50E4615460B4BEC
:103BE4009860D0F8A4200A4B1A60D0F8943083F37C
:103BF4000B882C4686F309880020064B98472046FC
:103C0400002100220023044C204700BF4012002062
:103C1400E40F0020475C0100A5200000014B1022A6
:103C24001A61704700ED00E0002207E003F16043F1
:103C340003F56143202183F800130132442A09DC8F
:103C440053B2002BF2DA03F00F0303491944202383
:103C54000B76F2E7704700BFFCEC00E008B5EFF329
:103C64000583103B044A02EBC301496852F8330050
:103C74008847FFF73DFB08BD2418020010B584B047
:103C84000A4C23460A4A01210A4812F0ECF80023A0
:103C9400019302930393084B0193E41A02940121C4
:103CA40001A812F0E4F804B010BD00BF0000072022
:103CB400000000203827020018020020024B034AAB
:103CC400C3F8C020704700BF00ED00E0AAFF440025
:103CD400034BC3F89800C3F89C10C3F8A0207047A6
:103CE40000ED00E00E4BC3F89800C3F89800D3F839
:103CF4009C000A7A60F304020A72D3F8A020C2F38B
:103D04004202087A62F347100872D3F89C2022F02A
:103D14001F020A60D3F8A03023F01F03CB60704762
:103D240000ED00E070B505460E46002400E00134C5
:103D3400A6421EDD04EB44039A0005EB8303596895
:103D44000029F4D0A85811F0E8FF04EB84030B4ACF
:103D540042F8230010F1160F0CD0094B1B7898423F
:103D640009DA04EB840302EB83010431FFF7BAFFA1
:103D7400DDE7002070BD6FF01500FBE7E80F0020C1
:103D8400F61D002010B504460A4BD3F89030C3F357
:103D94000723013B984203D811F099FF204610BD38
:103DA4000346054A0121054811F0F3FD6FF01500A3
:103DB400F5E700BF00ED00E048270200381B0200D1
:103DC4002DE9F04F87B081460091019314460026F7
:103DD40048E03346614A0121614811F0DAFD6FF091
:103DE400150407E03B465F4A01215D4811F0D1FD0F
:103DF4006FF01504204607B0BDE8F08FD84564D1B4
:103E04002946C0B211F09AFF2BE0574AC2F89870C5
:103E1400D2F89C3003F01F0321F01F010B43C2F8BA
:103E24009C302946E0B211F089FF044610F1160FC8
:103E3400E0D0013415E0013B4B49C1F89870D1F84A
:103E4400A02002F01F0223F01F031343C1F8A03087
:103E54002946E0B211F072FF044610F1160FC9D0E2
:103E640001340136009B9E42C4DA06EB46054FEA54
:103E7400850A09EB85056F68002FF2D0019B23B1F9
:103E8400284611F038FF0028A3D0394659F80A0013
:103E940011F043FF074610F1160FA3D08442A1DDB1
:103EA400314BC3F89800D3F89C2022F01F02C3F8CA
:103EB4009800D3F8A03043F01F0859F80A30696815
:103EC400194401F1FF3B934298D093429DD0D845C9
:103ED400B1D0013B2449C1F89870D1F8A02002F078
:103EE4001F0223F01F031343C1F8A0302946E0B298
:103EF40011F024FF044610F1160F3FF47BAF01309C
:103F0400194BC3F89870D3F89C109DF8102061F3F6
:103F140004028DF81020D3F8A030C3F34203D2B2C8
:103F240063F347128DF8102059F80A306A68134475
:103F3400029323F01F03A8EB0B084344013B23F037
:103F44001F03059302A9C0B2FFF71CFF044610F13A
:103F5400160F3FF44FAF013483E700BF7027020010
:103F6400381B02009427020000ED00E010B5034C5A
:103F740001232278FFF724FF207010BDF61D0020D6
:103F8400044B0522C3F89420BFF34F8FBFF36F8F08
:103F9400704700BF00ED00E0BFF35F8F024B0022CB
:103FA400C3F89420704700BF00ED00E038B51C4B07
:103FB4001D681C4BD3F89030C3F307239D422BD8C4
:103FC400FFF7EAFFFFF77AFE002407E0144B596875
:103FD40001EB0411204611F07AFE0134A542F5D814
:103FE4001148057011F0C9FE10F1160F13D00E4BD5
:103FF4001A780C4BD3F89030C3F307239A4207DAAC
:10400400084BC3F898200021C3F8A0100132F0E750
:10401400FFF7B6FF002038BD4FF0FF30FBE700BFCD
:10402400B827020000ED00E0F61D002030B587B08F
:104034000D461146002400940194029403940494C0
:10404400059402228DF80220044A019204900595F9
:104054001A4668460FF0CAFA07B030BD7B5E01000D
:1040640008B5024B1B689847002008BD0C100020BF
:10407400034B1860034A937843F00203937070472C
:104084000C1000203000002008B5054810F01BFF7C
:10409400002383F31188BFF36F8F0423184602DFD4
:1040A400F827020008B54FF0FF324FF0FF33024803
:1040B40011F0F8FE08BD00BF4000002008B5064915
:1040C40021F00701C1F1005202F5E022034810F08B
:1040D400E6FD002008BD00BF6F2E00201010002058
:1040E40038B50446FFF7DEFF22460821084810F0E1
:1040F4004BFD054620B1074803F0C8FA284638BDF1
:10410400002CF8D01BF052FC034B0C221A50F2E79F
:1041140010100020400000200C00000010B50446E0
:10412400FFF7C0FF2146034810F0DEFC024803F00D
:10413400ADFA10BD101000204000002068B108B591
:10414400064A074B1B680749A1FB03139B0C00FBA2
:1041540003F042F00103984708BD7047D01B0200EA
:104164006400002083DE1B4338B51A4B1B780133EF
:10417400194AA2FB031202F4FE7101EB92029C1A8B
:10418400E5B212F002FF154B1B782BB1144A52F81A
:104194002530C01A07281AD94FF05023D3F8143108
:1041A40063B14FF050230022C3F81421D3F8143123
:1041B400084B1D7015B9094B01221A70054B1C7868
:1041C40012F0E3FE064B43F82400012038BD002022
:1041D400FCE700BFF81D0020CDCCCCCCF71D00209F
:1041E4001C10002000B583B00DF1070001F0C8FDDC
:1041F400114B98421CD1114B4FF48062C3F8B8257F
:104204004FF40062C3F83C250D499DF8070012F0F5
:1042140080FF0C499DF8070012F076FF9DF80730E7
:104224000120984001F0A6FD002003B05DF804FBD6
:104234006FF00B00F9E700BF0000AD0B00A00250C7
:104244002CA0025028A1025008B50121104BC3F83C
:104254000015104A0223C2F8D0360F48D0F80032B5
:1042640023F0E04343F04053C0F80032D0F8043266
:1042740023F0E04343F04053C0F80432C2F804177B
:10428400C2F80419C2F8001B00F032F808BD00BFE0
:1042940000100050004000500025845000F01F0220
:1042A40040090CD001280CD10748803250F8223044
:1042B40023F0E04343EA017140F8221070470348B9
:1042C400F3E70020F1E700BF002884500025845064
:1042D40038B50546002405E02946044B185DFFF770
:1042E400DDFF0134032CF7D938BD00BF08280200D4
:1042F40008B50249024811F0D3F908BD0C280200A0
:104304003010002000487047EC100020014BC01A08
:10431400401170476410002038B505460C46FFF77D
:10432400F5FF01464022034811F0C4FE0146284629
:10433400A04738BD8417020030B583B005460C464B
:10434400FFF7E4FF0146402300932346054A06484D
:1043540011F0CAFE011E01DB03B030BD2846A047A0
:10436400FAE700BF356101008417020008B5092887
:1043740017D8DFE800F0051C1616161616161712C5
:1043840000210D4811F024FE836813F0070F08D1B3
:104394000021094811F07CFE03E00221064811F0D7
:1043A40077FE08BD0321044811F072FEF9E70121EC
:1043B400014811F06DFEF4E78417020010B582B0D5
:1043C400EFF31184202383F31288BFF36F8F154A10
:1043D400136843F00201116013F0010F09D10023A7
:1043E40084F31188BFF36F8FB3B911F0A9FE02B043
:1043F40010BD0DF1070201214FF0502011F0B9FD5D
:104404009DF80730012B01D00023E9E7FFF77AFF7D
:1044140011F02CFE0123E3E70021034811F038FEDC
:10442400E5E700BF141100208417020010B5EFF374
:104434001184202383F31288BFF36F8F074A136814
:1044440023F00201116013F0010F04D084F31188EA
:10445400BFF36F8F10BD11F087FEF7E71411002032
:1044640070B582B00546012807D14FF05023D3F828
:104474001C3403F00303022B36D013F0DCFB044698
:1044840010B92B4B1B7873B9EFF31186202383F3F8
:104494001288BFF36F8F012494B94FF05023022286
:1044A400C3F808230CE00026F6E7FCB1304611F00F
:1044B400E8FB4FF05023D3F81835DBB2012B19D0A9
:1044C4000DF1070200214FF0502011F052FD002899
:1044D400EBD09DF80730022B01D0012DE5D104B3B8
:1044E40086F31188BFF36F8F02B070BD012011F005
:1044F4004FFEDEE74FF05023D3F80431002BDFD01A
:104504004FF050230022C3F80421D3F804210222DF
:10451400C3F81825074A2021C2F8801101229A60A5
:10452400CEE74FF050230222C3F80423DCE700BF98
:10453400FC1D002000E100E000B585B0CDF800D0FE
:10454400CDF804D000230293012303936B46074A5A
:1045540011F0E6FD002805DB4FF480420023684695
:1045640003F02EF905B05DF804FB00BFC161010042
:1045740070B5064600220121052011F051FB1148B7
:1045840001F006FC104B984219D101F013FC0024F1
:10459400032C12D82146304611F01AFD0546214657
:1045A400304611F022FD094911F07AF8002805DBA4
:1045B4000123AB601C44E4B2EAE7002070BD6FF055
:1045C4000400FBE7714300000000AD0B1828020053
:1045D40010B504460E4B0121D3E8EF2FC3E8E01FCA
:1045E4000028F9D11AB1631E012B0DD910BD094859
:1045F40011F0FBFC084900234B608B60CB60012366
:104604008B6011F069F8EEE72046FFF729FFEDE72C
:1046140060100020841702005010002010B50446DA
:104624000A2806D0E1B206488368DB699847204629
:1046340010BD03488368DB690D219847F2E700BF8A
:10464400E417020010B5044C2046FFF711FD204684
:10465400FDF720FD10BD00BF2146000008B5054848
:1046640013F0DAF918B1FFF7EDFF002008BD6FF081
:104674001200FBE7E4170200F0B51C46059F069EF6
:1046840000F01F0C400936D0012836D1284D0CF11A
:10469400800355F8233091B3012092B34FF0020EFA
:1046A40040EA0E0084B34FF00C0E40EA0E0077B3DC
:1046B4004FF4706E40EA0E0066B34FF4403E40EA99
:1046C4000E0023EA000041B30B7842B31278520083
:1046D400134334B322789200134327B33A78120277
:1046E400134316B332781204134303430CF1800CC2
:1046F40045F82C30F0BD0F4DC9E70025C7E7002071
:10470400CBE74FF0000ECBE74FF0000ECDE74FF0B4
:10471400000ECFE74FF0000ED1E70023D5E70022CB
:10472400D6E70022D8E70022DAE70022DCE700BF60
:10473400002884500025845000F01F03400908D04D
:10474400012808D1054A803352F8230000F0010003
:104754007047034AF7E70022F5E700BF00288450BA
:104764000025845028B1012801D103487047002056
:1047740070470248704700BFA4170200C417020024
:104784002DE9F04786B0884616469946446801F0FC
:104794001F05237B45EA4315204611F088FD0028B8
:1047A40064D0B6F5001F35D00DF10C0A002703972D
:1047B40004974946304611F0AFFD8DF80C00009780
:1047C40001970297CDF804A0A36823FA08F313F025
:1047D400010F02D1B6F1A07F23D004F110060DF130
:1047E40017022946304613F009F8234B984237D074
:1047F40010346A462946204612F0F4FF1E4B9842B4
:1048040037D101222946204613F010F8002006B0C3
:10481400BDE8F087294604F1100013F00BF80020DE
:10482400F5E72846FFF788FF0028D6D10DF11702D7
:10483400294604F1100012F0E1FF104B984203D016
:104844000DF117030493D3E70DF1170241462046F7
:1048540011F09EFD084B9842F2D06FF00B00D6E7A2
:104864009DF81710304612F0D9FFC1E76FF08500AC
:10487400CDE76FF01500CAE70000AD0B0400AD0BE7
:10488400F0B589B00F461446456801F01F062B7B2E
:1048940046EA4316104611F00FFD8DF81E0040F253
:1048A40006332340B3F5837F53D016D8062B4CD060
:1048B40006D9B3F5807F0DD101238DF81D3024E096
:1048C40003B3022B03D104238DF81D301DE06FF0D8
:1048D400150038E06FF0150035E040F202229342F3
:1048E4003BD0B3F5407F03D103238DF81D300CE09A
:1048F400B3F5007F03D102238DF81D3005E06FF07E
:10490400150020E000238DF81D3014F4002F28D06A
:104914006A680123BB409360284611F0C8FC40B389
:1049240010350DF11F023146284612F067FF074685
:1049340014F4403F36D13146284612F06BFF3C4B0D
:104944009F426DD0002009B0F0BD06238DF81D30C4
:10495400DBE707238DF81D30D7E705238DF81D30DD
:10496400D3E714F4802FD7D06A680123BB40D36007
:10497400D2E7C4F340438DF8083014F4803F0CBFF1
:10498400012300238DF81030002401940DF11D0340
:1049940000930DF11E0304AA02A93046FFF76CFE32
:1049A4002046D0E702AA00230293039304930593BD
:1049B4000693059204AA3146284612F013FF1C4BB5
:1049C40098421DD114F4003F1DD09DF81D308DF880
:1049D400103014F4803F0CBF012300238DF81130F4
:1049E4009DF81E308DF81230002304AA3146284663
:1049F40012F0FCFE0E4B9842A1D06FF01500A2E716
:104A04006FF015009FE700230493059306930DF1BF
:104A14001E03049304AA3146284612F0E3FEE9E794
:104A24009DF81F10284612F0F9FE00208BE700BF06
:104A34000000AD0B38B504464568284611F037FC34
:104A440020B91049204611F0E1FB38BD1035284645
:104A540012F0DCFE0028F4D10021284612F0D2FE28
:104A6400094B98420AD100220849284612F0C2FE96
:104A7400002205210D2011F0D3F8E2E76FF00400C5
:104A8400E3E700BF7B6301000000AD0B5563010049
:104A940008B50B690278012A0CD0022A0DD012B194
:104AA400074A1A6201E0074A1A6203F1100002F091
:104AB40043FE08BD044A1A62F7E7044A1A62F4E79F
:104AC4000100AD0B0000AD0B0100AE0B0200AE0BFC
:104AD4002DE9F04F8DB002AFF86088469346BB6075
:104AE40005693D6043689A6A7A619B8B3B614FF02C
:104AF400FF324FF0FF3311F06EFC05F1100318463E
:104B04007B600022002302F05BFE00263446BE6177
:104B140040E00122FA6101E00022FA6120466A685D
:104B240004EB020CD7F810E0F44560D813F0010F41
:104B340000F0D1806B6823449CB2FB694BBB002C12
:104B440040F0D18058F80AA0AB88297ABA6800925C
:104B54005246F86800F04CF9031EBB61C0F2E480D1
:104B64004FF480420023786802F02AFEB8610028DE
:104B740040F0BD803B681A6A714B9A4240F0DC8079
:104B84002B7A13F0010F03D07B69534500F0B680F4
:104B940000244E465E4580F0C78006EB46054FEA8A
:104BA400850A08EB85052B7A13F0080F40F0B980CD
:104BB40058F80A1001F0604206F10109D9450ED2F5
:104BC40013F0020F0BD109EB490008EB8000007AC7
:104BD40010F0040F03D1584010F0010F99D0002CAD
:104BE4009AD1B2F1005F7BD00022FA6196E7FB68AC
:104BF40019686D46032387F82430052387F8253088
:104C04008CB002AE16F1100C24D01A20BCF1000FA7
:104C140010D00346042803DDDFF828E1C6F814E0C9
:104C2400082B00DDB4610C2B00DDF261102B01DDDB
:104C34003B693362032387F82030052387F821304A
:104C4400BCF1000F15D0142800DD716206F12803B1
:104C540000210CE06FF00040D8E701F1080207F1F1
:104C64002004224412F8082C03F8012B01310129F5
:104C7400F3D919282CDD1A23BCF1000F0CD006221D
:104C840087F82420002287F8252087F8262001228F
:104C940087F82720786A306100216FF300016FF3F1
:104CA40041016FF382016FF3C501012262F38811A0
:104CB400C3F30A0363F353216FF31F5100236246C6
:104CC4002148FDF7C5FDAD466FF01B03BB612BE02A
:104CD4006FF01B03D0E77B6918441AF056FB29E7F1
:104CE4000023FB6129E72346D7F814A02DE7F868D1
:104CF40000F02CF86FF00403BB6115E01D4607E0DB
:104D0400A41AA4B2291958F800001AF03EFB013E77
:104D140006EB4603980008EB83035A689442EFD2EB
:104D240036E76FF08503BB61F86811F059FBB86989
:104D34002C37BD46BDE8F08F6FF00403BB61F3E789
:104D44000000AD0BE4280200181B020070B5446893
:104D54002368D3F80855D3F80C65204602F006F80A
:104D64003146284602F0D6F805460021606A11F063
:104D74004EFB204601F0EAFF034B9D4201D1002087
:104D840070BD6FF00F00FBE70000AD0B08B5436882
:104D940011F0010F24D1C1F34201022912D00329D9
:104DA40017D0012907D0104A0121104810F0E7FD5F
:104DB4006FF0150005E01B684FF0CC72C3F8242592
:104DC400002008BD1B684FF0C862C3F824250020EA
:104DD400F7E71B684FF07F62C3F824250020F0E753
:104DE4006FF01500EDE700BF182A0200181B02003F
:104DF40010B588B040680024039404940594069484
:104E0400079401F001048DF80C40BDF828408DF89A
:104E14000D4004930692828D9A4210D311F0020F32
:104E240016D0002203A901F0F5FF0D4B984214D0CF
:104E34000B3398420ED06FF0040008B010BD0092FE
:104E4400084A0121084810F0AFFD6FF01B00F4E799
:104E54002022E7E76FF00F00EFE70020EDE700BF47
:104E64000000AD0B2C2A0200181B0200B0B582B062
:104E740000AF05464468236A98470121606A11F02F
:104E8400C6FA2B46A26904F10801204601F018FF76
:104E94002E4B984206D12E49284611F0A6FA08371F
:104EA400BD46B0BD29686D4600233B7102237B716A
:104EB40088B06C4614F1100211D00E201AB10428E7
:104EC40001DD244B636100233B7002237B709AB1A4
:104ED400082800DDA16104F11C0300210AE06FF041
:104EE4000040EBE701F1080CBC441CF808CC03F8C3
:104EF40001CB01310129F5D90D2824DD0E2342B15E
:104F04000321397100217971B9710121F97178682E
:104F1400206100216FF300016FF341016FF38201FF
:104F24006FF3C501012060F38811C3F30A0363F32F
:104F340053216FF31F5100230748FDF789FCAD4649
:104F44006FF00400ABE76FF01B03D8E70000AD0B74
:104F54005B640100742A0200181B020070B400F0A4
:104F64001F0C400919D0012819D10E4D0CF18000F5
:104F740055F820600C4C344041EA420141EA830375
:104F84009DF80C2043EA02239DF8102043EA0243D3
:104F9400234345F8203070BC7047044DE6E70025F4
:104FA400E4E700BF00288450F0F0FCFF00258450A3
:104FB40000F01F01400906D0012806D1044A01234C
:104FC4008B4093607047034AF9E70022F7E700BF7C
:104FD400002884500025845000F01F01400906D0A9
:104FE400012806D1044A01238B40D3607047034A49
:104FF400F9E70022F7E700BF002884500025845019
:105004002DE9F04F85B007468B469046002423E0F7
:105014004FF0FF3535E0C8F80C55012603963146AC
:10502400B5F1FF3F16D0B1F1FF3F40F0138157F8BF
:105034000A3013F4004F02D001260022039200220A
:105044000192CDF80090C3F34123324603992846D8
:10505400FFF784FF0134E4B25C4580F0FF804FEA3F
:10506400840A57F82430C3F3C322C3F30805082A7B
:1050740000F2F6807E4911F8029040F2FF12954248
:10508400C6D01B0E222B00F2EE8001A252F823F0B0
:105094001B500000215100002F5100003B51000023
:1050A4004951000057510000635100006B52000049
:1050B4006B5200006B5200006B52000071510000F3
:1050C400855100006B5200006B5200006B520000CF
:1050D4006B5200006B5200006B5200006B520000D8
:1050E4006B5200006B52000099510000AB5100005C
:1050F400BD510000CF5100006B5200006B52000004
:105104006B520000E1510000F1510000FD5100001C
:105114000D5200001D5200002D520000C8F8145515
:10512400002603964FF0FF317AE7C8F808550126A8
:105134000396314674E7C8F81055002603964FF0DD
:10514400FF316DE7C8F80855002601230393314663
:1051540066E7C8F80C5501260396002160E7C8F8F5
:105164001055002603964FF0FF3159E7C8F808554B
:10517400B9F1000F5ED0002603964FF0FF314FE7E0
:10518400C8F80C55B9F1000F5CD0002603964FF017
:10519400FF3145E7C8F8605557F80A10C1F30041DC
:1051A400012603963CE7C8F8645557F80A10C1F382
:1051B40000410126039633E7C8F8685557F80A10EA
:1051C400C1F30041012603962AE7C8F86C5557F845
:1051D4000A10C1F300410126039621E7C8F82455BB
:1051E4000126002303934FF0FF3119E7C8F828552F
:1051F40001260396314613E7C8F8305501260023EB
:1052040003934FF0FF310BE7C8F834550126002310
:1052140003934FF0FF3103E7C8F838550126002304
:1052240003934FF0FF31FBE6C8F83C550126039683
:105234003146F5E64E46CDF80C904FF0FF314FF075
:105244000609EDE64E46CDF80C904FF0FF314FF0D5
:105254000609E5E6284611F02FF9E8E6002004E007
:105264006FF0150001E06FF0850005B0BDE8F08F28
:10527400942A02002DE9F84305460F46466812F0C9
:10528400DAFC20B9234B1B780BB3002300E0012385
:10529400D5F810906A68D2F80080F3B9284611F066
:1052A40044FA0446736813F0040F03D04FF48003E8
:1052B400C8F80433F36A1F700122F16A284611F01A
:1052C40080FA84F31188BFF36F8FBDE8F88301235C
:1052D400DEE784F31188BFF36F8FEFF3118420238B
:1052E40083F31288BFF36F8F284611F01EF900284C
:1052F400EFD0D9F80030002BD4D0D3F8A420002A62
:10530400D0D0D3F8B420002ACCDAD8F84C25C3F88E
:10531400B420C7E7FC1D00202DE9F04F85B0984666
:10532400D0F810B0DBF80040D0F804A0DAF8005050
:105334009AF80830002B40F0B58081460F46164697
:1053440094F86130002B40F0B08094F86230002B68
:1053540040F0AE806365B8F1FF3F44D0B8F1040F6C
:1053640016DDA3F1993383FB08234FEAE870C0EB01
:105374006300C117C90341EA5041C0034E4BC01832
:105384004E4A4FF0000341F10001FAF7DFFF01E05C
:1053940000200146A065E165276466640023A364D8
:1053A400E3642365DAF8043013F0040F20D1DAF84B
:1053B400043013F0040F02D094F8602052BBC5F8F7
:1053C4003475C5F838650020C5F81001D5F81031DA
:1053D400C5F84C01D5F84C31012384F861302B60B9
:1053E40005B0BDE8F08F00220023C4E91623D3E7FB
:1053F400EFF311830393202383F31288BFF36F8F9A
:105404000221484611F0D1F9039B83F31188BFF3BD
:105414006F8FCCE7B24228BF32469146DAF82810A3
:10542400384619F0B2FF4F44B6EB090614D0B8F170
:10543400FF3FC4D00023C5F80831D5F8083104F182
:105444000800D4E916234FF000084FF00009CDE915
:10545400008903F055F9B2E794F86020A2EB090241
:10546400D2B284F86020DAF8280000EB090119F0C0
:1054740099FF0BF10803D3E8EF1F41F00401C3E8DF
:10548400E21F002AF7D145F30735002D08DB05F0AC
:105494001F026D09012393404035094A42F8253023
:1054A40000209DE76FF085009AE76FF00F0097E703
:1054B4006FF00F0094E700BF3F420F0040420F001F
:1054C40000E100E0F0B583B004461D460669EFF341
:1054D4001187202383F31288BFF36F8F3368D3F8C7
:1054E400A40000BBC3F8A4203368C3F8A01001F0E3
:1054F4006043B3F1005F1DD13368C3F8A81033686B
:10550400C3F8AC203146204611F076F987F31188B0
:10551400BFF36F8F204611F037F880B3B5F1FF3F2A
:1055240010D100202CE087F31188BFF36F8F6FF048
:105534000F0025E033680022C3F8B020204611F0A4
:10554400CCFADFE73468683425EAE575E917C9035E
:1055540041EA5541ED030B4828180B4A4FF000036C
:1055640041F10001FAF7F2FE02460B460020002149
:10557400CDE90001204603F0C3F8002000E000203C
:1055840003B0F0BD3F420F0040420F0070B5044627
:10559400056943681E68286800220A49083012F029
:1055A4003BFD2B68DC63286800220749683012F051
:1055B40033FD2B68C3F89C40044BC6F80433002029
:1055C40070BD00BF436C01003F6A010014020A0071
:1055D40038B505460C4601F10C0000F0D1FB0C4B2C
:1055E40098420DD105F10C0205F59071207B11F064
:1055F40095FD237B0120984000F0BCFB002038BDC2
:10560400044A0121044810F0BAF96FF00400F6E7E7
:105614000000AD0BA02A0200501B020038B504465E
:1056240045680121E86811F0A5F863681A682B69D8
:10563400C2F824356B7DA97D0B43298B0B43297D4F
:105644000B43C2F86C3523691B6823B12046FFF76E
:105654009DFF002803DB204611F02DFB00B138BD6F
:105664000249204610F030FFF9E700BF63680100EB
:1056740021F07F4100F5A870014B43F820107047DA
:10568400005001504FF480338340024AC2F844333F
:10569400704700BF005001504FF480338340024AEA
:1056A400C2F84833704700BF00500150014BD3F893
:1056B40004057047005001502DE9F843054689461A
:1056C4009046FFF7E9FF284611F027FC4E460327D2
:1056D40010E0FFF7EBFF0446494611F00DFCB0F56E
:1056E400000F26D9284611F018FCB8F1000F22D17A
:1056F4003E19013731462846FFF7BAFF2846FFF71F
:10570400C1FFFFF7D3FF0446C11C304611F0F4FB80
:105714000A4B98420AD9284611F0F2FB0028D8D146
:10572400B8F1000FE4D06FF0150000E00020BDE8F0
:10573400F8830020FBE76FF01500F8E7FDFF7F001A
:10574400034B044AC3F80823C3F84823704700BF37
:105754000050015003000F0010B5012383406FEA8D
:10576400030C0C4AD2E8EF1F01EA0C0EC2E8E4EF86
:10577400002CF7D14FF4803282400748C0F8082348
:10578400BFF35F8FBFF36F8F0B4214BF0120002064
:1057940010BD00BF78110020005001504FF4803339
:1057A4008340124AD2F80423134201D100207047E7
:1057B40010B5044601238340DB430D49D1E8EF2FA4
:1057C40002EA0300C1E8EC0FBCF1000FF6D122FAA3
:1057D40004F313F0010F03D1204611F091FB18B12B
:1057E400204611F09AFB012010BD00BF005001506B
:1057F4007411002001B97047012383400D4AD2E897
:10580400EFCF4CEA030CC2E8E1CF0029F7D14FF403
:1058140080338340084AC2F80433084BD3E8AF3FCF
:10582400C34013F0010FE6D0054B4FF40012C3F848
:105834000021E0E77811002000500150741100208D
:1058440000E100E038B514461046194611F071FB2A
:1058540002460D490B68E01A1B184C6844F1000419
:105864000B604C60A2F50013B3F5400F09D2074B4F
:105874001B68190A1B06D41841F10005044BC3E93F
:10588400004502F03FFE38BDD80700207C110020FF
:10589400E007002038B50D4B1C68250A2406BFF329
:1058A4005F8FFFF703FF0346001945F10001B3F5CD
:1058B400801F0AD2064BD3E90023904271EB030305
:1058C40003D210F1807041F1000138BD7C11002039
:1058D400E00700202DE9F041064614461D469DF8D8
:1058E40020801046194611F024FB0746FFF7D2FF2B
:1058F400A04271EB050319D2201A65EB01011B4B81
:10590400984271F100012BD2194B03EB0613D3E932
:105914000223AB4208BFA24201D1002014E0424658
:1059240039463046FFF7C8FE70B117E0B8F1000FF2
:1059340019D10123B3400F4AD2E8EF0F1843C2E84C
:10594400E10F0029F8D10020094B320103EB0616C0
:10595400C6E9024506999950079B7360BDE8F0813A
:105964006FF01500FAE76FF01500F7E7010080000B
:10597400C80700207411002030B585B0FFF7E0FEA1
:1059840000231E4AC2F80835002B25DD1B4C0225D6
:10599400C4F804531A4B4FF40012C3F880210022B8
:1059A4000121152010F03CF9152010F02FF90123E6
:1059B400A3602360134A1360002402940194124BE1
:1059C4000093124A0023204611F0C3FA2846FEF73A
:1059D400FFFD204605B030BD0D4A02EB03124FF027
:1059E400FF304FF0FF31C2E902014FF480329A4098
:1059F4000249C1F804230133C6E700BF0050015037
:105A040000E100E07811002049580000FFFF7F000A
:105A1400C80700202DE9F04782B00446FFF7BEFE18
:105A240010B902B0BDE8F087FFF734FF82460D4697
:105A340011F082FA0646154B03EB0413D3E90289ED
:105A4400C24575EB09050BD20025304611F07CFAEE
:105A5400002DE6D0009742464B462046A847E0E793
:105A64000A4A230102EB0411D5584F680020D05094
:105A74004FF0FF324FF0FF33C1E902232046FFF716
:105A84000BFE204611F049FADFE700BFC8070020EB
:105A940010B50D4BD3F8043313F0020F03D10024D7
:105AA400002C0BDD10BD0221074811F0EFF900288E
:105AB400F5D0064A136801331360F0E72046FFF778
:105AC400A9FF0134ECE700BF005001507C11002015
:105AD40010B584B0B0F1FF3F18D001281BDD154B81
:105AE4009842A8BF18460446134B01221A70FFF7C8
:105AF400D1FE124B1A685B68801AB0F5000F0CD205
:105B04000444B4F5000F09D30A4C07E00A4B002201
:105B14001A70084CEBE70124E6E7064C0020121942
:105B2400029001900649009143F1000311F011FA2B
:105B340004B010BDFFFF7F00FB1D0020D80700202C
:105B44004958000008B5FFF7A5FE024B1B68C01AB0
:105B540008BD00BFD807002008B511F09AFA68B153
:105B64005D4BD3F8203A4BB95B4B0D22C3F8202A86
:105B74000122C3F81C290022C3F81C2900220BE0CF
:105B840002F160034FF47F0151F83310DB0003F599
:105B94007F035B680B6001321F2A08D802F160039F
:105BA4004FF47F0151F83330B3F1FF3FE8D111F0E6
:105BB40048FA30B1484B2922C3F80C270322C3F812
:105BC4003C2711F0F2F940B1444B454AC3F8302563
:105BD4004FF050230122C3F8582511F0FAF918B1F7
:105BE400404B0022C3F84C2511F00BFA68B14FF07A
:105BF4005023D3F8003413F0010F06D04FF0502394
:105C04000022C3F81421C3F8182111F00EFA60B170
:105C14004FF05023D3F8003413F0010F05D04FF0A8
:105C240050236FF00102C3F8002411F01EFA18B1DA
:105C3400294B6522C3F80C2711F03FFA20B1294BF8
:105C4400D3F82034002B30DB11F043FAE8B1224BB7
:105C54007E22C3F80C27C3F83C29234A7F23C2F8C9
:105C640018311E490023C1F8043EC1F8083E01F56D
:105C74004821C1F81031C2F82431C2F82C3102F5A0
:105C8400FF1202F58052C2F8A032184AD2F88C30C2
:105C940043F44063C2F88C30154A1168154BC3F8BD
:105CA4004415D269C3F84C2508BD4FF05023032294
:105CB400C3F8182501229A604FF05023D3F8043119
:105CC400002BF9D04FF050230022C3F80421012205
:105CD400DA60C3F81825B7E700400050009003507D
:105CE4004400EFBE002003500020005000ED00E00F
:105CF4000080FF000060005010B50468ACB1B4FA35
:105D040084F3C3F11F03DBB201229A4024EA0202A6
:105D1400D0E8EFCFA44504D1C0E8EE2FBEF1000FC8
:105D2400F6D1EAD10B70024810BD0248FCE700BF6F
:105D34000000AD0B0200AD0B0368CB4013F0010F64
:105D440011D100B5026801238B401343D0E8EFCF93
:105D5400944504D1C0E8EE3FBEF1000FF6D1F1D175
:105D640002485DF804FB0248704700BF0000AD0B19
:105D74000400AD0B014BC3F80405704700700150DB
:105D840008B50146014811F06FFA08BD680000200B
:105D9400054B1B792BB9044B186001221A71034877
:105DA40070470348704700BF801100200000AD0B0E
:105DB4000C00AD0B08B5084B1B680BB111F0E9F9E9
:105DC40011F0E5F94FF05023C3F818050122C3F888
:105DD4001425C3F8802508BD8011002000B583B0C8
:105DE400032818D8DFE800F01A026D6700224FF488
:105DF4008073012003F1502300211960196802F116
:105E0400502201211160354A1268002A5FD04FF0F8
:105E14005023C3F8040303B05DF804FB4FF0502390
:105E2400D3F81824D3F8183403F003038DF807309B
:105E340012F4803F15D14FF05023D3F8143413F0EB
:105E4400010F13D111F0A3F98DF807009DF8072075
:105E54004FF05023C3F8182508224FF48273022010
:105E6400C8E70DF1070011F0E6F9EFE74FF0502312
:105E7400D3F81C3403F003038DF807300DF1070049
:105E840011F0D9F90028E1D0144B1B682BB14FF065
:105E940050230222C3F80423BDE74FF05023D3F864
:105EA4000431002BF9D04FF050230022C3F8042111
:105EB400D3F80431AFE718224FF490734FF4807095
:105EC40098E720224FF492734FF4007092E71A6817
:105ED400002AFCD000221A601B689CE78011002075
:105EE40010B54FF05023D3F8044302E0194B1B685C
:105EF400984774B3B4FA84F0C0F11F0001228240C1
:105F040083009BB203F580739BB2C0B292B224EAC1
:105F1400020403F1502319680029EAD00021196012
:105F24001B684FF05023C3F80823022ADED1D3F8AC
:105F34001814D3F8183403F00303012BD6D14FF00F
:105F440050230221C3F81815C3F8042301229A60D0
:105F5400CFE710BD8011002008B50079024B03EB98
:105F64000010FFF7C9FE08BD7000002070B400F0F7
:105F74001F0C400919D0012819D10E4D0CF18000D5
:105F840055F820600C4C344041EA420141EA830355
:105F94009DF80C2043EA02239DF8102043EA0243B3
:105FA400234345F8203070BC7047044DE6E70025D4
:105FB400E4E700BF00288450F0F0FCFF0025845083
:105FC400F0B51C46059F069E00F01F0C400936D014
:105FD400012836D1284D0CF1800355F8233091B3B4
:105FE400012092B34FF0020E40EA0E0084B34FF04A
:105FF4000C0E40EA0E0077B34FF4706E40EA0E00C8
:1060040066B34FF4403E40EA0E0023EA000041B379
:106014000B7842B312785200134334B322789200BF
:10602400134327B33A781202134316B33278120497
:10603400134303430CF1800C45F82C30F0BD0F4D95
:10604400C9E70025C7E70020CBE74FF0000ECBE7F8
:106054004FF0000ECDE74FF0000ECFE74FF0000EEB
:10606400D1E70023D5E70022D6E70022D8E70022B3
:10607400DAE70022DCE700BF0028845000258450C2
:1060840000F01F02400907D0012807D1044B18690A
:10609400D04000F001007047024BF8E70023F6E718
:1060A400002884500025845000F01F03400908D0C4
:1060B400012808D1054A803352F82300C0F3014077
:1060C4007047034AF7E70022F5E700BF0028845031
:1060D4000025845000B583B084468E460C4B93E86B
:1060E400030002AB03E90300634609E002A901EBE4
:1060F400830151F8081C086A42F8040B0862013352
:106104000CEB0E009842F1D803B05DF804FB00BF1D
:10611400C01B020000F01F01400906D0012806D16F
:10612400044A01238B4013627047034AF9E70022B3
:10613400F7E700BF00288450002584504309034A30
:10614400D35C00F01F001844C0B27047342B020027
:106154000048704788110020004870474C2B02000B
:106164002DE9F04184B005460C4616461F46084604
:10617400FFF7E4FF804656B32146284611F059F94B
:1061840028B12146284611F014F9002843D12146AC
:10619400284611F01DF910B17378012B3BD001236F
:1061A4008DF80F30002301930096B31C721C0DF17F
:1061B4000F012046FFF704FF2879FFF7C9FF08F114
:1061C400080230F8123043F0030320F81230002F95
:1061D4003BD02146284611F02CF9002837D13E78CF
:1061E4002B6806F5A272002143F8221043F822100E
:1061F4002879FFF7ADFF08F1080230F8123023F0D8
:106204002003DB04DB0C20F812307B782BB9114817
:1062140004B0BDE8F0811048FAE7BA78009222464B
:106224003146286811F03DF82879FFF791FF0246BE
:1062340008F1080032F810307603B6B2334343F065
:10624400200322F810300348E2E70248E0E702485E
:10625400DEE700BF0000AD0B0400AD0B70B50646D1
:106264000D46144611F0A5F868B13079FFF770FFB8
:1062740006462846FFF762FF083036F810305B0BFD
:106284002370024870BD0248FCE700BF0000AD0B5C
:106294000400AD0B30B583B005460191002400E045
:1062A4000134012C18D80E4B1B5D03F0070202A920
:1062B40001EBD30313F8043CD34013F0010FEFD0E8
:1062C40005EB840201212046FFF704FF55F8243032
:1062D400002BE5D0012000E0002003B030BD00BF5A
:1062E400442B020008B50079024B03EB8000FFF752
:1062F40003FD08BD800000202DE9F04182B0054671
:10630400884616461F4611F0D4F9AEB33A463146D4
:10631400284611F0EAF8041E20DB2879FFF718FF5D
:1063240040F834602879FFF713FF00EBC40047609E
:106334002879FFF70DFF05464046FFF7FFFE0830BA
:1063440035F81030E4B26402A4B2234343F48073FA
:1063540025F81030094802B0BDE8F0812879FFF72C
:10636400F7FE0DF107017830FFF7C6FC034B9842A6
:10637400F1D19DF80740D0E70048ECE70000AD0BF1
:106384002DE9F04784B006460C4690460846FFF7D0
:10639400D5FE07463079FFF7DBFE0546D8F80090B6
:1063A400B9F1000F21D02146304611F031F8002810
:1063B40043D100238DF80E308DF80F3001930093F4
:1063C4004B460DF10F020DF10E012046FFF7F8FDCB
:1063D40007F1080235F8123023F002039BB225F8C6
:1063E400123043F0010325F81230D8F80430BBB161
:1063F40093F80090D3F804A02146304610F0F9FF3A
:10640400E8B1BAF1000F61D1083735F8173023F03D
:106414001C039BB225F8173043EA890325F817308B
:10642400D8F80820002A55D053681268214630460F
:10643400FFF762FF04B0BDE8F0872748FAE707F1E9
:10644400080235F8123023F02003DB04DB0C25F8B6
:106454001230BAF1000FD7D0B9F1030F38D8D8F8F9
:1064640004305B6893F800A0B9F1000F08D13368D9
:106474000AF5A27A002243F82A2043F82A20C3E727
:10648400484610F0DEFF034631680AF5A27C51F855
:106494002C2022F0030241F82C2022465146306879
:1064A40010F0E6FE0AF13C0305EB43039C8007F180
:1064B400080235F812304FEA4A3A1FFA8AFA43EAD8
:1064C4000A0343F0200325F812309DE70248B1E7A0
:1064D4000148AFE70148ADE70400AD0B0000AD0B88
:1064E40038B505460C4610F055FF08B9074838BDC5
:1064F4002146284610F0D6FF2146284611F004F91B
:10650400204610F02BFF0248F1E700BF0400AD0B5A
:106514000000AD0B08B50079024B03EB8000FFF7D8
:106524000BFC08BD80000020F0B583B005460E4684
:106534000079FFF70DFE90F88C3013B10D4803B0CD
:10654400F0BD044660220021103018F045FF2F688A
:106554002879FFF701FE03680093002332464FF0C9
:106564000041384611F0F2F8012384F88C30A36717
:106574000148E4E70C00AD0B0000AD0B2DE9F0473A
:1065840082B081460F4690460023009301935168E0
:106594006846FFF77FFE4CE094FAA4F4B4FA84F45E
:1065A40004F01F05254B9B5D45EA43152846FFF77C
:1065B400C5FD083037F810A0CAF3820A0DEB860334
:1065C400E00804F007041A5C0121A14022EA010258
:1065D4001A542846FFF768FD0346524629463846B2
:1065E40011F031F82846FFF795FD02AB03EB860363
:1065F40053F8084C002CCFD10136012E0DD8104B86
:106604009B5D08F10402D90803F00703525C22FAE7
:1066140003F313F0010FEFD0E7E700224FF000413E
:10662400484610F07AFED8F804106846FFF732FEA8
:1066340008B10026E1E702B0BDE8F087482B02006C
:10664400442B0200F8B504460E461148081A114BB3
:10665400A3FB00304009FFF77FFD0746D4F804137D
:10666400C9B2026841F00041204610F056FE051EF2
:1066740005DB2A463146204611F092F8F8BD3A4629
:1066840031462046FFF77AFF25F00045F1E700BFC9
:1066940088110020398EE33808B502490248FFF713
:1066A400D1FF08BD8811002000D0005038B5012367
:1066B4000360A1B104460D464B680BB90123436145
:1066C4000020074B034053B92A460649204611F0DF
:1066D400B5F810F4007FF4D001236361F1E738BD0D
:1066E40002000400020204000123836000293CD05C
:1066F40070B505460E464B680BB901234361002073
:106704001A4C044084BB32461949284611F096F8C5
:1067140010F4007FF4D0D5F86031ABB9D5F800128D
:1067240001222A626A612046002BE9D011F4807F9D
:10673400E6D0D5F848010028E2D00023C5F8483156
:10674400D5F848312046DBE70023C5F86031D5F899
:106754006031D5F8001211F4007F02D04FF080733D
:10676400E2E74FF08073DBE770BD7047020004007E
:106774000202040070B400F01F0C400919D0012873
:1067840019D10E4D0CF1800055F820600C4C3440AA
:1067940041EA420141EA83039DF80C2043EA0223C3
:1067A4009DF8102043EA0243234345F8203070BC8F
:1067B4007047044DE6E70025E4E700BF0028845055
:1067C400F0F0FCFF00258450034610F0010F08D1BF
:1067D400064813F0020F00D0054813F0040F02D14D
:1067E40070470448F5E70448FAE700BF0100AD0B21
:1067F4000100AE0B0000AE0B0200AE0B2DE9F04120
:1068040004460D4616461F46002380F8233053687D
:1068140033B1D36803F06043B3F1005F40F01E81ED
:106824003378023BDBB2012B48D98E4BC5F80833D1
:1068340094F82430002B4AD117F0140F0CBF012315
:10684400002384F82430337884F82030737884F873
:106854002130F368E3607368236133696361B3686B
:10686400A361C7F3001384F82530E7617378C5F892
:1068740088350023C5F86031D5F86021C5F8483162
:10688400D5F84821C5F82431D5F82421C5F80431B8
:10689400D5F8043117F0010F1FD00123C5F8503586
:1068A40017F0020F1DD00123C5F840353378032BB0
:1068B40000F2AC80DFE803F07D996619336903F0D8
:1068C4006043B3F1005FB0D0DFF89C8157E0A36868
:1068D400C5F80433DFF8948151E00023C5F850353E
:1068E400DEE70023C5F84035E0E74FF48073C5F8D0
:1068F4000032E2682369C5F84425C5F84835012308
:10690400AB6000224FF48011284610F097FF002856
:10691400F7D16269A369C5F84425C5F848354FF431
:106924008023A360DFF8488117F0080F11D1337872
:10693400032B0ED0012B6CD02368002B73D00021C5
:106944002846FFF7D1FE73681BB923680BB10123F6
:106954006B612368002B69D017F0040F01D000236A
:10696400A36017F0400F03D1A36843F00203A360B0
:10697400A36843F40073A360A368C5F804334046D6
:10698400BDE8F081E2682369C5F84425C5F84835B7
:106994006269A369C5F83425C5F838354FF48453C2
:1069A400C5F8003201232B620223A360DFF8C08004
:1069B400BAE7E2682369C5F84425C5F8483517F0F5
:1069C400200F0BD04FF48073C5F800324FF48023AE
:1069D400A36001232B62DFF89880A5E74FF40073CE
:1069E400C5F800320223A360F3E7E2682369C5F81F
:1069F4003425C5F838354FF48053C5F800320123E7
:106A04002B620223A360DFF868808DE7DFF86480DF
:106A14008AE7236823B100212846FFF747FE92E75F
:106A240004F10C01F8E704F10C0189E7D5F8C4047A
:106A3400C5F8C404002384F8243018B1FFF7C4FE59
:106A440080469CE717F0400F99D12146284610F064
:106A540065FF002893D1DFF8208090E7DFF80880F5
:106A64008DE700BF02029C010A00AD0B0B00AD0BC9
:106A74000000AD0B0400AD0B0100AD0BF0B587B009
:106A840005460C4691F82030012B6DD001F1140716
:106A94003A460221284610F0D1FE06463A464FF403
:106AA4000071284610F0CAFE00287BD0002E5ED06C
:106AB400E36913F0400F04D194F82330002B00F065
:106AC400A380E36913F0040F32D10023C5F86031C9
:106AD400D5F86021C5F85C31D5F85C3194F82530DF
:106AE40013B194F823309BB10023C5F80032A3609E
:106AF4005F4BC5F8083345F30733002B08DB03F07D
:106B04001F015B0901228A4060335A4941F823205E
:106B140094F820308DF8043094F821308DF8053045
:106B2400E36804932369029363690593A369039358
:106B3400D5F8C434C5F8C43413F0020F7FD0012350
:106B44008DF8003094F825300BB984F82430E369CB
:106B540013F0040F02D094F823301BB1236861684A
:106B64006846984707B0F0BD01F10C0790E7A368A9
:106B7400C5F808330223A360A368C5F804330022D0
:106B84004FF08071284610F059FE20B1D5F800323C
:106B940013F4007F02D101232B626B61012384F87B
:106BA4002330DFE7002E83D13A464FF48021284674
:106BB40010F044FE94F820307BBB94F8253093B950
:106BC400C5F80032A3602A4BC5F8083345F30733F0
:106BD400002B08DB03F01F015B0901228A406033AC
:106BE400244941F8232094F820308DF8043094F897
:106BF40021308DF80530E3680493236902936369B7
:106C04000593A369039393E72146284610F086FE73
:106C140080F0010084F8230053E74FF40073C5F8B3
:106C2400003240F20223A36003F1CE73C5F80833A7
:106C3400A368C5F804330123AB602B6292E713F019
:106C4400040F03D002238DF800307BE713F0010F0B
:106C540003D003238DF8003074E794F823301BB17C
:106C640004238DF800306DE700238DF8003069E7C8
:106C740002029C0100E100E030B585B00D6800958A
:106C84004C6801948A680292C97B8DF80C100368E1
:106C940019B9C3F80855C3F80C45C3F8242503797A
:106CA40003EB8303054A52F8333023B1006840F301
:106CB40007300EF0ABFF05B030BD00BF1812002046
:106CC40070B506460D46047904EB84001B4901EBBC
:106CD400C00191F8221079BB184804EB840C00EB36
:106CE400CC0140F83C204B6000238B6081F82530B8
:106CF40081F82430B5B1A97B00EBCC0383F82710CD
:106D0400284610F04DFE08B90D4814E0697B04EBE9
:106D140084020A4B03EBC20383F82610294630464B
:106D2400FFF7AAFF04EB8404044B03EBC403012222
:106D340083F82220034870BD0348FCE718120020A2
:106D44000400AD0B0000AD0B0C00AD0B0379026821
:106D54000621C2F8001503EB8303034A02EBC303C5
:106D6400022283F8222070471812002030B40379DD
:106D74000C4A03EB830102EBC10100248C60006820
:106D8400094DC0F80853D0F8005225F4BC55C0F89A
:106D94000052C0F80045012081F8220081F8244007
:106DA40030BC70471812002002029C0130B583B039
:106DB40005460479006840F307300EF02CFF28469E
:106DC400FFF7D4FF04EB8402114B03EBC20393F8E7
:106DD40027302BB90E4B03EBC20393F826304BB18B
:106DE40004EB84040A4B03EBC403002283F822203F
:106DF40003B030BD2B68D3F808050090D3F80C55C8
:106E0400019510F07FFD284610F07CFDE8E700BFF7
:106E14001812002008B5134690F804C00CEB8C0C33
:106E24000A460168024800EBCC00FFF7E7FC08BD06
:106E34001812002008B502490248FFF71FFE08BDDA
:106E4400181200200090005070B400F01F0C40098C
:106E540019D0012819D10E4D0CF1800055F820608D
:106E64000C4C344041EA420141EA83039DF80C2072
:106E740043EA02239DF8102043EA0243234345F8E2
:106E8400203070BC7047044DE6E70025E4E700BFFE
:106E940000288450F0F0FCFF0025845000F01F010E
:106EA400400906D0012806D1044A01238B4093608F
:106EB4007047034AF9E70022F7E700BF002884502F
:106EC4000025845000F01F01400906D0012806D196
:106ED400044A01238B40D3607047034AF9E7002238
:106EE400F7E700BF002884500025845000F01F02FB
:106EF400400907D0012807D1044B1869D04000F09D
:106F040001007047024BF8E70023F6E7002884509D
:106F140000258450F0B583B005460E46FFF7BEFF4A
:106F24003046FFF7BBFF0024019406270097032394
:106F3400224601212846FFF787FF01940097032387
:106F4400224601213046FFF77FFF042010F0D8F8D5
:106F5400082C12D83046FFF7C9FF70B92846FFF74E
:106F6400B1FF042010F0CCF82846FFF797FF042067
:106F740010F0C6F80134E4B2EAE73046FFF7A2FFA6
:106F8400042010F0BDF83046FFF788FF042010F00D
:106F9400B7F83046FFF7AAFF10B1024803B0F0BDBE
:106FA4000148FBE70000AD0B0100AD0B034B00E013
:106FB4002033034A9342FBD3704700BF8417020077
:106FC4002418020004280CD8DFE800F0030D05079C
:106FD4000900064870470648704706487047064847
:106FE4007047064870470648704700BF542B02009C
:106FF400782B0200882B0200942B0200A42B0200A1
:10700400642B020030B108B510F01BFE20B10378E8
:1070140023B108BD024870470148FAE70048F8E781
:10702400B42B020010B50446FBF732FB034A0121DE
:1070340003480EF0A4FC204610F0FEFCBC2B02001A
:10704400401B02002DE9F04782B000AF05460C4614
:10705400EFF31188202383F31288BFF36F8FDFF8D7
:10706400C491D9F80860FFF7ADFF99F81010E9460C
:1070740001233B7103237B718AB0EC461CF110029F
:1070840021D04FF0160E5AB17346BEF1040F03DD42
:10709400DFF894A1CCF814A0082B01DDCCF818502B
:1070A40001233B7003237B70D2B17346BEF10C0FF6
:1070B40001DDCCF81C00102B01DDCCF820100CF104
:1070C400240300210AE06FF0004EDCE701F1080020
:1070D400384410F8080C03F8010B01310129F5D9E3
:1070E400BEF1150F50DD16234AB105213971002177
:1070F4007971B9710121F9717868CCF81000002117
:107104006FF300016FF341016FF382016FF3C50167
:10711400012060F38811C3F30A0363F353216FF36F
:107124001F5100234148FBF793FBCD461CB1E36993
:10713400C3F308035BBB3046FFF764FFE946012352
:107144003B7103237B718AB0EC461CF1100224D0FE
:107154004FF0120E52B17346BEF1040F02DD3449F2
:10716400CCF81410082B01DDCCF8186001233B7017
:1071740003237B70F2B1BEF10C0F01DDCCF81C00CF
:107184000CF12003002113E06FF01B03ACE7294A44
:10719400012126480EF0F3FBCDE76FF0004ED9E74E
:1071A40001F10800384410F8080C03F8010B013110
:1071B4000129F5D9BEF1110F31DD12234AB10421A1
:1071C400397100217971B9710121F9717868CCF8AC
:1071D400100000216FF300016FF341016FF382018E
:1071E4006FF3C501012060F38811C3F30A0363F34D
:1071F40053216FF31F5100230C48FBF729FBCD46A5
:1072040021462846FFF70EFF88F31188BFF36F8FDE
:107214003046FCF7FBFB0837BD46BDE8F0876FF04E
:107224001B03CBE740120020CC2B0200401B0200C2
:10723400182C0200F42B020038B505460B4B53F80A
:10724400204002E02368984708346B1C074A52F830
:107254002330A34209D960680028F3D0037F13F0D8
:10726400010FF1D110F0F0FBEEE738BD402C020025
:1072740010B5054C01E098470434044B9C4202D0FD
:107284002368002BF7D110BDC81A0200E81A0200C7
:1072940010B586B0B023104C03FB004400EB800C07
:1072A4000E4B03EB8C030E4A0592012204920F222B
:1072B400039200220292019200930A4B4FF4A072AF
:1072C400094901EB8C11204600F0C2FA637B23F0DC
:1072D4000403637306B010BDE807002040120020C9
:1072E400302C02009F7B01002829002008B553EAB6
:1072F400020102D100F098FE08BD0249183001F0E5
:107304005FF8F9E7457E010010B586B0184C14E02B
:10731400636A0593236A0493E3690393A36902935D
:107324006369019323690093E368A2686168206834
:1073340000F08EFA23685C6530340E4B9C42E7D330
:1073440000F08CFD0A4C00E030340A4B9C420BD216
:10735400A26AE36AB3F1FF3F08BFB2F1FF3FF3D083
:107364002068FFF7C3FFEFE700F090FD06B010BD03
:107374004C1A02004C1A020008B50C4B01221A7078
:107384000320FFF759FF0EF099FDFBF783FDFFF78C
:107394006FFF0420FFF750FFFFF7B6FF0DF08FF8E3
:1073A400034A137B23F00103137308BDFC1D002063
:1073B4009808002008B50146014A0248FCF70CFC75
:1073C4007D7300009808002008B50348034A121A88
:1073D400002110F050FB08BD18020020241E0020DC
:1073E40010B50446FFF754FFB0230A4903FB041108
:1073F400094A04EB840302EB8303D9601C74074B32
:1074040003EBC42303F5006304EB840402EB84025E
:10741400536010BDE80700204012002028210020FE
:1074240070B586B000F06AFD104D114B5D61114BD3
:10743400059301230493002403940294019400947B
:107444000D4B4FF480620D49284600F001FA0646C0
:107454006B7B23F004036B73284610F089FC2046F1
:10746400FFF7BEFF304606B070BD00BF980800208D
:1074740040120020382C02007D730000682A00208E
:1074840008B50020FFF7D8FE1B4B03F5006282F31A
:10749400088883F30A88194CE02384F822300023F7
:1074A400E37723766376A37684F82030626A42F425
:1074B400E022626284F82330FCF71CFAFCF7AEFB8E
:1074C4004FF0FF33A362E362FCF770FDFCF7D6FBD9
:1074D400FBF73AF80A4800F01DFAFFF767FDFCF7DE
:1074E400B3FE0120FFF7A8FE0220FFF7A5FEFFF779
:1074F40097FFFFF75FFF00BF2821002000ED00E0A9
:107504004809002010B5064C002000E02034054B4B
:107514009C4204D2204610F0B6FA0028F6DA10BDD8
:10752400A4010020A401002030B583B00D46EFF380
:107534001181202484F31288BFF36F8F046964B12E
:107544002C6023680361C3690133C361002081F3A4
:107554001188BFF36F8F03B030BD00F1080C53EAFC
:10756400020404D100232B606FF00B00EFE70092BC
:1075740001930246604600F083FB0028EBD1024BE6
:107584009B681B692B60E6E7401200202DE9F0415F
:1075940082B00446EFF31187202181F31288BFF3F0
:1075A4006F8FC16899B9002950D1364B9B6893F904
:1075B4000E3023610131E160324B9B68A36087F395
:1075C4001188BFF36F8F002002B0BDE8F08116462A
:1075D4001D4682682B4B9B689A42E4D055EA06010B
:1075E40036D092F90E80414693F90E0010F0E2FA7B
:1075F400804534DC4FF00008009601952246394658
:10760400214800F03DFB0028DED0EFF31185202354
:1076140083F31288BFF36F8FA36843B323689C423C
:1076240023D013B3216993F90E0010F0C3FA014675
:10763400204610F0CAFAE8B9B8F1000F1AD185F360
:107644001188BFF36F8F6FF00A00BDE72369B0E7BD
:1076540087F31188BFF36F8F6FF00F00B4E7014613
:10766400204610F0B2FA8046C6E72169E0E7B8F197
:10767400000FE4D02946044800F0C4FB6FF00A0070
:10768400A2E700BF4012002064120020F8B583680E
:10769400002B47D00446264A9268934245D1C368DA
:1076A400012B04D9013BC36000252846F8BDEFF344
:1076B4001186202383F31288BFF36F8F016910F0C2
:1076C40084FA2768A7420CD03D1E18BF012557B97C
:1076D400A760CDB90023E36086F31188BFF36F8FF1
:1076E400E3E70027F0E77A683B6813605A600023F9
:1076F4003B607B607A7B22F002027A73BB6007F105
:10770400180010F047FCE3E797F90E3023610025D9
:10771400C7F8AC50384610F02BFB3146054800F052
:1077240071FBC2E76FF01505BFE74FF0FF35BCE70B
:107734004012002064120020F8B50446EFF31187CC
:10774400202383F31288BFF36F8F0568A84212D0F9
:107754002E1E18BF012685B906BBA368E2689342B2
:1077640024D001221344A36000230BBB87F31188A8
:10777400BFF36F8FF8BD0025EAE76A682B681360D2
:107784005A6000232B606B606A7B22F002026A73EA
:10779400AB6005F1180010F0FDFBDDE70023C5F830
:1077A400AC30284610F0E4FA0123DEE70022D9E7E2
:1077B4003946024800F026FBDCE700BF68120020CF
:1077C40010B582B0EFF31181202484F31288BFF343
:1077D4006F8F846844B1013C846081F31188BFF3E6
:1077E4006F8F002002B010BD53EA020406D000924D
:1077F40001930246054800F043FAF3E781F3118848
:10780400BFF36F8F6FF00F00ECE700BF681200202A
:1078140008B553EA020102D100F006FC08BD024992
:10782400183000F0CDFDF9E7457E010010B504469F
:1078340040B11F2204F1740017F0ECFD002084F81D
:10784400930010BD014B9C68F3E700BF4012002079
:107854002DE9F04F85B004460F4615461E46DDF867
:1078640038A0DDF83C90DDF84080DDF84CB000F144
:1078740058038365C365129B0422119910F0E3F940
:107884002A463946204610F0C1F90546CDF808804D
:10789400CDF80490CDF800A0334602463946204680
:1078A400FCF778F9002363652666C4F864A0C4F87D
:1078B4006890C4F86C80EFF31182202383F312885C
:1078C400BFF36F8F124B196A21671C6282F3118810
:1078D400BFF36F8FBBF1000F13D01F22594604F181
:1078E400740017F097FD002384F89330084B9B68CD
:1078F4005BB1D3F8A030C4F8A030284605B0BDE889
:10790400F08F002384F87430F0E7C4F8A030F4E773
:10791400401200200123437303730023C0F8943002
:10792400C0F89830C0F8A030014B9860704700BF91
:10793400401200200A4A9368C3F8A8006FF00A01B5
:10794400C3F8AC1007494B6843F080534B600023E5
:1079540083F31188BFF36F8F9368D3F8AC0070473B
:107964004012002000ED00E0437B90F90D20002A36
:1079740051DB13F01F0F4ED110B563F07F03437337
:10798400254A52F8183F93420ED100230CE05A685E
:1079940042600360106058601EE01A461E49C969BF
:1079A4008A420FD01B687BB173B190F90E1093F922
:1079B4000E209142F1D0521A002AE8DC1A46002B1C
:1079C400ECD1F0E70023EEE7134BDA6903F1180179
:1079D400016042601060D8610F4B53F8184F9C420D
:1079E4000ED06CB10C4B9B685A7B12F01F0F0AD15E
:1079F400DA897F2A07D9A2692AB9074A536109E0BB
:107A0400054BDC68EEE7A34202D0204600F01EFCE2
:107A1400014B5C6110BD70474012002010B5437BE0
:107A240090F90D20002A14DB154B9A6853F8184F6F
:107A34009C4219D0C4B1824219D0537B13F01F0F5A
:107A440015D1D3897F2B12D9A36983B90C4B5A6101
:107A540014E003F07F0343734268036813605A60C1
:107A6400002303604360DFE7054BDC68E3E7A242E1
:107A740002D0204600F0EAFB014B5C6110BD00BF60
:107A8400401200202DE9F84305460C46404B9E6801
:107A9400737B13F0600F28D013F0200F2AD008272F
:107AA4001F4222D13B43737313F0800F24D1082F5C
:107AB4002DD04FF00009364B53F8188F98454BD012
:107AC400B8F1000F48D0324B9B68434502D0404682
:107AD40000F0BCFB2E4BC3F81480102F05D03046A9
:107AE40000F014FCB9F1000F3AD184F31188BFF30C
:107AF4006F8F46E01027D3E703F07F037373726838
:107B0400336813605A60002333607360CFE7B3684F
:107B14005BB17268336813605A600023336073602A
:107B2400727B22F002027273B360304610F0ECF8FC
:107B340006F1580010F0EDF8154B9B689E4202D0F8
:107B44004FF00009B7E7EFF3058313B94FF00009CD
:107B5400B1E74FF00109AEE70D4BD3F80C80B2E763
:107B64000C48FFF7D7FEC0E7EFF31184202383F31B
:107B74001288BFF36F8F10F01BF884F31188BFF3E2
:107B84006F8F6B7B13F0600FEED1BDE8F88300BFFD
:107B94004012002048090020B3F1FF3F08BFB2F1B2
:107BA400FF3F00D1704708B50249183000F008FCC7
:107BB40008BD00BF457E010010B5437B90F90D2040
:107BC400002A0ADB437B63F07F0343732B4A52F89A
:107BD400183F934219D1002317E003F07F03437346
:107BE4004268036813605A60002303604360E9E756
:107BF4005A6842600360106058601EE01A461F49CC
:107C0400C9698A420FD01B687BB173B190F90E1019
:107C140093F90E209142F1D0521A002AE8DC1A4658
:107C2400002BECD1F0E70023EEE7144BDA6903F103
:107C34001801016042601060D861104B9A6853F8D3
:107C4400184F9C420ED06CB182420ED0537B13F07D
:107C54001F0F0AD1D3897F2B07D9A3692BB9074BEF
:107C64005A6109E0054BDC68EEE7A24202D02046E7
:107C740000F0ECFA014B5C6110BD00BF4012002023
:107C840010B50C4611460A4882680A4B1A60EFF395
:107C94001183202383F31288BFF36F8FDDE902235E
:107CA400806810F059F82046FFF744FE10BD00BF6D
:107CB40040120020701200202DE9F04104460E46C7
:107CC4000023EFF31185202282F31288BFF36F8F14
:107CD4001F4650E003F07F036373626823681360F8
:107CE4005A6000232360636071B2A173637B63F005
:107CF4007F036373424A52F8183F93420ED1002324
:107D04000CE05A686260236014605C601CE01A46F0
:107D14003B48C06982420DD01B686BB163B193F9D3
:107D24000E209142F3D0521A002AEADC1A46002BA4
:107D3400EED1F2E70023F0E7314BDA6903F11801E1
:107D4400216062601460DC612D4B53F8188F9845F4
:107D540020D0B8F1000F1DD0294B9B68984502D064
:107D6400404600F073FA264BC3F8148085F311885B
:107D7400BFF36F8F0123002B3FD1637B03F01F02FE
:107D8400002A0CBF01270027A4D013F0020F05D14D
:107D9400A673EBE71A4BD3F80C80DDE7A1686268A1
:107DA400236813605A6000232360636070B2A07379
:107DB4000B6899420DD100230BE05A68626023607E
:107DC40014605C60D2E79C464A6894450DD01B68F9
:107DD4006BB163B193F90E209042F4D0121A002AC9
:107DE400EBDC9C46002BEFD1F2E70023F0E74B6875
:107DF400216063601C604C60B8E73846BDE8F081E0
:107E04004012002008B50B4659B9EFF3058242B978
:107E1400064A50699268904203D00846FFF78AFDEB
:107E240003E083F31188BFF36F8F08BD4012002075
:107E340008B5034650B9EFF305823AB9064A5169C9
:107E44009268914202D0FFF775FD03E083F3118835
:107E5400BFF36F8F08BD00BF401200200023EFF373
:107E64001181202282F31288BFF36F8F09E0064B41
:107E74009A68D37B013BD37381F31188BFF36F8F6F
:107E84000123002BF3D070474012002038B50023A3
:107E9400EFF31185202282F31288BFF36F8F0EE077
:107EA400154BDC6817E0A24202D0204600F0CEF960
:107EB400114B5C6185F31188BFF36F8F0123BBB94C
:107EC4000D4B9A68D17B0131D17353F8184F9C4202
:107ED400E6D0002CE4D0537B13F01F0FE3D1D389F9
:107EE4007F2BE0D9A369002BDDD1034B5A61E1E775
:107EF4000FF0D1FF38BD00BF4012002008B5024882
:107F04000FF0D4FF08BD00BF5412002038B5EFF3C2
:107F14001184202383F31288BFF36F8F224B9A6856
:107F2400DB699A4205D01368516812680A6051608F
:107F340006E00023F8E71C4AD269934212D01B687A
:107F440093B1194A906890F90E1093F90E2091425A
:107F5400F1D0521A002AEEDD5A68426003601060C4
:107F640058600AE00023EBE70F4B9A68D96903F1E4
:107F74001800106051600A60DA610B4B53F8185F07
:107F84009D420DD065B1084B9B689D4202D02846A6
:107F940000F05CF9044B5D612046FFF7CBFC38BD73
:107FA400014BDD68EFE700BF40120020F8B551EA4D
:107FB400000328D005460C46EFF31187202383F3F2
:107FC4001288BFF36F8F154EB068154B1860FFF71A
:107FD40025FDB0682A4623461249183000F0F0F90E
:107FE4000446B268537B43F0040353733846FFF7E7
:107FF400A1FCB3689A6ADB6AB3F1004F08BF002A98
:1080040005D00020F8BDFFF781FF0020FAE70FF04C
:10801400F0FF201A0028F5DC0020F3E740120020CE
:1080240070120020457E010038B5EFF3118520233E
:1080340083F31288BFF36F8F437B13F0040F04D1D3
:1080440085F31188BFF36F8F38BD044618300FF0E5
:10805400A1FF637B23F0040363732046FFF784FCD2
:1080640029460248FFF7CEFEEEE700BF6C1200205F
:10807400014B9868704700BF401200202DE9F84377
:10808400037B03F00107EFF31186202383F31288A7
:10809400BFF36F8F457B15F0080F1AD10446B14624
:1080A40000F158080FF0FCFD10B345F0200565738E
:1080B400EFF305839BB131462046FFF7E3FC67B13C
:1080C400002383F31188BFF36F8F0423184602DF64
:1080D40003E086F31188BFF36F8FBDE8F883414650
:1080E4003D4B98680FF0DEFD3046FFF723FCE6E7D2
:1080F40045F00803637313F0800F33D1A3685BB1B9
:108104006268236813605A60002323606360627BA3
:1081140022F002026273A36004F118000FF03AFF28
:1081240040460FF0F6FD2C4B9A68944227D0002667
:10813400294B53F8185F9D4228D03DB3AA4202D080
:10814400284600F083F8244B5D61204600F0DEF8F9
:10815400FEB9214B9B689C421FD089F31188BFF361
:108164006F8FACE705F07F0545F00805657362681D
:10817400236813605A60002323606360BEE7EFF353
:1081840005830BB90026D3E70126D1E7124BDD683E
:10819400D4E71248FFF7BEFBDBE7EFF30583002BC0
:1081A400DBD1237B13F0010F12D089F31188BFF3C5
:1081B4006F8F002383F31188BFF36F8F0423184656
:1081C40002DFEFF31189202383F31288BFF36F8F4B
:1081D4004846FFF7AFFB72E7401200204809002031
:1081E400044BC01AC010044B03FB00F0034B0122E4
:1081F4001A547047F8090020ABAAAAAA74120020E6
:10820400C3897F2B11D80E4B1B687BB190F90E20CC
:108214000C4B1B689A420CDB437B13F01F0F0AD1F3
:10822400094B984209D0012300E0002303F0010028
:1082340070470023FAE70023F8E70023F6E700BFBE
:108244008400002078120020E807002070B505465D
:108254000D4B1E7C06EB46030C4C04EBC30420467A
:108264000FF098FE0A4B00229A552846FFF7C8FFE4
:1082740000B970BD074B1A68013AD3170649204666
:1082840000F09EF8F5E700BF40120020F809002036
:108294007412002084000020E581000038B5EFF35B
:1082A4001185202383F31288BFF36F8F144B9C68CE
:1082B400144B1B68A34217D0124B00221A60104BB8
:1082C4001B7C114AD35C53B12046FFF799FF30B1B0
:1082D400637B13F01F0F0FD02046FFF7B7FF85F322
:1082E4001188BFF36F8F38BD2046FFF7AFFF85F3CA
:1082F4001188BFF36F8FF6E72046FFF75DFCEBE7CD
:10830400401200207012002074120020EFF311813B
:10831400202383F31288BFF36F8F0A4B1B6A8342B7
:1083240004D11A6F074B1A6207E0134613B11A6F90
:108334008242FAD10BB1026F1A6781F31188BFF33D
:108344006F8F70474012002008B50648064A121A7B
:1083540006490FF094FB0648064A121A06490FF024
:108364008EFB08BD00000020180200202C5A0200D9
:1083740000000020000000202C5A0200034B186863
:10838400984200D070470020FCE700BF880000201E
:1083940030B1044A5268904201D00068704700200E
:1083A400704700BF8800002008B5044B1B680BB160
:1083B400002008BDFDF7C6FBFBE700BF7C120020D0
:1083C4002DE9F04F83B00193B3F1FF3F08BFB2F141
:1083D400FF3F0DD00446914681600023EFF3118ADC
:1083E400202282F31288BFF36F8F1D461E4635E0AC
:1083F40000252E462846314603B0BDE8F08FFFF72E
:10840400D3FF80460135019B43F10006451946EB35
:10841400E07625616661384A13685268ED1846EBC8
:1084240002064FF0010B41E0C91A67EB0202016139
:1084340042614368636020601C60446005E02F4B28
:108444005A682360626014605C60FFF797FF84429F
:1084540040D08AF31188BFF36F8F0123002BC9D159
:108464004D46019E6FF00103B3EB09034FF0FF3358
:1084740063EB0603002BC2DB1F4B19685B686918AA
:10848400019A43EB02036FF00102521A4FF0FF31DD
:1084940061EB030310461946012A73F1000301DA64
:1084A40001200021206161614FF0000BFFF766FF9E
:1084B4000028C4D001694769236962698B4272EB61
:1084C400070EB1DB5B1A62EB070223616261FFF7FF
:1084D4005FFFEDE70A4B1B68002BBAD1BBF1000F1D
:1084E40006D040460FF03BFD0021FDF7F1FAB0E75E
:1084F400FFF75AFF8046F4E7100A002088000020A6
:108504007C12002070B5EFF31186202383F31288C8
:10851400BFF36F8F2A4B1860FFF730FF044623E048
:10852400284A136851685B1941EBE5711360516087
:1085340000220023C4E9042320460FF0F9FC86F34B
:108544001188BFF36F8FA36820469847EFF3118615
:10855400202383F31288BFF36F8F194A13685B1BC0
:108564001360FFF70BFF04463CB125696169144BA6
:108574001A68D317AA428B41D2DA44B123696269DB
:108584000F4909685B1A62EBE172236162610D4A6B
:108594000B4D2868136851681B1841EBE071136098
:1085A400516000242C6020460FF0D9FC2146FDF7D1
:1085B4008FFA86F31188BFF36F8FFFF76FFE70BDDC
:1085C4007C120020100A002010B50022EFF3118461
:1085D400202383F31288BFF36F8F134611460CE0F8
:1085E400FFF7E2FE074A13685168C31841EBE071D4
:1085F40084F31188BFF36F8F0122002AF0D018464C
:1086040010BD00BF100A0020F8B5EFF3118320223B
:1086140082F31288BFF36F8F026822B183F311884B
:10862400BFF36F8FF8BD04461D46826AC36A52EADF
:10863400030105D0B3F1FF3F08BFB2F1FF3F27D1DB
:10864400236B01332363236A6BB185F31188BFF372
:108654006F8F236A20469847EFF31185202383F315
:108664001288BFF36F8F04F11803A469A3423FD0AB
:10867400002C3DD020460FF096FB0023C4F8AC300C
:1086840085F31188BFF36F8F20460FF071FBC9E7A4
:1086940016461F46012A73F1000301DA012600275A
:1086A400013E47F1FF370FF0A8FC013041F1000112
:1086B400801947EB0101012871F1000108DA6FF01C
:1086C40001024FF0FF330D492046FFF779FEB7E76B
:1086D4000FF093FC013041F10001801947EB0103D5
:1086E4006FF00102121A4FF0FF3161EB0303EAE766
:1086F40085F31188BFF36F8F94E700BF0D860000E8
:10870400F8B51D46EFF31187202383F31288BFF3D6
:108714006F8FB5F1FF3F08BFB2F1FF3F1FD0064690
:10872400144629466FF00102121B4FF0FF3262EB30
:108734000502002A18DB30460FF02CFCDDE9062385
:10874400C6E90A230023336322462B460B493046ED
:10875400FFF736FE87F31188BFF36F8FF8BD87F3F9
:108764001188BFF36F8FF9E7012C71F1000101DA71
:1087740001240025013C45F1FF35DCE70D860000AE
:1087840010B50A4C23681BB101232360002010BDDF
:1087940000F0F4F80028F7D00138072803D8044B78
:1087A40053F8200010BD034810BD00BF8012002004
:1087B4005C2C0200FE8FFFFFBFF34F8F0549064B71
:1087C400CA6802F4E0621343CB60BFF34F8F00BF6B
:1087D400FDE700BF00ED00E00400FA0530B44FF0FF
:1087E400FE3200250B4B0C4C0C494968C3F800249D
:1087F400C3F80424C3F80824C3F80C24C3F81024D1
:10880400C3F81424C3F81824C3F81C24C4F800556E
:1088140030BC084700508450004084509000002031
:10882400024BD0E90012C3E9001270479000002007
:1088340010B5044650B1636813F0685F05D0064A6A
:10884400934202D000236260236010BD034B0448AE
:108854005B689847EFE700BF2C5F5CA9900000209D
:108864007C2C0200C8B143680D4A934213D013F024
:10887400685F0ED0012350E8002F194640E8001C21
:108884009CF0000FF7D1012AF5D0BFF35F8F0020D1
:10889400704704487047044870476FF4E0407047DD
:1088A4002C5F5CA9E98FFFFFEA8FFFFF034680B1CD
:1088B400426809498A420AD012F0685F05D0BFF3C2
:1088C4005F8F002210461A607047044870470448BE
:1088D40070476FF4E04070472C5F5CA9E98FFFFF9D
:1088E400EA8FFFFF10B5044620B10023034A23603A
:1088F400626010BD0248FFF771FFF6E73A00003AE4
:10890400A42C020070B5194CD0F804C00668C4F851
:1089140004C0D0F808C0C068C4F808C0E06026608D
:108924000868134B134D18604868D5F8182158602F
:10893400886812F0685F9860C8680969D86019612E
:1089440012D000230C4A05F58A70C5F81431C5F815
:10895400B831C5F81821C5F8BC21B047236805F51E
:10896400DC70BDE87040184770BD00BFAC0000204B
:1089740098000020981200202C5F5CA908B500F034
:1089840011F830B900F010F838B9054AC2F80C0AE9
:1089940008BD00F037F8032008BD042008BD00BF5F
:1089A400005084500020704710B5114800F048F87A
:1089B40000B110BD0F4800F043F80028F9D10E4C67
:1089C400204600F03DF80028F3D10C4B0C481C6005
:1089D40000F036F801460028EBD100F02DF80446EB
:1089E40008B1204610BD00F03FF82046FAE700BF6A
:1089F400EC000020E8000020E4000020DC0000205F
:108A0400E000002008B5084800F024F8074800F00A
:108A140021F8074800F01EF8064800F01BF8BDE8EE
:108A2400084000F00BB800BFEC000020E800002074
:108A3400E4000020E000002000207047704700BFE1
:108A440008B5034B02681B6810689847002008BDEE
:108A5400AC00002008B5034B02685B6810689847B7
:108A6400002008BDAC00002070B5094C094D2069F8
:108A7400AB68984718B1084B08485B6898470021D1
:108A8400074AEB6811602069BDE87040184700BFD1
:108A940098000020AC00002090000020C82C0200A8
:108AA4009412002070B5051D04460E46284603F0B6
:108AB40095FC0023314628466367A4F87830C4E95E
:108AC4001F33C4E92133074B23601433636012F06E
:108AD40071FE06E0044B2846636003F0A1FC15F028
:108AE400A6FC70BD103A0200643602002DE9F74F6F
:108AF400DFF808810190D8F80040631CC8F8003002
:108B0400002C77D13E4E01223E4B4FF0FF3ADFF866
:108B1400F89006F11C001A70B4613C4DDFF8F0B017
:108B24003C4FC6E90094C6E90244C6E9044400F097
:108B340057FC394A05F11C00C6F800B01268C6F8A3
:108B440024A03262AC61C5E90094C5E90244C5E9D8
:108B5400044400F045FC314A07F11C00BC61126872
:108B6400C5F800B0C5E9082AC7E90094C7E902447A
:108B7400C7E9044400F034FC294BC7F800B031467F
:108B84001B682848C7E9083A274FFFF78BFF384688
:108B9400A7F1080603F022FC244B2946384647F87F
:108BA400083C1433B467A6F87C40C6E92044C6E9FF
:108BB4002244C6E9014312F0FDFD06E01C4B1A48AD
:108BC400B36003F02DFC15F032FC1A4C1149204619
:108BD400FFF768FF0F491848FFF764FF2369114A3C
:108BE40043F40053B2672361D8F80030626701335D
:108BF400C8F80030019803B0BDE8F08FB41A002023
:108C04008C1B0020540100203C3A0200641B00200D
:108C1400183602003C1B0020F0270200F427020053
:108C2400F0270200CC1C0020601D0020B03602009A
:108C340064360200401C0020B41B00200B4A136859
:108C4400591E022B10B5044611600DD1084815F0C9
:108C54001AF8084815F017F8074815F014F803E057
:108C640015F087FC15F0AEFC204610BDB41A0020A8
:108C7400CC1C0020401C0020B41B0020044A0B68BC
:108C84001268036093421EBF1A6801321A6070476B
:108C94006414002000220249024808F06DBA00BFA3
:108CA400C73F02005C14002010B5034C23680BB9C5
:108CB400FFF7F0FF206810BD5C14002000487047E7
:108CC400C73F0200054B10B51B6804460068984274
:108CD40001D00FF016FA204610BD00BF6414002026
:108CE400094A38B50B680D461168044600688B4282
:108CF4001EBF1A6801321A60814201D00FF001FAD6
:108D04002B682046236038BD64140020036823B90F
:108D1400034A136801331360036000680138704725
:108D2400581400202DE9F84F044617460846002A37
:108D340063D0FFF7EBFFA3680546013B83424DD2A6
:108D440000F104096FF06043D4F804B0994534BFCE
:108D54004FEA89084FF0FF38404615F0D2FD002352
:108D64000646A068984211D1C0F1040200212A44A9
:108D74009200484588BF002206EB800016F02CFBC9
:108D84004046D4F80CA015F0BCFD06E0626852F829
:108D9400232046F823200133E4E780460023A0681B
:108DA40098422CD1C0F1040200212A449200484583
:108DB40088BF002208EB800016F00EFBC4F80C807C
:108DC400C4E90169BBF1000F02D0584615F0C2FA9C
:108DD400BAF1000F02D0504615F0BCFA7B68666801
:108DE40001337B6056F82530002B45D146F82570B9
:108DF40000252E46A368AB4241D8BDE8F88FE2684F
:108E040052F8232048F823200133C9E7D8F8040096
:108E1400FFF77CFFA8420AD10846FFF777FF56F810
:108E2400203080461BB3384601F0FAF815E008F10B
:108E34000808D8F80010D1B10846FFF767FFA84228
:108E4400E4D1D8F804100846FFF760FF56F8203044
:108E5400804663B1384603F0B7F84368814601336E
:108E6400436056F828000FF0F7F846F8289056F8B3
:108E740025000FF0F1F8B9E7DFF83080D9E7E368AF
:108E840053F8250020B10FF0E7F8E36843F82560B4
:108E94000135AFE715F06DFB304615F05BFA15F0C0
:108EA400ECFC15F08FFB15F0C2FA00BFF02C0200A9
:108EB4002DE9F04106460C4615461F4FD7E8AF3F53
:108EC400DB0706D4384608F00FF810B1384615F021
:108ED4000BFD1A490F6817B94FF0FF3308E0384605
:108EE400FFF714FFA84248680DD1FFF70FFF0346B0
:108EF400F16851F8252092B1E4B1236820465B68FB
:108F0400BDE8F0411847FFF701FFA84205D13846F4
:108F1400FFF7FCFE2B460546EAE70831DAE762680C
:108F2400501C6060581C41F825401EBF023262602C
:108F340041F82340BDE8F08168140020F02C0200C1
:108F440010B5074CD4E8AF3FDB0708D4204607F040
:108F5400CBFF20B12046BDE8104015F0C5BC10BDC4
:108F6400F41900201A2368222DE9F043836085B0A8
:108F7400B84B0546016000211846B74C16F02CFA90
:108F8400B64B682200216860184616F025FAB44BE7
:108F940000211422E860184616F01EFA021F40F859
:108FA400044C2A61FFF78AFE002203881146AD486B
:108FB4002380012301F04EFBAA4A2846AA49FFF761
:108FC400B1FE0121A94808F003F9A84A2846A84996
:108FD400FFF7A8FEDFF89C820123A7480021A74AD7
:108FE400C8F804304360A64BC8F8002088F8101075
:108FF400A8F8241088F864100360C0F80880C8E951
:109004000211C8E90511C8E9071100F0A7FB0AE03D
:1090140004460D4698480FF01EF82946013100F029
:10902400158115F004FA944A28469649FFF77AFE0A
:10903400954A0124954B2846954954601360FFF7DF
:1090440071FE944A2846944B944954601360FFF788
:1090540069FE934C01236360924B2360FFF724FE67
:10906400A060224690492846FFF75CFE03E00446D0
:109074000D468B48CFE78D4F01238D4A8D483A60CA
:1090840000227B60436011468B4B3A82BA747A6348
:1090940087F8432003608760C7E90222C7E90522F5
:1090A400C7E90722C7E90922C7E90B2200F0F6F94C
:1090B40003E004460D467F48ADE77E4A28467F49D3
:1090C400FFF730FE7E4E01237E4A7F483260002245
:1090D4007360436011467D4B3282B274726386F8CA
:1090E400432003608660C6E90222C6E90522C6E978
:1090F4000722C6E90922C6E90B2200F08BF903E036
:1091040004460D46704886E76F4A28467049FFF7C3
:1091140009FE704A0124704B28467049546013605C
:10912400FFF700FE6E4A28466E4B6F495460136089
:10913400FFF7F8FD6D4C01226D4B21466D4823600D
:1091440000236260C4E90233C4E90433C4E906338A
:10915400C4E90833C4E90A33C4E90C33C4E90E335F
:10916400C4E91033C4E91233C4E91433C4E916332F
:10917400C4E91833C4E91A33C4E91C33C4E91E33FF
:10918400C4E92033C4E92233C4E92433C4E92633CF
:10919400C4E92833C4E92A33C4E92C33C4E92E339F
:1091A400C4F8C03084F8C43003F054FB514A284654
:1091B4005149FFF7B7FD514A4FF00109504B28467A
:1091C4005049C2F804901360FFF7ACFD4E4A28469C
:1091D4004E4B4F49C2F804901360FFF7A3FD494674
:1091E4004C4801F0B1FB4B4A28464B49FFF79AFD26
:1091F4004A4A28464A4B4B49C2F804901360FFF789
:1092040091FD494A2846494B4949C2F804901360E4
:10921400FFF788FD474A2846474B4849C2F804905F
:109224001360FFF77FFD464A2846464B4649C2F87D
:1092340004901360FFF776FD01A928460396CDE953
:10924400018700F0E3FC81E00446E7E6204607F0EE
:10925400F3FB00BF5C190020FD1D0020F418002062
:10926400C8190020D4160020701A0020A01600206F
:10927400381B0020BC150020BC160020602D020005
:10928400E8320200A01A0020B4160020443802007C
:10929400141B0020AC16002080380200101B002094
:1092A400C8160020CC320200941A00203415002085
:1092B400502D02008816002040330200A81A002016
:1092C40078150020402D0200941600200C33020073
:1092D400A41A00208016002090330200B01A002047
:1092E40078160020A8330200AC1A00206C14002069
:1092F400B038020064160020F81A00205C16002022
:10930400C03302009C1A002054160020B039020019
:10931400F41A002044160020981A00203C1600205D
:10932400542E0200041A002034160020AC2E020031
:10933400001A00202C160020042F0200FC19002023
:10934400241600205C2F0200F8190020D5F80C9098
:109354000D48FFF7DBFC49F82080D5F80C800B485A
:10936400FFF7D4FC48F82070EF680948FFF7CEFCFB
:1093740047F82060EE680748FFF7C8FC46F820402D
:10938400284605B0BDE8F083A01A0020A81A0020E2
:10939400A41A0020F81A002038B5094D2B686BB9BF
:1093A400084C02212046FFF7DDFD074B21462C60C7
:1093B4001C600648BDE838400EF064BE38BD00BFEE
:1093C40064140020E019002060140020DC1900203F
:1093D400024B1B680BB9FFF7DFBF70476414002012
:1093E40038B500230446094D0360FFF7F1FF084A2E
:1093F4002B6812682360934206D0FFF7A1FD2B6807
:109404001A68236001321A60204638BD60140020B7
:109414006414002038B584680546ACB9442007F0CC
:1094240095FD1A4B04828474446380F84340A86019
:10943400C0E90034C0E90244C0E90544C0E9074476
:10944400C0E90944C0E90B44AB682E2210495A74A0
:109454002C22AB689A740023AA689160D360D3620B
:10946400C2E90513C2E90713C2E9091309490868E7
:109474001063AA685063084A1068AA68C15C1A4459
:1094840001330B2B82F83810F7D138BD402D020080
:10949400BA4E0200614D0200FC00002038B5846819
:1094A4000546ACB9442007F051FD1A4B048284747C
:1094B400446380F84340A860C0E90034C0E9024432
:1094C400C0E90544C0E90744C0E90944C0E90B44C4
:1094D400AB682E2210495A742C22AB689A7400236C
:1094E400AA689160D360D362C2E90513C2E9071385
:1094F400C2E90913094908681063AA685063084A55
:109504001068AA68C15C1A4401330B2B82F8381026
:10951400F7D138BD502D0200BA4E0200614D020051
:10952400FC000020094B10B504460360806840B17C
:1095340003685B68984704E020460EF08CFD14F045
:1095440076FF20460EF087FD204610BD0C33020046
:10955400094B10B504460360806840B103685B683A
:10956400984704E020460EF076FD14F060FF204694
:109574000EF071FD204610BD403302000D4B10B5B6
:109584000360044690F843307BB1806808B114F05E
:10959400E1FE606908B114F0DDFEE06908B114F081
:1095A400D9FE606A08B114F0D5FE20460EF053FDD2
:1095B400204610BD402D02000D4B10B5036004463B
:1095C40090F843307BB1806808B114F0C3FE606941
:1095D40008B114F0BFFEE06908B114F0BBFE606A84
:1095E40008B114F0B7FE20460EF035FD204610BD3C
:1095F400502D020038B584680546ACB9442007F004
:10960400A5FC1A4B04828474446380F84340A86028
:10961400C0E90034C0E90244C0E90544C0E9074494
:10962400C0E90944C0E90B44AB682E2210495A74BE
:109634002C22AB689A740023AA689160D360D36229
:10964400C2E90513C2E90713C2E909130949086805
:109654001063AA685063084A1068AA68C15C1A4477
:1096640001330B2B82F83810F7D138BD402D02009E
:10967400BA4E0200614D0200FC00002038B5846837
:109684000546ACB9442007F061FC1A4B048284748B
:10969400446380F84340A860C0E90034C0E9024450
:1096A400C0E90544C0E90744C0E90944C0E90B44E2
:1096B400AB682E2210495A742C22AB689A7400238A
:1096C400AA689160D360D362C2E90513C2E90713A3
:1096D400C2E90913094908681063AA685063084A73
:1096E4001068AA68C15C1A4401330B2B82F8381045
:1096F400F7D138BD502D0200BA4E0200614D020070
:10970400FC000020094B10B504460360806840B19A
:1097140003685B68984704E020460EF09CFC14F054
:1097240086FE20460EF097FC204610BDD03802007D
:10973400094B10B504460360806840B103685B6858
:10974400984704E020460EF086FC14F070FE204694
:109754000EF081FC204610BD0439020038B584683F
:10976400054684B9682007F0F1FB1D4B4460036093
:109774000474848480F86440A860C0E90244C0E9A9
:109784000544C0E90744AA682E21164B82F8241028
:109794002C2193600023D3601374AA6882F82510E7
:1097A400114A1068AA68C15C1A440133242B82F858
:1097B4002610F7D10D4B18680023AA68C15C1A441F
:1097C40001331A2B82F84A10F7D1AB68084A5A6160
:1097D40004229A61074ADA6105221A6238BD00BF81
:1097E400602D0200BA4E0200F4000020F8000020B0
:1097F400C93F0200CE3F0200094B10B50446036086
:10980400806840B103685B68984704E020460EF026
:1098140022FC14F00CFE20460EF01DFC204610BD68
:10982400E83202000B4B10B50360044690F8643034
:109834005BB1806808B114F08DFD606908B114F063
:1098440089FDE06908B114F085FD20460EF003FCA3
:10985400204610BD602D020038B58468054684B9E1
:10986400682007F073FB1D4B446003600474848418
:1098740080F86440A860C0E90244C0E90544C0E936
:109884000744AA682E21164B82F824102C219360D9
:109894000023D3601374AA6882F82510114A106853
:1098A400AA68C15C1A440133242B82F82610F7D12C
:1098B4000D4B18680023AA68C15C1A4401331A2BA3
:1098C40082F84A10F7D1AB68084A5A6104229A61B7
:1098D400074ADA6105221A6238BD00BF602D020012
:1098E400BA4E0200F4000020F8000020C93F020034
:1098F400CE3F0200094B10B504460360806840B1B6
:1099040003685B68984704E020460EF0A4FB14F05B
:109914008EFD20460EF09FFB204610BD203802002D
:1099240037B5069D144600200849CDE9002345B10A
:10993400B0F5881F05F1FF3503D268460EF08CFDA3
:10994400F5E70098001B03B030BD00BFFFFF100017
:109954008B070CD5D0E90032D21A022A09D9064A5B
:109964001188927819809A70036803330360012088
:1099740070470020704700BFD43F02007FB5CDE997
:109984000223099B04A9094A02A804930A9B05938C
:10999400002300930EF017FE089B029A1A600B9B9B
:1099A400049A1A6007B05DF804FB00BFFFFF1000C3
:1099B4001FB5CDE90023079B02A9084A6846029314
:1099C400089B039300230EF040FE069B009A1A6046
:1099D400099B029A1A6005B05DF804FBFFFF1000B2
:1099E40038B54B0704460CD5D0E900535B1B022B5A
:1099F40007D903220349284615F0F6FC08B90335B4
:109A0400256038BD114102001FB5CDE90023079B35
:109A140002A9084A68460293089B039300230EF0A8
:109A240032FE069B009A1A60099B029A1A6005B0DE
:109A34005DF804FBFFFF100037B5002168461446AB
:109A4400069DCDE90023FFF7CBFF0020074945B170
:109A5400B0F5881F05F1FF3503D268460EF040FCCF
:109A6400F5E70098001B03B030BD00BFFFFF1000F6
:109A74007FB5CDE90223099B04A9094A02A80493EE
:109A84000A9B05930023009301230EF01FFE089BFD
:109A9400029A1A600B9B049A1A6007B05DF804FBE3
:109AA400FFFF100013B5144619460023049A2046FC
:109AB4000093034B0EF037FE001B02B010BD00BF35
:109AC400FFFF100073B51C461149DDE90765CDE9B8
:109AD4000023009884420ED0B5420CD068460EF0A4
:109AE400BBFC831C01D1012008E0B0F5881F0CD217
:109AF40046F8040BEDE7201A18BF0120069B009AD4
:109B04001A60099B1E6002B070BD0220F6E700BF18
:109B1400FFFF1000F7B5089E144600270E49CDE953
:109B240000237D1CAE4206D80BD14FF6FF71684668
:109B34000EF092FC05E068460EF08EFCB0F5881F2E
:109B440003D30098001B03B0F0BDB0F5803F38BFCD
:109B54003D466F1CE5E700BFFFFF1000F0B585B080
:109B64001C46154F0C9ECDE900230B9BCDE9023614
:109B7400009D029BAC421DD09E421BD039466846D4
:109B84000EF06AFC831C014609D0B1F5881F0FD280
:109B9400012202A80EF0CBFC0028E9D10095012097
:109BA4000A9B009A1A600D9B029A1A6005B0F0BDD8
:109BB4000220F5E70020F3E7FFFF1000034B10B588
:109BC400044603600EF047FA204610BD302F020011
:109BD400034B10B5044603600EF03DFA204610BD59
:109BE400282E0200034B10B5044603600EF033FA2E
:109BF400204610BD802E0200034B10B504460360BE
:109C04000EF029FA204610BDD82E02002DE9F047A7
:109C14000123564DD1F8088004462846D1E9007640
:109C24006B600021524BAF602B60FFF715FE04E020
:109C34004E480EF010FA14F0FAFB6B68D4F8049056
:109C440001334C486B60FFF761F8012349F8205059
:109C5400494D6B60494B2B60FFF726F86B68D4F8CD
:109C640004900133A86046486B60FFF74FF8012366
:109C740049F82050434D00226B601146424B284660
:109C8400AE602B60FFF7FAFC03E03B48D1E73D48A8
:109C9400CFE76B68D4F8049001333C486B60FFF75E
:109CA40035F8012349F82050394D00226B601146E4
:109CB400384B2846C5F808802B60FFF79BFC01E071
:109CC4003348B6E76B68D4F80490013332486B60CC
:109CD400FFF71CF8D4F804A049F820504FF002090B
:109CE4002E4D2F4B2F482B60C5F80490FFF70EF82C
:109CF4002D4B4AF82050D4F804A02C4D2C482B604E
:109D0400C5F80490FFF702F82A4B4AF820502A4D70
:109D1400D4F804A029482B60C5F80490FEF7F6FF98
:109D24004AF820500121264D284602F0ADFD6B680B
:109D3400D4F80490013323486B60FEF7E7FF49F839
:109D44002050E5680B48FEF7E1FF45F82070E56810
:109D54000E48FEF7DBFFE46845F820600E48FEF786
:109D6400D5FF44F82080BDE8F08700BF481A0020E2
:109D740020380200FC1A0020541A00200438020083
:109D8400E81A0020301A002004390200041B0020C5
:109D94003C1A0020D0380200001B0020281A0020A2
:109DA400803902000C1B002098390200201A002080
:109DB400081B0020C4390200181A0020F01A0020E1
:109DC400081A0020EC1A002088422DE9F0410446CC
:109DD4000D4618D0A0B1A1EB00080021404600F0C8
:109DE400BDFA00F10C070646214638462A460FF014
:109DF400BCF94146304600F0A5FA3846BDE8F0818A
:109E0400024802F071FA024FF7E700BF1441020062
:109E14006C1A0020836937B504460D4603B1984790
:109E24002B68A3F10C0053F8043C002B0ADB00F070
:109E34006BFB20602B6853F80C3C6360044BA361FC
:109E440003B030BD002201A90FF04AFAF1E700BFC8
:109E5400B58A0100074B002210B50360044603696C
:109E64000C30DA600EF026FE2046FFF743FD204654
:109E740010BD00BF90300200084B002210B50360F3
:109E8400044603690C30DA609A611A629A620EF031
:109E940011FE2046FFF736FC204610BDD0300200EC
:109EA400084B002210B50360044603690C30DA60E5
:109EB4009A611A629A620EF0FDFD2046FFF738FCA3
:109EC400204610BD04310200054B10B5044640F88D
:109ED400103B0EF0EFFD204602F01EFB204610BDA5
:109EE40068310200084B10B5044640F80C3B0EF0F4
:109EF400E1FD064B204640F8083B14F0BFFF204626
:109F04000EF0A9F8204610BDB43002000438020057
:109F1400064B10B5044640F8083B0EF0CBFD044B4D
:109F2400204623600EF097F8204610BD3831020019
:109F340080390200064B10B5044640F8083B0EF089
:109F4400B9FD044B204623600EF085F8204610BD71
:109F54005031020098390200064B10B5044640F80F
:109F6400083B0EF0A7FD044B204623600EF073F867
:109F7400204610BD84310200C439020082B02DE9AC
:109F8400F0438BB0054617461A9813AC139315ABE0
:109F94009DF85C20DDE9181898B1CDE90480CDE97D
:109FA400022193E803008DE803003946284694E82B
:109FB4000C0011F055FE28460BB0BDE8F04302B08A
:109FC4007047164809AE0DF118090990CDE90486C9
:109FD400CDE9022193E803008DE8030039464846A1
:109FE40094E80C0011F05BFED8F8003099E8030007
:109FF40084E803003BB194E8030085E8030030469D
:10A004000EF04DFDD7E731461B98FFF703FFF2E74B
:10A0140030460EF044FD14F00AFA00BF6C1A00201A
:10A0240070B56FF001030C468D4A05468D4914F056
:10A0340093F9064610B10468204670BD8A4B9C42D1
:10A044003BD1142006F082FF0446682006F07EFF10
:10A05400864B00210646A0600360854B4160017475
:10A06400818480F8641061602360C0E90211C0E952
:10A074000511C0E907112046FFF7EEFB03E0204677
:10A084000DF0E9FF14E06B68324629464FF00000FA
:10A094000133E56026616B60764B236010F0C1FFED
:10A0A400CAE704F10C000EF005FD2046FFF722FC80
:10A0B400204614F04BF914F0BAF96F4B9C4211D1BD
:10A0C400102006F043FF6D4B466004460360FEF724
:10A0D400EBFD6B6801336B60694BC4E902052360D7
:10A0E400AAE7CCE7674B9C420AD10C2006F02EFF6E
:10A0F4006B6804460133C0E901656B60624BEEE7AF
:10A10400624B9C420AD10C2006F020FF6B68044687
:10A114000133C0E901656B605D4BE0E75D4B9C4238
:10A124000AD10C2006F012FF6B6804460133C0E923
:10A1340001656B60584BD2E7584B9C423AD11420CE
:10A1440006F004FF0446442006F000FF544B0022AE
:10A154000646A06003601146524BC26002828274BC
:10A16400426380F8432062602360C0E90122C0E9B1
:10A174000522C0E90722C0E90922C0E90B222046D2
:10A18400FFF738FA00E07AE76B68324629464FF069
:10A1940000000133E56026616B60434B236010F0DF
:10A1A400A5FF49E704F10C000EF084FC2046FFF7FC
:10A1B400A9FA7DE73D4B9C423AD1142006F0C6FE35
:10A1C4000446442006F0C2FE394B00220646A06035
:10A1D40003601146374BC26002828274426380F886
:10A1E400432062602360C0E90122C0E90522C0E97E
:10A1F4000722C0E90922C0E90B222046FFF73EFAF4
:10A2040000E03CE76B68324629464FF0000001331A
:10A21400E56026616B60284B236010F0C5FF0BE7F7
:10A2240004F10C000EF046FC2046FFF781FA3FE7EC
:10A23400224B9C420CD1142006F088FE3146044681
:10A2440002F022FB6B68256101336B601C4B46E70F
:10A254001C4802F049F82BE72AE729E728E700BF62
:10A2640060300200E82C0200FC1A0020602D02007D
:10A274002038020090300200E81A0020043802005E
:10A28400B4300200F01A0020843102000C1B0020BC
:10A2940038310200081B002050310200001B00204E
:10A2A400402D0200D0380200D0300200041B0020F0
:10A2B400502D02000439020004310200EC1A00207F
:10A2C400683102003E4102008B6913B5044613B99C
:10A2D400064802F009F8D1E9000101AA0144FFF798
:10A2E40073FD2060204602B010BD00BF6B41020028
:10A2F40008B50346084611461B6853F80C3C8342D4
:10A3040003D20246014811F019FA08BD5443020071
:10A31400F8B5044617460E46094A19461D46FFF786
:10A32400E7FF216851F80C4C641BBC4228BF3C4633
:10A3340024B12246294430460EF0F0FE2046F8BDF2
:10A344008B430200044B984204D0002301608360D5
:10A3540008440373704700BF601A0020134A9042F8
:10A3640010B5044602D9124801F0D6FF884207D836
:10A3740004F10D0006F0EAFD00224460826010BD85
:10A384004B00984238BF1C4604F11D0304F10D0034
:10A39400B3F5805FEED98C42ECD904F58054C3F355
:10A3A4000B03E41A944228BF1446E1E7FCFFFF3F85
:10A3B4009E430200F8B50F46044680B10021FFF722
:10A3C400CDFF00F10C060546214630463A460EF014
:10A3D400BDFE21462846FFF7B5FF3046F8BD014EC5
:10A3E400FBE700BF6C1A0020054A904210B506D066
:10A3F4008268541E002A846001DC0EF0DFFE10BD6A
:10A40400601A0020036813B50446A3F10C0053F846
:10A41400043C002B06DD01A9FFF7E6FF034B236094
:10A4240002B010BD0021FFF78DFFF9E76C1A002080
:10A4340070B504461546094A0E46FFF759FF2368CE
:10A444000146204653F80C2C0023921BAA4228BF35
:10A454002A460EF0B5FE204670BD00BFB64302008A
:10A46400F8B51C46174605460E460A4B22463946A1
:10A474000EF039FE23463A46314628460EF0A0FE39
:10A4840034B1286821469DF8182030440EF05EFE51
:10A494002846F8BDCA43020073B50E460168044657
:10A4A400184B51F80C1C15460EF01DFE3146204683
:10A4B4000EF027FE034620681BB950F8043C002B1D
:10A4C4000BDD0095334650F80C2C002120460EF08D
:10A4D400F6FE0446204602B070BD331A9D4209D8E8
:10A4E4002A4631460EF01AFE206829460C38FFF73A
:10A4F40029FFEFE7002BF7D02A4631460EF01AFE6B
:10A50400F2E700BFE7430200054B984200F10C005C
:10A514001EBF50F8043C013340F8043C704700BFB0
:10A52400601A00202DE9F04104460D4690462AB3F6
:10A53400184B00210EF0D7FD276857F80C6C57F81C
:10A54400083C46449E4203D857F8043C002B08DDDF
:10A55400294620460EF0D5FD98B1314620460EF02E
:10A56400D8FE23682946424653F80C0C18440EF0D2
:10A57400D5FD206831460C38FFF7E4FE2046BDE8DF
:10A58400F08131462046EF1B0EF0C3FE25683D44A2
:10A59400E7E700BFFC430200F8B5044617460D4642
:10A5A40009B30A46114B00210EF09DFD236853F8B0
:10A5B4000C6C53F8082C2E44964203D853F8043CF0
:10A5C400002B03DD314620460EF0A3FE2368294606
:10A5D4003A4653F80C0C18440EF0B8FD2068314686
:10A5E4000C38FFF7AFFE2046F8BD00BFFC43020065
:10A5F400F8B503680C4617460A4653F80C6C054632
:10A60400094B31460EF06FFDB44205D93A46A11B01
:10A614002846FFF7C1FFF8BDFDD24FF0FF322146B7
:10A624002846FFF705FFF6E711440200084B10B572
:10A63400044640F8083B14F021FC237B1BB1A069BD
:10A6440008B113F087FE20460DF005FD204610BD2D
:10A65400D431020038B5003B044618BF012309B9C0
:10A664000A460E49002563600D4B04F11D00227358
:10A674004FF480722360A1612946C4E9045514F0A3
:10A68400ABFE4FF48072294604F21D10257714F0B6
:10A69400A3FE204684F81D5238BD00BFC34F0200FC
:10A6A400D4310200034B10B5044603600DF0D3FC13
:10A6B400204610BD90330200034B10B504460360DE
:10A6C4000DF0C9FC204610BDA8330200034B10B5A1
:10A6D400044603600DF0BFFC204610BDC0330200E9
:10A6E400054B10B5044640F8083B14F0C7FB204660
:10A6F4000DF0B1FC204610BD74330200054B10B5BB
:10A70400044640F8083B14F0B9FB20460DF0A3FCC6
:10A71400204610BDCC32020008B54368C3F17F5314
:10A7240003F57F1303F57F533F339A4202D903485D
:10A7340001F0F2FDBDE8084013F0E5BCFC43020063
:10A74400F8B506461C48FEF7E1FA05463368DF68AB
:10A7540057F82030F3B9442006F0F8FB174B314684
:10A76400044603600023C0E90133C3600382837499
:10A77400436380F84330C0E90533C0E90733C0E9D7
:10A784000933C0E90B3302F033FA2A462146306814
:10A79400FEF78EFB57F82500F8BD13F0EAFE14F01F
:10A7A4006CF813F00FFF13F042FE13F0E2FE23687F
:10A7B40020465B689847F2E7A81A0020502D020053
:10A7C4004368994270B50646154604D90A460A48B4
:10A7D4000A4910F0B3FF6A1C04D1036800227160B7
:10A7E4005A5470BD002DFCD05A1AAA4228BF2A46DA
:10A7F400BDE8704013F0FABB54430200B6430200B4
:10A80400F8B506461C48FEF781FA05463368DF684A
:10A8140057F82030F3B9442006F098FB174B314623
:10A82400044603600023C0E90133C36003828374D8
:10A83400436380F84330C0E90533C0E90733C0E916
:10A844000933C0E90B3302F09FFA2A4621463068E7
:10A85400FEF72EFB57F82500F8BD13F08AFE14F01E
:10A864000CF813F0AFFE13F0E2FD13F082FE236840
:10A8740020465B689847F2E7A41A0020402D0200A6
:10A8840038B500F1080305460C46036011B90648C3
:10A8940001F02AFD0846F6F7D3FA21462218284685
:10A8A400BDE838400EF033BF4144020037B51D46C1
:10A8B4004368994204D90A460548064910F03EFF08
:10A8C40013460022009505F0C3FE03B030BD00BF5F
:10A8D400544302007344020008B42DE9F7410F46C3
:10A8E40004200021904608F025FA16490546F6F79B
:10A8F4009DFA044678B12846F6F7A2FA461C30467B
:10A9040013F0FFFF29463246044614F03EFD0D497C
:10A91400042008F00FFA0AAB099A4146384601931D
:10A9240009F06EFA054634B12146042008F002FA13
:10A93400204613F00FFD284603B0BDE8F04101B0F6
:10A94400704700BF884402000039094B18BF012139
:10A9540010B5416004460360FEF7A6F904E0204602
:10A964000DF079FB13F063FDA060204610BD00BF1D
:10A97400743302002DE9F04F91B00646894604AFC6
:10A9840007F1080507F1140097F860A085E80C00AA
:10A9940097F858303B60FB6D03F16C01FEF76EF9DC
:10A9A40007F1140001F086FF90B078600DF11008F3
:10A9B400FEF77AF9B8614022414607F11800D7E959
:10A9C4001A34CDE9023400230093324BFFF784FF9D
:10A9D4003F28044619DD083400F1010B24F0070474
:10A9E400ADEB040D0DF11008FEF75EF9B8615A469F
:10A9F400414607F11800D7E91A34CDE9023400239F
:10AA04000093244BFFF768FF044607F1200300225C
:10AA1400214607F11800BB6113F089FABB6908EB02
:10AA24000402414678680EF051FE3B6863B107F1B9
:10AA3400180349463046CDE901A3FB6D009395E820
:10AA44000C000FF05BF917E007F118034946304694
:10AA5400CDE901A3FB6D009395E80C000FF078FAA3
:10AA64000AE007F1180013F01DFA07F11400FEF7CD
:10AA740029F913F0DCFCF8E707F1180013F012FAD7
:10AA840007F11400FEF71EF930463437BD46BDE821
:10AA9400F08F00BF8A4402002DE9F04FABB0894625
:10AAA400369D0EA90B9005F16C06DDF8E0A03A9CEA
:10AAB400304681E80C0002F05FF80890304600262A
:10AAC40001F0F8FE83463998F6F7BAF910960A9021
:10AAD40034A90EA80FF0A1FBDDF84080002800F097
:10AAE40073840A9B9E4280F06F84B8F1000F00F0DB
:10AAF4007F84379B379A1B6843F00403136000F08C
:10AB04006BBC089B0CAF0EAE9B68DA6A12921A6B90
:10AB140013925A6B14929A6B1592DA6B16921A6C02
:10AB240017925A6C18929A6C1992DA6C1A921A6DDE
:10AB34001B925A6D1C929A6D1D92DA6D1E921B6EB9
:10AB44001F9310ABCDE905530E23049312AB03936B
:10AB540011AB029334AB93E803008DE8030049463C
:10AB6400384696E80C000FF0A5FB109B97E803000D
:10AB740086E80300002B3CD1119A072392FBF3F3E0
:10AB8400C3EBC303D21ACAF81820237843F0020394
:10AB9400DDE0089B12AA0CAF0EAE986811460EF0C9
:10ABA4003FFD1EA90EF05AFD10ABCDE90553182345
:10ABB400CDE9032311AB029334AB93E803008DE892
:10ABC40003004946384696E80C000FF073FB109BCF
:10ABD40097E8030086E803005BB9119B0C2293FB02
:10ABE400F2F102FB1133CAF81030238843F4816375
:10ABF4002380099E01366BE7089B0CAF06949B6883
:10AC04009B69059310ABCDF810A00EAECDE90253AD
:10AC140034AB93E803008DE803004946384696E8D0
:10AC24000C00FFF739FF109B97E8030086E8030048
:10AC3400002BDED1637843F0040376E110AB0226E7
:10AC44000CAFCDE906536323CDE9043600230EAEE1
:10AC5400039311AB029334AB93E803008DE8030034
:10AC64004946384696E80C000FF0DEFA109B97E848
:10AC7400030086E80300002BBBD1119B636023888B
:10AC840043F49063B4E730460FF0A6FADBF81830CB
:10AC9400C0B21B5C180702D530460EF00EFD10AB97
:10ACA40002210CAF0EAECDE906531F23CDE90431CA
:10ACB4000123039311AB029334AB93E803008DE8B3
:10ACC40003004946384696E80C000FF0ADFA109B95
:10ACD40097E8030086E80300002B8AD1119BCAF889
:10ACE4000C30238843F4826382E712AEB84A584694
:10ACF4000CAF3346A2F109010EF0E8FCCDE905647E
:10AD040080E710AB02220CAF0EAECDE90653172339
:10AD1400CDE904320023039311AB029334AB93E8DF
:10AD240003008DE803004946384696E80C000FF00E
:10AD34007BFA109A97E8030086E80300002A7FF460
:10AD440058AF119BCAF80830237862F300032370CC
:10AD54004FE710AB0C270DF130080EAECDE90653CA
:10AD64000223CDE904730123039311AB029334ABA3
:10AD740093E803008DE803004946404696E80C003A
:10AD84000FF052FA109B98E8030086E80300002BAA
:10AD94007FF42FAF119B93FBF7F207FB1233CAF832
:10ADA4000830237843F00103D1E710AB4FF00308D8
:10ADB4000CAF0EAECDE906534FF4B773CDE90438AA
:10ADC4000123039311AB029334AB93E803008DE8A2
:10ADD40003004946384696E80C000FF025FA109B0C
:10ADE40097E8030086E80300002B7FF402AF119B71
:10ADF400013BCAF81C30237843F00403A7E710ABE7
:10AE04004FF0020E0CAF0EAECDE906530C23CDE984
:10AE1400043E0123039311AB029334AB93E8030084
:10AE24008DE803004946384696E80C000FF0FCF91B
:10AE3400109B97E8030086E80300002B7FF4D9AE4B
:10AE4400119B013BCAF81030237843F008037EE7D6
:10AE540010AB4FF0020C0CAF0EAECDE906533B2302
:10AE6400CDE9043C0023039311AB029334AB93E884
:10AE740003008DE803004946384696E80C000FF0BD
:10AE8400D3F9109B97E8030086E80300002B7FF4B6
:10AE9400B0AE119BCAF80430ABE634A90EA80FF08B
:10AEA400BCF900283FF4A5AE0EA80FF095F9DBF825
:10AEB4001830C0B21B5C1E077FF59BAE0EA80EF0C7
:10AEC400FCFBEAE7089B9B681A6A12925B6A13937D
:10AED4001278002A3FF48DAE1B78002B3FF489AE24
:10AEE40010AB0CAF0EAECDE905530223049312ABA5
:10AEF400039311AB029334AB93E803008DE8030092
:10AF04004946384696E80C000FF0D4F9109B97E8B0
:10AF1400030086E80300002B7FF46BAE119B002B2B
:10AF24003FF467AE637843F00103637061E6089B06
:10AF34000CAF06949B689B6A059309E012AE254A00
:10AF44003346911F0CAF58460EF0C0FBCDE90564A3
:10AF540010ABCDF810A00EAECDE9025334AB93E89C
:10AF640003008DE803004946384696E80C00FFF7D5
:10AF740093FD97E8030086E803003AE610AB02204D
:10AF84000CAF0EAECDE906533C23CDE904300023CB
:10AF9400039311AB029334AB93E803008DE80300F1
:10AFA4004946384696E80C000FF03EF9109B97E8A6
:10AFB400030086E80300002B7FF41BAE119BCAF844
:10AFC400003016E612AE044A3346A2F10901B9E78D
:10AFD400994402009F440200A844020010AB0221DD
:10AFE4000CAF0EAECDE906533523CDE90431002371
:10AFF400039311AB029334AB93E803008DE8030091
:10B004004946384696E80C000FF00EF9109B97E875
:10B01400030086E80300002B7FF4EBAD119B22684C
:10B024001B0422F47C1203F47C1322F0200243F06C
:10B03400200313432360DCE510AB01220CAF0EAEFA
:10B04400CDE906530623CDE904320023039311AB63
:10B05400029334AB93E803008DE803004946384675
:10B0640096E80C000FF0E0F8109B97E8030086E8E0
:10B074000300002B7FF4BDAD119BCAF8183084E5A2
:10B0840010AB4FF002080CAF0EAECDE906533523DA
:10B09400CDE904380023039311AB029334AB93E856
:10B0A40003008DE803004946384696E80C000FF08B
:10B0B400BBF8109B97E8030086E80300002B7FF49D
:10B0C40098AD119B22681B0422F47C1203F47C13B8
:10B0D40022F0400243F04003ABE7089B0CAF069418
:10B0E4009B689B6828E7089B0CAF06949B681B69C8
:10B0F40022E710AB4FF0020E0CAF0EAECDE90653B3
:10B104006323CDE9043E0023039311AB029334ABD4
:10B1140093E803008DE803004946384696E80C009E
:10B124000FF082F8109B97E8030086E80300002BD9
:10B134007FF45FAD637834A9304623F0060343F00F
:10B14400060363700FF069F800283BD030460FF017
:10B1540043F82A22C1B258460EF00FFCA0F1300881
:10B164005FFA88F3092B2DD830460A270EF0A5FA8A
:10B17400119B34A9304607FB038311930FF04DF85C
:10B18400A0B130460FF028F82A22C1B258460EF07A
:10B19400F4FBA0F130085FFA88F3092B06D8304697
:10B1A4000EF08BFA119B07FB03831193119BA3F2FF
:10B1B4006C73119363786FF341036370119BCAF846
:10B1C400143016E5119B442BDCBF64331193F5E76F
:10B1D40010AB4FF0040C0CAF0EAECDE9065342F2A7
:10B1E4000F73CDE9043C0023039311AB029334ABFA
:10B1F40093E803008DE803004946384696E80C00BE
:10B204000FF012F8109B97E8030086E80300002B68
:10B214007FF4EFAC119BA3F26C73CAF8143063781B
:10B2240023F0060307E530460EF0D6FFDBF81830AE
:10B23400C0B21B5CDF0740F1828010AB0CAFCDE9DC
:10B2440005530E230493694B039312AB029334AB5F
:10B2540093E803008DE803004946384696E80C005D
:10B264000FF028F897E8030086E8030034A9304675
:10B274000EF0D3FF00283FF4BCAC109B129A13438A
:10B284007FF4B7AC30460EF0A7FF07462D21584691
:10B29400FFB20EF061FBB84235D11723022110AF83
:10B2A40000220CAE0DF138080392CDE9043112A945
:10B2B400029134A9CDE9065703C98DE80300494634
:10B2C400304698E80C000EF0AFFF3B23002296E8CE
:10B2D400030088E8030002200392CDE9043012AB96
:10B2E400029334ABCDE9065793E803008DE80300DD
:10B2F4004946304698E80C000EF096FF96E80300A5
:10B3040088E8030075E430460EF066FF06462B21FC
:10B314005846F6B20EF020FBB0427FF46AACBCE7AC
:10B3240030460EF059FF074625215846FFB20EF06D
:10B3340013FBB84203D130460EF0BFF959E4109B19
:10B3440043F00403109354E4399B995DDBF81830FF
:10B354005B5C1A0714D534A90EA80EF05EFF002812
:10B364003FF448AC0EA80EF037FFDBF81830C0B23B
:10B374001B5C1B077FF53EAC0EA80EF09EF9EAE7B6
:10B3840058460EF0E6FA80460EA80EF025FFC1B22C
:10B3940058460EF0DEFA804512D0397858460EF041
:10B3A400D5FA07460EA80EF017FFC1B258460EF0A4
:10B3B400CDFA874204D0109B43F00403109319E4A0
:10B3C4000EA80EF07AF915E4B8F1000F7FF491ABF2
:10B3D4000A9B9E427FF48DAB0EAB93E803000B9B5C
:10B3E40083E8030018462BB0BDE8F08F000100206D
:10B3F400399B42465846995D9F190EF0BEFA25289E
:10B40400A2D1731C711C424658460993399B595C5E
:10B414000EF0B3FA4528CDF8448001D04F2808D166
:10B42400B31C0022584609930999399B595C0EF0C4
:10B43400A4FA25380EAE542881D801A353F820F07D
:10B4440025B3000043B3000043B3000043B300003E
:10B4540043B3000043B3000043B3000043B3000010
:10B4640043B3000043B3000043B3000043B3000000
:10B4740043B3000043B3000043B3000043B30000F0
:10B4840043B3000043B3000043B3000043B30000E0
:10B4940043B3000043B3000043B3000043B30000D0
:10B4A40043B3000043B3000043B3000043B30000C0
:10B4B40007AB000097AB000041AC0000EFAC00000C
:10B4C40043B3000043B3000043B3000007AD0000E2
:10B4D40057AD000043B3000043B3000043B3000082
:10B4E40055AE000043B3000043B3000043B3000073
:10B4F40043B3000041AF000081AF0000C9AF0000BA
:10B50400E1AF000043B3000085B00000EBB00000E1
:10B51400D5B100002BB2000043B3000043B30000D8
:10B5240043B3000043B3000043B3000043B300003F
:10B5340007AB000097AB0000FDAB00008BAC000034
:10B544008BAC000043B3000043B3000097AB000092
:10B5540043B30000AFAD000043B3000043B30000A9
:10B5640003AE00009FAE000043B30000C9AE00006C
:10B5740043B3000033AF000043B300009FAE0000AC
:10B5840043B3000043B300003DB00000DFB000004F
:10B59400F7B000002DE9F04F99B008A9059081E8B3
:10B5A4000C00DDE9243903F16C04204601F082F932
:10B5B40004902046FFF724F900F13803054606936A
:10B5C400036A1BB1836A003B18BF012301930EABCE
:10B5D4000C9300230D938DF838302B7C53B914ABA6
:10B5E400202112A81293002313938DF8503012F0E7
:10B5F40012FD04E020210CA812F00DFDEFE7002657
:10B6040005F13903B046079337466B6B03960B93EA
:10B61400009602960BAB9B5D042B41D8DFE813F038
:10B624000C01F2000C0071000500DFF860A222A9F1
:10B6340008A80EF0F2FDE0E0249BDB6898051FD417
:10B64400009B012B1CD8DEB1012E0BD1019BBBB991
:10B654009DF82C30032B13D09DF82E30012B0FD0E6
:10B664000226D7E7022E40F00B819DF82F30042BE1
:10B6740006D0019A002A00F0FE80032B40F0FD80E2
:10B68400D5F818B04FF0000A22A908A80EF0C5FD9D
:10B6940002E00AF1010AF7E7044618B9DA4510D1C5
:10B6A400012418E0DA4516D008A80EF095FD6B6960
:10B6B400C0B213F80A30834203D108A80DF0FDFF8D
:10B6C400E7E7BAF1000F40F0D280249BDC6884F4F1
:10B6D4000074C4F340240136042E40F0B180009B72
:10B6E400012B40F2FB80002C00F0AD80029B002B6C
:10B6F40000F0C8806E6A012422A908A80EF08DFD0E
:10B70400C6E02B6A33B9AB6ACBB122A908A80EF004
:10B7140084FD1AE022A908A80EF07FFD0446002843
:10B72400F1D008A80EF058FDEB69C0B21B78834233
:10B73400E9D12B6A08A800930DF0BFFFCBE72B6A71
:10B74400A3B9019B83F00104C5E704460028F6D0A1
:10B7540008A80EF041FD6B6AC0B21B788342EED19B
:10B76400AB6A08A800930DF0A8FF82E0AB6A002B37
:10B77400E7D101231C460293ADE708A80EF02CFD87
:10B784005FFA80FB0DF12B020A2107988DF82BB08C
:10B794000DF0A1FC60B1069BC01ADAF80030195C08
:10B7A40012A812F056FC013708A80DF086FF3EE7F8
:10B7B4006B7C5B4509D1B8F1000F1AD1EB6A002B01
:10B7C40012DDA04603970027EEE72B7C63B1AA7C29
:10B7D4005A4508D1B8F1000F0BD167B1F9B20CA8E2
:10B7E40012F037FCEFE71C46139B002B08BF002424
:10B7F40071E74446F8E73C46F6E704460028BCD126
:10B804000124F1E722A908A80EF007FD40B900249D
:10B81400032E3FF464AF22A908A80EF0FEFC0DE04D
:10B8240008A80EF0D9FC049BC0B29B691B5C1907E5
:10B83400EDD508A80DF041FF0124E9E750B9013620
:10B84400002C7FF4E7AED9F8003043F00403C9F8C4
:10B85400003074E008A80EF0BFFC049BC0B29B69E2
:10B864001B5C1A07EBD508A80DF027FFD3E70024CB
:10B8740031E702942FE70326CCE6019C0326DFE799
:10B8840001242CE7EE6936E7013435E7FC0000209B
:10B89400009BB0B9A342D6D1139B012B21D900221E
:10B8A400302112A812F0C6FC0246D0B1431C4FF05E
:10B8B400000112A804BF139A02F1FF32FEF780FFC1
:10B8C4000FE0A342E8D008A80EF086FC335DC0B2B6
:10B8D4008342B8D108A80DF0F0FED5E7002CB2D011
:10B8E400DAE7029B53B90D9BFBB1B8F1000F0ED000
:10B8F4009DF80C100CA812F0ACFB0AE012990B781E
:10B90400302BF0D02D2212A812F0DFFBEBE7F9B2B6
:10B91400F0E70CAAD5E9020113F0C8FB28B9D9F85D
:10B92400003043F00403C9F80030B8F1000F02D02E
:10B93400EB6ABB4287D112A9269812F004FC08AC2A
:10B9440022A920460EF057FC28B1D9F8003043F064
:10B954000203C9F80030059B94E8030083E8030060
:10B9640012A812F09FFA0CA812F09CFA059819B0CC
:10B97400BDE8F08F12A812F095FA0CA812F092FA12
:10B9840012F055FDF9E700BF2DE9F04F99B008A971
:10B99400059081E80C00DDE9243903F16C042046AC
:10B9A40000F088FF04902046FEF7CAFE00F1380339
:10B9B40005460693036A1BB1836A003B18BF012343
:10B9C40001930EAB0C9300230D938DF838302B7C30
:10B9D40053B914AB202112A81293002313938DF8AA
:10B9E400503012F018FB04E020210CA812F013FBD5
:10B9F400EFE7002605F13903B046079337466B6B32
:10BA040003960B93009602960BAB9B5D042B41D8D7
:10BA1400DFE813F00C01F2000C0071000500DFF800
:10BA240060A222A908A80EF0F8FBE0E0249BDB68E2
:10BA340098051FD4009B012B1CD8DEB1012E0BD11D
:10BA4400019BBBB99DF82C30032B13D09DF82E30ED
:10BA5400012B0FD00226D7E7022E40F00B819DF870
:10BA64002F30042B06D0019A002A00F0FE80032B0D
:10BA740040F0FD80D5F818B04FF0000A22A908A8BC
:10BA84000EF0CBFB02E00AF1010AF7E7044618B90D
:10BA9400DA4510D1012418E0DA4516D008A80EF0D2
:10BAA4009BFB6B69C0B213F80A30834203D108A828
:10BAB4000DF003FEE7E7BAF1000F40F0D280249BBB
:10BAC400DC6884F40074C4F340240136042E40F08E
:10BAD400B180009B012B40F2FB80002C00F0AD8074
:10BAE400029B002B00F0C8806E6A012422A908A8DA
:10BAF4000EF093FBC6E02B6A33B9AB6ACBB122A933
:10BB040008A80EF08AFB1AE022A908A80EF085FB0B
:10BB140004460028F1D008A80EF05EFBEB69C0B221
:10BB24001B788342E9D12B6A08A800930DF0C5FD68
:10BB3400CBE72B6AA3B9019B83F00104C5E7044654
:10BB44000028F6D008A80EF047FB6B6AC0B21B7839
:10BB54008342EED1AB6A08A800930DF0AEFD82E0FB
:10BB6400AB6A002BE7D101231C460293ADE708A87A
:10BB74000EF032FB5FFA80FB0DF12B020A210798CD
:10BB84008DF82BB00DF0A7FA60B1069BC01ADAF855
:10BB94000030195C12A812F05CFA013708A80DF005
:10BBA4008CFD3EE76B7C5B4509D1B8F1000F1AD1DF
:10BBB400EB6A002B12DDA04603970027EEE72B7CEF
:10BBC40063B1AA7C5A4508D1B8F1000F0BD167B113
:10BBD400F9B20CA812F03DFAEFE71C46139B002BB8
:10BBE40008BF002471E74446F8E73C46F6E70446FC
:10BBF4000028BCD10124F1E722A908A80EF00DFB0E
:10BC040040B90024032E3FF464AF22A908A80EF023
:10BC140004FB0DE008A80EF0DFFA049BC0B29B6998
:10BC24001B5C1907EDD508A80DF047FD0124E9E7D1
:10BC340050B90136002C7FF4E7AED9F8003043F058
:10BC44000403C9F8003074E008A80EF0C5FA049B98
:10BC5400C0B29B691B5C1A07EBD508A80DF02DFD3B
:10BC6400D3E7002431E702942FE70326CCE6019CB6
:10BC74000326DFE701242CE7EE6936E7013435E7D4
:10BC8400FC000020009BB0B9A342D6D1139B012B2A
:10BC940021D90022302112A812F0CCFA0246D0B1E8
:10BCA400431C4FF0000112A804BF139A02F1FF32A3
:10BCB400FEF786FD0FE0A342E8D008A80EF08CFA48
:10BCC400335DC0B28342B8D108A80DF0F6FCD5E7C5
:10BCD400002CB2D0DAE7029B53B90D9BFBB1B8F14B
:10BCE400000F0ED09DF80C100CA812F0B2F90AE067
:10BCF40012990B78302BF0D02D2212A812F0E5F90E
:10BD0400EBE7F9B2F0E70CAAD5E9020113F0CEF99A
:10BD140028B9D9F8003043F00403C9F80030B8F169
:10BD2400000F02D0EB6ABB4287D112A9269812F009
:10BD34000AFA08AC22A920460EF05DFA28B1D9F817
:10BD4400003043F00203C9F80030059B94E8030077
:10BD540083E8030012A812F0A5F80CA812F0A2F8C8
:10BD6400059819B0BDE8F08F12A812F09BF80CA842
:10BD740012F098F812F05BFBF9E700BF184B1A6851
:10BD8400D1075CBF01221A60164B1A68D2075CBF48
:10BD940001221A60144B1A68D0075CBF01221A6092
:10BDA400124B1A68D1075CBF01221A60104B1A6843
:10BDB400D2075CBF01221A600E4B1A68D0075CBF21
:10BDC40001221A600C4B1A68D1075CBF01221A6069
:10BDD4000A4B1A68D2075CBF01221A60704700BF81
:10BDE400901A00208C1A0020881A0020841A00203F
:10BDF400801A00207C1A0020781A0020741A00206F
:10BE040000F1080373B5044615460E46036081B974
:10BE140012B10E4800F068FA0A46019131462068D2
:10BE240012F0A4F8019B226800216360D15402B08F
:10BE340070BD0F2A019201D87219EFE7002201A9FF
:10BE440004F0D6FB019B2060A360F5E741440200A7
:10BE5400836973B504460D4603B1984704F108039A
:10BE64002360D5E900630F2B06EB0305019307D983
:10BE7400002201A9204604F0BBFB019B2060A360C3
:10BE84002A463146206812F06CF8019B2268002192
:10BE94006360D154014BA36102B070BDCBAC01000F
:10BEA400074B002210B50360044603690C30DA60C6
:10BEB4000CF000FE2046FDF79FFC204610BD00BF9D
:10BEC400EC340200084B002210B5036004460369F9
:10BED4000C30DA609A611A629A620CF0EBFD20462B
:10BEE400FDF720FB204610BD2C350200084B002234
:10BEF40010B50360044603690C30DA609A611A6273
:10BF04009A620CF0D7FD2046FDF722FB204610BDB7
:10BF140060350200054B10B5044640F8103B0CF0A8
:10BF2400C9FD2046FEF7DCFB204610BDC4350200E7
:10BF3400084B10B5044640F80C3B0CF0BBFD064B17
:10BF4400204640F8083B12F099FF20460CF083F895
:10BF5400204610BD10350200CC320200064B10B54D
:10BF6400044640F8083B0CF0A5FD044B2046236032
:10BF74000CF071F8204610BD943502009033020095
:10BF8400064B10B5044640F8083B0CF093FD044BF7
:10BF9400204623600CF05FF8204610BDAC3502004B
:10BFA400A8330200064B10B5044640F8083B0CF0D9
:10BFB40081FD044B204623600CF04DF8204610BD53
:10BFC400E0350200C033020070B56FF001030C4687
:10BFD4008D4A05468D4912F0BFF9064610B1046832
:10BFE400204670BD8A4B9C423BD1142004F0AEFF26
:10BFF4000446682004F0AAFF864B00210646A06090
:10C004000360854B41600174818480F86410616031
:10C014002360C0E90211C0E90511C0E907112046F7
:10C02400FDF79CFB03E020460CF015F814E06B6868
:10C03400324629464FF000000133E56026616B600B
:10C04400764B23600CF0C2FDCAE704F10C000CF03F
:10C0540031FD2046FDF7D0FB204612F077F912F0AF
:10C06400E6F96F4B9C4211D1102004F06FFF6D4B29
:10C07400466004460360FCF717FE6B6801336B608F
:10C08400694BC4E902052360AAE7CCE7674B9C42ED
:10C094000AD10C2004F05AFF6B6804460133C0E94E
:10C0A40001656B60624BEEE7624B9C420AD10C2047
:10C0B40004F04CFF6B6804460133C0E901656B6012
:10C0C4005D4BE0E75D4B9C420AD10C2004F03EFF3F
:10C0D4006B6804460133C0E901656B60584BD2E7D5
:10C0E400584B9C423AD1142004F030FF04464420BB
:10C0F40004F02CFF544B00220646A0600360114656
:10C10400524BC26002828274426380F843206260B0
:10C114002360C0E90122C0E90522C0E90722C0E981
:10C124000922C0E90B222046FDF774F900E07AE702
:10C134006B68324629464FF000000133E560266102
:10C144006B60434B23600CF0A4FD49E704F10C0041
:10C154000CF0B0FC2046FDF7E5F97DE73D4B9C4231
:10C164003AD1142004F0F2FE0446442004F0EEFE1A
:10C17400394B00220646A06003601146374BC2606B
:10C1840002828274426380F8432062602360C0E9C3
:10C194000122C0E90522C0E90722C0E90922C0E959
:10C1A4000B222046FDF77AF900E03CE76B68324643
:10C1B40029464FF000000133E56026616B60284B8F
:10C1C40023600CF0C3FD0BE704F10C000CF072FCCF
:10C1D4002046FDF7BDF93FE7224B9C420CD11420C9
:10C1E40004F0B4FE31460446FEF7AEFB6B682561ED
:10C1F40001336B601C4B46E71C4800F075F82BE7D5
:10C204002AE729E728E700BF60300200E82C020093
:10C21400A01A0020602D0200E8320200EC34020073
:10C22400941A0020CC320200103502009C1A00201F
:10C23400E0350200B01A002094350200AC1A002048
:10C24400AC350200A41A0020402D02000C33020079
:10C254002C350200A81A0020502D020040330200A1
:10C2640060350200981A0020C43502003E410200E5
:10C274008B6910B5044613B9044800F035F8D1E9C8
:10C284000012FFF7BDFD204610BD00BF6B41020048
:10C29400044B10B5044640F81C3BFCF713FD204644
:10C2A40010BD00BF3C3A020008B5042012F0A9F802
:10C2B400024B034A0349036012F0C5FA883A0200AC
:10C2C4003D080100743A020008B5042012F099F800
:10C2D400024B034A0349036012F0B5FAA83A02007C
:10C2E40059080100943A020038B50546082012F0B6
:10C2F40088F80446294605F0F7F9054A2046054919
:10C3040012F0A1FA204604F013FB12F090F800BFDB
:10C3140055140100F43B020038B50546082012F01C
:10C3240070F80446294605F0F3F9054A2046054904
:10C3340012F089FA204604F0FBFA12F078F800BFF4
:10C3440079140100003C020038B50546082012F0BB
:10C3540058F80446294605F0E5F9054A20460549FA
:10C3640012F071FA204604F0E3FA12F060F800BF0C
:10C374008D1401000C3C020038B50546082012F06B
:10C3840040F80446294605F0D7F9054A20460549F0
:10C3940012F059FA204604F0CBFA12F048F800BF24
:10C3A40031140100183C0200034B10B5044603602D
:10C3B40000F036F8204610BD6436020008B5836FDD
:10C3C4000BB941F0010103694161194202D00248ED
:10C3D40005F05EFA08BD00BF1C4802000F4B00F1D7
:10C3E400240110B50360002304460A46C0E9013362
:10C3F400C0E90333C0E90533C0E907336430C2E957
:10C40400003308328242FAD1082304F16C00C4E9F3
:10C414001931FCF7E5FF204610BD00BF7C36020051
:10C424000C4B002110B5044603600FF0D8F92046E8
:10C434000FF0EDF9A06E04F12403984204D008B182
:10C4440011F088FF0023A36604F16C00FCF73AFCAA
:10C45400204610BD7C360200064B10B50360002355
:10C4640004464360044B40F8083FFFF7D9FF2046D9
:10C4740010BD00BFB036020064360200D0F800C020
:10C48400ACF10C0CDCF800C06044E5E7034B10B5DC
:10C49400044603600BF0DFFD204610BD4438020063
:10C4A400034B10B5044603600BF0D5FD204610BDC8
:10C4B40080380200034B10B5044603600BF0CBFD3B
:10C4C400204610BD80390200034B10B504460360BA
:10C4D4000BF0C1FD204610BD98390200034B10B586
:10C4E400044603600BF0B7FD204610BDB0380200CF
:10C4F400034B10B5044603600BF0ADFD204610BDA0
:10C50400B0390200034B10B5044603600BF0A3FDE1
:10C51400204610BDC4390200054B10B5044640F84E
:10C52400083B12F0ABFC20460BF095FD204610BDF5
:10C5340038390200054B10B5044640F8083B12F0A8
:10C544009DFC20460BF087FD204610BD04380200F8
:10C5540038B50D4B044605690360FCF7AFFB854213
:10C5640003D015B1284611F0F5FEA06810B1036898
:10C574005B68984704F10C0012F080FC20460BF035
:10C584006AFD204638BD00BFC038020088422DE94C
:10C59400F04104460D4618D0A0B1A1EB00080021DB
:10C5A4004046FDF7DBFE00F10C07064621463846FF
:10C5B4002A460CF0DAFD41463046FDF7C3FE384604
:10C5C400BDE8F0810248FFF78FFE024FF7E700BF96
:10C5D400144102006C1A0020036853F80C3C994281
:10C5E40010B504D90A46064806490FF0A7F85C1AA4
:10C5F4000023A24228BF2246BDE810400CF0E0BD53
:10C6040054430200B64302002DE9F74315461C4685
:10C614002F4B074688466A46036021462846FFF7A3
:10C62400B5FF641B50F80C3C06460190640000EB17
:10C634000309204612F065F9054632462346294689
:10C64400404612F05DFC844202460ED8441C284643
:10C6540011F080FE204612F054F932460146054698
:10C664002346404612F04CFC024629463846FDF764
:10C6740059FF10E011F07DFF284611F06BFE12F017
:10C68400FCF811F09FFF01A80FF07AFA38460FF07A
:10C6940077FA11F0CCFE3046F4F7D2FB30448145F2
:10C6A4000BD0461C002138460CF079FEC5E7E1E7C3
:10C6B40011F05FFFE3E7E6E7E8E7284611F04AFEFA
:10C6C40001A80FF05DFA384603B0BDE8F08300BF5F
:10C6D4006C1A002010B504460A48FCF717FB2368BF
:10C6E400D3E90123834202D952F8200008B9FFF7A5
:10C6F400EBFD0023044A054911F02EFE08B904F0AD
:10C704008BF910BD141B0020E4360200E82C020053
:10C7140010B504460A48FCF7F9FA2368D3E9012363
:10C72400834202D952F8200008B9FFF7CDFD002357
:10C73400044A054911F010FE08B904F06DF910BD62
:10C74400101B0020F0360200E82C020010B504464D
:10C754000A48FCF7DBFA23689A6882420CD95B68C2
:10C7640053F8200038B10023054A064911F0F4FDBE
:10C77400003818BF012010BD0020FCE7141B002066
:10C78400E4360200E82C020010B504460A48FCF71F
:10C79400BDFA23689A6882420CD95B6853F820007A
:10C7A40038B10023054A064911F0D6FD003818BFF8
:10C7B400012010BD0020FCE7101B0020F036020011
:10C7C400E82C020000390B4A18BF01210260002244
:10C7D400416002828274426380F84320C0E90222ED
:10C7E400C0E90522C0E90722C0E90922C0E90B22F9
:10C7F400704700BF502D020000390B4A18BF0121B9
:10C8040002600022416002828274426380F8432005
:10C81400C0E90222C0E90522C0E90722C0E90922D1
:10C82400C0E90B22704700BF402D02000039084ABE
:10C8340018BF01210260002241600274828480F8E2
:10C844006420C0E90222C0E90522C0E9072270473A
:10C85400602D0200003A0B4B18BF012210B50446AC
:10C86400816042600360FCF729FA002120612046C0
:10C8740004F014FE04E020460BF0EDFB11F0D7FDAC
:10C88400204610BDC03802000039094B18BF0121F1
:10C8940010B5416004460360FCF706FA04E0204644
:10C8A4000BF0D9FB11F0C3FDA060204610BD00BF02
:10C8B4003839020010B504460A48FCF727FA236801
:10C8C400D3E90123834202D952F8200008B9FFF7C3
:10C8D400FBFC0023044A054911F03EFD08B904F0AD
:10C8E4009BF810BD701A0020AC310200E82C020045
:10C8F40010B504460A48FCF709FA2368D3E9012372
:10C90400834202D952F8200008B9FFF7DDFC002366
:10C91400044A054911F020FD08B904F07DF810BD62
:10C92400FC1A0020D8360200E82C02002DE9F0435E
:10C9340085B0044608468946FFF7DAFF804601467B
:10C9440001A80FF061FA019B53F80C0CE06011F0A0
:10C95400D8FF054601460023E26801A8FDF7D8FC8C
:10C96400E3682BB195F90030002BD4BF00230123D9
:10C97400414602A823740FF04EFA029B53F80C0CA4
:10C98400A06111F0BEFF064601460023A26902A879
:10C99400FDF7BEFC19E0002704463E4602A80FF04E
:10C9A400EFF801A80FF0ECF8204611F0E2FD28465C
:10C9B40011F0D0FC16B1304611F0CCFC002F63D03E
:10C9C400384656E004460027E8E7414603A80FF03E
:10C9D40029FA00E0F6E7039B53F80C0C206211F0EF
:10C9E40090FF074601460023226A03A8FDF790FC46
:10C9F40040460FF003FA84F8240040460FF001FA91
:10CA040084F825004846FFF755FF234B80461968F4
:10CA140004F1260301F124020FF0BBF81F4B40463A
:10CA2400196804F14A0301F11A020FF0B2F8012364
:10CA340003A8A56084F864306661E7610FF0A0F88C
:10CA440002A80FF09DF801A80FF09AF805B0BDE810
:10CA5400F0830446002703A80FF092F89EE70446EB
:10CA6400F9E7044601A80FF08BF8204611F081FD88
:10CA7400284611F06FFC07E0F3E7044601A80FF025
:10CA84007FF8204611F075FD11F0F7FE11F09AFDC4
:10CA940011F0CDFCF6E700BFF4000020F800002000
:10CAA400F8B506461548FCF731F905463368DF68E2
:10CAB40057F820307BB9682004F048FA0446002176
:10CAC400FFF7B4FE31462046FFF730FF2A462146E1
:10CAD4003068FCF7EDF957F82500F8BD11F049FD71
:10CAE40011F0CBFE11F06EFD11F0A1FC11F041FD2F
:10CAF400236820465B689847F2E700BFFC1A0020D1
:10CB040010B504460A48FCF701F92368D3E9012368
:10CB1400834202D952F8200008B9FFF7D5FB00235D
:10CB2400044A054911F018FC08B903F075FF10BD5B
:10CB3400001B002014370200E82C020010B5044644
:10CB44000A48FCF7E3F82368D3E90123834202D9B6
:10CB540052F8200008B9FFF7B7FB0023044A05493F
:10CB640011F0FAFB08B903F057FF10BD041B0020B5
:10CB740034370200E82C020010B504460A48FCF7DA
:10CB8400C5F82368D3E90123834202D952F820006F
:10CB940008B9FFF799FB0023044A054911F0DCFBAF
:10CBA40008B903F039FF10BDF81A00200837020055
:10CBB400E82C020010B504460A48FCF7A7F82368DD
:10CBC4009A6882420CD95B6853F8200038B100237C
:10CBD400054A064911F0C0FB003818BF012010BDFA
:10CBE4000020FCE7701A0020AC310200E82C02009F
:10CBF4002DE9F04188B0044608468846FFF79EFFB9
:10CC04000146054606A80FF0A8F806A902A80FF0E9
:10CC1400B3FB06A80EF0B4FF294606A80FF0A4F84B
:10CC240006A904A80FF0A8FB06A80EF0A9FF294640
:10CC340001A80FF0A0F801A906A80FF09DFB01A818
:10CC44000EF09EFF294601A80FF080F8019B53F8CF
:10CC54000C6C304611F055FE07460146002332465F
:10CC640001A8FDF755FBC4E902762EB197F90060DF
:10CC7400002ED4BF00260126284626740FF060F843
:10CC8400607428460FF05FF8059A039BE261049AEA
:10CC940063612262079A029B6262069AA36100237F
:10CCA400A0742846A2620393059307930FF06AF8D1
:10CCB400E06228460FF069F8206328460FF06AF80E
:10CCC40060634046FFF7F6FD164B196804F138031C
:10CCD40001F10B020EF05DFF012301A884F843303B
:10CCE4000EF04EFF08B0BDE8F08106A80EF048FF34
:10CCF40011F09DFB06A80EF043FF02A80FF04EFBB7
:10CD0400F6E701A80EF03CFF04A80FF047FBF4E798
:10CD140001A80EF035FF06A80FF040FBF4E7FAE790
:10CD2400F2E7EAE7FC000020F8B506461548FBF7F1
:10CD3400EDFF05463368DF6857F820307BB944209F
:10CD440004F004F904460021FFF73CFD3146204677
:10CD5400FFF74EFF2A4621463068FCF7A9F857F83A
:10CD64002500F8BD11F005FC11F087FD11F02AFC37
:10CD740011F05DFB11F0FDFB236820465B689847CA
:10CD8400F2E700BF041B00202DE9F04188B00446FF
:10CD940008468846FFF7B4FE0146054606A80FF08C
:10CDA4000BF806A902A80FF001FB06A80EF0E8FE96
:10CDB400294606A80FF007F806A904A80FF0F6FA0A
:10CDC40006A80EF0DDFE294601A80FF003F801A91C
:10CDD40006A80FF0EBFA01A80EF0D2FE294601A82E
:10CDE4000EF0E3FF019B53F80C6C304611F089FD03
:10CDF400074601460023324601A8FDF789FAC4E933
:10CE040002762EB197F90060002ED4BF00260126C9
:10CE1400284626740EF0C3FF607428460EF0C2FF45
:10CE2400059A039BE261049A63612262079A029B5A
:10CE34006262069AA3610023A0742846A262039347
:10CE4400059307930EF0CDFFE06228460EF0CCFF69
:10CE5400206328460EF0CDFF60634046FFF72AFDAD
:10CE6400164B196804F1380301F10B020EF091FE20
:10CE7400012301A884F843300EF082FE08B0BDE817
:10CE8400F08106A80EF07CFE11F0D1FA06A80EF08F
:10CE940077FE02A80FF09CFAF6E701A80EF070FEE8
:10CEA40004A80FF095FAF4E701A80EF069FE06A8AD
:10CEB4000FF08EFAF4E7FAE7F2E7EAE7FC00002065
:10CEC400F8B506461548FBF721FF05463368DF68C9
:10CED40057F820307BB9442004F038F80446002188
:10CEE400FFF78AFC31462046FFF74EFF2A462146CB
:10CEF4003068FBF7DDFF57F82500F8BD11F039FB6A
:10CF040011F0BBFC11F05EFB11F091FA11F031FB52
:10CF1400236820465B689847F2E700BF001B0020A7
:10CF24002DE9F04F8FB0189F06A9059007F16C0406
:10CF34009DF86480204681E80C00FFF7BBFC824624
:10CF44002046FFF7BDFF1A9B04461D6890F8383051
:10CF54002A7855F80C1C9A421DD0026BC369D0F88C
:10CF640020900992039329442B4699421E4606D9E0
:10CF740030780133DAF81820125C5207F5D4761BA6
:10CF8400B346002E00F0EC80804B71000AA80A938F
:10CF94000CF0BFF909E0426B436AD0F8289009927B
:10CFA40003930029DFD00135DDE7E36AA6EB030A2A
:10CFB400BAF1000F27DD16EA230638BF5646E368A8
:10CFC4004BB300210A9A73000AA8009152F80C2C62
:10CFD400FDF746FA0AA80CF051F9AB19A17C0A989E
:10CFE400CDE90053D4E902230FF04EF882460AA893
:10CFF4000CF044F90A994FF0FF320AA8AAEB010198
:10D00400FFF7EAFAB246E36A002B1EDD617C0AA848
:10D014000CF0C5F905E0324629460AA8FDF73CFAAA
:10D02400F0E7BAF1000F06DBE26A05EB0A010AA891
:10D03400FDF778FA09E094F83920CAF100010AA84A
:10D04400FDF7AAFA5A462946F1E7FD680BA805F050
:10D05400B00315F4007504930A9B18BFA56953F82F
:10D064000C3C4B441D44494B69000B930CF051F9A3
:10D07400049BBE68102B11D1B5422CBF4FF0000B9E
:10D084004FF0010B4FF0000A09AB13F80A30042BE0
:10D094002CD8DFE803F0281D060F18004FF0000B12
:10D0A400F0E7FB689B0521D50BA8D4E90512FDF731
:10D0B40039FA1BE0B9F1000F18D0039B19780BA8BB
:10D0C4000CF06DF912E00AA90BA80CF03DF90DE083
:10D0D400BBF1000F05D04246711B0BA8FDF75CFAAB
:10D0E40004E04146EBE7BBF1000FF4D10AF1010A79
:10D0F400BAF1040FC8D1B9F1010F06D9039909F1A6
:10D10400FF320BA80131FDF70DFA0B9B53F80C3CD1
:10D114009E4209D9049AF31A202A0ED1424619468E
:10D124000BA8FDF739FA33460CAC06AA0093204647
:10D134000B9B06CA0CF0C8FD07E000220BA8CDF833
:10D1440000801146FDF78CF9EDE794E803000690A2
:10D154000BA88DF81C100EF013FD0AA80EF010FD9C
:10D164000023BB6006AB93E80300059B83E8030040
:10D1740018460FB0BDE8F08F0BA80EF001FD0AA809
:10D184000EF0FEFC11F053F9F9E700BF6C1A002011
:10D194002DE9F04F8FB0189F06A9059007F16C0494
:10D1A4009DF86480204681E80C00FFF783FB8246EB
:10D1B4002046FFF7B9FD1A9B04461D6890F83830E5
:10D1C4002A7855F80C1C9A421DD0026BC369D0F81A
:10D1D40020900992039329442B4699421E4606D96E
:10D1E40030780133DAF81820125C5207F5D4761B34
:10D1F400B346002E00F0EC80804B71000AA80A931D
:10D204000CF087F809E0426B436AD0F82890099241
:10D2140003930029DFD00135DDE7E36AA6EB030AB7
:10D22400BAF1000F27DD16EA230638BF5646E36835
:10D234004BB300210A9A73000AA8009152F80C2CEF
:10D24400FDF70EF90AA80CF019F8AB19A17C0A989D
:10D25400CDE90053D4E902230EF016FF82460AA852
:10D264000CF00CF80A994FF0FF320AA8AAEB01015E
:10D27400FFF7B2F9B246E36A002B1EDD617C0AA80F
:10D284000CF08DF805E0324629460AA8FDF704F9AA
:10D29400F0E7BAF1000F06DBE26A05EB0A010AA81F
:10D2A400FDF740F909E094F83920CAF100010AA811
:10D2B400FDF772F95A462946F1E7FD680BA805F017
:10D2C400B00315F4007504930A9B18BFA56953F8BD
:10D2D4000C3C4B441D44494B69000B930CF019F86A
:10D2E400049BBE68102B11D1B5422CBF4FF0000B2C
:10D2F4004FF0010B4FF0000A09AB13F80A30042B6E
:10D304002CD8DFE803F0281D060F18004FF0000B9F
:10D31400F0E7FB689B0521D50BA8D4E90512FDF7BE
:10D3240001F91BE0B9F1000F18D0039B19780BA881
:10D334000CF035F812E00AA90BA80CF005F80DE082
:10D34400BBF1000F05D04246711B0BA8FDF724F971
:10D3540004E04146EBE7BBF1000FF4D10AF1010A06
:10D36400BAF1040FC8D1B9F1010F06D9039909F133
:10D37400FF320BA80131FDF7D5F80B9B53F80C3C99
:10D384009E4209D9049AF31A202A0ED1424619461C
:10D394000BA8FDF701F933460CAC06AA009320460E
:10D3A4000B9B06CA0CF090FC07E000220BA8CDF8FA
:10D3B40000801146FDF754F8EDE794E80300069069
:10D3C4000BA88DF81C100EF0DBFB0AA80EF0D8FB9E
:10D3D4000023BB6006AB93E80300059B83E80300CE
:10D3E40018460FB0BDE8F08F0BA80EF0C9FB0AA8D1
:10D3F4000EF0C6FB11F01BF8F9E700BF6C1A002011
:10D404002DE9F04F8DB00646894604AF07F10805B3
:10D4140007F1180097F850A085E80C0097F84830F9
:10D424003B60FB6C03F16C01FBF728FC07F118006F
:10D43400FFF740FA90B078600DF11008FBF734FC68
:10D44400F8614022414607F11C00D7E91634CDE9C2
:10D45400023400230093334BFDF73EFA3F28044681
:10D4640019DD083400F1010B24F00704ADEB040DC1
:10D474000DF11008FBF718FCF8615A46414607F114
:10D484001C00D7E91634CDE9023400230093254B60
:10D49400FDF722FA044607F1140200212046FCF7A6
:10D4A40089FFF86107F11C0044440BF0E7FEFB69B7
:10D4B4002246414678680EF06CFB3B6863B107F185
:10D4C4001C0349463046CDE901A3FB6C009395E863
:10D4D4000C00FFF725FD17E007F11C034946304611
:10D4E400CDE901A3FB6C009395E80C00FFF750FE17
:10D4F4000AE007F11C000EF043FB07F11800FBF7EC
:10D50400E1FB10F094FFF8E707F11C000EF038FB84
:10D5140007F11800FBF7D6FB30462437BD46BDE8BB
:10D52400F08F00BF8A4402002DE9F04FADB0894668
:10D53400389D0EA90B9005F16C06DDF8E8A03C9C23
:10D54400304681E80C00FFF717FB089030460026B0
:10D55400FFF7B0F983463B98F3F772FC10960A90F4
:10D5640036A90EA80CF059FEDDF84080002800F022
:10D5740060840A9B9E4280F05C84B8F1000F00F046
:10D584006D84399B399A1B6843F00403136000F0DF
:10D5940058BC14AE08980CAF31460EF062FC1BA9BF
:10D5A40008980EF06EFC10ABCDE905530E23CDE9BF
:10D5B400036311AB0EAE029336AB93E803008DE820
:10D5C40003004946384696E80C000FF047FD109BCF
:10D5D40097E8030086E80300002B3CD1119A072347
:10D5E40092FBF3F3C3EBC303D21ACAF818202378CF
:10D5F40043F00203DFE014AE08980CAF31460EF09E
:10D6040050FC20A908980EF06BFC10ABCDE9055333
:10D614001823CDE9036311AB0EAE029336AB93E846
:10D6240003008DE803004946384696E80C000FF0E5
:10D6340015FD109B97E8030086E803005BB9119B76
:10D644000C2293FBF2F102FB1133CAF81030238849
:10D6540043F481632380099E013681E712A9089867
:10D664000EF0F3FB0CAF129B0694059310ABCDF8B0
:10D6740010A00EAECDE9025336AB93E803008DE85B
:10D6840003004946384696E80C00FFF74DFF109B0F
:10D6940097E8030086E80300002BDCD1637843F0AD
:10D6A400040376E110AB02260CAFCDE906536323E5
:10D6B400CDE9043600230EAE039311AB029336ABCF
:10D6C40093E803008DE803004946384696E80C00C9
:10D6D4000FF07EFC109B97E8030086E80300002B04
:10D6E400B9D1119B6360238843F49063B2E7304659
:10D6F4000CF072FDDBF81830C0B21B5C180702D5C1
:10D7040030460EF0B4F910AB02210CAF0EAECDE9E9
:10D7140006531F23CDE904310123039311AB029374
:10D7240036AB93E803008DE803004946384696E893
:10D734000C000FF04DFC109B97E8030086E80300F3
:10D74400002B88D1119BCAF80C30238843F48263E0
:10D7540080E714AEB84A58460CAF3346A2F109012B
:10D764000EF017FACDE9056480E710AB02220CAF86
:10D774000EAECDE906531723CDE9043200230393FB
:10D7840011AB029336AB93E803008DE803004946DE
:10D79400384696E80C000FF01BFC109A97E803003B
:10D7A40086E80300002A7FF456AF119BCAF80830BC
:10D7B400237862F3000323704DE710AB0C270DF1BF
:10D7C40030080EAECDE906530223CDE904730123DC
:10D7D400039311AB029336AB93E803008DE8030087
:10D7E4004946404696E80C000FF0F2FB109B98E87F
:10D7F400030086E80300002B7FF42DAF119B93FBFD
:10D80400F7F207FB1233CAF80830237843F0010318
:10D81400D1E710AB4FF003080CAF0EAECDE90653C1
:10D824004FF4B773CDE904380123039311AB02938A
:10D8340036AB93E803008DE803004946384696E882
:10D844000C000FF0C5FB109B97E8030086E803006B
:10D85400002B7FF400AF119B013BCAF81C302378E6
:10D8640043F00403A7E710AB4FF0020E0CAF0EAE6B
:10D87400CDE906530C23CDE9043E0123039311ABF8
:10D88400029336AB93E803008DE80300494638461B
:10D8940096E80C000FF09CFB109B97E8030086E8C9
:10D8A4000300002B7FF4D7AE119B013BCAF8103064
:10D8B400237843F008037EE710AB4FF0020C0CAF63
:10D8C4000EAECDE906533B23CDE9043C002303937C
:10D8D40011AB029336AB93E803008DE8030049468D
:10D8E400384696E80C000FF073FB109B97E8030092
:10D8F40086E80300002B7FF4AEAE119BCAF8043017
:10D90400A9E636A90EA80CF088FC00283FF4A3AEC3
:10D914000EA80CF061FCDBF81830C0B21B5C1E07CB
:10D924007FF599AE0EA80EF0A2F8EAE714AE0898B7
:10D9340031460EF090FA149B1B78002B3FF48BAE0B
:10D94400159B1B78002B3FF486AE10AB0CAFCDE9D2
:10D9540005530223CDE9036311AB0EAE029336AB3C
:10D9640093E803008DE803004946384696E80C0026
:10D974000FF074FB109B97E8030086E80300002B6C
:10D984007FF469AE119B002B3FF465AE637843F0DE
:10D99400010363705FE6089B0CAF06949B689B6A67
:10D9A400059309E014AE254A3346911F0CAF58463F
:10D9B4000EF0EFF8CDE9056410ABCDF810A00EAE73
:10D9C400CDE9025336AB93E803008DE803004946E2
:10D9D400384696E80C00FFF7A7FD97E8030086E8B1
:10D9E400030038E610AB02200CAF0EAECDE90653AF
:10D9F4003C23CDE904300023039311AB029336ABEF
:10DA040093E803008DE803004946384696E80C0085
:10DA14000FF0DEFA109B97E8030086E80300002B62
:10DA24007FF419AE119BCAF8003014E614AE044A10
:10DA34003346A2F10901B9E7994402009F44020068
:10DA4400A844020010AB02210CAF0EAECDE9065380
:10DA54003523CDE904310023039311AB029336AB94
:10DA640093E803008DE803004946384696E80C0025
:10DA74000FF0AEFA109B97E8030086E80300002B32
:10DA84007FF4E9AD119B22681B0422F47C1203F499
:10DA94007C1322F0200243F0200313432360DAE5D1
:10DAA40010AB01220CAF0EAECDE906530623CDE92F
:10DAB40004320023039311AB029336AB93E80300C3
:10DAC4008DE803004946384696E80C000FF080FACA
:10DAD400109B97E8030086E80300002B7FF4BBAD9E
:10DAE400119BCAF8183082E510AB4FF002080CAF56
:10DAF4000EAECDE906533523CDE904380023039354
:10DB040011AB029336AB93E803008DE8030049465A
:10DB1400384696E80C000FF05BFA109B97E8030078
:10DB240086E80300002B7FF496AD119B22681B044A
:10DB340022F47C1203F47C1322F0400243F04003ED
:10DB4400ABE714A908980EF074F90CAF149B069473
:10DB540026E714A908980EF072F9F6E710AB4FF017
:10DB6400020E0CAF0EAECDE906536323CDE9043E9D
:10DB74000023039311AB029336AB93E803008DE8C3
:10DB840003004946384696E80C000FF021FA109B32
:10DB940097E8030086E80300002B7FF45CAD63780C
:10DBA40036A9304623F0060343F0060363700CF0F5
:10DBB40034FB00283BD030460CF00EFB2A22C1B2C5
:10DBC40058460BF0DAFEA0F130085FFA88F3092B0F
:10DBD4002DD830460A270DF04AFF119B36A930464E
:10DBE40007FB038311930CF018FBA0B130460CF033
:10DBF400F3FA2A22C1B258460BF0BFFEA0F1300856
:10DC04005FFA88F3092B06D830460DF030FF119BDC
:10DC140007FB03831193119BA3F26C731193637835
:10DC24006FF341036370119BCAF8143013E5119B21
:10DC3400442BDCBF64331193F5E710AB4FF0040CB5
:10DC44000CAF0EAECDE9065342F20F73CDE9043C9E
:10DC54000023039311AB029336AB93E803008DE8E2
:10DC640003004946384696E80C000FF0B1F9109BC2
:10DC740097E8030086E80300002B7FF4ECAC119BCB
:10DC8400A3F26C73CAF81430637823F0060306E534
:10DC940030460CF0A1FADBF81830C0B21B5CDF0789
:10DCA40040F1828010AB0CAFCDE905530E230493F1
:10DCB400694B039314AB029336AB93E803008DE8EE
:10DCC40003004946384696E80C000FF0C7F997E878
:10DCD400030086E8030036A930460CF09EFA0028BB
:10DCE4003FF4B9AC109B149A13437FF4B4AC3046A0
:10DCF4000CF072FA07462D215846FFB20BF02CFEA9
:10DD0400B84235D11723022110AF00220CAE0DF119
:10DD140038080392CDE9043114A9029136A9CDE95A
:10DD2400065703C98DE803004946304698E80C00BD
:10DD34000FF04EF93B23002296E8030088E8030025
:10DD440002200392CDE9043014AB029336ABCDE943
:10DD5400065793E803008DE803004946304698E8E7
:10DD64000C000FF035F996E8030088E8030072E42C
:10DD740030460CF031FA06462B215846F6B20BF029
:10DD8400EBFDB0427FF467ACBCE730460CF024FAFC
:10DD9400074625215846FFB20BF0DEFDB84203D1F9
:10DDA40030460DF064FE56E4109B43F004031093D8
:10DDB40051E43B9B995DDBF818305B5C1A0714D582
:10DDC40036A90EA80CF029FA00283FF445AC0EA899
:10DDD4000CF002FADBF81830C0B21B5C1B077FF5AD
:10DDE4003BAC0EA80DF043FEEAE758460BF0B1FD3C
:10DDF40080460EA80CF0F0F9C1B258460BF0A9FD0C
:10DE0400804512D0397858460BF0A0FD07460EA87D
:10DE14000CF0E2F9C1B258460BF098FD874204D0E9
:10DE2400109B43F00403109316E40EA80DF01FFE9C
:10DE340012E4B8F1000F7FF4A4AB0A9B9E427FF476
:10DE4400A0AB0EAB93E803000B9B83E803001846DA
:10DE54002DB0BDE8F08F00BF000100203B9B42467F
:10DE64005846995D9F190BF088FD2528A1D1731C94
:10DE7400711C4246584609933B9B595C0BF07DFD4F
:10DE84004528CDF8448001D04F2808D1B31C002286
:10DE94005846099309993B9B595C0BF06EFD253854
:10DEA4000EAE542880D801A353F820F08FDD000073
:10DEB400ADDD0000ADDD0000ADDD0000ADDD000036
:10DEC400ADDD0000ADDD0000ADDD0000ADDD000026
:10DED400ADDD0000ADDD0000ADDD0000ADDD000016
:10DEE400ADDD0000ADDD0000ADDD0000ADDD000006
:10DEF400ADDD0000ADDD0000ADDD0000ADDD0000F6
:10DF0400ADDD0000ADDD0000ADDD0000ADDD0000E5
:10DF1400ADDD0000ADDD0000ADDD000097D50000F3
:10DF2400FBD50000A9D6000057D70000ADDD0000E6
:10DF3400ADDD0000ADDD00006FD70000BFD70000ED
:10DF4400ADDD0000ADDD0000ADDD0000BDD800009A
:10DF5400ADDD0000ADDD0000ADDD0000ADDD000095
:10DF6400A9D90000E9D9000031DA000049DA00003B
:10DF7400ADDD0000EDDA000057DB00003FDC0000FF
:10DF840095DC0000ADDD0000ADDD0000ADDD00007E
:10DF9400ADDD0000ADDD0000ADDD000097D5000073
:10DFA400FBD5000061D60000F3D60000F3D60000D4
:10DFB400ADDD0000ADDD0000FBD50000ADDD0000EF
:10DFC40017D80000ADDD0000ADDD00006BD8000007
:10DFD40007D90000ADDD000031D90000ADDD00003F
:10DFE4009BD90000ADDD000007D90000ADDD0000C5
:10DFF400ADDD0000A5DA000047DB000061DB0000B6
:10E004002DE9F04F89B0029004AF1498DDF858B0B0
:10E014006C3087E80C00FEF743FD0023044612A988
:10E0240038468DF81B300CF0E6F8054608B34FF07F
:10E034000008237C01254646A14A0792002B40F0A4
:10E04400818094F864A0BAF1000F00F0FD8004F11F
:10E054004E030193002D00F0FC80079B53F80C3C09
:10E06400002B00F093805FFA88F107A80BF097F972
:10E07400B8E138460CF0B0F894F84B10C0B2237CE9
:10E0840081428DF81B002ED193BB94F824308B422F
:10E094004FD10026237C4FF0FF39B0469DF81B205A
:10E0A4001BB194F825109142C6D094F824109142E3
:10E0B400C2D094F84E109142BED11EB930215846B8
:10E0C4000BF06DF9049808F101080DF0A6FC12A9F3
:10E0D4003846CDF814900CF0A0F8064658BB01253C
:10E0E400237C2E46A8E794F84A208242D1D11BB162
:10E0F40094F825308342CCD094F824308342C8D09D
:10E10400814214BF2D212B2158460BF048F9049865
:10E114000DF083FC4FF0FF3312A9384605930CF041
:10E124007CF8002883D038460CF056F88DF81B0094
:10E13400AFE72B21E8E738460CF04EF8237C8DF846
:10E144001B00ABE7202107A80BF0E3F879E755465D
:10E1540056469DF81B10A1F13003092B03D85846ED
:10E164000BF01DF959E094F824308B421AD1B9F11F
:10E17400000F17D125B92E2158460BF010F94FE0A6
:10E18400079B53F80C3C002B40F02C81029B97E832
:10E19400030083E8030007A80DF0F2FC029809B01D
:10E1A400BDE8F08F94F85C308B4204D094F8623070
:10E1B4008B4240F00B81002D40F00881002E00F0CE
:10E1C4000581652158460BF0EAF804980DF025FC0A
:10E1D4004FF0FF3312A9384605930CF01EF882461F
:10E1E400002800F0F28038460BF0F6FFC0B294F835
:10E1F4004B3083428DF81B0008D094F84A30834298
:10E20400A5D12D2158460BF0CAF801E02B21F9E7DE
:10E21400554604980DF001FC06E04FF0010AF8E7BA
:10E22400B2464FF00109F4E74FF0FF3312A9384624
:10E2340005930BF0F2FF002800F0C88038460BF07D
:10E24400CBFF8DF81B0083E7002D7FF406AFA946B2
:10E254007FE7A94672E05846FCF7D4F8FDE694F847
:10E2640024209A4214D1079B53F80C3CB9F1000FB7
:10E2740040F0AC80002D40F0A98023B15FFA88F112
:10E2840007A80BF08CF82E2158460BF088F88AE08A
:10E294000DF11B020A21019803930AF01CFF039B52
:10E2A40080B1019BC01A00F130015846C9B20BF08D
:10E2B40076F808F10108564604980DF0AEFB74E0B8
:10E2C4006C1A002094F85C209A4203D094F86220DF
:10E2D4009A427BD1079B53F80C3C002D76D1002E3B
:10E2E40074D03BB1B9F1000F04D15FFA88F107A8EB
:10E2F4000BF055F8652158460BF051F804980DF0D1
:10E304008CFB4FF0FF3312A904A805930BF085FF93
:10E314000546002859D004A80BF05EFFC0B294F85B
:10E324004B10237C81428DF81B001FD11BBB94F83A
:10E3340024308B422FD12B462E461D46227C9DF83D
:10E344001B30002A8BD094F825209A4287D1B9F14A
:10E35400000F3BD1002D39D1B8F1000F3FF47BAF52
:10E364005FFA88F107A80BF01AF818E094F84A202D
:10E374008242E0D11BB194F825308342DBD094F87B
:10E3840024308342D7D0814214BF2D212B215846FB
:10E394000BF005F801E02B21F9E72E468CE74FF04E
:10E3A4000009C84688E7D14686E74FF0FF3312A933
:10E3B40004A805930BF031FF40B104A80BF00CFF47
:10E3C4002B468DF81B003546B6E73546079B53F8B8
:10E3D4000C3C002B3FF4DAAEB9F1000F02D1002D52
:10E3E4003FF441AE07AAD4E9020110F024FE00284C
:10E3F4007FF4CCAE159B04221A60C7E607A80DF083
:10E40400BFFB10F014F800BF2DE9F0438DB00546B2
:10E414008946202108AC0AAE179F304684E80C00D8
:10E424001E4B0A930AF075FF169B0DF11808029310
:10E4340014ABCDE9037693E803008DE80300494665
:10E44400404694E80C00FFF7DBFD98E80300DDF894
:10E45400288084E80300FAF727FC18990BAB0B908B
:10E464003A46404602F0C2FD14A920460BF0C3FE12
:10E4740018B13B6843F002033B6094E8030085E86D
:10E48400030030460DF07CFB28460DB0BDE8F08358
:10E4940030460DF075FB0FF0CAFF00BF6C1A002068
:10E4A4002DE9F0438DB005468946202108AC0AAE1B
:10E4B400179F304684E80C001E4B0A930AF029FF8C
:10E4C400169B0DF11808029314ABCDE9037693E87B
:10E4D40003008DE803004946404694E80C00FFF72A
:10E4E4008FFD98E80300DDF8288084E80300FAF73C
:10E4F400DBFB18990BAB0B903A46404602F0B0FD9B
:10E5040014A920460BF077FE18B13B6843F00203D0
:10E514003B6094E8030085E8030030460DF030FBCF
:10E5240028460DB0BDE8F08330460DF029FB0FF00E
:10E534007EFF00BF6C1A00202DE9F0438DB0054624
:10E544008946202108AC0AAE179F304684E80C00A7
:10E554001E4B0A930AF0DDFE169B0DF11808029378
:10E5640014ABCDE9037693E803008DE80300494634
:10E57400404694E80C00FFF743FD98E80300DDF8FB
:10E58400288084E80300FAF78FFB18990BAB0B90F3
:10E594003A46404602F0AAFD14A920460BF02BFE91
:10E5A40018B13B6843F002033B6094E8030085E83C
:10E5B400030030460DF0E4FA28460DB0BDE8F083C0
:10E5C40030460DF0DDFA0FF032FF00BF6C1A002068
:10E5D4002DE9F04F8DB0189C08AD079004F16C0044
:10E5E40085E80C00FEF75CFAE4680023064604F0B4
:10E5F4004A048DF82B30402C59D0082C0CBF4FF016
:10E60400100A4FF00A0A16A928460BF0F4FD8146B9
:10E61400002840F0918028460BF0DEFD96F84A2051
:10E62400C0B2337C82428DF82B0003D096F84B1095
:10E63400814256D1111A4A424A410292002B39D0E2
:10E6440096F82530834235D1337C00274FF0FF3BC9
:10E65400B8469DF82B201BB196F8253093426FD015
:10E6640096F8243093426BD096F84E30934243D1BF
:10E67400002F39D0BAF10A0F40D1002C4ED008F146
:10E68400010808980DF0C9F916A92846CDF824B058
:10E694000BF0C3FD002800F08D8028460BF09CFD94
:10E6A4008DF82B00002F00F08880337CD1E74FF0E9
:10E6B400080AA8E796F824308342C5D008980DF0DC
:10E6C400ACF94FF0FF3316A9284609930BF0A5FDCA
:10E6D4000746002868D028460BF07EFD8DF82B00F5
:10E6E400B2E7CDF80890B0E7E4B1BAF1080F1CD056
:10E6F40008F101080127C4E7002F5ED096F84C30DA
:10E70400934203D096F84D30934251D17CB1BAF183
:10E71400100F54D14FF000084746B2E7A0464FF01F
:10E72400080AAEE7A0460127F9E7B846E2E7A046A3
:10E7340027464FF0100AA4E7002398461F46029389
:10E74400BAF1100F14BF534616230493824B0B9354
:10E75400337C002B37D1029B03F10043013B01932F
:10E76400B3FBFAF3059396F864300393002B5AD065
:10E7740006F14E030693B9F1000F40F09180CB46A9
:10E784004D46347C9DF82B30002C52D096F8252031
:10E794009A424ED1B8F1000F00F088805FFA88F1F8
:10E7A4000BA80AF0FCFD66E04FF001098046C7E7BC
:10E7B4000127C5E74FF00109C2E7B946C0E70127C1
:10E7C400CDF810A0C2E720210BA80AF0A2FDC2E7F1
:10E7D4004FF0010B23E04FF0FF3316A908A809936B
:10E7E4000BF01BFD044600285ED008A80BF0F4FCD7
:10E7F4008DF82B009DF82B1004980DF018F9431C8C
:10E8040050D0059BAB42E3D3019B05FB0AF508F10D
:10E8140001081B1AAB4238BF4BF0010B05440898A2
:10E824000DF0FBF8D7E7B9F1000F49D1CB464D46BF
:10E83400E0E796F824209A4234D00DF12B02049993
:10E8440006980AF048FC68B3069BC01A059B0F287B
:10E85400C8BF0638AB4211D3019B05FB0AF508F18A
:10E8640001081B1AAB4238BF4BF0010B0544089852
:10E874000DF0D3F805E04FF00008F8E7DDF80CB030
:10E88400F5E74FF0FF3316A908A809930BF0C5FC70
:10E894000446D0B108A80BF09FFC8DF82B0070E75C
:10E8A4000025AB46002401E04FF001090B9B53F80F
:10E8B4000C3CB3B15FFA88F10BA80AF070FD07E0D5
:10E8C400DDF80CB05C465D46F0E7DDF80C90EDE752
:10E8D4000BAAD6E9020110F0AEFB10B90423199A71
:10E8E4001360B8F1000F04D11FB90B9B53F80C3C13
:10E8F4004BB144B9BBF1000F20D1029B03B16D426F
:10E904001A9B1D6005E000231A9A13600423199AC8
:10E914001360B9F1000F05D0199B199A1B6843F0D5
:10E9240002031360079BDDE9080183E803000BA8D9
:10E934000DF026F907980DB0BDE8F08F029B002B6F
:10E944000CBF6FF000434FF00043DDE70BA80DF060
:10E9540017F90FF06CFD00BF6C1A00202DE9F04F81
:10E964008BB0169C06AD059004F16C0085E80C0094
:10E97400FEF796F8E4680023064604F04A048DF88E
:10E984002330402C59D0082C0CBF4FF0100A4FF004
:10E994000A0A14A928460BF02EFC8146002840F0F0
:10E9A400918028460BF018FC96F84A20C0B2337CBC
:10E9B40082428DF8230003D096F84B10814256D141
:10E9C400111A4A424A410192002B39D096F8253057
:10E9D400834235D1337C00274FF0FF3BB8469DF886
:10E9E40023201BB196F8253093426FD096F824303B
:10E9F40093426BD096F84E30934243D1002F39D0D6
:10EA0400BAF10A0F40D1002C4ED008F10108069843
:10EA14000DF003F814A92846CDF81CB00BF0FDFB4B
:10EA2400002800F0898028460BF0D6FB8DF82300DF
:10EA3400002F00F08480337CD1E74FF0080AA8E768
:10EA440096F824308342C5D006980CF0E6FF4FF0C8
:10EA5400FF3314A9284607930BF0DFFB0746002871
:10EA640064D028460BF0B8FB8DF82300B2E7CDF84C
:10EA74000490B0E7E4B1BAF1080F1CD008F1010822
:10EA84000127C4E7002F5AD096F84C30934203D0A4
:10EA940096F84D3093424DD17CB1BAF1100F50D15C
:10EAA4004FF000084746B2E7A0464FF0080AAEE729
:10EAB400A0460127F9E7B846E2E7A04627464FF00B
:10EAC400100AA4E7002398461F460193BAF1100FD9
:10EAD40014BF534616230293814B0993337CA3BB83
:10EAE4004FF6FF73B3FBFAF3039396F86430009385
:10EAF400002B5DD006F14E030493B9F1000F40F0F2
:10EB04009780CB464C46357C9DF82330002D55D05C
:10EB140096F825209A4251D1B8F1000F00F08E806A
:10EB24005FFA88F109A80AF03AFC6CE04FF0010999
:10EB34008046CBE70127C9E74FF00109C6E7B9468C
:10EB4400C4E70127CDF808A0C6E7202109A80AF0E8
:10EB5400E0FBC5E74FF0010B26E04FF0FF3314A9AB
:10EB640006A807930BF059FB0546002864D006A8B5
:10EB74000BF032FB8DF823009DF8231002980CF063
:10EB840056FF431C56D0039BA342E3D30AFB04F471
:10EB9400C0F57F4308F10108A4B2FF339C42C8BF0B
:10EBA4004BF0010B0444A4B206980CF036FFD4E7F2
:10EBB400B9F1000F4CD1CB464C46DDE796F8242042
:10EBC4009A4237D00DF12302029904980AF083FA8D
:10EBD40080B3049BC01A039B0F28C8BF0638A34206
:10EBE40014D30AFB04F4C0F57F4308F10108A4B26E
:10EBF400FF339C42C8BF4BF0010B0444A4B20698F7
:10EC04000CF00BFF05E04FF00008F8E7DDF800B06A
:10EC1400F5E74FF0FF3314A906A807930BF0FDFAAC
:10EC24000546D0B106A80BF0D7FA8DF823006AE7A1
:10EC34000024A346002501E04FF00109099B53F885
:10EC44000C3CB3B15FFA88F109A80AF0A8FB07E00D
:10EC5400DDF800B05D465C46F0E7DDF80090EDE7D6
:10EC640009AAD6E9020110F0E6F910B90423179AAB
:10EC74001360B8F1000F04D11FB9099B53F80C3C81
:10EC840053B14DB9BBF1000F21D1019B0BB16442CB
:10EC9400A4B2189B1C8005E00023189A1380042357
:10ECA400179A1360B9F1000F05D0179B179A1B68C8
:10ECB40043F002031360059BDDE9060183E80300CA
:10ECC40009A80CF05DFF05980BB0BDE8F08F4FF676
:10ECD400FF73E2E709A80CF053FF0FF0A8FB00BF95
:10ECE4006C1A00202DE9F04F8BB0169C0DF118081A
:10ECF400059004F16C0088E80C00FDF7D1FEE4688F
:10ED04000023054604F04A048DF82330402C57D0E4
:10ED1400082C0CBF4FF0100A4FF00A0A14A9404601
:10ED24000BF069FA8146002840F08D8040460BF0D4
:10ED340053FA95F84A20C0B22B7C82428DF8230006
:10ED440003D095F84B10814254D1111A4A424A41DA
:10ED54000192002B37D095F82530834233D12B7C98
:10ED640000264FF0FF3B37469DF823201BB195F852
:10ED7400253093426BD095F82430934267D095F8B0
:10ED84004E30934240D1002E37D0BAF10A0F3DD114
:10ED9400002C4AD0013706980CF03FFE14A94046D7
:10EDA400CDF81CB00BF039FA002800F084804046FE
:10EDB4000BF012FA8DF82300002E7FD02B7CD3E7C2
:10EDC4004FF0080AAAE795F824308342C7D0069882
:10EDD4000CF023FE4FF0FF3314A9404607930BF0C9
:10EDE4001CFA0646002860D040460BF0F5F98DF871
:10EDF4002300B4E7CDF80490B2E7D4B1BAF1080F18
:10EE04001AD001370126C6E7002E57D095F84C30AA
:10EE1400934203D095F84D3093424AD174B1BAF17C
:10EE2400100F4DD100273E46B5E727464FF0080A9C
:10EE3400B1E727460126F9E73746E3E727462646A2
:10EE44004FF0100AA7E700231F461E460193BAF1AC
:10EE5400100F14BF5346162302937A4B09932B7C4D
:10EE640093BB4FF0FF33B3FBFAF3039395F864308D
:10EE74000093002B56D005F14E030493B9F1000F13
:10EE840040F08A80CB46C8462C7C9DF82330002C69
:10EE94004ED095F825209A424AD1002F00F0838065
:10EEA400F9B209A80AF07BFA62E04FF001090746BB
:10EEB400CDE70126CBE74FF00109C8E7B146C6E725
:10EEC4000126CDF808A0C8E7202109A80AF021FAF4
:10EED400C7E74FF0010B21E04FF0FF3314A906A858
:10EEE40007930BF09AF9044600285AD006A80BF0B1
:10EEF40073F98DF823009DF8231002980CF097FD08
:10EF0400431C4CD0039B4345E3D308FB0AF8013769
:10EF140010EB080028BF4BF0010B804606980CF05C
:10EF24007CFDD9E7B9F1000F46D1CB46C846E2E7EC
:10EF340095F824209A4232D00DF1230202990498C4
:10EF44000AF0C9F858B3049BC01A039B0F28C8BF22
:10EF5400063843450ED308FB0AF8013710EB0800C6
:10EF640028BF4BF0010B804606980CF056FD04E0D8
:10EF74000027F9E7DDF800B0F6E74FF0FF3314A9F6
:10EF840006A807930BF049F90446D0B106A80BF084
:10EF940023F98DF8230077E74FF00008C3460024D7
:10EFA40001E04FF00109099B53F80C3CABB1F9B2F5
:10EFB40009A80AF0F4F907E0DDF800B05C46D84689
:10EFC400F1E7DDF80090EEE709AAD5E9020110F0B7
:10EFD40032F810B90423179A136027B91EB9099B94
:10EFE40053F80C3C5BB154B9BBF1000F22D1019B27
:10EFF4000BB1C8F10008189BC3F8008005E000239A
:10F00400189A13600423179A1360B9F1000F05D0FE
:10F01400179B179A1B6843F002031360059BDDE9F5
:10F02400060183E8030009A80CF0AAFD05980BB0BB
:10F03400BDE8F08F4FF0FF33E2E709A80CF0A0FD24
:10F044000FF0F5F96C1A00202DE9F04F8BB0169CE7
:10F054000DF11808059004F16C0088E80C00FDF728
:10F064001FFDE4680023054604F04A048DF82330AC
:10F07400402C57D0082C0CBF4FF0100A4FF00A0A4E
:10F0840014A940460BF0B7F88146002840F08D8063
:10F0940040460BF0A1F895F84A20C0B22B7C82427E
:10F0A4008DF8230003D095F84B10814254D1111AE6
:10F0B4004A424A410192002B37D095F825308342C9
:10F0C40033D12B7C00264FF0FF3B37469DF823209D
:10F0D4001BB195F8253093426BD095F824309342B8
:10F0E40067D095F84E30934240D1002E37D0BAF114
:10F0F4000A0F3DD1002C4AD0013706980CF08DFC44
:10F1040014A94046CDF81CB00BF087F8002800F095
:10F11400848040460BF060F88DF82300002E7FD0E9
:10F124002B7CD3E74FF0080AAAE795F824308342F2
:10F13400C7D006980CF071FC4FF0FF3314A9404679
:10F1440007930BF06AF80646002860D040460BF09F
:10F1540043F88DF82300B4E7CDF80490B2E7D4B1B6
:10F16400BAF1080F1AD001370126C6E7002E57D08E
:10F1740095F84C30934203D095F84D3093424AD1E0
:10F1840074B1BAF1100F4DD100273E46B5E72746BA
:10F194004FF0080AB1E727460126F9E73746E3E7C7
:10F1A400274626464FF0100AA7E700231F461E46AF
:10F1B4000193BAF1100F14BF5346162302937A4BEE
:10F1C40009932B7C93BB4FF0FF33B3FBFAF3039308
:10F1D40095F864300093002B56D005F14E03049348
:10F1E400B9F1000F40F08A80CB46C8462C7C9DF8CC
:10F1F4002330002C4ED095F825209A424AD1002F76
:10F2040000F08380F9B209A80AF0C9F862E04FF06F
:10F2140001090746CDE70126CBE74FF00109C8E70E
:10F22400B146C6E70126CDF808A0C8E7202109A801
:10F234000AF06FF8C7E74FF0010B21E04FF0FF33FE
:10F2440014A906A807930AF0E8FF044600285AD038
:10F2540006A80AF0C1FF8DF823009DF82310029838
:10F264000CF0E5FB431C4CD0039B4345E3D308FB64
:10F274000AF8013710EB080028BF4BF0010B804659
:10F2840006980CF0CAFBD9E7B9F1000F46D1CB467A
:10F29400C846E2E795F824209A4232D00DF12302C1
:10F2A4000299049809F017FF58B3049BC01A039BF2
:10F2B4000F28C8BF063843450ED308FB0AF80137A8
:10F2C40010EB080028BF4BF0010B804606980CF0A9
:10F2D400A4FB04E00027F9E7DDF800B0F6E74FF0FF
:10F2E400FF3314A906A807930AF097FF0446D0B188
:10F2F40006A80AF071FF8DF8230077E74FF00008A5
:10F30400C346002401E04FF00109099B53F80C3C6B
:10F31400ABB1F9B209A80AF042F807E0DDF800B091
:10F324005C46D846F1E7DDF80090EEE709AAD5E996
:10F3340002010FF080FE10B90423179A136027B955
:10F344001EB9099B53F80C3C5BB154B9BBF1000FD7
:10F3540022D1019B0BB1C8F10008189BC3F80080AF
:10F3640005E00023189A13600423179A1360B9F177
:10F37400000F05D0179B179A1B6843F00203136014
:10F38400059BDDE9060183E8030009A80CF0F8FBFE
:10F3940005980BB0BDE8F08F4FF0FF33E2E709A802
:10F3A4000CF0EEFB0FF043F86C1A00202DE9F04F3F
:10F3B4008FB01A9C0AAD079004F16C0085E80C002C
:10F3C400FDF76EFBE4680023064604F04A048DF85A
:10F3D4003330402C59D0082C0CBF4FF0100A4FF09A
:10F3E4000A0A18A928460AF006FF8146002840F0B8
:10F3F400918028460AF0F0FE96F84A20C0B2337C89
:10F4040082428DF8330003D096F84B10814256D1D6
:10F41400111A4A424A410192002B39D096F82530FC
:10F42400834235D1337C00274FF0FF3BB8469DF82B
:10F4340033201BB196F8253093426FD096F82430D0
:10F4440093426BD096F84E30934243D1002F39D07B
:10F45400BAF10A0F40D1002C4ED008F101080A98E5
:10F464000CF0DBFA18A92846CDF82CB00AF0D5FE2A
:10F47400002800F0988028460AF0AEFE8DF833008C
:10F48400002F00F09380337CD1E74FF0080AA8E7FF
:10F4940096F824308342C5D00A980CF0BEFA4FF097
:10F4A400FF3318A928460B930AF0B7FE0746002835
:10F4B40073D028460AF090FE8DF83300B2E7CDF8F9
:10F4C4000490B0E7E4B1BAF1080F1CD008F10108C8
:10F4D4000127C4E7002F69D096F84C30934203D03B
:10F4E40096F84D3093425CD17CB1BAF1100F5FD1E4
:10F4F4004FF000084746B2E7A0464FF0080AAEE7CF
:10F50400A0460127F9E7B846E2E7A04627464FF0B0
:10F51400100AA4E7002398461F460193BAF1100F7E
:10F5240014BF5346162304939C4B0D93337C002B3A
:10F5340042D1019B5246013B0593019B059803F17F
:10F544000043013B02934FEAEA730299F0F7FEFE8F
:10F5540096F86430CDE908010393002B68D006F1D6
:10F564004E030693B9F1000F40F0AE80CB464D46F2
:10F57400CDF80090347C9DF83330002C60D096F8A0
:10F5840025209A425CD1B8F1000F00F0A4805FFA04
:10F5940088F10DA809F003FF81E04FF001098046CE
:10F5A400BCE70127BAE74FF00109B7E7B946B5E769
:10F5B4000127CDF810A0B7E720210DA809F0A9FE76
:10F5C400B7E74FF0010B2FE04FF0FF3318A90AA85B
:10F5D4000B930AF022FE044600287AD00AA80AF007
:10F5E400FBFD8DF833009DF8331004980CF01FFADE
:10F5F400431C6CD0089B009AAB42099B9341E0D317
:10F60400AAFB055308F101080AFB0233059A111AF3
:10F61400029A62EBE072A9429A4138BF4BF0010BA7
:10F62400451943EBE07300930A980CF0F6F9CBE725
:10F63400B9F1000F59D1CB464D46CDF80090D2E731
:10F6440096F824209A4242D00DF133020499069888
:10F6540009F041FD00283AD0069B009AC01A089B85
:10F664000F28C8BF0638AB42099B93411AD3AAFBA3
:10F67400055308F101080AFB0233059A111A029A8C
:10F6840062EBE072A9429A4138BF4BF0010B451975
:10F6940043EBE07300930A980CF0BFF905E04FF0D8
:10F6A4000008F8E7DDF80CB0F5E74FF0FF3318A9D0
:10F6B4000AA80B930AF0B1FD0446E8B10AA80AF0BF
:10F6C4008BFD8DF8330055E70025AB4600950024EB
:10F6D40001E04FF001090D9B53F80C3CC3B15FFAF4
:10F6E40088F10DA809F05BFE09E0DDF80CB05C467A
:10F6F4005D46CDF800B0EEE7DDF80C90EBE70DAA1F
:10F70400D6E902010FF097FC10B904231B9A136089
:10F71400B8F1000F04D11FB90D9B53F80C3C7BB119
:10F7240074B9BBF1000F28D1019B23B1009B6D423A
:10F7340063EB430300931C9B009A1D605A6007E02F
:10F74400002200231C99C1E9002304231B9A13609F
:10F75400B9F1000F05D01B9B1B9A1B6843F00203F1
:10F764001360079BDDE90A0183E803000DA80CF090
:10F7740007FA07980FB0BDE8F08F019B1BB1002278
:10F784004FF00043DEE74FF0FF326FF00043D9E75C
:10F794000DA80CF0F5F90EF04AFE00BF6C1A00201B
:10F7A4002DE9F04F8DB0189C08AD059004F16C0064
:10F7B40085E80C00FDF774F9E4680023064604F0BC
:10F7C4004A048DF82B30402C59D0082C0CBF4FF034
:10F7D400100B4FF00A0B16A928460AF00CFD8246BE
:10F7E400002840F0918028460AF0F6FC96F84A205A
:10F7F400C0B2337C82428DF82B0003D096F84B10B4
:10F80400814256D1111A4A424A410292002B39D000
:10F8140096F82530834235D1337C00274FF0FF39E9
:10F82400B8469DF82B201BB196F8253093426FD033
:10F8340096F8243093426BD096F84E30934243D1DD
:10F84400002F39D0BBF10A0F40D1002C4ED008F163
:10F85400010808980CF0E1F816A92846CDF8249080
:10F864000AF0DBFC002800F0928028460AF0B4FC81
:10F874008DF82B00002F00F08D80337CD1E74FF002
:10F88400080BA8E796F824308342C5D008980CF0FA
:10F89400C4F84FF0FF3316A9284609930AF0BDFCBB
:10F8A400074600286DD028460AF096FC8DF82B00F8
:10F8B400B2E7CDF808A0B0E7E4B1BBF1080F1CD063
:10F8C40008F101080127C4E7002F63D096F84C30F3
:10F8D400934203D096F84D30934256D17CB1BBF19C
:10F8E400100F59D14FF000084746B2E7A0464FF039
:10F8F400080BAEE7A0460127F9E7B846E2E7A046C1
:10F9040027464FF0100BA4E7002398461F460293A6
:10F91400BBF1100F14BF5B4616230393944B0B9358
:10F92400337C002B3CD14FEAEB735A464FF0FF3047
:10F934004FF0FF31F0F70AFD96F86430CDE9060187
:10F944000193002B69D006F14E030493BAF1000F22
:10F9540040F0B0805546D146CDF800A0347C9DF8E7
:10F964002B30002C61D096F825209A425DD1B8F155
:10F97400000F00F0A6805FFA88F10BA809F00FFDD4
:10F9840083E04FF0010A8046C2E70127C0E74FF049
:10F99400010ABDE7BA46BBE70127CDF80CB0BDE7C5
:10F9A40020210BA809F0B5FCBDE70123009330E04A
:10F9B4004FF0FF3316A908A809930AF02EFC044659
:10F9C40000287CD008A80AF007FC8DF82B009DF8CD
:10F9D4002B1003980CF02BF8431C6ED0069BAB4203
:10F9E400079B73EB0903E0D3ABFB0553002208F13B
:10F9F40001080BFB093341194FEAE07959EB030184
:10FA0400009928BF0122451941EA020149EB030983
:10FA1400009108980CF001F8CAE7BAF1000F5AD126
:10FA24005546D146CDF800A0D1E796F824209A4255
:10FA340043D00DF12B02DDE9031009F04CFB002843
:10FA44003BD0049BC01A069B0F28C8BF0638AB42A4
:10FA5400079B73EB09031BD3ABFB0553002208F18F
:10FA640001080BFB093341194FEAE07959EB030113
:10FA7400009928BF0122451941EA020149EB030913
:10FA8400009108980BF0C9FF05E04FF00008F8E773
:10FA9400019B0093F5E74FF0FF3316A908A80993DB
:10FAA4000AF0BBFB0446E0B108A80AF095FB8DF808
:10FAB4002B0053E70025A9460095002401E04FF0F0
:10FAC400010A0B9B53F80C3CBBB15FFA88F10BA8FD
:10FAD40009F065FC08E0019B1C461D46994600930D
:10FAE400EFE7DDF804A0ECE70BAAD6E902010FF07A
:10FAF400A2FA10B90423199A1360B8F1000F04D1C3
:10FB04001FB90B9B53F80C3C5BB154B9009B2BBB46
:10FB1400029B13B16D4269EB49091A9BC3E9005971
:10FB240007E0002200231A99C1E900230423199A4B
:10FB34001360BAF1000F05D0199B199A1B6843F0A2
:10FB440002031360059BDDE9080183E803000BA8A9
:10FB54000CF016F805980DB0BDE8F08F4FF0FF32A9
:10FB64004FF0FF33DFE70BA80CF00AF80EF05FFC50
:10FB74006C1A00202DE9F04F8FB008A9059081E898
:10FB84000C00DDE91A3903F16C042046FCF792FEFF
:10FB940004902046FDF794F900F1380305460693D6
:10FBA400036A1BB1836A003B18BF0123984C01937D
:10FBB4002B7C0B942BB920210CA80C9409F0A9FBE5
:10FBC40004E020210BA809F0A4FBF4E7002605F1CA
:10FBD4003903B046079337466B6B03960D93009633
:10FBE40002960DAB9B5D042B41D8DFE813F00E01A8
:10FBF400F4000C0071000500DFF818A218A908A889
:10FC04000AF00BFBE2E01A9BDB6898051FD4009B0B
:10FC1400012B1CD8DEB1012E0BD1019BBBB99DF881
:10FC24003430032B13D09DF83630012B0FD002262D
:10FC3400D7E7022E40F012819DF83730042B06D00E
:10FC4400019A002A00F00581032B40F00481D5F8C5
:10FC540018B04FF0000A18A908A80AF0DEFA02E06A
:10FC64000AF1010AF7E7044618B9DA4510D101246C
:10FC740018E0DA4516D008A80AF0AEFA6B69C0B2EB
:10FC840013F80A30834203D108A80BF0F0FEE7E72B
:10FC9400BAF1000F40F0D9801A9BDC6884F4007438
:10FCA400C4F340240136042E40F0B880009B012B9D
:10FCB40040F20581002C00F0B480029B002B00F080
:10FCC400CF806E6A012418A908A80AF0A6FACBE02E
:10FCD4002B6A33B9AB6ACBB118A908A80AF09DFA0C
:10FCE4001AE018A908A80AF098FA04460028F1D0E6
:10FCF40008A80AF071FAEB69C0B21B788342E9D113
:10FD04002B6A08A800930BF0B2FECBE72B6AA3B9C9
:10FD1400019B83F00104C5E704460028F6D008A837
:10FD24000AF05AFA6B6AC0B21B788342EED1AB6A0E
:10FD340008A800930BF09BFE89E0AB6A002BE7D187
:10FD440001231C460293ADE708A80AF045FA5FFABE
:10FD540080FB0DF12B020A2107988DF82BB009F0D6
:10FD6400BAF960B1069BC01ADAF80030195C0CA825
:10FD740009F015FB013708A80BF079FE3EE76B7C10
:10FD84005B4509D1B8F1000F1CD1EB6A002B12DDE1
:10FD9400A04603970027EEE72B7C63B1AA7C5A4563
:10FDA40008D1B8F1000F0DD177B1F9B20BA809F061
:10FDB400F6FAEFE71C460C9B53F80C3C002B08BFEB
:10FDC40000246FE74446F6E73C46F4E7044600287F
:10FDD400BAD10124EFE718A908A80AF01EFA40B91D
:10FDE4000024032E3FF462AF18A908A80AF015FAFC
:10FDF40012E008A80AF0F0F9049BC0B29B691B5CEE
:10FE04001907EDD508A80BF032FE0124E9E700BF7D
:10FE14006C1A0020FC00002050B90136002C7FF43D
:10FE2400E0AED9F8003043F00403C9F800305DE0D7
:10FE340008A80AF0D1F9049BC0B29B691B5C1A079D
:10FE4400EBD508A80BF013FECEE700242AE70294B2
:10FE540028E70326C5E6019C0326DFE7012425E7FE
:10FE6400EE692FE701342EE7009BD8B9A342D8D11D
:10FE74000C9B53F80C3C012B24D9302100220DEBB0
:10FE8400010009F08CF90246E0B1431C4FF0000177
:10FE94000CA802BF0C9B53F80C2C02F1FF32FCF7A8
:10FEA4009BFB0FE0A342E3D008A80AF095F9335D69
:10FEB400C0B28342B5D108A80BF0D9FDD2E7002C1B
:10FEC400AFD0D5E7029B1BB10CA809F0D7F913E01A
:10FED4000B9B53F80C3CE3B9B8F1000F02D0EB6A6A
:10FEE400BB429ED10CA91C9809F044F908AC18A98E
:10FEF40020460AF080F925E00C9B1B78302BE7D0D4
:10FF04000CA809F0C4F901462D220CA809F0C5F982
:10FF1400DEE7B8F1000F05D09DF80C100BA809F02E
:10FF24003EFA01E0F9B2F9E70BAAD5E902010FF0B4
:10FF340082F80028D0D1D9F8003043F00403C9F87E
:10FF44000030C9E728B1D9F8003043F00203C9F8FA
:10FF54000030059B94E8030083E803000CA80BF031
:10FF64000FFE0BA80BF00CFE05980FB0BDE8F08F48
:10FF74000CA80BF005FE0BA80BF002FE0EF057FACE
:10FF8400F9E700BF2DE9F04F8FB008A9059081E88B
:10FF94000C00DDE91A3903F16C042046FCF78AFCF5
:10FFA40004902046FCF7C0FE00F138030546069392
:10FFB400036A1BB1836A003B18BF0123984C019369
:10FFC4002B7C0B942BB920210CA80C9409F0A1F9DB
:10FFD40004E020210BA809F09CF9F4E7002605F1C0
:10FFE4003903B046079337466B6B03960D9300961F
:0CFFF40002960DAB9B5D042B41D8DFE8AA
:020000021000EC
:1000000013F00E01F4000C0071000500DFF818A2D7
:1000100018A908A80AF003F9E2E01A9BDB68980522
:100020001FD4009B012B1CD8DEB1012E0BD1019BEC
:10003000BBB99DF83430032B13D09DF83630012B1B
:100040000FD00226D7E7022E40F012819DF83730FC
:10005000042B06D0019A002A00F00581032B40F002
:100060000481D5F818B04FF0000A18A908A80AF0C2
:10007000D6F802E00AF1010AF7E7044618B9DA45B2
:1000800010D1012418E0DA4516D008A80AF0A6F825
:100090006B69C0B213F80A30834203D108A80BF091
:1000A000E8FCE7E7BAF1000F40F0D9801A9BDC6862
:1000B00084F40074C4F340240136042E40F0B88068
:1000C000009B012B40F20581002C00F0B480029BC4
:1000D000002B00F0CF806E6A012418A908A80AF04E
:1000E0009EF8CBE02B6A33B9AB6ACBB118A908A84C
:1000F0000AF095F81AE018A908A80AF090F8044642
:100100000028F1D008A80AF069F8EB69C0B21B78A2
:100110008342E9D12B6A08A800930BF0AAFCCBE735
:100120002B6AA3B9019B83F00104C5E704460028AC
:10013000F6D008A80AF052F86B6AC0B21B78834266
:10014000EED1AB6A08A800930BF093FC89E0AB6A90
:10015000002BE7D101231C460293ADE708A80AF063
:100160003DF85FFA80FB0DF12B020A2107988DF80C
:100170002BB008F0B2FF60B1069BC01ADAF800306D
:10018000195C0CA809F00DF9013708A80BF071FCF7
:100190003EE76B7C5B4509D1B8F1000F1CD1EB6ADF
:1001A000002B12DDA04603970027EEE72B7C63B1FE
:1001B000AA7C5A4508D1B8F1000F0DD177B1F9B238
:1001C0000BA809F0EEF8EFE71C460C9B53F80C3C2B
:1001D000002B08BF00246FE74446F6E73C46F4E7EF
:1001E00004460028BAD10124EFE718A908A80AF0AC
:1001F00016F840B90024032E3FF462AF18A908A8EE
:100200000AF00DF812E008A809F0E8FF049BC0B25C
:100210009B691B5C1907EDD508A80BF02AFC01248B
:10022000E9E700BF6C1A0020FC00002050B901363D
:10023000002C7FF4E0AED9F8003043F00403C9F895
:1002400000305DE008A809F0C9FF049BC0B29B69BB
:100250001B5C1A07EBD508A80BF00BFCCEE70024BB
:100260002AE7029428E70326C5E6019C0326DFE778
:10027000012425E7EE692FE701342EE7009BD8B96A
:10028000A342D8D10C9B53F80C3C012B24D930212C
:1002900000220DEB010008F084FF0246E0B1431C90
:1002A0004FF000010CA802BF0C9B53F80C2C02F17C
:1002B000FF32FCF793F90FE0A342E3D008A809F05E
:1002C0008DFF335DC0B28342B5D108A80BF0D1FBDE
:1002D000D2E7002CAFD0D5E7029B1BB10CA808F0E9
:1002E000CFFF13E00B9B53F80C3CE3B9B8F1000FC0
:1002F00002D0EB6ABB429ED10CA91C9808F03CFFCF
:1003000008AC18A9204609F078FF25E00C9B1B7863
:10031000302BE7D00CA808F0BCFF01462D220CA81A
:1003200008F0BDFFDEE7B8F1000F05D09DF80C1016
:100330000BA809F036F801E0F9B2F9E70BAAD5E904
:1003400002010EF07AFE0028D0D1D9F8003043F037
:100350000403C9F80030C9E728B1D9F8003043F0E8
:100360000203C9F80030059B94E8030083E803000A
:100370000CA80BF007FC0BA80BF004FC05980FB0C1
:10038000BDE8F08F0CA80BF0FDFB0BA80BF0FAFBFF
:100390000EF04FF8F9E700BF2DE9F0418CB00F46A1
:1003A0002449064608AC06AD0A9184E80C009DF885
:1003B0005020DDE91538B2B102930AAA12ABCDE99B
:1003C000038293E803008DE803003946284694E849
:1003D0000C00FFF7D1FB95E803000A9D84E80300B9
:1003E000F8F764FC14E002930AAA12ABCDE9038289
:1003F00093E803008DE803003946284694E80C0092
:10040000FFF7C2FDE7E70AA80BF0BCFB0EF011F8FE
:100410000BAB424617990B90284600F069FE94E812
:10042000030086E803000AA80BF0ACFB30460CB0D2
:10043000BDE8F0816C1A00202DE9F04F8DB0064622
:100440000F46DDF864A008AC9DF860B006AD0AF177
:100450006C00DDF86C9084E80C00FCF72DFA0BAB17
:10046000204A804604931A9B0B92CDE902A316AB57
:1004700093E803008DE803003946284694E80C0011
:10048000BBF1000F14D0FFF777FB0B9B95E803003F
:1004900053F80C5C84E803006DB994E8030086E827
:1004A00003000BA80BF06EFB30460DB0BDE8F08FDB
:1004B000FFF76AFDE9E72946484608F06DFF0B9F04
:1004C00048463D4408F0DCFED9F800302A4639465B
:1004D00040460BF060FBE0E70BA80BF053FB0DF080
:1004E000A8FF00BF6C1A0020244B1A68D0075CBF1D
:1004F00001221A60224B1A68D1075CBF01221A60E0
:10050000204B1A68D2075CBF01221A601E4B1A6882
:10051000D0075CBF01221A601C4B1A68D1075CBF70
:1005200001221A601A4B1A68D2075CBF01221A60B6
:10053000184B1A68D0075CBF01221A60164B1A6864
:10054000D1075CBF01221A60144B1A68D2075CBF46
:1005500001221A60124B1A68D0075CBF01221A6090
:10056000104B1A68D1075CBF01221A600E4B1A6843
:10057000D2075CBF01221A60704700BFE41A002056
:10058000E01A0020DC1A0020D81A0020D41A00201B
:10059000D01A0020CC1A0020C81A0020C41A00204B
:1005A000C01A0020BC1A0020B81A0020054B10B554
:1005B00003600446044B40F8043FFBF733FF20463A
:1005C00010BD00BF103A020064360200D0F800C02F
:1005D000ACF10C0CDCF800C06044E7E7044B10B54C
:1005E000044640F81C3BF8F76FFB204610BD00BFE7
:1005F0003C3A020008B50B68B3F1804F02D30D48B6
:10060000FBF78CFE93420BD9B3EB420F4FEA42004B
:1006100006D2B0F1804F2ABF6FF0404308600B60F4
:100620000868013001D5FBF741FEBDE8084000F045
:100630008FBC00BFF04A020008B5034608461146C9
:100640005B68984203D9024601480BF079F808BD6F
:10065000544302002DE9F34116461D4604461B4B48
:100660002A460F463146A5EB06080DF025FC234629
:10067000626853F8080B9044984214BFA3680F2394
:1006800043451BD3F319D21A06D0AE4204D03844E6
:10069000811928440DF032FC35B1206829469DF8B7
:1006A000202038440DF036FC236800222046C4F890
:1006B000048003F8082002B0BDE8F0810023324630
:1006C0003946204600950DF058FCE5E7CA43020084
:1006D0002DE9F74F0C9D1446804689462A461F4651
:1006E0002146394B0DF0E8FB4246D8F80430A5EB23
:1006F000040B52F8086B03EB0B0A964214BFD8F8B0
:1007000008200F22524556D34E44A1443946404654
:10071000A3EB09090DF0DCFB80B1B9F1000F06D0A5
:10072000AC4204D04A46311970190DF0E7FB95B17F
:100730002A46394630460DF0D7FB0CE0B5B9B9F181
:10074000000F08D0AC4206D04A46311970190DF09E
:10075000D5FBAC420FD3D8F8003000224046C8F891
:1007600004A003F80A2003B0BDE8F08FAC420CD21D
:10077000B9F1000FE8D134447B199C420BD32A46CF
:10078000394630460DF0BAFBE5E72A463946304691
:100790000DF0B4FBD3E7BC4203D82A4607EB0B01AC
:1007A000C8E7E41B3946304622460DF0A7FB2A1B5A
:1007B00071193019BFE73B4622464946404600952D
:1007C0000DF0DBFBC7E700BF1E4B0200F7B5044688
:1007D0001546094A0F461E46FFF72EFF626801467E
:1007E000089B2046D21B00933346AA4228BF2A46C4
:1007F000FFF76EFF03B0F0BD084B02002DE9F0419A
:10080000064690460F460A4A19461D46FFF714FF52
:100810007468641B444528BF44462CB131682246A5
:10082000384629440DF060FB2046BDE8F08100BF4A
:100830008B43020000487047374B0200034B10B552
:10084000044603600DF0ECFE204610BD883A02001D
:1008500000487047534B0200034B10B50446036039
:100860000DF0DEFE204610BDA83A0200034B10B585
:10087000044603600EF0CAF8204610BDC83A0200D4
:10088000194A50F8081C536870B5A0F1080413B158
:100890006518AB4203D940F8043C546070BD5E68F3
:1008A0001FD11B680B4440E90236F6E71A1D334698
:1008B0005E6836B1B542F9D301BF2E686D688919FB
:1008C0005D6013681D685E19B44217BF5B686D18E0
:1008D00040F8081C40F8043C16BF13681D605C60BB
:1008E000DCE70432E4E700BF181B00200830104AA0
:1008F000082838BF0820073020F0070352F8040FFB
:1009000030B598B101688B4206D8CD1A4468072DDE
:1009100005D80160214607E0021D4068F1E7C118D3
:100920004C60C550106803600830116030BD00BFD6
:10093000181B0020064A80389368984205D9D2686F
:100940001344984201D2FFF79BBFF3F7E9BB00BF06
:10095000181B002038B54FF41E65074C2846E5608B
:10096000F3F7C0FBA06010B9E060606038BD002301
:10097000606005604360F9E7181B00202DE9F34132
:100980001E46037804460F46472B13D143784E2B5F
:1009900010D18378552B0DD1C378432B0AD103791D
:1009A000462B07D143794F2B04D18379522B01D1A8
:1009B000C2793AB320460DF042FD024620B3E379F6
:1009C00054F8202C012B16BF154652F8785C04F120
:1009D00058022B68284601929B689847B0B1019B4A
:1009E00002241B6801933B6801AA29463846D3F8C4
:1009F00010800123C04758B1019B3360204602B0EC
:100A0000BDE8F081034DE4E7034DE2E70124EAE7A6
:100A10000446F3E7003B0200083B020008B504204F
:100A20000DF0F1FC024B034A034903600DF00DFF8A
:100A3000A83A020059080100943A02002DE9F04F4B
:100A400085B002460DF04EFD50B31046D2F828A0F6
:100A500052E90653D2E90C4601930DF08CFD28466D
:100A60000DF0CCFE0DF087FD00F058F8036893F808
:100A7000272003F12009012A1BD11B68002524F03F
:100A8000030802932F46574515DB002D34D0042070
:100A90000DF0B9FC1A4B1B4A1B4903600DF0D5FE43
:100AA00010460DF068FD0DF0ADFE0DF064FD0DF08B
:100AB000A0FE7833E2E7346804B1344402AB00228C
:100AC00021464846FFF75AFF38B10DF0D8FE0DF029
:100AD0007BFD0DF079FD0DF0ACFC236803AA0390BB
:100AE0002046D3F810B001230749D84701374644C0
:100AF000002818BF0546C6E701980DF072FE00BF3A
:100B0000183B020023E60100F43A02000048704757
:100B10008F4B0200004870479E4B02000048704710
:100B2000281B002000487047281B0020024A034968
:100B3000034805F03FB800BF780A002033E6010003
:100B4000281B00202DE9F04F002393B006460C46E9
:100B5000079300F003031546012B10D0022B03D09E
:100B6000002B5DD103075DD529462046F0F70FFC29
:100B700018B1092013B0BDE8F08F0820FAE7070785
:100B800045D5022306F008060C2228460C941E4385
:100B90000CAB009300231946EFF7B6FD062E43D1A8
:100BA000D4F83080D4E90A73B8F1000F00F03F8127
:100BB0009946002FC0F23E81032600230DF12C0937
:100BC00028460B941A461946CDF80090EFF79CFD85
:100BD0000023012228461946CDF800900B97EFF725
:100BE00093FD0F2128460DF0F0FD00F001000023D9
:100BF0000F2240EA0800CDF8009019460B902846D5
:100C0000EFF782FD022E00F02F810720B2E70F6A76
:100C100010460D210DF0D9FD8742B2D10623B1E770
:100C2000F3F734FA0123ADE72846F0F7CAFB814613
:100C3000002899D00CAA014628460DF097FD9DF892
:100C400044B02946029058460DF05FFD0F210390F5
:100C50000E9028460DF0B9FD20F00108029A08F127
:100C6000FF38109F97420DD800270123B846F1079F
:100C700000F1C580320740F1D780012B40F0CC80D5
:100C80000DF0B7FD9DF845A008AB002051460DF0D2
:100C90005DFD09AB0246514600200DF057FD0AAB41
:100CA0000246514600200DF051FD0BA90DF0C2FC8B
:100CB0000C9B089902460B44434553D809990B44B1
:100CC0004345CED9DDE90A30002B3FF44DAF0D9AF4
:100CD00003EB020800283BD001383844B8F1000F7C
:100CE0003FF442AF16F0080304933DD0472323702E
:100CF0004E2363705523A3704323E370462323716F
:100D00004F2363715223A3710023E37100230293E5
:100D100009A90DF09DFC0AA905900DF099FC099F09
:100D2000002F69D043DDBBF1FF0F3CD00BF0070370
:100D3000042B3FF675AF01A252F823F0AB0D010072
:100D4000210C01007B0D0100AB0D0100A30D010082
:100D5000B8F1000F3FF408AFF0073FF505AF0027EB
:100D600002262AE73A467CE7E379012B0CBF54F8C8
:100D7000203C04F158030793C8E702220F990BABFC
:100D8000584602FB171203990DF079FC0B9931B10B
:100D900034B307AB00222046FFF7F0FD00B3032376
:100DA00065E70822EAE70022E8E70422E6E76FF0B9
:100DB00040420F9BD21B03EB820AC4B10499B1B924
:100DC000079BAAF1040A0B935AF8041F0029E6D0E6
:100DD0000BAB002251442046FFF7D0FD0028F3D092
:100DE0000A98002844D0059B0344184690E753F81E
:100DF0002230002BF4D1D2E701230293F0E7079EC3
:100E00000D2128460DF0E1FCC4F83080C4E9080645
:100E1000C4E90A790620ADE6002FBFF6CDAE0DF08D
:100E2000F1FC0DF0A8FB2BE7012B7FF4C2AE2046AE
:100E30000DF075FB0CAA494628460DF097FC294693
:100E40009DF844000DF061FCFA430F9B03EB820315
:100E5000002253F8221029B9C4E90A200422C4E967
:100E60000C23A9E60132F4E720460DF005FBCCE6A1
:100E7000029B002B7FF470AF76E600BF014BD3E8F6
:100E8000AF0F704744010020014BD3E8AF0F70470C
:100E9000F000002038B50025044640E91E1240F855
:100EA000805CFFF7F1FF44F8700CFFF7E7FF472382
:100EB00044F86C0CA4F1800004F8583C4E2304F86C
:100EC000515C04F8573C552304F8563C432304F87E
:100ED000553C04F8543C2B2304F8533C04F8523C92
:100EE000014B44F8503C38BD0FE80100026803464E
:100EF000D20710B50FD4427852B104200DF083FA16
:100F0000044600F019F8054A054920460DF09DFCFD
:100F10000120587010BD0020FCE700BF250F010024
:100F2000243B0200034B10B5044603600DF078FB30
:100F3000204610BD383B0200014B0360704700BFE4
:100F4000383B0200014BD3E8AF0F7047341B002041
:100F5000012838BF012010B504462046F3F7C2F837
:100F600000B110BDFFF7EEFF40B904200DF04BFAC1
:100F7000034B044A044903600DF067FC8047ECE72B
:100F8000883A02003D080100743A0200034B10B594
:100F900004460360FFF76AFC204610BD583B020080
:100FA000034B10B504460360FFF760FC204610BDFC
:100FB000983B0200002170B5084601F0BDFE0646D0
:100FC000EFF740FF451C084928460DF09EFC0446FB
:100FD00038B131462A460EF0DAF90449002001F012
:100FE000ABFE204670BD00BF374C020088440200B3
:100FF0002DE9F34180460E461546FFF7DBFF044618
:1010000020B904232B6002B0BDE8F08101A940465D
:1010100002F0EEF8019B07463060434501D01B7893
:101020005BB10023336004232B602146002001F0D4
:1010300083FE20460DF090F9E5E74FF0FF41EFF712
:1010400055F940B905493846EFF750F90028ECD07A
:101050006FF40003E6E7024BE4E700BF000080FF07
:10106000FFFF7F7F2DE9F74307460E461546FFF742
:10107000A1FF044620B904232B6003B0BDE8F08330
:1010800001A9384601F0FAFE019B80468946BB4221
:101090004FF00002C6E9008901D01B7863B100233C
:1010A000C6E9002304232B602146002001F044FE02
:1010B00020460DF051F9E0E70A4BEFF7A1F860B9CF
:1010C0000022094B40464946EFF79AF80028EBD03A
:1010D0004FF0FF326FF48013E2E74FF0FF32034B23
:1010E000DEE700BF0000F07F0000F0FFFFFFEF7FB2
:1010F0002DE9F84307460C461646FFF75BFF054609
:1011000018B904233360BDE8F883224617493846EE
:1011100001F094FE013001280ED800220023C4E91A
:101120000023042333602946002001F005FE2846F1
:10113000BDE8F8430DF010B9D4E9008900220C4B4A
:1011400040464946EFF75CF860B90022094B40463B
:101150004946EFF755F80028E5D04FF0FF326FF41D
:101160008013DCE74FF0FF32034BD8E7904C0200CE
:101170000000F07F0000F0FFFFFFEF7F08B50022C6
:101180000346084604491A60EFF752FE10B10348BF
:10119000FBF7F4F808BD00BF88440200944C02003D
:1011A00038B50A4B04460A4D40F8083B0DF068FE7E
:1011B00005E02046256006F050FF0DF03AF9204684
:1011C000256006F04AFF204638BD00BFD03B020034
:1011D0005439020000390A4B18BF012110B5416093
:1011E00004460360F7F762FD06E0064B20462360E5
:1011F00006F033FF0DF01DF9A060204610BD00BFC2
:10120000D03B02005439020070B5A0F1460300F251
:101210006C7440F26D100129D8BF013C43436FF458
:10122000EC70002C264603446FF06300B8BFE61C48
:1012300094FBF0F003EBA603B5100344192095FBD3
:10124000F0F600FB16554FF4C87094FBF0F403EB76
:10125000D5730A48234430F8111007200B44134477
:10126000013B93FBF0F2C2EBC2029B1A0344B3FBB7
:10127000F0F0C0EBC000181A70BD00BF803F020044
:1012800040F201130288934304BF8B680C332DE9AD
:10129000F04108BF8B60054690F900300C46067897
:1012A000002B0FDA437813F002031FBF4B69642150
:1012B00093FBF1F001FB103369686420133900FBE4
:1012C0000133636122F47F7222F001025205520D54
:1012D000B2F5806F36D106F01803182B27D07007AF
:1012E00025D56069514F00F26C700DF026FE1A2171
:1012F000E269002301FB007131F802CB944540F311
:10130000918031075CBF03F1FF312161F60608D4FB
:10131000013B0D2101FB003037F81030D21A0132A9
:10132000E2602B7823F0180343F018032B702B781E
:101330002169180701D40B2904D8E2686069FFF716
:1013400063FFA0612B882E7823F47E7323F00303C0
:101350005B055B0DB3F5806F13D13207276901D4AC
:101360000B2F0ED8606900F26C700DF0E6FD0D22B7
:10137000E36802FB00772D4A013B32F81720134443
:10138000E36116F0600F4BD0B30749D516F00401A6
:10139000676923D186F0200801223846C8F3401837
:1013A000FFF732FF0722A0EB0800C0F1070090FB17
:1013B000F2F3C3EBC303C01AAB7803F03F03013B66
:1013C000C3EBC3031844A369A3EB0803134493FBC3
:1013D000F2F2C2EBC2029B1A1844E06106F0180355
:1013E000182B1DD007F26C70104D0DF0A6FD1A21C0
:1013F000E269002301FB005131F8027B974213DDC3
:1014000037075CBF03F1FF312161F10608D4013BCE
:101410000D2101FB003035F81030D21A0132E260A4
:10142000BDE8F081013367E70133E5E7803F020063
:10143000074B13B504460360406801A90C38F8F760
:10144000D5FF20460DF0ECF8204602B010BD00BFDD
:10145000683C0200074B13B504460360406801A9CD
:101460000C38F8F7C3FF20460DF0DAF8204602B03A
:1014700010BD00BF2C3C0200034B10B504460360B6
:10148000FFF7E8FF204610BD403C0200034B10B5BB
:1014900004460360FFF7DEFF204610BD543C020007
:1014A00038B584680546C4BBC820FFF751FD504BD2
:1014B00044600360C0E90244C0E90444C0E9064452
:1014C000C0E90844C0E90A44C0E90C44C0E90E443C
:1014D000C0E91044C0E91244C0E91444C0E916440C
:1014E000C0E91844C0E91A44C0E91C44C0E91E44DC
:1014F000C0E92044C0E92244C0E92444C0E92644AC
:10150000C0E92844C0E92A44C0E92C44C0E92E447B
:10151000C0F8C04080F8C440A860AB68354A36497E
:10152000C3E90222354A99673549C3E90422354A9D
:10153000D9673549C3E90622344AC3F880101A62D4
:10154000334A34495A62344A9A62344ADA62344A33
:101550001A63344A5A63344A9A63344ADA63344A1F
:101560001A64344A5A64344A9A64344ADA64344A0B
:101570001A65344A5A65344A9A65344ADA65344AF7
:101580001A66344A5A66344A9A66344ADA66344AE3
:101590001A67344A5A67C3F884103349C3F888106D
:1015A0003249C3F88C103249C3F890103149C3F85E
:1015B00094103149C3F898103049C3F89C10304951
:1015C000C3E928122F4AC3F8A8202F4AC3F8AC2039
:1015D0002E4AC3F8B0202E4AC3F8B4202D4AC3F8CF
:1015E000B8202D4AC3F8BC202C4AC3F8C02038BD0F
:1015F000B038020090440200314E02009F440200C5
:10160000364E0200BA4E02003B4E0200A94D0200C7
:10161000AC4D0200424E0200AF4D0200BB4D020035
:10162000C24D0200C94D0200D14D0200DB4D020047
:10163000E44D0200EB4D0200F44D0200F84D0200B3
:10164000FC4D0200004E0200044E0200084E020053
:101650000C4E0200104E0200184E0200214E0200F5
:10166000274E02002D4E02004C4E0200544E020046
:101670005D4E0200664E02006A4E02006E4E02008F
:10168000724E0200764E02007A4E02007E4E02003A
:10169000824E0200864E02008A4E02008E4E0200EA
:1016A00088422DE9F04104460D4618D0A0B1A1EBC7
:1016B000000800214046F8F753FE00F10C070646EB
:1016C000214638462A4607F052FD41463046F8F793
:1016D0003BFE3846BDE8F0810248FAF707FE024FAC
:1016E000F7E700BF144102006C1A0020084B13B545
:1016F000044601AA40F8043B0DF040FD04E02046FA
:101700000CF08EFF0CF095FE204602B010BD00BF1D
:101710002C3C020010B50446FFF7E8FF014B2046C1
:10172000236010BD403C020010B50446FFF7DEFF09
:10173000014B2046236010BD543C0200084B13B5FA
:10174000044601AA40F8043B0DF018FD04E02046D1
:101750000CF066FF0CF06DFE204602B010BD00BF1D
:10176000683C020000487047924E0200034B10B5DF
:10177000044603600DF0EEFD204610BDCC3C020097
:10178000034B10B50446036000F00CF9204610BD71
:10179000B83C0200034B10B504460360FFF7F6FBAC
:1017A000204610BD083D0200054B10B5044640F828
:1017B000103B0DF0DBFD2046FFF7E2FF204610BD99
:1017C000F43C0200134600F10802012B13B508BFD8
:1017D0000E23026018BF0D234FF000020446426042
:1017E000114602720BBF00930093064B064BFEF7A7
:1017F0006FFF04E020460CF057FB0CF01AFE204669
:1018000002B010BD9B4E0200AA4E0200F0B5D2E914
:10181000007593B004462B683A4668460E461B692D
:1018200029469847194A002168460CF05EFC01469B
:1018300006A80DF0FBFC3246002106A80CF055FC72
:1018400001460CA80DF0F2FC0CA9204600F05EF851
:101850000CE00CA80CF028FB06A80CF025FB684651
:101860000CF022FB0CF0E5FDF6E7F8E70CA80CF015
:101870001BFB06A80CF018FB68460CF015FB044B8C
:1018800020462360C4E9027513B0F0BDB84E0200D3
:10189000B83C020037B5054618200CF0B4FD012312
:1018A0006A462946009304460E4B0193FFF7AEFFAC
:1018B0000D4B204623600DF008FC014604F110009A
:1018C00000F0F4F807E02046FFF75AFF2046FFF744
:1018D00031F80CF0AEFD054A204605490CF0B5FF85
:1018E000F4E700BF38010020F43C0200A917010012
:1018F0008C3C0200024A0349034804F05BB900BF74
:10190000780A0020B9F1010038010020074B10B51A
:10191000044640F8043B0DF0A4FC04E020460CF023
:101920007FFE0CF086FD204610BD00BF683C020023
:1019300000487047274F020000487047B453020028
:10194000742A10B51ADC572A0CDC4D2A07DC3B2A16
:101950000CDC242A0EDC0F2A18DC0E2A16D9C0E96A
:10196000002116E0A2F158040A4B0CE0A2F13C045D
:10197000094B08E0A2F12D03012BEFE7A2F1760459
:10198000182CECD8054BE340DB07E8D5044B02608C
:10199000436010BD9D00BF1F8F080200BF07F1010B
:1019A00040010020034B10B504460360FFF740FDE3
:1019B000204610BD603D020073B5044610460DF090
:1019C00027FD054604F10803236010B90F48FAF714
:1019D0008DFCEFF737FA0F2805EB0006019007D9C9
:1019E000002201A92046FEF705FE019B2060A360AE
:1019F0003246294620680CF0BBFA019B2268002180
:101A000020466360D15402B070BD00BF4144020063
:101A100010B5064C06492246064804F0CBF822468B
:101A200005490648BDE8104004F0C4B8780A002013
:101A3000CFF2010040010020D1F201003C01002062
:101A4000074B13B504460360406801A90C38F8F74A
:101A5000CDFC20460CF0E4FD204602B010BD00BFD6
:101A6000D03D0200104B73B5036004460B68A3F130
:101A70000C0053F8043C002B05DBF8F747FD6060D1
:101A8000204602B070BD002201A907F02BFCF6E74A
:101A90000E46054620460CF0C3FD013601D00CF081
:101AA000C8FC2846FEF7CAFFD03D02002DE9F043EE
:101AB000804685B00C4621B30846EFF7C3F904EB26
:101AC000000907464C451FD001AA0021F8F748FC41
:101AD00000F10C050646214628464A4607F047FB1A
:101AE00039463046F8F730FC03A940460395FFF726
:101AF000B9FF02A9A5F10C00F8F778FC05B0BDE824
:101B0000F0830248FAF7F2FB014DEDE714410200C1
:101B10006C1A002001490CF07CBF00BFBC3D0200E4
:101B200008B503468F2B00F24E81DFE813F09000DA
:101B30005C0192009400960098009A009C009E0020
:101B4000A200A400A800AA00AC00AE00B000B20041
:101B5000B400B600B800BA00C000C200C800CA0095
:101B6000CC00CE00D000D400D800DA00DC00DE00CB
:101B7000E000E200E400E6004C014C014C014C01A5
:101B80004C014C014C014C01EA00EE004C014C01AF
:101B90004C014C014C014C014C014C014C014C01DD
:101BA0004C014C014C01F0002001F200F400F60061
:101BB000F800FA00FC00FE000001020104014C01E3
:101BC0004C0108014C014C010A014C014C014C0133
:101BD0004C014C010C010E011001120114011601FF
:101BE0004C0118011A011C014C014C0144014C012B
:101BF0004C014C014C014C014C014C014C012E019B
:101C00001E0122012401260128012A012C01300194
:101C10003401EC00C4004A01BC00D200BE00A000A8
:101C2000A6004801060138013201C6003A0136011A
:101C30004C014C014C014C014C01D6004C014C01B3
:101C40004C01E80046013C013E0140014201674869
:101C500008BD6748FCE76748FAE76748F8E7674860
:101C6000F6E76748F4E76748F2E76748F0E7674850
:101C7000EEE76748ECE76748EAE76748E8E7674860
:101C8000E6E76748E4E76748E2E76748E0E7674870
:101C9000DEE76748DCE76748DAE76748D8E7674880
:101CA000D6E76748D4E76748D2E76748D0E7674890
:101CB000CEE76748CCE76748CAE76748C8E76748A0
:101CC000C6E76748C4E76748C2E76748C0E76748B0
:101CD000BEE76748BCE76748BAE76748B8E76748C0
:101CE000B6E76748B4E76748B2E76748B0E76748D0
:101CF000AEE76748ACE76748AAE76748A8E76748E0
:101D0000A6E76748A4E76748A2E76748A0E76748EF
:101D10009EE767489CE767489AE7674898E76748FF
:101D200096E7674894E7674892E7674890E767480F
:101D30008EE767488CE767488AE7674888E767481F
:101D400086E7674884E7674882E7674880E767482F
:101D50007EE767487CE767487AE7674878E767483F
:101D600076E7674874E7674872E7674870E767484F
:101D70006EE767486CE767486AE7674868E767485F
:101D800066E7674864E7674862E7674860E767486F
:101D90005EE767485CE767485AE7674858E767487F
:101DA00056E7674854E7674852E7674850E767488F
:101DB0004EE767484CE767484AE7674848E767489F
:101DC00046E7674844E71AB9664A0DF0F1FD024458
:101DD000654808B965483BE71846AFF3008000281E
:101DE0007FF436AFF6E7624832E700BFC350020027
:101DF000D5500200EF500200FF50020017510200C0
:101E0000215102003B5102004D5102005F5102007E
:101E1000785102008851020094510200B151020031
:101E2000C3510200D4510200E6510200F2510200F7
:101E300008520200205202002C5202003E520200C0
:101E40004D5202005D5202006A52020089520200A5
:101E500098520200A9520200CD520200EB52020039
:101E60000953020029530200405302004F5302005D
:101E70005E530200725302008A530200985302001C
:101E8000A5530200BB530200CA530200D6530200FE
:101E9000055402001654020031540200445402005A
:101EA0005A540200635402007A5402008254020021
:101EB0008F540200A4540200B8540200D654020009
:101EC000E1540200F45402000C5502001C550200BB
:101ED0002A5502003E5502004D5502005E55020093
:101EE000715502007D550200A3550200C85502003D
:101EF000E8550200265602004C56020065560200C4
:101F00007956020094560200AC560200C6560200F2
:101F1000CE560200FE5602001D5702003C5702003A
:101F2000535702007457020087570200A05702005F
:101F3000B7570200CD570200EE57020006580200C4
:101F4000205802003C5802004F5802006558020019
:101F5000795802008C580200AE580200D458020092
:101F6000E55802000C00000000000000BA4E02001C
:101F7000CB500200426940F26C73002AA8BF6FF098
:101F80006303134492071FD1642193FBF1F201FB19
:101F90001232DAB94FF4C87293FBF2F102FB11333B
:101FA000B3FA83F35B09D0E90602400000EB0210AC
:101FB000184441F2A263984229D013DC01280CDCBA
:101FC000C043C00F404270470023ECE70123EAE71B
:101FD000104BC34043F3000070470A381728F7D965
:101FE0000020704741F2B463984206DC41F2B163CD
:101FF0009842D4BF002001207047A0F5B6500238A7
:102000001528EDD8044BC34003F0010070470120B0
:10201000704700BFCF00CC001F002A002DE9F04F11
:102020004FF000098FB007460D461E464C46137808
:10203000002B00F08684252B1DD15378302B22D025
:102040002B2B20D002F10108002398F80020313A10
:10205000082A1BD80A22404606A9029301F062FA18
:10206000DDF818800246029B98F8001045290FD130
:1020700008F101080EE0691EA14240F247813B557C
:1020800001320134D3E702F10208DEE70022EBE778
:102090004F29EDD098F80010A1F12500552800F245
:1020A0003581DFE810F04804330133013301330197
:1020B0003301330133013301330133013301330180
:1020C0003301330133013301330133013301330170
:1020D0003301330133013301330133013301740020
:1020E000A000D1001801330140018F0130023702F6
:1020F0003301330133014F023301330159023301FC
:1021000086020F03170329033103AD03CD00C60375
:102110001C04330133013301330133013301560011
:102120008B00B6000D010D01330160018B003301FE
:102130004802300237024C025102330159027F0239
:10214000C5008F0211031E037B03A603C900B5035C
:10215000E103B369B94A183352F823A050460AF193
:10216000FF3AEEF76FFE6B1E2044A04207D198F8AD
:102170000030002B00F0E58308F1010257E7A3428D
:1021800040F2C4801AF8012F3A550134EDE7B269E4
:10219000AA4B03EB8203D3F87CA050460AF1FF3A26
:1021A000EEF750FE6B1E2044A042E0D0A34240F266
:1021B000AD801AF8012F3A550134F5E79F4B32698B
:1021C00053F822A050460AF1FF3AEEF73BFE6B1E91
:1021D0002044A042CBD0A34240F298801AF8012FAD
:1021E0003A550134F5E73369944A0C3352F823A089
:1021F00050460AF1FF3AEEF725FE6B1E2044A0423E
:10220000B5D0A34240F282801AF8012F3A5501342A
:10221000F5E78A4BD3F8A0201378002BA7D03346DC
:10222000291B3819FFF7FAFE00286FDD04449EE7EA
:10223000824BD3F8E420EFE7804BD3F89C20EBE708
:102240007E4BD3F89820E7E77D496420D6F814E068
:102250008E45ACBF4FF0000A4FF0010ABEF1000FEF
:10226000B5BF0EF26C719EFBF0F081EAE17C00F1EB
:102270001301BCBFACEBE17CBCFBF0F153B16329B3
:102280001CDDDFF8C0C170482B2B08BF6046DFF8AB
:10229000BCC102E06C48DFF8B8C16E4B0191022A64
:1022A0002CBFCAEB0201CAF10201654A00919645B2
:1022B000A8BF03466246291B38191FE06248E6E7BB
:1022C0006548664AF368642918BF0246291B381915
:1022D00000F088FD14E0726938193369291B002A5F
:1022E000D6F80CE003F101034FF0640C13DB92FB12
:1022F000FCFA0CFB1A22CDE900E2594A00F072FD0B
:10230000002803DB0444A5423FF631AF00242046F9
:102310000FB0BDE8F08F02F26C72002AB8BF5242D3
:10232000B2FBFCFAE5E725218DF8181043B1052A28
:102330008DF8193001D9931F06D10DF11A000CE068
:102340002B238DF819300423464A1E210DF11A0063
:1023500000F048FD0DF11A0318444349EEF77AFDE9
:10236000334606AA5CE73046FFF704FE7169642332
:10237000002910DB91FBF3F203FB121318446423D2
:1023800090FBF3F203FB12001844B0FBF3F203FBE3
:102390001203324A9AE701F26C72002AB8BF524225
:1023A0000028B2FBF3FC03FB1C2304DA2F4A914202
:1023B000B8BF0120E2E7E1D0214A9142B8BF4FF017
:1023C000FF30DBE7CDE90432D6F814A030461C4BD1
:1023D0009A45ACBF002301230393FFF7CBFDBAF16D
:1023E000000F4FF0640E0290DDE904320FDB00288D
:1023F0009AFBFEF101F1130C0EFB11A153DC0298C4
:102400000144481C35D10CF1FF3C632131E00AF254
:102410006C710029B8BF4942B1FBFEFC0EFB0CF009
:10242000091A04900298002822DADFF840E0F24509
:10243000E5DA01200131039037E000BFDC3D020006
:1024400094F8FFFF09590200BA4E02000159020038
:10245000FA5802000B5902000D5902001B590200E4
:1024600011590200205902002459020095F8FFFF7B
:1024700021D14FF0640A0AFB0C1A039921BB2B2BC4
:1024800040F0F08142F20F718A454FF0250140F291
:10249000DE818DF81830002A40F0E0818DF81910A7
:1024A0000DF11901D6E102980144642904BF0CF131
:1024B000010C0021DDE7DFF8B8B2DA45F3DA01F10B
:1024C000FF3AC9B104998A442D218DF81810002AC9
:1024D00040F0C6810DF1190125200870002B40F055
:1024E000B981481CA3490292EEF7B4FC029ACDF8D8
:1024F00000A0134606AA60E00CF1FF3A0EFB0AFAB0
:102500000AF1630AE0E79C489C4AB3686B2918BF4C
:102510000246DBE6B36863B10C2B04D00C2293FBBC
:10252000F2F002FB10339548934A492918BF02463E
:10253000CCE60C23F7E7F369914A0133C6E6336929
:10254000013326E7736824E76B1E9C42BFF4DEAEBE
:102550000A233B5501340AE6B3680B2B894BD4BFE1
:102560000022012203EB8203D3F8A4A050460AF113
:10257000FF3AEEF767FC6A1E2044A0423FF4F7AD35
:10258000A2427FF6C3AE98F800101AF8013F502916
:1025900005D1A3F14101192998BF2033DBB23B5586
:1025A0000134EAE70322336993FBF2F3764A0133FD
:1025B0008CE67368754A0093B368291B381900F0DC
:1025C00011FC9DE6336A002B79DB714803F05BFC5C
:1025D000B9F1000F01D100F0C9F901F0A9FE336A89
:1025E0004FF00109002B4FF02803D4BF0022012235
:1025F00002FB0333C3586648C3F1000A03F04BFCE7
:102600007269291B3819B2F145034FEAE27C6CF17B
:10261000000CBCF1000F02DA03334CF1000C02F1A4
:10262000FF3E4FF0640B9B089EFBFBFE43EA8C735E
:102630004FF4C87B4FEAAC0CB3EB0E036CEBEE7CB3
:1026400002F22B1E463A9EFBFBFE13EB0E03D6F85E
:1026500004B04CEBEE7C40F26D1E0EFB02F24FF02C
:10266000180E9B184CEBE27CF2699B184CEBE27C59
:10267000A3FB0E230EFB0C33D6F808C012EB0C02A2
:1026800043EBEC734FF03C0CA2FB0C2E0CFB03EE67
:1026900012EB0B034EEBEB72A3FB0CE30CFB0233D0
:1026A00032681EEB020E43EBE273BEEB0A0263EBF1
:1026B000EA73CDE90023374A00F094FB20E64FF09F
:1026C000000A9DE7336864E66B1E9C42BFF41EAEB1
:1026D00009233EE73368304A019373680093B36877
:1026E000E9E56B1E9C42BFF411AEB3690BB9372309
:1026F0002FE73033DBB22CE7F369B26907339B1A5B
:10270000072293FBF2F344E63046FFF733FCB2694D
:1027100032B1013A0028F36928DC03D10A33EEE72D
:102720000622F7E7D21A736940F26B71002BA8BF3B
:102730006FF064010B44990714D1642093FBF0F10E
:1027400000FB113181B94FF4C87193FBF1F001FB2B
:102750001033B3FA83F35B09D21A042ACCBF3423B3
:10276000352316E60023F7E70123F5E7012310E6FA
:1027700094F8FFFF2C5902001B5902000D5902006A
:1027800030590200DC3D0200355902004459020074
:10279000A40100203A5902003F5902006C4906A8E2
:1027A000CDE90232EEF756FB06A8EEF74BFB06AB7F
:1027B00003EB000A029B0AF1010AD3464BB106AAB9
:1027C0001354039A052A01D9931F06D1614958462B
:1027D000C4E52B2306AA135404230EA95E4A5046CF
:1027E000A1EB0A0100F0FEFA0028C8BF0AEB000BBB
:1027F000ECE76B1E9C42BFF489ADB3693033A8E6A9
:10280000B2691AB1013AF369073378E70622FAE7A9
:1028100072696423002A04DB92FBF3F103FB1123AA
:10282000B7E502F26C72002AB8BF5242B2FBF3F174
:10283000F4E771694948814206DA4FF02D0CA0EBAC
:10284000010A8DF818C042E601F26C7A17E68DF89D
:10285000181006A93023881C4B7043E6013A1DE688
:10286000013A37E606A937E6336A002BFFF67FAC5C
:102870003B4803F008FBB9F1000F01D100F076F8F6
:1028800001F056FD336A002B4FF02803D4BF00221D
:10289000012202FB0333C3583148C3F1000903F09E
:1028A000FAFA3C21381999FBF1F2002AB8BF5242DA
:1028B000B2FBF1F301FB13224FF46163291B009279
:1028C000284A99FBF3F300F08DFA0028FFF61EADBD
:1028D0000444A5427FF61AAD4FF0010947E4336A7C
:1028E000002BFFF644AC1E4803F0CDFAB9F1000FFF
:1028F00001D100F03BF8336A1B4A002BD4BF002300
:10290000012352F82390484609F1FF39EEF79AFA6D
:102910006B1E2044A04203D1114803F0BCFADBE750
:10292000A34204D919F8012F3A550134F2E70C48B3
:1029300003F0B1FAEAE46B1E9C42BFF4E7AC252336
:1029400007E6002D3FF4E3AC00233B55DFE400BF76
:102950004E590200C55902002059020094F8FFFFA9
:10296000A401002056590200480100202DE9F04F33
:102970008DB0DFF8D8A201F0DBFC0446B4480CF0BF
:10298000D8FFB44F0546D8B9B34BCAF80000186059
:10299000B24BC7E900334A2100220023A56221720D
:1029A00084F830102565C4E90355C4E90555C4E928
:1029B0000823C4E90D55C4E90F55C4E912238AE080
:1029C0000023A54A002000211360A54ACAF8003060
:1029D000A3622365C7E900224A22C4E903332272B5
:1029E00084F83020C4E90533C4E90801C4E90D3393
:1029F000C4E90F33C4E912012B783A2B08BF013523
:102A00002B783C2B5BD16E1C0AAB964A964930461C
:102A100000F014FA00285EDD0A9BDA1E072A5AD855
:102A2000F35C3E2B57D102350A9B05EB0308EB5CA8
:102A30002D2B53D108F101084FF0FF39002308ADC9
:102A400007AA8A49ADF81E304046ADF820300AABDF
:102A50000393CDE901350DF11E0300930AAB00F09D
:102A6000EDF9002837DDBDF81E303C22BDF82060AE
:102A700002FB0366BDF81C304FF4616202FB036683
:102A80000A9B09FB06F608EB030918F803303C2BF8
:102A900040F0F68009F101080AAB754A72494046D8
:102AA00000F0CCF9002820DC99F801303E2B1CD135
:102AB0006C4BA662CAF80060C7E900330BE00AABB2
:102AC000684A6C49284600F0B9F9002803DD0A9BE2
:102AD000033B072BA8D90DB0BDE8F08F2B2B4FF08F
:102AE000010908BF08F10108A8E70A9BDA1E072AB6
:102AF000F1D818F803303E2BEDD109F102090A9BF9
:102B000009EB030819F803302D2B40F0C88008F1B9
:102B100001084FF0FF39002307AA54494046ADF899
:102B20001C30ADF81E30ADF820300A930AABCDE969
:102B3000025301930DF11E0300930AAB00F07EF9DE
:102B4000002800F3B380A6F5616304934FF0000BF7
:102B50000A9B08EB0305A0462B782C2B08BF0135F8
:102B600095F80090B9F14D0F40F0B3800AAB0DF12C
:102B70002602414928460393CDE9013209AA009271
:102B80000DF1220200F05AF90328A4D1BDF8221059
:102B90004B1E0B2B9FD8BDF82420531E042B9AD814
:102BA000BDF82630062B96D888F80890C8F814305F
:102BB000C8E903120A9B05EB030900254FF0020345
:102BC000ADF81E50ADF81C30ADF820500A9599F8BC
:102BD00000302F2B0FD10AAB08AA2849484603938F
:102BE000CDE901320DF11E02009207AA00F026F98C
:102BF000A8427FF7D0AEBDF81E203C21BDF82030A2
:102C000008F1280801FB0233BDF81C204FF4616174
:102C100001FB023348F8103C0A9D4D44BBF1000F04
:102C200054D0049B606823650E4BA6623B60104B3A
:102C30007B6001F081FBA26A236DCAF800209B1A19
:102C4000054A18BF0123136045E700BFE81D0020B7
:102C50006259020048010020EC1D00202C4D0200AA
:102C6000BA4E0200151E0020655902009A59020052
:102C7000091E002078590200865902009959020065
:102C80000AAB2B4A2B49484600F0D8F800287FF7BA
:102C90000FAF0A9B033B072B7FF631AF1BE72B2BB4
:102CA0004FF0010908BF08F1010834E7BDF81E2004
:102CB0003C21BDF8203001FB0233BDF81C204FF44D
:102CC000616101FB023309FB03F33EE74FF0010BA7
:102CD00042E7B9F14A0F4FF00A020BA906BF0135CE
:102CE0004B4644232846059300F01CFCDDF82C904D
:102CF000059BA945ADF8260014D14D23BBF1000F6B
:102D000007D1032123720223C4F814B0C4E90313CA
:102D100053E70B2284F830300123C4E90D2300234C
:102D2000E3634AE780B288F80830C8F8140044E743
:102D3000091E00207859020010B50C4679B10949E6
:102D40002046EEF775F850B107492046EEF770F8C7
:102D500028B123780448002B18BF002010BD02487A
:102D6000FCE700BFAC5902008844020010B583782C
:102D700004469B0612D5436983B19847002812DBAD
:102D8000A37823F00803A3704FF00003D4E85F2F6B
:102D9000C4E8513F0029F9D1002010BD034B1D228A
:102DA0000CF006FE1A504FF0FF30F6E70C00000062
:102DB00010B5837804469B060AD5436943B10122C6
:102DC00000219847D4E89F3F9BB203B1013810BD62
:102DD000034B1D220CF0ECFD1A504FF0FF30F6E7CC
:102DE0000C0000000CB430B589B005460C461C221E
:102DF000002101A80CF0F2FA022305958DF80630A7
:102E00000D4B029323462CB1B4F1004F28BF4FF075
:102E10000043013B1D440DAA0C9901A806950092A0
:102E200000F0E6FB14B1059B00221A7009B0BDE862
:102E3000304002B0704700BF93F901000EB470B586
:102E400089B005461C2200210DAC01A854F8046B82
:102E50000CF0C4FA012301A8224631468DF8063051
:102E6000054B05950393009400F01CFE09B0BDE8E6
:102E7000704003B0704700BF7FF901002DE9F84FA3
:102E800000228046894618F80230511C202B00F0A1
:102E90009E81A3F10900042840F299812B2B0D4655
:102EA00033D02D2B36D01846042440F02003692B54
:102EB00032D06E2B60D000224FF00A0A964694461C
:102EC0001346114614F400666BD040F02007A7F1BA
:102ED000610BBBF1050F64D8573FFFB2BA4540F311
:102EE000F28044F08006E005B6B268D5F40506F439
:102EF000007079D5002F18BF4CF0010C00B90132D9
:102F000018F8050034460135DCE7042418F8010000
:102F1000951CCAE74424F9E7AE4B0026AE4F13F8E0
:102F2000011B49B118F80520681C42F020028A42B2
:102F300026D0AA4A934230D132463B4630463946E3
:102F4000EDF75EF948B918F80530282B05D10135A1
:102F500018F805300135292B14D1630602D507F185
:102F600000431F46B9F1000F02D04544C9F8005094
:102F700030463946BDE8F88F994B0026994FCEE789
:102F80000546CCE723F02002413A192AE0D9A3F103
:102F90003002092ADCD95F2BDAD000260027002571
:102FA000E0E7A0F13007FFB257452DDA44F0800684
:102FB00014F48070B6B299D1BAF10A0F06D0BEF1FE
:102FC0000F0F93DD44F4C076B6B28FE7BEF1100F59
:102FD0008CDD44F4C076042FB6B287D9052F4FF0AC
:102FE000020C08BF074681E700B1013AAAFB03348F
:102FF000FB180AFB014444F1000153EA01003FF4CD
:103000007FAF0EF1010E7BE7FE2F5CD1A70556D5F1
:103010002006C2D5002E40F0968053EA010005F14B
:10302000FF3500F0D180200540F1B2803632B1F595
:10303000800FC0F091806C4FB1F5000F80F091804F
:10304000BA42C0F28E804CEA0303084603F003063E
:10305000032E04D003F00606062E40F08B800433C6
:1030600041F10000B0F5000FC0F084800132B2F5EC
:10307000806F80F2A68000234FF4801102F2FF32AD
:1030800021F4801141EA025718461E46394601F0E4
:10309000D3F80138022804D8544B22220CF088FCC3
:1030A0001A503046394601F0C7F8013802283FF679
:1030B00054AF4E4B22220CF07BFC1A504DE744F4E7
:1030C0000076B6B21CE740F0200004F080077828B4
:1030D00009D147B153EA010A05D144F400664FF023
:1030E000100AB6B20CE7002F3FF457AF6EB3920050
:1030F0007026864291D118F805006E1C2B2804D04A
:103100002D2824D144F48064A4B218F80600A0F15C
:103110003006092E81D8AE1C354640F2D34A00262F
:103120004FF00A0B5645DCBF30380BFB060618F88B
:1031300005000135A0F13007092FF3D9670548BF15
:103140007642324469E72E20D1E76526D1E7A0F127
:103150003007092FE0D960E7DB1802F1FF3249415F
:1031600065E75E0803F00103013246EAC1764908CB
:10317000334361E7B2F5806F23DA9B08B0F5800F27
:103180004FEA900143EA8073BFF478AF002279E7F9
:103190000EEB020010F5A27F10DDB0F59B7F10DA78
:1031A00003F0010040EA0C0001308008181841F1DA
:1031B000000100F04FFE06460F4672E7002600278A
:1031C0006FE70026044F6CE700260027C5E60A4695
:1031D00059E600BFE55902000000F07FE8590200FF
:1031E000E25902000000F87F02FCFFFF0C00000023
:1031F0002DE9F047002280460F4618F80230511C96
:10320000202B00F08281A3F10900042840F27D8187
:103210002B2B0E4636D02D2B39D09946002549F060
:103220002003692B35D06E2B5CD000214FF00A0CA7
:1032300008460C460A4615F4006A66D049F0200E8E
:10324000AEF16103052B60D8AEF1570E5FFA8EFE2A
:10325000F44540F3DB8045F0800315F4807F9BB29A
:1032600062D013F4807F03F4007572D0BEF1000FBA
:1032700018BF44F0010405B9013118F806901D4645
:103280000136D8E7002518F80190961CC7E74025BD
:10329000F9E79F4B4FF0FF4413F8011B49B118F8B1
:1032A0000620701C42F020028A421ED0994A9342A6
:1032B00028D121462046EDF719F848B918F806300C
:1032C000282B05D1013618F806300136292B0ED1EE
:1032D0006B0601D504F100440FB146443E60204620
:1032E000BDE8F0878C4B8D4CD6E70646D4E723F03B
:1032F0002002413A192AE6D9A3F13002092AE2D97B
:103300005F2BE0D000240026E6E7A9F1300E5FFA3B
:103310008EFEE64525DA45F0800315F480799BB2F0
:103320009FD1BCF10A0F05D007289ADD45F4C07380
:103330009BB296E7082894DD45F4C073BEF1040FF4
:103340009BB28ED9BEF1050F4FF0020408BFCE46E6
:1033500087E705B1013902FB0CE2002A8DD001306C
:103360008BE7BEF1FE0F51D1AB054BD52B06C9D56E
:10337000BAF1000F40F09480013E002A00F0C380B3
:103380002B0540F1AB801931B2F1007FC0F0938082
:10339000B2F1806F80F0928011F17E0FC0F28E80CA
:1033A00042EA040303F00302032A04D003F00602F6
:1033B000062A40F089800433B3F1806FC0F0848026
:1033C00001317F2900F39C80DC087F3124F4000464
:1033D00044EAC154204600F053FF0138022804D8C3
:1033E0004F4B22220CF0E4FA1A50204600F048FF1E
:1033F000013802283FF66CAF494B22220CF0D8FA74
:103400001A5065E745F400739BB236E749F0200394
:1034100005F0800C782BE64609D1BCF1000F06D0F0
:103420002AB945F400634FF0100C9BB225E7BCF1BC
:10343000000F3FF467AFBAF1000F33D089004FF0AF
:10344000700C9C4598D118F8063006F1010C2B2B16
:1034500004D02D2B29D145F48065ADB218F80C307D
:10346000A3F1300CBCF1090F86D806F1020C6646B8
:103470004FF00A094FF0000CBCF1DF0FDCBF303B0E
:1034800009FB0C3C18F806300136A3F1300EBEF1F2
:10349000090FF1D96B0548BFCCF1000C61446BE713
:1034A0002E23CBE74FF0650CCBE7A3F1300EBEF136
:1034B000090FDCD960E75200013965E702F001032A
:1034C000013143EA520263E77F2919DCB3F1007F3F
:1034D0004FEA9304BFF479AF002179E7084410F173
:1034E0002D0F0BDB27280BDC02F0010020430130FD
:1034F00002EB90000CF01BF9044676E7002474E719
:103500004FF0FF4471E70024E2E60A4675E600BF8B
:10351000F0590200F3590200ED5902000000C07F8B
:103520000C000000242AF0B5044601D8012A40D13D
:103530002E4B16220CF03CFA1A5001B10C60002000
:10354000F0BD2F463D4615F8010B2028F9D0A0F11B
:1035500009060346042EF4D92B282CD02D282CD173
:103560000126BD1C7B78302B2DD1287840F020001F
:10357000782824D132F0100021D16B782C4610220B
:1035800002350020392B82BF03F1FF3343F02003C3
:10359000263B303B9A421AD9A0FB02040CB9C01852
:1035A00001D346F002062F462C4617F8013B3D4654
:1035B000E8E70746C6E70026D3E70026D3E7002A58
:1035C00008BF0822DDE7002A08BF0A22D9E701B1B7
:1035D0000C60F20748BF4042B307B1D5034B22222B
:1035E0000CF0E6F91A504FF0FF30A9E70C0000008C
:1035F0002DE9F04F43688DB01546804602938378DD
:103600009A0740F10D8100240E78002E00F00A8107
:10361000252E0BD04B1C0393013441463046029BB0
:1036200098470028C0F2F6800399EDE74E788B1C8E
:10363000252E0393F0D00027B946BB46BBF11F0FE0
:1036400038D8A6F12003102B0AD8DFE803F02A09A6
:1036500009300909092109090928092D09091F004B
:10366000A6F13003092B33D92A2E37D11BF0400F96
:1036700055F8043B40F08280002BA7BF4BF0200B95
:103680009946C3F100094BF0280B01E04BF0010B08
:10369000039B13F8016B0393002ECFD130E04BF066
:1036A000020B4BF0040BF3E74BF0080BF0E74BF089
:1036B000100BEDE7BBF17F0F19D8A6F13003092BF2
:1036C000D2D81BF0400F03D00A2101FB0737DFE7F8
:1036D0000A214BF0200B01FB0939D9E72E2E06D128
:1036E0001BF0400F40F09E804BF0400BD0E76C2E5B
:1036F00031D02BD8682E36D06A2E3CD04C2E3AD002
:10370000002F46F02003B8BF2BF04002A3F1650163
:10371000BCBF00271FFA82FB022901D9612B2FD1E0
:1037200007350727DFF8ACA225F0070508351BF0A1
:10373000080F66D00AEB070B56465E4563D1A4EB33
:103740000A0AA9EB070906EB0A026FE1742E9FD063
:103750007A2E9DD0D4E71BF0800F18BF4BF4007B6E
:103760004BF0800B94E71BF4807F18BF4BF4007B79
:103770004BF4807B8CE74BF4207B89E71F4687E77F
:10378000A6F16301122900F2F080DFE811F01300C6
:103790004F00EE00EE00EE00EE004F00EE00EE00F7
:1037A000EE00EE00EE00FE00E900EE00EE001B0071
:1037B000EE00AF0055F8043B01270DF1180A8DF813
:1037C0001830B4E755F804AB834BBAF1000F08BFCB
:1037D0009A461BF0400F504614BF39464FF0FF3158
:1037E0000BF02AFE0746A2E741462020029B98479D
:1037F00000280FDB013EB742F6D34C44B146A41B70
:1038000098E74E46F7E7414616F8010B029B9847AA
:10381000002892DA98F8023043F0040388F8023066
:103820004FF0FF3420460DB0BDE8F08F1BF0800F45
:1038300034D01BF4007F2CD0073525F00705AA46AD
:1038400069685AF8080B2BF010050029ADB237DA79
:10385000404245F4806561EB41010DF1180B0A23EC
:103860005A460BF0A1FEA0EB0B0301936B0662D549
:10387000019B25F001019F4289B240F3A180002EF7
:1038800000F0998015F0100240F09C80BB460D4678
:1038900023E0AA465AF8040BC117D4E7AA461BF442
:1038A000807F5AF8041B01D10846F5E71BF4007F1E
:1038B00019BF48B241F3C01108B241F3C031C2E7A9
:1038C00050EA0103C9D11BF0400FC6D0002FC4D16C
:1038D0002BF01102BB46019795B240F2064115EA62
:1038E00001021CBF0BF1010B00222CE02BF0100297
:1038F0000A231FFA82FB1BF0800C49D01BF40071D5
:1039000015BF0735AA4625F007055AF8040B1EBF58
:10391000AA4669685AF8080B50EA010545D12BF010
:1039200016051BF0400FADB242D0002F40D12BF056
:103930001702019795B215F0100248D0019B002E96
:1039400042D103F1010B29075AD4EB0706D5D9451B
:103950006FDDA9EB0B030199CB465F185B4649E08D
:103960004BF0100B10237826C5E7782B04D1C6F155
:10397000780343F01003BEE741462520029B984799
:103980000028FFF647AF023447E608230026B2E7D7
:10399000AA461BF480715AF8040BBDD01BF40071C9
:1039A0001ABFC0B2614680B2B6E72BF0060295B2EC
:1039B0000DF1180B54E725F01105BB46ADB28CE7AD
:1039C0000D46B8E73B460D4603F1020BBBE7DDF8B9
:1039D00004B082E7FF590200F8590200CDE9043231
:1039E00041462020029B98470028FFF613AF049B16
:1039F000059A01339945F1DCA4EB0B019B46CC18E9
:103A00000AB341463020029B98470028FFF602AFD8
:103A10008EB901342744391B019B994224DC1D4691
:103A200055BB019AA9EB0B09554622441446914413
:103A300033E0019F92E7023441463046029B9847AB
:103A40000028E7DAE6E640F206410D42E2D015F042
:103A5000020F04F10104414614BF2B20202015F46D
:103A6000806F18BF2D20E9E741463020029B0134CA
:103A700098470028CFDACDE606AB013D4146585DB8
:103A8000029B98470028CBDAC4E641462020029BDF
:103A9000013498470028FFF6BDAEA9EB0403002BC4
:103AA000F3DCC1E52DE9F04F8046002089B0824665
:103AB000029207900D4615F8014BACB1202C17D09F
:103AC000A4F10903042B13D9252C17D007A94046CC
:103AD0000BF0C0FD031EC0F2CD80DBB2A3420BD0C1
:103AE00007AA41460BF0C0FD504609B0BDE8F08F73
:103AF00007A940460BF0C0FD2946DBE74C788D1C3A
:103B0000252CE3D02A2C20D1CD1C8C78012600272F
:103B100006E00A2246F0020615F8014B02FB0737C1
:103B2000A4F13003DBB2092BF3D916F0020F08BF62
:103B30004FF0FF376C2C33D009D8682C24D06A2C76
:103B40003CD04C2C35D034B9CEE70026DFE7742CBE
:103B500031D07A2C2FD021469E480BF0F1FE002860
:103B6000C2D016F00103039311BF4FF00009029B6E
:103B700053F8049B02936E2C23D1079A00234846E6
:103B800000960BF08EFDB7E72C78682C03D046F03A
:103B900020060135D7E746F030066C780235D2E7CB
:103BA0002C786C2C02D046F00406F2E746F00C06A6
:103BB000F3E746F00C0615F8014BC4E746F008069B
:103BC000F9E7632C18D116F0020F08BF012707A9E7
:103BD00040460BF03FFD00284CDBB9F1000F01D04F
:103BE00009F8010B013FF2D1039B002B84D10AF1AC
:103BF000010A5FFA8AFA7FE75B2C54D12B78002404
:103C00005E2B06BF01354FF0010B4FF0000B07A9EB
:103C100040460BF01FFD00222E4605F1010E944692
:103C2000114616F8013BFBB1764508D05D2B12D04A
:103C30002D2B04D132B90B4601221946F1E7002A97
:103C400008BF194688424FF00002F6DB9842D8BF01
:103C50004FF0010CF1E7002805DBE34511D107AA7D
:103C600041460BF001FDACB998F8023013F00C0F8F
:103C70003FF43AAFBAF1000F14BF50464FF0FF3097
:103C800033E7B9F1000F01D009F8010B013F4FF004
:103C90000104BCD1B9F1000F01D13546A4E70023DE
:103CA00089F80030F9E707A940460BF0E5FC002849
:103CB000E0DB6F2C58D031D8642C57D0693C18BF4A
:103CC0000124240107A940460BF0C4FC2B2803D093
:103CD0002D2809D146F04006013FC5D007A940462E
:103CE0000BF0B8FC0028BFDB30286ED17B1E04939C
:103CF00006D007A940460BF0ADFC0028049B37DA3C
:103D00000027BB46730602D57F426BEB4B0B3A464E
:103D10005B46484600960BF0C4FC65E7732C0BD05D
:103D2000752C0CBF0A241024CCE7B9F1000F01D088
:103D300009F8010B013F0FD007A940460BF08AFCA0
:103D4000002809DB202803D0A0F10903042BECD8BC
:103D500007AA41460BF088FCB9F1000F3FF444AFCD
:103D6000002389F800303FE70824ABE70A24A9E7DD
:103D700040F0200246F08006782A0ED134F010027E
:103D80000ED1BB1E0493BBD007A940460BF062FCCA
:103D90000028049BB4DB102402E0002C08BF082498
:103DA0000027BB463928024682BF00F1FF3242F0AD
:103DB0002002263A303A94420ED807AA41460BF028
:103DC00053FC32067FF550AF9CE73B46002CE7D111
:103DD0000A24E5E7075A0200A4FB077146F08006B3
:103DE000D71904FB0B1141F1000B013BCDE9043362
:103DF00088D007A940460BF02DFC0028049BD1DA9F
:103E000080E700BFF0B589B005460C461646002194
:103E10001C2201A81F460BF0E1FA0223204605955B
:103E20008DF806300A4B02932CB1B4F1004F28BF35
:103E30004FF00040013805443A46314601A8069546
:103E4000FFF7D6FB14B1059B00221A7009B0F0BD34
:103E500093F901002DE9FF47804616460F460029D9
:103E600000F09E80B1FA81F4341B002E04F10A04A4
:103E7000C0F29E80304600F0CBF80444304600F09B
:103E8000CDF8A4EB060905466946304600F0E6F891
:103E9000A9EB05036A4640467D3339460BF017FC13
:103EA000A64282460D467FDCB9F13F0F7EDC4FF023
:103EB000FF33A9F12000C9F1200103FA00F003FA51
:103EC00009F223FA01F103FA09F3024328EA030392
:103ED0000A4327EA020213430CBF01200020002DF1
:103EE00000F08880B5FA85F3E31A40F2FE7203F21F
:103EF0003E43934200F38780002B23EAE376D4BF4E
:103F000001223246121BA2F23341A2F23447A2F23E
:103F10005344C1F1200C2AFA01F325FA04F4C7F145
:103F2000200E05FA0CFC25FA01F105FA0EFE43EA13
:103F30000C03A2F2544CA2F2544223432AFA07F48F
:103F400025FA0CFC44EA0E0444EA0C04C7F1200CE8
:103F500014F0010F52D0A8B14FF0FF3000FA02F276
:103F600000FA07F4144320FA0CF2B840144303F0AB
:103F700001022AEA000A25EA04054AEA020A5AEA84
:103F8000050A3BD0013341F10002C2F3130253EAA8
:103F9000020136D0184642EA065104B0BDE8F08767
:103FA000B0FA80F420345FE7012098E7002096E71C
:103FB000C6F10009484600F031F8241A484600F0DE
:103FC0002DF8A61B0546694648462E4400F0B8F871
:103FD0006A46404606F17C0339460BF078FB824680
:103FE0000D464046394600F021F881458CBF00203F
:103FF000012074E7BAFA8AF3203375E7C1F313029C
:10400000C8E70136C6E700200049C6E70000F07F98
:10401000014B5843C00C70474F931200024B58435A
:10402000C00C0130704700BF4F93120070B50346BB
:10403000094A00204FF0CC364FF0333506FB03F42D
:1040400002FB0144A3FB023121449D4275EB0104B4
:1040500001D30130F2E770BDCDCCCCCC1A232DE9D1
:10406000F04FB0FBF3FA334E03FB1A0389B004465A
:104070000D4606EB0A1653B9D6E90023C1E9002321
:10408000D6E90201C5E9020109B0BDE8F08F2A4A6C
:1040900002EBC303D3E9008904AB404649460093D1
:1040A000D6E902230BF00BFC06AB83460F464046D5
:1040B00049460093D6E900230BF001FC002381461A
:1040C000DDE9066216EB0B0652EB070828BF012359
:1040D00033B1049B059A013342F10002CDE9043269
:1040E0002046039100F0E4F907461A2000FB0AF08D
:1040F00000F0DEF93F1A32464346484603990097DE
:104100000BF0F8FB0D4A4FEA141C640004F01E0388
:1041100052F82C40DC4004F003042418304641F1EE
:104120000001DDE90423C5E90041414600970BF099
:10413000E1FBA7E7A81C0200D81B0200D83E020042
:104140002DE9F04F1A2700F11905DFF8E0A089B03A
:1041500004460E46B5FBF7F56F434FEA051B0AEB25
:1041600005153A1A0AD1D5E90023C1E90023D5E99A
:104170000201C6E9020109B0BDE8F08F2C4B03EB48
:10418000C203D3E9008904AB404649460093D5E910
:1041900002230BF094FB5AF80B206B68013ACDE92F
:1041A000020106A963F100034046009149460BF065
:1041B00086FB8A46029900238146DDE906526D1886
:1041C000039952EB010828BF012333B1049B059AE0
:1041D000013342F10002CDE90432384600F068F9BB
:1041E0000746204600F064F93F1A2A4643464846EF
:1041F000514600970BF07EFB0E4A4FEA141C6400F8
:1042000004F01E0352F82C40DC4004F00304013497
:104210002418284641F10001DDE90423C6E90041E4
:10422000414600970BF066FBA3E700BF781D020034
:10423000D81B02002C3F02000B4631F0004107D191
:1042400090B10D4A1A40002A14BF04200320704781
:10425000094A13420AD0094B994209D9914209D11E
:10426000B0FA80F040097047022070470320704781
:1042700004207047002070470000F07FFFFFEF7FB1
:1042800030F000400DD0A0F50003B3F1FE4F0AD38B
:10429000421E074B9A4208D9A0F1FF4358425841A9
:1042A000704702207047042070470320704700BF0A
:1042B000FEFF7F002DE9F84F05461B48894601F0B7
:1042C000E2FD1A4BD3F800B0BBF1000F06D02B462D
:1042D0001C4613F8012B3AB13D2AF9D1124801F0DE
:1042E000DAFD0020BDE8F88F641BDA4656465AF81E
:1042F000048BB8F1000FF1D02246294640460BF05E
:104300002CFB0028F2D118F8043008EB04073D2BF1
:10431000ECD1A6EB0B060448B610C9F8006001F01A
:10432000BAFD781CDEE700BFA40100205001002088
:1043300000487047180A00202DE9F0470446FFF7AF
:10434000F7FF40F2B1739C4240F3AC806FF4F66229
:10435000A4F2B2736FF4C86500F15007A11840F2DF
:104360006D12514E8910446002FB03116FF063021D
:10437000A4F26D7393FBF2F34FF4C87219446319FE
:10438000B3FBF2F302461944137A55694A2B3CD128
:1043900014F0030F01EB050334D14FF0640E94FBCE
:1043A000FEFC0EFB1C4CBCF1000F08D14FF4C8788A
:1043B00094FBF8FE08FB1E4EBEF1000F05D13B2D0D
:1043C000D4BF4FF0000C4FF0010C6344013B9569E2
:1043D0004FEAE57CC3FB065C936AED184CEBE37394
:1043E000C2E9085328329742CED1D0E90843D0E938
:1043F00012128C429341B4BF0123002303600120B9
:10440000BDE8F0874FF0000CDFE7442B01D14B19DA
:10441000DDE7A3073DD14FF0640C94FBFCF30CFBEC
:104420001343C3BB4FF4C87C94FBFCF30CFB134356
:10443000B3FA83F35B094FF00C0CDFF87080D2F80D
:104440000C900CFB03880B4608F1FF3C9CF801E044
:104450000CF1010A0CF1020CACEB080CE1451CDC80
:1044600003F104084FF0070C98FBFCFCCCEBCC0CE0
:10447000A8EB0C0CB5EB0C0C156905F1FF3548BF2A
:104480000CF1070CC5EBC5056544754508DA2B44EE
:104490009DE70023CFE70123CDE77344D446D5E75A
:1044A000073DF2E70020ABE780510100135A0200FC
:1044B000024B5843C00C0130704700BF4F931200AD
:1044C000704700B589B0002104A8ECF79BFF03A852
:1044D000EDF79AF804A800F088F803A8EDF7A6F81D
:1044E0004FF47A7104A800F094F801A8EDF7C8F829
:1044F00001A8EDF7CFF808220DF11F0101A8EDF793
:10450000E3F804A8ECF78CFF04A8EDF703F8F8E74C
:1045100008B54FF6FF710120ECF75CFF08BD38B518
:1045200013468568046912F4801F07D012F4402FE7
:1045300004D012F0010F01D082F4402323F4801242
:1045400013F0010F0AD023684FF0010C0CFA01FCA4
:1045500043EA0C0323602B68984738BD23684FF06B
:10456000010C0CFA01FC23EA0C032360F3E708B505
:1045700003468C4600681979DA8842EA0C02FFF794
:10458000CEFF08BD08B532B1012303FA01F18368FB
:10459000DB68984708BD012303FA01F183681B69B2
:1045A0009847F7E710B503691C6801238B401C424C
:1045B00002D0B2FA82F25209FFF7E4FF10BD08B54B
:1045C00020EAE070C117C90341EA5041C00340F23C
:1045D000E733C0184FF47A724FF0000341F1000145
:1045E000EBF7B6FE03F068FC08BD38B5044600687A
:1045F00003F014FA48B102254FF4D0112046FFF71A
:10460000B6FF002803DB284638BD0325F4E7012563
:10461000F9E74181704710B584688AB1964602EB8C
:10462000420C4FEA8C0CACF10C0C8C449CF808202A
:1046300042F002028CF80820A4687246A04710BD20
:104640000020FCE700B585B00191029202228DF8AE
:104650000C20012201A9FFF7DEFF05B05DF804FB85
:1046600000B585B00191029203228DF80C20012241
:1046700001A9FFF7D0FF05B05DF804FB08B54FF6C0
:10468000FF710120ECF7E4FF08BD0020704700EB4C
:10469000C1018368B3F5004F0AD322B14B6843F0E0
:1046A00001034B6070474B6823F001034B60704778
:1046B00022B14B8843F001034B8070474B8823F0B5
:1046C00001034B807047C9008368B3F5004F03D3E3
:1046D00008231944084470470423FAE710B400EB98
:1046E000C10C8468B4F5004F19D3DCF80C30994242
:1046F00018D0B4F5004F21D3DCF80810043240F88C
:10470000223000EBC102B4F5004F1AD3D36000EBA6
:10471000C3038268B2F5004F15D399600CE0BCF872
:104720000630E4E7C3680121914023EA0103C36036
:104730000432002340F8223010BC7047BCF804104B
:10474000DCE7D380E3E79980F6E7131D50F82330C8
:10475000DBB9C3684FF0010C0CFA02FC43EA0C030E
:10476000C360043240F8221000EBC1038268B2F546
:10477000004F06D399608268B2F5004F03D3D96029
:1047800070479980F7E7D980704710B500EBC30CEC
:104790008468B4F5004F1CD3DCF8082000EBC10E90
:1047A000B4F5004F18D3CEF808208468B4F5004F54
:1047B00015D3CEF80C3000EBC2028368B3F5004F7E
:1047C00010D3D1608368B3F5004F0DD3CCF8081037
:1047D00010BDBCF80420E1E7AEF80420E5E7AEF830
:1047E0000630E8E7D180EDE7ACF80410F0E730B42C
:1047F00000EBC10C8468B4F5004F29D3DCF80450F9
:10480000531A891A01EB55015D00B4F5004F22D30C
:10481000CCF804504C0000EBC20C8568B5F5004F95
:104820001CD3CCF804408468B4F5004F19D340F889
:1048300032308368B3F5004F16D3DCF8044002EB46
:104840005402B3F5004F12D340F8321030BC704719
:10485000BCF80250D4E7ACF80250DBE7ACF80240F9
:10486000E1E720F83230E4E7BCF80240E7E720F85F
:104870003210EBE730B400EBC1018468B4F5004FAF
:104880001ED34B685B0800EBC20CB4F5004F19D384
:10489000DCF8045003EB55035D00B4F5004F14D36E
:1048A0004D608168B1F5004F11D3DCF8044002EB94
:1048B0005402B1F5004F0DD340F8323030BC704790
:1048C0004B88DFE7BCF80250E4E74D80E9E7BCF82D
:1048D0000240ECE720F83230F0E78368B3F5004F90
:1048E00004D30823C91A081AC00870470423F9E73B
:1048F00008B58368B3F5004F07D300EBC1025268D7
:104900005208012A02D0002200E00022A2B900EBE6
:10491000C102B3F5004F10D352685208B3F5004FEF
:104920000DD308230833A2EBD3020132B2FA82F28C
:10493000C2F11F02FFF7D2FE08BD5288EDE7042343
:10494000F0E708B58368B3F5004F07D300EBC10269
:1049500052685208012A02D0002200E00022A2B9C7
:1049600000EBC102B3F5004F10D352685208B3F503
:10497000004F0DD308230833A2EBD3020132B2FA61
:1049800082F2C2F11F02FFF7E0FE08BD5288EDE798
:104990000423F0E7F8B504460D46CE0000EBC1074E
:1049A0008368B3F5004F1FD3796805EB510104EB21
:1049B000C102B3F5004F19D3536813F0010F17D09C
:1049C000A368B3F5004F24D3A159691A04EBC102BF
:1049D000B3F5004F1FD3536813F0010F1DD02946C4
:1049E0002046FFF7AEFFF8BD7988DEE75388E4E79D
:1049F0002046FFF77DFFA368B3F5004F07D37A6821
:104A000005EB520229462046FFF734FFD8E77A88A3
:104A1000F6E7A15BD9E75388DEE72046FFF768FF9A
:104A2000A368B3F5004F0CD3A1592A46691A204652
:104A3000FFF720FFA368B3F5004F04D3A359ED1A85
:104A4000CDE7A15BF1E7A35BF9E7F8B58568B5F5BC
:104A5000004F10D308230833A1EBD3030133B3FA7B
:104A600083F3C3F11F02C3F1230450F8246046B35B
:104A70004FF0030C12E00423EDE7BEF8027017E0DC
:104A80002146FFF72BFE24E0BEF80640171D40F834
:104A90002740BCF1010C14D0A64212D0141D50F8CE
:104AA000244000EBC40EB5F5004FE6D3DEF80470E9
:104AB000B1EB570FE4D9B5F5004FE5D3DEF80C4064
:104AC000E4E7C468C3F12002012393405B421C4029
:104AD00001D12046F8BD94FAA4F2B2FA82F2131D75
:104AE00050F823402146FFF7F9FDF2E779B138B5D8
:104AF00005682846FFF7F1FE0446002201462846D5
:104B0000FFF7C5FD21462846FFF744FF38BD704733
:104B100070B50568A1B30B46AA68B2EBD10F31D9C5
:104B2000B2F5004F1DD308229C180734E408214633
:104B30002846FFF78AFF064630B305EBC003AA6894
:104B4000B2F5004F0FD35B68B4EB530F0DD30122C6
:104B500031462846FFF79BFD31462846FFF7B3FD57
:104B600070BD0422E0E75B88EEE73444224631461C
:104B70002846FFF73CFE21462846FFF7E2FEE6E71F
:104B80000020EDE70020EBE70020E9E72DE9F04108
:104B9000144606684B420B4001F1FF3818EA010841
:104BA0000CD0B268B2F5004F06D30822934257D218
:104BB0001A464546984609E00422F7E70D46B368D1
:104BC000B3F5004F45D30822954244D9002C62D05A
:104BD000B368B3EBD40F60D92919891AB3F5004F24
:104BE00041D3082319440731C9083046FFF72DFF88
:104BF0000746002853D001463046FFF764FD00EB1E
:104C000008032B44013BB3FBF5F303FB05F5A5EBD0
:104C100008052C44073424F0070429463046FFF7E2
:104C20005CFE8046A41BE41087421ED306EBC8033B
:104C3000B268B2F5004F22D35B6808EB53039C4285
:104C40001FD3012241463046FFF721FD2846BDE82B
:104C5000F0810422B8E72146FFF75AFF0546F5E741
:104C600045469846B2E70423BCE70246394630463B
:104C7000FFF7BDFD39463046FFF763FED6E75B8898
:104C8000DBE7224641463046FFF7B1FD214630467C
:104C9000FFF757FED5E70025D8E70025D6E7002522
:104CA000D4E7F8B5B2F5802F23D30823D21ACC1D50
:104CB00024F0070401EB020C2CF0070CACEB040C05
:104CC0004FEADC010460A1600023E360BCF5802FA3
:104CD00011D308230833A1EBD3030133B3FA83F3D1
:104CE000C3F1200EC3F124039B00DE1DF508002351
:104CF00008E00423DAE70423ECE71A1D002044F857
:104D0000220001337345F8DB6B00BCF5802F32D3F2
:104D10006360BCF5802F30D300232360BCF5802F67
:104D20002ED3636843F0010363604A1B570026F0EB
:104D30000703E018BCF5802F27D34760A068B0F5C3
:104D4000004F24D3E5502CF00703A444A068B0F52D
:104D5000004F1ED30020CCF80400A068B0F5004F2F
:104D60001BD3E25001222046FFF791FC2946204642
:104D7000FFF7E7FDF8BD6380CBE700232380CDE795
:104D8000638843F001036380CFE74780D6E7E552AD
:104D9000D9E70020ACF80200DFE7E252E2E710B505
:104DA0000C4611461A46029BA04710BD4038C0B2BF
:104DB0003A288CBF002001207047F8B506460378DA
:104DC0004578847804EB83040444002706E001342A
:104DD0002046ECF737F8013004440137AF42F6D3F0
:104DE000A01BF8BD70B5144668B10D4619460646BD
:104DF0002BB91046ECF726F883B2013399B22A4654
:104E00002046B04770BD1046ECF71CF80130F9E7BA
:104E10005BB32DE9F04782B00746884691461D46B0
:104E20001A785E789C78DB7804EB820404EB430408
:104E30002C444FF0000A0AE014F8013B45F82340E7
:104E40002046EBF7FFFF013004440AF1010AB245A6
:104E5000F2D305F1080300936B684A464146384691
:104E6000FFF79DFF02B0BDE8F0876FF015007047B7
:104E70002DE9F0410446884600273E4607E0702DA4
:104E800018D02846FFF792FFB8B9252D0ED014F898
:104E9000015B75B1002EF8D04745F0D02846FFF7EA
:104EA00085FF0028F1D001370026EEE786F00106E5
:104EB000EDE700263046BDE8F0810026FAE7002045
:104EC000704708B500F0D4FC08BD0FB400B583B03E
:104ED00004A951F8040B0191FFF7F3FF03B05DF84B
:104EE00004EB04B07047036913F0080F08D1C368DE
:104EF0000268934207D8436A9B1A0B6001207047EF
:104F00000020086070479B1A0B60002070470369FF
:104F100013F0080F07D1826843689A4203D89B1A9E
:104F20000B6000207047436A82689B1A0B60012067
:104F3000704710B582B0044601A9FFF7D4FF20B135
:104F4000E368019A1344013B0193606A019BC01A14
:104F5000013802B010BD38B5036913F0040F00D159
:104F600038BD0446856AFFF7E4FF854202D9A06A8E
:104F7000A062F5E72046FFF7DCFFF9E7C3681944B4
:104F8000036913F0010F04D1426A914204D3891AD4
:104F900002E0426A013A1140C16023F00803036154
:104FA000704710B400236FF3000343F0020361F372
:104FB0009F03026A046842F8243003680B440269C4
:104FC00012F0010F04D1446AA34204D31B1B02E078
:104FD000446A013C23400360C4689C420AD0436891
:104FE0001944036913F0010F08D1436A994208D3A9
:104FF000C91A06E042F008020261F0E7436A013B89
:105000001940416010BC70472DE9F04F83B0044651
:10501000019117469846056AC66805EB860B15F898
:10502000263003F00303022B24D0002100233B6031
:10503000C8F8003019BB236913F0020F75D0E3697B
:1050400058469847824615F8269019F001096ED007
:1050500015F8263013F0020F3BD0019BBBB96268F4
:105060005244236913F0010016D1616A8A4216D3B3
:10507000521A14E055F82610C1F39D01D6E72046D8
:10508000FFF77CFFE368A3604FF001094FE019468A
:105090002046FFF786FFE2E7616A01390A40626055
:1050A000E168A268914206D0A2682260E26043F003
:1050B000080323613BE0524420B9616A8A4204D369
:1050C000521A02E0616A01390A40A2604FF00009F9
:1050D000EAE701462046FFF751FFE368A360019B22
:1050E00023B1236A2268002143F82210019B534414
:1050F000C8F8003022681344226912F0010F04D16D
:10510000616A8B4204D35B1A02E0616A01390B4089
:10511000236042F00802226115F826306FF3000385
:1051200005F82630C7F800B001E04FF00009484606
:1051300003B0BDE8F08F30B45318046914F0010FC8
:1051400004D1456AAB4204D35B1B02E0456A013DD2
:105150002B4005689D4214D000236FF3000343F0F9
:10516000020362F39F03046A44F821304368134446
:10517000026912F0010F09D1426A934209D39B1AC6
:1051800007E0016024F00804046103E0426A013A88
:105190001340436030BC704738B504460D462022AA
:1051A00000210AF01BF9EB68E361AB68A3612B688F
:1051B00023626B6863620022A2622A6922612BB1BA
:1051C000591E0B4202D142F00102226104F12C006F
:1051D0000122002102F00DFD38BD2DE9F04F87B00E
:1051E0009A46002305930393436A8B42C0F089805B
:1051F000044689469346002301930126009341E02B
:1052000001992046FFF797FF0023039345E0236AA7
:10521000226803EB8201009113F822106FF3000162
:1052200003F82210C9B26FF3410103F8221023687A
:105230004B44226912F0010F04D1616A8B4204D3FE
:105240005B1A02E0616A01390B402360E168994210
:1052500001D0002608E042F008022261002603E0A7
:105260002046FFF79EFE2E4688F31188BFF36F8F0E
:10527000059929B1A3690BB12046984700230593EE
:10528000002E40D0EFF31187202383F31288BFF361
:105290006F8FB846039A002AB2D104A92046FFF7BF
:1052A00022FE054604994945B1D20028D8D15AEAD0
:1052B0000B030BD1002ED7D02368019303AB05AAB3
:1052C00004992046FFF7A0FE0646CDE702F0B5FCA4
:1052D0000028EFD1002FEDD187F31188BFF36F8F36
:1052E00004F12C005A465346F2F76CFAEFF311889A
:1052F000202383F31288BFF36F8FB0FA80F676090C
:10530000B2E700230093009807B0BDE8F08F70B5B6
:1053100004460D46C36908469847EFF311862023DB
:1053200083F31288BFF36F8F2B7843F001032B7048
:1053300063681844236913F0010F04D1636A98422B
:1053400004D3C01A02E0636A013B18406060204643
:10535000FFF701FE86F31188BFF36F8F70BDF0B5C4
:1053600083B004462EE053F8220080084DD143E07C
:10537000626A013A1340A3602046FFF7FFFD012354
:105380001BE013F8221041F0020103F82210A76875
:10539000E369304698473844236913F0010F04D17C
:1053A000636A984204D3C01A02E0636A013B184062
:1053B000A060002301E000231E4685F31188BFF39F
:1053C0006F8F8BB3EFF31185202383F31288BFF324
:1053D0006F8F01A92046FFF79AFD236AA26803EBAD
:1053E000820601990029E6D013F8221011F003017A
:1053F00017D00229B7D0002013F8221011F0010FA6
:10540000BFD110B9E36930469847A3680146034409
:10541000226912F0010FABD1626A9342ABD39B1A9F
:10542000A9E700231E46C8E7304603B0F0BD70B5BB
:1054300004460D46C369084698470146EFF31186B6
:10544000202383F31288BFF36F8F2B786FF3000351
:105450002B70236913F0020F0AD0236AE26803EB72
:105460008203AB4204D02B6860F39F032B600AE0F9
:105470002B786FF341032B70E268A3689A420BD03C
:105480002046FFF77BFD86F31188BFF36F8F04F191
:105490002C00F2F753F970BD0B44226912F0010F92
:1054A00004D1626A934204D39B1A02E0626A013A11
:1054B0001340A360E4E710B582B0EFF3118420231A
:1054C00083F31288BFF36F8F01A9FFF720FD84F3E8
:1054D0001188BFF36F8F0198003818BF012002B008
:1054E00010BD01F00701838B23F007030B43838377
:1054F00070472DE9F04106460F469046816821B17C
:105500000C683CB131B90C4604E00C4602E023467D
:1055100021461C4669B14D6843463A463046A84785
:10552000002CF4D02368002BF2D0002CF0D12346BD
:10553000EEE7BDE8F081838B13F0070303D1026827
:105540000AB103207047022B03D0012B06D00020A4
:105550007047C28B002AF8D10420704703680BB152
:10556000052070470020704710B504468C46838B99
:10557000002A07DB03F007035A1F012A0ED9042B68
:1055800036D010BDD0E900018CE803000023236071
:10559000636001212046FFF7A4FFF2E7D0E9000194
:1055A0008CE80300002222606260062B1BD1DCF82D
:1055B000003053B1E28B0132E2831A461B68002BA4
:1055C000F7D0002AF5D11346F3E702212046FFF772
:1055D00088FF2046FFF7AFFF0028D2D0A38B43F00F
:1055E0002003A383CDE700212046FFF77AFFF0E7F1
:1055F0000021FFF776FF2046FFF79DFF0028C0D06F
:10560000A38B43F02003A383BBE750B110B50C4636
:1056100051B1081D00F0C1F810B9A368032B06D8DA
:1056200010BD6FF0150070476FF01500F8E76FF0D0
:105630001500F5E72DE9F04107460C4616461D46D4
:105640001946201D00F0C0F828B180462B4632468E
:1056500021463846C047BDE8F0812DE9F04180463B
:105660000C4617461E4604E033463A464046FFF7CE
:10567000E1FF216831B10D68256063688B42F3D189
:105680006560F1E7BDE8F08108B5EFF311824FF0F6
:10569000200C8CF31288BFF36F8F81610121ECF72E
:1056A0001BFD08BD70B138B50C46054669B10B68E5
:1056B00073B14B687BB12022002109F08FFE2C6171
:1056C000002038BD6FF0150070476FF01500F8E747
:1056D0006FF01500F5E76FF01500F2E770B50546BD
:1056E0000E46FFF792FF041E2EDBEFF311822023FC
:1056F00083F31288BFF36F8FB5F81CC00CF0070C52
:10570000EB8B4FF6FF718B422CD06446BCF1020F3D
:1057100008D0BCF1060F19D8DFE80CF01E181818D5
:105720001E2A1E000133EB8301230021084628B105
:1057300000203060686808B306606E6009BB82F3C1
:105740001188BFF36F8F0BBB204670BD6FF0040450
:10575000002319461846EAE7BCFA8CF149090023F0
:105760000120E4E76FF00A04002319461846DEE73B
:105770006FF08504002319461846D8E76E602E6046
:10578000DCE702212846ECF7A7FCDDE700236246B0
:1057900031462846FFF74EFFD6E7024658B1436828
:1057A00003F00303012B03D0032B07D1036843B19C
:1057B0000020906070476FF0150070476FF0150083
:1057C00070476FF0150070470346426802F003020D
:1057D0008160032A03D1006800225A6070470020CC
:1057E000FAE77047037813F0040F01D000207047E8
:1057F0000368C3F34A2000EB1350173020F0070072
:105800008008704710B504460368DB6803B1984709
:10581000636801229A7110BD002070470120704713
:1058200008B501F0B4FB08BD08B520EAE070C11767
:10583000C90341EA5041C00340F2E733C0184FF4B6
:105840007A724FF0000341F10001EAF781FD02F0A6
:1058500033FB08BD08B500220023FFF7BEFC08BDDE
:1058600008B5FFF7E4FD08BD08B5FFF724FE08BD45
:1058700000B585B00391029000200190009003468E
:1058800002460146EDF792F805B05DF804FB08B555
:105890000120ECF7F7FD08BD08B5ECF787FE08BD61
:1058A00008B5FFF734FDECF71BFF08BD002070477B
:1058B00008B54368DA7143681960436801225A7178
:1058C000ECF7D0FD08BD70B5536896689B1B8B4202
:1058D0000CD30C46154613680A460146981909F080
:1058E00056FDAB682344AB60204670BD6FF01B00D3
:1058F000FBE770B588B10E4614461946054633B12C
:105900001030C2F34A23120D184409F040FD2C60F8
:105910006E602846ECF722FF70BDECF7B3FDFBE7A5
:105920002DE9F04383B006460F4615461C4603F1A9
:1059300001094FEA890808F1170020F007008008E4
:10594000ECF72CFE002201928DF8049068B100F172
:10595000140C019B0361964605E055F82E304CF877
:10596000043B0EF1010EA645F7D3002267F388121F
:1059700068F3532200233146FFF7BBFF03B0BDE8B5
:10598000F08300B583B00192012301AAFFF7C8FF9D
:1059900003B05DF804FB00B583B0009201930223CD
:1059A0006A46FFF7BDFF03B05DF804FB00B585B0A4
:1059B00001920293069B0393032301AAFFF7B0FF12
:1059C00005B05DF804FB08B5ECF744FF08BD2DE910
:1059D000F04180460768856843681C685E6805E09A
:1059E000324621462846B847241A0544002CF7D1F0
:1059F000D8F8043000221A60BDE8F08138B50546B9
:105A00000C464B681A68CB689A420BD06368D3E89F
:105A1000EF2F511CC3E8E01F0028F8D1A3689D5464
:105A2000002038BD0846FFF7D2FFEFE738B504463F
:105A30000D460A2805D029462046FFF7DFFF002043
:105A400038BD0D20FFF7DAFFF5E708B51346012250
:105A5000EDF766F808BD08B513460022EDF760F8CB
:105A600008BD38B505460C4601F00101FFF7F3FF0C
:105A700021462846EDF7E6F838BD2DE9F04383B01E
:105A800080460E4615461F46DDF828902C46102D00
:105A900028BF1024CDF800903B46224631464046B0
:105AA000EDF7E4F826442D1BF0D103B0BDE8F083F8
:105AB0002DE9F04387B006460C469046D1F8089091
:105AC0000F88C7F382170878C0F3C2050846ECF7C1
:105AD000C3FF011E1ADA0023214651F8105BC5F3FB
:105AE0004A256288C2F30B12481905B90021CDF886
:105AF000148004920390029101970022009249467B
:105B00003046EDF715F907B0BDE8F0832846ECF70D
:105B10007BFE0346E0E72DE9F04180460768856893
:105B200043681C685E6805E0324621462846B8474F
:105B3000241A0544002CF7D1D8F8043000221A604A
:105B4000BDE8F08143681B685B68196100207047FD
:105B500043681B681A6852685360704708B5436809
:105B60001B685A68012111751868FFF7D4FF08BD3A
:105B700008B543681B681868EDF71EF908BD38B50D
:105B80000C4643681D686B681869ECF753FC0346C4
:105B90000F2221462868984738BDFEE708B5014620
:105BA0000068EDF75FFB08BD08B5EDF777FBEDF793
:105BB000A1FB08BD08B50B4601461846FEF765FD7A
:105BC00008BD0020704708B500231370CB1E092BB9
:105BD0001AD8DFE803F005090D111919191919145C
:105BE0001146EDF7DDFD08BD0021EDF7C7FCFAE732
:105BF0000021EDF74DFDF6E7EDF7CEFBF3E711469B
:105C0000EDF742FC0020EEE7EDF74CFC0020EAE760
:105C100008B540B2EDF75CFF08BD08B540B2EDF73E
:105C200065FF08BD08B5013140B2EDF771FF08BD51
:105C300008B500210120EDF715FB08BDD0F8943020
:105C400083F30B88704761B662B680F31188BFF3A7
:105C50006F8F704708B572B6002383F31188BFF3C6
:105C60006F8F00F029F950B1BFF34F8F30BF00BFE5
:105C700000BF00BF00BF00BF00BF00BF00BF62B6D3
:105C8000BFF36F8F08BD10B5044672B6002383F3CF
:105C90001188BFF36F8F00F00FF950B1BFF34F8F32
:105CA00020BF00BF00BF00BF00BF00BF00BF00BFDC
:105CB00000BF84F31188BFF36F8F62B610BD40E858
:105CC00000F010F4803F01D0C0B270476FF01500B3
:105CD000704708B50B6823F01F0C0B7A03F01F0EFA
:105CE000CA6822F01F025B0942EA430242F0010245
:105CF0004CEA0E01EDF7EEFF08BD43681F2B08D9F3
:105D000013F01F0F07D1036813F01F0F05D00020F9
:105D1000704700207047002070470120704770B521
:105D200004460E46FFF7CBFF05463444601EFFF7DE
:105D3000C6FF854201D1284670BD6FF01505FAE710
:105D400010B584B00B6800934C68B1F808C09DF89A
:105D500008206CF304028DF808204989D2B261F35F
:105D600047128DF8082023F01F032344013B23F042
:105D70001F0303936946EEF707F804B010BDF0B5B2
:105D800087B0054605A8EDF781F80646002422E015
:105D90005768095827F01F0392681344013B23F00A
:105DA0001F03019702919DF80C20012161F3040269
:105DB0008DF80C20D2B2022161F347128DF80C202D
:105DC000049301A92878EDF7DFFF002847DB2B7843
:105DD00001332B700134B44244D22001059901EB08
:105DE0000412D3681B0D1B05B3F5001FD0D0B3F50B
:105DF000800F1BD0B3F5801FECD15768095827F0EE
:105E00001F0392681344013B23F01F030197029183
:105E10009DF80C20012161F304028DF80C20D2B210
:105E200061F347128DF80C200493CAE757680958AC
:105E300027F01F0392681344013B23F01F030197CF
:105E400002919DF80C20062161F304028DF80C20CC
:105E5000D2B26FF347128DF80C200493B1E76FF0C4
:105E6000150000E0002007B0F0BD08B5EEF780F89F
:105E700008BD08B5EDF758FF08BD08B50B694969BD
:105E80009847002008BD08B54FF0FF324FF0FF33B0
:105E9000F1F77EFB08BD08B5F1F7FAFB08BD08B5C0
:105EA000EEF7E0F8002008BD08B5F1F771FB08BD7A
:105EB00008B5EEF799F908BD08B5EEF757F908BD32
:105EC00008B5FFF7F5FF08BD08B5EEF739F908BDCD
:105ED0004FF47F03D3F83021D3F83431072A01D0AF
:105EE00000207047042B03D8022B03D300207047F7
:105EF000012070470120704738B505460C464FF029
:105F000050230122C3F814260020EEF7E3F9002104
:105F10002846A04738BD70B5044619B10123C0F822
:105F2000143670BDFFF7D4FF18B90023C4F8143637
:105F3000F7E70126C4F818660025C4F814560520B2
:105F400001F0E0F8C4F81466304601F0DBF8C4F85C
:105F50001456C4F81856E4E738B505460C46012037
:105F6000EEF7B8F900214FF05020FFF7D4FF0021E1
:105F70002846A04738BD0346032929D8DFE801F0A9
:105F8000020D1823D3F81804C0F300400AB3D3F865
:105F9000183403F0030313707047D3F80C04C0F3F4
:105FA0000040B2B1D3F80C3403F001031370704712
:105FB000D3F85C04C0F300405AB1D3F85C3403F06A
:105FC000010313707047D3F85404C0F300407047C6
:105FD00000207047006901EB4101890080310844CD
:105FE0007047406801EB410100EB81007047006998
:105FF00000EB4110704708B5C9B2FFF7EBFF8068AE
:1060000000F0070008BDEFF31182202383F312880C
:10601000BFF36F8F036813F0C00301D08B4207D129
:1060200001230360002082F31188BFF36F8F704754
:106030004FF0FF30F7E7EFF31182202383F312884C
:10604000BFF36F8F036803F0C00C03F00703012B4D
:1060500008D08C4509D04FF0FF3082F31188BFF390
:106060006F8F704701600020F7E76FF07700F4E76B
:10607000EFF31182202383F31288BFF36F8F03683D
:1060800003F0C00343F00203036082F31188BFF3FF
:106090006F8F7047F8B506460C46FFF79BFF056803
:1060A0004768002340F8083BFFF7E2FF1DB13A467E
:1060B00021463046A847F8BD70B506461546CCB215
:1060C0002146FFF787FF29460830FFF79CFF00288D
:1060D00006DB21463046FFF784FF436898470020DF
:1060E00070BD08B58022FFF7E7FF08BD2DE9F0413C
:1060F000064690461F46CDB22946FFF76BFF044681
:1061000006990830FFF797FF002809DBC4F80080E4
:10611000676029463046FFF764FF03689847002010
:10612000BDE8F08110B582B080240094FFF7DEFF57
:1061300002B010BD10B51446C9B2FFF758FF0021D8
:10614000A04710BD08B50120EFF74AFE08BD08B50D
:106150000320EFF745FE08BD08B50220EFF740FE2B
:1061600008BD08B50020EFF73BFE08BD08B50120CB
:1061700001F078F808BD08B5032001F073F808BDF8
:1061800008B5022001F06EF808BD08B5002001F046
:1061900069F808BD08B520EAE070C117C90341EAF3
:1061A0005041C00340F2E733C0184FF47A724FF009
:1061B000000341F10001EAF7CBF801F07DFE08BDD4
:1061C00008B51046F1F7BAFA08BD0B4639B11168A7
:1061D000196041688A4209D0002313607047136830
:1061E000036041688A42F7D14360F5E74360F3E713
:1061F00008B50A460368002101E019461B682BB167
:106200009342FAD1FFF7E1FF012000E0002008BD32
:1062100038B505460C460321A047002806DB0121BE
:106220002846A047002800DB002038BD10F1860F6B
:10623000FBD1F4E770B504460D461646036833B14A
:10624000FFF7D6FF70B91EB96FF0150006E032B146
:1062500023682B602560636843B1002070BD6FF038
:106260001500FBE7002EF3D10020F7E76560002062
:10627000F4E770B50E461546016821B10C683CB1D3
:1062800031B90C4604E00C4602E0234621461C4688
:1062900071B18A682A4002D04B6830469847002C7A
:1062A000F3D02368002BF1D0002CEFD12346EDE78B
:1062B00070BD0069003818BF0120704710F0100F42
:1062C00004D110F0200F03D1002070470320704745
:1062D0000120704743685B681B690B6000207047B2
:1062E00043685B6802EA010021EA02019860D96014
:1062F0000020704743685B689960002070474368DE
:106300005B68D9600020704743685A68536821EA87
:1063100003000B409060D36000207047B0F5800F01
:1063200007D0B1F1C06F0DD0B1F1007F08D00120CE
:106330007047B1F1007F01D00520704704207047FD
:10634000022070470320704708B500690430FFF74A
:1063500071FF08BD10B500F01F044009EEF704FA04
:1063600030B1014600690122A2400430FFF781FFED
:1063700010BD002070470020704708B521B10129E9
:1063800005D06FF0850008BDFFF7F3FFFBE7FFF7CF
:10639000F2FFF8E708B51146103001F045FA08BDE4
:1063A00008B500F069F808BD38B504460569012252
:1063B0001146284601F01DFC05F1100001220021C4
:1063C00001F017FC2046EEF753FD38BD08B500225A
:1063D00001210920FFF726FC08BD08B50069F1F787
:1063E000F1F908BD08B50069F1F7A8F908BD38B59D
:1063F00005460C460321A047002806DB012128465C
:10640000A047002800DB002038BD10F1860FFBD12B
:10641000F4E710B582B0044601AA00F036F800286F
:1064200005DB019B226819791868EEF7EBFD02B0D5
:1064300010BD10B544680021606AFFF7EAFF2046EE
:10644000F0F786FC10BD10B544682046F0F790FCCC
:106450000121606AFFF7DDFF10BD08B529B10129F0
:1064600007D1FFF7E6FF002005E0FFF7ECFF002073
:1064700001E06FF0850008BD10B54468FFF7E3FF49
:106480002046F0F795FC002010BD00B5436813606E
:1064900001E008331360136890F808C0D0F804E0F6
:1064A0000EEBCC0C634505D293F805C08C45F0D1BA
:1064B000002001E06FF001005DF804FB08B511B9A0
:1064C000EEF78CFD08BDEEF775FDFBE738B5054628
:1064D0000C460321A047002806DB01212846A047DF
:1064E000002800DB002038BD10F1860FFBD1F4E757
:1064F00043681B68EFF31182202181F31288BFF3F8
:106500006F8FD3F8201131B10021C3F82011D3F8D7
:1065100020110121D96082F31188BFF36F8F70477A
:1065200043681B68D3F88004C3F88004704743684D
:106530001A685B6803F00103D2F8581129B933B91E
:10654000D2F820312BB9002070470120704700207D
:1065500070470120704708B503691A6813680BB1CA
:106560005268984708BD00B587B000230193029395
:1065700003930493059304238DF8043002910DEBEB
:106580000301FFF7E8FF07B05DF804FB4368187DDF
:10659000012814BF00200120704700B587B00269B0
:1065A00000230193029303930493059302238DF830
:1065B000043013681B6C029313689B6C0393049163
:1065C00001A9FFF7C8FF07B05DF804FB10B5036928
:1065D0001B6840680068EFF3118C4FF0200E8EF3BB
:1065E0001288BFF36F8F1C6CACB1DC6CB4B9D9648A
:1065F0001A65C0F83415C0F83825042A11D9D0F826
:10660000003243EA0E03C0F8003200208CF31188F8
:10661000BFF36F8F10BD6FF00C00F7E76FF00F0046
:10662000F4E70020F2E70369186820B101601B68F5
:106630005A60002070476FF08500704700B587B042
:1066400000230193029303930493059303238DF88E
:10665000043003691A6843681968936DD26D134357
:1066600002D00423C1F8043301A9FFF774FF07B077
:106670005DF804FB43681A689B6AC2F83435052349
:10668000C2F838350123D362D2F81031002BFBD089
:106690000023C2F81031D2F81031D2F84C0130B1D9
:1066A0000023C2F84C31D2F84C31D2F83C05C0B2CC
:1066B000704710B4445844B11A4201D1002005E09B
:1066C000002343504358012000E0002010BC7047D5
:1066D000426813680069006868B9D3F8100168B1AE
:1066E000126B12780A700020C3F81001D3F8102141
:1066F00001221A6070476FF0850070474FF0FF303D
:10670000704708B520EAE070C117C90341EA50415B
:10671000C00340F2E733C0184FF47A724FF0000321
:1067200041F10001E9F714FE01F0C6FB08BD70B5A8
:10673000064612E075B1EFF31184202383F312882B
:10674000BFF36F8F3046FFF7F2FE98B984F31188DC
:10675000BFF36F8F0120FFF7D4FF64243046FFF7AB
:10676000E6FE05460028E5D1012000F0CBFC013C07
:10677000F4D1DFE7204670BD10B582B0044601AA0F
:10678000FFF783FE002805DB019B22681979186852
:10679000EEF738FC02B010BD10B543681C6800214C
:1067A000D868FFF7E9FF0823C4F8003510BD08B525
:1067B000026993681943916013F0030F00D008BD7C
:1067C000FFF7EAFFFBE710B543681C68C4F84415FF
:1067D000C4F848250022C4F82021D4F82011C4F8B8
:1067E0005821D4F858215B6813F0040F02D101231B
:1067F000A36010BD0121FFF7DAFFF8E738B50546C1
:106800000C4643681B684FF48002C3F80423FFF76B
:106810008EFE20B92368012283F8B82038BD236892
:10682000002283F8B82023684FF0FF32C3F8B42069
:106830002368D3F8AC20D3F8A8102846FFF7C3FF8D
:10684000ECE743685A6812F0040F00D0704710B5A7
:1068500004460021D868FFF78FFF2046FFF79CFF12
:1068600010BD012904D108B5FFF7EBFF002008BDDA
:106870006FF08500704710B502694468936823EA99
:106880000101916011F0030F00D010BD43681B6837
:106890000022C3F800250121E068FFF76DFFF4E74F
:1068A00030B587B004464268036919680023019334
:1068B000029303930493059305208DF8040081F857
:1068C0006130536813F0040F05D101A92046FFF78A
:1068D00042FE07B030BDEFF31185202383F3128809
:1068E000BFF36F8F02212046FFF7C5FF85F31188A4
:1068F000BFF36F8FE9E770B50446466803691D680A
:10690000296C19B1FFF72FFE00232B6495F8623034
:106910006BB1002385F8623063681B680022C3F8FE
:106920000821D3F808312046FFF7BAFF70BD73681D
:1069300013F0040FF0D02046FFF79CFE85F86000AE
:10694000EAE770B50E4603691D6843681C6805F1E7
:10695000080001F06FFBEFF31182202383F312880C
:10696000BFF36F8FEB6C53B1D4F8003223F02003E8
:10697000C4F800320023C4F84C31D4F84C31002361
:1069800085F8613016B1012385F862300123636018
:1069900082F31188BFF36F8F002070BD08B50369C3
:1069A0001B681B6C1BB10121FFF7CBFF08BD6FF00B
:1069B0000D00FBE710B586B0044643681968D1F8AE
:1069C00080240023019302930393049305930623E9
:1069D0008DF8043012F0010F08D112F0020F14D11B
:1069E00012F0040F13D102F0080300E001238DF828
:1069F0000830C1F8802401A92046FFF7ACFD002132
:106A00002046FFF79EFF06B010BD0223EFE70423E8
:106A1000EDE738B50369426815681A68D2F8A01026
:106A200051B1002482F8B8401868683001F002FBC8
:106A30000123EB60204638BD6FF00D00FBE708B581
:106A4000406BFFF7E6FF08BD70B5054603691C689B
:106A500043681E6804F1080001F0ECFAD6F83C35F2
:106A600094F860101944002384F86030A36CC91AAC
:106A700001D400292CDC216C2846FFF774FDE36C5F
:106A80002364236D63640023E3642365A36494F8A3
:106A90006130E3B1EFF31182202383F31288BFF357
:106AA0006F8F236CC3B1D6F84C3133B901233360F7
:106AB0000023C6F84431D6F84431D6F8003223F02A
:106AC0002003C6F8003282F31188BFF36F8F70BDC8
:106AD0002846FFF762FDCEE701237360F3E710B5A8
:106AE000046940682368D3F8A420D3F8B010521A80
:106AF00001D1002010BD082A28BF0822C3F8AC200D
:106B00002368406AC3F8A8002368D3F8A010D3F81C
:106B1000B030194408F03BFC0120EBE72DE9F041CF
:106B200086B00546436804691F68EFF31188202288
:106B300082F31288BFF36F8F2268D2F8B410002955
:106B400046DBD2F8B4605B6813F0040F43D188F3DE
:106B50001188BFF36F8F2368D3F8A020002A34D0A8
:106B600093F8B81000293FD1D3F8A8108A4206D074
:106B7000D3F8AC20964247D0D3F8B0301E442068FA
:106B8000683001F057FA00230193029303930493B2
:106B900005932368D3F8A030029303962368D3F8B3
:106BA000A4309E4202D001238DF804304FF48003BC
:106BB000C7F8083322680023C2F8A0302268C2F860
:106BC000A43001A92846FFF7C6FC06B0BDE8F08155
:106BD000D7F84C65B7E74FF48003C7F808330121B5
:106BE0002846FFF748FEB2E7EFF31186202383F330
:106BF0001288BFF36F8F21462846FFF7FFFD86F30B
:106C00001188BFF36F8FE0E7D3F8B0203244C3F8A8
:106C1000B0202846FFF763FF18B92368D3F8B060A7
:106C2000ADE7EFF31186202383F31288BFF36F8F54
:106C300021462846FFF7E2FD86F31188BFF36F8FE8
:106C4000C3E7436B5A6812681B691B68D2F80811C6
:106C500099B10021C2F80811D2F80821596530B560
:106C600083B003F10800D3E9162300240025CDE901
:106C70000045F1F747FD03B030BD596D013159654D
:106C80000429ECD1012353607047D0B582B0036969
:106C9000426814681A68002151651B6803F10800F6
:106CA000D3E9162300260027CDE90067F1F72AFD76
:106CB0000423C4F8083302B0D0BD38B545682C6849
:106CC0006B6813F0010F23D100220823C4F80035AC
:106CD000EB6AC4F844350023C4F848350123A360A7
:106CE00072B9D4F82031002BFBD00023C4F8203136
:106CF000D4F820310123E3604FF48073C4F80433E7
:106D0000D4F85831002BFBD00020C4F8000538BD62
:106D100001692046EEF75EFC0028F8DB0122D4E78B
:106D200010B50446002201210820FEF77BFF082051
:106D3000FEF76EFF00212046EEF772FC10BD2DE934
:106D4000F041064643681C680769D7F80080D4F80C
:106D500004532B4604224FF484712046FFF7A9FC0C
:106D6000E8BB2B464FF400724FF492712046FFF7B8
:106D7000A0FCC0BB2B4610224FF488712046FFF7C1
:106D800098FCA0BB15F4002F05D0D4F84C3113B1FA
:106D9000D4F81031A3B315F4003F05D0D4F8443132
:106DA00013B1D4F810319BB315F4807F02D0D4F81E
:106DB0002031ABBB15F4800F02D0D4F858319BBB07
:106DC00007F10803D3E8EF2F22F00401C3E8E01F26
:106DD0000028F7D112F0040F2AD1BDE8F081304627
:106DE000FFF753FFBDE73046FFF7E4FDC2E700239E
:106DF000C4F81031D4F810313046FFF725FEC1E752
:106E0000C4F84C31D4F84C313046FFF717FCC2E7D8
:106E1000C4F84431D4F844313046FFF76CFDC3E781
:106E20003046FFF765FBC5E73046FFF777FEC7E75B
:106E3000D8F844103046FFF7B0FBD8F84010304681
:106E4000FFF791FB0023C8F84430C8F840303046C3
:106E5000FFF726FDC1E700B5A2F5807E4FEA9E0E42
:106E60004FF0010C0CFA0EFC1CEA010F0DD08158FA
:106E700009B900200AE00021815082581BB11A682C
:106E80004CEA02021A60012000E000205DF804FBD9
:106E900070B582B006460D460024019409E0A200B8
:106EA00001AB02F5A07229463046FFF7D4FF01344A
:106EB000E4B2032CF3D915F0010F02D0D6F800315B
:106EC00043B915F0020F02D0D6F8043163B9019826
:106ED00002B070BD0023C6F80031D6F80031019B26
:106EE00043F001030193ECE70023C6F80431D6F820
:106EF0000431019B43F002030193E8E7401A20F0BC
:106F00007F40704700F150039B009BB203F1502378
:106F100003F580331868003818BF0120704700F16E
:106F200050039B009BB203F1502303F580330022F2
:106F30001A601B68704720F07F407047EFF31180A4
:106F4000202383F31288BFF36F8F704780F311887B
:106F5000BFF36F8F7047F0B585B0044617461D46E6
:106F6000EEF7FCFB06469DF8303002930B9B019335
:106F70000A9B00933A462B462046EEF7ADFC0546A9
:106F800031462046EEF738FC284605B0F0BD08B57E
:106F9000EEF782FC08BD08B5F1F7F4FB08BD08B5B3
:106FA000EBF786FFECF79AF8FFF7F5FF08BD4FF413
:106FB0007F03D3F83021D3F83431072A01D00020E1
:106FC0007047023B002B04D8DFE803F001000120EA
:106FD0007047002070474FF47F03D3F83021D3F877
:106FE0003431072A01D000207047042B07D008D87D
:106FF000023B012B01D80120704700207047002080
:107000007047002070474FF47F03D3F83021D3F846
:107010003431072A01D000207047023B002B04D8EE
:10702000DFE803F0010001207047002070474FF4B3
:107030007F03D3F83021D3F83431072A01D0002060
:107040007047012070474FF47F03D3F83021D3F805
:107050003431072A01D000207047023B002B04D8AE
:10706000DFE803F0010001207047002070474FF473
:107070007F03D3F83021D3F83431072A01D0002020
:107080007047023B002B04D8DFE803F00100012029
:107090007047002070474FF47F03D3F83021D3F8B6
:1070A0003431072A01D000207047023B002B04D85E
:1070B000DFE803F0010001207047002070474FF423
:1070C0007F03D3F83021D3F83431072A01D00020D0
:1070D0007047012070474FF47F03D3F83021D3F875
:1070E0003431072A01D000207047042B03D8022B2B
:1070F00003D300207047012070470120704708B576
:10710000804708BD08B500F083FC08BD40F0004092
:10711000C1F88000704740F00040C1F8800070471F
:1071200038B504461546FFF7F1FF29462046FFF71C
:10713000F2FF38BD0346032929D8DFE801F0020D2C
:107140001823D3F81804C0F300400AB3D3F8183456
:1071500003F0030313707047D3F80C04C0F300402E
:10716000B2B1D3F80C3403F0010313707047D3F8B5
:107170005C04C0F300405AB1D3F85C3403F001035F
:1071800013707047D3F85404C0F3004070470020D8
:1071900070470120704708B50520ECF7CDFC00B121
:1071A00008BD0520FEF734FDFAE770B582B006464B
:1071B000032840D8DFE800F00225191F0C224FF405
:1071C000827302214FF05020C0F8081302440121BD
:1071D0001160034400221A601B688DF807108E426C
:1071E00014D0002542F2107418E024224FF4927358
:1071F0004FF40071E6E71C224FF490734FF4807156
:10720000E0E704224FF480730121DBE70DF107056D
:10721000E8E70120FFF776FF013C0CD02A46314613
:107220004FF05020FFF786FF28B1002DF1D09DF8D8
:107230000730012BEDD002B070BD38B5044603789D
:10724000022B06D0012B00D000231D461BB128467F
:1072500038BD0123F9E70020FFF7A7FFFFF799FFEB
:107260002070F4E708B5FFF7A0FF08BD08B5EEF7FA
:1072700075FE08BD10B401F5A27150F8214024F448
:107280004F3424F4407440F8214050F82140120259
:1072900002F47C521B0403F440331A43144340F8B5
:1072A000214010BC704710B401F5A27150F8214084
:1072B00024F4991424F4F85440F8214050F8214063
:1072C000120202F47C521B0403F440331A439DF86B
:1072D00004301B0503F480131A43144340F8214083
:1072E00010BC704700B5A2F5807E4FEA9E0E4FF0AD
:1072F000010C0CFA0EFC1CEA010F0DD0815809B9E3
:1073000000200AE00021815082581BB11A684CEA23
:1073100002021A60012000E000205DF804FBF0B5D5
:1073200083B007460D4616460024019409E0E2B2F8
:10733000920001AB02F5807229463846FFF7D2FF72
:107340000134B442F3D3002D02DB019803B0F0BD49
:1073500001AB4FF4BE7229463846FFF7C3FFF4E78E
:1073600000B583B00021019100910B460122EEF798
:10737000FFFD03B05DF804FB00B585B08DF80F107C
:107380000DF10F030193002100910B460A46EEF721
:1073900019FE05B05DF804FB38B50D460079EEF72F
:1073A000D9FE04462846EEF7CBFE083034F810002C
:1073B00000F0010038BD38B50D460079EEF7CAFE81
:1073C00004462846EEF7BCFE083034F81000C0F33F
:1073D000401038BD38B50D460079EEF7BBFE0446C7
:1073E0002846EEF7ADFE083034F8100010F01C000F
:1073F00018BF012038BD38B50D460079EEF7AAFE5A
:1074000004462846EEF79CFE083034F81000C0F31E
:10741000400038BD38B504460D46FFF7ECFF30B1EB
:1074200029462046FFF7C7FF18B1012000E00020E1
:1074300038BD0020FCE708B5FFF7DDFF80F0010054
:10744000C0B208BD7047704738B50D460079EEF7F9
:1074500081FE04462846EEF773FE083034F810002B
:10746000400B38BD032894BF00200120704770B541
:1074700006460D46002404E04FF0FF33AB4211D026
:1074800001342F2C0CD83079EEF764FE04F1080398
:1074900030F8133013F4807FEED0C3F34323EDE7CD
:1074A000002000E0012070BD38B504460D46FFF70E
:1074B00082FFB8B129462046FFF7BDFF90B12946AB
:1074C0002046FFF7C1FF226801238340C2F808333A
:1074D000226800F5A27052F8203023F0030342F82E
:1074E000203003E000212846FFF746FF38BDF8B5FD
:1074F00006460F4615460024002C03DD4FF0FF34EE
:107500002046F8BD3079EEF725FE50F83430BB4206
:1075100001D00134F0E700EBC4035B68AB42F8D163
:10752000EEE738B50C460079EEF714FE0546204626
:10753000EEF706FE083035F81030C3F38203042B53
:1075400009D0052B01D1022006E02046EEF79AFD76
:1075500018B1032000E0032038BD0220FCE710B57D
:1075600004460846EEF7ECFD083034F8103013F40A
:10757000807F04D0C3F3432304EBC30010BD00207D
:10758000FCE770B504460E4615460079EEF7E2FDBD
:1075900086602079EEF7DEFDC56070BD08B5007924
:1075A000EEF7D8FD90F88C00003818BF012008BD18
:1075B00070B504460D461646FFF7FDFE00B329469A
:1075C0002046FFF738FFD8B129462046FFF73CFF99
:1075D0002268830003F580739BB2002199509B5869
:1075E000226800F5A27152F8213043F0010342F8FD
:1075F0002130B6B1226801238340C2F8043310E081
:107600002368D3F80423002A03DB4FF00042C3F8B9
:10761000042329462046FFF784FF01462846FFF74A
:10762000ABFE70BDF8B504460D461646FFF797FF52
:1076300020B10768426831462846B847A3681BB1A5
:10764000E268314628469847F8BDF8B507460E4629
:1076500014461D461046FFF705FF60B9022D1DD0E8
:1076600002213046FFF788FE032C1BD0022D17D0D5
:10767000032D1DD0F8BD224631463846FFF7D2FF14
:107680003046EEF713FDA842F4D100213046FFF753
:1076900073FE29463046FFF76FFEEBE70321E0E774
:1076A000012CE5D1224631463846FFF7BBFFE1E722
:1076B000022CDFD1F6E770B505460846EEF740FD2F
:1076C00004462879EEF746FD04F1080330F813303C
:1076D00013F4807F0BD0C3F34326083423F4F8530C
:1076E00020F8143031462846FFF7C1FE00B170BDC6
:1076F0002879EEF72FFD002340F836302879EEF791
:1077000029FD31467830EEF719FBF0E770B50446F5
:107710000D46FFF750FE58B1266829462046FFF770
:1077200093FE00F5A270002346F8203046F8203082
:1077300029462046FFF7BFFF2079EEF70BFD0446F0
:107740002846EEF7FDFC0830002324F8103070BD09
:1077500070B504460D461E4604984FF0000C01E03B
:107760000CF1010C84450ED25FFA8CF2920002F506
:1077700080719208012303FA02F21542F0D000232F
:1077800063506358ECE7002D04DA0023C4F87C3121
:10779000D4F87C3144F30730FEF73AFA0EB1C4F85E
:1077A000045370BDF8B506460D46144619E094FA28
:1077B000A4F3B3FA83F301229A4024EA020403F10A
:1077C0003C0205EB4202978803F5A27356F82300AA
:1077D000C0F30140FFF736FE024639462846FFF760
:1077E00021FF002CE3D1F8BD08B5EEF7CBFD08BDB5
:1077F00008B5EEF7B7FC08BD08B5FFF7C2FE08BD37
:1078000008B5EEF72DFD08BD08B5EEF78FFE08BDF3
:1078100008B5FFF7C3FE08BD08B5EEF763FE08BD67
:1078200008B5EEF779FE08BD08B5EEF75DFD08BDB9
:1078300008B5FFF7BDFE08BD08B5FFF735FE08BD6A
:10784000034611F4802002D0D3F8480120BB11F088
:10785000020F02D0D3F8042132BB11F4007F02D012
:10786000D3F8242142BB11F4801F02D0D3F8502159
:1078700052BB11F4002F02D0D3F84C2162BB11F09F
:10788000807F02D0D3F8602172BB11F4000F02D0C8
:10789000D3F85C2182BB70470022C3F84821D3F89B
:1078A00048214FF48020D2E70022C3F80421D3F806
:1078B000042140F00200D0E70022C3F82421D3F8CD
:1078C000242140F40070CEE70022C3F85021D3F801
:1078D000502140F48010CCE70022C3F84C21D3F8AB
:1078E0004C2140F40020CAE70022C3F86021D3F8FD
:1078F000602140F08070C8E70022C3F85C21D3F813
:107900005C3140F40000C6E700B583B0002101916E
:1079100000910B460122EEF72FFF03B05DF804FB48
:10792000034691F82020032A38D8DFE802F02930F6
:1079300016028A6812F4802F04D0D3F84C25086907
:1079400090420FD18A6812F4802F29D1D3F84C25A8
:107950008969914206D101207047D3F84C25086906
:10796000904206D00020C3F800050622C3F8002587
:107970007047D3F83C2589699142F3D101207047C3
:10798000D3F84C2509699142ECD101207047D3F816
:107990003C2509699142E5D10120704701207047DB
:1079A0000120704770B582B00446C37B0BB1807B69
:1079B000A8B9A368B3F17F6F0ED32368222B06D03A
:1079C000232B21D16368222B20D10B2605E062688E
:1079D000232AF5D10B2600E00626A07B08B102B0D1
:1079E00070BD00250195009603232A46294620688C
:1079F000EEF7C2FE0195009603232A4629466068E9
:107A0000EEF7BAFE0120EAE70020E8E70020E6E70B
:107A100000B9704708B5FEF757FA08BD60B1C368F2
:107A20005A7812F0010F03D01B781BB10020704769
:107A3000002070470120704700207047EFF311834A
:107A4000202383F31288BFF36F8FFEE710B504463F
:107A5000436983B1984730B100280ADBFF2800DD75
:107A6000FF20E3681870E268537843F00103537015
:107A700010BD4042F2E70020F5E708B507F0AEFC84
:107A800008BD08B507F083FC08BD8169C36841EAF9
:107A9000030212F0030F10D1002202614269013A81
:107AA00002FB013304E002691A60036182699B1AD8
:107AB000C2689A42F7D9002070476FF015007047EE
:107AC0000120704710B5044643618261C160002304
:107AD000C3610372FFF7D9FF002801DB24606460F3
:107AE00010BD2DE9F84304460D46FFF7E9FFB0B19C
:107AF00004F10807EFF31186202383F31288BFF304
:107B00006F8F2369A3B123692B602561E369013B72
:107B1000E36186F31188BFF36F8FBDE8F88300231C
:107B200083F31188BFF36F8F0423184602DFF4E755
:107B3000D4F80080444517D0B8F1000918BF4FF0C1
:107B40000109B8F1000F12D1B9F1000FDBD0002309
:107B5000C8F8AC30C8F81050404600F00BF9314678
:107B60003846F0F751F9D8E74FF00008E4E7D8F8C5
:107B70000420D8F8003013605A600023C8F80030A1
:107B8000C8F8043098F80D2022F0020288F80D2081
:107B9000C8F8083008F1180000F0FEF9D4E708B57D
:107BA000EFF31183202383F31288BFF36F8FFEF767
:107BB00051F8F5E700BF7047884200DA014611F13D
:107BC0007F0F01DB084670476FF07E00704708B5F5
:107BD000806890F90E308B4201D1002008BDF0F78B
:107BE0006DF8FBE7034600209860D8601B605B607F
:107BF00070473AB18A4208D38160C2600060406039
:107C0000002070476FF0150070476FF01500704747
:107C1000F8B505460E46D41D24F007040F19394661
:107C2000EBF754FB073020F00700C5F89460C5F867
:107C30009840C5F89C00381AF8BDEFF3058000386D
:107C400018BF012070477430704710B4002484605E
:107C5000037342738173C4738461C46110BC704741
:107C6000F0B587B00446129E139D00270597109F1C
:107C700004970F9F03970E9F02970D9F01970C9FEC
:107C80000097EFF7E7FDB5F1FF3F08BFB6F1FF3F03
:107C900002D1204607B0F0BD32462B462046EFF712
:107CA000B9FDF6E70020704738B504460D46EFF7FA
:107CB000B7FE637B43F00203637335B3A5602B68A3
:107CC0009D420DD100230BE05A686260236014606E
:107CD0005C601AE01A4669688A420FD01B687BB163
:107CE00073B194F90E1093F90E209142F2D0521A0A
:107CF000002AE9DC1A46002BEDD1F0E70023EEE77D
:107D00006B68256063601C606C6038BD08B5183016
:107D100000F042F908BD70B50646046884421AD0E6
:107D2000DCB16268236813605A60002525606560D5
:107D3000637B23F002036373A56004F1180000F075
:107D40002BF9C4F8AC502046EFF710FE3468A64279
:107D5000E6D12C46E4E70024E2E770BD70B50446A6
:107D600016461D46FFF7A0FF32462B462046EFF78A
:107D700015FF70BD38B504460023EFF311852022AE
:107D800082F31288BFF36F8F04E085F31188BFF38D
:107D90006F8F012343B92046FFF784FF0028F4D1F9
:107DA0002046EFF7E3FDF0E738BD0023EFF3118144
:107DB000202282F31288BFF36F8F10E042680368BD
:107DC00013605A60002303604360427B22F002028A
:107DD0004273836081F31188BFF36F8F01231BB956
:107DE0008368002BEAD1F5E7704738B504460023D5
:107DF000EFF31185202282F31288BFF36F8F0BE01F
:107E0000637B23F0040363732046EFF7AFFD85F334
:107E10001188BFF36F8F01239BB9637B13F0280F89
:107E2000F5D1A368002BEBD06268236813605A6019
:107E3000002323606360627B22F002026273A3600E
:107E4000DEE738BD08B501211838FFF7CEFF08BDC1
:107E500001460023EFF3118C202282F31288BFF336
:107E60006F8F184605E000208CF31188BFF36F8FE9
:107E700001238BB908688142F5D00028F4D042680C
:107E8000036813605A60002303604360427B22F062
:107E9000020242738360E7E7704708B5EFF3118091
:107EA000202383F31288BFF36F8FEFF7C3FF08BD62
:107EB000031D43608360704738B504460D46F0F7F4
:107EC00077F884462046B5F1FF3F08BFB4F1FF3F85
:107ED0002CD04FEAEC72510141EADC614FEA4C13BD
:107EE000B3EB0C0361EB0201890041EA93719B0043
:107EF00013EB0C0042EB0103DB0043EA5073C000BC
:107F000047F6FF72801843F10003B0F5004F73F19C
:107F100000020AD36FF40042824243F6FF729A4194
:107F200005D3C00B40EA434000E0002038BD6FF0AD
:107F30000040FBE710B50446F0F72CFA48B10246C2
:107F40000369416920691B18606941EB00011361F5
:107F500051616268236813605A6000232360636084
:107F600010BD10B50446F0F70BFA78B10369426909
:107F70001B1B62EBE472B3F1004F72F1000108DAEF
:107F8000002A01DB184610BD0023FBE76FF000401C
:107F9000F9E76FF00040F6E7F8B504460023EFF389
:107FA0001187202282F31288BFF36F8F6FF01500C4
:107FB0000CE0F0F7FBF9FFF7D4FF0021EDF78AFDA5
:107FC000304687F31188BFF36F8F01231E468BB9AC
:107FD0002368002BF5D0F0F7D3F905462046FFF7CC
:107FE000A9FF00224FF00043C4E90423A542E0D0DA
:107FF0003046E6E7F8BD08B5F0F7E8FA08BD08B581
:10800000F0F7E4FA08BD08B5EFF31180202383F3FD
:108010001288BFF36F8FEFF70DFF08BD0162426258
:108020000023036300F118028261C26103604360B0
:108030004363704710B50446FFF7AEFF60B9636A4B
:108040000BB12046984704F11800FFF701FF18B163
:10805000FFF790FEFFF7D7FF10BD70474268511E33
:10806000012A08B541600ED103685B6898470AE0B1
:1080700006F081FA06F0A8FA05E0013101D006F019
:10808000D8F9F8F7DBFC08BD0160704738B54368E4
:108090000446B3B96068B0B9E36813BBE06810BBCD
:1080A00023691BBB206958BB204638BD52F8250008
:1080B00008B1FFF7D3FF0135D4E90123AB42F5D86E
:1080C000E8E70025F8E706F047F9E5E752F825006C
:1080D00008B1FFF7C3FF0135D4E90232AB42F5D84E
:1080E000DCE70025F8E706F037F9D9E70025236932
:1080F000585908B106F030F90435182DF7D1D1E7F9
:1081000006F02AF9D0E703685A1E012B10B5044681
:10811000026006D1FFF7BAFF2046BDE8104006F026
:1081200017B910BD10B50446F1F7FEF904E020467A
:1081300006F00EF906F07DF9204606F009F9204612
:1081400010BD10B50446F1F705FA04E0204606F02C
:10815000FFF806F06EF9204606F0FAF8204610BD4A
:1081600010B50446F1F70CFA04E0204606F0F0F8EA
:1081700006F05FF9204606F0EBF8204610BD10B57A
:108180000446F1F71BFA04E0204606F0E1F806F099
:1081900050F9204606F0DCF8204610BD10B5044624
:1081A000F1F7B2FA04E0204606F0D2F806F041F901
:1081B000204606F0CDF8204610BD10B50446F1F774
:1081C000B9FA04E0204606F0C3F806F032F920467A
:1081D00006F0BEF8204610BD10B50446F1F70EFBC0
:1081E00004E0204606F0B4F806F023F9204606F035
:1081F000AFF8204610BD10B50446F1F715FB04E0BA
:10820000204606F0A5F806F014F9204606F0A0F87E
:10821000204610BD10B50446F1F76EFB04E0204681
:1082200006F096F806F005F9204606F091F820468B
:1082300010BD009B03201A6070470020704700208B
:10824000704704207047009B03201A6070477F2905
:1082500008D8D0E900329A4242D05A1C026001206C
:1082600019707047B1F5006F10D2D0E90032D21A00
:10827000012A35D95A1C02608A09403A1A700368EB
:1082800001F03F015A1C80390260E8E7B1F5803FF8
:1082900011D2D0E90032D21A022A21D95A1C026026
:1082A0000A0B203A1A700268531C0360C1F385134D
:1082B000803B1370E3E7B1F5881F11D2D0E900329B
:1082C000D21A032A0CD95A1C02608A0C103A1A706E
:1082D0000268531C0360C1F30533803B1370E2E76F
:1082E00000207047D0E90032F0B5D21A044661D0C0
:1082F00018787F2802D801332360F0BDC1283AD90D
:10830000DF280ED8012A55D05A7802F0C005802DFA
:1083100031D1A2F5425202EB80108142EDD30233FB
:10832000EAE7EF281AD8022A44D95D7805F0C0029E
:10833000802A20D1E02801D19F2D1CD99A7802F003
:10834000C006802E17D1A2F56222803A02EB0032DD
:1083500002EB85108142D0D30333CDE7F4280AD84D
:10836000032A27D95D7805F0C002802A03D1F028BE
:1083700004D18F2D06D84FF0FF30BEE7F42801D18D
:108380008F2DF8D89E7806F0C002802AF3D1DA78D3
:1083900002F0C007802FEED1A2F17272A2F5025254
:1083A00002EB804202EB053202EB86108842A4D831
:1083B0000433A1E76FF001009FE77F2910B508D8CB
:1083C000D0E900329A4247D05A1C0260197001204D
:1083D00010BDB1F5006F0FD2D0E90032D21A012AD8
:1083E0003AD98C0901F03F011A46403C803902F825
:1083F000024B02605970EAE7B1F5803F12D2D0E932
:108400000032D21A022A27D90A0B203A1A70C1F375
:10841000851201F03F01803A80395A70DA1C0260FF
:108420009970D4E7B1F5881F16D2D0E90032D21A7C
:10843000032A11D98A0C103A1A70C1F30532803A16
:108440005A70C1F3851201F03F01803A80399A7069
:108450001A1D0260D970BAE70020B9E7D0E90032EE
:10846000F0B5D21A044661D018787F2802D80133BB
:108470002360F0BDC1283AD9DF280ED8012A55D093
:108480005A7802F0C005802D31D1A2F5425202EB9C
:1084900080108142EDD30233EAE7EF281AD8022A8E
:1084A00044D95D7805F0C002802A20D1E02801D1AE
:1084B0009F2D1CD99A7802F0C006802E17D1A2F504
:1084C0006222803A02EB003202EB85108142D0D367
:1084D0000333CDE7F4280AD8032A27D95D7805F0BD
:1084E000C002802A03D1F02804D18F2D06D84FF086
:1084F000FF30BEE7F42801D18F2DF8D89E7806F022
:10850000C002802AF3D1DA7802F0C007802FEED1C2
:10851000A2F17272A2F5025202EB804202EB053226
:1085200002EB86108842A4D80433A1E76FF0010063
:108530009FE7B1F5803F10B5D0E900430BD29C42D4
:1085400021D0D30789B201D449BA89B2A31C0360F0
:108550002180012010BD1B1B022B14D98B0AC1F3F3
:108560000901D207A3F52153A1F510519BB289B29D
:1085700003D45BBA49BA9BB289B2224622F8043BC3
:1085800002606180E5E70020E4E773B51E46079BC3
:1085900014460093089B0193A642254607D100206C
:1085A000069B009A1D60099B1A6002B070BD21688D
:1085B0002C1DB1F5881F06D26846FFF7FEFE002885
:1085C000EAD10120ECE70220EAE72DE9F0410E466E
:1085D0000446194617463046069DF1F7BBF930BBF5
:1085E0000120BDE8F0811988A1F55840B0F5806FF1
:1085F00023D2012D29D0D21A022A1CD95B88A3F5D7
:108600005C42B2F5806F20D2A3F157734FF002089D
:10861000A3F5773303EB8121B94216D83046FFF733
:1086200016FE0028DCD0236803EB48032360D4E95E
:1086300000329A42D7D10020D3E7A1F55C43B3F5CD
:10864000806F02D34FF00108E6E70220C9E770B55A
:108650000D460446194616462846F1F77BF960B9DF
:10866000012070BD19688E420DD32846FFF7EFFD3B
:108670000028F5D0236804332360D4E900329A42FD
:10868000F0D10020EDE70220EBE7F8B50D461946E2
:1086900004461646F1F7A6F9D4E90030984211D005
:1086A000D5E90072BA420DD031462046FFF71AFED6
:1086B000831C01D1012008E0864207D33B1D2B60BB
:1086C0003860E9E7C01A18BF0120F8BD0220FCE7B6
:1086D0002DE9F8430D461946044616461F46F1F7A4
:1086E00081F9D4E90089C8451DD0D5E900329A4204
:1086F00019D031462046FFF7F5FD831C014604D111
:1087000008980130C0B2BDE8F8838E4209D33A46DA
:108710002846FFF70EFF0028E3D10120C4E90089B5
:10872000F1E70220EFE70020EDE7F7B50027164656
:108730001C46CDE900019DF820106846F1F752F97A
:108740007D1CB54209D30ED14FF6FF716846A14298
:1087500028BF2146FFF7C6FD05E021466846FFF722
:10876000C1FD844202D2009803B0F0BDB0F5803F55
:1087700038BF3D466F1CE3E773B51D46079B1446A3
:108780000093089B0193AC4207D10020069B009AFE
:108790001C60099B1A6002B070BD2188A1F5584386
:1087A000B3F5806F16D22B1B022BEED96288A2F58F
:1087B0005C43B3F5806F14D2A2F157720226A2F582
:1087C000773202EB81216846FFF7F7FD58B104EBE1
:1087D0004604D8E7A1F55C43B3F5806F01D30126C9
:1087E000F1E70220D2E70120D0E710B50446F1F707
:1087F000E7F9204605F0ACFD204610BD10B5044653
:10880000F1F7E8F9204605F0A3FD204610BD10B5AC
:108810000446F1F7E9F9204605F09AFD204610BD1F
:1088200010B50446F1F7EAF9204605F091FD20461F
:1088300010BDF8B50B680E46074653F80C5C681C73
:1088400006F061F80023044601462A463046F1F757
:1088500061FD002328463C606355F8BD13B5049CB8
:10886000CDE9003413460A46C1684FF0000002F01B
:108870001FFC02B010BD30B58BB00D4604460AA9EE
:1088800001E90C0079230EAA0693129B0593119B14
:108890000493109B039301AB92E8030083E8030069
:1088A000099B20464FF000010093089BAA6802F044
:1088B00025FD20460BB030BD30B58BB00D460446CB
:1088C0000AA901E90C006D230EAA0693129B0593D9
:1088D000119B0493109B039301AB92E8030083E880
:1088E0000300099B20464FF000010093089BAA68F3
:1088F00002F004FD20460BB030BD30B58BB00D4604
:1089000004460AA901E90C0077230EAA0693129BDC
:108910000593119B0493109B039301AB92E8030012
:1089200083E80300099B20464FF000010093089B59
:10893000AA6802F0E3FC20460BB030BD30B58BB026
:108940000D4604460AA901E90C0064230EAA069309
:10895000129B0593119B0493109B039301AB92E828
:10896000030083E80300099B20464FF000010093B9
:10897000089BAA6802F0C2FC20460BB030BD30B59F
:108980008BB00D4604460AA901E90C0074230EAA17
:108990000693129B0593119B0493109B039301ABC9
:1089A00092E8030083E80300099B20464FF0000192
:1089B0000093089BAA6802F0A1FC20460BB030BDD2
:1089C00081684FF0000002F096BCF0B591B00F4600
:1089D00005460AAC08AE84E80C00002316AA0793EB
:1089E0000D930EAB06930DAB0593199B04939DF865
:1089F0006030039301AB92E8030083E803000B9B14
:108A00004FF0000130460093BA680A9B02F0D0FC98
:108A10000D9B96E8030084E803005BB91B99DDE930
:108A20000E23C1E9002394E8030085E803002846EB
:108A300011B0F0BD1A9A1360F5E710B58AB004467C
:108A40000DF1280C0CE90C0000230693DDE910233E
:108A5000CDE904239DF8383003930D9B02939DF8D4
:108A600030300193099B0093089B8A684FF0000106
:108A700002F0F1FC20460AB010BD0A4601694FF031
:108A8000000002F034BC07B513460A680093016980
:108A90004FF0000052F80C3C02F0E6FB03B05DF82A
:108AA00004FB07B5006801A90C38F1F79FFC03B07F
:108AB0005DF804FBFFF7F5BF10B504460068436896
:108AC0005A1E012B426002D103685B68984720461A
:108AD00010BD10B50446F1F7BFF9204605F038FC8B
:108AE000204610BD10B50446F1F7C8F9204605F040
:108AF0002FFC204610BD10B50446F1F7D3F92046EF
:108B000005F026FC204610BD10B50446F1F7DEF94D
:108B1000204605F01DFC204610BD10B50446F1F7B7
:108B2000E3F9204605F014FC204610BD10B50446BC
:108B3000F1F7F0F9204605F00BFC204610BD10B50A
:108B40000446F1F7F9F9204605F002FC204610BD75
:108B500010B50446F1F702FA204605F0F9FB20466D
:108B600010BD836910B5044603B19847204610BD77
:108B700070B592B00E46044608A90BAD81E80C0012
:108B80000023199928461193F1F746F90022002392
:108B900006954FF000012046CDE904239DF8603092
:108BA0000393179B02939DF858300193099B009300
:108BB000089BB26802F04FFC04E02846FFF7D1FFA3
:108BC00005F037FC2846FFF7CCFF204612B070BDF9
:108BD00037B514460D46084603F012F984F8240010
:108BE000284603F010F90023294684F82500A360E5
:108BF00001A86361E361012384F8643003F006F99E
:108C000001A904F10800FFF714FEE06001A8FFF7D6
:108C100048FF294601A803F000F901A904F1140056
:108C2000FFF707FEA06101A8FFF73BFF294601A857
:108C300003F0FAF801A904F11C00FFF7FAFD206225
:108C400001A8FFF72EFF03B030BD01A8FFF729FFF1
:108C500005F0EFFBF9E7F8E710B4084611461A46AD
:108C6000DDE90134019410BC03F003BA13B51446D6
:108C700001A81A46049B03F002FA01A92046F1F765
:108C8000CBF801A8FFF70DFF02B010BD01A8FFF758
:108C900008FF05F0CEFB37B514460D46084603F035
:108CA00080F86074284603F07FF8A074284603F02B
:108CB0009AF800232946E062A36001A86361E3619A
:108CC0006362012384F8433003F071F801A904F1D1
:108CD0000800FFF7AEFDE06001A8FFF7E2FE2946BD
:108CE00001A803F06BF801A904F11400FFF7A1FD3E
:108CF000A06101A8FFF7D5FE294601A803F065F899
:108D000001A904F11C00FFF794FD206201A8FFF700
:108D1000C8FE294601A803F05FF801A904F1240068
:108D2000FFF787FDA06201A8FFF7BBFE284603F00E
:108D30005DF82063284603F05EF8606303B030BD41
:108D400001A8FFF7AEFE05F074FBF9E7F8E7F7E7D7
:108D500037B514460D46084602F0F4FF6074284605
:108D600002F0F3FFA074284603F00EF80023294612
:108D7000E062A36001A86361E3616362012384F898
:108D8000433002F0E5FF01A904F10800FFF751FDAF
:108D9000E06001A8FFF785FE294601A802F0DFFF89
:108DA00001A904F11400FFF744FDA06101A8FFF739
:108DB00078FE294601A802F0D9FF01A904F11C00A0
:108DC000FFF737FD206201A8FFF76BFE294601A8D7
:108DD00002F0D3FF01A904F12400FFF72AFDA062ED
:108DE00001A8FFF75EFE284602F0D1FF2063284667
:108DF00002F0D2FF606303B030BD01A8FFF751FE5F
:108E000005F017FBF9E7F8E7F7E713B510460C464E
:108E10006A46C118F0F7DAFF049A019001A92046CA
:108E200003F015F904E001A8FFF73BFE05F001FB94
:108E3000044601A8FFF735FE204602B010BDF0B58C
:108E400087B00E4615461F460E9803AA0F9904AC2C
:108E50000144F0F7BBFF0D9B04903A460093314666
:108E60000C9B05A8019403F0F5F805A92846F0F736
:108E7000D3FF05A8FFF715FE2046FFF712FE07B047
:108E8000F0BD05A8FFF70DFE2046FFF70AFE05F02E
:108E9000D0FAF9E70846114603F0E8B8084603F0AF
:108EA00047B882B0F0B587B0054616469DF85070B9
:108EB0000FAC0D930DAB742F1398DDE911211ED06B
:108EC0000ED8642F2DD00292CDE9031094E8030050
:108ED0008DE80300314628460CCB03F080F81AE0F9
:108EE000772F2BD00292CDE9031094E803008DE890
:108EF0000300314628460CCB03F08DF80BE0CDE99A
:108F00000310029294E803008DE8030031462846DE
:108F10000CCB03F010F8284607B0BDE8F04002B0D3
:108F20007047CDE90310029294E803008DE8030036
:108F3000314628460CCB03F01AF8ECE7CDE90310D4
:108F4000029294E803008DE80300314628460CCBDA
:108F500003F029F8DFE782B02DE9F04788B0044636
:108F60001646189911AF9DF84C80DDF850909DF889
:108F700054A01193B1B107AD2846F1F7A7F93146D6
:108F80002046CDE902A5CDE9008997E80C0002F062
:108F9000C1FE2846FFF785FD204608B0BDE8F04732
:108FA00002B07047DDE91623CDE9019ACDE904232B
:108FB000CDF80080314697E80C0002F091FEEBE717
:108FC0002846FFF76EFD05F034FA10B58AB0044666
:108FD000002000931346C96803AA099002F072F8B2
:108FE00003A92046F1F772F904E003A8FFF7B9FDE1
:108FF00005F01FFA03A8FFF7B4FD20460AB010BD24
:10900000F0B597B08C4605460AAC0FAE08AF84E8C1
:109010000C0000231CAACDE9063615930D930DAB69
:1090200005931F9B04939DF87830039301AB92E85E
:10903000030083E803000B9B4FF0000138460093C8
:109040000A9BDCF8082002F0B3F90D9B97E80300B7
:1090500084E80300A3B931460EA8F1F737F9219847
:109060000EA900F089F80EA8FFF71BFD94E8030095
:1090700085E803003046FFF774FD284617B0F0BDC1
:10908000209A1360F2E73046FFF76BFD05F0D1F947
:1090900030B504468DB000200B901198006850F850
:1090A0000C5CCDE902051098CDE900301346096942
:1090B00005AA4FF0000002F0F1F805A92046F1F7EB
:1090C00005F904E005A8FFF74CFD05F0B2F905A885
:1090D000FFF747FD20460DB030BD13460A4611B1DB
:1090E000197806F046B90846704701F180410068DA
:1090F000043950F80C0C091A914208B502D21846EE
:10910000F3F70CF908BD03688B4207D853F80C2C11
:109110001344994294BF00200120704701207047FA
:10912000012A30B403D10B78037030BC7047002A99
:10913000FBD030BC06F02BB9012A30B403D10B7838
:10914000037030BC7047002AFBD030BC06F02CB94D
:109150000B461146012B10B4044602D1227010BCFC
:109160007047002BFBD01A4610BC06F037B9521AD4
:1091700008B5FFF7D5FF08BD036853F8042C002A93
:10918000B8BF002210B5B8BF43F8042C0A6852F8E3
:10919000044C002CBCBF002442F8044C02600B605D
:1091A00010BD0368104610B553F80C4CA04202D312
:1091B0004FF0FF3010BD1A5C8A42FBD10130F5E759
:1091C00005F0C6B82DE9F74F05460068A3EB020885
:1091D00002EB010950F80C7C0C4650F8081C1E46A6
:1091E000B844A7EB0907884503D850F8043C002B86
:1091F0001EDD01AA4046F1F7B3F8824600F10C0BE0
:1092000024B1224629685846FFF78AFF47B104F186
:109210000C0029683A46304449445044FFF780FF27
:10922000286801A90C38F1F7E1F8C5F800B000E0B2
:109230003FB9286841460C38F1F786F803B0BDE81D
:10924000F08F9642F5D0264400EB09013A463044AF
:10925000FFF772FFEDE7036853F80C2C10B50446D6
:109260006AB153F8043C002B04DD00231A4619466A
:10927000FFF7A8FF23684FF0FF3243F8042C10BD1E
:1092800008B5036853F8043C002B01DBFFF7E3FF4C
:1092900008BD10B50446FFF7F3FF206810BD036852
:1092A00037B5CC1A05460092012300222146F1F77A
:1092B000D9F828684FF0FF3340F8043C204403B04D
:1092C00030BDF8B5069F1E4604460D463B46FFF7E7
:1092D00079FF2FB120683A4631462844FFF720FF36
:1092E0002046F8BD70B5044610460A4623686168FA
:1092F0001844F1F735F82268054600F10C0622B152
:1093000004F10C013046FFF70BFF28462168F1F706
:109310001BF8304670BD37B50446006850F8083C6D
:10932000994204D850F8042C002A0DDD194650F853
:109330000C2D8A1A01A9FFF7D5FF0546206801A95F
:109340000C38F1F753F8256003B030BDF8B50B6861
:1093500004460E4653F80C7CE7B1036853F80C5CE6
:1093600053F8082C3D44954203D853F8043C002B95
:1093700003DD29462046FFF7CEFF23683A463168D1
:1093800053F80C0C1844FFF7CBFE206829460C3824
:10939000F0F7DAFF2046F8BD002208B5F1F72AF908
:1093A00008BD036870B553F80C5C044653F8082CEC
:1093B0000E460135954203D853F8043C002B03DDDB
:1093C00029462046FFF7A7FF2368294653F80C2CAF
:1093D0009E5420680C38F0F7B7FF70BD0846704700
:1093E0000846704710B50446F1F722F9204604F00C
:1093F000AFFF204610BD8A4210B5144603D0521A62
:10940000029805F0C4FF204610BD8A42184638B5C0
:10941000144602D0521A05F0BAFF204638BD2DE995
:10942000F041C0B0044600256B461F4603F8015BBF
:109430000135B5F5807FF9D1264640AA3946204648
:1094400056F81D3BD3F81C803346C0472A463146A8
:10945000384605F0CBFF00280CBF012302232377F9
:1094600040B0BDE8F08183695B5C9B0744BF203955
:10947000C9B20846704770B506460C461546AC4260
:1094800001D3284670BD3368304621789B689847E1
:1094900004F8010BF3E783695B5CDB0744BF203111
:1094A000C9B20846704770B506460C461546AC4230
:1094B00001D3284670BD3368304621781B69984730
:1094C00004F8010BF3E78368587C70478368987C45
:1094D00070478368D86A70478368002082B01B6B2E
:1094E000DAB262F30700C3F3072262F30F20C3F37B
:1094F00007421B0E62F3174063F31F6002B0704710
:109500008368002082B05B6BDAB262F30700C3F3BA
:10951000072262F30F20C3F307421B0E62F31740CA
:1095200063F31F6002B070478368587C704783689C
:10953000987C70478368D86A70478368002082B03F
:109540001B6BDAB262F30700C3F3072262F30F204A
:10955000C3F307421B0E62F3174063F31F6002B0B0
:1095600070478368002082B05B6BDAB262F3070059
:10957000C3F3072262F30F20C3F307421B0E62F30B
:10958000174063F31F6002B07047836893F82400AC
:109590007047836893F825007047002070470020CB
:1095A000704770470020914200D3704711F8013B8B
:1095B00003EB7060F7E710B50446F1F775F8204645
:1095C00004F0C6FE204610BD10B50446F1F776F84B
:1095D000204604F0BDFE204610BD10B50446F1F74C
:1095E00077F8204604F0B4FE204610BD10B50446BE
:1095F000F1F778F8204604F0ABFE204610BD10B518
:109600000446F1F77DF8204604F0A2FE204610BD86
:10961000D0E902218A4202D2013282607047036897
:109620009B6A1847436E0B60836E4B60C36E8B6002
:10963000036FCB60436F0B61836F4B61C36F8B61B3
:10964000D0F88030CB61D0F884300B62D0F888300D
:109650004B62D0F88C308B62D0F89030CB62704780
:10966000D0F894300B60D0F898304B60D0F89C3034
:109670008B60D0F8A030CB60D0F8A4300B61D0F86C
:10968000A8304B61D0F8AC308B61D0F8B030CB61F2
:10969000D0F8B4300B62D0F8B8304B62D0F8BC30A0
:1096A0008B62D0F8C030CB62704707B50B46009292
:1096B00000224168F6F7CEFF03B05DF804FB10B559
:1096C00004460068FFF7A4FF4FF0FF33636010BD4E
:1096D0002DE9F0411F46037F04460D46012B164637
:1096E00007D1914213D03846521ABDE8F04105F037
:1096F0004EBE0BB9FFF793FE23683246294620463B
:10970000D3F81CE03B46F446BDE8F0416047BDE8B5
:10971000F081531A0F2B73B504460D46164601937C
:1097200006D9002201A9F6F765FF019B2060A3601E
:1097300032462946206804F01BFC019B2268002168
:109740006360D15402B070BD8B6810B50446D9690E
:10975000F1F798F8204610BD8B6810B5044659699A
:10976000F1F790F8204610BD8B6810B50446996853
:10977000F1F788F8204610BD8B6810B50446596A89
:10978000F1F780F8204610BD8B6810B50446D96902
:10979000F1F778F8204610BD8B6810B5044659697A
:1097A000F1F770F8204610BD8B6810B50446996833
:1097B000F1F768F8204610BD8B6810B50446596A69
:1097C000F1F760F8204610BD8B6810B50446D969E2
:1097D000F1F758F8204610BD8B6810B5044659695A
:1097E000F1F750F8204610BD8B6810B50446996813
:1097F000F1F748F8204610BD2DE9F0431C4600F172
:10980000080387B015460360002306468846436078
:109810002246037202AB294668460093FFF779FFA0
:10982000641B6400DDE90073204607EB030905F0C3
:109830006AF805463A4623462946404605F052FB5B
:10984000844202460ED8441C284604F085FD20467A
:1098500005F059F83A46014605462346404605F0CC
:1098600041FB024629463046F0F758FF10E004F06D
:1098700082FE284604F070FD05F001F804F0A4FE15
:10988000684604F011FB304604F00EFB04F0D1FDF5
:109890003846E7F7D7FA384481450BD0471C0021FA
:1098A000304604F0D8FBC5E7E1E704F064FEE3E7E7
:1098B000E6E7E8E7284604F04FFD684604F0F4FACE
:1098C000304607B0BDE8F0832DE9F0438DB01C466B
:1098D000804602AB68460093FFF71BFF08AB149A63
:1098E000214606A80693FFF714FFDDE90097DDE99E
:1098F00006564F442E442A464946404605F0E7FAAC
:10990000044670B94846E7F79DFA81442846E7F7D0
:1099100099FA4F4505EB00040DD1341B18BF4FF0E9
:10992000FF3406A804F0C0FA684604F0BDFA2046E9
:109930000DB0BDE8F083A64203D009F10109651C12
:10994000D9E70124EDE7684604F0AEFA04F071FDB2
:1099500003689B68184703681B69184770B5037F45
:1099600004460D4643B9FFF75AFD236829462046B1
:109970009B69BDE8704018470C44607F70BD70B5AE
:109980004418164694F81D313BB903681B6A984782
:109990008642034618BF84F81D01184670BDF0B515
:1099A00089B004460D4606AE86E80C00139A0B6893
:1099B0000592129A0492119A03929DF84020029205
:1099C0000EAA92E803008DE8030020469F6829460E
:1099D00096E80C00B847204609B0F0BDF0B589B054
:1099E00004460D4606AE86E80C00139A0B680592F5
:1099F000129A0492119A03929DF8402002920EAAA4
:109A000092E803008DE803002046DF68294696E8C7
:109A10000C00B847204609B0F0BD70B588B00E689C
:109A2000054606AC84E80C00DDE91023CDE90423EB
:109A30009DF8383002930D9B01939DF830300093D0
:109A4000B66894E80C00B047284608B070BD70B501
:109A500086B0054604AC84E80C000D9A0B680392AE
:109A60009DF8302002920B9A01929DF828200092D6
:109A7000DE6894E80C00B047284606B070BD036865
:109A80009B6818470368DB6818470B6810B50446E5
:109A90001B699847204610BD0B6810B504465B69EA
:109AA0009847204610BD0B6810B504469B6998473F
:109AB000204610BD0B6810B50446DB699847204668
:109AC00010BD03681B6A1847036882B05B6A02B066
:109AD0001847036882B09B6A02B0184703689B6806
:109AE00018470368DB6818470B6810B504461B6904
:109AF0009847204610BD0B6810B504465B6998472F
:109B0000204610BD0B6810B504469B699847204657
:109B100010BD0B6810B50446DB699847204610BDA0
:109B200003681B6A1847036882B05B6A02B0184773
:109B3000036882B09B6A02B0184703689B681847A5
:109B40000368DB6818470B6810B504461B69984723
:109B5000204610BD0B6810B504465B699847204647
:109B600010BD0B6810B504469B699847204610BD90
:109B700003689B681847F0B589B004460D4606AEE9
:109B800086E80C00129A0B680492119A0392109ABC
:109B900002920EAA92E803008DE803002046DF68D7
:109BA000294696E80C00B847204609B0F0BDF0B54C
:109BB00089B004460D4606AE86E80C00129A0B6882
:109BC0000492119A0392109A02920EAA92E803004C
:109BD0008DE8030020461F69294696E80C00B84727
:109BE000204609B0F0BDF0B589B004460D4606AE7A
:109BF00086E80C00129A0B680492119A0392109A4C
:109C000002920EAA92E803008DE8030020465F69E5
:109C1000294696E80C00B847204609B0F0BDF0B5DB
:109C200089B004460D4606AE86E80C00129A0B6811
:109C30000492119A0392109A02920EAA92E80300DB
:109C40008DE8030020469F69294696E80C00B84736
:109C5000204609B0F0BDF0B589B004460D4606AE09
:109C600086E80C00129A0B680492119A0392109ADB
:109C700002920EAA92E803008DE803002046DF69F5
:109C8000294696E80C00B847204609B0F0BD0368A5
:109C90009B68184773B5079E04460D680196069E9B
:109CA0000096ED68A847204602B070BD03681B69A6
:109CB000184710B40468A468A44610BC604738B5BF
:109CC0000D680446ED68A847204638BDF7B56D46D7
:109CD0000446089F85E806009DF80460194636B9D9
:109CE0003A46009804F0D9F8874218BF01268DF84B
:109CF000046095E8030084E80300204603B0F0BD4B
:109D00002DE9F04F99B0229F06A9249D07F16C041C
:109D100005909DF88C80204681E80C00F2F7CCFD80
:109D200082462046F0F76EFD2E6890F838300446E3
:109D3000327869689A4221D0026BC369D0F82090CA
:109D4000099203933144334699421D4606D9287837
:109D50000133DAF81820125C5207F5D4AD1BAB467C
:109D6000002D00F0E2800EAB69000CA80C930023DC
:109D70000D938DF8383004F050F909E0426B436AD6
:109D8000D0F82890099203930029DBD00136D9E757
:109D9000E36AA5EB030ABAF1000F1DDDE16815EADD
:109DA000230538BF55460D9AF1B100216B000CA870
:109DB0000091F6F74FFC7319A17C0C98CDE9006374
:109DC000D4E9022302F062F90C994FF0FF32411AF4
:109DD0000CA8F0F7F7FCAA46E36A002B1EDD617CB5
:109DE0000CA804F038F905E033460CA80095F6F706
:109DF0006FFCF0E7BAF1000F06DBE26A06EB0A013E
:109E00000CA8F0F78BFC09E094F83920CAF10001A6
:109E10000CA8FFF74AFC5A463146F1E7FD6812A844
:109E200005F0B00315F4007504930D9B18BFA569E8
:109E30004B441D4414AB12930023690013938DF817
:109E4000503004F0EAF8049BBE68102B11D1B542E3
:109E50002CBF4FF0000B4FF0010B4FF0000A09AB85
:109E600013F80A30042B2AD8DFE803F0261B060F6C
:109E700018004FF0000BF0E7FB689B051FD5D4E9F5
:109E8000051212A8F0F74AFC19E0B9F1000F16D03C
:109E9000039B197812A804F0DEF810E0DDE90C123B
:109EA000EFE7BBF1000F05D04246711B12A8FFF788
:109EB000FCFB04E04146EDE7BBF1000FF4D10AF1F1
:109EC000010ABAF1040FCAD1B9F1010F06D90399F9
:109ED00009F1FF3212A80131F0F720FC13998E42EC
:109EE00008D9049B711A202B0DD1424612A8FFF706
:109EF000DCFB31460AAC06AA0091129B204606CA3A
:109F0000FFF7E4FE06E00A464346002112A8F0F7F8
:109F1000CFFCEEE794E80300069012A88DF81C1021
:109F200003F0C2FF0CA803F0BFFF0023BB6006AB29
:109F300093E80300059B83E80300184619B0BDE8C9
:109F4000F08F12A803F0B0FF0CA803F0ADFF04F0EF
:109F500070FAF9E72DE9F04F99B0229F06A9249DE8
:109F600007F16C0405909DF88C80204681E80C0078
:109F7000F2F7A2FC82462046F0F7E4FB2E6890F848
:109F800038300446327869689A4221D0026BC3693E
:109F9000D0F82090099203933144334699421D46EC
:109FA00006D928780133DAF81820125C5207F5D464
:109FB000AD1BAB46002D00F0E2800EAB69000CA893
:109FC0000C9300230D938DF8383004F026F809E047
:109FD000426B436AD0F82890099203930029DBD0A2
:109FE0000136D9E7E36AA5EB030ABAF1000F1DDDDC
:109FF000E16815EA230538BF55460D9AF1B10021F5
:10A000006B000CA80091F6F725FB7319A17C0C9846
:10A01000CDE90063D4E9022302F038F80C994FF03F
:10A02000FF32411A0CA8F0F7CDFBAA46E36A002BD9
:10A030001EDD617C0CA804F00EF805E033460CA888
:10A040000095F6F745FBF0E7BAF1000F06DBE26A90
:10A0500006EB0A010CA8F0F761FB09E094F839203F
:10A06000CAF100010CA8FFF720FB5A463146F1E780
:10A07000FD6812A805F0B00315F4007504930D9B5C
:10A0800018BFA5694B441D4414AB1293002369000B
:10A0900013938DF8503003F0C0FF049BBE68102B63
:10A0A00011D1B5422CBF4FF0000B4FF0010B4FF018
:10A0B000000A09AB13F80A30042B2AD8DFE803F0B2
:10A0C000261B060F18004FF0000BF0E7FB689B05FE
:10A0D0001FD5D4E9051212A8F0F720FB19E0B9F159
:10A0E000000F16D0039B197812A803F0B4FF10E0FC
:10A0F000DDE90C12EFE7BBF1000F05D04246711B02
:10A1000012A8FFF7D2FA04E04146EDE7BBF1000FD9
:10A11000F4D10AF1010ABAF1040FCAD1B9F1010F61
:10A1200006D9039909F1FF3212A80131F0F7F6FAC6
:10A1300013998E4208D9049B711A202B0DD14246E7
:10A1400012A8FFF7B2FA31460AAC06AA0091129B98
:10A15000204606CAFFF7BAFD06E00A46434600213C
:10A1600012A8F0F7A5FBEEE794E80300069012A80A
:10A170008DF81C1003F098FE0CA803F095FE002348
:10A18000BB6006AB93E80300059B83E80300184619
:10A1900019B0BDE8F08F12A803F086FE0CA803F0FA
:10A1A00083FE04F046F9F9E7F0B587B0054604AC44
:10A1B0000F9E9DF8307084E80C000D9B9DF83820B0
:10A1C0000093CDE9012694E80C0027B1FFF798FD34
:10A1D000284607B0F0BDFFF7BDFEF9E710B504460D
:10A1E000D0E9003043B1421C06D1184603F04CFEC2
:10A1F000431C04BF0023236010BD38B50D46FFF794
:10A20000EDFF04462846FFF7E9FF431C621C584255
:10A21000584154425441011B4842484138BD08B599
:10A22000FFF7EBFF80F00100C0B208BD2DE9F74F4A
:10A2300005466C464FF00009DDF840A04FF00A0BD0
:10A240004E46DDE9120784E80C006C30F2F734FB6F
:10A2500080460CA92046FFF7E2FF70B1119B9E4299
:10A260000BD02046FFF7BAFF2A22C1B24046FFF7C3
:10A2700086FB3038C2B2092A10D9C6B10F9A91456F
:10A2800015DBD14513DC0E9AC2F8009094E8030068
:10A2900085E80300284603B0BDE8F08F0BFB0909F1
:10A2A000D145EADC20460136FFF709FAD1E73B68E1
:10A2B00043F004033B60E9E72DE9F04F8DB000AFB8
:10A2C000F86107F12004F86E6C3084E80C00F2F7B6
:10A2D000F3FA6B46BA6E054607F158012046A3EB28
:10A2E000C2039D46DB08E846BB61FFF798FF0028E4
:10A2F00000F07281BB6E20464FF0000B9B007B612B
:10A30000BB6E08EB8309FFF769FFC4B228462146FC
:10A31000FFF721FB214606462846FFF719FB5C465E
:10A320008246BB6E9B450BD10026012C2BD8012CFD
:10A3300040F0528107F120000136FFF7C0F9E2E05A
:10A340007B6E284653F82B301978FFF704FB8642C2
:10A350000FD1A3003B617B6E53F82B00E6F772FD33
:10A360003B6949F82400013448F803B00BF1010BB4
:10A37000D7E77B6E284653F82B301978FFF7E8FAB9
:10A380008245F3D1E5E7CB4609EB84005BF8043B5B
:10A39000FB625B461A46F96A0433D2F800C08C456A
:10A3A00007F12C0128BF0A469842D2F800A0C7F84E
:10A3B0002CA0EFD1013607F12000FFF780F9B2455C
:10A3C00047D107F1580107F12000FFF728FF824627
:10A3D00000B307F12000FFF701FFC1B22846FFF7E5
:10A3E000BAFA386107F12000FFF7F8FEC1B228463B
:10A3F000FFF7AEFA0023F860796E58F8232051F881
:10A40000222059F82310B1425AD801339C42F3D18B
:10A410004FF0000A002359F82320911B4A424A4179
:10A42000524509BF04F1FF34013358F8242048F89D
:10A43000232004BF59F8242049F823209C42EAD85D
:10A44000BAF1000F5BD0D9F8003001218C42FB62D9
:10A4500049D8FB6AB3427FF66AAF07F1580107F1AA
:10A460002000FFF7DCFE00283FF461AF07F1200079
:10A470004FF0000AFFF7B2FEC1B22846FFF76BFAB1
:10A48000386107F12000FFF7A9FEC1B22846FFF7A7
:10A490005FFAF86054457FF648AF7B6E284658F85F
:10A4A0002A204FEA8A0B53F82220915DBA60FFF709
:10A4B00052FA3B69BA6883426DD10AF1010AE9E7B1
:10A4C000915D28467B60BA60FFF745FA3B6983429D
:10A4D000A0D0BA682846915DFFF73AFAFB6883423C
:10A4E0007B6892D196E75A4601310BF1040B106854
:10A4F000834207F12C0398BF1A461368A6E7022C83
:10A500002CD0012C68D1D8F80040D7E9053253F897
:10A5100032807B6E53F8243003EB0609464562D245
:10A5200007F1580107F12000FFF779FE002853D00A
:10A5300019F8011B2846FFF70EFA824607F12000A2
:10A54000FFF74CFEC1B22846FFF705FA824533D12A
:10A5500007F120000136FFF7B2F8DFE7BB6EDB073B
:10A560003AD4D8F80030B86EBA6EB3EB500F4FEA59
:10A570005201D8F8042002D20B449342C2E75B1A7E
:10A58000934229D1C8F80030D9F80430D7E9052121
:10A5900042F83130B7E7915D2846FFF7D9F9FB68FB
:10A5A00083428AD0013C58F8242048F80B2059F8FF
:10A5B000242049F80B206DE719F8011C2846FFF705
:10A5C000C7F9824607F12000FFF708FEC1B228460E
:10A5D000FFF7BEF98245BBD03B6F3A6F1B6843F073
:10A5E0000403136002E0F7D13B6E1C60FB69D7E9FE
:10A5F0000801343783E803001846BD46BDE8F08FF4
:10A600002DE9F04F87B0814600AF786D07F1100655
:10A610006C30D7E913AB86E80C00F2F74DF96B46C6
:10A62000F86007F14001A3EBCB0330469D46E846B6
:10A63000FFF7F5FD002800F0838000243046FFF787
:10A64000CDFD2546C3B24FEA4B02A24237D1002DC1
:10A6500076D030460024FFF732F8AB00073323F002
:10A660000703ADEB030D6E4658F824305AF823006B
:10A67000E6F7E8FB46F824000134A542F4D10125B1
:10A6800007F1400107F11000FFF7C9FD58BB012C8D
:10A690005AD13368AB425ED1D8F80030BA6C5B4512
:10A6A000A8BFA3EB0B03136007F118031C3713E9D2
:10A6B000030089E803004846BD46BDE8F08F5AF81C
:10A6C00024100978994204D148F825400135013415
:10A6D000BBE7F868C7E90132FFF73AF97B68BA6867
:10A6E0009842F4D1F0E707F11000FFF777FD00235F
:10A6F000C0B219469C4207D88C42C8D007F110005E
:10A700000135FEF7DCFFBBE756F823204FEA830E46
:10A7100006EB830CAA4202D801310133EAE758F86C
:10A7200023205AF82220525D8242F6D0013C58F88C
:10A73000242048F80E2056F82420CCF80020D9E731
:10A740000024254626469BE7022C04D13368AB4201
:10A75000A2D073689EE7BB6DBA6D1B6843F004031B
:10A76000A1E72DE9F04F8FB04FF0000A064688466A
:10A770000AACCDF834A008ADDDE91AB784E80C00C6
:10A780000BF16C00F2F798F80DAB0222CDF80CA09B
:10A790008146CDE906B36323CDE904320CAB0293C5
:10A7A00018AB93E803008DE803004146284694E87F
:10A7B0000C00FFF73BFD0D9B95E8030084E80300C8
:10A7C000002B51D118A92046FFF729FD002846D0BB
:10A7D0002046FFF703FD2A22C1B24846FFF7CFF813
:10A7E000A0F13005EBB2092B39D820464FF00A080A
:10A7F000FEF765FF0C9B18A9204608FB03550C9536
:10A80000FFF70DFD98B12046FFF7E8FC2A22C1B200
:10A810004846FFF7B4F8A0F13005EBB2092B06D893
:10A820002046FEF74CFF0C9B08FB03550C950C9B38
:10A83000A3F26C730C931C9B0C9A5A6118A92046C6
:10A84000FFF7DBFC18B13B6843F002033B6094E880
:10A85000030086E8030030460FB0BDE8F08F0C9B84
:10A86000442BE8DC6433E5E73B6843F004033B60DA
:10A87000E4E72DE9F0439DB0054688460AAC08AFF1
:10A88000DDE9269684E80C0009F16C00F2F776F910
:10A8900083689A6C0E92DA6C0F921A6D10925A6D50
:10A8A00011929A6D1292DA6D13921A6E1492DA6AFC
:10A8B00015921A6B16925A6B17929A6B1892DA6B62
:10A8C00019921A6C5B6C1A921B9300230D930DABBB
:10A8D000CDE90593072304930EAB03930CAB0293CE
:10A8E00024AB93E803008DE803004146384694E822
:10A8F0000C00FFF785FE0D9B97E8030084E803003A
:10A900009BB9289B0C9A9A6124A92046FFF775FCF5
:10A9100018B1336843F00203336094E8030085E81C
:10A92000030028461DB0BDE8F083336843F00403FC
:10A930003360E9E72DE9F043A7B0054688460AAC45
:10A9400008AFDDE9309684E80C0009F16C00F2F7FD
:10A9500015F90EAA80681146FEF782FE1AA9FEF7C5
:10A9600061FE00230D930DABCDE905930C23CDE9DA
:10A9700003230CAB02932EAB93E803008DE8030096
:10A980004146384694E80C00FFF73AFE0D9B97E8E5
:10A99000030084E803009BB9329B0C9A1A612EA92C
:10A9A0002046FFF72AFC18B1336843F002033360F6
:10A9B00094E8030085E80300284627B0BDE8F0834B
:10A9C000336843F004033360E9E72DE9F04F91B0B9
:10A9D000054689460AACDDF878A00DAE0DF12008D9
:10A9E000DDE91CB784E80C000BF16C00F2F7C6F847
:10A9F00083681A690023CDF808B00F93CDE90D33B1
:10AA00001AABCDE90526CDE9037A93E803008DE87A
:10AA100003004946404694E80C00F0F73FF898E8F8
:10AA2000030084E8030051463046F6F729FC1AA9D2
:10AA30002046FFF7E2FB18B13B6843F002033B609E
:10AA400094E8030085E80300284611B0BDE8F08FC4
:10AA50002DE9F04F91B0054689460AACDDF878A0A3
:10AA60000DAE0DF12008DDE91CB784E80C000BF1F8
:10AA70006C00F2F783F883689A680023CDF808B079
:10AA80000F93CDE90D331AABCDE90526CDE9037A55
:10AA900093E803008DE803004946404694E80C0023
:10AAA000EFF7FCFF98E8030084E8030051463046C6
:10AAB000F6F7E6FB1AA92046FFF79FFB18B13B68A3
:10AAC00043F002033B6094E8030085E80300284656
:10AAD00011B0BDE8F08F2DE9F04F91B04FF00008B4
:10AAE000054689460AAC9DF880709DF87CA0DDE99A
:10AAF0001CB684E80C000BF16C00F1F7DDFE25219B
:10AB0000C6F80080FEF72AFF8DF83000002F36D1FE
:10AB10008DF831A08DF8327000230DAFCDF808B05C
:10AB20000DF120080F930697CDE90D330CAB05937B
:10AB30001E9BCDE903631AAB93E803008DE8030085
:10AB40004946404694E80C00EFF7A8FF98E8030058
:10AB500084E803001E993846F6F792FB1AA92046AE
:10AB6000FFF74BFB18B1336843F00203336094E8FE
:10AB7000030085E80300284611B0BDE8F08F8DF88A
:10AB800031708DF832A08DF83380C5E72DE9F041A2
:10AB900092B00F46064608AC9DF8681006AD84E8F2
:10ABA0000C000EAA0C920022DDE91B380D928DF8E4
:10ABB00038200CAA029318ABCDE9038289B193E83F
:10ABC00003008DE803003946284694E80C00F0F7AE
:10ABD000E3FC95E803000C9D84E80300EEF766F8BB
:10ABE0000FE093E803008DE803003946284694E817
:10ABF0000C00F0F7CBFEECE70CA803F055F903F0DE
:10AC000018FC0BAB42461D990B902846F6F770FADC
:10AC100094E8030086E803000CA803F045F93046E9
:10AC200012B0BDE8F0812DE9F04F91B006460F4615
:10AC3000DDF8749008AC9DF870B006AD09F16C00B9
:10AC4000DDF87CA084E80C00F1F736FE0CAB804602
:10AC50000A9300230B938DF830300AAB04931E9BAC
:10AC6000CDE902931AAB93E803008DE8030039465F
:10AC7000284694E80C00BBF1000F12D0F0F78CFCD2
:10AC800095E803000B9D84E803006DB994E8030088
:10AC900086E803000AA803F007F9304611B0BDE8C2
:10ACA000F08FF0F773FEEBE72946504603F00AFAFF
:10ACB0000A994046DAF800304A19FEF709FDE5E73F
:10ACC0000AA803F0F1F803F0B4FB03F0EDB8F8B50F
:10ACD0004D680E460746681C03F015FE0023044627
:10ACE00001462A463046F5F789FD002328463C6098
:10ACF0006355F8BD13B5049CCDE9003413460A46EC
:10AD0000C1684FF00000FDF7A7FF02B010BD30B5DD
:10AD10008BB00D4604460AA901E90C0079230EAA5E
:10AD20000693129B0593119B0493109B039301AB15
:10AD300092E8030083E80300099B20464FF00001DE
:10AD40000093089BAA68FEF7ACF820460BB030BD14
:10AD500030B58BB00D4604460AA901E90C006D23FD
:10AD60000EAA0693129B0593119B0493109B0393C9
:10AD700001AB92E8030083E80300099B20464FF0F3
:10AD800000010093089BAA68FEF78BF820460BB0E1
:10AD900030BD30B58BB00D4604460AA901E90C0060
:10ADA00077230EAA0693129B0593119B0493109B85
:10ADB000039301AB92E8030083E80300099B20465C
:10ADC0004FF000010093089BAA68FEF76AF820463E
:10ADD0000BB030BD30B58BB00D4604460AA901E971
:10ADE0000C0064230EAA0693129B0593119B0493F7
:10ADF000109B039301AB92E8030083E80300099BD7
:10AE000020464FF000010093089BAA68FEF749F81E
:10AE100020460BB030BD30B58BB00D4604460AA9B4
:10AE200001E90C0074230EAA0693129B0593119B53
:10AE30000493109B039301AB92E8030083E80300A3
:10AE4000099B20464FF000010093089BAA68FEF77B
:10AE500028F820460BB030BD81684FF00000FEF7A7
:10AE60001DB8F0B591B00F4605460AAC08AE84E8AF
:10AE70000C00002316AA07930D930EAB06930DAB9F
:10AE80000593199B04939DF86030039301AB92E8FE
:10AE9000030083E803000B9B4FF000013046009352
:10AEA000BA680A9BEFF76CF80D9B96E8030084E8FC
:10AEB00003005BB91B99DDE90E23C1E9002394E887
:10AEC000030085E80300284611B0F0BD1A9A13600C
:10AED000F5E710B58AB004460DF1280C0CE90C001A
:10AEE00000230693DDE91023CDE904239DF83830D3
:10AEF00003930D9B02939DF830300193099B0093BF
:10AF0000089B8A684FF00001FEF725F820460AB03A
:10AF100010BD0A4601694FF00000FDF7BBBF07B541
:10AF20000092D1E9002301694FF00000FDF76DFFA9
:10AF300003B05DF804FB10B50446F0F7B3FF2046FC
:10AF400003F006FA204610BD10B50446F0F7BCFF2A
:10AF5000204603F0FDF9204610BD10B50446F0F779
:10AF6000C7FF204603F0F4F9204610BD10B5044693
:10AF7000F0F7D2FF204603F0EBF9204610BD10B5E4
:10AF80000446F0F7D7FF204603F0E2F9204610BD53
:10AF900010B50446F0F7E4FF204603F0D9F9204647
:10AFA00010BD10B50446F0F7EDFF204603F0D0F9D0
:10AFB000204610BD10B50446F0F7F6FF204603F01A
:10AFC000C7F9204610BD70B592B00E46044608A9D8
:10AFD0000BAD81E80C000023199928461193F0F776
:10AFE00039FF0022002306954FF000012046CDE9ED
:10AFF00004239DF860300393179B02939DF858300B
:10B000000193099B0093089BB268FDF7A4FF04E03D
:10B010002846FDF7A6FD03F00CFA2846FDF7A1FD32
:10B02000204612B070BD30B514460D4687B00846B4
:10B03000FEF783FD84F824002846FEF781FD0023F7
:10B04000294684F82500A36068466361E361012313
:10B0500084F86430FEF777FD694604F10800FFF7D5
:10B0600036FEE060684602F01FFF29466846FEF79C
:10B0700071FD694604F11400FFF729FEA0616846DE
:10B0800002F012FF29466846FEF76BFD694604F19F
:10B090001C00FFF71CFE2062684602F005FF07B0A7
:10B0A00030BD684602F000FF03F0C3F9F9E7F8E7A6
:10B0B00010B4084611461A46DDE90134019410BC6B
:10B0C000FEF7F7BD10B586B014461A466846089BD1
:10B0D000FEF7F5FD69462046F0F7BCFE684602F033
:10B0E000E3FE06B010BD684602F0DEFE03F0A1F9F3
:10B0F00030B514460D4687B00846FEF7EFFC607485
:10B100002846FEF7EEFCA0742846FEF709FD002352
:10B110002946E062A36068466361E36163620123DC
:10B1200084F84330FEF7E0FC694604F10800FFF7BD
:10B13000CEFDE060684602F0B7FE29466846FEF79D
:10B14000DAFC694604F11400FFF7C1FDA06168460E
:10B1500002F0AAFE29466846FEF7D4FC694604F1CF
:10B160001C00FFF7B4FD2062684602F09DFE2946F0
:10B170006846FEF7CEFC694604F12400FFF7A7FD00
:10B18000A062684602F090FE2846FEF7CCFC2063E1
:10B190002846FEF7CDFC606307B030BD684602F07C
:10B1A00083FE03F046F9F9E7F8E7F7E730B5144610
:10B1B0000D4687B00846FEF762FC60742846FEF72D
:10B1C00061FCA0742846FEF77CFC00232946E0625F
:10B1D000A36068466361E3616362012384F84330DE
:10B1E000FEF753FC694604F10800FFF770FDE060CC
:10B1F000684602F059FE29466846FEF74DFC69464E
:10B2000004F11400FFF763FDA061684602F04CFEF4
:10B2100029466846FEF747FC694604F11C00FFF723
:10B2200056FD2062684602F03FFE29466846FEF75A
:10B2300041FC694604F12400FFF749FDA06268461D
:10B2400002F032FE2846FEF73FFC20632846FEF758
:10B2500040FC606307B030BD684602F025FE03F095
:10B26000E8F8F9E7F8E7F7E710B586B00C461146BD
:10B270001A466846F0F7C6FD089A69462046FEF76A
:10B2800006FD04E0684602F00FFE03F0D2F8044623
:10B29000684602F009FE204606B010BDF0B58FB03A
:10B2A0000E4615461F4602ACDDE916122046F0F7A1
:10B2B000A9FD159B3A463146009308A8149B0194BA
:10B2C000FEF7E8FC08A92846F0F7C4FD08A802F03C
:10B2D000EBFD204602F0E8FD0FB0F0BD08A802F03B
:10B2E000E3FD204602F0E0FD03F0A3F8F9E708468D
:10B2F0001146FEF7DBBC0846FEF73ABC82B0F0B55B
:10B3000087B0054616469DF850700FAC0D930DABF7
:10B31000742F1398DDE911211ED00ED8642F2DD083
:10B320000292CDE9031094E803008DE80300314652
:10B3300028460CCBFEF773FC1AE0772F2BD0029235
:10B34000CDE9031094E803008DE803003146284658
:10B350000CCBFEF780FC0BE0CDE90310029294E8E1
:10B3600003008DE80300314628460CCBFEF703FCB2
:10B37000284607B0BDE8F04002B07047CDE90310A1
:10B38000029294E803008DE80300314628460CCB76
:10B39000FEF70DFCECE7CDE90310029294E8030000
:10B3A0008DE80300314628460CCBFEF71CFCDFE796
:10B3B00082B02DE9F0438FB0174605461E9A17ACB0
:10B3C000179319AB9DF86C10DDE91C089AB1CDE913
:10B3D0000482CDE9021093E803008DE803003946AA
:10B3E000284694E80C00FEF7DAFA28460FB0BDE8CC
:10B3F000F04302B0704708AE0DF1280C0DF11809AA
:10B400008DF82820CDE90486CDE9021093E80300E9
:10B41000CDE908C28DE803003946484694E80C009F
:10B42000FEF7DCFAD8F8003099E8030084E803005E
:10B430003BB194E8030085E80300304602F034FD98
:10B44000D3E731461F98F0F705FDF2E7304602F0EA
:10B450002BFD02F0EEFF82B02DE9F0478CB00446E0
:10B4600016461C9915AF9DF85C80DDF860909DF83C
:10B4700064A01593B1B106AD2846F0F7FBFE314646
:10B480002046CDE902A5CDE9008997E80C00FEF73A
:10B49000DEFA284602F008FD20460CB0BDE8F04771
:10B4A00002B07047DDE91A23CDE9019ACDE9042302
:10B4B000CDF80080314697E80C00FEF7AEFAEBE7D6
:10B4C000284602F0F1FC02F0B4FF10B58AB0044641
:10B4D000002000931346C96803AA0990FDF7C6FB34
:10B4E00003A92046F0F7C6FE04E003A8FDF739FBE8
:10B4F00002F09FFF03A8FDF734FB20460AB010BD01
:10B500002DE9F0419AB08C4606460AAD13AF259C52
:10B510000DF1200885E80C00002320AACDE90637AC
:10B5200019930C930CAB0593239B04939DF88830DF
:10B53000039301AB92E8030083E803000B9B4FF0F9
:10B540000001404600930A9BDCF80820EEF718FD46
:10B550000C9B98E8030085E80300002B3BD139469B
:10B560000DA8F0F787FE0D990FAB206899420E9A4F
:10B5700019D10AB102F0B8FC0E9B00212268636069
:10B58000D15400230D9A0DA80E93137002F08CFC79
:10B5900095E8030086E803003846FDF7E2FA3046F6
:10B5A0001AB0BDE8F08104F1080C6045DDF83CC03C
:10B5B00005D1C4F808C0C4E900120D93E1E7D4F83E
:10B5C00008E0C4F808C0C4E900120028F5D00D90C6
:10B5D000CDF83CE0D5E7249A1360D9E73846FDF76B
:10B5E000C0FA02F026FF30B58DB000250446119850
:10B5F0000B9545680395006802901098CDE90030DE
:10B600001346096905AA4FF00000FDF718FC05A9CB
:10B610002046F0F72FFE04E005A8FDF7A2FA02F09D
:10B6200008FF05A8FDF79DFA20460DB030BD82B099
:10B6300037B506AD044685E80C000A9A0B680192FE
:10B64000002200921D69DDE90623A847204603B0C9
:10B65000BDE8304002B07047006A03F012BFF8B591
:10B660000D464FF0FF3611464FF0FF370023069A84
:10B670000446C0E90067C0E902331AB1012A14BFC9
:10B6800002220122286AF7F771FB28B9286AF7F726
:10B690008FFBC317C4E900032046F8BD03460846E4
:10B6A00001211B6A03F048BF38B50C46036A054602
:10B6B0000121204603F021FF0028CABF24184FF0C3
:10B6C000FF3314F8013C6B6238BD08B50B46016AC4
:10B6D0005A1C04D01846BDE8084003F0FABE0846DC
:10B6E00003F0CFFE003818BF0120404208BD10B55E
:10B6F0000446F0F7CFFD204602F02AFE204610BD9A
:10B7000010B50446006A03F0C1FE606210BD10B5BA
:10B710000446006A03F0BAFE216ABDE8104003F057
:10B720002ABF4A1C10B50446084602D1606A431C71
:10B7300002D0216A03F01FFF4FF0FF33636210BD98
:10B740000FB408B50298F0F701FE10B50446F0F703
:10B750002DFE204602F0FCFD204610BD08B54369D1
:10B760001943F0F72DFE08BD08B543690B4343614B
:10B770000369194201D003F082F808BD38B50446C8
:10B7800008460D46F1F718FA10B12846F1F794F87B
:10B79000E0672846F0F7FAFF10B12846F0F7BAFF45
:10B7A000C4F880002846F0F7D3FF10B12846F0F720
:10B7B00093FFC4F8840038BD38B504460D4603F045
:10B7C000A6FB04F16C012046FFF7D8FFA567B5FA88
:10B7D00085F500236D092367A4F874302361656142
:10B7E00038BD70B505460E46846904B970BDD4E90C
:10B7F00001322946304698472468F6E702F0BBFE3E
:10B8000002F0E2FEF8E7013101D002F012FEF5F796
:10B8100015F938B50446806910B90023A36138BD15
:10B82000C3685A1EC260002BF7D1056802F090FD74
:10B830002846F1E710B50446F0F7F4FD204602F083
:10B8400087FD204610BD10B50446F0F707FE2046E0
:10B8500002F07EFD204610BDD0F800C0ACF10C0C0B
:10B86000DCF800C06044EEE70A68026052F80C2C75
:10B87000496881500022426070478368587C704755
:10B880008368987C70478368D86A70478368002013
:10B8900082B01B6BDAB262F30700C3F3072262F3D4
:10B8A0000F20C3F307421B0E62F3174063F31F60C0
:10B8B00002B070478368002082B05B6BDAB262F33B
:10B8C0000700C3F3072262F30F20C3F307421B0EE6
:10B8D00062F3174063F31F6002B070478368587CBF
:10B8E00070478368987C70478368D86A704783681C
:10B8F000002082B01B6BDAB262F30700C3F30722A9
:10B9000062F30F20C3F307421B0E62F3174063F389
:10B910001F6002B070478368002082B05B6BDAB2B0
:10B9200062F30700C3F3072262F30F20C3F3074259
:10B930001B0E62F3174063F31F6002B07047836809
:10B9400093F824007047836893F82500704700201F
:10B9500070470020704770470020914200D3704725
:10B9600011F8013B03EB7060F7E710B50446F0F700
:10B970008FFD204602F0ECFC204610BD10B50446B9
:10B98000F0F790FD204602F0E3FC204610BD10B514
:10B990000446F0F791FD204602F0DAFC204610BD87
:10B9A00010B50446F0F792FD204602F0D1FC204687
:10B9B00010BD10B50446F0F793FD204602F0C8FC18
:10B9C000204610BD10B50446F0F794FD204602F065
:10B9D000BFFC204610BD10B50446F0F795FD20468B
:10B9E00002F0B6FC204610BD10B50446F0F796FDF7
:10B9F000204602F0ADFC204610BD10B50446F0F71D
:10BA00009BFD204602F0A4FC204610BD10B5044664
:10BA1000F0F7A0FD204602F09BFC204610BDD0E9C7
:10BA200002218A4202D201328260704703689B6A17
:10BA300018470A2808D82F2918D93030C0B28142B7
:10BA400014D2A1F130007047A1F13003092BF8D9CD
:10BA5000A1F16103052B02D8A1F157007047A1F1B4
:10BA60004103052B02D8A1F1370070474FF0FF309A
:10BA7000704710B504460068FFF7D1FF4FF0FF3361
:10BA8000636010BD70B5054616460C4649B10846C0
:10BA9000E5F7D8F9211832462046F0F779FD2860FD
:10BAA00070BD4FF0FF31F6E78B6813B5044601AA6D
:10BAB000D969FFF7E7FF204602B010BD8B6813B5C8
:10BAC000044601AA5969FFF7DDFF204602B010BD08
:10BAD0008B6813B5044601AA9968FFF7D3FF204687
:10BAE00002B010BD8B6813B5044601AA596AFFF76E
:10BAF000C9FF204602B010BD8B6813B5044601AAE9
:10BB0000D969FFF7BFFF204602B010BD8B6813B59F
:10BB1000044601AA5969FFF7B5FF204602B010BDDF
:10BB20008B6813B5044601AA9968FFF7ABFF20465E
:10BB300002B010BD8B6813B5044601AA596AFFF71D
:10BB4000A1FF204602B010BD8B6813B5044601AAC0
:10BB5000D969FFF797FF204602B010BD8B6813B577
:10BB6000044601AA5969FFF78DFF204602B010BDB7
:10BB70008B6813B5044601AA9968FFF783FF204636
:10BB800002B010BD07B5006801A90C38EEF72EFC15
:10BB900003B05DF804FB2DE9F0411F46037F044626
:10BBA0000D46012B164607D1914213D03846521A42
:10BBB000BDE8F04103F0EBBB0BB9FDF730FC2368A7
:10BBC000324629462046D3F81CE03B46F446BDE801
:10BBD000F0416047BDE8F0812DE9F04385B01C4697
:10BBE00080460846114603AAF0F7D2FC01AA814616
:10BBF00002900C992046F0F7CBFC59F80C7C0546D6
:10BC000050F80C6C4F44039006442A46494640467F
:10BC100003F06DF9044670B94846E5F713F981441D
:10BC20002846E5F70FF94F4505EB00040DD1341B0D
:10BC300018BF4FF0FF3403A8FFF7A4FF02A8FFF7D7
:10BC4000A1FF204605B0BDE8F083A64203D009F16C
:10BC50000109651CD9E70124EDE702A8FFF792FF6F
:10BC600002F0E7FBF0B589B004460D4606AE86E863
:10BC70000C00139A0B680592129A0492119A03927F
:10BC80009DF8402002920EAA92E803008DE803007E
:10BC900020469F68294696E80C00B847204609B020
:10BCA000F0BDF0B589B004460D4606AE86E80C003E
:10BCB000139A0B680592129A0492119A03929DF8B6
:10BCC000402002920EAA92E803008DE8030020466D
:10BCD000DF68294696E80C00B847204609B0F0BD59
:10BCE00070B588B00E68054606AC84E80C00DDE946
:10BCF0001023CDE904239DF8383002930D9B019366
:10BD00009DF830300093B66894E80C00B0472846A0
:10BD100008B070BD70B586B0054604AC84E80C0070
:10BD20000D9A0B6803929DF8302002920B9A0192B3
:10BD30009DF828200092DE6894E80C00B047284661
:10BD400006B070BD03689B6818470368DB68184736
:10BD50000B6810B504461B699847204610BD0B6858
:10BD600010B504465B699847204610BD0B6810B5B6
:10BD700004469B699847204610BD0B6810B50446E1
:10BD8000DB699847204610BD03681B6A18470368A3
:10BD900082B05B6A02B01847036882B09B6A02B047
:10BDA000184703689B6818470368DB6818470B68E7
:10BDB00010B504461B699847204610BD0B6810B5A6
:10BDC00004465B699847204610BD0B6810B50446D1
:10BDD0009B699847204610BD0B6810B50446DB6987
:10BDE0009847204610BD03681B6A1847036882B055
:10BDF0005B6A02B01847036882B09B6A02B01847BA
:10BE000003689B6818470368DB6818470B6810B520
:10BE100004461B699847204610BD0B6810B50446C0
:10BE20005B699847204610BD0B6810B504469B69B6
:10BE30009847204610BD83689A680A60DB684B60AB
:10BE4000704783681A690A605B694B607047836852
:10BE50009A690A60DB694B60704783681A6A0A60F6
:10BE60005B6A4B6070478368DA6A0A601A6B4A60E3
:10BE70005A6B8A609A6BCA60DA6B0A611A6C4A6103
:10BE80005B6C8B61704783689A6C0A60DA6C4A60FD
:10BE90001A6D8A605A6DCA609A6D0A61DA6D4A61DC
:10BEA0001B6E8B61704783685A6E0A609A6E4A6097
:10BEB000DA6E8A601A6FCA605A6F0A619A6F4A61B5
:10BEC000DA6F8A61D3F88020CA61D3F884200A62CD
:10BED000D3F888204A62D3F88C208A62D3F8903055
:10BEE000CB6270478368D3F894200A60D3F8982017
:10BEF0004A60D3F89C208A60D3F8A020CA60D3F8A7
:10BF0000A4200A61D3F8A8204A61D3F8AC208A6142
:10BF1000D3F8B020CA61D3F8B4200A62D3F8B820AD
:10BF20004A62D3F8BC208A62D3F8C030CB62704733
:10BF300003689B681847F0B589B004460D4606AE05
:10BF400086E80C00129A0B680492119A0392109AD8
:10BF500002920EAA92E803008DE803002046DF68F3
:10BF6000294696E80C00B847204609B0F0BDF0B568
:10BF700089B004460D4606AE86E80C00129A0B689E
:10BF80000492119A0392109A02920EAA92E8030068
:10BF90008DE8030020461F69294696E80C00B84743
:10BFA000204609B0F0BDF0B589B004460D4606AE96
:10BFB00086E80C00129A0B680492119A0392109A68
:10BFC00002920EAA92E803008DE8030020465F6902
:10BFD000294696E80C00B847204609B0F0BDF0B5F8
:10BFE00089B004460D4606AE86E80C00129A0B682E
:10BFF0000492119A0392109A02920EAA92E80300F8
:10C000008DE8030020469F69294696E80C00B84752
:10C01000204609B0F0BDF0B589B004460D4606AE25
:10C0200086E80C00129A0B680492119A0392109AF7
:10C0300002920EAA92E803008DE803002046DF6911
:10C04000294696E80C00B847204609B0F0BD0368C1
:10C050009B68184773B5079E04460D680196069EB7
:10C060000096ED68A847204602B070BD03681B69C2
:10C07000184710B40468A468A44610BC604738B5DB
:10C080000D680446ED68A847204638BD2DE9F04309
:10C09000002503F1FF3EDDE907642F4612F807C0D3
:10C0A000A4EB0608D319E04509DC471EA64212D1CD
:10C0B0004044013D14D2934221D1BDE8F0834FFAB0
:10C0C0008CF9B9F1000FF0DDBE45A4EB0C048CBF78
:10C0D00001370135E2E716F801CB07F801CFE5E7B4
:10C0E000017007461E7804EB060C644502D1013648
:10C0F0003044DEE714F801EB07F801EFF5E70170D3
:10C10000064613F8015D6719BC4202D10135284487
:10C11000D1E714F801CB06F801CFF5E7F7B5DDE973
:10C12000087408461946DDE90A36BFB1FD1A03EB6B
:10C13000050CCDE9003C134602462046FFF7A6FF5A
:10C14000041B47B13268521B02D0394603F01FF975
:10C1500033685B1B1C44346003B0F0BD3568E6E710
:10C1600073B5099C0E4619462368DDE90750034460
:10C17000CDE90003134628463246FFF787FF401BF0
:10C18000206002B070BD2DE9F0471D46C3688946A6
:10C19000144603F0B003DDE90867202BA6EB070681
:10C1A000BA460ED127B13A462946204603F0EFF8A9
:10C1B000002E5AD032464946E019BDE8F04703F058
:10C1C0000DB9102B0ED04FF00008002E45D1B7EB63
:10C1D000080A4AD0524605EB0801A019BDE8F0470D
:10C1E00003F0D5B86C30F0F767FB2D218046FDF7E2
:10C1F000B5FB2B78834205D12B784FF0010804F86A
:10C20000013BE2E72B214046FDF7A8FB2B78834258
:10C21000F2D030214046FDF7A1FB2B788342D2D1EA
:10C22000012FD0DD78214046FDF798FB6B788342E3
:10C2300009D12B7802344FF0020804F8023C6B78E5
:10C2400004F8013CC1E758214046FDF787FB6B78B5
:10C250008342EED03EB14FF00008324649462046B8
:10C2600003F0BCF8B3E7B046B4E7BDE8F08737B5F4
:10C27000089D184614462B68CDE90023DDE9062306
:10C28000FFF781FF2C6003B030BD70B59DF8104002
:10C290007CB103460A26B1FBF6F506FB15141444DF
:10C2A000247903F8014D0C462946092CF3D8C01A0D
:10C2B00070BD03F04A04402C09D1034601F0070485
:10C2C000C9081444247903F8014DF7D1EFE713F4BA
:10C2D000804F03460CBF04241424224401F00F04B1
:10C2E0000909145D03F8014DF8D1E0E72DE9F041AB
:10C2F00014469DF820201D460746DDE90683AAB1B5
:10C300000646204629460A220023E4F721F8424443
:10C310001379224604460A2A06F8013D2B460D46AB
:10C3200073F10003EDD2B81BBDE8F08103F04A02BF
:10C33000402A0ED1064604F00703E408434444EAC9
:10C340004574ED081B7906F8013D54EA0503F2D166
:10C35000E9E713F4804F06460CBF042314239844E6
:10C3600004F00F03240918F8033044EA05742D097A
:10C3700006F8013D54EA0503F2D1D4E738B50B685D
:10C3800004460D4653F80C0C206002F0BCFA002362
:10C390000146606022682846EDF7BCFF204638BDA4
:10C3A00010B50446406808B101F0D6FF204610BD24
:10C3B00038B50B6804460D4653F80C0C206002F0AB
:10C3C000A2FA00230146606022682846EDF7A2FF2A
:10C3D000204638BD10B50446406808B101F0BCFFE6
:10C3E000204610BD2DE9F04F8DB004AFBE6CD7F8DC
:10C3F0005080C7E9021007F1100106F16C0081E8D6
:10C400000C00F0F74FFBF56800F1260386B005F04D
:10C410004A0A04460DF1100B4146BAF1400F7B6009
:10C420000AD0BAF1080F07D0B8F1000F01DCC8F14B
:10C4300000014FF0010901E04FF000092B4604F123
:10C4400026020BF11400CDF80090FFF71EFF227CAE
:10C45000C0F11403F8615B44B2B1400094F82520A8
:10C4600007F11C01093020F00700ADEB000D0DF1C4
:10C47000120BCDE90231CDE9006B1346B868D4E95F
:10C480000212FFF76DFE5B46FA69B9F1000F32D078
:10C49000B8F1000F2CDB280506D594F827100132DF
:10C4A00003F8011C013BFA61B268F969914211DAA3
:10C4B000D11D21F00701ADEB010D07F11C0104AC0A
:10C4C0000094CDE90131334697F84C10B868FFF776
:10C4D000CEFE23460022B260FA690092F868D7E9DE
:10C4E0000412FDF7F3FBF8682437BD46BDE8F08F72
:10C4F00094F82610D3E7A905D6D5B8F1000FD3D00C
:10C50000BAF1400F02D194F82A10C8E7C5F380357C
:10C5100004F126010232023B29448978FA615970FC
:10C5200094F82A101970BFE730B587B0054604ACFF
:10C5300084E80C000C9B02939DF82C3001930A9B1D
:10C54000009394E80C00FFF74DFF284607B030BD7C
:10C550002DE9F04F8DB004AF07F11005D7F84890E2
:10C5600097F8506007F11804B86085E80C00D9F816
:10C570000C2097F84C3012F0010FFA6016D1CDF86C
:10C5800000902046CDE9013695E80C00FFF72AFF20
:10C59000BB6894E8030038613975243795E80300D7
:10C5A00083E803001846BD46BDE8F08F09F16C0032
:10C5B0007B60F0F777FA7B687EB3D0E905A8D9F8FD
:10C5C0000860B0453BDAA6EB08061946F21D22F0DA
:10C5D0000702ADEB020D32460DF1100B584602F08A
:10C5E000FDFE0023C9F80830FB6803F0B003202BE0
:10C5F00016D153462046CDF8008095E80600FDF799
:10C6000065FB5B4694E80300386139750096204667
:10C6100095E80600FDF75AFBBAE7D0E907A8CEE790
:10C62000204600965B4695E80600FDF74FFB94E830
:10C630000300386139755346CDF80080E7E70023E1
:10C64000C9F80830F7E72DE9F04F8BB004AF3D6C27
:10C65000C7E9001007F1080105F16C0081E80C0042
:10C66000F0F720FAEE6886B0044606F04A0900F1B9
:10C6700026080DF1100BB9F1400F5FD0B9F1080A8F
:10C6800018BF4FF0010ACDF800A033464246B96CFE
:10C690000BF11400FFF7F9FD227CC0F1140378615F
:10C6A0005B44B2B1400094F8252007F11401093031
:10C6B00020F00700ADEB000D0DF1120BCDE90231BA
:10C6C000CDE9005B13463868D4E90212FFF748FD54
:10C6D0005B46BAF1000F0DD1B2050BD5BA6C4AB169
:10C6E000B9F1400F7A692CD194F82A100132013B3C
:10C6F00019707A61AA687969914211DAD11D21F025
:10C700000701ADEB010D07F1140104AC0094CDE974
:10C7100001312B4697F844103868FFF7A8FD2346EF
:10C720000022AA607A6900927868D7E90212FDF7C0
:10C73000CDFA78681C37BD46BDE8F08F4FF0000A8F
:10C74000A1E7C6F380360232023B08EB0601897886
:10C750007A61597094F82A101970CBE730B587B018
:10C76000054604AC84E80C000C9B02939DF82C3029
:10C7700001930A9B009394E80C00FFF764FF28469E
:10C7800007B030BD2DE9F04188B005460E9E04ACDF
:10C7900006AFD6F80C80384684E80C0028F48043B5
:10C7A00023F04A0343F40273F360109B02939DF855
:10C7B0003C30CDE9006394E80C00FFF744FFC6F875
:10C7C0000C8097E8030004908DF8141094E803009F
:10C7D00085E80300284608B0BDE8F0812DE9F04F58
:10C7E0008DB004AFBE6CC7E9021007F1100106F16D
:10C7F0006C0081E80C00D7E91498F0F753F9F5685C
:10C800008AB0044605F04A0105F04A030DF1100B09
:10C810004A4640297B6043460DD008290BD0B9F128
:10C82000010F78F1000103DAD9F1000268EB480347
:10C830004FF0010A01E04FF0000A04F126010BF16C
:10C840002800CDE9015A0091FFF750FD227CC0F18C
:10C850002803F8615B44B2B1400094F8252007F149
:10C860001C01093020F00700ADEB000D0DF1120B9B
:10C87000CDE90231CDE9006B1346B868D4E9021264
:10C88000FFF76EFC5B46FA69BAF1000F32D0B8F1DF
:10C89000000F2CDB280506D594F82710013203F889
:10C8A000011C013BFA61B268F969914211DAD11DAC
:10C8B00021F00701ADEB010D07F11C0104AC009460
:10C8C000CDE90131334697F84C10B868FFF7CFFC3B
:10C8D00023460022B260FA690092F868D7E9041290
:10C8E000FDF7F4F9F8682437BD46BDE8F08F94F8F9
:10C8F0002610D3E7A905D6D559EA0808D3D005F004
:10C900004A01402902D194F82A10C7E7C5F38035BF
:10C9100004F126010232023B29448978FA615970F8
:10C9200094F82A101970BEE730B587B0054604ACFC
:10C9300084E80C00DDE90C23CDE902239DF82C30BE
:10C9400001930A9B009394E80C00FFF747FF2846E9
:10C9500007B030BD2DE9F04F8DB004AFC7E902102C
:10C9600007F11001BD6C81E80C003B6D05F16C0016
:10C970007B607B6D3B60F0F795F8EE688AB004460B
:10C9800000F1260806F04A090DF1100BB9F1400F2D
:10C9900062D0B9F1080A18BF4FF0010ACDF8008043
:10C9A0000BF12800CDE9016AD7E90032FFF79EFCC0
:10C9B000227CC0F12803F8615B44B2B1400094F8D6
:10C9C000252007F11C01093020F00700ADEB000D18
:10C9D0000DF1120BCDE90231CDE9005B1346B868C9
:10C9E000D4E90212FFF7BCFB5B46BAF1000F0FD18E
:10C9F000B2050DD5D7E900120A4309D0B9F1400FAD
:10CA0000FA692CD194F82A100132013B1970FA61AD
:10CA1000AA68F969914211DAD11D21F00701ADEB45
:10CA2000010D07F11C0104AC0094CDE901312B4646
:10CA300097F84C10B868FFF71AFC23460022AA604A
:10CA4000FA690092F868D7E90412FDF73FF9F8682F
:10CA50002437BD46BDE8F08F4FF0000A9EE7C6F3CD
:10CA600080360232023B08EB06018978FA61597080
:10CA700094F82A101970CBE730B587B0054604AC9E
:10CA800084E80C00DDE90C23CDE902239DF82C306D
:10CA900001930A9B009394E80C00FFF75BFF284684
:10CAA00007B030BD2DE9F04F8FB08A46814604AF04
:10CAB0003E6D07F1080106F16C0B584681E80C0049
:10CAC000EFF7F0FFD6F80480054697F85820B8F144
:10CAD000000F07F118013046B8BF4FF0060802F00A
:10CAE00040FAF3688CB003F4827304ACB3F5827F30
:10CAF0007CD0ECF7DBF82146786107F11400D7E928
:10CB00001823CDF80080CDE9022307F118032D2268
:10CB1000EDF7E4FE2C28386119DD421C083020F0C6
:10CB200007007A60ADEB000DECF7C0F8786104AC5B
:10CB300007F11400D7E91823CDF800802146CDE98C
:10CB400002237A6807F11803EDF7C8FE38615846EA
:10CB5000EFF7B2FE3A692146D31D224423F00703C2
:10CB6000ADEB030D0DF117084FEAD80B28F00708BD
:10CB70004346FFF710F82E23396907F114022046C7
:10CB80003B757960FCF7A9FA7968002858D0031B37
:10CB900095F8242008EB030003F83B202B7C002BA6
:10CBA0005CD1B2683B69934211DAD31D504623F041
:10CBB0000703ADEB030D07F1100304ACCDE90183CE
:10CBC000A0460094334697F85410FFF750FB00231B
:10CBD0004846B3603B6900934346D7E90212FDF72C
:10CBE00075F848462C37BD46BDE8F08FECF75EF887
:10CBF0002146786107F11400D7E91823CDE9002315
:10CC000007F118032D22EDF769FE2C2838619EDD0F
:10CC100000F10108083020F00700ADEB000DECF743
:10CC200045F8786104AC07F11400D7E918232146D0
:10CC3000CDE9002307F118034246EDF74FFE85E7E3
:10CC40002B7C002BADD0022908DD6278392AA8D8C8
:10CC5000A378303B092BA4D82F2AA2D94B00073345
:10CC600023F00703ADEB030D23782D2B0DF1100BF3
:10CC700001D02B2B1CD198F80030013901248BF8FE
:10CC80000030396107F1100295F82530039208EB66
:10CC90000402D84602920BEB0402CDE90002504692
:10CCA000D5E90212FFF73AFA3B6923443B6178E782
:10CCB0000024E7E730B589B0054606AC84E80C00EF
:10CCC000DDE90E23CDE90423002302939DF83430DF
:10CCD00001930C9B009394E80C00FFF7E3FE2846B9
:10CCE00009B030BD2DE9F04F8FB08A46814604AFC0
:10CCF0003E6D07F1080106F16C0B584681E80C0007
:10CD0000EFF7D0FED6F80480054697F85820B8F122
:10CD1000000F07F118013046B8BF4FF0060802F0C7
:10CD200020F9F3688CB003F4827304ACB3F5827F0E
:10CD30007CD0EBF7BBFF2146786107F11400D7E9FF
:10CD40001823CDF80080CDE9022307F118032D2226
:10CD5000EDF7C4FD2C28386119DD421C083020F0A5
:10CD600007007A60ADEB000DEBF7A0FF786104AC33
:10CD700007F11400D7E91823CDF800802146CDE94A
:10CD800002237A6807F11803EDF7A8FD38615846C9
:10CD9000EFF792FD3A692146D31D224423F00703A1
:10CDA000ADEB030D0DF117084FEAD80B28F007087B
:10CDB0004346FEF7F0FE2E23396907F114022046A0
:10CDC0003B757960FCF789F97968002858D0031B16
:10CDD00095F8242008EB030003F83B202B7C002B64
:10CDE0005CD1B2683B69934211DAD31D504623F0FF
:10CDF0000703ADEB030D07F1100304ACCDE901838C
:10CE0000A0460094334697F85410FFF730FA0023F9
:10CE10004846B3603B6900934346D7E90212FCF7EA
:10CE200055FF48462C37BD46BDE8F08FEBF73EFF77
:10CE30002146786107F11400D7E91823CDE90023D2
:10CE400007F118032D22EDF749FD2C2838619EDDEE
:10CE500000F10108083020F00700ADEB000DEBF702
:10CE600025FF786104AC07F11400D7E918232146A7
:10CE7000CDE9002307F118034246EDF72FFD85E7C2
:10CE80002B7C002BADD0022908DD6278392AA8D886
:10CE9000A378303B092BA4D82F2AA2D94B00073303
:10CEA00023F00703ADEB030D23782D2B0DF1100BB1
:10CEB00001D02B2B1CD198F80030013901248BF8BC
:10CEC0000030396107F1100295F82530039208EB24
:10CED0000402D84602920BEB0402CDE90002504650
:10CEE000D5E90212FFF71AF93B6923443B6178E761
:10CEF0000024E7E730B589B0054606AC84E80C00AD
:10CF0000DDE90E23CDE904234C2302939DF8343050
:10CF100001930C9B009394E80C00FFF7E3FE284676
:10CF200009B030BDF0B587B0054604AC0F9E9DF842
:10CF3000307084E80C000D9B9DF838200093CDE9FB
:10CF4000012694E80C0027B1EFF7ECFF284607B064
:10CF5000F0BDF0F71FF9F9E72DE9F043A7B004465B
:10CF60002E9E02AD9DF8C4906C369DF8C870304678
:10CF700085E80C00EFF7A0FC80463046EFF7FEFD99
:10CF8000252106464046FCF7E9FC8DF81400CFB990
:10CF90008DF815908DF81670309B06A980223046CA
:10CFA000009305AB02F0B7F806A8E3F74BFF06AB1A
:10CFB0000090204695E80600FCF788FE204627B042
:10CFC000BDE8F08300238DF815708DF816908DF86C
:10CFD0001730E1E72DE9F74F05466C464FF00009A1
:10CFE000DDF840A04FF00A0B4E46DDE9120784E859
:10CFF0000C006C30EFF760FC80460CA92046FDF772
:10D000000EF970B1119B9E420BD02046FDF7E6F859
:10D010002A22C1B24046FCF7B2FC3038C2B2092A1B
:10D0200010D9C6B10F9A914515DBD14513DC0E9A84
:10D03000C2F8009094E8030085E80300284603B096
:10D04000BDE8F08F0BFB0909D145EADC204601362B
:10D05000FEF70FFDD1E73B6843F004033B60E9E7CF
:10D060002DE9F04F8DB000AFF86107F12004F86EA4
:10D070006C3084E80C00EFF71FFC6B46BA6E054677
:10D0800007F158012046A3EBC2039D46DB08E846A2
:10D09000BB61FDF7C4F8002800F07281BB6E20462A
:10D0A0004FF0000B9B007B61BB6E08EB8309FDF723
:10D0B00095F8C4B228462146FCF74DFC21460646A9
:10D0C0002846FCF745FC5C468246BB6E9B450BD16F
:10D0D0000026012C2BD8012C40F0528107F12000B2
:10D0E0000136FEF7C6FCE2E07B6E284653F82B3093
:10D0F0001978FCF730FC86420FD1A3003B617B6EB0
:10D1000053F82B00E3F79EFE3B6949F824000134F5
:10D1100048F803B00BF1010BD7E77B6E284653F8B4
:10D120002B301978FCF714FC8245F3D1E5E7CB46A8
:10D1300009EB84005BF8043BFB625B461A46F96A24
:10D140000433D2F800C08C4507F12C0128BF0A46F1
:10D150009842D2F800A0C7F82CA0EFD1013607F111
:10D160002000FEF786FCB24547D107F1580107F1D0
:10D170002000FDF754F8824600B307F12000FDF7C8
:10D180002DF8C1B22846FCF7E6FB386107F1200014
:10D19000FDF724F8C1B22846FCF7DAFB0023F8605B
:10D1A000796E58F8232051F8222059F82310B14203
:10D1B0005AD801339C42F3D14FF0000A002359F8AA
:10D1C0002320911B4A424A41524509BF04F1FF34D2
:10D1D000013358F8242048F8232004BF59F82420AC
:10D1E00049F823209C42EAD8BAF1000F5BD0D9F865
:10D1F000003001218C42FB6249D8FB6AB3427FF6C2
:10D200006AAF07F1580107F12000FDF708F8002880
:10D210003FF461AF07F120004FF0000AFCF7DEFF9A
:10D22000C1B22846FCF797FB386107F12000FCF7F4
:10D23000D5FFC1B22846FCF78BFBF86054457FF65A
:10D2400048AF7B6E284658F82A204FEA8A0B53F8DD
:10D250002220915DBA60FCF77EFB3B69BA6883428D
:10D260006DD10AF1010AE9E7915D28467B60BA6059
:10D27000FCF771FB3B698342A0D0BA682846915DF8
:10D28000FCF766FBFB6883427B6892D196E75A46BF
:10D2900001310BF1040B1068834207F12C0398BF96
:10D2A0001A461368A6E7022C2CD0012C68D1D8F8B6
:10D2B0000040D7E9053253F832807B6E53F82430B2
:10D2C00003EB0609464562D207F1580107F1200039
:10D2D000FCF7A5FF002853D019F8011B2846FCF7DE
:10D2E0003AFB824607F12000FCF778FFC1B22846DE
:10D2F000FCF731FB824533D107F120000136FEF700
:10D30000B8FBDFE7BB6EDB073AD4D8F80030B86E65
:10D31000BA6EB3EB500F4FEA5201D8F8042002D294
:10D320000B449342C2E75B1A934229D1C8F80030FC
:10D33000D9F80430D7E9052142F83130B7E7915DDB
:10D340002846FCF705FBFB6883428AD0013C58F86D
:10D35000242048F80B2059F8242049F80B206DE7C9
:10D3600019F8011C2846FCF7F3FA824607F1200061
:10D37000FCF734FFC1B22846FCF7EAFA8245BBD07D
:10D380003B6F3A6F1B6843F00403136002E0F7D170
:10D390003B6E1C60FB69D7E90801343783E8030062
:10D3A0001846BD46BDE8F08F2DE9F04F87B08146A5
:10D3B00000AF786D07F110066C30D7E913AB86E843
:10D3C0000C00EFF779FA6B46F86007F14001A3EB28
:10D3D000CB0330469D46E846FCF721FF002800F0CD
:10D3E000838000243046FCF7F9FE2546C3B24FEA9D
:10D3F0004B02A24237D1002D76D030460024FEF7F2
:10D4000038FBAB00073323F00703ADEB030D6E468B
:10D4100058F824305AF82300E3F714FD46F82400A6
:10D420000134A542F4D1012507F1400107F11000B4
:10D43000FCF7F5FE58BB012C5AD13368AB425ED1E4
:10D44000D8F80030BA6C5B45A8BFA3EB0B031360A0
:10D4500007F118031C3713E9030089E80300484665
:10D46000BD46BDE8F08F5AF824100978994204D1DE
:10D4700048F8254001350134BBE7F868C7E90132B7
:10D48000FCF766FA7B68BA689842F4D1F0E707F1D6
:10D490001000FCF7A3FE0023C0B219469C4207D837
:10D4A0008C42C8D007F110000135FEF7E2FABBE765
:10D4B00056F823204FEA830E06EB830CAA4202D8CB
:10D4C00001310133EAE758F823205AF82220525D4F
:10D4D0008242F6D0013C58F8242048F80E2056F835
:10D4E0002420CCF80020D9E70024254626469BE7D7
:10D4F000022C04D13368AB42A2D073689EE7BB6DA7
:10D50000BA6D1B6843F00403A1E770B588B0044608
:10D510000E4606AD85E80C00109B04930F9B039309
:10D520000E9B02930CAB93E803008DE803002046AA
:10D53000314695E80C00F1F74DF8204608B070BD73
:10D540002DE9F04F91B00D460CAF0690DDF87890C4
:10D55000DDE91C0B87E80C00C368DB0739D44FF00A
:10D56000FF3302900AAC0F930FABCDE903B31AABB4
:10D5700093E803008DE803002946204697E80C0055
:10D58000F1F728F80F9B94E80300012B87E80300CC
:10D590000CD803F0010389F80030069B97E80300DC
:10D5A00083E80300184611B0BDE8F08F01231AA9E3
:10D5B000384689F800300423CBF80030FCF71DFE14
:10D5C0000028EAD0DBF8003043F00203CBF800304B
:10D5D000E3E76C304FF0010AEFF764FA056A8469FB
:10D5E0000646B5FA85F55346B4FA84F452466D09F9
:10D5F00064090AF1FF38BDB1B4B10021002A00F07E
:10D600009B80326A424540F09780B8F1000F00F0ED
:10D610009F80002289F8002013B1B36943456AD086
:10D620004900CBF80010B8E71AA93846CDE907231E
:10D63000FCF7E3FD0146DDE907230028DED1099070
:10D640003846FCF7CBFDC0B2DDE9083175B1079A69
:10D650008AB1002C37D0002B3AD03846FEF709FAB1
:10D66000356A55458CBF002501252AE0F26912F87C
:10D670000820824209D0002C33D01BB1B3699845F1
:10D680005ED0002389F8003035E06CB1002BE4D186
:10D6900038460793FEF7EDF9356A2146079BAA4500
:10D6A00034BF002501253EE0736913F8083093422A
:10D6B0002ED13846FEF7DDF9356AAA4534BF00257C
:10D6C000012501241DE0736913F808308342F0D06E
:10D6D000336A98453CD1B8F1000F29D189F8008010
:10D6E00009E0736913F80830834206D0002D08BFA3
:10D6F0002C4689F80040042368E701253846FEF7E8
:10D70000B8F9B169012351458CBF002101210AE01C
:10D710003846FEF7AEF9356A23460124AA4521466C
:10D7200034BF0025012522460AF1010A0C4660E7B4
:10D73000002389F8003073E753B1B369434507D13B
:10D74000B8F1000F04D00123994089F8003068E750
:10D75000002389F800300029CDD0062336E770B5C4
:10D7600088B004460E4606AD85E80C00109B049375
:10D770000F9B03930E9B02930CAB93E803008DE881
:10D7800003002046314695E80C00F1F7E9F8204601
:10D7900008B070BD70B588B004460E4606AD85E889
:10D7A0000C00109B04930F9B03930E9B02930CABF6
:10D7B00093E803008DE803002046314695E80C000D
:10D7C000F1F792FA204608B070BD70B588B00446F3
:10D7D0000E4606AD85E80C00109B04930F9B039347
:10D7E0000E9B02930CAB93E803008DE803002046E8
:10D7F000314695E80C00F1F729FC204608B070BDD1
:10D800002DE9F0418CB005468C46149E08AC06AF5D
:10D81000D6F80C8084E80C0028F04A0343F0080393
:10D82000F3600BAB0493159BCDE9026312AB93E855
:10D8300003008DE803006146384694E80C00F1F7D8
:10D8400005FC169B0B9A97E80300C6F80C801A603B
:10D8500084E8030085E8030028460CB0BDE8F081A9
:10D8600070B588B004460E4606AD85E80C00109BE6
:10D8700004930F9B03930E9B02930CAB93E803005E
:10D880008DE803002046314695E80C00F1F790FD45
:10D89000204608B070BD70B588B004460E4606AD8F
:10D8A00085E80C00109B04930F9B03930E9B02933F
:10D8B0000CAB93E803008DE803002046314695E861
:10D8C0000C00F1F76FFF204608B070BD2DE9F04F56
:10D8D0008FB04FF0000A064688460AACCDF834A057
:10D8E00008ADDDE91AB784E80C000BF16C00EEF727
:10D8F000E3FF0DAB0222CDF80CA08146CDE906B3C3
:10D900006323CDE904320CAB029318AB93E8030018
:10D910008DE803004146284694E80C00FFF75AFBC7
:10D920000D9B95E8030084E80300002B51D118A952
:10D930002046FCF774FC002846D02046FCF74EFC3D
:10D940002A22C1B24846FCF71AF8A0F13005EBB222
:10D95000092B39D820464FF00A08FEF78AF80C9BAD
:10D9600018A9204608FB03550C95FCF758FC98B104
:10D970002046FCF733FC2A22C1B24846FBF7FFFFE2
:10D98000A0F13005EBB2092B06D82046FEF771F85E
:10D990000C9B08FB03550C950C9BA3F26C730C932A
:10D9A0001C9B0C9A5A6118A92046FCF726FC18B15A
:10D9B0003B6843F002033B6094E8030086E8030001
:10D9C00030460FB0BDE8F08F0C9B442BE8DC64338D
:10D9D000E5E73B6843F004033B60E4E72DE9F047EB
:10D9E0009CB0054688460AAC0DF1380ADDE926965A
:10D9F00084E80C0009F16C00EFF7C0F807465146C7
:10DA0000FEF741FA384615A908AFFEF72CFA0023B5
:10DA10000D930DABCDE905930723CDE903A30CAB23
:10DA2000029324AB93E803008DE803004146384697
:10DA300094E80C00FFF7B8FC0D9B97E8030084E81E
:10DA400003009BB9289B0C9A9A6124A92046FCF7F5
:10DA5000D4FB18B1336843F00203336094E8030049
:10DA600085E8030028461CB0BDE8F087336843F022
:10DA700004033360E9E72DE9F047A6B00546884680
:10DA80000AAC0DF1380ADDE9309684E80C0009F1A2
:10DA90006C00EFF773F807465146FEF723FA384655
:10DAA0001AA908AFFEF7FFF900230D930DABCDE9DE
:10DAB00005930C23CDE903A30CAB02932EAB93E8A3
:10DAC00003008DE803004146384694E80C00FFF758
:10DAD0006BFC0D9B97E8030084E803009BB9329B25
:10DAE0000C9A1A612EA92046FCF787FB18B13368FF
:10DAF00043F00203336094E8030085E803002846FE
:10DB000026B0BDE8F087336843F004033360E9E7EB
:10DB10002DE9F04F93B0054689460AACDDF880A0A8
:10DB20000FAE0DF12008DDE91EB784E80C000BF103
:10DB30006C00EFF723F80DA9FEF783F90023069692
:10DB40001193CDE90F330D9BCDE904A31CABCDE9B7
:10DB500002B793E803008DE803004946404694E885
:10DB60000C00EFF7E3FC98E8030084E8030051465B
:10DB70003046F3F785FB1CA92046FCF73EFB18B1A5
:10DB80003B6843F002033B6094E8030085E8030030
:10DB9000284613B0BDE8F08F2DE9F04F93B005464D
:10DBA00089460AACDDF880A00FAE0DF12008DDE952
:10DBB0001EB784E80C000BF16C00EEF7DFFF0DA937
:10DBC000FEF739F9002306961193CDE90F330D9B2B
:10DBD000CDE904A31CABCDE902B793E803008DE8BF
:10DBE00003004946404694E80C00EFF79FFC98E894
:10DBF000030084E8030051463046F3F741FB1CA9BB
:10DC00002046FCF7FAFA18B13B6843F002033B6088
:10DC100094E8030085E80300284613B0BDE8F08FC0
:10DC200010B50446F2F7C2FC204600F091FB2046F6
:10DC300010BDD0F800C0ACF10C0CDCF800C06044A2
:10DC4000EEE70A68026052F80C2C49688150704770
:10DC500038B5456804462B6853F80C3C1D44EB6806
:10DC60009B0410D500F0D4FC68B9A86F58B100F03F
:10DC700008F9013007D1636801211A6852F80C0CC9
:10DC80001844FDF76BFD204638BD036853F80C3C83
:10DC900003449B6F37B504464BB10146684600F01C
:10DCA0003FF89DF800302BB96846FFF7D1FF2046BA
:10DCB00003B030BD236853F80C3C2344986F00F048
:10DCC000E0F80130F0D12368012153F80C0C204416
:10DCD000FDF744FDE8E701290D4611D100F04BFCAA
:10DCE0002368294653F80C0C2044FDF73DFD00F055
:10DCF000C6FD00F069FC6846FFF7AAFF00F099FB3B
:10DD000000F039FC2368012153F80C0C2044FDF786
:10DD10002BFD00F059FCC7E700F056FCEBE7EAE703
:10DD200038B50023054641600C4603700B6853F874
:10DD30000C3C0B44186F18B15B690BB9FFF7A5FFDA
:10DD4000236853F80C0C204443691BB901232B7042
:10DD5000284638BDDB07FBD50421FDF7FFFCF7E7BC
:10DD60007047704730B500224FF0FF344FF0FF3559
:10DD7000C0E90222C0E9004530BD82B08DE80C0048
:10DD80004FF0FF334FF0FF3202B0C0E90023002311
:10DD9000C0E90233704700207047002070474FF001
:10DDA000FF307047036810B55B6A04469847431C10
:10DDB0001EBFA36813F8010BA36010BD4FF0FF3026
:10DDC00070474FF0FF30704710B50446F2F706FC7D
:10DDD000204600F0BDFA204610BD2DE9F843064666
:10DDE0000F4690460025454502DB2846BDE8F883EE
:10DDF000D6E90504241A10D0A8EB05093946A14537
:10DE0000B4BF4C46A14622464D4401F0C0FA7369A6
:10DE1000A845274423447361E5DD336830463978EB
:10DE20005B6B98470130E0D001350137DBE72DE926
:10DE3000F84307460C4690460026464502DB30462E
:10DE4000BDE8F883D7E902156D1A10D0A8EB0609D2
:10DE50002046A945B4BF4D46A9462A464E4401F086
:10DE600096FABB68B0452C442B44BB60E5DD3B68AB
:10DE700038469B6A9847431CE1D0013604F8010BF1
:10DE8000DBE703689B691847D0E902218A4202D385
:10DE900003685B6A18471078704703681B6B184764
:10DEA0000AB101F074BA7047034653F8080B984260
:10DEB00001D000F04DBA704701F18041406801394E
:10DEC000091A914208B502D21846EEF727FA08BDA2
:10DED00003688B4206D842681344994294BF0020DD
:10DEE0000120704701207047012A10B403D10A783D
:10DEF00010BC0270704710BCFFF7D2BF012A30B4CB
:10DF000003D10B78037030BC7047002AFBD030BCC3
:10DF100001F04ABA0B461146012B10B4044602D157
:10DF2000227010BC7047002BFBD01A4610BC01F0C9
:10DF300055BA0F2937B504461546019106D9002276
:10DF400001A9F2F757FB019B2060A360019919B169
:10DF50002A462068FFF7DEFF019B002122686360EC
:10DF6000D15403B030BD521A08B5FFF7BDFF08BD4C
:10DF7000521A08B5FFF7B8FF08BD2DE9F3470A9E0E
:10DF800001EB02081F464368B21A0D46A3EB0809CD
:10DF900001A91A4403460446019253F8082B9A42F9
:10DFA00014BF82680F22F2F725FB82461DB12A4674
:10DFB0002168FFF799FF37B12EB1324639460AEB97
:10DFC0000500FFF791FFB9F1000F07D02168354434
:10DFD0004A4641440AEB0500FFF786FF2046FFF75B
:10DFE00063FF019BC4F800A0A36002B0BDE8F08706
:10DFF00038B504461546084611446268521A05D0E1
:10E0000025B1236819441844FFF778FF636800219D
:10E0100022685B1B6360D15438BD034637B553F8A3
:10E02000082B044601919A42019B14BF82680F227B
:10E0300093420ED901A9F2F7DDFA6268216805461C
:10E040000132FFF751FF2046FFF72EFF019B2560AD
:10E05000A36003B030BD0346F7B553F8082B044660
:10E0600046680F469A4206F1010514BF83680F23E4
:10E070009D4206D901233146009300231A46FFF73B
:10E080007CFF236800229F55236865605A5503B0C2
:10E09000F0BD07B50B46009200224168F2F7DAFAAC
:10E0A00003B05DF804FB10B5446803468C4203D20C
:10E0B000091BFFF7EEFF10BD81BF0368002241601E
:10E0C0005A54F8E7002208B5FFF7EDFF08BD0368D2
:10E0D00037B5CC1A05460092012300222146F2F7FB
:10E0E000B9FA2868204403B030BD73B514460E4613
:10E0F00005461046E2F7A6FE234600223146009070
:10E100002846F2F763FB02B070BD73B50446406861
:10E110002346851853F8086B9E4214BFA3680F234B
:10E120009D420AD812B13044FFF7DEFE2368002278
:10E13000204665605A5502B070BD0B4600920146FC
:10E1400000222046FFF719FFF0E788422DE9FF473C
:10E1500005460C4648D007460E4657F8089B56F829
:10E16000088B4F4551D14645D0F804903FD1D1F8A6
:10E170000480B9F1000F1AD009F10109B8F1000FBC
:10E1800026D008F10108314668464246FFF788FE6E
:10E190004A4639463046FFF783FE424669463846CE
:10E1A000FFF77EFE6B6862686A6063601CE0B8F12E
:10E1B000000FF7D008F1010231463846FFF770FE34
:10E1C00063686B602368C4F8049083F800900BE0E8
:10E1D0004A4639463046FFF763FE6B6863602B683A
:10E1E000C5F8048083F8008004B0BDE8F087D1F85A
:10E1F00008A009F1010239463046FFF751FEC5F883
:10E2000000802660C5F808A0CCE74645D0F808A0F5
:10E210000BD14A68384631460132FFF741FEC4F857
:10E2200000902F60C4F808A0BCE7C0F800808B689D
:10E23000C1F800908360F5E7034610B544681046C6
:10E24000A04202D34FF0FF3010BD1A68125C8A4220
:10E25000FAD10130F4E710B50446F2F7EFFA0421E1
:10E26000204600F077F8204610BD10B50446F2F7BE
:10E27000F3FA0421204600F06DF8204610BD7FB56A
:10E280000024102315461268CDE902340368CDE955
:10E2900000449E696B46B0479DF8043003F00603C6
:10E2A000062B05BF009B012020462B6004B070BDEB
:10E2B000009890420CBF06200120704710B504461C
:10E2C000F2F7D4FA0821204600F044F8204610BDA9
:10E2D0002DE9F041DDF818801F4606461546DDE9B8
:10E2E0000834984507D1079900F093FB18B1657180
:10E2F0000020BDE8F0813946304600F08AFB002856
:10E30000F6D00123C4F800802571A371F0E738B579
:10E3100015461C4600F07DFB20B108232560E36014
:10E320000623237138BD2DE9F04105460C461646FB
:10E330001F4600F06EFB48B9032F07D8236832460A
:10E34000294620465B69BDE8F0411847BDE8F081E9
:10E35000E5F7E6BEFFF7FCBFFFF7FABF2DE9F04196
:10E360000F4688B016461D46044618B9002008B06E
:10E37000BDE8F081026852F8083C52F804CC002253
:10E38000C118C358CDE9052253F8040C102260458A
:10E390000792EBD1036805AACDE90017CDE9024247
:10E3A0002946D3F81C8006223346C047059800282A
:10E3B000DCD09DF81A1001F00603062BD7D09DF88B
:10E3C00019309DF818201A4002F00602062ACED015
:10E3D00003F00503042BC9D00029C7D1002D04DBAD
:10E3E00028448442C2D10598C1E7AB1CBED0336833
:10E3F0000246009429461C6A30463B46A04700F07E
:10E4000006000628EEE710B500F180042046E5F787
:10E4100069FE034630B92046F2F768FA034608B9A8
:10E4200000F0E7F980220021184600F0D7FF803085
:10E4300010BD1EB400F03DF81EBCE2F7AFFC03783F
:10E44000472B17D143784E2B14D18378552B11D1FC
:10E45000C378432B0ED10379432B0BD143792B2B5C
:10E4600008D183792B2B05D1C07901288CBF0020DE
:10E47000012070470020704710B50446F2F752FBA8
:10E4800002462046A4F12001FFF7D9FF60B154F8FD
:10E49000043C0133012B44F8043C03D1936844F855
:10E4A000083C9160012010BD9368002BF9D000F06A
:10E4B000A0F910B5F2F736FB826801460AB900F000
:10E4C00098F902F120042046FFF7B9FF40B1D36963
:10E4D000013BD36113B9906988609361204610BDF8
:10E4E0008860FBE70378472B17D143784E2B14D174
:10E4F0008378552B11D1C378432B0ED10379432B4D
:10E500000BD143792B2B08D183792B2B05D1C079E3
:10E5100001288CBF0020012070470020704710B5F3
:10E52000044648B100F027F82046FFF7DBFF18B19A
:10E5300054F8140C00F055F900F05BF90378472B00
:10E5400017D143784E2B14D18378552B11D1C37832
:10E55000432B0ED10379432B0BD143792B2B08D1BD
:10E5600083792B2B05D1C07901288CBF0020012095
:10E5700070470020704738B50446F2F7D3FA0246D8
:10E5800005682046A4F12001FFF7D8FF28B90DB196
:10E5900000F02FF91160284638BD54F80C3C204695
:10E5A000002BB4BFC3F1010301338D4244F80C3C8E
:10E5B000536803F1FF3353601CBF44F8105C1160D3
:10E5C000656AE2F776F8E6E710B5F2F7A7FA0268AF
:10E5D00001469AB102F120042046FFF7AFFF28B9A7
:10E5E00008602046BDE81040E2F764B85369002B8C
:10E5F00005DA013301D110690860536110BD013B98
:10E6000002D113690B60ECE7591CF6D100F0F1F868
:10E6100008B5F2F787FA4068003818BF012008BD36
:10E620007047704710B504460421FFF793FE20465B
:10E6300010BD704700231A4630B510F8015B05F095
:10E640007F049440073223432C06F6D40B6030BD80
:10E6500000231A4630B510F8014B04F07F059540B1
:10E6600007322B432506F6D41F2A06D8640642BF7C
:10E670004FF0FF3404FA02F213430B6030BD502810
:10E680002DE9F3410646884615461F4608D1D01CA1
:10E6900020F0030050F8044B3C6002B0BDE8F0816C
:10E6A00000F00F030C2B2ED8DFE803F025071D2503
:10E6B000292D2D2D2D182125290001A92846FFF7E8
:10E6C000B9FF019C002CE7D006F07003102B08BFA7
:10E6D000A8463306444448BF2468DDE701A928461C
:10E6E000FFF7B6FFEDE7284630F8024BEAE7284689
:10E6F00030F9024BE6E7284650F8044BE2E728469B
:10E7000050F8084BDEE7E5F7C1FC08B503460846BC
:10E71000FF2B0DD003F07003302B0FD004D8202B2B
:10E7200008D005D9E5F7B2FC402B0BD0502BF9D11E
:10E73000002008BDBDE8084001F036B9BDE808403A
:10E7400001F02FB9BDE80840E2F736BE70B50C46BF
:10E7500015461E4601462046FFF7D7FF33460146C1
:10E760002A462046BDE87040FFF789BF73B50C46C6
:10E770001546064608B1E2F71FFE2246286012F849
:10E78000011BFF291CD02B1D3046FFF7DFFF02467F
:10E79000104610F8013BFF2B14D0102301A92B7554
:10E7A000FFF748FF019B0344EB6001A910F8013B10
:10E7B0006B75FFF73FFF019B03442B6102B070BDF7
:10E7C0006860E5E72B750023EEE71FB503AB0A464B
:10E7D000009300231946E1F773FF039805B05DF835
:10E7E00004FB08B58047E5F751FCFFF7C4FEE5F7E9
:10E7F0004DFC08B5F2F742FBFFF7F3FF08B5804781
:10E80000FFF7F7FF08B5F2F73FFBFFF7F7FF012827
:10E8100010B503D951F8140CFFF7E3FFA1F1280359
:10E82000D3E8EF2F013AC3E8E02F0028F8D15AB916
:10E8300051F81C3C01F158040BB120469847204682
:10E84000BDE81040F2F776B810BD70B504460D462D
:10E850001646F2F767F943682946324601334360AA
:10E860002046F2F717FB0123044644F8283B2046D4
:10E87000E2F782FA2046FFF77EFEFFF7BAFF10B5F7
:10E88000F2F750F9D0E90042013242604CB394F8FB
:10E890002020472A27D194F821204E2A23D194F80A
:10E8A0002220552A1FD194F82320432A1BD194F803
:10E8B0002420432A17D194F825202B2A13D194F829
:10E8C00026202B2A0FD194F82720012A0BD8626921
:10E8D0005242626120342046E2F772FA2046FFF786
:10E8E0004AFEFFF786FF00220260F3E70123036080
:10E8F000704710B50446F2F715FB04212046FFF7D8
:10E9000029FD204610BDF2F723BB08B5FFF7FBFF3A
:10E9100004E0FFF730FEFFF757FE002008BD10B5FA
:10E920000446F2F733FB0C212046FFF713FD204687
:10E9300010BD2DE9F041DDF8188006460F4615465A
:10E9400090451C460BD0B0682A4639460368CDF87E
:10E9500018801E6A2346B446BDE8F0416047194658
:10E9600000F057F80028EED00620BDE8F0812DE930
:10E97000F14F0D461946814617469846DDE90A4B88
:10E98000DDE90CA600F045F890B1002D3460377138
:10E9900009DB2C44A24514BF01240624B4710020D5
:10E9A00001B0BDE8F08F0235F9D10123B371F6E76C
:10E9B000544506D15946484600F02BF808B1777106
:10E9C000EDE7D9F808003A4629460368CDE90CA6D8
:10E9D000CDE90A4BDC694346A44601B0BDE8F04FDF
:10E9E00060472DE9F04107460C4615461E46FFF7E5
:10E9F0008EFC48B9B8682A46214603689F693346A9
:10EA0000BC46BDE8F0416047BDE8F081704700209A
:10EA10007047814208B50ED0406803782A2B0CD08D
:10EA200049680B782A2B08BF0131E2F701FAB0FAE6
:10EA300080F0400908BD0120FCE70020FAE710B58E
:10EA40000446F2F7ADFA18212046FFF783FC204672
:10EA500010BD2DE9F74FDDF830A004468846164674
:10EA60005245994605D0E76804EBC70447B9012031
:10EA700022E01946FFF7CDFF0028F4D006201BE066
:10EA8000E568AB071BD52A1215F0010504D018F173
:10EA9000030F14D033689A58A06832444146036883
:10EAA000CDF800A0D3F820B04B46D847032806D9AC
:10EAB00015B140F00100C0B203B0BDE8F08F013FD6
:10EAC000083CD3E7F0B40D1E1646049C06DB2E442A
:10EAD000B44214BF01200620F0BC7047023505D0B7
:10EAE000056804942C6AA446F0BC60470120F3E753
:10EAF0002DE9F04F91B081460F461D9DCDE90523CC
:10EB0000AB681C9ADB0644BF8368AB601A9B9342D8
:10EB100008D11B99FFF77DFF20B1059B6B714FF06A
:10EB2000000883E006994846FFF773FF98B11A9BE7
:10EB3000002F2B60059B2B7108DB1A9B1F441C9B2D
:10EB4000BB4214BF01270627AF71E8E70237E6D1C1
:10EB50000123AB71E3E7002F4FF0020C4FF00008E8
:10EB6000AABF1C9B0790DB1BCDF82880A8BF07938A
:10EB70000123CDE908C3059B43F001030B93D9F8AA
:10EB80000CA009EBCA0BBAF1000F09D10A9B002BAC
:10EB90004CD0089B012B49D00123CDE9083AEEE780
:10EBA0000023AC68CDE90D33DBF80C300F94DE07A1
:10EBB0004FEA232143BF1A980B9A0068059A48BF71
:10EBC00041581A980144079838B18842099E2CBFD1
:10EBD00000200120B04200F0BB80980706D4BB1C87
:10EBE00002D1A60700F0B68002F0FD02DBF80800B3
:10EBF0000DAC036803941C9C02941B9CCDE900148B
:10EC00003946DC69069BA0476B799DF839209DF851
:10EC10003A6013430D99062E6B7101D0022E09D173
:10EC20009DF8383029602B71AE718046404611B096
:10EC3000BDE8F08F2A68B8F1000F13D1B2B99DF882
:10EC4000382029602A7121B11BB1D9F80830DC07BE
:10EC5000EBD56B79042BE8D00AF1FF3AABF1080B46
:10EC6000804690E712B969B90120F2E7914206D1D6
:10EC70002B799DF8382013432B714046E9E709B9F9
:10EC80000028FAD0032BAC7904D9D90712D5AB6888
:10EC90009B070FD5002C31D1032E27D9F40721D49F
:10ECA00086F00103DBB2032B13D800232B60012372
:10ECB000AB71D9E7012C38BF0124012E38BF0126E2
:10ECC000E4B2F6B286EA0403DBB2032B36D9032E94
:10ECD0001FD90D9B34464FF000082B609DF838304B
:10ECE0002B7116E0D9F808309807D9D51C9B394606
:10ECF000069800931B9BFFF7E5FE0446002EE1D12A
:10ED0000032C11D9E1070BD484F00103DBB2032BF0
:10ED1000CBD9A307AC711FD414F00100ADD184E7A7
:10ED2000D9F808309A07EFD51C9B39460D9A009305
:10ED300006981B9BFFF7C6FE0646C3E72640F6B2C1
:10ED4000032EB2D9002301202B600223AB716CE7A4
:10ED500001230A9340467FE7002066E72DE9F04F44
:10ED600089B0054616461C460291FFF7D0FA0028E6
:10ED700060D1D4F808904FF0000AD5F80C800DF15E
:10ED8000100B19F0100F05EBC80718BFD5F8089045
:10ED900009F001030393B8F1000F04D12079003882
:10EDA00018BF012047E0FA68CDF810A002F0010377
:10EDB00002F002018DF814A0009302F00203019307
:10EDC000039B0B43CDE9069A03D108F1FF38083FB6
:10EDD000E1E7002E32D0009B12120BB133689A5833
:10EDE0003244B868029903689B699C465B46E047D9
:10EDF0000028EAD0079B082B03D1009B0BB1BB680E
:10EE000007939DF81430032B05D9019A1AB923F002
:10EE100002038DF81430E168C1B99BE80F0084E863
:10EE20000F002379032B05D99A0709D5AB6813F096
:10EE3000010FCAD1012009B0BDE8F08F3246D0E7FA
:10EE4000DB07F7D5AB6813F0020FF2E72368049AEB
:10EE5000934204D00023236002232371EAE72BB1FD
:10EE600023799DF8142013432371AEE707980828EF
:10EE7000F2D00829F0D0FFF7CCFD0028F0D1EBE765
:10EE8000002303607047009B03201A60019A039BD4
:10EE90001A607047009B03201A607047012070477A
:10EEA00001207047981A009B984228BF1846704767
:10EEB00010B50446F2F774F904E02046FFF748FA6B
:10EEC000FFF7B7FA2046FFF743FA204610BD08B512
:10EED0000846114600F09AFA031E18BF012343EAC0
:10EEE000A07008BD084611461A4600F0B1BA08B530
:10EEF0000846114600F08AFA031E18BF012343EAB0
:10EF0000A07008BD084611461A4600F0A1BA0622B4
:10EF1000002313B5C0E9012341F202030446C36094
:10EF200001A8EAF75FFA01A904F16C00E9F7DAFE3B
:10EF300001A8E9F7C9FE02B010BD6421024690FBAA
:10EF4000F1F301FB130030B94FF4C87192FBF1F3F8
:10EF500001FB132323B912F0030F0CBF0120002083
:10EF60007047C068252310B504050B7045BF2B24DE
:10EF70008B1C4B1C4C70410544BF232103F8011B23
:10EF800000F48271B1F5827F08D10AB103F8012B38
:10EF900010F4804F0CBF6122412209E02E241C7026
:10EFA0002A245C704AB99C1C042909D16622234694
:10EFB00003F8012B00221A7010BDDC1C9A70F3E7D5
:10EFC000B1F5807F00F4804004D100280CBF652299
:10EFD0004522ECE700280CBF67224722E7E701390A
:10EFE000013B994228BF1946F0B5054606460F1861
:10EFF0000120B74200D010B91344695C0FE016F845
:10F00000010BD45C013BA4EB000CDCF1000040EBF5
:10F010000C00EEE713F80109441A60426041934284
:10F0200001D00028F6D14BB2002B05DD13788B42BE
:10F030008CBF002000F00100F0BD126852F80C3CBB
:10F04000FFF7CDBF73B5079B00F1080204460260CD
:10F05000D3E900530F2B05EB0306019306D90022D9
:10F0600001A9F1F7C7FA019B2060A3603246294647
:10F070002068FEF778FF019B22680021204663602C
:10F08000D15402B070BD13B5059B04461B68A3F1B3
:10F090000C0053F8043C002B05DBEBF737FA20603B
:10F0A000204602B010BD002201A9FAF71BF9F6E7CD
:10F0B00008B5D2E90023FFF792FF05E0013101D046
:10F0C000FFF7B7F9F1F7BAFC08BD4068704710B513
:10F0D0000446F2F7ADF92046FFF73AF9204610BD95
:10F0E00010B50446F2F7B6F92046FFF731F920468D
:10F0F00010BD10B50446F2F7BFF92046FFF728F916
:10F10000204610BD10B50446F2F7C0F92046FFF7BF
:10F110001FF9204610BD2DE9F0470C46002181461D
:10F12000174608469846F3F707FE8246E1F78AFE3F
:10F13000451C2846FFF7E7FB2A465146064600F0E5
:10F1400026F9D9F810100020F3F7F6FD089B424687
:10F150003946204600F093F9314605460020F3F782
:10F16000EBFD3046FFF7F8F805B92570BDE8F087EC
:10F17000013101D0FFF75DF9F1F760FC70B505468C
:10F1800016460C4649B10846E1F75CFE21183246A6
:10F190002046F2F785FA286070BD4FF0FF31F6E7A0
:10F1A00013B504460846114601AA0144F2F778FA5D
:10F1B0002060204602B010BD704710B50446F2F73B
:10F1C000D5FA2046FFF7C4F8204610BDFFF77DBFF3
:10F1D00010B50446F2F7D4FA2046FFF7B9F82046F6
:10F1E00010BD10B50446F2F7D5FA2046FFF7B0F887
:10F1F000204610BD70B5064608460D461446F2F787
:10F2000089FC30B9224629463046BDE87040FFF7F8
:10F2100036B823681033236070BD10B50446F2F78A
:10F22000C3FA2046FFF794F8204610BD70B5054696
:10F230000E4608300C464A68286056F8083BB34230
:10F240000BD1013202D0314600F0A1F8636826608C
:10F250006B6000236360237270BD2B608B68AB60B2
:10F26000F4E710B50446D1E90012FFF799FF2046F4
:10F2700010BD1368994204D153681B1A5842584173
:10F28000704700207047C0E900217047036813B53C
:10F2900014465B690A460146684698476368019AC6
:10F2A0009A4206D100982368C31A5842584102B0C6
:10F2B00010BD0020FBE74B68834204D10868831A25
:10F2C0005842584170470020704770477047704758
:10F2D000704710B50446FFF73BF8204610BD10B547
:10F2E0000446FFF735F8204610BD10B50446F2F786
:10F2F00059FB2046FFF72CF8204610BD0B6810B5CF
:10F3000086B004461B69684698472046DDE900122E
:10F31000FFF746FF04E06846FEF7C6FDFFF789F8F1
:10F320006846FEF7C1FD204606B010BD13B5144671
:10F330000A4601466846F2F703FB6368019A9A425F
:10F3400006D100982368C31A5842584102B010BD34
:10F350000020FBE770474068704710B50446F2F79D
:10F360006FFB2046FEF7F4FF204610BD03681B68C4
:10F370001847C9B20346024410B59342184601D15A
:10F38000002003E0047801338C42F6D110BD0A441A
:10F39000431E914200D1704710B511F8014B9142C4
:10F3A00003F8014FF9D110BD884210B501EB0204FA
:10F3B00002D98442234607D8431EA14208D011F83F
:10F3C000012B03F8012FF8E7024401468A4200D1DD
:10F3D00010BD13F8014D02F8014DF7E70244034652
:10F3E000934200D1704703F8011BF9E70139024449
:10F3F00010B5904201D1002005E0037811F8014FCB
:10F40000A34201D0181B10BD0130F2E7E1F710BD97
:10F4100000221146F2F784BB10B50139044632B11F
:10F4200011F8013F013A00F8013B002BF7D1002110
:10F43000FFF7D4FF204610BD0246014410B58A42B2
:10F44000134603D01C780132002CF8D1181A10BDD5
:10F4500030B5044600200B46904213F8015B08D1FA
:10F460000B461C781A460133002CFAD1401A10447E
:10F4700030BD2554002DFBD001301946EBE7F2F7E3
:10F48000CDBDC36803B118471846704710B58378DF
:10F490000446DA0705D443F004034FF0FF30A370AD
:10F4A00010BD4FF00002D4E85F3FC4E8512F00299F
:10F4B000F9D19BB213B1581EC0B2F1E7A3689847C7
:10F4C0000028F9DA0130A37814BF0822042213437C
:10F4D000E3E738B58B780D469B0709D5C4B24B6876
:10F4E00020469847002806DAAB7843F00403AB7057
:10F4F0004FF0FF3038BD2046FCE72DE9F8439C78FB
:10F5000005460E46904614F001041F4611D079B10D
:10F51000002444450DD005EB06093846FFF7B6FF39
:10F52000431C06D005F8010B4D45F6D10134F0E738
:10F530000C462046BDE8F8832DE9F8439C78054643
:10F540000E46904614F002041F4611D079B10024F3
:10F5500044450DD005EB06097B68394615F8010BCB
:10F560009847002804DB4D45F6D10134F0E70C46FE
:10F570002046BDE8F8838B78DA0702D44FF0FF30DD
:10F580007047431CFAD0C0B2431CD1E8DF2F002AD9
:10F5900004D1C1E8DC3FBCF1000FF6D1EED18B788D
:10F5A00023F008038B707047F0B5C3F137070446AA
:10F5B00003F01F031046FFB2082BE6B232D0102B27
:10F5C0003DD06508A40845EAC17544EA81748A08FB
:10F5D0002D1942EB5102290941EA02716D1842EBE3
:10F5E0001212290A41EA02616D1842EB1222290C1B
:10F5F00041EA02416D1842EB1242AD1842F100029D
:10F60000EC0844EA4274D10804EB8402A6EB4205FC
:10F61000EDB2092D0CD90134A5F10A0541F1000123
:10F62000EDB212E0E40806F0070544EA4174C908A7
:10F63000303554EA010200F8015BBDD1F0BD240968
:10F6400006F00F0544EA01740909092D84BFED197C
:10F65000EDB2EDE710B50C46FFF718FF0028A2BF8A
:10F6600023680133236010BD0028A2BF136803F193
:10F67000FF331360FFF77FBF70B505460E46314676
:10F680002846FFF7E7FF041E09DB202CF7D0A4F182
:10F690000903042BF3D932462946FFF7E5FF20463C
:10F6A00070BDBDF8001068B111F0100F01D00270EC
:10F6B000704711F0080F02D0C0E9002370474B07D4
:10F6C00001D5026070478B06FBD5028070472DE99B
:10F6D000F04387B01C461746814602AB884600932C
:10F6E000D2E9022300F0EBF804AB06460D46009386
:10F6F00048464146D7E9002300F0E1F80027DDE95C
:10F700000423901953EB050128BF012737B1029B51
:10F71000039A013342F10002CDE90232403CDDE9B7
:10F720000223009400F0E6F807B0BDE8F0832DE96D
:10F73000F843B0FA80F6002980460F46A1EB060692
:10F7400006F1070625DB0846F4F762FC0644384656
:10F75000F41BF4F763FC3946221A40463D3200F0B0
:10F760009EF8B74213DC1F2C68DC4FF0FF33A34038
:10F7700038EA03030CBF01240024B0FA80F33546B5
:10F78000F31A9E33FE2B27DD4FF0FF4044E00124A7
:10F79000F3E74C422046F4F741FC351A2046A5EB2E
:10F7A0000709F4F73BFC21462E4609EB00024046D0
:10F7B0003C3200F061F8AF4230DCB9F11F0F3DDCA4
:10F7C0004FF0FF3303FA09F338EA030327D0B0FA06
:10F7D00080F30024EB1A9E33002B23EAE372D4BF9C
:10F7E000012313465B1BA3F19705963B20FA05F115
:10F7F00020FA03F3C90723D544B14FF0FF31A940E4
:10F8000020EA010003F00101084319D0581CC0F39D
:10F810001600C0B140EAC250BDE8F88300230521BC
:10F82000B8FBF1F202EB8205A84502D10133904604
:10F83000F6E79C428CBF002401249EE700249CE74D
:10F84000C3F31600E6E70132E4E710B5A3FB00437B
:10F850000299A2FB0020001943F100033F29DBBFFE
:10F86000A1F12002C1F1400140398B40D6BFD04008
:10F8700023FA01F0184310BD30B587B0044608469E
:10F88000154602A9F4F75CFC049B204600955A1C1F
:10F89000059B43F10003FFF7D8FF07B030BD30B53B
:10F8A00087B015460446084602A9F4F7D7FB204660
:10F8B0000095DDE90423FFF7C8FF07B030BDF0B5C0
:10F8C0000F460446A0FB0201059EA7FB0252491900
:10F8D000A3FB0445A7FB037342F10002611845F145
:10F8E0000004D21943F10003121943F10003C6E9E1
:10F8F0000023F0BDF0B5059CC4F14007C4F120061B
:10F90000A4F12005E04002FA06F6BB4022FA05F514
:10F91000BA403343C4F120062B4301FA06F6A4F1A2
:10F920002005304321FA05F5E140284319431043EF
:10F93000F0BD07B501A9F4F7BDFC03B05DF804FB09
:10F94000C9B20346184613F8012B12B18A42F9D105
:10F950007047002918BF0020704710B56AB10139FF
:10F96000841810F8012B11F8013F9A4203D1A042EC
:10F9700001D0002AF5D1D01A10BD1046FCE702696B
:10F980000346107810B101321A6170476FF0010020
:10F990007047D1E9043293421EBF5A1C0A611870A5
:10F9A000704708B5E4F772FB08B5FFF7FAFF0000EF
:0CF9B0000148006870470000E40F0020D0
:10F9BC008911FF7FB0B0AA00FFFF01082A043000B4
:10F9CC003A0400007511FF7FB0AF0200FFFF011079
:10F9DC009E01040000CA0104D00100DA01160000E7
:10F9EC005911FF7FB0B0A800FF10110108121024AC
:10F9FC000128040000010000000000003D11FF7F01
:10FA0C008408B101B0B0B000FF1019010C10021441
:10FA1C000118041E032208000001007F00000000F2
:10FA2C0000000000000000001111FF7FAF08B100C2
:10FA3C00FF10210119360400006204F00201840257
:10FA4C00320000FA0204FE020082030400000100EE
:10FA5C0000000000E510FF7FB0AD0400FF1049016D
:10FA6C00405020E40501A60104AC0103BE010400D2
:10FA7C0000C80126E40501F801048A02038402048B
:10FA8C00E40501C80204CE0203DC0204E40501967D
:10FA9C0003049C0303AA03B802E40501EA0504006D
:10FAAC00007F00007D000000000000008D10FF7F33
:10FABC00B0B0A800FFFF0108100214001A0A0000E1
:10FACC007910FF7FB0B0A800FFFF010804040A0002
:10FADC00100400006510FF7FB0B0A800FFFF010804
:10FAEC00100214001A0A00005110FF7FB0B0A800D9
:10FAFC00FFFF010804040A00100400003D10FF7F02
:10FB0C00B0B0A800FFFF010804040A0010040000B4
:10FB1C002910FF7FB0B0A800FFFF010804040A0001
:10FB2C00100400001510FF7FB0B0A800FFFF010803
:10FB3C00100214001A0A00000110FF7FB0B0A800D8
:10FB4C00FFFF010804040A0010040000ED0FFF7F02
:10FB5C00B0B0A800FFFF0108100214001A0A000040
:10FB6C00D90FFF7FB0B0A800FFFF010804040A0002
:10FB7C0010040000C50FFF7FB0B0A800FFFF010804
:10FB8C00100214001A0A0000B10FFF7FB0B0A800D9
:10FB9C00FFFF010804040A00100400009D0FFF7F02
:10FBAC00B0B0A800FFFF010804040A001004000014
:10FBBC00890FFF7FB0B0A800FFFF010810021400EE
:10FBCC001A0A0000750FFF7FB0B0A800FFFF0108F4
:10FBDC0004040A0010040000610FFF7FB0B0AE00F7
:10FBEC00FFFF011C1E0424002A0400004C047E00AC
:10FBFC007804820100AE0104B401009E02040000EE
:10FC0C00390FFF7FB0B0A800FFFF01002D0FFF7F61
:10FC1C00B0B0A800FFFF0100210FFF7FB0AA1100B8
:10FC2C00FFFF010818304A00500400000D0FFF7F41
:10FC3C00B0A90200FFFF011F0828000036047A005B
:10FC4C00460400005004840100600400006A04862D
:10FC5C000100800104000000E10EFF7FB0A801004C
:10FC6C00FFFF010C0A04000012042000260400000F
:10FC7C00C90EFF7FB0A90200FFFF012B082E000068
:10FC8C003C04AA01004C0400005604B401006604B4
:10FC9C0000007004B6010080010400008A0104B861
:10FCAC00010098011C000000910EFF7FB0A902001A
:10FCBC00FFFF012B082E00003C04AA01004C04009D
:10FCCC00005604B40100660400007004B601008004
:10FCDC00010400008A0104B8010098011C00000016
:10FCEC00590EFF7FB0A80100FFFF010C0A040000B1
:10FCFC0016041C0022040000410EFF7FB0AB06006E
:10FD0C00FFFF0110140400002804540030044400C8
:10FD1C0050040000250EFF7F01AD0A00FFFF010E0D
:10FD2C0036040000682A9401009A010400000000C7
:10FD3C00090EFF7FB0B0AA00FFFF015B2404000096
:10FD4C002C04B6040058045E007C04820100960169
:10FD5C00100000AE0104C20100CC01580000A80242
:10FD6C0004B80400E00204E60200FE02048403006E
:10FD7C009C03040000A40304BA0400DC0304E203A3
:10FD8C0000FA03048004009804040000A00404BCDE
:10FD9C000400B20404000000A10DFF7F01AE0700B7
:10FDAC00FFFF010C2404000038046A0064100000FA
:10FDBC00890DFF7FB0A80900FFFF0108120C20007D
:10FDCC0026040000750DFF7FB0AB1600FFFF010A83
:10FDDC0046188601008C0104000000005D0DFF7FB9
:10FDEC00B0A90C00FFFF0108260C34003A040000F7
:10FDFC0008B10181B0B000840000000008B101819D
:10FE0C00B0B000840000000008B10181B0B00084E3
:10FE1C000000000008B10181B0B0008400000000B7
:10FE2C00190DFF7FB0B0A800FFFF01000D0DFF7F83
:10FE3C00B0B0A800FFFF0100010DFF7FB0B0A8001B
:10FE4C00FFFF010008B10181B0B000840000000088
:10FE5C00E90CFF7FAB08B100FF101D011418045A08
:10FE6C000146046A01500400005E0462006604004E
:10FE7C000001000000000000C10CFF7FAB08B100C6
:10FE8C00FF101D011418045A0146046A01500400A5
:10FE9C00005E046200660400000100000000000027
:10FEAC00990CFF7FB0AD0600FF102D01242404BA7D
:10FEBC0001003604B801005804B201017004760147
:10FECC008001048401009401040000AA0104B00123
:10FEDC000101000000000000610CFF7FB0AD0C00C0
:10FEEC00FFFF010D100400001E047E0084010400BD
:10FEFC0000000000AC020181B0B008B100000000AD
:10FF0C00390CFF7FB0B0A800FFFF010810041600E9
:10FF1C001C040000250CFF7FB0AF1800FFFF01167A
:10FF2C001C0C000076A001D20400C202D001C20455
:10FF3C0000CE040400000000010CFF7FB0AF1800DD
:10FF4C00FFFF01161C0C000076A001D20400C202B7
:10FF5C00D001C20400CE040400000000DD0BFF7FC2
:10FF6C00AF0C9700FFFF01103078820200B2013A0B
:10FF7C00EE0100FE0104000008B10181B0B0008464
:10FF8C0000000000B50BFF7FB0AF1800FFFF011A97
:10FF9C00180C00005A04E007006404F007009E01EE
:10FFAC009606E00700EC0704000000008D0BFF7FB5
:10FFBC00B0AF1800FFFF011A180C00005A04E0073C
:10FFCC00006404F007009E019606E00700EC0704AD
:10FFDC0000000000650BFF7FB0AC1100FFFF0108B3
:10FFEC0042286C0072040000510BFF7FB0AF100070
:04FFFC00FFFF010EF4
:020000022000DC
:100000002204000056429A0100A0010400000000F2
:10001000350BFF7FB0B0A800FFFF0100290BFF7F69
:10002000B0AA1100FFFF010818304A005004000078
:10003000150BFF7FB0A90600FFFF011F0A28000073
:1000400038047C0048040000520486010062040069
:10005000006C04880100820104000000E90AFF7FAF
:10006000B0A80500FFFF010C0C04000014042200DE
:1000700028040000D10AFF7FB0A90600FFFF012B72
:100080000A2E00003E04AC01004E0400005804B6E5
:100090000100680400007204B8010082010400003D
:1000A0008C0104BA01009A011C000000990AFF7F2C
:1000B000B0A90600FFFF012B0A2E00003E04AC0190
:1000C000004E0400005804B60100680400007204E9
:1000D000B8010082010400008C0104BA01009A01F9
:1000E0001C000000610AFF7FB0A80500FFFF010CA3
:1000F0000C04000016041C0022040000490AFF7FC3
:10010000B0AB0E00FFFF01101204000024045000E9
:100110002C0440004C0400002D0AFF7F01AD0E00AE
:10012000FFFF010E36040000702A9C0100A20104AA
:1001300000000000110AFF7FB0B0AA00FFFF015BC2
:10014000240400002C04B6040058045E007C0482E1
:1001500001009601100000AE0104C20100CC01585C
:100160000000A80204B80400E00204E60200FE0257
:10017000048403009C03040000A40304BA0400DC0C
:100180000304E20300FA030480040098040400005E
:10019000A00404BC0400B20404000000A909FF7F0D
:1001A00001AE0B00FFFF010C2404000038046A00BC
:1001B000641000009109FF7FB0A80900FFFF01084B
:1001C000120C2000260400007D09FF7FB0AC19004E
:1001D000FFFF010A4C1ADC0100E2010400000000EC
:1001E0006509FF7FB0A90C00FFFF0108240C320055
:1001F0003804000008B10181B0B0008400000000A4
:1002000008B10181B0B000840000000008B1018194
:10021000B0B00084000000002D09FF7FA908B100E4
:10022000FFFF01080E041C00180E00001909FF7FD3
:10023000A908B100FFFF01080E041C00180E000001
:100240000509FF7FA908B100FFFF01080E041C008B
:10025000180E000008B101810FB1008400000000F9
:10026000E508FF7FA908B100FFFF01080E041C008C
:10027000180E000008B10181B0B000840000000039
:1002800008B10181B0B000840000000008B1018114
:10029000B0B0008400000000AD08FF7FB0B0AA003D
:1002A000FF1019010C14021A011E0424032808006F
:1002B0000001007F000000000000000000000000BE
:1002C0008508FF7FB0B0A800FFFF01007908FF7F1D
:1002D000B0B0A800FFFF01006D08FF7FA908B100C2
:1002E000FFFF01006108FF7FB0AD0200FF102D018C
:1002F000221604B001002C04AE01004E04A8010136
:1003000066046C0176047A008A01040000A00104EE
:10031000A601010100000000000000002908FF7F85
:10032000B0AD0400FFFF010E100400001E048201A6
:1003300000880104000000000D08FF7FB0B0A80095
:10034000FFFF01081C04220028040000F907FF7FBA
:10035000B0B0A800FFFF0108100416001C04000044
:10036000E507FF7FB0AD0400FF1049013E0C04001B
:10037000001604E802012204CE02033004B6020390
:100380004A04CC020356046A036404980103A201E0
:1003900004A80103B20104A60203C00142B2020391
:1003A000DC0204E00200E4020400000100007D0021
:1003B000000000009107FF7FAB08B100FF101D0196
:1003C0001418043C0128044C013204000040044489
:1003D0000048040000010000000000006907FF7FE2
:1003E000B0AC0700FFFF012D0C0E00001E04FA0147
:1003F000002C04B2020034048402004204B0020063
:100400004A049202005804AE0200648401A0020073
:1004100080020400000000002D07FF7FAB08B10040
:10042000FF101D011418043C0128044C0132040083
:1004300000400444004804000001000000000000E7
:100440000507FF7FB0AC0700FFFF012D0C0E000079
:100450001E04FA01002C04B202003404840200429B
:1004600004B002004A049202005804AE0200648400
:1004700001A002008002040000000000C906FF7F06
:10048000AB08B100FF101D011418043C0128044CF6
:100490000132040000400444004804000001000050
:1004A00000000000A106FF7FB0AF0E00FFFF0116A5
:1004B0001A0C000070B401E80400CC02DC01D8047E
:1004C00000E40404000000007D06FF7FB0AF0E00D2
:1004D000FFFF01161A0C000070B401E80400CC0202
:1004E000DC01D80400E40404000000005906FF7F8A
:1004F000AF089700FFFF01103072860200AA014684
:10050000F2010082020400003D06FF7FB0AF080048
:10051000FFFF011A161400006C04FC070074C801E8
:100520000000C802F804FC07008208040000000074
:100530001506FF7FB0AD0C00FFFF010A1C4C8801BF
:10054000008E010400000000FD05FF7FB0AD0C002F
:10055000FFFF010A1C4C8801008E0104000000000E
:10056000E505FF7FB0AD0C00FFFF010A1C4C8801C0
:10057000008E010400000000CD05FF7FB0AF0C002D
:10058000FFFF011114F8010000D2039C02FC0600D9
:100590008207040000000000AD05FF7FB0AF0A0035
:1005A000FFFF011114F8010000CA03A802F80600B9
:1005B000FE060400000000008D05FF7FB0AF0A00BA
:1005C000FFFF011116F4010000C0039202D60600DD
:1005D000DC060400000000006D05FF7FB0AF0A00DC
:1005E000FFFF011116F4010000C0039202D60600BD
:1005F000DC060400000000004D05FF7FB0AF0E00D8
:10060000FFFF011114F8010000E803D402E4070021
:10061000EA070400000000002D05FF7FB0AF0C00CA
:10062000FFFF011114F8010000DC03D802C6070027
:10063000CC070400000000000D05FF7FB0AF0E00E6
:10064000FFFF011A180C00004804FC070052048C3C
:1006500008008C01A206FC070088080400000000C6
:10066000E504FF7FB0AF0E00FFFF011A180C000079
:100670004804FC070052048C08008C01A206FC0709
:100680000088080400000000BD04FF7FB0AC0B0030
:10069000FFFF01083A326E0074040000A904FF7FD6
:1006A000B0AF0C00FFFF010E220400004E50A0016D
:1006B00000A60104000000008D04FF7FA908B1001E
:1006C000FFFF01008104FF7FB0A90200FF1031018C
:1006D000211404000034044C034604940100600813
:1006E0006800720400008401048E010088010494F3
:1006F00001000200017D0000000000000434000041
:1007000008B10181B0B000840000000008B101818F
:10071000B0B000840000000008B10181B0B00084D6
:100720000000000008B10181B0B0008400000000AA
:1007300008B10181B0B00084000000000904FF7F0F
:10074000B0AF0400FF1029011E24042801600492A8
:1007500001006A046E0188010A9201009A010400F6
:1007600000AE010292010001000000000000000044
:10077000D503FF7FA908B100FFFF010008B1018187
:10078000B0B0008400000000BD03FF7FB0AF1200D6
:10079000FF10190110289C050000DA0504DE050190
:1007A000F605340000010000000000009903FF7FFF
:1007B0008408B101B0B0B000FF100D0104020608BA
:1007C000010100000000000008B10181B0B0008408
:1007D0000000000008B10181B0B0008400000000FA
:1007E0006503FF7F8408B101B0B0B000FF100D01B8
:1007F00004020408010100000000000008B10181AA
:10080000B0B00084000000003D03FF7FA908B100E4
:10081000FFFF01080C0412001A0C00002903FF7FDF
:10082000B0B0A800FFFF010804040A001004000093
:100830001503FF7FB0B0A800FFFF010810041600E9
:10084000200400000103FF7F8408B101B0B0B000B4
:10085000FF100D010806040C01100800007F0000C5
:1008600000000000E102FF7FB0B0AE00FF100D01FC
:10087000081E045A015E0800007F0000000000000E
:10088000C502FF7FB0A80100FFFF01080C041200A1
:1008900018040000B102FF7FB0A80100FFFF0108AB
:1008A0000C041200180400009D02FF7FB0B0A800E5
:1008B000FFFF01009102FF7FB0A80100FFFF0108C8
:1008C0002A043000360400007D02FF7FB0AB120026
:1008D000FFFF0114160200001E045E0030045C00DD
:1008E00040044600580400005D02FF7FB0A90200EA
:1008F000FFFF010C18044C002C0432003E0E0000D7
:100900004502FF7FB0B0A800FFFF01080A041000F5
:10091000160400003102FF7FB0A80500FFFF010CA4
:100920000C02000014041A00200400001902FF7FCA
:10093000B0AA0100FF1011010826042C033A0A0096
:10094000007F00007D0000000000000008B1018170
:10095000B0B000840000000008B10181B0B0008494
:040960000000000093
:100964001CFAFD7F01000000ACFAFD7FB0A90280F3
:1009740030FBFD7FB0B0A88074FBFD7F0100000058
:100984007CFBFD7FB0B0AA80AEFBFD7FAE71B28070
:1009940060FCFD7F010000005CFCFD7FAB3F388004
:1009A400AEFCFD7F01000000B8FCFD7FB0B0AA8062
:1009B400F0FCFD7F0100000094FDFD7FAB0EB280D2
:1009C400F8FDFD7FB0AF06804000FE7F010000000F
:1009D4004400FE7FAC3F0180A402FE7F01000000C2
:1009E4004C07FE7F008404805C07FE7F010000004A
:1009F4005607FE7FB0AD04809209FE7F0084048018
:100A0400B409FE7F44FFFF7FB609FE7F48FFFF7FE6
:100A1400C009FE7F010000008C80FE7F9CEFFF7FF9
:100A2400CC80FE7FA8EFFF7F1482FE7FBCEFFF7FA8
:100A34004C82FE7F010000007082FE7FB0B0A8806F
:100A44007C82FE7F01000000DC82FE7FE4EFFF7FFA
:100A54006084FE7F010000000C85FE7F00F0FF7FB4
:100A64003889FE7F01000000AC89FE7FA908B180AF
:100A7400B48AFE7F40F0FF7FD88AFE7F60F0FF7F5C
:100A8400FC8AFE7FB0B0A8806C8BFE7FA908B18081
:100A9400748CFE7F98F0FF7F988CFE7FB8F0FF7F08
:100AA400BC8CFE7FA908B180508DFE7FD0F0FF7F03
:100AB400748DFE7FB0B0A880A08DFE7FA908B180A0
:100AC400348EFE7FF4F0FF7F588EFE7F010000001D
:100AD4003C91FE7F0CF1FF7FF092FE7FB0B0AC80C2
:100AE4003493FE7FB0A902806C93FE7F0100000066
:100AF400F493FE7F14F1FF7F1894FE7F0100000041
:100B04007C94FE7F18F2FF7F1895FE7F2CF2FF7F06
:100B1400B897FE7FB0A80180D897FE7FDCF2FF7FF4
:100B2400F097FE7FAB08B1801C98FE7F01000000A7
:100B34002C98FE7FB0B0A8807C98FE7FAB08B18073
:100B4400A898FE7F01000000E898FE7FB0B0AA805C
:100B54001099FE7FAB08B1804099FE7FB0AA018056
:100B6400A899FE7F01000000BC99FE7FB0B0AC8064
:100B7400289AFE7FAB08B180B49AFE7FACF2FF7F67
:100B8400D49AFE7F01000000589BFE7FA8F2FF7FED
:100B94006C9BFE7FACF2FF7F809BFE7FB0F2FF7FF9
:100BA400A09BFE7FB4F2FF7F189CFE7FB0B0AA80AA
:100BB400509CFE7FCCF2FF7FC89CFE7FA908B180C9
:100BC400EC9CFE7FB0A90280109DFE7F30F3FF7F76
:100BD400789DFE7F34F3FF7F9C9DFE7F88F3FF7F2B
:100BE400B89EFE7FB0AF2A80ACA9FE7FA0F3FF7F42
:100BF40098ADFE7FC0F3FF7F84B1FE7F010000004B
:100C040000B2FE7FB0AA018098B2FE7F010000000E
:100C140020B3FE7FF8F3FF7F44B3FE7F01000000A2
:100C2400A8B3FE7F0CF5FF7F48B6FE7FB0B0A88066
:100C340060B6FE7F0100000070B6FE7FC0F5FF7F46
:100C440088B6FE7FC4F5FF7FA0B6FE7FC8F5FF7FA0
:100C5400C8B6FE7FD4F5FF7FF0B6FE7FE0F5FF7FD8
:100C640018B7FE7FF8F5FF7F40B7FE7F0100000054
:100C74004CB7FE7FFCF5FF7F64B7FE7F01000000E8
:100C840098B8FE7F38F6FF7FACB8FE7F3CF6FF7F56
:100C9400C0B8FE7F40F6FF7FF4B8FE7FB0B0AC80F2
:100CA40038B9FE7FB0B0A88060B9FE7F34F6FF7F0C
:100CB40024BAFE7FB0B0A88094BAFE7F0100000081
:100CC40094BBFE7F70F6FF7FC0BBFE7F7CF6FF7F88
:100CD400E4BBFE7FB0B0A88054BCFE7F80F6FF7FEB
:100CE400C0BDFE7FCCF6FF7F18BEFE7FB0B0A880EB
:100CF400C4BEFE7F01000000F8BEFE7FDCF6FF7F6D
:100D040028C0FE7F10F7FF7F80C0FE7F30F7FF7F93
:100D1400B0C1FE7F64F7FF7F08C2FE7F84F7FF7FC8
:100D240070C4FE7FA0F7FF7FD8C6FE7FBCF7FF7FAD
:100D3400F8C7FE7FB0AF2C80C8D2FE7FC8F7FF7F14
:100D4400C8D6FE7FE8F7FF7F58D7FE7FF8F7FF7F0E
:100D5400E8D7FE7F08F8FF7F78D8FE7F18F8FF7F7A
:100D6400FCDBFE7F30F8FF7F7CDFFE7F48F8FF7FEF
:100D7400D8E2FE7F60F8FF7F34E6FE7F78F8FF7FDD
:100D840020EAFE7F90F8FF7FECEDFE7FA8F8FF7F5E
:100D9400F4F1FE7FC8F8FF7FFCF5FE7FE8F8FF7FE3
:100DA40094F6FE7FF4F8FF7F3CF7FE7F010000001D
:100DB40040F8FE7F48F9FF7F7CF8FE7F4CF9FF7F07
:100DC40090F8FE7FB0AC018004F9FE7FB0AF0280E2
:100DD400F8F9FE7FB0AB028020FAFE7FB0B0AC80A1
:100DE40050FAFE7F0100000090FBFE7FB0AC018052
:100DF40028FCFE7F38F9FF7F40FCFE7F3CF9FF7F33
:100E040008FDFE7F0100000038FDFE7F78F9FF7FBA
:100E14006800FF7F01000000D000FF7FB0B0A88011
:100E24000001FF7F010000002401FF7FB0B0A88013
:100E34005801FF7F010000004003FF7FBCF9FF7FE2
:100E44005C03FF7FC0F9FF7F8803FF7FE0F9FF7F2A
:100E5400B403FF7F010000004406FF7FA908B180AE
:100E64003C08FF7FB0B0AC808008FF7F10FAFF7FA2
:100E7400A008FF7FB0B0A880C008FF7F14FAFF7FEE
:100E8400E008FF7F010000001C09FF7F18FAFF7FC4
:100E94003009FF7F1CFAFF7F7009FF7F28FAFF7F6C
:100EA400F009FF7F40FAFF7F480AFF7F010000003E
:100EB400580AFF7F48FAFF7F740AFF7F0100000091
:100EC400F40AFF7FB0AA0180440BFF7F01000000F9
:100ED400900BFF7F54FAFF7FD00BFF7FB0AD0480EF
:100EE400300CFF7F010000007071FF7F18EBFF7F63
:100EF4009471FF7F010000002872FF7FCCEBFF7F1D
:100F04003E72FF7FECEBFF7F5472FF7FF8EBFF7FB5
:100F14006A72FF7F04ECFF7F8072FF7F24ECFF7F07
:100F24009672FF7F44ECFF7FAC72FF7F64ECFF7F1F
:100F3400C272FF7F70ECFF7FD872FF7F90ECFF7F5F
:100F4400EE72FF7F01000000E678FF7FAB08B180FE
:100F54000879FF7FB0A801801A79FF7FB0A90A80C1
:100F64005C7AFF7F010000005E7AFF7FB0AB1080E7
:100F7400C67AFF7FB0A80980FE7AFF7F01000000D7
:100F8400027BFF7F00840280167BFF7F010000004C
:100F9400CE7BFF7F80ECFF7FD47BFF7F84ECFF7FE1
:100FA4002C7CFF7F90ECFF7FAC7CFF7F0100000076
:100FB400B87CFF7FACECFF7FDA7CFF7FBCECFF7F6B
:100FC4008C7DFF7FECECFF7F3E7EFF7F1CEDFF7F7F
:100FD4006A7EFF7F2CEDFF7FB87EFF7F010000005B
:100FE400BE7EFF7F01AB06806A7FFF7FB4EDFF7F8B
:100FF400D67FFF7FC4EDFF7F0480FF7FD0EDFF7FAE
:101004008C80FF7FE0EDFF7FCE80FF7F010000003A
:10101400D680FF7FF0EDFF7FEA80FF7F01000000B4
:10102400A081FF7FB0AF02802A82FF7FB0B0A8808A
:101034004C82FF7FDCEDFF7F5682FF7FB0B0A8803B
:101044005A82FF7FB0A902807682FF7FAB08B1800D
:101054009082FF7FB0B0AA80BA82FF7FB0A90280DD
:10106400E882FF7FAB08B1802C83FF7FB0EDFF7F68
:101074002E83FF7FB0B0AA806083FF7F0100000051
:101084009A83FF7FB0AC3F80DA83FF7F01000000CA
:10109400E283FF7FB0B0AA80FA83FF7F01000000E3
:1010A4000284FF7FB0B0AA801A84FF7F0100000091
:1010B400F685FF7F008402800286FF7FB0B0A8809F
:1010C4000C86FF7FB0B0AC804686FF7FB0AA01805B
:1010D4007486FF7FB0B0A8801C87FF7FCCEDFF7FB4
:1010E400E487FF7FFCEDFF7F6488FF7F0100000041
:1010F4006888FF7FB0B0AA80A288FF7FB0AB088069
:101104001689FF7FB0AA07804289FF7FB0AA0580B5
:101114006A89FF7F010000006E89FF7FB0B0A8805C
:101124009E89FF7F01000000BC89FF7FB0B0A880CA
:10113400EC89FF7F010000000A8AFF7FB0B0A8801D
:101144002C8AFF7F010000002A8AFF7FB0AB088051
:101154003A8BFF7F01000000388BFF7FB0AA01802B
:10116400488BFF7F01000000528BFF7FA908B180EC
:10117400588BFF7FB0AB0280848BFF7FA0EDFF7F95
:10118400D08DFF7FBCEDFF7F1C90FF7FB0AB06804E
:101194004890FF7FB0B0A8805E90FF7FA908B1801F
:1011A4007A90FF7FDCEDFF7F8090FF7FB0AF0280FD
:1011B4000491FF7FAF0C97804494FF7FAF06978024
:1011C4009E95FF7FB0AF0E80A696FF7FB0AD1C80CA
:1011D4006097FF7FB0AD2680EE97FF7FB0AF1080A1
:1011E400A899FF7FF8EDFF7F3A9AFF7F04EEFF7F17
:1011F400D69AFF7F01000000D29AFF7FAB08B1802E
:10120400F09AFF7FB0A80180029BFF7FB0A90A80FB
:10121400449CFF7F01000000469CFF7FB0AB108020
:10122400AE9CFF7FB0A80980E69CFF7F0100000010
:10123400EA9CFF7F00840280FA9CFF7F010000008B
:10124400829DFF7FD4EDFF7FDA9DFF7FE0EDFF7F7E
:101254005C9EFF7F01000000689EFF7FFCEDFF7F26
:101264008C9EFF7F0CEEFF7F409FFF7F3CEEFF7F55
:10127400F49FFF7F6CEEFF7F20A0FF7F7CEEFF7F5B
:101284006AA0FF7F0100000070A0FF7F01AB068011
:101294001CA1FF7F80EEFF7FBAA1FF7FFCEEFF7FE2
:1012A40026A2FF7F0CEFFF7F54A2FF7F18EFFF7F82
:1012B40032A3FF7F28EFFF7F72A3FF7F01A9028083
:1012C40094A3FF7F0100000092A3FF7FAB08B180CD
:1012D400C8A3FF7F01000000CCA3FF7FA908B18051
:1012E400E6A3FF7F0CEFFF7F02A4FF7F0100000055
:1012F4000CA4FF7FB0B0A88044A4FF7F54EFFF7F0D
:1013040046A4FF7F0100000050A4FF7F70EFFF7F21
:1013140054A4FF7F74EFFF7F60A4FF7FA908B1800E
:10132400BEA4FF7F70EFFF7FE6A4FF7F01000000F3
:101334003EA7FF7FB0B0A88048A7FF7FB0B0AA80C7
:1013440064A7FF7FB0A8018038A8FF7F01000000D8
:1013540042A8FF7FB0B0AC807CA8FF7FBCEFFF7FCA
:1013640000A9FF7FB0AB088074A9FF7FB0AA0780F3
:10137400A0A9FF7FB0AA0580C8A9FF7F01000000D3
:10138400CCA9FF7FB0B0A880FCA9FF7F01000000BA
:101394001AAAFF7FB0B0A8804AAAFF7F010000000C
:1013A40068AAFF7FB0B0A8808AAAFF7F010000006E
:1013B40082ABFF7FB0AB088092ACFF7F01000000DE
:1013C40090ACFF7FB0AA0180A0ACFF7F01000000B9
:1013D400AAACFF7FA908B180B0ACFF7F0100000078
:1013E40038ADFF7FB0AB028074ADFF7FB0AA01803F
:1013F40092ADFF7FB0B0AE8072AEFF7FB0A9028025
:1014040086AEFF7F0100000070AFFF7FA908B180A6
:101414008CAFFF7F0100000094AFFF7FA908B1806B
:10142400B0AFFF7F01000000B8AFFF7FAF08978027
:10143400F4B0FF7FB0A9068014B1FF7FAF08978096
:1014440002B2FF7FAF06978010B3FF7FB0A906807A
:1014540030B3FF7FB0AC078080B3FF7FAF089780C5
:10146400C4B4FF7FB0A90680E8B4FF7FAF089780BB
:1014740004B6FF7FB0A9068028B6FF7FAF0A978025
:1014840030B8FF7FB0A9088058B8FF7FAF0A9780B3
:1014940060BAFF7FB0A9088088BAFF7FB0AB06802E
:1014A400B4BAFF7FB0AD268028BBFF7FB0AF028007
:1014B400ACBBFF7FAF0C9780ECBEFF7FAF0697807D
:1014C40046C0FF7FB0AA078074C0FF7FB0AF108012
:1014D4008AC2FF7FB0AA078024C3FF7FB0AC0B8011
:1014E4007CC3FF7FB0AA0780E0C3FF7FB0AF0E804C
:1014F400E8C4FF7FB0AE1B807AC5FF7FB0AE258005
:101504000CC6FF7FB0AF128014C7FF7F010000003C
:101514003CC7FF7FA0F1FF7F6EC7FF7FA4F1FF7F71
:10152400FCC7FF7FA908B18034C8FF7F0100000019
:1015340070C8FF7FB0B0A88080C8FF7F01000000A2
:1015440096C8FF7FAD08B18036C9FF7F0100000057
:1015540064C9FF7FC0F1FF7F74C9FF7F01000000F1
:10156400CEC9FF7FB0A90280FAC9FF7F0100000045
:1015740006CAFF7FB0AE018074CAFF7F010000007D
:1015840096CAFF7FB0A90280CACAFF7FB0AB0280AF
:10159400FECAFF7F008402800ACBFF7FB0B0A88020
:1015A40020CBFF7F7CF1FF7F22CBFF7FB0A902809D
:1015B40036CBFF7FB0AA01808ECBFF7F01000000F5
:1015C400BACCFF7FB0AA0380E4CCFF7F0100000007
:1015D40088CDFF7FB0AC07802ACEFF7F01000000DA
:1015E40092CFFF7F88F1FF7FDCCFFF7F01000000F7
:1015F4008AD0FF7FB0AC01800ED1FF7F7CF1FF7FEA
:1016040048D1FF7FB0B0AA8060D1FF7FB0AA01802B
:10161400B6D1FF7F00840480C6D1FF7F8CF1FF7FA9
:10162400CED1FF7F01000000D0D1FF7F98F1FF7F72
:10163400D0D1FF7F9CF1FF7FD2D1FF7FB0B0A880D3
:1016440006D2FF7FB0B0AA8032D2FF7FB0B0A880AC
:1016540098D2FF7F01000000AED2FF7F80F1FF7FB0
:10166400BAD2FF7F0100000076D3FF7FB0B0AC8018
:1016740098D3FF7F01000000D6D3FF7FB0AF028074
:1016840040D4FF7F0100000064D4FF7FB0AF10801E
:10169400C8D6FF7FB0AF0880E4D7FF7F0100000009
:1016A4000CD8FF7F74F1FF7F22D8FF7F0100000078
:1016B40090D9FF7FB0AA0180CAD9FF7FB0A801806A
:1016C400ECD9FF7F7CF1FF7FFED9FF7F0100000092
:1016D40042DAFF7F8CF1FF7FA0DAFF7FB0B0AA80EF
:1016E400BCDAFF7FB0A80180CCDAFF7F01000000E4
:1016F40000DBFF7FB0B0AA801EDBFF7F010000008B
:101704005EDBFF7FB0B0A88066DBFF7F01000000D6
:10171400E8DBFF7FFCF1FF7F10DCFF7F01000000AE
:10172400000000008417020009750000000000009A
:1017340000000000C417020000000000A41702000B
:10174400976F01000000000000000000E417020091
:1017540061460000000000007D5900000000000008
:10176400D923000000000000C14000000000000078
:101774009F6F010000000000000000000418020038
:101784002428020068280200881A02005801002058
:1017940064100020754500000000000000000000F7
:1017A40098280200B02802004C1A02005A010020B6
:1017B40018110020394A0000000000000000000059
:1017C400A4280200C82802004C1A02005C01002070
:1017D40024110020394A000000000000000000002D
:1017E400C02A0200DC2A0200A41A020060010020C0
:1017F40054000020216D01000000000000000000E2
:10180400B0290200CC290200701A02005E010020F7
:1018140030110020A9630100A16301000000000051
:1018240000000000315C010000000000315C010098
:1018340000000000315C010000000000315C010088
:1018440000000000315C0100E55E0000FF70010053
:1018540000000000315C010000000000315C010068
:10186400E41702003F6D0100396E0000FF700100B3
:1018740000000000315C010000000000315C010048
:1018840000000000315C01009D660000FF70010053
:1018940000000000315C010000000000315C010028
:1018A40000000000315C010000000000315C010018
:1018B40000000000315C010000000000315C010008
:1018C40000000000315C010000000000955A000097
:1018D40000000000315C010000000000315C0100E8
:1018E40000000000315C010000000000315C0100D8
:1018F40000000000315C010000000000315C0100C8
:1019040000000000315C010000000000315C0100B7
:1019140000000000315C010000000000315C0100A7
:1019240000000000315C010000000000315C010097
:1019340000000000315C010000000000315C010087
:1019440000000000315C010000000000315C010077
:1019540000000000315C010000000000315C010067
:1019640000000000315C010000000000315C010057
:1019740000000000315C010000000000315C010047
:1019840000000000315C010000000000315C010037
:1019940000000000315C010000000000315C010027
:1019A40000000000315C010000000000315C010017
:1019B40000000000315C010000000000315C010007
:1019C40000000000315C010000000000315C0100F7
:1019D40000000000315C010000000000315C0100E7
:1019E40000000000315C010000000000315C0100D7
:1019F40000000000315C010000000000315C0100C7
:101A040000000000315C010000000000315C0100B6
:101A140000000000315C010000000000315C0100A6
:101A240000000000315C010000000000315C010096
:101A340000000000315C010000000000315C010086
:081A440000000000315C01000C
:101A4C0085480000D5620100E1620100F5620100E9
:101A5C00FF62010009630100854700004963010032
:041A6C000000000076
:101A7000914D000000000000D54A00000000000069
:081A800000000000514D0000C0
:101A88003D450000E3600100256101000000000001
:0C1A9800F75F01000000000000000000EB
:101AA40027660100C9540000136A01001D53000099
:101AB400CD6501009D690100D166010079520000E5
:041AC4002165010097
:101AC800114501007D46010081BD0000E9040100C7
:101AD800550901002D0B0100F5180100111A01002C
:101AE800981E020003000000D41E0200030000003C
:101AF800641F02000300000014200200030000001D
:101B08005828020003000000E0280200030000003B
:101B1800BC2902000300000054200200030000005A
:101B28005820020003000000C0210200030000004A
:101B38004427020003000000582C020003000000A4
:101B48000428020003000000CC2A02000300000061
:101B5800E421020008000020AC210200010000007E
:101B6800040000000F000000010000000800000051
:101B78002000000060000000700000000D00000060
:101B88000C0000000E00000050000000740000006F
:101B9800A8000000FFFFFFFFFFFFFFFFFFFFFFFFA1
:041BA800FFFFFFFF3D
:101BB000A4170200060000000418020076000000CE
:101BC0000025845000288450000000000000000020
:101BD0000338FDD87047000001000000000000003D
:101BE00005000000000000001900000000000000D7
:101BF0007D000000000000007102000000000000F5
:101C0000350C000000000000093D0000000000004D
:101C10002D31010000000000E1F50500000000008A
:101C200065CD1D0000000000F902950000000000D5
:101C3000DD0EE90200000000514A8D0E0000000098
:101C40009573C24800000000E941CC6B0100000020
:101C50008D49FD1A07000000C16FF28623000000C5
:101C6000C52EBCA2B1000000D9E9AC2D780300005C
:101C70003D9160E45811000031D6E275BC56000079
:101C8000F52E6E4DAEB10100C9EA268367780800D3
:101C9000ED95C28F055A2A00A1EDCCCE1BC2D30010
:101CA00025A4000A8BCA22040000000000000000E6
:101CB0000000000000000010000000000000000014
:101CC000B9340332B7F4AD1410DB1AB30892540ED2
:101CD0000D307D951447BA1A66088F4D26ADC66D36
:101CE000F598BF85E2B74511CA96853D92BD1DEBBB
:101CF000FCA11860DCEF52163C92AE220BB8C1B4C6
:101D0000839D2D5B0562DA1C304C7E8F4E8BB25B5F
:101D100016F4529F8B56A512FBD4827643ED8AF0BF
:101D20008FE7F9311565191850F19BD94A13EEB4B4
:101D3000284CF0A686C1251F035FC270CB9E4916B2
:101D4000E642889C44EB2014B0650836AD6EA5854C
:101D500085F0CA14E2FD031A0B899979D5B13D09C2
:101D6000D8DA973A35EBCF10AC363F5E73BB38CF3D
:101D70003E6752FA44AFBA150100000000000000AF
:101D80000000000000000020345065C05FC9A6526A
:101D9000BB13CBAEC440C21806C8DF7100D5A87C07
:101DA000F56F0FDA58FC27136E4756357D242065F2
:101DB00002C7E768E48CA41DE9E60268D7CD396163
:101DC0007977FCC2405BEF16798CDE43FFA751F9AF
:101DD00091F3B278F5BDBE11E857E9D6E8BEE87BCD
:101DE000B054AC8F848D751BEA23A499E9F9D38B89
:101DF000B7A3714061DA3E15CEE33ECB73F94808D4
:101E00008C97B427D51B7010A2BFEFB9EB853215A4
:101E10004DB44DB49BBB6F1996B6076CF8E7EEADA9
:101E200036D9B4F59135AE13222218AF4E6A684DFB
:101E300091DAAA3D4F40741E9FBD9EE006A1C09856
:101E400057C2A7FDA40E90170E7D497173E3208F32
:101E5000B220D87605143B12853D7434811343B00B
:101E6000AD297A5F27F4351C4C4544205354415426
:101E700045203A202573200074727565000000002B
:101E80004C45442053544154452025732000000004
:101E900066616C73650000004C4544300000000032
:101EA00044454641554C5420434F4E53545255439C
:101EB000544F522049532043414C4C4544200A0082
:101EC00055415254204953204E4F542052454144CD
:101ED000590A000055617274000000004932433A0B
:101EE00020446576696365206973206E6F74207283
:101EF000656164792E0A00004932433A20446576D0
:101F00006963652069732072656164792E0A000037
:101F10004932433A204661696C656420746F2077CA
:101F20007269746520726567697374657220616493
:101F300064726573732028657272202564290A0013
:101F40004932433A204661696C656420746F20729F
:101F50006561642064617461202865727220256463
:101F6000290A0000626D653638305F69326300000F
:101F700028756E7369676E656429206368617220D5
:101F80002A207573656420666F7220252570206194
:101F90007267756D656E742E2049742773207265A3
:101FA000636F6D6D656E64656420746F206361732B
:101FB0007420697420746F20766F6964202A20620F
:101FC000656361757365206974206D617920636153
:101FD000757365206D69736265686176696F7220DB
:101FE000696E206365727461696E20636F6E6669E5
:101FF0006775726174696F6E732E20537472696EA7
:10200000673A2225732220617267756D656E743A96
:102010002564000063627072696E74665F7061634C
:102020006B616765000000006C6F6767696E670031
:10203000C8020020000100008F580100E557010090
:1020400002000000B15A0100000000000000000082
:10205000000000006C6F67006C6F675F6D676D74E8
:10206000000000004D6573736167652028222573A9
:1020700022292064726F70706564206265636175E7
:10208000736520697420657863656564732073697E
:102090007A65206C696D69746174696F6E2028259A
:1020A000752900004D6573736167652064726F70F8
:1020B000706564206265636175736520697420656D
:1020C0007863656564732073697A65206C696D69EE
:1020D000746174696F6E2028257529005B2530387E
:1020E0006C755D20000000005B253032753A2530AC
:1020F00032753A253032752E253033752C25303324
:10210000755D20001B5B306D000000002573000032
:1021100025732E0025733A20000000003C25733EF5
:102120002000000025732F002530327820000000A9
:10213000202020007C00000025630000206D6573D6
:1021400073616765732064726F70706564202D2DF4
:102150002D0D0A1B5B306D001B5B313B33316D2D48
:102160002D2D20001B5B313B33316D001B5B313B60
:1021700033336D006572720077726E00696E6600AF
:102180006462670000000000642102006C2102000C
:1021900000000000000000000000000074210200A8
:1021A000782102007C210200802102006C6F675FB1
:1021B0006261636B656E645F75617274000000003C
:1021C0006C6F675F7561727400000000D4210200BB
:1021D0009C0A0020692E0000B40A0020C00A0020DA
:1021E000010000007F5B0100715B01005D5B01008D
:1021F000515B010000000000455B01000000000091
:102200002A2A2A20426F6F74696E67206E52462018
:10221000436F6E6E6563742053444B2076332E31CA
:102220002E312D6532613937666532353738612098
:102230002A2A2A0A000000002A2A2A205573696ED9
:1022400067205A6570687972204F532076342E319A
:102250002E39392D666638663063353739656562E3
:10226000202A2A2A0A000000000000009B5B0100CF
:102270006D757465785F696E69742063616C6C65F7
:10228000642077697468204E554C4C2070617261EF
:102290006D65746572000000436F756C64206E6F2D
:1022A0007420616C6C6F63617465206D7574657802
:1022B000206265666F726520696E697469616C6918
:1022C0007A696E67000000002800002020000020CE
:1022D0001800002000000000100000205530000011
:1022E000F92F00007D2F0000112F000072302F61A8
:1022F000313A2020307825303878202072312F6113
:10230000323A2020307825303878202072322F6100
:10231000333A2020307825303878000072332F612E
:10232000343A2020307825303878207231322F69C5
:10233000703A2020307825303878207231342F6C74
:10234000723A202030782530387800002078707379
:10235000723A202030782530387800004661756C5C
:1023600074696E6720696E737472756374696F6ED9
:10237000206164647265737320287231352F706335
:10238000293A20307825303878000000556E686191
:102390006E646C6564204952516E3A2025640000D9
:1023A000535053454C20696E2074687265616420F7
:1023B0006D6F646520646F6573206E6F7420696E45
:1023C0006469636174652050535000002A2A2A2AE8
:1023D0002A205553414745204641554C54202A2A2E
:1023E0002A2A2A0020204469766973696F6E206268
:1023F00079207A65726F00002020556E616C6967E4
:102400006E6564206D656D6F7279206163636573BD
:10241000730000002020537461636B206F76657237
:10242000666C6F772028636F6E74657874206172B4
:102430006561206E6F742076616C6964290000000C
:1024400020204E6F20636F70726F636573736F72BD
:1024500020696E737472756374696F6E7300000027
:102460002020496C6C6567616C206C6F6164206F23
:1024700066204558435F52455455524E20696E744C
:102480006F205043000000002020496C6C6567619C
:102490006C20757365206F66207468652045505305
:1024A000520000002020417474656D707420746FB8
:1024B000206578656375746520756E646566696E00
:1024C000656420696E737472756374696F6E000061
:1024D0002A2A2A2A2A204465627567206D6F6E6950
:1024E000746F7220657863657074696F6E202A2A34
:1024F0002A2A2A00526573657276656420457863DE
:10250000657074696F6E202800000000537075724A
:10251000696F757320696E746572727570742028A6
:1025200049525120000000002A2A2A2A2A20257315
:1025300020256429202A2A2A2A2A00002A2A2A2A2F
:102540002A204D5055204641554C54202A2A2A2AEB
:102550002A0000002020537461636B696E67206558
:1025600072726F722028636F6E7465787420617266
:102570006561206D69676874206265206E6F7420E4
:1025800076616C69642900002020556E7374616364
:102590006B696E67206572726F7200002020446163
:1025A0007461204163636573732056696F6C617455
:1025B000696F6E0020204D4D464152204164647287
:1025C0006573733A20307825780000002020496E2A
:1025D000737472756374696F6E204163636573739E
:1025E0002056696F6C6174696F6E00002020466C24
:1025F0006F6174696E672D706F696E74206C617A9B
:102600007920737461746520707265736572766188
:1026100074696F6E206572726F7200002A2A2A2A0E
:102620002A20425553204641554C54202A2A2A2A12
:102630002A0000002020537461636B696E67206577
:1026400072726F720000000020205072656369731F
:1026500065206461746120627573206572726F72A7
:10266000000000002020424641522041646472650F
:1026700073733A2030782578000000002020496DDF
:10268000707265636973652064617461206275733B
:10269000206572726F7200002020496E737472752B
:1026A0006374696F6E20627573206572726F720059
:1026B0002A2A2A2A2A2048415244204641554C546D
:1026C000202A2A2A2A2A00002020427573206661C7
:1026D000756C74206F6E20766563746F7220746100
:1026E000626C652072656164000000002020446512
:1026F000627567206576656E740000002020466173
:10270000756C7420657363616C6174696F6E2028E9
:102710007365652062656C6F7729000041524348FC
:102720005F4558434550542077697468207265614D
:10273000736F6E2025780A00000000200000000062
:10274000060001006D7075004661696C6564207457
:102750006F20616C6C6F63617465206E6577204DCE
:10276000505520726567696F6E2025750A0000005C
:10277000506172746974696F6E2025753A207361B7
:102780006E69747920636865636B206661696C6546
:10279000642E0000496E76616C696420756E646514
:1027A000726C79696E6720726567696F6E20696EF9
:1027B000646578202575000002000000D027020023
:1027C000464C4153485F30005352414D5F3000004A
:1027D00000000000C027020006000000E0FF0F001C
:1027E00000000020C827020021000000E0FF0620B2
:1027F00030000020FC0F002061626F727428290AEB
:1028000000000000736F630021202524595F010040
:10281000F95E0100000000003D4300001D43000080
:1028200000000000636C6F636B4035303030000097
:102830006866636C6B0000006C66636C6B00000084
:102840006866636C6B3139326D0000006866636CDA
:102850006B617564696F0000636C6F636B5F636FBE
:102860006E74726F6C000000C143000031440000C0
:1028700030280200636101008B61010038280200EA
:102880005961010081610100402802004F6101008F
:10289000776101004C2802006770696F403834325C
:1028A000383030006770696F40383432353030006E
:1028B000FFFF00000028845000000000010000001D
:1028C00000D0005000000000FFFFFFFF00258450F3
:1028D000000000000000000000D0005000000000D8
:1028E000693263004E65656420746F2075736520DE
:1028F00074686520696E7465726E616C20647269BB
:1029000076657220627566666572206275742069EC
:1029100074732073697A6520697320696E737566B4
:1029200066696369656E7420282575202B202575DE
:10293000203E202575292E2041646A757374207409
:102940006865207A65706879722C636F6E63617454
:102950002D6275662D73697A65206F72207A6570B5
:102960006879722C666C6173682D6275662D6D6175
:10297000782D73697A652070726F70657274792032
:1029800028746865206F6E652077697468206772A7
:1029900065617465722076616C75652920696E20A9
:1029A0007468652022257322206E6F64652E0000F6
:1029B0006932634039303030000000006932635FB3
:1029C0006E7266785F7477696D0000000090005049
:1029D000000000000000000000000000000098015E
:1029E00000000101954A000010000000CD630100C5
:1029F000FC29020054110020FFFF0000009000504D
:102A0000082A020001000000102A02000200000053
:102A10002200000C2300000B756E737570706F72CE
:102A20007465642073706565640000005472796990
:102A30006E6720746F207472616E73666572206DAC
:102A40006F7265207468616E20746865206D6178AE
:102A5000696D756D2073697A6520666F7220746880
:102A60006973206465766963653A202564203E2099
:102A7000256400004661696C656420746F20696E8E
:102A8000697469616C697A65206465766963653A21
:102A90002025730000010203040506070B00000057
:102AA0004661696C656420746F20616C6C6F636152
:102AB000746520505049204368616E6E656C00005B
:102AC0007561727440383030300000007561727486
:102AD0005F6E7266785F7561727465000080005089
:102AE0000500000000000000102B02000000D601CD
:102AF00000000000000000000000000000000000D6
:102B00006C11002064110020FA1D0020F91D002026
:102B1000008000501C2B020001000000242B02004A
:102B2000040000001400000013000002160600015B
:102B30001506000300203030303030303030303077
:102B400030303030000100000001000008000000BB
:102B50000300000043505520657863657074696F09
:102B60006E000000556E68616E646C656420696E6D
:102B70007465727275707400537461636B206F7644
:102B80006572666C6F7700004B65726E656C206FC6
:102B90006F7073004B65726E656C2070616E696357
:102BA00000000000556E6B6E6F776E206572726F5D
:102BB00072000000756E6B6E6F776E0048616C740A
:102BC000696E672073797374656D00003E3E3E2028
:102BD0005A455048595220464154414C2045525282
:102BE0004F522025643A202573206F6E20435055A4
:102BF000202564004661756C7420647572696E6787
:102C000020696E746572727570742068616E646C90
:102C1000696E670A0000000043757272656E742069
:102C20007468726561643A20257020282573290034
:102C300069646C65000000006D61696E0000000051
:102C400024170200241702005C1702006417020018
:102C500084170200841702006F730000FF8FFFFFCC
:102C6000FF8FFFFFFE8FFFFFFE8FFFFFFD8FFFFF38
:102C7000FC8FFFFFFC8FFFFFFB8FFFFF6D757465FF
:102C8000785F667265652063616C6C656420776946
:102C90007468204E554C4C20706172616D6574658E
:102CA0007200000043616E277420696E6974696167
:102CB0006C697A65206D757465782C207761732056
:102CC0004E554C4C0D0A0000436F756C64206E6FBE
:102CD00074206C6F636B20706F7765722073617600
:102CE00065206D7574657800C83A0200B53F020032
:102CF000FC1A0020A01A0020E81A0020941A0020D4
:102D0000F01A00209C1A00200C1B0020B01A002092
:102D1000081B0020AC1A0020041B0020A81A002069
:102D2000001B0020A41A0020EC1A0020981A002092
:102D3000000000000000000000000000E437020076
:102D4000819500006181010000000000D837020079
:102D5000BD9500007F81010000000000F0370200F7
:102D600029980000F7810100C83A0200D83F02000C
:102D7000983B0200E93F0200000000000200000052
:102D8000E82C020002000000682D02000200000092
:102D9000583B020016400200702D0200983B0200D2
:102DA000324002000000000002000000E82C020097
:102DB00002000000682D020002000000583B0200E3
:102DC0005F4002009C2D0200983B02007B40020005
:102DD0000000000002000000E82C020002000000D9
:102DE000682D020002000000583B0200A9400200CA
:102DF000C82D0200983B0200C640020000000000FF
:102E000002000000E82C020002000000682D020011
:102E100002000000583B0200F4400200F42D0200C2
:102E200000000000702D0200000000000000000003
:102E30000000000000000000000000000000000092
:102E40000000000000000000000000000000000082
:102E5000902D0200D59B0000FD87010081990000A4
:102E600033820100759A00003B8201003F8201001D
:102E7000A99A000043820100000000009C2D02007E
:102E80000000000000000000000000000000000042
:102E90000000000000000000000000000000000032
:102EA0000000000000000000BC2D0200E99B0000B3
:102EB0000F880100B5990000338201000D9A0000CF
:102EC0003B8201003F8201003D9A000043820100E5
:102ED00000000000C82D02000000000000000000FB
:102EE00000000000000000000000000000000000E2
:102EF00000000000000000000000000000000000D2
:102F0000E82D0200FD9B0000218801007987010067
:102F100047820100619B00003B8201003F8201006B
:102F2000199B00004382010000000000F42D020004
:102F30000000000000000000000000000000000091
:102F40000000000000000000000000000000000081
:102F50000000000000000000142E0200C19B0000D1
:102F6000EB8701008B85010047820100C99A0000B0
:102F70003B8201003F82010025990000438201004D
:102F8000983B0200864102000000000002000000A1
:102F9000D83602000200000060300200020C00007F
:102FA000983B0200BB41020000000000020000004C
:102FB000CC3602000200000060300200020C00006B
:102FC000983B0200EF4102000000000002000000F8
:102FD000143702000200000060300200020C000002
:102FE000983B02002A42020000000000020000009C
:102FF000343702000200000060300200020C0000C2
:10300000983B020065420200000000000200000040
:103010009437020002000000603002000208000045
:10302000983B02009B4202000000000002000000EA
:10303000A037020002000000603002000208000019
:10304000983B0200D1420200000000000200000094
:10305000543702000200000060300200021000003D
:10306000C83A020006430200983B02001F430200D8
:103070000000000002000000B8370200020000005B
:10308000603002000208000000000000802F0200F3
:10309000599E0000D38A01003FB9010047B90100E1
:1030A000D1BA0100BDBA0100A9BA010000000000B8
:1030B000A02F0200E99E00001B8B01005D8801002B
:1030C000CB8F010059B9010000000000C02F0200A1
:1030D0007D9E0000E58A0100DDB80100E3B8010033
:1030E00021BB01000DBB0100F9BA0100E5BA0100E6
:1030F000E9B80100EFB8010017B9010000000000B5
:10310000E02F0200A59E0000F78A01007BB80100B5
:1031100081B8010071BB01005DBB010049BB01002A
:1031200035BB010087B801008DB80100B5B80100BA
:103130000000000000300200159F00002D8B0100F0
:10314000CB89010001900100000000002030020046
:10315000399F00003F8B01003B8A0100718B010009
:103160000000000040300200CD9E0000098B0100ED
:10317000878A0100919001007B8A01000000000015
:10318000683002005D9F0000518B0100C189010081
:103190007F8901003D890100FB880100B988010099
:1031A00077880100C83A020026440200983B0200DA
:1031B000354402000000000002000000E82C02007C
:1031C00002000000A4310200020000000000000024
:1031D000AC31020031A60000E593010067940100C4
:1031E0007794010097940100A7940100DD930100FA
:1031F0000B940100E1930100F7930100C83A02002B
:10320000A8440200C83A0200B5440200C83A0200CD
:10321000C4440200583B0200D6440200E82C0200DD
:10322000583B0200EE440200E82C0200983B0200EA
:10323000074502000000000002000000E82C020028
:10324000020000000432020002000000983B02006D
:10325000274502000000000002000000E82C0200E8
:10326000020000000432020002000000983B02004D
:10327000474502000000000002000000E82C0200A8
:10328000020000000C32020002000000583B020065
:1032900060450200E82C0200583B0200A6450200EF
:1032A000E82C0200983B0200EC4502000000000000
:1032B00002000000E82C020002000000FC310200C5
:1032C00002000000000000001432020001A700000C
:1032D000FF950100C9980100F9970100A59501002B
:1032E0000000000020320200FD970000D98101009B
:1032F0008B95010093950100699701005997010092
:1033000049970100000000002C32020029950000BE
:1033100025810100299501002F950100A997010041
:10332000999701008997010079970100359501006F
:103330003B95010063950100000000004C32020043
:103340005595000043810100C7940100CD94010010
:10335000E9970100D9970100C9970100B9970100C9
:10336000D3940100D99401000195010000000000F0
:103370006C320200E5A60000ED9501009F9501006A
:1033800045F00100A3950100000000008C3202000E
:10339000A9A60000B79501008DAB010027AC010084
:1033A0000000000098320200BDA60000C99501008F
:1033B00079A90000A9A1010000000000A4320200C8
:1033C000D1A60000DB9501009B950100CBA901006F
:1033D00051AA010073A8010035A9010063A70100EB
:1033E000D7AA0100983B020031460200000000000D
:1033F00002000000203202000200000060300200E3
:10340000020C0000983B020066460200000000002B
:1034100002000000143202000200000060300200CE
:10342000020C0000983B02009A46020000000000D7
:10343000020000002C320200020000006030020096
:10344000020C0000983B0200D5460200000000007C
:10345000020000004C320200020000006030020056
:10346000020C0000983B0200104702000000000020
:10347000020000008C3202000200000060300200F6
:1034800002080000983B02004647020000000000CE
:1034900002000000983202000200000060300200CA
:1034A00002080000983B02007C4702000000000078
:1034B000020000006C3202000200000060300200D6
:1034C00002100000983B0200B1470200000000001B
:1034D00002000000A432020002000000603002007E
:1034E0000208000000000000E4330200A5BE000056
:1034F00037AF01008B95010093950100699701009A
:1035000059970100499701000000000004340200AF
:1035100035BF00007FAF0100F5AC0100CBB4010066
:10352000A59501000000000024340200C9BE00007F
:1035300049AF0100299501002F950100A9970100CD
:10354000999701008997010079970100359501004D
:103550003B95010063950100000000004434020027
:10356000F1BE00005BAF0100C7940100CD940100E3
:10357000E9970100D9970100C9970100B9970100A7
:10358000D3940100D99401000195010000000000CE
:103590006434020061BF000091AF010063AE01001E
:1035A00001B50100000000008434020085BF000066
:1035B000A3AF0100D3AE0100C7AF010000000000BF
:1035C000A434020019BF00006DAF01001FAF01005D
:1035D000E7B5010013AF010000000000C434020091
:1035E000A9BF0000B5AF010059AE010017AE010040
:1035F000D5AD010093AD010051AD01000FAD01004B
:10360000D7AA0100583B0200E64702002C3A02000C
:10361000000000000436020095C20000EFB6010071
:1036200061DD010063DD01005FB601002FB601001E
:1036300059B601009BDD0100A9B601000FB70100DA
:1036400001B7010023B701009DB60100CBB6010010
:10365000583B02002D4802006C36020000000000BA
:1036600050360200ADC300004BB70100C83A02005B
:103670004F480200000000006C36020025C4000024
:1036800035B80100983B02005B48020000000000D2
:10369000010000005036020003F4FFFFB0360200C4
:1036A000C43602000800000000000000843602005A
:1036B0005DC4000047B80100F8FFFFFFF8FFFFFFFF
:1036C0008436020081C4000059B80100583B020052
:1036D0005E480200E82C0200583B02006C480200E1
:1036E000E82C0200583B02007B480200E82C020054
:1036F000583B0200B5480200E82C0200583B02008B
:10370000EF480200E82C0200583B02000849020082
:10371000E82C0200983B02001B4902000000000058
:1037200002000000E82C0200020000000432020047
:1037300002000000983B0200314902000000000036
:1037400002000000E82C0200020000000432020027
:1037500002000000983B0200474902000000000000
:1037600002000000E82C0200020000000C320200FF
:1037700002000000983B02005649020000000000D1
:1037800002000000E82C020002000000682D020088
:1037900002000000583B020082490200E82C0200AF
:1037A000583B0200BE490200E82C0200583B0200D0
:1037B000FA490200E82C0200983B0200354A020058
:1037C0000000000002000000E82C020002000000DF
:1037D000FC31020002000000583B0200704A020067
:1037E000E82C0200583B02008E4A0200E82C02003E
:1037F000583B0200AC4A0200E82C02000000000026
:10380000CC36020039C50000FBB90100D9BB01006C
:103810000DC6000059B9010000000000D8360200B2
:10382000F9980000158201003FB9010047B9010075
:10383000D1BA0100BDBA0100A9BA01000000000020
:10384000E436020091C400006BB9010041D50100CB
:103850000BD501005FD7010095D70100CBD7010040
:1038600061D8010097D801000DE40000A5E4000034
:103870003DE5000001D8010000000000F036020024
:10388000A5C400007DB9010051C5010029C5010092
:103890005DC7010029C9010079CA0100B5CC01004A
:1038A000F5CE010085C7010000000000FC360200D3
:1038B000E1C40000B3B901000000000008370200B5
:1038C00055C500000DBA01000000000014370200C9
:1038D000099700009D810100DDB80100E3B80100F7
:1038E00021BB01000DBB0100F9BA0100E5BA0100DE
:1038F000E9B80100EFB8010017B9010000000000AD
:103900003437020035970000BB8101007BB801000D
:1039100081B8010071BB01005DBB010049BB010022
:1039200035BB010087B801008DB80100B5B80100B2
:1039300000000000543702001DC50000E9B9010075
:1039400053B9010087F0010057B9010000000000E1
:1039500074370200000000000000000000000000BA
:103960000000000000000000000000000000000057
:10397000000000000000000000000000943702007A
:10398000B9C400008FB90100990301003904010096
:1039900000000000A0370200CDC40000A1B9010062
:1039A00005D4000025CF010000000000AC37020064
:1039B000F5C40000C5B9010059CF010000000000A6
:1039C000B837020009C50000D7B901004FB901009E
:1039D00011DB010099DB0100DDD9010077DA01007C
:1039E000CDD80100983B0200C44A0200000000004C
:1039F000010000005036020003F4FFFF103A0200FD
:103A0000243A02000400000000000000E439020033
:103A1000AD05010021DC0100FCFFFFFFFCFFFFFF03
:103A2000E4390200CD05010033DC0100C83A020090
:103A3000C74A0200000000002C3A0200DD05010028
:103A4000C9DD010061DD010063DD010065DD01000C
:103A50007BDD010097DD01009BDD01002FDE010011
:103A60009FDD0100A5DD0100BDDD0100DBDD010002
:103A7000C3DD0100583B0200464B0200EC3A020055
:103A800000000000743A02003D08010057E2010006
:103A900035080100583B0200614B0200EC3A02007D
:103AA00000000000943A0200590801006BE2010096
:103AB00051080100583B02006D4B02007C3B0200A4
:103AC00000000000B43A02006D080100BDE20100F0
:103AD0000FEA01000FEA010027E301007FE2010085
:103AE0000FE30100D1E20100B1E20100C83A020097
:103AF000B14B0200583B0200BE4B0200EC3A020000
:103B0000C83A0200D04B0200C83A0200F04B020053
:103B100000000000F43A020023E6010025E601005F
:103B2000150B0100583B0200144C0200EC3A020055
:103B300000000000243B0200250F0100F3E8010013
:103B40000D0B0100583B0200384C0200B43A020051
:103B500000000000443B02008D0F01001FE901003E
:103B60000FEA01000FEA010027E301007FE20100F4
:103B7000E3E901006FE9010033E90100C83A0200FE
:103B80005D4C0200583B02006A4C0200B43A02004D
:103B900000000000843B0200A10F01003FEA010089
:103BA0000FEA01000FEA010027E301007FE20100B4
:103BB0005DED0100F1EA010053EA0100583B02000B
:103BC000C54C02007437020000000000BC3B02003C
:103BD000A1110100B1EE010087EE010095EE010098
:103BE00087EE01009DEE0100A1EE0100A5EE0100AF
:103BF0009DEE0100583B0200654D0200EC3A0200C8
:103C0000583B0200754D0200F43B0200583B020095
:103C1000864D0200F43B0200583B0200974D020023
:103C2000EC3A020000000000F43B020055140100D1
:103C3000E1F00100CBF0010000000000003C0200B8
:103C400079140100F3F00100CBF001000000000046
:103C50000C3C02008D14010005F10100CBF00100C5
:103C600000000000183C020031140100CFF00100F8
:103C7000CBF00100583B0200BB4E0200343D020075
:103C8000583B0200D84E02002C3D0200083D0200C5
:103C9000FD4E0200743C0200983B02000F4F0200F0
:103CA0000000000001000000443B02000000000092
:103CB00000000000743C020081170100D1F10100F6
:103CC000CDF1010000000000803C02006D170100F2
:103CD000BBF1010065170100FDF20100C5170100ED
:103CE00087F201008DF20100B7F201000000000030
:103CF0008C3C0200A91701001BF20100CDF101006C
:103D000000000000983C020095170100E3F101005B
:103D10000FEA01000FEA010027E30100F5F10100BD
:103D2000E3E901006FE9010033E90100C83A02004C
:103D30002F4F0200583B0200484F0200183C02007F
:103D4000583B0200594F02002C3D0200583B020034
:103D5000834F02002C3D020000000000343D0200B1
:103D6000A5190100EBF20100CBF0010000000000FA
:103D7000403D0200CDF20100D3F2010031190100F3
:103D8000FDF20100B919010087F2010073F2010090
:103D9000B7F20100000000004C3D0200CBF2010030
:103DA000DFF2010039190100FDF20100B91901002B
:103DB000411901002DF30100B7F20100583B020048
:103DC000AC4F0200EC3A020000000000BC3D0200D3
:103DD000411A01005BF3010057F30100664E020037
:103DE0006A4E02006E4E0200724E02002D4E02001C
:103DF000764E02007A4E02007E4E0200824E020093
:103E0000864E02008A4E02008E4E0200104E0200C4
:103E1000184E0200214E0200274E02002D4E0200D5
:103E2000314E0200364E02003B4E0200424E02006E
:103E30004C4E0200544E02005D4E0200F44D020052
:103E4000F84D0200FC4D0200004E0200044E02003C
:103E5000084E02000C4E0200BB4D0200C24D020093
:103E6000C94D0200D14D0200DB4D0200E44D0200BD
:103E7000EB4D02009F44020090440200B259020040
:103E8000A94D0200AC4D0200C7590200104E0200BD
:103E9000184E0200214E0200274E02002D4E020055
:103EA000314E0200364E02003B4E0200424E0200EE
:103EB0004C4E0200544E02005D4E0200DF590200DB
:103EC000AF4D0200BA4E0200BA4E0200BA4E0200D6
:103ED000BA4E0200BA4E02000000000000000000CE
:103EE00000000000000000000000004095596959E2
:103EF0005555545515555556040515411054554002
:103F000045515544404550445055554500400040AA
:103F10004004449665555655454045545141154019
:103F2000559155555555405105010000544554547F
:103F30004555050400100410140440000000014021
:103F40005555154154040000440001000000004094
:103F50004100004450444550540055555455655156
:103F600000400040010000010005010011545151C2
:103F7000545555050000000000000000000000003E
:103F800000001F003B005A0078009700B500D400E5
:103F9000F300110130014E016D0100001F003C00D3
:103FA0005B0079009800B600D500F40012013101E1
:103FB0004F016E01D04E5374366C6F63616C653582
:103FC00066616365744500430074727565006661DF
:103FD0006C736500EFBBBF0053743132636F64656F
:103FE0006376745F6261736500537432335F5F633D
:103FF0006F64656376745F61627374726163745F2A
:10400000626173654944736331305F6D62737461DB
:1040100074655F744500537437636F6465637674C9
:104020004944736331305F6D6273746174655F74AA
:104030004500537432335F5F636F64656376745F0A
:1040400061627374726163745F626173654944692C
:104050006331305F6D6273746174655F74450053E2
:104060007437636F64656376744944696331305FA4
:104070006D6273746174655F744500537432335FAD
:104080005F636F64656376745F61627374726163AA
:10409000745F62617365494473447531305F6D626A
:1040A00073746174655F744500537437636F64653E
:1040B000637674494473447531305F6D6273746123
:1040C00074655F744500537432335F5F636F64657A
:1040D0006376745F61627374726163745F6261734B
:1040E00065494469447531305F6D6273746174650C
:1040F0005F744500537437636F6465637674494435
:1041000069447531305F6D6273746174655F7445C5
:1041100000EFBBBF62617369635F737472696E673E
:104120003A3A5F535F636F6E737472756374206E97
:10413000756C6C206E6F742076616C6964006361CD
:104140006E6E6F7420637265617465207368696D4B
:1041500020666F7220756E6B6E6F776E206C6F636A
:10416000616C653A3A666163657400756E696E6983
:104170007469616C697A6564205F5F616E795F73F1
:104180007472696E67002A4E537431335F5F6661E3
:104190006365745F7368696D7331325F474C4F427A
:1041A000414C5F5F4E5F3131336E756D70756E637C
:1041B000745F7368696D49634545002A4E537431D5
:1041C000335F5F66616365745F7368696D73313215
:1041D0005F474C4F42414C5F5F4E5F313132636FFE
:1041E0006C6C6174655F7368696D49634545002A4D
:1041F0004E537431335F5F66616365745F736869E2
:104200006D7331325F474C4F42414C5F5F4E5F31BF
:1042100031356D6F6E657970756E63745F73686943
:104220006D49634C6231454545002A4E5374313324
:104230005F5F66616365745F7368696D7331325F78
:10424000474C4F42414C5F5F4E5F3131356D6F6E71
:10425000657970756E63745F7368696D49634C62EC
:1042600030454545002A4E537431335F5F666163C4
:1042700065745F7368696D7331325F474C4F4241BB
:104280004C5F5F4E5F3131346D6F6E65795F67658E
:10429000745F7368696D49634545002A4E537431F4
:1042A000335F5F66616365745F7368696D73313234
:1042B0005F474C4F42414C5F5F4E5F3131346D6F11
:1042C0006E65795F7075745F7368696D49634545A4
:1042D000002A4E537431335F5F66616365745F73A8
:1042E00068696D7331325F474C4F42414C5F5F4E9E
:1042F0005F3131336D657373616765735F736869CF
:104300006D49634545004E5374366C6F63616C654F
:10431000356661636574365F5F7368696D45002A51
:104320004E537431335F5F66616365745F736869B0
:104330006D7331325F474C4F42414C5F5F4E5F318E
:10434000313374696D655F6765745F7368696D4962
:104350006345450025733A205F5F706F73202877AF
:104360006869636820697320257A7529203E207466
:104370006869732D3E73697A6528292028776869F2
:10438000636820697320257A752900626173696307
:104390005F737472696E673A3A636F707900626135
:1043A0007369635F737472696E673A3A5F535F63F0
:1043B00072656174650062617369635F73747269C9
:1043C0006E673A3A65726173650062617369635F33
:1043D000737472696E673A3A5F4D5F7265706C61B3
:1043E00063655F6175780062617369635F7374729E
:1043F000696E673A3A61737369676E0062617369E7
:10440000635F737472696E673A3A617070656E6467
:104410000062617369635F737472696E673A3A72BE
:104420006573697A65005374313063747970655FC0
:1044300062617365005374356374797065496345CF
:104440000062617369635F737472696E673A2063B7
:104450006F6E737472756374696F6E2066726F6DC0
:10446000206E756C6C206973206E6F742076616CA1
:1044700069640062617369635F737472696E673A3D
:104480003A696E73657274004300252E2A4C6600EB
:10449000256D2F25642F25790025483A254D0025C7
:1044A000483A254D3A25530053743974696D655F58
:1044B0006261736500537431306D6F6E65795F6250
:1044C00061736500537431336D6573736167657330
:1044D0005F62617365004E5374375F5F6378783154
:1044E0003137636F6C6C61746549634545004E53A9
:1044F00074375F5F6378783131386E756D70756EC3
:10450000637449634545004E5374375F5F63787841
:10451000313131306D6F6E657970756E63744963DA
:104520004C6231454545004E5374375F5F63787880
:10453000313131306D6F6E657970756E63744963BA
:104540004C6230454545004E5374375F5F63787861
:104550003131386D65737361676573496345450033
:104560004E5374375F5F6378783131396D6F6E65A4
:10457000795F67657449635374313969737472651F
:10458000616D6275665F6974657261746F724963AB
:1045900053743131636861725F7472616974734915
:1045A0006345454545004E5374375F5F6378783106
:1045B00031396D6F6E65795F70757449635374310D
:1045C000396F73747265616D6275665F6974657267
:1045D00061746F72496353743131636861725F74DF
:1045E0007261697473496345454545004E5374379C
:1045F0005F5F63787831313874696D655F676574C2
:104600004963537431396973747265616D6275669B
:104610005F6974657261746F724963537431316399
:104620006861725F74726169747349634545454599
:10463000002A4E537431335F5F66616365745F7344
:1046400068696D7331325F474C4F42414C5F5F4E3A
:104650005F3131336E756D70756E63745F73686949
:104660006D49634545002A4E537431335F5F66617F
:104670006365745F7368696D7331325F474C4F4295
:10468000414C5F5F4E5F313132636F6C6C617465BA
:104690005F7368696D49634545002A4E5374313331
:1046A0005F5F66616365745F7368696D7331325F04
:1046B000474C4F42414C5F5F4E5F3131356D6F6EFD
:1046C000657970756E63745F7368696D49634C6278
:1046D00031454545002A4E537431335F5F6661634F
:1046E00065745F7368696D7331325F474C4F424147
:1046F0004C5F5F4E5F3131356D6F6E657970756EF1
:1047000063745F7368696D49634C62304545450069
:104710002A4E537431335F5F66616365745F7368FB
:10472000696D7331325F474C4F42414C5F5F4E5F62
:104730003131346D6F6E65795F6765745F73686979
:104740006D49634545002A4E537431335F5F66619E
:104750006365745F7368696D7331325F474C4F42B4
:10476000414C5F5F4E5F3131346D6F6E65795F70C4
:1047700075745F7368696D49634545002A4E5374CB
:1047800031335F5F66616365745F7368696D733150
:10479000325F474C4F42414C5F5F4E5F3131336D6A
:1047A000657373616765735F7368696D49634545D8
:1047B000002A4E537431335F5F66616365745F73C3
:1047C00068696D7331325F474C4F42414C5F5F4EB9
:1047D0005F31313374696D655F6765745F736869F4
:1047E0006D49634545004E395F5F676E755F63785D
:1047F000783138737464696F5F73796E635F66696B
:104800006C65627566496353743131636861725FC8
:1048100074726169747349634545450062617369E7
:10482000635F696F733A3A636C6561720053743900
:1048300062617369635F696F734963537431316394
:104840006861725F747261697473496345450053AE
:104850007438696F735F62617365005369005374E4
:1048600037636F6C6C617465496345005374386ECF
:10487000756D70756E6374496345005374376E755A
:104880006D5F676574496353743139697374726518
:10489000616D6275665F6974657261746F72496398
:1048A00053743131636861725F7472616974734902
:1048B00063454545005374376E756D5F7075744977
:1048C00063537431396F73747265616D6275665FBD
:1048D0006974657261746F724963537431316368CE
:1048E00061725F7472616974734963454545005331
:1048F0007431375F5F74696D6570756E63745F6383
:104900006163686549634500537431315F5F746961
:104910006D6570756E637449634500537431306D15
:104920006F6E657970756E637449634C623145458D
:1049300000537431306D6F6E657970756E637449B4
:10494000634C62304545005374386D65737361671D
:10495000657349634500537432335F5F636F646509
:104960006376745F61627374726163745F626173B2
:104970006549636331305F6D6273746174655F7440
:1049800045005374396D6F6E65795F67657449636F
:10499000537431396973747265616D6275665F69EC
:1049A00074657261746F7249635374313163686105
:1049B000725F74726169747349634545450053744D
:1049C000396D6F6E65795F707574496353743139F1
:1049D0006F73747265616D6275665F69746572612B
:1049E000746F72496353743131636861725F7472BA
:1049F0006169747349634545450053743874696D42
:104A0000655F7075744963537431396F737472657F
:104A1000616D6275665F6974657261746F72496316
:104A200053743131636861725F7472616974734980
:104A3000634545450053743874696D655F676574F7
:104A40004963537431396973747265616D62756657
:104A50005F6974657261746F724963537431316355
:104A60006861725F7472616974734963454545009A
:104A7000537431385F5F6D6F6E657970756E6374F6
:104A80005F636163686549634C62304545005374F8
:104A900031385F5F6D6F6E657970756E63745F63DB
:104AA0006163686549634C62314545005374313632
:104AB0005F5F6E756D70756E63745F63616368656B
:104AC00049634500536F0053743135626173696304
:104AD0005F73747265616D627566496353743131D9
:104AE000636861725F7472616974734963454500FC
:104AF00062617369635F737472696E673A3A5F4D9E
:104B00005F6372656174650062617369635F73748A
:104B100072696E673A3A7265706C616365006261D2
:104B20007369635F737472696E673A3A5F4D5F725F
:104B300065706C616365007374643A3A6261645FC6
:104B4000616C6C6F63005374396261645F616C6C9B
:104B50006F63007374643A3A6261645F6361737493
:104B6000005374386261645F63617374004E313066
:104B70005F5F637878616269763131375F5F636C5C
:104B80006173735F747970655F696E666F450073FA
:104B900074643A3A657863657074696F6E00737413
:104BA000643A3A6261645F657863657074696F6ED8
:104BB00000537439657863657074696F6E0053745F
:104BC00031336261645F657863657074696F6E002C
:104BD0004E31305F5F637878616269763131355F7D
:104BE0005F666F726365645F756E77696E644500BA
:104BF0004E31305F5F637878616269763131395F59
:104C00005F666F726569676E5F657863657074690A
:104C10006F6E45004E395F5F676E755F63787832FF
:104C2000307265637572736976655F696E69745F0A
:104C30006572726F724500004E31305F5F63787845
:104C4000616269763132305F5F73695F636C617393
:104C5000735F747970655F696E666F450053743970
:104C6000747970655F696E666F004E31305F5F63A7
:104C70007878616269763132315F5F766D695F6342
:104C80006C6173735F747970655F696E666F450000
:104C9000254C66006C6F63616C653A3A66616365CA
:104CA000743A3A5F535F6372656174655F635F6C0A
:104CB0006F63616C65206E616D65206E6F74207628
:104CC000616C696400537437636F6465637674491B
:104CD000636331305F6D6273746174655F74450046
:104CE0002D2B7858303132333435363738396162CC
:104CF0006364656630313233343536373839414292
:104D000043444546002D2B78583031323334353604
:104D10003738396162636465664142434445460001
:104D20002D3031323334353637383900474D540061
:104D300048535400414B535400505354004D535466
:104D4000004353540045535400415354004E5354B0
:104D5000004345540049535400454554004A5354B8
:104D60000002030004537431316C6F6769635F653F
:104D700072726F7200537431326C656E6774685F63
:104D80006572726F7200537431326F75745F6F6643
:104D90005F72616E6765005374313372756E74694A
:104DA0006D655F6572726F7200414D00504D002558
:104DB000493A254D3A25532025700053756E64619C
:104DC00079004D6F6E646179005475657364617923
:104DD000005765646E657364617900546875727319
:104DE0006461790046726964617900536174757217
:104DF0006461790053756E004D6F6E0054756500E7
:104E00005765640054687500467269005361740008
:104E10004A616E7561727900466562727561727978
:104E2000004D6172636800417072696C004D617978
:104E3000004A756E65004A756C7900417567757337
:104E4000740053657074656D626572004F63746FB2
:104E5000626572004E6F76656D62657200446563CF
:104E6000656D626572004A616E00466562004D6163
:104E70007200417072004A756E004A756C0041758F
:104E80006700536570004F6374004E6F7600446591
:104E90006300696F73747265616D00696F7374721A
:104EA00065616D206572726F7200556E6B6E6F7703
:104EB0006E206572726F72003A20004E537438692A
:104EC0006F735F62617365376661696C75726542A5
:104ED00035637878313145002A4E31325F474C4F87
:104EE00042414C5F5F4E5F313137696F5F6572726F
:104EF0006F725F63617465676F72794500537431D7
:104F0000335F5F696F735F6661696C7572650053CB
:104F10007431395F5F696F736661696C5F74797052
:104F2000655F696E666F0067656E65726963004EE6
:104F30005374335F563231346572726F725F6361DE
:104F40007465676F72794500537431327379737485
:104F5000656D5F6572726F72002A4E31325F474C29
:104F60004F42414C5F5F4E5F31323267656E657212
:104F700069635F6572726F725F63617465676F7298
:104F80007945002A4E31325F474C4F42414C5F5FBA
:104F90004E5F31323173797374656D5F6572726F14
:104FA000725F63617465676F727945004E53743840
:104FB000696F735F62617365376661696C7572658D
:104FC00045000020202020202020202028282828DC
:104FD00028202020202020202020202020202020C9
:104FE0002020208810101010101010101010101019
:104FF0001010100404040404040404040410101029
:1050000010101010414141414141010101010101D4
:105010000101010101010101010101010101101062
:1050200010101010424242424242020202020202A8
:105030000202020202020202020202020202101034
:105040001010200000000000000000000000000020
:105050000000000000000000000000000000000050
:105060000000000000000000000000000000000040
:105070000000000000000000000000000000000030
:105080000000000000000000000000000000000020
:105090000000000000000000000000000000000010
:1050A0000000000000000000000000000000000000
:1050B00000000000000000000000000000000000F0
:1050C00000000053756363657373004E6F74206F47
:1050D000776E6572004E6F20737563682066696C29
:1050E00065206F72206469726563746F7279004E17
:1050F0006F20737563682070726F63657373004906
:105100006E746572727570746564207379737465FA
:105110006D2063616C6C00492F4F206572726F7255
:10512000004E6F207375636820646576696365203F
:105130006F72206164647265737300417267206CE2
:1051400069737420746F6F206C6F6E6700457865AB
:105150006320666F726D6174206572726F720053A6
:105160006F636B657420616C726561647920636F35
:105170006E6E6563746564004261642066696C6587
:10518000206E756D626572004E6F206368696C6495
:1051900072656E0044657374696E6174696F6E2028
:1051A0006164647265737320726571756972656498
:1051B000004E6F206D6F72652070726F6365737340
:1051C0006573004E6F7420656E6F7567682073702D
:1051D000616365005065726D697373696F6E2064F9
:1051E000656E696564004261642061646472657320
:1051F0007300426C6F636B2064657669636520722F
:105200006571756972656400446576696365206FD0
:1052100072207265736F75726365206275737900B1
:1052200046696C65206578697374730043726F73A7
:10523000732D646576696365206C696E6B004E6FD3
:10524000207375636820646576696365004E6F74CA
:105250002061206469726563746F727900486F73AE
:105260007420697320646F776E00436F6E6E6563A0
:1052700074696F6E20616C726561647920696E205B
:1052800070726F677265737300497320612064697F
:10529000726563746F727900496E76616C6964201F
:1052A000617267756D656E74004E6574776F726BB1
:1052B00020696E74657266616365206973206E6F24
:1052C0007420636F6E6669677572656400436F6E04
:1052D0006E656374696F6E2061626F7274656420BD
:1052E0006279206E6574776F726B00546F6F206DFA
:1052F000616E79206F70656E2066696C65732069D8
:105300006E2073797374656D0046696C6520646501
:105310007363726970746F722076616C7565207446
:105320006F6F206C61726765004E6F74206120633F
:105330006861726163746572206465766963650093
:10534000546578742066696C6520627573790046CF
:10535000696C6520746F6F206C6172676500486FBF
:10536000737420697320756E726561636861626C25
:1053700065004E6F207370616365206C65667420F4
:105380006F6E20646576696365004E6F7420737577
:1053900070706F7274656400496C6C6567616C2035
:1053A0007365656B00526561642D6F6E6C79206664
:1053B000696C652073797374656D00546F6F206D2F
:1053C000616E79206C696E6B730042726F6B656EF3
:1053D0002070697065004D617468656D6174696302
:1053E0007320617267756D656E74206F7574206FC0
:1053F0006620646F6D61696E206F662066756E63EE
:1054000074696F6E00526573756C7420746F6F20D1
:105410006C61726765004E6F206D657373616765BF
:10542000206F6620646573697265642074797065A5
:10543000004964656E7469666965722072656D6F96
:1054400076656400496C6C6567616C20627974658F
:105450002073657175656E636500446561646C6F8A
:10546000636B004E6574776F726B20697320756E85
:10547000726561636861626C65004E6F206C6F637A
:105480006B004E6F7420612073747265616D005300
:10549000747265616D20696F63746C2074696D65E9
:1054A0006F7574004E6F2073747265616D20726544
:1054B000736F7572636573004D616368696E652013
:1054C0006973206E6F74206F6E20746865206E653E
:1054D00074776F726B004E6F207061636B616765EC
:1054E000005265736F757263652069732072656D14
:1054F0006F7465005669727475616C2063697263BC
:1055000075697420697320676F6E65004164766504
:105510007274697365206572726F720053726D6F79
:10552000756E74206572726F7200436F6D6D756E6B
:1055300069636174696F6E206572726F7200507278
:105540006F746F636F6C206572726F7200556E6B53
:105550006E6F776E2070726F746F636F6C004D7535
:105560006C7469686F7020617474656D70746564C3
:1055700000426164206D6573736167650043616E0D
:105580006E6F74206163636573732061206E65655F
:1055900064656420736861726564206C696272611D
:1055A000727900416363657373696E67206120637C
:1055B0006F727275707465642073686172656420BF
:1055C0006C696272617279002E6C69622073656326
:1055D00074696F6E20696E20612E6F757420636F21
:1055E0007272757074656400417474656D7074696D
:1055F0006E6720746F206C696E6B20696E206D6F12
:10560000726520736861726564206C696272617290
:10561000696573207468616E2073797374656D2099
:105620006C696D69740043616E6E6F742065786596
:1056300063206120736861726564206C69627261C5
:105640007279206469726563746C790046756E6363
:1056500074696F6E206E6F7420696D706C656D6516
:105660006E746564004469726563746F7279206E4C
:105670006F7420656D7074790046696C65206F7277
:105680002070617468206E616D6520746F6F206C8E
:105690006F6E6700546F6F206D616E792073796D46
:1056A000626F6C6963206C696E6B73004E6F206271
:1056B00075666665722073706163652061766169E5
:1056C0006C61626C65004E6F2064617461004164BE
:1056D00064726573732066616D696C79206E6F7496
:1056E00020737570706F72746564206279207072B7
:1056F0006F746F636F6C2066616D696C79005072B6
:105700006F746F636F6C2077726F6E67207479703F
:105710006520666F7220736F636B657400536F63EF
:105720006B6574206F7065726174696F6E206F6E47
:10573000206E6F6E2D736F636B65740050726F74A3
:105740006F636F6C206E6F7420617661696C61624B
:105750006C650043616E27742073656E642061661A
:1057600074657220736F636B6574207368757464FD
:105770006F776E00436F6E6E656374696F6E207233
:1057800065667573656400436F6E6E656374696FFB
:105790006E20726573657420627920706565720091
:1057A0004164647265737320616C72656164792011
:1057B000696E207573650041646472657373206E51
:1057C0006F7420617661696C61626C6500536F660D
:1057D00074776172652063617573656420636F6EB1
:1057E0006E656374696F6E2061626F727400536FCF
:1057F000636B6574206973206E6F7420636F6E6EC7
:10580000656374656400536F636B657420747970AD
:1058100065206E6F7420737570706F7274656400AC
:10582000536F636B657420697320616C726561648A
:105830007920636F6E6E6563746564004F70657286
:105840006174696F6E2063616E63656C656400539B
:1058500074617465206E6F74207265636F76657213
:1058600061626C650050726576696F7573206F7741
:105870006E657220646965640053747265616D734E
:105880002070697065206572726F72004F7065726A
:105890006174696F6E206E6F7420737570706F72B3
:1058A000746564206F6E20736F636B65740056615E
:1058B0006C756520746F6F206C6172676520666F10
:1058C0007220646566696E65642064617461207429
:1058D000797065004D65737361676520746F6F2023
:1058E0006C6F6E6700436F6E6E656374696F6E20D8
:1058F00074696D6564206F7574002573252E2A64A4
:1059000000257325302E2A64002B002D00253264DB
:1059100000252E32642F252E32642F252E3264006E
:10592000256C7500592D256D2D2564002E2A7500D6
:10593000252E336400252E316400256C6C6400250F
:105940002E32643A252E32643A252E3264002565C3
:105950002D25622D2500252B30336C64252E326CCD
:105960006400545A002531315B2D2B302D39412DE7
:105970005A612D7A5D256E002531315B412D5A61CA
:105980002D7A5D256E004D256875256E2E2568756E
:10599000256E2E256875256E002F256875256E3AB3
:1059A000256875256E3A256875256E00504F534958
:1059B000580025612025622025652025483A254D7F
:1059C0003A25532025590025612025622025652090
:1059D00025483A254D3A255320255A202559006D52
:1059E0006400616E006E66696E69747900616E00B4
:1059F0006E66696E69747900286E756C6C29002A70
:105A0000666C6F61742A006364696E6F7073757879
:105A1000585B001F1C1F1E1F1E1F1F1E1F1E1F1F47
:0C5A20001D1F1E1F1E1F1F1E1F1E1F002B
:105A2C00BF4E010019580100CC21020000000000FB
:105A3C00CC0100203A000000E00100203A000000F8
:105A4C00B80100203A000000F40100203A000000E8
:105A5C00000000009F5E010000000000000000003C
:105A6C00400000204000002000000000000000006A
:105A7C000E000000080700200000000000000000DD
:105A8C00000000000090D0030070015000000000E6
:105A9C00FFFFFFFF3F000000FFFFFFFF3F00000084
:105AAC00FF00000090020000880000208800002009
:105ABC0000000000BD870000D4000020CC000020B6
:105ACC00C400002000000000BC000020E988000099
:105ADC003588000069880000B1880000841200201D
:105AEC003A00003A881200203A00003A8C1200204A
:105AFC003A00003A901200203A00003AE4000020EC
:105B0C00A8000020A00000209C000020980000208D
:105B1C00F3E70100E04C0200054D0200204D0200AD
:105B2C002C4D0200304D0200344D0200394D020064
:105B3C003D4D0200414D0200454D0200494D020011
:105B4C004D4D0200514D0200554D0200594D0200C1
:105B5C00414D02005D4D0200CC3C02009C3D020018
:105B6C00743D02008D4000002C4D02002C4D0200B3
:055B7C00F01D002001F6
:0F5B810000000000000000000000000000000015
:105B90000000000000000000000000000000000005
:105BA00000000000000000000000000000000000F5
:105BB00000000000000000000000000000000000E5
:0C5BC000000000000000000000000000D9
:045BCC0000000000D5
:105BD000A4010020A401002000000000000000003B
:105BE0000E000000B8010020B801002000000000F5
:105BF000000000000E000000CC010020CC010020BD
:105C000000000000000000000E000000E001002085
:105C1000E001002000000000000000000E00000075
:105C2000F4010020F401002000000000000000004A
:045C30000E00000062
:105C3400080200200802002000000000010000000B
:045C440015E015E072
:040000030000392D93
:00000001FF
