:10000000482300208D280000DF81000079280000AF
:10001000792800007928000079280000792800005C
:100020000000000000000000000000000D2A000099
:100030007928000000000000A529000079280000B0
:100040009D2B00009D2B00009D2B00009D2B000090
:100050009D2B00009D2B00009D2B00009D2B000080
:100060009D2B00009D2B00009D2B00009D2B000070
:100070009D2B00009D2B00009D2B00009D2B000060
:100080009D2B00009D2B00009D2B00009D2B000050
:100090009D2B00009D2B00009D2B00009D2B000040
:1000A0009D2B00009D2B00009D2B00009D2B000030
:1000B0009D2B00009D2B00009D2B00009D2B000020
:1000C0009D2B00009D2B00009D2B00009D2B000010
:1000D0009D2B00009D2B00009D2B00009D2B000000
:1000E0009D2B00009D2B00009D2B00009D2B0000F0
:1000F0009D2B00009D2B00009D2B00009D2B0000E0
:100100009D2B00009D2B00009D2B00009D2B0000CF
:100110009D2B00009D2B00009D2B00009D2B0000BF
:100120009D2B00009D2B00009D2B00009D2B0000AF
:100130009D2B00009D2B00009D2B00009D2B00009F
:100140009D2B00009D2B00009D2B00009D2B00008F
:040150009D2B0000E3
:1001540053B94AB9002908BF00281CBF4FF0FF312A
:100164004FF0FF3000F00CB8ADF1080C6DE904CE8F
:1001740000F010F8DDF804E0DDE9022304B0704774
:10018400704700BF034613F8012B002AFBD1181A4D
:10019400013870472DE9F04786468C460846089E8C
:1001A400154674461946002B40F0C1808542B2FAC8
:1001B40082F245D94AB1C2F1200300FA02FC95400B
:1001C40094402EFA03F343EA0C0C4FEA154EA8B2FE
:1001D400230CBCFBFEF80EFB18CC08FB00F943EA29
:1001E4000C43994528D9EB1808F1FF3704D29945F7
:1001F40002D9A8F102072B44A3EB0903A4B2B3FB71
:10020400FEFC0EFB1C330CFB00F044EA0344A0424A
:1002140014D92C190CF1FF3304D2A04202D9ACF149
:1002240002032C44241A43EA07401EB1D44000239D
:1002340034607360BDE8F0874746DDE76346F1E765
:1002440092BB431B01214FEA154EAFB2200CB3FB06
:10025400FEFC0EFB1C330CFB07F840EA03439845F5
:1002640061D9EB180CF1FF3004D2984502D9ACF1F6
:1002740002002B44A3EB0803A4B2B3FBFEFC0EFB69
:100284001C330CFB07F744EA0344A7424DD92C194D
:100294000CF1FF3304D2A74202D9ACF102032C447F
:1002A400E41B43EA0040C0E7C2F1200395409440B8
:1002B40020FA03F12EFA03F34FEA154E9040AFB241
:1002C4000343B1FBFEFC0EFB1C10190C0CFB07F8DE
:1002D40041EA0041884522D969180CF1FF3004D263
:1002E400884502D9ACF102002944A1EB08019BB274
:1002F400B1FBFEFC0EFB1C110CFB07F743EA0143A8
:100304009F420ED9EB180CF1FF3104D29F4202D95F
:10031400ACF102012B44DB1B41EA004193E7604648
:10032400E3E76146F7E76046A4E76346B8E783423C
:1003340006D916B9002108467CE7C6E900E0F9E7CA
:10034400B3FA83F78FB9834201D3724508D8BEEB61
:10035400020460EB030301209C461EB9002169E7F7
:100364003846FAE7C6E9004CF8E7C7F1200CBB4071
:100374000EFA07F522FA0CF42EFA0CF1BA401C43DB
:1003840020FA0CF3B8404FEA144901431FFA84FEE3
:10039400B3FBF9F809FB18300B0C08FB0EFA43EA1F
:1003A40000439A4540D9E31808F1FF3004D29A4536
:1003B40002D9A8F102002344A3EB0A0389B2B3FBD8
:1003C400F9F809FB183308FB0EFE41EA03418E4598
:1003D4002CD9611808F1FF3304D28E4502D9A8F153
:1003E4000203214443EA0040A1EB0E01A0FB029862
:1003F4004145CE46434602D306D14D4504D2013889
:10040400B9EB020E68EB0403002EA7D0B5EB0E0285
:1004140061EB030101FA0CFC22FA07F3F9404CEA00
:100424000303C6E9003199E74046C5E74346D9E7E7
:1004340003468C46044A92E8030083E8030083F8E9
:1004440008C01846704700BF20A90000B0B582B0AC
:1004540000AF044601220179006806F078FE01230A
:1004640023726D4600233B7102237B7188B0EC46F6
:100474001CF1100207D00E20A2B1042812DD2D4B6E
:100484007B6000210CE06FF00040F5E78B0003F186
:10049400140E08333B4453F8043C4CF80E3001313D
:1004A4000029F3D000233B7002237B70FAB10828A3
:1004B4000FDD214B7B60002109E08B0003F1180E56
:1004C40008333B4453F8043C4CF80E300131002906
:1004D400F3D00CF11C03002107E001F1080EBE4427
:1004E4001EF808EC03F801EB01310129F5D90D28B8
:1004F4001DDD0E2342B100217960032139710121F0
:10050400F9717868CCF810000021032060F3881199
:10051400C3F30A0363F353210023084801F048F9A5
:10052400AD46608906F020FE0837BD46B0BD6FF0C9
:100534001B03DFE738A9000048A9000068A80000F1
:10054400B0B582B000AF044600220179006806F01D
:10055400FEFD002323726D463B7102237B7188B03C
:10056400EC461CF1100207D00E20A2B1042812DDC3
:100574002D4B7B6000210CE06FF00040F5E78B0011
:1005840003F1140E08333B4453F8043C4CF80E308A
:1005940001310029F3D000233B7002237B70FAB1B0
:1005A40008280FDD214B7B60002109E08B0003F15B
:1005B400180E08333B4453F8043C4CF80E30013118
:1005C4000029F3D00CF11C03002107E001F1080E0F
:1005D400BE441EF808EC03F801EB01310129F5D9FA
:1005E4000D281DDD0E2342B10021796003213971EC
:1005F4000121F9717868CCF810000021032060F320
:100604008811C3F30A0363F353210023084801F05C
:10061400CFF8AD46608906F0A7FD0837BD46B0BDEA
:100624006FF01B03DFE700BF50A9000060A90000C2
:1006340068A8000010B50446044B0360044A032173
:10064400044807F0C4FC204610BD00BFBCA5000050
:1006540070A9000070A8000008B5006809F07EFBCE
:1006640008B1002008BD034A0321034807F0AFFC8A
:10067400F7E700BF90A9000070A800002DE9F04F33
:1006840091B005920293134602F004020092C3F360
:10069400C20210F00303019340F02B8280468A4685
:1006A4000132041D00284FD0B8F1000F05D0A4EB8F
:1006B40008030433534500F21F82029B5D1E019B15
:1006C40004930693039300264FF0FF3B0427B94697
:1006D400B8F1000F01D0029B2360531E0793002A38
:1006E40040F35D81059B13F0020228D00120A4EBA6
:1006F40008018B081AB1B1F5007F80F003820399D9
:100704000F2900F20282B8F1000F00F06081DBB221
:1007140001F140026A4402F8103C02F820BC0028AF
:1007240000F0518163F07F0301F140026A4402F852
:10073400103C049B01330493039B0133039304345F
:100744000022CC4640463DE001F0070A5444CAF179
:10075400080AA9E7002634E0002632E0002630E04B
:100764000827BC462DE025292BD10BF1010B0126CE
:100774000427BC4625E04729EED82A2914D32A3970
:10078400C9B24FF0010E0EFA01F14FF6DA7E11EA0A
:100794000E0F16D111F0625F40F0C08011F0010F0E
:1007A40040F08C8000260CE0252903D10BF1FF3B9F
:1007B400002606E001D9002603E0202901D02329E0
:1007C400CCD11D466B1C6978002900F01981002EDC
:1007D400C9D07A29BED84C29CDD34C392E2961D819
:1007E4000FF2040E5EF821F0C7070000A90800000C
:1007F400A9080000A9080000A9080000A908000031
:10080400A9080000A9080000A9080000A908000020
:10081400A9080000A9080000B9080000A908000000
:10082400A9080000A9080000A9080000A908000000
:10083400A9080000A9080000A90800002109000077
:10084400A9080000B9080000B90800002109000047
:100854002109000021090000C7070000B9080000B1
:1008640065070000A9080000C7070000A9080000E8
:100874007D090000B90800007D090000A9080000F6
:10088400A908000085090000B3080000B9080000A9
:10089400A9080000A9080000B9080000A908000080
:1008A400AD08000000268CE70427BC4689E704272E
:1008B400BC4686E729786C2924D000263C44013CB8
:1008C400B4FBF7F407FB04F420B1211A6144514549
:1008D40000F21581002A58D1BCF1040F00F0888081
:1008E400BCF1080F40F014811A99073121F0070177
:1008F40001F108051A95D1E9008908B1C4E9008914
:1009040008345EE713F8021C6C2903D00026042780
:10091400BC46D3E700260827BC46CFE729784C29F4
:100924001AD01A99073121F0070101F108061A9625
:10093400D1E90067073424F0070440B1211A0831D3
:10094400514513D829784C2913D0C4E900670834D9
:1009540000260827BC4634E71A99073121F007011D
:1009640001F108061A96D1E90067E3E76FF01B006E
:10097400BCE0C4E90067EAE700260427BC469DE71B
:10098400324600260427BC4698E7E14680461A9A78
:10099400111D1A9112680292079A1D4698E6624B3D
:1009A400029A9A4204D3614B9A420AD3002300E08C
:1009B4000023002B7FF496AE059B03F00202002077
:1009C40095E60123F5E7069B01330693B4E610B1DF
:1009D4000AF1010AB0E6009B13B10AF1020AABE680
:1009E4000298FFF7CFFB0AEB000303F1020AA3E628
:1009F4001A990D1D1A95096800B121600434E0E6C6
:100A04008046231AB3F5806F80F0858090B1002270
:100A140002609B080370009B83B1069BC370049B18
:100A240088F802301BBB019DDDF80C90DDF810B096
:100A3400029F3DE05344A3F1080057E0069B437036
:100A4400EDE701339842EED903F140026A4412F80B
:100A5400101C12F9102C002AF3DA01F07F01A4EB28
:100A640008020132524559D804F8011BE9E7019BF9
:100A74000398E7E7009B43B305F140036B4413F885
:100A8400203C04F8013B019EA4EB080333440133EA
:100A9400534546D805F140036B4413F8103C04F861
:100AA400013B32463946204609F077FC344401358F
:100AB400A94519D9BBF1000FDCD005F140036B4403
:100AC40013F9103C002BD5DAF1E705F140036B4430
:100AD40013F8103C58F82370002248F823203846B5
:100AE400FFF750FB461CCFE7A4EB080011B0BDE8AC
:100AF400F08F6FF00D00F9E76FF01B00F6E76FF071
:100B04001B00F3E76FF01500F0E76FF01500EDE759
:100B14006FF01500EAE76FF01500E7E76FF01B00D0
:100B2400E4E76FF01B00E1E704A500006CB60000E9
:100B34002DE9F04F97B000AF8346BA613B61D7F817
:100B44008030C3F3C0033B62F96011B906F05BFC6B
:100B5400F8609BF80260B14636B1D7F8803013F0E4
:100B6400010F0DD1002300E000239BF803207A62DB
:100B740042B1D7F8802012F0020F22D1002202E005
:100B84000123F2E7002202B9EBB19BF80050AA005E
:100B9400BA60DBF804207A610BEB8505BA69F2B11F
:100BA400002B40F00481B9F1000F00F00F81D7F859
:100BB400803013F0040F40F00D810020F8610646E8
:100BC400F9E00122DFE7BB691BB13A69F9685846CD
:100BD4009847FC6820465C37BD46BDE8F08FFC684A
:100BE400E3B94D4400233B6123E00444013501365D
:100BF4004E451AD22A7800235BF822201946B86998
:100C040006F016FCBAF1000FEFD0D7F888309845FB
:100C1400EBD22AF8180008F10108E6E70026C7F825
:100C24001C80B046D7F884A0E2E7C7F81080D7F854
:100C34001C80D7F8803003F00503FB604FF0000AF6
:100C4400A146C7F81CB09CE000253B6A7BB9002D87
:100C540079D0D7F8803013F0010F79D1FB68002BDD
:100C64006FD10223A9EB030988E00125EDE759467A
:100C7400786906F023FC0028E9D06C46002387F845
:100C84002C30022387F82D308AB0694611F1100206
:100C940037D012251AB1042D01DDB34B4B6100236B
:100CA40087F82830022387F829306ABB112D45DDE7
:100CB400122362B1042087F82C00002087F82D004D
:100CC40087F82E00012087F82F00F86A08616FF377
:100CD40000086FF341086FF382086FF3C50802211F
:100CE40061F38818C3F30A0363F353286FF31F589F
:100CF400002341469D4800F05BFDA546A9F1020989
:100D04003CE06FF00045C5E72B46082D01DD78690E
:100D140088610C2B01DDC1F81CB001F12003002017
:100D240009E000F1300C07F1280EF4441CF830CC33
:100D340003F801CB01300128F3D9B7E76FF01B03A7
:100D4400B7E701238EE7D7F8803013F0020F15D0F0
:100D5400002322461946B86906F06AFBD7F88430A6
:100D640053B13B69D7F88820934205D2D7F8842041
:100D740022F8130001333B61013881440AF1010A6E
:100D840035467B6A9A4510D22E4616F802BB6B781C
:100D9400FA6952F82340764B9C42FFF455AF754BE9
:100DA4009C42FFF462AF00254FE74C4612E707F17F
:100DB40044000023FB6118B14A46294609F0EDFAC4
:100DC4004D444FF00008C7F804901EE00020F8617D
:100DD4000646F0E7FE6107F134000026EBE7002544
:100DE4003B6A33BB002D3BD0D7F8803013F0010FA2
:100DF40026D0731C06F1300207F12801561806F8B4
:100E0400149CDEB208F1010825467B6A98454AD253
:100E14002C4614F802AB95F801905BF82930544A3B
:100E24009342DCD3534A934201D30025D8E70125EA
:100E3400D6E75146786906F041FB0028D2D0E1E7B5
:100E4400D7F8803013F0040FDCD0FA69531C303229
:100E540007F128010A4402F8249CDBB2FB61D1E7C4
:100E6400D7F8803013F0020F09D0731C06F130025A
:100E740007F12801561806F8149CDEB2C2E7F86997
:100E8400431C00F1300107F128028A1802F824AC4F
:100E940002460232D2B2FA6107F1580252FA83F3DF
:100EA40003F8249CAEE7D7F804909BF8003087F849
:100EB40054309BF80130334487F85530D7F88030EC
:100EC40013F0020F0ED1FB69C3F3470387F85730C1
:100ED400D7F8803013F0010F06D113F0040F3ED180
:100EE400002302E00023F1E7002387F85630DBF803
:100EF40000003863786DCBF80000D7F810804246C4
:100F0400B9685846D7F818A0D047041EFFF662AE59
:100F1400386BCBF80000C7F810804246F96907F136
:100F24003400D04700285EDB04EB0008B96849446C
:100F34007B6A01EB4301D7F810904A46FB68591AC3
:100F44002846D047041EFFF645AE08EB04054FF0D3
:100F54000008C7F824B0B3465446CA4621E0FB69EA
:100F6400C3E74FF0000909E0ACA9000078A800002D
:100F740004A500006CB600004FF0000952460121A0
:100F840007F12C00A04700282FDB05444B463246CE
:100F94005146204606F04CFA002828DB054408F1A7
:100FA4000108D84518D208F1300307F12802134488
:100FB40013F8143C87F82C307A6A52F82360D7F877
:100FC4008430002BCDD0D7F888309845D4D2D7F8C8
:100FD400843033F81890D1E73A6900210846BB6998
:100FE40098472C46F6E50446F4E50446F2E5044643
:100FF400F0E500BF014B1860704700BF00000020FF
:1010040080B505460E461746984605F0A1F80346F6
:1010140009F06CFA0446DFF8189049F800304246AB
:1010240039463046A84754F8090001F09FFC00BF38
:10103400080000002DE9F04383B004460846154635
:10104400A38B13F0080F05D103F0070600230093C8
:10105400019354E0012909D043F02003A38385F3CD
:101064001188BFF36F8F03B0BDE8F08343F0100322
:10107400A383F4E7204606F084FD42E0D4F81890F8
:101084004A466946204606F095FD4FF00008A38BBA
:1010940003F00707B74269D0A268002A66D001228C
:1010A40043F00803A38385F31188BFF36F8F002AED
:1010B40064D1009B2BB14B463A466946204606F064
:1010C400F2FDB8F1000F02D034492046C047EFF3D7
:1010D4001185202383F31288BFF36F8FA38B23F032
:1010E4000803A383A38B13F0100F4DD023F0100338
:1010F400A3830120A68B06F007060028AFD00228A0
:10110400B8D00028ABD0013804282BD801A353F859
:1011140020F000BF81100000691100002D110000B3
:1011240041110000551100002369D3F80080062105
:10113400204606F0FCFC4FF00009A8E72369D3F829
:1011440004800421204606F0F2FC4FF000099EE7DB
:101154002369D3F808800521204606F0E8FC4FF007
:10116400000994E74FF00008C14690E7009A0AB1DD
:10117400002295E7B8F1000F92D1B3E74A46394609
:10118400204606F0DCFC94E713F0200F04D023F093
:101194002003A3830220ADE70020ABE7D97C000045
:1011A40038B505460B4C00E010340B4B9C420FD273
:1011B40063685B79002BF7D02946204606F054FE7D
:1011C4000028F1D023681B68294620469847EBE79E
:1011D40038BD00BFC0A80000D0A8000070B5064606
:1011E4000D46084C04E02A46314620469847103400
:1011F400054B9C4204D223689B69002BF3D1F6E78C
:1012040070BD00BFC0A80000D0A800002DE9F041C7
:10121400074605460AE007EA0807144B03EB0613E2
:101224005B6804221968204606F068FED5B195FA79
:10123400A5F6B6FA86F60D4C04EB06140123B3406A
:101244006FEA030825EA0305237B002BEED0330164
:10125400064AD3581B69002BDDD020469847002846
:10126400E4D1D8E73846BDE8F08100BFC0A800004B
:101274002DE9F04180460F461D4BD3E8EF5F6A1C11
:10128400C3E8E12F0029F8D16DBB1A4C002607E012
:10129400636804221968204606F030FE01361034D3
:1012A400154B9C4211D2237B002BF7D0204606F02D
:1012B400CFFD23681B69002BEAD0204698470028FD
:1012C400E6D00123B3401D43E8E7B8F1000F0BD08B
:1012D40055B12846FFF79AFF0546002FF8D00A209B
:1012E40006F0C8FDF4E700252846BDE8F08100BFFC
:1012F4009C090020C0A80000D0A8000008B5064B37
:10130400186018B1054B1B68092B00DC08BD0448A4
:1013140004F082FAFAE700BF90090020980900203F
:101324007401002008B5024804F076FA08BD00BF35
:101334007401002030B589B000220F490F4809F02C
:101344000DF80F4D00220023CDE906230024049458
:101354000E2303930294019400940A4B4FF44072B9
:101364000949284608F01CFE0849284604F0CEFA2C
:10137400204609B030BD00BF2913000040060020FC
:1013840088010020DD1600000813002064AA000074
:10139400014B53F82000704780AA000048B108B5FB
:1013A400054A1060054B1960084600F0F5FC002062
:1013B40008BD6FF015007047040000208C09002060
:1013C40008B5054B1B781BB1034B01221A7008BDED
:1013D400024804F021FAF7E7F81200207401002013
:1013E40008B50C4BD3E8EF1F0131C3E8E21F002A14
:1013F400F8D130B9084808F0BDFF084804F00CFAE9
:1014040008BD074BD3E8EF1F0139C3E8E21F002AE8
:10141400F0D0F7E794090020400600207401002072
:1014240098090020044B00200146D3E8EF0FC3E8DD
:10143400E21F002AF9D170479409002038B5FFF75C
:10144400F1FF0546094C00E01034094B9C420BD2D5
:1014540063685B79002BF7D023685B68002BF3D0BB
:10146400294620469847EFE738BD00BFC0A80000D2
:10147400D0A80000034B18680028D4BF0020012026
:10148400704700BF9409002010B5044C044920465D
:1014940006F0A8F9034B1C6010BD00BFE400002057
:1014A4006CAA00008809002008B500230C4A1370B8
:1014B4000C4A13600C4A13604FF400410B48FFF7C9
:1014C4006DFFFFF7E1FF0A4A06E0094BD31A1B112F
:1014D400013351680B711032064B9A42F5D308BDA3
:1014E400F91200209409002098090020717E000060
:1014F400C0A80000D0A8000008B50146014806F0C5
:10150400CFFC08BDE400002008B5024806F04DFAFF
:1015140008BD00BFE400002008B50146024B18686E
:1015240006F0C4FC08BD00BF8809002008B50248C5
:1015340006F0C0FC08BD00BFE400002010B582B076
:1015440000220023CDE90023264B187808B902B005
:1015540010BD684606F0C6FC044660B1FFF720FEE5
:101564002046FFF7D9FF204BD3E8EF1F0139C3E82A
:10157400E21F002AF8D1FFF77DFF58B91B4A136810
:10158400516813F57A7341F1000113605160FFF75C
:10159400CDFFDCE708F0D3FE4A0142EAD062430102
:1015A4001B1A62EB0102920042EA93729B001B1821
:1015B40042EB0102D20042EA5372C3F3103343EA0E
:1015C4004243D20B0948016840685B1A62EB00028F
:1015D40040F2E9318B4272F10002CFD3FFF72EFFC4
:1015E400CCE700BFF812002098090020380600203C
:1015F4000F4B1B7803B1704710B500210120FFF792
:1016040037FE0C4C00E010340B4B9C4208D263684C
:101614005B79002BF7D023689B6820469847F2E754
:10162400FFF78CFF0028FBD1014B01221A7010BD7B
:10163400F9120020C0A80000D0A8000010B582B0A4
:10164400184BD3E8EF2F511CC3E8E01F0028F8D152
:10165400154B1B7863B9154B1B68B3B1BAB1092A92
:1016640013D1134808F086FE124804F0D5F80CE0B4
:10167400EFF31184202383F31288BFF36F8FFFF7F6
:101684005DFF84F31188BFF36F8F02B010BD002299
:101694000023CDE900234FF400420023044805F061
:1016A4009FF8F2E798090020F91200209009002021
:1016B400400600207401002010B50446044B1B684A
:1016C4009847A0602146034806F010FC10BD00BFF7
:1016D40004000020E40000202DE9F0410021084628
:1016E400FFF7C6FD804650B140F26766002708F058
:1016F400FDFE154B1858FFF701FE002515E04FF0CD
:10170400FF364FF0FF37F2E74046FFF77FFD804694
:1017140070B94FF0FF364FF0FF3709E02C463246E0
:101724003B460A4804F0BCF82546B8F1000FEBD15B
:10173400FFF704FF04460028F6D1002DEED0002167
:101744000846FFF74BFDEAE708000000740100209B
:101754000248034BC01AC008704700BFC0A800006D
:1017640068A8000010B50C46FFF7F2FFA04203D9A9
:10177400024B53F8340010BD0020FCE768A80000B9
:1017840000B589B0059206930023079362B1074A16
:101794000C9B02930B9B01930A9B009305ABFFF7F1
:1017A400C7F909B05DF804FB0022F1E7177F0000D8
:1017B4002DE9F04F8BB004AF05461E468846C1F3B1
:1017C4004A24002C00F0898091460022FA603A6194
:1017D4007A6104230293FB1801930A23009307F10F
:1017E4000C0321464846FFF7A3F9B0F5006F58D320
:1017F400D9F804106D4600233B7302237B738AB02F
:1018040004AC14F1100217D012201AB1042801DD1F
:101814003B4B636100233B7002237B70CAB10346D8
:10182400082800DDA1610C2B02DD40F2FF73E361A7
:1018340004F1200300210AE06FF00040E5E701F124
:1018440018063E4416F8186C03F8016B013101299F
:10185400F5D9112822DD122342B104213973002164
:101864007973B9730121F973F868206100216FF36A
:1018740000016FF341016FF382016FF3C501022090
:1018840060F38811C3F30A0363F353210023C1F304
:1018940013011C4806F0B0FBAD462DE06FF01B03AE
:1018A400DAE760F35328C0F30A0A0AEB185017303A
:1018B40020F007008008FFF71FFE8346B0B1042321
:1018C4000293FB1801930A230093534600F110027C
:1018D40021464846FFF754FF08E004EB115417343F
:1018E40024F00704A008FFF707FE83463346424668
:1018F4002946584606F023FB1C37BD46BDE8F08F49
:10190400A0AA000088A800002DE9F04F85B0804609
:101914000D4617461E46DDF838B0DDF84090B9F1A3
:10192400000F41D0119B039300934B460F9A102153
:101934000020FEF7A3FEB0F5006F2DD282460BEB1C
:101944000003173323F0070300246FF300046FF33D
:1019540041046FF3820468F3C50467F3881460F3E9
:1019640053246BF31F549808FFF7C6FD074650B184
:101974001030B9F1000F06D0119B00934B460F9A1B
:101984005146FEF77BFE334622462946384606F08A
:10199400D6FA05B0BDE8F08F40F2FF73034A022186
:1019A400034806F01EFBF4E70020C7E7E0AA0000A6
:1019B40088A80000406820B1034BC01A40F3CF0050
:1019C40070474FF0FF30704768A800000EB400B5B0
:1019D40082B0014603AB53F8042B0193034801F092
:1019E400C3FA02B05DF804EB03B070473380000023
:1019F40010B584B011F0440F05D01A4B1B6833B9ED
:101A0400002004B010BD1849FFF7E0FFF9E71749BB
:101A14000968B2FBF1F2B2FBF3FC03FB1C224FF4A6
:101A24007A7E0EFB02F2B2FBF3F403FB14210EFBED
:101A340001F1B1FBF3F10E4AA2FB0C32D20A4FF4CE
:101A4400616303FB12CC0B4BA3FB0CE35B09029118
:101A54000194C3EB0311ACEB810100910649FFF73C
:101A6400B5FFCEE7A409002018AB0000A0090020B0
:101A7400C5B3A2918988888824AB000061B108B5F8
:101A84002AB1064A52F8232012B9054A00E0044A52
:101A94000449FFF79BFF08BD704700BFC0AB0000BF
:101AA40040AB000048AB00002DE9F0410546174665
:101AB400069EDDF81C8081B900242EB132461149FE
:101AC4002846FFF783FF0444B8F1000F14D06FB128
:101AD400099B042B13D00C4909E00C4B099A53F8C9
:101AE40022200B49FFF772FF0446E6E70649424607
:101AF4002846FFF76BFF04442046BDE8F081054902
:101B0400F5E700BF60AB000050AB0000D4AB0000B1
:101B140058AB00004CAB00002DE9F04F87B00546F0
:101B24000C46049205939DF84C7001F0020B01F0F1
:101B3400010AC1F3C00801F4807906F0DDF918B395
:101B4400024616492846FFF741FF0646BBF1000F3F
:101B54001CD13A465146284606F090FAB9F1000FD6
:101B640001D0002311930397129B0293119B0193BD
:101B7400109B00930023049A41462846FFF794FFE4
:101B8400304407B0BDE8F08F0026DFE7059A214610
:101B94002846FFF72DFF0644DBE700BF44A90000F9
:101BA40011F0100F0BD108B511F0200F03D0044928
:101BB400FFF70CFF08BD0349FFF708FFFAE770477A
:101BC400A0AC000038B500002DE9F04105460F46F1
:101BD400164698460699FFF7E3FF0024444505DAC4
:101BE40024492846FFF7F2FE0134F7E7002409E010
:101BF40020492846FFF7EAFE0BE01F492846FFF775
:101C0400E5FE01340F2C0CDC002C02DD14F0070F70
:101C1400EED0B442F1D23A5D18492846FFF7D6FE19
:101C2400EFE717492846FFF7D1FE002409E01149E0
:101C34002846FFF7CBFE0BE012492846FFF7C6FE05
:101C440001340F2C13DC002C02DD14F0070FEED04E
:101C5400B44207D23A5D0C4B9B5C13F0970FEBD167
:101C64002E22E9E703492846FFF7B0FEE8E7BDE87E
:101C7400F08100BF5CAB00006CAB000064AB000003
:101C840070AB000074AB00005DB500002DE9F041BD
:101C940084B004469DF82C500C9F0E9E95B9012BE0
:101CA4001ED019484FF0000827B13B462246174979
:101CB40005F0D4FBC6B905BB204606F0A1F904B073
:101CC400BDE8F08103950A980290019300920B46B7
:101CD40000220F992046FFF71FFF80460C48E3E7D8
:101CE4000B484FF00008DFE70F9B00934346324652
:101CF4000D99204606F0DAF9DDE72A460F992046C9
:101D040006F0C8F9D8E700BF638000006D2F00001B
:101D1400338000002DE9F04383B00646056842F2A3
:101D24000F738B4228BF0B46184A0521684604F0FE
:101D340029FF04467368D3F804900B27DFF850801A
:101D440005E04A4639464046A8473F1A8044002FDA
:101D5400F7D17368D3F804806F4605E04246214604
:101D64003846A847241A0744002CF7D173685F68E3
:101D74001B24084E05E03A4621463046A847241A5B
:101D84000644002CF7D103B0BDE8F083D8AD0000C1
:101D940094AB000078AB0000074B01221A6004E00A
:101DA4004008054A13685B001360044B9842F7D857
:101DB400034B1860704700BFA009002040420F0089
:101DC400A409002070B506460D46002405E0315DE7
:101DD40004488368DB6998470134AC42F7D328464A
:101DE40070BD00BFBCA50000014B0360002070471C
:101DF4003CAC000008B5034805F08DFB024805F033
:101E04008AFB08BD3CAC000074AC000008B5024875
:101E140004F076FD08BD00BFA4AC0000B0F5680F67
:101E240017D00CD840F6BA63984214D0B0F5683F86
:101E340013D03A2801D00120704700207047094B85
:101E440098420CD0084B984201D0012070470020E2
:101E54007047002070470020704700207047002022
:101E6400704700BF3A00003A2C5F5CA928B308B55C
:101E74004368B3F5683F0AD0B3F5680F14D012492C
:101E84008B421FD0006803F071FC002014E003684B
:101E94000022D3E8EF1F012903D1C3E8E02F002873
:101EA400F7D10DD1104607E003681B7803F5807362
:101EB4000020064A42F8230008BD6FF4E040704752
:101EC4000348F9E70348F7E72C5F5CA900000350D7
:101ED400E98FFFFFEA8FFFFF88B308B54368B3F5C6
:101EE400683F0FD0B3F5680F19D016498B4224D040
:101EF40000684FF0FF324FF0FF3303F0B7FB68B1D7
:101F040011480BE003680122D3E8EF1F002903D135
:101F1400C3E8E02F0028F7D10BD1002008BD0368E7
:101F24001B7803F58073094A52F823301BB900204B
:101F3400F4E70548F2E70448F0E70548EEE76FF4F4
:101F4400E04070472C5F5CA9E98FFFFF000003505D
:101F5400EA8FFFFF10B50446A8B16368B3F5683F84
:101F640010D0B3F5680F0DD00D4A93420AD013F484
:101F7400686F0DD021680B4807F053FF00232360DE
:101F8400074B636010BD084B5B6808489847E4E75B
:101F9400236800221A605A609A60DA601A61EFE7D7
:101FA4002C5F5CA9D00E00207C000020ACAC0000AB
:101FB40010B5044668B36068B0F5683F28D0B0F542
:101FC400680F25D0174B984228D0FFF727FFC0B1E0
:101FD4004FF0FF324FF0FF332146134803F014FB58
:101FE40008B923681BB9114B5B68114898472368EB
:101FF40000221A605A609A60DA601A614FF46863CA
:102004006360206807F08EFF636843F03A036360FF
:1020140010BD064B5B6807489847CCE72368002B44
:10202400D3D1D5E72C5F5CA9D00E00207C00002022
:10203400D4AC0000ACAC000008B540231422044921
:10204400044807F0DFFE0449044804F0CBFC08BD53
:10205400D0090020D00E002004AD000018AD00000F
:102064002DE9F04182B000AF0446D0F800E0D0F88A
:1020740004C085686E468AB06B4613F1100200F006
:10208400888014218AB10846042903DDDFF81C8105
:10209400C3F81480082801DDC3F818E00C2801DD1A
:1020A400C3F81CC0102800DD1D62132974DD14253B
:1020B4003AB10521397100217971B971F9717868E2
:1020C400186100216FF300016FF341016FF3820186
:1020D4006FF3C501012363F38811C5F30A0565F3A2
:1020E40053216FF31F5100233148FFF761FBB546BD
:1020F400D4F80CC026696569E8468AB06B4613F1CA
:1021040010024CD0142182B10846042903DDDFF803
:10211400A4E0C3F814E0082801DDC3F818C00C28B3
:1021240000DDDE61102800DD1D6213293ADD14256F
:102134003AB10521397100217971B971F971786861
:10214400186100216FF300016FF341016FF3820105
:102154006FF3C501012666F38811C5F30A0565F31B
:1021640053216FF31F51124D00232846FFF720FB24
:10217400C546E369104A3146284605F032FFA36993
:102184000E4A3146284605F02CFF0837BD46BDE807
:10219400F0816FF0004175E76FF01B0588E76FF081
:1021A4000041B0E76FF01B05C2E700BF28AD000097
:1021B400A8A8000058AD000088AD000098AD00004C
:1021C40038B504460D4611B10846FFF749FF012C06
:1021D40004D02946204602F0A5FF38BDEFF305835D
:1021E400103B034A0121034805F0FBFEF1E700BF61
:1021F400C8AD0000A8A8000030BFFFF7FDBF00BFB6
:1022040038B50446054D2A46054908F0C6F8054A7E
:102214000021601908F0E8F838BD00BF0000000094
:1022240014A900000400000070B50646064D074BD3
:102234001D444C1B2046FFF7E3FF083CC6F8A440AE
:1022440005F1080070BD00BF00000000040000009C
:10225400054B5A699B689A4204D0044A536843F078
:1022640080535360704700BFE010002000ED00E091
:1022740081690D4B5A6942F480725A61BFF34F8FE2
:10228400BFF36F8F31F8021C5A6922F480725A61CD
:10229400BFF34F8FBFF36F8F4DF60273994201D096
:1022A400002070470120704700ED00E04FF0000C63
:1022B40083F800C002F07F4CBCF17F4F14D102F0D0
:1022C4000C0CBCF1080F04D012F0080F09D008461A
:1022D400704708B5054A0121054805F078FE00203D
:1022E40008BD01221A70704700207047DCAD000061
:1022F400A8A8000008B5314A0121314805F067FE5D
:10230400304B9B6A13F0007F26D11D202D4B9B6A16
:1023140013F0807F27D12B4B9B6A13F4801F29D1A4
:10232400284B9B6A13F4002F2BD1264B9B6A13F482
:10233400802F2DD1234B9B6A13F4003F2FD1214BC7
:102344009B6A13F4803F31D11E4A936A6FEA0343B8
:102354006FEA1343936208BD1B4A0121184805F034
:1023640036FE1E20D2E7194A0121154805F02FFE3A
:102374001F20D0E7164A0121114805F028FE02204B
:10238400CEE7144A01210E4805F021FE2120CCE7B6
:10239400114A01210A4805F01AFE2220CAE70F4A11
:1023A4000121074805F013FE2320C8E70C4A012148
:1023B400034805F00CFE2420C6E700BF08AE000069
:1023C400A8A8000000ED00E020AE000034AE00003C
:1023D40050AE00007CAE00009CAE0000C4AE000015
:1023E400E0AE000008B500230B70034A0121034846
:1023F40005F0EDFD08BD00BF0CAF0000A8A800006B
:1024040090B583B000AF0F2923DC2F4C1039002383
:102414003B7102237B718AB0EC461CF110021AD086
:10242400122022B1042802DD284BCCF814300023FA
:102434003B7002237B70E2B10346082801DDCCF82F
:1024440018400C2B01DDCCF81C100CF120030021EA
:102454000DE01F4CDAE76FF00040E2E701F10804F9
:1024640004EB070E1EF808EC03F801EB0131012917
:10247400F4D9112824DD12234AB104213971002131
:102484007971B9710121F9717868CCF810000021D3
:102494006FF300016FF341016FF382016FF3C50124
:1024A400012060F38811C3F30A0363F353216FF32C
:1024B4001F5100230748FFF77BF90C37BD4690BD39
:1024C4006FF01B03D8E700BF30AF000064AF00001B
:1024D40048AF0000A8A80000F8B505460F4614460A
:1024E400394A0121394805F072FD394B9B6A13F0D2
:1024F400100F31D11026364B9B6A13F0080F32D1DE
:10250400334B9B6A13F0020F34D1314B9B6A13F0A7
:10251400010F4BD12E4B9B6A13F0200F4DD12C4B46
:102524009B6A13F0100F01D1294B9B6A284B9B6ABD
:1025340013F0200F04D0264A536A23F40053536245
:10254400234A936A43F0FF0393620121284605F06E
:102554004AFE20703046F8BD1E4A01211B4805F092
:1025640036FD1126C7E71C4A0121184805F02FFD46
:102574001226C5E7194A0121144805F028FD144A1A
:10258400536B926A12F0800F01D11326BDE7144AEF
:1025940001210E4805F025FD37B10D4A936A23F059
:1025A400800393621326B0E71326AEE70D4A012198
:1025B400064805F00CFD1426ACE70B4A012103483C
:1025C40005F005FD1526AAE778AF0000A8A80000CD
:1025D40000ED00E090AF0000C4AF0000D8AF0000F1
:1025E400F0AF000008B0000028B00000F8B50546C0
:1025F4000F461446374A0121374805F0E8FC374BAB
:102604009B6A13F4805F25D11626344B9B6A13F41E
:10261400006F26D1314B9B6A13F4007F28D12F4BD6
:102624009B6A13F4806F3FD12C4B9B6A13F4807F19
:1026340041D12A4B9B6A13F4005F43D1274A936A22
:1026440043F47F4393620121284605F0CCFD2070BA
:102654003046F8BD224A01211F4805F0B8FC172670
:10266400D3E7204A01211C4805F0B1FC1826D1E724
:102674001D4A0121184805F0AAFC184A936B926A76
:1026840012F4004F01D11926C9E7184A0121124852
:1026940005F0A7FC37B1114A936A23F4004393620F
:1026A4001926BCE71926BAE7114A01210A4805F0A0
:1026B4008EFC1A26B8E70F4A0121074805F087FC6B
:1026C4001B26BBE70C4A0121034805F080FC1C26AD
:1026D400B4E700BF58B00000A8A8000000ED00E077
:1026E40070B00000C4AF000084B00000A0B00000CF
:1026F400B8B00000D4B0000028B0000070B50646A1
:102704000D462B4A01212B4805F061FC00232B7058
:10271400294BDC6A14F002040AD1274BDB6A002B34
:102724000DDB254BDC6A14F080440ED1204670BDCD
:10273400224A01211F4805F04AFC0024F6E7204AFA
:1027440001211C4805F043FCF0E71E4A0121194809
:1027540005F03DFC3046FFF78BFD98B9164B9B6A9C
:1027640013F0FF0F16D1144B9C6A14F47F4418D154
:10277400114B9B6AB3F5803FD8D33046FFF7BAFDBF
:102784000446D3E73368104A01210A4805F029FCBE
:102794003468CBE72A4601213046FFF79DFE044604
:1027A400C4E72A4601213046FFF720FF0446BDE76F
:1027B400ECB00000A8A8000000ED00E004B10000A7
:1027C40028B1000038B1000058B1000030B58BB01A
:1027D4001F4B5D68C5F30805002383F31188BFF31D
:1027E4006F8F0DF12603FFF761FD04460DF12702FB
:1027F400294605F0FAFC9DF827300BB10BB030BD2B
:1028040005460DF1040C20686168A268E368ACE831
:102814000F0020696169A269E369ACE80F009DF8C3
:1028240026304BB1089BC3F308025AB96FEA53230D
:102834006FEA4323089305E0089B23F4FF7323F016
:102844000103089301A92846FFF7BAFCD6E700BFA5
:1028540000ED00E0064B5A6942F010025A615A69D1
:1028640042F480625A615A6922F008025A61704740
:1028740000ED00E0EFF30880EFF3098101B5724643
:10288400FFF7A4FF01BD00BF002080F31488BFF34D
:102894006F8F002080F30A8880F30B88104880F340
:1028A400088800200F49087001F046FE00200E49F8
:1028B4000860BFF34F8F00F02FF8202080F31188B9
:1028C4000A484FF40061401880F30988EFF314803C
:1028D4000221084380F31488BFF36F8F00F0E4F8FB
:1028E400482300200013002094ED00E00816002087
:1028F400084BD3F89000C0F30720002306E0054AF4
:10290400C2F898300021C2F8A01001338342F6DBEC
:10291400704700BF00ED00E010B572B6002484F3E8
:102924001388FFF7E5FF234608E003F120010E4A70
:102934004FF0FF3042F821000133DBB20F2BF4D902
:10294400002308E003F16001074A4FF0FF3042F82A
:1029540021000133DBB20F2BF4D962B6BFF34F8FE2
:10296400BFF36F8F10BD00BF00E100E008B50A4B54
:102974009B68834202D003F0F1FB08BDEFF30583AB
:10298400002BF8D0054B5A6842F080525A605A6ABC
:1029940022F400425A62EEE7E010002000ED00E06D
:1029A40016498A684FF030001044EFF3098C80E830
:1029B400F01F202080F31288BFF36F8F104F4FF069
:1029C40000664A698A603E60D2F8A4000D4C20601B
:1029D400D2F8A8000023C2F8A83080F3118802F1CD
:1029E400300090E8F01F8CF3098802F1000004B570
:1029F40005F031FCBDE8044070470000E010002001
:102A040004ED00E0F00E00201EF0040F0CBFEFF305
:102A14000880EFF30980816911F8021C0229FFD0B4
:102A240001B5724605F0D3FB01BD00BF002807DBEA
:102A340000F01F02400901239340024A42F820306B
:102A4400704700BF00E100E0002808DB4901C9B27B
:102A540000F1604000F5614080F80013704700F019
:102A64000F004901C9B2014B1954704714ED00E03D
:102A74004209054B53F8222000F01F00012303FAFA
:102A840000F01040704700BF00E100E0044B23F069
:102A94007F03044A9360BFF34F8FBFF36F8F704778
:102AA4000000000000ED00E008B5FFF7EFFF074A63
:102AB400D2F8883023F47003C2F8883002F0F4FCB2
:102AC40003F0B2FC00F04EF802F04AFD00ED00E025
:102AD40010B4A2F120040E4942F8081C21F00101AF
:102AE40042F8081C42F8203C019B42F81C3C029B23
:102AF40042F8183C039B42F8143C4FF0807342F8B0
:102B0400043C04650023C0F8A83010BC704700BF23
:102B14000510000000B50E4615460B4B9860D0F822
:102B2400A4200A4B1A60D0F8943083F30B882C4607
:102B340086F309880020064B98472046002100228E
:102B44000023044C204700BFE0100020F00E0020BA
:102B54006582000005100000014B10221A617047C5
:102B640000ED00E0002207E003F1604303F5614358
:102B7400202183F800130132442A09DC53B2002BCC
:102B8400F2DA03F00F030349194420230B76F2E72A
:102B9400704700BFFCEC00E008B5EFF30583103B81
:102BA400044A02EBC301496852F833008847FFF72F
:102BB4004FFB08BDDCA5000010B584B00A4C2346C9
:102BC4000A4A01210A4805F05DFC0023019302939F
:102BD4000393084B0193E41A0294012101A805F020
:102BE40055FC04B010BD00BF000007200000002009
:102BF40074B1000088010020024B034AC3F8C020CE
:102C0400704700BF00ED00E0AAFF4400034BC3F887
:102C14009800C3F89C10C3F8A020704700ED00E0B2
:102C24000E4BC3F89800C3F89800D3F89C000A7AB6
:102C340060F304020A72D3F8A020C2F34202087AB5
:102C440062F347100872D3F89C2022F01F020A6036
:102C5400D3F8A03023F01F03CB60704700ED00E0F1
:102C640070B505460E46002400E00134A6421EDD80
:102C740004EB44039A0005EB830359680029F4D05C
:102C8400A85805F059FB04EB84030B4A42F82300CF
:102C940010F1160F0CD0094B1B78984209DA04EB9B
:102CA400840302EB83010431FFF7BAFFDDE7002060
:102CB40070BD6FF01500FBE7F40E0020FA1200203F
:102CC40010B504460A4BD3F89030C3F30723013BF5
:102CD400984203D805F00AFB204610BD0346054A76
:102CE4000121054805F07DF96FF01500F5E700BFF7
:102CF40000ED00E084B10000A0A800002DE9F04F31
:102D040087B08146009101931446002648E033467B
:102D1400614A0121614805F064F96FF0150407E088
:102D24003B465F4A01215D4805F05BF96FF01504ED
:102D3400204607B0BDE8F08FD84564D12946C0B21B
:102D440005F00BFB2BE0574AC2F89870D2F89C3080
:102D540003F01F0321F01F010B43C2F89C302946E6
:102D6400E0B205F0FAFA044610F1160FE0D001348F
:102D740015E0013B4B49C1F89870D1F8A02002F04E
:102D84001F0223F01F031343C1F8A0302946E0B209
:102D940005F0E3FA044610F1160FC9D001340136E8
:102DA400009B9E42C4DA06EB46054FEA850A09EB0E
:102DB40085056F68002FF2D0019B23B1284605F0EA
:102DC400A9FA0028A3D0394659F80A0005F0B4FA44
:102DD400074610F1160FA3D08442A1DD314BC3F88E
:102DE4009800D3F89C2022F01F02C3F89800D3F86F
:102DF400A03043F01F0859F80A306968194401F1FA
:102E0400FF3B934298D093429DD0D845B1D0013B2B
:102E14002449C1F89870D1F8A02002F01F0223F0D1
:102E24001F031343C1F8A0302946E0B205F095FA18
:102E3400044610F1160F3FF47BAF0130194BC3F871
:102E44009870D3F89C109DF8102061F304028DF85B
:102E54001020D3F8A030C3F34203D2B263F3471275
:102E64008DF8102059F80A306A681344029323F04D
:102E74001F03A8EB0B084344013B23F01F030593F6
:102E840002A9C0B2FFF71CFF044610F1160F3FF46D
:102E94004FAF013483E700BFACB10000A0A800002D
:102EA400D0B1000000ED00E010B5034C01232278FE
:102EB400FFF724FF207010BDFA120020044B0522F6
:102EC400C3F89420BFF34F8FBFF36F8F704700BFD9
:102ED40000ED00E0BFF35F8F024B0022C3F89420A3
:102EE400704700BF00ED00E038B51C4B1D681C4B5B
:102EF400D3F89030C3F307239D422BD8FFF7EAFFA2
:102F0400FFF77AFE002407E0144B596801EB041123
:102F1400204605F0EBF90134A542F5D811480570B7
:102F240005F03AFA10F1160F13D00E4B1A780C4B29
:102F3400D3F89030C3F307239A4207DA084BC3F857
:102F440098200021C3F8A0100132F0E7FFF7B6FF84
:102F5400002038BD4FF0FF30FBE700BFF4B10000A4
:102F640000ED00E0FA12002030B587B00D4611469E
:102F7400002400940194029403940494059402227E
:102F84008DF80220044A0192049005951A46684679
:102F940003F024FE07B030BD9984000008B5024B4D
:102FA4001B689847002008BD080F0020034B1860D9
:102FB400034A937843F0020393707047080F00208C
:102FC4003000002008B5064921F00701C1F1005284
:102FD40002F5E022034804F08AF9002008BD00BF8E
:102FE4004F2300200C0F002068B108B5064A074B98
:102FF4001B680749A1FB03139B0C00FB03F042F081
:103004000103984708BD704730A900005000002014
:1030140083DE1B4338B51A4B1B780133194AA2FBD4
:10302400031202F4FE7101EB92029C1AE5B206F05F
:1030340036FA154B1B782BB1144A52F82530C01AB6
:1030440007281AD94FF05023D3F8143163B14FF045
:1030540050230022C3F81421D3F81431084B1D70F7
:1030640015B9094B01221A70054B1C7806F017FAA2
:10307400064B43F82400012038BD0020FCE700BFC4
:10308400FC120020CDCCCCCCFB120020180F002069
:1030940000B583B00DF1070001F062FB114B9842BB
:1030A4001CD1114B4FF48062C3F8B8254FF4006271
:1030B400C3F83C250D499DF8070006F0B4FA0C4905
:1030C4009DF8070006F0AAFA9DF807300120984001
:1030D40001F040FB002003B05DF804FB6FF00B002F
:1030E400F9E700BF0000AD0B00A002502CA0025075
:1030F40028A1025008B50121104BC3F80015104A4D
:103104000223C2F8D0360F48D0F8003223F0E0434F
:1031140043F04053C0F80032D0F8043223F0E043C7
:1031240043F04053C0F80432C2F80417C2F804193B
:10313400C2F8001B00F032F808BD00BF00100050B8
:10314400004000500025845000F01F0240090CD0BC
:1031540001280CD10748803250F8223023F0E04394
:1031640043EA017140F8221070470348F3E7002056
:10317400F1E700BF002884500025845038B5054687
:10318400002405E02946044B185DFFF7DDFF0134F8
:10319400032CF7D938BD00BF30B2000008B502498E
:1031A400024804F0A5FD08BD34B200002C0F002035
:1031B40000487047E80F0020014BC01A40117047C7
:1031C400600F002038B505460C46FFF7F5FF0146B1
:1031D4004022034805F06DFA01462846A04738BD51
:1031E4005CA5000030B583B005460C46FFF7E4FF4C
:1031F4000146402300932346054A064805F073FA26
:10320400011E01DB03B030BD2846A047FAE700BF2A
:10321400338700005CA5000008B5092817D8DFE84B
:1032240000F0051C161616161616171200210D4866
:1032340005F0CDF9836813F0070F08D10021094880
:1032440005F025FA03E00221064805F020FA08BD3E
:103254000321044805F01BFAF9E70121014805F0B0
:1032640016FAF4E75CA5000010B582B0EFF3118400
:10327400202383F31288BFF36F8F154A136843F03A
:103284000201116013F0010F09D1002384F31188A6
:10329400BFF36F8FB3B905F052FA02B010BD0DF150
:1032A400070201214FF0502005F062F99DF8073024
:1032B400012B01D00023E9E7FFF77AFF05F0D5F9E8
:1032C4000123E3E70021034805F0E1F9E5E700BF46
:1032D400101000205CA5000010B5EFF3118420232A
:1032E40083F31288BFF36F8F074A136823F0020138
:1032F400116013F0010F04D084F31188BFF36F8FB2
:1033040010BD05F030FAF7E71010002070B582B058
:103314000546012807D14FF05023D3F81C3403F09D
:103324000303022B36D006F028FE044610B92B4BBB
:103334001B7873B9EFF31186202383F31288BFF34C
:103344006F8F012494B94FF050230222C3F808234D
:103354000CE00026F6E7FCB1304604F0A1FF4FF084
:103364005023D3F81835DBB2012B19D00DF1070225
:1033740000214FF0502005F0FBF80028EBD09DF819
:103384000730022B01D0012DE5D104B386F3118857
:10339400BFF36F8F02B070BD012005F0F8F9DEE7CE
:1033A4004FF05023D3F80431002BDFD04FF05023DB
:1033B4000022C3F80421D3F804210222C3F81825FB
:1033C400074A2021C2F8801101229A60CEE74FF00B
:1033D40050230222C3F80423DCE700BF00130020BB
:1033E40000E100E000B585B0CDF800D0CDF804D000
:1033F40000230293012303936B46074A05F08FF9D8
:10340400002805DB4FF480420023684602F048FAA6
:1034140005B05DF804FB00BFBF87000070B5064629
:1034240000220121052004F00AFF114801F0A0F94F
:10343400104B984219D101F0ADF90024032C12D895
:103444002146304605F0C3F805462146304605F0CE
:10345400CBF8094904F04CFC002805DB0123AB60E0
:103464001C44E4B2EAE7002070BD6FF00400FBE7FF
:103474001D3200000000AD0B40B2000010B5044640
:103484000E4B0121D3E8EF2FC3E8E01F0028F9D148
:103494001AB1631E012B0DD910BD094805F0A4F81B
:1034A400084900234B608B60CB6001238B6004F0E0
:1034B4003BFCEEE72046FFF729FFEDE75C0F002019
:1034C4005CA500004C0F002010B504460A2806D065
:1034D400E1B206488368DB699847204610BD03487B
:1034E4008368DB690D219847F2E700BFBCA50000A3
:1034F40010B5044C2046FFF759FD2046FDF77AFD30
:1035040010BD00BFCD34000008B5054806F026FC08
:1035140018B1FFF7EDFF002008BD6FF01200FBE7C4
:10352400BCA50000F0B51C46059F069E00F01F0CCC
:10353400400936D0012836D1284D0CF1800355F8C6
:10354400233091B3012092B34FF0020E40EA0E00F3
:1035540084B34FF00C0E40EA0E0077B34FF4706E54
:1035640040EA0E0066B34FF4403E40EA0E0023EA00
:10357400000041B30B7842B312785200134334B3C2
:1035840022789200134327B33A781202134316B3F6
:1035940032781204134303430CF1800C45F82C30A9
:1035A400F0BD0F4DC9E70025C7E70020CBE74FF07A
:1035B400000ECBE74FF0000ECDE74FF0000ECFE743
:1035C4004FF0000ED1E70023D5E70022D6E7002212
:1035D400D8E70022DAE70022DCE700BF00288450A5
:1035E4000025845000F01F03400908D0012808D1A9
:1035F400054A803352F8230000F001007047034A63
:10360400F7E70022F5E700BF002884500025845026
:1036140028B1012801D103487047002070470248AF
:10362400704700BF7CA500009CA500002DE9F04771
:1036340086B0884616469946446801F01F05237BE8
:1036440045EA4315204605F031F9002864D0B6F563
:10365400001F35D00DF10C0A002703970497494643
:10366400304605F058F98DF80C0000970197029741
:10367400CDF804A0A36823FA08F313F0010F02D1D4
:10368400B6F1A07F23D004F110060DF117022946EC
:10369400304606F03DFB234B984237D010346A463F
:1036A4002946204606F028FB1E4B984237D10122BA
:1036B4002946204606F044FB002006B0BDE8F0870A
:1036C400294604F1100006F03FFB0020F5E72846E8
:1036D400FFF788FF0028D6D10DF11702294604F11F
:1036E400100006F015FB104B984203D00DF11703A0
:1036F4000493D3E70DF117024146204605F047F93C
:10370400084B9842F2D06FF00B00D6E79DF81710E3
:10371400304606F00DFBC1E76FF08500CDE76FF092
:103724001500CAE70000AD0B0400AD0BF0B589B07D
:103734000F461446456801F01F062B7B46EA4316E4
:10374400104605F0B8F88DF81E0040F20633234009
:10375400B3F5837F53D016D8062B4CD006D9B3F5D6
:10376400807F0DD101238DF81D3024E003B3022B9B
:1037740003D104238DF81D301DE06FF0150038E0EF
:103784006FF0150035E040F2022293423BD0B3F5CE
:10379400407F03D103238DF81D300CE0B3F5007F87
:1037A40003D102238DF81D3005E06FF0150020E0F1
:1037B40000238DF81D3014F4002F28D06A680123EB
:1037C400BB409360284605F071F840B310350DF105
:1037D4001F023146284606F09BFA074614F4403F80
:1037E40036D13146284606F09FFA3C4B9F426DD0B5
:1037F400002009B0F0BD06238DF81D30DBE7072358
:103804008DF81D30D7E705238DF81D30D3E714F468
:10381400802FD7D06A680123BB40D360D2E7C4F3BA
:1038240040438DF8083014F4803F0CBF012300237B
:103834008DF81030002401940DF11D0300930DF157
:103844001E0304AA02A93046FFF76CFE2046D0E707
:1038540002AA00230293039304930593069305920B
:1038640004AA3146284606F047FA1C4B98421DD15B
:1038740014F4003F1DD09DF81D308DF8103014F461
:10388400803F0CBF012300238DF811309DF81E30BA
:103894008DF81230002304AA3146284606F030FA87
:1038A4000E4B9842A1D06FF01500A2E76FF01500FF
:1038B4009FE700230493059306930DF11E030493DD
:1038C40004AA3146284606F017FAE9E79DF81F10C6
:1038D400284606F02DFA00208BE700BF0000AD0B50
:1038E40038B504464568284604F0E0FF20B910497D
:1038F400204604F08AFF38BD1035284606F010FA39
:103904000028F4D10021284606F006FA094B984213
:103914000AD100220849284606F0F6F900220521BA
:103924000D2004F08CFCE2E76FF00400E3E700BF35
:10393400798900000000AD0B5389000070B400F0D9
:103944001F0C400919D0012819D10E4D0CF180002B
:1039540055F820600C4C344041EA420141EA8303AB
:103964009DF80C2043EA02239DF8102043EA024309
:10397400234345F8203070BC7047044DE6E700252A
:10398400E4E700BF00288450F0F0FCFF00258450D9
:1039940000F01F01400906D0012806D1044A012382
:1039A4008B4093607047034AF9E70022F7E700BFB2
:1039B400002884500025845000F01F01400906D0DF
:1039C400012806D1044A01238B40D3607047034A7F
:1039D400F9E70022F7E700BF00288450002584504F
:1039E4002DE9F04F85B007468B469046002423E02E
:1039F4004FF0FF3535E0C8F80C55012603963146E3
:103A0400B5F1FF3F16D0B1F1FF3F40F0138157F8F5
:103A14000A3013F4004F02D0012600220392002240
:103A24000192CDF80090C3F341233246039928460E
:103A3400FFF784FF0134E4B25C4580F0FF804FEA75
:103A4400840A57F82430C3F3C322C3F30805082AB1
:103A540000F2F6807E4911F8029040F2FF1295427E
:103A6400C6D01B0E222B00F2EE8001A252F823F0E6
:103A7400FB390000013B00000F3B00001B3B000032
:103A8400293B0000373B0000433B00004B3C000057
:103A94004B3C00004B3C00004B3C0000513B000001
:103AA400653B00004B3C00004B3C00004B3C0000DD
:103AB4004B3C00004B3C00004B3C00004B3C0000E6
:103AC4004B3C00004B3C0000793B00008B3B00006A
:103AD4009D3B0000AF3B00004B3C00004B3C000012
:103AE4004B3C0000C13B0000D13B0000DD3B00002B
:103AF400ED3B0000FD3B00000D3C0000C8F81455F0
:103B0400002603964FF0FF317AE7C8F808550126DE
:103B14000396314674E7C8F81055002603964FF013
:103B2400FF316DE7C8F80855002601230393314699
:103B340066E7C8F80C5501260396002160E7C8F82B
:103B44001055002603964FF0FF3159E7C8F8085581
:103B5400B9F1000F5ED0002603964FF0FF314FE716
:103B6400C8F80C55B9F1000F5CD0002603964FF04D
:103B7400FF3145E7C8F8605557F80A10C1F3004112
:103B8400012603963CE7C8F8645557F80A10C1F3B8
:103B940000410126039633E7C8F8685557F80A1020
:103BA400C1F30041012603962AE7C8F86C5557F87B
:103BB4000A10C1F300410126039621E7C8F82455F1
:103BC4000126002303934FF0FF3119E7C8F8285565
:103BD40001260396314613E7C8F830550126002321
:103BE40003934FF0FF310BE7C8F834550126002347
:103BF40003934FF0FF3103E7C8F83855012600233B
:103C040003934FF0FF31FBE6C8F83C5501260396B9
:103C14003146F5E64E46CDF80C904FF0FF314FF0AB
:103C24000609EDE64E46CDF80C904FF0FF314FF00B
:103C34000609E5E6284604F0C9FEE8E6002004E0AB
:103C44006FF0150001E06FF0850005B0BDE8F08F5E
:103C540008B300002DE9F84305460F46466806F010
:103C64008CF920B9234B1B780BB3002300E001230C
:103C7400D5F810906A68D2F80080F3B9284604F0A9
:103C8400DEFF0446736813F0040F03D04FF480037F
:103C9400C8F80433F36A1F700122F16A284605F05C
:103CA4001AF884F31188BFF36F8FBDE8F8830123FA
:103CB400DEE784F31188BFF36F8FEFF311842023C1
:103CC40083F31288BFF36F8F284604F0B8FE0028F0
:103CD400EFD0D9F80030002BD4D0D3F8A420002A98
:103CE400D0D0D3F8B420002ACCDAD8F84C25C3F8C5
:103CF400B420C7E7001300202DE9F04F85B09846A3
:103D0400D0F810B0DBF80040D0F804A0DAF8005086
:103D14009AF80830002B40F0B58081460F461646CD
:103D240094F86130002B40F0B08094F86230002B9E
:103D340040F0AE806365B8F1FF3F44D0B8F1040FA2
:103D440016DDA3F1993383FB08234FEAE870C0EB37
:103D54006300C117C90341EA5041C0034E4BC01868
:103D64004E4A4FF0000341F10001FCF7F1F901E084
:103D740000200146A065E165276466640023A3640E
:103D8400E3642365DAF8043013F0040F20D1DAF881
:103D9400043013F0040F02D094F8602052BBC5F82D
:103DA4003475C5F838650020C5F81001D5F8103110
:103DB400C5F84C01D5F84C31012384F861302B60EF
:103DC40005B0BDE8F08F00220023C4E91623D3E731
:103DD400EFF311830393202383F31288BFF36F8FD0
:103DE4000221484604F06BFF039B83F31188BFF361
:103DF4006F8FCCE7B24228BF32469146DAF82810DA
:103E0400384606F0CAFA4F44B6EB090614D0B8F1A6
:103E1400FF3FC4D00023C5F80831D5F8083104F1B8
:103E24000800D4E916234FF000084FF00009CDE94B
:103E3400008902F0D5FCB2E794F86020A2EB0902F5
:103E4400D2B284F86020DAF8280000EB090106F009
:103E5400B1FA0BF10803D3E8EF1F41F00401C3E802
:103E6400E21F002AF7D145F30735002D08DB05F0E2
:103E74001F026D09012393404035094A42F8253059
:103E840000209DE76FF085009AE76FF00F0097E739
:103E94006FF00F0094E700BF3F420F0040420F0055
:103EA40000E100E0F0B583B004461D460669EFF377
:103EB4001187202383F31288BFF36F8F3368D3F8FD
:103EC400A40000BBC3F8A4203368C3F8A01001F019
:103ED4006043B3F1005F1DD13368C3F8A8103368A1
:103EE400C3F8AC203146204604F010FF87F3118854
:103EF400BFF36F8F204604F0D1FD80B3B5F1FF3FCF
:103F040010D100202CE087F31188BFF36F8F6FF07E
:103F14000F0025E033680022C3F8B020204605F0E6
:103F240066F8DFE73468683425EAE575E917C903FC
:103F340041EA5541ED030B4828180B4A4FF00003A2
:103F440041F10001FCF704F902460B460020002170
:103F5400CDE90001204602F043FC002000E00020EF
:103F640003B0F0BD3F420F0040420F0070B504465D
:103F7400056943681E68286800220A49083006F06B
:103F8400EDF92B68DC63286800220749683006F0E5
:103F9400E5F92B68C3F89C40044BC6F804330020B1
:103FA40070BD00BF57910000538F000014020A0037
:103FB40038B505460C4601F10C0000F0D1FB0C4B62
:103FC40098420DD105F10C0205F59071207B05F0A6
:103FD4002FFB237B0120984000F0BCFB002038BD60
:103FE400044A0121044803F0F2FF6FF00400F6E7ED
:103FF4000000AD0B14B30000B8A8000038B50446A7
:1040040045680121E86804F03FFE63681A682B697B
:10401400C2F824356B7DA97D0B43298B0B43297D85
:104024000B43C2F86C3523691B6823B12046FFF7A4
:104034009DFF002803DB204605F0C7F800B138BD1A
:104044000249204604F0CAFCF9E700BF778D00005E
:1040540021F07F4100F5A870014B43F82010704710
:10406400005001504FF480338340024AC2F8443375
:10407400704700BF005001504FF480338340024A20
:10408400C2F84833704700BF00500150014BD3F8C9
:1040940004057047005001502DE9F8430546894650
:1040A4009046FFF7E9FF284605F0C1F94E4603277D
:1040B40010E0FFF7EBFF0446494605F0A7F9B0F519
:1040C400000F26D9284605F0B2F9B8F1000F22D125
:1040D4003E19013731462846FFF7BAFF2846FFF755
:1040E400C1FFFFF7D3FF0446C11C304605F08EF92B
:1040F4000A4B98420AD9284605F08CF90028D8D1F1
:10410400B8F1000FE4D06FF0150000E00020BDE826
:10411400F8830020FBE76FF01500F8E7FDFF7F0050
:10412400034B044AC3F80823C3F84823704700BF6D
:104134000050015003000F0010B5012383406FEAC3
:10414400030C0C4AD2E8EF1F01EA0C0EC2E8E4EFBC
:10415400002CF7D14FF4803282400748C0F808237E
:10416400BFF35F8FBFF36F8F0B4214BF012000209A
:1041740010BD00BF40100020005001504FF48033A8
:104184008340124AD2F80423134201D1002070471D
:1041940010B5044601238340DB430D49D1E8EF2FDA
:1041A40002EA0300C1E8EC0FBCF1000FF6D122FAD9
:1041B40004F313F0010F03D1204605F02BF918B1D5
:1041C400204605F034F9012010BD00BF0050015015
:1041D4003C10002001B97047012383400D4AD2E806
:1041E400EFCF4CEA030CC2E8E1CF0029F7D14FF43A
:1041F40080338340084AC2F80433084BD3E8AF3F06
:10420400C34013F0010FE6D0054B4FF40012C3F87E
:104214000021E0E740100020005001503C10002035
:1042240000E100E038B514461046194605F00BF9D4
:1042340002460D490B68E01A1B184C6844F100044F
:104244000B604C60A2F50013B3F5400F09D2074B85
:104254001B68190A1B06D41841F10005044BC3E975
:10426400004502F0BFF938BD480700204410002083
:104274005007002038B50D4B1C68250A2406BFF3EF
:104284005F8FFFF703FF0346001945F10001B3F503
:10429400801F0AD2064BD3E90023904271EB03033B
:1042A40003D210F1807041F1000138BD44100020A8
:1042B400500700202DE9F041064614461D469DF89E
:1042C40020801046194605F0BEF80746FFF7D2FFD6
:1042D400A04271EB050319D2201A65EB01011B4BB7
:1042E400984271F100012BD2194B03EB0613D3E969
:1042F4000223AB4208BFA24201D1002014E042468F
:1043040039463046FFF7C8FE70B117E0B8F1000F28
:1043140019D10123B3400F4AD2E8EF0F1843C2E882
:10432400E10F0029F8D10020094B320103EB0616F6
:10433400C6E9024506999950079B7360BDE8F08170
:104344006FF01500FAE76FF01500F7E70100800041
:10435400380700203C10002030B585B0FFF7E0FEA0
:1043640000231E4AC2F80835002B25DD1B4C02250C
:10437400C4F804531A4B4FF40012C3F880210022EE
:104384000121152003F05BFF152003F053FF0123E7
:10439400A3602360134A1360002402940194124B17
:1043A4000093124A0023204605F05DF82846FFF7E3
:1043B40065F8204605B030BD0D4A02EB03124FF0FC
:1043C400FF304FF0FF31C2E902014FF480329A40CE
:1043D4000249C1F804230133C6E700BF005001506D
:1043E40000E100E04010002029420000FFFF7F00B0
:1043F400380700202DE9F04782B00446FFF7BEFEDF
:1044040010B902B0BDE8F087FFF734FF82460D46CD
:1044140005F01CF80646154B03EB0413D3E9028997
:10442400C24575EB09050BD20025304605F016F898
:10443400002DE6D0009742464B462046A847E0E7C9
:104444000A4A230102EB0411D5584F680020D050CA
:104454004FF0FF324FF0FF33C1E902232046FFF74C
:104464000BFE204604F0E3FFDFE700BF380700201F
:1044740010B50D4BD3F8043313F0020F03D100240D
:10448400002C0BDD10BD0221074804F089FF002831
:10449400F5D0064A136801331360F0E72046FFF7AE
:1044A400A9FF0134ECE700BF005001504410002084
:1044B40010B584B0B0F1FF3F18D001281BDD154BB7
:1044C4009842A8BF18460446134B01221A70FFF7FE
:1044D400D1FE124B1A685B68801AB0F5000F0CD23B
:1044E4000444B4F5000F09D30A4C07E00A4B002238
:1044F4001A70084CEBE70124E6E7064C0020121979
:10450400029001900649009143F1000304F0ABFFCF
:1045140004B010BDFFFF7F00FF12002048070020F9
:104524002942000008B5FFF7A5FE024B1B68C01A1C
:1045340008BD00BF4807002008B505F034F868B18D
:104544005D4BD3F8203A4BB95B4B0D22C3F8202ABC
:104554000122C3F81C290022C3F81C2900220BE005
:1045640002F160034FF47F0151F83310DB0003F5CF
:104574007F035B680B6001321F2A08D802F16003D5
:104584004FF47F0151F83330B3F1FF3FE8D104F029
:10459400E2FF30B1484B2922C3F80C270322C3F8A9
:1045A4003C2704F08CFF40B1444B454AC3F8302506
:1045B4004FF050230122C3F8582504F094FF18B19A
:1045C400404B0022C3F84C2504F0A5FF68B14FF01E
:1045D4005023D3F8003413F0010F06D04FF05023CA
:1045E4000022C3F81421C3F8182104F0A8FF60B115
:1045F4004FF05023D3F8003413F0010F05D04FF0DF
:1046040050236FF00102C3F8002404F0B8FF18B17E
:10461400294B6522C3F80C2704F0D9FF20B1294B9C
:10462400D3F82034002B30DB04F0DDFFE8B1224B5B
:104634007E22C3F80C27C3F83C29234A7F23C2F8FF
:1046440018311E490023C1F8043EC1F8083E01F5A3
:104654004821C1F81031C2F82431C2F82C3102F5D6
:10466400FF1202F58052C2F8A032184AD2F88C30F8
:1046740043F44063C2F88C30154A1168154BC3F8F3
:104684004415D269C3F84C2508BD4FF050230322CA
:10469400C3F8182501229A604FF05023D3F804314F
:1046A400002BF9D04FF050230022C3F8042101223B
:1046B400DA60C3F81825B7E70040005000900350B3
:1046C4004400EFBE002003500020005000ED00E045
:1046D4000080FF000060005010B50468ACB1B4FA6B
:1046E40084F3C3F11F03DBB201229A4024EA0202DD
:1046F400D0E8EFCFA44504D1C0E8EE2FBEF1000FFF
:10470400F6D1EAD10B70024810BD0248FCE700BFA5
:104714000000AD0B0200AD0B0368CB4013F0010F9A
:1047240011D100B5026801238B401343D0E8EFCFC9
:10473400944504D1C0E8EE3FBEF1000FF6D1F1D1AB
:1047440002485DF804FB0248704700BF0000AD0B4F
:104754000400AD0B014BC3F8040570470070015011
:1047640008B50146014805F009F808BD54000020C9
:10477400054B1B792BB9044B186001221A710348AD
:1047840070470348704700BF481000200000AD0B7D
:104794000C00AD0B08B5084B1B680BB104F083FF8C
:1047A40004F07FFF4FF05023C3F818050122C3F82B
:1047B4001425C3F8802508BD4810002000B583B037
:1047C400032818D8DFE800F01A026D6700224FF4BE
:1047D4008073012003F1502300211960196802F14C
:1047E400502201211160354A1268002A5FD04FF02F
:1047F4005023C3F8040303B05DF804FB4FF05023C7
:10480400D3F81824D3F8183403F003038DF80730D1
:1048140012F4803F15D14FF05023D3F8143413F021
:10482400010F13D104F03DFF8DF807009DF8072018
:104834004FF05023C3F8182508224FF48273022046
:10484400C8E70DF1070004F080FFEFE74FF05023B5
:10485400D3F81C3403F003038DF807300DF107007F
:1048640004F073FF0028E1D0144B1B682BB14FF008
:1048740050230222C3F80423BDE74FF05023D3F89A
:104884000431002BF9D04FF050230022C3F8042147
:10489400D3F80431AFE718224FF490734FF48070CB
:1048A40098E720224FF492734FF4007092E71A684D
:1048B400002AFCD000221A601B689CE748100020E4
:1048C40010B54FF05023D3F8044302E0194B1B6892
:1048D400984774B3B4FA84F0C0F11F0001228240F7
:1048E40083009BB203F580739BB2C0B292B224EAF8
:1048F400020403F1502319680029EAD00021196049
:104904001B684FF05023C3F80823022ADED1D3F8E2
:104914001814D3F8183403F00303012BD6D14FF045
:1049240050230221C3F81815C3F8042301229A6006
:10493400CFE710BD4810002008B50079024B03EB07
:104944000010FFF7C9FE08BD5C00002070B400F041
:104954001F0C400919D0012819D10E4D0CF180000B
:1049640055F820600C4C344041EA420141EA83038B
:104974009DF80C2043EA02239DF8102043EA0243E9
:10498400234345F8203070BC7047044DE6E700250A
:10499400E4E700BF00288450F0F0FCFF00258450B9
:1049A400F0B51C46059F069E00F01F0C400936D04A
:1049B400012836D1284D0CF1800355F8233091B3EA
:1049C400012092B34FF0020E40EA0E0084B34FF080
:1049D4000C0E40EA0E0077B34FF4706E40EA0E00FE
:1049E40066B34FF4403E40EA0E0023EA000041B3B0
:1049F4000B7842B312785200134334B322789200F6
:104A0400134327B33A781202134316B332781204CD
:104A1400134303430CF1800C45F82C30F0BD0F4DCB
:104A2400C9E70025C7E70020CBE74FF0000ECBE72E
:104A34004FF0000ECDE74FF0000ECFE74FF0000E21
:104A4400D1E70023D5E70022D6E70022D8E70022E9
:104A5400DAE70022DCE700BF0028845000258450F8
:104A640000F01F02400907D0012807D1044B186940
:104A7400D04000F001007047024BF8E70023F6E74E
:104A8400002884500025845000F01F03400908D0FA
:104A9400012808D1054A803352F82300C0F30140AD
:104AA4007047034AF7E70022F5E700BF0028845067
:104AB4000025845000B583B084468E460C4B93E8A1
:104AC400030002AB03E90300634609E002A901EB1A
:104AD400830151F8081C086A42F8040B0862013388
:104AE4000CEB0E009842F1D803B05DF804FB00BF54
:104AF40028A9000000F01F01400906D0012806D1B2
:104B0400044A01238B4013627047034AF9E70022E9
:104B1400F7E700BF00288450002584504309034A66
:104B2400D35C00F01F001844C0B27047A8B3000063
:104B3400004870475010002000487047C0B3000080
:104B44002DE9F04184B005460C4616461F4608463A
:104B5400FFF7E4FF804656B32146284604F0F3FEEF
:104B640028B12146284604F0AEFE002843D1214650
:104B7400284604F0B7FE10B17378012B3BD0012313
:104B84008DF80F30002301930096B31C721C0DF1B5
:104B94000F012046FFF704FF2879FFF7C9FF08F14A
:104BA400080230F8123043F0030320F81230002FCB
:104BB4003BD02146284604F0C6FE002837D13E7873
:104BC4002B6806F5A272002143F8221043F8221044
:104BD4002879FFF7ADFF08F1080230F8123023F00E
:104BE4002003DB04DB0C20F812307B782BB911484E
:104BF40004B0BDE8F0811048FAE7BA780092224682
:104C04003146286804F0D7FD2879FFF791FF024662
:104C140008F1080032F810307603B6B2334343F09B
:104C2400200322F810300348E2E70248E0E7024894
:104C3400DEE700BF0000AD0B0400AD0B70B5064607
:104C44000D46144604F03FFE68B13079FFF770FF5B
:104C540006462846FFF762FF083036F810305B0B33
:104C64002370024870BD0248FCE700BF0000AD0B92
:104C74000400AD0B30B583B005460191002400E07B
:104C84000134012C18D80E4B1B5D03F0070202A956
:104C940001EBD30313F8043CD34013F0010FEFD01E
:104CA40005EB840201212046FFF704FF55F8243068
:104CB400002BE5D0012000E0002003B030BD00BF90
:104CC400B8B3000008B50079024B03EB8000FFF78E
:104CD40003FD08BD6C0000202DE9F04182B00546BB
:104CE400884616461F4604F06EFFAEB33A46314678
:104CF400284604F084FE041E20DB2879FFF718FF01
:104D040040F834602879FFF713FF00EBC4004760D4
:104D14002879FFF70DFF05464046FFF7FFFE0830F0
:104D240035F81030E4B26402A4B2234343F4807330
:104D340025F81030094802B0BDE8F0812879FFF762
:104D4400F7FE0DF107017830FFF7C6FC034B9842DC
:104D5400F1D19DF80740D0E70048ECE70000AD0B27
:104D64002DE9F04784B006460C4690460846FFF706
:104D7400D5FE07463079FFF7DBFE0546D8F80090EC
:104D8400B9F1000F21D02146304604F0CBFD0028B4
:104D940043D100238DF80E308DF80F30019300932A
:104DA4004B460DF10F020DF10E012046FFF7F8FD01
:104DB40007F1080235F8123023F002039BB225F8FC
:104DC400123043F0010325F81230D8F80430BBB197
:104DD40093F80090D3F804A02146304604F093FDE4
:104DE400E8B1BAF1000F61D1083735F8173023F074
:104DF4001C039BB225F8173043EA890325F81730C2
:104E0400D8F80820002A55D0536812682146304645
:104E1400FFF762FF04B0BDE8F0872748FAE707F11F
:104E2400080235F8123023F02003DB04DB0C25F8EC
:104E34001230BAF1000FD7D0B9F1030F38D8D8F82F
:104E440004305B6893F800A0B9F1000F08D133680F
:104E54000AF5A27A002243F82A2043F82A20C3E75D
:104E6400484604F078FD034631680AF5A27C51F8FF
:104E74002C2022F0030241F82C20224651463068AF
:104E840004F080FC0AF13C0305EB43039C8007F12A
:104E9400080235F812304FEA4A3A1FFA8AFA43EA0E
:104EA4000A0343F0200325F812309DE70248B1E7D6
:104EB4000148AFE70148ADE70400AD0B0000AD0BBE
:104EC40038B505460C4604F0EFFC08B9074838BD70
:104ED4002146284604F070FD2146284604F09EFE33
:104EE400204604F0C5FC0248F1E700BF0400AD0B06
:104EF4000000AD0B08B50079024B03EB8000FFF70F
:104F04000BFC08BD6C000020F0B583B005460E46CE
:104F14000079FFF70DFE90F88C3013B10D4803B003
:104F2400F0BD044660220021103005F05DFA2F68C0
:104F34002879FFF701FE03680093002332464FF0FF
:104F44000041384604F08CFE012384F88C30A367BA
:104F54000148E4E70C00AD0B0000AD0B2DE9F04770
:104F640082B081460F469046002300930193516816
:104F74006846FFF77FFE4CE094FAA4F4B4FA84F494
:104F840004F01F05254B9B5D45EA43152846FFF7B2
:104F9400C5FD083037F810A0CAF3820A0DEB86036A
:104FA400E00804F007041A5C0121A14022EA01028E
:104FB4001A542846FFF768FD0346524629463846E8
:104FC40004F0CBFD2846FFF795FD02AB03EB860307
:104FD40053F8084C002CCFD10136012E0DD8104BBC
:104FE4009B5D08F10402D90803F00703525C22FA1E
:104FF40003F313F0010FEFD0E7E700224FF0004175
:10500400484604F014FCD8F804106846FFF732FE52
:1050140008B10026E1E702B0BDE8F087BCB30000A8
:10502400B8B30000F8B504460E461148081A114BEF
:10503400A3FB00304009FFF77FFD0746D4F80413B3
:10504400C9B2026841F00041204604F0F0FB051E9D
:1050540005DB2A463146204604F02CFEF8BD3A46CC
:1050640031462046FFF77AFF25F00045F1E700BFFF
:1050740050100020398EE33808B502490248FFF782
:10508400D1FF08BD5010002000D00050034B00E0B9
:105094002033034A9342FBD3704700BF5CA5000052
:1050A400DCA5000004280CD8DFE800F0030D050798
:1050B4000900064870470648704706487047064886
:1050C4007047064870470648704700BFC8B30000E1
:1050D400ECB30000FCB3000008B4000018B40000F6
:1050E400D8B3000030B108B504F04DFF20B1037807
:1050F40023B108BD024870470148FAE70048F8E7C1
:1051040028B4000010B50446FCF772FA034A0121E2
:10511400034802F05CFF204604F030FE30B4000087
:10512400A8A800002DE9F04782B000AF05460C4660
:10513400EFF31188202383F31288BFF36F8FDFF816
:10514400C491D9F80860FFF7ADFF99F81010E9464B
:1051540001233B7103237B718AB0EC461CF11002DE
:1051640021D04FF0160E5AB17346BEF1040F03DD81
:10517400DFF894A1CCF814A0082B01DDCCF818506A
:1051840001233B7003237B70D2B17346BEF10C0F35
:1051940001DDCCF81C00102B01DDCCF820100CF143
:1051A400240300210AE06FF0004EDCE701F108005F
:1051B400384410F8080C03F8010B01310129F5D922
:1051C400BEF1150F50DD16234AB1052139710021B6
:1051D4007971B9710121F9717868CCF81000002156
:1051E4006FF300016FF341016FF382016FF3C501A7
:1051F400012060F38811C3F30A0363F353216FF3AF
:105204001F5100234148FCF7D3FACD461CB1E36992
:10521400C3F308035BBB3046FFF764FFE946012391
:105224003B7103237B718AB0EC461CF1100224D03D
:105234004FF0120E52B17346BEF1040F02DD344931
:10524400CCF81410082B01DDCCF8186001233B7056
:1052540003237B70F2B1BEF10C0F01DDCCF81C000E
:105264000CF12003002113E06FF01B03ACE7294A83
:105274000121264802F0ABFECDE76FF0004ED9E7DE
:1052840001F10800384410F8080C03F8010B01314F
:105294000129F5D9BEF1110F31DD12234AB10421E0
:1052A400397100217971B9710121F9717868CCF8EB
:1052B400100000216FF300016FF341016FF38201CD
:1052C4006FF3C501012060F38811C3F30A0363F38C
:1052D40053216FF31F5100230C48FCF769FACD46A4
:1052E40021462846FFF70EFF88F31188BFF36F8F1E
:1052F4003046FDF73BFB0837BD46BDE8F0876FF04D
:105304001B03CBE7E010002040B40000A8A8000075
:105314008CB4000068B4000038B505460B4B53F854
:10532400204002E02368984708346B1C074A52F86F
:105334002330A34209D960680028F3D0037F13F017
:10534400010FF1D104F022FDEEE738BDB4B4000042
:1053540010B5054C01E098470434044B9C4202D03C
:105364002368002BF7D110BD68A8000068A80000CE
:1053740010B586B0B023104C03FB004400EB800C46
:105384000E4B03EB8C030E4A0592012204920F226A
:10539400039200220292019200930A4B4FF4A072EE
:1053A400094901EB8C11204600F0C2FA637B23F01B
:1053B4000403637306B010BD58070020E0100020FA
:1053C400A4B40000E39E0000081E002008B553EAC0
:1053D400020102D100F098FE08BD0249183001F024
:1053E4005FF8F9E789A1000010B586B0184C14E005
:1053F400636A0593236A0493E3690393A36902939D
:105404006369019323690093E368A2686168206873
:1054140000F08EFA23685C6530340E4B9C42E7D36F
:1054240000F08CFD0A4C00E030340A4B9C420BD255
:10543400A26AE36AB3F1FF3F08BFB2F1FF3FF3D0C2
:105444002068FFF7C3FFEFE700F090FD06B010BD42
:1054540004A8000004A8000008B50C4B01221A702F
:105464000320FFF759FF03F028F8FCF7C3FCFFF70C
:105474006FFF0420FFF750FFFFF7B6FF01F009FEAE
:10548400034A137B23F00103137308BD00130020A8
:105494000808002008B50146014A0248FDF73AFB16
:1054A4005D5400000808002008B50348034A121A96
:1054B400002104F082FC08BD8801002004130020B0
:1054C40010B50446FFF754FFB0230A4903FB041147
:1054D400094A04EB840302EB8303D9601C74074B71
:1054E40003EBC42303F5006304EB840402EB84029E
:1054F400536010BD58070020E0100020081600205B
:1055040070B586B000F06AFD104D114B5D61114B12
:1055140005930123049300240394029401940094BA
:105524000D4B4FF480620D49284600F001FA0646FF
:105534006B7B23F004036B73284604F0BBFD204609
:10554400FFF7BEFF304606B070BD00BF080800205C
:10555400E0100020ACB400005D540000481F00209F
:1055640008B50020FFF7D8FE1B4B03F5006282F359
:10557400088883F30A88194CE02384F82230002336
:10558400E37723766376A37684F82030626A42F464
:10559400E022626284F82330FDF75CF9FDF7DCFA5F
:1055A4004FF0FF33A362E362FDF79EFCFDF704FBBB
:1055B400FBF77AFF0A4800F01DFAFFF767FDFDF7D5
:1055C40099FD0120FFF7A8FE0220FFF7A5FEFFF7D3
:1055D40097FFFFF75FFF00BF0816002000ED00E013
:1055E400B808002010B5064C002000E02034054B1C
:1055F4009C4204D2204604F0E8FB0028F6DA10BDF1
:10560400240100202401002030B583B00D46EFF3BF
:105614001181202484F31288BFF36F8F046964B16D
:105624002C6023680361C3690133C361002081F3E3
:105634001188BFF36F8F03B030BD00F1080C53EA3B
:10564400020404D100232B606FF00B00EFE70092FB
:1056540001930246604600F083FB0028EBD1024B25
:105664009B681B692B60E6E7E01000202DE9F04100
:1056740082B00446EFF31187202181F31288BFF32F
:105684006F8FC16899B9002950D1364B9B6893F943
:105694000E3023610131E160324B9B68A36087F3D4
:1056A4001188BFF36F8F002002B0BDE8F081164669
:1056B4001D4682682B4B9B689A42E4D055EA06014A
:1056C40036D092F90E80414693F90E0004F014FC92
:1056D400804534DC4FF00008009601952246394697
:1056E400214800F03DFB0028DED0EFF31185202394
:1056F40083F31288BFF36F8FA36843B323689C427C
:1057040023D013B3216993F90E0004F0F5FB01468D
:10571400204604F0FCFBE8B9B8F1000F1AD185F378
:105724001188BFF36F8F6FF00A00BDE72369B0E7FC
:1057340087F31188BFF36F8F6FF00F00B4E7014652
:10574400204604F0E4FB8046C6E72169E0E7B8F1AF
:10575400000FE4D02946044800F0C4FB6FF00A00AF
:10576400A2E700BFE010002004110020F8B5836810
:10577400002B47D00446264A9268934245D1C36819
:10578400012B04D9013BC36000252846F8BDEFF383
:105794001186202383F31288BFF36F8F016904F00D
:1057A400B6FB2768A7420CD03D1E18BF012557B988
:1057B400A760CDB90023E36086F31188BFF36F8F30
:1057C400E3E70027F0E77A683B6813605A60002338
:1057D4003B607B607A7B22F002027A73BB6007F144
:1057E400180004F079FDE3E797F90E3023610025F2
:1057F400C7F8AC50384604F05DFC3146054800F06B
:1058040071FBC2E76FF01505BFE74FF0FF35BCE74A
:10581400E010002004110020F8B50446EFF31187CE
:10582400202383F31288BFF36F8F0568A84212D038
:105834002E1E18BF012685B906BBA368E2689342F1
:1058440024D001221344A36000230BBB87F31188E7
:10585400BFF36F8FF8BD0025EAE76A682B68136011
:105864005A6000232B606B606A7B22F002026A7329
:10587400AB6005F1180004F02FFDDDE70023C5F847
:10588400AC30284604F016FC0123DEE70022D9E7F9
:105894003946024800F026FBDCE700BF081100206F
:1058A40010B582B0EFF31181202484F31288BFF382
:1058B4006F8F846844B1013C846081F31188BFF325
:1058C4006F8F002002B010BD53EA020406D000928C
:1058D40001930246054800F043FAF3E781F3118887
:1058E400BFF36F8F6FF00F00ECE700BF08110020CB
:1058F40008B553EA020102D100F006FC08BD0249D2
:10590400183000F0CDFDF9E789A1000010B5044678
:1059140040B11F2204F1740004F06EFD002084F8ED
:10592400930010BD014B9C68F3E700BFE01000201A
:105934002DE9F04F85B004460F4615461E46DDF8A6
:1059440038A0DDF83C90DDF84080DDF84CB000F183
:1059540058038365C365129B0422119904F015FB57
:105964002A463946204604F0F3FA0546CDF8088065
:10597400CDF80490CDF800A03346024639462046BF
:10598400FDF7A6F8002363652666C4F864A0C4F88E
:105994006890C4F86C80EFF31182202383F312889B
:1059A400BFF36F8F124B196A21671C6282F311884F
:1059B400BFF36F8FBBF1000F13D01F22594604F1C0
:1059C400740004F019FD002384F89330084B9B689D
:1059D4005BB1D3F8A030C4F8A030284605B0BDE8C8
:1059E400F08F002384F87430F0E7C4F8A030F4E7B3
:1059F400E01000200123437303730023C0F89430A4
:105A0400C0F89830C0F8A030014B9860704700BFD0
:105A1400E01000200A4A9368C3F8A8006FF00A0156
:105A2400C3F8AC1007494B6843F080534B60002324
:105A340083F31188BFF36F8F9368D3F8AC0070477A
:105A4400E010002000ED00E0437B90F90D20002AD7
:105A540051DB13F01F0F4ED110B563F07F03437376
:105A6400254A52F8183F93420ED100230CE05A689D
:105A740042600360106058601EE01A461E49C969FE
:105A84008A420FD01B687BB173B190F90E1093F961
:105A94000E209142F1D0521A002AE8DC1A46002B5B
:105AA400ECD1F0E70023EEE7134BDA6903F11801B8
:105AB400016042601060D8610F4B53F8184F9C424C
:105AC4000ED06CB10C4B9B685A7B12F01F0F0AD19D
:105AD400DA897F2A07D9A2692AB9074A536109E0FA
:105AE400054BDC68EEE7A34202D0204600F01EFC22
:105AF400014B5C6110BD7047E010002010B5437B82
:105B040090F90D20002A14DB154B9A6853F8184FAE
:105B14009C4219D0C4B1824219D0537B13F01F0F99
:105B240015D1D3897F2B12D9A36983B90C4B5A6140
:105B340014E003F07F0343734268036813605A6000
:105B4400002303604360DFE7054BDC68E3E7A24220
:105B540002D0204600F0EAFB014B5C6110BD00BF9F
:105B6400E01000202DE9F84305460C46404B9E68A2
:105B7400737B13F0600F28D013F0200F2AD008276E
:105B84001F4222D13B43737313F0800F24D1082F9B
:105B94002DD04FF00009364B53F8188F98454BD051
:105BA400B8F1000F48D0324B9B68434502D04046C1
:105BB40000F0BCFB2E4BC3F81480102F05D03046E8
:105BC40000F014FCB9F1000F3AD184F31188BFF34B
:105BD4006F8F46E01027D3E703F07F037373726877
:105BE400336813605A60002333607360CFE7B3688F
:105BF4005BB17268336813605A600023336073606A
:105C0400727B22F002027273B360304604F01EFA13
:105C140006F1580004F01FFA154B9B689E4202D00F
:105C24004FF00009B7E7EFF3058313B94FF000090C
:105C3400B1E74FF00109AEE70D4BD3F80C80B2E7A2
:105C44000C48FFF7D7FEC0E7EFF31184202383F35A
:105C54001288BFF36F8F04F04DF984F31188BFF3FA
:105C64006F8F6B7B13F0600FEED1BDE8F88300BF3C
:105C7400E0100020B8080020B3F1FF3F08BFB2F1E4
:105C8400FF3F00D1704708B50249183000F008FC06
:105C940008BD00BF89A1000010B5437B90F90D2019
:105CA400002A0ADB437B63F07F0343732B4A52F8D9
:105CB400183F934219D1002317E003F07F03437385
:105CC4004268036813605A60002303604360E9E795
:105CD4005A6842600360106058601EE01A461F490B
:105CE400C9698A420FD01B687BB173B190F90E1059
:105CF40093F90E209142F1D0521A002AE8DC1A4698
:105D0400002BECD1F0E70023EEE7144BDA6903F142
:105D14001801016042601060D861104B9A6853F812
:105D2400184F9C420ED06CB182420ED0537B13F0BC
:105D34001F0F0AD1D3897F2B07D9A3692BB9074B2E
:105D44005A6109E0054BDC68EEE7A24202D0204626
:105D540000F0ECFA014B5C6110BD00BFE0100020C4
:105D640010B50C4611460A4882680A4B1A60EFF3D4
:105D74001183202383F31288BFF36F8FDDE902239D
:105D8400806804F08BF92046FFF744FE10BD00BF85
:105D9400E0100020101100202DE9F04104460E46C9
:105DA4000023EFF31185202282F31288BFF36F8F53
:105DB4001F4650E003F07F03637362682368136037
:105DC4005A6000232360636071B2A173637B63F044
:105DD4007F036373424A52F8183F93420ED1002363
:105DE4000CE05A686260236014605C601CE01A4630
:105DF4003B48C06982420DD01B686BB163B193F913
:105E04000E209142F3D0521A002AEADC1A46002BE3
:105E1400EED1F2E70023F0E7314BDA6903F1180120
:105E2400216062601460DC612D4B53F8188F984533
:105E340020D0B8F1000F1DD0294B9B68984502D0A3
:105E4400404600F073FA264BC3F8148085F311889A
:105E5400BFF36F8F0123002B3FD1637B03F01F023D
:105E6400002A0CBF01270027A4D013F0020F05D18C
:105E7400A673EBE71A4BD3F80C80DDE7A1686268E0
:105E8400236813605A6000232360636070B2A073B8
:105E94000B6899420DD100230BE05A6862602360BD
:105EA40014605C60D2E79C464A6894450DD01B6838
:105EB4006BB163B193F90E209042F4D0121A002A08
:105EC400EBDC9C46002BEFD1F2E70023F0E74B68B4
:105ED400216063601C604C60B8E73846BDE8F0811F
:105EE400E010002008B50B4659B9EFF3058242B91A
:105EF400064A50699268904203D00846FFF78AFD2B
:105F040003E083F31188BFF36F8F08BDE010002016
:105F140008B5034650B9EFF305823AB9064A516908
:105F24009268914202D0FFF775FD03E083F3118874
:105F3400BFF36F8F08BD00BFE01000200023EFF314
:105F44001181202282F31288BFF36F8F09E0064B80
:105F54009A68D37B013BD37381F31188BFF36F8FAE
:105F64000123002BF3D07047E010002038B5002344
:105F7400EFF31185202282F31288BFF36F8F0EE0B6
:105F8400154BDC6817E0A24202D0204600F0CEF99F
:105F9400114B5C6185F31188BFF36F8F0123BBB98B
:105FA4000D4B9A68D17B0131D17353F8184F9C4241
:105FB400E6D0002CE4D0537B13F01F0FE3D1D38938
:105FC4007F2BE0D9A369002BDDD1034B5A61E1E7B4
:105FD40004F003F938BD00BFE010002008B5024802
:105FE40004F006F908BD00BFF410002038B5EFF343
:105FF4001184202383F31288BFF36F8F224B9A6896
:10600400DB699A4205D01368516812680A605160CE
:1060140006E00023F8E71C4AD269934212D01B68B9
:1060240093B1194A906890F90E1093F90E20914299
:10603400F1D0521A002AEEDD5A6842600360106003
:1060440058600AE00023EBE70F4B9A68D96903F123
:106054001800106051600A60DA610B4B53F8185F46
:106064009D420DD065B1084B9B689D4202D02846E5
:1060740000F05CF9044B5D612046FFF7CBFC38BDB2
:10608400014BDD68EFE700BFE0100020F8B551EAEE
:10609400000328D005460C46EFF31187202383F331
:1060A4001288BFF36F8F154EB068154B1860FFF759
:1060B40025FDB0682A4623461249183000F0F0F94D
:1060C4000446B268537B43F0040353733846FFF726
:1060D400A1FCB3689A6ADB6AB3F1004F08BF002AD7
:1060E40005D00020F8BDFFF781FF0020FAE704F097
:1060F40022F9201A0028F5DC0020F3E7E010002044
:106104001011002089A1000038B5EFF31185202378
:1061140083F31288BFF36F8F437B13F0040F04D112
:1061240085F31188BFF36F8F38BD0446183004F02F
:10613400D3F8637B23F0040363732046FFF784FCE6
:1061440029460248FFF7CEFEEEE700BF0C110020FF
:10615400014B9868704700BFE01000202DE9F84318
:10616400037B03F00107EFF31186202383F31288E6
:10617400BFF36F8F457B15F0080F1AD10446B14663
:1061840000F1580803F02EFF10B345F020056573A5
:10619400EFF305839BB131462046FFF7E3FC67B17B
:1061A400002383F31188BFF36F8F0423184602DFA3
:1061B40003E086F31188BFF36F8FBDE8F88341468F
:1061C4003D4B986803F010FF3046FFF723FCE6E7E9
:1061D40045F00803637313F0800F33D1A3685BB1F8
:1061E4006268236813605A60002323606360627BE3
:1061F40022F002026273A36004F1180004F06CF848
:10620400404603F028FF2C4B9A68944227D000267E
:10621400294B53F8185F9D4228D03DB3AA4202D0BF
:10622400284600F083F8244B5D61204600F0DEF838
:10623400FEB9214B9B689C421FD089F31188BFF3A0
:106244006F8FACE705F07F0545F00805657362685C
:10625400236813605A60002323606360BEE7EFF392
:1062640005830BB90026D3E70126D1E7124BDD687D
:10627400D4E71248FFF7BEFBDBE7EFF30583002BFF
:10628400DBD1237B13F0010F12D089F31188BFF304
:106294006F8F002383F31188BFF36F8F0423184695
:1062A40002DFEFF31189202383F31288BFF36F8F8A
:1062B4004846FFF7AFFB72E7E0100020B808002063
:1062C400044BC01AC010044B03FB00F0034B012223
:1062D4001A54704768090020ABAAAAAA1411002016
:1062E400C3897F2B11D80E4B1B687BB190F90E200C
:1062F4000C4B1B689A420CDB437B13F01F0F0AD133
:10630400094B984209D0012300E0002303F0010067
:1063140070470023FAE70023F8E70023F6E700BFFD
:1063240070000020181100205807002070B50546A1
:106334000D4B1E7C06EB46030C4C04EBC3042046B9
:1063440003F0CAFF0A4B00229A552846FFF7C8FFFC
:1063540000B970BD074B1A68013AD31706492046A5
:1063640000F09EF8F5E700BFE01000206809002067
:106374001411002070000020C562000038B5EFF34E
:106384001185202383F31288BFF36F8F144B9C680D
:10639400144B1B68A34217D0124B00221A60104BF7
:1063A4001B7C114AD35C53B12046FFF799FF30B1EF
:1063B400637B13F01F0F0FD02046FFF7B7FF85F361
:1063C4001188BFF36F8F38BD2046FFF7AFFF85F309
:1063D4001188BFF36F8FF6E72046FFF75DFCEBE70C
:1063E400E01000201011002014110020EFF311819F
:1063F400202383F31288BFF36F8F0A4B1B6A8342F7
:1064040004D11A6F074B1A6207E0134613B11A6FCF
:106414008242FAD10BB1026F1A6781F31188BFF37C
:106424006F8F7047E010002008B50648064A121A1C
:10643400064903F0C6FC0648064A121A064903F048
:10644400C0FC08BD00000020840100206CB60000E0
:1064540000000020000000206CB60000034B186808
:10646400984200D070470020FCE700BF7400002071
:1064740030B1044A5268904201D00068704700204D
:10648400704700BF7400002008B5044B1B680BB1B3
:10649400002008BDFEF746F8FBE700BF1C110020F2
:1064A4002DE9F04F83B00193B3F1FF3F08BFB2F180
:1064B400FF3F0DD00446914681600023EFF3118A1B
:1064C400202282F31288BFF36F8F1D461E4635E0EB
:1064D40000252E462846314603B0BDE8F08FFFF76D
:1064E400D3FF80460135019B43F10006451946EB75
:1064F400E07625616661384A13685268ED1846EB08
:1065040002064FF0010B41E0C91A67EB0202016178
:1065140042614368636020601C60446005E02F4B67
:106524005A682360626014605C60FFF797FF8442DE
:1065340040D08AF31188BFF36F8F0123002BC9D198
:106544004D46019E6FF00103B3EB09034FF0FF3397
:1065540063EB0603002BC2DB1F4B19685B686918E9
:10656400019A43EB02036FF00102521A4FF0FF311C
:1065740061EB030310461946012A73F1000301DAA3
:1065840001200021206161614FF0000BFFF766FFDD
:106594000028C4D001694769236962698B4272EBA0
:1065A400070EB1DB5B1A62EB070223616261FFF73E
:1065B4005FFFEDE70A4B1B68002BBAD1BBF1000F5C
:1065C40006D0404603F06DFE0021FDF771FFB0E7F1
:1065D400FFF75AFF8046F4E780090020740000208A
:1065E4001C11002070B5EFF31186202383F3128869
:1065F400BFF36F8F2A4B1860FFF730FF044623E088
:10660400284A136851685B1941EBE57113605160C6
:1066140000220023C4E90423204603F02BFE86F362
:106624001188BFF36F8FA36820469847EFF3118654
:10663400202383F31288BFF36F8F194A13685B1BFF
:106644001360FFF70BFF04463CB125696169144BE5
:106654001A68D317AA428B41D2DA44B1236962691A
:106664000F4909685B1A62EBE172236162610D4AAA
:106674000B4D2868136851681B1841EBE0711360D7
:10668400516000242C60204603F00BFE2146FDF7E8
:106694000FFF86F31188BFF36F8FFFF76FFE70BD96
:1066A4001C1100208009002010B50022EFF3118492
:1066B400202383F31288BFF36F8F134611460CE037
:1066C400FFF7E2FE074A13685168C31841EBE07113
:1066D40084F31188BFF36F8F0122002AF0D018468B
:1066E40010BD00BF80090020F8B5EFF3118320220C
:1066F40082F31288BFF36F8F026822B183F311888B
:10670400BFF36F8FF8BD04461D46826AC36A52EA1E
:10671400030105D0B3F1FF3F08BFB2F1FF3F27D11A
:10672400236B01332363236A6BB185F31188BFF3B1
:106734006F8F236A20469847EFF31185202383F354
:106744001288BFF36F8F04F11803A469A3423FD0EA
:10675400002C3DD0204603F0C8FC0023C4F8AC3024
:1067640085F31188BFF36F8F204603F0A3FCC9E7BC
:1067740016461F46012A73F1000301DA0126002799
:10678400013E47F1FF3703F0DAFD013041F100012A
:10679400801947EB0101012871F1000108DA6FF05B
:1067A40001024FF0FF330D492046FFF779FEB7E7AA
:1067B40003F0C5FD013041F10001801947EB0103ED
:1067C4006FF00102121A4FF0FF3161EB0303EAE7A5
:1067D40085F31188BFF36F8F94E700BFED66000067
:1067E400F8B51D46EFF31187202383F31288BFF316
:1067F4006F8FB5F1FF3F08BFB2F1FF3F1FD00646D0
:10680400144629466FF00102121B4FF0FF3262EB6F
:106814000502002A18DB304603F05EFDDDE906239D
:10682400C6E90A230023336322462B460B4930462C
:10683400FFF736FE87F31188BFF36F8FF8BD87F338
:106844001188BFF36F8FF9E7012C71F1000101DAB0
:1068540001240025013C45F1FF35DCE7ED6600002D
:1068640010B50A4C23681BB101232360002010BD1E
:1068740000F0F4F80028F7D00138072803D8044BB7
:1068840053F8200010BD034810BD00BF20110020A4
:10689400D0B40000FE8FFFFFBFF34F8F0549064BB6
:1068A400CA6802F4E0621343CB60BFF34F8F00BFAA
:1068B400FDE700BF00ED00E00400FA0530B44FF03E
:1068C400FE3200250B4B0C4C0C494968C3F80024DC
:1068D400C3F80424C3F80824C3F80C24C3F8102410
:1068E400C3F81424C3F81824C3F81C24C4F80055AE
:1068F40030BC084700508450004084507C00002085
:10690400024BD0E90012C3E9001270477C0000205A
:1069140010B5044650B1636813F0685F05D0064AA9
:10692400934202D000236260236010BD034B0448ED
:106934005B689847EFE700BF2C5F5CA97C000020F0
:10694400F0B40000C8B143680D4A934213D013F069
:10695400685F0ED0012350E8002F194640E8001C60
:106964009CF0000FF7D1012AF5D0BFF35F8F002010
:10697400704704487047044870476FF4E04070471C
:106984002C5F5CA9E98FFFFFEA8FFFFF034680B10C
:10699400426809498A420AD012F0685F05D0BFF301
:1069A4005F8F002210461A607047044870470448FD
:1069B40070476FF4E04070472C5F5CA9E98FFFFFDC
:1069C400EA8FFFFF10B5044620B10023034A236079
:1069D400626010BD0248FFF771FFF6E73A00003A23
:1069E40018B5000070B5194CD0F804C00668C4F896
:1069F40004C0D0F808C0C068C4F808C0E0602660CD
:106A04000868134B134D18604868D5F8182158606E
:106A1400886812F0685F9860C8680969D86019616D
:106A240012D000230C4A05F58A70C5F81431C5F854
:106A3400B831C5F81821C5F8BC21B047236805F55D
:106A4400DC70BDE87040184770BD00BF980000209E
:106A540084000020381100202C5F5CA908B500F0E8
:106A640011F830B900F010F838B9054AC2F80C0A28
:106A740008BD00F037F8032008BD042008BD00BF9E
:106A8400005084500020704710B5114800F048F8B9
:106A940000B110BD0F4800F043F80028F9D10E4CA6
:106AA400204600F03DF80028F3D10C4B0C481C6044
:106AB40000F036F801460028EBD100F02DF804462A
:106AC40008B1204610BD00F03FF82046FAE700BFA9
:106AD400D8000020D4000020D0000020C8000020EE
:106AE400CC00002008B5084800F024F8074800F05E
:106AF40021F8074800F01EF8064800F01BF8BDE82E
:106B0400084000F00BB800BFD8000020D4000020DB
:106B1400D0000020CC00002000207047704700BF48
:106B240008B5034B02681B6810689847002008BD2D
:106B34009800002008B5034B02685B68106898470A
:106B4400002008BD9800002070B5094C094D20694B
:106B5400AB68984718B1084B08485B689847002110
:106B6400074AEB6811602069BDE87040184700BF10
:106B740084000020980000207C0000203CB5000028
:106B8400341100200CB430B589B005460C461C22E3
:106B9400002101A803F028FC022305958DF8063096
:106BA4000D4B029323462CB1B4F1004F28BF4FF094
:106BB4000043013B1D440DAA0C9901A806950092BF
:106BC40000F00CF814B1059B00221A7009B0BDE85E
:106BD400304002B0704700BFE1A400002DE9F04F3F
:106BE40043688DB015468046029383789A0740F136
:106BF4000D8100240E78002E00F00A81252E0BD082
:106C04004B1C0393013441463046029B98470028AD
:106C1400C0F2F6800399EDE74E788B1C252E039382
:106C2400F0D00027B946BB46BBF11F0F38D8A6F1F8
:106C34002003102B0AD8DFE803F02A0909300909D8
:106C4400092109090928092D09091F00A6F13003A2
:106C5400092B33D92A2E37D11BF0400F55F8043BAA
:106C640040F08280002BA7BF4BF0200B9946C3F164
:106C740000094BF0280B01E04BF0010B039B13F8C8
:106C8400016B0393002ECFD130E04BF0020B4BF09D
:106C9400040BF3E74BF0080BF0E74BF0100BEDE7B8
:106CA400BBF17F0F19D8A6F13003092BD2D81BF002
:106CB400400F03D00A2101FB0737DFE70A214BF01D
:106CC400200B01FB0939D9E72E2E06D11BF0400F0A
:106CD40040F09E804BF0400BD0E76C2E31D02BD887
:106CE400682E36D06A2E3CD04C2E3AD0002F46F077
:106CF4002003B8BF2BF04002A3F16501BCBF0027FD
:106D04001FFA82FB022901D9612B2FD107350727EE
:106D1400DFF8ACA225F0070508351BF0080F66D094
:106D24000AEB070B56465E4563D1A4EB0A0AA9EBAE
:106D3400070906EB0A026FE1742E9FD07A2E9DD0CC
:106D4400D4E71BF0800F18BF4BF4007B4BF0800B93
:106D540094E71BF4807F18BF4BF4007B4BF4807BDB
:106D64008CE74BF4207B89E71F4687E7A6F1630194
:106D7400122900F2F080DFE811F013004F00EE005A
:106D8400EE00EE00EE004F00EE00EE00EE00EE002E
:106D9400EE00FE00E900EE00EE001B00EE00AF0086
:106DA40055F8043B01270DF1180A8DF81830B4E7A3
:106DB40055F804AB834BBAF1000F08BF9A461BF099
:106DC400400F504614BF39464FF0FF3103F024FB07
:106DD4000746A2E741462020029B984700280FDB84
:106DE400013EB742F6D34C44B146A41B98E74E4645
:106DF400F7E7414616F8010B029B9847002892DA00
:106E040098F8023043F0040388F802304FF0FF345E
:106E140020460DB0BDE8F08F1BF0800F34D01BF47A
:106E2400007F2CD0073525F00705AA4669685AF873
:106E3400080B2BF010050029ADB237DA404245F4B7
:106E4400806561EB41010DF1180B0A235A4603F0EA
:106E5400EFFAA0EB0B0301936B0662D5019B25F0BF
:106E640001019F4289B240F3A180002E00F0998075
:106E740015F0100240F09C80BB460D4623E0AA4664
:106E84005AF8040BC117D4E7AA461BF4807F5AF8BA
:106E9400041B01D10846F5E71BF4007F19BF48B273
:106EA40041F3C01108B241F3C031C2E750EA010313
:106EB400C9D11BF0400FC6D0002FC4D12BF0110252
:106EC400BB46019795B240F2064115EA01021CBF88
:106ED4000BF1010B00222CE02BF010020A231FFA05
:106EE40082FB1BF0800C49D01BF4007115BF0735E1
:106EF400AA4625F007055AF8040B1EBFAA4669687E
:106F04005AF8080B50EA010545D12BF016051BF081
:106F1400400FADB242D0002F40D12BF017020197A1
:106F240095B215F0100248D0019B002E42D103F116
:106F3400010B29075AD4EB0706D5D9456FDDA9EB18
:106F44000B030199CB465F185B4649E04BF0100BED
:106F540010237826C5E7782B04D1C6F1780343F0D3
:106F64001003BEE741462520029B98470028FFF600
:106F740047AF023447E608230026B2E7AA461BF4CB
:106F840080715AF8040BBDD01BF400711ABFC0B253
:106F9400614680B2B6E72BF0060295B20DF1180BEC
:106FA40054E725F01105BB46ADB28CE70D46B8E7B2
:106FB4003B460D4603F1020BBBE7DDF804B082E764
:106FC40064B600005DB60000CDE9043241462020DD
:106FD400029B98470028FFF613AF049B059A0133E0
:106FE4009945F1DCA4EB0B019B46CC180AB341464E
:106FF4003020029B98470028FFF602AF8EB9013477
:107004002744391B019B994224DC1D4655BB019A38
:10701400A9EB0B09554622441446914433E0019FE1
:1070240092E7023441463046029B98470028E7DA4B
:10703400E6E640F206410D42E2D015F0020F04F1FB
:107044000104414614BF2B20202015F4806F18BF83
:107054002D20E9E741463020029B0134984700285F
:10706400CFDACDE606AB013D4146585D029B984719
:107074000028CBDAC4E641462020029B013498471D
:107084000028FFF6BDAEA9EB0403002BF3DCC1E539
:10709400704700B585B0002101A8F9F7C9F9684621
:1070A400F9F7C8FA01A800F075F86846F9F7D4FAB8
:1070B4004FF47A7101A800F081F801A8F9F7C6F934
:1070C40001A8F9F73DFAF8E738B51346856804696D
:1070D40012F4801F07D012F4402F04D012F0010FD5
:1070E40001D082F4402323F4801213F0010F0AD05C
:1070F40023684FF0010C0CFA01FC43EA0C032360F3
:107104002B68984738BD23684FF0010C0CFA01FC3A
:1071140023EA0C032360F3E708B503468C460068B2
:107124001979DA8842EA0C02FFF7CEFF08BD08B5E8
:1071340032B1012303FA01F18368DB68984708BD83
:10714400012303FA01F183681B699847F7E710B537
:1071540003691C6801238B401C4202D0B2FA82F2FC
:107164005209FFF7E4FF10BD08B520EAE070C1172B
:10717400C90341EA5041C00340F2E733C0184FF459
:107184007A724FF0000341F10001F8F7E1FF03F0D8
:1071940033F808BD38B50446006802F0DFFD48B195
:1071A40002254FF4D0112046FFF7B6FF002803DB79
:1071B400284638BD0325F4E70125F9E741817047E6
:1071C40000EBC1018368B3F5004F0AD322B14B68C9
:1071D40043F001034B6070474B6823F001034B609D
:1071E400704722B14B8843F001034B8070474B88B2
:1071F40023F001034B807047131D50F82330DBB993
:10720400C3684FF0010C0CFA02FC43EA0C03C360A0
:10721400043240F8221000EBC1038268B2F5004F3B
:1072240006D399608268B2F5004F03D3D9607047E2
:107234009980F7E7D980704710B500EBC30C8468D8
:10724400B4F5004F1CD3DCF8082000EBC10EB4F5F4
:10725400004F18D3CEF808208468B4F5004F15D336
:10726400CEF80C3000EBC2028368B3F5004F10D3A4
:10727400D1608368B3F5004F0DD3CCF8081010BD6E
:10728400BCF80420E1E7AEF80420E5E7AEF80630E8
:10729400E8E7D180EDE7ACF80410F0E708B58368BF
:1072A400B3F5004F07D300EBC10252685208012A1C
:1072B40002D0002200E00022A2B900EBC102B3F523
:1072C400004F10D352685208B3F5004F0DD3082372
:1072D4000833A2EBD3020132B2FA82F2C2F11F02E6
:1072E400FFF78AFF08BD5288EDE70423F0E7F8B5FD
:1072F400B2F5802F23D30823D21ACC1D24F007041F
:1073040001EB020C2CF0070CACEB040C4FEADC0193
:107314000460A1600023E360BCF5802F11D308232F
:107324000833A1EBD3030133B3FA83F3C3F1200E83
:10733400C3F124039B00DE1DF508002308E00423A9
:10734400DAE70423ECE71A1D002044F82200013395
:107354007345F8DB6B00BCF5802F32D36360BCF55A
:10736400802F30D300232360BCF5802F2ED3636895
:1073740043F0010363604A1B570026F00703E0183B
:10738400BCF5802F27D34760A068B0F5004F24D305
:10739400E5502CF00703A444A068B0F5004F1ED3B9
:1073A4000020CCF80400A068B0F5004F1BD3E250D5
:1073B40001222046FFF704FF29462046FFF76EFF0F
:1073C400F8BD6380CBE700232380CDE7638843F0D7
:1073D40001036380CFE74780D6E7E552D9E7002071
:1073E400ACF80200DFE7E252E2E710B50C461146C2
:1073F4001A46029BA04710BD4038C0B23A288CBF41
:10740400002001207047F8B5064603784578847853
:1074140004EB83040444002706E001342046F8F713
:10742400B1FE013004440137AF42F6D3A01BF8BDCE
:1074340070B5144668B10D46194606462BB9104678
:10744400F8F7A0FE83B2013399B22A462046B0472A
:1074540070BD1046F8F796FE0130F9E75BB32DE9ED
:10746400F04782B00746884691461D461A785E78F2
:107474009C78DB7804EB820404EB43042C444FF047
:10748400000A0AE014F8013B45F823402046F8F7C7
:1074940079FE013004440AF1010AB245F2D305F140
:1074A400080300936B684A4641463846FFF79DFF40
:1074B40002B0BDE8F0876FF0150070472DE9F04188
:1074C4000446884600273E4607E0702D18D028461B
:1074D400FFF792FFB8B9252D0ED014F8015B75B1F2
:1074E400002EF8D04745F0D02846FFF785FF002846
:1074F400F1D001370026EEE786F00106EDE700261D
:107504003046BDE8F0810026FAE70020704708B550
:1075140000F0D4FC08BD0FB400B583B004A951F841
:10752400040B0191FFF7F3FF03B05DF804EB04B023
:107534007047036913F0080F08D1C36802689342C7
:1075440007D8436A9B1A0B6001207047002008602B
:1075540070479B1A0B6000207047036913F0080FF3
:1075640007D1826843689A4203D89B1A0B600020B3
:107574007047436A82689B1A0B600120704710B5FC
:1075840082B0044601A9FFF7D4FF20B1E368019A51
:107594001344013B0193606A019BC01A013802B095
:1075A40010BD38B5036913F0040F00D138BD04468B
:1075B400856AFFF7E4FF854202D9A06AA062F5E775
:1075C4002046FFF7DCFFF9E7C3681944036913F0A9
:1075D400010F04D1426A914204D3891A02E0426A3B
:1075E400013A1140C16023F008030361704710B4ED
:1075F40000236FF3000343F0020361F39F03026A65
:10760400046842F8243003680B44026912F0010F45
:1076140004D1446AA34204D31B1B02E0446A013C24
:1076240023400360C4689C420AD043681944036938
:1076340013F0010F08D1436A994208D3C91A06E02E
:1076440042F008020261F0E7436A013B19404160DD
:1076540010BC70472DE9F04F83B0044601911746E2
:107664009846056AC66805EB860B15F8263003F0C4
:107674000303022B24D0002100233B60C8F8003010
:1076840019BB236913F0020F75D0E3695846984774
:10769400824615F8269019F001096ED015F82630A7
:1076A40013F0020F3BD0019BBBB9626852442369BB
:1076B40013F0010016D1616A8A4216D3521A14E0FB
:1076C40055F82610C1F39D01D6E72046FFF77CFF4D
:1076D400E368A3604FF001094FE019462046FFF725
:1076E40086FFE2E7616A01390A406260E168A268E4
:1076F400914206D0A2682260E26043F0080323614D
:107704003BE0524420B9616A8A4204D3521A02E02F
:10771400616A01390A40A2604FF00009EAE70146B4
:107724002046FFF751FFE368A360019B23B1236A5E
:107734002268002143F82210019B5344C8F800300A
:1077440022681344226912F0010F04D1616A8B424A
:1077540004D35B1A02E0616A01390B40236042F0F2
:107764000802226115F826306FF3000305F826306D
:10777400C7F800B001E04FF00009484603B0BDE887
:10778400F08F30B45318046914F0010F04D1456A22
:10779400AB4204D35B1B02E0456A013D2B40056804
:1077A4009D4214D000236FF3000343F0020362F3FD
:1077B4009F03046A44F8213043681344026912F0B9
:1077C400010F09D1426A934209D39B1A07E0016071
:1077D40024F00804046103E0426A013A1340436060
:1077E40030BC704738B504460D462022002102F013
:1077F400FBFDEB68E361AB68A3612B6823626B68F4
:1078040063620022A2622A6922612BB1591E0B42D3
:1078140002D142F00102226104F12C000122002174
:1078240002F087FB38BD2DE9F04F87B09A4600235C
:1078340005930393436A8B42C0F0898004468946CA
:107844009346002301930126009341E001992046C9
:10785400FFF797FF0023039345E0236A226803EBB5
:107864008201009113F822106FF3000103F8221033
:10787400C9B26FF3410103F8221023684B44226913
:1078840012F0010F04D1616A8B4204D35B1A02E047
:10789400616A01390B402360E168994201D00026F6
:1078A40008E042F008022261002603E02046FFF7C8
:1078B4009EFE2E4688F31188BFF36F8F059929B178
:1078C400A3690BB12046984700230593002E40D0AE
:1078D400EFF31187202383F31288BFF36F8FB84629
:1078E400039A002AB2D104A92046FFF722FE0546D6
:1078F40004994945B1D20028D8D15AEA0B030BD1D7
:10790400002ED7D02368019303AB05AA049920461F
:10791400FFF7A0FE0646CDE702F02FFB0028EFD1CB
:10792400002FEDD187F31188BFF36F8F04F12C0082
:107934005A465346FDF7B4FFEFF31188202383F32F
:107944001288BFF36F8FB0FA80F67609B2E700238E
:107954000093009807B0BDE8F08F70B504460D465B
:10796400C36908469847EFF31186202383F31288EE
:10797400BFF36F8F2B7843F001032B7063681844B7
:10798400236913F0010F04D1636A984204D3C01A27
:1079940002E0636A013B184060602046FFF701FE85
:1079A40086F31188BFF36F8F70BDF0B583B00446C2
:1079B4002EE053F8220080084DD143E0626A013A78
:1079C4001340A3602046FFF7FFFD01231BE013F8DB
:1079D400221041F0020103F82210A768E36930463F
:1079E40098473844236913F0010F04D1636A98421D
:1079F40004D3C01A02E0636A013B1840A06000236C
:107A040001E000231E4685F31188BFF36F8F8BB30B
:107A1400EFF31185202383F31288BFF36F8F01A93D
:107A24002046FFF79AFD236AA26803EB82060199B8
:107A34000029E6D013F8221011F0030117D002290F
:107A4400B7D0002013F8221011F0010FBFD110B9E4
:107A5400E36930469847A36801460344226912F05B
:107A6400010FABD1626A9342ABD39B1AA9E70023FF
:107A74001E46C8E7304603B0F0BD70B504460D4657
:107A8400C369084698470146EFF31186202383F320
:107A94001288BFF36F8F2B786FF300032B70236969
:107AA40013F0020F0AD0236AE26803EB8203AB42AD
:107AB40004D02B6860F39F032B600AE02B786FF3EC
:107AC40041032B70E268A3689A420BD02046FFF76B
:107AD4007BFD86F31188BFF36F8F04F12C00FDF753
:107AE4009BFE70BD0B44226912F0010F04D1626A3F
:107AF400934204D39B1A02E0626A013A1340A360E2
:107B0400E4E710B582B0EFF31184202383F31288E5
:107B1400BFF36F8F01A9FFF720FD84F31188BFF332
:107B24006F8F0198003818BF012002B010BD01F01A
:107B34000701838B23F007030B43838370472DE9ED
:107B4400F04106460F469046816821B10C683CB16D
:107B540031B90C4604E00C4602E0234621461C469B
:107B640069B14D6843463A463046A847002CF4D0E4
:107B74002368002BF2D0002CF0D12346EEE7BDE8B9
:107B8400F081838B13F0070303D102680AB1032049
:107B94007047022B03D0012B06D000207047C28B04
:107BA400002AF8D10420704703680BB10520704700
:107BB4000020704710B504468C46838B002A07DBEF
:107BC40003F007035A1F012A0ED9042B36D010BD27
:107BD400D0E900018CE803000023236063600121E5
:107BE4002046FFF7A4FFF2E7D0E900018CE8030088
:107BF400002222606260062B1BD1DCF8003053B1F6
:107C0400E28B0132E2831A461B68002BF7D0002A6C
:107C1400F5D11346F3E702212046FFF788FF2046FB
:107C2400FFF7AFFF0028D2D0A38B43F02003A38338
:107C3400CDE700212046FFF77AFFF0E70021FFF7A8
:107C440076FF2046FFF79DFF0028C0D0A38B43F0AA
:107C54002003A383BBE750B110B50C4651B1081DF6
:107C640000F0C1F810B9A368032B06D810BD6FF05B
:107C7400150070476FF01500F8E76FF01500F5E791
:107C84002DE9F04107460C4616461D461946201DAF
:107C940000F0C0F828B180462B46324621463846CB
:107CA400C047BDE8F0812DE9F04180460C461746F7
:107CB4001E4604E033463A464046FFF7E1FF21689A
:107CC40031B10D68256063688B42F3D16560F1E7DB
:107CD400BDE8F08108B5EFF311824FF0200C8CF36E
:107CE4001288BFF36F8F81610121F9F7A3F908BDF1
:107CF40070B138B50C46054669B10B6873B14B6871
:107D04007BB12022002102F06FFB2C61002038BDE2
:107D14006FF0150070476FF01500F8E76FF015006D
:107D2400F5E76FF01500F2E770B505460E46FFF76C
:107D340092FF041E2EDBEFF31182202383F31288BB
:107D4400BFF36F8FB5F81CC00CF0070CEB8B4FF62C
:107D5400FF718B422CD06446BCF1020F08D0BCF1F9
:107D6400060F19D8DFE80CF01E1818181E2A1E007A
:107D74000133EB8301230021084628B10020306041
:107D8400686808B306606E6009BB82F31188BFF3AC
:107D94006F8F0BBB204670BD6FF00404002319469F
:107DA4001846EAE7BCFA8CF1490900230120E4E70C
:107DB4006FF00A04002319461846DEE76FF08504C5
:107DC400002319461846D8E76E602E60DCE70221CE
:107DD4002846F9F72FF9DDE70023624631462846A5
:107DE400FFF74EFFD6E7024658B1436803F003039A
:107DF400012B03D0032B07D1036843B1002090600B
:107E040070476FF0150070476FF0150070476FF002
:107E1400150070470346426802F003028160032A9A
:107E240003D1006800225A6070470020FAE77047C7
:107E3400037813F0040F01D0002070470368C3F3E4
:107E44004A2000EB1350173020F0070080087047D9
:107E540010B504460368DB6803B1984763680122E0
:107E64009A7110BD002070470120704708B501F0D9
:107E740016FB08BD08B520EAE070C117C90341EA42
:107E84005041C00340F2E733C0184FF47A724FF008
:107E9400000341F10001F8F75BF902F0ADF908BD08
:107EA40008B500220023FFF7BEFC08BD08B5FFF7A4
:107EB400E4FD08BD08B5FFF724FE08BD00B585B094
:107EC400039102900020019000900346024601466F
:107ED400F9F71AFD05B05DF804FB08B50120F9F7C0
:107EE4007FFA08BD08B5F9F70FFB08BD08B5FFF721
:107EF40034FDF9F7A3FB08BD0020704708B54368BB
:107F0400DA7143681960436801225A71F9F758FA23
:107F140008BD70B5536896689B1B8B420CD30C4606
:107F2400154613680A460146981902F036FAAB68FA
:107F34002344AB60204670BD6FF01B00FBE770B5B7
:107F440088B10E4614461946054633B11030C2F3C3
:107F54004A23120D184402F020FA2C606E60284661
:107F6400F9F7AAFB70BDF9F73BFAFBE72DE9F043FB
:107F740083B006460F4615461C4603F101094FEA35
:107F8400890808F1170020F007008008F9F7B4FA0F
:107F9400002201928DF8049068B100F1140C019B49
:107FA4000361964605E055F82E304CF8043B0EF17B
:107FB400010EA645F7D3002267F3881268F3532213
:107FC40000233146FFF7BBFF03B0BDE8F08300B5E3
:107FD40083B00192012301AAFFF7C8FF03B05DF843
:107FE40004FB00B583B00092019302236A46FFF7B5
:107FF400BDFF03B05DF804FB08B5F9F7D9FB08BD74
:108004002DE9F04180460768856843681C685E680E
:1080140005E0324621462846B847241A0544002C78
:10802400F7D1D8F8043000221A60BDE8F08138B5E1
:1080340005460C464B681A68CB689A420BD06368B5
:10804400D3E8EF2F511CC3E8E01F0028F8D1A36840
:108054009D54002038BD0846FFF7D2FFEFE738B53E
:1080640004460D460A2805D029462046FFF7DFFFBF
:10807400002038BD0D20FFF7DAFFF5E708B51346F9
:108084000122F9F7FBFC08BD08B513460022F9F7F5
:10809400F5FC08BD38B505460C4601F00101FFF7B3
:1080A400F3FF21462846F9F77BFD38BD2DE9F0435F
:1080B40083B080460E4615461F46DDF828902C46B0
:1080C400102D28BF1024CDF800903B46224631469F
:1080D4004046F9F779FD26442D1BF0D103B0BDE8E5
:1080E400F0832DE9F04387B006460C469046D1F85C
:1080F40008900F88C7F382170878C0F3C2050846B2
:10810400F9F758FC011E1ADA0023214651F8105BD6
:10811400C5F34A256288C2F30B12481905B9002138
:10812400CDF81480049203900291019700220092EA
:1081340049463046F9F7AAFD07B0BDE8F083284662
:10814400F9F710FB0346E0E72DE9F04180460768A4
:10815400856843681C685E6805E032462146284607
:10816400B847241A0544002CF7D1D8F8043000226B
:108174001A60BDE8F08143681B685B6819610020E0
:10818400704743681B681A6852685360704708B5A3
:1081940043681B685A68012111751868FFF7D4FFFA
:1081A40008BD08B543681B681868F9F7B3FD08BD36
:1081B40038B50C4643681D686B681869F9F7E8F828
:1081C40003460F2221462868984738BDFEE708B5C4
:1081D40001460068F9F7F4FF08BD08B5FAF70CF892
:1081E400FAF736F808BD0020704708B5002313706D
:1081F400CB1E092B1AD8DFE803F005090D11191954
:10820400191919141146FAF779FA08BD0021FAF779
:1082140063F9FAE70021FAF7E9F9F6E7FAF76AF8F9
:10822400F3E71146FAF7DEF80020EEE7FAF7E8F88C
:108234000020EAE708B540B2FAF7F8FB08BD08B534
:10824400013140B2FAF700FC08BD08B50021012055
:10825400F9F7B6FF08BDD0F8943083F30B88704764
:1082640061B662B680F31188BFF36F8F704708B5AB
:1082740072B6002383F31188BFF36F8F00F019F9EE
:1082840050B1BFF34F8F30BF00BF00BF00BF00BF6E
:1082940000BF00BF00BF00BF62B6BFF36F8F08BD51
:1082A40010B5044672B6002383F31188BFF36F8FB1
:1082B40000F0FFF850B1BFF34F8F20BF00BF00BFE5
:1082C40000BF00BF00BF00BF00BF00BF84F3118820
:1082D400BFF36F8F62B610BD40E800F010F4803F2A
:1082E40001D0C0B270476FF01500704708B50B6835
:1082F40023F01F0C0B7A03F01F0ECA6822F01F0232
:108304005B0942EA430242F001024CEA0E01FAF729
:108314007DFC08BD43681F2B08D913F01F0F07D13C
:10832400036813F01F0F05D000207047002070472A
:10833400002070470120704770B504460E46FFF7D1
:10834400CBFF05463444601EFFF7C6FF854201D1CA
:10835400284670BD6FF01505FAE710B584B00B68B8
:1083640000934C68B1F808C09DF808206CF304022F
:108374008DF808204989D2B261F347128DF808209C
:1083840023F01F032344013B23F01F030393694697
:10839400FAF796FC04B010BDF0B587B0054605A801
:1083A400F9F722FD0646002422E05768095827F011
:1083B4001F0392681344013B23F01F0301970291AA
:1083C4009DF80C20012161F304028DF80C20D2B237
:1083D400022161F347128DF80C20049301A9287837
:1083E400FAF76EFC002847DB2B7801332B7001343D
:1083F400B44244D22001059901EB0412D3681B0D49
:108404001B05B3F5001FD0D0B3F5800F1BD0B3F517
:10841400801FECD15768095827F01F039268134452
:10842400013B23F01F03019702919DF80C200121C9
:1084340061F304028DF80C20D2B261F347128DF877
:108444000C200493CAE75768095827F01F03926861
:108454001344013B23F01F03019702919DF80C2064
:10846400062161F304028DF80C20D2B26FF3471297
:108474008DF80C200493B1E76FF0150000E00020A4
:1084840007B0F0BD08B5FAF70FFD08BD08B5FAF757
:10849400E7FB08BD08B50B6949699847002008BD8A
:1084A40008B5FAF77BFD002008BD08B5FAF7F0FD22
:1084B40008BD08B5FAF7AEFD08BD08B5FFF7F5FF2E
:1084C40008BD08B5FAF790FD08BD4FF47F03D3F853
:1084D4003021D3F83431072A01D000207047042B0F
:1084E40003D8022B03D300207047012070470120DA
:1084F400704738B505460C464FF050230122C3F8A7
:1085040014260020FAF73AFE00212846A04738BD79
:1085140070B5044619B10123C0F8143670BDFFF7D5
:10852400D4FF18B90023C4F81436F7E70126C4F8B9
:1085340018660025C4F81456052001F06BF8C4F839
:108544001466304601F066F8C4F81456C4F8185698
:10855400E4E738B505460C460120FAF70FFE002182
:108564004FF05020FFF7D4FF00212846A04738BD24
:108574000346032929D8DFE801F0020D1823D3F8B4
:108584001804C0F300400AB3D3F8183403F003030B
:1085940013707047D3F80C04C0F30040B2B1D3F8A1
:1085A4000C3403F0010313707047D3F85C04C0F378
:1085B40000405AB1D3F85C3403F0010313707047E0
:1085C400D3F85404C0F3004070470020704700699A
:1085D40001EB41018900803108447047406801EB98
:1085E400410100EB81007047006900EB41107047C6
:1085F40008B5C9B2FFF7EBFF806800F0070008BDBB
:10860400EFF31182202383F31288BFF36F8F036883
:1086140013F0C00301D08B4207D101230360002073
:1086240082F31188BFF36F8F70474FF0FF30F7E785
:10863400EFF31182202383F31288BFF36F8F036853
:1086440003F0C00C03F00703012B08D08C4509D0BC
:108654004FF0FF3082F31188BFF36F8F70470160D2
:108664000020F7E76FF07700F4E7EFF3118220239F
:1086740083F31288BFF36F8F036803F0C00343F0E2
:108684000203036082F31188BFF36F8F7047F8B55C
:1086940006460C46FFF79BFF05684768002340F831
:1086A400083BFFF7E2FF1DB13A4621463046A84792
:1086B400F8BD70B506461546CCB22146FFF787FFD4
:1086C40029460830FFF79CFF002806DB2146304688
:1086D400FFF784FF43689847002070BD08B58022E7
:1086E400FFF7E7FF08BD2DE9F041064690461F4617
:1086F400CDB22946FFF76BFF044606990830FFF711
:1087040097FF002809DBC4F80080676029463046DB
:10871400FFF764FF036898470020BDE8F08110B5B7
:1087240082B080240094FFF7DEFF02B010BD10B5C4
:108734001446C9B2FFF758FF0021A04710BD08B581
:108744000120FCF73BF808BD08B50320FCF736F818
:1087540008BD08B50220FCF731F808BD08B50020B3
:10876400FCF72CF808BD08B5012001F003F808BD9A
:1087740008B5032000F0FEFF08BD08B5022000F094
:10878400F9FF08BD08B5002000F0F4FF08BD08B5E6
:1087940020EAE070C117C90341EA5041C00340F226
:1087A400E733C0184FF47A724FF0000341F100012F
:1087B400F7F7CEFC01F020FD08BD08B51046FDF723
:1087C4002BF808BD0B4639B11168196041688A421B
:1087D40009D00023136070471368036041688A421C
:1087E400F7D14360F5E74360F3E708B50A46036849
:1087F400002101E019461B682BB19342FAD1FFF71F
:10880400E1FF012000E0002008BD38B505460C4614
:108814000321A047002806DB01212846A0470028A1
:1088240000DB002038BD10F1860FFBD1F4E770B5F2
:1088340004460D461646036833B1FFF7D6FF70B9F8
:108844001EB96FF0150006E032B123682B60256075
:10885400636843B1002070BD6FF01500FBE7002E84
:10886400F3D10020F7E765600020F4E770B50E4609
:108874001546016821B10C683CB131B90C4604E0DD
:108884000C4602E0234621461C4671B18A682A4000
:1088940002D04B6830469847002CF3D02368002B55
:1088A400F1D0002CEFD12346EDE770BD006900380C
:1088B40018BF0120704710F0100F04D110F0200FE2
:1088C40003D100207047032070470120704743689C
:1088D4005B681B690B600020704743685B6802EAB1
:1088E400010021EA02019860D960002070474368C2
:1088F4005B6899600020704743685B68D96000201A
:10890400704743685A68536821EA03000B4090603B
:10891400D36000207047B0F5800F07D0B1F1C06F6D
:108924000DD0B1F1007F08D001207047B1F1007F74
:1089340001D00520704704207047022070470320AF
:10894400704708B500690430FFF771FF08BD10B522
:1089540000F01F044009FAF75BFE30B101460069DC
:108964000122A2400430FFF781FF10BD00207047B0
:108974000020704708B521B1012905D06FF08500AA
:1089840008BDFFF7F3FFFBE7FFF7F2FFF8E708B5D1
:108994001146103001F0D0F908BD00B543681360EA
:1089A40001E008331360136890F808C0D0F804E0BD
:1089B4000EEBCC0C634505D293F805C08C45F0D181
:1089C400002001E06FF001005DF804FB08B511B967
:1089D400FAF7F2FF08BDFAF7DBFFFBE738B5054607
:1089E4000C460321A047002806DB01212846A047A6
:1089F400002800DB002038BD10F1860FFBD1F4E71E
:108A040043681B68EFF31182202181F31288BFF3BE
:108A14006F8FD3F8201131B10021C3F82011D3F89E
:108A240020110121D96082F31188BFF36F8F704741
:108A340043681B68D3F88004C3F880047047436814
:108A44001A685B6803F00103D2F8581129B933B9E5
:108A5400D2F820312BB90020704701207047002044
:108A640070470120704708B503691A6813680BB191
:108A74005268984708BD00B587B00023019302935C
:108A840003930493059304238DF8043002910DEBB2
:108A94000301FFF7E8FF07B05DF804FB4368187DA6
:108AA400012814BF00200120704700B587B0026977
:108AB40000230193029303930493059302238DF8F7
:108AC400043013681B6C029313689B6C039304912A
:108AD40001A9FFF7C8FF07B05DF804FB10B50369EF
:108AE4001B6840680068EFF3118C4FF0200E8EF382
:108AF4001288BFF36F8F1C6CACB1DC6CB4B9D96451
:108B04001A65C0F83415C0F83825042A11D9D0F8EC
:108B1400003243EA0E03C0F8003200208CF31188BF
:108B2400BFF36F8F10BD6FF00C00F7E76FF00F000D
:108B3400F4E70020F2E70369186820B101601B68BC
:108B44005A60002070476FF08500704700B587B009
:108B540000230193029303930493059303238DF855
:108B6400043003691A6843681968936DD26D13431E
:108B740002D00423C1F8043301A9FFF774FF07B03E
:108B84005DF804FB43681A689B6AC2F83435052310
:108B9400C2F838350123D362D2F81031002BFBD050
:108BA4000023C2F81031D2F81031D2F84C0130B1A0
:108BB4000023C2F84C31D2F84C31D2F83C05C0B293
:108BC400704710B4445844B11A4201D1002005E062
:108BD400002343504358012000E0002010BC70479C
:108BE400426813680069006868B9D3F8100168B175
:108BF400126B12780A700020C3F81001D3F8102108
:108C040001221A6070476FF0850070474FF0FF3003
:108C1400704708B520EAE070C117C90341EA504122
:108C2400C00340F2E733C0184FF47A724FF00003E8
:108C340041F10001F7F78CFA01F0DEFA08BD70B5D6
:108C4400064612E075B1EFF31184202383F31288F2
:108C5400BFF36F8F3046FFF7F2FE98B984F31188A3
:108C6400BFF36F8F0120FFF7D4FF64243046FFF772
:108C7400E6FE05460028E5D1012000F0CBFC013CCE
:108C8400F4D1DFE7204670BD10B582B0044601AAD6
:108C9400FFF783FE002805DB019B22681979186819
:108CA400FAF79EFE02B010BD10B543681C6800219F
:108CB400D868FFF7E9FF0823C4F8003510BD08B5EC
:108CC400026993681943916013F0030F00D008BD43
:108CD400FFF7EAFFFBE710B543681C68C4F84415C6
:108CE400C4F848250022C4F82021D4F82011C4F87F
:108CF4005821D4F858215B6813F0040F02D10123E2
:108D0400A36010BD0121FFF7DAFFF8E738B5054687
:108D14000C4643681B684FF48002C3F80423FFF732
:108D24008EFE20B92368012283F8B82038BD236859
:108D3400002283F8B82023684FF0FF32C3F8B42030
:108D44002368D3F8AC20D3F8A8102846FFF7C3FF54
:108D5400ECE743685A6812F0040F00D0704710B56E
:108D640004460021D868FFF78FFF2046FFF79CFFD9
:108D740010BD012904D108B5FFF7EBFF002008BDA1
:108D84006FF08500704710B502694468936823EA60
:108D94000101916011F0030F00D010BD43681B68FE
:108DA4000022C3F800250121E068FFF76DFFF4E716
:108DB40030B587B0044642680369196800230193FB
:108DC400029303930493059305208DF8040081F81E
:108DD4006130536813F0040F05D101A92046FFF751
:108DE40042FE07B030BDEFF31185202383F31288D0
:108DF400BFF36F8F02212046FFF7C5FF85F311886B
:108E0400BFF36F8FE9E770B50446466803691D68D0
:108E1400296C19B1FFF72FFE00232B6495F86230FB
:108E24006BB1002385F8623063681B680022C3F8C5
:108E34000821D3F808312046FFF7BAFF70BD7368E4
:108E440013F0040FF0D02046FFF79CFE85F8600075
:108E5400EAE770B50E4603691D6843681C6805F1AE
:108E6400080001F087FAEFF31182202383F31288BC
:108E7400BFF36F8FEB6C53B1D4F8003223F02003AF
:108E8400C4F800320023C4F84C31D4F84C31002328
:108E940085F8613016B1012385F8623001236360DF
:108EA40082F31188BFF36F8F002070BD08B503698A
:108EB4001B681B6C1BB10121FFF7CBFF08BD6FF0D2
:108EC4000D00FBE710B586B0044643681968D1F875
:108ED40080240023019302930393049305930623B0
:108EE4008DF8043012F0010F08D112F0020F14D1E2
:108EF40012F0040F13D102F0080300E001238DF8EF
:108F04000830C1F8802401A92046FFF7ACFD0021F8
:108F14002046FFF79EFF06B010BD0223EFE70423AF
:108F2400EDE738B50369426815681A68D2F8A010ED
:108F340051B1002482F8B8401868683001F01AFA78
:108F44000123EB60204638BD6FF00D00FBE708B548
:108F5400406BFFF7E6FF08BD70B5054603691C6862
:108F640043681E6804F1080001F004FAD6F83C35A1
:108F740094F860101944002384F86030A36CC91A73
:108F840001D400292CDC216C2846FFF774FDE36C26
:108F94002364236D63640023E3642365A36494F86A
:108FA4006130E3B1EFF31182202383F31288BFF31E
:108FB4006F8F236CC3B1D6F84C3133B901233360BE
:108FC4000023C6F84431D6F84431D6F8003223F0F1
:108FD4002003C6F8003282F31188BFF36F8F70BD8F
:108FE4002846FFF762FDCEE701237360F3E710B56F
:108FF400046940682368D3F8A420D3F8B010521A47
:1090040001D1002010BD082A28BF0822C3F8AC20D3
:109014002368406AC3F8A8002368D3F8A010D3F8E3
:10902400B030194401F0B9F90120EBE72DE9F04122
:1090340086B00546436804691F68EFF3118820224F
:1090440082F31288BFF36F8F2268D2F8B41000291C
:1090540046DBD2F8B4605B6813F0040F43D188F3A5
:109064001188BFF36F8F2368D3F8A020002A34D06F
:1090740093F8B81000293FD1D3F8A8108A4206D03B
:10908400D3F8AC20964247D0D3F8B0301E442068C1
:10909400683001F06FF90023019302930393049362
:1090A40005932368D3F8A030029303962368D3F87A
:1090B400A4309E4202D001238DF804304FF4800383
:1090C400C7F8083322680023C2F8A0302268C2F827
:1090D400A43001A92846FFF7C6FC06B0BDE8F0811C
:1090E400D7F84C65B7E74FF48003C7F8083301217C
:1090F4002846FFF748FEB2E7EFF31186202383F3F7
:109104001288BFF36F8F21462846FFF7FFFD86F3D1
:109114001188BFF36F8FE0E7D3F8B0203244C3F86F
:10912400B0202846FFF763FF18B92368D3F8B0606E
:10913400ADE7EFF31186202383F31288BFF36F8F1B
:1091440021462846FFF7E2FD86F31188BFF36F8FAF
:10915400C3E7436B5A6812681B691B68D2F808118D
:1091640099B10021C2F80811D2F80821596530B527
:1091740083B003F10800D3E9162300240025CDE9C8
:109184000045FDF72DFB03B030BD596D0131596524
:109194000429ECD1012353607047D0B582B0036930
:1091A400426814681A68002151651B6803F10800BD
:1091B400D3E9162300260027CDE90067FDF710FB4D
:1091C4000423C4F8083302B0D0BD38B545682C6810
:1091D4006B6813F0010F23D100220823C4F8003573
:1091E400EB6AC4F844350023C4F848350123A3606E
:1091F40072B9D4F82031002BFBD00023C4F82031FD
:10920400D4F820310123E3604FF48073C4F80433AD
:10921400D4F85831002BFBD00020C4F8000538BD29
:1092240001692046FAF7C4FE0028F8DB0122D4E7DE
:1092340010B50446002201210820FFF700F8082099
:10924400FEF7F8FF00212046FAF7D8FE10BD2DE9FD
:10925400F041064643681C680769D7F80080D4F8D3
:1092640004532B4604224FF484712046FFF7A9FCD3
:10927400E8BB2B464FF400724FF492712046FFF77F
:10928400A0FCC0BB2B4610224FF488712046FFF788
:1092940098FCA0BB15F4002F05D0D4F84C3113B1C1
:1092A400D4F81031A3B315F4003F05D0D4F84431F9
:1092B40013B1D4F810319BB315F4807F02D0D4F8E5
:1092C4002031ABBB15F4800F02D0D4F858319BBBCE
:1092D40007F10803D3E8EF2F22F00401C3E8E01FED
:1092E4000028F7D112F0040F2AD1BDE8F0813046EE
:1092F400FFF753FFBDE73046FFF7E4FDC2E7002365
:10930400C4F81031D4F810313046FFF725FEC1E718
:10931400C4F84C31D4F84C313046FFF717FCC2E79F
:10932400C4F84431D4F844313046FFF76CFDC3E748
:109334003046FFF765FBC5E73046FFF777FEC7E722
:10934400D8F844103046FFF7B0FBD8F84010304648
:10935400FFF791FB0023C8F84430C8F8403030468A
:10936400FFF726FDC1E700B5A2F5807E4FEA9E0E09
:109374004FF0010C0CFA0EFC1CEA010F0DD08158C1
:1093840009B900200AE00021815082581BB11A68F3
:109394004CEA02021A60012000E000205DF804FBA0
:1093A40070B582B006460D460024019409E0A2007F
:1093B40001AB02F5A07229463046FFF7D4FF013411
:1093C400E4B2032CF3D915F0010F02D0D6F8003122
:1093D40043B915F0020F02D0D6F8043163B90198ED
:1093E40002B070BD0023C6F80031D6F80031019BED
:1093F40043F001030193ECE70023C6F80431D6F8E7
:109404000431019B43F002030193E8E7401A20F082
:109414007F40704700F150039B009BB203F150233F
:1094240003F580331868003818BF0120704700F135
:1094340050039B009BB203F1502303F580330022B9
:109444001A601B68704720F07F407047EFF311806B
:10945400202383F31288BFF36F8F704780F3118842
:10946400BFF36F8F7047F0B585B0044617461D46AD
:10947400FAF762FE06469DF8303002930B9B019387
:109484000A9B00933A462B462046FAF713FF0546FB
:1094940031462046FAF79EFE284605B0F0BD08B5D1
:1094A400FAF7E8FE08BD08B5FDF7DAF908BD08B516
:1094B400F8F7ACFCF8F7C0FDFFF7F5FF08BD4FF473
:1094C4007F03D3F83021D3F83431072A01D00020A8
:1094D4007047023B002B04D8DFE803F001000120B1
:1094E4007047002070474FF47F03D3F83021D3F83E
:1094F4003431072A01D000207047042B07D008D844
:10950400023B012B01D80120704700207047002046
:109514007047002070474FF47F03D3F83021D3F80D
:109524003431072A01D000207047023B002B04D8B5
:10953400DFE803F0010001207047002070474FF47A
:109544007F03D3F83021D3F83431072A01D0002027
:109554007047012070474FF47F03D3F83021D3F8CC
:109564003431072A01D000207047023B002B04D875
:10957400DFE803F0010001207047002070474FF43A
:109584007F03D3F83021D3F83431072A01D00020E7
:109594007047023B002B04D8DFE803F001000120F0
:1095A4007047002070474FF47F03D3F83021D3F87D
:1095B4003431072A01D000207047023B002B04D825
:1095C400DFE803F0010001207047002070474FF4EA
:1095D4007F03D3F83021D3F83431072A01D0002097
:1095E4007047012070474FF47F03D3F83021D3F83C
:1095F4003431072A01D000207047042B03D8022BF2
:1096040003D300207047012070470120704708B53C
:10961400804708BD08B500F09BFB08BD40F0004042
:10962400C1F88000704740F00040C1F880007047E6
:1096340038B504461546FFF7F1FF29462046FFF7E3
:10964400F2FF38BD0346032929D8DFE801F0020DF3
:109654001823D3F81804C0F300400AB3D3F818341D
:1096640003F0030313707047D3F80C04C0F30040F5
:10967400B2B1D3F80C3403F0010313707047D3F87C
:109684005C04C0F300405AB1D3F85C3403F0010326
:1096940013707047D3F85404C0F30040704700209F
:1096A40070470120704708B50520F9F7E1F900B1CA
:1096B40008BD0520FEF7BEFDFAE770B582B0064688
:1096C400032840D8DFE800F00225191F0C224FF4CC
:1096D400827302214FF05020C0F808130244012184
:1096E4001160034400221A601B688DF807108E4233
:1096F40014D0002542F2107418E024224FF492731F
:109704004FF40071E6E71C224FF490734FF480711C
:10971400E0E704224FF480730121DBE70DF1070534
:10972400E8E70120FFF776FF013C0CD02A463146DA
:109734004FF05020FFF786FF28B1002DF1D09DF89F
:109744000730012BEDD002B070BD38B50446037864
:10975400022B06D0012B00D000231D461BB1284646
:1097640038BD0123F9E70020FFF7A7FFFFF799FFB2
:109774002070F4E708B5FFF7A0FF08BD08B5FBF7B4
:10978400DBF808BD10B401F5A27150F8214024F4AF
:109794004F3424F4407440F8214050F82140120220
:1097A40002F47C521B0403F440331A43144340F87C
:1097B400214010BC704710B401F5A27150F821404B
:1097C40024F4991424F4F85440F8214050F821402A
:1097D400120202F47C521B0403F440331A439DF832
:1097E40004301B0503F480131A43144340F821404A
:1097F40010BC704700B5A2F5807E4FEA9E0E4FF074
:10980400010C0CFA0EFC1CEA010F0DD0815809B9A9
:1098140000200AE00021815082581BB11A684CEAEA
:1098240002021A60012000E000205DF804FBF0B59C
:1098340083B007460D4616460024019409E0E2B2BF
:10984400920001AB02F5807229463846FFF7D2FF39
:109854000134B442F3D3002D02DB019803B0F0BD10
:1098640001AB4FF4BE7229463846FFF7C3FFF4E755
:1098740000B583B00021019100910B460122FBF752
:1098840065F803B05DF804FB00B585B08DF80F10E2
:109894000DF10F030193002100910B460A46FBF7DB
:1098A4007FF805B05DF804FB38B50D460079FBF789
:1098B4003FF904462846FBF731F9083034F8100024
:1098C40000F0010038BD38B50D460079FBF730F9DA
:1098D40004462846FBF722F9083034F81000C0F398
:1098E400401038BD38B50D460079FBF721F9044620
:1098F4002846FBF713F9083034F8100010F01C0068
:1099040018BF012038BD38B50D460079FBF710F9B2
:1099140004462846FBF702F9083034F81000C0F377
:10992400400038BD38B504460D46FFF7ECFF30B1B2
:1099340029462046FFF7C7FF18B1012000E00020A8
:1099440038BD0020FCE708B5FFF7DDFF80F001001B
:10995400C0B208BD7047704738B50D460079FBF7B3
:10996400E7F804462846FBF7D9F8083034F8100025
:10997400400B38BD032894BF00200120704770B508
:1099840006460D46002404E04FF0FF33AB4211D0ED
:1099940001342F2C0CD83079FBF7CAF804F10803F2
:1099A40030F8133013F4807FEED0C3F34323EDE794
:1099B400002000E0012070BD38B504460D46FFF7D5
:1099C40082FFB8B129462046FFF7BDFF90B1294672
:1099D4002046FFF7C1FF226801238340C2F8083301
:1099E400226800F5A27052F8203023F0030342F8F5
:1099F400203003E000212846FFF746FF38BDF8B5C4
:109A040006460F4615460024002C03DD4FF0FF34B4
:109A14002046F8BD3079FBF78BF850F83430BB4260
:109A240001D00134F0E700EBC4035B68AB42F8D12A
:109A3400EEE738B50C460079FBF77AF80546204680
:109A4400FBF76CF8083035F81030C3F38203042BAD
:109A540009D0052B01D1022006E02046FBF700F8CF
:109A640018B1032000E0032038BD0220FCE710B544
:109A740004460846FBF752F8083034F8103013F463
:109A8400807F04D0C3F3432304EBC30010BD002044
:109A9400FCE770B504460E4615460079FBF748F816
:109AA40086602079FBF744F8C56070BD08B500797D
:109AB400FBF73EF890F88C00003818BF012008BD71
:109AC40070B504460D461646FFF7FDFE00B3294661
:109AD4002046FFF738FFD8B129462046FFF73CFF60
:109AE4002268830003F580739BB2002199509B5830
:109AF400226800F5A27152F8213043F0010342F8C4
:109B04002130B6B1226801238340C2F8043310E047
:109B14002368D3F80423002A03DB4FF00042C3F880
:109B2400042329462046FFF784FF01462846FFF711
:109B3400ABFE70BDF8B504460D461646FFF797FF19
:109B440020B10768426831462846B847A3681BB16C
:109B5400E268314628469847F8BDF8B507460E46F0
:109B640014461D461046FFF705FF60B9022D1DD0AF
:109B740002213046FFF788FE032C1BD0022D17D09C
:109B8400032D1DD0F8BD224631463846FFF7D2FFDB
:109B94003046FAF779FFA842F4D100213046FFF7A6
:109BA40073FE29463046FFF76FFEEBE70321E0E73B
:109BB400012CE5D1224631463846FFF7BBFFE1E7E9
:109BC400022CDFD1F6E770B505460846FAF7A6FF82
:109BD40004462879FAF7ACFF04F1080330F813308F
:109BE40013F4807F0BD0C3F34326083423F4F853D3
:109BF40020F8143031462846FFF7C1FE00B170BD8D
:109C04002879FAF795FF002340F836302879FAF7D7
:109C14008FFF31467830FAF77FFDF0E770B50446E0
:109C24000D46FFF750FE58B1266829462046FFF737
:109C340093FE00F5A270002346F8203046F8203049
:109C440029462046FFF7BFFF2079FAF771FF044643
:109C54002846FAF763FF0830002324F8103070BD5B
:109C640070B504460D461E4604984FF0000C01E002
:109C74000CF1010C84450ED25FFA8CF2920002F5CD
:109C840080719208012303FA02F21542F0D00023F6
:109C940063506358ECE7002D04DA0023C4F87C31E8
:109CA400D4F87C3144F30730FEF7C4FA0EB1C4F89B
:109CB400045370BDF8B506460D46144619E094FAEF
:109CC400A4F3B3FA83F301229A4024EA020403F1D1
:109CD4003C0205EB4202978803F5A27356F8230071
:109CE400C0F30140FFF736FE024639462846FFF727
:109CF40021FF002CE3D1F8BD08B5FBF731F808BD0E
:109D040008B5FAF71DFF08BD08B5FFF7C2FE08BD88
:109D140008B5FAF793FF08BD08B5FBF7F5F808BDD9
:109D240008B5FFF7C3FE08BD08B5FBF7C9F808BDC1
:109D340008B5FBF7DFF808BD08B5FAF7C3FF08BD9F
:109D440008B5FFF7BDFE08BD08B5FFF735FE08BD31
:109D540000B9704708B5FEF7B4FB08BD60B1C3682D
:109D64005A7812F0010F03D01B781BB10020704702
:109D7400002070470120704700207047EFF31183E3
:109D8400202383F31288BFF36F8FFEE710B50446D8
:109D9400436983B1984730B100280ADBFF2800DD0E
:109DA400FF20E3681870E268537843F001035370AE
:109DB40010BD4042F2E70020F5E708B500F014FBBF
:109DC40008BD08B500F0E9FA08BD8169C36841EA35
:109DD400030212F0030F10D1002202614269013A1A
:109DE40002FB013304E002691A60036182699B1A71
:109DF400C2689A42F7D9002070476FF01500704787
:109E04000120704710B5044643618261C16000239C
:109E1400C3610372FFF7D9FF002801DB246064608B
:109E240010BD2DE9F84304460D46FFF7E9FFB0B134
:109E340004F10807EFF31186202383F31288BFF39C
:109E44006F8F2369A3B123692B602561E369013B0B
:109E5400E36186F31188BFF36F8FBDE8F8830023B5
:109E640083F31188BFF36F8F0423184602DFF4E7EE
:109E7400D4F80080444517D0B8F1000918BF4FF05A
:109E84000109B8F1000F12D1B9F1000FDBD00023A2
:109E9400C8F8AC30C8F81050404600F00BF9314611
:109EA4003846FCF71FF8D8E74FF00008E4E7D8F885
:109EB4000420D8F8003013605A600023C8F800303A
:109EC400C8F8043098F80D2022F0020288F80D201A
:109ED400C8F8083008F1180000F0FEF9D4E708B516
:109EE400EFF31183202383F31288BFF36F8FFEF700
:109EF400BEF9F5E700BF7047884200DA014611F168
:109F04007F0F01DB084670476FF07E00704708B58D
:109F1400806890F90E308B4201D1002008BDFBF718
:109F24003BFFFBE7034600209860D8601B605B6042
:109F340070473AB18A4208D38160C26000604060D1
:109F4400002070476FF0150070476FF015007047E0
:109F5400F8B505460E46D41D24F007040F193946FA
:109F6400F8F762F9073020F00700C5F89460C5F8E7
:109F74009840C5F89C00381AF8BDEFF30580003806
:109F840018BF012070477430704710B400248460F7
:109F9400037342738173C4738461C46110BC7047DA
:109FA400F0B587B00446129E139D00270597109FB5
:109FB40004970F9F03970E9F02970D9F01970C9F85
:109FC4000097FBF7B5FCB5F1FF3F08BFB6F1FF3FC3
:109FD40002D1204607B0F0BD32462B462046FBF79F
:109FE40087FCF6E70020704738B504460D46FBF7BA
:109FF40085FD637B43F00203637335B3A5602B686F
:10A004009D420DD100230BE05A6862602360146006
:10A014005C601AE01A4669688A420FD01B687BB1FB
:10A0240073B194F90E1093F90E209142F2D0521AA2
:10A03400002AE9DC1A46002BEDD1F0E70023EEE715
:10A044006B68256063601C606C6038BD08B51830AF
:10A0540000F042F908BD70B50646046884421AD07F
:10A06400DCB16268236813605A600025256065606E
:10A07400637B23F002036373A56004F1180000F00E
:10A084002BF9C4F8AC502046FBF7DEFC3468A6423A
:10A09400E6D12C46E4E70024E2E770BD70B504463F
:10A0A40016461D46FFF7A0FF32462B462046FBF717
:10A0B400E3FD70BD38B504460023EFF3118520227B
:10A0C40082F31288BFF36F8F04E085F31188BFF326
:10A0D4006F8F012343B92046FFF784FF0028F4D192
:10A0E4002046FBF7B1FCF0E738BD0023EFF3118104
:10A0F400202282F31288BFF36F8F10E04268036856
:10A1040013605A60002303604360427B22F0020222
:10A114004273836081F31188BFF36F8F01231BB9EE
:10A124008368002BEAD1F5E7704738B5044600236D
:10A13400EFF31185202282F31288BFF36F8F0BE0B7
:10A14400637B23F0040363732046FBF77DFC85F3F4
:10A154001188BFF36F8F01239BB9637B13F0280F22
:10A16400F5D1A368002BEBD06268236813605A60B2
:10A17400002323606360627B22F002026273A360A7
:10A18400DEE738BD08B501211838FFF7CEFF08BD5A
:10A1940001460023EFF3118C202282F31288BFF3CF
:10A1A4006F8F184605E000208CF31188BFF36F8F82
:10A1B40001238BB908688142F5D00028F4D04268A5
:10A1C400036813605A60002303604360427B22F0FB
:10A1D400020242738360E7E7704708B5EFF311802A
:10A1E400202383F31288BFF36F8FFBF791FE08BD22
:10A1F400031D43608360704738B504460D46FBF782
:10A2040045FF84462046B5F1FF3F08BFB4F1FF3F48
:10A214002CD04FEAEC72510141EADC614FEA4C1355
:10A22400B3EB0C0361EB0201890041EA93719B00DB
:10A2340013EB0C0042EB0103DB0043EA5073C00054
:10A2440047F6FF72801843F10003B0F5004F73F135
:10A2540000020AD36FF40042824243F6FF729A412D
:10A2640005D3C00B40EA434000E0002038BD6FF046
:10A274000040FBE710B50446FCF7FAF848B1024683
:10A284000369416920691B18606941EB000113618E
:10A2940051616268236813605A600023236063601D
:10A2A40010BD10B50446FCF7D9F878B103694269CA
:10A2B4001B1B62EBE472B3F1004F72F1000108DA88
:10A2C400002A01DB184610BD0023FBE76FF00040B5
:10A2D400F9E76FF00040F6E7F8B504460023EFF322
:10A2E4001187202282F31288BFF36F8F6FF015005D
:10A2F4000CE0FCF7C9F8FFF7D4FF0021FAF7D8F80F
:10A30400304687F31188BFF36F8F01231E468BB944
:10A314002368002BF5D0FCF7A1F805462046FFF78B
:10A32400A9FF00224FF00043C4E90423A542E0D072
:10A334003046E6E7F8BD08B5FCF7B6F908BD08B540
:10A34400FCF7B2F908BD08B5EFF31180202383F3BD
:10A354001288BFF36F8FFBF7DBFD08BD0162426219
:10A364000023036300F118028261C2610360436049
:10A374004363704710B50446FFF7AEFF60B9636AE4
:10A384000BB12046984704F11800FFF701FF18B1FC
:10A39400FFF790FEFFF7D7FF10BD0A44431E91421A
:10A3A40000D1704710B511F8014B914203F8014FE9
:10A3B400F9D110BD884210B501EB020402D98442E0
:10A3C400234607D8431EA14208D011F8012B03F8F5
:10A3D400012FF8E7024401468A4200D110BD13F868
:10A3E400014D02F8014DF7E702440346934200D1C0
:10A3F400704703F8011BF9E710B50139044632B17F
:10A4040011F8013F013A00F8013B002BF7D100217C
:10A41400FFF7EAFF204610BD0246014410B58A4208
:10A42400134603D01C780132002CF8D1181A10BD41
:10A43400F0B5C3F13707044603F01F031046FFB21B
:10A44400082BE6B232D0102B3DD06508A40845EAAB
:10A45400C17544EA81748A082D1942EB5102290915
:10A4640041EA02716D1842EB1212290A41EA0261B3
:10A474006D1842EB1222290C41EA02416D1842EB9D
:10A484001242AD1842F10002EC0844EA4274D108C9
:10A4940004EB8402A6EB4205EDB2092D0CD901347C
:10A4A400A5F10A0541F10001EDB212E0E40806F05D
:10A4B400070544EA4174C908303554EA010200F83A
:10A4C400015BBDD1F0BD240906F00F0544EA017417
:10A4D4000909092D84BFED19EDB2EDE7D1E9043284
:10A4E40093421EBF5A1C0A611870704701480068E5
:08A4F40070470000F00E00208B
:08A4FC008C5CFF7F01000000F1
:10A50400000000005CA50000E95500000000000008
:10A51400000000009CA50000000000007CA50000D5
:10A52400AB9400000000000000000000BCA5000087
:10A534000D350000000000005D4300000000000035
:10A544003913000000000000C92F000000000000C3
:08A55400B394000000000000B8
:10A55C004CB2000090B2000028A80000DC000020E3
:10A56C00600F0020213400000000000000000000FB
:10A57C00C0B20000D8B2000004A80000DE00002029
:10A58C0014100020E538000000000000000000005E
:10A59C00CCB20000F0B2000004A80000E0000020E3
:10A5AC0020100020E5380000000000000000000032
:10A5BC0034B3000050B3000044A80000E2000020B7
:10A5CC004000002035920000000000000000000058
:10A5DC00000000004F820000000000004F820000CD
:10A5EC00000000004F820000000000004F820000BD
:10A5FC00000000004F820000C548000013960000C8
:10A60C00000000004F820000000000004F8200009C
:10A61C00BCA5000053920000000000004F82000017
:10A62C00000000004F820000000000004F8200007C
:10A63C00000000004F8200007D50000013960000C7
:10A64C00000000004F820000000000004F8200005C
:10A65C00000000004F820000000000004F8200004C
:10A66C00000000004F820000000000004F8200003C
:10A67C00000000004F820000000000007544000044
:10A68C00000000004F820000000000004F8200001C
:10A69C00000000004F820000000000004F8200000C
:10A6AC00000000004F820000000000004F820000FC
:10A6BC00000000004F820000000000004F820000EC
:10A6CC00000000004F820000000000004F820000DC
:10A6DC00000000004F820000000000004F820000CC
:10A6EC00000000004F820000000000004F820000BC
:10A6FC00000000004F820000000000004F820000AC
:10A70C00000000004F820000000000004F8200009B
:10A71C00000000004F820000000000004F8200008B
:10A72C00000000004F820000000000004F8200007B
:10A73C00000000004F820000000000004F8200006B
:10A74C00000000004F820000000000004F8200005B
:10A75C00000000004F820000000000004F8200004B
:10A76C00000000004F820000000000004F8200003B
:10A77C00000000004F820000000000004F8200002B
:10A78C00000000004F820000000000004F8200001B
:10A79C00000000004F820000000000004F8200000B
:10A7AC00000000004F820000000000004F820000FB
:10A7BC00000000004F820000000000004F820000EB
:10A7CC00000000004F820000000000004F820000DB
:10A7DC00000000004F820000000000004F820000CB
:10A7EC00000000004F820000000000004F820000BB
:08A7FC00000000004F82000084
:10A8040031370000D3880000DF880000F38800009F
:10A81400FD880000078900003136000047890000E8
:04A824000000000030
:10A82800E9330000E18600002387000000000000F3
:0CA83800F585000000000000000000009A
:10A844003B8B0000A93E0000278F0000FD3C000068
:10A85400E18A0000B18E0000E58B0000593C000045
:04A86400358A000031
:10A8680068A9000003000000A4A90000030000007C
:10A8780050AA00000300000080B20000030000009E
:10A8880090AA00000300000094AA00000300000042
:10A89800FCAB00000300000080B1000003000000D2
:10A8A800CCB40000030000002CB20000030000003C
:08A8B80040B3000003000000A2
:10A8C00020AC000008000020E8AB00000100000000
:10A8D000040000000F00000001000000080000005C
:10A8E0002000000060000000700000000D0000006B
:10A8F0000C0000000E00000050000000740000007A
:10A90000A8000000FFFFFFFFFFFFFFFFFFFFFFFFAB
:04A91000FFFFFFFF47
:10A920007CA500000600000000258450002884500B
:10A930000338FDD8704700004C454420535441541F
:10A9400045203A20257320007472756500000000D0
:10A950004C454420535441544520257320000000A9
:10A9600066616C73650000004C45443000000000D7
:10A9700044454641554C5420434F4E535452554341
:10A98000544F522049532043414C4C4544200A0027
:10A9900055415254204953204E4F54205245414472
:10A9A000590A0000556172740000000028756E732A
:10A9B00069676E6564292063686172202A20757357
:10A9C000656420666F722025257020617267756D41
:10A9D000656E742E2049742773207265636F6D6DE8
:10A9E000656E64656420746F20636173742069749C
:10A9F00020746F20766F6964202A20626563617518
:10AA00007365206974206D617920636175736520B9
:10AA10006D69736265686176696F7220696E206323
:10AA200065727461696E20636F6E666967757261C5
:10AA300074696F6E732E20537472696E673A2225A3
:10AA4000732220617267756D656E743A256400002B
:10AA500063627072696E74665F7061636B61676573
:10AA6000000000006C6F6767696E670038020020A5
:10AA700000010000DF7E0000357E000002000000C3
:10AA8000E78000000000000000000000000000005F
:10AA90006C6F67006C6F675F6D676D74000000001E
:10AAA0004D65737361676520282225732229206410
:10AAB000726F70706564206265636175736520698B
:10AAC0007420657863656564732073697A65206CAA
:10AAD000696D69746174696F6E202825752900009D
:10AAE0004D6573736167652064726F707065642073
:10AAF0006265636175736520697420657863656557
:10AB000064732073697A65206C696D697461746916
:10AB10006F6E2028257529005B2530386C755D2007
:10AB2000000000005B253032753A253032753A2539
:10AB30003032752E253033752C253033755D20006D
:10AB40001B5B306D000000002573000025732E0094
:10AB500025733A20000000003C25733E20000000D1
:10AB600025732F002530327820000000202020009F
:10AB70007C00000025630000206D657373616765CC
:10AB8000732064726F70706564202D2D2D0D0A1B6B
:10AB90005B306D001B5B313B33316D2D2D2D200063
:10ABA0001B5B313B33316D001B5B313B33336D003D
:10ABB0006572720077726E00696E6600646267008B
:10ABC00000000000A0AB0000A8AB000000000000E7
:10ABD0000000000000000000B0AB0000B4AB0000BB
:10ABE000B8AB0000BCAB00006C6F675F6261636B69
:10ABF000656E645F75617274000000006C6F675F62
:10AC0000756172740000000010AC0000A8090020FB
:10AC1000C91D0000C0090020CC090020010000006F
:10AC2000B5810000A78100009381000087810000AA
:10AC3000000000007B810000000000002A2A2A207A
:10AC4000426F6F74696E67206E524620436F6E6E5E
:10AC50006563742053444B2076332E312E312D659D
:10AC60003261393766653235373861202A2A2A0A37
:10AC7000000000002A2A2A205573696E67205A6551
:10AC800070687972204F532076342E312E39392D49
:10AC9000666638663063353739656562202A2A2A48
:10ACA0000A00000000000000D18100006D7574658D
:10ACB000785F696E69742063616C6C656420776984
:10ACC0007468204E554C4C20706172616D657465DE
:10ACD00072000000436F756C64206E6F7420616CAD
:10ACE0006C6F63617465206D75746578206265664C
:10ACF0006F726520696E697469616C697A696E67E3
:10AD00000000000028000020200000201800002083
:10AD10000000000010000020B51F0000591F0000B7
:10AD2000DD1E0000711E000072302F61313A2020BC
:10AD3000307825303878202072312F61323A202047
:10AD4000307825303878202072322F61333A202035
:10AD5000307825303878000072332F61343A202063
:10AD6000307825303878207231322F69703A2020BF
:10AD7000307825303878207231342F6C723A2020A8
:10AD8000307825303878000020787073723A2020AF
:10AD900030782530387800004661756C74696E67CC
:10ADA00020696E737472756374696F6E2061646478
:10ADB0007265737320287231352F7063293A203001
:10ADC0007825303878000000556E68616E646C65D7
:10ADD00064204952516E3A20256400005350534577
:10ADE0004C20696E20746872656164206D6F6465C3
:10ADF00020646F6573206E6F7420696E646963618F
:10AE000074652050535000002A2A2A2A2A205553BC
:10AE1000414745204641554C54202A2A2A2A2A00D7
:10AE200020204469766973696F6E206279207A65A3
:10AE3000726F00002020556E616C69676E6564203A
:10AE40006D656D6F727920616363657373000000D7
:10AE50002020537461636B206F766572666C6F7728
:10AE60002028636F6E746578742061726561206E4E
:10AE70006F742076616C69642900000020204E6F99
:10AE800020636F70726F636573736F7220696E7386
:10AE90007472756374696F6E730000002020496CD2
:10AEA0006C6567616C206C6F6164206F662045582B
:10AEB000435F52455455524E20696E746F20504383
:10AEC000000000002020496C6C6567616C20757380
:10AED00065206F662074686520455053520000005D
:10AEE0002020417474656D707420746F20657865DE
:10AEF0006375746520756E646566696E6564206946
:10AF00006E737472756374696F6E00002A2A2A2A40
:10AF10002A204465627567206D6F6E69746F7220B8
:10AF2000657863657074696F6E202A2A2A2A2A0060
:10AF300052657365727665642045786365707469DF
:10AF40006F6E20280000000053707572696F757372
:10AF500020696E7465727275707420284952512090
:10AF6000000000002A2A2A2A2A2025732025642985
:10AF7000202A2A2A2A2A00002A2A2A2A2A204D5050
:10AF800055204641554C54202A2A2A2A2A000000DE
:10AF90002020537461636B696E67206572726F72F3
:10AFA0002028636F6E746578742061726561206D0E
:10AFB00069676874206265206E6F742076616C69C1
:10AFC000642900002020556E737461636B696E679D
:10AFD000206572726F72000020204461746120410C
:10AFE00063636573732056696F6C6174696F6E007B
:10AFF00020204D4D46415220416464726573733A7E
:10B0000020307825780000002020496E7374727516
:10B010006374696F6E204163636573732056696F53
:10B020006C6174696F6E00002020466C6F617469FA
:10B030006E672D706F696E74206C617A79207374FD
:10B0400061746520707265736572766174696F6E84
:10B05000206572726F7200002A2A2A2A2A2042551D
:10B0600053204641554C54202A2A2A2A2A000000FF
:10B070002020537461636B696E67206572726F7212
:10B0800000000000202050726563697365206461D0
:10B09000746120627573206572726F720000000027
:10B0A00020204246415220416464726573733A2005
:10B0B00030782578000000002020496D70726563AB
:10B0C00069736520646174612062757320657272B2
:10B0D0006F7200002020496E737472756374696F1B
:10B0E0006E20627573206572726F72002A2A2A2A96
:10B0F0002A2048415244204641554C54202A2A2AAD
:10B100002A2A00002020427573206661756C742025
:10B110006F6E20766563746F72207461626C652057
:10B12000726561640000000020204465627567203C
:10B130006576656E7400000020204661756C742091
:10B14000657363616C6174696F6E20287365652037
:10B1500062656C6F77290000415243485F45584350
:10B16000455054207769746820726561736F6E2052
:10B1700025780A0000000020000000000600010001
:10B180006D7075004661696C656420746F20616C38
:10B190006C6F63617465206E6577204D5055207229
:10B1A0006567696F6E2025750A0000005061727432
:10B1B0006974696F6E2025753A2073616E697479C0
:10B1C00020636865636B206661696C65642E0000AE
:10B1D000496E76616C696420756E6465726C79691C
:10B1E0006E6720726567696F6E20696E646578208E
:10B1F00025750000020000000CB20000464C4153CF
:10B20000485F30005352414D5F30000000000000A5
:10B21000FCB1000006000000E0FF0F00000000206D
:10B2200004B2000021000000E0FF0620736F6300FD
:10B230002120252457850000F7840000000000002D
:10B24000E9310000C931000000000000636C6F6349
:10B250006B403530303000006866636C6B00000076
:10B260006C66636C6B0000006866636C6B3139322E
:10B270006D0000006866636C6B617564696F000047
:10B28000636C6F636B5F636F6E74726F6C00000052
:10B290006D320000DD32000058B20000618700000E
:10B2A0008987000060B20000578700007F87000098
:10B2B00068B200004D8700007587000074B200007E
:10B2C0006770696F40383432383030006770696FAA
:10B2D0004038343235303000FFFF00000028845001
:10B2E000000000000100000000D00050000000003D
:10B2F000FFFFFFFF00258450000000000000000059
:10B3000000D0005000000000000102030405060701
:10B310000B0000004661696C656420746F20616CED
:10B320006C6F6361746520505049204368616E6E94
:10B33000656C000075617274403830303000000078
:10B34000756172745F6E7266785F756172746500A4
:10B3500000800050050000000000000084B30000E1
:10B360000000D60100000000000000000000000006
:10B3700000000000341000202C100020FE120020DD
:10B38000FD1200200080005090B30000010000007A
:10B3900098B3000004000000140000001300000235
:10B3A0001606000115060003002030303030303022
:10B3B000303030303030303000010000000100000B
:10B3C00008000000030000004350552065786365C5
:10B3D0007074696F6E000000556E68616E646C6514
:10B3E0006420696E74657272757074005374616361
:10B3F0006B206F766572666C6F7700004B65726EBE
:10B40000656C206F6F7073004B65726E656C207099
:10B41000616E696300000000556E6B6E6F776E2081
:10B420006572726F72000000756E6B6E6F776E00E2
:10B4300048616C74696E672073797374656D000080
:10B440003E3E3E205A455048595220464154414CB8
:10B45000204552524F522025643A202573206F6EAA
:10B4600020435055202564004661756C7420647536
:10B4700072696E6720696E74657272757074206887
:10B48000616E646C696E670A000000004375727239
:10B49000656E74207468726561643A202570202896
:10B4A0002573290069646C65000000006D61696E98
:10B4B0000000000004A5000004A500003CA5000059
:10B4C00044A500005CA500005CA500006F730000AF
:10B4D000FF8FFFFFFF8FFFFFFE8FFFFFFE8FFFFF3E
:10B4E000FD8FFFFFFC8FFFFFFC8FFFFFFB8FFFFF38
:10B4F0006D757465785F667265652063616C6C65F7
:10B50000642077697468204E554C4C2070617261DC
:10B510006D6574657200000043616E277420696E6A
:10B52000697469616C697A65206D757465782C2021
:10B53000776173204E554C4C0D0A0000436F756CBB
:10B5400064206E6F74206C6F636B20706F77657210
:10B550002073617665206D75746578000020202069
:10B5600020202020202028282828282020202020B3
:10B570002020202020202020202020202088101083
:10B5800010101010101010101010101010040404DF
:10B59000040404040404041010101010101041419D
:10B5A000414141410101010101010101010101018B
:10B5B000010101010101010110101010101042429F
:10B5C000424242420202020202020202020202025B
:10B5D00002020202020202021010101020000000FB
:10B5E000000000000000000000000000000000005B
:10B5F000000000000000000000000000000000004B
:10B60000000000000000000000000000000000003A
:10B61000000000000000000000000000000000002A
:10B62000000000000000000000000000000000001A
:10B63000000000000000000000000000000000000A
:10B6400000000000000000000000000000000000FA
:10B6500000000000000000000000000000286E75DF
:0CB660006C6C29002A666C6F61742A0073
:10B66C000F750000697E000008AC000000000000AF
:10B67C00380100203A0000004C0100203A00000084
:10B68C00240100203A000000600100203A00000074
:10B69C0000000000A5840000000000000000000075
:10B6AC0078060020000000000000000000000000F0
:10B6BC000090D0030070015000000000FFFFFFFF5E
:10B6CC003F000000FFFFFFFF3F000000FF000000F5
:10B6DC0090020000740000207400002000000000A4
:10B6EC009D680000C0000020B8000020B0000020C1
:10B6FC0000000000A8000020C969000015690000C6
:10B70C004969000091690000241100203A00003AB8
:10B71C00281100203A00003A2C1100203A00003A7F
:10B72C00301100203A00003AD00000209400002094
:0CB73C008C000020880000208400002009
:08B748000000000000000000F9
:10B7500000000000000000000000000000000000E9
:10B7600000000000000000000000000000000000D9
:10B7700000000000000000000000000000000000C9
:0CB78000000000000000000000000000BD
:04B78C0000000000B9
:10B79000240100202401002000000000000000001F
:10B7A0000E000000380100203801002000000000D9
:10B7B000000000000E0000004C0100204C010020A1
:10B7C00000000000000000000E00000060010020EA
:10B7D0006001002000000000000000000E000000DA
:10B7E000740100207401002000000000010000002E
:04B7F00015E015E06B
:040000030000288D44
:00000001FF
