:020000040000FA
:10000000583A0020E12B0000EDCB0000CD2B000082
:10001000CD2B0000CD2B0000CD2B0000CD2B000000
:10002000000000000000000000000000612D000042
:10003000CD2B000000000000F92C0000CD2B0000AB
:10004000152F0000152F0000152F0000152F0000A0
:10005000152F0000152F0000152F0000152F000090
:10006000152F0000152F0000152F0000152F000080
:10007000152F0000152F0000152F0000152F000070
:10008000152F0000152F0000152F0000152F000060
:10009000152F0000152F0000152F0000152F000050
:1000A000152F0000152F0000152F0000152F000040
:1000B000152F0000152F0000152F0000152F000030
:1000C000152F0000152F0000152F0000152F000020
:1000D000152F0000152F0000152F0000152F000010
:1000E000152F0000152F0000152F0000152F000000
:1000F000152F0000152F0000152F0000152F0000F0
:10010000152F0000152F0000152F0000152F0000DF
:10011000152F0000152F0000152F0000152F0000CF
:10012000152F0000152F0000152F0000152F0000BF
:10013000152F0000152F0000152F0000152F0000AF
:10014000152F0000152F0000152F0000152F00009F
:10015000152F000053B94AB9002908BF00281CBF59
:100160004FF0FF314FF0FF3000F00CB8ADF1080C4C
:100170006DE904CE00F010F8DDF804E0DDE90223BB
:1001800004B07047704700BF034613F8012B002AE4
:10019000FBD1181A013870472DE9F04786468C4686
:1001A0000846089E154674461946002B40F0C1804B
:1001B0008542B2FA82F245D94AB1C2F1200300FA6F
:1001C00002FC954094402EFA03F343EA0C0C4FEAEC
:1001D000154EA8B2230CBCFBFEF80EFB18CC08FB96
:1001E00000F943EA0C43994528D9EB1808F1FF3789
:1001F00004D2994502D9A8F102072B44A3EB0903C5
:10020000A4B2B3FBFEFC0EFB1C330CFB00F044EA73
:100210000344A04214D92C190CF1FF3304D2A0429C
:1002200002D9ACF102032C44241A43EA07401EB160
:10023000D440002334607360BDE8F0874746DDE7B3
:100240006346F1E792BB431B01214FEA154EAFB263
:10025000200CB3FBFEFC0EFB1C330CFB07F840EA42
:100260000343984561D9EB180CF1FF3004D298454F
:1002700002D9ACF102002B44A3EB0803A4B2B3FBF8
:10028000FEFC0EFB1C330CFB07F744EA0344A742B9
:100290004DD92C190CF1FF3304D2A74202D9ACF18D
:1002A00002032C44E41B43EA0040C0E7C2F12003F0
:1002B0009540944020FA03F12EFA03F34FEA154ECD
:1002C0009040AFB20343B1FBFEFC0EFB1C10190CB7
:1002D0000CFB07F841EA0041884522D969180CF166
:1002E000FF3004D2884502D9ACF102002944A1EBC9
:1002F00008019BB2B1FBFEFC0EFB1C110CFB07F7C7
:1003000043EA01439F420ED9EB180CF1FF3104D2AE
:100310009F4202D9ACF102012B44DB1B41EA0041B0
:1003200093E76046E3E76146F7E76046A4E7634684
:10033000B8E7834206D916B9002108467CE7C6E92A
:1003400000E0F9E7B3FA83F78FB9834201D372452E
:1003500008D8BEEB020460EB030301209C461EB9E3
:10036000002169E73846FAE7C6E9004CF8E7C7F12B
:10037000200CBB400EFA07F522FA0CF42EFA0CF111
:10038000BA401C4320FA0CF3B8404FEA1449014329
:100390001FFA84FEB3FBF9F809FB18300B0C08FBBD
:1003A0000EFA43EA00439A4540D9E31808F1FF30BA
:1003B00004D29A4502D9A8F102002344A3EB0A0310
:1003C00089B2B3FBF9F809FB183308FB0EFE41EACA
:1003D00003418E452CD9611808F1FF3304D28E45B4
:1003E00002D9A8F10203214443EA0040A1EB0E0127
:1003F000A0FB02984145CE46434602D306D14D4567
:1004000004D20138B9EB020E68EB0403002EA7D02A
:10041000B5EB0E0261EB030101FA0CFC22FA07F3C3
:10042000F9404CEA0303C6E9003199E74046C5E7C5
:100430004346D9E710B507480BF00BF9064C2046A8
:100440000EF04DFB05480BF004F920460EF047FB7B
:1004500010BD00BFA400010020A107009C00010006
:1004600010B5074C00220023204606F085FBA36848
:10047000DBB2044A032104480CF0AFFA10BD00BF00
:10048000E801002038FF0000C4FB000010B5064C56
:10049000204606F02DFBA368DBB2044A0321044882
:1004A0000CF09BFA10BD00BFE801002054FF0000D3
:1004B000C4FB00002DE9F04786B000AFC7E06FF045
:1004C000004C60E06B4A03216B480CF07CFA23E09F
:1004D000BCF1130F6FDD14213AB1052038740020F0
:1004E0007874B874F874386918616FF300056FF3A5
:1004F00041056FF382056FF3C505032363F3881588
:10050000C1F30A0363F353256FF31F5500232946F4
:10051000594801F0F9FAB5460134E4B2022C4DD83D
:10052000282007F0EBF980460028CBD028220021B4
:100530000EF043FF042107F110000CF04CFD04EB1A
:10054000440608EB86063B697360042107F110003E
:100550000CF041FD3B69B360042107F110000CF081
:100560003AFD3B69F360414644480EF053FC716824
:10057000B068D6F80C806E468AB06B4613F1100254
:100580009DD04FF0140C002AA2D0E646BCF1040F17
:1005900003DDDFF8EC90C3F81490BEF1080F00DD26
:1005A0009961BEF10C0F00DDD861BEF1100F8FDD37
:1005B000C3F820808CE76FF01B018DE7FFF766FF23
:1005C00002F0D6FCC7E9040107F1100107F10800A9
:1005D0000CF090FB0CF097FB6C4688B06B4613F167
:1005E000100240D010265AB1B446042E03DDDFF8C5
:1005F00094E0C3F814E0BCF1080F01DD9861D96103
:100600000F2E33DD10213AB10420387100207871AB
:10061000B871F871786818616FF3000A6FF3410AD6
:100620006FF3820A6FF3C50A032363F3881AC1F3D9
:100630000A0161F3532A6FF31F5A002351460E48F3
:1006400001F062FAA54644F620600BF00CF802F0C7
:10065000CDFF02F0D9FF02F08BFCC7E90201FFF7E2
:10066000FFFE00245AE76FF00046BCE76FF01B0165
:10067000C9E700BF70FF0000C4FB0000F8010020C4
:1006800090FF0000CCFF00002DE9F04F85B000AFD7
:10069000AAE0674A012167480CF095F925E06FF060
:1006A000004148E013295CDD14213AB1052038717E
:1006B00000207871B871F871786818616FF30005DF
:1006C0006FF341056FF382056FF3C505032363F3F1
:1006D0008815C1F30A0363F353256FF31F550023F5
:1006E0002946544801F010FACD4640460EF00FFE60
:1006F0000134E4B2022C37D84FF0FF324FF0FF3311
:100700004D4806F0BBF980460028C2D004EB4403F4
:1007100000EB8303D3F804C0D3F808E004EB4403F0
:1007200000EB8303D3F80CA0E9468AB06B4613F1C3
:100730001002B4D01421002AB4D00846042903DDE5
:10074000DFF8F8B0C3F814B0082801DDC3F818C00A
:100750000C2801DDC3F81CE01028A3DDC3F820A09D
:10076000A0E76FF01B01A0E7FFF790FE07F108007C
:100770000AF08FFF6C4688B06B4613F1100251D01F
:100780004FF0100C62B1E646BCF1040F03DDDFF858
:10079000B080C3F81480BEF1080F01DD9861D96103
:1007A000BCF10F0F41DD10213AB104203871002057
:1007B0007871B871F871786818616FF300066FF39B
:1007C00041066FF382066FF3C506032363F38816B1
:1007D000C1F30A0161F353266FF31F56002331461C
:1007E000144801F091F9A5460EF046FD4A0142EA8F
:1007F000D06243011B1A62EB0102920042EA93723B
:100800009B001B1842EB0102D20042EA5372C3F371
:10081000103343EA4243D20BBB60FA60FFF720FE7D
:10082000002467E76FF0004CACE76FF01B01BBE7FB
:10083000F0FF0000C4FB0000F801002008000100E8
:100840003C00010010B582B000F02AF800F03CF83E
:1008500000F074F800F05EF800F066F80C4C01222D
:100860002146D02000F084F823780A4A03210A4860
:100870000CF0B3F84FF480320023CDE900234FF49D
:1008800080420023054806F0E1FF002002B010BDC1
:100890000C1E002060000100C4FB00003801002095
:1008A00008B5064B18680EF020F900B108BD044ADF
:1008B000032104480CF087F8F8E700BF000000208F
:1008C000AC000100CCFB000008B50D480EF00DF99E
:1008D00058B14FF4D0110B480AF026FF4FF4D01155
:1008E00009480AF021FF012008BD05480EF0FDF877
:1008F0000028EED1054A032105480CF064F8E8E72A
:1009000018F80000EC000100E4000100C80001003C
:10091000BCFB000008B50022062102480AF01FFFB8
:1009200008BD00BF18F8000008B5002207210248E2
:100930000AF015FF08BD00BF18F8000008B5084808
:100940000EF0D3F828B1074A032107480CF03BF812
:1009500008BD064A012104480CF035F8F8E700BF4D
:1009600098F8000010010100D4FB0000F400010021
:1009700070B582B00D4616468DF8070076230DF14E
:10098000070110480AF00FFF041E0ADB76233246E7
:1009900029460C480AF015FF041E0ADB002002B0AD
:1009A00070BD2346084A012108480CF016F860B2D1
:1009B000F5E72346064A012104480CF00EF860B220
:1009C000EDE700BF98F8000028010100D4FB00000B
:1009D000580101002DE9F04F91B0059202931346A2
:1009E00002F004020092C3F3C20210F00303019369
:1009F00040F02B8280468A460132041D00284FD0E9
:100A0000B8F1000F05D0A4EB08030433534500F2FE
:100A10001F82029B5D1E019B049306930393002695
:100A20004FF0FF3B0427B946B8F1000F01D0029BFD
:100A30002360531E0793002A40F35D81059B13F04A
:100A4000020228D00120A4EB08018B081AB1B1F5ED
:100A5000007F80F0038203990F2900F20282B8F12F
:100A6000000F00F06081DBB201F140026A4402F83D
:100A7000103C02F820BC002800F0518163F07F0395
:100A800001F140026A4402F8103C049B01330493D4
:100A9000039B0133039304340022CC4640463DE0DF
:100AA00001F0070A5444CAF1080AA9E7002634E015
:100AB000002632E0002630E00827BC462DE025293C
:100AC0002BD10BF1010B01260427BC4625E0472959
:100AD000EED82A2914D32A39C9B24FF0010E0EFAE2
:100AE00001F14FF6DA7E11EA0E0F16D111F0625FB6
:100AF00040F0C08011F0010F40F08C8000260CE027
:100B0000252903D10BF1FF3B002606E001D9002681
:100B100003E0202901D02329CCD11D466B1C697824
:100B2000002900F01981002EC9D07A29BED84C299D
:100B3000CDD34C392E2961D80FF2040E5EF821F086
:100B40001B0B0000FD0B0000FD0B0000FD0B000067
:100B5000FD0B0000FD0B0000FD0B0000FD0B000075
:100B6000FD0B0000FD0B0000FD0B0000FD0B000065
:100B70000D0C0000FD0B0000FD0B0000FD0B000044
:100B8000FD0B0000FD0B0000FD0B0000FD0B000045
:100B9000FD0B0000750C0000FD0B00000D0C0000AB
:100BA0000D0C0000750C0000750C0000750C0000A9
:100BB0001B0B00000D0C0000B90A0000FD0B00002B
:100BC0001B0B0000FD0B0000D10C00000D0C000001
:100BD000D10C0000FD0B0000FD0B0000D90C000043
:100BE000070C00000D0C0000FD0B0000FD0B0000C9
:100BF0000D0C0000FD0B0000010C000000268CE72E
:100C00000427BC4689E70427BC4686E729786C2977
:100C100024D000263C44013CB4FBF7F407FB04F469
:100C200020B1211A6144514500F21581002A58D1A2
:100C3000BCF1040F00F08880BCF1080F40F0148173
:100C40001A99073121F0070101F108051A95D1E938
:100C5000008908B1C4E9008908345EE713F8021C72
:100C60006C2903D000260427BC46D3E700260827BA
:100C7000BC46CFE729784C291AD01A99073121F0C0
:100C8000070101F108061A96D1E90067073424F03C
:100C9000070440B1211A0831514513D829784C294D
:100CA00013D0C4E90067083400260827BC4634E79F
:100CB0001A99073121F0070101F108061A96D1E9C6
:100CC0000067E3E76FF01B00BCE0C4E90067EAE7F8
:100CD00000260427BC469DE7324600260427BC4672
:100CE00098E7E14680461A9A111D1A9112680292FD
:100CF000079A1D4698E6624B029A9A4204D3614BCA
:100D00009A420AD3002300E00023002B7FF496AE22
:100D1000059B03F00202002095E60123F5E7069B00
:100D200001330693B4E610B10AF1010AB0E6009B64
:100D300013B10AF1020AABE60298FFF725FA0AEBB3
:100D4000000303F1020AA3E61A990D1D1A9509681A
:100D500000B121600434E0E68046231AB3F5806FC9
:100D600080F0858090B1002202609B080370009B98
:100D700083B1069BC370049B88F802301BBB019DA6
:100D8000DDF80C90DDF810B0029F3DE05344A3F174
:100D9000080057E0069B4370EDE701339842EED917
:100DA00003F140026A4412F8101C12F9102C002AB8
:100DB000F3DA01F07F01A4EB08020132524559D861
:100DC00004F8011BE9E7019B0398E7E7009B43B3A5
:100DD00005F140036B4413F8203C04F8013B019EED
:100DE000A4EB080333440133534546D805F14003CF
:100DF0006B4413F8103C04F8013B32463946204658
:100E00000EF0B4FA34440135A94519D9BBF1000FED
:100E1000DCD005F140036B4413F9103C002BD5DA0C
:100E2000F1E705F140036B4413F8103C58F82370C8
:100E3000002248F823203846FFF7A6F9461CCFE7E2
:100E4000A4EB080011B0BDE8F08F6FF00D00F9E7DA
:100E50006FF01B00F6E76FF01B00F3E76FF0150073
:100E6000F0E76FF01500EDE76FF01500EAE76FF0BF
:100E70001500E7E76FF01B00E4E76FF01B00E1E708
:100E800088F70000C01101002DE9F04F97B000AFC6
:100E90008346BA613B61D7F88030C3F3C0033B623D
:100EA000F96011B90AF0ABFFF8609BF80260B14637
:100EB00036B1D7F8803013F0010F0DD1002300E0D8
:100EC00000239BF803207A6242B1D7F8802012F009
:100ED000020F22D1002202E00123F2E7002202B930
:100EE000EBB19BF80050AA00BA60DBF804207A61ED
:100EF0000BEB8505BA69F2B1002B40F00481B9F122
:100F0000000F00F00F81D7F8803013F0040F40F08D
:100F10000D810020F8610646F9E00122DFE7BB6998
:100F20001BB13A69F96858469847FC6820465C3717
:100F3000BD46BDE8F08FFC68E3B94D4400233B613A
:100F400023E00444013501364E451AD22A780023A5
:100F50005BF822201946B8690AF066FFBAF1000F63
:100F6000EFD0D7F888309845EBD22AF8180008F16E
:100F70000108E6E70026C7F81C80B046D7F884A031
:100F8000E2E7C7F81080D7F81C80D7F8803003F06C
:100F90000503FB604FF0000AA146C7F81CB09CE0B7
:100FA00000253B6A7BB9002D79D0D7F8803013F04B
:100FB000010F79D1FB68002B6FD10223A9EB030944
:100FC00088E00125EDE7594678690AF073FF0028AB
:100FD000E9D06C46002387F82C30022387F82D30A7
:100FE0008AB0694611F1100237D012251AB1042DCA
:100FF00001DDB34B4B61002387F82830022387F8CB
:1010000029306ABB112D45DD122362B1042087F817
:101010002C00002087F82D0087F82E00012087F88B
:101020002F00F86A08616FF300086FF341086FF34F
:1010300082086FF3C508022161F38818C3F30A031D
:1010400063F353286FF31F58002341469D4800F077
:101050005BFDA546A9F102093CE06FF00045C5E73C
:101060002B46082D01DD786988610C2B01DDC1F864
:101070001CB001F12003002009E000F1300C07F161
:10108000280EF4441CF830CC03F801CB01300128C1
:10109000F3D9B7E76FF01B03B7E701238EE7D7F863
:1010A000803013F0020F15D0002322461946B8698C
:1010B0000AF0BAFED7F8843053B13B69D7F88820DC
:1010C000934205D2D7F8842022F8130001333B6104
:1010D000013881440AF1010A35467B6A9A4510D2EB
:1010E0002E4616F802BB6B78FA6952F82340764B0D
:1010F0009C42FFF455AF754B9C42FFF462AF002554
:101100004FE74C4612E707F144000023FB6118B19A
:101110004A4629460EF02AF94D444FF00008C7F818
:1011200004901EE00020F8610646F0E7FE6107F13A
:1011300034000026EBE700253B6A33BB002D3BD093
:10114000D7F8803013F0010F26D0731C06F130025F
:1011500007F12801561806F8149CDEB208F10108C0
:1011600025467B6A98454AD22C4614F802AB95F87E
:1011700001905BF82930544A9342DCD3534A93429E
:1011800001D30025D8E70125D6E7514678690AF052
:1011900091FE0028D2D0E1E7D7F8803013F0040F99
:1011A000DCD0FA69531C303207F128010A4402F8F6
:1011B000249CDBB2FB61D1E7D7F8803013F0020F3B
:1011C00009D0731C06F1300207F12801561806F801
:1011D000149CDEB2C2E7F869431C00F1300107F14C
:1011E00028028A1802F824AC02460232D2B2FA610E
:1011F00007F1580252FA83F303F8249CAEE7D7F8BC
:1012000004909BF8003087F854309BF80130334449
:1012100087F85530D7F8803013F0020F0ED1FB69F4
:10122000C3F3470387F85730D7F8803013F0010F26
:1012300006D113F0040F3ED1002302E00023F1E7B2
:10124000002387F85630DBF800003863786DCBF860
:101250000000D7F810804246B9685846D7F818A061
:10126000D047041EFFF662AE386BCBF80000C7F81B
:1012700010804246F96907F13400D04700285EDB50
:1012800004EB0008B96849447B6A01EB4301D7F8D5
:1012900010904A46FB68591A2846D047041EFFF6AC
:1012A00045AE08EB04054FF00008C7F824B0B3467C
:1012B0005446CA4621E0FB69C3E74FF0000909E044
:1012C00088010100DCFB000088F70000C01101006C
:1012D0004FF000095246012107F12C00A0470028D9
:1012E0002FDB05444B463246514620460AF09CFD12
:1012F000002828DB054408F10108D84518D208F178
:10130000300307F12802134413F8143C87F82C30FB
:101310007A6A52F82360D7F88430002BCDD0D7F802
:1013200088309845D4D2D7F8843033F81890D1E774
:101330003A6900210846BB6998472C46F6E5044601
:10134000F4E50446F2E50446F0E500BF014B186001
:10135000704700BF0400002080B505460E461746C2
:10136000984605F0C7FF03460EF004FA0446DFF87E
:10137000189049F80030424639463046A84754F89C
:10138000090001F09FFC00BF080000002DE9F043B8
:1013900083B0044608461546A38B13F0080F05D109
:1013A00003F0070600230093019354E0012909D0BC
:1013B00043F02003A38385F31188BFF36F8F03B03D
:1013C000BDE8F08343F01003A383F4E720460BF05D
:1013D000D4F842E0D4F818904A46694620460BF00B
:1013E000E5F84FF00008A38B03F00707B74269D078
:1013F000A268002A66D0012243F00803A38385F384
:101400001188BFF36F8F002A64D1009B2BB14B462C
:101410003A46694620460BF042F9B8F1000F02D077
:1014200034492046C047EFF31185202383F3128807
:10143000BFF36F8FA38B23F00803A383A38B13F059
:10144000100F4DD023F01003A3830120A68B06F0CC
:1014500007060028AFD00228B8D00028ABD001384A
:1014600004282BD801A353F820F000BFD5130000A7
:10147000BD1400008114000095140000A9140000A0
:101480002369D3F80080062120460BF04CF84FF07A
:101490000009A8E72369D3F80480042120460BF053
:1014A00042F84FF000099EE72369D3F80880052130
:1014B00020460BF038F84FF0000994E74FF0000891
:1014C000C14690E7009A0AB1002295E7B8F1000FF3
:1014D00092D1B3E74A46394620460BF02CF894E700
:1014E00013F0200F04D023F02003A3830220ADE7E4
:1014F0000020ABE7CDC6000038B505460B4C00E038
:1015000010340B4B9C420FD263685B79002BF7D0F1
:10151000294620460BF0A4F90028F1D023681B6867
:10152000294620469847EBE738BD00BF34FC000051
:1015300044FC000070B506460D46084C04E02A46FF
:101540003146204698471034054B9C4204D223680C
:101550009B69002BF3D1F6E770BD00BF34FC00009F
:1015600044FC00002DE9F041074605460AE007EA81
:101570000807144B03EB06135B6804221968204626
:101580000BF0B8F9D5B195FAA5F6B6FA86F60D4C7A
:1015900004EB06140123B3406FEA030825EA0305B0
:1015A000237B002BEED03301064AD3581B69002B56
:1015B000DDD0204698470028E4D1D8E73846BDE87A
:1015C000F08100BF34FC00002DE9F04180460F4659
:1015D0001D4BD3E8EF5F6A1CC3E8E12F0029F8D167
:1015E0006DBB1A4C002607E0636804221968204688
:1015F0000BF080F901361034154B9C4211D2237B3D
:10160000002BF7D020460BF01FF923681B69002B35
:10161000EAD0204698470028E6D00123B3401D4376
:10162000E8E7B8F1000F0BD055B12846FFF79AFF55
:101630000546002FF8D00A200BF018F9F4E7002532
:101640002846BDE8F08100BF6C0B002034FC000090
:1016500044FC000008B5064B186018B1054B1B6828
:10166000092B00DC08BD044805F042FAFAE700BF88
:10167000600B0020680B0020D801002008B502484C
:1016800005F036FA08BD00BFD801002030B589B09A
:1016900000220F490F480DF0FEFD0F4D00220023E0
:1016A000CDE90623002404940E23039302940194AD
:1016B00000940A4B4FF44072094928460DF0EDFBA7
:1016C0000849284605F08EFA204609B030BD00BF13
:1016D0007D1600002808002070030020311A000049
:1016E0001826002040020100014B53F820007047EB
:1016F0005C02010048B108B5054A1060054B19604D
:10170000084600F0F5FC002008BD6FF0150070479A
:10171000080000205C0B002008B5054B1B781BB1AE
:10172000034B01221A7008BD024805F0E1F9F7E702
:101730000D1E0020D801002008B50C4BD3E8EF1F88
:101740000131C3E8E21F002AF8D130B908480DF092
:10175000AEFD084805F0CCF908BD074BD3E8EF1FF4
:101760000139C3E8E21F002AF0D0F7E7640B00203C
:1017700028080020D8010020680B0020044B00201E
:101780000146D3E8EF0FC3E8E21F002AF9D1704702
:10179000640B002038B5FFF7F1FF0546094C00E067
:1017A0001034094B9C420BD263685B79002BF7D055
:1017B00023685B68002BF3D0294620469847EFE763
:1017C00038BD00BF34FC000044FC0000034B186827
:1017D0000028D4BF00200120704700BF640B002008
:1017E00010B5044C044920460AF0F8FC034B1C6079
:1017F00010BD00BFF800002048020100580B002077
:1018000008B500230C4A13700C4A13600C4A13608D
:101810004FF400410B48FFF76DFFFFF7E1FF0A4A65
:1018200006E0094BD31A1B11013351680B711032BA
:10183000064B9A42F5D308BD0E1E0020640B002013
:10184000680B002065C8000034FC000044FC000068
:1018500008B5014601480BF01FF808BDF80000204C
:1018600008B502480AF09DFD08BD00BFF800002041
:1018700008B50146024B18680BF014F808BD00BF0C
:10188000580B002008B502480BF010F808BD00BF47
:10189000F800002010B582B000220023CDE900231B
:1018A000264B187808B902B010BD68460BF016F840
:1018B000044660B1FFF720FE2046FFF7D9FF204B1A
:1018C000D3E8EF1F0139C3E8E21F002AF8D1FFF780
:1018D0007DFF58B91B4A1368516813F57A7341F1BB
:1018E000000113605160FFF7CDFFDCE70DF0C4FC91
:1018F0004A0142EAD06243011B1A62EB01029200E4
:1019000042EA93729B001B1842EB0102D20042EAAA
:101910005372C3F3103343EA4243D20B09480168C0
:1019200040685B1A62EB000240F2E9318B4272F1CF
:101930000002CFD3FFF72EFFCCE700BF0D1E002023
:10194000680B0020200800200F4B1B7803B1704764
:1019500010B500210120FFF737FE0C4C00E01034D9
:101960000B4B9C4208D263685B79002BF7D023684D
:101970009B6820469847F2E7FFF78CFF0028FBD1D1
:10198000014B01221A7010BD0E1E002034FC000015
:1019900044FC000010B582B0184BD3E8EF2F511C67
:1019A000C3E8E01F0028F8D1154B1B7863B9154B2D
:1019B0001B68B3B1BAB1092A13D113480DF077FCF3
:1019C000124805F095F80CE0EFF31184202383F31F
:1019D0001288BFF36F8FFFF75DFF84F31188BFF3A9
:1019E0006F8F02B010BD00220023CDE900234FF419
:1019F00000420023044805F029FFF2E7680B0020AD
:101A00000E1E0020600B002028080020D8010020B6
:101A100010B50446044B1B689847A0602146034854
:101A20000AF060FF10BD00BF08000020F800002091
:101A30002DE9F04100210846FFF7C6FD804650B170
:101A400040F2676600270DF095FE154B1858FFF71A
:101A500001FE002515E04FF0FF364FF0FF37F2E7AB
:101A60004046FFF77FFD804670B94FF0FF364FF0DC
:101A7000FF3709E02C4632463B460A4805F07CF821
:101A80002546B8F1000FEBD1FFF704FF044600280C
:101A9000F6D1002DEED000210846FFF74BFDEAE716
:101AA00008000000D80100200248034BC01AC008FB
:101AB000704700BF34FC0000BCFB000010B50C46B2
:101AC000FFF7F2FFA04203D9024B53F8340010BDD8
:101AD0000020FCE7BCFB000000B589B0059206932E
:101AE0000023079362B1074A0C9B02930B9B01935F
:101AF0000A9B009305ABFFF7C7F909B05DF804FB3B
:101B00000022F1E70BC900002DE9F04F8BB004AFC4
:101B100005461E468846C1F34A24002C00F0898001
:101B200091460022FA603A617A6104230293FB181D
:101B300001930A23009307F10C0321464846FFF75F
:101B4000A3F9B0F5006F58D3D9F804106D460023FF
:101B50003B7302237B738AB004AC14F1100217D0DC
:101B600012201AB1042801DD3B4B636100233B7056
:101B700002237B70CAB10346082800DDA1610C2B4B
:101B800002DD40F2FF73E36104F1200300210AE06B
:101B90006FF00040E5E701F118063E4416F8186CB6
:101BA00003F8016B01310129F5D9112822DD122337
:101BB00042B10421397300217973B9730121F9739A
:101BC000F868206100216FF300016FF341016FF3AA
:101BD00082016FF3C501022060F38811C3F30A0389
:101BE00063F353210023C1F313011C480AF00DFFD6
:101BF000AD462DE06FF01B03DAE760F35328C0F326
:101C00000A0A0AEB1850173020F007008008FFF787
:101C10001FFE8346B0B104230293FB1801930A23ED
:101C20000093534600F1100221464846FFF754FF47
:101C300008E004EB1154173424F00704A008FFF760
:101C400007FE834633464246294658460AF073FE4D
:101C50001C37BD46BDE8F08F7C020100FCFB000094
:101C60002DE9F04F85B080460D4617461E46DDF83B
:101C700038B0DDF84090B9F1000F41D0119B0393CB
:101C800000934B460F9A10210020FEF7A3FEB0F5FB
:101C9000006F2DD282460BEB0003173323F00703AE
:101CA00000246FF300046FF341046FF3820468F3C0
:101CB000C50467F3881460F353246BF31F5498082A
:101CC000FFF7C6FD074650B11030B9F1000F06D03E
:101CD000119B00934B460F9A5146FEF77BFE33460D
:101CE0002246294638460AF026FE05B0BDE8F08FA8
:101CF00040F2FF73034A022103480AF06EFEF4E744
:101D00000020C7E7BC020100FCFB0000406820B1D6
:101D1000034BC01A40F3CF0070474FF0FF307047BD
:101D2000BCFB00000EB400B582B0014603AB53F813
:101D3000042B0193034801F00DFB02B05DF804EBA6
:101D400003B0704741CA000010B584B011F0440FD1
:101D500005D01A4B1B6833B9002004B010BD1849D8
:101D6000FFF7E0FFF9E717490968B2FBF1F2B2FBB0
:101D7000F3FC03FB1C224FF47A7E0EFB02F2B2FB53
:101D8000F3F403FB14210EFB01F1B1FBF3F10E4A56
:101D9000A2FB0C32D20A4FF4616303FB12CC0B4B53
:101DA000A3FB0CE35B0902910194C3EB0311ACEBC1
:101DB000810100910649FFF7B5FFCEE7740B0020C3
:101DC000F4020100700B0020C5B3A29189888888B5
:101DD0000003010061B108B52AB1064A52F8232078
:101DE00012B9054A00E0044A0449FFF79BFF08BD09
:101DF000704700BFA00301001C0301002403010081
:101E00002DE9F04105461746069EDDF81C8081B994
:101E100000242EB1324611492846FFF783FF0444BF
:101E2000B8F1000F14D06FB1099B042B13D00C49EB
:101E300009E00C4B099A53F822200B49FFF772FF77
:101E40000446E6E7064942462846FFF76BFF04448E
:101E50002046BDE8F0810549F5E700BF3C030100DD
:101E60002C030100B4030100340301002803010026
:101E70002DE9F04F87B005460C46049205939DF876
:101E80004C7001F0020B01F0010AC1F3C00801F42B
:101E900080790AF02DFD18B3024616492846FFF74F
:101EA00041FF0646BBF1000F1CD13A465146284679
:101EB0000AF0EDFDB9F1000F01D000231193039753
:101EC000129B0293119B0193109B00930023049A91
:101ED00041462846FFF794FF304407B0BDE8F08F35
:101EE0000026DFE7059A21462846FFF72DFF064426
:101EF000DBE700BF4003010011F0100F0BD108B564
:101F000011F0200F03D00449FFF70CFF08BD03496F
:101F1000FFF708FFFAE7704780040100E40E0100B4
:101F20002DE9F04105460F46164698460699FFF7FB
:101F3000E3FF0024444505DA24492846FFF7F2FE72
:101F40000134F7E7002409E020492846FFF7EAFEBC
:101F50000BE01F492846FFF7E5FE01340F2C0CDC8F
:101F6000002C02DD14F0070FEED0B442F1D23A5D3E
:101F700018492846FFF7D6FEEFE717492846FFF72E
:101F8000D1FE002409E011492846FFF7CBFE0BE003
:101F900012492846FFF7C6FE01340F2C13DC002C33
:101FA00002DD14F0070FEED0B44207D23A5D0C4BBD
:101FB0009B5C13F0970FEBD12E22E9E703492846EB
:101FC000FFF7B0FEE8E7BDE8F08100BF380301008D
:101FD0004C030100440301005003010054030100BD
:101FE000B11001002DE9F04184B004469DF82C5059
:101FF0000C9F0E9E95B9012B1ED019484FF000087A
:1020000027B13B462246174909F024FFC6B905BB54
:1020100020460AF0FEFC04B0BDE8F08103950A9862
:102020000290019300920B4600220F992046FFF781
:102030001FFF80460C48E3E70B484FF00008DFE73E
:102040000F9B0093434632460D9920460AF037FD18
:10205000DDE72A460F9920460AF025FDD8E700BFA4
:1020600071CA00005533000041CA00002DE9F04359
:1020700083B00646056842F20F738B4228BF0B46B9
:10208000184A0521684608F0C7F904467368D3F872
:1020900004900B27DFF8508005E04A463946404659
:1020A000A8473F1A8044002FF7D17368D3F8048003
:1020B0006F4605E0424621463846A847241A0744A1
:1020C000002CF7D173685F681B24084E05E03A4680
:1020D00021463046A847241A0644002CF7D103B005
:1020E000BDE8F083B8050100740301005803010046
:1020F000074B01221A6004E04008054A13685B00A0
:102100001360044B9842F7D8034B1860704700BF28
:10211000700B002040420F00740B002070B5064683
:102120000D46002405E0315D04488368DB6998476B
:102130000134AC42F7D3284670BD00BF78F80000E8
:10214000014B0360002070471C04010008B50348E0
:1021500009F0DDFE024809F0DAFE08BD1C040100AA
:102160005404010008B5024805F04CFC08BD00BF4E
:1021700084040100B0F5680F17D00CD840F6BA639C
:10218000984214D0B0F5683F13D03A2801D001200E
:10219000704700207047094B98420CD0084B98427A
:1021A00001D00120704700207047002070470020B8
:1021B0007047002070470020704700BF3A00003A87
:1021C0002C5F5CA928B308B54368B3F5683F0AD013
:1021D000B3F5680F14D012498B421FD0006804F089
:1021E000F7FB002014E003680022D3E8EF1F012969
:1021F00003D1C3E8E02F0028F7D10DD1104607E046
:1022000003681B7803F580730020064A42F8230018
:1022100008BD6FF4E04070470348F9E70348F7E76B
:102220002C5F5CA900000350E98FFFFFEA8FFFFFDE
:1022300088B308B54368B3F5683F0FD0B3F5680FAE
:1022400019D016498B4224D000684FF0FF324FF06E
:10225000FF3304F03DFB68B111480BE00368012235
:10226000D3E8EF1F002903D1C3E8E02F0028F7D1FE
:102270000BD1002008BD03681B7803F58073094A61
:1022800052F823301BB90020F4E70548F2E7044870
:10229000F0E70548EEE76FF4E04070472C5F5CA97B
:1022A000E98FFFFF00000350EA8FFFFF10B50446DF
:1022B000A8B16368B3F5683F10D0B3F5680F0DD0CF
:1022C0000D4A93420AD013F4686F0DD021680B4871
:1022D0000CF06EFC00232360074B636010BD084BBD
:1022E0005B6808489847E4E7236800221A605A6050
:1022F0009A60DA601A61EFE72C5F5CA9A0100020F9
:102300007C0000208C04010010B5044668B36068AE
:10231000B0F5683F28D0B0F5680F25D0174B98422C
:1023200028D0FFF727FFC0B14FF0FF324FF0FF3347
:102330002146134804F09AFA08B923681BB9114BD7
:102340005B6811489847236800221A605A609A60B7
:10235000DA601A614FF46863636020680CF0A9FCCE
:10236000636843F03A03636010BD064B5B6807483F
:102370009847CCE72368002BD3D1D5E72C5F5CA925
:10238000A01000207C000020B40401008C04010097
:1023900008B540231422044904480CF0FAFB044910
:1023A000044805F0F3FB08BDA00B0020A01000209E
:1023B000E4040100F80401002DE9F04182B000AF0F
:1023C0000446D0F800E0D0F804C085686E468AB0B4
:1023D0006B4613F1100200F0888014218AB1084680
:1023E000042903DDDFF81C81C3F81480082801DD0F
:1023F000C3F818E00C2801DDC3F81CC0102800DD6C
:102400001D62132974DD14253AB1052139710021AB
:102410007971B971F9717868186100216FF3000161
:102420006FF341016FF382016FF3C501012363F381
:102430008811C5F30A0565F353216FF31F5100237B
:102440003148FFF761FBB546D4F80CC026696569D1
:10245000E8468AB06B4613F110024CD0142182B1C9
:102460000846042903DDDFF8A4E0C3F814E00828D7
:1024700001DDC3F818C00C2800DDDE61102800DD86
:102480001D6213293ADD14253AB105213971002165
:102490007971B971F9717868186100216FF30001E1
:1024A0006FF341016FF382016FF3C501012666F3FB
:1024B0008811C5F30A0565F353216FF31F51124DBF
:1024C00000232846FFF720FBC546E369104A314642
:1024D00028460AF082FAA3690E4A314628460AF0D5
:1024E0007CFA0837BD46BDE8F0816FF0004175E722
:1024F0006FF01B0588E76FF00041B0E76FF01B0538
:10250000C2E700BF080501001CFC000038050100FF
:10251000680501007805010038B504460D4611B183
:102520000846FFF749FF012C04D02946204603F056
:102530002BFF38BDEFF30583103B034A012103480D
:102540000AF04BFAF1E700BFA80501001CFC0000EF
:1025500030BFFFF7FDBF00BF38B50446054D2A4622
:1025600005490CF003FF054A002160190CF025FF16
:1025700038BD00BF0000000088FC0000040000001F
:1025800070B50646064D074B1D444C1B2046FFF711
:10259000E3FF083CC6F8A44005F1080070BD00BF89
:1025A0000000000004000000054B5A699B689A4235
:1025B00004D0044A536843F080535360704700BF0F
:1025C0001013002000ED00E081690D4B5A6942F4C0
:1025D00080725A61BFF34F8FBFF36F8F31F8021CC7
:1025E0005A6922F480725A61BFF34F8FBFF36F8F25
:1025F0004DF60273994201D00020704701207047C8
:1026000000ED00E04FF0000C83F800C002F07F4CBA
:10261000BCF17F4F14D102F00C0CBCF1080F04D0B8
:1026200012F0080F09D00846704708B5054A012185
:1026300005480AF0C8F9002008BD01221A70704749
:1026400000207047BC0501001CFC000008B5314AA1
:10265000012131480AF0B7F9304B9B6A13F0007F33
:1026600026D11D202D4B9B6A13F0807F27D12B4B49
:102670009B6A13F4801F29D1284B9B6A13F4002F07
:102680002BD1264B9B6A13F4802F2DD1234B9B6AB1
:1026900013F4003F2FD1214B9B6A13F4803F31D1BB
:1026A0001E4A936A6FEA03436FEA1343936208BDBD
:1026B0001B4A012118480AF086F91E20D2E7194A60
:1026C000012115480AF07FF91F20D0E7164A0121A1
:1026D00011480AF078F90220CEE7144A01210E4889
:1026E0000AF071F92120CCE7114A01210A480AF0C9
:1026F0006AF92220CAE70F4A012107480AF063F964
:102700002320C8E70C4A012103480AF05CF9242081
:10271000C6E700BFE80501001CFC000000ED00E07A
:102720000006010014060100300601005C060100ED
:102730007C060100A4060100C006010008B50023C4
:102740000B70034A012103480AF03DF908BD00BFA0
:10275000EC0601001CFC000090B583B000AF0F290F
:1027600023DC2F4C103900233B7102237B718AB08C
:10277000EC461CF110021AD0122022B1042802DD0E
:10278000284BCCF8143000233B7002237B70E2B15D
:102790000346082801DDCCF818400C2B01DDCCF8ED
:1027A0001C100CF1200300210DE01F4CDAE76FF044
:1027B0000040E2E701F1080404EB070E1EF808EC04
:1027C00003F801EB01310129F4D9112824DD12238A
:1027D0004AB10421397100217971B9710121F9716E
:1027E0007868CCF8100000216FF300016FF341010D
:1027F0006FF382016FF3C501012060F38811C3F309
:102800000A0363F353216FF31F5100230748FFF7B7
:102810007BF90C37BD4690BD6FF01B03D8E700BFB6
:102820001007010044070100280701001CFC0000FC
:10283000F8B505460F461446394A012139480AF0D1
:10284000C2F8394B9B6A13F0100F31D11026364B6A
:102850009B6A13F0080F32D1334B9B6A13F0020FBF
:1028600034D1314B9B6A13F0010F4BD12E4B9B6A35
:1028700013F0200F4DD12C4B9B6A13F0100F01D198
:10288000294B9B6A284B9B6A13F0200F04D0264AE1
:10289000536A23F400535362234A936A43F0FF03BD
:1028A0009362012128460AF0A7F920703046F8BD4E
:1028B0001E4A01211B480AF086F81126C7E71C4A68
:1028C000012118480AF07FF81226C5E7194A0121AC
:1028D00014480AF078F8144A536B926A12F0800F89
:1028E00001D11326BDE7144A01210E480AF075F8FC
:1028F00037B10D4A936A23F0800393621326B0E741
:102900001326AEE70D4A012106480AF05CF81426AA
:10291000ACE70B4A012103480AF055F81526AAE74F
:10292000580701001CFC000000ED00E070070100EA
:10293000A4070100B8070100D0070100E807010063
:1029400008080100F8B505460F461446374A01212C
:1029500037480AF038F8374B9B6A13F4805F25D16B
:102960001626344B9B6A13F4006F26D1314B9B6AB9
:1029700013F4007F28D12F4B9B6A13F4806F3FD153
:102980002C4B9B6A13F4807F41D12A4B9B6A13F432
:10299000005F43D1274A936A43F47F439362012146
:1029A00028460AF029F920703046F8BD224A012154
:1029B0001F480AF008F81726D3E7204A01211C48CF
:1029C0000AF001F81826D1E71D4A0121184809F03C
:1029D000FAFF184A936B926A12F4004F01D119263C
:1029E000C9E7184A0121124809F0F7FF37B1114A27
:1029F000936A23F4004393621926BCE71926BAE7C9
:102A0000114A01210A4809F0DEFF1A26B8E70F4AE9
:102A10000121074809F0D7FF1B26BBE70C4A01211B
:102A2000034809F0D0FF1C26B4E700BF38080100B6
:102A30001CFC000000ED00E050080100A4070100AC
:102A4000640801008008010098080100B408010032
:102A50000808010070B506460D462B4A01212B4897
:102A600009F0B1FF00232B70294BDC6A14F002043B
:102A70000AD1274BDB6A002B0DDB254BDC6A14F0F7
:102A800080440ED1204670BD224A01211F4809F022
:102A90009AFF0024F6E7204A01211C4809F093FF21
:102AA000F0E71E4A0121194809F08DFF3046FFF773
:102AB0008BFD98B9164B9B6A13F0FF0F16D1144B80
:102AC0009C6A14F47F4418D1114B9B6AB3F5803F84
:102AD000D8D33046FFF7BAFD0446D3E73368104A2F
:102AE00001210A4809F079FF3468CBE72A46012121
:102AF0003046FFF79DFE0446C4E72A4601213046D2
:102B0000FFF720FF0446BDE7CC0801001CFC0000D5
:102B100000ED00E0E40801000809010018090100C7
:102B20003809010030B58BB01F4B5D68C5F308054F
:102B3000002383F31188BFF36F8F0DF12603FFF796
:102B400061FD04460DF1270229460AF057F89DF869
:102B500027300BB10BB030BD05460DF1040C2068D9
:102B60006168A268E368ACE80F0020696169A26946
:102B7000E369ACE80F009DF826304BB1089BC3F326
:102B800008025AB96FEA53236FEA4323089305E01A
:102B9000089B23F4FF7323F00103089301A928463F
:102BA000FFF7BAFCD6E700BF00ED00E0064B5A691C
:102BB00042F010025A615A6942F480625A615A69BD
:102BC00022F008025A61704700ED00E0EFF3088040
:102BD000EFF3098101B57246FFF7A4FF01BD00BF05
:102BE000002080F31488BFF36F8F002080F30A88E1
:102BF00080F30B88104880F3088800200F49087084
:102C000002F04CF900200E490860BFF34F8F00F02E
:102C10002FF8202080F311880A484FF400614018F3
:102C200080F30988EFF314800221084380F31488AD
:102C3000BFF36F8F00F0F6F8583A0020161E002000
:102C400094ED00E018290020084BD3F89000C0F361
:102C50000720002306E0054AC2F898300021C2F898
:102C6000A01001338342F6DB704700BF00ED00E0A7
:102C700010B572B6002484F31388FFF7E5FF2346EE
:102C800008E003F120010E4A4FF0FF3042F8210026
:102C90000133DBB20F2BF4D9002308E003F160010C
:102CA000074A4FF0FF3042F821000133DBB20F2B0F
:102CB000F4D962B6BFF34F8FBFF36F8F10BD00BF63
:102CC00000E100E008B50A4B9B68834202D004F0A3
:102CD00017FB08BDEFF30583002BF8D0054B5A68AE
:102CE00042F080525A605A6A22F400425A62EEE779
:102CF0001013002000ED00E016498A684FF0300004
:102D00001044EFF3098C80E8F01F202080F3128834
:102D1000BFF36F8F104F4FF000664A698A603E60C4
:102D2000D2F8A4000D4C2060D2F8A8000023C2F80D
:102D3000A83080F3118802F1300090E8F01F8CF386
:102D4000098802F1000004B509F093FFBDE80440D2
:102D5000704700001013002004ED00E0C0100020B8
:102D60001EF0040F0CBFEFF30880EFF309808169B8
:102D700011F8021C0229FFD001B5724609F030FF9C
:102D800001BD00BF002807DB00F01F02400901233E
:102D90009340024A42F82030704700BF00E100E053
:102DA00000280CDB00F01F02400901239340203073
:102DB000034A42F82030BFF34F8FBFF36F8F704745
:102DC00000E100E0002808DB4901C9B200F16040E1
:102DD00000F5614080F80013704700F00F004901D2
:102DE000C9B2014B1954704714ED00E04209054B7C
:102DF00053F8222000F01F00012303FA00F01040D6
:102E0000704700BF00E100E0044B23F07F03044A59
:102E10009360BFF34F8FBFF36F8F704700000000C8
:102E200000ED00E008B5FFF7EFFF074AD2F8883061
:102E300023F47003C2F8883003F068FC04F02CFB24
:102E400000F04EF803F0BEFC00ED00E010B4A2F17B
:102E500020040E4942F8081C21F0010142F8081C28
:102E600042F8203C019B42F81C3C029B42F8183C73
:102E7000039B42F8143C4FF0807342F8043C046515
:102E80000023C0F8A83010BC704700BF59130000E1
:102E900000B50E4615460B4B9860D0F8A4200A4B9F
:102EA0001A60D0F8943083F30B882C4686F3098897
:102EB0000020064B98472046002100220023044CA6
:102EC000204700BF10130020C01000207DCC000060
:102ED00059130000014B10221A61704700ED00E009
:102EE000002207E003F1604303F56143202183F8EA
:102EF00000130132442A09DC53B2002BF2DA03F04A
:102F00000F030349194420230B76F2E7704700BFF3
:102F1000FCEC00E008B5EFF30583103B044A02EB3C
:102F2000C301496852F833008847FFF73DFB08BDED
:102F3000B8F80000074AD2F8FC3043F08073C2F8BA
:102F4000FC30054B00225A601A6842F001021A60F8
:102F5000704700BF00ED00E0001000E0034B0022CE
:102F60005A601A6842F001021A607047001000E0CF
:102F7000014B586800217047001000E008B501F0CF
:102F80007DFF024B1868002108BD00BF54000020DF
:102F900008B5FFF7F3FF024A0023FDF7DBF808BD91
:102FA00040420F0010B584B00A4C23460A4A012162
:102FB0000A4809F09AFF0023019302930393084BF8
:102FC0000193E41A0294012101A809F092FF04B0D0
:102FD00010BD00BF000007200000002054090100C0
:102FE00010020020024B034AC3F8C020704700BF04
:102FF00000ED00E0AAFF4400034BC3F89800C3F8BB
:103000009C10C3F8A020704700ED00E00E4BC3F801
:103010009800C3F89800D3F89C000A7A60F3040281
:103020000A72D3F8A020C2F34202087A62F3471072
:103030000872D3F89C2022F01F020A60D3F8A03057
:1030400023F01F03CB60704700ED00E070B505462C
:103050000E46002400E00134A6421EDD04EB4403CA
:103060009A0005EB830359680029F4D0A85809F0A9
:1030700096FE04EB84030B4A42F8230010F1160F6E
:103080000CD0094B1B78984209DA04EB840302EB5D
:1030900083010431FFF7BAFFDDE7002070BD6FF058
:1030A0001500FBE7C41000200F1E002010B50446D9
:1030B0000A4BD3F89030C3F30723013B984203D85F
:1030C00009F047FE204610BD0346054A0121054888
:1030D00009F083FC6FF01500F5E700BF00ED00E09C
:1030E0006409010014FC00002DE9F04F87B081460F
:1030F000009101931446002648E03346614A0121BD
:10310000614809F06AFC6FF0150407E03B465F4A2E
:1031100001215D4809F061FC6FF01504204607B0FD
:10312000BDE8F08FD84564D12946C0B209F048FE09
:103130002BE0574AC2F89870D2F89C3003F01F0376
:1031400021F01F010B43C2F89C302946E0B209F080
:1031500037FE044610F1160FE0D0013415E0013BB4
:103160004B49C1F89870D1F8A02002F01F0223F05B
:103170001F031343C1F8A0302946E0B209F020FE36
:10318000044610F1160FC9D001340136009B9E424F
:10319000C4DA06EB46054FEA850A09EB85056F6838
:1031A000002FF2D0019B23B1284609F0E6FD00284C
:1031B000A3D0394659F80A0009F0F1FD074610F18D
:1031C000160FA3D08442A1DD314BC3F89800D3F889
:1031D0009C2022F01F02C3F89800D3F8A03043F0DF
:1031E0001F0859F80A306968194401F1FF3B9342FE
:1031F00098D093429DD0D845B1D0013B2449C1F825
:103200009870D1F8A02002F01F0223F01F0313438F
:10321000C1F8A0302946E0B209F0D2FD044610F111
:10322000160F3FF47BAF0130194BC3F89870D3F8F9
:103230009C109DF8102061F304028DF81020D3F843
:10324000A030C3F34203D2B263F347128DF81020CB
:1032500059F80A306A681344029323F01F03A8EB5D
:103260000B084344013B23F01F03059302A9C0B29E
:10327000FFF71CFF044610F1160F3FF44FAF013467
:1032800083E700BF8C09010014FC0000B0090100B5
:1032900000ED00E010B5034C01232278FFF724FF76
:1032A000207010BD0F1E0020044B0522C3F894208F
:1032B000BFF34F8FBFF36F8F704700BF00ED00E08B
:1032C000BFF35F8F024B0022C3F89420704700BF0A
:1032D00000ED00E038B51C4B1D681C4BD3F8903056
:1032E000C3F307239D422BD8FFF7EAFFFFF77AFECF
:1032F000002407E0144B596801EB0411204609F043
:1033000028FD0134A542F5D81148057009F077FD74
:1033100010F1160F13D00E4B1A780C4BD3F89030D7
:10332000C3F307239A4207DA084BC3F89820002119
:10333000C3F8A0100132F0E7FFF7B6FF002038BD58
:103340004FF0FF30FBE700BFD409010000ED00E0C3
:103350000F1E002030B587B00D46114600240094A2
:103360000194029403940494059402228DF802209F
:10337000044A0192049005951A46684607F012F92E
:1033800007B030BDFBCE000008B5024B1B68984764
:10339000002008BDD8100020034B1860034A937822
:1033A00043F0020393707047D810002034000020CF
:1033B00008B5064921F00701C1F1005202F5E022EB
:1033C000034808F090FC002008BD00BF5F4A0020C1
:1033D000DC10002068B108B5064A074B1B68074996
:1033E000A1FB03139B0C00FB03F042F00103984781
:1033F00008BD7047A0FC00005400002083DE1B4382
:1034000038B51A4B1B780133194AA2FB031202F498
:10341000FE7101EB92029C1AE5B20AF01FFE154BF9
:103420001B782BB1144A52F82530C01A07281AD934
:103430004FF05023D3F8143163B14FF050230022E2
:10344000C3F81421D3F81431084B1D7015B9094B7A
:1034500001221A70054B1C780AF000FE064B43F857
:103460002400012038BD0020FCE700BF111E002011
:10347000CDCCCCCC101E0020E810002000B583B0CD
:103480000DF1070001F01EFE114B98421CD1114BAB
:103490004FF48062C3F8B8254FF40062C3F83C25AE
:1034A0000D499DF807000AF09DFE0C499DF80700A4
:1034B0000AF093FE9DF807300120984001F0FCFDD2
:1034C000002003B05DF804FB6FF00B00F9E700BFCC
:1034D0000000AD0B00A002502CA0025028A1025009
:1034E00008B50121104BC3F80015104A0223C2F899
:1034F000D0360F48D0F8003223F0E04343F0405379
:10350000C0F80032D0F8043223F0E04343F04053D7
:10351000C0F80432C2F80417C2F80419C2F8001B3C
:1035200000F032F808BD00BF00100050004000500D
:103530000025845000F01F0240090CD001280CD156
:103540000748803250F8223023F0E04343EA01710B
:1035500040F8221070470348F3E70020F1E700BF6E
:10356000002884500025845038B50546002405E025
:103570002946044B185DFFF7DDFF0134032CF7D912
:1035800038BD00BF100A010008B50249024809F021
:10359000ABF808BD140A0100FC100020F0B583B0A0
:1035A00005460C4616468AB20F4883681B682946B2
:1035B00098470346C00F01D103B0F0BD56B118467D
:1035C000FAE70AF04BFD01903A4601A9A8190BF061
:1035D000CDFE3E44A64204D2A71B042FF1D90427F6
:1035E000EFE70020E8E700BF58F8000008B5054BFA
:1035F0001B7803B108BDFFF79DFC024B01221A7036
:10360000F8E700BF121E002008B5064BD3E8EF2FE5
:10361000511CC3E8E01F0028F8D102B108BDFFF734
:103620009DFCFBE71C11002000487047BC110020E6
:10363000014BC01A401170473411002038B50546BF
:103640000C46FFF7F5FF01464022034809F069FDEB
:1036500001462846A04738BDF8F7000030B583B0D2
:1036600005460C46FFF7E4FF01464023009323463E
:10367000054A064809F06FFD011E01DB03B030BDAD
:103680002846A047FAE700BF9FD10000F8F70000E6
:1036900008B5092817D8DFE800F0051C161616161D
:1036A0001616171200210D4809F0C9FC836813F0A3
:1036B000070F08D10021094809F021FD03E002218C
:1036C000064809F01CFD08BD0321044809F017FD58
:1036D000F9E70121014809F012FDF4E7F8F70000CD
:1036E00010B582B0EFF31184202383F31288BFF367
:1036F0006F8F154A136843F00201116013F0010F38
:1037000009D1002384F31188BFF36F8FB3B909F097
:103710004EFD02B010BD0DF1070201214FF0502007
:1037200009F05EFC9DF80730012B01D00023E9E78A
:10373000FFF77AFF09F0D1FC0123E3E700210348FA
:1037400009F0DDFCE5E700BFE4110020F8F7000018
:1037500010B5EFF31184202383F31288BFF36F8F2A
:10376000074A136823F00201116013F0010F04D01F
:1037700084F31188BFF36F8F10BD09F02CFDF7E7BC
:10378000E411002070B582B00546012807D14FF042
:103790005023D3F81C3403F00303022B36D00BF074
:1037A00069FB044610B92B4B1B7873B9EFF31186F4
:1037B000202383F31288BFF36F8F012494B94FF055
:1037C00050230222C3F808230CE00026F6E7FCB1E0
:1037D000304609F073FA4FF05023D3F81835DBB2B6
:1037E000012B19D00DF1070200214FF0502009F0F4
:1037F000F7FB0028EBD09DF80730022B01D0012DFC
:10380000E5D104B386F31188BFF36F8F02B070BDAA
:10381000012009F0F4FCDEE74FF05023D3F8043127
:10382000002BDFD04FF050230022C3F80421D3F83F
:1038300004210222C3F81825074A2021C2F880116A
:1038400001229A60CEE74FF050230222C3F80423EE
:10385000DCE700BF161E002000E100E000B585B0E7
:10386000CDF800D0CDF804D00023029301230393B8
:103870006B46074A09F08BFC002805DB4FF48042B9
:103880000023684603F078F905B05DF804FB00BF3B
:103890002BD2000070B5064600220121052009F058
:1038A000DCF9114801F016FC104B984219D101F0D7
:1038B00023FC0024032C12D82146304609F0BFFB1C
:1038C00005462146304609F0C7FB094908F00CFFC0
:1038D000002805DB0123AB601C44E4B2EAE70020CA
:1038E00070BD6FF00400FBE7913600000000AD0BE7
:1038F000200A010010B504460E4B0121D3E8EF2F3A
:10390000C3E8E01F0028F9D11AB1631E012B0DD9BD
:1039100010BD094809F0A0FB084900234B608B60EB
:10392000CB6001238B6008F0FBFEEEE72046FFF73B
:1039300029FFEDE730110020F8F7000020110020EA
:1039400010B504460A2806D0E1B206488368DB6950
:103950009847204610BD03488368DB690D219847CE
:10396000F2E700BF78F8000010B5044C2046FFF7DE
:1039700013FD2046FDF7EAFC10BD00BF41390000F1
:1039800008B505480BF0B1F818B1FFF7EDFF0020BE
:1039900008BD6FF01200FBE778F80000F0B51C4698
:1039A000059F069E00F01F0C400936D0012836D135
:1039B000284D0CF1800355F8233091B3012092B3C8
:1039C0004FF0020E40EA0E0084B34FF00C0E40EAB6
:1039D0000E0077B34FF4706E40EA0E0066B34FF4FA
:1039E000403E40EA0E0023EA000041B30B7842B3A8
:1039F00012785200134334B322789200134327B352
:103A00003A781202134316B3327812041343034375
:103A10000CF1800C45F82C30F0BD0F4DC9E70025A6
:103A2000C7E70020CBE74FF0000ECBE74FF0000ECA
:103A3000CDE74FF0000ECFE74FF0000ED1E70023A7
:103A4000D5E70022D6E70022D8E70022DAE70022F5
:103A5000DCE700BF002884500025845000F01F03DD
:103A6000400908D0012808D1054A803352F82300C4
:103A700000F001007047034AF7E70022F5E700BFB6
:103A8000002884500025845028B1012801D1034822
:103A90007047002070470248704700BF18F80000C8
:103AA00038F800002DE9F04786B08846164699465A
:103AB000446801F01F05237B45EA4315204609F0C1
:103AC0005FFC002864D0B6F5001F35D00DF10C0A5C
:103AD0000027039704974946304609F086FC8DF885
:103AE0000C00009701970297CDF804A0A36823FA71
:103AF00008F313F0010F02D1B6F1A07F23D004F137
:103B000010060DF11702294630460AF0E0FE234B5D
:103B1000984237D010346A46294620460AF0CBFE38
:103B20001E4B984237D10122294620460AF0E7FE73
:103B3000002006B0BDE8F087294604F110000AF025
:103B4000E2FE0020F5E72846FFF788FF0028D6D1DF
:103B50000DF11702294604F110000AF0B8FE104BCF
:103B6000984203D00DF117030493D3E70DF1170228
:103B70004146204609F075FC084B9842F2D06FF0A0
:103B80000B00D6E79DF8171030460AF0B0FEC1E7EB
:103B90006FF08500CDE76FF01500CAE70000AD0BB0
:103BA0000400AD0BF0B589B00F461446456801F02E
:103BB0001F062B7B46EA4316104609F0E6FB8DF8FC
:103BC0001E0040F206332340B3F5837F53D016D84E
:103BD000062B4CD006D9B3F5807F0DD101238DF88B
:103BE0001D3024E003B3022B03D104238DF81D30D4
:103BF0001DE06FF0150038E06FF0150035E040F281
:103C0000022293423BD0B3F5407F03D103238DF8CA
:103C10001D300CE0B3F5007F03D102238DF81D3079
:103C200005E06FF0150020E000238DF81D3014F43E
:103C3000002F28D06A680123BB409360284609F012
:103C40009FFB40B310350DF11F02314628460AF0A4
:103C50003EFE074614F4403F36D1314628460AF06E
:103C600042FE3C4B9F426DD0002009B0F0BD0623C0
:103C70008DF81D30DBE707238DF81D30D7E70523CE
:103C80008DF81D30D3E714F4802FD7D06A68012354
:103C9000BB40D360D2E7C4F340438DF8083014F43E
:103CA000803F0CBF012300238DF8103000240194C5
:103CB0000DF11D0300930DF11E0304AA02A9304665
:103CC000FFF76CFE2046D0E702AA0023029303937D
:103CD000049305930693059204AA314628460AF0F8
:103CE000EAFD1C4B98421DD114F4003F1DD09DF8F5
:103CF0001D308DF8103014F4803F0CBF01230023D9
:103D00008DF811309DF81E308DF81230002304AA72
:103D1000314628460AF0D3FD0E4B9842A1D06FF0F1
:103D20001500A2E76FF015009FE7002304930593A9
:103D300006930DF11E03049304AA314628460AF0A7
:103D4000BAFDE9E79DF81F1028460AF0D0FD0020D3
:103D50008BE700BF0000AD0B38B504464568284628
:103D600009F00EFB20B91049204609F0B8FA38BD19
:103D7000103528460AF0B3FD0028F4D1002128466A
:103D80000AF0A9FD094B98420AD1002208492846A9
:103D90000AF099FD002205210D2008F05EFFE2E700
:103DA0006FF00400E3E700BF49D400000000AD0B52
:103DB00023D4000008B50B690278012A0CD0022A2E
:103DC0000DD012B1074A1A6201E0074A1A6203F1E4
:103DD000100002F08DFE08BD044A1A62F7E7044A9B
:103DE0001A62F4E70100AD0B0000AD0B0100AE0B51
:103DF0000200AE0B2DE9F04F8DB002AFF86088469F
:103E00009346BB6005693D6043689A6A7A619B8B03
:103E10003B614FF0FF324FF0FF3309F045FB05F1F6
:103E2000100318467B600022002302F0A5FE002646
:103E30003446BE6140E00122FA6101E00022FA61ED
:103E400020466A6804EB020CD7F810E0F44560D80D
:103E500013F0010F00F0D1806B6823449CB2FB6922
:103E60004BBB002C40F0D18058F80AA0AB88297ACF
:103E7000BA6800925246F86800F04CF9031EBB6124
:103E8000C0F2E4804FF480420023786802F074FEB0
:103E9000B861002840F0BD803B681A6A714B9A42B5
:103EA00040F0DC802B7A13F0010F03D07B6953457F
:103EB00000F0B68000244E465E4580F0C78006EBD9
:103EC00046054FEA850A08EB85052B7A13F0080FA3
:103ED00040F0B98058F80A1001F0604206F101097B
:103EE000D9450ED213F0020F0BD109EB490008EBB4
:103EF0008000007A10F0040F03D1584010F0010F39
:103F000099D0002C9AD1B2F1005F7BD00022FA61E7
:103F100096E7FB6819686D46032387F8243005236C
:103F200087F825308CB002AE16F1100C24D01A2080
:103F3000BCF1000F10D00346042803DDDFF828E1B0
:103F4000C6F814E0082B00DDB4610C2B00DDF26133
:103F5000102B01DD3B693362032387F820300523F2
:103F600087F82130BCF1000F15D0142800DD7162F4
:103F700006F1280300210CE06FF00040D8E701F1C2
:103F8000080207F12004224412F8082C03F8012B40
:103F900001310129F3D919282CDD1A23BCF1000FB6
:103FA0000CD0062287F82420002287F8252087F8E5
:103FB0002620012287F82720786A306100216FF3DC
:103FC00000016FF341016FF382016FF3C50101221C
:103FD00062F38811C3F30A0363F353216FF31F5194
:103FE000002362462148FDF78FFDAD466FF01B03AD
:103FF000BB612BE06FF01B03D0E77B6918440BF02B
:10400000B5F929E70023FB6129E72346D7F814A077
:104010002DE7F86800F02CF86FF00403BB6115E0A1
:104020001D4607E0A41AA4B2291958F800000BF0A5
:104030009DF9013E06EB4603980008EB83035A689E
:104040009442EFD236E76FF08503BB61F86809F060
:1040500030FAB8692C37BD46BDE8F08F6FF0040325
:10406000BB61F3E70000AD0B040B0100F4FB0000A3
:1040700070B544682368D3F80855D3F80C6520461A
:1040800002F016F83146284602F0E6F8054600210F
:10409000606A09F025FA204601F0FAFF034B9D42C1
:1040A00001D1002070BD6FF00F00FBE70000AD0BE9
:1040B00008B5436811F0010F24D1C1F34201022970
:1040C00012D0032917D0012907D0104A0121104826
:1040D00008F079FC6FF0150005E01B684FF0CC721A
:1040E000C3F82425002008BD1B684FF0C862C3F840
:1040F00024250020F7E71B684FF07F62C3F82425D2
:104100000020F0E76FF01500EDE700BF380C01006C
:10411000F4FB000010B588B04068002403940494B8
:1041200005940694079401F001048DF80C40BDF845
:1041300028408DF80D4004930692828D9A4210D348
:1041400011F0020F16D0002203A902F005F80D4B62
:10415000984214D00B3398420ED06FF0040008B090
:1041600010BD0092084A0121084808F041FC6FF098
:104170001B00F4E72022E7E76FF00F00EFE70020D5
:10418000EDE700BF0000AD0B4C0C0100F4FB00009C
:10419000B0B582B000AF05464468236A9847012154
:1041A000606A09F09DF92B46A26904F108012046D6
:1041B00001F028FF2E4B984206D12E49284609F0DF
:1041C0007DF90837BD46B0BD29686D4600233B71B7
:1041D00002237B7188B06C4614F1100211D00E20BE
:1041E0001AB1042801DD244B636100233B700223D4
:1041F0007B709AB1082800DDA16104F11C03002145
:104200000AE06FF00040EBE701F1080CBC441CF839
:1042100008CC03F801CB01310129F5D90D2824DDA3
:104220000E2342B10321397100217971B971012145
:10423000F9717868206100216FF300016FF341018B
:104240006FF382016FF3C501012060F38811C3F39E
:104250000A0363F353216FF31F5100230748FDF74F
:1042600053FCAD466FF00400ABE76FF01B03D8E7DB
:104270000000AD0B29D50000940C0100F4FB0000F8
:1042800070B400F01F0C400919D0012819D10E4D4F
:104290000CF1800055F820600C4C344041EA42019A
:1042A00041EA83039DF80C2043EA02239DF8102085
:1042B00043EA0243234345F8203070BC7047044D65
:1042C000E6E70025E4E700BF00288450F0F0FCFF9B
:1042D0000025845000F01F01400906D0012806D1B6
:1042E000044A01238B4093607047034AF9E7002298
:1042F000F7E700BF002884500025845000F01F011C
:10430000400906D0012806D1044A01238B40D3601E
:104310007047034AF9E70022F7E700BF00288450FE
:10432000002584502DE9F04F85B007468B46904616
:10433000002423E04FF0FF3535E0C8F80C55012686
:1043400003963146B5F1FF3F16D0B1F1FF3F40F083
:10435000138157F80A3013F4004F02D001260022CF
:10436000039200220192CDF80090C3F3412332461C
:1043700003992846FFF784FF0134E4B25C4580F0DE
:10438000FF804FEA840A57F82430C3F3C322C3F3F3
:104390000805082A00F2F6807E4911F8029040F2E2
:1043A000FF129542C6D01B0E222B00F2EE8001A216
:1043B00052F823F03B430000414400004F4400000A
:1043C0005B4400006944000077440000834400001F
:1043D0008B4500008B4500008B4500008B4500009D
:1043E00091440000A54400008B4500008B4500006F
:1043F0008B4500008B4500008B4500008B4500007D
:104400008B4500008B4500008B450000B94400003F
:10441000CB440000DD440000EF4400008B45000069
:104420008B4500008B450000014500001145000050
:104430001D4500002D4500003D4500004D45000094
:10444000C8F81455002603964FF0FF317AE7C8F8F4
:10445000085501260396314674E7C8F81055002622
:1044600003964FF0FF316DE7C8F808550026012389
:104470000393314666E7C8F80C55012603960021E0
:1044800060E7C8F81055002603964FF0FF3159E752
:10449000C8F80855B9F1000F5ED0002603964FF01A
:1044A000FF314FE7C8F80C55B9F1000F5CD000267A
:1044B00003964FF0FF3145E7C8F8605557F80A10EA
:1044C000C1F30041012603963CE7C8F8645557F84C
:1044D0000A10C1F300410126039633E7C8F8685576
:1044E00057F80A10C1F30041012603962AE7C8F8DD
:1044F0006C5557F80A10C1F300410126039621E7D5
:10450000C8F824550126002303934FF0FF3119E723
:10451000C8F8285501260396314613E7C8F83055E8
:104520000126002303934FF0FF310BE7C8F8345501
:104530000126002303934FF0FF3103E7C8F83855F5
:104540000126002303934FF0FF31FBE6C8F83C55EA
:10455000012603963146F5E64E46CDF80C904FF015
:10456000FF314FF00609EDE64E46CDF80C904FF0C6
:10457000FF314FF00609E5E6284609F006F8E8E6BF
:10458000002004E06FF0150001E06FF0850005B039
:10459000BDE8F08FB40C01002DE9F84305460F4645
:1045A00046680AF067FC20B9234B1B780BB3002345
:1045B00000E00123D5F810906A68D2F80080F3B9C2
:1045C000284609F01BF90446736813F0040F03D062
:1045D0004FF48003C8F80433F36A1F700122F16AB4
:1045E000284609F057F984F31188BFF36F8FBDE8AF
:1045F000F8830123DEE784F31188BFF36F8FEFF3B5
:104600001184202383F31288BFF36F8F284608F0AC
:10461000F5FF0028EFD0D9F80030002BD4D0D3F824
:10462000A420002AD0D0D3F8B420002ACCDAD8F8BD
:104630004C25C3F8B420C7E7161E00202DE9F04F23
:1046400085B09846D0F810B0DBF80040D0F804A050
:10465000DAF800509AF80830002B40F0B580814617
:104660000F46164694F86130002B40F0B08094F865
:104670006230002B40F0AE806365B8F1FF3F44D05C
:10468000B8F1040F16DDA3F1993383FB08234FEA39
:10469000E870C0EB6300C117C90341EA5041C00391
:1046A0004E4BC0184E4A4FF0000341F10001FBF79A
:1046B00051FD01E000200146A065E16527646664C4
:1046C0000023A364E3642365DAF8043013F0040FD5
:1046D00020D1DAF8043013F0040F02D094F86020EF
:1046E00052BBC5F83475C5F838650020C5F810010F
:1046F000D5F81031C5F84C01D5F84C31012384F8B8
:1047000061302B6005B0BDE8F08F00220023C4E9C2
:104710001623D3E7EFF311830393202383F3128847
:10472000BFF36F8F0221484609F0A8F8039B83F37B
:104730001188BFF36F8FCCE7B24228BF3246914653
:10474000DAF8281038460AF011FE4F44B6EB090695
:1047500014D0B8F1FF3FC4D00023C5F80831D5F814
:10476000083104F10800D4E916234FF000084FF097
:104770000009CDE9008903F069F8B2E794F86020F8
:10478000A2EB0902D2B284F86020DAF8280000EB2C
:1047900009010AF0F8FD0BF10803D3E8EF1F41F01F
:1047A0000401C3E8E21F002AF7D145F30735002DC5
:1047B00008DB05F01F026D09012393404035094ACB
:1047C00042F8253000209DE76FF085009AE76FF0F2
:1047D0000F0097E76FF00F0094E700BF3F420F0014
:1047E00040420F0000E100E0F0B583B004461D46F2
:1047F0000669EFF31187202383F31288BFF36F8FCD
:104800003368D3F8A40000BBC3F8A4203368C3F80E
:10481000A01001F06043B3F1005F1DD13368C3F80D
:10482000A8103368C3F8AC203146204609F04DF893
:1048300087F31188BFF36F8F204608F00EFF80B317
:10484000B5F1FF3F10D100202CE087F31188BFF3B2
:104850006F8F6FF00F0025E033680022C3F8B0209F
:10486000204609F0A3F9DFE73468683425EAE575E6
:10487000E917C90341EA5541ED030B4828180B4AD3
:104880004FF0000341F10001FBF764FC02460B46C8
:1048900000200021CDE90001204602F0D7FF0020D2
:1048A00000E0002003B0F0BD3F420F0040420F0087
:1048B00070B50446056943681E68286800220A49E5
:1048C00008300AF0E8FC2B68DC63286800220749FE
:1048D00068300AF0E0FC2B68C3F89C40044BC6F833
:1048E0000433002070BD00BF11DD00000DDB0000AF
:1048F00014020A0038B505460C4601F10C0000F020
:10490000E1FB0C4B98420DD105F10C0205F59071BD
:10491000207B09F06CFC237B0120984000F0CCFB4D
:10492000002038BD044A0121044808F04CF86FF01B
:104930000400F6E70000AD0BC00C01002CFC0000E9
:1049400038B5044645680121E86808F07CFF6368D3
:104950001A682B69C2F824356B7DA97D0B43298B1E
:104960000B43297D0B43C2F86C3523691B6823B1C7
:104970002046FFF79DFF002803DB204609F004FADC
:1049800000B138BD0249204608F007FEF9E700BF34
:1049900031D9000021F07F4100F5A870014B43F8A8
:1049A00020107047005001504FF480338340024A7A
:1049B000C2F84433704700BF005001504FF48033B9
:1049C0008340024AC2F84833704700BF005001508C
:1049D000014BD3F804057047005001502DE9F8430E
:1049E000054689469046FFF7E9FF284609F0FEFA9A
:1049F0004E46032710E0FFF7EBFF0446494609F057
:104A0000E4FAB0F5000F26D9284609F0EFFAB8F11C
:104A1000000F22D13E19013731462846FFF7BAFF71
:104A20002846FFF7C1FFFFF7D3FF0446C11C3046FD
:104A300009F0CBFA0A4B98420AD9284609F0C9FA7C
:104A40000028D8D1B8F1000FE4D06FF0150000E0D5
:104A50000020BDE8F8830020FBE76FF01500F8E7C1
:104A6000FDFF7F00034B044AC3F80823C3F8482323
:104A7000704700BF0050015003000F0010B5012324
:104A800083406FEA030C0C4AD2E8EF1F01EA0C0ED8
:104A9000C2E8E4EF002CF7D14FF48032824007489F
:104AA000C0F80823BFF35F8FBFF36F8F0B4214BFB3
:104AB0000120002010BD00BF48120020005001500E
:104AC0004FF480338340124AD2F80423134201D1B9
:104AD0000020704710B5044601238340DB430D4995
:104AE000D1E8EF2F02EA0300C1E8EC0FBCF1000FA0
:104AF000F6D122FA04F313F0010F03D1204609F096
:104B000068FA18B1204609F071FA012010BD00BF03
:104B1000005001504412002001B970470123834026
:104B20000D4AD2E8EFCF4CEA030CC2E8E1CF0029EE
:104B3000F7D14FF480338340084AC2F80433084B5E
:104B4000D3E8AF3FC34013F0010FE6D0054B4FF45D
:104B50000012C3F80021E0E7481200200050015085
:104B60004412002000E100E038B514461046194612
:104B700009F048FA02460D490B68E01A1B184C6808
:104B800044F100040B604C60A2F50013B3F5400F34
:104B900009D2074B1B68190A1B06D41841F10005FE
:104BA000044BC3E9004502F055FD38BD3009002033
:104BB0004C1200203809002038B50D4B1C68250A1E
:104BC0002406BFF35F8FFFF703FF0346001945F18B
:104BD0000001B3F5801F0AD2064BD3E900239042AF
:104BE00071EB030303D210F1807041F1000138BD75
:104BF0004C120020380900202DE9F04106461446E9
:104C00001D469DF820801046194609F0FBF907461D
:104C1000FFF7D2FFA04271EB050319D2201A65EB12
:104C200001011B4B984271F100012BD2194B03EB90
:104C30000613D3E90223AB4208BFA24201D10020F0
:104C400014E0424639463046FFF7C8FE70B117E01F
:104C5000B8F1000F19D10123B3400F4AD2E8EF0F8A
:104C60001843C2E8E10F0029F8D10020094B3201B6
:104C700003EB0616C6E9024506999950079B736037
:104C8000BDE8F0816FF01500FAE76FF01500F7E767
:104C900001008000200900204412002030B585B0BA
:104CA000FFF7E0FE00231E4AC2F80835002B25DD81
:104CB0001B4C0225C4F804531A4B4FF40012C3F8DE
:104CC000802100220121152007F0C7FF152007F0E1
:104CD000BAFF0123A3602360134A136000240294E7
:104CE0000194124B0093124A0023204609F09AF9CE
:104CF0002846FEF7FFFD204605B030BD0D4A02EB09
:104D000003124FF0FF304FF0FF31C2E902014FF4C0
:104D100080329A400249C1F804230133C6E700BF3C
:104D20000050015000E100E048120020694B0000F3
:104D3000FFFF7F00200900202DE9F04782B00446E4
:104D4000FFF7BEFE10B902B0BDE8F087FFF734FFF1
:104D500082460D4609F059F90646154B03EB04133C
:104D6000D3E90289C24575EB09050BD2002530460F
:104D700009F053F9002DE6D0009742464B462046F5
:104D8000A847E0E70A4A230102EB0411D5584F680F
:104D90000020D0504FF0FF324FF0FF33C1E9022323
:104DA0002046FFF70BFE204609F020F9DFE700BFA1
:104DB0002009002010B50D4BD3F8043313F0020F77
:104DC00003D10024002C0BDD10BD0221074809F09F
:104DD000C6F80028F5D0064A136801331360F0E7DF
:104DE0002046FFF7A9FF0134ECE700BF0050015057
:104DF0004C12002010B584B0B0F1FF3F18D001284C
:104E00001BDD154B9842A8BF18460446134B0122E0
:104E10001A70FFF7D1FE124B1A685B68801AB0F562
:104E2000000F0CD20444B4F5000F09D30A4C07E07C
:104E30000A4B00221A70084CEBE70124E6E7064C07
:104E400000201219029001900649009143F10003DD
:104E500009F0E8F804B010BDFFFF7F00151E002028
:104E600030090020694B000008B5FFF7A5FE024B92
:104E70001B68C01A08BD00BF300900204FF0502346
:104E8000D3F8582502F00302024BD340024A1360C4
:104E9000704700BF0020A1075400002008B509F0AA
:104EA00061F968B15D4BD3F8203A4BB95B4B0D22E9
:104EB000C3F8202A0122C3F81C290022C3F81C29A8
:104EC00000220BE002F160034FF47F0151F8331030
:104ED000DB0003F57F035B680B6001321F2A08D8F3
:104EE00002F160034FF47F0151F83330B3F1FF3F1B
:104EF000E8D109F00FF930B1484B2922C3F80C274B
:104F00000322C3F83C2709F0B9F840B1444B454AA5
:104F1000C3F830254FF050230122C3F8582509F07B
:104F2000C1F818B1404B0022C3F84C2509F0D2F863
:104F300068B14FF05023D3F8003413F0010F06D0BE
:104F40004FF050230022C3F81421C3F8182109F0B0
:104F5000D5F860B14FF05023D3F8003413F0010FAF
:104F600005D04FF050236FF00102C3F8002409F080
:104F7000E5F818B1294B6522C3F80C2709F006F9AA
:104F800020B1294BD3F82034002B30DB09F00AF98B
:104F9000E8B1224B7E22C3F80C27C3F83C29234AF0
:104FA0007F23C2F818311E490023C1F8043EC1F81E
:104FB000083E01F54821C1F81031C2F82431C2F889
:104FC0002C3102F5FF1202F58052C2F8A032184AC5
:104FD000D2F88C3043F44063C2F88C30154A116823
:104FE000154BC3F84415D269C3F84C2508BD4FF0E2
:104FF00050230322C3F8182501229A604FF0502352
:10500000D3F80431002BF9D04FF050230022C3F81D
:1050100004210122DA60C3F81825B7E700400050E8
:10502000009003504400EFBE0020035000200050C9
:1050300000ED00E00080FF000060005010B5046843
:10504000ACB1B4FA84F3C3F11F03DBB201229A407E
:1050500024EA0202D0E8EFCFA44504D1C0E8EE2F45
:10506000BEF1000FF6D1EAD10B70024810BD024824
:10507000FCE700BF0000AD0B0200AD0B0368CB40A6
:1050800013F0010F11D100B5026801238B401343C7
:10509000D0E8EFCF944504D1C0E8EE3FBEF1000F59
:1050A000F6D1F1D102485DF804FB0248704700BF19
:1050B0000000AD0B0400AD0B014BC3F804057047B5
:1050C0000070015008B50146014809F036F908BDE5
:1050D00058000020054B1B792BB9044B18600122A6
:1050E0001A71034870470348704700BF50120020F0
:1050F0000000AD0B0C00AD0B08B5084B1B680BB1E5
:1051000009F0B0F809F0ACF84FF05023C3F81805D7
:105110000122C3F81425C3F8802508BD50120020D1
:1051200000B583B0032818D8DFE800F01A026D67D5
:1051300000224FF48073012003F1502300211960F5
:10514000196802F1502201211160354A1268002AC3
:105150005FD04FF05023C3F8040303B05DF804FBA5
:105160004FF05023D3F81824D3F8183403F0030376
:105170008DF8073012F4803F15D14FF05023D3F84B
:10518000143413F0010F13D109F06AF88DF80700F9
:105190009DF807204FF05023C3F8182508224FF43C
:1051A00082730220C8E70DF1070009F0ADF8EFE7C0
:1051B0004FF05023D3F81C3403F003038DF807306D
:1051C0000DF1070009F0A0F80028E1D0144B1B688E
:1051D0002BB14FF050230222C3F80423BDE74FF058
:1051E0005023D3F80431002BF9D04FF05023002284
:1051F000C3F80421D3F80431AFE718224FF49073B9
:105200004FF4807098E720224FF492734FF40070AF
:1052100092E71A68002AFCD000221A601B689CE7FB
:105220005012002010B54FF05023D3F8044302E091
:10523000194B1B68984774B3B4FA84F0C0F11F008F
:105240000122824083009BB203F580739BB2C0B2FF
:1052500092B224EA020403F1502319680029EAD02B
:10526000002119601B684FF05023C3F80823022A5D
:10527000DED1D3F81814D3F8183403F00303012B4C
:10528000D6D14FF050230221C3F81815C3F80423D8
:1052900001229A60CFE710BD5012002008B50079B6
:1052A000024B03EB0010FFF7C9FE08BD60000020B1
:1052B00070B400F01F0C400919D0012819D10E4D0F
:1052C0000CF1800055F820600C4C344041EA42015A
:1052D00041EA83039DF80C2043EA02239DF8102045
:1052E00043EA0243234345F8203070BC7047044D25
:1052F000E6E70025E4E700BF00288450F0F0FCFF5B
:1053000000258450F0B51C46059F069E00F01F0C3A
:10531000400936D0012836D1284D0CF1800355F8CC
:10532000233091B3012092B34FF0020E40EA0E00F9
:1053300084B34FF00C0E40EA0E0077B34FF4706E5A
:1053400040EA0E0066B34FF4403E40EA0E0023EA06
:10535000000041B30B7842B312785200134334B3C8
:1053600022789200134327B33A781202134316B3FC
:1053700032781204134303430CF1800C45F82C30AF
:10538000F0BD0F4DC9E70025C7E70020CBE74FF080
:10539000000ECBE74FF0000ECDE74FF0000ECFE749
:1053A0004FF0000ED1E70023D5E70022D6E7002218
:1053B000D8E70022DAE70022DCE700BF00288450AB
:1053C0000025845000F01F02400907D0012807D1B2
:1053D000044B1869D04000F001007047024BF8E719
:1053E0000023F6E7002884500025845000F01F03B6
:1053F000400908D0012808D1054A803352F823001B
:10540000C0F301407047034AF7E70022F5E700BF09
:10541000002884500025845000B583B084468E4611
:105420000C4B93E8030002AB03E90300634609E079
:1054300002A901EB830151F8081C086A42F8040B29
:10544000086201330CEB0E009842F1D803B05DF80E
:1054500004FB00BF90FC000000F01F01400906D0D3
:10546000012806D1044A01238B4013627047034A86
:10547000F9E70022F7E700BF002884500025845098
:105480004309034AD35C00F01F001844C0B27047C0
:10549000540D010000487047581200200048704722
:1054A0006C0D01002DE9F04184B005460C4616460E
:1054B0001F460846FFF7E4FF804656B321462846BC
:1054C00009F020F828B12146284608F0DBFF002823
:1054D00043D12146284608F0E4FF10B17378012B30
:1054E0003BD001238DF80F30002301930096B31CAD
:1054F000721C0DF10F012046FFF704FF2879FFF71A
:10550000C9FF08F1080230F8123043F0030320F815
:105510001230002F3BD02146284608F0F3FF002828
:1055200037D13E782B6806F5A272002143F822108D
:1055300043F822102879FFF7ADFF08F1080230F890
:10554000123023F02003DB04DB0C20F812307B78D0
:105550002BB9114804B0BDE8F0811048FAE7BA78D9
:10556000009222463146286808F004FF2879FFF7A8
:1055700091FF024608F1080032F810307603B6B207
:10558000334343F0200322F810300348E2E7024897
:10559000E0E70248DEE700BF0000AD0B0400AD0B02
:1055A00070B506460D46144608F06CFF68B13079B8
:1055B000FFF770FF06462846FFF762FF083036F80F
:1055C00010305B0B2370024870BD0248FCE700BF3F
:1055D0000000AD0B0400AD0B30B583B00546019162
:1055E000002400E00134012C18D80E4B1B5D03F0A1
:1055F000070202A901EBD30313F8043CD34013F0D4
:10560000010FEFD005EB840201212046FFF704FFD4
:1056100055F82430002BE5D0012000E0002003B035
:1056200030BD00BF640D010008B50079024B03EBEB
:105630008000FFF703FD08BD700000202DE9F04158
:1056400082B00546884616461F4609F09BF8AEB361
:105650003A463146284608F0B1FF041E20DB28797F
:10566000FFF718FF40F834602879FFF713FF00EBCD
:10567000C40047602879FFF70DFF05464046FFF755
:10568000FFFE083035F81030E4B26402A4B22343C0
:1056900043F4807325F81030094802B0BDE8F0816A
:1056A0002879FFF7F7FE0DF107017830FFF7C6FC08
:1056B000034B9842F1D19DF80740D0E70048ECE752
:1056C0000000AD0B2DE9F04784B006460C4690462D
:1056D0000846FFF7D5FE07463079FFF7DBFE0546A3
:1056E000D8F80090B9F1000F21D02146304608F0DB
:1056F000F8FE002843D100238DF80E308DF80F30CE
:10570000019300934B460DF10F020DF10E0120465F
:10571000FFF7F8FD07F1080235F8123023F0020315
:105720009BB225F8123043F0010325F81230D8F867
:105730000430BBB193F80090D3F804A02146304662
:1057400008F0C0FEE8B1BAF1000F61D1083735F8B2
:10575000173023F01C039BB225F8173043EA890366
:1057600025F81730D8F80820002A55D05368126859
:1057700021463046FFF762FF04B0BDE8F0872748B6
:10578000FAE707F1080235F8123023F02003DB04B2
:10579000DB0C25F81230BAF1000FD7D0B9F1030FA6
:1057A00038D8D8F804305B6893F800A0B9F1000F3E
:1057B00008D133680AF5A27A002243F82A2043F878
:1057C0002A20C3E7484608F0A5FE034631680AF5DB
:1057D000A27C51F82C2022F0030241F82C20224612
:1057E0005146306808F0ADFD0AF13C0305EB430378
:1057F0009C8007F1080235F812304FEA4A3A1FFA46
:105800008AFA43EA0A0343F0200325F812309DE7A1
:105810000248B1E70148AFE70148ADE70400AD0B2E
:105820000000AD0B38B505460C4608F01CFE08B963
:10583000074838BD2146284608F09DFE21462846E7
:1058400008F0CBFF204608F0F2FD0248F1E700BF68
:105850000400AD0B0000AD0B08B50079024B03EB63
:105860008000FFF70BFC08BD70000020F0B583B08E
:1058700005460E460079FFF70DFE90F88C3013B107
:105880000D4803B0F0BD044660220021103009F03D
:1058900094FD2F682879FFF701FE03680093002329
:1058A00032464FF00041384608F0B9FF012384F832
:1058B0008C30A3670148E4E70C00AD0B0000AD0B92
:1058C0002DE9F04782B081460F46904600230093B1
:1058D000019351686846FFF77FFE4CE094FAA4F408
:1058E000B4FA84F404F01F05254B9B5D45EA43158B
:1058F0002846FFF7C5FD083037F810A0CAF3820A22
:105900000DEB8603E00804F007041A5C0121A140B6
:1059100022EA01021A542846FFF768FD0346524660
:105920002946384608F0F8FE2846FFF795FD02ABF9
:1059300003EB860353F8084C002CCFD10136012E1F
:105940000DD8104B9B5D08F10402D90803F0070342
:10595000525C22FA03F313F0010FEFD0E7E70022C5
:105960004FF00041484608F041FDD8F80410684661
:10597000FFF732FE08B10026E1E702B0BDE8F0878C
:10598000680D0100640D0100F8B504460E4611488B
:10599000081A114BA3FB00304009FFF77FFD0746B3
:1059A000D4F80413C9B2026841F00041204608F05F
:1059B0001DFD051E05DB2A463146204608F059FF2D
:1059C000F8BD3A4631462046FFF77AFF25F00045FC
:1059D000F1E700BF58120020398EE33808B50249BC
:1059E0000248FFF7D1FF08BD5812002000D0005038
:1059F00038B501230360A1B104460D464B680BB9CD
:105A0000012343610020074B034053B92A4606494E
:105A1000204608F07CFF10F4007FF4D0012363617E
:105A2000F1E738BD02000400020204000123836094
:105A300000293CD070B505460E464B680BB90123D2
:105A4000436100201A4C044084BB32461949284661
:105A500008F05DFF10F4007FF4D0D5F86031ABB9E9
:105A6000D5F8001201222A626A612046002BE9D093
:105A700011F4807FE6D0D5F848010028E2D0002359
:105A8000C5F84831D5F848312046DBE70023C5F892
:105A90006031D5F86031D5F8001211F4007F02D0E2
:105AA0004FF08073E2E74FF08073DBE770BD704723
:105AB000020004000202040070B400F01F0C400950
:105AC00019D0012819D10E4D0CF1800055F8206035
:105AD0000C4C344041EA420141EA83039DF80C201A
:105AE00043EA02239DF8102043EA0243234345F88A
:105AF000203070BC7047044DE6E70025E4E700BFA6
:105B000000288450F0F0FCFF00258450034610F07C
:105B1000010F08D1064813F0020F00D0054813F01A
:105B2000040F02D170470448F5E70448FAE700BFC4
:105B30000100AD0B0100AE0B0000AE0B0200AE0B7E
:105B40002DE9F04104460D4616461F46002380F815
:105B50002330536833B1D36803F06043B3F1005F7F
:105B600040F01E813378023BDBB2012B48D98E4BCB
:105B7000C5F8083394F82430002B4AD117F0140FDD
:105B80000CBF0123002384F82430337884F82030BC
:105B9000737884F82130F368E360736823613369B4
:105BA0006361B368A361C7F3001384F82530E7612C
:105BB0007378C5F888350023C5F86031D5F86021C1
:105BC000C5F84831D5F84821C5F82431D5F8242145
:105BD000C5F80431D5F8043117F0010F1FD00123A7
:105BE000C5F8503517F0020F1DD00123C5F8403518
:105BF0003378032B00F2AC80DFE803F07D9966195F
:105C0000336903F06043B3F1005FB0D0DFF89C81EB
:105C100057E0A368C5F80433DFF8948151E000230E
:105C2000C5F85035DEE70023C5F84035E0E74FF40E
:105C30008073C5F80032E2682369C5F84425C5F8C9
:105C400048350123AB6000224FF48011284608F04C
:105C50005EFE0028F7D16269A369C5F84425C5F83E
:105C600048354FF48023A360DFF8488117F0080F10
:105C700011D13378032B0ED0012B6CD02368002B6D
:105C800073D000212846FFF7D1FE73681BB9236843
:105C90000BB101236B612368002B69D017F0040F4F
:105CA00001D00023A36017F0400F03D1A36843F095
:105CB0000203A360A36843F40073A360A368C5F85C
:105CC00004334046BDE8F081E2682369C5F8442505
:105CD000C5F848356269A369C5F83425C5F8383573
:105CE0004FF48453C5F8003201232B620223A360D2
:105CF000DFF8C080BAE7E2682369C5F84425C5F833
:105D0000483517F0200F0BD04FF48073C5F80032E0
:105D10004FF48023A36001232B62DFF89880A5E76E
:105D20004FF40073C5F800320223A360F3E7E26882
:105D30002369C5F83425C5F838354FF48053C5F8C4
:105D4000003201232B620223A360DFF868808DE715
:105D5000DFF864808AE7236823B100212846FFF733
:105D600047FE92E704F10C01F8E704F10C0189E722
:105D7000D5F8C404C5F8C404002384F8243018B14D
:105D8000FFF7C4FE80469CE717F0400F99D12146EB
:105D9000284608F02CFE002893D1DFF8208090E7F9
:105DA000DFF808808DE700BF02029C010A00AD0BFE
:105DB0000B00AD0B0000AD0B0400AD0B0100AD0BF3
:105DC000F0B587B005460C4691F82030012B6DD018
:105DD00001F114073A460221284608F098FD0646CC
:105DE0003A464FF40071284608F091FD00287BD018
:105DF000002E5ED0E36913F0400F04D194F82330F5
:105E0000002B00F0A380E36913F0040F32D10023CC
:105E1000C5F86031D5F86021C5F85C31D5F85C3142
:105E200094F8253013B194F823309BB10023C5F8C2
:105E30000032A3605F4BC5F8083345F30733002BEE
:105E400008DB03F01F015B0901228A4060335A49D5
:105E500041F8232094F820308DF8043094F8213054
:105E60008DF80530E3680493236902936369059311
:105E7000A3690393D5F8C434C5F8C43413F0020FF2
:105E80007FD001238DF8003094F825300BB984F8C9
:105E90002430E36913F0040F02D094F823301BB1CF
:105EA000236861686846984707B0F0BD01F10C07A8
:105EB00090E7A368C5F808330223A360A368C5F878
:105EC000043300224FF08071284608F020FD20B1F5
:105ED000D5F8003213F4007F02D101232B626B61ED
:105EE000012384F82330DFE7002E83D13A464FF4B4
:105EF0008021284608F00BFD94F820307BBB94F8F5
:105F0000253093B9C5F80032A3602A4BC5F8083391
:105F100045F30733002B08DB03F01F015B09012267
:105F20008A406033244941F8232094F820308DF8CA
:105F3000043094F821308DF80530E3680493236928
:105F4000029363690593A369039393E72146284667
:105F500008F04DFD80F0010084F8230053E74FF472
:105F60000073C5F8003240F20223A36003F1CE7340
:105F7000C5F80833A368C5F804330123AB602B626E
:105F800092E713F0040F03D002238DF800307BE773
:105F900013F0010F03D003238DF8003074E794F859
:105FA00023301BB104238DF800306DE700238DF8FA
:105FB000003069E702029C0100E100E030B585B0E5
:105FC0000D6800954C6801948A680292C97B8DF82F
:105FD0000C10036819B9C3F80855C3F80C45C3F889
:105FE0002425037903EB8303054A52F8333023B1A8
:105FF000006840F3073006F026FE05B030BD00BF54
:10600000E812002070B506460D46047904EB8400C2
:106010001B4901EBC00191F8221079BB184804EB31
:10602000840C00EBCC0140F83C204B6000238B60DB
:1060300081F8253081F82430B5B1A97B00EBCC0381
:1060400083F82710284608F014FD08B90D4814E01D
:10605000697B04EB84020A4B03EBC20383F826102E
:1060600029463046FFF7AAFF04EB8404044B03EBF8
:10607000C403012283F82220034870BD0348FCE7D3
:10608000E81200200400AD0B0000AD0B0C00AD0BBE
:10609000037902680621C2F8001503EB8303034A63
:1060A00002EBC303022283F822207047E81200208B
:1060B00030B403790C4A03EB830102EBC1010024E5
:1060C0008C600068094DC0F80853D0F8005225F4E0
:1060D000BC55C0F80052C0F80045012081F82200EC
:1060E00081F8244030BC7047E812002002029C0175
:1060F00030B583B005460479006840F3073006F0F8
:10610000A7FD2846FFF7D4FF04EB8402114B03EBF5
:10611000C20393F827302BB90E4B03EBC20393F85D
:1061200026304BB104EB84040A4B03EBC40300227A
:1061300083F8222003B030BD2B68D3F80805009007
:10614000D3F80C55019508F046FC284608F043FCAE
:10615000E8E700BFE812002008B5134690F804C035
:106160000CEB8C0C0A460168024800EBCC00FFF7F0
:10617000E7FC08BDE812002008B502490248FFF715
:106180001FFE08BDE81200200090005070B400F01F
:106190001F0C400919D0012819D10E4D0CF18000B7
:1061A00055F820600C4C344041EA420141EA830337
:1061B0009DF80C2043EA02239DF8102043EA024395
:1061C000234345F8203070BC7047044DE6E70025B6
:1061D000E4E700BF00288450F0F0FCFF0025845065
:1061E00000F01F01400906D0012806D1044A01230E
:1061F0008B4093607047034AF9E70022F7E700BF3E
:10620000002884500025845000F01F01400906D06A
:10621000012806D1044A01238B40D3607047034A0A
:10622000F9E70022F7E700BF0028845000258450DA
:1062300000F01F02400907D0012807D1044B18695C
:10624000D04000F001007047024BF8E70023F6E76A
:106250000028845000258450F0B583B005460E46D2
:10626000FFF7BEFF3046FFF7BBFF0024019406276F
:1062700000970323224601212846FFF787FF019458
:1062800000970323224601213046FFF77FFF0420B9
:1062900007F09FFF082C12D83046FFF7C9FF70B9EE
:1062A0002846FFF7B1FF042007F093FF2846FFF7C9
:1062B00097FF042007F08DFF0134E4B2EAE730468F
:1062C000FFF7A2FF042007F084FF3046FFF788FFA6
:1062D000042007F07EFF3046FFF7AAFF10B1024806
:1062E00003B0F0BD0148FBE70000AD0B0100AD0BB2
:1062F000034B00E02033034A9342FBD3704700BFB7
:10630000F8F70000B8F8000004280CD8DFE800F027
:10631000030D050709000648704706487047064800
:10632000704706487047064870470648704700BFE8
:10633000740D0100980D0100A80D0100B40D0100BD
:10634000C40D0100840D010030B108B508F098FDBE
:1063500020B1037823B108BD024870470148FAE72D
:106360000048F8E7D40D010010B50446FBF7ECFA3D
:10637000034A0121034806F026FB204608F0C5FB2E
:10638000DC0D01001CFC00002DE9F04782B000AFDD
:1063900005460C46EFF31188202383F31288BFF3E0
:1063A0006F8FDFF8C491D9F80860FFF7ADFF99F857
:1063B0001010E94601233B7103237B718AB0EC4640
:1063C0001CF1100221D04FF0160E5AB17346BEF1E7
:1063D000040F03DDDFF894A1CCF814A0082B01DD35
:1063E000CCF8185001233B7003237B70D2B1734665
:1063F000BEF10C0F01DDCCF81C00102B01DDCCF838
:1064000020100CF1240300210AE06FF0004EDCE7BD
:1064100001F10800384410F8080C03F8010B0131B1
:106420000129F5D9BEF1150F50DD16234AB105211A
:10643000397100217971B9710121F9717868CCF84D
:10644000100000216FF300016FF341016FF382012F
:106450006FF3C501012060F38811C3F30A0363F3EE
:1064600053216FF31F5100234148FBF74DFBCD46ED
:106470001CB1E369C3F308035BBB3046FFF764FF5D
:10648000E94601233B7103237B718AB0EC461CF182
:10649000100224D04FF0120E52B17346BEF1040F19
:1064A00002DD3449CCF81410082B01DDCCF818605B
:1064B00001233B7003237B70F2B1BEF10C0F01DDB1
:1064C000CCF81C000CF12003002113E06FF01B033B
:1064D000ACE7294A0121264806F075FACDE76FF0AE
:1064E000004ED9E701F10800384410F8080C03F811
:1064F000010B01310129F5D9BEF1110F31DD122354
:106500004AB10421397100217971B9710121F97100
:106510007868CCF8100000216FF300016FF341019F
:106520006FF382016FF3C501012060F38811C3F39B
:106530000A0363F353216FF31F5100230C48FBF749
:10654000E3FACD4621462846FFF70EFF88F311886F
:10655000BFF36F8F3046FCF7B5FB0837BD46BDE88B
:10656000F0876FF01B03CBE710130020EC0D010048
:106570001CFC0000380E0100140E010038B5054661
:106580000B4B53F8204002E02368984708346B1CFB
:10659000074A52F82330A34209D960680028F3D093
:1065A000037F13F0010FF1D108F0B7FAEEE738BD21
:1065B000600E010010B5054C01E098470434044B0F
:1065C0009C4202D02368002BF7D110BDBCFB000019
:1065D000BCFB000010B586B0B023104C03FB004498
:1065E00000EB800C0E4B03EB8C030E4A059201224C
:1065F00004920F22039200220292019200930A4B0E
:106600004FF4A072094901EB8C11204600F0FCFA0E
:10661000637B23F00403637306B010BD40090020C0
:1066200010130020500E01006DEC00001831002006
:1066300008B553EA020102D100F038FE08BD024954
:10664000183000F065FFF9E77FF0000010B586B064
:10665000184C14E0636A0593236A0493E369039377
:10666000A36902936369019323690093E368A268B5
:106670006168206800F0C8FA23685C6530340E4B0E
:106680009C42E7D300F03EFD0A4C00E030340A4B58
:106690009C420BD2A26AE36AB3F1FF3F08BFB2F19A
:1066A000FF3FF3D02068FFF7C3FFEFE700F042FDA4
:1066B00006B010BDE0FA000040FB000008B50C4B2E
:1066C00001221A700320FFF759FF06F029FCFBF79F
:1066D0003DFDFFF76FFF0420FFF750FFFFF7B6FF08
:1066E000FAF7B0F8034A137B23F00103137308BDD4
:1066F000161E0020F009002008B50146014A024894
:10670000FCF7C6FBBD660000F009002008B5034891
:10671000034A121A002108F017FA08BD10020020DF
:10672000181E002010B50446FFF754FFB0230A4995
:1067300003FB0411094A04EB840302EB8303D960D1
:106740001C74074B03EBC42303F5006304EB8404C0
:1067500002EB8402536010BD40090020101300209A
:106760001829002070B586B000F016FD104D114BB1
:106770005D61114B0593012304930024039402945B
:10678000019400940D4B4FF400620D49284600F02F
:106790003BFA06466B7B23F004036B73284608F034
:1067A00006FC2046FFF7BEFF304606B070BD00BFB6
:1067B000F009002010130020580E0100BD660000F3
:1067C0005832002008B50020FFF7D8FE1B4B03F518
:1067D000006282F3088883F30A88194CE02384F866
:1067E00022300023E37723766376A37684F8203083
:1067F000626A42F4E022626284F82330FCF7D6F940
:10680000FCF768FB4FF0FF33A362E362FCF762FD25
:10681000FCF7C8FBFAF7F4FF0A4800F057FAFFF755
:1068200067FDFCF75DFE0120FFF7A8FE0220FFF7E1
:10683000A5FEFFF797FFFFF75FFF00BF18290020B5
:1068400000ED00E0A00A002010B5064C002000E09A
:106850002034054B9C4204D2204608F07DF90028E4
:10686000F6DA10BD700100207001002030B583B051
:106870000D46EFF31181202484F31288BFF36F8F4C
:10688000046964B12C6023680361C3690133C36187
:10689000002081F31188BFF36F8F03B030BD00F18A
:1068A000080C53EA020404D100232B606FF00B00A4
:1068B000EFE7009201930246604600F045FB002896
:1068C000EBD1024B9B681B692B60E6E7101300209D
:1068D0002DE9F04182B00446EFF31187202181F3C6
:1068E0001288BFF36F8FC16899B9002950D1364B18
:1068F0009B6893F90E3023610131E160324B9B6854
:10690000A36087F31188BFF36F8F002002B0BDE84A
:10691000F08116461D4682682B4B9B689A42E4D054
:1069200055EA060136D092F90E80414693F90E00E1
:1069300008F0A9F9804534DC4FF000080096019575
:1069400022463946214800F0FFFA0028DED0EFF356
:106950001185202383F31288BFF36F8FA36843B39D
:1069600023689C4223D013B3216993F90E0008F0E9
:106970008AF90146204608F091F9E8B9B8F1000F0C
:106980001AD185F31188BFF36F8F6FF00A00BDE74E
:106990002369B0E787F31188BFF36F8F6FF00F00A3
:1069A000B4E70146204608F079F98046C6E7216938
:1069B000E0E7B8F1000FE4D02946044800F076FB88
:1069C0006FF00A00A2E700BF10130020341300206C
:1069D000F8B58368002B47D00446264A9268934254
:1069E00045D1C368012B04D9013BC360002528466B
:1069F000F8BDEFF31186202383F31288BFF36F8F66
:106A0000016908F04BF92768A7420CD03D1E18BF5A
:106A1000012557B9A760CDB90023E36086F311883B
:106A2000BFF36F8FE3E70027F0E77A683B681360F6
:106A30005A6000233B607B607A7B22F002027A730B
:106A4000BB6007F1180008F0E4FBE3E797F90E30AC
:106A500023610025C7F8AC50384608F0A8FA314643
:106A6000054800F023FBC2E76FF01505BFE74FF0C4
:106A7000FF35BCE7101300203413002010B582B09E
:106A800001468446EFF31184202080F31288BFF37F
:106A90006F8F5CF8080B88B1036823F003030B6069
:106AA0004A68904208D0012108F0A5F984F31188C2
:106AB000BFF36F8F02B010BD4B60F4E753EA0200E2
:106AC0000CD00092019301F10C022146604600F0C7
:106AD0003BFA48B9054B9B681869EBE784F31188CA
:106AE000BFF36F8F0020E5E70020E3E710130020DD
:106AF000F8B50446EFF31187202383F31288BFF320
:106B00006F8F0568A84212D02E1E18BF012685B9C6
:106B100006BBA368E268934224D001221344A36019
:106B200000230BBB87F31188BFF36F8FF8BD0025DF
:106B3000EAE76A682B6813605A6000232B606B6079
:106B40006A7B22F002026A73AB6005F1180008F05C
:106B500060FBDDE70023C5F8AC30284608F027FAD3
:106B60000123DEE70022D9E73946024800F09EFA09
:106B7000DCE700BF3813002010B582B0EFF31181BD
:106B8000202484F31288BFF36F8F846844B1013CE2
:106B9000846081F31188BFF36F8F002002B010BDB5
:106BA00053EA020406D0009201930246054800F021
:106BB000CBF9F3E781F31188BFF36F8F6FF00F000C
:106BC000ECE700BF3813002008B553EA020102D1F8
:106BD00000F06CFB08BD0249183000F099FCF9E7A1
:106BE0007FF0000010B5044640B11F2204F174008C
:106BF00008F0EBFB002084F8930010BD014B9C686B
:106C0000F3E700BF101300202DE9F04F85B00446D4
:106C10000F4615461E46DDF838A0DDF83C90DDF83D
:106C20004080DDF84CB000F158038365C365129BCA
:106C30000422119908F026F92A463946204608F020
:106C400004F90546CDF80880CDF80490CDF800A0F1
:106C50003346024639462046FCF7F8F800236365C0
:106C60002666C4F864A0C4F86890C4F86C80EFF39A
:106C70001182202383F31288BFF36F8F124B196A9E
:106C800021671C6282F31188BFF36F8FBBF1000F85
:106C900013D01F22594604F1740008F096FB00231C
:106CA00084F89330084B9B685BB1D3F8A030C4F8EC
:106CB000A030284605B0BDE8F08F002384F874307A
:106CC000F0E7C4F8A030F4E71013002010B5044634
:106CD0000123437303730023C0F89430C0F8983045
:106CE00000F018FE014B9C6010BD00BF1013002087
:106CF0000A4A9368C3F8A8006FF00A01C3F8AC1001
:106D000007494B6843F080534B60002383F311889D
:106D1000BFF36F8F9368D3F8AC0070471013002057
:106D200000ED00E0437B90F90D20002A4ADB13F0D0
:106D30001F0F47D163F07F034373234A52F8183F74
:106D400093420ED100230CE05A6842600360106049
:106D500058601EE01A461C49C9698A420FD01B6858
:106D60007BB173B190F90E1093F90E209142F1D0DE
:106D7000521A002AE8DC1A46002BECD1F0E7002377
:106D8000EEE7114BDA6903F118010160426010600F
:106D9000D8610D4A52F8183F93420ED06BB10A4A9F
:106DA0009268517B11F01F0F0AD1D1897F2907D931
:106DB000996929B9044B5A617047034BDB68EEE7C8
:106DC000014A5361704700BF10130020437B90F9C4
:106DD0000D20002A14DB134B996853F8182F9A42A0
:106DE00019D0C2B1814219D04B7B13F01F0F15D1BE
:106DF000CB897F2B12D9936983B90A4B59617047AC
:106E000003F07F0343734268036813605A600023F2
:106E100003604360DFE7034BDA68E3E7014B5A6145
:106E2000704700BF101300202DE9F04105460C46C5
:106E30003B4B9E68737B13F0600F1FD013F0200F45
:106E400021D008271F4219D13B43737313F0800FE1
:106E50001BD1082F24D04FF00008314A52F8183FB8
:106E6000934242D0002B40D02D4A5361102F05D0C1
:106E7000304600F0F3FAB8F1000F39D184F31188ED
:106E8000BFF36F8F45E01027DCE703F07F037373D8
:106E90007268336813605A60002333607360D8E708
:106EA000B3685BB17268336813605A600023336063
:106EB0007360727B22F002027273B360304608F096
:106EC00042F806F1580008F043F8154B9B689E42C3
:106ED00002D04FF00008C0E7EFF3058313B94FF07D
:106EE0000008BAE74FF00108B7E70D4BDB68BBE7D6
:106EF0000C48FFF7EBFEC1E7EFF31184202383F387
:106F00001288BFF36F8F07F0BCFE84F31188BFF3C4
:106F10006F8F6B7B13F0600FEED1BDE8F08100BF87
:106F200010130020A00A0020B3F1FF3F08BFB2F108
:106F3000FF3F00D1704708B50249183000F0E8FA69
:106F400008BD00BF7FF0000010B50C461146EFF3FE
:106F50001183202383F31288BFF36F8FDDE90223AF
:106F60000348806808F017F82046FFF7C1FE10BDFF
:106F70001013002070B503460022EFF3118E20207D
:106F800080F31288BFF36F8F104648E002F07F0253
:106F90005A735C681A682260546000221A605A6052
:106FA0004CB29C735A7B62F07F025A733E4D55F887
:106FB000182FAA420ED100220CE054685C601A60BF
:106FC000236053601EE09446374DED69AC450FD009
:106FD00012687AB172B192F90EC06445F3D0ACEB8D
:106FE000040CBCF1000FE8DC9446002AECD1F0E779
:106FF0000022EEE72C4AD46902F118051D605C609E
:107000002360D361284C54F8182FA24216D0AAB19D
:10701000254C62618EF31188BFF36F8F0122002A25
:1070200040D15A7B02F01F0000280CBF0120002035
:10703000ACD012F0020F04D19973EBE71A4AD26870
:10704000E6E79C685D681A682A60556000221A604D
:107050005A604DB29D73226894420DD100220BE01C
:1070600054685C601A6023605360D3E79446666896
:10707000B4450FD012687AB172B192F90EC065456D
:10708000F4D0ACEB050CBCF1000FE9DC9446002A0F
:10709000EDD1F0E70022EEE762681C605A601360F1
:1070A0006360B7E770BD00BF1013002008B50B4642
:1070B00059B9EFF3058242B9064A50699268904285
:1070C00003D00846FFF714FE03E083F31188BFF3F3
:1070D0006F8F08BD1013002008B5034650B9EFF3B9
:1070E00005823AB9064A51699268914202D0FFF787
:1070F000FFFD03E083F31188BFF36F8F08BD00BF6E
:10710000101300200023EFF31181202282F3128854
:10711000BFF36F8F09E0064B9A68D37B013BD373B3
:1071200081F31188BFF36F8F0123002BF3D07047D9
:107130001013002008B50023EFF31180202282F302
:107140001288BFF36F8F09E0124BD96812E0114B20
:10715000596180F31188BFF36F8F0123BBB90D4BC9
:107160009A68D17B0131D17353F8181F9942EBD043
:107170000029E9D0537B13F01F0FE8D1D3897F2B6F
:10718000E5D98B69002BE2D1024B5A61E1E707F0A8
:10719000AAFF08BD1013002008B5024807F0C5FF7C
:1071A00008BD00BF2413002010B5EFF31180202389
:1071B00083F31288BFF36F8F1E4B9A68DB699A4284
:1071C00005D01368516812680A60516006E0002318
:1071D000F8E7184AD269934212D01B6893B1154A56
:1071E000946894F90E1093F90E209142F1D0521A3E
:1071F000002AEEDD5A686260236014605C600AE079
:107200000023EBE70B4B9A68D96903F1180414606B
:1072100051600A60DA61074A52F8183F934205D07C
:1072200023B1044A5361FFF763FD10BD014BDB68D6
:10723000F7E700BF10130020F8B551EA000326D08D
:1072400005460C46EFF31187202383F31288BFF322
:107250006F8F144EB068FFF7B9FDB0682A46234619
:107260001149183000F054F90446B268537B43F0DA
:10727000040353733846FFF73BFDB3689A6ADB6A31
:10728000B3F1004F08BF002A05D00020F8BDFFF77A
:107290008BFF0020FAE707F0EBFF201A0028F5DC4F
:1072A0000020F3E7101300207FF0000038B5EFF363
:1072B0001185202383F31288BFF36F8F437B13F074
:1072C000040F04D185F31188BFF36F8F38BD0446D6
:1072D000183007F09EFF637B23F00403637320469E
:1072E000FFF720FD29460248FFF7E0FEEEE700BF6A
:1072F0003C130020014B9868704700BF101300201A
:107300002DE9F843037B03F00107EFF311862023F7
:1073100083F31288BFF36F8F457B15F0080F1AD1E6
:107320000446B14600F1580807F0D9FD10B345F006
:1073300020056573EFF305839BB131462046FFF7C7
:1073400073FD67B1002383F31188BFF36F8F0423AC
:10735000184602DF03E086F31188BFF36F8FBDE8A4
:10736000F88341463B4B986807F0BBFD3046FFF77A
:10737000BFFCE6E745F00803637313F0800F2ED1DE
:10738000A3685BB16268236813605A6000232360BE
:107390006360627B22F002026273A36004F1180052
:1073A00007F037FF404607F0D3FD2A4B9B689C420D
:1073B00022D00025274A52F8183F934223D013B316
:1073C000244A5361204600F049F8FDB9214B9B68DF
:1073D0009C421FD089F31188BFF36F8FB1E705F08E
:1073E0007F0545F0080565736268236813605A607D
:1073F000002323606360C3E7EFF305830BB9002527
:10740000D8E70125D6E7134BDB68D9E71248FFF729
:107410005DFCDBE7EFF30583002BDBD1237B13F06F
:10742000010F12D089F31188BFF36F8F002383F30C
:107430001188BFF36F8F0423184602DFEFF3118921
:10744000202383F31288BFF36F8F4846FFF750FC69
:1074500077E700BF10130020A00A0020EFF311818E
:10746000202383F31288BFF36F8F0A4B1B6A83427A
:1074700004D11A6F074B1A6207E0134613B11A6F53
:107480008242FAD10BB1026F1A6781F31188BFF300
:107490006F8F70471013002008B50648064A121A6D
:1074A000064907F055FB0648064A121A064907F036
:1074B0004FFB08BD000000200C020020C01101009D
:1074C0000000002000000020C0110100034B1868DC
:1074D000984200D070470020FCE700BF74000020F5
:1074E00030B1044A5268904201D0006870470020D1
:1074F000704700BF7400002008B5044B1B680BB137
:10750000002008BDFDF7B0FCFBE700BF40130020E2
:107510002DE9F04F83B00193B3F1FF3F08BFB2F103
:10752000FF3F0DD00446914681600023EFF3118A9E
:10753000202282F31288BFF36F8F1D461E4635E06E
:1075400000252E462846314603B0BDE8F08FFFF7F0
:10755000D3FF80460135019B43F10006451946EBF8
:10756000E07625616661384A13685268ED1846EB8B
:1075700002064FF0010B41E0C91A67EB02020161FC
:1075800042614368636020601C60446005E02F4BEB
:107590005A682360626014605C60FFF797FF844262
:1075A00040D08AF31188BFF36F8F0123002BC9D11C
:1075B0004D46019E6FF00103B3EB09034FF0FF331B
:1075C00063EB0603002BC2DB1F4B19685B6869186D
:1075D000019A43EB02036FF00102521A4FF0FF31A0
:1075E00061EB030310461946012A73F1000301DA27
:1075F00001200021206161614FF0000BFFF766FF61
:107600000028C4D001694769236962698B4272EB23
:10761000070EB1DB5B1A62EB070223616261FFF7C1
:107620005FFFEDE70A4B1B68002BBAD1BBF1000FDF
:1076300006D0404607F0D2FD0021FDF7DBFBB0E7A6
:10764000FFF75AFF8046F4E7500B0020740000203B
:107650004013002070B5EFF31186202383F31288C6
:10766000BFF36F8F294B1860FFF730FF044623E00C
:10767000274A136851685B1941EBE571136051604B
:1076800000220023C4E90423204607F090FD86F37E
:107690001188BFF36F8FA36820469847EFF31186D8
:1076A000202383F31288BFF36F8F184A13685B1B84
:1076B0001360FFF70BFF04463CB125696169134B6A
:1076C0001A68D317AA428B41D2DA44B1236962699E
:1076D0000E4909685B1A62EBE172236162610C4A30
:1076E0000A4D2868136851681B1841EBE07113605C
:1076F000516000242C60204607F070FD2146FDF704
:1077000079FB86F31188BFF36F8F70BD40130020A3
:10771000500B002010B50022EFF31184202383F3D7
:107720001288BFF36F8F134611460CE0FFF7E4FE9B
:10773000074A13685168C31841EBE07184F311885C
:10774000BFF36F8F0122002AF0D0184610BD00BF92
:10775000500B0020F8B5EFF31183202282F312883A
:10776000BFF36F8F026822B183F31188BFF36F8F6D
:10777000F8BD04461D46826AC36A52EA030105D079
:10778000B3F1FF3F08BFB2F1FF3F27D1236B0133B5
:107790002363236A6BB185F31188BFF36F8F236A6C
:1077A00020469847EFF31185202383F31288BFF317
:1077B0006F8F04F11803A469A3423FD0002C3DD081
:1077C000204607F00FFC0023C4F8AC3085F3118885
:1077D000BFF36F8F204607F0EAFBC9E716461F4646
:1077E000012A73F1000301DA01260027013E47F167
:1077F000FF3707F041FD013041F10001801947EBEF
:107800000101012871F1000108DA6FF001024FF067
:10781000FF330D492046FFF77BFEB7E707F02CFD4D
:10782000013041F10001801947EB01036FF00102C3
:10783000121A4FF0FF3161EB0303EAE785F3118879
:10784000BFF36F8F94E700BF55770000F8B51D4672
:10785000EFF31187202383F31288BFF36F8FB5F105
:10786000FF3F08BFB2F1FF3F1FD00646144629462E
:107870006FF00102121B4FF0FF3262EB0502002A8B
:1078800018DB304607F0C5FCDDE90623C6E90A230C
:107890000023336322462B460B493046FFF738FE60
:1078A00087F31188BFF36F8FF8BD87F31188BFF39B
:1078B0006F8FF9E7012C71F1000101DA0124002535
:1078C000013C45F1FF35DCE75577000070B5064611
:1078D0000C46154607F0CEFA50B9064B9B68D3F814
:1078E000A00020B12B462246314607F0F3FC70BDC4
:1078F0000148F7E7101300207001002008B5024688
:10790000024B0021024807F0E5FC08BDDDBC000089
:1079100070010020014BC0F8A030704770010020BA
:1079200008B50146024A0020FFF7D0FF08BD00BF9E
:10793000DDBC000010B5064C05E0A2686168204679
:1079400007F0EEFC1834034B9C42F6D3002010BD28
:10795000700100208801002010B50C4C236813B181
:107960000B4B1B682BB900F05FFE30B90122084BAE
:107970001A6001232360002010BD0138072801D9B7
:10798000044810BD044B53F8200010BD48130020DC
:1079900044130020FE8FFFFF7C0E0100BFF34F8FCA
:1079A0000549064BCA6802F4E0621343CB60BFF39B
:1079B0004F8F00BFFDE700BF00ED00E00400FA05B7
:1079C00030B44FF0FE3200250B4B0C4C0C4949688B
:1079D000C3F80024C3F80424C3F80824C3F80C2413
:1079E000C3F81024C3F81424C3F81824C3F81C24C3
:1079F000C4F8005530BC0847005084500040845003
:107A00007C000020024BD0E90012C3E9001270474D
:107A10007C000020144B2DE9F043002814BF0446DD
:107A20001C46124F236883B0BB4219D016460D4640
:107A300020464FF4E07104F1040900F0EDF804F57C
:107A40008E78484600F0D0FC404600F0F3FA2B4612
:107A50004A4640460649009600F002FB08B92760F6
:107A6000002003B0BDE8F0834C130020A5BCC95A28
:107A70006D84000070B50D4C1D46002814BF0646ED
:107A800026460B4B306882B098420DD106F58E70B9
:107A9000002633460096144600F032FB002818BF3B
:107AA00034462C6002B070BD0248FBE74C13002046
:107AB000A5BCC95AE88FFFFF10B5044650B16368F2
:107AC00013F0685F05D0064A934202D0002362603B
:107AD000236010BD034B04485B689847EFE700BF85
:107AE0002C5F5CA97C0000209C0E0100C8B143689B
:107AF0000D4A934213D013F0685F0ED0012350E873
:107B0000002F194640E8001C9CF0000FF7D1012A15
:107B1000F5D0BFF35F8F00207047044870470448DA
:107B200070476FF4E04070472C5F5CA9E98FFFFF5E
:107B3000EA8FFFFF034680B1426809498A420AD0B2
:107B400012F0685F05D0BFF35F8F002210461A6005
:107B5000704704487047044870476FF4E04070472E
:107B60002C5F5CA9E98FFFFFEA8FFFFF10B5044689
:107B700020B10023034A2360626010BD0248FFF772
:107B80001FFFF6E73A00003AC40E010070B5194C29
:107B9000D0F804C00668C4F804C0D0F808C0C068B3
:107BA000C4F808C0E06026600868134B134D1860E5
:107BB0004868D5F818215860886812F0685F9860A6
:107BC000C8680969D860196112D000230C4A05F50C
:107BD0008A70C5F81431C5F8B831C5F81821C5F850
:107BE000BC21B047236805F5DC70BDE8704018473C
:107BF00070BD00BF98000020840000204C130020BE
:107C00002C5F5CA938B131B1002201440346013038
:107C100081421A70FAD1704738B131B10022014463
:107C20000346013088421A70FAD170472DE9F04FAF
:107C3000B2F5C07FBDB000F2DA800C46DFF8B49137
:107C4000154600214FF4D07282460DF17C0848465B
:107C500007F0B3FB404601F059F9302321460024D8
:107C600009F118062A4689F8173030466BBAA9F888
:107C70001230A9F8104007F079FB80222346725594
:107C80000DF12B0101F8013F0133202BFAD14FF404
:107C9000807240460BA901F04FF98346002840F05E
:107CA000A38005F1190313AD2F4607AE0293CDF85B
:107CB0000CA00196049510220021019807F07DFB8D
:107CC000DFF834A1DDF808B005970A9B5AF8044C98
:107CD000089F099A07995AF8100C5AF80C6C5AF830
:107CE000085C5C40019B7E40554081EA00071A46D3
:107CF00001214046CDE90776CDE9095401F03EF96E
:107D0000BBF1100F94BFABEB0B0BABF1100B0AF1F7
:107D1000100A002847D1BBF1000FD6D1059F1022D1
:107D20003846019907F022FB99F8033010370133E8
:107D3000474589F80330BED1049D4FF4807229462F
:107D40004046DDF80CA0019E01F0F6F8834678BBB2
:107D500054460AF130071BAB1A460121404601F098
:107D60000DF9834620BB102220461BA9144407F0BE
:107D7000FDFAA742EFD1404601F0D8F84FF4D07198
:107D80001C48FFF749FF28463021FFF745FF0BA8A5
:107D90002021FFF741FF30461021FFF73DFF5846F5
:107DA0003DB0BDE8F08F8346DDF80CA0019E049D38
:107DB000404601F0BBF84FF4D0710E48FFF72CFF9E
:107DC00028463021FFF728FF20210BA8FFF724FFCA
:107DD00010213046FFF720FF30215046FFF71CFFEF
:107DE00058463DB0BDE8F08F13AD07AEE0E76FF049
:107DF000370BF5E71C1500202C1500202DE9F0416C
:107E00008CB004460D463022002168466F4607F0CC
:107E1000D4FA04F12006E27B0132D2B2E273002AE6
:107E20004DD1A27B0132D2B2A273002A47D1637B2B
:107E30000133DBB26373002B41D1237B0133DBB20F
:107E40002373002B3BD1E37A0133DBB2E372002BC7
:107E500035D1A37A0133DBB2A372002B2FD1637A21
:107E60000133DBB2637253BB237A0133DBB223727B
:107E70002BBBE3790133DBB2E37103BBA37901339D
:107E8000DBB2A371DBB963790133DBB26371B3B9E0
:107E900023790133DBB223718BB9E3780133DBB291
:107EA000E37063B9A3780133DBB2A3703BB96378A5
:107EB0000133DBB2637013B92378013323703B467F
:107EC00022460121304601F059F88046002841D170
:107ED00010370CAB9F429ED1029AAB680399534076
:107EE00002933046EE68D5F820804E400396049900
:107EF0002E69D5F828C04E4004966E6905990B9FEF
:107F00004E4005960699AE69009B4E400696EE6976
:107F100007994FF480724E400796089ED5F824E0EA
:107F200088EA0608099E8EEA060E0A9E8CEA060179
:107F3000EE6A7E402F687B4000936B68019D6B402A
:107F40000193CDE9088ECDE90A16694600F0F4FFE9
:107F5000804638B168463021FFF75EFE40460CB0DF
:107F6000BDE8F0811022204608A907F0FFF9F1E7EB
:107F70002DE9F8431D468369B3F5C07F52D81646F4
:107F8000C3F5C072AA424DD3C5F5C072D31AB3422D
:107F900048D30446DFF898904FF4C0720F46484625
:107FA000002107F00AFA4946D4F89430A269D4F8BF
:107FB00098009847002838D1D4F818803DB1D4E90A
:107FC00025302A4609EB0801984770BBA84407B141
:107FD000C6B9174942460846FFF728FE054638B19C
:107FE0004FF4C0711248FFF717FE2846BDE8F8832A
:107FF00020460F49FFF702FF05460028F0D1012374
:108000002361EDE73946324609EB080007F0AEF987
:108010000749B04442460846FFF708FE05460028D7
:10802000DED1E5E76FF03705DFE76FF03305DCE71A
:10803000BC16002010B5A4220021044607F0BDF9AB
:108040004FF0FF314FF6F072044B2161E26104F111
:108050009C001B68BDE81040184700BFE8000020E6
:108060002DE9F047054688B00F461646002120222C
:108070006846984607F0A1F91F4B05F19C09484650
:108080001B689847044618B1204608B0BDE8F08741
:1080900005F1200A504600F039FFAA69C5E92576A6
:1080A000F2B920232E69AB61002E22DB69465046CF
:1080B0004FF4807200F040FF044630B93346414629
:1080C0002846109AFFF754FF04460C4B48461B689D
:1080D0009847002818BF0446204608B0BDE8F0873E
:1080E0002E69002EE2DA2F2A96BF01322646560864
:1080F000DCE71026DAE700BFE4000020E000002003
:108100002DE9F04FB2F5806F91B01A9F00F2E38035
:10811000B7F5807F00F2DC80044615460E4630221B
:10812000002104A8984607F048F96C4B04F19C091B
:1081300048461B6898478346002840F09280226991
:10814000E3699A4200F391806369002B40F08D80CF
:10815000002F40F0A980DFF888A16F46002D00F0C5
:1081600098806F4604F120080EE0102DAB4628BF22
:108170004FF0100B304639465A4607F0F7F8B5EB8A
:108180000B055E4400F08580E37B0133DBB2E373D3
:10819000002B4DD1A37B0133DBB2A373002B47D15E
:1081A000637B0133DBB26373002B41D1237B01334B
:1081B000DBB22373002B3BD1E37A0133DBB2E372F2
:1081C000002B35D1A37A0133DBB2A372002B2FD160
:1081D000637A0133DBB2637253BB237A0133DBB2C0
:1081E00023722BBBE3790133DBB2E37103BBA379C9
:1081F0000133DBB2A371DBB963790133DBB26371A5
:10820000B3B923790133DBB223718BB9E37801333E
:10821000DBB2E37063B9A3780133DBB2A3703BB97F
:1082200063780133DBB2637013B9237801332370B1
:108230003B4622460121404600F0A0FE834600282E
:1082400093D0DAF80030484698470346302104A816
:10825000002B18BF9B46FFF7DFFC10213846FFF7C5
:10826000DBFC584611B0BDE8F08F3A46414600238A
:108270002046FFF77DFEDFF868A000283FF46DAFD1
:108280004846DAF800309847834600283FF465AF47
:10829000E7E7204604A9FFF7B1FD83460028D0D1C7
:1082A000236901332361CCE73A46414604A8FFF72E
:1082B000BDFC834618B16F46DFF824A0C1E7204615
:1082C00004A9FFF79BFD834600283FF444AFF2E783
:1082D0006FF0370BC5E76FF0350BC2E7E400002005
:1082E000E00000202DE9F043202B1D46064688467D
:1082F00091468BB026D8DBB202AF8DF80480B04631
:1083000058F8041B8DF8053021B9404600F078FE7E
:10831000044640B9012302224046336001A900F01F
:1083200083FE044638B138462021FFF775FC20460D
:108330000BB0BDE8F0832A464946404600F074FE83
:108340000446F0E702AF1946104600233A4600F013
:10835000F1FF04460028E6D12023B9461D46CCE7AC
:108360002DE9F041D0F8F830A6B0002BD8BF02AE0E
:1083700031DD05460027D0F80C4102AEA4F101081A
:108380009022D5F8FC403146D0F8000101AB0197AE
:10839000B8FA88F8A0474FEA5818044620B9019B5C
:1083A00053B9B8F1000F16D030469021FFF734FCD6
:1083B000204626B0BDE8F081014632462846FFF748
:1083C00091FF58B9D5F80431019A1344C5F8043126
:1083D000B8F1000FE8D16FF03C04E5E70446204611
:1083E00026B0BDE8F08100BF70B500250446142218
:1083F00004F588762946C0F8F850FC3006F0DDFF19
:1084000008222946304606F0D8FF144B30461B6838
:108410009847204640F8045B00F0D8FD104B3046EA
:108420001B689847C8B9D4F8F830AB420FDC03EBAF
:10843000830204EB82022021C2F800010120C2E97C
:10844000421008490133C2F8FC10C4F8F830064B5A
:108450003046BDE870401B68184770BDE80000203A
:10846000E4000020098E0000E00000202DE9F04724
:10847000202A88B07AD83F4B00F5887904461B68DB
:1084800048461746884698470546F8B940F201160F
:10849000D4F8F830002B65D02046FFF761FF054681
:1084A00038B9D4F8F830002B14DC013EF2D16FF06B
:1084B0003B056E4620213046FFF7AEFB2E4B48466B
:1084C0001B689847002818BF6FF01D05284608B0A4
:1084D000BDE8F087D4E94132934203D3D4F80C21AC
:1084E000012A02D0013ED7D1E1E71F2BFAD96E460F
:1084F00001462022304604F1040A06F05EFF3146B0
:10850000504600F0BBFD05460028D3D1504600F090
:1085100071FD504600F05AFD2946504600F070FDAE
:1085200005460028C6D150462022314600F07CFD89
:1085300005460028BED1034632462021304600F0D1
:10854000F9FE05460028B5D1D4F8F8303A46002B9C
:10855000C8BF002340463146C8BFC4F8043106F006
:1085600005FFA7E76FF03F056E46A3E76FF03B05F9
:10857000ACE700BFE4000020E0000020002130B59F
:108580008DB0282202A8019106F017FF02A800F082
:10859000F9FE044610B120460DB030BD1B4D4FF022
:1085A000FF31286800F034F960BB194BD3F8340E62
:1085B00010F0010017D100F05BF9F8B9154A02A9D3
:1085C00001A800F013FC0446012000F051F988B91D
:1085D000286800F025F90028DDD00F48FFF7F0F9F2
:1085E00020460DB030BD2868052400F019F9002898
:1085F000D1D0F2E70948FFF7E3F9E9E70848FFF7C8
:10860000DFF9DBE70748FFF7DBF9CEE7CC00002016
:10861000006084503C180020400F0100200F010032
:10862000000F0100E80E010030B583B000F036F80D
:1086300078B900F055F890B9144BC3F80C0AFFF75D
:108640009DFF0446F8B9124D2B6863B1204603B074
:1086500030BD032400F072F8204603B030BD04247E
:10866000204603B030BD02460146FFF7D3F950B9AA
:108670006822084901ABFFF7FDF920B92046064BF7
:108680002B6003B030BD0524E0E700BF00508450EC
:108690005C1A0020601A00205AEA5A5A00207047DB
:1086A000430504D54FF0FF32034BC3F80821024BBA
:1086B000C3F8080A704700BF00508450014BC3F84C
:1086C000040A70470050845008B100F071B84FF4AC
:1086D0007500704708B100F04FB84FF4750070474F
:1086E00010B5114800F080F800B110BD0F4800F03F
:1086F0007BF80028F9D10E4C204600F075F80028D0
:10870000F3D10C4B0C481C6000F06EF801460028B9
:10871000EBD100F02DF8044608B1204610BD00F062
:1087200089F82046FAE700BFDC000020D8000020CE
:10873000D4000020CC000020D000002008B508485C
:1087400000F05CF8074800F059F8074800F056F8C8
:10875000064800F053F8BDE8084000F00BB800BF31
:10876000DC000020D8000020D4000020D000002031
:1087700000207047704700BF10B402460B4C01E068
:10878000134207D1D4F8003A13F48070F8D00120D6
:1087900042F4807229B1054BD3F804410C60C3F850
:1087A0000841024BC3F8082A10BC7047005084509F
:1087B0000246084901E01A4207D1D1F8003A13F401
:1087C0008070F8D0012042F48072024BC3F8082A6E
:1087D000704700BF0050845006F0D5BD06F0EDBDD7
:1087E0000A46002106F0E9BD08B5034B02681B6884
:1087F00010689847002008BD9800002008B5034B7A
:1088000002685B6810689847002008BD9800002047
:10881000024B02689B681068184700BF9800002050
:1088200008B5034B0268DB6810689847002008BD54
:108830009800002070B5094C094D2069AB68984735
:1088400018B1084B08485B6898470021074AEB6855
:1088500011602069BDE87040184700BF8400002007
:10886000980000207C000020580F0100C81A00204A
:10887000F8B51A4D1A4E0446B26828699047E8B90F
:10888000184F3B684CB1A3B1012B19D0013B3B60A1
:108890002869F36898470020F8BD43B90121124ABE
:1088A000C2F800151149D1F81029002AFBD1013373
:1088B0003B60F368286998470020F8BD0C48F8BD74
:1088C0000A4AD2F81039002BFBD1074A6FF07E40DC
:1088D000C2F80035FFF7F2FE3B68D7E784000020BE
:1088E00098000020C81A0020004084500050845096
:1088F000E98FFFFF014B1B68184700BF980000205D
:10890000014B9B68184700BF98000020014BDB68B3
:10891000184700BF980000202DE9F041002873D0CF
:108920000C46002970D01D46002B6DD007461AB1A9
:10893000012200232A6003602B68002B5FD02946A8
:10894000204600F0D9FD804600285AD121462868EB
:1089500000F0B8FD8046002853D12868082867D069
:10896000042867D0A0F10200B0FA80F0400901218C
:10897000314EC6F8C411C6F84011C6F8C411636A76
:10898000C6F83031D6F830219342F6D10023C6F82C
:108990002C314FF0FF33C6F808316FF01B03C6F8D7
:1089A0000031C6F80C01D6F8040A40F48060FFF7E5
:1089B00085FE0A23C6F83831069B012B29D023698E
:1089C0001E4AA2FB03231B09626A404602FB03F313
:1089D00003EB4303184ADB039B09C2F8D831012398
:1089E000C2F82C313B682A6823F07F4343EA0263D4
:1089F0003B602A6843EA02233B60BDE8F081DFF870
:108A000040804046BDE8F081DFF838804046BDE850
:108A1000F0814FF47F03D3F80C2C013206D0D3F849
:108A20000C3C064AA2FB03231B09CDE71623CBE728
:108A300003209CE702209AE700508450ABAAAAAA20
:108A4000310CF100350CF10058B34B1EB3F5047F27
:108A500027D230B54FF0000ECD00744671464B0959
:108A600001F01F0C50F82330BCF11F0F23FA0CF358
:108A700006D003F0010319B901211C468E46EEE72A
:108A80009C4201F1010106D01C464FF0010EA942A3
:108A9000E5D1002030BD0EF1010E9645F7D1024818
:108AA00030BD0148704700BF360CF100C0B32DE95E
:108AB000F0434C1EB4F5047F1DD2E3B1DAB10025BA
:108AC0002E46A8462C46CF0003F1FF394FEA541C2E
:108AD00004F01F0E50F82C10BEF11F0F21FA0EFCEF
:108AE0000CD00CF0010C4CB90126E046344635465A
:108AF000ECE7964216D90C48BDE8F083AB420BD0A8
:108B0000C44508BF0136A945F3D001350134BC4244
:108B1000DCD10020BDE8F0830125E0462E46F5E7D4
:108B2000014870471D46F1E7370CF1002DE9F04F81
:108B30008FB08246DDE919460D46002E6ED10969D7
:108B400004911C60002318990B60002A00F0288112
:108B5000994B6A6AD3F83811D3F830319A4269D107
:108B60000A2967D19AF80330069304F108030593A4
:108B70000423049A0393914B8F4CA3FB023B4FEACF
:108B80009B0B0BEB4B0BA2EB4B0B189B049E1E603D
:108B9000002E00F0E580002700F0BEFC0797BAF138
:108BA000000F00F0D0804FF00109DDF81480002D97
:108BB00000F0C980069B002B3ED0284606A900F095
:108BC0009BFC00283AD07E4B984220D0069B082B75
:108BD00000F0E08000225B000693294606AB504679
:108BE0000092FFF799FE774B984200F0CF8070B962
:108BF000DAF80020130A03F47F03134323F07F43C2
:108C0000CAF80030039B013B0393BED100200390C0
:108C100000F082FC03980FB0BDE8F08F4FF47F01A5
:108C2000D1F80C0C01300CBF4FF40471D1F80C1CBE
:108C3000049186E76448EAE76248C4E72946069853
:108C400000F040FC0028BED1069B082B00F0A48059
:108C5000042B00F0A380A3F10203B3FA83F35B09B2
:108C6000C4F8C491C4F84091C4F8C4916A6AC4F8C5
:108C70003021D4F830118A42F6D10022C4F82C21D8
:108C80004FF0FF32C4F808216FF01B02C4F8002136
:108C9000C4F80C31D4F8040A40F48060FFF70EFDEC
:108CA0000A23C4F838312B69444AA2FB0313696ACA
:108CB0001B0901FB03F303EB4303DB039B09C4F82C
:108CC000D831C4F82C910698DAF8003023F07F41AF
:108CD000030243EA00630B43CAF8003007A800F020
:108CE000E1FB079B354A03F01A0303437FF46EAFA1
:108CF000A2FB0632D4F81431B7EB920F0893D4F8E4
:108D000018310993D4F81C310A93D4F820310B930D
:108D1000D4F824310C93D4F828310D9302D1BBF14F
:108D2000000F12D14046182208A9183EFFF754FD43
:108D300008F1180801379EB100F0EEFB00230793FD
:108D4000002D7FF437AF21483DE740465A4608A939
:108D5000A6EB0B06FFF740FDD8440137002EEBD100
:108D6000049F059E6A6939463046FFF76DFEAA6981
:108D700040B94FF4806339463046FFF797FE00282C
:108D80003FF444AF0023189A13601CE72B6A002BB2
:108D90003FF43DAF0E483AE7032361E702235FE764
:108DA000012229465046009606ABFFF7B5FD002884
:108DB0003FF4DBAE2BE700BF00508450ABAAAAAA59
:108DC000020CF100310CF100300CF100350CF10017
:108DD000320CF10010B4DDE9013401940024DDF817
:108DE0000CC0CDE902C410BCFFF7A0BE30B51546DB
:108DF000012487B005AB00930022CDE9015404ABF8
:108E0000FFF794FE07B030BDF0B587B0002967D0FA
:108E10001E46002B64D01446002A61D0324F0D4606
:108E200038684FF0FF31FFF7F3FC00283DD12F4B9E
:108E3000D3F8340E10F0010015D04FF0FF354FF489
:108E400008712B48FEF7DEFE04212A48FEF7DAFE01
:108E500029482821FEF7D6FE3868FFF7E1FC40BB21
:108E6000284607B0F0BDFFF703FD002834D12248A3
:108E700000F088FA70B91E4A0346029205AA0192D0
:108E800004AA039000921C4902461A48FFF7A2FF69
:108E90000346A0B14FF0FF350120FFF7E9FC0028A1
:108EA000CDD01648FEF78CFDC9E71548FEF788FDC2
:108EB000BDE71448FEF784FD284607B0F0BD2846FC
:108EC0001D46059B22469C4228BF1A4604993260E3
:108ED0000831FFF781FCDFE70B48FEF771FDC6E7BD
:108EE0004FF0FF35BCE700BFCC000020006084508D
:108EF000F81A0020CC1A0020D01A0020200F010000
:108F0000E80E0100780F0100000F010010B50446C3
:108F100030B1002201236265A265E365236610BDBE
:108F20000148FEF74DFDF4E7900F010018B17422DF
:108F30000021FFF753BC7047C8B1D9B108B5002371
:108F4000C02A836380F83C300FD0B2F5807F04D014
:108F5000802A03D06FF01F0008BD02230363D208EC
:108F60001030FFF739FC002008BD0123F6E76FF051
:108F7000210070476FF01F00704700BF70B50446B6
:108F800086B0F8B11046EAB1E3B101291AD8A26B54
:108F900016D0012A16D1102500210DEB05060196E9
:108FA00002AA61632946009500F0C8FA50B92B4621
:108FB0003246204602A900F073FD18B906B070BD14
:108FC000002AE8D06FF02100F8E700BF10B5044692
:108FD00028B12046BDE81040F421FFF701BC044849
:108FE000FEF7EEFC2046BDE81040F421FFF7F8BB89
:108FF000A40F010010B1F421FEF704BE704700BFBA
:1090000008B521B1012908D06FF0360008BD012153
:1090100000F058F80028F7D108BD022100F052F8FE
:109020000028F9D0F0E700BF30B505468818B0F544
:10903000801F0B461446A1B001D8802A0CD9B3F585
:10904000801F17D922461946284600F07DF80446AD
:1090500084B9204621B030BD6846FFF7BDFB2246EB
:109060006946284600F070F8802104466846FFF7FC
:10907000B7FBEDE76FF03604EBE700BF70B5E8B182
:109080000E46D9B1044600F031F80546B0B9236860
:10909000012B0BD0022B01D0284670BD1C2230467C
:1090A00004F10801FFF798FB284670BD20223046E6
:1090B00004F10801FFF790FB284670BD6FF03605FC
:1090C000EAE700BF78B138B50D46F0210446FFF756
:1090D00087FB402320462560E36500F061FA0038F5
:1090E00018BF012038BD0120704700BFF0B5056EE4
:1090F000A5B0044604AEE5B900230127019330462C
:109100006760294602AA009300F018FA10B1012006
:1091100025B0F0BD2A46204602A900F069FA0028D1
:10912000F5D1204600F06CFB0028F0D1206625B078
:10913000F0BD802D2A46304628BF802204F164010C
:10914000FFF74AFB256ED7E7002800F0AE802DE937
:10915000F04F1446A5B0002A3DD00F46002949D053
:10916000B2F5803F0546006E20D34FF6FF7805F13B
:10917000640AEB6D1A1AB2FBF3F103FB1122002A09
:1091800065D18342B9464FF6FF7672D0B6FBF3FB4A
:1091900003FB0BFBBBF1000F30D1002E45D1A4F532
:1091A0007F44FF3CB4F5803F4744E2D2EA6D161A93
:1091B000B6FBF2F302FB1366A64228BF2646002E3A
:1091C00075D1824200F08D80B4FBF2F602FB06F608
:1091D0002EB9002C79D1002025B0BDE8F08F0023F6
:1091E00031463846CDE9003302AA00F0A7F900283D
:1091F00000F09580012025B0BDE8F08F002359468E
:109200004846CDE9003302AA00F098F90028F1D1D0
:109210005A46284602A900F0EBF90028EAD1A6EB4D
:109220000B06286ED944002EB9D019304946324673
:1092300005EB8000FFF7D0FAA4F57F44286EFF3CD1
:109240003044B4F5803F4744286692D2AEE74245A9
:1092500028BF4246164639465044FFF7BDFA286EED
:10926000EB6D3044834207EB06092866A8EB06063F
:109270008CD1802B28BF802351461A4604A8FFF7C3
:10928000ABFA0023E96D02AACDE9003304A800F08F
:1092900055F90028AED12846EA6D02A900F0A8F9D8
:1092A0000028A7D1EB6D286670E70120704705F113
:1092B0006403394632461844FFF78EFA286EEA6D89
:1092C0003044A41B374428667BE72B6E22461933B3
:1092D00005EB83003946FFF77FFA2B6E23442B669C
:1092E00079E7802A28BF802205F1640104A8FFF7EE
:1092F00073FA0023E96D04A8CDE9003302AA00F057
:109300001DF900287FF476AF2846EA6D02A900F027
:109310006FF900287FF46EAFEA6D286654E7324695
:10932000284602A900F064F900287FF463AF3744AF
:10933000A41B4EE7F8B51C460546114816460F46D5
:10934000FFF744FE21460E48FFF75AFE044620B1BF
:109350000B48FFF74FFE2046F8BD3A46294608481D
:10936000FFF762FE04460028F2D131460448FFF7B9
:1093700085FE04460248FFF73DFE2046F8BD00BFCB
:10938000181D00201C2370B582B001A90546019369
:1093900000F032F8044638B9019B1C2B07D0144C5E
:1093A0001C212846FFF71CFA204602B070BDD5E903
:1093B0000112131E18BF0123003918BF0121012615
:1093C00028689B00EA6843EA4103002818BF43F07D
:1093D0000103EE612AB9C5E90834002BE4D1054C3C
:1093E000DEE7204643F00803C5E9083402B070BD4B
:1093F000370CF0000E0CF000034618B111B10A68EA
:109400001C2A01D0012070474FF47F02D2F8101CB3
:1094100001310CBF40F2DC51D2F8101C4FF47F0236
:109420000160D2F8141C01310CBF40F2DC51D2F8BB
:10943000141C4FF47F024160D2F8181C01310CBF9C
:1094400040F63401D2F8181C4FF47F028160D2F844
:109450001C1C01310CBF40F63401D2F81C1C4FF427
:109460007F02C160D2F8001C01310CBF9021D2F8FC
:10947000001C4FF47F020161D2F8041C01310CBFC3
:109480005121D2F8041C4FF47F024161D2F8081C2C
:10949000002001310CBF40F23732D2F8082C9A611B
:1094A000704700BF014608B54FF48060FFF712F91E
:1094B0000022034BC3F8C821C3F82C2108BD00BF0C
:1094C000005084500138072805D8DFE800F0100E5E
:1094D000040A0404040607487047CB6800204B6266
:1094E00070478B6800204B6270474B68F6E70B684B
:1094F000F4E700BF310CF1000B6802E0082B0B60B1
:1095000006D8026A13424FEA4303F7D0002070479F
:1095100000487047310CF100002310B5064C4FF4A1
:109520008060C4F82C31C4F8C431FFF7B9F84FF0AB
:10953000FF33C4F8083110BD005084502DE9F041CC
:10954000002482B015461E4601220DF1070307468E
:10955000DDF824808DF8074000F05AFFD0B99DF85F
:10956000073004462F602B71B8F1000F0ED04EB1BA
:109570000246089930460DF1070300F049FF48B94B
:109580009DF80730C8F8006088F80430204602B023
:10959000BDE8F0814FF47504204602B0BDE8F081CB
:1095A000D8B108B50368012B04D0022B0FD043B10A
:1095B0000B4808BD20220B490830FFF70DF90020A9
:1095C00008BD142208490830FFF706F9F7E7202202
:1095D00006490830FFF700F9F1E74FF473007047D0
:1095E0000100F300B40F0100F40F0100D40F0100DB
:1095F0002DE9F047002900F0EB800446002800F038
:10960000EB80036888469146002B00F0B580013B53
:10961000012B00F2C9804FF0FF3171484FF0020A70
:10962000FFF7F6F8002840F0B1800020FFF720F99E
:109630000746002840F0B4806A4DD5F81069002E26
:10964000FBD14FF0FF30FFF72BF8D5F8040A20F4D8
:109650000060FFF733F801230722C5F81838C5F872
:109660002038C5F80029C5F8C437C5F8A466A36C2E
:10967000C5F8CC37E36CC5F8D037C5F8C0A7236868
:109680005BB1013B012B18D8636AC5F85C36236ACD
:10969000C5F85836E369C5F85436A269514BC3F88A
:1096A00050266269C3F84C262269C3F84826E2684E
:1096B000C3F84426A268C3F84026B9F1000F56D07B
:1096C00063684FF40060012B04BF464AC2F8843639
:1096D00098F80430D8F80010424A5B0003F0020307
:1096E000C2F80C3BC2F8281CC2F82C9CFEF7ECFF19
:1096F0000746236863B1013B012B19D8394BD3F8D6
:109700005C266262D3F858262262D3F85436E361AD
:10971000344BD3F85026A261D3F84C266261D3F8BB
:1097200048262261D3F84426E260D3F84036A3608D
:10973000002201212B4BD3F8CC07A064D3F8D0072B
:10974000E064C3F8C417C3F88426C3F8C827C3F875
:109750001828C3F82028AFBB0120FFF789F868BBA1
:109760001F48FFF75DF818BB3846BDE8F0870422B4
:109770001C4BC3F8C827BCE74FF0FF3118484FF027
:10978000010AFFF745F800283FF44FAF1648FEF7EF
:1097900017F90020FFF76CF8074600283FF44CAF9C
:1097A0001248FEF70DF947E7114F3846BDE8F0873C
:1097B0001048FEF705F93846BDE8F0870E48FEF779
:1097C000FFF8CDE7102104F10800FFF709F8C3E71F
:1097D0000A4F3846BDE8F0874FF47307C4E700BF6F
:1097E000DC00002000508450E80E0100000F010052
:1097F0000100F300400F0100200F01000300F300FF
:10980000A0B3034670B4D0E90240D3E9041226BAEB
:1098100005BA0CBA10BAC3E90440D3E90612986A33
:1098200009BAC3E9026512BA996100BAD3E90841DD
:1098300025BA0CBAC3E90725D3E90B12C3E90940DD
:1098400009BAD86B12BAD962D3E90D4125BAC3E976
:109850000C250CBA00BAD3E9101209BA12BAC3E93E
:109860000E40196400205A6470BC70474FF47300B6
:10987000704700BF70B500284DD0436B0446032BE2
:109880003CDD063B012B3BD8A36B012B3BD8E36DA2
:10989000012B3DD8236E012B41D8224ED6F810590A
:1098A000002DFBD14FF0FF30FEF7FAFED6F8040A88
:1098B00020F40060FEF702FF0123C6F80039C6F865
:1098C000BC54636B23F00402032A18BFA16B226B04
:1098D0000CBF294601F00101022A17D89B0003F0B2
:1098E0001C0343EA02330F4A0B43C2F8C034636BD4
:1098F000072B06D10123C2F87C3402E0002BC3DA27
:10990000094D284670BD094D284670BD084DF8E741
:10991000084D284670BD4FF47105284670BD064DB0
:10992000EFE700BF005084500100F1000200F10099
:109930000600F1000300F1000400F10000287DD0D2
:1099400038B590F83C300446002B55D0022B23D07C
:109950003C483D4D2A683D4B1268C3F800242A68F4
:109960005268C3F804242A689268C3F808242A6855
:10997000D268C3F80C242A681269C3F810242A6834
:109980005269C3F814242A689269C3F818242A6813
:10999000D269C3F81C2438BD016B006C00F032FBA7
:1099A000294D0028D6D12A68284B1268C3F8002414
:1099B0002A685268C3F804242A689268C3F8082405
:1099C0002A68D268C3F80C242A681269C3F81024E4
:1099D0002A685269C3F814242A689269C3F81824C3
:1099E0002A68D269C3F81C24216B206C00F020FB8C
:1099F0000028AFD1002038BD0269144BC3F8002401
:109A00004269C3F804248269C3F80824C269C3F810
:109A10000C24026B013A012AECD8026AC3F8102424
:109A2000426AC3F81424026B022AE3D1826AC3F8A3
:109A30001824C26A0020C3F81C24DCE74FF471002C
:109A4000704700BF0900F100C8000020005084509A
:109A5000114A124B11680968C3F80014116849686B
:109A6000C3F8041411688968C3F808141168C96838
:109A7000C3F80C1411680969C3F810141168496916
:109A8000C3F8141411688969C3F818141268D269EC
:109A9000C3F81C24704700BFC80000200050845049
:109AA0002DE9F04F85B0002958D01746002A55D02F
:109AB0000446002800F0DC809846C36D0E46002B5B
:109AC00042D1B8F5805F44D294F83C30042B00F0CA
:109AD000C7804FF0000A4FF0FF31B548FEF798FEFF
:109AE000002840F0B9800020FEF7C2FE002840F0B8
:109AF000AF804FF00109DFF8BCB22046CBF81098D8
:109B0000CBF82098FFF7B6FE054620B92046FFF7B0
:109B100015FF054638B3BAF1000F40F085800022EA
:109B2000A44B0120C3F81028C3F82028FEF7A0FE9C
:109B3000002840F089809E48FEF772FE00287CD104
:109B4000284605B0BDE8F08F012BBDD1B8F5803FA8
:109B5000BAD3994D284605B0BDE8F08F974D2846F9
:109B600005B0BDE8F08F636B072B00F2CA8009FADD
:109B700003F919F08A0F40F0D38019F0440F40F038
:109B8000C28019F0010F00F0BC8033793A795B0094
:109B900002F0010203F002031343864A3168386879
:109BA000C2F80C3B636B23F00403032B0AD0236E33
:109BB000012B0BBFC2F8280DC2F8300DC2F82C8D56
:109BC000C2F8348DE36D4FF40060012B794B0BBF6D
:109BD000C3F8281CC3F8301CC3F82C8CC3F8348C91
:109BE000FEF772FD0546002895D1626B072A15D84D
:109BF0000123934013F08A0F40F09F8013F0440F2D
:109C00000CD06C4BD3F860242260D3F864246260DB
:109C1000D3F86824A260D3F86C34E3600123A36511
:109C2000BAF1000F3FF47BAF0423202104F11000B0
:109C300084F83C30FEF7D4FD71E76148FDF7C0FEC3
:109C4000284605B0BDE8F08F5E48FDF7B9FE72E723
:109C50005D48FDF7B5FE4CE75C48FDF7B1FE42E715
:109C6000216B206C00F0B8F928B14FF0010A32E7FF
:109C70004FF4710564E7DFF858914E4DD9F8003084
:109C80001B68C5F80034D9F800305B68C5F80434A7
:109C9000D9F800309B68C5F80834D9F80030DB6883
:109CA000C5F80C34D9F800301B69C5F81034D9F860
:109CB00000305B69C5F81434D9F800309B69C5F8E9
:109CC0001834D9F80030DB69C5F81C34216B02293F
:109CD000CBD8236D4FEAC10A0193E36C0AF1100A55
:109CE00004F1100B0093CDF80CA0CDF808B0206C57
:109CF000D4E9112300F09CFA68BB002384F83C30BF
:109D0000B3E7344D07E72368CBF860346368CBF8DA
:109D10006434A368CBF86834E368CBF86C3434E778
:109D20002368CBF840346368CBF84434A368CBF89D
:109D30004834E368CBF84C3427E71E4BD3F8402473
:109D40002260D3F844246260D3F84824A260D3F898
:109D50004C34E36062E7D9F8003051461B6858463E
:109D6000C5F80034D9F800305B68C5F80434D9F878
:109D700000309B68C5F80834D9F80030DB68C5F8B6
:109D80000C34D9F800301B69C5F81034D9F800300C
:109D90005B69C5F81434D9F800309B69C5F81834EC
:109DA000D9F80030DB69C5F81C34FEF719FDA4E7CB
:109DB000DC000020005084500500F1000B00F10091
:109DC000400F0100200F0100000F0100E80E01000C
:109DD000C80000200100F1002DE9F04701B3FAB1FD
:109DE0000446002854D01D46436B0E46072B1BD05B
:109DF0005DB9032B10D1836D73B945668566C56661
:109E00000567102500F164030B602B4631462046A0
:109E1000BDE8F047FFF744BE2F463846BDE8F0875F
:109E2000644F3846BDE8F087C36DA3BBB5F5805FCE
:109E300036D20DB9A36D9BBB4FF0FF315E48FEF7E4
:109E4000E7FC00284CD10020FEF712FD002843D18A
:109E50004FF00108DFF864912046C9F81088C9F86E
:109E60002088FFF707FD0746E0B10022534B012091
:109E7000C3F81028C3F82028FEF7FAFC40BB4E4870
:109E8000FEF7CEFC0028C8D04D48FDF799FDC4E789
:109E90004FF47107C1E7012BCBD1B5F5803FC8D393
:109EA000484FBAE72046FFF749FD07460028DCD1B6
:109EB000636B072B0AD808FA03F818F08A0F13D13E
:109EC00018F0440F5AD118F0010F19D13E4FCCE7CA
:109ED0003E48FDF775FDD2E73D48FDF771FDB7E758
:109EE0003C48FDF76DFDAEE72368C9F84034636870
:109EF000C9F84434A368C9F84834E368C9F84C3455
:109F000001212E4AC2F87C14C2F8BC54337930685F
:109F10008B4003F00203C2F80C3BE5B9A36D0BB90B
:109F2000C2F82415626B072A9FD80123934013F0CF
:109F30008A0F30D113F0440F97D0204BD3F8602410
:109F40002260D3F864246260D3F86824A260D3F856
:109F50006C34E36089E7E36D012B0BBFC2F8280C7A
:109F6000C2F8300CC2F82C5CC2F8345C4FF40060CC
:109F7000FEF7AAFB0028D5D0074676E72368C9F884
:109F800060346368C9F86434A368C9F86834E36866
:109F9000C9F86C34B4E7094BD3F840242260D3F8F5
:109FA00044246260D3F84824A260D3F84C34E360C0
:109FB0005BE700BF0B00F100DC0000200050845084
:109FC000400F01000500F1000100F100200F010029
:109FD000000F0100E80E01007F2809D851B10139B6
:109FE000022909D805497F280CBF08460020704780
:109FF0000248704708467047014870470100F70063
:10A000000300F7007F2809D851B10139022909D886
:10A0100005497F280CBF084600207047024870475A
:10A0200008467047014870470100F7000300F70039
:10A030000129F0B407D0022900F0898000295AD004
:10A040007248F0BC70470022714C724B4FEAC00C52
:10A05000C4F80015451C0CF57F04C3F8082104F56D
:10A060000444C3F80021C3F80421C3F800556A4E24
:10A070002468B44240F0B380196002E0002940F047
:10A08000B580D3F80021D3F80841D3F80411224356
:10A09000F4D0002C40F0B180002940F0A7800124CA
:10A0A0005B4AC3F800150230C2F800455B4AC3F8AA
:10A0B0000811C3F80011C3F80411C3F8000552F8E1
:10A0C0000C00574A904240F08E80524A1C6002E0D9
:10A0D000002840F08B80D2F80031D2F80811D2F875
:10A0E00004010B43F4D0002940F08C8000287DD17E
:10A0F000C2F8000528E00124464BC200444E20442B
:10A1000002F57F02C6F8004502F50442C3F80811C3
:10A11000C3F80011C3F80411C3F800053E4D1268DE
:10A12000AA4260D11C6001E000285FD1D3F8002171
:10A13000D3F80811D3F804010A43F5D000295CD103
:10A14000002853D1C3F800050020F0BC704701255A
:10A150000022304B2E4F4FEAC00C44190CF57F0102
:10A16000C7F8005501F50441C3F80821C3F80021E0
:10A17000C3F80421C3F80045274E0968B1422ED127
:10A180001D6000E091BBD3F80021D3F80841D3F85B
:10A1900004112243F6D084BB41BB01241C4AC3F8FE
:10A1A00000150230C2F800451C4AC3F80811C3F874
:10A1B0000011C3F80411C3F8000552F80C00184A46
:10A1C000904210D1134A1C6000E078B9D2F80031F7
:10A1D000D2F80811D2F804010B43F6D083E7C3F894
:10A1E000002510482DE7C3F80015FAE70022094BB7
:10A1F0000D48C3F80025F0BC70470022C3F80025C5
:10A200000A481EE70023C2F80035F9E70C00F10008
:10A210000040845000900350005484500884FF0094
:10A22000105484500600F7000200F7000100F70008
:10A230002DE9F0470024CCB08246894616462146D7
:10A2400074220EA81F46579DDDF8588105F0B5F819
:10A25000802221462CA82B9405F0AFF88423B5F575
:10A260007F6FCDE90A440D940C94059364D8FFF7F1
:10A27000EFFB05AB30462BAE01933946DDE95423A5
:10A280000295009600F064F8002850D102230722BE
:10A290008DF813309DF813301B928DF87430002226
:10A2A0000123012410211C900EA8CDE92423CDF810
:10A2B0006890CDF878A02694FEF792FA10220DF15E
:10A2C00020090092304605990AABCDF8049006AA01
:10A2D000FFF734F9074688B11EE0102D2E4628BF3F
:10A2E00010260EA93246FEF777FA10210EA8FEF7C7
:10A2F00077FA0134AD1B3744E4B222D0059B4A46BD
:10A3000006A90EA88DF8AC40FFF766FD034608EBE2
:10A310000700002BE1D01F460EA874220021FEF793
:10A320005DFAFFF795FB38464CB0BDE8F087064F65
:10A3300038464CB0BDE8F087044F38464CB0BDE815
:10A34000F0872F46E8E700BF0E00F1000F00F10094
:10A350002DE9F041002482B00A9D0194B5F57F6F8C
:10A3600040D8ED00B5F5807F1E4634BF032304239B
:10A3700001F1FF3CBCF13F0F0C46009332D888B38B
:10A38000174666BB089A6AB3099A116851B3A219B5
:10A390001344994226D3089B01462246581CFEF7D7
:10A3A0001BFA089B04F102081C440023637026BBBF
:10A3B000089BFF2D009503EB080017D92B029BB2D9
:10A3C00043EA1523022201A90193FEF705FA08F1D9
:10A3D00002030020099A136002B0BDE8F0810AB1BF
:10A3E000402ECFD9094802B0BDE8F081012269466C
:10A3F000FEF7F2F908F10103EBE7089B324603EBA5
:10A4000008003946FEF7E8F9B044D1E706000080BD
:10A4100000201870704700BF0CB430B589B00546F5
:10A420000C461C22002101A804F0C7FF0223059559
:10A430008DF806300D4B029323462CB1B4F1004F3A
:10A4400028BF4FF00043013B1D440DAA0C9901A801
:10A450000695009200F0A6F814B1059B00221A7030
:10A4600009B0BDE8304002B0704700BF65F700009A
:10A470002DE9F04101260746B24201DCBDE8F0813A
:10A480003B461F4613F8014B002CF7D0252CF8D182
:10A490001C780237252CF3D00023DFF804819C467A
:10A4A0001D461F2D18D8A4F1200EBEF1100F09D99A
:10A4B000A4F1300EBEF1090F1ED80A24202504FB9A
:10A4C00003E304E028FA0EFE1EF0010F06D017F891
:10A4D000014B002CE5D128E07F2D1CD8A4F1300ED3
:10A4E000BEF1090FE9D9242C10D1BCF1000F46D0E0
:10A4F000B34246D00023EAE724F0040EBEF12A0F4F
:10A50000F8D06C2C09D145F08005E0E724F0040E6A
:10A51000BEF12A0FEED06C2C22D06C2C1BD8682CEC
:10A5200023D06A2C28D04C2C26D0BCF1000FA5D00B
:10A53000B445A1D144F020070B68A7F1650CBCF12C
:10A54000020F01D9612F1ED1073323F0070308330F
:10A5500001360B608FE7742CB9D07A2CB7D0E4E7C2
:10A560002C0648BF45F40075CDE7EC0548BF45F41F
:10A57000007545F48075AAE745F42075A7E79C4669
:10A58000B8E76324D6E7692C02D007D8632C03D040
:10A590002F0601D5AC05D7D40433D9E7732CF6E7E1
:10A5A000892801002DE9F04F436895B08046039358
:10A5B00083789807CDE9081216D50B4600250D9231
:10A5C0001F789FB1252F15D0013307934146384698
:10A5D000039B01359847002880F22C8498F80230BC
:10A5E00043F0040388F802304FF0FF35284615B0D9
:10A5F000BDE8F08F5F789A1C252F0792E6D00024E3
:10A600002646A246A346BBF11F0F32D8A7F120036E
:10A61000102B0AD8DFE803F02409092A0909091BCD
:10A6200009090922092709091900A7F13003092B93
:10A630002DD92A2F39D154B90D9B1BF0400F53F857
:10A64000042B0D9329D0164601E04BF0010B079B1C
:10A6500013F8017B0793002FD5D15BE04BF0020B81
:10A660004BF0040BF3E74BF0080BF0E74BF0100B4B
:10A67000EDE7BBF17F0F3FD8A7F13003092BD8D806
:10A680001BF0400F03D00A2202FB0636DFE70A2246
:10A6900002FB0A3A4BF0200BD9E7B2F1000AF9DAD3
:10A6A000CAF1000A4BF0280BD1E72E2F05D11BF081
:10A6B000400F9BD14BF0400BC9E7242F1CD1002C3D
:10A6C00000F03F81099B1BF0400F0D930AD15246C9
:10A6D0000DA90898FFF7CCFE0D9B1A1DD3F800A01A
:10A6E0000D92B4E732460DA90898FFF7C1FE0D9B05
:10A6F0001A1D1E680D92AAE76C2F00F00F8100F260
:10A700000681682F00F012816A2F00F017814C2F0C
:10A7100000F0148134B1099B22460DA908980D93CD
:10A72000FFF7A6FE002E47F02009B8BF2BF0400B24
:10A73000A9F16503BCBF00261FFA8BFB022B40F278
:10A740000581B9F1610F40F05B82FF431BF0400FC0
:10A750004BF4C05407F0200308BF4FF0FF360693B8
:10A760000D9B073323F0070303F10802D3E900012F
:10A77000069B0D920EAA0093334604F05DFF013054
:10A78000C3B2B342049301DB049B5E1E01230E9F00
:10A79000A3464FF07009059307F10903122B0DD959
:10A7A00007F16303C62B40F20C8107F2E73340F256
:10A7B000CE72934294BF0323042305939DF83C205B
:10A7C00002F00C0312F0010240F016811BF0020FA0
:10A7D00040F00F811BF0040400F0F580002B40F0E6
:10A7E0000E8120231BF4405F20D1049A002E02F139
:10A7F000500208BF01266A44133A049921B112F8A5
:10A80000011D302900F030811BF0100F049A18BF91
:10A810003246391DC0F22D81B74280F22A81BA42F8
:10A820004BF4005B40F327817E1C961B1BF4005207
:10A830000A9200F0228127EAE774013403B101345F
:10A84000002E00F02281721C1444A245CCBFAAEB5A
:10A85000040400241BF0090F04D12C44A54240F04D
:10A86000198100243BB118464146039B01359847A6
:10A870000028FFF6B3AE1BF4006F12D04146302023
:10A88000039B98470028FFF6A9AE069B4146023578
:10A89000C3F17800039B00F0F80098470028FFF60A
:10A8A0009DAE1BF0080F05D12C44AC4240F0FE8059
:10A8B000254600240A9B002B00F0178127EAE77A3F
:10A8C0007642A7EB0A07049B0AF1FF3A05F101095A
:10A8D0004146BB4289BF0EAB3020FB185879564524
:10A8E000039B00F3EC809847002807F10107FFF66F
:10A8F00075AEBAF1FF3F08D141462E20039B984721
:10A900000028FFF66BAE05F102094D46DBE7742F18
:10A910003FF49DAE7A2F3FF49AAEFBE61BF0800F1A
:10A9200018BF4BF4007B4BF0800B90E61BF4807F4C
:10A9300018BF4BF4007B4BF4807B88E64BF4207B04
:10A9400085E626465446B346B24680E6FF431BF0F2
:10A95000400F07F0200308BF0626B9F1650F0693E4
:10A960000D9B03F1070323F0070303F10802D3E96A
:10A9700000010D9213D1731C00224BF4805BDBB2FB
:10A980001446112BCDE9002428BF11230EAA00F094
:10A99000F1FA0E9FC3B2049302230593FCE6B9F1CA
:10A9A000660F05D14BF4005B344601221123E8E722
:10A9B000F3B200224FF06509012B144638BF012382
:10A9C000DFE70223F9E6002B3FF40CAFBAF1030FE7
:10A9D00039DC9DF83C30A14E13F0080FA04B08BFA6
:10A9E0001E463746B94617F8010BA0BBAE1BB14453
:10A9F00078E023BB2B23F5E61BBB2D23F2E62022B8
:10AA0000BAF1040F12DD1BF0080FAAF104040ED1F5
:10AA10002C4441462020039B01350492984700288E
:10AA2000FFF6DCADA542049AF3D192B10024414671
:10AA30001046039B013598470028CADACEE52B2241
:10AA4000DEE72D22DCE71BF0080FAAF10304C0D1DA
:10AA5000DEE71446BDE7069B4146C01A039BC0B221
:10AA600098470028BEDAB9E504990139C9B20491C2
:10AA7000C3E6561EDAE60026D8E61BF4006F059AF8
:10AA80000CBF032405241444D8E61BF0100F18BF94
:10AA90000134DAE60B934146039B202098470028B7
:10AAA00005F101050B9BBFF6D9AE97E54146302075
:10AAB000039B013598470028BFF6F7AE8EE598470F
:10AAC0000028FFF68BAD1BF0100F0BD0BAF1FF3F43
:10AAD00008D105F1020941462E20039B9847002822
:10AAE000FFF67CAD4D464C442BE241469DF83D00BF
:10AAF000039B98470028FFF671AD002E65DD4146A7
:10AB00002E20039B98470028FFF668AD4FF0010AFE
:10AB1000049B4146D3469A45B7BF0EAB3020534401
:10AB20005879039B98470028FFF658AD0AF1010AAF
:10AB30005645EDDA02355D44069B4146A9EB03001C
:10AB4000039BC0B298470028FFF648AD002F41464E
:10AB5000039BB6BF2D202B207F4298470028FFF68D
:10AB60003DAD059B042B3DD14FF47A794146039BC3
:10AB70000335B7FBF9F606F13000C0B2984700285C
:10AB8000FFF62CAD09FB16774FF064094146039B95
:10AB90000135B7FBF9F606F13000C0B2984700283E
:10ABA000FFF61CAD09FB16774FF00A094146039BDF
:10ABB0000135B7FBF9F606F13000C0B2984700281E
:10ABC000FFF60CAD09FB167713E01BF0100F01D157
:10ABD0000135B1E741462E20039B023598470028F6
:10ABE000AADAFBE4059B0235032BCDD0059B012B94
:10ABF000DAD107F1300005F101094146C0B26CE736
:10AC0000A7F16303122B00F2FE80DFE813F01300BC
:10AC10005600FC00FC00FC00FC005600FC00FC00A0
:10AC2000FC00FC00FC001601F700FC00FC002B00FF
:10AC3000FC00B8000D9B01240EAF1A1D1B680D927D
:10AC40008DF838301BF0080F2DD03E19B946B145AC
:10AC50002BD1EF1BB944AAEB040443E7B511010063
:10AC6000B11101000D9B1A1D0D921F68AB4B002FF7
:10AC700008BF1F461BF0400F384614BF31464FF047
:10AC8000FF3104F0B2FB0446DCE741462020039B81
:10AC900098470028FFF6A2AC013EB442F5D35544D4
:10ACA000B246AD1BD1E75646F7E7414619F8010B0E
:10ACB000039B98470028CADA90E41BF0800F0D9B95
:10ACC00035D01BF4007F2DD0073323F0070303F1A9
:10ACD0000802D3E900010D922BF0100900291FFA98
:10ACE00089F936DA404249F4806961EB41010DF19E
:10ACF000380B0A235A4604F084FB19F0400FA0EBEE
:10AD00000B0B65D029F001025E4592B240F3B28090
:10AD1000002F00F0A98019F010033446914626D088
:10AD200002345CE01A1D18680D92C117D4E71A1D91
:10AD30001BF4807F19680D9201D10846F5E71BF4DA
:10AD4000007F19BF48B241F3C01108B241F3C031CE
:10AD5000C2E750EA0103CAD11BF0400FC7D0002E52
:10AD6000C5D12BF0110B34461FFA8BF9B34640F2D4
:10AD7000064319EA03031CBF013400232FE02BF024
:10AD8000100B0A231FFA8BFB1BF080040D9A57D07F
:10AD90001BF4007115BF0732101D22F007020D9041
:10ADA0000FBF106802F108010D91D2E9000150EACD
:10ADB000010252D12BF016091BF0400F1FFA89F93E
:10ADC0004FD0002E4DD12BF0170B1FFA8BF9B34645
:10ADD00019F0100352D0002F4ED10BF1010419F0DD
:10ADE000080F5ED119F0010F06D0A2456EDDAAEB67
:10ADF000040404EB0B06544622464DE04BF0100BC6
:10AE000010237827C0E7B9F1780F04D1C7F1780390
:10AE100043F01003B8E741462520039B98470028DC
:10AE2000FFF6DCAB41463846039B98470028FFF607
:10AE3000D5AB0235079BFFF7C3BB08230027A3E769
:10AE4000111D10680D911BF48071B0D01BF40071BE
:10AE50001ABFC0B2214680B2A9E72BF0060B1FFA39
:10AE60008BF90DF1380B45E729F0110934461FFA2B
:10AE700089F97CE79146ABE75C4651E75C4676E7AB
:10AE8000CDE9042341462020039B98470028FFF684
:10AE9000A5AB049A059B01329245F1DC2C1BA51849
:10AEA0001446F3B141463020039B98470028FFF633
:10AEB00095AB6FB90135A9462E44A6EB09035B4556
:10AEC00021DC5D460EAE5DBBD944C4E65E4693E729
:10AED000023541463846039B98470028EBDAFFF7D6
:10AEE0007DBB40F2064319EA030FE4D019F0020FCC
:10AEF00005F10105414614BF2B20202019F4806F75
:10AF000018BF2D20E7E741463020039B09F10109D6
:10AF100098470028D1DAFFF761BB00BFB9110100E3
:10AF2000013D4146039B705D98470028CBDAFFF74F
:10AF300055BB41462020039B013598470028FFF66A
:10AF40004DAB631B002BF4DC74E700BF1FB502ABF5
:10AF5000074A00934FF0CC3304F034FBDDE90201E3
:10AF6000C00840EA4170C90805B05DF804FB00BFA5
:10AF7000CDCCCCCC2DE9F04F9BB0044605920A46CF
:10AF80000A93C2F30A559DF89030D20F0B93C1F388
:10AF900013030992090D7DB950EA03021CD1059AE9
:10AFA000302301265371099B156043F0020313718E
:10AFB00030461BB0BDE8F08F40F2FF7295424BD196
:10AFC0000343099B059A4FF0000614BF43F00803A2
:10AFD00043F004031371EBE700F001024FEA83082A
:10AFE00087009A460892012248EA9078AA4D1646B0
:10AFF000C5F1000B0692584600F016FAB5F1FF3F76
:10B00000ACBF8146A0F10109ABEB090B09EB0503CD
:10B010005846049300F00EFA16A9A0F17D05584693
:10B0200000F028FA12AB069AA9EB0505019310ABC4
:10B0300020460292009316AA2B46514604F008FAC5
:10B04000B9F1010F04460D4600F2D280089B002B97
:10B0500040F0C58001276BE043F4801A00F0010244
:10B060000343A5F235454FEA8A0808924FEA800764
:10B0700048EA907849D140F2FE7319420CBF01268C
:10B080000026002D3246B3DB284600F0C7F9032D19
:10B09000C8BF0138049000F0CDF9049B7C3016A99C
:10B0A0005D1B0544184600F057FA12AB204616AA5D
:10B0B000019310AB5146029600932B4604F0C8F959
:10B0C000049B04460D46152B00F2868014AB734A90
:10B0D0003846414600934FF0CC3304F073FA149B8A
:10B0E000159A9B0843EA827303EB8303BB42DDE9B5
:10B0F000109A0CD13846414600F0A4F9049B8342D3
:10B100008CBF00270127002612E00126B9E7089B23
:10B11000002B51D1013F48F1FF31B81B61F1000113
:10B1200000F090F9049B089F83428CBF0026012603
:10B130000B9B002B40F09180DDF828B04FF0000809
:10B140004FF00A0ACDE90688DDE91001FFF7FEFE9F
:10B15000129BCDE90C01184613990E93FFF7F6FEEA
:10B160000C9B81460D9A98420B460F91934180F0BB
:10B170008E8020462946FFF7E9FE0AFB09F30E9A66
:10B18000B8F1000F14BF002707F001070AFB1048B1
:10B190000D46934214BF002606F001060C9B5FFA91
:10B1A00088F8044610930D9BCDE911390F9B13933A
:10B1B000079B01330793C7E7B81C48F1000100F073
:10B1C00041F9049B83428CBF00200120B9EB0000B1
:10B1D0006AF10002CDE9100200273E46A8E7109B65
:10B1E0000127119A013B42F1FF32CDE910328AE783
:10B1F000B9F13E0FF0D84FF0FF33A9F12000C9F1AB
:10B20000200103FA09F203FA00F023FA01F103FA2C
:10B2100009F3024327EA03070A4328EA020857EA28
:10B2200008070CBF012700276DE700FB02FC013374
:10B23000A1FB001262448C4275EB020CF5D2049A19
:10B24000DDF828B01344259A1344D20F9342B8BFB7
:10B2500013469B45A8BF9B4670E70A2100220123A5
:10B260000846E8E70AFB03F00131A2FB0A23034486
:10B27000944275EB0300F5D2594511DDBBF1000F87
:10B2800002D154EA05030BD00123069371E70A2289
:10B2900000230121ECE700BFCCFBFFFFCDCCCCCCE1
:10B2A000002E2FD04FF00A0A129B139918460D93C7
:10B2B000FFF74CFE0D9B0AFB00F281460C919A426F
:10B2C00020D1B8F1000F14BF002707F00107DDE916
:10B2D0001001FFF73BFE0E900D9120462946FFF727
:10B2E00035FE0D9B0AFB10480E9A04460D465FFA88
:10B2F00088F81092CDE911390C9B1393079B013309
:10B300000793D1E7DDF81090079B9944002F5DD09B
:10B31000B8F1050F5AD114F001034DD1069A32B994
:10B32000DDE912239D4208BF944262D0069B1819A2
:10B330004FF00A044FF000024FF0010645F1000102
:10B340002546A04271EB020756D2F3B1B3451CDA91
:10B350000B9B6BB106EB0903259ADDF828B013446B
:10B36000012BB8BF01239B45A8BF9B465E450CDD62
:10B37000053009F1010906F1FF364FF00A024FF0DE
:10B38000000341F10001F4F7E5FE5E450FFA89F98B
:10B39000059BA8BF5E4636B2B14406F1050809F127
:10B3A000FF3798444FF00009B1452CDB059B1A4646
:10B3B0001F60099B1371FBE5069B2BB9DDE9122386
:10B3C0009D4208BF944209D00123B0E7069B53B9C0
:10B3D000DDE912239D4208BF944204D1089B002B53
:10B3E000F2D1002EF0D0B8F1040F94BF0023012356
:10B3F0009DE74FF00408F1E705FB02F70136A4FBD7
:10B4000005423A449DE70A220023F4F7A3FE3032B6
:10B4100009F1010908F8012DC6E700BF014B5843A7
:10B42000800C704741340100014B5843000D7047B8
:10B43000FB2E0B00024B5843C00C0130704700BF7D
:10B440004F93120070B50346094A00204FF0CC36E6
:10B450004FF0333506FB03F402FB0144A3FB02313A
:10B4600021449D4275EB010401D30130F2E770BD28
:10B47000CDCCCCCC1A232DE9F04FB0FBF3FA334EF0
:10B4800003FB1A0389B004460D4606EB0A1653B9AE
:10B49000D6E90023C1E90023D6E90201C5E902018A
:10B4A00009B0BDE8F08F2A4A02EBC303D3E9008953
:10B4B00004AB404649460093D6E9022304F082F8E3
:10B4C00006AB83460F46404649460093D6E9002323
:10B4D00004F078F800238146DDE9066216EB0B06DE
:10B4E00052EB070828BF012333B1049B059A0133AF
:10B4F00042F10002CDE9043220460391FFF79AFFA2
:10B5000007461A2000FB0AF0FFF794FF3F1A324665
:10B51000434648460399009704F06FF80D4A4FEAF6
:10B52000141C640004F01E0352F82C40DC4004F0AC
:10B5300003042418304641F10001DDE90423C5E984
:10B5400000414146009704F058F8A7E778FD000055
:10B55000A8FC0000081001002DE9F04F1A2700F1A7
:10B560001905DFF8E0A089B004460E46B5FBF7F5F3
:10B570006F434FEA051B0AEB05153A1A0AD1D5E9C4
:10B580000023C1E90023D5E90201C6E9020109B09F
:10B59000BDE8F08F2C4B03EBC203D3E9008904AB69
:10B5A000404649460093D5E9022304F00BF85AF8C7
:10B5B0000B206B68013ACDE9020106A963F1000393
:10B5C00040460091494603F0FDFF8A460299002358
:10B5D0008146DDE906526D18039952EB010828BF38
:10B5E000012333B1049B059A013342F10002CDE9F6
:10B5F00004323846FFF71EFF07462046FFF71AFFC2
:10B600003F1A2A46434648465146009703F0F5FF45
:10B610000E4A4FEA141C640004F01E0352F82C403A
:10B62000DC4004F0030401342418284641F10001F1
:10B63000DDE90423C6E900414146009703F0DDFF40
:10B64000A3E700BF48FE0000A8FC00005C1001005A
:10B65000704708B5034600681B790121994083684B
:10B660005B69984708BD08B520EAE070C117C903B7
:10B6700041EA5041C00340F2E733C0184FF47A72F8
:10B680004FF0000341F10001F4F764FD03F051FDB8
:10B6900008BD10B5044603F0EFFD8E464A0142EAAC
:10B6A000D06243011B1A62EB0102920042EA9372DC
:10B6B0009B001B1842EB0101C90041EA5371C3F31F
:10B6C000103343EA4143C90B20686268181A2360AB
:10B6D000616061EB020110BD38B5134685680469ED
:10B6E00012F4801F07D012F4402F04D012F0010F83
:10B6F00001D082F4402323F4801213F0010F0AD00A
:10B7000023684FF0010C0CFA01FC43EA0C032360A0
:10B710002B68984738BD23684FF0010C0CFA01FCE8
:10B7200023EA0C032360F3E708B503468C46006860
:10B730001979DA8842EA0C02FFF7CEFF08BD08B596
:10B7400032B1012303FA01F18368DB68984708BD31
:10B75000012303FA01F183681B699847F7E710B5E5
:10B7600003691C6801238B401C4202D0B2FA82F2AA
:10B770005209FFF7E4FF10BD10B584688AB1964600
:10B7800002EB420C4FEA8C0CACF10C0C8C449CF894
:10B79000082042F002028CF80820A4687246A047F4
:10B7A00010BD0020FCE700B585B001910292022295
:10B7B0008DF80C20012201A9FFF7DEFF05B05DF82E
:10B7C00004FB00B585B00191029203228DF80C2094
:10B7D000012201A9FFF7D0FF05B05DF804FB00EBE3
:10B7E000C1018368B3F5004F0AD322B14B6843F01F
:10B7F00001034B6070474B6823F001034B607047B7
:10B8000022B14B8843F001034B8070474B8823F0F3
:10B8100001034B807047C9008368B3F5004F03D321
:10B8200008231944084470470423FAE710B400EBD6
:10B83000C10C8468B4F5004F19D3DCF80C30994280
:10B8400018D0B4F5004F21D3DCF80810043240F8CA
:10B85000223000EBC102B4F5004F1AD3D36000EBE5
:10B86000C3038268B2F5004F15D399600CE0BCF8B1
:10B870000630E4E7C3680121914023EA0103C36075
:10B880000432002340F8223010BC7047BCF804108A
:10B89000DCE7D380E3E79980F6E7131D50F8233007
:10B8A000DBB9C3684FF0010C0CFA02FC43EA0C034D
:10B8B000C360043240F8221000EBC1038268B2F585
:10B8C000004F06D399608268B2F5004F03D3D96068
:10B8D00070479980F7E7D980704710B500EBC30C2B
:10B8E0008468B4F5004F1CD3DCF8082000EBC10ECF
:10B8F000B4F5004F18D3CEF808208468B4F5004F93
:10B9000015D3CEF80C3000EBC2028368B3F5004FBC
:10B9100010D3D1608368B3F5004F0DD3CCF8081075
:10B9200010BDBCF80420E1E7AEF80420E5E7AEF86E
:10B930000630E8E7D180EDE7ACF80410F0E730B46A
:10B9400000EBC10C8468B4F5004F29D3DCF8045037
:10B95000531A891A01EB55015D00B4F5004F22D34B
:10B96000CCF804504C0000EBC20C8568B5F5004FD4
:10B970001CD3CCF804408468B4F5004F19D340F8C8
:10B9800032308368B3F5004F16D3DCF8044002EB85
:10B990005402B3F5004F12D340F8321030BC704758
:10B9A000BCF80250D4E7ACF80250DBE7ACF8024038
:10B9B000E1E720F83230E4E7BCF80240E7E720F89E
:10B9C0003210EBE730B400EBC1018468B4F5004FEE
:10B9D0001ED34B685B0800EBC20CB4F5004F19D3C3
:10B9E000DCF8045003EB55035D00B4F5004F14D3AD
:10B9F0004D608168B1F5004F11D3DCF8044002EBD3
:10BA00005402B1F5004F0DD340F8323030BC7047CE
:10BA10004B88DFE7BCF80250E4E74D80E9E7BCF86B
:10BA20000240ECE720F83230F0E78368B3F5004FCE
:10BA300004D30823C91A081AC00870470423F9E779
:10BA400008B58368B3F5004F07D300EBC102526815
:10BA50005208012A02D0002200E00022A2B900EB25
:10BA6000C102B3F5004F10D352685208B3F5004F2E
:10BA70000DD308230833A2EBD3020132B2FA82F2CB
:10BA8000C2F11F02FFF7D2FE08BD5288EDE7042382
:10BA9000F0E708B58368B3F5004F07D300EBC102A8
:10BAA00052685208012A02D0002200E00022A2B906
:10BAB00000EBC102B3F5004F10D352685208B3F542
:10BAC000004F0DD308230833A2EBD3020132B2FAA0
:10BAD00082F2C2F11F02FFF7E0FE08BD5288EDE7D7
:10BAE0000423F0E7F8B504460D46CE0000EBC1078D
:10BAF0008368B3F5004F1FD3796805EB510104EB60
:10BB0000C102B3F5004F19D3536813F0010F17D0DA
:10BB1000A368B3F5004F24D3A159691A04EBC102FD
:10BB2000B3F5004F1FD3536813F0010F1DD0294602
:10BB30002046FFF7AEFFF8BD7988DEE75388E4E7DB
:10BB40002046FFF77DFFA368B3F5004F07D37A685F
:10BB500005EB520229462046FFF734FFD8E77A88E2
:10BB6000F6E7A15BD9E75388DEE72046FFF768FFD9
:10BB7000A368B3F5004F0CD3A1592A46691A204691
:10BB8000FFF720FFA368B3F5004F04D3A359ED1AC4
:10BB9000CDE7A15BF1E7A35BF9E7F8B58568B5F5FB
:10BBA000004F10D308230833A1EBD3030133B3FABA
:10BBB00083F3C3F11F02C3F1230450F8246046B39A
:10BBC0004FF0030C12E00423EDE7BEF8027017E01B
:10BBD0002146FFF72BFE24E0BEF80640171D40F873
:10BBE0002740BCF1010C14D0A64212D0141D50F80D
:10BBF000244000EBC40EB5F5004FE6D3DEF8047028
:10BC0000B1EB570FE4D9B5F5004FE5D3DEF80C40A2
:10BC1000E4E7C468C3F12002012393405B421C4067
:10BC200001D12046F8BD94FAA4F2B2FA82F2131DB3
:10BC300050F823402146FFF7F9FDF2E779B138B516
:10BC400005682846FFF7F1FE044600220146284613
:10BC5000FFF7C5FD21462846FFF744FF38BD704772
:10BC600070B50568A1B30B46AA68B2EBD10F31D904
:10BC7000B2F5004F1DD308229C180734E408214672
:10BC80002846FFF78AFF064630B305EBC003AA68D3
:10BC9000B2F5004F0FD35B68B4EB530F0DD3012205
:10BCA00031462846FFF79BFD31462846FFF7B3FD96
:10BCB00070BD0422E0E75B88EEE73444224631465B
:10BCC0002846FFF73CFE21462846FFF7E2FEE6E75E
:10BCD0000020EDE70020EBE70020E9E708B511467A
:10BCE000FFF7BEFF08BDF8B5B2F5802F23D30823B8
:10BCF000D21ACC1D24F0070401EB020C2CF0070C27
:10BD0000ACEB040C4FEADC010460A1600023E360AB
:10BD1000BCF5802F11D308230833A1EBD3030133E3
:10BD2000B3FA83F3C3F1200EC3F124039B00DE1D9D
:10BD3000F508002308E00423DAE70423ECE71A1DE2
:10BD4000002044F8220001337345F8DB6B00BCF59A
:10BD5000802F32D36360BCF5802F30D30023236063
:10BD6000BCF5802F2ED3636843F0010363604A1B48
:10BD7000570026F00703E018BCF5802F27D3476053
:10BD8000A068B0F5004F24D3E5502CF00703A4447D
:10BD9000A068B0F5004F1ED30020CCF80400A068C6
:10BDA000B0F5004F1BD3E25001222046FFF717FDEC
:10BDB00029462046FFF76DFEF8BD6380CBE70023E0
:10BDC0002380CDE7638843F001036380CFE747809A
:10BDD000D6E7E552D9E70020ACF80200DFE7E252EF
:10BDE000E2E710B50C4611461A46029BA04710BD6B
:10BDF0004038C0B23A288CBF002001207047F8B507
:10BE0000064603784578847804EB830404440027CD
:10BE100006E001342046F4F7B7F901300444013755
:10BE2000AF42F6D3A01BF8BD70B5144668B10D46FD
:10BE3000194606462BB91046F4F7A6F983B201332A
:10BE400099B22A462046B04770BD1046F4F79CF9D7
:10BE50000130F9E75BB32DE9F04782B00746884629
:10BE600091461D461A785E789C78DB7804EB820454
:10BE700004EB43042C444FF0000A0AE014F8013BA1
:10BE800045F823402046F4F77FF9013004440AF1D5
:10BE9000010AB245F2D305F1080300936B684A46E4
:10BEA00041463846FFF79DFF02B0BDE8F0876FF0CE
:10BEB000150070472DE9F0410446884600273E46AC
:10BEC00007E0702D18D02846FFF792FFB8B9252D4E
:10BED0000ED014F8015B75B1002EF8D04745F0D0B4
:10BEE0002846FFF785FF0028F1D001370026EEE74E
:10BEF00086F00106EDE700263046BDE8F081002619
:10BF0000FAE70020704708B500F0D4FC08BD0FB474
:10BF100000B583B004A951F8040B0191FFF7F3FFBA
:10BF200003B05DF804EB04B07047036913F0080F29
:10BF300008D1C3680268934207D8436A9B1A0B6012
:10BF4000012070470020086070479B1A0B6000209A
:10BF50007047036913F0080F07D1826843689A425B
:10BF600003D89B1A0B6000207047436A82689B1AB3
:10BF70000B600120704710B582B0044601A9FFF79D
:10BF8000D4FF20B1E368019A1344013B0193606A36
:10BF9000019BC01A013802B010BD38B5036913F017
:10BFA000040F00D138BD0446856AFFF7E4FF8542DF
:10BFB00002D9A06AA062F5E72046FFF7DCFFF9E7A7
:10BFC000C3681944036913F0010F04D1426A914216
:10BFD00004D3891A02E0426A013A1140C16023F099
:10BFE00008030361704710B400236FF3000343F0AC
:10BFF000020361F39F03026A046842F82430036875
:10C000000B44026912F0010F04D1446AA34204D325
:10C010001B1B02E0446A013C23400360C4689C424D
:10C020000AD043681944036913F0010F08D1436A29
:10C03000994208D3C91A06E042F008020261F0E70B
:10C04000436A013B1940416010BC70472DE9F04F35
:10C0500083B00446019117469846056AC66805EB09
:10C06000860B15F8263003F00303022B24D00021A1
:10C0700000233B60C8F8003019BB236913F0020F9E
:10C0800075D0E36958469847824615F8269019F00E
:10C0900001096ED015F8263013F0020F3BD0019B3A
:10C0A000BBB962685244236913F0010016D1616A7A
:10C0B0008A4216D3521A14E055F82610C1F39D0196
:10C0C000D6E72046FFF77CFFE368A3604FF0010945
:10C0D0004FE019462046FFF786FFE2E7616A013923
:10C0E0000A406260E168A268914206D0A2682260BC
:10C0F000E26043F0080323613BE0524420B9616AE7
:10C100008A4204D3521A02E0616A01390A40A260ED
:10C110004FF00009EAE701462046FFF751FFE368C8
:10C12000A360019B23B1236A2268002143F82210F7
:10C13000019B5344C8F8003022681344226912F06E
:10C14000010F04D1616A8B4204D35B1A02E0616A79
:10C1500001390B40236042F00802226115F82630B5
:10C160006FF3000305F82630C7F800B001E04FF088
:10C170000009484603B0BDE8F08F30B45318046995
:10C1800014F0010F04D1456AAB4204D35B1B02E0FB
:10C19000456A013D2B4005689D4214D000236FF392
:10C1A000000343F0020362F39F03046A44F8213062
:10C1B00043681344026912F0010F09D1426A9342A5
:10C1C00009D39B1A07E0016024F00804046103E02E
:10C1D000426A013A1340436030BC704738B50446A8
:10C1E0000D462022002103F0E8F8EB68E361AB681C
:10C1F000A3612B6823626B6863620022A2622A69D2
:10C2000022612BB1591E0B4202D142F00102226180
:10C2100004F12C000122002102F008FE38BD2DE9B6
:10C22000F04F87B09A46002305930393436A8B42ED
:10C23000C0F0898004468946934600230193012675
:10C24000009341E001992046FFF797FF00230393F5
:10C2500045E0236A226803EB8201009113F8221063
:10C260006FF3000103F82210C9B26FF3410103F824
:10C27000221023684B44226912F0010F04D1616A35
:10C280008B4204D35B1A02E0616A01390B402360E0
:10C29000E168994201D0002608E042F008022261DC
:10C2A000002603E02046FFF79EFE2E4688F3118805
:10C2B000BFF36F8F059929B1A3690BB12046984749
:10C2C00000230593002E40D0EFF31187202383F342
:10C2D0001288BFF36F8FB846039A002AB2D104A91F
:10C2E0002046FFF722FE054604994945B1D20028B1
:10C2F000D8D15AEA0B030BD1002ED7D02368019373
:10C3000003AB05AA04992046FFF7A0FE0646CDE739
:10C3100002F0B0FD0028EFD1002FEDD187F3118896
:10C32000BFF36F8F04F12C005A465346FAF724FCF2
:10C33000EFF31188202383F31288BFF36F8FB0FAD5
:10C3400080F67609B2E700230093009807B0BDE8B5
:10C35000F08F70B504460D46C36908469847EFF361
:10C360001186202383F31288BFF36F8F2B7843F05D
:10C3700001032B7063681844236913F0010F04D183
:10C38000636A984204D3C01A02E0636A013B184012
:10C3900060602046FFF701FE86F31188BFF36F8FC0
:10C3A00070BDF0B583B004462EE053F8220080083B
:10C3B0004DD143E0626A013A1340A3602046FFF783
:10C3C000FFFD01231BE013F8221041F0020103F8E6
:10C3D0002210A768E369304698473844236913F070
:10C3E000010F04D1636A984204D3C01A02E0636A61
:10C3F000013B1840A060002301E000231E4685F3A6
:10C400001188BFF36F8F8BB3EFF31185202383F374
:10C410001288BFF36F8F01A92046FFF79AFD236AA8
:10C42000A26803EB820601990029E6D013F82210D6
:10C4300011F0030117D00229B7D0002013F8221001
:10C4400011F0010FBFD110B9E36930469847A368D6
:10C4500001460344226912F0010FABD1626A934294
:10C46000ABD39B1AA9E700231E46C8E7304603B0AA
:10C47000F0BD70B504460D46C369084698470146AD
:10C48000EFF31186202383F31288BFF36F8F2B788D
:10C490006FF300032B70236913F0020F0AD0236A95
:10C4A000E26803EB8203AB4204D02B6860F39F0386
:10C4B0002B600AE02B786FF341032B70E268A368CE
:10C4C0009A420BD02046FFF77BFD86F31188BFF31D
:10C4D0006F8F04F12C00FAF70BFB70BD0B4422693F
:10C4E00012F0010F04D1626A934204D39B1A02E056
:10C4F000626A013A1340A360E4E710B582B0EFF33B
:10C500001184202383F31288BFF36F8F01A9FFF7F3
:10C5100020FD84F31188BFF36F8F0198003818BF96
:10C52000012002B010BD01F00701838B23F0070347
:10C530000B43838370472DE9F04106460F46904632
:10C54000816821B10C683CB131B90C4604E00C465D
:10C5500002E0234621461C4669B14D6843463A46EF
:10C560003046A847002CF4D02368002BF2D0002CD2
:10C57000F0D12346EEE7BDE8F081838B13F007038B
:10C5800003D102680AB103207047022B03D0012BAC
:10C5900006D000207047C28B002AF8D104207047D3
:10C5A00003680BB1052070470020704710B50446A2
:10C5B0008C46838B002A07DB03F007035A1F012AEE
:10C5C0000ED9042B36D010BDD0E900018CE8030051
:10C5D00000232360636001212046FFF7A4FFF2E7F8
:10C5E000D0E900018CE80300002222606260062B83
:10C5F0001BD1DCF8003053B1E28B0132E2831A46E2
:10C600001B68002BF7D0002AF5D11346F3E702216F
:10C610002046FFF788FF2046FFF7AFFF0028D2D063
:10C62000A38B43F02003A383CDE700212046FFF72F
:10C630007AFFF0E70021FFF776FF2046FFF79DFF26
:10C640000028C0D0A38B43F02003A383BBE750B1E5
:10C6500010B50C4651B1081D00F0C1F810B9A3681F
:10C66000032B06D810BD6FF0150070476FF0150052
:10C67000F8E76FF01500F5E72DE9F04107460C46A5
:10C6800016461D461946201D00F0C0F828B1804608
:10C690002B46324621463846C047BDE8F0812DE999
:10C6A000F04180460C4617461E4604E033463A46A3
:10C6B0004046FFF7E1FF216831B10D6825606368EE
:10C6C0008B42F3D16560F1E7BDE8F08108B5EFF387
:10C6D00011824FF0200C8CF31288BFF36F8F8161B1
:10C6E0000121F4F753FE08BD70B138B50C4605467C
:10C6F00069B10B6873B14B687BB12022002102F055
:10C700005CFE2C61002038BD6FF0150070476FF0A3
:10C710001500F8E76FF01500F5E76FF01500F2E788
:10C7200070B505460E46FFF792FF041E2EDBEFF3B1
:10C730001182202383F31288BFF36F8FB5F81CC0DA
:10C740000CF0070CEB8B4FF6FF718B422CD064463C
:10C75000BCF1020F08D0BCF1060F19D8DFE80CF0CD
:10C760001E1818181E2A1E000133EB830123002116
:10C77000084628B100203060686808B306606E6023
:10C7800009BB82F31188BFF36F8F0BBB204670BDCE
:10C790006FF00404002319461846EAE7BCFA8CF14E
:10C7A000490900230120E4E76FF00A040023194639
:10C7B0001846DEE76FF08504002319461846D8E7CF
:10C7C0006E602E60DCE702212846F4F7DFFDDDE72E
:10C7D0000023624631462846FFF74EFFD6E7024661
:10C7E00058B1436803F00303012B03D0032B07D197
:10C7F000036843B10020906070476FF015007047E8
:10C800006FF0150070476FF01500704703464268DF
:10C8100002F003028160032A03D1006800225A60FB
:10C8200070470020FAE77047037813F0040F01D037
:10C83000002070470368C3F34A2000EB1350173001
:10C8400020F007008008704710B504460368DB68D5
:10C8500003B19847636801229A7110BD00207047A8
:10C860000120704708B501F0F9FB08BD08B520EAC2
:10C87000E070C117C90341EA5041C00340F2E733F9
:10C88000C0184FF47A724FF0000341F10001F3F742
:10C8900061FC02F04EFC08BD08B500220023FFF742
:10C8A000BEFC08BD08B5FFF7E4FD08BD08B5FFF7FD
:10C8B00024FE08BD00B585B00391029000200190D0
:10C8C0000090034602460146F5F7CAF905B05DF847
:10C8D00004FB08B50120F4F72FFF08BD08B5F4F7F5
:10C8E000BFFF08BD08B5FFF734FDF5F753F808BDE5
:10C8F0000020704708B54368DA71436819604368DF
:10C9000001225A71F4F708FF08BD70B553689668A4
:10C910009B1B8B420CD30C46154613680A460146F6
:10C92000981902F023FDAB682344AB60204670BD2C
:10C930006FF01B00FBE770B588B10E461446194630
:10C94000054633B11030C2F34A23120D184402F0E9
:10C950000DFD2C606E602846F5F75AF870BDF4F7AF
:10C96000EBFEFBE72DE9F04383B006460F46154684
:10C970001C4603F101094FEA890808F1170020F06D
:10C9800007008008F4F764FF002201928DF80490FC
:10C9900068B100F1140C019B0361964605E055F85F
:10C9A0002E304CF8043B0EF1010EA645F7D30022C1
:10C9B00067F3881268F3532200233146FFF7BBFF69
:10C9C00003B0BDE8F08300B583B00192012301AA52
:10C9D000FFF7C8FF03B05DF804FB00B583B0009219
:10C9E000019302236A46FFF7BDFF03B05DF804FB25
:10C9F00000B585B001920293069B0393032301AA1D
:10CA0000FFF7B0FF05B05DF804FB08B5F5F77CF85B
:10CA100008BD2DE9F04180460768856843681C68B9
:10CA20005E6805E0324621462846B847241A054488
:10CA3000002CF7D1D8F8043000221A60BDE8F0814C
:10CA400038B505460C464B681A68CB689A420BD03D
:10CA50006368D3E8EF2F511CC3E8E01F0028F8D12A
:10CA6000A3689D54002038BD0846FFF7D2FFEFE7CA
:10CA700038B504460D460A2805D029462046FFF75A
:10CA8000DFFF002038BD0D20FFF7DAFFF5E708B51E
:10CA900013460122F5F79EF908BD08B5134600229A
:10CAA000F5F798F908BD38B505460C4601F00101C7
:10CAB000FFF7F3FF21462846F5F71EFA38BD2DE9AA
:10CAC000F04383B080460E4615461F46DDF8289099
:10CAD0002C46102D28BF1024CDF800903B4622464E
:10CAE00031464046F5F71CFA26442D1BF0D103B021
:10CAF000BDE8F0832DE9F04387B006460C4690462A
:10CB0000D1F808900F88C7F382170878C0F3C205E0
:10CB10000846F5F7FBF8011E1ADA0023214651F802
:10CB2000105BC5F34A256288C2F30B12481905B998
:10CB30000021CDF814800492039002910197002205
:10CB4000009249463046F5F74DFA07B0BDE8F0834C
:10CB50002846F4F7B3FF0346E0E72DE9F0418046AD
:10CB60000768856843681C685E6805E032462146B0
:10CB70002846B847241A0544002CF7D1D8F80430C9
:10CB800000221A60BDE8F08143681B685B68196188
:10CB90000020704743681B681A68526853607047EA
:10CBA00008B543681B685A68012111751868FFF7BA
:10CBB000D4FF08BD08B543681B681868F5F756FA36
:10CBC00008BD38B50C4643681D686B681869F4F7F2
:10CBD0008BFD03460F2221462868984738BDFEE7A3
:10CBE00008B501460068F5F797FC08BD08B5F5F7EC
:10CBF000AFFCF5F7D9FC08BD0020704708B500234D
:10CC00001370CB1E092B1AD8DFE803F005090D11AC
:10CC10001919191919141146F5F71CFF08BD00213F
:10CC2000F5F706FEFAE70021F5F78CFEF6E7F5F7D3
:10CC30000DFDF3E71146F5F781FD0020EEE7F5F76E
:10CC40008BFD0020EAE708B540B2F6F79BF808BD77
:10CC500008B540B2F6F7A4F808BD08B5013140B2F6
:10CC6000F6F7B0F808BD08B500210120F5F754FC2F
:10CC700008BDD0F8943083F30B88704761B662B674
:10CC800080F31188BFF36F8F704708B572B6002329
:10CC900083F31188BFF36F8F00F03EF950B1BFF3FB
:10CCA0004F8F30BF00BF00BF00BF00BF00BF00BF3D
:10CCB00000BF00BF62B6BFF36F8F08BD10B504465A
:10CCC00072B6002383F31188BFF36F8F00F024F94D
:10CCD00050B1BFF34F8F20BF00BF00BF00BF00BFE8
:10CCE00000BF00BF00BF00BF84F31188BFF36F8F88
:10CCF00062B610BD30B4D1E90045D0E90001201A78
:10CD0000002130BC704738B54A0142EAD062430185
:10CD10001B1A62EB0102920042EA93729B001B18FD
:10CD200041EB0201CD0045EA5375DC00F6F730F91E
:10CD30000246002320462946F3F70CFA38BD40E8A6
:10CD400000F010F4803F01D0C0B270476FF01500C2
:10CD5000704708B50B6823F01F0C0B7A03F01F0E09
:10CD6000CA6822F01F025B0942EA430242F0010254
:10CD70004CEA0E01F6F740F908BD43681F2B08D9AD
:10CD800013F01F0F07D1036813F01F0F05D0002009
:10CD9000704700207047002070470120704770B531
:10CDA00004460E46FFF7CBFF05463444601EFFF7EE
:10CDB000C6FF854201D1284670BD6FF01505FAE720
:10CDC00010B584B00B6800934C68B1F808C09DF8AA
:10CDD00008206CF304028DF808204989D2B261F36F
:10CDE00047128DF8082023F01F032344013B23F052
:10CDF0001F0303936946F6F759F904B010BDF0B567
:10CE000087B0054605A8F5F79BF90646002422E001
:10CE10005768095827F01F0392681344013B23F019
:10CE20001F03019702919DF80C20012161F3040278
:10CE30008DF80C20D2B2022161F347128DF80C203C
:10CE4000049301A92878F6F731F9002847DB2B78FD
:10CE500001332B700134B44244D22001059901EB17
:10CE60000412D3681B0D1B05B3F5001FD0D0B3F51A
:10CE7000800F1BD0B3F5801FECD15768095827F0FD
:10CE80001F0392681344013B23F01F030197029193
:10CE90009DF80C20012161F304028DF80C20D2B220
:10CEA00061F347128DF80C200493CAE757680958BC
:10CEB00027F01F0392681344013B23F01F030197DF
:10CEC00002919DF80C20062161F304028DF80C20DC
:10CED000D2B26FF347128DF80C200493B1E76FF0D4
:10CEE000150000E0002007B0F0BD08B5F6F7D2F954
:10CEF00008BD08B5F6F7AAF808BD08B50B69496979
:10CF00009847002008BD08B5F6F73EFA002008BD96
:10CF100008B5F6F7B3FA08BD08B5F6F771FA08BD1B
:10CF200008B5FFF7F5FF08BD08B5F6F753FA08BDD9
:10CF30004FF47F03D3F83021D3F83431072A01D0DE
:10CF400000207047042B03D8022B03D30020704726
:10CF5000012070470120704738B505460C464FF058
:10CF600050230122C3F814260020F6F7FDFA002111
:10CF70002846A04738BD70B5044619B10123C0F852
:10CF8000143670BDFFF7D4FF18B90023C4F8143667
:10CF9000F7E70126C4F818660025C4F814560520E2
:10CFA00001F017F9C4F81466304601F012F9C4F81C
:10CFB0001456C4F81856E4E738B505460C46012067
:10CFC000F6F7D2FA00214FF05020FFF7D4FF0021EE
:10CFD0002846A04738BD08B50022F6F7DFFA08BD9D
:10CFE0000346032929D8DFE801F0020D1823D3F8FE
:10CFF0001804C0F300400AB3D3F8183403F0030355
:10D0000013707047D3F80C04C0F30040B2B1D3F8EA
:10D010000C3403F0010313707047D3F85C04C0F3C1
:10D0200000405AB1D3F85C3403F001031370704729
:10D03000D3F85404C0F300407047002070470069E3
:10D0400001EB41018900803108447047406801EBE1
:10D05000410100EB81007047006900EB411070470F
:10D0600008B5C9B2FFF7EBFF806800F0070008BD04
:10D07000EFF31182202383F31288BFF36F8F0368CD
:10D0800013F0C00301D08B4207D1012303600020BD
:10D0900082F31188BFF36F8F70474FF0FF30F7E7CF
:10D0A000EFF31182202383F31288BFF36F8F03689D
:10D0B00003F0C00C03F00703012B08D08C4509D006
:10D0C0004FF0FF3082F31188BFF36F8F704701601C
:10D0D0000020F7E76FF07700F4E7EFF311822023E9
:10D0E00083F31288BFF36F8F036803F0C00343F02C
:10D0F0000203036082F31188BFF36F8F7047F8B5A6
:10D1000006460C46FFF79BFF05684768002340F87A
:10D11000083BFFF7E2FF1DB13A4621463046A847DB
:10D12000F8BD70B506461546CCB22146FFF787FF1D
:10D1300029460830FFF79CFF002806DB21463046D1
:10D14000FFF784FF43689847002070BD08B5802230
:10D15000FFF7E7FF08BD2DE9F041064690461F4660
:10D16000CDB22946FFF76BFF044606990830FFF75A
:10D1700097FF002809DBC4F8008067602946304625
:10D18000FFF764FF036898470020BDE8F08110B501
:10D1900082B080240094FFF7DEFF02B010BD10B50E
:10D1A0001446C9B2FFF758FF0021A04710BD08B5CB
:10D1B0000120F7F7B5FF08BD08B50320F7F7B0FF6A
:10D1C00008BD08B50220F7F7ABFF08BD08B5002081
:10D1D000F7F7A6FF08BD08B5012001F0AAF808BDC1
:10D1E00008B5032001F0A5F808BD08B5022001F03C
:10D1F000A0F808BD08B5002001F09BF808BD08B5EF
:10D2000020EAE070C117C90341EA5041C00340F26F
:10D21000E733C0184FF47A724FF0000341F1000178
:10D22000F2F798FF01F085FF08BD08B51046F9F741
:10D230005FFC08BD08B5002211461046FAF7EAFB6C
:10D2400000B908BD6FF01500FBE7F0B583B00F46DD
:10D2500016464FF4806500240AE001AB2A463919CE
:10D260000020FAF707FC70B9019BAB420FD12C44A8
:10D27000A64205D9331BB3F5806FEED21D46ECE70D
:10D2800008D0162001E06FF0150003B0F0BD6FF07C
:10D290001500FAE70020F8E70B4639B1116819606C
:10D2A00041688A4209D00023136070471368036005
:10D2B00041688A42F7D14360F5E74360F3E708B578
:10D2C0000A460368002101E019461B682BB193420E
:10D2D000FAD1FFF7E1FF012000E0002008BD38B5DA
:10D2E00005460C460321A047002806DB01212846FD
:10D2F000A047002800DB002038BD10F1860FFBD1CD
:10D30000F4E770B504460D461646036833B1FFF7DF
:10D31000D6FF70B91EB96FF0150006E032B1236870
:10D320002B602560636843B1002070BD6FF015006D
:10D33000FBE7002EF3D10020F7E765600020F4E75B
:10D3400070B50E461546016821B10C683CB131B983
:10D350000C4604E00C4602E0234621461C4671B10F
:10D360008A682A4002D04B6830469847002CF3D098
:10D370002368002BF1D0002CEFD12346EDE770BDE0
:10D380000069003818BF0120704710F0100F04D159
:10D3900010F0200F03D100207047032070470120B8
:10D3A000704743685B681B690B60002070474368E7
:10D3B0005B6802EA010021EA02019860D96000205E
:10D3C000704743685B6899600020704743685B68FA
:10D3D000D9600020704743685A68536821EA030007
:10D3E0000B409060D36000207047B0F5800F07D0ED
:10D3F000B1F1C06F0DD0B1F1007F08D001207047AE
:10D40000B1F1007F01D00520704704207047022051
:10D4100070470320704708B500690430FFF771FFBB
:10D4200008BD10B500F01F044009F6F72DFB30B120
:10D43000014600690122A2400430FFF781FF10BDC0
:10D44000002070470020704708B521B1012905D0A0
:10D450006FF0850008BDFFF7F3FFFBE7FFF7F2FF72
:10D46000F8E708B51146103001F045FA08BD08B5D7
:10D4700000F069F808BD38B5044605690122114677
:10D48000284601F0D3FC05F110000122002101F033
:10D49000CDFC2046F6F77CFE38BD08B50022012100
:10D4A0000920FFF7DAFB08BD08B50069F9F764FB4E
:10D4B00008BD08B50069F9F71BFB08BD38B505467E
:10D4C0000C460321A047002806DB01212846A0477F
:10D4D000002800DB002038BD10F1860FFBD1F4E7F7
:10D4E00010B582B0044601AA00F036F8002805DB2A
:10D4F000019B226819791868F6F714FF02B010BD75
:10D5000010B544680021606AFFF7EAFF2046F8F78B
:10D51000BFFD10BD10B544682046F8F7C9FD0121D4
:10D52000606AFFF7DDFF10BD08B529B1012907D1F9
:10D53000FFF7E6FF002005E0FFF7ECFF002001E029
:10D540006FF0850008BD10B54468FFF7E3FF204683
:10D55000F8F7CEFD002010BD00B54368136001E070
:10D5600008331360136890F808C0D0F804E00EEB9D
:10D57000CC0C634505D293F805C08C45F0D1002052
:10D5800001E06FF001005DF804FB08B511B9F6F792
:10D59000B5FE08BDF6F79EFEFBE738B505460C461E
:10D5A0000321A047002806DB01212846A0470028C8
:10D5B00000DB002038BD10F1860FFBD1F4E7436893
:10D5C0001B68EFF31182202181F31288BFF36F8F64
:10D5D000D3F8201131B10021C3F82011D3F8201164
:10D5E0000121D96082F31188BFF36F8F70474368C0
:10D5F0001B68D3F88004C3F88004704743681A6836
:10D600005B6803F00103D2F8581129B933B9D2F895
:10D6100020312BB90020704701207047002070474F
:10D620000120704708B503691A6813680BB1526886
:10D63000984708BD00B587B0002301930293039378
:10D640000493059304238DF8043002910DEB03013C
:10D65000FFF7E8FF07B05DF804FB4368187D012879
:10D6600014BF00200120704700B587B00269002375
:10D670000193029303930493059302238DF80430DE
:10D6800013681B6C029313689B6C0393049101A9AC
:10D69000FFF7C8FF07B05DF804FB10B503691B680E
:10D6A00040680068EFF3118C4FF0200E8EF3128863
:10D6B000BFF36F8F1C6CACB1DC6CB4B9D9641A6564
:10D6C000C0F83415C0F83825042A11D9D0F8003232
:10D6D00043EA0E03C0F8003200208CF31188BFF338
:10D6E0006F8F10BD6FF00C00F7E76FF00F00F4E7DD
:10D6F0000020F2E70369186820B101601B685A60D6
:10D70000002070476FF08500704700B587B0002398
:10D710000193029303930493059303238DF804303C
:10D7200003691A6843681968936DD26D134302D078
:10D730000423C1F8043301A9FFF774FF07B05DF8B3
:10D7400004FB43681A689B6AC2F834350523C2F8A3
:10D7500038350123D362D2F81031002BFBD00023DF
:10D76000C2F81031D2F81031D2F84C0130B1002398
:10D77000C2F84C31D2F84C31D2F83C05C0B27047F7
:10D7800010B4445844B11A4201D1002005E00023EE
:10D7900043504358012000E0002010BC704742680D
:10D7A00013680069006868B9D3F8100168B1126B9A
:10D7B00012780A700020C3F81001D3F8102101225A
:10D7C0001A6070476FF0850070474FF0FF30704768
:10D7D00008B520EAE070C117C90341EA5041C0030F
:10D7E00040F2E733C0184FF47A724FF0000341F172
:10D7F0000001F2F7AFFC01F09CFC08BD70B50646D5
:10D8000012E075B1EFF31184202383F31288BFF384
:10D810006F8F3046FFF7F2FE98B984F31188BFF39B
:10D820006F8F0120FFF7D4FF64243046FFF7E6FE38
:10D8300005460028E5D1012000F0CBFC013CF4D1E5
:10D84000DFE7204670BD10B582B0044601AAFFF79D
:10D8500083FE002805DB019B226819791868F6F71A
:10D8600061FD02B010BD10B543681C680021D86886
:10D87000FFF7E9FF0823C4F8003510BD08B50269B9
:10D8800093681943916013F0030F00D008BDFFF7B0
:10D89000EAFFFBE710B543681C68C4F84415C4F8F8
:10D8A00048250022C4F82021D4F82011C4F85821BA
:10D8B000D4F858215B6813F0040F02D10123A36050
:10D8C00010BD0121FFF7DAFFF8E738B505460C4631
:10D8D00043681B684FF48002C3F80423FFF78EFEF1
:10D8E00020B92368012283F8B82038BD23680022BC
:10D8F00083F8B82023684FF0FF32C3F8B4202368C0
:10D90000D3F8AC20D3F8A8102846FFF7C3FFECE704
:10D9100043685A6812F0040F00D0704710B50446EF
:10D920000021D868FFF78FFF2046FFF79CFF10BD4E
:10D93000012904D108B5FFF7EBFF002008BD6FF007
:10D940008500704710B502694468936823EA0101B5
:10D95000916011F0030F00D010BD43681B680022D6
:10D96000C3F800250121E068FFF76DFFF4E730B54B
:10D9700087B0044642680369196800230193029343
:10D9800003930493059305208DF8040081F861301A
:10D99000536813F0040F05D101A92046FFF742FE9A
:10D9A00007B030BDEFF31185202383F31288BFF356
:10D9B0006F8F02212046FFF7C5FF85F31188BFF363
:10D9C0006F8FE9E770B50446466803691D68296CE6
:10D9D00019B1FFF72FFE00232B6495F862306BB16D
:10D9E000002385F8623063681B680022C3F80821B1
:10D9F000D3F808312046FFF7BAFF70BD736813F003
:10DA0000040FF0D02046FFF79CFE85F86000EAE79F
:10DA100070B50E4603691D6843681C6805F108006F
:10DA200001F045FCEFF31182202383F31288BFF34A
:10DA30006F8FEB6C53B1D4F8003223F02003C4F89D
:10DA400000320023C4F84C31D4F84C31002385F85F
:10DA5000613016B1012385F862300123636082F3DF
:10DA60001188BFF36F8F002070BD08B503691B6874
:10DA70001B6C1BB10121FFF7CBFF08BD6FF00D0040
:10DA8000FBE710B586B0044643681968D1F88024D6
:10DA900000230193029303930493059306238DF8C7
:10DAA000043012F0010F08D112F0020F14D112F05D
:10DAB000040F13D102F0080300E001238DF80830B1
:10DAC000C1F8802401A92046FFF7ACFD00212046C3
:10DAD000FFF79EFF06B010BD0223EFE70423EDE73A
:10DAE00038B50369426815681A68D2F8A01051B1B8
:10DAF000002482F8B8401868683001F0D8FB012390
:10DB0000EB60204638BD6FF00D00FBE708B5406BB9
:10DB1000FFF7E6FF08BD70B5054603691C6843685A
:10DB20001E6804F1080001F0C2FBD6F83C3594F8F9
:10DB300060101944002384F86030A36CC91A01D422
:10DB400000292CDC216C2846FFF774FDE36C23646C
:10DB5000236D63640023E3642365A36494F8613058
:10DB6000E3B1EFF31182202383F31288BFF36F8FA9
:10DB7000236CC3B1D6F84C3133B901233360002391
:10DB8000C6F84431D6F84431D6F8003223F02003E9
:10DB9000C6F8003282F31188BFF36F8F70BD28463C
:10DBA000FFF762FDCEE701237360F3E710B5046968
:10DBB00040682368D3F8A420D3F8B010521A01D1DA
:10DBC000002010BD082A28BF0822C3F8AC20236813
:10DBD000406AC3F8A8002368D3F8A010D3F8B03087
:10DBE000194401F0C3FB0120EBE72DE9F04186B0B9
:10DBF0000546436804691F68EFF31188202282F309
:10DC00001288BFF36F8F2268D2F8B410002946DB68
:10DC1000D2F8B4605B6813F0040F43D188F3118825
:10DC2000BFF36F8F2368D3F8A020002A34D093F875
:10DC3000B81000293FD1D3F8A8108A4206D0D3F8F3
:10DC4000AC20964247D0D3F8B0301E4420686830EC
:10DC500001F02DFB0023019302930393049305939A
:10DC60002368D3F8A030029303962368D3F8A43036
:10DC70009E4202D001238DF804304FF48003C7F890
:10DC8000083322680023C2F8A0302268C2F8A4300A
:10DC900001A92846FFF7C6FC06B0BDE8F081D7F819
:10DCA0004C65B7E74FF48003C7F8083301212846D5
:10DCB000FFF748FEB2E7EFF31186202383F31288C3
:10DCC000BFF36F8F21462846FFF7FFFD86F31188CB
:10DCD000BFF36F8FE0E7D3F8B0203244C3F8B02031
:10DCE0002846FFF763FF18B92368D3F8B060ADE7A3
:10DCF000EFF31186202383F31288BFF36F8F214641
:10DD00002846FFF7E2FD86F31188BFF36F8FC3E764
:10DD1000436B5A6812681B691B68D2F8081199B1E5
:10DD20000021C2F80811D2F80821596530B583B036
:10DD300003F10800D3E9162300240025CDE90045AE
:10DD4000F9F784FD03B030BD596D013159650429DF
:10DD5000ECD1012353607047D0B582B003694268AB
:10DD600014681A68002151651B6803F10800D3E9A3
:10DD7000162300260027CDE90067F9F767FD042385
:10DD8000C4F8083302B0D0BD38B545682C686B685C
:10DD900013F0010F23D100220823C4F80035EB6AE9
:10DDA000C4F844350023C4F848350123A36072B990
:10DDB000D4F82031002BFBD00023C4F82031D4F854
:10DDC00020310123E3604FF48073C4F80433D4F8A6
:10DDD0005831002BFBD00020C4F8000538BD016984
:10DDE0002046F6F787FD0028F8DB0122D4E710B5BE
:10DDF0000446002201210820FEF72FFF0820FEF72D
:10DE000022FF00212046F6F79BFD10BD2DE9F041D1
:10DE1000064643681C680769D7F80080D4F80453A5
:10DE20002B4604224FF484712046FFF7A9FCE8BB7F
:10DE30002B464FF400724FF492712046FFF7A0FC7E
:10DE4000C0BB2B4610224FF488712046FFF798FC88
:10DE5000A0BB15F4002F05D0D4F84C3113B1D4F881
:10DE60001031A3B315F4003F05D0D4F8443113B1F9
:10DE7000D4F810319BB315F4807F02D0D4F8203150
:10DE8000ABBB15F4800F02D0D4F858319BBB07F11F
:10DE90000803D3E8EF2F22F00401C3E8E01F0028B5
:10DEA000F7D112F0040F2AD1BDE8F0813046FFF718
:10DEB00053FFBDE73046FFF7E4FDC2E70023C4F897
:10DEC0001031D4F810313046FFF725FEC1E7C4F811
:10DED0004C31D4F84C313046FFF717FCC2E7C4F898
:10DEE0004431D4F844313046FFF76CFDC3E7304687
:10DEF000FFF765FBC5E73046FFF777FEC7E7D8F8C1
:10DF000044103046FFF7B0FBD8F840103046FFF71A
:10DF100091FB0023C8F84430C8F840303046FFF782
:10DF200026FDC1E700B5A2F5807E4FEA9E0E4FF0B8
:10DF3000010C0CFA0EFC1CEA010F0DD0815809B936
:10DF400000200AE00021815082581BB11A684CEA77
:10DF500002021A60012000E000205DF804FB70B5A9
:10DF600082B006460D460024019409E0A20001ABF0
:10DF700002F5A07229463046FFF7D4FF0134E4B21F
:10DF8000032CF3D915F0010F02D0D6F8003143B9B4
:10DF900015F0020F02D0D6F8043163B9019802B02F
:10DFA00070BD0023C6F80031D6F80031019B43F064
:10DFB00001030193ECE70023C6F80431D6F80431DD
:10DFC000019B43F002030193E8E7401A20F07F40F1
:10DFD000704700F150039B009BB203F1502303F5FF
:10DFE00080331868003818BF0120704700F15003D3
:10DFF0009B009BB203F1502303F5803300221A608B
:10E000001B68704720F07F407047EFF3118020239A
:10E0100083F31288BFF36F8F704780F31188BFF3CB
:10E020006F8F7047F0B585B0044617461D46F6F76A
:10E0300025FD06469DF8303002930B9B01930A9B09
:10E0400000933A462B462046F6F7D6FD0546314664
:10E050002046F6F761FD284605B0F0BD08B5F6F795
:10E06000ABFD08BD08B5F9F777FC08BD08B5F4F7B6
:10E0700079F8F4F78DF9FFF7F5FF08BD4FF47F034A
:10E08000D3F83021D3F83431072A01D0002070476B
:10E09000023B002B04D8DFE803F0010001207047A9
:10E0A000002070474FF47F03D3F83021D3F8343188
:10E0B000072A01D000207047042B07D008D8023B64
:10E0C000012B01D8012070470020704700207047C5
:10E0D000002070474FF47F03D3F83021D3F8343158
:10E0E000072A01D000207047023B002B04D8DFE84C
:10E0F00003F0010001207047002070474FF47F03B8
:10E10000D3F83021D3F83431072A01D000207047EA
:10E11000012070474FF47F03D3F83021D3F8343116
:10E12000072A01D000207047023B002B04D8DFE80B
:10E1300003F0010001207047002070474FF47F0377
:10E14000D3F83021D3F83431072A01D000207047AA
:10E15000023B002B04D8DFE803F0010001207047E8
:10E16000002070474FF47F03D3F83021D3F83431C7
:10E17000072A01D000207047023B002B04D8DFE8BB
:10E1800003F0010001207047002070474FF47F0327
:10E19000D3F83021D3F83431072A01D0002070475A
:10E1A000012070474FF47F03D3F83021D3F8343186
:10E1B000072A01D000207047042B03D8022B03D379
:10E1C00000207047012070470120704708B5804744
:10E1D00008BD08B500F083FC08BD40F00040C1F860
:10E1E0008000704740F00040C1F88000704738B5AB
:10E1F00004461546FFF7F1FF29462046FFF7F2FFD8
:10E2000038BD0346032929D8DFE801F0020D1823A1
:10E21000D3F81804C0F300400AB3D3F8183403F05D
:10E22000030313707047D3F80C04C0F30040B2B17D
:10E23000D3F80C3403F0010313707047D3F85C0477
:10E24000C0F300405AB1D3F85C3403F001031370FB
:10E250007047D3F85404C0F3004070470020704763
:10E260000120704708B50520F4F7C0FD00B108BDD6
:10E270000520FEF7E8FCFAE770B582B006460328F1
:10E2800040D8DFE800F00225191F0C224FF48273FA
:10E2900002214FF05020C0F8081302440121116000
:10E2A000034400221A601B688DF807108E4214D0B8
:10E2B000002542F2107418E024224FF492734FF4B8
:10E2C0000071E6E71C224FF490734FF48071E0E791
:10E2D00004224FF480730121DBE70DF10705E8E725
:10E2E0000120FFF776FF013C0CD02A4631464FF063
:10E2F0005020FFF786FF28B1002DF1D09DF80730A0
:10E30000012BEDD002B070BD38B504460378022B66
:10E3100006D0012B00D000231D461BB1284638BD76
:10E320000123F9E70020FFF7A7FFFFF799FF20700F
:10E33000F4E708B5FFF7A0FF08BD08B5F6F7AEFF94
:10E3400008BD10B401F5A27150F8214024F44F34F7
:10E3500024F4407440F8214050F82140120202F4A5
:10E360007C521B0403F440331A43144340F8214009
:10E3700010BC704710B401F5A27150F8214024F48C
:10E38000991424F4F85440F8214050F82140120226
:10E3900002F47C521B0403F440331A439DF804300A
:10E3A0001B0503F480131A43144340F8214010BCAA
:10E3B000704700B5A2F5807E4FEA9E0E4FF0010C2B
:10E3C0000CFA0EFC1CEA010F0DD0815809B900208F
:10E3D0000AE00021815082581BB11A684CEA0202FF
:10E3E0001A60012000E000205DF804FBF0B583B066
:10E3F00007460D4616460024019409E0E2B2920059
:10E4000001AB02F5807229463846FFF7D2FF01348E
:10E41000B442F3D3002D02DB019803B0F0BD01AB91
:10E420004FF4BE7229463846FFF7C3FFF4E700B544
:10E4300083B00021019100910B460122F6F738FFCD
:10E4400003B05DF804FB00B585B08DF80F100DF139
:10E450000F030193002100910B460A46F6F752FF85
:10E4600005B05DF804FB38B50D460079F7F712F8F2
:10E4700004462846F7F704F8083034F8100000F096
:10E48000010038BD38B50D460079F7F703F80446AA
:10E490002846F6F7F5FF083034F81000C0F34010B6
:10E4A00038BD38B50D460079F6F7F4FF0446284626
:10E4B000F6F7E6FF083034F8100010F01C0018BF23
:10E4C000012038BD38B50D460079F6F7E3FF044664
:10E4D0002846F6F7D5FF083034F81000C0F34000A6
:10E4E00038BD38B504460D46FFF7ECFF30B129467C
:10E4F0002046FFF7C7FF18B1012000E0002038BD1B
:10E500000020FCE708B5FFF7DDFF80F00100C0B296
:10E5100008BD7047704738B50D460079F6F7BAFF69
:10E5200004462846F6F7ACFF083034F81000400BDC
:10E5300038BD032894BF00200120704770B50646FF
:10E540000D46002404E04FF0FF33AB4211D00134FC
:10E550002F2C0CD83079F6F79DFF04F1080330F822
:10E56000133013F4807FEED0C3F34323EDE7002094
:10E5700000E0012070BD38B504460D46FFF782FF6C
:10E58000B8B129462046FFF7BDFF90B12946204685
:10E59000FFF7C1FF226801238340C2F808332268D5
:10E5A00000F5A27052F8203023F0030342F8203027
:10E5B00003E000212846FFF746FF38BDF8B50646C0
:10E5C0000F4615460024002C03DD4FF0FF34204693
:10E5D000F8BD3079F6F75EFF50F83430BB4201D019
:10E5E0000134F0E700EBC4035B68AB42F8D1EEE71F
:10E5F00038B50C460079F6F74DFF05462046F6F78C
:10E600003FFF083035F81030C3F38203042B09D0E4
:10E61000052B01D1022006E02046F6F7D3FE18B103
:10E62000032000E0032038BD0220FCE710B50446BB
:10E630000846F6F725FF083034F8103013F4807FD1
:10E6400004D0C3F3432304EBC30010BD0020FCE758
:10E6500070B504460E4615460079F6F71BFF866036
:10E660002079F6F717FFC56070BD08B50079F6F799
:10E6700011FF90F88C00003818BF012008BD70B55C
:10E6800004460D461646FFF7FDFE00B32946204618
:10E69000FFF738FFD8B129462046FFF73CFF226834
:10E6A000830003F580739BB2002199509B58226828
:10E6B00000F5A27152F8213043F0010342F82130F5
:10E6C000B6B1226801238340C2F8043310E0236806
:10E6D000D3F80423002A03DB4FF00042C3F80423DD
:10E6E00029462046FFF784FF01462846FFF7ABFE88
:10E6F00070BDF8B504460D461646FFF797FF20B1EA
:10E700000768426831462846B847A3681BB1E268EB
:10E71000314628469847F8BDF8B507460E461446D8
:10E720001D461046FFF705FF60B9022D1DD00221DE
:10E730003046FFF788FE032C1BD0022D17D0032D87
:10E740001DD0F8BD224631463846FFF7D2FF30468D
:10E75000F6F74CFEA842F4D100213046FFF773FED5
:10E7600029463046FFF76FFEEBE70321E0E7012C77
:10E77000E5D1224631463846FFF7BBFFE1E7022CE0
:10E78000DFD1F6E770B505460846F6F779FE044690
:10E790002879F6F77FFE04F1080330F8133013F4FC
:10E7A000807F0BD0C3F34326083423F4F85320F8BA
:10E7B000143031462846FFF7C1FE00B170BD2879FC
:10E7C000F6F768FE002340F836302879F6F762FE47
:10E7D00031467830F6F752FCF0E770B504460D4646
:10E7E000FFF750FE58B1266829462046FFF793FEF2
:10E7F00000F5A270002346F8203046F82030294664
:10E800002046FFF7BFFF2079F6F744FE044628466E
:10E81000F6F736FE0830002324F8103070BD70B5CE
:10E8200004460D461E4604984FF0000C01E00CF122
:10E83000010C84450ED25FFA8CF2920002F58071D1
:10E840009208012303FA02F21542F0D0002363502C
:10E850006358ECE7002D04DA0023C4F87C31D4F8C7
:10E860007C3144F30730FEF7EEF90EB1C4F80453DF
:10E8700070BDF8B506460D46144619E094FAA4F3A7
:10E88000B3FA83F301229A4024EA020403F13C0222
:10E8900005EB4202978803F5A27356F82300C0F3F4
:10E8A0000140FFF736FE024639462846FFF721FFB2
:10E8B000002CE3D1F8BD08B5F6F704FF08BD08B594
:10E8C000F6F7F0FD08BD08B5FFF7C2FE08BD08B5B4
:10E8D000F6F766FE08BD08B5F6F7C8FF08BD08B52F
:10E8E000FFF7C3FE08BD08B5F6F79CFF08BD08B5E5
:10E8F000F6F7B2FF08BD08B5F6F796FE08BD08B5F5
:10E90000FFF7BDFE08BD08B5FFF735FE08BD03469D
:10E9100011F4802002D0D3F8480120BB11F0020F7F
:10E9200002D0D3F8042132BB11F4007F02D0D3F817
:10E93000242142BB11F4801F02D0D3F8502152BBD6
:10E9400011F4002F02D0D3F84C2162BB11F0807F6C
:10E9500002D0D3F8602172BB11F4000F02D0D3F8BB
:10E960005C2182BB70470022C3F84821D3F84821BC
:10E970004FF48020D2E70022C3F80421D3F8042109
:10E9800040F00200D0E70022C3F82421D3F824216C
:10E9900040F40070CEE70022C3F85021D3F8502194
:10E9A00040F48010CCE70022C3F84C21D3F84C216E
:10E9B00040F40020CAE70022C3F86021D3F86021A8
:10E9C00040F08070C8E70022C3F85C21D3F85C31C6
:10E9D00040F40000C6E700B583B00021019100912A
:10E9E0000B460122F7F768F803B05DF804FB034615
:10E9F00091F82020032A38D8DFE802F029301602E7
:10EA00008A6812F4802F04D0D3F84C25086990420C
:10EA10000FD18A6812F4802F29D1D3F84C25896947
:10EA2000914206D101207047D3F84C2508699042E5
:10EA300006D00020C3F800050622C3F80025704761
:10EA4000D3F83C2589699142F3D101207047D3F86E
:10EA50004C2509699142ECD101207047D3F83C253F
:10EA600009699142E5D101207047012070470120DA
:10EA7000704770B582B00446C37B0BB1807BA8B9E8
:10EA8000A368B3F17F6F0ED32368222B06D0232B0C
:10EA900021D16368222B20D10B2605E06268232A4E
:10EAA000F5D10B2600E00626A07B08B102B070BDB0
:10EAB00000250195009603232A4629462068F6F78B
:10EAC000FBFF0195009603232A4629466068F6F766
:10EAD000F3FF0120EAE70020E8E70020E6E700B9BD
:10EAE000704708B5FEF720FA08BD60B1C3685A78D0
:10EAF00012F0010F03D01B781BB1002070470020DB
:10EB000070470120704700207047EFF311832023E6
:10EB100083F31288BFF36F8FFEE710B50446436995
:10EB200083B1984730B100280ADBFF2800DDFF20C1
:10EB3000E3681870E268537843F00103537010BD26
:10EB40004042F2E70020F5E708B500F036FC08BDCA
:10EB500008B500F00BFC08BD8169C36841EA0302F7
:10EB600012F0030F10D1002202614269013A02FB48
:10EB7000013304E002691A60036182699B1AC2686A
:10EB80009A42F7D9002070476FF0150070470120B6
:10EB9000704710B5044643618261C1600023C361C0
:10EBA0000372FFF7D9FF002801DB2460646010BD09
:10EBB0002DE9F84304460D46FFF7E9FFB0B104F133
:10EBC0000807EFF31186202383F31288BFF36F8FBA
:10EBD0002369A3B123692B602561E369013BE361EC
:10EBE00086F31188BFF36F8FBDE8F883002383F3AA
:10EBF0001188BFF36F8F0423184602DFF4E7D4F8BF
:10EC00000080444517D0B8F1000918BF4FF0010942
:10EC1000B8F1000F12D1B9F1000FDBD00023C8F812
:10EC2000AC30C8F81050404600F0C1F931463846C3
:10EC3000F8F73CFAD8E74FF00008E4E7D8F80420EA
:10EC4000D8F8003013605A600023C8F80030C8F8C4
:10EC5000043098F80D2022F0020288F80D20C8F840
:10EC6000083008F1180000F0D4FAD4E708B5EFF343
:10EC70001183202383F31288BFF36F8FFEF705F80B
:10EC8000F5E700BF7047884200DA014611F17F0FB7
:10EC900001DB084670476FF07E00704708B580685A
:10ECA00090F90E308B4201D1002008BDF8F762F9CF
:10ECB000FBE7034600209860D8601B605B607047EC
:10ECC0000B6803F003030B60426832B1136803F072
:10ECD00003030B431360416070474160016070475C
:10ECE00008B591B18C460B6823F00301032B18D9AA
:10ECF000136803F003030B431360DCF8003003F0E8
:10ED000003031343CCF8003008BD0168136803F017
:10ED100003030B43136002604368002BF4D142608D
:10ED2000F2E71146FFF7CCFFEEE708B50022C0F886
:10ED3000AC20016100F03BF908BD2DE9F04F83B034
:10ED400004460F46164601939DF8303000F1080B3B
:10ED5000EFF3118A202282F31288BFF36F8FD0461F
:10ED600003B1476804F10C03E568AB4219D0B5F173
:10ED7000000918BF4FF00109ADB9B9F1000F23D157
:10ED8000019B63BB00233360324639462046FFF7C0
:10ED9000A7FF88F31188BFF36F8F484603B0BDE823
:10EDA000F08F0025E3E76A682B6813605A60002340
:10EDB0002B606B606A7B22F002026A73AB6005F124
:10EDC000180000F026FAD8E731462846FFF7ADFFD5
:10EDD00051465846F8F76AF94FF00009DDE7082078
:10EDE000F8F79EFD20B14660012202600646CBE79F
:10EDF0006FF00B09CDE760B1036813F0030F08D083
:10EE000010B5446809B9204610BD00F080FA2046CC
:10EE1000FAE7704700B583B00A4601230093002348
:10EE20001946FFF78AFF03B05DF804FB3AB18A4246
:10EE300008D38160C26000604060002070476FF0BE
:10EE4000150070476FF015007047F8B505460E467F
:10EE5000D41D24F007040F193946F3F791FB07304E
:10EE600020F00700C5F89460C5F89840C5F89C00EC
:10EE7000381AF8BDEFF30580003818BF012070473D
:10EE80007430704710B4002484600373427381733C
:10EE9000C4738461C46110BC7047F0B587B0044688
:10EEA000129E139D00270597109F04970F9F0397AD
:10EEB0000E9F02970D9F01970C9F0097F7F7A4FEF6
:10EEC000B5F1FF3F08BFB6F1FF3F02D1204607B0C2
:10EED000F0BD32462B462046F7F776FEF6E70020D7
:10EEE000704738B504460D46F7F770FF637B43F073
:10EEF0000203637335B3A5602B689D420DD10023D7
:10EF00000BE05A686260236014605C601AE01A4685
:10EF100069688A420FD01B687BB173B194F90E10F7
:10EF200093F90E209142F2D0521A002AE9DC1A46D7
:10EF3000002BEDD1F0E70023EEE76B6825606360FE
:10EF40001C606C6038BD08B5183000F062F908BD6F
:10EF500070B50646046884421AD0DCB16268236842
:10EF600013605A60002525606560637B23F002030F
:10EF70006373A56004F1180000F04BF9C4F8AC50BD
:10EF80002046F7F7CFFE3468A642E6D12C46E4E7E8
:10EF90000024E2E770BD70B5044616461D46FFF733
:10EFA000A0FF32462B462046F7F7BEFF70BD38B5AE
:10EFB00004460023EFF31185202282F31288BFF369
:10EFC0006F8F04E085F31188BFF36F8F012343B97E
:10EFD0002046FFF784FF0028F4D12046F7F7A2FE71
:10EFE000F0E738BD0023EFF31181202282F312886D
:10EFF000BFF36F8F10E04268036813605A6000230C
:10F0000003604360427B22F002024273836081F31B
:10F010001188BFF36F8F01231BB98368002BEAD1DE
:10F02000F5E7704738B504460023EFF31185202239
:10F0300082F31288BFF36F8F0BE0637B23F004032E
:10F0400063732046F7F76EFE85F31188BFF36F8F69
:10F0500001239BB9637B13F0280FF5D1A368002B24
:10F06000EBD06268236813605A60002323606360FA
:10F07000627B22F002026273A360DEE738BD08B54E
:10F0800001211838FFF7CEFF08BD01460023EFF33A
:10F09000118C202282F31288BFF36F8F184605E08F
:10F0A00000208CF31188BFF36F8F01238BB90868A0
:10F0B0008142F5D00028F4D04268036813605A609A
:10F0C000002303604360427B22F0020242738360AC
:10F0D000E7E7704710B50446FFF784FF04F1180016
:10F0E00000F097F810BD08B5EFF31180202383F3EB
:10F0F0001288BFF36F8FF7F7EFFF08BD38B50546ED
:10F100000468844201D0002002E00024FBE70120D3
:10F1100054B12046FFF7DEFF2046FFF748FF2C687A
:10F12000A542F4D10024F2E738BD031D436083609B
:10F13000704738B504460D46F8F77EF884462046F9
:10F14000B5F1FF3F08BFB4F1FF3F2CD04FEAEC729E
:10F15000510141EADC614FEA4C13B3EB0C0361EB64
:10F160000201890041EA93719B0013EB0C0042EB12
:10F170000103DB0043EA5073C00047F6FF728018BA
:10F1800043F10003B0F5004F73F100020AD36FF4AE
:10F190000042824243F6FF729A4105D3C00B40EA17
:10F1A000434000E0002038BD6FF00040FBE710B5A1
:10F1B0000446F8F795F948B10246036941692069A8
:10F1C0001B18606941EB000113615161626823689B
:10F1D00013605A6000232360636010BD10B50446BD
:10F1E000F8F774F978B1036942691B1B62EBE472AA
:10F1F000B3F1004F72F1000108DA002A01DB184672
:10F2000010BD0023FBE76FF00040F9E76FF000400E
:10F21000F6E7F8B504460023EFF31187202282F3C6
:10F220001288BFF36F8F6FF015000CE0F8F764F9E8
:10F23000FFF7D4FF0021F5F7DDFD304687F3118895
:10F24000BFF36F8F01231E468BB92368002BF5D0C7
:10F25000F8F73CF905462046FFF7A9FF00224FF0DA
:10F260000043C4E90423A542E0D03046E6E7F8BDF8
:10F2700008B5F8F74FFA08BD08B5F8F74BFA08BD1E
:10F2800008B5EFF31180202383F31288BFF36F8F4B
:10F29000F7F722FF08BD016242620023036300F119
:10F2A00018028261C261036043604363704710B516
:10F2B0000446FFF7AEFF60B9636A0BB1204698477A
:10F2C00004F11800FFF7E1FE18B1FFF770FEFFF739
:10F2D000D7FF10BD38B504460020043213D2A0B9C0
:10F2E00041F00401EFF31185202080F31288BFF371
:10F2F0006F8F2046984785F31188BFF36F8F08B151
:10F3000040F8044B38BD0120E9E70020FAE730B1AE
:10F3100008B5011F50F8040C00F00CF808BD704748
:10F3200010B500F10C04C460046100240475FCF7FE
:10F33000DAFC10BD70B5044600F11406EFF3118538
:10F34000202383F31288BFF36F8FFCF777FC04F15F
:10F350000C00FFF7D3FE20B985F31188BFF36F8F40
:10F3600070BD29463046F7F7A1FEF9E70A44431E6F
:10F37000914200D1704710B511F8014B914203F84A
:10F38000014FF9D110BD884210B501EB020402D93A
:10F390008442234607D8431EA14208D011F8012B0E
:10F3A00003F8012FF8E7024401468A4200D110BD5C
:10F3B00013F8014D02F8014DF7E70244034693426A
:10F3C00000D1704703F8011BF9E710B50139044675
:10F3D00032B111F8013F013A00F8013B002BF7D19F
:10F3E0000021FFF7EAFF204610BD0246014410B598
:10F3F0008A42134603D01C780132002CF8D1181A27
:10F4000010BD2DE9F047C3F137090746884603F0E0
:10F410001F055FFA89F916464FF0000A3846414643
:10F420002A465346F0F796FE4346D4B23A468846FB
:10F430000746092C84BF4C44E4B2AA4204F13004CC
:10F4400073EB0A0306F8014BE8D23046BDE8F087BB
:10F450002DE9F04F061887B09946154641EB010497
:10F4600002AB3046DDF844B021460093A9F1410AD1
:10F47000D2E9002300F0A6F804AB074688463046E0
:10F4800021460093D5E9022300F09CF80022DDE933
:10F490000263841951EB0306049B28BF0122D5E9BE
:10F4A0000001D218059B43F10003381848EB010115
:10F4B000B84271EB0801D5E902C134BF0120002038
:10F4C00014EB0C0CCDF800A046EB010110EB0C0086
:10F4D00041F10001A04271EB060C34BF4FF0010C6A
:10F4E0004FF0000CCDE904231CEB020243F10003B2
:10F4F00000F083F8109BC3E90001129B012BDDE9AA
:10F50000042329D1D5E90201D5E900C5201ACDF897
:10F5100000A066EB0101674578EB050534BF0125C6
:10F520000025401B61F10001844276EB010534BFE8
:10F5300001250025521B63F1000300F05EF8DDE9B0
:10F540000423CBE9000120463146CDF800A000F0AD
:10F5500054F807B0BDE8F08F17EB070E48EB080C26
:10F56000201946EB0601BE457CEB080834BF012795
:10F570000027C71941F10008D5E9000186457CEB59
:10F58000010C34BF01200020D5E90215381A68F1BA
:10F59000000C401A6CEB050192185B41A74278EB16
:10F5A000060534BF01250025521943F100038742A7
:10F5B00078EB010834BF01250025521BA9F1400555
:10F5C0000095B8E7F0B50F460446A0FB0201059E82
:10F5D000A7FB02524919A3FB0445A7FB037342F1A1
:10F5E0000002611845F10004D21943F10003121919
:10F5F00043F10003C6E90023F0BDF0B5059CC4F15A
:10F600004007C4F12006A4F12005E04002FA06F606
:10F61000BB4022FA05F5BA403343C4F120062B4320
:10F6200001FA06F6A4F12005304321FA05F5E14080
:10F63000284319431043F0BD2DE9F0410446CD0F96
:10F64000C1F30A50C1F3130140F2FF76157154EA79
:10F65000010707D0B0420CD145F008050020157114
:10F66000BDE8F081002864D0B0425FD145F00405C8
:10F67000F4E700285AD10120A0F2FF30002B1060DF
:10F680005ADB0C2B5ADCC3F10D050120AD0005F14E
:10F69000FF3CA5F12107C5F1210600FA07F720FA82
:10F6A00006F600FA0CF03743061847EB0708D6F1C8
:10F6B000000E68EB480C013E48F1FF38264008EA8E
:10F6C0000108B04277EB080810DBC5F12008B5F15E
:10F6D000200624FA05F501FA08F858BF41FA06F6A3
:10F6E00045EA080558BF3543ED0703D52018044601
:10F6F00041EB070104EA0E0401EA0C019DF81860D1
:10F70000123218460D25C6F127064FF0300E04F0D0
:10F710000F03240905F1FF3C571E44EA0174091147
:10F72000B3B9A8420CDA65463A46F0E741F48011D5
:10F73000A2E704460146A1E70023DFE70D23DDE74A
:10F7400082F800E01CF1010365463A46DFD187E705
:10F75000092BC8BF9B19A84203F13003B8BF284644
:10F760001370EFE7D1E9043293421EBF5A1C0A61BD
:10F77000187070470148006870470000C0100020F2
:10F78000080AFF7F0100000000000000F8F70000F9
:10F79000496800000000000035790000000000000A
:10F7A0000000000038F800000000000018F8000019
:10F7B00065E00000000000000000000058F80000B4
:10F7C0000000000078F8000081390000000000000F
:10F7D0009D4C0000000000008D160000000000009D
:10F7E000B1330000000000006DE0000000000000E8
:10F7F0000000000098F800002C0A0100700A0100C7
:10F800007CFB0000EC000020341100209538000043
:10F810000000000000000000B80A0100D00A01004A
:10F8200040FB0000F0000020E8110020593D0000DE
:10F830000000000000000000C40A0100E80A010006
:10F8400040FB0000F2000020F4110020593D0000B0
:10F850000000000000000000A00A010000000000FD
:10F86000B00A0100EE0000200000000035D20000C8
:10F870000000000000000000E00C0100FC0C010092
:10F8800098FB0000F600002044000020EFDD00009F
:10F890000000000000000000D00B0100EC0B010094
:10F8A00064FB0000F40000200012002077D4000068
:10F8B0006FD40000000000000000000067CC0000D2
:10F8C0000000000067CC00000000000067CC0000D2
:10F8D0000000000067CC00000000000067CC0000C2
:10F8E00025520000CDE100000000000067CC0000C0
:10F8F0000000000067CC000078F800000DDE00007A
:10F9000079610000CDE100000000000067CC00003C
:10F910000000000067CC00000000000067CC000081
:10F92000DD590000CDE100000000000067CC0000C0
:10F930000000000067CC00000000000067CC000061
:10F940000000000067CC00000000000067CC000051
:10F950000000000067CC00000000000067CC000041
:10F9600000000000B54D00000000000067CC000062
:10F970000000000067CC00000000000067CC000021
:10F980000000000067CC00000000000067CC000011
:10F990000000000067CC00000000000067CC000001
:10F9A0000000000067CC00000000000067CC0000F1
:10F9B0000000000067CC00000000000067CC0000E1
:10F9C0000000000067CC00000000000067CC0000D1
:10F9D0000000000067CC00000000000067CC0000C1
:10F9E0000000000067CC00000000000067CC0000B1
:10F9F0000000000067CC00000000000067CC0000A1
:10FA00000000000067CC00000000000067CC000090
:10FA10000000000067CC00000000000067CC000080
:10FA20000000000067CC00000000000067CC000070
:10FA30000000000067CC00000000000067CC000060
:10FA40000000000067CC00000000000067CC000050
:10FA50000000000067CC00000000000067CC000040
:10FA60000000000067CC00000000000067CC000030
:10FA70000000000067CC00000000000067CC000020
:10FA80000000000067CC00000000000067CC000010
:10FA90000000000067CC00000000000067CC000000
:10FAA0000000000067CC00000000000067CC0000F0
:10FAB0000000000067CC00000000000067CC0000E0
:10FAC0000000000067CC00000000000067CC0000D0
:10FAD0000000000067CC00000000000067CC0000C0
:10FAE00010020020181E00200004000089060000FB
:10FAF00000000000000000000000000007000000FF
:10FB0000000000007800010000000000000000007C
:10FB1000C00200201822002000040000B5040000EC
:10FB200000000000000000000000000006000000CF
:10FB3000000000008800010000000000000000003C
:10FB4000A53B0000A3D30000AFD30000C3D3000047
:10FB5000CDD30000D7D30000A53A000017D4000091
:10FB600000000000B140000000000000F53D000072
:10FB70000000000000000000714000005D3800003F
:10FB80004DD100008FD100000000000061D00000C6
:10FB90000000000000000000F5D60000E94700006A
:10FBA000E1DA00003D4600009BD600006BDA000061
:10FBB0009FD7000099450000EFD50000DC00010050
:10FBC000030000009400010003000000C0000100D9
:10FBD000030000007C010100030000002C02010072
:10FBE00003000000600A010003000000000B010098
:10FBF00003000000DC0B0100030000006C020100A8
:10FC0000030000007002010003000000DC0301009B
:10FC1000030000006009010003000000780E0100ED
:10FC2000030000000C0A010003000000EC0C0100BE
:10FC300003000000000401000C000020C8030100C4
:10FC400001000000040000000F000000010000009F
:10FC500008000000200000006000000070000000AC
:10FC60000D0000000C0000000E000000500000001D
:10FC700074000000A8000000FFFFFFFFFFFFFFFF70
:08FC8000FFFFFFFFFFFFFFFF84
:10FC9000002584500028845000000000000000006F
:10FCA0000338FDD87047000001000000000000008C
:10FCB0000500000000000000190000000000000026
:10FCC0007D00000000000000710200000000000044
:10FCD000350C000000000000093D0000000000009D
:10FCE0002D31010000000000E1F5050000000000DA
:10FCF00065CD1D0000000000F90295000000000025
:10FD0000DD0EE90200000000514A8D0E00000000E7
:10FD10009573C24800000000E941CC6B010000006F
:10FD20008D49FD1A07000000C16FF2862300000014
:10FD3000C52EBCA2B1000000D9E9AC2D78030000AB
:10FD40003D9160E45811000031D6E275BC560000C8
:10FD5000F52E6E4DAEB10100C9EA26836778080022
:10FD6000ED95C28F055A2A00A1EDCCCE1BC2D3005F
:10FD700025A4000A8BCA2204000000000000000035
:10FD80000000000000000010000000000000000063
:10FD9000B9340332B7F4AD1410DB1AB30892540E21
:10FDA0000D307D951447BA1A66088F4D26ADC66D85
:10FDB000F598BF85E2B74511CA96853D92BD1DEB0A
:10FDC000FCA11860DCEF52163C92AE220BB8C1B415
:10FDD000839D2D5B0562DA1C304C7E8F4E8BB25BAF
:10FDE00016F4529F8B56A512FBD4827643ED8AF00F
:10FDF0008FE7F9311565191850F19BD94A13EEB404
:10FE0000284CF0A686C1251F035FC270CB9E491601
:10FE1000E642889C44EB2014B0650836AD6EA5859B
:10FE200085F0CA14E2FD031A0B899979D5B13D0911
:10FE3000D8DA973A35EBCF10AC363F5E73BB38CF8C
:10FE40003E6752FA44AFBA150100000000000000FE
:10FE50000000000000000020345065C05FC9A652B9
:10FE6000BB13CBAEC440C21806C8DF7100D5A87C56
:10FE7000F56F0FDA58FC27136E4756357D24206541
:10FE800002C7E768E48CA41DE9E60268D7CD3961B2
:10FE90007977FCC2405BEF16798CDE43FFA751F9FE
:10FEA00091F3B278F5BDBE11E857E9D6E8BEE87B1C
:10FEB000B054AC8F848D751BEA23A499E9F9D38BD8
:10FEC000B7A3714061DA3E15CEE33ECB73F9480823
:10FED0008C97B427D51B7010A2BFEFB9EB853215F4
:10FEE0004DB44DB49BBB6F1996B6076CF8E7EEADF9
:10FEF00036D9B4F59135AE13222218AF4E6A684D4B
:10FF000091DAAA3D4F40741E9FBD9EE006A1C098A5
:10FF100057C2A7FDA40E90170E7D497173E3208F81
:10FF2000B220D87605143B12853D7434811343B05A
:10FF3000AD297A5F27F4351C53656D6170686F7267
:10FF4000652054616B656E2C20436F756E74203D87
:10FF50002025690053656D6170686F72652047697F
:10FF600076656E2C20436F756E74203D20256900E8
:10FF700048656170204D656D6F727920416C6C6FC2
:10FF8000636174696F6E204661696C65640000008E
:10FF900050726F6475636572205468726561642085
:10FFA00044617461203A20582076616C203D202500
:10FFB00069202C20592076616C203D2025692C2059
:10FFC0005A2076616C203D202569000050726F64D4
:10FFD0007563657220657865637574696F6E2074EA
:10FFE000696D65203D20256C6C64206E730A0000ED
:10FFF0004E6F7468696E6720507573686564204F32
:020000040001F9
:100000006E204649464F0A0020436F6E73756D653A
:1000100072205468726561642044617461203A20E2
:1000200058203D202564202C2059203D2025642087
:100030002C205A203D20256400000000436F6E7381
:10004000756D657220657865637574696F6E20746F
:10005000696D65203D20256C6C64206D730A00007D
:10006000424D453638302053656E736F72204944D7
:10007000203D202578000000636F6E73756D5F74FE
:10008000687265616400000070726F645F7468720A
:10009000656164004D41494E5F43000018F800005F
:1000A0000700000018F800000600000055415254F7
:1000B000204953204E4F542052454144590A0000D4
:1000C000554152545F4300004C4544275320415250
:1000D00045204E4F54205245414459004C45445F01
:1000E0004300000018F800000700000018F80000A6
:1000F000060000004932433A204465766963652072
:100100006973206E6F742072656164792E0A000035
:100110004932433A204465766963652069732072E9
:10012000656164792E0A00004932433A20466169CC
:100130006C656420746F20777269746520726567DE
:1001400069737465722061646472657373202865D5
:100150007272202564290A004932433A20466169B7
:100160006C656420746F20726561642064617461E1
:100170002028657272202564290A0000626D6536A8
:1001800038305F693263000028756E7369676E6589
:1001900064292063686172202A2075736564206673
:1001A0006F722025257020617267756D656E742EE3
:1001B0002049742773207265636F6D6D656E646589
:1001C0006420746F206361737420697420746F20DD
:1001D000766F6964202A20626563617573652069A2
:1001E00074206D6179206361757365206D69736238
:1001F00065686176696F7220696E206365727461EB
:10020000696E20636F6E66696775726174696F6E7F
:10021000732E20537472696E673A2225732220610F
:100220007267756D656E743A256400006362707262
:10023000696E74665F7061636B61676500000000E2
:100240006C6F6767696E6700200400200001000082
:10025000D3C8000029C8000002000000F5CA000051
:100260000000000000000000000000006C6F67004C
:100270006C6F675F6D676D74000000004D65737390
:10028000616765202822257322292064726F7070AF
:1002900065642062656361757365206974206578A3
:1002A00063656564732073697A65206C696D697430
:1002B0006174696F6E202825752900004D65737380
:1002C0006167652064726F70706564206265636148
:1002D0007573652069742065786365656473207340
:1002E000697A65206C696D69746174696F6E202824
:1002F000257529005B2530386C755D2000000000F5
:100300005B253032753A253032753A253032752EFC
:10031000253033752C253033755D20001B5B306D27
:10032000000000002573000025732E0025733A207D
:10033000000000003C25733E2000000025732F00C4
:100340002573200025303278200000002020200076
:100350007C00000025630000206D65737361676594
:10036000732064726F70706564202D2D2D0D0A1B33
:100370005B306D001B5B313B33316D2D2D2D20002B
:100380001B5B313B33316D001B5B313B33336D0005
:100390006572720077726E00696E66006462670053
:1003A000000000008003010088030100000000003D
:1003B0000000000000000000900301009403010011
:1003C000980301009C0301006C6F675F6261636BBF
:1003D000656E645F75617274000000006C6F675F2A
:1003E0007561727400000000F0030100780B0020BA
:1003F0001D210000900B00209C0B0020010000003C
:10040000C3CB0000B5CB0000A1CB000095CB000012
:100410000000000089CB0000000000002A2A2A20EA
:10042000426F6F74696E67206E524620436F6E6E26
:100430006563742053444B2076332E312E312D6565
:100440003261393766653235373861202A2A2A0AFF
:10045000000000002A2A2A205573696E67205A6519
:1004600070687972204F532076342E312E39392D11
:10047000666638663063353739656562202A2A2A10
:100480000A00000000000000DFCB00006D757465FD
:10049000785F696E69742063616C6C65642077694C
:1004A0007468204E554C4C20706172616D657465A6
:1004B00072000000436F756C64206E6F7420616C75
:1004C0006C6F63617465206D757465782062656614
:1004D0006F726520696E697469616C697A696E67AB
:1004E000000000002C000020240000201C00002040
:1004F000000000001400002009230000AD220000CD
:1005000031220000C521000072302F61313A2020D5
:10051000307825303878202072312F61323A20200F
:10052000307825303878202072322F61333A2020FD
:10053000307825303878000072332F61343A20202B
:10054000307825303878207231322F69703A202087
:10055000307825303878207231342F6C723A202070
:10056000307825303878000020787073723A202077
:1005700030782530387800004661756C74696E6794
:1005800020696E737472756374696F6E2061646440
:100590007265737320287231352F7063293A2030C9
:1005A0007825303878000000556E68616E646C659F
:1005B00064204952516E3A2025640000535053453F
:1005C0004C20696E20746872656164206D6F64658B
:1005D00020646F6573206E6F7420696E6469636157
:1005E00074652050535000002A2A2A2A2A20555385
:1005F000414745204641554C54202A2A2A2A2A00A0
:1006000020204469766973696F6E206279207A656B
:10061000726F00002020556E616C69676E65642002
:100620006D656D6F7279206163636573730000009F
:100630002020537461636B206F766572666C6F77F0
:100640002028636F6E746578742061726561206E16
:100650006F742076616C69642900000020204E6F61
:1006600020636F70726F636573736F7220696E734E
:100670007472756374696F6E730000002020496C9A
:100680006C6567616C206C6F6164206F66204558F3
:10069000435F52455455524E20696E746F2050434B
:1006A000000000002020496C6C6567616C20757348
:1006B00065206F6620746865204550535200000025
:1006C0002020417474656D707420746F20657865A6
:1006D0006375746520756E646566696E656420690E
:1006E0006E737472756374696F6E00002A2A2A2A09
:1006F0002A204465627567206D6F6E69746F722081
:10070000657863657074696F6E202A2A2A2A2A0028
:1007100052657365727665642045786365707469A7
:100720006F6E20280000000053707572696F75733A
:1007300020696E7465727275707420284952512058
:10074000000000002A2A2A2A2A202573202564294D
:10075000202A2A2A2A2A00002A2A2A2A2A204D5018
:1007600055204641554C54202A2A2A2A2A000000A6
:100770002020537461636B696E67206572726F72BB
:100780002028636F6E746578742061726561206DD6
:1007900069676874206265206E6F742076616C6989
:1007A000642900002020556E737461636B696E6765
:1007B000206572726F7200002020446174612041D4
:1007C00063636573732056696F6C6174696F6E0043
:1007D00020204D4D46415220416464726573733A46
:1007E00020307825780000002020496E73747275DF
:1007F0006374696F6E204163636573732056696F1C
:100800006C6174696F6E00002020466C6F617469C2
:100810006E672D706F696E74206C617A79207374C5
:1008200061746520707265736572766174696F6E4C
:10083000206572726F7200002A2A2A2A2A204255E5
:1008400053204641554C54202A2A2A2A2A000000C7
:100850002020537461636B696E67206572726F72DA
:100860000000000020205072656369736520646198
:10087000746120627573206572726F7200000000EF
:1008800020204246415220416464726573733A20CD
:1008900030782578000000002020496D7072656373
:1008A000697365206461746120627573206572727A
:1008B0006F7200002020496E737472756374696FE3
:1008C0006E20627573206572726F72002A2A2A2A5E
:1008D0002A2048415244204641554C54202A2A2A75
:1008E0002A2A00002020427573206661756C7420EE
:1008F0006F6E20766563746F72207461626C652020
:100900007265616400000000202044656275672004
:100910006576656E7400000020204661756C742059
:10092000657363616C6174696F6E202873656520FF
:1009300062656C6F77290000415243485F45584318
:10094000455054207769746820726561736F6E201A
:1009500025780A00000000200000000006000100C9
:100960006D7075004661696C656420746F20616C00
:100970006C6F63617465206E6577204D50552072F1
:100980006567696F6E2025750A00000050617274FA
:100990006974696F6E2025753A2073616E69747988
:1009A00020636865636B206661696C65642E000076
:1009B000496E76616C696420756E6465726C7969E4
:1009C0006E6720726567696F6E20696E6465782056
:1009D0002575000002000000EC090100464C41535F
:1009E000485F30005352414D5F300000000000006E
:1009F000DC09010006000000E0FF0F0000000020FD
:100A0000E409010021000000E0FF0620736F63008D
:100A100021202524B9CF000059CF0000000000009C
:100A20005D3600003D36000000000000636C6F631F
:100A30006B403530303000006866636C6B0000003E
:100A40006C66636C6B0000006866636C6B313932F6
:100A50006D0000006866636C6B617564696F00000F
:100A6000636C6F636B5F636F6E74726F6C0000001A
:100A7000E136000051370000380A0100CDD10000F6
:100A8000F5D10000400A0100C3D10000EBD1000005
:100A9000480A0100B9D10000E1D10000540A010068
:100AA00063727970746F40353038343430303000D0
:100AB0004BD20000000000006770696F403834328C
:100AC000383030006770696F40383432353030006C
:100AD000FFFF00000028845000000000010000001B
:100AE00000D0005000000000FFFFFFFF00258450F1
:100AF000000000000000000000D0005000000000D6
:100B0000693263004E65656420746F2075736520DB
:100B100074686520696E7465726E616C20647269B8
:100B200076657220627566666572206275742069EA
:100B300074732073697A6520697320696E737566B2
:100B400066696369656E7420282575202B202575DC
:100B5000203E202575292E2041646A757374207407
:100B60006865207A65706879722C636F6E63617452
:100B70002D6275662D73697A65206F72207A6570B3
:100B80006879722C666C6173682D6275662D6D6173
:100B9000782D73697A652070726F70657274792030
:100BA00028746865206F6E652077697468206772A5
:100BB00065617465722076616C75652920696E20A7
:100BC0007468652022257322206E6F64652E0000F4
:100BD0006932634039303030000000006932635FB1
:100BE0006E7266785F7477696D0000000090005047
:100BF000000000000000000000000000000098015C
:100C000000000101B53D0000100000009BD4000071
:100C10001C0C010024120020FFFF00000090005077
:100C2000280C010001000000300C0100020000004F
:100C30002200000C2300000B756E737570706F72CC
:100C4000746564207370656564000000547279698E
:100C50006E6720746F207472616E73666572206DAA
:100C60006F7265207468616E20746865206D6178AC
:100C7000696D756D2073697A6520666F722074687E
:100C80006973206465766963653A202564203E2097
:100C9000256400004661696C656420746F20696E8C
:100CA000697469616C697A65206465766963653A1F
:100CB0002025730000010203040506070B00000055
:100CC0004661696C656420746F20616C6C6F636150
:100CD000746520505049204368616E6E656C000059
:100CE0007561727440383030300000007561727484
:100CF0005F6E7266785F7561727465000080005087
:100D00000500000000000000300D01000000D601C9
:100D100000000000000000000000000000000000D3
:100D20003C12002034120020141E0020131E00204C
:100D3000008000503C0D010001000000440D010046
:100D40000400000014000000130000021606000159
:100D50001506000300203030303030303030303075
:100D600030303030000100000001000008000000B9
:100D70000300000043505520657863657074696F07
:100D80006E000000556E68616E646C656420696E6B
:100D90007465727275707400537461636B206F7642
:100DA0006572666C6F7700004B65726E656C206FC4
:100DB0006F7073004B65726E656C2070616E696355
:100DC00000000000556E6B6E6F776E206572726F5B
:100DD00072000000756E6B6E6F776E0048616C7408
:100DE000696E672073797374656D00003E3E3E2026
:100DF0005A455048595220464154414C2045525280
:100E00004F522025643A202573206F6E20435055A1
:100E1000202564004661756C7420647572696E6784
:100E200020696E746572727570742068616E646C8E
:100E3000696E670A0000000043757272656E742067
:100E40007468726561643A20257020282573290032
:100E500069646C65000000006D61696E000000004F
:100E600088F7000088F70000D0F70000D8F70000EE
:100E7000F8F70000F8F700006F730000FF8FFFFF26
:100E8000FF8FFFFFFE8FFFFFFE8FFFFFFD8FFFFF36
:100E9000FC8FFFFFFC8FFFFFFB8FFFFF6D757465FD
:100EA000785F667265652063616C6C656420776944
:100EB0007468204E554C4C20706172616D6574658C
:100EC0007200000043616E277420696E6974696165
:100ED0006C697A65206D757465782C207761732054
:100EE0004E554C4C0D0A00004661696C20746F2011
:100EF00061637175697265206D757465780A0000AB
:100F00004661696C20746F20696E637265617365F8
:100F100020504D20636F756E7465720A00000000EA
:100F20004661696C20746F206465637265617365E6
:100F300020504D20636F756E7465720A00000000CA
:100F40004661696C20746F2072656C656173652001
:100F50006D757465780A0000436F756C64206E6F60
:100F600074206C6F636B20706F776572207361768D
:100F700065206D75746578004661696C20746F201A
:100F8000756E6C6F636B206D757465780A00000078
:100F90006374782063616E6E6F74206265204E55B5
:100FA0004C4C00000A637478206973204E554C4CF9
:100FB0000A00000067E6096A85AE67BB72F36E3C03
:100FC0003AF54FA57F520E518C68059BABD9831F14
:100FD00019CDE05BD89E05C107D57C3617DD703092
:100FE00039590EF7310BC0FF11155868A78FF964F6
:100FF000A44FFABE0123456789ABCDEFFEDCBA985A
:1010000076543210F0E1D2C300000000000000006E
:1010100000000000000000000000004095596959E0
:101020005555545515555556040515411054554000
:1010300045515544404550445055554500400040A9
:101040004004449665555655454045545141154018
:10105000559155555555405105010000544554547E
:101060004555050400100410140440000000014020
:101070005555154154040000440001000000004093
:101080004100004450444550540055555455655155
:1010900000400040010000010005010011545151C1
:1010A000545555050000000000000000000000003D
:1010B0000020202020202020202028282828282028
:1010C0002020202020202020202020202020202020
:1010D0002088101010101010101010101010101088
:1010E0001004040404040404040404101010101078
:1010F0001010414141414141010101010101010142
:101100000101010101010101010101011010101093
:101110001010424242424242020202020202020213
:101120000202020202020202020202021010101067
:10113000200000000000000000000000000000008F
:10114000000000000000000000000000000000009F
:10115000000000000000000000000000000000008F
:10116000000000000000000000000000000000007F
:10117000000000000000000000000000000000006F
:10118000000000000000000000000000000000005F
:10119000000000000000000000000000000000004F
:1011A000000000000000000000000000000000003F
:1011B00000696E66006E616E00286E756C6C2900A9
:1011C00078F8000003BF00005DC80000E8030100DC
:1011D000000000009C0100203A000000B001002047
:1011E0003A000000880100203A000000C4010020FD
:1011F0003A0000000000000007CF000000000000DF
:101200000000000060080020000000000000000056
:10121000000000000090D0030070015000000000AA
:10122000FFFFFFFF3F000000FFFFFFFF3F00000048
:10123000FF00000074000020740000200000000087
:101240009D790000C0000020B8000020B000002000
:1012500000000000A80000206D7B0000B97A0000AB
:10126000ED7A0000357B00000C1500203A00003AB2
:10127000101500203A00003A141500203A00003AF8
:10128000181500203A00003A601A0020D40000200F
:10129000940000208C0000208800002084000020A2
:1012A0000D89000001890000F588000000000000A1
:1012B000000000000000000000000000000000002E
:1012C000000000000000000000000000000000001E
:1012D000000000000000000000000000000000000E
:1012E00000000000000000000000000000000000FE
:1012F00000000000000000000000000000000000EE
:101300005577000000000000000000000000000011
:1013100050010020500100203504000000000000B2
:1013200000000000000000000000000000000000BD
:1013300000000000583A00200010000000000000EB
:10134000000000000000000088010020880100204B
:1013500000000000000000000E0000009C010020C2
:101360009C01002000000000000000000E000000B2
:10137000B0010020B00100200000000000000000CB
:101380000E000000C4010020C40100200000000085
:10139000000000000E000000D8010020D80100204D
:1013A0000000000001000000E8010020E80100202A
:1013B000000000000A000000000000000000000023
:1013C00000000000040200200402002015E015E0E7
:00000001FF
