:10000000E8370020F53A00009F510100E13A000076
:10001000E13A0000E13A0000E13A0000E13A000074
:10002000000000000000000000000000753C00001F
:10003000E13A0000000000000D3C0000E13A000041
:10004000053E0000053E0000053E0000053E0000A4
:10005000053E0000053E0000053E0000053E000094
:10006000053E0000053E0000053E0000053E000084
:10007000053E0000053E0000053E0000053E000074
:10008000053E0000053E0000053E0000053E000064
:10009000053E0000053E0000053E0000053E000054
:1000A000053E0000053E0000053E0000053E000044
:1000B000053E0000053E0000053E0000053E000034
:1000C000053E0000053E0000053E0000053E000024
:1000D000053E0000053E0000053E0000053E000014
:1000E000053E0000053E0000053E0000053E000004
:1000F000053E0000053E0000053E0000053E0000F4
:10010000053E0000053E0000053E0000053E0000E3
:10011000053E0000053E0000053E0000053E0000D3
:10012000053E0000053E0000053E0000053E0000C3
:10013000053E0000053E0000053E0000053E0000B3
:10014000053E0000053E0000053E0000053E0000A3
:04015000053E000068
:100154004FF0FF3C06E000BF4FF0010C02E000BF8F
:100164004FF0010C4DF804CD4FEA410C7FEA6C5C72
:100174004FEA430C18BF7FEA6C5C1BD001B050EA15
:10018400410C0CBF52EA430C91EA030F02BF90EA00
:10019400020F0020704710F1000F91EA030F58BFBF
:1001A400994208BF90422CBFD8176FEAE37040F021
:1001B400010070474FEA410C7FEA6C5C02D150EABF
:1001C400013C07D14FEA430C7FEA6C5CD6D152EA7A
:1001D400033CD3D05DF8040B704700BF844610463F
:1001E40062468C461946634600E000BF01B5FFF73E
:1001F400B7FF002848BF10F1000F01BD4DF808ED0E
:10020400FFF7F4FF0CBF012000205DF808FB00BFDE
:100214004DF808EDFFF7EAFF34BF012000205DF838
:1002240008FB00BF4DF808EDFFF7E0FF94BF012085
:1002340000205DF808FB00BF4DF808EDFFF7CEFF86
:1002440094BF012000205DF808FB00BF4DF808EDC5
:10025400FFF7C4FF34BF012000205DF808FB00BF96
:100264004FF0FF3C06E000BF4FF0010C02E000BF7E
:100274004FF0010C4DF804CD4FEA40024FEA410320
:100284007FEA226C18BF7FEA236C11D001B052EAD6
:10029400530C18BF90EA010F58BFB2EB030088BF9C
:1002A400C81738BF6FEAE17018BF40F0010070470B
:1002B4007FEA226C02D15FEA402C05D17FEA236CED
:1002C400E4D15FEA412CE1D05DF8040B704700BF34
:1002D400844608466146FFE70FB5FFF7C9FF0028CB
:1002E40048BF10F1000F0FBD4DF808EDFFF7F4FF04
:1002F4000CBF012000205DF808FB00BF4DF808ED9D
:10030400FFF7EAFF34BF012000205DF808FB00BFBF
:100314004DF808EDFFF7E0FF94BF012000205DF8E1
:1003240008FB00BF4DF808EDFFF7D2FF94BF012092
:1003340000205DF808FB00BF4DF808EDFFF7C8FF8B
:1003440034BF012000205DF808FB00BF53B94AB94F
:10035400002908BF00281CBF4FF0FF314FF0FF30C9
:1003640000F062BDADF1080C6DE904CE00F078FD3B
:10037400DDF804E0DDE9022304B0704703685A00A5
:100384004CBF43F0004323F00043184470472DE969
:10039400F0470646174641B301394FF00009884635
:1003A40009EB080404EBD474641006EBC4054FEAAB
:1003B400C40A2846FFF7E2FFA14204D1B84204D898
:1003C4002846BDE8F087B84204D9A1450DD004F110
:1003D400FF38E5E70AF108003044FFF7CFFF0138A2
:1003E400B842EDD204F10109DAE70025E8E7012873
:1003F40006D0022806D00028034818BF0020704702
:1004040002487047024870470D0A0000110A0000B4
:10041400150A00001F4B37B504468D1E4BB101A9C8
:100424002846AFF3008048B900230920236103B0B4
:1004340030BD1948194B1B1ADB10019301992A4648
:10044400FFF7A5FF01460028EED0FFF797FF4B68A2
:10045400A064012B1AD0002B01F1040010DBFFF77C
:100464008DFF0023C4E913030368002B0ADAC3F3E6
:100474000360FFF7BCFF03460028D5D00020D5E772
:100484000123EFE7FFF77AFF0346F7E70023052090
:10049400CCE700BF00000000F4FC0100B40A020035
:1004A4000368DA0710B5044605D49B0700F1480039
:1004B40018D500F0F7FB2368590703D404F1D000E2
:1004C40000F0F8FB23681A0703D404F5A87000F0C1
:1004D400F9FB2368DB0608D404F5E870BDE8104096
:1004E40000F034BC00F0D6FBE5E710BD09207047EE
:1004F4000346006800B118447047704770B505465C
:100504000C46216C2846FFF785FF064608B103F028
:10051400C5FE236C2246294601206B612B6998474E
:100524000828EED00728F2D13046216CFFF7E5FF0A
:10053400201D00F0A3FB2DE9F0470C1DADF5727DE5
:10054400D0F80C900746D0F818A0164603AD0DF16C
:1005540008080FCC0FC50FCC0FC50FCC0FC594E8FE
:100564000F0085E80F000025C8F800500936D8F8B8
:1005740040103846FFF74EFF0446F6B268BBD8F881
:1005840040304FF4F07241467AA87B611EF0C5F802
:100594003B697AAA394630469847889B0546C8F88D
:1005A40044303A463B4631460120CDE9008AC847EB
:1005B400C0B9C4B94FF4F0727AA9404626461EF079
:1005C400ACF8082DD2D0072D0CD12046D8F8401015
:1005D400FFF793FF03A800F051FB46F01006D8F88C
:1005E4003830DCE7092420460DF5727DBDE8F0873C
:1005F400406C7047F0B5CB6BF9B00D1D06460B642B
:100604000F4601AC0FCD0FC40FCD0FC40FCD0FC4D7
:1006140095E80F0084E80F004FF0FF330093109922
:100624003046FFF7F7FE78B933696A463146984792
:1006340008280446F3D06846FFF732FF062C03D19E
:1006440039463046FFF75AFF092079B0F0BD10B49F
:100654008261DA6BC16019461A64002210BC6AE731
:1006640070B543690446C6680D460B6426B1012281
:10067400FFF761FF03F012FE03690A4601460220F8
:100684009847072805D00828F4D129462046FFF7C3
:1006940035FF3046296CFFF730FF281D00F0EEFAD5
:1006A400C26802B9A6E7CA6B0A64002243E770472E
:1006B400836801460BB1012018477047012910B522
:1006C4000446084605D005D9C81E01288CBF02205F
:1006D400012010BD43B90F2A06D804EB8204029A04
:1006E400184661681160F4E70220F2E71FB503AB16
:1006F4000A46009300231946FFF7E0FF039805B06C
:100704005DF804FB012910B50446084605D005D957
:10071400C81E01288CBF0220012010BD43B90F2A36
:1007240006D8029904EB8204184609686160F4E76C
:100734000220F2E71FB503AB03920A46009300239D
:100744001946FFF7DFFF05B05DF804FBF0B5D36B86
:10075400ADF50F7D141D064613640F4617AD0FCC7F
:100764000FC50FCC0FC50FCC0FC594E80F0085E85B
:100774000F004FF0FF33169326996846FFF74AFEA1
:1007840090B90C2116A86A46FFF7D4FF394616A87B
:10079400B04748B9049B16AA69460820984705281B
:1007A400044602D00928E7D1092416A8FFF778FEE9
:1007B40020460DF50F7DF0BD2DE9F04FCD6C87B0CF
:1007C40017460C4655F8042B00F003099A46049585
:1007D4003BBB12028DF8153003230392B9F1020FCB
:1007E4008DF81430236D08BFA56B13F0010322D1DB
:1007F40000F0080800932B6843BB03A9384600F0B7
:10080400A2FC002840F0FB80009BDBB10F2138469E
:10081400FFF76CFF0E2102463846FFF78BFF794A3B
:1008240055E0130C12048DF81530DBB2039205EB7E
:1008340083050223D2E703A9384600F084FC00288C
:1008440040F0DD80082007B0BDE8F08FBAF1020F58
:10085400A26C4FF00F01384607BFD5F804B005F17C
:100864000806B5F802B02E1D18BF2B882BF0010521
:1008740001931544FFF73AFF019B854229D823F0E1
:1008840001022A44824294BF002201224FEA4B0013
:1008940003F0010300F0020040EA0305012D1AD021
:1008A400022D5ED0002D40F0AA80351DB9F1000F55
:1008B400A1D0002A9FD03046FFF760FDA56306460D
:1008C40020461CF09FFF002800F0998032460F213B
:1008D4003FE00022DAE7B9F1000F26D1002A3DD02B
:1008E40073683268991C4FEAD27200F0888004F170
:1008F40058010133029109D0301DFFF7F9FD02AB15
:10090400014620460FF08AFB054638B30D213846D0
:10091400FFF7ECFE022D029B206202D1E36204F198
:100924002C030620C4E909368DE7256A0D213846D3
:10093400FFF7DCFE854211D1A36A9E420ED13046F8
:10094400FFF71CFD0F2102463846FFF7F3FE22464F
:1009540000213846FFF7EEFE072074E706F108058C
:1009640049E7356825F00045B9F1000F2AD1A2B155
:10097400B8F1000F19D085B9CB4617E00BF1010B84
:10098400019B002206EB8B000293FFF7B1FD02AB43
:10099400014620460FF042FB58B13368002B00DAC1
:1009A4000436013506EB850525E7C34604F15803F3
:1009B4000193AB45E2D10D213846FFF797FE029B28
:1009C4002062AEE7D4F820B00D213846FFF78EFE42
:1009D4008345E2D1A36A9E42DFD14FF0000B04238A
:1009E400A562C4E90BB3F318636333685B4503DAA8
:1009F400681C06EB8000A3E701230093D1E70920DC
:100A040021E700BFE10001000023D5E60123D3E67E
:100A14000223D1E62DE9F0410546C2B014461E4634
:100A2400042925D8DFE811F005001C002400D600B5
:100A34000301EEB9836B92B20121043001FA06F787
:100A440017421CBF53F8047B40F826700136102E61
:100A5400F4D1A60400D4AB63002042B0BDE8F08119
:100A6400012E4FEA124794B204D13B19102B41D9FD
:100A74000220F2E7052EFBD107EB0408B8F1200FA2
:100A8400F6D80F2F4DD9002CE6D00368A04658079E
:100A940008D523F00403284640F8D03B00F00EF9B3
:100AA4000F2F48D9684600F009F9AB6B102F3A466E
:100AB40042A94FEA480838BF10221C4608F1FF3803
:100AC40001EBC2024FEA8801A2F5C472101F02EBC7
:100AD400880254F804CB40F804CF8242F9D10A1DAD
:100AE400012E134417D00F2FAB636FD9684600F063
:100AF400E1F8B1E7102FBBD00368DA0705D523F07E
:100B0400030340F8483B00F0C9F820A800F0C6F8F9
:100B1400AB6B002C3FD1043320A8AB6300F0BAF8D0
:100B24009AE7B8F1100F03682DD9DC07A8F1100873
:100B340042D45807ADD420A8C7F1100400F0B6F889
:100B4400684600F0BBF820AA6400AB6B02EBC70256
:100B5400013C101FA10002EB84021C4654F804CB94
:100B640040F804CF9042F9D10A1D1344B8F1000FA4
:100B74009CD1012ECFD00F2FAB633FF66DAF20A8D1
:100B840000F090F868E7D9070DD420A800F08EF89B
:100B9400AB6B002CF3D0640020AA4FF0000802EBEA
:100BA400C702013CD5E723F0010343F0020340F8F8
:100BB400483B00F07BF8E8E723F0010343F002032D
:100BC40040F8483B00F072F82B68B2E720A800F028
:100BD40069F88BE7032E7FF44BAF97B2160C07EB43
:100BE4001244102C3FF644AF0368190706D523F0CE
:100BF4000803036000F5A87000F086F820A800F050
:100C040083F820ABAA6BF90003EBC60303EBC70719
:100C1400D41ABB4203EB040005D10A4420A8AA63FA
:100C240000F050F818E7006843F8040BF1E7002ED1
:100C34007FF41EAF102A3FF61BAF0368DA0606D511
:100C440023F01003036000F5E87000F089F820AE8B
:100C5400304600F085F8AB6B0022012101FA02F066
:100C640020421CBF53F8040B46F822000132042A28
:100C7400F4D13046AB6300F069F8EDE600F13401DD
:100C840091E838009C46A6464CF8045D90E8FF0FB6
:100C9400E54600BD90EC210B704700BF80EC210BB2
:100CA400704700BF90EC200B704700BF80EC200B16
:100CB400704700BFD0EC200B704700BFC0EC200B86
:100CC400704700BFF0EC0201F0EC0211F0EC0221DD
:100CD400F0EC0231F0EC0241F0EC0251F0EC026174
:100CE400F0EC0271F0EC0281F0EC0291F0EC02A164
:100CF400F0EC02B1F0EC02C1F0EC02D1F0EC02E154
:100D0400F0EC02F1704700BFE0EC0201E0EC0211EC
:100D1400E0EC0221E0EC0231E0EC0241E0EC0251B3
:100D2400E0EC0261E0EC0271E0EC0281E0EC0291A3
:100D3400E0EC02A1E0EC02B1E0EC02C1E0EC02D193
:100D4400E0EC02E1E0EC02F1704700BFB0FC01818D
:100D5400B0FC0191B0FC01A1B0FC01B1704700BF2F
:100D6400A0FC0181A0FC0191A0FC01A1A0FC01B1A7
:100D7400704700BFEC4600B52DE900502DE9FF1F78
:100D84004FF000032DE90C0001A9FFF733FCDDF857
:100D940040E012B0704700BFEC4600B52DE90050AA
:100DA4002DE9FF1F4FF000032DE90C0001A9FFF707
:100DB40057FCDDF840E012B0704700BFEC4600B5C8
:100DC4002DE900502DE9FF1F4FF000032DE90C0021
:100DD40001A9FFF765FCDDF840E012B0704700BFE1
:100DE400EC4600B52DE900502DE9FF1F4FF000033C
:100DF4002DE90C0001ABFFF72AFCDDF840E012B04E
:100E0400704700BFEC4600B52DE900502DE9FF1FE7
:100E14004FF000032DE90C0001AAFFF797FCDDF861
:100E240040E012B0704700BF704700BF10F8012BBC
:100E340011F8013B012A28BF9A42F7D0D01A704713
:100E4400034613F8012B002AFBD1181A0138704706
:100E5400034611F8012B03F8012B002AF9D170473E
:100E64002DE9F04786468C460846089E154674468A
:100E74001946002B40F0C1808542B2FA82F245D96E
:100E84004AB1C2F1200300FA02FC954094402EFAC4
:100E940003F343EA0C0C4FEA154EA8B2230CBCFB37
:100EA400FEF80EFB18CC08FB00F943EA0C43994505
:100EB40028D9EB1808F1FF3704D2994502D9A8F1D3
:100EC40002072B44A3EB0903A4B2B3FBFEFC0EFB05
:100ED4001C330CFB00F044EA0344A04214D92C193F
:100EE4000CF1FF3304D2A04202D9ACF102032C442A
:100EF400241A43EA07401EB1D440002334607360CF
:100F0400BDE8F0874746DDE76346F1E792BB431B44
:100F140001214FEA154EAFB2200CB3FBFEFC0EFBD1
:100F24001C330CFB07F840EA0343984561D9EB18DE
:100F34000CF1FF3004D2984502D9ACF102002B44E5
:100F4400A3EB0803A4B2B3FBFEFC0EFB1C330CFBA7
:100F540007F744EA0344A7424DD92C190CF1FF3397
:100F640004D2A74202D9ACF102032C44E41B43EAA5
:100F74000040C0E7C2F120039540944020FA03F1F9
:100F84002EFA03F34FEA154E9040AFB20343B1FB80
:100F9400FEFC0EFB1C10190C0CFB07F841EA004187
:100FA400884522D969180CF1FF3004D2884502D94A
:100FB400ACF102002944A1EB08019BB2B1FBFEFC99
:100FC4000EFB1C110CFB07F743EA01439F420ED9A9
:100FD400EB180CF1FF3104D29F4202D9ACF10201AB
:100FE4002B44DB1B41EA004193E76046E3E761469B
:100FF400F7E76046A4E76346B8E7834206D916B923
:10100400002108467CE7C6E900E0F9E7B3FA83F774
:101014008FB9834201D3724508D8BEEB020460EB5A
:10102400030301209C461EB9002169E73846FAE70C
:10103400C6E9004CF8E7C7F1200CBB400EFA07F5EF
:1010440022FA0CF42EFA0CF1BA401C4320FA0CF3E9
:10105400B8404FEA144901431FFA84FEB3FBF9F880
:1010640009FB18300B0C08FB0EFA43EA00439A45BF
:1010740040D9E31808F1FF3004D29A4502D9A8F107
:1010840002002344A3EB0A0389B2B3FBF9F809FB7A
:10109400183308FB0EFE41EA03418E452CD9611832
:1010A40008F1FF3304D28E4502D9A8F1020321448A
:1010B40043EA0040A1EB0E01A0FB02984145CE4655
:1010C400434602D306D14D4504D20138B9EB020E92
:1010D40068EB0403002EA7D0B5EB0E0261EB03010D
:1010E40001FA0CFC22FA07F3F9404CEA0303C6E9BF
:1010F400003199E74046C5E74346D9E7027A0346FB
:101104007AB9427A82B1013A42724268111D126878
:101114000260032241601A721A68100E12021A60E9
:101124007047013AD2B2F6E7B02070471FB503AB5F
:101134000C22009300231946FFF7C0FA039805B068
:101144005DF804FBF2E72DE9F043054685B00E4651
:101154004FF000083046FFF7D1FFB028044615D100
:10116400B8F1000F0ED103AC43460E224146284687
:101174000094FFF7A3FA43460F2241462846009401
:10118400FFF7C0FA002005B0BDE8F08302061DD4C5
:101194004FEA8009002303AF0D225FFA89F919464B
:1011A40028460097FFF78AFA09F10409039B14F013
:1011B400400F14BFA3EB09034B4403930023009790
:1011C4000D2219462846FFF79DFAC3E700F0F00305
:1011D400802B18D104023046FFF790FF0443B4F586
:1011E400004F01D10920CEE7240100232846A2B2F2
:1011F4001946FFF70FFC0028F4D114F4004F18BF70
:101204004FF00108A6E7902B0DD100F00D030D2B34
:10121400E8D003AF002300F00F02284619460097D8
:10122400FFF74CFACAE7A02B13D1C3434FF47F62F4
:1012340003F007031A41030702F47F6201D542F465
:101244008042002319462846FFF7E4FB002881D09A
:10125400C8E7B02B46D1B12808D13046FFF74EFF7E
:10126400431E0246DBB20E2BEBD9BBE7B22820D1DA
:10127400002303AC0D222846194600940227FFF7E9
:101284001DFA3046FFF73AFF00F07F0110F08003AB
:10129400039A01FA07F105D102F5017200940A4498
:1012A40003928DE70A44304607370392FFF726FF7F
:1012B400EAE7B3280BD13046FFF720FF01230203EE
:1012C40000F00F0002F4702201300243BAE700F08C
:1012D400FC03B42B86D000F007020123013242F450
:1012E4000022AFE7C02B44D1C6280AD13046FFF70D
:1012F40005FF0323020300F00F0002F47022013003
:10130400E3E7C7280BD13046FFF7F8FE431E024639
:10131400DBB20E2B3FF666AF0023042193E700F007
:10132400F803C02B06D100F00F020323013242F46C
:10133400202287E7C8280DD13046FFF7DFFE00F0F2
:10134400F00200F00F0005231032013040EA0232AF
:10135400012178E7C9287FF445AF3046FFF7CEFE78
:101364000523020300F00F0002F47022013002434F
:10137400EEE700F0F803D02B7FF434AF00F007025F
:101384000523013242F40022E2E71FB50346084672
:10139400DA6C53680832190202921B0E032201917F
:1013A40001A98DF80C208DF80D30FFF7CCFE05B0A7
:1013B4005DF804FB08B5FFF7C5FE806C08BD08B5F1
:1013C400FFF7C0FEC06CC379023300EB830008BD95
:1013D40010B5074812F0C5FB064C204615F0D4FCA6
:1013E400054812F0BEFB204615F0CEFC10BD00BF30
:1013F4002013020020A1070018130200012800D0C6
:1014040070474FF6FF739942FAD110B5044C204649
:1014140006F0BEFE034A0449204613F0C4FE10BD84
:10142400500C0020540C0020E582000010B5074C3D
:1014340000220023204605F003FDA368DBB2044A22
:101444000321044813F0ADFD10BD00BF8802002045
:1014540008120200A80E020010B5064C204605F042
:10146400ABFCA368DBB2044A0321044813F099FDE2
:1014740010BD00BF8802002028120200A80E02003E
:101484002DE9F04186B000AF43E00346424A012112
:10149400424813F086FD50E06FF0004071E0404B8D
:1014A4003B61002509E0AB0003F1140118333B4410
:1014B40053F8083C4CF801300135002DF3D064E0BA
:1014C400C7F810807E61002109E08B0003F1180544
:1014D4002B463B4453F8083C4CF8053001310129B4
:1014E400F3D955E06FF01B0332B1002139610421B7
:1014F40039743869CCF810000021032060F3881196
:10150400C3F30A0363F353210023244801F084FA4C
:10151400A54603F001F803F00DF802F09FFCC7E9BB
:101524000001FFF783FF4FF0FF324FF0FF331D49F7
:101534001D4805F07DFA0028A7D11A4B1A6801321C
:101544001A605A6801325A609A6801329A60FFF749
:1015540083FF02F083FCC7E9020107F10801384662
:1015640013F0A1FE13F0A8FE80460E4644F6206058
:1015740012F001FB6C4688B0EC461CF110028BD0D3
:1015840010202AB18646042889DCBEF1080F97DCB6
:101594000F28A7DD1023A7E748120200A80E0200B7
:1015A4006C120200000000204C0200202DE9F043E0
:1015B40089B000AF8FE00346864A0121864813F0C4
:1015C400F0FCB4E06FF0004CBFE0844BBB6000263D
:1015D40009E0B30003F1140E20333B4453F8183CE4
:1015E40044F80E300136002EF3D0B4E0B860F96050
:1015F400002108E08B0003F1180020333B4453F82A
:10160400183C235001310129F4D9A8E06FF01B03E1
:10161400AAE06FF0004CC8E07149B9604FF0000EC9
:101624000BE04FEA8E0101F114082031394451F8DE
:10163400181C43F808100EF1010EBEF1000FF0D093
:10164400B9E0C7F808904FF0000E0BE04FEA8E01A6
:1016540001F118082031394451F8181C43F80810D6
:101664000EF1010EBEF1000FF0D0A7E0BE6000261F
:1016740009E0B10001F11C0E2031394451F8181C65
:1016840043F80E100136002EF3D09AE0BD6000201E
:1016940008E0810001F120052946394451F8181C5D
:1016A400595101300028F4D08EE06FF01B052AB1A7
:1016B4000021B96005213972B8681861002103233B
:1016C40063F38811C5F30A0565F3532100234248E7
:1016D40001F0A2F9A54615F04EFE4A0142EAD06295
:1016E40043011B1A62EB0102920042EA93729B00CF
:1016F4001B1842EB0102D20042EA5372C3F31033C7
:1017040043EA4243D20B3B607A60FFF78FFE00232B
:101714007B61BB61FB614FF0FF324FF0FF3307F198
:101724001401304805F0F0F900287FF444AFFFF7C6
:1017340093FE384612F035FA6D4688B06C4614F1C3
:1017440010023FF43FAF4FF0100C42B1E046BCF141
:10175400040F3FF73AAFB8F1080F3FF747AFBCF1BA
:101764000F0F7FF753AF10232AB10021B960042172
:101774003972B86820610021032060F38811C3F333
:101784000A0363F353210023134801F045F9AD46DE
:10179400D7F81490BE69FD696C468AB06B4613F1A4
:1017A40010023FF436AF4FF0140C6AB16046BCF13E
:1017B400040F3FF731AF08283FF743AF0C283FF73A
:1017C40055AF10283FF762AFBCF1130F7FF76DAF31
:1017D40014256CE790120200A80E0200B412020055
:1017E400D81202004C02002000B583B000F018F8B3
:1017F40000F02AF800F062F800F06AF84FF4803242
:101804000023CDE900234FF480420023034806F06F
:10181400B7FA002003B05DF804FB00BFB00100205C
:1018240008B5064B186815F0B5FA00B108BD044AAE
:101834000321044813F0ABFBF8E700BF0C000020C1
:1018440028130200B00E020008B5154815F0A2FADC
:1018540078B14FF4D011134812F0F5F9002813DBD6
:101864004FF4D011104812F0EEF9002812DB0120D9
:1018740008BD0B4815F08EFA0028EAD10B4A032163
:101884000B4813F084FBE4E70A4A0321084813F0E9
:101894007EFBE5E7084A0321054813F078FBE6E7F9
:1018A400340B020090130200881302004413020058
:1018B400A00E0200581302006C13020008B50022A7
:1018C4000621024812F0DAF908BD00BF340B020009
:1018D40008B500220721024812F0D0F908BD00BF64
:1018E400340B02002DE9F04F91B005920293134698
:1018F40002F004020092C3F3C20210F00303019346
:1019040040F02B8280468A460132041D00284FD0C5
:10191400B8F1000F05D0A4EB08030433534500F2DB
:101924001F82029B5D1E019B049306930393002672
:101934004FF0FF3B0427B946B8F1000F01D0029BDA
:101944002360531E0793002A40F35D81059B13F027
:10195400020228D00120A4EB08018B081AB1B1F5CA
:10196400007F80F0038203990F2900F20282B8F10C
:10197400000F00F06081DBB201F140026A4402F81A
:10198400103C02F820BC002800F0518163F07F0372
:1019940001F140026A4402F8103C049B01330493B1
:1019A400039B0133039304340022CC4640463DE0BC
:1019B40001F0070A5444CAF1080AA9E7002634E0F2
:1019C400002632E0002630E00827BC462DE0252919
:1019D4002BD10BF1010B01260427BC4625E0472936
:1019E400EED82A2914D32A39C9B24FF0010E0EFABF
:1019F40001F14FF6DA7E11EA0E0F16D111F0625F93
:101A040040F0C08011F0010F40F08C8000260CE003
:101A1400252903D10BF1FF3B002606E001D900265E
:101A240003E0202901D02329CCD11D466B1C697801
:101A3400002900F01981002EC9D07A29BED84C297A
:101A4400CDD34C392E2961D80FF2040E5EF821F063
:101A54002F1A0000111B0000111B0000111B0000B5
:101A6400111B0000111B0000111B0000111B0000C2
:101A7400111B0000111B0000111B0000111B0000B2
:101A8400211B0000111B0000111B0000111B000092
:101A9400111B0000111B0000111B0000111B000092
:101AA400111B0000891B0000111B0000211B0000FA
:101AB400211B0000891B0000891B0000891B0000FA
:101AC4002F1A0000211B0000CD190000111B00007B
:101AD4002F1A0000111B0000E51B0000211B000051
:101AE400E51B0000111B0000111B0000ED1B000092
:101AF4001B1B0000211B0000111B0000111B000018
:101B0400211B0000111B0000151B000000268CE7A0
:101B14000427BC4689E70427BC4686E729786C2954
:101B240024D000263C44013CB4FBF7F407FB04F446
:101B340020B1211A6144514500F21581002A58D17F
:101B4400BCF1040F00F08880BCF1080F40F0148150
:101B54001A99073121F0070101F108051A95D1E915
:101B6400008908B1C4E9008908345EE713F8021C4F
:101B74006C2903D000260427BC46D3E70026082797
:101B8400BC46CFE729784C291AD01A99073121F09D
:101B9400070101F108061A96D1E90067073424F019
:101BA400070440B1211A0831514513D829784C292A
:101BB40013D0C4E90067083400260827BC4634E77C
:101BC4001A99073121F0070101F108061A96D1E9A3
:101BD4000067E3E76FF01B00BCE0C4E90067EAE7D5
:101BE40000260427BC469DE7324600260427BC464F
:101BF40098E7E14680461A9A111D1A9112680292DA
:101C0400079A1D4698E6624B029A9A4204D3614BA6
:101C14009A420AD3002300E00023002B7FF496AEFF
:101C2400059B03F00202002095E60123F5E7069BDD
:101C340001330693B4E610B10AF1010AB0E6009B41
:101C440013B10AF1020AABE60298FFF7F9F80AEBBE
:101C5400000303F1020AA3E61A990D1D1A950968F7
:101C640000B121600434E0E68046231AB3F5806FA6
:101C740080F0858090B1002202609B080370009B75
:101C840083B1069BC370049B88F802301BBB019D83
:101C9400DDF80C90DDF810B0029F3DE05344A3F151
:101CA400080057E0069B4370EDE701339842EED9F4
:101CB40003F140026A4412F8101C12F9102C002A95
:101CC400F3DA01F07F01A4EB08020132524559D83E
:101CD40004F8011BE9E7019B0398E7E7009B43B382
:101CE40005F140036B4413F8203C04F8013B019ECA
:101CF400A4EB080333440133534546D805F14003AC
:101D04006B4413F8103C04F8013B32463946204634
:101D14001CF003FD34440135A94519D9BBF1000F6A
:101D2400DCD005F140036B4413F9103C002BD5DAE9
:101D3400F1E705F140036B4413F8103C58F82370A5
:101D4400002248F823203846FFF77AF8461CCFE7EC
:101D5400A4EB080011B0BDE8F08F6FF00D00F9E7B7
:101D64006FF01B00F6E76FF01B00F3E76FF0150050
:101D7400F0E76FF01500EDE76FF01500EAE76FF09C
:101D84001500E7E76FF01B00E4E76FF01B00E1E7E5
:101D9400B40A0200A44C02002DE9F04F97B000AF42
:101DA4008346BA613B61D7F88030C3F3C0033B621A
:101DB400F96011B912F007FBF8609BF80260B146B4
:101DC40036B1D7F8803013F0010F0DD1002300E0B5
:101DD40000239BF803207A6242B1D7F8802012F0E6
:101DE400020F22D1002202E00123F2E7002202B90D
:101DF400EBB19BF80050AA00BA60DBF804207A61CA
:101E04000BEB8505BA69F2B1002B40F00481B9F1FE
:101E1400000F00F00F81D7F8803013F0040F40F06A
:101E24000D810020F8610646F9E00122DFE7BB6975
:101E34001BB13A69F96858469847FC6820465C37F4
:101E4400BD46BDE8F08FFC68E3B94D4400233B6117
:101E540023E00444013501364E451AD22A78002382
:101E64005BF822201946B86912F0C2FABAF1000FE1
:101E7400EFD0D7F888309845EBD22AF8180008F14B
:101E84000108E6E70026C7F81C80B046D7F884A00E
:101E9400E2E7C7F81080D7F81C80D7F8803003F049
:101EA4000503FB604FF0000AA146C7F81CB09CE094
:101EB40000253B6A7BB9002D79D0D7F8803013F028
:101EC400010F79D1FB68002B6FD10223A9EB030921
:101ED40088E00125EDE75946786912F0CFFA002829
:101EE400E9D06C46002387F82C30022387F82D3084
:101EF4008AB0694611F1100237D012251AB1042DA7
:101F040001DDB34B4B61002387F82830022387F8A7
:101F140029306ABB112D45DD122362B1042087F8F4
:101F24002C00002087F82D0087F82E00012087F868
:101F34002F00F86A08616FF300086FF341086FF32C
:101F440082086FF3C508022161F38818C3F30A03FA
:101F540063F353286FF31F58002341469D4800F054
:101F64005BFDA546A9F102093CE06FF00045C5E719
:101F74002B46082D01DD786988610C2B01DDC1F841
:101F84001CB001F12003002009E000F1300C07F13E
:101F9400280EF4441CF830CC03F801CB013001289E
:101FA400F3D9B7E76FF01B03B7E701238EE7D7F840
:101FB400803013F0020F15D0002322461946B86969
:101FC40012F016FAD7F8843053B13B69D7F8882059
:101FD400934205D2D7F8842022F8130001333B61E1
:101FE400013881440AF1010A35467B6A9A4510D2C8
:101FF4002E4616F802BB6B78FA6952F82340764BEA
:102004009C42FFF455AF754B9C42FFF462AF002530
:102014004FE74C4612E707F144000023FB6118B177
:102024004A4629461CF079FB4D444FF00008C7F896
:1020340004901EE00020F8610646F0E7FE6107F117
:1020440034000026EBE700253B6A33BB002D3BD070
:10205400D7F8803013F0010F26D0731C06F130023C
:1020640007F12801561806F8149CDEB208F101089D
:1020740025467B6A98454AD22C4614F802AB95F85B
:1020840001905BF82930544A9342DCD3534A93427B
:1020940001D30025D8E70125D6E75146786912F027
:1020A400EDF90028D2D0E1E7D7F8803013F0040F1F
:1020B400DCD0FA69531C303207F128010A4402F8D3
:1020C400249CDBB2FB61D1E7D7F8803013F0020F18
:1020D40009D0731C06F1300207F12801561806F8DE
:1020E400149CDEB2C2E7F869431C00F1300107F129
:1020F40028028A1802F824AC02460232D2B2FA61EB
:1021040007F1580252FA83F303F8249CAEE7D7F898
:1021140004909BF8003087F854309BF80130334426
:1021240087F85530D7F8803013F0020F0ED1FB69D1
:10213400C3F3470387F85730D7F8803013F0010F03
:1021440006D113F0040F3ED1002302E00023F1E78F
:10215400002387F85630DBF800003863786DCBF83D
:102164000000D7F810804246B9685846D7F818A03E
:10217400D047041EFFF662AE386BCBF80000C7F8F8
:1021840010804246F96907F13400D04700285EDB2D
:1021940004EB0008B96849447B6A01EB4301D7F8B2
:1021A40010904A46FB68591A2846D047041EFFF689
:1021B40045AE08EB04054FF00008C7F824B0B34659
:1021C4005446CA4621E0FB69C3E74FF0000909E021
:1021D40098130200B80E0200B40A0200A44C0200D4
:1021E4004FF000095246012107F12C00A0470028B6
:1021F4002FDB05444B4632465146204612F0F8F890
:10220400002828DB054408F10108D84518D208F154
:10221400300307F12802134413F8143C87F82C30D8
:102224007A6A52F82360D7F88430002BCDD0D7F8DF
:1022340088309845D4D2D7F8843033F81890D1E751
:102244003A6900210846BB6998472C46F6E50446DE
:10225400F4E50446F2E50446F0E500BF014B1860DE
:10226400704700BF1000002080B505460E46174693
:10227400984605F03DFA03461CF060FD0446DFF87D
:10228400189049F80030424639463046A84754F879
:10229400090001F09FFC00BF080000002DE9F04395
:1022A40083B0044608461546A38B13F0080F05D1E6
:1022B40003F0070600230093019354E0012909D099
:1022C40043F02003A38385F31188BFF36F8F03B01A
:1022D400BDE8F08343F01003A383F4E7204612F033
:1022E40030FC42E0D4F818904A466946204612F081
:1022F40041FC4FF00008A38B03F00707B74269D0F5
:10230400A268002A66D0012243F00803A38385F360
:102314001188BFF36F8F002A64D1009B2BB14B4609
:102324003A466946204612F09EFCB8F1000F02D0EE
:1023340034492046C047EFF31185202383F31288E4
:10234400BFF36F8FA38B23F00803A383A38B13F036
:10235400100F4DD023F01003A3830120A68B06F0A9
:1023640007060028AFD00228B8D00028ABD0013827
:1023740004282BD801A353F820F000BFE922000061
:10238400D123000095230000A9230000BD230000F1
:102394002369D3F800800621204612F0A8FB4FF0F1
:1023A4000009A8E72369D3F804800421204612F029
:1023B4009EFB4FF000099EE72369D3F808800521AE
:1023C400204612F094FB4FF0000994E74FF0000808
:1023D400C14690E7009A0AB1002295E7B8F1000FD0
:1023E40092D1B3E74A463946204612F088FB94E777
:1023F40013F0200F04D023F02003A3830220ADE7C1
:102404000020ABE7994C010038B505460B4C00E0C1
:1024140010340B4B9C420FD263685B79002BF7D0CE
:102424002946204612F000FD0028F1D023681B68DD
:10243400294620469847EBE738BD00BF000F02004D
:10244400100F020070B506460D46084C04E02A46FB
:102454003146204698471034054B9C4204D22368E9
:102464009B69002BF3D1F6E770BD00BF000F02009B
:10247400100F02002DE9F041074605460AE007EA7D
:102484000807144B03EB06135B6804221968204603
:1024940012F014FDD5B195FAA5F6B6FA86F60D4CF0
:1024A40004EB06140123B3406FEA030825EA03058D
:1024B400237B002BEED03301064AD3581B69002B33
:1024C400DDD0204698470028E4D1D8E73846BDE857
:1024D400F08100BF000F02002DE9F04180460F4655
:1024E4001D4BD3E8EF5F6A1CC3E8E12F0029F8D144
:1024F4006DBB1A4C002607E0636804221968204665
:1025040012F0DCFC01361034154B9C4211D2237BB3
:10251400002BF7D0204612F07BFC23681B69002BAC
:10252400EAD0204698470028E6D00123B3401D4353
:10253400E8E7B8F1000F0BD055B12846FFF79AFF32
:102544000546002FF8D00A2012F074FCF4E70025A9
:102554002846BDE8F08100BF6C0C0020000F02008B
:10256400100F020008B5064B186018B1054B1B6824
:10257400092B00DC08BD044804F01EFCFAE700BF88
:10258400600C0020680C00207802002008B5024886
:1025940004F012FC08BD00BF7802002030B589B0F9
:1025A40000220F490F4814F0F5FE0F4D00220023BE
:1025B400CDE90623002404940E230393029401948A
:1025C40000940A4B4FF440720949284614F004FD64
:1025D4000849284604F06AFC204609B030BD00BF13
:1025E40091250000B0080020F803002045290000D0
:1025F400A827002050140200014B53F82000704714
:102604006C14020048B108B5054A1060054B196006
:10261400084600F0F5FC002008BD6FF01500704777
:10262400140000205C0C002008B5054B1B781BB17E
:10263400034B01221A7008BD024804F0BDFBF7E702
:10264400781F00207802002008B50C4BD3E8EF1F58
:102654000131C3E8E21F002AF8D130B9084814F068
:10266400A5FE084804F0A8FB08BD074BD3E8EF1FFC
:102674000139C3E8E21F002AF0D0F7E7640C002018
:10268400B008002078020020680C0020044B0020D1
:102694000146D3E8EF0FC3E8E21F002AF9D17047DF
:1026A400640C002038B5FFF7F1FF0546094C00E043
:1026B4001034094B9C420BD263685B79002BF7D032
:1026C40023685B68002BF3D0294620469847EFE740
:1026D40038BD00BF000F0200100F0200034B186842
:1026E4000028D4BF00200120704700BF640C0020E4
:1026F40010B5044C0449204612F054F8034B1C60F6
:1027040010BD00BF7001002058140200580C0020B6
:1027140008B500230C4A13700C4A13600C4A13606A
:102724004FF400410B48FFF76DFFFFF7E1FF0A4A42
:1027340006E0094BD31A1B11013351680B71103297
:10274400064B9A42F5D308BD791F0020640C002083
:10275400680C0020314E0100000F0200100F02002F
:1027640008B50146014812F07BFB08BD700100204A
:1027740008B5024812F0F9F808BD00BF7001002046
:1027840008B50146024B186812F070FB08BD00BF83
:10279400580C002008B5024812F06CFB08BD00BFBD
:1027A4007001002010B582B000220023CDE900237F
:1027B400264B187808B902B010BD684612F072FBB7
:1027C400044660B1FFF720FE2046FFF7D9FF204BF7
:1027D400D3E8EF1F0139C3E8E21F002AF8D1FFF75D
:1027E4007DFF58B91B4A1368516813F57A7341F198
:1027F400000113605160FFF7CDFFDCE714F0BBFD6F
:102804004A0142EAD06243011B1A62EB01029200C0
:1028140042EA93729B001B1842EB0102D20042EA87
:102824005372C3F3103343EA4243D20B094801689D
:1028340040685B1A62EB000240F2E9318B4272F1AC
:102844000002CFD3FFF72EFFCCE700BF781F002094
:10285400680C0020A80800200F4B1B7803B17047B8
:1028640010B500210120FFF737FE0C4C00E01034B6
:102874000B4B9C4208D263685B79002BF7D023682A
:102884009B6820469847F2E7FFF78CFF0028FBD1AE
:10289400014B01221A7010BD791F0020000F0200A5
:1028A400100F020010B582B0184BD3E8EF2F511C63
:1028B400C3E8E01F0028F8D1154B1B7863B9154B0A
:1028C4001B68B3B1BAB1092A13D1134814F06EFDD1
:1028D400124804F071FA0CE0EFF31184202383F31F
:1028E4001288BFF36F8FFFF75DFF84F31188BFF386
:1028F4006F8F02B010BD00220023CDE900234FF4F6
:1029040000420023044805F03BFAF2E7680C00207B
:10291400791F0020600C0020B008002078020020FD
:1029240010B50446044B1B689847A0602146034831
:1029340012F0BCFA10BD00BF14000020700100208A
:102944002DE9F04100210846FFF7C6FD804650B14D
:1029540040F2676600271CF0F1F9154B1858FFF791
:1029640001FE002515E04FF0FF364FF0FF37F2E788
:102974004046FFF77FFD804670B94FF0FF364FF0B9
:10298400FF3709E02C4632463B460A4804F058FA21
:102994002546B8F1000FEBD1FFF704FF04460028E9
:1029A400F6D1002DEED000210846FFF74BFDEAE7F3
:1029B40008000000780200200248034BC01AC00837
:1029C400704700BF000F0200A00E020010B50C46B5
:1029D400FFF7F2FFA04203D9024B53F8340010BDB5
:1029E4000020FCE7A00E020000B589B00592069312
:1029F4000023079362B1074A0C9B02930B9B01933C
:102A04000A9B009305ABFFF7C7F909B05DF804FB17
:102A14000022F1E7D74E01002DE9F04F8BB004AF4F
:102A240005461E468846C1F34A24002C00F08980DE
:102A340091460022FA603A617A6104230293FB18FA
:102A440001930A23009307F10C0321464846FFF73C
:102A5400A3F9B0F5006F58D3D9F804106D460023DC
:102A64003B7302237B738AB004AC14F1100217D0B9
:102A740012201AB1042801DD3B4B636100233B7033
:102A840002237B70CAB10346082800DDA1610C2B28
:102A940002DD40F2FF73E36104F1200300210AE048
:102AA4006FF00040E5E701F118063E4416F8186C93
:102AB40003F8016B01310129F5D9112822DD122314
:102AC40042B10421397300217973B9730121F97377
:102AD400F868206100216FF300016FF341016FF387
:102AE40082016FF3C501022060F38811C3F30A0366
:102AF40063F353210023C1F313011C4812F05CFA61
:102B0400AD462DE06FF01B03DAE760F35328C0F302
:102B14000A0A0AEB1850173020F007008008FFF764
:102B24001FFE8346B0B104230293FB1801930A23CA
:102B34000093534600F1100221464846FFF754FF24
:102B440008E004EB1154173424F00704A008FFF73D
:102B540007FE8346334642462946584612F0CFF9CB
:102B64001C37BD46BDE8F08F8C140200C80E02006D
:102B74002DE9F04F85B080460D4617461E46DDF818
:102B840038B0DDF84090B9F1000F41D0119B0393A8
:102B940000934B460F9A10210020FEF7A3FEB0F5D8
:102BA400006F2DD282460BEB0003173323F007038B
:102BB40000246FF300046FF341046FF3820468F39D
:102BC400C50467F3881460F353246BF31F54980807
:102BD400FFF7C6FD074650B11030B9F1000F06D01B
:102BE400119B00934B460F9A5146FEF77BFE3346EA
:102BF40022462946384612F082F905B0BDE8F08F26
:102C040040F2FF73034A0221034812F0CAF9F4E7C1
:102C14000020C7E7CC140200C80E0200406820B1AF
:102C2400034BC01A40F3CF0070474FF0FF3070479A
:102C3400A00E02000EB400B582B0014603AB53F8F7
:102C4400042B0193034801F0FBFA02B05DF804EB96
:102C540003B07047F34F010010B584B011F0440F76
:102C640005D01A4B1B6833B9002004B010BD1849B5
:102C7400FFF7E0FFF9E717490968B2FBF1F2B2FB8D
:102C8400F3FC03FB1C224FF47A7E0EFB02F2B2FB30
:102C9400F3F403FB14210EFB01F1B1FBF3F10E4A33
:102CA400A2FB0C32D20A4FF4616303FB12CC0B4B30
:102CB400A3FB0CE35B0902910194C3EB0311ACEB9E
:102CC400810100910649FFF7B5FFCEE7740C00209F
:102CD40004150200700C0020C5B3A291898888886D
:102CE4001015020061B108B52AB1064A52F8232032
:102CF40012B9054A00E0044A0449FFF79BFF08BDE6
:102D0400704700BFB01502002C15020034150200F4
:102D14002DE9F04105461746069EDDF81C8081B971
:102D240000242EB1324611492846FFF783FF04449C
:102D3400B8F1000F14D06FB1099B042B13D00C49C8
:102D440009E00C4B099A53F822200B49FFF772FF54
:102D54000446E6E7064942462846FFF76BFF04446B
:102D64002046BDE8F0810549F5E700BF4C15020097
:102D74003C150200C4150200441502003815020077
:102D84002DE9F04F87B005460C46049205939DF853
:102D94004C7001F0020B01F0010AC1F3C00801F408
:102DA400807912F089F818B3024616492846FFF7CD
:102DB40041FF0646BBF1000F1CD13A465146284656
:102DC40012F03CF9B9F1000F01D0002311930397DD
:102DD400129B0293119B0193109B00930023049A6E
:102DE40041462846FFF794FF304407B0BDE8F08F12
:102DF4000026DFE7059A21462846FFF72DFF064403
:102E0400DBE700BF5015020011F0100F0BD108B51D
:102E140011F0200F03D00449FFF70CFF08BD03494C
:102E2400FFF708FFFAE77047901602003C1F020004
:102E34002DE9F04105460F46164698460699FFF7D8
:102E4400E3FF0024444505DA24492846FFF7F2FE4F
:102E54000134F7E7002409E020492846FFF7EAFE99
:102E64000BE01F492846FFF7E5FE01340F2C0CDC6C
:102E7400002C02DD14F0070FEED0B442F1D23A5D1B
:102E840018492846FFF7D6FEEFE717492846FFF70B
:102E9400D1FE002409E011492846FFF7CBFE0BE0E0
:102EA40012492846FFF7C6FE01340F2C13DC002C10
:102EB40002DD14F0070FEED0B44207D23A5D0C4B9A
:102EC4009B5C13F0970FEBD12E22E9E703492846C8
:102ED400FFF7B0FEE8E7BDE8F08100BF4815020047
:102EE4005C1502005415020060150200641502000E
:102EF4003A4202002DE9F04184B004469DF82C507A
:102F04000C9F0E9E95B9012B1ED019484FF0000856
:102F140027B13B462246174911F080FAC6B905BBD2
:102F2400204612F04DF804B0BDE8F08103950A98EC
:102F34000290019300920B4600220F992046FFF75E
:102F44001FFF80460C48E3E70B484FF00008DFE71B
:102F54000F9B0093434632460D99204612F086F8A3
:102F6400DDE72A460F99204612F074F8D8E700BF2F
:102F74002350010045420000F34F01002DE9F043C6
:102F840083B00646056842F20F738B4228BF0B4696
:102F9400184A052168460FF075FA04467368D3F899
:102FA40004900B27DFF8508005E04A463946404636
:102FB400A8473F1A8044002FF7D17368D3F80480E0
:102FC4006F4605E0424621463846A847241A07447E
:102FD400002CF7D173685F681B24084E05E03A465D
:102FE40021463046A847241A0644002CF7D103B0E2
:102FF400BDE8F083C81702008415020068150200BA
:10300400074B01221A6004E04008054A13685B007C
:103014001360044B9842F7D8034B1860704700BF05
:10302400700C002040420F00740C002070B506465E
:103034000D46002405E0315D04488368DB69984748
:103044000134AC42F7D3284670BD00BF740B0200B4
:10305400014B0360002070472C16020008B503489A
:1030640011F039FA024811F036FA08BD2C160200A4
:103074006416020008B5024804F024FF08BD00BF2E
:1030840094160200B0F5680F17D00CD840F6BA6356
:10309400984214D0B0F5683F13D03A2801D00120EB
:1030A400704700207047094B98420CD0084B984257
:1030B40001D0012070470020704700207047002095
:1030C4007047002070470020704700BF3A00003A64
:1030D4002C5F5CA928B308B54368B3F5683F0AD0F0
:1030E400B3F5680F14D012498B421FD0006803F067
:1030F4000DFE002014E003680022D3E8EF1F01292D
:1031040003D1C3E8E02F0028F7D10DD1104607E022
:1031140003681B7803F580730020064A42F82300F5
:1031240008BD6FF4E04070470348F9E70348F7E748
:103134002C5F5CA900000350E98FFFFFEA8FFFFFBB
:1031440088B308B54368B3F5683F0FD0B3F5680F8B
:1031540019D016498B4224D000684FF0FF324FF04B
:10316400FF3303F053FD68B111480BE003680122FB
:10317400D3E8EF1F002903D1C3E8E02F0028F7D1DB
:103184000BD1002008BD03681B7803F58073094A3E
:1031940052F823301BB90020F4E70548F2E704484D
:1031A400F0E70548EEE76FF4E04070472C5F5CA958
:1031B400E98FFFFF00000350EA8FFFFF10B50446BC
:1031C400A8B16368B3F5683F10D0B3F5680F0DD0AC
:1031D4000D4A93420AD013F4686F0DD021680B484E
:1031E40013F03BFE00232360074B636010BD084BC4
:1031F4005B6808489847E4E7236800221A605A602D
:103204009A60DA601A61EFE72C5F5CA9A0110020D4
:10321400A00000209C16020010B5044668B3606844
:10322400B0F5683F28D0B0F5680F25D0174B984209
:1032340028D0FFF727FFC0B14FF0FF324FF0FF3324
:103244002146134803F0C2FB08B923681BB9114B8C
:103254005B6811489847236800221A605A609A6094
:10326400DA601A614FF468636360206813F076FED5
:10327400636843F03A03636010BD064B5B6807481C
:103284009847CCE72368002BD3D1D5E72C5F5CA902
:10329400A0110020A0000020C41602009C16020009
:1032A40008B5402314220449044813F0C7FD044917
:1032B400044804F079FE08BDA00C0020A0110020F1
:1032C400F4160200081702002DE9F04182B000AFA5
:1032D4000446D0F800E0D0F804C085686E468AB091
:1032E4006B4613F1100200F0888014218AB108465D
:1032F400042903DDDFF81C81C3F81480082801DDEC
:10330400C3F818E00C2801DDC3F81CC0102800DD48
:103314001D62132974DD14253AB105213971002188
:103324007971B971F9717868186100216FF300013E
:103334006FF341016FF382016FF3C501012363F35E
:103344008811C5F30A0565F353216FF31F51002358
:103354003148FFF761FBB546D4F80CC026696569AE
:10336400E8468AB06B4613F110024CD0142182B1A6
:103374000846042903DDDFF8A4E0C3F814E00828B4
:1033840001DDC3F818C00C2800DDDE61102800DD63
:103394001D6213293ADD14253AB105213971002142
:1033A4007971B971F9717868186100216FF30001BE
:1033B4006FF341016FF382016FF3C501012666F3D8
:1033C4008811C5F30A0565F353216FF31F51124D9C
:1033D40000232846FFF720FBC546E369104A31461F
:1033E400284611F0DEFDA3690E4A3146284611F045
:1033F400D8FD0837BD46BDE8F0816FF0004175E7A0
:103404006FF01B0588E76FF00041B0E76FF01B0514
:10341400C2E700BF18170200E80E020048170200B6
:10342400781702008817020038B504460D4611B11A
:103434000846FFF749FF012C04D02946204603F033
:1034440053F838BDEFF30583103B034A01210348C9
:1034540011F0A7FDF1E700BFB8170200E80E020063
:1034640030BFFFF7FDBF00BF38B50446054D2A46FF
:1034740005491BF052F9054A002160191BF074F943
:1034840038BD00BF00000000540F02000800000017
:1034940070B50646064D074B1D444C1B2046FFF7EE
:1034A400E3FF083CC6F8A44005F1080070BD00BF66
:1034B4000000000008000000054B5A699B689A420E
:1034C40004D0044A536843F080535360704700BFEC
:1034D400C413002000ED00E081690D4B5A6942F4E9
:1034E40080725A61BFF34F8FBFF36F8F31F8021CA4
:1034F4005A6922F480725A61BFF34F8FBFF36F8F02
:103504004DF60273994201D00020704701207047A4
:1035140000ED00E04FF0000C83F800C002F07F4C97
:10352400BCF17F4F14D102F00C0CBCF1080F04D095
:1035340012F0080F09D00846704708B5054A012162
:10354400054811F024FD002008BD01221A707047BF
:1035540000207047CC170200E80E020008B5314A7B
:103564000121314811F013FD304B9B6A13F0007FA9
:1035740026D11D202D4B9B6A13F0807F27D12B4B26
:103584009B6A13F4801F29D1284B9B6A13F4002FE4
:103594002BD1264B9B6A13F4802F2DD1234B9B6A8E
:1035A40013F4003F2FD1214B9B6A13F4803F31D198
:1035B4001E4A936A6FEA03436FEA1343936208BD9A
:1035C4001B4A0121184811F0E2FC1E20D2E7194AD7
:1035D4000121154811F0DBFC1F20D0E7164A012118
:1035E400114811F0D4FC0220CEE7144A01210E4800
:1035F40011F0CDFC2120CCE7114A01210A4811F039
:10360400C6FC2220CAE70F4A0121074811F0BFFC7B
:103614002320C8E70C4A0121034811F0B8FC2420F8
:10362400C6E700BFF8170200E80E020000ED00E054
:103634001018020024180200401802006C1802003E
:103644008C180200B4180200D018020008B5002338
:103654000B70034A0121034811F099FC08BD00BF17
:10366400FC180200E80E020090B583B000AF0F29E9
:1036740023DC2F4C103900233B7102237B718AB069
:10368400EC461CF110021AD0122022B1042802DDEB
:10369400284BCCF8143000233B7002237B70E2B13A
:1036A4000346082801DDCCF818400C2B01DDCCF8CA
:1036B4001C100CF1200300210DE01F4CDAE76FF021
:1036C4000040E2E701F1080404EB070E1EF808ECE1
:1036D40003F801EB01310129F4D9112824DD122367
:1036E4004AB10421397100217971B9710121F9714B
:1036F4007868CCF8100000216FF300016FF34101EA
:103704006FF382016FF3C501012060F38811C3F3E5
:103714000A0363F353216FF31F5100230748FFF794
:103724007BF90C37BD4690BD6FF01B03D8E700BF93
:10373400201902005419020038190200E80E020090
:10374400F8B505460F461446394A0121394811F0A7
:103754001EFC394B9B6A13F0100F31D11026364BE7
:103764009B6A13F0080F32D1334B9B6A13F0020F9C
:1037740034D1314B9B6A13F0010F4BD12E4B9B6A12
:1037840013F0200F4DD12C4B9B6A13F0100F01D175
:10379400294B9B6A284B9B6A13F0200F04D0264ABE
:1037A400536A23F400535362234A936A43F0FF039A
:1037B40093620121284611F0FDFC20703046F8BDCB
:1037C4001E4A01211B4811F0E2FB1126C7E71C4ADF
:1037D4000121184811F0DBFB1226C5E7194A012123
:1037E400144811F0D4FB144A536B926A12F0800F00
:1037F40001D11326BDE7144A01210E4811F0D1FB73
:1038040037B10D4A936A23F0800393621326B0E71D
:103814001326AEE70D4A0121064811F0B8FB142621
:10382400ACE70B4A0121034811F0B1FB1526AAE7C6
:1038340068190200E80E020000ED00E080190200A1
:10384400B4190200C8190200E0190200F8190200B4
:10385400181A0200F8B505460F461446374A0121E6
:10386400374811F094FB374B9B6A13F4805F25D1E2
:103874001626344B9B6A13F4006F26D1314B9B6A96
:1038840013F4007F28D12F4B9B6A13F4806F3FD130
:103894002C4B9B6A13F4807F41D12A4B9B6A13F40F
:1038A400005F43D1274A936A43F47F439362012123
:1038B400284611F07FFC20703046F8BD224A0121D1
:1038C4001F4811F064FB1726D3E7204A01211C4846
:1038D40011F05DFB1826D1E71D4A0121184811F0AB
:1038E40056FB184A936B926A12F4004F01D11926C1
:1038F400C9E7184A0121124811F053FB37B1114AA4
:10390400936A23F4004393621926BCE71926BAE7A5
:10391400114A01210A4811F03AFB1A26B8E70F4A66
:103924000121074811F033FB1B26BBE70C4A012198
:10393400034811F02CFB1C26B4E700BF481A020010
:10394400E80E020000ED00E0601A0200B419020063
:10395400741A0200901A0200A81A0200C41A020083
:10396400181A020070B506460D462B4A01212B4851
:1039740011F00DFB00232B70294BDC6A14F00204B8
:103984000AD1274BDB6A002B0DDB254BDC6A14F0D4
:1039940080440ED1204670BD224A01211F4811F0F7
:1039A400F6FA0024F6E7204A01211C4811F0EFFA48
:1039B400F0E71E4A0121194811F0E9FA3046FFF7F1
:1039C4008BFD98B9164B9B6A13F0FF0F16D1144B5D
:1039D4009C6A14F47F4418D1114B9B6AB3F5803F61
:1039E400D8D33046FFF7BAFD0446D3E73368104A0C
:1039F40001210A4811F0D5FA3468CBE72A4601219F
:103A04003046FFF79DFE0446C4E72A4601213046AE
:103A1400FFF720FF0446BDE7DC1A0200E80E0200AF
:103A240000ED00E0F41A0200181B0200281B02003B
:103A3400481B020030B58BB01F4B5D68C5F3080509
:103A4400002383F31188BFF36F8F0DF12603FFF773
:103A540061FD04460DF12702294611F0ADFB9DF8E6
:103A640027300BB10BB030BD05460DF1040C2068B6
:103A74006168A268E368ACE80F0020696169A26923
:103A8400E369ACE80F009DF826304BB1089BC3F303
:103A940008025AB96FEA53236FEA4323089305E0F7
:103AA400089B23F4FF7323F00103089301A928461C
:103AB400FFF7BAFCD6E700BF00ED00E0064B5A69F9
:103AC40042F010025A615A6942F480625A615A699A
:103AD40022F008025A61704700ED00E0EFF308801D
:103AE400EFF3098101B57246FFF7A4FF01BD00BFE2
:103AF400002080F31488BFF36F8F002080F30A88BE
:103B040080F30B88104880F3088800200F49087060
:103B140001F0F4FE00200E490860BFF34F8F00F05F
:103B24002FF8202080F311880A484FF400614018D0
:103B340080F30988EFF314800221084380F314888A
:103B4400BFF36F8F00F0E4F8E8370020811F0020F6
:103B540094ED00E0A82A0020084BD3F89000C0F3AD
:103B64000720002306E0054AC2F898300021C2F875
:103B7400A01001338342F6DB704700BF00ED00E084
:103B840010B572B6002484F31388FFF7E5FF2346CB
:103B940008E003F120010E4A4FF0FF3042F8210003
:103BA4000133DBB20F2BF4D9002308E003F16001E9
:103BB400074A4FF0FF3042F821000133DBB20F2BEC
:103BC400F4D962B6BFF34F8FBFF36F8F10BD00BF40
:103BD40000E100E008B50A4B9B68834202D003F081
:103BE4008DFD08BDEFF30583002BF8D0054B5A6813
:103BF40042F080525A605A6A22F400425A62EEE756
:103C0400C413002000ED00E016498A684FF030002C
:103C14001044EFF3098C80E8F01F202080F3128811
:103C2400BFF36F8F104F4FF000664A698A603E60A1
:103C3400D2F8A4000D4C2060D2F8A8000023C2F8EA
:103C4400A83080F3118802F1300090E8F01F8CF363
:103C5400098802F1000004B511F0E4FABDE804405B
:103C640070470000C413002004ED00E0C0110020E0
:103C74001EF0040F0CBFEFF30880EFF30980816995
:103C840011F8021C0229FFD001B5724611F07FFA27
:103C940001BD00BF002807DB00F01F02400901231B
:103CA4009340024A42F82030704700BF00E100E030
:103CB400002808DB4901C9B200F1604000F5614009
:103CC40080F80013704700F00F004901C9B2014B9E
:103CD4001954704714ED00E04209054B53F82220B3
:103CE40000F01F00012303FA00F01040704700BFEA
:103CF40000E100E0044B23F07F03044A9360BFF328
:103D04004F8FBFF36F8F70470000000000ED00E09D
:103D140008B5FFF7EFFF074AD2F8883023F47003A1
:103D2400C2F8883002F0A2FD03F04EFE00F04EF817
:103D340002F0F8FD00ED00E010B4A2F120040E49F9
:103D440042F8081C21F0010142F8081C42F8203C0A
:103D5400019B42F81C3C029B42F8183C039B42F82E
:103D6400143C4FF0807342F8043C04650023C0F80F
:103D7400A83010BC704700BF6D22000000B50E468D
:103D840015460B4B9860D0F8A4200A4B1A60D0F863
:103D9400943083F30B882C4686F309880020064B65
:103DA40098472046002100220023044C204700BFEE
:103DB400C4130020C0110020335201006D22000002
:103DC400014B10221A61704700ED00E0002207E069
:103DD40003F1604303F56143202183F800130132AA
:103DE400442A09DC53B2002BF2DA03F00F0303492F
:103DF400194420230B76F2E7704700BFFCEC00E087
:103E040008B5EFF30583103B044A02EBC30149688C
:103E140052F833008847FFF74FFB08BD940B0200AC
:103E2400074AD2F8FC3043F08073C2F8FC30054BEB
:103E340000225A601A6842F001021A60704700BFFB
:103E440000ED00E0001000E0034B00225A601A6805
:103E540042F001021A607047001000E0014B5868FC
:103E640000217047001000E008B501F037FD024B57
:103E74001868002108BD00BF7400002008B5FFF7D2
:103E8400F3FF024A0023FCF761FA08BD40420F0029
:103E940010B584B00A4C23460A4A01210A4811F09D
:103EA400FDFA0023019302930393084B0193E41A50
:103EB4000294012101A811F0F5FA04B010BD00BF6D
:103EC4000000072000000020641B0200980200206C
:103ED400024B034AC3F8C020704700BF00ED00E066
:103EE400AAFF4400034BC3F89800C3F89C10C3F81E
:103EF400A020704700ED00E00E4BC3F89800C3F813
:103F04009800D3F89C000A7A60F304020A72D3F88A
:103F1400A020C2F34202087A62F347100872D3F871
:103F24009C2022F01F020A60D3F8A03023F01F0364
:103F3400CB60704700ED00E070B505460E460024E6
:103F440000E00134A6421EDD04EB44039A0005EBB5
:103F5400830359680029F4D0A85811F0F9F904EB47
:103F640084030B4A42F8230010F1160F0CD0094BBE
:103F74001B78984209DA04EB840302EB83010431D1
:103F8400FFF7BAFFDDE7002070BD6FF01500FBE717
:103F9400C41100207A1F002010B504460A4BD3F840
:103FA4009030C3F30723013B984203D811F0AAF9D8
:103FB400204610BD0346054A0121054810F0F1FFD3
:103FC4006FF01500F5E700BF00ED00E0741B020080
:103FD400E00E02002DE9F04F87B081460091019375
:103FE4001446002648E03346614A0121614810F036
:103FF400D8FF6FF0150407E03B465F4A01215D4896
:1040040010F0CFFF6FF01504204607B0BDE8F08F25
:10401400D84564D12946C0B211F0ABF92BE0574A18
:10402400C2F89870D2F89C3003F01F0321F01F01EE
:104034000B43C2F89C302946E0B211F09AF90446C9
:1040440010F1160FE0D0013415E0013B4B49C1F8E3
:104054009870D1F8A02002F01F0223F01F0313432D
:10406400C1F8A0302946E0B211F083F9044610F1FA
:10407400160FC9D001340136009B9E42C4DA06EB08
:1040840046054FEA850A09EB85056F68002FF2D0D3
:10409400019B23B1284611F049F90028A3D03946E1
:1040A40059F80A0011F054F9074610F1160FA3D07D
:1040B4008442A1DD314BC3F89800D3F89C2022F050
:1040C4001F02C3F89800D3F8A03043F01F0859F832
:1040D4000A306968194401F1FF3B934298D0934236
:1040E4009DD0D845B1D0013B2449C1F89870D1F88E
:1040F400A02002F01F0223F01F031343C1F8A030D5
:104104002946E0B211F035F9044610F1160F3FF4D8
:104114007BAF0130194BC3F89870D3F89C109DF80D
:10412400102061F304028DF81020D3F8A030C3F3FB
:104134004203D2B263F347128DF8102059F80A30C3
:104144006A681344029323F01F03A8EB0B0843444B
:10415400013B23F01F03059302A9C0B2FFF71CFF24
:10416400044610F1160F3FF44FAF013483E700BF4C
:104174009C1B0200E00E0200C01B020000ED00E0E8
:1041840010B5034C01232278FFF724FF207010BDE3
:104194007A1F0020044B0522C3F89420BFF34F8FED
:1041A400BFF36F8F704700BF00ED00E0BFF35F8F78
:1041B400024B0022C3F89420704700BF00ED00E0DA
:1041C40038B51C4B1D681C4BD3F89030C3F3072340
:1041D4009D422BD8FFF7EAFFFFF77AFE002407E0A1
:1041E400144B596801EB0411204611F08BF801348B
:1041F400A542F5D81148057011F0DAF810F1160F40
:1042040013D00E4B1A780C4BD3F89030C3F307231A
:104214009A4207DA084BC3F898200021C3F8A0108B
:104224000132F0E7FFF7B6FF002038BD4FF0FF3052
:10423400FBE700BFE41B020000ED00E07A1F002052
:1042440030B587B00D4611460024009401940294C1
:1042540003940494059402228DF80220044A0192E6
:10426400049005951A4668460EF012FD07B030BD5D
:10427400B154010008B5024B1B689847002008BDE3
:10428400E8110020034B1860034A937843F00203BB
:1042940093707047E81100204000002008B50548DD
:1042A40010F019F9002383F31188BFF36F8F0423EF
:1042B400184602DF241C020008B54FF0FF324FF00D
:1042C400FF33024811F009F908BD00BF5000002077
:1042D40008B5064921F00701C1F1005202F5E022B8
:1042E40003480FF0E4FF002008BD00BFAF380020F2
:1042F400EC11002038B50446FFF7DEFF2246082102
:1043040008480FF049FF054620B1074802F0FEFCBB
:10431400284638BD002CF8D01AF010FD034B0C22AF
:104324001A50F2E7EC110020500000200C000000AD
:1043340010B50446FFF7C0FF214603480FF0DCFE2A
:10434400024802F0E3FC10BDEC11002050000020F4
:1043540068B108B5064A074B1B680749A1FB03135C
:104364009B0C00FB03F042F00103984708BD704723
:10437400700F02007400002083DE1B4338B51A4B13
:104384001B780133194AA2FB031202F4FE7101EBFC
:1043940092029C1AE5B212F09EF8154B1B782BB1D1
:1043A400144A52F82530C01A07281AD94FF050235E
:1043B400D3F8143163B14FF050230022C3F8142111
:1043C400D3F81431084B1D7015B9094B01221A702A
:1043D400054B1C7812F07FF8064B43F824000120AB
:1043E40038BD0020FCE700BF7C1F0020CDCCCCCC26
:1043F4007B1F0020F811002000B583B00DF10700E9
:1044040001F090FB114B98421CD1114B4FF4806288
:10441400C3F8B8254FF40062C3F83C250D499DF854
:10442400070012F01CF90C499DF8070012F012F96C
:104434009DF807300120984001F06EFB002003B086
:104444005DF804FB6FF00B00F9E700BF0000AD0B53
:1044540000A002502CA0025028A1025008B501214E
:10446400104BC3F80015104A0223C2F8D0360F4887
:10447400D0F8003223F0E04343F04053C0F8003258
:10448400D0F8043223F0E04343F04053C0F8043240
:10449400C2F80417C2F80419C2F8001B00F032F87D
:1044A40008BD00BF0010005000400050002584509B
:1044B40000F01F0240090CD001280CD107488032BB
:1044C40050F8223023F0E04343EA017140F822100F
:1044D40070470348F3E70020F1E700BF0028845049
:1044E4000025845038B50546002405E02946044BD0
:1044F400185DFFF7DDFF0134032CF7D938BD00BF89
:10450400341C020008B50249024810F0D1FB08BD72
:10451400381C02000C12002008B5054B1B7803B1AF
:1045240008BDFFF77DFC024B01221A70F8E700BFBB
:104534007D1F002008B5064BD3E8EF2F511CC3E8BC
:10454400E01F0028F8D102B108BDFFF77DFCFBE7AE
:104554002C12002000487047CC120020014BC01AD6
:10456400401170474412002038B505460C46FFF749
:10457400F5FF01464022034811F0B7F801462846EA
:10458400A04738BD140B020030B583B005460C4675
:10459400FFF7E4FF0146402300932346054A0648FB
:1045A40011F0BDF8011E01DB03B030BD2846A04761
:1045B400FAE700BF6B570100140B020008B5092885
:1045C40017D8DFE800F0051C161616161616171273
:1045D40000210D4811F017F8836813F0070F08D174
:1045E4000021094811F06FF803E00221064811F098
:1045F4006AF808BD0321044811F065F8F9E70121C0
:10460400014811F060F8F4E7140B020010B582B011
:10461400EFF31184202383F31288BFF36F8F154ABD
:10462400136843F00201116013F0010F09D1002354
:1046340084F31188BFF36F8FB3B911F09CF802B003
:1046440010BD0DF1070201214FF0502010F0ACFF16
:104654009DF80730012B01D00023E9E7FFF77AFF2B
:1046640011F01FF80123E3E70021034811F02BF8B0
:10467400E5E700BFF4120020140B020010B5EFF3BD
:104684001184202383F31288BFF36F8F074A1368C2
:1046940023F00201116013F0010F04D084F3118898
:1046A400BFF36F8F10BD11F07AF8F7E7F412002012
:1046B40070B582B00546012807D14FF05023D3F8D6
:1046C4001C3403F00303022B36D012F072FC0446B0
:1046D40010B92B4B1B7873B9EFF31186202383F3A6
:1046E4001288BFF36F8F012494B94FF05023022234
:1046F400C3F808230CE00026F6E7FCB1304610F0BE
:10470400B6FD4FF05023D3F81835DBB2012B19D086
:104714000DF1070200214FF0502010F045FF002852
:10472400EBD09DF80730022B01D0012DE5D104B365
:1047340086F31188BFF36F8F02B070BD012011F0B2
:1047440042F8DEE74FF05023D3F80431002BDFD0DA
:104754004FF050230022C3F80421D3F8042102228D
:10476400C3F81825074A2021C2F8801101229A6053
:10477400CEE74FF050230222C3F80423DCE700BF46
:10478400811F002000E100E000B585B0CDF800D025
:10479400CDF804D000230293012303936B46074A08
:1047A40010F0D9FF002805DB4FF48042002368464F
:1047B40002F046FB05B05DF804FB00BFF7570100AB
:1047C40070B5064600220121052010F01FFD114896
:1047D40001F0B0F9104B984219D101F0BDF9002451
:1047E400032C12D82146304610F00DFF0546214611
:1047F400304610F015FF094910F05AFA002805DB7D
:104804000123AB601C44E4B2EAE7002070BD6FF002
:104814000400FBE7C14500000000AD0B441C02008E
:1048240010B504460E4B0121D3E8EF2FC3E8E01F77
:104834000028F9D11AB1631E012B0DD910BD094806
:1048440010F0EEFE084900234B608B60CB6001231F
:104854008B6010F049FAEEE72046FFF729FFEDE7F9
:1048640040120020140B02003012002010B5044640
:104874000A2806D0E1B206488368DB6998472046D7
:1048840010BD03488368DB690D219847F2E700BF38
:10489400740B020010B5044C2046FFF7F3FC2046CD
:1048A400FDF7DCFC10BD00BF7148000008B50548E9
:1048B40012F070FA18B1FFF7EDFF002008BD6FF099
:1048C4001200FBE7740B0200F0B51C46059F069E20
:1048D40000F01F0C400936D0012836D1284D0CF1C8
:1048E400800355F8233091B3012092B34FF0020EA8
:1048F40040EA0E0084B34FF00C0E40EA0E0077B38A
:104904004FF4706E40EA0E0066B34FF4403E40EA46
:104914000E0023EA000041B30B7842B31278520030
:10492400134334B322789200134327B33A78120224
:10493400134316B332781204134303430CF1800C6F
:1049440045F82C30F0BD0F4DC9E70025C7E700201E
:10495400CBE74FF0000ECBE74FF0000ECDE74FF062
:10496400000ECFE74FF0000ED1E70023D5E7002279
:10497400D6E70022D8E70022DAE70022DCE700BF0E
:10498400002884500025845000F01F03400908D0FB
:10499400012808D1054A803352F8230000F00100B1
:1049A4007047034AF7E70022F5E700BF0028845068
:1049B4000025845028B1012801D103487047002004
:1049C40070470248704700BF340B0200540B0200CA
:1049D4002DE9F04786B0884616469946446801F0AA
:1049E4001F05237B45EA4315204610F07BFF002872
:1049F40064D0B6F5001F35D00DF10C0A00270397DB
:104A040004974946304610F0A2FF8DF80C00009739
:104A140001970297CDF804A0A36823FA08F313F0D2
:104A2400010F02D1B6F1A07F23D004F110060DF1DD
:104A340017022946304612F087F9234B984237D0A3
:104A440010346A462946204612F072F91E4B9842E9
:104A540037D101222946204612F08EF9002006B0F3
:104A6400BDE8F087294604F1100012F089F900200E
:104A7400F5E72846FFF788FF0028D6D10DF1170285
:104A8400294604F1100012F05FF9104B984203D04C
:104A94000DF117030493D3E70DF1170241462046A5
:104AA40010F091FF084B9842F2D06FF00B00D6E75C
:104AB4009DF81710304612F057F9C1E76FF08500E2
:104AC400CDE76FF01500CAE70000AD0B0400AD0B95
:104AD400F0B589B00F461446456801F01F062B7BDC
:104AE40046EA4316104610F002FF8DF81E0040F20D
:104AF40006332340B3F5837F53D016D8062B4CD00E
:104B040006D9B3F5807F0DD101238DF81D3024E043
:104B140003B3022B03D104238DF81D301DE06FF085
:104B2400150038E06FF0150035E040F202229342A0
:104B34003BD0B3F5407F03D103238DF81D300CE047
:104B4400B3F5007F03D102238DF81D3005E06FF02B
:104B5400150020E000238DF81D3014F4002F28D018
:104B64006A680123BB409360284610F0BBFE40B343
:104B740010350DF11F023146284612F0E5F80746BC
:104B840014F4403F36D13146284612F0E9F83C4B44
:104B94009F426DD0002009B0F0BD06238DF81D3072
:104BA400DBE707238DF81D30D7E705238DF81D308B
:104BB400D3E714F4802FD7D06A680123BB40D360B5
:104BC400D2E7C4F340438DF8083014F4803F0CBF9F
:104BD400012300238DF81030002401940DF11D03EE
:104BE40000930DF11E0304AA02A93046FFF76CFEE0
:104BF4002046D0E702AA002302930393049305936B
:104C04000693059204AA3146284612F091F81C4BEB
:104C140098421DD114F4003F1DD09DF81D308DF82D
:104C2400103014F4803F0CBF012300238DF81130A1
:104C34009DF81E308DF81230002304AA3146284610
:104C440012F07AF80E4B9842A1D06FF01500A2E74B
:104C54006FF015009FE700230493059306930DF16D
:104C64001E03049304AA3146284612F061F8E9E7CA
:104C74009DF81F10284612F077F800208BE700BF3C
:104C84000000AD0B38B504464568284610F02AFEEE
:104C940020B91049204610F0D4FD38BD10352846FF
:104CA40012F05AF80028F4D10021284612F050F8E6
:104CB400094B98420AD100220849284612F040F8CC
:104CC400002205210D2010F0A1FAE2E76FF00400A4
:104CD400E3E700BFB15901000000AD0B8B5901009F
:104CE40070B400F01F0C400919D0012819D10E4DE1
:104CF4000CF1800055F820600C4C344041EA42012C
:104D040041EA83039DF80C2043EA02239DF8102016
:104D140043EA0243234345F8203070BC7047044DF6
:104D2400E6E70025E4E700BF00288450F0F0FCFF2C
:104D34000025845000F01F01400906D0012806D147
:104D4400044A01238B4093607047034AF9E7002229
:104D5400F7E700BF002884500025845000F01F01AD
:104D6400400906D0012806D1044A01238B40D360B0
:104D74007047034AF9E70022F7E700BF0028845090
:104D8400002584502DE9F04F85B007468B469046A8
:104D9400002423E04FF0FF3535E0C8F80C55012618
:104DA40003963146B5F1FF3F16D0B1F1FF3F40F015
:104DB400138157F80A3013F4004F02D00126002261
:104DC400039200220192CDF80090C3F341233246AE
:104DD40003992846FFF784FF0134E4B25C4580F070
:104DE400FF804FEA840A57F82430C3F3C322C3F385
:104DF4000805082A00F2F6807E4911F8029040F274
:104E0400FF129542C6D01B0E222B00F2EE8001A2A7
:104E140052F823F09F4D0000A54E0000B34E000051
:104E2400BF4E0000CD4E0000DB4E0000E74E0000F8
:104E3400EF4F0000EF4F0000EF4F0000EF4F000076
:104E4400F54E0000094F0000EF4F0000EF4F000047
:104E5400EF4F0000EF4F0000EF4F0000EF4F000056
:104E6400EF4F0000EF4F0000EF4F00001D4F000018
:104E74002F4F0000414F0000534F0000EF4F000040
:104E8400EF4F0000EF4F0000654F0000754F00002A
:104E9400814F0000914F0000A14F0000B14F00006E
:104EA400C8F81455002603964FF0FF317AE7C8F886
:104EB400085501260396314674E7C8F810550026B4
:104EC40003964FF0FF316DE7C8F80855002601231B
:104ED4000393314666E7C8F80C5501260396002172
:104EE40060E7C8F81055002603964FF0FF3159E7E4
:104EF400C8F80855B9F1000F5ED0002603964FF0AC
:104F0400FF314FE7C8F80C55B9F1000F5CD000260B
:104F140003964FF0FF3145E7C8F8605557F80A107B
:104F2400C1F30041012603963CE7C8F8645557F8DD
:104F34000A10C1F300410126039633E7C8F8685507
:104F440057F80A10C1F30041012603962AE7C8F86E
:104F54006C5557F80A10C1F300410126039621E766
:104F6400C8F824550126002303934FF0FF3119E7B5
:104F7400C8F8285501260396314613E7C8F830557A
:104F84000126002303934FF0FF310BE7C8F8345593
:104F94000126002303934FF0FF3103E7C8F8385587
:104FA4000126002303934FF0FF31FBE6C8F83C557C
:104FB400012603963146F5E64E46CDF80C904FF0A7
:104FC400FF314FF00609EDE64E46CDF80C904FF058
:104FD400FF314FF00609E5E6284610F013FDE8E638
:104FE400002004E06FF0150001E06FF0850005B0CB
:104FF400BDE8F08F0C1D02002DE9F84305460F466D
:10500400466811F0D6FF20B9234B1B780BB300235D
:1050140000E00123D5F810906A68D2F80080F3B953
:10502400284610F028FE0446736813F0040F03D0DA
:105034004FF48003C8F80433F36A1F700122F16A45
:10504400284610F064FE84F31188BFF36F8FBDE827
:10505400F8830123DEE784F31188BFF36F8FEFF346
:105064001184202383F31288BFF36F8F284610F036
:1050740002FD0028EFD0D9F80030002BD4D0D3F8AB
:10508400A420002AD0D0D3F8B420002ACCDAD8F84F
:105094004C25C3F8B420C7E7811F00202DE9F04F49
:1050A40085B09846D0F810B0DBF80040D0F804A0E2
:1050B400DAF800509AF80830002B40F0B5808146A9
:1050C4000F46164694F86130002B40F0B08094F8F7
:1050D4006230002B40F0AE806365B8F1FF3F44D0EE
:1050E400B8F1040F16DDA3F1993383FB08234FEACB
:1050F400E870C0EB6300C117C90341EA5041C00323
:105104004E4BC0184E4A4FF0000341F10001FBF72B
:105114001DF901E000200146A065E165276466648D
:105124000023A364E3642365DAF8043013F0040F66
:1051340020D1DAF8043013F0040F02D094F8602080
:1051440052BBC5F83475C5F838650020C5F81001A0
:10515400D5F81031C5F84C01D5F84C31012384F849
:1051640061302B6005B0BDE8F08F00220023C4E954
:105174001623D3E7EFF311830393202383F31288D9
:10518400BFF36F8F0221484610F0B5FD039B83F3F4
:105194001188BFF36F8FCCE7B24228BF32469146E5
:1051A400DAF82810384619F0B8FA4F44B6EB090675
:1051B40014D0B8F1FF3FC4D00023C5F80831D5F8A6
:1051C400083104F10800D4E916234FF000084FF029
:1051D4000009CDE9008902F0D3FDB2E794F860201C
:1051E400A2EB0902D2B284F86020DAF8280000EBBE
:1051F400090119F09FFA0BF10803D3E8EF1F41F0FE
:105204000401C3E8E21F002AF7D145F30735002D56
:1052140008DB05F01F026D09012393404035094A5C
:1052240042F8253000209DE76FF085009AE76FF083
:105234000F0097E76FF00F0094E700BF3F420F00A5
:1052440040420F0000E100E0F0B583B004461D4683
:105254000669EFF31187202383F31288BFF36F8F5E
:105264003368D3F8A40000BBC3F8A4203368C3F8A0
:10527400A01001F06043B3F1005F1DD13368C3F89F
:10528400A8103368C3F8AC203146204610F05AFD0C
:1052940087F31188BFF36F8F204610F01BFC80B397
:1052A400B5F1FF3F10D100202CE087F31188BFF344
:1052B4006F8F6FF00F0025E033680022C3F8B02031
:1052C400204610F0B0FEDFE73468683425EAE5755F
:1052D400E917C90341EA5541ED030B4828180B4A65
:1052E4004FF0000341F10001FBF730F802460B4692
:1052F40000200021CDE90001204602F041FD0020FC
:1053040000E0002003B0F0BD3F420F0040420F0018
:1053140070B50446056943681E68286800220A4976
:10532400083012F037F82B68DC632868002207493C
:10533400683012F02FF82B68C3F89C40044BC6F871
:105344000433002070BD00BF8F6101008B5F01003A
:1053540014020A0038B505460C4601F10C0000F0B1
:10536400E1FB0C4B98420DD105F10C0205F590714F
:10537400207B11F079F9237B0120984000F0CCFBCD
:10538400002038BD044A012104480FF000FE6FF0EC
:105394000400F6E70000AD0B181D0200F80E020031
:1053A40038B5044645680121E86810F089FC636853
:1053B4001A682B69C2F824356B7DA97D0B43298BB0
:1053C4000B43297D0B43C2F86C3523691B6823B159
:1053D4002046FFF79DFF002803DB204610F011FF55
:1053E40000B138BD0249204610F014FBF9E700BFB4
:1053F400AF5D010021F07F4100F5A870014B43F837
:1054040020107047005001504FF480338340024A0B
:10541400C2F84433704700BF005001504FF480334A
:105424008340024AC2F84833704700BF005001501D
:10543400014BD3F804057047005001502DE9F8439F
:10544400054689469046FFF7E9FF284611F00BF818
:105454004E46032710E0FFF7EBFF0446494610F0E1
:10546400F1FFB0F5000F26D9284610F0FCFFB8F183
:10547400000F22D13E19013731462846FFF7BAFF03
:105484002846FFF7C1FFFFF7D3FF0446C11C30468F
:1054940010F0D8FF0A4B98420AD9284610F0D6FFDC
:1054A4000028D8D1B8F1000FE4D06FF0150000E067
:1054B4000020BDE8F8830020FBE76FF01500F8E753
:1054C400FDFF7F00034B044AC3F80823C3F84823B5
:1054D400704700BF0050015003000F0010B50123B6
:1054E40083406FEA030C0C4AD2E8EF1F01EA0C0E6A
:1054F400C2E8E4EF002CF7D14FF480328240074831
:10550400C0F80823BFF35F8FBFF36F8F0B4214BF44
:105514000120002010BD00BF2413002000500150C2
:105524004FF480338340124AD2F80423134201D14A
:105534000020704710B5044601238340DB430D4926
:10554400D1E8EF2F02EA0300C1E8EC0FBCF1000F31
:10555400F6D122FA04F313F0010F03D1204610F020
:1055640075FF18B1204610F07EFF012010BD00BF6A
:10557400005001502013002001B9704701238340DB
:105584000D4AD2E8EFCF4CEA030CC2E8E1CF002980
:10559400F7D14FF480338340084AC2F80433084BF0
:1055A400D3E8AF3FC34013F0010FE6D0054B4FF4EF
:1055B4000012C3F80021E0E724130020005001503A
:1055C4002013002000E100E038B5144610461946C7
:1055D40010F055FF02460D490B68E01A1B184C6881
:1055E40044F100040B604C60A2F50013B3F5400FC6
:1055F40009D2074B1B68190A1B06D41841F1000590
:10560400044BC3E9004502F0BDFA38BDB8090020D7
:1056140028130020C009002038B50D4B1C68250A4A
:105624002406BFF35F8FFFF703FF0346001945F11C
:105634000001B3F5801F0AD2064BD3E90023904240
:1056440071EB030303D210F1807041F1000138BD06
:1056540028130020C00900202DE9F0410646144615
:105664001D469DF820801046194610F008FF074695
:10567400FFF7D2FFA04271EB050319D2201A65EBA4
:1056840001011B4B984271F100012BD2194B03EB22
:105694000613D3E90223AB4208BFA24201D1002082
:1056A40014E0424639463046FFF7C8FE70B117E0B1
:1056B400B8F1000F19D10123B3400F4AD2E8EF0F1C
:1056C4001843C2E8E10F0029F8D10020094B320148
:1056D40003EB0616C6E9024506999950079B7360C9
:1056E400BDE8F0816FF01500FAE76FF01500F7E7F9
:1056F40001008000A80900202013002030B585B0E7
:10570400FFF7E0FE00231E4AC2F80835002B25DD12
:105714001B4C0225C4F804531A4B4FF40012C3F86F
:1057240080210022012115200FF070FD15200FF0BB
:1057340068FD0123A3602360134A136000240294CC
:105744000194124B0093124A0023204610F0A7FE46
:105754002846FFF765F8204605B030BD0D4A02EB38
:1057640003124FF0FF304FF0FF31C2E902014FF452
:1057740080329A400249C1F804230133C6E700BFCE
:105784000050015000E100E024130020CD5500003A
:10579400FFFF7F00A80900202DE9F04782B00446EE
:1057A400FFF7BEFE10B902B0BDE8F087FFF734FF83
:1057B40082460D4610F066FE0646154B03EB0413B5
:1057C400D3E90289C24575EB09050BD200253046A1
:1057D40010F060FE002DE6D0009742464B4620466E
:1057E400A847E0E70A4A230102EB0411D5584F68A1
:1057F4000020D0504FF0FF324FF0FF33C1E90223B5
:105804002046FFF70BFE204610F02DFEDFE700BF19
:10581400A809002010B50D4BD3F8043313F0020F80
:1058240003D10024002C0BDD10BD0221074810F029
:10583400D3FD0028F5D0064A136801331360F0E75E
:105844002046FFF7A9FF0134ECE700BF00500150E8
:105854002813002010B584B0B0F1FF3F18D0012800
:105864001BDD154B9842A8BF18460446134B012272
:105874001A70FFF7D1FE124B1A685B68801AB0F5F4
:10588400000F0CD20444B4F5000F09D30A4C07E00E
:105894000A4B00221A70084CEBE70124E6E7064C99
:1058A40000201219029001900649009143F100036F
:1058B40010F0F5FD04B010BDFFFF7F00801F002035
:1058C400B8090020CD55000008B5FFF7A5FE024B2E
:1058D4001B68C01A08BD00BFB80900204FF0502350
:1058E400D3F8582502F00302024BD340024A136056
:1058F400704700BF0020A1077400002008B510F015
:105904006EFE68B15D4BD3F8203A4BB95B4B0D2268
:10591400C3F8202A0122C3F81C290022C3F81C2939
:1059240000220BE002F160034FF47F0151F83310C1
:10593400DB0003F57F035B680B6001321F2A08D884
:1059440002F160034FF47F0151F83330B3F1FF3FAC
:10595400E8D110F01CFE30B1484B2922C3F80C27C3
:105964000322C3F83C2710F0C6FD40B1444B454A1E
:10597400C3F830254FF050230122C3F8582510F006
:10598400CEFD18B1404B0022C3F84C2510F0DFFDCA
:1059940068B14FF05023D3F8003413F0010F06D050
:1059A4004FF050230022C3F81421C3F8182110F03B
:1059B400E2FD60B14FF05023D3F8003413F0010F2F
:1059C40005D04FF050236FF00102C3F8002410F00B
:1059D400F2FD18B1294B6522C3F80C2710F013FE11
:1059E40020B1294BD3F82034002B30DB10F017FE04
:1059F400E8B1224B7E22C3F80C27C3F83C29234A82
:105A04007F23C2F818311E490023C1F8043EC1F8AF
:105A1400083E01F54821C1F81031C2F82431C2F81A
:105A24002C3102F5FF1202F58052C2F8A032184A56
:105A3400D2F88C3043F44063C2F88C30154A1168B4
:105A4400154BC3F84415D269C3F84C2508BD4FF073
:105A540050230322C3F8182501229A604FF05023E3
:105A6400D3F80431002BF9D04FF050230022C3F8AF
:105A740004210122DA60C3F81825B7E7004000507A
:105A8400009003504400EFBE00200350002000505B
:105A940000ED00E00080FF000060005010B50468D5
:105AA400ACB1B4FA84F3C3F11F03DBB201229A4010
:105AB40024EA0202D0E8EFCFA44504D1C0E8EE2FD7
:105AC400BEF1000FF6D1EAD10B70024810BD0248B6
:105AD400FCE700BF0000AD0B0200AD0B0368CB4038
:105AE40013F0010F11D100B5026801238B40134359
:105AF400D0E8EFCF944504D1C0E8EE3FBEF1000FEB
:105B0400F6D1F1D102485DF804FB0248704700BFAA
:105B14000000AD0B0400AD0B014BC3F80405704746
:105B24000070015008B50146014810F043FE08BD5D
:105B340078000020054B1B792BB9044B1860012217
:105B44001A71034870470348704700BF2C130020A4
:105B54000000AD0B0C00AD0B08B5084B1B680BB176
:105B640010F0BDFD10F0B9FD4FF05023C3F8180537
:105B74000122C3F81425C3F8802508BD2C13002086
:105B840000B583B0032818D8DFE800F01A026D6767
:105B940000224FF48073012003F150230021196087
:105BA400196802F1502201211160354A1268002A55
:105BB4005FD04FF05023C3F8040303B05DF804FB37
:105BC4004FF05023D3F81824D3F8183403F0030308
:105BD4008DF8073012F4803F15D14FF05023D3F8DD
:105BE400143413F0010F13D110F077FD8DF8070072
:105BF4009DF807204FF05023C3F8182508224FF4CE
:105C040082730220C8E70DF1070010F0BAFDEFE738
:105C14004FF05023D3F81C3403F003038DF80730FE
:105C24000DF1070010F0ADFD0028E1D0144B1B6806
:105C34002BB14FF050230222C3F80423BDE74FF0E9
:105C44005023D3F80431002BF9D04FF05023002215
:105C5400C3F80421D3F80431AFE718224FF490734A
:105C64004FF4807098E720224FF492734FF4007041
:105C740092E71A68002AFCD000221A601B689CE78D
:105C84002C13002010B54FF05023D3F8044302E046
:105C9400194B1B68984774B3B4FA84F0C0F11F0021
:105CA4000122824083009BB203F580739BB2C0B291
:105CB40092B224EA020403F1502319680029EAD0BD
:105CC400002119601B684FF05023C3F80823022AEF
:105CD400DED1D3F81814D3F8183403F00303012BDE
:105CE400D6D14FF050230221C3F81815C3F804236A
:105CF40001229A60CFE710BD2C13002008B500796B
:105D0400024B03EB0010FFF7C9FE08BD8000002022
:105D140070B400F01F0C400919D0012819D10E4DA0
:105D24000CF1800055F820600C4C344041EA4201EB
:105D340041EA83039DF80C2043EA02239DF81020D6
:105D440043EA0243234345F8203070BC7047044DB6
:105D5400E6E70025E4E700BF00288450F0F0FCFFEC
:105D640000258450F0B51C46059F069E00F01F0CCC
:105D7400400936D0012836D1284D0CF1800355F85E
:105D8400233091B3012092B34FF0020E40EA0E008B
:105D940084B34FF00C0E40EA0E0077B34FF4706EEC
:105DA40040EA0E0066B34FF4403E40EA0E0023EA98
:105DB400000041B30B7842B312785200134334B35A
:105DC40022789200134327B33A781202134316B38E
:105DD40032781204134303430CF1800C45F82C3041
:105DE400F0BD0F4DC9E70025C7E70020CBE74FF012
:105DF400000ECBE74FF0000ECDE74FF0000ECFE7DB
:105E04004FF0000ED1E70023D5E70022D6E70022A9
:105E1400D8E70022DAE70022DCE700BF002884503C
:105E24000025845000F01F02400907D0012807D143
:105E3400044B1869D04000F001007047024BF8E7AA
:105E44000023F6E7002884500025845000F01F0347
:105E5400400908D0012808D1054A803352F82300AC
:105E6400C0F301407047034AF7E70022F5E700BF9B
:105E7400002884500025845000B583B084468E46A3
:105E84000C4B93E8030002AB03E90300634609E00B
:105E940002A901EB830151F8081C086A42F8040BBB
:105EA400086201330CEB0E009842F1D803B05DF8A0
:105EB40004FB00BF600F020000F01F01400906D080
:105EC400012806D1044A01238B4013627047034A18
:105ED400F9E70022F7E700BF00288450002584502A
:105EE4004309034AD35C00F01F001844C0B2704752
:105EF400AC1D02000048704734130020004870476E
:105F0400C41D02002DE9F04184B005460C46164636
:105F14001F460846FFF7E4FF804656B3214628464D
:105F240010F02DFD28B12146284610F0E8FC002889
:105F340043D12146284610F0F1FC10B17378012BAF
:105F44003BD001238DF80F30002301930096B31C3E
:105F5400721C0DF10F012046FFF704FF2879FFF7AB
:105F6400C9FF08F1080230F8123043F0030320F8A7
:105F74001230002F3BD02146284610F000FD0028A7
:105F840037D13E782B6806F5A272002143F822101F
:105F940043F822102879FFF7ADFF08F1080230F822
:105FA400123023F02003DB04DB0C20F812307B7862
:105FB4002BB9114804B0BDE8F0811048FAE7BA786B
:105FC400009222463146286810F011FC2879FFF728
:105FD40091FF024608F1080032F810307603B6B299
:105FE400334343F0200322F810300348E2E7024829
:105FF400E0E70248DEE700BF0000AD0B0400AD0B94
:1060040070B506460D46144610F079FC68B1307937
:10601400FFF770FF06462846FFF762FF083036F8A0
:1060240010305B0B2370024870BD0248FCE700BFD0
:106034000000AD0B0400AD0B30B583B005460191F3
:10604400002400E00134012C18D80E4B1B5D03F032
:10605400070202A901EBD30313F8043CD34013F065
:10606400010FEFD005EB840201212046FFF704FF66
:1060740055F82430002BE5D0012000E0002003B0C7
:1060840030BD00BFBC1D020008B50079024B03EB14
:106094008000FFF703FD08BD900000202DE9F041CA
:1060A40082B00546884616461F4610F0A8FDAEB3DA
:1060B4003A463146284610F0BEFC041E20DB2879FF
:1060C400FFF718FF40F834602879FFF713FF00EB5F
:1060D400C40047602879FFF70DFF05464046FFF7E7
:1060E400FFFE083035F81030E4B26402A4B2234352
:1060F40043F4807325F81030094802B0BDE8F081FC
:106104002879FFF7F7FE0DF107017830FFF7C6FC99
:10611400034B9842F1D19DF80740D0E70048ECE7E3
:106124000000AD0B2DE9F04784B006460C469046BE
:106134000846FFF7D5FE07463079FFF7DBFE054634
:10614400D8F80090B9F1000F21D02146304610F064
:1061540005FC002843D100238DF80E308DF80F3054
:10616400019300934B460DF10F020DF10E012046F1
:10617400FFF7F8FD07F1080235F8123023F00203A7
:106184009BB225F8123043F0010325F81230D8F8F9
:106194000430BBB193F80090D3F804A021463046F4
:1061A40010F0CDFBE8B1BAF1000F61D1083735F832
:1061B400173023F01C039BB225F8173043EA8903F8
:1061C40025F81730D8F80820002A55D053681268EB
:1061D40021463046FFF762FF04B0BDE8F087274848
:1061E400FAE707F1080235F8123023F02003DB0444
:1061F400DB0C25F81230BAF1000FD7D0B9F1030F38
:1062040038D8D8F804305B6893F800A0B9F1000FCF
:1062140008D133680AF5A27A002243F82A2043F809
:106224002A20C3E7484610F0B2FB034631680AF55A
:10623400A27C51F82C2022F0030241F82C202246A3
:106244005146306810F0BAFA0AF13C0305EB4303F7
:106254009C8007F1080235F812304FEA4A3A1FFAD7
:106264008AFA43EA0A0343F0200325F812309DE733
:106274000248B1E70148AFE70148ADE70400AD0BC0
:106284000000AD0B38B505460C4610F029FB08B9E3
:10629400074838BD2146284610F0AAFB2146284667
:1062A40010F0D8FC204610F0FFFA0248F1E700BFD6
:1062B4000400AD0B0000AD0B08B50079024B03EBF5
:1062C4008000FFF70BFC08BD90000020F0B583B000
:1062D40005460E460079FFF70DFE90F88C3013B199
:1062E4000D4803B0F0BD044660220021103018F0C0
:1062F4003BFA2F682879FFF701FE03680093002317
:1063040032464FF00041384610F0C6FC012384F8B1
:106314008C30A3670148E4E70C00AD0B0000AD0B23
:106324002DE9F04782B081460F4690460023009342
:10633400019351686846FFF77FFE4CE094FAA4F499
:10634400B4FA84F404F01F05254B9B5D45EA43151C
:106354002846FFF7C5FD083037F810A0CAF3820AB3
:106364000DEB8603E00804F007041A5C0121A14048
:1063740022EA01021A542846FFF768FD03465246F2
:106384002946384610F005FC2846FFF795FD02AB78
:1063940003EB860353F8084C002CCFD10136012EB1
:1063A4000DD8104B9B5D08F10402D90803F00703D4
:1063B400525C22FA03F313F0010FEFD0E7E7002257
:1063C4004FF00041484610F04EFAD8F804106846E1
:1063D400FFF732FE08B10026E1E702B0BDE8F0871E
:1063E400C01D0200BC1D0200F8B504460E4611484B
:1063F400081A114BA3FB00304009FFF77FFD074645
:10640400D4F80413C9B2026841F00041204610F0E8
:106414002AFA051E05DB2A463146204610F066FCA2
:10642400F8BD3A4631462046FFF77AFF25F000458D
:10643400F1E700BF34130020398EE33808B5024970
:106444000248FFF7D1FF08BD3413002000D00050EC
:10645400034B00E02033034A9342FBD3704700BF51
:10646400140B0200940B020004280CD8DFE800F09F
:10647400030D05070900064870470648704706489B
:10648400704706487047064870470648704700BF83
:10649400CC1D0200F01D0200001E02000C1E0200B2
:1064A4001C1E0200DC1D020030B108B510F087FD8F
:1064B40020B1037823B108BD024870470148FAE7C8
:1064C4000048F8E72C1E020010B50446FCF7C4F996
:1064D400034A012103480EF05AFD204610F06AFCDD
:1064E400341E0200E80E02002DE9F04782B000AF2E
:1064F40005460C46EFF31188202383F31288BFF37B
:106504006F8FDFF8C491D9F80860FFF7ADFF99F8F1
:106514001010E94601233B7103237B718AB0EC46DA
:106524001CF1100221D04FF0160E5AB17346BEF181
:10653400040F03DDDFF894A1CCF814A0082B01DDCF
:10654400CCF8185001233B7003237B70D2B17346FF
:10655400BEF10C0F01DDCCF81C00102B01DDCCF8D2
:1065640020100CF1240300210AE06FF0004EDCE758
:1065740001F10800384410F8080C03F8010B01314C
:106584000129F5D9BEF1150F50DD16234AB10521B5
:10659400397100217971B9710121F9717868CCF8E8
:1065A400100000216FF300016FF341016FF38201CA
:1065B4006FF3C501012060F38811C3F30A0363F389
:1065C40053216FF31F5100234148FCF725FACD46B0
:1065D4001CB1E369C3F308035BBB3046FFF764FFF8
:1065E400E94601233B7103237B718AB0EC461CF11D
:1065F400100224D04FF0120E52B17346BEF1040FB4
:1066040002DD3449CCF81410082B01DDCCF81860F5
:1066140001233B7003237B70F2B1BEF10C0F01DD4B
:10662400CCF81C000CF12003002113E06FF01B03D5
:10663400ACE7294A012126480EF0A9FCCDE76FF00A
:10664400004ED9E701F10800384410F8080C03F8AB
:10665400010B01310129F5D9BEF1110F31DD1223EE
:106664004AB10421397100217971B9710121F9719B
:106674007868CCF8100000216FF300016FF341013A
:106684006FF382016FF3C501012060F38811C3F336
:106694000A0363F353216FF31F5100230C48FCF7E3
:1066A400BBF9CD4621462846FFF70EFF88F3118833
:1066B400BFF36F8F3046FDF78DFA0837BD46BDE84E
:1066C400F0876FF01B03CBE7C4130020441E0200C5
:1066D400E80E0200901E02006C1E020038B505464A
:1066E4000B4B53F8204002E02368984708346B1C96
:1066F400074A52F82330A34209D960680028F3D02E
:10670400037F13F0010FF1D110F05CFBEEE738BD0D
:10671400B81E020010B5054C01E098470434044B40
:106724009C4202D02368002BF7D110BD840E0200D6
:10673400A00E020010B586B0B023104C03FB004439
:1067440000EB800C0E4B03EB8C030E4A05920122E6
:1067540004920F22039200220292019200930A4BA8
:106764004FF4A072094901EB8C11204600F0B0FBF4
:10677400637B23F00403637306B010BDC8090020D3
:10678400C4130020A81E02001B6F0100A8320020C1
:1067940008B553EA020102D100F086FF08BD0249A0
:1067A400183001F04DF9F9E7C171010010B586B058
:1067B400184C14E0636A0593236A0493E369039312
:1067C400A36902936369019323690093E368A26850
:1067D4006168206800F07CFB23685C6530340E4BF4
:1067E4009C42E7D300F07AFE0A4C00E030340A4BB6
:1067F4009C420BD2A26AE36AB3F1FF3F08BFB2F135
:10680400FF3FF3D02068FFF7C3FFEFE700F07EFE01
:1068140006B010BDC00D0200200E020008B50C4BDE
:1068240001221A700320FFF759FF0EF062FEFCF7F5
:1068340015FCFFF76FFF0420FFF750FFFFF7B6FFCB
:10684400FAF7D2FF034A137B23F00103137308BD45
:10685400811F0020780A002008B50146014A024839
:10686400FDF78CFA21680000780A002008B5034877
:10687400034A121A002110F0BCFA08BD9802002045
:10688400A81F002010B50446FFF754FFB0230A499F
:1068940003FB0411094A04EB840302EB8303D9606C
:1068A4001C74074B03EBC42303F5006304EB84045B
:1068B40002EB8402536010BDC8090020C4130020F9
:1068C400A82A002070B586B000F058FE104D114B78
:1068D4005D61114B059301230493002403940294F6
:1068E400019400940D4B4FF480620D49284600F04A
:1068F400EFFA06466B7B23F004036B73284610F013
:10690400F5FB2046FFF7BEFF304606B070BD00BF62
:10691400780A0020C4130020B01E02002168000081
:10692400E833002008B50020FFF7D8FE1B4B03F521
:10693400006282F3088883F30A88194CE02384F800
:1069440022300023E37723766376A37684F820301D
:10695400626A42F4E022626284F82330FDF7AEF802
:10696400FDF72EFA4FF0FF33A362E362FDF728FC34
:10697400FDF78EFAFBF7CCFE0A4800F00BFBFFF79D
:1069840067FDFDF76BFD0120FFF7A8FE0220FFF76E
:10699400A5FEFFF797FFFFF75FFF00BFA82A0020BF
:1069A40000ED00E0280B002010B5064C002000E0AC
:1069B4002034054B9C4204D2204610F022FA0028D1
:1069C400F6DA10BDE8010020E801002030B583B0FC
:1069D4000D46EFF31181202484F31288BFF36F8FE7
:1069E400046964B12C6023680361C3690133C36122
:1069F400002081F31188BFF36F8F03B030BD00F125
:106A0400080C53EA020404D100232B606FF00B003E
:106A1400EFE7009201930246604600F071FC002803
:106A2400EBD1024B9B681B692B60E6E7C413002083
:106A34002DE9F04383B004460D4600F10809EFF355
:106A44001188202181F31288BFF36F8F406A216976
:106A5400884244D22768BC421BD03E1E18BF012680
:106A6400CFB94EBBE2682946206A17F056FE236A66
:106A7400E26813442362A26993422DD0636A01330E
:106A8400636288F31188BFF36F8F304603B0BDE8AB
:106A9400F0830027E1E77A683B6813605A600023BB
:106AA4003B607B607A7B22F002027A73BB6007F161
:106AB400180010F02DFCD4E7E2682946386917F075
:106AC4002CFE0026C7F8AC60384610F00FFB414698
:106AD400484600F0D7FCD8E763692362CEE753EA5F
:106AE400020102D16FF02206CBE7064989680D61E5
:106AF4000092019322464146484600F001FC0646B6
:106B0400C3E700BFC41300202DE9F04182B004465E
:106B1400084604F10807EFF31186202585F312884F
:106B2400BFF36F8F656A65B953EA020160D16FF0F4
:106B3400220586F31188BFF36F8F284602B0BDE8A3
:106B4400F081E268E16917F0E8FDE369E268134463
:106B5400E361A26993422AD0636A013B6362D4F879
:106B64000080444526D0B8F1000518BF0125B8F1CE
:106B7400000F22D1002DDCD0E268D8F81010206A72
:106B840017F0CBFD236AE26813442362A26993429F
:106B94002BD0636A013363620025C8F8AC504046C9
:106BA40010F0A4FA3146384600F06CFCC5E763697E
:106BB400E361D1E74FF00008D5E7D8F80420D8F80E
:106BC400003013605A600023C8F80030C8F804305D
:106BD40098F80D2022F0020288F80D20C8F8083039
:106BE40008F1180010F094FBC4E763692362D0E74E
:106BF4000549896808610092019322463146384666
:106C040000F07EFB054698E7C41300202DE9F0410F
:106C140082B00446EFF31187202181F31288BFF379
:106C24006F8FC16899B9002950D1364B9B6893F98D
:106C34000E3023610131E160324B9B68A36087F31E
:106C44001188BFF36F8F002002B0BDE8F0811646B3
:106C54001D4682682B4B9B689A42E4D055EA060194
:106C640036D092F90E80414693F90E0010F060F987
:106C7400804534DC4FF000080096019522463946E1
:106C8400214800F03DFB0028DED0EFF311852023DE
:106C940083F31288BFF36F8FA36843B323689C42C6
:106CA40023D013B3216993F90E0010F041F9014682
:106CB400204610F048F9E8B9B8F1000F1AD185F36D
:106CC4001188BFF36F8F6FF00A00BDE72369B0E747
:106CD40087F31188BFF36F8F6FF00F00B4E701469D
:106CE400204610F030F98046C6E72169E0E7B8F1A4
:106CF400000FE4D02946044800F0C4FB6FF00A00FA
:106D0400A2E700BFC4130020E8130020F8B583688D
:106D1400002B47D00446264A9268934245D1C36863
:106D2400012B04D9013BC36000252846F8BDEFF3CD
:106D34001186202383F31288BFF36F8F016910F04B
:106D440002F92768A7420CD03D1E18BF012557B988
:106D5400A760CDB90023E36086F31188BFF36F8F7A
:106D6400E3E70027F0E77A683B6813605A60002382
:106D74003B607B607A7B22F002027A73BB6007F18E
:106D8400180010F0C5FAE3E797F90E3023610025E7
:106D9400C7F8AC50384610F0A9F93146054800F060
:106DA40071FBC2E76FF01505BFE74FF0FF35BCE795
:106DB400C4130020E8130020F8B50446EFF311874C
:106DC400202383F31288BFF36F8F0568A84212D083
:106DD4002E1E18BF012685B906BBA368E26893423C
:106DE40024D001221344A36000230BBB87F3118832
:106DF400BFF36F8FF8BD0025EAE76A682B6813605C
:106E04005A6000232B606B606A7B22F002026A7373
:106E1400AB6005F1180010F07BFADDE70023C5F83C
:106E2400AC30284610F062F90123DEE70022D9E7EE
:106E34003946024800F026FBDCE700BFEC130020D3
:106E440010B582B0EFF31181202484F31288BFF3CC
:106E54006F8F846844B1013C846081F31188BFF36F
:106E64006F8F002002B010BD53EA020406D00092D6
:106E740001930246054800F043FAF3E781F31188D1
:106E8400BFF36F8F6FF00F00ECE700BFEC1300202F
:106E940008B553EA020102D100F006FC08BD02491C
:106EA400183000F0CDFDF9E7C171010010B50446BA
:106EB40040B11F2204F1740017F074FC002084F820
:106EC400930010BD014B9C68F3E700BFC41300207E
:106ED4002DE9F04F85B004460F4615461E46DDF8F1
:106EE40038A0DDF83C90DDF84080DDF84CB000F1CE
:106EF40058038365C365129B0422119910F061F84D
:106F04002A463946204610F03FF80546CDF8088059
:106F1400CDF80490CDF800A0334602463946204609
:106F2400FCF70AFF002363652666C4F864A0C4F86E
:106F34006890C4F86C80EFF31182202383F31288E5
:106F4400BFF36F8F124B196A21671C6282F3118899
:106F5400BFF36F8FBBF1000F13D01F22594604F10A
:106F6400740017F01FFC002384F89330084B9B68CF
:106F74005BB1D3F8A030C4F8A030284605B0BDE812
:106F8400F08F002384F87430F0E7C4F8A030F4E7FD
:106F9400C41300200123437303730023C0F8943007
:106FA400C0F89830C0F8A030014B9860704700BF1B
:106FB400C41300200A4A9368C3F8A8006FF00A01BA
:106FC400C3F8AC1007494B6843F080534B6000236F
:106FD40083F31188BFF36F8F9368D3F8AC007047C5
:106FE400C413002000ED00E0437B90F90D20002A3B
:106FF40051DB13F01F0F4ED110B563F07F034373C1
:10700400254A52F8183F93420ED100230CE05A68E7
:1070140042600360106058601EE01A461E49C96948
:107024008A420FD01B687BB173B190F90E1093F9AB
:107034000E209142F1D0521A002AE8DC1A46002BA5
:10704400ECD1F0E70023EEE7134BDA6903F1180102
:10705400016042601060D8610F4B53F8184F9C4296
:107064000ED06CB10C4B9B685A7B12F01F0F0AD1E7
:10707400DA897F2A07D9A2692AB9074A536109E044
:10708400054BDC68EEE7A34202D0204600F01EFC6C
:10709400014B5C6110BD7047C413002010B5437BE5
:1070A40090F90D20002A14DB154B9A6853F8184FF9
:1070B4009C4219D0C4B1824219D0537B13F01F0FE4
:1070C40015D1D3897F2B12D9A36983B90C4B5A618B
:1070D40014E003F07F0343734268036813605A604B
:1070E400002303604360DFE7054BDC68E3E7A2426B
:1070F40002D0204600F0EAFB014B5C6110BD00BFEA
:10710400C41300202DE9F84305460C46404B9E6805
:10711400737B13F0600F28D013F0200F2AD00827B8
:107124001F4222D13B43737313F0800F24D1082FE5
:107134002DD04FF00009364B53F8188F98454BD09B
:10714400B8F1000F48D0324B9B68434502D040460B
:1071540000F0BCFB2E4BC3F81480102F05D0304632
:1071640000F014FCB9F1000F3AD184F31188BFF395
:107174006F8F46E01027D3E703F07F0373737268C1
:10718400336813605A60002333607360CFE7B368D9
:107194005BB17268336813605A60002333607360B4
:1071A400727B22F002027273B36030460FF06AFF02
:1071B40006F158000FF06BFF154B9B689E4202D0FE
:1071C4004FF00009B7E7EFF3058313B94FF0000957
:1071D400B1E74FF00109AEE70D4BD3F80C80B2E7ED
:1071E4000C48FFF7D7FEC0E7EFF31184202383F3A5
:1071F4001288BFF36F8F0FF099FE84F31188BFF3E9
:107204006F8F6B7B13F0600FEED1BDE8F88300BF86
:10721400C4130020280B0020B3F1FF3F08BFB2F1D4
:10722400FF3F00D1704708B50249183000F008FC50
:1072340008BD00BFC171010010B5437B90F90D205A
:10724400002A0ADB437B63F07F0343732B4A52F823
:10725400183F934219D1002317E003F07F034373CF
:107264004268036813605A60002303604360E9E7DF
:107274005A6842600360106058601EE01A461F4955
:10728400C9698A420FD01B687BB173B190F90E10A3
:1072940093F90E209142F1D0521A002AE8DC1A46E2
:1072A400002BECD1F0E70023EEE7144BDA6903F18D
:1072B4001801016042601060D861104B9A6853F85D
:1072C400184F9C420ED06CB182420ED0537B13F007
:1072D4001F0F0AD1D3897F2B07D9A3692BB9074B79
:1072E4005A6109E0054BDC68EEE7A24202D0204671
:1072F40000F0ECFA014B5C6110BD00BFC413002028
:1073040010B50C4611460A4882680A4B1A60EFF31E
:107314001183202383F31288BFF36F8FDDE90223E7
:1073240080680FF0D7FE2046FFF744FE10BD00BF73
:10733400C4130020F41300202DE9F04104460E4646
:107344000023EFF31185202282F31288BFF36F8F9D
:107354001F4650E003F07F03637362682368136081
:107364005A6000232360636071B2A173637B63F08E
:107374007F036373424A52F8183F93420ED10023AD
:107384000CE05A686260236014605C601CE01A467A
:107394003B48C06982420DD01B686BB163B193F95D
:1073A4000E209142F3D0521A002AEADC1A46002B2E
:1073B400EED1F2E70023F0E7314BDA6903F118016B
:1073C400216062601460DC612D4B53F8188F98457E
:1073D40020D0B8F1000F1DD0294B9B68984502D0EE
:1073E400404600F073FA264BC3F8148085F31188E5
:1073F400BFF36F8F0123002B3FD1637B03F01F0288
:10740400002A0CBF01270027A4D013F0020F05D1D6
:10741400A673EBE71A4BD3F80C80DDE7A16862682A
:10742400236813605A6000232360636070B2A07302
:107434000B6899420DD100230BE05A686260236007
:1074440014605C60D2E79C464A6894450DD01B6882
:107454006BB163B193F90E209042F4D0121A002A52
:10746400EBDC9C46002BEFD1F2E70023F0E74B68FE
:10747400216063601C604C60B8E73846BDE8F08169
:10748400C413002008B50B4659B9EFF3058242B97D
:10749400064A50699268904203D00846FFF78AFD75
:1074A40003E083F31188BFF36F8F08BDC41300207A
:1074B40008B5034650B9EFF305823AB9064A516953
:1074C4009268914202D0FFF775FD03E083F31188BF
:1074D400BFF36F8F08BD00BFC41300200023EFF378
:1074E4001181202282F31288BFF36F8F09E0064BCB
:1074F4009A68D37B013BD37381F31188BFF36F8FF9
:107504000123002BF3D07047C413002038B50023A7
:10751400EFF31185202282F31288BFF36F8F0EE000
:10752400154BDC6817E0A24202D0204600F0CEF9E9
:10753400114B5C6185F31188BFF36F8F0123BBB9D5
:107544000D4B9A68D17B0131D17353F8184F9C428B
:10755400E6D0002CE4D0537B13F01F0FE3D1D38982
:107564007F2BE0D9A369002BDDD1034B5A61E1E7FE
:107574000FF04FFE38BD00BFC413002008B5024809
:107584000FF052FE08BD00BFD813002038B5EFF34A
:107594001184202383F31288BFF36F8F224B9A68E0
:1075A400DB699A4205D01368516812680A60516019
:1075B40006E00023F8E71C4AD269934212D01B6804
:1075C40093B1194A906890F90E1093F90E209142E4
:1075D400F1D0521A002AEEDD5A684260036010604E
:1075E40058600AE00023EBE70F4B9A68D96903F16E
:1075F4001800106051600A60DA610B4B53F8185F91
:107604009D420DD065B1084B9B689D4202D028462F
:1076140000F05CF9044B5D612046FFF7CBFC38BDFC
:10762400014BDD68EFE700BFC4130020F8B551EA51
:10763400000328D005460C46EFF31187202383F37B
:107644001288BFF36F8F154EB068154B1860FFF7A3
:1076540025FDB0682A4623461249183000F0F0F997
:107664000446B268537B43F0040353733846FFF770
:10767400A1FCB3689A6ADB6AB3F1004F08BF002A21
:1076840005D00020F8BDFFF781FF0020FAE70FF0D6
:107694006EFE201A0028F5DC0020F3E7C413002056
:1076A400F4130020C171010038B5EFF311852023D4
:1076B40083F31288BFF36F8F437B13F0040F04D15D
:1076C40085F31188BFF36F8F38BD044618300FF06F
:1076D4001FFE637B23F0040363732046FFF784FCDF
:1076E40029460248FFF7CEFEEEE700BFF013002064
:1076F400014B9868704700BFC41300202DE9F8437C
:10770400037B03F00107EFF31186202383F3128830
:10771400BFF36F8F457B15F0080F1AD10446B146AD
:1077240000F158080FF07AFC10B345F0200565739A
:10773400EFF305839BB131462046FFF7E3FC67B1C5
:10774400002383F31188BFF36F8F0423184602DFED
:1077540003E086F31188BFF36F8FBDE8F8834146D9
:107764003D4B98680FF05CFC3046FFF723FCE6E7DE
:1077740045F00803637313F0800F33D1A3685BB142
:107784006268236813605A60002323606360627B2D
:1077940022F002026273A36004F118000FF0B8FD36
:1077A40040460FF074FC2C4B9A68944227D0002674
:1077B400294B53F8185F9D4228D03DB3AA4202D00A
:1077C400284600F083F8244B5D61204600F0DEF883
:1077D400FEB9214B9B689C421FD089F31188BFF3EB
:1077E4006F8FACE705F07F0545F0080565736268A7
:1077F400236813605A60002323606360BEE7EFF3DD
:1078040005830BB90026D3E70126D1E7124BDD68C7
:10781400D4E71248FFF7BEFBDBE7EFF30583002B49
:10782400DBD1237B13F0010F12D089F31188BFF34E
:107834006F8F002383F31188BFF36F8F04231846DF
:1078440002DFEFF31189202383F31288BFF36F8FD4
:107854004846FFF7AFFB72E7C4130020280B002053
:10786400044BC01AC010044B03FB00F0034B01226D
:107874001A547047D80B0020ABAAAAAAF813002008
:10788400C3897F2B11D80E4B1B687BB190F90E2056
:107894000C4B1B689A420CDB437B13F01F0F0AD17D
:1078A400094B984209D0012300E0002303F00100B2
:1078B40070470023FAE70023F8E70023F6E700BF48
:1078C40094000020FC130020C809002070B5054670
:1078D4000D4B1E7C06EB46030C4C04EBC304204604
:1078E4000FF016FD0A4B00229A552846FFF7C8FFF1
:1078F40000B970BD074B1A68013AD31706492046F0
:1079040000F09EF8F5E700BFC4130020D80B002058
:10791400F8130020940000206578000038B5EFF3D8
:107924001185202383F31288BFF36F8F144B9C6857
:10793400144B1B68A34217D0124B00221A60104B41
:107944001B7C114AD35C53B12046FFF799FF30B139
:10795400637B13F01F0F0FD02046FFF7B7FF85F3AB
:107964001188BFF36F8F38BD2046FFF7AFFF85F353
:107974001188BFF36F8FF6E72046FFF75DFCEBE756
:10798400C4130020F4130020F8130020EFF3118136
:10799400202383F31288BFF36F8F0A4B1B6A834241
:1079A40004D11A6F074B1A6207E0134613B11A6F1A
:1079B4008242FAD10BB1026F1A6781F31188BFF3C7
:1079C4006F8F7047C413002008B50648064A121A80
:1079D40006490FF012FA0648064A121A06490FF031
:1079E4000CFA08BD0000002098020020A44C0200FC
:1079F4000000002000000020A44C0200034B186883
:107A0400984200D070470020FCE700BF9800002097
:107A140030B1044A5268904201D000687047002097
:107A2400704700BF9800002008B5044B1B680BB1D9
:107A3400002008BDFDF748FFFBE700BF001400204D
:107A44002DE9F04F83B00193B3F1FF3F08BFB2F1CA
:107A5400FF3F0DD00446914681600023EFF3118A65
:107A6400202282F31288BFF36F8F1D461E4635E035
:107A740000252E462846314603B0BDE8F08FFFF7B7
:107A8400D3FF80460135019B43F10006451946EBBF
:107A9400E07625616661384A13685268ED1846EB52
:107AA40002064FF0010B41E0C91A67EB02020161C3
:107AB40042614368636020601C60446005E02F4BB2
:107AC4005A682360626014605C60FFF797FF844229
:107AD40040D08AF31188BFF36F8F0123002BC9D1E3
:107AE4004D46019E6FF00103B3EB09034FF0FF33E2
:107AF40063EB0603002BC2DB1F4B19685B68691834
:107B0400019A43EB02036FF00102521A4FF0FF3166
:107B140061EB030310461946012A73F1000301DAED
:107B240001200021206161614FF0000BFFF766FF27
:107B34000028C4D001694769236962698B4272EBEA
:107B4400070EB1DB5B1A62EB070223616261FFF788
:107B54005FFFEDE70A4B1B68002BBAD1BBF1000FA6
:107B640006D040460FF0B9FB0021FDF773FEB0E7E5
:107B7400FFF75AFF8046F4E7F00B0020980000203E
:107B84000014002070B5EFF31186202383F31288CC
:107B9400BFF36F8F2A4B1860FFF730FF044623E0D2
:107BA400284A136851685B1941EBE5711360516011
:107BB40000220023C4E9042320460FF077FB86F358
:107BC4001188BFF36F8FA36820469847EFF311869F
:107BD400202383F31288BFF36F8F194A13685B1B4A
:107BE4001360FFF70BFF04463CB125696169144B30
:107BF4001A68D317AA428B41D2DA44B12369626965
:107C04000F4909685B1A62EBE172236162610D4AF4
:107C14000B4D2868136851681B1841EBE071136021
:107C2400516000242C6020460FF057FB2146FDF7DD
:107C340011FE86F31188BFF36F8FFFF76FFE70BDDF
:107C440000140020F00B002010B50022EFF3118483
:107C5400202383F31288BFF36F8F134611460CE081
:107C6400FFF7E2FE074A13685168C31841EBE0715D
:107C740084F31188BFF36F8F0122002AF0D01846D5
:107C840010BD00BFF00B0020F8B5EFF311832022E4
:107C940082F31288BFF36F8F026822B183F31188D5
:107CA400BFF36F8FF8BD04461D46826AC36A52EA69
:107CB400030105D0B3F1FF3F08BFB2F1FF3F27D165
:107CC400236B01332363236A6BB185F31188BFF3FC
:107CD4006F8F236A20469847EFF31185202383F39F
:107CE4001288BFF36F8F04F11803A469A3423FD035
:107CF400002C3DD020460FF014FA0023C4F8AC3019
:107D040085F31188BFF36F8F20460FF0EFF9C9E7B1
:107D140016461F46012A73F1000301DA01260027E3
:107D2400013E47F1FF370FF026FB013041F100011E
:107D3400801947EB0101012871F1000108DA6FF0A5
:107D440001024FF0FF330D492046FFF779FEB7E7F4
:107D54000FF011FB013041F10001801947EB0103E1
:107D64006FF00102121A4FF0FF3161EB0303EAE7EF
:107D740085F31188BFF36F8F94E700BF8D7C0000FB
:107D8400F8B51D46EFF31187202383F31288BFF360
:107D94006F8FB5F1FF3F08BFB2F1FF3F1FD006461A
:107DA400144629466FF00102121B4FF0FF3262EBBA
:107DB4000502002A18DB30460FF0AAFADDE9062393
:107DC400C6E90A230023336322462B460B49304677
:107DD400FFF736FE87F31188BFF36F8FF8BD87F383
:107DE4001188BFF36F8FF9E7012C71F1000101DAFB
:107DF40001240025013C45F1FF35DCE78D7C0000C2
:107E040010B5064C05E0A268616820460FF0E1FA5F
:107E14001834034B9C42F6D3002010BDE801002027
:107E2400E801002010B50A4C23681BB1012323602C
:107E3400002010BD00F0F4F80028F7D0013807281E
:107E440003D8044B53F8200010BD034810BD00BFF5
:107E540004140020D41E0200FE8FFFFFBFF34F8FD7
:107E64000549064BCA6802F4E0621343CB60BFF3D2
:107E74004F8F00BFFDE700BF00ED00E00400FA05EE
:107E840030B44FF0FE3200250B4B0C4C0C494968C2
:107E9400C3F80024C3F80424C3F80824C3F80C244A
:107EA400C3F81024C3F81424C3F81824C3F81C24FA
:107EB400C4F8005530BC084700508450004084503A
:107EC400A0000020024BD0E90012C3E90012704761
:107ED400A000002010B5044650B1636813F0685F39
:107EE40005D0064A934202D000236260236010BD8D
:107EF400034B04485B689847EFE700BF2C5F5CA91D
:107F0400A0000020F41E0200C8B143680D4A934249
:107F140013D013F0685F0ED0012350E8002F1946E8
:107F240040E8001C9CF0000FF7D1012AF5D0BFF304
:107F34005F8F0020704704487047044870476FF40F
:107F4400E04070472C5F5CA9E98FFFFFEA8FFFFFD9
:107F5400034680B1426809498A420AD012F0685F38
:107F640005D0BFF35F8F002210461A6070470448A3
:107F74007047044870476FF4E04070472C5F5CA979
:107F8400E98FFFFFEA8FFFFF10B5044620B10023FD
:107F9400034A2360626010BD0248FFF771FFF6E7F1
:107FA4003A00003A1C1F020070B5194CD0F804C006
:107FB4000668C4F804C0D0F808C0C068C4F808C093
:107FC400E06026600868134B134D18604868D5F8C4
:107FD40018215860886812F0685F9860C868096959
:107FE400D860196112D000230C4A05F58A70C5F8CF
:107FF4001431C5F8B831C5F81821C5F8BC21B0470B
:10800400236805F5DC70BDE87040184770BD00BFFB
:10801400BC000020A80000201C1400202C5F5CA9D8
:1080240008B500F011F830B900F010F838B9054A75
:10803400C2F80C0A08BD00F037F8032008BD04207C
:1080440008BD00BF005084500020704710B511488F
:1080540000F048F800B110BD0F4800F043F80028C4
:10806400F9D10E4C204600F03DF80028F3D10C4B1A
:108074000C481C6000F036F801460028EBD100F0F3
:108084002DF8044608B1204610BD00F03FF8204604
:10809400FAE700BFFC000020F8000020F4000020F4
:1080A400EC000020F000002008B5084800F024F897
:1080B400074800F021F8074800F01EF8064800F0D1
:1080C4001BF8BDE8084000F00BB800BFFC0000201E
:1080D400F8000020F4000020F00000200020704789
:1080E400704700BF08B5034B02681B6810689847C7
:1080F400002008BDBC00002008B5034B02685B6883
:1081040010689847002008BDBC00002070B5094CD9
:10811400094D2069AB68984718B1084B08485B685B
:1081240098470021074AEB6811602069BDE8704058
:10813400184700BFA8000020BC000020A0000020B9
:10814400401F02001814002070B5051D04460E4699
:10815400284603F095FC0023314628466367A4F8BB
:108164007830C4E91F33C4E92133074B2360143347
:10817400636012F0E7FC06E0044B2846636003F0FA
:10818400A1FC15F01CFB70BD882C0200DC28020049
:108194002DE9F74FDFF808810190D8F80040631CFF
:1081A400C8F80030002C77D13E4E01223E4B4FF0F0
:1081B400FF3ADFF8F89006F11C001A70B4613C4DE8
:1081C400DFF8F0B03C4FC6E90094C6E90244C6E9C2
:1081D400044400F057FC394A05F11C00C6F800B00D
:1081E4001268C6F824A03262AC61C5E90094C5E9FE
:1081F4000244C5E9044400F045FC314A07F11C007F
:10820400BC611268C5F800B0C5E9082AC7E9009442
:10821400C7E90244C7E9044400F034FC294BC7F819
:1082240000B031461B682848C7E9083A274FFFF7D2
:108234008BFF3846A7F1080603F022FC244B29469D
:10824400384647F8083C1433B467A6F87C40C6E9BE
:108254002044C6E92244C6E9014312F073FC06E057
:108264001C4B1A48B36003F02DFC15F0A8FA1A4C05
:1082740011492046FFF768FF0F491848FFF764FFCC
:108284002369114A43F40053B2672361D8F80030DC
:1082940062670133C8F80030019803B0BDE8F08F7D
:1082A400381C0020101D002064010020B42C0200A2
:1082B400E81C002090280200C01C00201C1C0200A6
:1082C400201C02001C1C0200501E0020E41E002082
:1082D40028290200DC280200C41D0020381D0020CB
:1082E4000B4A1368591E022B10B5044611600DD1B8
:1082F400084814F090FE084814F08DFE074814F066
:108304008AFE03E015F0FDFA15F024FB204610BDAB
:10831400381C0020501E0020C41D0020381D0020E1
:10832400044A0B681268036093421EBF1A68013244
:108334001A607047E815002000220249024808F03C
:108344006DBA00BF3E320200E015002010B5034CA8
:1083540023680BB9FFF7F0FF206810BDE01500207B
:10836400004870473E320200054B10B51B680446B6
:108374000068984201D00FF08CF8204610BD00BF71
:10838400E8150020094A38B50B680D461168044603
:1083940000688B421EBF1A6801321A60814201D004
:1083A4000FF077F82B682046236038BDE8150020CD
:1083B400036823B9034A1368013313600360006838
:1083C40001387047DC1500202DE9F84F04461746A4
:1083D4000846002A63D0FFF7EBFFA3680546013B7C
:1083E40083424DD200F104096FF06043D4F804B025
:1083F400994534BF4FEA89084FF0FF38404615F0DD
:1084040048FC00230646A068984211D1C0F104023A
:1084140000212A449200484588BF002206EB8000D0
:1084240016F0A2F94046D4F80CA015F032FC06E090
:10843400626852F8232046F823200133E4E780469B
:108444000023A06898422CD1C0F1040200212A44E0
:108454009200484588BF002208EB800016F084F99A
:10846400C4F80C80C4E90169BBF1000F02D058467E
:1084740015F038F9BAF1000F02D0504615F032F970
:108484007B68666801337B6056F82530002B45D144
:1084940046F8257000252E46A368AB4241D8BDE8B6
:1084A400F88FE26852F8232048F823200133C9E703
:1084B400D8F80400FFF77CFFA8420AD10846FFF76A
:1084C40077FF56F8203080461BB3384601F0FAF89F
:1084D40015E008F10808D8F80010D1B10846FFF7F4
:1084E40067FFA842E4D1D8F804100846FFF760FFFC
:1084F40056F82030804663B1384603F0B7F8436835
:1085040081460133436056F828000EF06DFF46F8AB
:10851400289056F825000EF067FFB9E7DFF83080A1
:10852400D9E7E36853F8250020B10EF05DFFE36856
:1085340043F825600135AFE715F0E3F9304615F04F
:10854400D1F815F062FB15F005FA15F038F900BF03
:10855400681F02002DE9F04106460C4615461F4FE0
:10856400D7E8AF3FDB0706D4384608F00FF810B160
:10857400384615F081FB1A490F6817B94FF0FF33DD
:1085840008E03846FFF714FFA84248680DD1FFF70A
:108594000FFF0346F16851F8252092B1E4B1236836
:1085A40020465B68BDE8F0411847FFF701FFA84289
:1085B40005D13846FFF7FCFE2B460546EAE70831AD
:1085C400DAE76268501C6060581C41F825401EBF01
:1085D4000232626041F82340BDE8F081EC150020CE
:1085E400681F020010B5074CD4E8AF3FDB0708D47E
:1085F400204607F0CBFF20B12046BDE8104015F01F
:108604003BBB10BD781B00201A2368222DE9F043E0
:10861400836085B0B84B0546016000211846B74C0D
:1086240016F0A2F8B64B682200216860184616F0CE
:108634009BF8B44B00211422E860184616F094F815
:10864400021F40F8044C2A61FFF78AFE00220388C7
:108654001146AD482380012301F04EFBAA4A284667
:10866400AA49FFF7B1FE0121A94808F003F9A84A75
:108674002846A849FFF7A8FEDFF89C820123A748F3
:108684000021A74AC8F804304360A64BC8F800206C
:1086940088F81010A8F8241088F864100360C0F853
:1086A4000880C8E90211C8E90511C8E9071100F0FA
:1086B400A7FB0AE004460D4698480EF094FE2946AE
:1086C400013100F0158115F07AF8944A284696494C
:1086D400FFF77AFE954A0124954B28469549546044
:1086E4001360FFF771FE944A2846944B94495460F2
:1086F4001360FFF769FE934C01236360924B236080
:10870400FFF724FEA060224690492846FFF75CFE4E
:1087140003E004460D468B48CFE78D4F01238D4A75
:108724008D483A6000227B60436011468B4B3A824D
:10873400BA747A6387F8432003608760C7E902222A
:10874400C7E90522C7E90722C7E90922C7E90B22BD
:1087540000F0F6F903E004460D467F48ADE77E4A93
:1087640028467F49FFF730FE7E4E01237E4A7F482C
:10877400326000227360436011467D4B3282B274D2
:10878400726386F8432003608660C6E90222C6E964
:108794000522C6E90722C6E90922C6E90B2200F030
:1087A4008BF903E004460D46704886E76F4A284675
:1087B4007049FFF709FE704A0124704B284670493E
:1087C40054601360FFF700FE6E4A28466E4B6F49F3
:1087D40054601360FFF7F8FD6D4C01226D4B214688
:1087E4006D48236000236260C4E90233C4E90433A2
:1087F400C4E90633C4E90833C4E90A33C4E90C33D1
:10880400C4E90E33C4E91033C4E91233C4E91433A0
:10881400C4E91633C4E91833C4E91A33C4E91C3370
:10882400C4E91E33C4E92033C4E92233C4E9243340
:10883400C4E92633C4E92833C4E92A33C4E92C3310
:10884400C4E92E33C4F8C03084F8C43003F054FBB8
:10885400514A28465149FFF7B7FD514A4FF00109E3
:10886400504B28465049C2F804901360FFF7ACFD02
:108874004E4A28464E4B4F49C2F804901360FFF706
:10888400A3FD49464C4801F0B1FB4B4A28464B49ED
:10889400FFF79AFD4A4A28464A4B4B49C2F80490CE
:1088A4001360FFF791FD494A2846494B4949C2F8EC
:1088B40004901360FFF788FD474A2846474B484910
:1088C400C2F804901360FFF77FFD464A2846464BE2
:1088D4004649C2F804901360FFF776FD01A92846C3
:1088E4000396CDE9018700F0E3FC81E00446E7E666
:1088F400204607F0F3FB00BFE01A0020821F00208F
:10890400781A00204C1B002058180020F41B00206B
:1089140024180020BC1C0020401700204018002010
:10892400D81F020060250200241C002038180020F3
:10893400BC2A0200981C002030180020F82A0200EB
:10894400941C00204C18002044250200181C002010
:10895400B8160020C81F02000C180020B825020019
:108964002C1C0020FC160020B81F02001818002040
:1089740084250200281C0020041800200826020078
:10898400341C0020FC17002020260200301C00208C
:10899400F0150020282B0200E81700207C1C002082
:1089A400E017002038260200201C0020D8170020E1
:1089B400282C0200781C0020C81700201C1C002052
:1089C400C0170020CC200200881B0020B81700200C
:1089D40024210200841B0020B01700207C21020007
:1089E400801B0020A8170020D42102007C1B00203B
:1089F400D5F80C900D48FFF7DBFC49F82080D5F83A
:108A04000C800B48FFF7D4FC48F82070EF68094845
:108A1400FFF7CEFC47F82060EE680748FFF7C8FC74
:108A240046F82040284605B0BDE8F083241C002009
:108A34002C1C0020281C00207C1C002038B5094D6B
:108A44002B686BB9084C02212046FFF7DDFD074B6C
:108A540021462C601C600648BDE838400EF0DABCA4
:108A640038BD00BFE8150020641B0020E415002079
:108A7400601B0020024B1B680BB9FFF7DFBF704778
:108A8400E815002038B500230446094D0360FFF7BC
:108A9400F1FF084A2B6812682360934206D0FFF75F
:108AA400A1FD2B681A68236001321A60204638BD84
:108AB400E4150020E815002038B584680546ACB9F3
:108AC400442007F095FD1A4B04828474446380F8B3
:108AD4004340A860C0E90034C0E90244C0E9054449
:108AE400C0E90744C0E90944C0E90B44AB682E223D
:108AF40010495A742C22AB689A740023AA689160B6
:108B0400D360D362C2E90513C2E90713C2E90913AA
:108B1400094908681063AA685063084A1068AA687B
:108B2400C15C1A4401330B2B82F83810F7D138BDDD
:108B3400B81F020031410200D83F02000C0100209E
:108B440038B584680546ACB9442007F051FD1A4B8A
:108B540004828474446380F84340A860C0E900340C
:108B6400C0E90244C0E90544C0E90744C0E9094436
:108B7400C0E90B44AB682E2210495A742C22AB680E
:108B84009A740023AA689160D360D362C2E9051382
:108B9400C2E90713C2E90913094908681063AA68FE
:108BA4005063084A1068AA68C15C1A4401330B2B4D
:108BB40082F83810F7D138BDC81F020031410200D5
:108BC400D83F02000C010020094B10B50446036095
:108BD400806840B103685B68984704E020460EF063
:108BE40002FC14F0ECFD20460EF0FDFB204610BD07
:108BF40084250200094B10B504460360806840B127
:108C040003685B68984704E020460EF0ECFB14F020
:108C1400D6FD20460EF0E7FB204610BDB825020025
:108C24000D4B10B50360044690F843307BB1806867
:108C340008B114F057FD606908B114F053FDE06900
:108C440008B114F04FFD606A08B114F04BFD2046E2
:108C54000EF0C9FB204610BDB81F02000D4B10B525
:108C64000360044690F843307BB1806808B114F087
:108C740039FD606908B114F035FDE06908B114F0FC
:108C840031FD606A08B114F02DFD20460EF0ABFBF7
:108C9400204610BDC81F020038B584680546ACB92B
:108CA400442007F0A5FC1A4B04828474446380F8C2
:108CB4004340A860C0E90034C0E90244C0E9054467
:108CC400C0E90744C0E90944C0E90B44AB682E225B
:108CD40010495A742C22AB689A740023AA689160D4
:108CE400D360D362C2E90513C2E90713C2E90913C9
:108CF400094908681063AA685063084A1068AA689A
:108D0400C15C1A4401330B2B82F83810F7D138BDFB
:108D1400B81F020031410200D83F02000C010020BC
:108D240038B584680546ACB9442007F061FC1A4B99
:108D340004828474446380F84340A860C0E900342A
:108D4400C0E90244C0E90544C0E90744C0E9094454
:108D5400C0E90B44AB682E2210495A742C22AB682C
:108D64009A740023AA689160D360D362C2E90513A0
:108D7400C2E90713C2E90913094908681063AA681C
:108D84005063084A1068AA68C15C1A4401330B2B6B
:108D940082F83810F7D138BDC81F020031410200F3
:108DA400D83F02000C010020094B10B504460360B3
:108DB400806840B103685B68984704E020460EF081
:108DC40012FB14F0FCFC20460EF00DFB204610BDF7
:108DD400482B0200094B10B504460360806840B17B
:108DE40003685B68984704E020460EF0FCFA14F030
:108DF400E6FC20460EF0F7FA204610BD7C2B02005C
:108E040038B58468054684B9682007F0F1FB1D4B2A
:108E1400446003600474848480F86440A860C0E9FA
:108E24000244C0E90544C0E90744AA682E21164B50
:108E340082F824102C2193600023D3601374AA6851
:108E440082F82510114A1068AA68C15C1A440133DB
:108E5400242B82F82610F7D10D4B18680023AA683A
:108E6400C15C1A4401331A2B82F84A10F7D1AB685B
:108E7400084A5A6104229A61074ADA6105221A6291
:108E840038BD00BFD81F0200314102000401002098
:108E9400080100204032020045320200094B10B59F
:108EA40004460360806840B103685B68984704E047
:108EB40020460EF098FA14F082FC20460EF093FA45
:108EC400204610BD602502000B4B10B5036004461C
:108ED40090F864305BB1806808B114F003FC6069F9
:108EE40008B114F0FFFBE06908B114F0FBFB204665
:108EF4000EF079FA204610BDD81F020038B58468F8
:108F0400054684B9682007F073FB1D4B4460036079
:108F14000474848480F86440A860C0E90244C0E911
:108F24000544C0E90744AA682E21164B82F8241090
:108F34002C2193600023D3601374AA6882F825104F
:108F4400114A1068AA68C15C1A440133242B82F8C0
:108F54002610F7D10D4B18680023AA68C15C1A4487
:108F640001331A2B82F84A10F7D1AB68084A5A61C8
:108F740004229A61074ADA6105221A6238BD00BFE9
:108F8400D81F020031410200040100200801002022
:108F94004032020045320200094B10B5044603601A
:108FA400806840B103685B68984704E020460EF08F
:108FB4001AFA14F004FC20460EF015FA204610BDEF
:108FC400982A020037B5069D144600200849CDE9C9
:108FD400002345B1B0F5881F05F1FF3503D268467B
:108FE4000EF002FCF5E70098001B03B030BD00BF93
:108FF400FFFF10008B070CD5D0E90032D21A022AE9
:1090040009D9064A1188927819809A700368033343
:109014000360012070470020704700BF4B320200FC
:109024007FB5CDE90223099B04A9094A02A8049348
:109034000A9B0593002300930EF08DFC089B029A73
:109044001A600B9B049A1A6007B05DF804FB00BF1A
:10905400FFFF10001FB5CDE90023079B02A9084AB2
:1090640068460293089B039300230EF0B6FC069B0C
:10907400009A1A60099B029A1A6005B05DF804FB15
:10908400FFFF100038B54B0704460CD5D0E9005358
:109094005B1B022B07D903220349284615F06CFBFE
:1090A40008B90335256038BD883302001FB5CDE902
:1090B4000023079B02A9084A68460293089B03936E
:1090C40000230EF0A8FC069B009A1A60099B029AE2
:1090D4001A6005B05DF804FBFFFF100037B50021EE
:1090E40068461446069DCDE90023FFF7CBFF002018
:1090F400074945B1B0F5881F05F1FF3503D268462D
:109104000EF0B6FAF5E70098001B03B030BD00BFBF
:10911400FFFF10007FB5CDE90223099B04A9094A8A
:1091240002A804930A9B05930023009301230EF0E5
:1091340095FC089B029A1A600B9B049A1A6007B06C
:109144005DF804FBFFFF100013B514461946002315
:10915400049A20460093034B0EF0ADFC001B02B0B2
:1091640010BD00BFFFFF100073B51C461149DDE9B7
:109174000765CDE90023009884420ED0B5420CD097
:1091840068460EF031FB831C01D1012008E0B0F5E4
:10919400881F0CD246F8040BEDE7201A18BF0120F3
:1091A400069B009A1A60099B1E6002B070BD0220E3
:1091B400F6E700BFFFFF1000F7B5089E144600272E
:1091C4000E49CDE900237D1CAE4206D80BD14FF6E3
:1091D400FF7168460EF008FB05E068460EF004FBDC
:1091E400B0F5881F03D30098001B03B0F0BDB0F5A1
:1091F400803F38BF3D466F1CE5E700BFFFFF10000E
:10920400F0B585B01C46154F0C9ECDE900230B9B91
:10921400CDE90236009D029BAC421DD09E421BD07C
:10922400394668460EF0E0FA831C014609D0B1F5D0
:10923400881F0FD2012202A80EF041FB0028E9D1B9
:10924400009501200A9B009A1A600D9B029A1A60ED
:1092540005B0F0BD0220F5E70020F3E7FFFF1000A2
:10926400034B10B5044603600EF0BDF8204610BD54
:10927400A8210200034B10B5044603600EF0B3F8B6
:10928400204610BDA0200200034B10B50446036025
:109294000EF0A9F8204610BDF8200200034B10B5CB
:1092A400044603600EF09FF8204610BD50210200D2
:1092B4002DE9F0470123564DD1F80880044628468D
:1092C400D1E900766B600021524BAF602B60FFF751
:1092D40015FE04E04E480EF086F814F070FA6B6840
:1092E400D4F8049001334C486B60FFF761F8012314
:1092F40049F82050494D6B60494B2B60FFF726F825
:109304006B68D4F804900133A86046486B60FFF79B
:109314004FF8012349F82050434D00226B60114659
:10932400424B2846AE602B60FFF7FAFC03E03B4853
:10933400D1E73D48CFE76B68D4F8049001333C484B
:109344006B60FFF735F8012349F82050394D0022AE
:109354006B601146384B2846C5F808802B60FFF730
:109364009BFC01E03348B6E76B68D4F80490013302
:1093740032486B60FFF71CF8D4F804A049F8205079
:109384004FF002092E4D2F4B2F482B60C5F8049047
:10939400FFF70EF82D4B4AF82050D4F804A02C4DBA
:1093A4002C482B60C5F80490FFF702F82A4B4AF8C2
:1093B40020502A4DD4F804A029482B60C5F8049005
:1093C400FEF7F6FF4AF820500121264D284602F008
:1093D400ADFD6B68D4F80490013323486B60FEF74D
:1093E400E7FF49F82050E5680B48FEF7E1FF45F830
:1093F4002070E5680E48FEF7DBFFE46845F820605E
:109404000E48FEF7D5FF44F82080BDE8F08700BF82
:10941400CC1B0020982A0200801C0020D81B0020AE
:109424007C2A02006C1C0020B41B00207C2B020050
:10943400881C0020C01B0020482B0200841C002034
:10944400AC1B0020F82B0200901C0020102C020002
:10945400A41B00208C1C00203C2C02009C1B002020
:10946400741C00208C1B0020701C002088422DE9F5
:10947400F04104460D4618D0A0B1A1EB000800212C
:10948400404600F0BDFA00F10C0706462146384676
:109494002A460FF032F84146304600F0A5FA384625
:1094A400BDE8F081024802F071FA024FF7E700BF0D
:1094B4008B330200F01B0020836937B504460D4648
:1094C40003B198472B68A3F10C0053F8043C002B1C
:1094D4000ADB00F06BFB20602B6853F80C3C6360E4
:1094E400044BA36103B030BD002201A90FF0C0F802
:1094F400F1E700BF457E0100074B002210B5036071
:10950400044603690C30DA600EF09CFC2046FFF739
:1095140043FD204610BD00BF08230200084B002273
:1095240010B50360044603690C30DA609A611A626C
:109534009A620EF087FC2046FFF736FC204610BDE9
:1095440048230200084B002210B503600446036957
:109554000C30DA609A611A629A620EF073FC20464B
:10956400FFF738FC204610BD7C230200054B10B5E4
:10957400044640F8103B0EF065FC204602F01EFB4A
:10958400204610BDE0230200084B10B5044640F805
:109594000C3B0EF057FC064B204640F8083B14F0F9
:1095A40035FE20460DF01FFF204610BD2C2302007F
:1095B4007C2A0200064B10B5044640F8083B0EF026
:1095C40041FC044B204623600DF00DFF204610BDE6
:1095D400B0230200F82B0200064B10B5044640F8F5
:1095E400083B0EF02FFC044B204623600DF0FBFEDD
:1095F400204610BDC8230200102C0200064B10B5F3
:10960400044640F8083B0EF01DFC044B2046236042
:109614000DF0E9FE204610BDFC2302003C2C0200A4
:1096240082B02DE9F0438BB0054617461A9813AC67
:10963400139315AB9DF85C20DDE9181898B1CDE9BA
:109644000480CDE9022193E803008DE80300394644
:10965400284694E80C0011F0CBFC28460BB0BDE87A
:10966400F04302B07047164809AE0DF1180909908D
:10967400CDE90486CDE9022193E803008DE80300D7
:109684003946484694E80C0011F0D1FCD8F8003073
:1096940099E8030084E803003BB194E8030085E8FB
:1096A400030030460EF0C3FBD7E731461B98FFF7A3
:1096B40003FFF2E730460EF0BAFB14F080F800BF67
:1096C400F01B002070B56FF001030C468D4A05466F
:1096D4008D4914F009F8064610B10468204670BD9F
:1096E4008A4B9C423BD1142006F082FF044668203A
:1096F40006F07EFF864B00210646A0600360854B82
:1097040041600174818480F8641061602360C0E961
:109714000211C0E90511C0E907112046FFF7EEFB6D
:1097240003E020460DF05FFE14E06B6832462946E4
:109734004FF000000133E56026616B60764B2360D7
:1097440010F037FECAE704F10C000EF07BFB204654
:10975400FFF722FC204613F0C1FF14F030F86F4BE2
:109764009C4211D1102006F043FF6D4B4660044625
:109774000360FEF7EBFD6B6801336B60694BC4E972
:1097840002052360AAE7CCE7674B9C420AD10C2070
:1097940006F02EFF6B6804460133C0E901656B6077
:1097A400624BEEE7624B9C420AD10C2006F020FF8C
:1097B4006B6804460133C0E901656B605D4BE0E70B
:1097C4005D4B9C420AD10C2006F012FF6B680446E4
:1097D4000133C0E901656B60584BD2E7584B9C429A
:1097E4003AD1142006F004FF0446442006F000FF9A
:1097F400544B00220646A06003601146524BC260DF
:1098040002828274426380F8432062602360C0E96C
:109814000122C0E90522C0E90722C0E90922C0E902
:109824000B222046FFF738FA00E07AE76B683246ED
:1098340029464FF000000133E56026616B60434B1D
:10984400236010F01BFE49E704F10C000EF0FAFA55
:109854002046FFF7A9FA7DE73D4B9C423AD11420FC
:1098640006F0C6FE0446442006F0C2FE394B002230
:109874000646A06003601146374BC26002828274C0
:10988400426380F8432062602360C0E90122C0E99A
:109894000522C0E90722C0E90922C0E90B222046BB
:1098A400FFF73EFA00E03CE76B68324629464FF08A
:1098B40000000133E56026616B60284B236010F0E3
:1098C4003BFE0BE704F10C000EF0BCFA2046FFF758
:1098D40081FA3FE7224B9C420CD1142006F088FE0B
:1098E4003146044602F022FB6B68256101336B604C
:1098F4001C4B46E71C4802F049F82BE72AE729E706
:1099040028E700BFD8220200601F0200801C00204C
:10991400D81F0200982A0200082302006C1C0020B1
:109924007C2A02002C230200741C0020FC23020069
:10993400901C0020B02302008C1C0020C8230200CD
:10994400841C0020B81F0200482B02004823020098
:10995400881C0020C81F02007C2B02007C2302000C
:10996400701C0020E0230200B53302008B6913B59C
:10997400044613B9064802F009F8D1E9000101AA26
:109984000144FFF773FD2060204602B010BD00BF04
:10999400E233020008B50346084611461B6853F833
:1099A4000C3C834203D20246014811F08FF808BDF3
:1099B400CB350200F8B5044617460E46094A194647
:1099C4001D46FFF7E7FF216851F80C4C641BBC42AD
:1099D40028BF3C4624B12246294430460EF066FD99
:1099E4002046F8BD02360200044B984204D00023FE
:1099F4000160836008440373704700BFE41B0020C8
:109A0400134A904210B5044602D9124801F0D6FF19
:109A1400884207D804F10D0006F0EAFD00224460F4
:109A2400826010BD4B00984238BF1C4604F11D03F0
:109A340004F10D00B3F5805FEED98C42ECD904F546
:109A44008054C3F30B03E41A944228BF1446E1E79D
:109A5400FCFFFF3F15360200F8B50F46044680B1FF
:109A64000021FFF7CDFF00F10C06054621463046E4
:109A74003A460EF033FD21462846FFF7B5FF30463F
:109A8400F8BD014EFBE700BFF01B0020054A9042E1
:109A940010B506D08268541E002A846001DC0EF0E2
:109AA40055FD10BDE41B0020036813B50446A3F163
:109AB4000C0053F8043C002B06DD01A9FFF7E6FF78
:109AC400034B236002B010BD0021FFF78DFFF9E7BF
:109AD400F01B002070B504461546094A0E46FFF7F0
:109AE40059FF23680146204653F80C2C0023921B8F
:109AF400AA4228BF2A460EF02BFD204670BD00BFA7
:109B04002D360200F8B51C46174605460E460A4B8C
:109B1400224639460EF0AFFC23463A4631462846E3
:109B24000EF016FD34B1286821469DF81820304403
:109B34000EF0D4FC2846F8BD4136020073B50E463B
:109B440001680446184B51F80C1C15460EF093FCA2
:109B5400314620460EF09DFC034620681BB950F8A0
:109B6400043C002B0BDD0095334650F80C2C0021EF
:109B740020460EF06CFD0446204602B070BD331A38
:109B84009D4209D82A4631460EF090FC20682946A9
:109B94000C38FFF729FFEFE7002BF7D02A463146B0
:109BA4000EF090FCF2E700BF5E360200054B9842CF
:109BB40000F10C001EBF50F8043C013340F8043C93
:109BC400704700BFE41B00202DE9F04104460D4618
:109BD40090462AB3184B00210EF04DFC276857F825
:109BE4000C6C57F8083C46449E4203D857F8043C92
:109BF400002B08DD294620460EF04BFC98B1314677
:109C040020460EF04EFD23682946424653F80C0CBC
:109C140018440EF04BFC206831460C38FFF7E4FE84
:109C24002046BDE8F08131462046EF1B0EF039FD99
:109C340025683D44E7E700BF73360200F8B50446E3
:109C440017460D4609B30A46114B00210EF013FCCA
:109C5400236853F80C6C53F8082C2E44964203D80E
:109C640053F8043C002B03DD314620460EF019FD69
:109C7400236829463A4653F80C0C18440EF02EFC7F
:109C8400206831460C38FFF7AFFE2046F8BD00BF10
:109C940073360200F8B503680C4617460A4653F8B3
:109CA4000C6C0546094B31460EF0E5FBB44205D970
:109CB4003A46A11B2846FFF7C1FFF8BDFDD24FF07D
:109CC400FF3221462846FFF705FFF6E788360200F3
:109CD400084B10B5044640F8083B14F097FA237B70
:109CE4001BB1A06908B113F0FDFC20460DF07BFB0D
:109CF400204610BD4C24020038B5003B044618BF72
:109D0400012309B90A460E49002563600D4B04F18D
:109D14001D0022734FF480722360A1612946C4E9B7
:109D2400045514F021FD4FF48072294604F21D10ED
:109D3400257714F019FD204684F81D5238BD00BF64
:109D44003A4202004C240200034B10B5044603605F
:109D54000DF049FB204610BD08260200034B10B548
:109D6400044603600DF03FFB204610BD2026020090
:109D7400034B10B5044603600DF035FB204610BDBF
:109D840038260200054B10B5044640F8083B14F091
:109D94003DFA20460DF027FB204610BDEC250200BD
:109DA400054B10B5044640F8083B14F02FFA204642
:109DB4000DF019FB204610BD4425020008B5436888
:109DC400C3F17F5303F57F1303F57F533F339A4267
:109DD40002D9034801F0F2FDBDE8084013F05BBB73
:109DE40073360200F8B506461C48FEF7E1FA05464C
:109DF4003368DF6857F82030F3B9442006F0F8FBE5
:109E0400174B3146044603600023C0E90133C360A5
:109E140003828374436380F84330C0E90533C0E9A7
:109E24000733C0E90933C0E90B3302F033FA2A4699
:109E340021463068FEF78EFB57F82500F8BD13F075
:109E440060FD13F0E2FE13F085FD13F0B8FC13F08F
:109E540058FD236820465B689847F2E72C1C0020D5
:109E6400C81F02004368994270B50646154604D9D6
:109E74000A460A480A4910F029FE6A1C04D10368FC
:109E8400002271605A5470BD002DFCD05A1AAA42A7
:109E940028BF2A46BDE8704013F070BACB350200E3
:109EA4002D360200F8B506461C48FEF781FA054631
:109EB4003368DF6857F82030F3B9442006F098FB84
:109EC400174B3146044603600023C0E90133C360E5
:109ED40003828374436380F84330C0E90533C0E9E7
:109EE4000733C0E90933C0E90B3302F09FFA2A466D
:109EF40021463068FEF72EFB57F82500F8BD13F015
:109F040000FD13F082FE13F025FD13F058FC13F04E
:109F1400F8FC236820465B689847F2E7281C002079
:109F2400B81F020038B500F1080305460C4603606B
:109F340011B9064801F02AFD0846F6F781FF2146CB
:109F440022182846BDE838400EF0A9BDB8360200F4
:109F540037B51D464368994204D90A46054806495F
:109F640010F0B4FD13460022009505F0C3FE03B0C3
:109F740030BD00BFCB350200EA36020008B42DE93B
:109F8400F7410F4604200021904608F025FA1649AF
:109F94000546F6F74BFF044678B12846F6F750FF1E
:109FA400461C304613F075FE29463246044614F02A
:109FB400B4FB0D49042008F00FFA0AAB099A414694
:109FC4003846019309F06EFA054634B1214604205F
:109FD40008F002FA204613F085FB284603B0BDE8DA
:109FE400F04101B0704700BFFF3602000039094B51
:109FF40018BF012110B5416004460360FEF7A6F9BD
:10A0040004E020460DF0EFF913F0D9FBA0602046E0
:10A0140010BD00BFEC2502002DE9F04F91B00646BB
:10A02400894604AF07F1080507F1140097F860A00A
:10A0340085E80C0097F858303B60FB6D03F16C0128
:10A04400FEF76EF907F1140001F086FF90B0786016
:10A054000DF11008FEF77AF9B8614022414607F184
:10A064001800D7E91A34CDE9023400230093324BA7
:10A07400FFF784FF3F28044619DD083400F1010B83
:10A0840024F00704ADEB040D0DF11008FEF75EF9A2
:10A09400B8615A46414607F11800D7E91A34CDE9A8
:10A0A400023400230093244BFFF768FF044607F1B2
:10A0B40020030022214607F11800BB6113F0FFF8CA
:10A0C400BB6908EB0402414678680EF0C7FC3B68A4
:10A0D40063B107F1180349463046CDE901A3FB6D8E
:10A0E400009395E80C000EF0D1FF17E007F1180378
:10A0F40049463046CDE901A3FB6D009395E80C0079
:10A104000FF0EEF80AE007F1180013F093F807F1E6
:10A114001400FEF729F913F052FBF8E707F11800D1
:10A1240013F088F807F11400FEF71EF930463437AF
:10A13400BD46BDE8F08F00BF013702002DE9F04FA6
:10A14400ABB08946369D0EA90B9005F16C06DDF87F
:10A15400E0A03A9C304681E80C0002F05FF80890D9
:10A164003046002601F0F8FE83463998F6F768FE7B
:10A1740010960A9034A90EA80FF017FADDF8408063
:10A18400002800F073840A9B9E4280F06F84B8F12B
:10A19400000F00F07F84379B379A1B6843F0040359
:10A1A400136000F06BBC089B0CAF0EAE9B68DA6AC0
:10A1B40012921A6B13925A6B14929A6B1592DA6B71
:10A1C40016921A6C17925A6C18929A6C1992DA6C4D
:10A1D4001A921A6D1B925A6D1C929A6D1D92DA6D29
:10A1E4001E921B6E1F9310ABCDE905530E230493EF
:10A1F40012AB039311AB029334AB93E803008DE8E5
:10A2040003004946384696E80C000FF01BFA109BF1
:10A2140097E8030086E80300002B3CD1119A07233A
:10A2240092FBF3F3C3EBC303D21ACAF818202378C2
:10A2340043F00203DDE0089B12AA0CAF0EAE98684F
:10A2440011460EF0B5FB1EA90EF0D0FB10ABCDE904
:10A2540005531823CDE9032311AB029334AB93E8E0
:10A2640003008DE803004946384696E80C000FF0D9
:10A27400E9F9109B97E8030086E803005BB9119B9A
:10A284000C2293FBF2F102FB1133CAF8103023883D
:10A2940043F481632380099E01366BE7089B0CAF6E
:10A2A40006949B689B69059310ABCDF810A00EAE85
:10A2B400CDE9025334AB93E803008DE8030049462B
:10A2C400384696E80C00FFF739FF109B97E8030027
:10A2D40086E80300002BDED1637843F0040376E1C3
:10A2E40010AB02260CAFCDE906536323CDE9043647
:10A2F40000230EAE039311AB029334AB93E8030037
:10A304008DE803004946384696E80C000FF054F9EE
:10A31400109B97E8030086E80300002BBBD1119B38
:10A324006360238843F49063B4E730460FF01CF96C
:10A33400DBF81830C0B21B5C180702D530460EF0AB
:10A3440084FB10AB02210CAF0EAECDE906531F23E4
:10A35400CDE904310123039311AB029334AB93E8A9
:10A3640003008DE803004946384696E80C000FF0D8
:10A3740023F9109B97E8030086E80300002B8AD199
:10A38400119BCAF80C30238843F4826382E712AE2F
:10A39400B84A58460CAF3346A2F109010EF05EFBF1
:10A3A400CDE9056480E710AB02220CAF0EAECDE917
:10A3B40006531723CDE904320023039311AB029310
:10A3C40034AB93E803008DE803004946384696E829
:10A3D4000C000FF0F1F8109A97E8030086E80300E8
:10A3E400002A7FF458AF119BCAF80830237862F32F
:10A3F400000323704FE710AB0C270DF130080EAEAD
:10A40400CDE906530223CDE904730123039311AB71
:10A41400029334AB93E803008DE8030049464046B9
:10A4240096E80C000FF0C8F8109B98E8030086E843
:10A434000300002B7FF42FAF119B93FBF7F207FB74
:10A444001233CAF80830237843F00103D1E710AB84
:10A454004FF003080CAF0EAECDE906534FF4B773BB
:10A46400CDE904380123039311AB029334AB93E891
:10A4740003008DE803004946384696E80C000FF0C7
:10A484009BF8109B97E8030086E80300002B7FF4F9
:10A4940002AF119B013BCAF81C30237843F004033C
:10A4A400A7E710AB4FF0020E0CAF0EAECDE906538A
:10A4B4000C23CDE9043E0123039311AB029334AB87
:10A4C40093E803008DE803004946384696E80C00FB
:10A4D4000FF072F8109B97E8030086E80300002B46
:10A4E4007FF4D9AE119B013BCAF81030237843F0B6
:10A4F40008037EE710AB4FF0020C0CAF0EAECDE9B3
:10A5040006533B23CDE9043C0023039311AB029390
:10A5140034AB93E803008DE803004946384696E8D7
:10A524000C000FF049F8109B97E8030086E803003D
:10A53400002B7FF4B0AE119BCAF80430ABE634A90B
:10A544000EA80FF032F800283FF4A5AE0EA80FF0C5
:10A554000BF8DBF81830C0B21B5C1E077FF59BAE0E
:10A564000EA80EF072FAEAE7089B9B681A6A129228
:10A574005B6A13931278002A3FF48DAE1B78002B8C
:10A584003FF489AE10AB0CAF0EAECDE905530223F8
:10A59400049312AB039311AB029334AB93E803001F
:10A5A4008DE803004946384696E80C000FF04AF857
:10A5B400109B97E8030086E80300002B7FF46BAE42
:10A5C400119B002B3FF467AE637843F00103637083
:10A5D40061E6089B0CAF06949B689B6A059309E0AF
:10A5E40012AE254A3346911F0CAF58460EF036FA88
:10A5F400CDE9056410ABCDF810A00EAECDE9025341
:10A6040034AB93E803008DE803004946384696E8E6
:10A614000C00FFF793FD97E8030086E803003AE691
:10A6240010AB02200CAF0EAECDE906533C23CDE9AE
:10A6340004300023039311AB029334AB93E803007B
:10A644008DE803004946384696E80C000EF0B4FF46
:10A65400109B97E8030086E80300002B7FF41BAEF1
:10A66400119BCAF8003016E612AE044A3346A2F132
:10A674000901B9E710370200163702001F3702003C
:10A6840010AB02210CAF0EAECDE906533523CDE954
:10A6940004310023039311AB029334AB93E803001A
:10A6A4008DE803004946384696E80C000EF084FF16
:10A6B400109B97E8030086E80300002B7FF4EBADC2
:10A6C400119B22681B0422F47C1203F47C1322F0F5
:10A6D400200243F0200313432360DCE510AB012286
:10A6E4000CAF0EAECDE906530623CDE904320023A8
:10A6F400039311AB029334AB93E803008DE803009A
:10A704004946384696E80C000EF056FF109B97E831
:10A71400030086E80300002B7FF4BDAD119BCAF84B
:10A72400183084E510AB4FF002080CAF0EAECDE943
:10A7340006533523CDE904380023039311AB029368
:10A7440034AB93E803008DE803004946384696E8A5
:10A754000C000EF031FF109B97E8030086E803001D
:10A76400002B7FF498AD119B22681B0422F47C1209
:10A7740003F47C1322F0400243F04003ABE7089B50
:10A784000CAF06949B689B6828E7089B0CAF069463
:10A794009B681B6922E710AB4FF0020E0CAF0EAEA4
:10A7A400CDE906536323CDE9043E0023039311ABA3
:10A7B400029334AB93E803008DE80300494638461E
:10A7C40096E80C000EF0F8FE109B97E8030086E86C
:10A7D4000300002B7FF45FAD637834A9304623F087
:10A7E400060343F0060363700EF0DFFE00283BD03F
:10A7F40030460EF0B9FE2A22C1B258460EF085FA50
:10A80400A0F130085FFA88F3092B2DD830460A27C7
:10A814000EF01BF9119B34A9304607FB03831193F7
:10A824000EF0C3FEA0B130460EF09EFE2A22C1B245
:10A8340058460EF06AFAA0F130085FFA88F3092B43
:10A8440006D830460EF001F9119B07FB03831193E0
:10A85400119BA3F26C73119363786FF341036370DC
:10A86400119BCAF8143016E5119B442BDCBF6433EA
:10A874001193F5E710AB4FF0040C0CAF0EAECDE91D
:10A88400065342F20F73CDE9043C0023039311AB4A
:10A89400029334AB93E803008DE80300494638463D
:10A8A40096E80C000EF088FE109B97E8030086E8FB
:10A8B4000300002B7FF4EFAC119BA3F26C73CAF876
:10A8C4001430637823F0060307E530460EF04CFE9F
:10A8D400DBF81830C0B21B5CDF0740F1828010AB9C
:10A8E4000CAFCDE905530E230493694B039312ABCC
:10A8F400029334AB93E803008DE8030049463846DD
:10A9040096E80C000EF09EFE97E8030086E803002C
:10A9140034A930460EF049FE00283FF4BCAC109B2D
:10A92400129A13437FF4B7AC30460EF01DFE07466F
:10A934002D215846FFB20EF0D7F9B84235D117236E
:10A94400022110AF00220CAE0DF138080392CDE9BC
:10A95400043112A9029134A9CDE9065703C98DE83F
:10A9640003004946304698E80C000EF025FE3B23D0
:10A97400002296E8030088E8030002200392CDE950
:10A98400043012AB029334ABCDE9065793E80300CD
:10A994008DE803004946304698E80C000EF00CFEA2
:10A9A40096E8030088E8030075E430460EF0DCFD09
:10A9B40006462B215846F6B20EF096F9B0427FF4C3
:10A9C4006AACBCE730460EF0CFFD07462521584659
:10A9D400FFB20EF089F9B84203D130460EF035F8D3
:10A9E40059E4109B43F00403109354E4399B995D9C
:10A9F400DBF818305B5C1A0714D534A90EA80EF0E6
:10AA0400D4FD00283FF448AC0EA80EF0ADFDDBF8F1
:10AA14001830C0B21B5C1B077FF53EAC0EA80EF0CD
:10AA240014F8EAE758460EF05CF980460EA80EF0DA
:10AA34009BFDC1B258460EF054F9804512D03978C6
:10AA440058460EF04BF907460EA80EF08DFDC1B224
:10AA540058460EF043F9874204D0109B43F0040398
:10AA6400109319E40EA80DF0F0FF15E4B8F1000FEF
:10AA74007FF491AB0A9B9E427FF48DAB0EAB93E8BF
:10AA840003000B9B83E8030018462BB0BDE8F08F4E
:10AA940010010020399B42465846995D9F190EF0DB
:10AAA40034F92528A2D1731C711C424658460993D7
:10AAB400399B595C0EF029F94528CDF8448001D022
:10AAC4004F2808D1B31C0022584609930999399B91
:10AAD400595C0EF01AF925380EAE542881D801A31A
:10AAE40053F820F0C9A90000E7A90000E7A9000075
:10AAF400E7A90000E7A90000E7A90000E7A9000012
:10AB0400E7A90000E7A90000E7A90000E7A9000001
:10AB1400E7A90000E7A90000E7A90000E7A90000F1
:10AB2400E7A90000E7A90000E7A90000E7A90000E1
:10AB3400E7A90000E7A90000E7A90000E7A90000D1
:10AB4400E7A90000E7A90000E7A90000E7A90000C1
:10AB5400E7A90000ABA100003BA20000E5A20000B1
:10AB640093A30000E7A90000E7A90000E7A90000FB
:10AB7400ABA30000FBA30000E7A90000E7A90000C5
:10AB8400E7A90000F9A40000E7A90000E7A9000074
:10AB9400E7A90000E7A90000E5A5000025A600003C
:10ABA4006DA6000085A60000E7A9000029A7000003
:10ABB4008FA7000079A80000CFA80000E7A9000033
:10ABC400E7A90000E7A90000E7A90000E7A9000041
:10ABD400E7A90000ABA100003BA20000A1A2000075
:10ABE4002FA300002FA30000E7A90000E7A900009D
:10ABF4003BA20000E7A9000053A40000E7A900005D
:10AC0400E7A90000A7A4000043A50000E7A90000ED
:10AC14006DA50000E7A90000D7A50000E7A9000082
:10AC240043A50000E7A90000E7A90000E1A6000091
:10AC340083A700009BA700002DE9F04F99B008A955
:10AC4400059081E80C00DDE9243903F16C04204609
:10AC540001F082F904902046FFF724F900F138034B
:10AC640005460693036A1BB1836A003B18BF0123A0
:10AC740001930EAB0C9300230D938DF838302B7C8D
:10AC840053B914AB202112A81293002313938DF807
:10AC9400503012F088FB04E020210CA812F083FB52
:10ACA400EFE7002605F13903B046079337466B6B8F
:10ACB40003960B93009602960BAB9B5D042B41D835
:10ACC400DFE813F00C01F2000C0071000500DFF85E
:10ACD40060A222A908A80EF068FCE0E0249BDB68CF
:10ACE40098051FD4009B012B1CD8DEB1012E0BD17B
:10ACF400019BBBB99DF82C30032B13D09DF82E304B
:10AD0400012B0FD00226D7E7022E40F00B819DF8CD
:10AD14002F30042B06D0019A002A00F0FE80032B6A
:10AD240040F0FD80D5F818B04FF0000A22A908A819
:10AD34000EF03BFC02E00AF1010AF7E7044618B9F9
:10AD4400DA4510D1012418E0DA4516D008A80EF02F
:10AD54000BFC6B69C0B213F80A30834203D108A814
:10AD64000DF073FEE7E7BAF1000F40F0D280249BA8
:10AD7400DC6884F40074C4F340240136042E40F0EB
:10AD8400B180009B012B40F2FB80002C00F0AD80D1
:10AD9400029B002B00F0C8806E6A012422A908A837
:10ADA4000EF003FCC6E02B6A33B9AB6ACBB122A91F
:10ADB40008A80EF0FAFB1AE022A908A80EF0F5FB89
:10ADC40004460028F1D008A80EF0CEFBEB69C0B20F
:10ADD4001B788342E9D12B6A08A800930DF035FE55
:10ADE400CBE72B6AA3B9019B83F00104C5E70446B2
:10ADF4000028F6D008A80EF0B7FB6B6AC0B21B7827
:10AE04008342EED1AB6A08A800930DF01EFE82E0E7
:10AE1400AB6A002BE7D101231C460293ADE708A8D7
:10AE24000EF0A2FB5FFA80FB0DF12B020A210798BA
:10AE34008DF82BB00DF017FB60B1069BC01ADAF841
:10AE44000030195C12A812F0CCFA013708A80DF0F2
:10AE5400FCFD3EE76B7C5B4509D1B8F1000F1AD1CC
:10AE6400EB6A002B12DDA04603970027EEE72B7C4C
:10AE740063B1AA7C5A4508D1B8F1000F0BD167B170
:10AE8400F9B20CA812F0ADFAEFE71C46139B002BA5
:10AE940008BF002471E74446F8E73C46F6E7044659
:10AEA4000028BCD10124F1E722A908A80EF07DFBFB
:10AEB40040B90024032E3FF464AF22A908A80EF081
:10AEC40074FB0DE008A80EF04FFB049BC0B29B6915
:10AED4001B5C1907EDD508A80DF0B7FD0124E9E7BF
:10AEE40050B90136002C7FF4E7AED9F8003043F0B6
:10AEF4000403C9F8003074E008A80EF035FB049B85
:10AF0400C0B29B691B5C1A07EBD508A80DF09DFD28
:10AF1400D3E7002431E702942FE70326CCE6019C13
:10AF24000326DFE701242CE7EE6936E7013435E731
:10AF34000C010020009BB0B9A342D6D1139B012B76
:10AF440021D90022302112A812F03CFB0246D0B1D4
:10AF5400431C4FF0000112A804BF139A02F1FF3200
:10AF6400FEF780FF0FE0A342E8D008A80EF0FCFA39
:10AF7400335DC0B28342B8D108A80DF066FDD5E7B1
:10AF8400002CB2D0DAE7029B53B90D9BFBB1B8F1A8
:10AF9400000F0ED09DF80C100CA812F022FA0AE053
:10AFA40012990B78302BF0D02D2212A812F055FAFA
:10AFB400EBE7F9B2F0E70CAAD5E9020113F03EFA87
:10AFC40028B9D9F8003043F00403C9F80030B8F1C7
:10AFD400000F02D0EB6ABB4287D112A9269812F067
:10AFE4007AFA08AC22A920460EF0CDFA28B1D9F895
:10AFF400003043F00203C9F80030059B94E80300D5
:10B0040083E8030012A812F015F90CA812F012F943
:10B01400059819B0BDE8F08F12A812F00BF90CA82E
:10B0240012F008F912F0CBFBF9E700BF2DE9F04F5D
:10B0340099B008A9059081E80C00DDE9243903F1F1
:10B044006C04204600F088FF04902046FEF7CAFEF8
:10B0540000F1380305460693036A1BB1836A003B7B
:10B0640018BF012301930EAB0C9300230D938DF8AD
:10B0740038302B7C53B914AB202112A8129300232F
:10B0840013938DF8503012F08EF904E020210CA8AF
:10B0940012F089F9EFE7002605F13903B04607936A
:10B0A40037466B6B03960B93009602960BAB9B5D36
:10B0B400042B41D8DFE813F00C01F2000C007100FE
:10B0C4000500DFF860A222A908A80EF06EFAE0E0FD
:10B0D400249BDB6898051FD4009B012B1CD8DEB190
:10B0E400012E0BD1019BBBB99DF82C30032B13D03F
:10B0F4009DF82E30012B0FD00226D7E7022E40F008
:10B104000B819DF82F30042B06D0019A002A00F001
:10B11400FE80032B40F0FD80D5F818B04FF0000AF4
:10B1240022A908A80EF041FA02E00AF1010AF7E7A1
:10B13400044618B9DA4510D1012418E0DA4516D0CE
:10B1440008A80EF011FA6B69C0B213F80A308342F2
:10B1540003D108A80DF079FCE7E7BAF1000F40F03D
:10B16400D280249BDC6884F40074C4F34024013648
:10B17400042E40F0B180009B012B40F2FB80002C98
:10B1840000F0AD80029B002B00F0C8806E6A0124A1
:10B1940022A908A80EF009FAC6E02B6A33B9AB6AF3
:10B1A400CBB122A908A80EF000FA1AE022A908A837
:10B1B4000EF0FBF904460028F1D008A80EF0D4F9EB
:10B1C400EB69C0B21B788342E9D12B6A08A80093CB
:10B1D4000DF03BFCCBE72B6AA3B9019B83F0010480
:10B1E400C5E704460028F6D008A80EF0BDF96B6A3E
:10B1F400C0B21B788342EED1AB6A08A800930DF06D
:10B2040024FC82E0AB6A002BE7D101231C460293A5
:10B21400ADE708A80EF0A8F95FFA80FB0DF12B0248
:10B224000A2107988DF82BB00DF01DF960B1069B2B
:10B23400C01ADAF80030195C12A812F0D2F80137FB
:10B2440008A80DF002FC3EE76B7C5B4509D1B8F120
:10B25400000F1AD1EB6A002B12DDA04603970027DA
:10B26400EEE72B7C63B1AA7C5A4508D1B8F1000FF4
:10B274000BD167B1F9B20CA812F0B3F8EFE71C4692
:10B28400139B002B08BF002471E74446F8E73C46B3
:10B29400F6E704460028BCD10124F1E722A908A856
:10B2A4000EF083F940B90024032E3FF464AF22A9C1
:10B2B40008A80EF07AF90DE008A80EF055F9049BE1
:10B2C400C0B29B691B5C1907EDD508A80DF0BDFB46
:10B2D4000124E9E750B90136002C7FF4E7AED9F830
:10B2E400003043F00403C9F8003074E008A80EF0FD
:10B2F4003BF9049BC0B29B691B5C1A07EBD508A8F9
:10B304000DF0A3FBD3E7002431E702942FE70326D3
:10B31400CCE6019C0326DFE701242CE7EE6936E73F
:10B32400013435E70C010020009BB0B9A342D6D10B
:10B33400139B012B21D90022302112A812F042F9CB
:10B344000246D0B1431C4FF0000112A804BF139A67
:10B3540002F1FF32FEF786FD0FE0A342E8D008A811
:10B364000EF002F9335DC0B28342B8D108A80DF0E3
:10B374006CFBD5E7002CB2D0DAE7029B53B90D9BE6
:10B38400FBB1B8F1000F0ED09DF80C100CA812F010
:10B3940028F80AE012990B78302BF0D02D2212A84D
:10B3A40012F05BF8EBE7F9B2F0E70CAAD5E9020179
:10B3B40013F044F828B9D9F8003043F00403C9F86D
:10B3C4000030B8F1000F02D0EB6ABB4287D112A95A
:10B3D400269812F080F808AC22A920460EF0D3F883
:10B3E40028B1D9F8003043F00203C9F80030059BB6
:10B3F40094E8030083E8030012A811F01BFF0CA8D3
:10B4040011F018FF059819B0BDE8F08F12A811F0DB
:10B4140011FF0CA811F00EFF12F0D1F9F9E700BFEB
:10B42400184B1A68D1075CBF01221A60164B1A68C0
:10B43400D2075CBF01221A60144B1A68D0075CBFA4
:10B4440001221A60124B1A68D1075CBF01221A60EC
:10B45400104B1A68D2075CBF01221A600E4B1A689F
:10B46400D0075CBF01221A600C4B1A68D1075CBF7D
:10B4740001221A600A4B1A68D2075CBF01221A60C3
:10B48400704700BF141C0020101C00200C1C00205E
:10B49400081C0020041C0020001C0020FC1B0020B1
:10B4A400F81B002000F1080373B5044615460E4648
:10B4B400036081B912B10E4800F068FA0A4601919E
:10B4C4003146206811F01AFF019B22680021636055
:10B4D400D15402B070BD0F2A019201D87219EFE75E
:10B4E400002201A904F0D6FB019B2060A360F5E7CC
:10B4F400B8360200836973B504460D4603B1984714
:10B5040004F108032360D5E900630F2B06EB030560
:10B51400019307D9002201A9204604F0BBFB019B3B
:10B524002060A3602A463146206811F0E2FE019BA8
:10B53400226800216360D154014BA36102B070BD45
:10B544005BA00100074B002210B5036004460369A9
:10B554000C30DA600CF076FC2046FDF79FFC2046A8
:10B5640010BD00BF64270200084B002210B5036021
:10B57400044603690C30DA609A611A629A620CF02C
:10B5840061FC2046FDF720FB204610BDA4270200E5
:10B59400084B002210B50360044603690C30DA60DE
:10B5A4009A611A629A620CF04DFC2046FDF722FB68
:10B5B400204610BDD8270200054B10B5044640F8BC
:10B5C400103B0CF03FFC2046FEF7DCFB204610BD90
:10B5D4003C280200084B10B5044640F80C3B0CF024
:10B5E40031FC064B204640F8083B12F00FFE204683
:10B5F4000BF0F9FE204610BD882702004425020006
:10B60400064B10B5044640F8083B0CF01BFC044BF9
:10B61400204623600BF0E7FE204610BD0C280200F4
:10B6240008260200064B10B5044640F8083B0CF00F
:10B6340009FC044B204623600BF0D5FE204610BDC8
:10B644002428020020260200064B10B5044640F8C8
:10B65400083B0CF0F7FB044B204623600BF0C3FEC1
:10B66400204610BD582802003826020070B56FF03D
:10B6740001030C468D4A05468D4912F035F80646FD
:10B6840010B10468204670BD8A4B9C423BD1142003
:10B6940004F0AEFF0446682004F0AAFF864B0021A4
:10B6A4000646A0600360854B41600174818480F884
:10B6B400641061602360C0E90211C0E90511C0E9AA
:10B6C40007112046FDF79CFB03E020460BF08BFEA0
:10B6D40014E06B68324629464FF000000133E56000
:10B6E40026616B60764B23600CF038FCCAE704F1EA
:10B6F4000C000CF0A7FB2046FDF7D0FB204611F010
:10B70400EDFF12F05CF86F4B9C4211D1102004F055
:10B714006FFF6D4B466004460360FCF717FE6B68D1
:10B7240001336B60694BC4E902052360AAE7CCE7E7
:10B73400674B9C420AD10C2004F05AFF6B68044604
:10B744000133C0E901656B60624BEEE7624B9C42DA
:10B754000AD10C2004F04CFF6B6804460133C0E9A5
:10B7640001656B605D4BE0E75D4B9C420AD10C20A8
:10B7740004F03EFF6B6804460133C0E901656B6069
:10B78400584BD2E7584B9C423AD1142004F030FF76
:10B794000446442004F02CFF544B00220646A060CB
:10B7A40003601146524BC26002828274426380F885
:10B7B400432062602360C0E90122C0E90522C0E998
:10B7C4000722C0E90922C0E90B222046FDF774F9DB
:10B7D40000E07AE76B68324629464FF000000133F7
:10B7E400E56026616B60434B23600CF01AFC49E76B
:10B7F40004F10C000CF026FB2046FDF7E5F97DE78B
:10B804003D4B9C423AD1142004F0F2FE04464420FD
:10B8140004F0EEFE394B00220646A0600360114698
:10B82400374BC26002828274426380F843206260B4
:10B834002360C0E90122C0E90522C0E90722C0E96A
:10B844000922C0E90B222046FDF77AF900E03CE723
:10B854006B68324629464FF000000133E5602661EB
:10B864006B60284B23600CF039FC0BE704F10C00EF
:10B874000CF0E8FA2046FDF7BDF93FE7224B9C4265
:10B884000CD1142004F0B4FE31460446FEF7AEFB9E
:10B894006B68256101336B601C4B46E71C4800F064
:10B8A40075F82BE72AE729E728E700BFD82202002A
:10B8B400601F0200241C0020D81F02006025020023
:10B8C40064270200181C0020442502008827020077
:10B8D400201C002058280200341C00200C280200E0
:10B8E400301C002024280200281C0020B81F02005D
:10B8F40084250200A42702002C1C0020C81F02007B
:10B90400B8250200D82702001C1C00203C28020095
:10B91400B53302008B6910B5044613B9044800F02E
:10B9240035F8D1E90012FFF7BDFD204610BD00BF78
:10B93400E2330200044B10B5044640F81C3BFCF70C
:10B9440013FD204610BD00BFB42C020008B504202E
:10B9540011F01FFF024B034A0349036012F03BF945
:10B96400002D0200E1FE0000EC2C020008B50420CA
:10B9740011F00FFF024B034A0349036012F02BF945
:10B98400202D0200FDFE00000C2D020038B50546F6
:10B99400082011F0FEFE0446294605F0F7F9054A91
:10B9A4002046054912F017F9204604F013FB11F064
:10B9B40006FF00BFF90A01006C2E020038B50546E7
:10B9C400082011F0E6FE0446294605F0F3F9054A7D
:10B9D4002046054912F0FFF8204604F0FBFA11F066
:10B9E400EEFE00BF1D0B0100782E020038B505469F
:10B9F400082011F0CEFE0446294605F0E5F9054A73
:10BA04002046054912F0E7F8204604F0E3FA11F065
:10BA1400D6FE00BF310B0100842E020038B5054666
:10BA2400082011F0B6FE0446294605F0D7F9054A68
:10BA34002046054912F0CFF8204604F0CBFA11F065
:10BA4400BEFE00BFD50A0100902E0200034B10B5C4
:10BA54000446036000F036F8204610BDDC280200DE
:10BA640008B5836F0BB941F00101036941611942C3
:10BA740002D0024805F05EFA08BD00BF933A020006
:10BA84000F4B00F1240110B50360002304460A465D
:10BA9400C0E90133C0E90333C0E90533C0E9073322
:10BAA4006430C2E9003308328242FAD1082304F137
:10BAB4006C00C4E91931FCF7E5FF204610BD00BF56
:10BAC400F42802000C4B002110B5044603600FF06B
:10BAD4004EF820460FF063F8A06E04F12403984258
:10BAE40004D008B111F0FEFD0023A36604F16C003C
:10BAF400FCF73AFC204610BDF4280200064B10B5B2
:10BB04000360002304464360044B40F8083FFFF7FA
:10BB1400D9FF204610BD00BF28290200DC280200FE
:10BB2400D0F800C0ACF10C0CDCF800C06044E5E7D0
:10BB3400034B10B5044603600BF055FC204610BDC2
:10BB4400BC2A0200034B10B5044603600BF04BFC07
:10BB5400204610BDF82A0200034B10B504460360CA
:10BB64000BF041FC204610BDF82B0200034B10B52E
:10BB7400044603600BF037FC204610BD102C020075
:10BB8400034B10B5044603600BF02DFC204610BD9A
:10BB9400282B0200034B10B5044603600BF023FC72
:10BBA400204610BD282C0200034B10B50446036048
:10BBB4000BF019FC204610BD3C2C0200054B10B5BF
:10BBC400044640F8083B12F021FB20460BF00BFC26
:10BBD400204610BDB02B0200054B10B5044640F8BA
:10BBE400083B12F013FB20460BF0FDFB204610BD72
:10BBF4007C2A020038B50D4B044605690360FCF746
:10BC0400AFFB854203D015B1284611F06BFDA06847
:10BC140010B103685B68984704F10C0012F0F6FA5F
:10BC240020460BF0E0FB204638BD00BF382B020055
:10BC340088422DE9F04104460D4618D0A0B1A1EB8D
:10BC4400000800214046FDF7DBFE00F10C07064624
:10BC5400214638462A460CF050FC41463046FDF752
:10BC6400C3FE3846BDE8F0810248FFF78FFE024F5D
:10BC7400F7E700BF8B330200F01B0020036853F882
:10BC84000C3C994210B504D90A46064806490EF000
:10BC94001DFF5C1A0023A24228BF2246BDE81040C3
:10BCA4000CF056BCCB3502002D3602002DE9F743CB
:10BCB40015461C462F4B074688466A4603602146B4
:10BCC4002846FFF7B5FF641B50F80C3C064601906C
:10BCD400640000EB0309204611F0DBFF0546324601
:10BCE40023462946404612F0D3FA844202460ED82F
:10BCF400441C284611F0F6FC204611F0CAFF3246D7
:10BD0400014605462346404612F0C2FA0246294639
:10BD14003846FDF759FF10E011F0F3FD284611F005
:10BD2400E1FC11F072FF11F015FE01A80FF0F0F81C
:10BD340038460FF0EDF811F042FD3046F5F780F883
:10BD4400304481450BD0461C002138460CF0EFFCF2
:10BD5400C5E7E1E711F0D5FDE3E7E6E7E8E72846C4
:10BD640011F0C0FC01A80FF0D3F8384603B0BDE8C9
:10BD7400F08300BFF01B002010B504460A48FCF70E
:10BD840017FB2368D3E90123834202D952F8200028
:10BD940008B9FFF7EBFD0023044A054911F0A4FCA0
:10BDA40008B904F08BF910BD981C00205C2902002E
:10BDB400601F020010B504460A48FCF7F9FA23682C
:10BDC400D3E90123834202D952F8200008B9FFF7CE
:10BDD400CDFD0023044A054911F086FC08B904F09E
:10BDE4006DF910BD941C002068290200601F020038
:10BDF40010B504460A48FCF7DBFA23689A688242C5
:10BE04000CD95B6853F8200038B10023054A064971
:10BE140011F06AFC003818BF012010BD0020FCE7B7
:10BE2400981C00205C290200601F020010B5044623
:10BE34000A48FCF7BDFA23689A6882420CD95B6809
:10BE440053F8200038B10023054A064911F04CFC90
:10BE5400003818BF012010BD0020FCE7941C00200E
:10BE640068290200601F020000390B4A18BF012133
:10BE740002600022416002828274426380F843209F
:10BE8400C0E90222C0E90522C0E90722C0E909226B
:10BE9400C0E90B22704700BFC81F020000390B4ADB
:10BEA40018BF012102600022416002828274426351
:10BEB40080F84320C0E90222C0E90522C0E9072234
:10BEC400C0E90922C0E90B22704700BFB81F020075
:10BED4000039084A18BF012102600022416002743F
:10BEE400828480F86420C0E90222C0E90522C0E906
:10BEF40007227047D81F0200003A0B4B18BF0122DB
:10BF040010B50446816042600360FCF729FA002101
:10BF14002061204604F014FE04E020460BF063FA8E
:10BF240011F04DFC204610BD382B02000039094B9E
:10BF340018BF012110B5416004460360FCF706FAFE
:10BF440004E020460BF04FFA11F039FCA0602046C3
:10BF540010BD00BFB02B020010B504460A48FCF720
:10BF640027FA2368D3E90123834202D952F8200037
:10BF740008B9FFF7FBFC0023044A054911F0B4FBA0
:10BF840008B904F09BF810BDF41B0020242402001F
:10BF9400601F020010B504460A48FCF709FA23683A
:10BFA400D3E90123834202D952F8200008B9FFF7EC
:10BFB400DDFC0023044A054911F096FB08B904F09E
:10BFC4007DF810BD801C002050290200601F020073
:10BFD4002DE9F04385B0044608468946FFF7DAFFA9
:10BFE4008046014601A80FF0D7F8019B53F80C0CCA
:10BFF400E06011F04EFE054601460023E26801A808
:10C00400FDF7D8FCE3682BB195F90030002BD4BFC1
:10C0140000230123414602A823740FF0C4F8029BB5
:10C0240053F80C0CA06111F034FE064601460023BF
:10C03400A26902A8FDF7BEFC19E0002704463E46AB
:10C0440002A80EF065FF01A80EF062FF204611F071
:10C0540058FC284611F046FB16B1304611F042FB5D
:10C06400002F63D0384656E004460027E8E74146EF
:10C0740003A80FF09FF800E0F6E7039B53F80C0CBD
:10C08400206211F006FE074601460023226A03A837
:10C09400FDF790FC40460FF079F884F82400404600
:10C0A4000FF077F884F825004846FFF755FF234B37
:10C0B4008046196804F1260301F124020EF031FFD1
:10C0C4001F4B4046196804F14A0301F11A020EF0AD
:10C0D40028FF012303A8A56084F864306661E76142
:10C0E4000EF016FF02A80EF013FF01A80EF010FFC9
:10C0F40005B0BDE8F0830446002703A80EF008FF4E
:10C104009EE70446F9E7044601A80EF001FF204625
:10C1140011F0F7FB284611F0E5FA07E0F3E70446CF
:10C1240001A80EF0F5FE204611F0EBFB11F06DFDB9
:10C1340011F010FC11F043FBF6E700BF04010020EE
:10C1440008010020F8B506461548FCF731F9054604
:10C154003368DF6857F820307BB9682004F048FA68
:10C1640004460021FFF7B4FE31462046FFF730FFB6
:10C174002A4621463068FCF7EDF957F82500F8BD4A
:10C1840011F0BFFB11F041FD11F0E4FB11F017FBBE
:10C1940011F0B7FB236820465B689847F2E700BFBD
:10C1A400801C002010B504460A48FCF701F92368F6
:10C1B400D3E90123834202D952F8200008B9FFF7DA
:10C1C400D5FB0023044A054911F08EFA08B903F09F
:10C1D40075FF10BD841C00208C290200601F020022
:10C1E40010B504460A48FCF7E3F82368D3E90123B1
:10C1F400834202D952F8200008B9FFF7B7FB0023A5
:10C20400044A054911F070FA08B903F057FF10BD4C
:10C21400881C0020AC290200601F020010B50446EF
:10C224000A48FCF7C5F82368D3E90123834202D9FD
:10C2340052F8200008B9FFF799FB0023044A054986
:10C2440011F052FA08B903F039FF10BD7C1C00202C
:10C2540080290200601F020010B504460A48FCF75A
:10C26400A7F823689A6882420CD95B6853F82000C7
:10C2740038B10023054A064911F036FA003818BFD0
:10C28400012010BD0020FCE7F41B00202424020040
:10C29400601F02002DE9F04188B004460846884634
:10C2A400FFF79EFF0146054606A80EF01EFF06A9ED
:10C2B40002A80FF029FA06A80EF02AFE294606A8BD
:10C2C4000EF01AFF06A904A80FF01EFA06A80EF035
:10C2D4001FFE294601A80EF016FF01A906A80FF0BB
:10C2E40013FA01A80EF014FE294601A80EF0F6FE7A
:10C2F400019B53F80C6C304611F0CBFC0746014609
:10C304000023324601A8FDF755FBC4E902762EB19D
:10C3140097F90060002ED4BF002601262846267413
:10C324000EF0D6FE607428460EF0D5FE059A039BE7
:10C33400E261049A63612262079A029B6262069A2E
:10C34400A3610023A0742846A26203930593079374
:10C354000EF0E0FEE06228460EF0DFFE2063284681
:10C364000EF0E0FE60634046FFF7F6FD164B1968D9
:10C3740004F1380301F10B020EF0D3FD012301A8EF
:10C3840084F843300EF0C4FD08B0BDE8F08106A87F
:10C394000EF0BEFD11F013FA06A80EF0B9FD02A8C6
:10C3A4000FF0C4F9F6E701A80EF0B2FD04A80FF0EF
:10C3B400BDF9F4E701A80EF0ABFD06A80FF0B6F93D
:10C3C400F4E7FAE7F2E7EAE70C010020F8B50646DD
:10C3D4001548FBF7EDFF05463368DF6857F8203052
:10C3E4007BB9442004F004F904460021FFF73CFD26
:10C3F40031462046FFF74EFF2A4621463068FCF7B7
:10C40400A9F857F82500F8BD11F07BFA11F0FDFBEF
:10C4140011F0A0FA11F0D3F911F073FA2368204651
:10C424005B689847F2E700BF881C00202DE9F041C3
:10C4340088B0044608468846FFF7B4FE0146054620
:10C4440006A80EF081FE06A902A80FF077F906A847
:10C454000EF05EFD294606A80EF07DFE06A904A88E
:10C464000FF06CF906A80EF053FD294601A80EF052
:10C4740079FE01A906A80FF061F901A80EF048FDA4
:10C48400294601A80EF059FE019B53F80C6C304666
:10C4940011F0FFFB074601460023324601A8FDF7D1
:10C4A40089FAC4E902762EB197F90060002ED4BF50
:10C4B40000260126284626740EF039FE60742846AC
:10C4C4000EF038FE059A039BE261049A63612262CE
:10C4D400079A029B6262069AA3610023A07428460D
:10C4E400A2620393059307930EF043FEE06228468D
:10C4F4000EF042FE206328460EF043FE6063404681
:10C50400FFF72AFD164B196804F1380301F10B02F9
:10C514000EF007FD012301A884F843300EF0F8FC67
:10C5240008B0BDE8F08106A80EF0F2FC11F047F95E
:10C5340006A80EF0EDFC02A80FF012F9F6E701A828
:10C544000EF0E6FC04A80FF00BF9F4E701A80EF0D6
:10C55400DFFC06A80FF004F9F4E7FAE7F2E7EAE7EC
:10C564000C010020F8B506461548FBF721FF0546E7
:10C574003368DF6857F820307BB9442004F038F87A
:10C5840004460021FFF78AFC31462046FFF74EFFA0
:10C594002A4621463068FBF7DDFF57F82500F8BD31
:10C5A40011F0AFF911F031FB11F0D4F911F007F9E2
:10C5B40011F0A7F9236820465B689847F2E700BFAB
:10C5C400841C00202DE9F04F8FB0189F06A9059018
:10C5D40007F16C049DF86480204681E80C00FFF7A5
:10C5E400BBFC82462046FFF7BDFF1A9B04461D682C
:10C5F40090F838302A7855F80C1C9A421DD0026BFA
:10C60400C369D0F820900992039329442B46994298
:10C614001E4606D930780133DAF81820125C520726
:10C62400F5D4761BB346002E00F0EC80804B7100ED
:10C634000AA80A930CF035F809E0426B436AD0F873
:10C644002890099203930029DFD00135DDE7E36ADE
:10C65400A6EB030ABAF1000F27DD16EA230638BF5A
:10C664005646E3684BB300210A9A73000AA8009166
:10C6740052F80C2CFDF746FA0AA80BF0C7FFAB19C9
:10C68400A17C0A98CDE90053D4E902230EF0C4FE3C
:10C6940082460AA80BF0BAFF0A994FF0FF320AA8A3
:10C6A400AAEB0101FFF7EAFAB246E36A002B1EDDAA
:10C6B400617C0AA80CF03BF805E0324629460AA83A
:10C6C400FDF73CFAF0E7BAF1000F06DBE26A05EB8E
:10C6D4000A010AA8FDF778FA09E094F83920CAF1AA
:10C6E40000010AA8FDF7AAFA5A462946F1E7FD68AF
:10C6F4000BA805F0B00315F4007504930A9B18BF4A
:10C70400A56953F80C3C4B441D44494B69000B93F9
:10C714000BF0C7FF049BBE68102B11D1B5422CBF90
:10C724004FF0000B4FF0010B4FF0000A09AB13F868
:10C734000A30042B2CD8DFE803F0281D060F18005C
:10C744004FF0000BF0E7FB689B0521D50BA8D4E95B
:10C754000512FDF739FA1BE0B9F1000F18D0039B5D
:10C7640019780BA80BF0E3FF12E00AA90BA80BF051
:10C77400B3FF0DE0BBF1000F05D04246711B0BA8BF
:10C78400FDF75CFA04E04146EBE7BBF1000FF4D19E
:10C794000AF1010ABAF1040FC8D1B9F1010F06D99F
:10C7A400039909F1FF320BA80131FDF70DFA0B9B38
:10C7B40053F80C3C9E4209D9049AF31A202A0ED14C
:10C7C400424619460BA8FDF739FA33460CAC06AAC3
:10C7D400009320460B9B06CA0CF03EFC07E00022A7
:10C7E4000BA8CDF800801146FDF78CF9EDE794E82D
:10C7F400030006900BA88DF81C100EF089FB0AA804
:10C804000EF086FB0023BB6006AB93E80300059B98
:10C8140083E8030018460FB0BDE8F08F0BA80EF0B4
:10C8240077FB0AA80EF074FB10F0C9FFF9E700BF0C
:10C83400F01B00202DE9F04F8FB0189F06A905903A
:10C8440007F16C049DF86480204681E80C00FFF732
:10C8540083FB82462046FFF7B9FD1A9B04461D68F8
:10C8640090F838302A7855F80C1C9A421DD0026B87
:10C87400C369D0F820900992039329442B46994226
:10C884001E4606D930780133DAF81820125C5207B4
:10C89400F5D4761BB346002E00F0EC80804B71007B
:10C8A4000AA80A930BF0FDFE09E0426B436AD0F834
:10C8B4002890099203930029DFD00135DDE7E36A6C
:10C8C400A6EB030ABAF1000F27DD16EA230638BFE8
:10C8D4005646E3684BB300210A9A73000AA80091F4
:10C8E40052F80C2CFDF70EF90AA80BF08FFEAB19C9
:10C8F400A17C0A98CDE90053D4E902230EF08CFD03
:10C9040082460AA80BF082FE0A994FF0FF320AA869
:10C91400AAEB0101FFF7B2F9B246E36A002B1EDD70
:10C92400617C0AA80BF003FF05E0324629460AA8F9
:10C93400FDF704F9F0E7BAF1000F06DBE26A05EB54
:10C944000A010AA8FDF740F909E094F83920CAF170
:10C9540000010AA8FDF772F95A462946F1E7FD6875
:10C964000BA805F0B00315F4007504930A9B18BFD7
:10C97400A56953F80C3C4B441D44494B69000B9387
:10C984000BF08FFE049BBE68102B11D1B5422CBF57
:10C994004FF0000B4FF0010B4FF0000A09AB13F8F6
:10C9A4000A30042B2CD8DFE803F0281D060F1800EA
:10C9B4004FF0000BF0E7FB689B0521D50BA8D4E9E9
:10C9C4000512FDF701F91BE0B9F1000F18D0039B24
:10C9D40019780BA80BF0ABFE12E00AA90BA80BF018
:10C9E4007BFE0DE0BBF1000F05D04246711B0BA886
:10C9F400FDF724F904E04146EBE7BBF1000FF4D165
:10CA04000AF1010ABAF1040FC8D1B9F1010F06D92C
:10CA1400039909F1FF320BA80131FDF7D5F80B9BFF
:10CA240053F80C3C9E4209D9049AF31A202A0ED1D9
:10CA3400424619460BA8FDF701F933460CAC06AA89
:10CA4400009320460B9B06CA0CF006FB07E000226D
:10CA54000BA8CDF800801146FDF754F8EDE794E8F3
:10CA6400030006900BA88DF81C100EF051FA0AA8CA
:10CA74000EF04EFA0023BB6006AB93E80300059B5F
:10CA840083E8030018460FB0BDE8F08F0BA80EF042
:10CA94003FFA0AA80EF03CFA10F091FEF9E700BF45
:10CAA400F01B00202DE9F04F8DB00646894604AFF7
:10CAB40007F1080507F1180097F850A085E80C0065
:10CAC40097F848303B60FB6C03F16C01FBF728FCE2
:10CAD40007F11800FFF740FA90B078600DF11008E4
:10CAE400FBF734FCF8614022414607F11C00D7E90A
:10CAF4001634CDE9023400230093334BFDF73EFA9C
:10CB04003F28044619DD083400F1010B24F0070422
:10CB1400ADEB040D0DF11008FBF718FCF8615A4653
:10CB2400414607F11C00D7E91634CDE9023400234D
:10CB34000093254BFDF722FA044607F11402002165
:10CB44002046FCF789FFF86107F11C0044440BF010
:10CB54005DFDFB692246414678680EF0E2F93B68C8
:10CB640063B107F11C0349463046CDE901A3FB6CD0
:10CB7400009395E80C00FFF725FD17E007F11C036F
:10CB840049463046CDE901A3FB6C009395E80C00BF
:10CB9400FFF750FE0AE007F11C000EF0B9F907F1A7
:10CBA4001800FBF7E1FB10F00AFEF8E707F11C00A0
:10CBB4000EF0AEF907F11800FBF7D6FB3046243728
:10CBC400BD46BDE8F08F00BF013702002DE9F04FEC
:10CBD400ADB08946389D0EA90B9005F16C06DDF8C1
:10CBE400E8A03C9C304681E80C00FFF717FB089056
:10CBF40030460026FFF7B0F983463B98F4F720F956
:10CC040010960A9036A90EA80CF0CFFCDDF84080EF
:10CC1400002800F060840A9B9E4280F05C84B8F196
:10CC2400000F00F06D84399B399A1B6843F00403AC
:10CC3400136000F058BC14AE08980CAF31460EF0E7
:10CC4400D8FA1BA908980EF0E4FA10ABCDE9055305
:10CC54000E23CDE9036311AB0EAE029336AB93E81A
:10CC640003008DE803004946384696E80C000FF0AF
:10CC7400BDFB109B97E8030086E80300002B3CD122
:10CC8400119A072392FBF3F3C3EBC303D21ACAF836
:10CC94001820237843F00203DFE014AE08980CAFA9
:10CCA40031460EF0C6FA20A908980EF0E1FA10AB4E
:10CCB400CDE905531823CDE9036311AB0EAE0293FE
:10CCC40036AB93E803008DE803004946384696E8FE
:10CCD4000C000FF08BFB109B97E8030086E8030021
:10CCE4005BB9119B0C2293FBF2F102FB1133CAF8DE
:10CCF4001030238843F481632380099E013681E741
:10CD040012A908980EF069FA0CAF129B06940593C9
:10CD140010ABCDF810A00EAECDE9025336AB93E8BC
:10CD240003008DE803004946384696E80C00FFF7F7
:10CD34004DFF109B97E8030086E80300002BDCD12D
:10CD4400637843F0040376E110AB02260CAFCDE91F
:10CD540006536323CDE9043600230EAE039311ABCF
:10CD6400029336AB93E803008DE803004946384646
:10CD740096E80C000FF0F4FA109B97E8030086E89D
:10CD84000300002BB9D1119B6360238843F49063A3
:10CD9400B2E730460CF0E8FBDBF81830C0B21B5C9D
:10CDA400180702D530460EF02AF810AB02210CAF5A
:10CDB4000EAECDE906531F23CDE9043101230393BD
:10CDC40011AB029336AB93E803008DE803004946A8
:10CDD400384696E80C000FF0C3FA109B97E803005E
:10CDE40086E80300002B88D1119BCAF80C302388F5
:10CDF40043F4826380E714AEB84A58460CAF334616
:10CE0400A2F109010EF08DF8CDE9056480E710ABBD
:10CE140002220CAF0EAECDE906531723CDE904323E
:10CE24000023039311AB029336AB93E803008DE820
:10CE340003004946384696E80C000FF091FA109A20
:10CE440097E8030086E80300002A7FF456AF119B9D
:10CE5400CAF80830237862F3000323704DE710AB5F
:10CE64000C270DF130080EAECDE906530223CDE9AF
:10CE740004730123039311AB029336AB93E80300CD
:10CE84008DE803004946404696E80C000FF068FA26
:10CE9400109B98E8030086E80300002B7FF42DAF75
:10CEA400119B93FBF7F207FB1233CAF8083023787F
:10CEB40043F00103D1E710AB4FF003080CAF0EAE03
:10CEC400CDE906534FF4B773CDE904380123039336
:10CED40011AB029336AB93E803008DE80300494697
:10CEE400384696E80C000FF03BFA109B97E80300D5
:10CEF40086E80300002B7FF400AF119B013BCAF8C6
:10CF04001C30237843F00403A7E710AB4FF0020E64
:10CF14000CAF0EAECDE906530C23CDE9043E01233C
:10CF2400039311AB029336AB93E803008DE803003F
:10CF34004946384696E80C000FF012FA109B97E821
:10CF4400030086E80300002B7FF4D7AE119B013B5E
:10CF5400CAF81030237843F008037EE710AB4FF093
:10CF6400020C0CAF0EAECDE906533B23CDE9043CD5
:10CF74000023039311AB029336AB93E803008DE8CF
:10CF840003004946384696E80C000FF0E9F9109B77
:10CF940097E8030086E80300002B7FF4AEAE119BF4
:10CFA400CAF80430A9E636A90EA80CF0FEFA002847
:10CFB4003FF4A3AE0EA80CF0D7FADBF81830C0B2D9
:10CFC4001B5C1E077FF599AE0EA80DF018FFEAE76B
:10CFD40014AE089831460EF006F9149B1B78002B0A
:10CFE4003FF48BAE159B1B78002B3FF486AE10AB41
:10CFF4000CAFCDE905530223CDE9036311AB0EAEAB
:10D00400029336AB93E803008DE8030049463846A3
:10D0140096E80C000FF0EAF9109B97E8030086E805
:10D024000300002B7FF469AE119B002B3FF465AE27
:10D03400637843F0010363705FE6089B0CAF0694CA
:10D044009B689B6A059309E014AE254A3346911FF9
:10D054000CAF58460DF065FFCDE9056410ABCDF873
:10D0640010A00EAECDE9025336AB93E803008DE871
:10D0740003004946384696E80C00FFF7A7FD97E8F9
:10D08400030086E8030038E610AB02200CAF0EAEB6
:10D09400CDE906533C23CDE904300023039311ABBF
:10D0A400029336AB93E803008DE803004946384603
:10D0B40096E80C000FF054F9109B97E8030086E8FB
:10D0C4000300002B7FF419AE119BCAF8003014E65C
:10D0D40014AE044A3346A2F10901B9E7103702003D
:10D0E400163702001F37020010AB02210CAF0EAE40
:10D0F400CDE906533523CDE904310023039311AB65
:10D10400029336AB93E803008DE8030049463846A2
:10D1140096E80C000FF024F9109B97E8030086E8CA
:10D124000300002B7FF4E9AD119B22681B0422F459
:10D134007C1203F47C1322F0200243F020031343F7
:10D144002360DAE510AB01220CAF0EAECDE9065335
:10D154000623CDE904320023039311AB029336ABCB
:10D1640093E803008DE803004946384696E80C002E
:10D174000FF0F6F8109B97E8030086E80300002BF5
:10D184007FF4BBAD119BCAF8183082E510AB4FF0A9
:10D1940002080CAF0EAECDE906533523CDE90438B1
:10D1A4000023039311AB029336AB93E803008DE89D
:10D1B40003004946384696E80C000FF0D1F8109B5E
:10D1C40097E8030086E80300002B7FF496AD119BDB
:10D1D40022681B0422F47C1203F47C1322F0400224
:10D1E40043F04003ABE714A908980DF0EAFF0CAF35
:10D1F400149B069426E714A908980DF0E8FFF6E7B7
:10D2040010AB4FF0020E0CAF0EAECDE90653632304
:10D21400CDE9043E0023039311AB029336AB93E8AC
:10D2240003008DE803004946384696E80C000FF0E9
:10D2340097F8109B97E8030086E80300002B7FF41F
:10D244005CAD637836A9304623F0060343F0060349
:10D2540063700CF0AAF900283BD030460CF084F936
:10D264002A22C1B258460BF050FDA0F130085FFAF3
:10D2740088F3092B2DD830460A270DF0C0FD119BE9
:10D2840036A9304607FB038311930CF08EF9A0B145
:10D2940030460CF069F92A22C1B258460BF035FD2C
:10D2A400A0F130085FFA88F3092B06D830460DF058
:10D2B400A6FD119B07FB03831193119BA3F26C73CF
:10D2C400119363786FF341036370119BCAF81430B0
:10D2D40013E5119B442BDCBF64331193F5E710ABCA
:10D2E4004FF0040C0CAF0EAECDE9065342F20F73AF
:10D2F400CDE9043C0023039311AB029336AB93E8CE
:10D3040003008DE803004946384696E80C000FF008
:10D3140027F8109B97E8030086E80300002B7FF4AE
:10D32400ECAC119BA3F26C73CAF81430637823F04D
:10D33400060306E530460CF017F9DBF81830C0B2E6
:10D344001B5CDF0740F1828010AB0CAFCDE90553C5
:10D354000E230493694B039314AB029336AB93E807
:10D3640003008DE803004946384696E80C000FF0A8
:10D374003DF897E8030086E8030036A930460CF030
:10D3840014F900283FF4B9AC109B149A13437FF4AA
:10D39400B4AC30460CF0E8F807462D215846FFB2ED
:10D3A4000BF0A2FCB84235D11723022110AF0022A2
:10D3B4000CAE0DF138080392CDE9043114A90291A1
:10D3C40036A9CDE9065703C98DE80300494630461E
:10D3D40098E80C000EF0C4FF3B23002296E80300FB
:10D3E40088E8030002200392CDE9043014AB0293D1
:10D3F40036ABCDE9065793E803008DE803004946B0
:10D40400304698E80C000EF0ABFF96E8030088E87D
:10D41400030072E430460CF0A7F806462B21584668
:10D42400F6B20BF061FCB0427FF467ACBCE7304667
:10D434000CF09AF8074625215846FFB20BF054FC2D
:10D44400B84203D130460DF0DAFC56E4109B43F0A9
:10D454000403109351E43B9B995DDBF818305B5C4B
:10D464001A0714D536A90EA80CF09FF800283FF42B
:10D4740045AC0EA80CF078F8DBF81830C0B21B5C91
:10D484001B077FF53BAC0EA80DF0B9FCEAE7584644
:10D494000BF027FC80460EA80CF066F8C1B2584683
:10D4A4000BF01FFC804512D0397858460BF016FC5F
:10D4B40007460EA80CF058F8C1B258460BF00EFC03
:10D4C400874204D0109B43F00403109316E40EA883
:10D4D4000DF095FC12E4B8F1000F7FF4A4AB0A9BA5
:10D4E4009E427FF4A0AB0EAB93E803000B9B83E852
:10D4F400030018462DB0BDE8F08F00BF10010020D6
:10D504003B9B42465846995D9F190BF0FEFB25282C
:10D51400A1D1731C711C4246584609933B9B595C2C
:10D524000BF0F3FB4528CDF8448001D04F2808D1F7
:10D53400B31C00225846099309993B9B595C0BF094
:10D54400E4FB25380EAE542880D801A353F820F00C
:10D5540033D4000051D4000051D4000051D4000051
:10D5640051D4000051D4000051D4000051D4000023
:10D5740051D4000051D4000051D4000051D4000013
:10D5840051D4000051D4000051D4000051D4000003
:10D5940051D4000051D4000051D4000051D40000F3
:10D5A40051D4000051D4000051D4000051D40000E3
:10D5B40051D4000051D4000051D4000051D40000D3
:10D5C4003BCC00009FCC00004DCD0000FBCD000003
:10D5D40051D4000051D4000051D4000013CE0000F7
:10D5E40063CE000051D4000051D4000051D4000097
:10D5F40061CF000051D4000051D4000051D4000088
:10D6040051D400004DD000008DD00000D5D00000D2
:10D61400EDD0000051D4000091D10000FBD10000F6
:10D62400E3D2000039D3000051D4000051D40000EB
:10D6340051D4000051D4000051D4000051D4000052
:10D644003BCC00009FCC000005CD000097CD00002E
:10D6540097CD000051D4000051D400009FCC0000AD
:10D6640051D40000BBCE000051D4000051D40000BE
:10D674000FCF0000ABCF000051D40000D5CF000085
:10D6840051D400003FD0000051D40000ABCF0000C3
:10D6940051D4000051D4000049D10000EBD1000066
:10D6A40005D200002DE9F04F89B0029004AF149820
:10D6B400DDF858B06C3087E80C00FEF743FD00231A
:10D6C400044612A938468DF81B300BF05CFF054662
:10D6D40008B34FF00008237C01254646A14A07926F
:10D6E400002B40F0818094F864A0BAF1000F00F0A0
:10D6F400FD8004F14E030193002D00F0FC80079B94
:10D7040053F80C3C002B00F093805FFA88F107A8D3
:10D714000BF00DF8B8E138460BF026FF94F84B10E7
:10D72400C0B2237C81428DF81B002ED193BB94F8A8
:10D7340024308B424FD10026237C4FF0FF39B04672
:10D744009DF81B201BB194F825109142C6D094F883
:10D7540024109142C2D094F84E109142BED11EB909
:10D76400302158460AF0E3FF049808F101080DF04F
:10D774001CFB12A93846CDF814900BF016FF064690
:10D7840058BB0125237C2E46A8E794F84A20824200
:10D79400D1D11BB194F825308342CCD094F82430F5
:10D7A4008342C8D0814214BF2D212B2158460AF050
:10D7B400BEFF04980DF0F9FA4FF0FF3312A9384672
:10D7C40005930BF0F2FE002883D038460BF0CCFE14
:10D7D4008DF81B00AFE72B21E8E738460BF0C4FEB9
:10D7E400237C8DF81B00ABE7202107A80AF059FF22
:10D7F40079E7554656469DF81B10A1F13003092BD5
:10D8040003D858460AF093FF59E094F824308B4229
:10D814001AD1B9F1000F17D125B92E2158460AF0B3
:10D8240086FF4FE0079B53F80C3C002B40F02C8103
:10D83400029B97E8030083E8030007A80DF068FB48
:10D84400029809B0BDE8F08F94F85C308B4204D0A4
:10D8540094F862308B4240F00B81002D40F0088137
:10D86400002E00F00581652158460AF060FF0498F7
:10D874000DF09BFA4FF0FF3312A9384605930BF0D5
:10D8840094FE8246002800F0F28038460BF06CFECD
:10D89400C0B294F84B3083428DF81B0008D094F842
:10D8A4004A308342A5D12D2158460AF040FF01E0B9
:10D8B4002B21F9E7554604980DF077FA06E04FF06E
:10D8C400010AF8E7B2464FF00109F4E74FF0FF33DD
:10D8D40012A9384605930BF068FE002800F0C880B2
:10D8E40038460BF041FE8DF81B0083E7002D7FF4D2
:10D8F40006AFA9467FE7A94672E05846FCF7D4F87C
:10D90400FDE694F824209A4214D1079B53F80C3C6A
:10D91400B9F1000F40F0AC80002D40F0A98023B194
:10D924005FFA88F107A80AF002FF2E2158460AF090
:10D93400FEFE8AE00DF11B020A21019803930AF00E
:10D9440092FD039B80B1019BC01A00F1300158463F
:10D95400C9B20AF0ECFE08F10108564604980DF02D
:10D9640024FA74E0F01B002094F85C209A4203D05F
:10D9740094F862209A427BD1079B53F80C3C002D0B
:10D9840076D1002E74D03BB1B9F1000F04D15FFA07
:10D9940088F107A80AF0CBFE652158460AF0C7FEB5
:10D9A40004980DF002FA4FF0FF3312A904A805936E
:10D9B4000BF0FBFD0546002859D004A80BF0D4FD5C
:10D9C400C0B294F84B10237C81428DF81B001FD108
:10D9D4001BBB94F824308B422FD12B462E461D4678
:10D9E400227C9DF81B30002A8BD094F825209A4283
:10D9F40087D1B9F1000F3BD1002D39D1B8F1000F17
:10DA04003FF47BAF5FFA88F107A80AF090FE18E0B4
:10DA140094F84A208242E0D11BB194F82530834225
:10DA2400DBD094F824308342D7D0814214BF2D2117
:10DA34002B2158460AF07BFE01E02B21F9E72E4604
:10DA44008CE74FF00009C84688E7D14686E74FF0D7
:10DA5400FF3312A904A805930BF0A7FD40B104A855
:10DA64000BF082FD2B468DF81B003546B6E7354694
:10DA7400079B53F80C3C002B3FF4DAAEB9F1000FCE
:10DA840002D1002D3FF441AE07AAD4E9020110F0FF
:10DA94009AFC00287FF4CCAE159B04221A60C7E6DA
:10DAA40007A80DF035FA0FF08AFE00BF2DE9F04308
:10DAB4008DB005468946202108AC0AAE179F304632
:10DAC40084E80C001E4B0A930AF0EBFD169B0DF143
:10DAD4001808029314ABCDE9037693E803008DE8AC
:10DAE40003004946404694E80C00FFF7DBFD98E844
:10DAF4000300DDF8288084E80300FAF727FC18996E
:10DB04000BAB0B903A46404602F0C2FD14A92046E6
:10DB14000BF039FD18B13B6843F002033B6094E815
:10DB2400030085E8030030460DF0F2F928460DB0F5
:10DB3400BDE8F08330460DF0EBF90FF040FE00BF76
:10DB4400F01B00202DE9F0438DB0054689462021C5
:10DB540008AC0AAE179F304684E80C001E4B0A93AB
:10DB64000AF09FFD169B0DF11808029314ABCDE942
:10DB7400037693E803008DE803004946404694E8A1
:10DB84000C00FFF78FFD98E80300DDF8288084E897
:10DB94000300FAF7DBFB18990BAB0B903A464046AF
:10DBA40002F0B0FD14A920460BF0EDFC18B13B685F
:10DBB40043F002033B6094E8030085E80300304629
:10DBC4000DF0A6F928460DB0BDE8F08330460DF0FF
:10DBD4009FF90FF0F4FD00BFF01B00202DE9F04386
:10DBE4008DB005468946202108AC0AAE179F304601
:10DBF40084E80C001E4B0A930AF053FD169B0DF1AA
:10DC04001808029314ABCDE9037693E803008DE87A
:10DC140003004946404694E80C00FFF743FD98E8AA
:10DC24000300DDF8288084E80300FAF78FFB1899D5
:10DC34000BAB0B903A46404602F0AAFD14A92046CD
:10DC44000BF0A1FC18B13B6843F002033B6094E87D
:10DC5400030085E8030030460DF05AF928460DB05C
:10DC6400BDE8F08330460DF053F90FF0A8FD00BF76
:10DC7400F01B00202DE9F04F8DB0189C08AD0790E3
:10DC840004F16C0085E80C00FEF75CFAE4680023FC
:10DC9400064604F04A048DF82B30402C59D0082C49
:10DCA4000CBF4FF0100A4FF00A0A16A928460BF0D1
:10DCB4006AFC8146002840F0918028460BF054FC11
:10DCC40096F84A20C0B2337C82428DF82B0003D0F0
:10DCD40096F84B10814256D1111A4A424A41029297
:10DCE400002B39D096F82530834235D1337C002778
:10DCF4004FF0FF3BB8469DF82B201BB196F825301A
:10DD040093426FD096F8243093426BD096F84E30FD
:10DD1400934243D1002F39D0BAF10A0F40D1002CDD
:10DD24004ED008F1010808980DF03FF816A92846CE
:10DD3400CDF824B00BF039FC002800F08D80284683
:10DD44000BF012FC8DF82B00002F00F08880337C40
:10DD5400D1E74FF0080AA8E796F824308342C5D0EB
:10DD640008980DF022F84FF0FF3316A928460993BE
:10DD74000BF01BFC0746002868D028460BF0F4FB88
:10DD84008DF82B00B2E7CDF80890B0E7E4B1BAF112
:10DD9400080F1CD008F101080127C4E7002F5ED04A
:10DDA40096F84C30934203D096F84D30934251D1BB
:10DDB4007CB1BAF1100F54D14FF000084746B2E7D6
:10DDC400A0464FF0080AAEE7A0460127F9E7B84697
:10DDD400E2E7A04627464FF0100AA4E7002398463E
:10DDE4001F460293BAF1100F14BF5346162304932F
:10DDF400824B0B93337C002B37D1029B03F10043FE
:10DE0400013B0193B3FBFAF3059396F86430039353
:10DE1400002B5AD006F14E030693B9F1000F40F0DF
:10DE24009180CB464D46347C9DF82B30002C52D04B
:10DE340096F825209A424ED1B8F1000F00F0888060
:10DE44005FFA88F10BA80AF072FC66E04FF0010952
:10DE54008046C7E70127C5E74FF00109C2E7B94685
:10DE6400C0E70127CDF810A0C2E720210BA80AF0D3
:10DE740018FCC2E74FF0010B23E04FF0FF3316A963
:10DE840008A809930BF091FB044600285ED008A86B
:10DE94000BF06AFB8DF82B009DF82B1004980CF006
:10DEA4008EFF431C50D0059BAB42E3D3019B05FB83
:10DEB4000AF508F101081B1AAB4238BF4BF0010BFD
:10DEC400054408980CF071FFD7E7B9F1000F49D168
:10DED400CB464D46E0E796F824209A4234D00DF123
:10DEE4002B02049906980AF0BEFA68B3069BC01A7E
:10DEF400059B0F28C8BF0638AB4211D3019B05FB15
:10DF04000AF508F101081B1AAB4238BF4BF0010BAC
:10DF1400054408980CF049FF05E04FF00008F8E7C5
:10DF2400DDF80CB0F5E74FF0FF3316A908A8099304
:10DF34000BF03BFB0446D0B108A80BF015FB8DF8A1
:10DF44002B0070E70025AB46002401E04FF00109E7
:10DF54000B9B53F80C3CB3B15FFA88F10BA80AF0A1
:10DF6400E6FB07E0DDF80CB05C465D46F0E7DDF863
:10DF74000C90EDE70BAAD6E9020110F024FA10B9CF
:10DF84000423199A1360B8F1000F04D11FB90B9B35
:10DF940053F80C3C4BB144B9BBF1000F20D1029BA8
:10DFA40003B16D421A9B1D6005E000231A9A1360A9
:10DFB4000423199A1360B9F1000F05D0199B199A1B
:10DFC4001B6843F002031360079BDDE9080183E843
:10DFD40003000BA80CF09CFF07980DB0BDE8F08F70
:10DFE400029B002B0CBF6FF000434FF00043DDE7B2
:10DFF4000BA80CF08DFF0FF0E2FB00BFF01B00201C
:10E004002DE9F04F8BB0169C06AD059004F16C0021
:10E0140085E80C00FEF796F8E4680023064604F051
:10E024004A048DF82330402C59D0082C0CBF4FF0F3
:10E03400100A4FF00A0A14A928460BF0A4FA8146E4
:10E04400002840F0918028460BF08EFA96F84A207A
:10E05400C0B2337C82428DF8230003D096F84B1073
:10E06400814256D1111A4A424A410192002B39D0B9
:10E0740096F82530834235D1337C00274FF0FF3B9F
:10E08400B8469DF823201BB196F8253093426FD0F3
:10E0940096F8243093426BD096F84E30934243D195
:10E0A400002F39D0BAF10A0F40D1002C4ED008F11C
:10E0B400010806980CF079FE14A92846CDF81CB086
:10E0C4000BF073FA002800F0898028460BF04CFA14
:10E0D4008DF82300002F00F08480337CD1E74FF0CB
:10E0E400080AA8E796F824308342C5D006980CF0B5
:10E0F4005CFE4FF0FF3314A9284607930BF055FA42
:10E104000746002864D028460BF02EFA8DF8230029
:10E11400B2E7CDF80490B0E7E4B1BAF1080F1CD02F
:10E1240008F101080127C4E7002F5AD096F84C30B3
:10E13400934203D096F84D3093424DD17CB1BAF15D
:10E14400100F50D14FF000084746B2E7A0464FF0F9
:10E15400080AAEE7A0460127F9E7B846E2E7A04679
:10E1640027464FF0100AA4E7002398461F46019360
:10E17400BAF1100F14BF534616230293814B09932F
:10E18400337CA3BB4FF6FF73B3FBFAF3039396F808
:10E1940064300093002B5DD006F14E030493B9F173
:10E1A400000F40F09780CB464C46357C9DF82330D9
:10E1B400002D55D096F825209A4251D1B8F1000F80
:10E1C40000F08E805FFA88F109A80AF0B0FA6CE0DA
:10E1D4004FF001098046CBE70127C9E74FF0010959
:10E1E400C6E7B946C4E70127CDF808A0C6E7202151
:10E1F40009A80AF056FAC5E74FF0010B26E04FF0E4
:10E20400FF3314A906A807930BF0CFF9054600289D
:10E2140064D006A80BF0A8F98DF823009DF823100C
:10E2240002980CF0CCFD431C56D0039BA342E3D3CD
:10E234000AFB04F4C0F57F4308F10108A4B2FF33DC
:10E244009C42C8BF4BF0010B0444A4B206980CF0E6
:10E25400ACFDD4E7B9F1000F4CD1CB464C46DDE719
:10E2640096F824209A4237D00DF12302029904989B
:10E274000AF0F9F880B3049BC01A039B0F28C8BFA7
:10E284000638A34214D30AFB04F4C0F57F4308F113
:10E294000108A4B2FF339C42C8BF4BF0010B0444F5
:10E2A400A4B206980CF081FD05E04FF00008F8E7F1
:10E2B400DDF800B0F5E74FF0FF3314A906A8079383
:10E2C4000BF073F90546D0B106A80BF04DF98DF8A3
:10E2D40023006AE70024A346002501E04FF001096A
:10E2E400099B53F80C3CB3B15FFA88F109A80AF012
:10E2F4001EFA07E0DDF800B05D465C46F0E7DDF8A5
:10E304000090EDE709AAD6E9020110F05CF810B913
:10E314000423179A1360B8F1000F04D11FB9099BA5
:10E3240053F80C3C53B14DB9BBF1000F21D1019B03
:10E334000BB16442A4B2189B1C8005E00023189A18
:10E3440013800423179A1360B9F1000F05D0179BAB
:10E35400179A1B6843F002031360059BDDE906016D
:10E3640083E8030009A80CF0D3FD05980BB0BDE8C1
:10E37400F08F4FF6FF73E2E709A80CF0C9FD0FF028
:10E384001EFA00BFF01B00202DE9F04F8BB0169C45
:10E394000DF11808059004F16C0088E80C00FDF7F5
:10E3A400D1FEE4680023054604F04A048DF82330C6
:10E3B400402C57D0082C0CBF4FF0100A4FF00A0A1B
:10E3C40014A940460BF0DFF88146002840F08D8008
:10E3D40040460BF0C9F895F84A20C0B22B7C824223
:10E3E4008DF8230003D095F84B10814254D1111AB3
:10E3F4004A424A410192002B37D095F82530834296
:10E4040033D12B7C00264FF0FF3B37469DF8232069
:10E414001BB195F8253093426BD095F82430934284
:10E4240067D095F84E30934240D1002E37D0BAF1E0
:10E434000A0F3DD1002C4AD0013706980CF0B5FCE8
:10E4440014A94046CDF81CB00BF0AFF8002800F03A
:10E45400848040460BF088F88DF82300002E7FD08E
:10E464002B7CD3E74FF0080AAAE795F824308342BF
:10E47400C7D006980CF099FC4FF0FF3314A940461E
:10E4840007930BF092F80646002860D040460BF044
:10E494006BF88DF82300B4E7CDF80490B2E7D4B15B
:10E4A400BAF1080F1AD001370126C6E7002E57D05B
:10E4B40095F84C30934203D095F84D3093424AD1AD
:10E4C40074B1BAF1100F4DD100273E46B5E7274687
:10E4D4004FF0080AB1E727460126F9E73746E3E794
:10E4E400274626464FF0100AA7E700231F461E467C
:10E4F4000193BAF1100F14BF5346162302937A4BBB
:10E5040009932B7C93BB4FF0FF33B3FBFAF30393D4
:10E5140095F864300093002B56D005F14E03049314
:10E52400B9F1000F40F08A80CB46C8462C7C9DF898
:10E534002330002C4ED095F825209A424AD1002F42
:10E5440000F08380F9B209A80AF0F1F862E04FF014
:10E5540001090746CDE70126CBE74FF00109C8E7DB
:10E56400B146C6E70126CDF808A0C8E7202109A8CE
:10E574000AF097F8C7E74FF0010B21E04FF0FF33A3
:10E5840014A906A807930BF010F8044600285AD0E3
:10E5940006A80AF0E9FF8DF823009DF823100298DD
:10E5A4000CF00DFC431C4CD0039B4345E3D308FB08
:10E5B4000AF8013710EB080028BF4BF0010B804626
:10E5C40006980CF0F2FBD9E7B9F1000F46D1CB461F
:10E5D400C846E2E795F824209A4232D00DF123028E
:10E5E4000299049809F03FFF58B3049BC01A039B97
:10E5F4000F28C8BF063843450ED308FB0AF8013775
:10E6040010EB080028BF4BF0010B804606980CF075
:10E61400CCFB04E00027F9E7DDF800B0F6E74FF0A3
:10E62400FF3314A906A807930AF0BFFF0446D0B12C
:10E6340006A80AF099FF8DF8230077E74FF0000849
:10E64400C346002401E04FF00109099B53F80C3C38
:10E65400ABB1F9B209A80AF06AF807E0DDF800B036
:10E664005C46D846F1E7DDF80090EEE709AAD5E963
:10E6740002010FF0A8FE10B90423179A136027B9FA
:10E684001EB9099B53F80C3C5BB154B9BBF1000FA4
:10E6940022D1019B0BB1C8F10008189BC3F800807C
:10E6A40005E00023189A13600423179A1360B9F144
:10E6B400000F05D0179B179A1B6843F002031360E1
:10E6C400059BDDE9060183E8030009A80CF020FCA2
:10E6D40005980BB0BDE8F08F4FF0FF33E2E709A8CF
:10E6E4000CF016FC0FF06BF8F01B00202DE9F04F36
:10E6F4008BB0169C0DF11808059004F16C0088E8A5
:10E704000C00FDF71FFDE4680023054604F04A04ED
:10E714008DF82330402C57D0082C0CBF4FF0100A32
:10E724004FF00A0A14A940460AF02DFF814600283A
:10E7340040F08D8040460AF017FF95F84A20C0B299
:10E744002B7C82428DF8230003D095F84B10814234
:10E7540054D1111A4A424A410192002B37D095F8FC
:10E764002530834233D12B7C00264FF0FF3B3746C4
:10E774009DF823201BB195F8253093426BD095F872
:10E784002430934267D095F84E30934240D1002E06
:10E7940037D0BAF10A0F3DD1002C4AD00137069880
:10E7A4000CF003FB14A94046CDF81CB00AF0FDFEA2
:10E7B400002800F0848040460AF0D6FE8DF823003D
:10E7C400002E7FD02B7CD3E74FF0080AAAE795F8F8
:10E7D40024308342C7D006980CF0E7FA4FF0FF3399
:10E7E40014A9404607930AF0E0FE0646002860D0CC
:10E7F40040460AF0B9FE8DF82300B4E7CDF8049042
:10E80400B2E7D4B1BAF1080F1AD001370126C6E72E
:10E81400002E57D095F84C30934203D095F84D30E4
:10E8240093424AD174B1BAF1100F4DD100273E463C
:10E83400B5E727464FF0080AB1E727460126F9E76E
:10E844003746E3E7274626464FF0100AA7E700239A
:10E854001F461E460193BAF1100F14BF53461623E8
:10E8640002937A4B09932B7C93BB4FF0FF33B3FB9A
:10E87400FAF3039395F864300093002B56D005F116
:10E884004E030493B9F1000F40F08A80CB46C8468A
:10E894002C7C9DF82330002C4ED095F825209A42EC
:10E8A4004AD1002F00F08380F9B209A809F03FFF94
:10E8B40062E04FF001090746CDE70126CBE74FF0B0
:10E8C4000109C8E7B146C6E70126CDF808A0C8E7A4
:10E8D400202109A809F0E5FEC7E74FF0010B21E06C
:10E8E4004FF0FF3314A906A807930AF05EFE04460E
:10E8F40000285AD006A80AF037FE8DF823009DF8A8
:10E90400231002980CF05BFA431C4CD0039B434544
:10E91400E3D308FB0AF8013710EB080028BF4BF0DB
:10E92400010B804606980CF040FAD9E7B9F1000FC4
:10E9340046D1CB46C846E2E795F824209A4232D025
:10E944000DF123020299049809F08DFD58B3049B3C
:10E95400C01A039B0F28C8BF063843450ED308FBD3
:10E964000AF8013710EB080028BF4BF0010B804672
:10E9740006980CF01AFA04E00027F9E7DDF800B075
:10E98400F6E74FF0FF3314A906A807930AF00DFE2B
:10E994000446D0B106A80AF0E7FD8DF8230077E716
:10E9A4004FF00008C346002401E04FF00109099B21
:10E9B40053F80C3CABB1F9B209A809F0B8FE07E072
:10E9C400DDF800B05C46D846F1E7DDF80090EEE7EC
:10E9D40009AAD5E902010FF0F6FC10B90423179A2D
:10E9E400136027B91EB9099B53F80C3C5BB154B9A9
:10E9F400BBF1000F22D1019B0BB1C8F10008189B99
:10EA0400C3F8008005E00023189A13600423179AC2
:10EA14001360B9F1000F05D0179B179A1B6843F0D8
:10EA240002031360059BDDE9060183E8030009A8DE
:10EA34000CF06EFA05980BB0BDE8F08F4FF0FF3381
:10EA4400E2E709A80CF064FA0EF0B9FEF01B00200E
:10EA54002DE9F04F8FB01A9C0AAD079004F16C00B9
:10EA640085E80C00FDF76EFBE4680023064604F01D
:10EA74004A048DF83330402C59D0082C0CBF4FF089
:10EA8400100A4FF00A0A18A928460AF07CFD8146AC
:10EA9400002840F0918028460AF066FD96F84A2046
:10EAA400C0B2337C82428DF8330003D096F84B1009
:10EAB400814256D1111A4A424A410192002B39D05F
:10EAC40096F82530834235D1337C00274FF0FF3B45
:10EAD400B8469DF833201BB196F8253093426FD089
:10EAE40096F8243093426BD096F84E30934243D13B
:10EAF400002F39D0BAF10A0F40D1002C4ED008F1C2
:10EB040001080A980CF051F918A92846CDF82CB040
:10EB14000AF04BFD002800F0988028460AF024FDF6
:10EB24008DF83300002F00F09380337CD1E74FF051
:10EB3400080AA8E796F824308342C5D00A980CF056
:10EB440034F94FF0FF3318A928460B930AF02DFD32
:10EB54000746002873D028460AF006FD8DF83300D6
:10EB6400B2E7CDF80490B0E7E4B1BAF1080F1CD0D5
:10EB740008F101080127C4E7002F69D096F84C304A
:10EB8400934203D096F84D3093425CD17CB1BAF1F4
:10EB9400100F5FD14FF000084746B2E7A0464FF090
:10EBA400080AAEE7A0460127F9E7B846E2E7A0461F
:10EBB40027464FF0100AA4E7002398461F46019306
:10EBC400BAF1100F14BF5346162304939C4B0D93B4
:10EBD400337C002B42D1019B5246013B0593019BA0
:10EBE400059803F10043013B02934FEAEA7302994B
:10EBF400F1F7ACFB96F86430CDE908010393002BE0
:10EC040068D006F14E030693B9F1000F40F0AE80D0
:10EC1400CB464D46CDF80090347C9DF83330002C23
:10EC240060D096F825209A425CD1B8F1000F00F02C
:10EC3400A4805FFA88F10DA809F079FD81E04FF016
:10EC440001098046BCE70127BAE74FF00109B7E79D
:10EC5400B946B5E70127CDF810A0B7E720210DA8E4
:10EC640009F01FFDB7E74FF0010B2FE04FF0FF3322
:10EC740018A90AA80B930AF098FC044600287AD035
:10EC84000AA80AF071FC8DF833009DF8331004983B
:10EC94000CF095F8431C6CD0089B009AAB42099B7E
:10ECA4009341E0D3AAFB055308F101080AFB0233A0
:10ECB400059A111A029A62EBE072A9429A4138BF8E
:10ECC4004BF0010B451943EBE07300930A980CF0E9
:10ECD4006CF8CBE7B9F1000F59D1CB464D46CDF8CE
:10ECE4000090D2E796F824209A4242D00DF13302E4
:10ECF4000499069809F0B7FB00283AD0069B009ABD
:10ED0400C01A089B0F28C8BF0638AB42099B934121
:10ED14001AD3AAFB055308F101080AFB0233059A2A
:10ED2400111A029A62EBE072A9429A4138BF4BF081
:10ED3400010B451943EBE07300930A980CF035F886
:10ED440005E04FF00008F8E7DDF80CB0F5E74FF008
:10ED5400FF3318A90AA80B930AF027FC0446E8B16C
:10ED64000AA80AF001FC8DF8330055E70025AB46EC
:10ED74000095002401E04FF001090D9B53F80C3C71
:10ED8400C3B15FFA88F10DA809F0D1FC09E0DDF800
:10ED94000CB05C465D46CDF800B0EEE7DDF80C90B3
:10EDA400EBE70DAAD6E902010FF00DFB10B904231D
:10EDB4001B9A1360B8F1000F04D11FB90D9B53F8CF
:10EDC4000C3C7BB174B9BBF1000F28D1019B23B17A
:10EDD400009B6D4263EB430300931C9B009A1D60F0
:10EDE4005A6007E0002200231C99C1E90023042390
:10EDF4001B9A1360B9F1000F05D01B9B1B9A1B686B
:10EE040043F002031360079BDDE90A0183E8030072
:10EE14000DA80CF07DF807980FB0BDE8F08F019BAA
:10EE24001BB100224FF00043DEE74FF0FF326FF0DA
:10EE34000043D9E70DA80CF06BF80EF0C0FC00BF3E
:10EE4400F01B00202DE9F04F8DB0189C08AD059003
:10EE540004F16C0085E80C00FDF774F9E468002304
:10EE6400064604F04A048DF82B30402C59D0082C67
:10EE74000CBF4FF0100B4FF00A0B16A928460AF0EE
:10EE840082FB8246002840F0918028460AF06CFB01
:10EE940096F84A20C0B2337C82428DF82B0003D00E
:10EEA40096F84B10814256D1111A4A424A410292B5
:10EEB400002B39D096F82530834235D1337C002796
:10EEC4004FF0FF39B8469DF82B201BB196F825303A
:10EED40093426FD096F8243093426BD096F84E301C
:10EEE400934243D1002F39D0BBF10A0F40D1002CFB
:10EEF4004ED008F1010808980BF057FF16A92846D0
:10EF0400CDF824900AF051FB002800F092802846A6
:10EF14000AF02AFB8DF82B00002F00F08D80337C43
:10EF2400D1E74FF0080BA8E796F824308342C5D008
:10EF340008980BF03AFF4FF0FF3316A928460993BF
:10EF44000AF033FB074600286DD028460AF00CFB74
:10EF54008DF82B00B2E7CDF808A0B0E7E4B1BBF11F
:10EF6400080F1CD008F101080127C4E7002F63D063
:10EF740096F84C30934203D096F84D30934256D1D4
:10EF84007CB1BBF1100F59D14FF000084746B2E7EE
:10EF9400A0464FF0080BAEE7A0460127F9E7B846B4
:10EFA400E2E7A04627464FF0100BA4E7002398465B
:10EFB4001F460293BBF1100F14BF5B461623039345
:10EFC400944B0B93337C002B3CD14FEAEB735A46A2
:10EFD4004FF0FF304FF0FF31F1F7B8F996F8643095
:10EFE400CDE906010193002B69D006F14E03049389
:10EFF400BAF1000F40F0B0805546D146CDF800A0DC
:10F00400347C9DF82B30002C61D096F825209A4250
:10F014005DD1B8F1000F00F0A6805FFA88F10BA86B
:10F0240009F085FB83E04FF0010A8046C2E701271F
:10F03400C0E74FF0010ABDE7BA46BBE70127CDF8A8
:10F044000CB0BDE720210BA809F02BFBBDE7012381
:10F05400009330E04FF0FF3316A908A809930AF093
:10F06400A4FA044600287CD008A80AF07DFA8DF89A
:10F074002B009DF82B1003980BF0A1FE431C6ED0BF
:10F08400069BAB42079B73EB0903E0D3ABFB055331
:10F09400002208F101080BFB093341194FEAE0791A
:10F0A40059EB0301009928BF0122451941EA0201E5
:10F0B40049EB0309009108980BF077FECAE7BAF10F
:10F0C400000F5AD15546D146CDF800A0D1E796F8A5
:10F0D40024209A4243D00DF12B02DDE9031009F0FC
:10F0E400C2F900283BD0049BC01A069B0F28C8BF56
:10F0F4000638AB42079B73EB09031BD3ABFB0553E9
:10F10400002208F101080BFB093341194FEAE079A9
:10F1140059EB0301009928BF0122451941EA020174
:10F1240049EB0309009108980BF03FFE05E04FF00E
:10F134000008F8E7019B0093F5E74FF0FF3316A9A9
:10F1440008A809930AF031FA0446E0B108A80AF0C5
:10F154000BFA8DF82B0053E70025A94600950024EF
:10F1640001E04FF0010A0B9B53F80C3CBBB15FFA72
:10F1740088F10BA809F0DBFA08E0019B1C461D4648
:10F1840099460093EFE7DDF804A0ECE70BAAD6E973
:10F1940002010FF018F910B90423199A1360B8F199
:10F1A400000F04D11FB90B9B53F80C3C5BB154B94D
:10F1B400009B2BBB029B13B16D4269EB49091A9B5F
:10F1C400C3E9005907E0002200231A99C1E900238A
:10F1D4000423199A1360BAF1000F05D0199B199AE8
:10F1E4001B6843F002031360059BDDE9080183E813
:10F1F40003000BA80BF08CFE05980DB0BDE8F08F52
:10F204004FF0FF324FF0FF33DFE70BA80BF080FE27
:10F214000EF0D5FAF01B00202DE9F04F8FB008A9AD
:10F22400059081E80C00DDE91A3903F16C042046ED
:10F23400FCF792FE04902046FDF794F900F13803A0
:10F2440005460693036A1BB1836A003B18BF01237A
:10F25400984C01932B7C0B942BB920210CA80C9473
:10F2640009F01FFA04E020210BA809F01AFAF4E7C8
:10F27400002605F13903B046079337466B6B0396B6
:10F284000D93009602960DAB9B5D042B41D8DFE8ED
:10F2940013F00E01F4000C0071000500DFF818A251
:10F2A40018A908A80AF081F9E2E01A9BDB6898051E
:10F2B4001FD4009B012B1CD8DEB1012E0BD1019B66
:10F2C400BBB99DF83430032B13D09DF83630012B95
:10F2D4000FD00226D7E7022E40F012819DF8373076
:10F2E400042B06D0019A002A00F00581032B40F07C
:10F2F4000481D5F818B04FF0000A18A908A80AF03C
:10F3040054F902E00AF1010AF7E7044618B9DA45AC
:10F3140010D1012418E0DA4516D008A80AF024F91F
:10F324006B69C0B213F80A30834203D108A80BF00A
:10F3340066FDE7E7BAF1000F40F0D9801A9BDC685C
:10F3440084F40074C4F340240136042E40F0B880E1
:10F35400009B012B40F20581002C00F0B480029B3D
:10F36400002B00F0CF806E6A012418A908A80AF0C7
:10F374001CF9CBE02B6A33B9AB6ACBB118A908A846
:10F384000AF013F91AE018A908A80AF00EF90446BD
:10F394000028F1D008A80AF0E7F8EB69C0B21B789E
:10F3A4008342E9D12B6A08A800930BF028FDCBE730
:10F3B4002B6AA3B9019B83F00104C5E70446002826
:10F3C400F6D008A80AF0D0F86B6AC0B21B78834262
:10F3D400EED1AB6A08A800930BF011FD89E0AB6A8B
:10F3E400002BE7D101231C460293ADE708A80AF0DD
:10F3F400BBF85FFA80FB0DF12B020A2107988DF808
:10F404002BB009F030F860B1069BC01ADAF800306E
:10F41400195C0CA809F08BF9013708A80BF0EFFC74
:10F424003EE76B7C5B4509D1B8F1000F1CD1EB6A58
:10F43400002B12DDA04603970027EEE72B7C63B177
:10F44400AA7C5A4508D1B8F1000F0DD177B1F9B2B1
:10F454000BA809F06CF9EFE71C460C9B53F80C3C25
:10F46400002B08BF00246FE74446F6E73C46F4E768
:10F4740004460028BAD10124EFE718A908A80AF025
:10F4840094F840B90024032E3FF462AF18A908A8E9
:10F494000AF08BF812E008A80AF066F8049BC0B2E0
:10F4A4009B691B5C1907EDD508A80BF0A8FC012487
:10F4B400E9E700BFF01B00200C01002050B9013621
:10F4C400002C7FF4E0AED9F8003043F00403C9F80F
:10F4D40000305DE008A80AF047F8049BC0B29B69BD
:10F4E4001B5C1A07EBD508A80BF089FCCEE70024B7
:10F4F4002AE7029428E70326C5E6019C0326DFE7F2
:10F50400012425E7EE692FE701342EE7009BD8B9E3
:10F51400A342D8D10C9B53F80C3C012B24D93021A5
:10F5240000220DEB010009F002F80246E0B1431C91
:10F534004FF000010CA802BF0C9B53F80C2C02F1F5
:10F54400FF32FCF79BFB0FE0A342E3D008A80AF0CC
:10F554000BF8335DC0B28342B5D108A80BF04FFC61
:10F56400D2E7002CAFD0D5E7029B1BB10CA809F061
:10F574004DF813E00B9B53F80C3CE3B9B8F1000FC2
:10F5840002D0EB6ABB429ED10CA91C9808F0BAFFCA
:10F5940008AC18A9204609F0F6FF25E00C9B1B785F
:10F5A400302BE7D00CA809F03AF801462D220CA81C
:10F5B40009F03BF8DEE7B8F1000F05D09DF80C1018
:10F5C4000BA809F0B4F801E0F9B2F9E70BAAD5E900
:10F5D40002010EF0F8FE0028D0D1D9F8003043F033
:10F5E4000403C9F80030C9E728B1D9F8003043F062
:10F5F4000203C9F80030059B94E8030083E8030084
:10F604000CA80BF085FC0BA80BF082FC05980FB03E
:10F61400BDE8F08F0CA80BF07BFC0BA80BF078FC7A
:10F624000EF0CDF8F9E700BF2DE9F04F8FB008A92F
:10F63400059081E80C00DDE91A3903F16C042046D9
:10F64400FCF78AFC04902046FCF7C0FE00F1380366
:10F6540005460693036A1BB1836A003B18BF012366
:10F66400984C01932B7C0B942BB920210CA80C945F
:10F6740009F017F804E020210BA809F012F8F4E7C8
:10F68400002605F13903B046079337466B6B0396A2
:10F694000D93009602960DAB9B5D042B41D8DFE8D9
:10F6A40013F00E01F4000C0071000500DFF818A23D
:10F6B40018A908A809F079FFE2E01A9BDB6898050D
:10F6C4001FD4009B012B1CD8DEB1012E0BD1019B52
:10F6D400BBB99DF83430032B13D09DF83630012B81
:10F6E4000FD00226D7E7022E40F012819DF8373062
:10F6F400042B06D0019A002A00F00581032B40F068
:10F704000481D5F818B04FF0000A18A908A809F028
:10F714004CFF02E00AF1010AF7E7044618B9DA459A
:10F7240010D1012418E0DA4516D008A809F01CFF0E
:10F734006B69C0B213F80A30834203D108A80BF0F6
:10F744005EFBE7E7BAF1000F40F0D9801A9BDC6852
:10F7540084F40074C4F340240136042E40F0B880CD
:10F76400009B012B40F20581002C00F0B480029B29
:10F77400002B00F0CF806E6A012418A908A809F0B4
:10F7840014FFCBE02B6A33B9AB6ACBB118A908A834
:10F7940009F00BFF1AE018A908A809F006FF0446AF
:10F7A4000028F1D008A809F0DFFEEB69C0B21B788D
:10F7B4008342E9D12B6A08A800930BF020FBCBE726
:10F7C4002B6AA3B9019B83F00104C5E70446002812
:10F7D400F6D008A809F0C8FE6B6AC0B21B78834251
:10F7E400EED1AB6A08A800930BF009FB89E0AB6A81
:10F7F400002BE7D101231C460293ADE708A809F0CA
:10F80400B3FE5FFA80FB0DF12B020A2107988DF8F5
:10F814002BB008F028FE60B1069BC01ADAF800305D
:10F82400195C0CA808F083FF013708A80BF0E7FA6D
:10F834003EE76B7C5B4509D1B8F1000F1CD1EB6A44
:10F84400002B12DDA04603970027EEE72B7C63B163
:10F85400AA7C5A4508D1B8F1000F0DD177B1F9B29D
:10F864000BA808F064FFEFE71C460C9B53F80C3C14
:10F87400002B08BF00246FE74446F6E73C46F4E754
:10F8840004460028BAD10124EFE718A908A809F012
:10F894008CFE40B90024032E3FF462AF18A908A8D7
:10F8A40009F083FE12E008A809F05EFE049BC0B2D2
:10F8B4009B691B5C1907EDD508A80BF0A0FA01247D
:10F8C400E9E700BFF01B00200C01002050B901360D
:10F8D400002C7FF4E0AED9F8003043F00403C9F8FB
:10F8E40000305DE008A809F03FFE049BC0B29B69AC
:10F8F4001B5C1A07EBD508A80BF081FACEE70024AD
:10F904002AE7029428E70326C5E6019C0326DFE7DD
:10F91400012425E7EE692FE701342EE7009BD8B9CF
:10F92400A342D8D10C9B53F80C3C012B24D9302191
:10F9340000220DEB010008F0FAFD0246E0B1431C81
:10F944004FF000010CA802BF0C9B53F80C2C02F1E1
:10F95400FF32FCF793F90FE0A342E3D008A809F0C3
:10F9640003FE335DC0B28342B5D108A80BF047FA59
:10F97400D2E7002CAFD0D5E7029B1BB10CA808F04E
:10F9840045FE13E00B9B53F80C3CE3B9B8F1000FB0
:10F9940002D0EB6ABB429ED10CA91C9808F0B2FDC0
:10F9A40008AC18A9204609F0EEFD25E00C9B1B7855
:10F9B400302BE7D00CA808F032FE01462D220CA80B
:10F9C40008F033FEDEE7B8F1000F05D09DF80C1007
:10F9D4000BA808F0ACFE01E0F9B2F9E70BAAD5E9EF
:10F9E40002010EF0F0FC0028D0D1D9F8003043F029
:10F9F4000403C9F80030C9E728B1D9F8003043F04E
:10FA04000203C9F80030059B94E8030083E803006F
:10FA14000CA80BF07DFA0BA80BF07AFA05980FB03E
:10FA2400BDE8F08F0CA80BF073FA0BA80BF070FA7A
:10FA34000DF0C5FEF9E700BF2DE9F0418CB00F468B
:10FA44002449064608AC06AD0A9184E80C009DF8EA
:10FA54005020DDE91538B2B102930AAA12ABCDE900
:10FA6400038293E803008DE803003946284694E8AE
:10FA74000C00FFF7D1FB95E803000A9D84E803001E
:10FA8400F8F764FC14E002930AAA12ABCDE90382EE
:10FA940093E803008DE803003946284694E80C00F7
:10FAA400FFF7C2FDE7E70AA80BF032FA0DF087FE74
:10FAB4000BAB424617990B90284600F069FE94E878
:10FAC400030086E803000AA80BF022FA30460CB0C3
:10FAD400BDE8F081F01B00202DE9F04F8DB0064603
:10FAE4000F46DDF864A008AC9DF860B006AD0AF1DD
:10FAF4006C00DDF86C9084E80C00FCF72DFA0BAB7D
:10FB0400204A804604931A9B0B92CDE902A316ABBC
:10FB140093E803008DE803003946284694E80C0076
:10FB2400BBF1000F14D0FFF777FB0B9B95E80300A4
:10FB340053F80C5C84E803006DB994E8030086E88C
:10FB440003000BA80BF0E4F930460DB0BDE8F08FCC
:10FB5400FFF76AFDE9E72946484608F0E3FD0B9FF5
:10FB640048463D4408F052FDD9F800302A4639464B
:10FB740040460BF0D6F9E0E70BA80BF0C9F90DF0FD
:10FB84001EFE00BFF01B0020244B1A68D0075CBF88
:10FB940001221A60224B1A68D1075CBF01221A6045
:10FBA400204B1A68D2075CBF01221A601E4B1A68E8
:10FBB400D0075CBF01221A601C4B1A68D1075CBFD6
:10FBC40001221A601A4B1A68D2075CBF01221A601C
:10FBD400184B1A68D0075CBF01221A60164B1A68CA
:10FBE400D1075CBF01221A60144B1A68D2075CBFAC
:10FBF40001221A60124B1A68D0075CBF01221A60F6
:10FC0400104B1A68D1075CBF01221A600E4B1A68A8
:10FC1400D2075CBF01221A60704700BF681C002035
:10FC2400641C0020601C00205C1C0020581C002068
:10FC3400541C0020501C00204C1C0020481C002098
:10FC4400441C0020401C00203C1C0020054B10B527
:10FC540003600446044B40F8043FFBF733FF20469F
:10FC640010BD00BF882C0200DC280200D0F800C0C0
:10FC7400ACF10C0CDCF800C06044E7E7044B10B5B1
:10FC8400044640F81C3BF8F76FFB204610BD00BF4C
:10FC9400B42C020008B50B68B3F1804F02D30D48B1
:10FCA400FBF78CFE93420BD9B3EB420F4FEA4200B1
:10FCB40006D2B0F1804F2ABF6FF0404308600B605A
:10FCC4000868013001D5FBF741FEBDE8084000F0AB
:10FCD4008FBC00BF673D020008B5034608461146C5
:10FCE4005B68984203D9024601480AF0EFFE08BD5A
:10FCF400CB3502002DE9F34116461D4604461B4B45
:10FD04002A460F463146A5EB06080DF09BFA23461A
:10FD1400626853F8080B9044984214BFA3680F23F9
:10FD240043451BD3F319D21A06D0AE4204D038444B
:10FD3400811928440DF0A8FA35B1206829469DF8A8
:10FD4400202038440DF0ACFA236800222046C4F881
:10FD5400048003F8082002B0BDE8F0810023324695
:10FD64003946204600950DF0CEFAE5E7413602000B
:10FD74002DE9F74F0C9D1446804689462A461F46B6
:10FD84002146394B0DF05EFA4246D8F80430A5EB13
:10FD9400040B52F8086B03EB0B0A964214BFD8F815
:10FDA40008200F22524556D34E44A14439464046BA
:10FDB400A3EB09090DF052FA80B1B9F1000F06D096
:10FDC400AC4204D04A46311970190DF05DFA95B170
:10FDD4002A46394630460DF04DFA0CE0B5B9B9F172
:10FDE400000F08D0AC4206D04A46311970190DF004
:10FDF4004BFAAC420FD3D8F8003000224046C8F882
:10FE040004A003F80A2003B0BDE8F08FAC420CD282
:10FE1400B9F1000FE8D134447B199C420BD32A4634
:10FE2400394630460DF030FAE5E72A463946304681
:10FE34000DF02AFAD3E7BC4203D82A4607EB0B019C
:10FE4400C8E7E41B3946304622460DF01DFA2A1B4A
:10FE540071193019BFE73B46224649464046009592
:10FE64000DF051FAC7E700BF953D0200F7B504460F
:10FE74001546094A0F461E46FFF72EFF62680146E3
:10FE8400089B2046D21B00933346AA4228BF2A4629
:10FE9400FFF76EFF03B0F0BD7F3D02002DE9F04196
:10FEA400064690460F460A4A19461D46FFF714FFB8
:10FEB4007468641B444528BF44462CB1316822460B
:10FEC400384629440DF0D6F92046BDE8F08100BF3C
:10FED4000236020000487047AE3D0200034B10B5E5
:10FEE400044603600DF062FD204610BD002D0200A3
:10FEF40000487047CA3D0200034B10B50446036036
:10FF04000DF054FD204610BD202D0200034B10B50A
:10FF1400044603600DF040FF204610BD402D020052
:10FF2400194A50F8081C536870B5A0F1080413B1BD
:10FF34006518AB4203D940F8043C546070BD5E6858
:10FF44001FD11B680B4440E90236F6E71A1D3346FD
:10FF54005E6836B1B542F9D301BF2E686D68891960
:10FF64005D6013681D685E19B44217BF5B686D1845
:10FF740040F8081C40F8043C16BF13681D605C6020
:10FF8400DCE70432E4E700BF9C1C00200830104A80
:10FF9400082838BF0820073020F0070352F8040F60
:10FFA40030B598B101688B4206D8CD1A4468072D44
:10FFB40005D80160214607E0021D4068F1E7C11839
:10FFC4004C60C550106803600830116030BD00BF3C
:10FFD4009C1C0020064A80389368984205D9D26850
:10FFE4001344984201D2FFF79BBFF4F7A1B900BFB5
:0CFFF4009C1C002038B54FF41E65074C23
:020000021000EC
:100000002846E560F4F778F9A06010B9E060606018
:1000100038BD0023606005604360F9E79C1C002048
:100020002DE9F3411E46037804460F46472B13D1B2
:1000300043784E2B10D18378552B0DD1C378432BA9
:100040000AD10379462B07D143794F2B04D1837909
:10005000522B01D1C2793AB320460DF0B8FB0246CB
:1000600020B3E37954F8202C012B16BF154652F823
:10007000785C04F158022B68284601929B689847E7
:10008000B0B1019B02241B6801933B6801AA294679
:100090003846D3F810800123C04758B1019B336024
:1000A000204602B0BDE8F081034DE4E7034DE2E7EE
:1000B0000124EAE70446F3E7782D0200802D0200D0
:1000C00008B504200DF067FB024B034A03490360A7
:1000D0000DF083FD202D0200FDFE00000C2D02001E
:1000E0002DE9F04F85B002460DF0C4FB50B3104629
:1000F000D2F828A052E90653D2E90C4601930DF03C
:1001000002FC28460DF042FD0DF0FDFB00F058F812
:10011000036893F8272003F12009012A1BD11B68EB
:10012000002524F0030802932F46574515DB002DC8
:1001300034D004200DF02FFB1A4B1B4A1B490360DF
:100140000DF04BFD10460DF0DEFB0DF023FD0DF024
:10015000DAFB0DF016FD7833E2E7346804B134447D
:1001600002AB002221464846FFF75AFF38B10DF096
:100170004EFD0DF0F1FB0DF0EFFB0DF022FB2368BF
:1001800003AA03902046D3F810B001230749D847AB
:1001900001374644002818BF0546C6E701980DF010
:1001A000E8FC00BF902D0200B3D901006C2D0200C5
:1001B00000487047063E020000487047153E0200A6
:1001C00000487047AC1C002000487047AC1C002061
:1001D000024A0349034804F0E8BF00BF540C002062
:1001E000C3D90100AC1C00202DE9F04F002393B0CF
:1001F00006460C46079300F003031546012B10D06A
:10020000022B03D0002B5DD103075DD52946204684
:10021000F1F7BDF818B1092013B0BDE8F08F082040
:10022000FAE7070745D5022306F008060C22284600
:100230000C941E430CAB009300231946F0F764FAAC
:10024000062E43D1D4F83080D4E90A73B8F1000FF8
:1002500000F03F819946002FC0F23E810326002323
:100260000DF12C0928460B941A461946CDF800903A
:10027000F0F74AFA0023012228461946CDF80090EB
:100280000B97F0F741FA0F2128460DF066FC00F0BD
:10029000010000230F2240EA0800CDF80090194623
:1002A0000B902846F0F730FA022E00F02F8107203D
:1002B000B2E70F6A10460D210DF04FFC8742B2D114
:1002C0000623B1E7F3F7ECFF0123ADE72846F1F78A
:1002D00078F88146002899D00CAA014628460DF0EE
:1002E0000DFC9DF844B02946029058460DF0D5FB10
:1002F0000F2103900E9028460DF02FFC20F00108EE
:10030000029A08F1FF38109F97420DD80027012369
:10031000B846F10700F1C580320740F1D780012BC4
:1003200040F0CC800DF02DFC9DF845A008AB0020DE
:1003300051460DF0D3FB09AB0246514600200DF0AB
:10034000CDFB0AAB0246514600200DF0C7FB0BA9BE
:100350000DF038FB0C9B089902460B44434553D8DB
:1003600009990B444345CED9DDE90A30002B3FF40F
:100370004DAF0D9A03EB020800283BD001383844FA
:10038000B8F1000F3FF442AF16F0080304933DD0DC
:10039000472323704E2363705523A3704323E370D8
:1003A000462323714F2363715223A3710023E3710A
:1003B0000023029309A90DF013FB0AA905900DF083
:1003C0000FFB099F002F69D043DDBBF1FF0F3CD02D
:1003D0000BF00703042B3FF675AF01A252F823F090
:1003E0004F040100C50201001F0401004F04010079
:1003F00047040100B8F1000F3FF408AFF0073FF5E4
:1004000005AF002702262AE73A467CE7E379012B6D
:100410000CBF54F8203C04F158030793C8E70222AC
:100420000F990BAB584602FB171203990DF0EFFA28
:100430000B9931B134B307AB00222046FFF7F0FD32
:1004400000B3032365E70822EAE70022E8E7042275
:10045000E6E76FF040420F9BD21B03EB820AC4B168
:100460000499B1B9079BAAF1040A0B935AF8041F27
:100470000029E6D00BAB002251442046FFF7D0FD07
:100480000028F3D00A98002844D0059B034418465E
:1004900090E753F82230002BF4D1D2E701230293E6
:1004A000F0E7079E0D2128460DF057FBC4F8308079
:1004B000C4E90806C4E90A790620ADE6002FBFF6B4
:1004C000CDAE0DF067FB0DF01EFA2BE7012B7FF48C
:1004D000C2AE20460DF0EBF90CAA494628460DF0B5
:1004E0000DFB29469DF844000DF0D7FAFA430F9B07
:1004F00003EB8203002253F8221029B9C4E90A2031
:100500000422C4E90C23A9E60132F4E720460DF0E9
:100510007BF9CCE6029B002B7FF470AF76E600BF40
:10052000014BD3E8AF0F704754010020014BD3E8D3
:10053000AF0F70470001002038B50025044640E9A0
:100540001E1240F8805CFFF7F1FF44F8700CFFF7D3
:10055000E7FF472344F86C0CA4F1800004F8583CF2
:100560004E2304F8515C04F8573C552304F8563CDC
:10057000432304F8553C04F8543C2B2304F8533C23
:1005800004F8523C014B44F8503C38BD9FDB01005D
:1005900002680346D20710B50FD4427852B1042046
:1005A0000DF0F9F8044600F019F8054A054920460F
:1005B0000DF013FB0120587010BD0020FCE700BFB8
:1005C000C90501009C2D0200034B10B504460360D1
:1005D0000DF0EEF9204610BDB02D0200014B036076
:1005E000704700BFB02D0200014BD3E8AF0F70473A
:1005F000B81C0020012838BF012010B50446204651
:10060000F3F77AFE00B110BDFFF7EEFF40B904200A
:100610000DF0C1F8034B044A044903600DF0DDFA04
:100620008047ECE7002D0200E1FE0000EC2C020008
:10063000034B10B504460360FFF76AFC204610BD6B
:10064000D02D0200034B10B504460360FFF760FC99
:10065000204610BD102E0200002170B5084601F0A2
:10066000BDFE0646F0F7EEFB451C084928460DF096
:1006700014FB044638B131462A460EF050F80449BE
:10068000002001F0ABFE204670BD00BFAE3E020070
:10069000FF3602002DE9F34180460E461546FFF76E
:1006A000DBFF044620B904232B6002B0BDE8F081D3
:1006B00001A9404602F0EEF8019B07463060434531
:1006C00001D01B785BB10023336004232B602146EB
:1006D000002001F083FE20460DF006F8E5E74FF01C
:1006E000FF41EFF703FE40B905493846EFF7FEFD3D
:1006F0000028ECD06FF40003E6E7024BE4E700BF0C
:10070000000080FFFFFF7F7F2DE9F74307460E467D
:100710001546FFF7A1FF044620B904232B6003B060
:10072000BDE8F08301A9384601F0FAFE019B80463E
:100730008946BB424FF00002C6E9008901D01B7810
:1007400063B10023C6E9002304232B602146002067
:1007500001F044FE20460CF0C7FFE0E70A4BEFF73C
:100760004FFD60B90022094B40464946EFF748FD6E
:100770000028EBD04FF0FF326FF48013E2E74FF028
:10078000FF32034BDEE700BF0000F07F0000F0FF08
:10079000FFFFEF7F2DE9F84307460C461646FFF7AB
:1007A0005BFF054618B904233360BDE8F883224691
:1007B0001749384601F094FE013001280ED8002276
:1007C0000023C4E90023042333602946002001F0FC
:1007D00005FE2846BDE8F8430CF086BFD4E9008941
:1007E00000220C4B40464946EFF70AFD60B9002253
:1007F000094B40464946EFF703FD0028E5D04FF08E
:10080000FF326FF48013DCE74FF0FF32034BD8E781
:10081000073F02000000F07F0000F0FFFFFFEF7FC6
:1008200008B500220346084604491A60F0F700FBA9
:1008300010B10348FBF7F4F808BD00BFFF36020013
:100840000B3F020038B50A4B04460A4D40F8083BFE
:100850000DF0DEFC05E02046256006F0C6FD0CF03C
:10086000B0FF2046256006F0C0FD204638BD00BF21
:10087000482E0200CC2B020000390A4B18BF012180
:1008800010B5416004460360F7F762FD06E0064BD1
:100890002046236006F0A9FD0CF093FFA0602046DF
:1008A00010BD00BF482E0200CC2B020070B5A0F195
:1008B000460300F26C7440F26D100129D8BF013C70
:1008C00043436FF4EC70002C264603446FF0630042
:1008D000B8BFE61C94FBF0F003EBA603B51003448D
:1008E000192095FBF0F600FB16554FF4C87094FBE9
:1008F000F0F403EBD5730A48234430F811100720B5
:100900000B441344013B93FBF0F2C2EBC2029B1A6F
:100910000344B3FBF0F0C0EBC000181A70BD00BF79
:10092000F831020040F201130288934304BF8B6840
:100930000C332DE9F04108BF8B60054690F900307B
:100940000C460678002B0FDA437813F002031FBF22
:100950004B69642193FBF1F001FB1033696864205B
:10096000133900FB0133636122F47F7222F001022C
:100970005205520DB2F5806F36D106F01803182BD0
:1009800027D0700725D56069514F00F26C700DF0CB
:100990009CFC1A21E269002301FB007131F802CBB3
:1009A000944540F3918031075CBF03F1FF31216131
:1009B000F60608D4013B0D2101FB003037F810305A
:1009C000D21A0132E2602B7823F0180343F01803A7
:1009D0002B702B782169180701D40B2904D8E26801
:1009E0006069FFF763FFA0612B882E7823F47E7384
:1009F00023F003035B055B0DB3F5806F13D1320762
:100A0000276901D40B2F0ED8606900F26C700DF0CD
:100A10005CFC0D22E36802FB00772D4A013B32F8B3
:100A200017201344E36116F0600F4BD0B30749D58C
:100A300016F00401676923D186F0200801223846A8
:100A4000C8F34018FFF732FF0722A0EB0800C0F1FF
:100A5000070090FBF2F3C3EBC303C01AAB7803F0BB
:100A60003F03013BC3EBC3031844A369A3EB080393
:100A7000134493FBF2F2C2EBC2029B1A1844E061EA
:100A800006F01803182B1DD007F26C70104D0DF0F6
:100A90001CFC1A21E269002301FB005131F8027BA2
:100AA000974213DD37075CBF03F1FF312161F10687
:100AB00008D4013B0D2101FB003035F81030D21A6B
:100AC0000132E260BDE8F081013367E70133E5E719
:100AD000F8310200074B13B504460360406801A9D2
:100AE0000C38F8F7D5FF20460CF062FF204602B024
:100AF00010BD00BFE02E0200074B13B50446036093
:100B0000406801A90C38F8F7C3FF20460CF050FFED
:100B1000204602B010BD00BFA42E0200034B10B54A
:100B200004460360FFF7E8FF204610BDB82E020020
:100B3000034B10B504460360FFF7DEFF204610BDEF
:100B4000CC2E020038B584680546C4BBC820FFF728
:100B500051FD504B44600360C0E90244C0E90444C5
:100B6000C0E90644C0E90844C0E90A44C0E90C44AD
:100B7000C0E90E44C0E91044C0E91244C0E914447D
:100B8000C0E91644C0E91844C0E91A44C0E91C444D
:100B9000C0E91E44C0E92044C0E92244C0E924441D
:100BA000C0E92644C0E92844C0E92A44C0E92C44ED
:100BB000C0E92E44C0F8C04080F8C440A860AB68CB
:100BC000354A3649C3E90222354A99673549C3E9AE
:100BD0000422354AD9673549C3E90622344AC3F8A5
:100BE00080101A62334A34495A62344A9A62344A4B
:100BF000DA62344A1A63344A5A63344A9A63344A8A
:100C0000DA63344A1A64344A5A64344A9A64344A75
:100C1000DA64344A1A65344A5A65344A9A65344A61
:100C2000DA65344A1A66344A5A66344A9A66344A4D
:100C3000DA66344A1A67344A5A67C3F8841033496B
:100C4000C3F888103249C3F88C103249C3F89010A9
:100C50003149C3F894103149C3F898103049C3F8AA
:100C60009C103049C3E928122F4AC3F8A8202F4A04
:100C7000C3F8AC202E4AC3F8B0202E4AC3F8B420E3
:100C80002D4AC3F8B8202D4AC3F8BC202C4AC3F81B
:100C9000C02038BD282B020007370200A840020000
:100CA00016370200AD40020031410200B24002009E
:100CB0002040020023400200B9400200264002000A
:100CC0003240020039400200404002004840020029
:100CD000524002005B400200624002006B40020092
:100CE0006F40020073400200774002007B40020028
:100CF0007F40020083400200874002008F400200D4
:100D0000984002009E400200A4400200C34002003E
:100D1000CB400200D4400200DD400200E14002006E
:100D2000E5400200E9400200ED400200F14002000F
:100D3000F5400200F9400200FD40020001410200BE
:100D40000541020088422DE9F04104460D4618D0C5
:100D5000A0B1A1EB000800214046F8F753FE00F1D6
:100D60000C070646214638462A4607F0C8FB41468E
:100D70003046F8F73BFE3846BDE8F0810248FAF706
:100D800007FE024FF7E700BF8B330200F01B002085
:100D9000084B13B5044601AA40F8043B0DF0B6FB1E
:100DA00004E020460CF004FE0CF00BFD204602B0DF
:100DB00010BD00BFA42E020010B50446FFF7E8FFE7
:100DC000014B2046236010BDB82E020010B504462A
:100DD000FFF7DEFF014B2046236010BDCC2E020042
:100DE000084B13B5044601AA40F8043B0DF08EFBF6
:100DF00004E020460CF0DCFD0CF0E3FC204602B0E1
:100E000010BD00BFE02E02000048704709410200FB
:100E1000034B10B5044603600DF064FC204610BD82
:100E2000442F0200034B10B50446036000F00CF998
:100E3000204610BD302F0200034B10B5044603605E
:100E4000FFF7F6FB204610BD802F0200054B10B5C2
:100E5000044640F8103B0DF051FC2046FFF7E2FF3E
:100E6000204610BD6C2F0200134600F10802012B32
:100E700013B508BF0E23026018BF0D234FF0000208
:100E800004464260114602720BBF00930093064B6A
:100E9000064BFEF76FFF04E020460CF0CDF90CF096
:100EA00090FC204602B010BD124102002141020018
:100EB000F0B5D2E9007593B004462B683A4668460F
:100EC0000E461B6929469847194A002168460CF0CE
:100ED000D4FA014606A80DF071FB3246002106A89F
:100EE0000CF0CBFA01460CA80DF068FB0CA92046CB
:100EF00000F05EF80CE00CA80CF09EF906A80CF0CF
:100F00009BF968460CF098F90CF05BFCF6E7F8E703
:100F10000CA80CF091F906A80CF08EF968460CF0BC
:100F20008BF9044B20462360C4E9027513B0F0BD71
:100F30002F410200302F020037B5054618200CF073
:100F40002AFC01236A462946009304460E4B01936E
:100F5000FFF7AEFF0D4B204623600DF07EFA0146F1
:100F600004F1100000F0F4F807E02046FFF75AFF04
:100F70002046FFF731F80CF024FC054A20460549CD
:100F80000CF02BFEF4E700BF480100206C2F02009C
:100F90004D0E0100042F0200024A0349034804F0E9
:100FA00004B900BF540C002049E5010048010020AD
:100FB000074B10B5044640F8043B0DF01AFB04E063
:100FC00020460CF0F5FC0CF0FCFB204610BD00BFE9
:100FD000E02E0200004870479E4102000048704722
:100FE0002B460200742A10B51ADC572A0CDC4D2A55
:100FF00007DC3B2A0CDC242A0EDC0F2A18DC0E2A24
:1010000016D9C0E9002116E0A2F158040A4B0CE001
:10101000A2F13C04094B08E0A2F12D03012BEFE7FC
:10102000A2F17604182CECD8054BE340DB07E8D599
:10103000044B0260436010BD9D00BF1F8F0802007B
:10104000BF07F10150010020034B10B504460360B7
:10105000FFF740FD204610BDD82F020073B50446AF
:1010600010460DF09DFB054604F10803236010B9FE
:101070000F48FAF78DFCEFF7E5FE0F2805EB0006A9
:10108000019007D9002201A92046FEF705FE019B29
:101090002060A3603246294620680CF031F9019B9C
:1010A0002268002120466360D15402B070BD00BFA9
:1010B000B836020010B5064C06492246064804F030
:1010C00074F8224605490648BDE8104004F06DB8A2
:1010D000540C00205FE601005001002061E6010091
:1010E0004C010020074B13B504460360406801A97A
:1010F0000C38F8F7CDFC20460CF05AFC204602B024
:1011000010BD00BF48300200104B73B503600446A9
:101110000B68A3F10C0053F8043C002B05DBF8F737
:1011200047FD6060204602B070BD002201A907F0B3
:10113000A1FAF6E70E46054620460CF039FC0136CA
:1011400001D00CF03EFB2846FEF7CAFF48300200F3
:101150002DE9F043804685B00C4621B30846EFF7F1
:1011600071FE04EB000907464C451FD001AA00217F
:10117000F8F748FC00F10C050646214628464A4689
:1011800007F0BDF939463046F8F730FC03A9404670
:101190000395FFF7B9FF02A9A5F10C00F8F778FC59
:1011A00005B0BDE8F0830248FAF7F2FB014DEDE728
:1011B0008B330200F01B002001490CF0F2BD00BF90
:1011C0003430020008B503468F2B00F24E81DFE871
:1011D00013F090005C0192009400960098009A0031
:1011E0009C009E00A200A400A800AA00AC00AE00D3
:1011F000B000B200B400B600B800BA00C000C2002F
:10120000C800CA00CC00CE00D000D400D800DA005C
:10121000DC00DE00E000E200E400E6004C014C01EE
:101220004C014C014C014C014C014C01EA00EE0018
:101230004C014C014C014C014C014C014C014C0146
:101240004C014C014C014C014C01F0002001F2001A
:10125000F400F600F800FA00FC00FE0000010201B4
:1012600004014C014C0108014C014C010A014C01E4
:101270004C014C014C014C010C010E0110011201FA
:10128000140116014C0118011A011C014C014C01FA
:1012900044014C014C014C014C014C014C014C01EE
:1012A0004C012E011E0122012401260128012A01E0
:1012B0002C0130013401EC00C4004A01BC00D20012
:1012C000BE00A000A6004801060138013201C60098
:1012D0003A0136014C014C014C014C014C01D60045
:1012E0004C014C014C01E80046013C013E0140012B
:1012F0004201674808BD6748FCE76748FAE7674866
:10130000F8E76748F6E76748F4E76748F2E76748B1
:10131000F0E76748EEE76748ECE76748EAE76748C1
:10132000E8E76748E6E76748E4E76748E2E76748D1
:10133000E0E76748DEE76748DCE76748DAE76748E1
:10134000D8E76748D6E76748D4E76748D2E76748F1
:10135000D0E76748CEE76748CCE76748CAE7674801
:10136000C8E76748C6E76748C4E76748C2E7674811
:10137000C0E76748BEE76748BCE76748BAE7674821
:10138000B8E76748B6E76748B4E76748B2E7674831
:10139000B0E76748AEE76748ACE76748AAE7674841
:1013A000A8E76748A6E76748A4E76748A2E7674851
:1013B000A0E767489EE767489CE767489AE7674861
:1013C00098E7674896E7674894E7674892E7674871
:1013D00090E767488EE767488CE767488AE7674881
:1013E00088E7674886E7674884E7674882E7674891
:1013F00080E767487EE767487CE767487AE76748A1
:1014000078E7674876E7674874E7674872E76748B0
:1014100070E767486EE767486CE767486AE76748C0
:1014200068E7674866E7674864E7674862E76748D0
:1014300060E767485EE767485CE767485AE76748E0
:1014400058E7674856E7674854E7674852E76748F0
:1014500050E767484EE767484CE767484AE7674800
:1014600048E7674846E7674844E71AB9664A0DF017
:1014700067FC0244654808B965483BE71846AFF386
:10148000008000287FF436AFF6E7624832E700BFFD
:101490003A4302004C4302006643020076430200D6
:1014A0008E43020098430200B2430200C44302008C
:1014B000D6430200EF430200FF4302000B44020048
:1014C000284402003A4402004B4402005D440200FA
:1014D000694402007F44020097440200A3440200D2
:1014E000B5440200C4440200D4440200E1440200B6
:1014F000004502000F45020020450200444502005D
:101500006245020080450200A0450200B745020086
:10151000C6450200D5450200E94502000146020029
:101520000F4602001C4602003246020041460200FD
:101530004D4602007C4602008D460200A84602008D
:10154000BB460200D1460200DA460200F146020024
:10155000F9460200064702001B4702002F4702001F
:101560004D470200584702006B47020083470200C4
:1015700093470200A1470200B5470200C44702009A
:10158000D5470200E8470200F44702001A4802006B
:101590003F4802005F4802009D480200C348020025
:1015A000DC480200F04802000B4902002349020017
:1015B0003D49020045490200754902009449020074
:1015C000B3490200CA490200EB490200FE49020089
:1015D000174A02002E4A0200444A0200654A0200ED
:1015E0007D4A0200974A0200B34A0200C64A02003E
:1015F000DC4A0200F04A0200034B0200254B0200C5
:101600004B4B02005C4B02000C000000000000008D
:101610003141020042430200426940F26C73002AE9
:10162000A8BF6FF06303134492071FD1642193FB9B
:10163000F1F201FB1232DAB94FF4C87293FBF2F106
:1016400002FB1133B3FA83F35B09D0E906024000D1
:1016500000EB0210184441F2A263984229D013DC37
:1016600001280CDCC043C00F404270470023ECE768
:101670000123EAE7104BC34043F3000070470A38E8
:101680001728F7D90020704741F2B463984206DC6E
:1016900041F2B1639842D4BF002001207047A0F509
:1016A000B65002381528EDD8044BC34003F00100B2
:1016B00070470120704700BFCF00CC001F002A00F8
:1016C0002DE9F04F4FF000098FB007460D461E463A
:1016D0004C461378002B00F08684252B1DD15378BF
:1016E000302B22D02B2B20D002F10108002398F8B8
:1016F0000020313A082A1BD80A22404606A9029344
:1017000001F062FADDF818800246029B98F800109A
:1017100045290FD108F101080EE0691EA14240F2EF
:1017200047813B5501320134D3E702F10208DEE77D
:101730000022EBE74F29EDD098F80010A1F1250029
:10174000552800F23581DFE810F0480433013301F9
:1017500033013301330133013301330133013301E9
:1017600033013301330133013301330133013301D9
:1017700033013301330133013301330133013301C9
:1017800033017400A000D1001801330140018F0122
:10179000300237023301330133014F023301330189
:1017A0005902330186020F03170329033103AD03E6
:1017B000CD00C6031C04330133013301330133016F
:1017C000330156008B00B6000D010D01330160019D
:1017D0008B0033014802300237024C0251023301C0
:1017E00059027F02C5008F0211031E037B03A6036B
:1017F000C900B503E103B369B94A183352F823A00D
:1018000050460AF1FF3AEFF71DFB6B1E2044A04241
:1018100007D198F80030002B00F0E58308F10102B1
:1018200057E7A34240F2C4801AF8012F3A55013419
:10183000EDE7B269AA4B03EB8203D3F87CA05046D4
:101840000AF1FF3AEFF7FEFA6B1E2044A042E0D007
:10185000A34240F2AD801AF8012F3A550134F5E762
:101860009F4B326953F822A050460AF1FF3AEFF736
:10187000E9FA6B1E2044A042CBD0A34240F29880EC
:101880001AF8012F3A550134F5E73369944A0C33BD
:1018900052F823A050460AF1FF3AEFF7D3FA6B1E35
:1018A0002044A042B5D0A34240F282801AF8012F12
:1018B0003A550134F5E78A4BD3F8A0201378002B72
:1018C000A7D03346291B3819FFF7FAFE00286FDD31
:1018D00004449EE7824BD3F8E420EFE7804BD3F833
:1018E0009C20EBE77E4BD3F89820E7E77D49642006
:1018F000D6F814E08E45ACBF4FF0000A4FF0010A55
:10190000BEF1000FB5BF0EF26C719EFBF0F081EAE4
:10191000E17C00F11301BCBFACEBE17CBCFBF0F15E
:1019200053B163291CDDDFF8C0C170482B2B08BF01
:101930006046DFF8BCC102E06C48DFF8B8C16E4B0E
:101940000191022A2CBFCAEB0201CAF10201654AC9
:1019500000919645A8BF03466246291B38191FE02F
:101960006248E6E76548664AF368642918BF02469C
:10197000291B381900F088FD14E0726938193369A1
:10198000291B002AD6F80CE003F101034FF0640C88
:1019900013DB92FBFCFA0CFB1A22CDE900E2594A58
:1019A00000F072FD002803DB0444A5423FF631AF8E
:1019B000002420460FB0BDE8F08F02F26C72002ABE
:1019C000B8BF5242B2FBFCFAE5E725218DF81810AA
:1019D00043B1052A8DF8193001D9931F06D10DF1B5
:1019E0001A000CE02B238DF819300423464A1E21DF
:1019F0000DF11A0000F048FD0DF11A031844434997
:101A0000EFF728FA334606AA5CE73046FFF704FEF4
:101A100071696423002910DB91FBF3F203FB1213BD
:101A20001844642390FBF3F203FB12001844B0FB4C
:101A3000F3F203FB1203324A9AE701F26C72002AB6
:101A4000B8BF52420028B2FBF3FC03FB1C2304DAAC
:101A50002F4A9142B8BF0120E2E7E1D0214A9142EA
:101A6000B8BF4FF0FF30DBE7CDE90432D6F814A061
:101A700030461C4B9A45ACBF002301230393FFF76C
:101A8000CBFDBAF1000F4FF0640E0290DDE9043295
:101A90000FDB00289AFBFEF101F1130C0EFB11A1E4
:101AA00053DC02980144481C35D10CF1FF3C632102
:101AB00031E00AF26C710029B8BF4942B1FBFEFC6B
:101AC0000EFB0CF0091A04900298002822DADFF8C5
:101AD00040E0F245E5DA01200131039037E000BF34
:101AE0005430020094F8FFFF804B020031410200A5
:101AF000784B0200714B0200824B0200844B0200C3
:101B0000924B0200884B0200974B02009B4B020055
:101B100095F8FFFF21D14FF0640A0AFB0C1A0399D4
:101B200021BB2B2B40F0F08142F20F718A454FF020
:101B3000250140F2DE818DF81830002A40F0E08166
:101B40008DF819100DF11901D6E1029801446429AC
:101B500004BF0CF1010C0021DDE7DFF8B8B2DA4573
:101B6000F3DA01F1FF3AC9B104998A442D218DF8C5
:101B70001810002A40F0C6810DF1190125200870C7
:101B8000002B40F0B981481CA3490292EFF762F99B
:101B9000029ACDF800A0134606AA60E00CF1FF3AC5
:101BA0000EFB0AFA0AF1630AE0E79C489C4AB36814
:101BB0006B2918BF0246DBE6B36863B10C2B04D077
:101BC0000C2293FBF2F002FB10339548934A49290B
:101BD00018BF0246CCE60C23F7E7F369914A0133BC
:101BE000C6E63369013326E7736824E76B1E9C421F
:101BF000BFF4DEAE0A233B5501340AE6B3680B2B73
:101C0000894BD4BF0022012203EB8203D3F8A4A0A6
:101C100050460AF1FF3AEFF715F96A1E2044A04238
:101C20003FF4F7ADA2427FF6C3AE98F800101AF861
:101C3000013F502905D1A3F14101192998BF203353
:101C4000DBB23B550134EAE70322336993FBF2F33D
:101C5000764A01338CE67368754A0093B368291B92
:101C6000381900F011FC9DE6336A002B79DB7148CE
:101C700003F024FCB9F1000F01D100F0C9F901F023
:101C8000A9FE336A4FF00109002B4FF02803D4BF9F
:101C90000022012202FB0333C3586648C3F1000A45
:101CA00003F014FC7269291B3819B2F145034FEA9D
:101CB000E27C6CF1000CBCF1000F02DA03334CF152
:101CC000000C02F1FF3E4FF0640B9B089EFBFBFEF5
:101CD00043EA8C734FF4C87B4FEAAC0CB3EB0E03B2
:101CE0006CEBEE7C02F22B1E463A9EFBFBFE13EBE6
:101CF0000E03D6F804B04CEBEE7C40F26D1E0EFBEA
:101D000002F24FF0180E9B184CEBE27CF2699B1824
:101D10004CEBE27CA3FB0E230EFB0C33D6F808C081
:101D200012EB0C0243EBEC734FF03C0CA2FB0C2EBD
:101D30000CFB03EE12EB0B034EEBEB72A3FB0CE37D
:101D40000CFB023332681EEB020E43EBE273BEEB78
:101D50000A0263EBEA73CDE90023374A00F094FBF3
:101D600020E64FF0000A9DE7336864E66B1E9C4254
:101D7000BFF41EAE09233EE73368304A019373680F
:101D80000093B368E9E56B1E9C42BFF411AEB369E2
:101D90000BB937232FE73033DBB22CE7F369B26995
:101DA00007339B1A072293FBF2F344E63046FFF712
:101DB00033FCB26932B1013A0028F36928DC03D15F
:101DC0000A33EEE70622F7E7D21A736940F26B7125
:101DD000002BA8BF6FF064010B44990714D1642055
:101DE00093FBF0F100FB113181B94FF4C87193FB03
:101DF000F1F001FB1033B3FA83F35B09D21A042A22
:101E0000CCBF3423352316E60023F7E70123F5E79B
:101E1000012310E694F8FFFFA34B0200924B02004F
:101E2000844B0200A74B020054300200AC4B02006E
:101E3000BB4B0200E8010020B14B0200B64B020090
:101E40006C4906A8CDE90232EFF704F806A8EEF7D0
:101E5000F9FF06AB03EB000A029B0AF1010AD34625
:101E60004BB106AA1354039A052A01D9931F06D130
:101E700061495846C4E52B2306AA135404230EA92E
:101E80005E4A5046A1EB0A0100F0FEFA0028C8BFE6
:101E90000AEB000BECE76B1E9C42BFF489ADB36903
:101EA0003033A8E6B2691AB1013AF369073378E72B
:101EB0000622FAE772696423002A04DB92FBF3F13D
:101EC00003FB1123B7E502F26C72002AB8BF52423D
:101ED000B2FBF3F1F4E771694948814206DA4FF049
:101EE0002D0CA0EB010A8DF818C042E601F26C7AC5
:101EF00017E68DF8181006A93023881C4B7043E6AE
:101F0000013A1DE6013A37E606A937E6336A002BA7
:101F1000FFF67FAC3B4803F0D1FAB9F1000F01D1D5
:101F200000F076F801F056FD336A002B4FF02803DD
:101F3000D4BF0022012202FB0333C3583148C3F14E
:101F4000000903F0C3FA3C21381999FBF1F2002A89
:101F5000B8BF5242B2FBF1F301FB13224FF46163AD
:101F6000291B0092284A99FBF3F300F08DFA002810
:101F7000FFF61EAD0444A5427FF61AAD4FF00109ED
:101F800047E4336A002BFFF644AC1E4803F096FA90
:101F9000B9F1000F01D100F03BF8336A1B4A002B66
:101FA000D4BF0023012352F82390484609F1FF399A
:101FB000EEF748FF6B1E2044A04203D1114803F006
:101FC00085FADBE7A34204D919F8012F3A55013409
:101FD000F2E70C4803F07AFAEAE46B1E9C42BFF485
:101FE000E7AC252307E6002D3FF4E3AC00233B5587
:101FF000DFE400BFC54B02003C4C0200974B0200DF
:1020000094F8FFFFE8010020CD4B020058010020AA
:102010002DE9F04F8DB0DFF8D8A201F0DBFC0446CB
:10202000B4480CF04EFEB44F0546D8B9B34BCAF8CD
:1020300000001860B24BC7E900334A210022002398
:10204000A562217284F830102565C4E90355C4E9FE
:102050000555C4E90823C4E90D55C4E90F55C4E981
:1020600012238AE00023A54A002000211360A54A1C
:10207000CAF80030A3622365C7E900224A22C4E9F6
:102080000333227284F83020C4E90533C4E908011F
:10209000C4E90D33C4E90F33C4E912012B783A2B9C
:1020A00008BF01352B783C2B5BD16E1C0AAB964ADE
:1020B0009649304600F014FA00285EDD0A9BDA1ECD
:1020C000072A5AD8F35C3E2B57D102350A9B05EB01
:1020D0000308EB5C2D2B53D108F101084FF0FF39B9
:1020E000002308AD07AA8A49ADF81E304046ADF876
:1020F00020300AAB0393CDE901350DF11E030093A7
:102100000AAB00F0EDF9002837DDBDF81E303C22A7
:10211000BDF8206002FB0366BDF81C304FF461621D
:1021200002FB03660A9B09FB06F608EB030918F895
:1021300003303C2B40F0F68009F101080AAB754AE8
:102140007249404600F0CCF9002820DC99F80130B3
:102150003E2B1CD16C4BA662CAF80060C7E9003365
:102160000BE00AAB684A6C49284600F0B9F9002830
:1021700003DD0A9B033B072BA8D90DB0BDE8F08F08
:102180002B2B4FF0010908BF08F10108A8E70A9BB3
:10219000DA1E072AF1D818F803303E2BEDD109F1E9
:1021A00002090A9B09EB030819F803302D2B40F0B4
:1021B000C88008F101084FF0FF39002307AA5449ED
:1021C0004046ADF81C30ADF81E30ADF820300A9313
:1021D0000AABCDE9025301930DF11E0300930AAB44
:1021E00000F07EF9002800F3B380A6F56163049344
:1021F0004FF0000B0A9B08EB0305A0462B782C2B15
:1022000008BF013595F80090B9F14D0F40F0B3804B
:102210000AAB0DF12602414928460393CDE901326C
:1022200009AA00920DF1220200F05AF90328A4D164
:10223000BDF822104B1E0B2B9FD8BDF82420531E37
:10224000042B9AD8BDF82630062B96D888F808902B
:10225000C8F81430C8E903120A9B05EB03090025EE
:102260004FF00203ADF81E50ADF81C30ADF8205011
:102270000A9599F800302F2B0FD10AAB08AA2849EC
:1022800048460393CDE901320DF11E02009207AAE0
:1022900000F026F9A8427FF7D0AEBDF81E203C2101
:1022A000BDF8203008F1280801FB0233BDF81C20DE
:1022B0004FF4616101FB023348F8103C0A9D4D4424
:1022C000BBF1000F54D0049B606823650E4BA662DF
:1022D0003B60104B7B6001F081FBA26A236DCAF862
:1022E00000209B1A054A18BF0123136045E700BF71
:1022F0006C1F0020D94B020058010020701F0020E5
:10230000A33F0200314102009A1F0020DC4B020073
:10231000114C02008E1F0020EF4B0200FD4B02000B
:10232000104C02000AAB2B4A2B49484600F0D8F863
:1023300000287FF70FAF0A9B033B072B7FF631AFD7
:102340001BE72B2B4FF0010908BF08F1010834E708
:10235000BDF81E203C21BDF8203001FB0233BDF842
:102360001C204FF4616101FB023309FB03F33EE7DC
:102370004FF0010B42E7B9F14A0F4FF00A020BA9E7
:1023800006BF01354B4644232846059300F01CFC4C
:10239000DDF82C90059BA945ADF8260014D14D23FE
:1023A000BBF1000F07D1032123720223C4F814B03C
:1023B000C4E9031353E70B2284F830300123C4E946
:1023C0000D230023E3634AE780B288F80830C8F899
:1023D000140044E78E1F0020EF4B020010B50C469E
:1023E00079B109492046EEF723FD50B1074920464F
:1023F000EEF71EFD28B123780448002B18BF0020FB
:1024000010BD0248FCE700BF234C0200FF3602006B
:1024100010B5837804469B0612D5436983B198476B
:10242000002812DBA37823F00803A3704FF0000309
:10243000D4E85F2FC4E8513F0029F9D1002010BD36
:10244000034B1D220CF07CFC1A504FF0FF30F6E7D6
:102450000C00000010B5837804469B060AD543693A
:1024600043B1012200219847D4E89F3F9BB203B1BA
:10247000013810BD034B1D220CF062FC1A504FF0C6
:10248000FF30F6E70C0000000CB430B589B005460B
:102490000C461C22002101A80CF068F902230595C6
:1024A0008DF806300D4B029323462CB1B4F1004F4A
:1024B00028BF4FF00043013B1D440DAA0C9901A811
:1024C0000695009200F0E6FB14B1059B00221A70FD
:1024D00009B0BDE8304002B0704700BF23ED0100F5
:1024E0000EB470B589B005461C2200210DAC01A8C0
:1024F00054F8046B0CF03AF9012301A82246314646
:102500008DF80630054B05950393009400F01CFEF2
:1025100009B0BDE8704003B0704700BF0FED010087
:102520002DE9F84F00228046894618F80230511CE8
:10253000202B00F09E81A3F10900042840F299812C
:102540002B2B0D4633D02D2B36D01846042440F0CB
:102550002003692B32D06E2B60D000224FF00A0A84
:10256000964694461346114614F400666BD040F02C
:102570002007A7F1610BBBF1050F64D8573FFFB2ED
:10258000BA4540F3F28044F08006E005B6B268D563
:10259000F40506F4007079D5002F18BF4CF0010C3B
:1025A00000B9013218F8050034460135DCE704248F
:1025B00018F80100951CCAE74424F9E7AE4B002641
:1025C000AE4F13F8011B49B118F80520681C42F002
:1025D00020028A4226D0AA4A934230D132463B4654
:1025E00030463946EDF70CFE48B918F80530282B6F
:1025F00005D1013518F805300135292B14D16306B2
:1026000002D507F100431F46B9F1000F02D045443F
:10261000C9F8005030463946BDE8F88F994B00267E
:10262000994FCEE70546CCE723F02002413A192A1C
:10263000E0D9A3F13002092ADCD95F2BDAD00026D9
:1026400000270025E0E7A0F13007FFB257452DDA5B
:1026500044F0800614F48070B6B299D1BAF10A0F32
:1026600006D0BEF10F0F93DD44F4C076B6B28FE70B
:10267000BEF1100F8CDD44F4C076042FB6B287D9BA
:10268000052F4FF0020C08BF074681E700B1013A61
:10269000AAFB0334FB180AFB014444F1000153EA8E
:1026A00001003FF47FAF0EF1010E7BE7FE2F5CD1FE
:1026B000A70556D52006C2D5002E40F0968053EAD5
:1026C000010005F1FF3500F0D180200540F1B28016
:1026D0003632B1F5800FC0F091806C4FB1F5000F2C
:1026E00080F09180BA42C0F28E804CEA0303084623
:1026F00003F00306032E04D003F00606062E40F076
:102700008B80043341F10000B0F5000FC0F08480ED
:102710000132B2F5806F80F2A68000234FF4801161
:1027200002F2FF3221F4801141EA025718461E4698
:10273000394601F0D3F80138022804D8544B22223C
:102740000CF0FEFA1A503046394601F0C7F801384D
:1027500002283FF654AF4E4B22220CF0F1FA1A50E9
:102760004DE744F40076B6B21CE740F0200004F0D8
:102770008007782809D147B153EA010A05D144F40A
:1027800000664FF0100AB6B20CE7002F3FF457AFC7
:102790006EB392007026864291D118F805006E1C27
:1027A0002B2804D02D2824D144F48064A4B218F836
:1027B0000600A0F13006092E81D8AE1C354640F245
:1027C000D34A00264FF00A0B5645DCBF30380BFBCE
:1027D000060618F805000135A0F13007092FF3D9D6
:1027E000670548BF7642324469E72E20D1E7652667
:1027F000D1E7A0F13007092FE0D960E7DB1802F13B
:10280000FF32494165E75E0803F00103013246EA01
:10281000C1764908334361E7B2F5806F23DA9B083C
:10282000B0F5800F4FEA900143EA8073BFF478AFB0
:10283000002279E70EEB020010F5A27F10DDB0F563
:102840009B7F10DA03F0010040EA0C0001308008A1
:10285000181841F1000100F04FFE06460F4672E7DE
:10286000002600276FE70026044F6CE700260027AC
:10287000C5E60A4659E600BF5C4C02000000F07F46
:102880005F4C0200594C02000000F87F02FCFFFF81
:102890000C0000002DE9F047002280460F4618F892
:1028A0000230511C202B00F08281A3F10900042882
:1028B00040F27D812B2B0E4636D02D2B39D09946F8
:1028C000002549F02003692B35D06E2B5CD0002108
:1028D0004FF00A0C08460C460A4615F4006A66D00A
:1028E00049F0200EAEF16103052B60D8AEF1570E12
:1028F0005FFA8EFEF44540F3DB8045F0800315F46B
:10290000807F9BB262D013F4807F03F4007572D095
:10291000BEF1000F18BF44F0010405B9013118F8E9
:1029200006901D460136D8E7002518F80190961C40
:10293000C7E74025F9E79F4B4FF0FF4413F8011B11
:1029400049B118F80620701C42F020028A421ED0BD
:10295000994A934228D121462046EDF7C7FC48B951
:1029600018F80630282B05D1013618F80630013644
:10297000292B0ED16B0601D504F100440FB146445A
:102980003E602046BDE8F0878C4B8D4CD6E706466E
:10299000D4E723F02002413A192AE6D9A3F1300204
:1029A000092AE2D95F2BE0D000240026E6E7A9F14E
:1029B000300E5FFA8EFEE64525DA45F0800315F409
:1029C00080799BB29FD1BCF10A0F05D007289ADD10
:1029D00045F4C0739BB296E7082894DD45F4C073B4
:1029E000BEF1040F9BB28ED9BEF1050F4FF0020469
:1029F00008BFCE4687E705B1013902FB0CE2002A89
:102A00008DD001308BE7BEF1FE0F51D1AB054BD518
:102A10002B06C9D5BAF1000F40F09480013E002A80
:102A200000F0C3802B0540F1AB801931B2F1007F7B
:102A3000C0F09380B2F1806F80F0928011F17E0F30
:102A4000C0F28E8042EA040303F00302032A04D09A
:102A500003F00602062A40F089800433B3F1806F48
:102A6000C0F0848001317F2900F39C80DC087F3135
:102A700024F4000444EAC154204600F053FF013816
:102A8000022804D84F4B22220CF05AF91A50204643
:102A900000F048FF013802283FF66CAF494B222274
:102AA0000CF04EF91A5065E745F400739BB236E717
:102AB00049F0200305F0800C782BE64609D1BCF1E3
:102AC000000F06D02AB945F400634FF0100C9BB2FA
:102AD00025E7BCF1000F3FF467AFBAF1000F33D028
:102AE00089004FF0700C9C4598D118F8063006F11B
:102AF000010C2B2B04D02D2B29D145F48065ADB2D0
:102B000018F80C30A3F1300CBCF1090F86D806F18F
:102B1000020C66464FF00A094FF0000CBCF1DF0FC3
:102B2000DCBF303B09FB0C3C18F806300136A3F142
:102B3000300EBEF1090FF1D96B0548BFCCF1000C86
:102B400061446BE72E23CBE74FF0650CCBE7A3F195
:102B5000300EBEF1090FDCD960E75200013965E79C
:102B600002F00103013143EA520263E77F2919DCD5
:102B7000B3F1007F4FEA9304BFF479AF002179E706
:102B8000084410F12D0F0BDB27280BDC02F00100AD
:102B90002043013002EB90000BF091FF044676E7F2
:102BA000002474E74FF0FF4471E70024E2E60A4690
:102BB00075E600BF674C02006A4C0200644C0200DC
:102BC0000000C07F0C000000242AF0B5044601D8A4
:102BD000012A40D12E4B16220CF0B2F81A5001B146
:102BE0000C600020F0BD2F463D4615F8010B202853
:102BF000F9D0A0F109060346042EF4D92B282CD0D5
:102C00002D282CD10126BD1C7B78302B2DD1287886
:102C100040F02000782824D132F0100021D16B78C8
:102C20002C46102202350020392B82BF03F1FF33DE
:102C300043F02003263B303B9A421AD9A0FB020402
:102C40000CB9C01801D346F002062F462C4617F8DF
:102C5000013B3D46E8E70746C6E70026D3E70026E6
:102C6000D3E7002A08BF0822DDE7002A08BF0A22AE
:102C7000D9E701B10C60F20748BF4042B307B1D5B4
:102C8000034B22220CF05CF81A504FF0FF30A9E7FA
:102C90000C0000002DE9F04F43688DB015468046CA
:102CA000029383789A0740F10D8100240E78002E5C
:102CB00000F00A81252E0BD04B1C039301344146B2
:102CC0003046029B98470028C0F2F6800399EDE752
:102CD0004E788B1C252E0393F0D00027B946BB46B7
:102CE000BBF11F0F38D8A6F12003102B0AD8DFE85C
:102CF00003F02A0909300909092109090928092DC0
:102D000009091F00A6F13003092B33D92A2E37D128
:102D10001BF0400F55F8043B40F08280002BA7BF0A
:102D20004BF0200B9946C3F100094BF0280B01E052
:102D30004BF0010B039B13F8016B0393002ECFD1D3
:102D400030E04BF0020B4BF0040BF3E74BF0080BB9
:102D5000F0E74BF0100BEDE7BBF17F0F19D8A6F1B0
:102D60003003092BD2D81BF0400F03D00A2101FBFE
:102D70000737DFE70A214BF0200B01FB0939D9E7C0
:102D80002E2E06D11BF0400F40F09E804BF0400BE2
:102D9000D0E76C2E31D02BD8682E36D06A2E3CD09E
:102DA0004C2E3AD0002F46F02003B8BF2BF0400243
:102DB000A3F16501BCBF00271FFA82FB022901D9DC
:102DC000612B2FD107350727DFF8ACA225F00705C7
:102DD00008351BF0080F66D00AEB070B56465E4518
:102DE00063D1A4EB0A0AA9EB070906EB0A026FE11B
:102DF000742E9FD07A2E9DD0D4E71BF0800F18BF81
:102E00004BF4007B4BF0800B94E71BF4807F18BFE2
:102E10004BF4007B4BF4807B8CE74BF4207B89E701
:102E20001F4687E7A6F16301122900F2F080DFE870
:102E300011F013004F00EE00EE00EE00EE004F0028
:102E4000EE00EE00EE00EE00EE00FE00E900EE0007
:102E5000EE001B00EE00AF0055F8043B01270DF11A
:102E6000180A8DF81830B4E755F804AB834BBAF163
:102E7000000F08BF9A461BF0400F504614BF39465A
:102E80004FF0FF310BF0A0FC0746A2E7414620209F
:102E9000029B984700280FDB013EB742F6D34C4413
:102EA000B146A41B98E74E46F7E7414616F8010BDA
:102EB000029B9847002892DA98F8023043F0040306
:102EC00088F802304FF0FF3420460DB0BDE8F08F97
:102ED0001BF0800F34D01BF4007F2CD0073525F079
:102EE0000705AA4669685AF8080B2BF01005002957
:102EF000ADB237DA404245F4806561EB41010DF136
:102F0000180B0A235A460BF017FDA0EB0B03019395
:102F10006B0662D5019B25F001019F4289B240F307
:102F2000A180002E00F0998015F0100240F09C80E6
:102F3000BB460D4623E0AA465AF8040BC117D4E756
:102F4000AA461BF4807F5AF8041B01D10846F5E716
:102F50001BF4007F19BF48B241F3C01108B241F31E
:102F6000C031C2E750EA0103C9D11BF0400FC6D0FF
:102F7000002FC4D12BF01102BB46019795B240F24D
:102F8000064115EA01021CBF0BF1010B00222CE0E7
:102F90002BF010020A231FFA82FB1BF0800C49D091
:102FA0001BF4007115BF0735AA4625F007055AF82E
:102FB000040B1EBFAA4669685AF8080B50EA0105BF
:102FC00045D12BF016051BF0400FADB242D0002FBB
:102FD00040D12BF01702019795B215F0100248D09E
:102FE000019B002E42D103F1010B29075AD4EB07B4
:102FF00006D5D9456FDDA9EB0B030199CB465F18C8
:103000005B4649E04BF0100B10237826C5E7782B80
:1030100004D1C6F1780343F01003BEE741462520F2
:10302000029B98470028FFF647AF023447E6082383
:103030000026B2E7AA461BF480715AF8040BBDD0F3
:103040001BF400711ABFC0B2614680B2B6E72BF024
:10305000060295B20DF1180B54E725F01105BB4699
:10306000ADB28CE70D46B8E73B460D4603F1020BC7
:10307000BBE7DDF804B082E7764C02006F4C02003B
:10308000CDE9043241462020029B98470028FFF6F4
:1030900013AF049B059A01339945F1DCA4EB0B01B6
:1030A0009B46CC180AB341463020029B9847002823
:1030B000FFF602AF8EB901342744391B019B9942B8
:1030C00024DC1D4655BB019AA9EB0B095546224449
:1030D0001446914433E0019F92E702344146304662
:1030E000029B98470028E7DAE6E640F206410D42E7
:1030F000E2D015F0020F04F10104414614BF2B2069
:10310000202015F4806F18BF2D20E9E741463020BC
:10311000029B013498470028CFDACDE606AB013D8B
:103120004146585D029B98470028CBDAC4E64146E9
:103130002020029B013498470028FFF6BDAEA9EB82
:103140000403002BF3DCC1E52DE9F04F804600209D
:1031500089B08246029207900D4615F8014BACB13A
:10316000202C17D0A4F10903042B13D9252C17D038
:1031700007A940460BF036FC031EC0F2CD80DBB23F
:10318000A3420BD007AA41460BF036FC504609B0CB
:10319000BDE8F08F07A940460BF036FC2946DBE777
:1031A0004C788D1C252CE3D02A2C20D1CD1C8C787A
:1031B0000126002706E00A2246F0020615F8014B18
:1031C00002FB0737A4F13003DBB2092BF3D916F069
:1031D000020F08BF4FF0FF376C2C33D009D8682C92
:1031E00024D06A2C3CD04C2C35D034B9CEE7002604
:1031F000DFE7742C31D07A2C2FD021469E480BF07B
:1032000067FD0028C2D016F00103039311BF4FF0F1
:103210000009029B53F8049B02936E2C23D1079A5A
:103220000023484600960BF004FCB7E72C78682C86
:1032300003D046F020060135D7E746F030066C781B
:103240000235D2E72C786C2C02D046F00406F2E767
:1032500046F00C06F3E746F00C0615F8014BC4E700
:1032600046F00806F9E7632C18D116F0020F08BFE4
:10327000012707A940460BF0B5FB00284CDBB9F14C
:10328000000F01D009F8010B013FF2D1039B002B85
:1032900084D10AF1010A5FFA8AFA7FE75B2C54D1E4
:1032A0002B7800245E2B06BF01354FF0010B4FF049
:1032B000000B07A940460BF095FB00222E4605F1B6
:1032C000010E9446114616F8013BFBB1764508D035
:1032D0005D2B12D02D2B04D132B90B460122194699
:1032E000F1E7002A08BF194688424FF00002F6DBDA
:1032F0009842D8BF4FF0010CF1E7002805DBE34509
:1033000011D107AA41460BF077FBACB998F802300F
:1033100013F00C0F3FF43AAFBAF1000F14BF504650
:103320004FF0FF3033E7B9F1000F01D009F8010B7E
:10333000013F4FF00104BCD1B9F1000F01D1354676
:10334000A4E7002389F80030F9E707A940460BF00D
:103350005BFB0028E0DB6F2C58D031D8642C57D0B1
:10336000693C18BF0124240107A940460BF03AFB31
:103370002B2803D02D2809D146F04006013FC5D0A7
:1033800007A940460BF02EFB0028BFDB30286ED18A
:103390007B1E049306D007A940460BF023FB0028B0
:1033A000049B37DA0027BB46730602D57F426BEBDE
:1033B0004B0B3A465B46484600960BF03AFB65E7F6
:1033C000732C0BD0752C0CBF0A241024CCE7B9F158
:1033D000000F01D009F8010B013F0FD007A94046AB
:1033E0000BF000FB002809DB202803D0A0F1090323
:1033F000042BECD807AA41460BF0FEFAB9F1000FF6
:103400003FF444AF002389F800303FE70824ABE7DE
:103410000A24A9E740F0200246F08006782A0ED15F
:1034200034F010020ED1BB1E0493BBD007A9404656
:103430000BF0D8FA0028049BB4DB102402E0002C27
:1034400008BF08240027BB463928024682BF00F186
:10345000FF3242F02002263A303A94420ED807AAB0
:1034600041460BF0C9FA32067FF550AF9CE73B4668
:10347000002CE7D10A24E5E77E4C0200A4FB07718B
:1034800046F08006D71904FB0B1141F1000B013BFC
:10349000CDE9043388D007A940460BF0A3FA0028F1
:1034A000049BD1DA80E700BFF0B589B005460C4631
:1034B000164600211C2201A81F460BF057F90223D3
:1034C000204605958DF806300A4B02932CB1B4F1D5
:1034D000004F28BF4FF00040013805443A463146BE
:1034E00001A80695FFF7D6FB14B1059B00221A70C0
:1034F00009B0F0BD23ED01002DE9FF4780461646D7
:103500000F46002900F09E80B1FA81F4341B002E92
:1035100004F10A04C0F29E80304600F0CBF8044467
:10352000304600F0CDF8A4EB060905466946304662
:1035300000F0E6F8A9EB05036A4640467D333946BC
:103540000BF08DFAA64282460D467FDCB9F13F0FA3
:103550007EDC4FF0FF33A9F12000C9F1200103FA0E
:1035600000F003FA09F223FA01F103FA09F3024326
:1035700028EA03030A4327EA020213430CBF01208F
:103580000020002D00F08880B5FA85F3E31A40F2A0
:10359000FE7203F23E43934200F38780002B23EA3E
:1035A000E376D4BF01223246121BA2F23341A2F2CB
:1035B0003447A2F25344C1F1200C2AFA01F325FA50
:1035C00004F4C7F1200E05FA0CFC25FA01F105FA06
:1035D0000EFE43EA0C03A2F2544CA2F254422343DF
:1035E0002AFA07F425FA0CFC44EA0E0444EA0C0417
:1035F000C7F1200C14F0010F52D0A8B14FF0FF30EA
:1036000000FA02F200FA07F4144320FA0CF2B84070
:10361000144303F001022AEA000A25EA04054AEAF3
:10362000020A5AEA050A3BD0013341F10002C2F313
:10363000130253EA020136D0184642EA065104B09A
:10364000BDE8F087B0FA80F420345FE7012098E706
:10365000002096E7C6F10009484600F031F8241A28
:10366000484600F02DF8A61B0546694648462E44FC
:1036700000F0B8F86A46404606F17C0339460BF084
:10368000EEF982460D464046394600F021F8814564
:103690008CBF0020012074E7BAFA8AF3203375E763
:1036A000C1F31302C8E70136C6E700200049C6E7A8
:1036B0000000F07F014B5843C00C70474F9312003D
:1036C000024B5843C00C0130704700BF4F931200AB
:1036D00070B50346094A00204FF0CC364FF0333521
:1036E00006FB03F402FB0144A3FB023121449D428B
:1036F00075EB010401D30130F2E770BDCDCCCCCC29
:103700001A232DE9F04FB0FBF3FA334E03FB1A03F3
:1037100089B004460D4606EB0A1653B9D6E90023D4
:10372000C1E90023D6E90201C5E9020109B0BDE8FB
:10373000F08F2A4A02EBC303D3E9008904AB404669
:1037400049460093D6E902230BF081FA06AB834683
:103750000F46404649460093D6E900230BF077FA1E
:1037600000238146DDE9066216EB0B0652EB0708E3
:1037700028BF012333B1049B059A013342F10002B3
:10378000CDE904322046039100F0E4F907461A20FF
:1037900000FB0AF000F0DEF93F1A32464346484685
:1037A000039900970BF06EFA0D4A4FEA141C64005F
:1037B00004F01E0352F82C40DC4004F003042418EB
:1037C000304641F10001DDE90423C5E900414146ED
:1037D00000970BF057FAA7E748100200780F020095
:1037E000503102002DE9F04F1A2700F11905DFF8DA
:1037F000E0A089B004460E46B5FBF7F56F434FEAEB
:10380000051B0AEB05153A1A0AD1D5E90023C1E9CF
:103810000023D5E90201C6E9020109B0BDE8F08F35
:103820002C4B03EBC203D3E9008904AB4046494665
:103830000093D5E902230BF00AFA5AF80B206B68C3
:10384000013ACDE9020106A963F100034046009167
:1038500049460BF0FCF98A46029900238146DDE9CE
:1038600006526D18039952EB010828BF012333B1AA
:10387000049B059A013342F10002CDE90432384637
:1038800000F068F90746204600F064F93F1A2A461E
:1038900043464846514600970BF0F4F90E4A4FEA6A
:1038A000141C640004F01E0352F82C40DC4004F0A9
:1038B000030401342418284641F10001DDE9042302
:1038C000C6E90041414600970BF0DCF9A3E700BFD1
:1038D00018110200780F0200A43102000B4631F0EB
:1038E000004107D190B10D4A1A40002A14BF0420AC
:1038F00003207047094A13420AD0094B994209D95B
:10390000914209D1B0FA80F0400970470220704717
:103910000320704704207047002070470000F07FAC
:10392000FFFFEF7F30F000400DD0A0F50003B3F1B2
:10393000FE4F0AD3421E074B9A4208D9A0F1FF431B
:1039400058425841704702207047042070470320B6
:10395000704700BFFEFF7F002DE9F84F05461B486A
:10396000894601F0ABFD1A4BD3F800B0BBF1000F54
:1039700006D02B461C4613F8012B3AB13D2AF9D14B
:10398000124801F0A3FD0020BDE8F88F641BDA4661
:1039900056465AF8048BB8F1000FF1D0224629465A
:1039A00040460BF0A2F90028F2D118F8043008EBD9
:1039B00004073D2BECD1A6EB0B060448B610C9F862
:1039C000006001F083FD781CDEE700BFE801002005
:1039D0006001002000487047F80B00202DE9F047F7
:1039E0000446FFF7F7FF40F2B1739C4240F3AC800E
:1039F0006FF4F662A4F2B2736FF4C86500F1500779
:103A0000A11840F26D12514E8910446002FB03115F
:103A10006FF06302A4F26D7393FBF2F34FF4C8727C
:103A200019446319B3FBF2F302461944137A55693A
:103A30004A2B3CD114F0030F01EB050334D14FF0B6
:103A4000640E94FBFEFC0EFB1C4CBCF1000F08D175
:103A50004FF4C87894FBF8FE08FB1E4EBEF1000F31
:103A600005D13B2DD4BF4FF0000C4FF0010C634447
:103A7000013B95694FEAE57CC3FB065C936AED1850
:103A80004CEBE373C2E9085328329742CED1D0E918
:103A90000843D0E912128C429341B4BF01230023A2
:103AA00003600120BDE8F0874FF0000CDFE7442BF6
:103AB00001D14B19DDE7A3073DD14FF0640C94FB16
:103AC000FCF30CFB1343C3BB4FF4C87C94FBFCF327
:103AD0000CFB1343B3FA83F35B094FF00C0CDFF8D4
:103AE0007080D2F80C900CFB03880B4608F1FF3C69
:103AF0009CF801E00CF1010A0CF1020CACEB080C93
:103B0000E1451CDC03F104084FF0070C98FBFCFCBA
:103B1000CCEBCC0CA8EB0C0CB5EB0C0C156905F13F
:103B2000FF3548BF0CF1070CC5EBC505654475456D
:103B300008DA2B449DE70023CFE70123CDE7734448
:103B4000D446D5E7073DF2E70020ABE780510100FE
:103B50008A4C0200024B5843C00C0130704700BF32
:103B60004F931200704708B5034600681B79012186
:103B7000994083685B69984708BD08B520EAE07002
:103B8000C117C90341EA5041C00340F2E733C018EE
:103B90004FF47A724FF0000341F10001ECF7D8FBCB
:103BA00003F048FB08BD10B5044603F0E6FB8E4663
:103BB0004A0142EAD06243011B1A62EB0102920001
:103BC00042EA93729B001B1842EB0101C90041EAD3
:103BD0005371C3F3103343EA4143C90B2068626851
:103BE000181A2360616061EB020110BD08B54FF641
:103BF000FF710120EDF704FC08BD38B51346856858
:103C0000046912F4801F07D012F4402F04D012F080
:103C1000010F01D082F4402323F4801213F0010F2E
:103C20000AD023684FF0010C0CFA01FC43EA0C03A4
:103C300023602B68984738BD23684FF0010C0CFABD
:103C400001FC23EA0C032360F3E708B503468C4626
:103C500000681979DA8842EA0C02FFF7CEFF08BD46
:103C600008B532B1012303FA01F18368DB68984794
:103C700008BD012303FA01F183681B699847F7E740
:103C800010B503691C6801238B401C4202D0B2FAB4
:103C900082F25209FFF7E4FF10BD0020704700EBED
:103CA000C1018368B3F5004F0AD322B14B6843F0DA
:103CB00001034B6070474B6823F001034B60704772
:103CC00022B14B8843F001034B8070474B8823F0AF
:103CD00001034B807047C9008368B3F5004F03D3DD
:103CE00008231944084470470423FAE710B400EB92
:103CF000C10C8468B4F5004F19D3DCF80C3099423C
:103D000018D0B4F5004F21D3DCF80810043240F885
:103D1000223000EBC102B4F5004F1AD3D36000EBA0
:103D2000C3038268B2F5004F15D399600CE0BCF86C
:103D30000630E4E7C3680121914023EA0103C36030
:103D40000432002340F8223010BC7047BCF8041045
:103D5000DCE7D380E3E79980F6E7131D50F82330C2
:103D6000DBB9C3684FF0010C0CFA02FC43EA0C0308
:103D7000C360043240F8221000EBC1038268B2F540
:103D8000004F06D399608268B2F5004F03D3D96023
:103D900070479980F7E7D980704710B500EBC30CE6
:103DA0008468B4F5004F1CD3DCF8082000EBC10E8A
:103DB000B4F5004F18D3CEF808208468B4F5004F4E
:103DC00015D3CEF80C3000EBC2028368B3F5004F78
:103DD00010D3D1608368B3F5004F0DD3CCF8081031
:103DE00010BDBCF80420E1E7AEF80420E5E7AEF82A
:103DF0000630E8E7D180EDE7ACF80410F0E730B426
:103E000000EBC10C8468B4F5004F29D3DCF80450F2
:103E1000531A891A01EB55015D00B4F5004F22D306
:103E2000CCF804504C0000EBC20C8568B5F5004F8F
:103E30001CD3CCF804408468B4F5004F19D340F883
:103E400032308368B3F5004F16D3DCF8044002EB40
:103E50005402B3F5004F12D340F8321030BC704713
:103E6000BCF80250D4E7ACF80250DBE7ACF80240F3
:103E7000E1E720F83230E4E7BCF80240E7E720F859
:103E80003210EBE730B400EBC1018468B4F5004FA9
:103E90001ED34B685B0800EBC20CB4F5004F19D37E
:103EA000DCF8045003EB55035D00B4F5004F14D368
:103EB0004D608168B1F5004F11D3DCF8044002EB8E
:103EC0005402B1F5004F0DD340F8323030BC70478A
:103ED0004B88DFE7BCF80250E4E74D80E9E7BCF827
:103EE0000240ECE720F83230F0E78368B3F5004F8A
:103EF00004D30823C91A081AC00870470423F9E735
:103F000008B58368B3F5004F07D300EBC1025268D0
:103F10005208012A02D0002200E00022A2B900EBE0
:103F2000C102B3F5004F10D352685208B3F5004FE9
:103F30000DD308230833A2EBD3020132B2FA82F286
:103F4000C2F11F02FFF7D2FE08BD5288EDE704233D
:103F5000F0E708B58368B3F5004F07D300EBC10263
:103F600052685208012A02D0002200E00022A2B9C1
:103F700000EBC102B3F5004F10D352685208B3F5FD
:103F8000004F0DD308230833A2EBD3020132B2FA5B
:103F900082F2C2F11F02FFF7E0FE08BD5288EDE792
:103FA0000423F0E7F8B504460D46CE0000EBC10748
:103FB0008368B3F5004F1FD3796805EB510104EB1B
:103FC000C102B3F5004F19D3536813F0010F17D096
:103FD000A368B3F5004F24D3A159691A04EBC102B9
:103FE000B3F5004F1FD3536813F0010F1DD02946BE
:103FF0002046FFF7AEFFF8BD7988DEE75388E4E797
:104000002046FFF77DFFA368B3F5004F07D37A681A
:1040100005EB520229462046FFF734FFD8E77A889D
:10402000F6E7A15BD9E75388DEE72046FFF768FF94
:10403000A368B3F5004F0CD3A1592A46691A20464C
:10404000FFF720FFA368B3F5004F04D3A359ED1A7F
:10405000CDE7A15BF1E7A35BF9E7F8B58568B5F5B6
:10406000004F10D308230833A1EBD3030133B3FA75
:1040700083F3C3F11F02C3F1230450F8246046B355
:104080004FF0030C12E00423EDE7BEF8027017E0D6
:104090002146FFF72BFE24E0BEF80640171D40F82E
:1040A0002740BCF1010C14D0A64212D0141D50F8C8
:1040B000244000EBC40EB5F5004FE6D3DEF80470E3
:1040C000B1EB570FE4D9B5F5004FE5D3DEF80C405E
:1040D000E4E7C468C3F12002012393405B421C4023
:1040E00001D12046F8BD94FAA4F2B2FA82F2131D6F
:1040F00050F823402146FFF7F9FDF2E779B138B5D2
:1041000005682846FFF7F1FE0446002201462846CE
:10411000FFF7C5FD21462846FFF744FF38BD70472D
:1041200070B50568A1B30B46AA68B2EBD10F31D9BF
:10413000B2F5004F1DD308229C180734E40821462D
:104140002846FFF78AFF064630B305EBC003AA688E
:10415000B2F5004F0FD35B68B4EB530F0DD30122C0
:1041600031462846FFF79BFD31462846FFF7B3FD51
:1041700070BD0422E0E75B88EEE734442246314616
:104180002846FFF73CFE21462846FFF7E2FEE6E719
:104190000020EDE70020EBE70020E9E72DE9F04102
:1041A000144606684B420B4001F1FF3818EA01083B
:1041B0000CD0B268B2F5004F06D30822934257D212
:1041C0001A464546984609E00422F7E70D46B368CB
:1041D000B3F5004F45D30822954244D9002C62D054
:1041E000B368B3EBD40F60D92919891AB3F5004F1E
:1041F00041D3082319440731C9083046FFF72DFF82
:104200000746002853D001463046FFF764FD00EB17
:1042100008032B44013BB3FBF5F303FB05F5A5EBCA
:1042200008052C44073424F0070429463046FFF7DC
:104230005CFE8046A41BE41087421ED306EBC80335
:10424000B268B2F5004F22D35B6808EB53039C427F
:104250001FD3012241463046FFF721FD2846BDE825
:10426000F0810422B8E72146FFF75AFF0546F5E73B
:1042700045469846B2E70423BCE702463946304635
:10428000FFF7BDFD39463046FFF763FED6E75B8892
:10429000DBE7224641463046FFF7B1FD2146304676
:1042A000FFF757FED5E70025D8E70025D6E700251C
:1042B000D4E7F8B5B2F5802F23D30823D21ACC1D4A
:1042C00024F0070401EB020C2CF0070CACEB040CFF
:1042D0004FEADC010460A1600023E360BCF5802F9D
:1042E00011D308230833A1EBD3030133B3FA83F3CB
:1042F000C3F1200EC3F124039B00DE1DF50800234B
:1043000008E00423DAE70423ECE71A1D002044F850
:10431000220001337345F8DB6B00BCF5802F32D3EC
:104320006360BCF5802F30D300232360BCF5802F61
:104330002ED3636843F0010363604A1B570026F0E5
:104340000703E018BCF5802F27D34760A068B0F5BD
:10435000004F24D3E5502CF00703A444A068B0F527
:10436000004F1ED30020CCF80400A068B0F5004F29
:104370001BD3E25001222046FFF791FC294620463C
:10438000FFF7E7FDF8BD6380CBE700232380CDE78F
:10439000638843F001036380CFE74780D6E7E552A7
:1043A000D9E70020ACF80200DFE7E252E2E710B5FF
:1043B0000C4611461A46029BA04710BD4038C0B2B9
:1043C0003A288CBF002001207047F8B506460378D4
:1043D0004578847804EB83040444002706E0013424
:1043E0002046ECF72FFD013004440137AF42F6D3ED
:1043F000A01BF8BD70B5144668B10D4619460646B7
:104400002BB91046ECF71EFD83B2013399B22A4650
:104410002046B04770BD1046ECF714FD0130F9E7B7
:104420005BB32DE9F04782B00746884691461D46AA
:104430001A785E789C78DB7804EB820404EB430402
:104440002C444FF0000A0AE014F8013B45F82340E1
:104450002046ECF7F7FC013004440AF1010AB245AA
:10446000F2D305F1080300936B684A46414638468B
:10447000FFF79DFF02B0BDE8F0876FF015007047B1
:104480002DE9F0410446884600273E4607E0702D9E
:1044900018D02846FFF792FFB8B9252D0ED014F892
:1044A000015B75B1002EF8D04745F0D02846FFF7E4
:1044B00085FF0028F1D001370026EEE786F00106DF
:1044C000EDE700263046BDE8F0810026FAE700203F
:1044D000704708B500F0D4FC08BD0FB400B583B038
:1044E00004A951F8040B0191FFF7F3FF03B05DF845
:1044F00004EB04B07047036913F0080F08D1C368D8
:104500000268934207D8436A9B1A0B6001207047E8
:104510000020086070479B1A0B60002070470369F9
:1045200013F0080F07D1826843689A4203D89B1A98
:104530000B6000207047436A82689B1A0B60012061
:10454000704710B582B0044601A9FFF7D4FF20B12F
:10455000E368019A1344013B0193606A019BC01A0E
:10456000013802B010BD38B5036913F0040F00D153
:1045700038BD0446856AFFF7E4FF854202D9A06A88
:10458000A062F5E72046FFF7DCFFF9E7C3681944AE
:10459000036913F0010F04D1426A914204D3891ACE
:1045A00002E0426A013A1140C16023F0080303614E
:1045B000704710B400236FF3000343F0020361F36C
:1045C0009F03026A046842F8243003680B440269BE
:1045D00012F0010F04D1446AA34204D31B1B02E072
:1045E000446A013C23400360C4689C420AD043688B
:1045F0001944036913F0010F08D1436A994208D3A3
:10460000C91A06E042F008020261F0E7436A013B82
:104610001940416010BC70472DE9F04F83B004464B
:10462000019117469846056AC66805EB860B15F892
:10463000263003F00303022B24D0002100233B602B
:10464000C8F8003019BB236913F0020F75D0E36975
:1046500058469847824615F8269019F001096ED001
:1046600015F8263013F0020F3BD0019BBBB96268EE
:104670005244236913F0010016D1616A8A4216D3AD
:10468000521A14E055F82610C1F39D01D6E72046D2
:10469000FFF77CFFE368A3604FF001094FE0194684
:1046A0002046FFF786FFE2E7616A01390A4062604F
:1046B000E168A268914206D0A2682260E26043F0FD
:1046C000080323613BE0524420B9616A8A4204D363
:1046D000521A02E0616A01390A40A2604FF00009F3
:1046E000EAE701462046FFF751FFE368A360019B1C
:1046F00023B1236A2268002143F82210019B53440E
:10470000C8F8003022681344226912F0010F04D166
:10471000616A8B4204D35B1A02E0616A01390B4083
:10472000236042F00802226115F826306FF300037F
:1047300005F82630C7F800B001E04FF00009484600
:1047400003B0BDE8F08F30B45318046914F0010FC2
:1047500004D1456AAB4204D35B1B02E0456A013DCC
:104760002B4005689D4214D000236FF3000343F0F3
:10477000020362F39F03046A44F821304368134440
:10478000026912F0010F09D1426A934209D39B1AC0
:1047900007E0016024F00804046103E0426A013A82
:1047A0001340436030BC704738B504460D462022A4
:1047B000002109F0DBFFEB68E361AB68A3612B68C4
:1047C00023626B6863620022A2622A6922612BB1B4
:1047D000591E0B4202D142F00102226104F12C0069
:1047E0000122002102F0C3FB38BD2DE9F04F87B054
:1047F0009A46002305930393436A8B42C0F0898055
:10480000044689469346002301930126009341E024
:1048100001992046FFF797FF0023039345E0236AA1
:10482000226803EB8201009113F822106FF300015C
:1048300003F82210C9B26FF3410103F82210236874
:104840004B44226912F0010F04D1616A8B4204D3F8
:104850005B1A02E0616A01390B402360E16899420A
:1048600001D0002608E042F008022261002603E0A1
:104870002046FFF79EFE2E4688F31188BFF36F8F08
:10488000059929B1A3690BB12046984700230593E8
:10489000002E40D0EFF31187202383F31288BFF35B
:1048A0006F8FB846039A002AB2D104A92046FFF7B9
:1048B00022FE054604994945B1D20028D8D15AEACA
:1048C0000B030BD1002ED7D02368019303AB05AAAD
:1048D00004992046FFF7A0FE0646CDE702F06BFBE9
:1048E0000028EFD1002FEDD187F31188BFF36F8F30
:1048F00004F12C005A465346F2F7A4FAEFF311885C
:10490000202383F31288BFF36F8FB0FA80F6760905
:10491000B2E700230093009807B0BDE8F08F70B5B0
:1049200004460D46C36908469847EFF311862023D5
:1049300083F31288BFF36F8F2B7843F001032B7042
:1049400063681844236913F0010F04D1636A984225
:1049500004D3C01A02E0636A013B1840606020463D
:10496000FFF701FE86F31188BFF36F8F70BDF0B5BE
:1049700083B004462EE053F8220080084DD143E076
:10498000626A013A1340A3602046FFF7FFFD01234E
:104990001BE013F8221041F0020103F82210A7686F
:1049A000E369304698473844236913F0010F04D176
:1049B000636A984204D3C01A02E0636A013B18405C
:1049C000A060002301E000231E4685F31188BFF399
:1049D0006F8F8BB3EFF31185202383F31288BFF31E
:1049E0006F8F01A92046FFF79AFD236AA26803EBA7
:1049F000820601990029E6D013F8221011F0030174
:104A000017D00229B7D0002013F8221011F0010F9F
:104A1000BFD110B9E36930469847A3680146034403
:104A2000226912F0010FABD1626A9342ABD39B1A99
:104A3000A9E700231E46C8E7304603B0F0BD70B5B5
:104A400004460D46C369084698470146EFF31186B0
:104A5000202383F31288BFF36F8F2B786FF300034B
:104A60002B70236913F0020F0AD0236AE26803EB6C
:104A70008203AB4204D02B6860F39F032B600AE0F3
:104A80002B786FF341032B70E268A3689A420BD036
:104A90002046FFF77BFD86F31188BFF36F8F04F18B
:104AA0002C00F2F78BF970BD0B44226912F0010F54
:104AB00004D1626A934204D39B1A02E0626A013A0B
:104AC0001340A360E4E710B582B0EFF31184202314
:104AD00083F31288BFF36F8F01A9FFF720FD84F3E2
:104AE0001188BFF36F8F0198003818BF012002B002
:104AF00010BD01F00701838B23F007030B43838371
:104B000070472DE9F04106460F469046816821B175
:104B10000C683CB131B90C4604E00C4602E0234677
:104B200021461C4669B14D6843463A463046A8477F
:104B3000002CF4D02368002BF2D0002CF0D12346B7
:104B4000EEE7BDE8F081838B13F0070303D1026821
:104B50000AB103207047022B03D0012B06D000209E
:104B60007047C28B002AF8D10420704703680BB14C
:104B7000052070470020704710B504468C46838B93
:104B8000002A07DB03F007035A1F012A0ED9042B62
:104B900036D010BDD0E900018CE80300002323606B
:104BA000636001212046FFF7A4FFF2E7D0E900018E
:104BB0008CE80300002222606260062B1BD1DCF827
:104BC000003053B1E28B0132E2831A461B68002B9E
:104BD000F7D0002AF5D11346F3E702212046FFF76C
:104BE00088FF2046FFF7AFFF0028D2D0A38B43F009
:104BF0002003A383CDE700212046FFF77AFFF0E7EB
:104C00000021FFF776FF2046FFF79DFF0028C0D068
:104C1000A38B43F02003A383BBE750B110B50C4630
:104C200051B1081D00F0C1F810B9A368032B06D8D4
:104C300010BD6FF0150070476FF01500F8E76FF0CA
:104C40001500F5E72DE9F04107460C4616461D46CE
:104C50001946201D00F0C0F828B180462B46324688
:104C600021463846C047BDE8F0812DE9F041804635
:104C70000C4617461E4604E033463A464046FFF7C8
:104C8000E1FF216831B10D68256063688B42F3D183
:104C90006560F1E7BDE8F08108B5EFF311824FF0F0
:104CA000200C8CF31288BFF36F8F81610121EDF727
:104CB000F7FA08BD70B138B50C46054669B10B6806
:104CC00073B14B687BB12022002109F04FFD2C61AC
:104CD000002038BD6FF0150070476FF01500F8E741
:104CE0006FF01500F5E76FF01500F2E770B50546B7
:104CF0000E46FFF792FF041E2EDBEFF311822023F6
:104D000083F31288BFF36F8FB5F81CC00CF0070C4B
:104D1000EB8B4FF6FF718B422CD06446BCF1020F37
:104D200008D0BCF1060F19D8DFE80CF01E181818CF
:104D30001E2A1E000133EB8301230021084628B1FF
:104D400000203060686808B306606E6009BB82F3BB
:104D50001188BFF36F8F0BBB204670BD6FF004044A
:104D6000002319461846EAE7BCFA8CF149090023EA
:104D70000120E4E76FF00A04002319461846DEE735
:104D80006FF08504002319461846D8E76E602E6040
:104D9000DCE702212846EDF783FADDE700236246CF
:104DA00031462846FFF74EFFD6E7024658B1436822
:104DB00003F00303012B03D0032B07D1036843B196
:104DC0000020906070476FF0150070476FF015007D
:104DD00070476FF0150070470346426802F0030207
:104DE0008160032A03D1006800225A6070470020C6
:104DF000FAE77047037813F0040F01D000207047E2
:104E00000368C3F34A2000EB1350173020F007006B
:104E10008008704710B504460368DB6803B1984703
:104E2000636801229A7110BD00207047012070470D
:104E300008B501F052FB08BD08B520EAE070C117C3
:104E4000C90341EA5041C00340F2E733C0184FF4B0
:104E50007A724FF0000341F10001EBF779FA02F0AA
:104E6000E9F908BD08B500220023FFF7BEFC08BD24
:104E700008B5FFF7E4FD08BD08B5FFF724FE08BD3F
:104E800000B585B003910290002001900090034688
:104E900002460146EDF76EFE05B05DF804FB08B56D
:104EA0000120EDF7D3FB08BD08B5EDF763FC08BDA5
:104EB00008B5FFF734FDEDF7F7FC08BD002070479B
:104EC00008B54368DA7143681960436801225A7172
:104ED000EDF7ACFB08BD70B5536896689B1B8B4221
:104EE0000CD30C46154613680A460146981909F07A
:104EF00016FCAB682344AB60204670BD6FF01B000E
:104F0000FBE770B588B10E4614461946054633B125
:104F10001030C2F34A23120D184409F000FC2C6033
:104F20006E602846EDF7FEFC70BDEDF78FFBFBE7EA
:104F30002DE9F04383B006460F4615461C4603F1A3
:104F400001094FEA890808F1170020F007008008DE
:104F5000EDF708FC002201928DF8049068B100F191
:104F6000140C019B0361964605E055F82E304CF871
:104F7000043B0EF1010EA645F7D3002267F3881219
:104F800068F3532200233146FFF7BBFF03B0BDE8AF
:104F9000F08300B583B00192012301AAFFF7C8FF97
:104FA00003B05DF804FB00B583B0009201930223C7
:104FB0006A46FFF7BDFF03B05DF804FB08B5EDF7E7
:104FC0002DFD08BD2DE9F0418046076885684368DE
:104FD0001C685E6805E0324621462846B847241A18
:104FE0000544002CF7D1D8F8043000221A60BDE83F
:104FF000F08138B505460C464B681A68CB689A4272
:105000000BD06368D3E8EF2F511CC3E8E01F0028E2
:10501000F8D1A3689D54002038BD0846FFF7D2FFA1
:10502000EFE738B504460D460A2805D02946204644
:10503000FFF7DFFF002038BD0D20FFF7DAFFF5E7AF
:1050400008B513460122EDF74FFE08BD08B513461B
:105050000022EDF749FE08BD38B505460C4601F0C3
:105060000101FFF7F3FF21462846EDF7CFFE38BDDB
:105070002DE9F04383B080460E4615461F46DDF805
:1050800028902C46102D28BF1024CDF800903B46C8
:10509000224631464046EDF7CDFE26442D1BF0D189
:1050A00003B0BDE8F0832DE9F04387B006460C4617
:1050B0009046D1F808900F88C7F382170878C0F39C
:1050C000C2050846EDF7ACFD011E1ADA00232146A1
:1050D00051F8105BC5F34A256288C2F30B124819D8
:1050E00005B90021CDF81480049203900291019734
:1050F0000022009249463046EDF7FEFE07B0BDE8BB
:10510000F0832846EDF764FC0346E0E72DE9F04123
:1051100080460768856843681C685E6805E032461B
:1051200021462846B847241A0544002CF7D1D8F860
:10513000043000221A60BDE8F08143681B685B6898
:1051400019610020704743681B681A6852685360F1
:10515000704708B543681B685A68012111751868C3
:10516000FFF7D4FF08BD08B543681B681868EDF762
:1051700007FF08BD38B50C4643681D686B681869A1
:10518000EDF73CFA03460F2221462868984738BDC0
:10519000FEE708B501460068EEF748F908BD08B516
:1051A000EEF760F9EEF78AF908BD08B50B4601463F
:1051B0001846FEF772FD08BD0020704708B50023B1
:1051C0001370CB1E092B1AD8DFE803F005090D1167
:1051D0001919191919141146EEF7C6FB08BD00215B
:1051E000EEF7B0FAFAE70021EEF736FBF6E7EEF756
:1051F000B7F9F3E71146EEF72BFA0020EEE7EEF7EA
:1052000035FA0020EAE708B540B2EEF745FD08BDE3
:1052100008B5013140B2EEF74DFD08BD08B50021DB
:105220000120EEF703F908BDD0F8943083F30B8822
:10523000704761B662B680F31188BFF36F8F704715
:1052400008B572B6002383F31188BFF36F8F00F0A7
:105250004EF950B1BFF34F8F30BF00BF00BF00BF4A
:1052600000BF00BF00BF00BF00BF62B6BFF36F8FBB
:1052700008BD10B5044672B6002383F31188BFF34E
:105280006F8F00F034F950B1BFF34F8F20BF00BFD4
:1052900000BF00BF00BF00BF00BF00BF00BF84F35E
:1052A0001188BFF36F8F62B610BD30B4D1E90045ED
:1052B000D0E90001201A002130BC704738B54A01FE
:1052C00042EAD06243011B1A62EB0102920042EAF9
:1052D00093729B001B1841EB0201CD0045EA537508
:1052E000DC00EEF7CDFD0246002320462946EBF711
:1052F0002FF838BD40E800F010F4803F01D0C0B274
:1053000070476FF01500704708B50B6823F01F0C4D
:105310000B7A03F01F0ECA6822F01F025B0942EAF3
:10532000430242F001024CEA0E01EEF7DDFD08BD3A
:1053300043681F2B08D913F01F0F07D1036813F020
:105340001F0F05D0002070470020704700207047D5
:105350000120704770B504460E46FFF7CBFF0546A7
:105360003444601EFFF7C6FF854201D1284670BD58
:105370006FF01505FAE710B584B00B6800934C6820
:10538000B1F808C09DF808206CF304028DF80820DD
:105390004989D2B261F347128DF8082023F01F0328
:1053A0002344013B23F01F0303936946EEF7F6FD08
:1053B00004B010BDF0B587B0054605A8EDF74AFE6C
:1053C0000646002422E05768095827F01F03926818
:1053D0001344013B23F01F03019702919DF80C2019
:1053E000012161F304028DF80C20D2B2022161F395
:1053F00047128DF80C20049301A92878EEF7CEFD12
:10540000002847DB2B7801332B700134B44244D29F
:105410002001059901EB0412D3681B0D1B05B3F5A0
:10542000001FD0D0B3F5800F1BD0B3F5801FECD197
:105430005768095827F01F0392681344013B23F073
:105440001F03019702919DF80C20012161F30402D2
:105450008DF80C20D2B261F347128DF80C20049322
:10546000CAE75768095827F01F0392681344013BA5
:1054700023F01F03019702919DF80C20062161F390
:1054800004028DF80C20D2B26FF347128DF80C2075
:105490000493B1E76FF0150000E0002007B0F0BD05
:1054A00008B5EEF76FFE08BD08B5EEF747FD08BD7D
:1054B00008B50B6949699847002008BD08B54FF049
:1054C000FF324FF0FF33F1F7A3FB08BD08B5F1F74A
:1054D0001FFC08BD08B5EEF7CFFE002008BD08B5DB
:1054E000F1F796FB08BD08B5EEF788FF08BD08B5D3
:1054F000EEF746FF08BD08B5FFF7F5FF08BD08B594
:10550000EEF728FF08BD4FF47F03D3F83021D3F81E
:105510003431072A01D000207047042B03D8022B16
:1055200003D300207047012070470120704738B531
:1055300005460C464FF050230122C3F814260020E4
:10554000EEF7D2FF00212846A04738BD70B50446CB
:1055500019B10123C0F8143670BDFFF7D4FF18B994
:105560000023C4F81436F7E70126C4F818660025AE
:10557000C4F81456052001F06BF8C4F814663046E0
:1055800001F066F8C4F81456C4F81856E4E738B5C4
:1055900005460C460120EEF7A7FF00214FF05020F2
:1055A000FFF7D4FF00212846A04738BD0346032952
:1055B00029D8DFE801F0020D1823D3F81804C0F34E
:1055C00000400AB3D3F8183403F003031370704794
:1055D000D3F80C04C0F30040B2B1D3F80C3403F09C
:1055E000010313707047D3F85C04C0F300405AB154
:1055F000D3F85C3403F0010313707047D3F85404FC
:10560000C0F30040704700207047006901EB410182
:105610008900803108447047406801EB410100EB8C
:1056200081007047006900EB4110704708B5C9B2AE
:10563000FFF7EBFF806800F0070008BDEFF3118271
:10564000202383F31288BFF36F8F036813F0C00326
:1056500001D08B4207D101230360002082F311881F
:10566000BFF36F8F70474FF0FF30F7E7EFF3118212
:10567000202383F31288BFF36F8F036803F0C00CFD
:1056800003F00703012B08D08C4509D04FF0FF3001
:1056900082F31188BFF36F8F704701600020F7E736
:1056A0006FF07700F4E7EFF31182202383F3128881
:1056B000BFF36F8F036803F0C00343F0020303607E
:1056C00082F31188BFF36F8F7047F8B506460C461A
:1056D000FFF79BFF05684768002340F8083BFFF78A
:1056E000E2FF1DB13A4621463046A847F8BD70B5E5
:1056F00006461546CCB22146FFF787FF29460830FB
:10570000FFF79CFF002806DB21463046FFF784FFA9
:1057100043689847002070BD08B58022FFF7E7FF77
:1057200008BD2DE9F041064690461F46CDB22946F8
:10573000FFF76BFF044606990830FFF797FF002834
:1057400009DBC4F80080676029463046FFF764FF34
:10575000036898470020BDE8F08110B582B080242E
:105760000094FFF7DEFF02B010BD10B51446C9B2B9
:10577000FFF758FF0021A04710BD08B50120F0F742
:1057800001FA08BD08B50320F0F7FCF908BD08B51B
:105790000220F0F7F7F908BD08B50020F0F7F2F99C
:1057A00008BD08B5012001F003F808BD08B50320C5
:1057B00000F0FEFF08BD08B5022000F0F9FF08BDAB
:1057C00008B5002000F0F4FF08BD08B520EAE0703D
:1057D000C117C90341EA5041C00340F2E733C01882
:1057E0004FF47A724FF0000341F10001EAF7B0FD87
:1057F00001F020FD08BD08B51046F1F7DFFA08BD3D
:105800000B4639B11168196041688A4209D00023FA
:10581000136070471368036041688A42F7D14360A0
:10582000F5E74360F3E708B50A460368002101E0A5
:1058300019461B682BB19342FAD1FFF7E1FF012013
:1058400000E0002008BD38B505460C460321A047FE
:10585000002806DB01212846A047002800DB0020A5
:1058600038BD10F1860FFBD1F4E770B504460D4644
:105870001646036833B1FFF7D6FF70B91EB96FF053
:10588000150006E032B123682B602560636843B1E0
:10589000002070BD6FF01500FBE7002EF3D1002053
:1058A000F7E765600020F4E770B50E46154601681D
:1058B00021B10C683CB131B90C4604E00C4602E061
:1058C000234621461C4671B18A682A4002D04B68A3
:1058D00030469847002CF3D02368002BF1D0002CE1
:1058E000EFD12346EDE770BD0069003818BF0120F5
:1058F000704710F0100F04D110F0200F03D10020DA
:105900007047032070470120704743685B681B693C
:105910000B600020704743685B6802EA010021EADF
:1059200002019860D9600020704743685B68996005
:105930000020704743685B68D96000207047436867
:105940005A68536821EA03000B409060D36000203E
:105950007047B0F5800F07D0B1F1C06F0DD0B1F135
:10596000007F08D001207047B1F1007F01D00520F1
:10597000704704207047022070470320704708B525
:1059800000690430FFF771FF08BD10B500F01F0477
:105990004009EFF711F830B1014600690122A24039
:1059A0000430FFF781FF10BD0020704700207047D2
:1059B00008B521B1012905D06FF0850008BDFFF7BA
:1059C000F3FFFBE7FFF7F2FFF8E708B511461030E9
:1059D00001F0D0F908BD00B54368136001E0083359
:1059E0001360136890F808C0D0F804E00EEBCC0CFC
:1059F000634505D293F805C08C45F0D1002001E045
:105A00006FF001005DF804FB08B511B9EFF7A8F9D4
:105A100008BDEFF791F9FBE738B505460C460321C1
:105A2000A047002806DB01212846A047002800DB0C
:105A3000002038BD10F1860FFBD1F4E743681B68E6
:105A4000EFF31182202181F31288BFF36F8FD3F817
:105A5000201131B10021C3F82011D3F82011012108
:105A6000D96082F31188BFF36F8F704743681B685A
:105A7000D3F88004C3F88004704743681A685B68F1
:105A800003F00103D2F8581129B933B9D2F8203103
:105A90002BB900207047012070470020704701207B
:105AA000704708B503691A6813680BB152689847C4
:105AB00008BD00B587B000230193029303930493BC
:105AC000059304238DF8043002910DEB0301FFF7D9
:105AD000E8FF07B05DF804FB4368187D012814BF98
:105AE00000200120704700B587B0026900230193B0
:105AF000029303930493059302238DF804301368F3
:105B00001B6C029313689B6C0393049101A9FFF72C
:105B1000C8FF07B05DF804FB10B503691B68406857
:105B20000068EFF3118C4FF0200E8EF31288BFF354
:105B30006F8F1C6CACB1DC6CB4B9D9641A65C0F859
:105B40003415C0F83825042A11D9D0F8003243EAB8
:105B50000E03C0F8003200208CF31188BFF36F8F62
:105B600010BD6FF00C00F7E76FF00F00F4E70020B6
:105B7000F2E70369186820B101601B685A600020D1
:105B800070476FF08500704700B587B00023019320
:105B9000029303930493059303238DF80430036960
:105BA0001A6843681968936DD26D134302D00423B9
:105BB000C1F8043301A9FFF774FF07B05DF804FBD7
:105BC00043681A689B6AC2F834350523C2F8383531
:105BD0000123D362D2F81031002BFBD00023C2F88E
:105BE0001031D2F81031D2F84C0130B10023C2F894
:105BF0004C31D2F84C31D2F83C05C0B2704710B4E9
:105C0000445844B11A4201D1002005E0002343501A
:105C10004358012000E0002010BC70474268136820
:105C20000069006868B9D3F8100168B1126B127886
:105C30000A700020C3F81001D3F8102101221A6065
:105C400070476FF0850070474FF0FF30704708B520
:105C500020EAE070C117C90341EA5041C00340F295
:105C6000E733C0184FF47A724FF0000341F100019E
:105C7000EAF76EFB01F0DEFA08BD70B5064612E0E9
:105C800075B1EFF31184202383F31288BFF36F8F74
:105C90003046FFF7F2FE98B984F31188BFF36F8F97
:105CA0000120FFF7D4FF64243046FFF7E6FE0546E7
:105CB0000028E5D1012000F0CBFC013CF4D1DFE766
:105CC000204670BD10B582B0044601AAFFF783FEDE
:105CD000002805DB019B226819791868EFF754F852
:105CE00002B010BD10B543681C680021D868FFF7EA
:105CF000E9FF0823C4F8003510BD08B502699368B0
:105D00001943916013F0030F00D008BDFFF7EAFFBD
:105D1000FBE710B543681C68C4F84415C4F848256F
:105D20000022C4F82021D4F82011C4F85821D4F856
:105D300058215B6813F0040F02D10123A36010BD4A
:105D40000121FFF7DAFFF8E738B505460C4643684E
:105D50001B684FF48002C3F80423FFF78EFE20B9BE
:105D60002368012283F8B82038BD2368002283F815
:105D7000B82023684FF0FF32C3F8B4202368D3F86B
:105D8000AC20D3F8A8102846FFF7C3FFECE7436820
:105D90005A6812F0040F00D0704710B50446002175
:105DA000D868FFF78FFF2046FFF79CFF10BD012941
:105DB00004D108B5FFF7EBFF002008BD6FF08500A8
:105DC000704710B502694468936823EA0101916045
:105DD00011F0030F00D010BD43681B680022C3F808
:105DE00000250121E068FFF76DFFF4E730B587B0CB
:105DF00004464268036919680023019302930393E0
:105E00000493059305208DF8040081F861305368F0
:105E100013F0040F05D101A92046FFF742FE07B099
:105E200030BDEFF31185202383F31288BFF36F8F0A
:105E300002212046FFF7C5FF85F31188BFF36F8F5E
:105E4000E9E770B50446466803691D68296C19B115
:105E5000FFF72FFE00232B6495F862306BB100230F
:105E600085F8623063681B680022C3F80821D3F804
:105E700008312046FFF7BAFF70BD736813F0040FB6
:105E8000F0D02046FFF79CFE85F86000EAE770B589
:105E90000E4603691D6843681C6805F1080001F09F
:105EA00087FAEFF31182202383F31288BFF36F8FF9
:105EB000EB6C53B1D4F8003223F02003C4F8003265
:105EC0000023C4F84C31D4F84C31002385F86130FC
:105ED00016B1012385F862300123636082F31188D3
:105EE000BFF36F8F002070BD08B503691B681B6C82
:105EF0001BB10121FFF7CBFF08BD6FF00D00FBE7E1
:105F000010B586B0044643681968D1F88024002390
:105F10000193029303930493059306238DF80430B1
:105F200012F0010F08D112F0020F14D112F0040F79
:105F300013D102F0080300E001238DF80830C1F806
:105F4000802401A92046FFF7ACFD00212046FFF781
:105F50009EFF06B010BD0223EFE70423EDE738B53E
:105F60000369426815681A68D2F8A01051B100247C
:105F700082F8B8401868683001F01AFA0123EB6023
:105F8000204638BD6FF00D00FBE708B5406BFFF70A
:105F9000E6FF08BD70B5054603691C6843681E68C6
:105FA00004F1080001F004FAD6F83C3594F86010CA
:105FB0001944002384F86030A36CC91A01D4002965
:105FC0002CDC216C2846FFF774FDE36C2364236D01
:105FD00063640023E3642365A36494F86130E3B150
:105FE000EFF31182202383F31288BFF36F8F236CAA
:105FF000C3B1D6F84C3133B9012333600023C6F85E
:106000004431D6F84431D6F8003223F02003C6F8E4
:10601000003282F31188BFF36F8F70BD2846FFF7FF
:1060200062FDCEE701237360F3E710B504694068B1
:106030002368D3F8A420D3F8B010521A01D100205D
:1060400010BD082A28BF0822C3F8AC202368406A84
:10605000C3F8A8002368D3F8A010D3F8B0301944CF
:1060600008F05DFB0120EBE72DE9F04186B0054625
:10607000436804691F68EFF31188202282F31288B5
:10608000BFF36F8F2268D2F8B410002946DBD2F834
:10609000B4605B6813F0040F43D188F31188BFF339
:1060A0006F8F2368D3F8A020002A34D093F8B8105B
:1060B00000293FD1D3F8A8108A4206D0D3F8AC20EB
:1060C000964247D0D3F8B0301E442068683001F0C3
:1060D0006FF90023019302930393049305932368BC
:1060E000D3F8A030029303962368D3F8A4309E42DD
:1060F00002D001238DF804304FF48003C7F8083331
:1061000022680023C2F8A0302268C2F8A43001A996
:106110002846FFF7C6FC06B0BDE8F081D7F84C650D
:10612000B7E74FF48003C7F8083301212846FFF78B
:1061300048FEB2E7EFF31186202383F31288BFF302
:106140006F8F21462846FFF7FFFD86F31188BFF3C6
:106150006F8FE0E7D3F8B0203244C3F8B020284670
:10616000FFF763FF18B92368D3F8B060ADE7EFF32A
:106170001186202383F31288BFF36F8F21462846B0
:10618000FFF7E2FD86F31188BFF36F8FC3E7436B20
:106190005A6812681B691B68D2F8081199B100216E
:1061A000C2F80811D2F80821596530B583B003F15F
:1061B0000800D3E9162300240025CDE90045F1F7B6
:1061C000E1FD03B030BD596D013159650429ECD1B1
:1061D000012353607047D0B582B0036942681468E8
:1061E0001A68002151651B6803F10800D3E91623E2
:1061F00000260027CDE90067F1F7C4FD0423C4F8A9
:10620000083302B0D0BD38B545682C686B6813F010
:10621000010F23D100220823C4F80035EB6AC4F82B
:1062200044350023C4F848350123A36072B9D4F87B
:106230002031002BFBD00023C4F82031D4F82031CA
:106240000123E3604FF48073C4F80433D4F8583169
:10625000002BFBD00020C4F8000538BD01692046A2
:10626000EFF77AF80028F8DB0122D4E710B50446EE
:10627000002201210820FEF7CBFF0820FEF7C3FF14
:1062800000212046EFF78EF810BD2DE9F0410646BB
:1062900043681C680769D7F80080D4F804532B467C
:1062A00004224FF484712046FFF7A9FCE8BB2B467B
:1062B0004FF400724FF492712046FFF7A0FCC0BB70
:1062C0002B4610224FF488712046FFF798FCA0BBA4
:1062D00015F4002F05D0D4F84C3113B1D4F8103197
:1062E000A3B315F4003F05D0D4F8443113B1D4F86A
:1062F00010319BB315F4807F02D0D4F82031ABBBB2
:1063000015F4800F02D0D4F858319BBB07F1080375
:10631000D3E8EF2F22F00401C3E8E01F0028F7D1F3
:1063200012F0040F2AD1BDE8F0813046FFF753FF89
:10633000BDE73046FFF7E4FDC2E70023C4F81031A3
:10634000D4F810313046FFF725FEC1E7C4F84C31D0
:10635000D4F84C313046FFF717FCC2E7C4F844319B
:10636000D4F844313046FFF76CFDC3E73046FFF701
:1063700065FBC5E73046FFF777FEC7E7D8F844105E
:106380003046FFF7B0FBD8F840103046FFF791FBDE
:106390000023C8F84430C8F840303046FFF726FDE7
:1063A000C1E700B5A2F5807E4FEA9E0E4FF0010CCA
:1063B0000CFA0EFC1CEA010F0DD0815809B900201F
:1063C0000AE00021815082581BB11A684CEA02028F
:1063D0001A60012000E000205DF804FB70B582B077
:1063E00006460D460024019409E0A20001AB02F527
:1063F000A07229463046FFF7D4FF0134E4B2032CE3
:10640000F3D915F0010F02D0D6F8003143B915F0D9
:10641000020F02D0D6F8043163B9019802B070BD02
:106420000023C6F80031D6F80031019B43F0010388
:106430000193ECE70023C6F80431D6F80431019B40
:1064400043F002030193E8E7401A20F07F407047D1
:1064500000F150039B009BB203F1502303F58033FE
:106460001868003818BF0120704700F150039B00E6
:106470009BB203F1502303F5803300221A601B689E
:10648000704720F07F407047EFF31180202383F3A3
:106490001288BFF36F8F704780F31188BFF36F8F3F
:1064A0007047F0B585B0044617461D46EFF718F85B
:1064B00006469DF8303002930B9B01930A9B009394
:1064C0003A462B462046EFF7C9F8054631462046A6
:1064D000EFF754F8284605B0F0BD08B5EFF79EF881
:1064E00008BD08B5F1F7A0FC08BD08B5ECF7C4FD80
:1064F000ECF7D8FEFFF7F5FF08BD4FF47F03D3F8A4
:106500003021D3F83431072A01D000207047023BF4
:10651000002B04D8DFE803F00100012070470020C1
:1065200070474FF47F03D3F83021D3F83431072A72
:1065300001D000207047042B07D008D8023B012B64
:1065400001D80120704700207047002070470020CC
:1065500070474FF47F03D3F83021D3F83431072A42
:1065600001D000207047023B002B04D8DFE803F085
:10657000010001207047002070474FF47F03D3F8DB
:106580003021D3F83431072A01D000207047012090
:1065900070474FF47F03D3F83021D3F83431072A02
:1065A00001D000207047023B002B04D8DFE803F045
:1065B000010001207047002070474FF47F03D3F89B
:1065C0003021D3F83431072A01D000207047023B34
:1065D000002B04D8DFE803F0010001207047002001
:1065E00070474FF47F03D3F83021D3F83431072AB2
:1065F00001D000207047023B002B04D8DFE803F0F5
:10660000010001207047002070474FF47F03D3F84A
:106610003021D3F83431072A01D0002070470120FF
:1066200070474FF47F03D3F83021D3F83431072A71
:1066300001D000207047042B03D8022B03D3002085
:106640007047012070470120704708B5804708BD9A
:1066500008B500F09BFB08BD40F00040C1F8800089
:10666000704740F00040C1F88000704738B50446DC
:106670001546FFF7F1FF29462046FFF7F2FF38BD28
:106680000346032929D8DFE801F0020D1823D3F8C7
:106690001804C0F300400AB3D3F8183403F003031E
:1066A00013707047D3F80C04C0F30040B2B1D3F8B4
:1066B0000C3403F0010313707047D3F85C04C0F38B
:1066C00000405AB1D3F85C3403F0010313707047F3
:1066D000D3F85404C0F300407047002070470120F5
:1066E000704708B50520EDF7F9FA00B108BD05209F
:1066F000FEF789FDFAE770B582B00646032840D858
:10670000DFE800F00225191F0C224FF482730221EA
:106710004FF05020C0F808130244012111600344D7
:1067200000221A601B688DF807108E4214D00025D5
:1067300042F2107418E024224FF492734FF4007167
:10674000E6E71C224FF490734FF48071E0E70422D7
:106750004FF480730121DBE70DF10705E8E7012025
:10676000FFF776FF013C0CD02A4631464FF050200F
:10677000FFF786FF28B1002DF1D09DF80730012BDF
:10678000EDD002B070BD38B504460378022B06D0B8
:10679000012B00D000231D461BB1284638BD012324
:1067A000F9E70020FFF7A7FFFFF799FF2070F4E754
:1067B00008B5FFF7A0FF08BD08B5EFF7A1FA08BDBF
:1067C00010B401F5A27150F8214024F44F3424F4A0
:1067D000407440F8214050F82140120202F47C52EB
:1067E0001B0403F440331A43144340F8214010BC07
:1067F000704710B401F5A27150F8214024F49914A7
:1068000024F4F85440F8214050F82140120202F4D8
:106810007C521B0403F440331A439DF804301B05DB
:1068200003F480131A43144340F8214010BC70470E
:1068300000B5A2F5807E4FEA9E0E4FF0010C0CFAD7
:106840000EFC1CEA010F0DD0815809B900200AE0A6
:106850000021815082581BB11A684CEA02021A606A
:10686000012000E000205DF804FBF0B583B007468E
:106870000D4616460024019409E0E2B2920001ABF5
:1068800002F5807229463846FFF7D2FF0134B44240
:10689000F3D3002D02DB019803B0F0BD01AB4FF440
:1068A000BE7229463846FFF7C3FFF4E700B583B050
:1068B0000021019100910B460122EFF72BFA03B062
:1068C0005DF804FB00B585B08DF80F100DF10F03D6
:1068D0000193002100910B460A46EFF745FA05B0F7
:1068E0005DF804FB38B50D460079EFF705FB04466B
:1068F0002846EFF7F7FA083034F8100000F00100EE
:1069000038BD38B50D460079EFF7F6FA044628464B
:10691000EFF7E8FA083034F81000C0F3401038BD43
:1069200038B50D460079EFF7E7FA04462846EFF749
:10693000D9FA083034F8100010F01C0018BF0120FC
:1069400038BD38B50D460079EFF7D6FA044628462B
:10695000EFF7C8FA083034F81000C0F3400038BD33
:1069600038B504460D46FFF7ECFF30B12946204606
:10697000FFF7C7FF18B1012000E0002038BD00205C
:10698000FCE708B5FFF7DDFF80F00100C0B208BDED
:106990007047704738B50D460079EFF7ADFA0446F9
:1069A0002846EFF79FFA083034F81000400B38BD46
:1069B000032894BF00200120704770B506460D469D
:1069C000002404E04FF0FF33AB4211D001342F2CF0
:1069D0000CD83079EFF790FA04F1080330F813304F
:1069E00013F4807FEED0C3F34323EDE7002000E0F3
:1069F000012070BD38B504460D46FFF782FFB8B1DF
:106A000029462046FFF7BDFF90B129462046FFF7F3
:106A1000C1FF226801238340C2F80833226800F5D1
:106A2000A27052F8203023F0030342F8203003E034
:106A300000212846FFF746FF38BDF8B506460F4649
:106A400015460024002C03DD4FF0FF342046F8BD2E
:106A50003079EFF751FA50F83430BB4201D00134AD
:106A6000F0E700EBC4035B68AB42F8D1EEE738B562
:106A70000C460079EFF740FA05462046EFF732FA68
:106A8000083035F81030C3F38203042B09D0052BEE
:106A900001D1022006E02046EFF7C6F918B1032025
:106AA00000E0032038BD0220FCE710B5044608468C
:106AB000EFF718FA083034F8103013F4807F04D060
:106AC000C3F3432304EBC30010BD0020FCE770B503
:106AD00004460E4615460079EFF70EFA86602079D7
:106AE000EFF70AFAC56070BD08B50079EFF704FA50
:106AF00090F88C00003818BF012008BD70B504461E
:106B00000D461646FFF7FDFE00B329462046FFF767
:106B100038FFD8B129462046FFF73CFF22688300A2
:106B200003F580739BB2002199509B58226800F5B1
:106B3000A27152F8213043F0010342F82130B6B17E
:106B4000226801238340C2F8043310E02368D3F89D
:106B50000423002A03DB4FF00042C3F80423294634
:106B60002046FFF784FF01462846FFF7ABFE70BDC5
:106B7000F8B504460D461646FFF797FF20B10768A3
:106B8000426831462846B847A3681BB1E2683146DF
:106B900028469847F8BDF8B507460E4614461D46E8
:106BA0001046FFF705FF60B9022D1DD002213046C7
:106BB000FFF788FE032C1BD0022D17D0032D1DD00C
:106BC000F8BD224631463846FFF7D2FF3046EFF790
:106BD0003FF9A842F4D100213046FFF773FE294661
:106BE0003046FFF76FFEEBE70321E0E7012CE5D12C
:106BF000224631463846FFF7BBFFE1E7022CDFD1E2
:106C0000F6E770B505460846EFF76CF904462879B3
:106C1000EFF772F904F1080330F8133013F4807FB2
:106C20000BD0C3F34326083423F4F85320F8143070
:106C300031462846FFF7C1FE00B170BD2879EFF755
:106C40005BF9002340F836302879EFF755F93146E3
:106C50007830EEF745FFF0E770B504460D46FFF7D4
:106C600050FE58B1266829462046FFF793FE00F5EE
:106C7000A270002346F8203046F8203029462046EE
:106C8000FFF7BFFF2079EFF737F904462846EFF703
:106C900029F90830002324F8103070BD70B504467F
:106CA0000D461E4604984FF0000C01E00CF1010C5B
:106CB00084450ED25FFA8CF2920002F58071920840
:106CC000012303FA02F21542F0D000236350635807
:106CD000ECE7002D04DA0023C4F87C31D4F87C31D1
:106CE00044F30730FEF78FFA0EB1C4F8045370BDB9
:106CF000F8B506460D46144619E094FAA4F3B3FA23
:106D000083F301229A4024EA020403F13C0205EBDA
:106D10004202978803F5A27356F82300C0F301409E
:106D2000FFF736FE024639462846FFF721FF002CC2
:106D3000E3D1F8BD08B5EFF7F7F908BD08B5EFF7EF
:106D4000E3F808BD08B5FFF7C2FE08BD08B5EFF7C8
:106D500059F908BD08B5EFF7BBFA08BD08B5FFF74C
:106D6000C3FE08BD08B5EFF78FFA08BD08B5EFF709
:106D7000A5FA08BD08B5EFF789F908BD08B5FFF712
:106D8000BDFE08BD08B5FFF735FE08BD00B9704768
:106D900008B5FEF7B4FB08BD60B1C3685A7812F0BD
:106DA000010F03D01B781BB10020704700207047F3
:106DB0000120704700207047EFF31183202383F3F5
:106DC0001288BFF36F8FFEE710B50446436983B1A5
:106DD000984730B100280ADBFF2800DDFF20E36878
:106DE0001870E268537843F00103537010BD4042BD
:106DF000F2E70020F5E708B507F0B8FC08BD08B5D4
:106E000007F08DFC08BD8169C36841EA030212F0F6
:106E1000030F10D1002202614269013A02FB0133E3
:106E200004E002691A60036182699B1AC2689A428F
:106E3000F7D9002070476FF01500704701207047A8
:106E400010B5044643618261C1600023C3610372CF
:106E5000FFF7D9FF002801DB2460646010BD2DE935
:106E6000F84304460D46FFF7E9FFB0B104F1080707
:106E7000EFF31186202383F31288BFF36F8F23690A
:106E8000A3B123692B602561E369013BE36186F3CC
:106E90001188BFF36F8FBDE8F883002383F3118857
:106EA000BFF36F8F0423184602DFF4E7D4F80080A5
:106EB000444517D0B8F1000918BF4FF00109B8F1E7
:106EC000000F12D1B9F1000FDBD00023C8F8AC30AD
:106ED000C8F81050404600F00BF931463846F0F73C
:106EE000D3FAD8E74FF00008E4E7D8F80420D8F840
:106EF000003013605A600023C8F80030C8F804302E
:106F000098F80D2022F0020288F80D20C8F8083009
:106F100008F1180000F0FEF9D4E708B5EFF311838B
:106F2000202383F31288BFF36F8FFEF789F9F5E70B
:106F300000BF7047884200DA014611F17F0F01DB84
:106F4000084670476FF07E00704708B5806890F97A
:106F50000E308B4201D1002008BDF0F7EFF9FBE7BE
:106F6000034600209860D8601B605B6070473AB1B0
:106F70008A4208D38160C260006040600020704790
:106F80006FF0150070476FF015007047F8B50546B3
:106F90000E46D41D24F007040F193946ECF77AFA8F
:106FA000073020F00700C5F89460C5F89840C5F890
:106FB0009C00381AF8BDEFF30580003818BF012097
:106FC00070477430704710B40024846003734273B8
:106FD0008173C4738461C46110BC7047F0B587B01D
:106FE0000446129E139D00270597109F04970F9F3C
:106FF00003970E9F02970D9F01970C9F0097EFF745
:1070000069FFB5F1FF3F08BFB6F1FF3F02D120464F
:1070100007B0F0BD32462B462046EFF73BFFF6E7C0
:107020000020704738B504460D46F0F739F8637B09
:1070300043F00203637335B3A5602B689D420DD105
:1070400000230BE05A686260236014605C601AE001
:107050001A4669688A420FD01B687BB173B194F9F4
:107060000E1093F90E209142F2D0521A002AE9DC58
:107070001A46002BEDD1F0E70023EEE76B682560A0
:1070800063601C606C6038BD08B5183000F042F9D0
:1070900008BD70B50646046884421AD0DCB1626847
:1070A000236813605A60002525606560637B23F0C8
:1070B00002036373A56004F1180000F02BF9C4F813
:1070C000AC502046EFF792FF3468A642E6D12C463A
:1070D000E4E70024E2E770BD70B5044616461D469D
:1070E000FFF7A0FF32462B462046F0F797F870BD19
:1070F00038B504460023EFF31185202282F312886D
:10710000BFF36F8F04E085F31188BFF36F8F012306
:1071100043B92046FFF784FF0028F4D12046EFF75B
:1071200065FFF0E738BD0023EFF31181202282F3E1
:107130001288BFF36F8F10E04268036813605A60D3
:10714000002303604360427B22F0020242738360AB
:1071500081F31188BFF36F8F01231BB98368002B64
:10716000EAD1F5E7704738B504460023EFF31185FF
:10717000202282F31288BFF36F8F0BE0637B23F032
:10718000040363732046EFF731FF85F31188BFF3E3
:107190006F8F01239BB9637B13F0280FF5D1A36890
:1071A000002BEBD06268236813605A6000232360D1
:1071B0006360627B22F002026273A360DEE738BD87
:1071C00008B501211838FFF7CEFF08BD014600239E
:1071D000EFF3118C202282F31288BFF36F8F1846D1
:1071E00005E000208CF31188BFF36F8F01238BB96A
:1071F00008688142F5D00028F4D042680368136023
:107200005A60002303604360427B22F00202427313
:107210008360E7E7704708B5EFF31180202383F31D
:107220001288BFF36F8FF0F745F908BD031D436067
:107230008360704738B504460D46F0F7F9F9844687
:107240002046B5F1FF3F08BFB4F1FF3F2CD04FEA15
:10725000EC72510141EADC614FEA4C13B3EB0C03D1
:1072600061EB0201890041EA93719B0013EB0C0072
:1072700042EB0103DB0043EA5073C00047F6FF72A4
:10728000801843F10003B0F5004F73F100020AD3F8
:107290006FF40042824243F6FF729A4105D3C00B5D
:1072A00040EA434000E0002038BD6FF00040FBE7BB
:1072B00010B50446F0F7AEFB48B1024603694169D8
:1072C00020691B18606941EB00011361516162681C
:1072D000236813605A6000232360636010BD10B5FB
:1072E0000446F0F78DFB78B1036942691B1B62EB22
:1072F000E472B3F1004F72F1000108DA002A01DBF9
:10730000184610BD0023FBE76FF00040F9E76FF06F
:107310000040F6E7F8B504460023EFF3118720227A
:1073200082F31288BFF36F8F6FF015000CE0F0F757
:107330007DFBFFF7D4FF0021EEF78EFA304687F38E
:107340001188BFF36F8F01231E468BB92368002B72
:10735000F5D0F0F755FB05462046FFF7A9FF0022C0
:107360004FF00043C4E90423A542E0D03046E6E7ED
:10737000F8BD08B5F0F76AFC08BD08B5F0F766FC83
:1073800008BD08B5EFF31180202383F31288BFF303
:107390006F8FF0F78FF808BD01624262002303632C
:1073A00000F118028261C261036043604363704769
:1073B00010B50446FFF7AEFF60B9636A0BB1204613
:1073C000984704F11800FFF701FF18B1FFF790FE8E
:1073D000FFF7D7FF10BD10B500F10C04C4600461C5
:1073E00000240475FCF765FF10BD70474268511E0C
:1073F000012A08B541600ED103685B6898470AE02E
:1074000006F081FA06F0A8FA05E0013101D006F095
:10741000D8F9F8F765FE08BD0160704738B54368D4
:107420000446B3B96068B0B9E36813BBE06810BB49
:1074300023691BBB206958BB204638BD52F8250084
:1074400008B1FFF7D3FF0135D4E90123AB42F5D8EA
:10745000E8E70025F8E706F047F9E5E752F82500E8
:1074600008B1FFF7C3FF0135D4E90232AB42F5D8CA
:10747000DCE70025F8E706F037F9D9E700252369AE
:10748000585908B106F030F90435182DF7D1D1E775
:1074900006F02AF9D0E703685A1E012B10B50446FE
:1074A000026006D1FFF7BAFF2046BDE8104006F0A3
:1074B00017B910BD10B50446F1F788FB04E020466B
:1074C00006F00EF906F07DF9204606F009F920468F
:1074D00010BD10B50446F1F78FFB04E0204606F01E
:1074E000FFF806F06EF9204606F0FAF8204610BDC7
:1074F00010B50446F1F796FB04E0204606F0F0F8DC
:1075000006F05FF9204606F0EBF8204610BD10B5F6
:107510000446F1F7A5FB04E0204606F0E1F806F08A
:1075200050F9204606F0DCF8204610BD10B50446A0
:10753000F1F73CFC04E0204606F0D2F806F041F9F1
:10754000204606F0CDF8204610BD10B50446F1F7F0
:1075500043FC04E0204606F0C3F806F032F920466A
:1075600006F0BEF8204610BD10B50446F1F798FCB1
:1075700004E0204606F0B4F806F023F9204606F0B1
:10758000AFF8204610BD10B50446F1F79FFC04E0AB
:10759000204606F0A5F806F014F9204606F0A0F8FB
:1075A000204610BD10B50446F1F7F8FC04E0204673
:1075B00006F096F806F005F9204606F091F8204608
:1075C00010BD009B03201A60704700207047002008
:1075D000704704207047009B03201A6070477F2982
:1075E00008D8D0E900329A4242D05A1C02600120E9
:1075F00019707047B1F5006F10D2D0E90032D21A7D
:10760000012A35D95A1C02608A09403A1A70036867
:1076100001F03F015A1C80390260E8E7B1F5803F74
:1076200011D2D0E90032D21A022A21D95A1C0260A2
:107630000A0B203A1A700268531C0360C1F38513C9
:10764000803B1370E3E7B1F5881F11D2D0E9003217
:10765000D21A032A0CD95A1C02608A0C103A1A70EA
:107660000268531C0360C1F30533803B1370E2E7EB
:1076700000207047D0E90032F0B5D21A044661D03C
:1076800018787F2802D801332360F0BDC1283AD989
:10769000DF280ED8012A55D05A7802F0C005802D77
:1076A00031D1A2F5425202EB80108142EDD3023378
:1076B000EAE7EF281AD8022A44D95D7805F0C0021B
:1076C000802A20D1E02801D19F2D1CD99A7802F080
:1076D000C006802E17D1A2F56222803A02EB00325A
:1076E00002EB85108142D0D30333CDE7F4280AD8CA
:1076F000032A27D95D7805F0C002802A03D1F0283B
:1077000004D18F2D06D84FF0FF30BEE7F42801D109
:107710008F2DF8D89E7806F0C002802AF3D1DA784F
:1077200002F0C007802FEED1A2F17272A2F50252D0
:1077300002EB804202EB053202EB86108842A4D8AD
:107740000433A1E76FF001009FE77F2910B508D847
:10775000D0E900329A4247D05A1C026019700120C9
:1077600010BDB1F5006F0FD2D0E90032D21A012A54
:107770003AD98C0901F03F011A46403C803902F8A1
:10778000024B02605970EAE7B1F5803F12D2D0E9AE
:107790000032D21A022A27D90A0B203A1A70C1F3F2
:1077A000851201F03F01803A80395A70DA1C02607C
:1077B0009970D4E7B1F5881F16D2D0E90032D21AF9
:1077C000032A11D98A0C103A1A70C1F30532803A93
:1077D0005A70C1F3851201F03F01803A80399A70E6
:1077E0001A1D0260D970BAE70020B9E7D0E900326B
:1077F000F0B5D21A044661D018787F2802D8013338
:107800002360F0BDC1283AD9DF280ED8012A55D00F
:107810005A7802F0C005802D31D1A2F5425202EB18
:1078200080108142EDD30233EAE7EF281AD8022A0A
:1078300044D95D7805F0C002802A20D1E02801D12A
:107840009F2D1CD99A7802F0C006802E17D1A2F580
:107850006222803A02EB003202EB85108142D0D3E3
:107860000333CDE7F4280AD8032A27D95D7805F039
:10787000C002802A03D1F02804D18F2D06D84FF002
:10788000FF30BEE7F42801D18F2DF8D89E7806F09E
:10789000C002802AF3D1DA7802F0C007802FEED13F
:1078A000A2F17272A2F5025202EB804202EB0532A3
:1078B00002EB86108842A4D80433A1E76FF00100E0
:1078C0009FE7B1F5803F10B5D0E900430BD29C4251
:1078D00021D0D30789B201D449BA89B2A31C03606D
:1078E0002180012010BD1B1B022B14D98B0AC1F370
:1078F0000901D207A3F52153A1F510519BB289B21A
:1079000003D45BBA49BA9BB289B2224622F8043B3F
:1079100002606180E5E70020E4E773B51E46079B3F
:1079200014460093089B0193A642254607D10020E8
:10793000069B009A1D60099B1A6002B070BD216809
:107940002C1DB1F5881F06D26846FFF7FEFE002801
:10795000EAD10120ECE70220EAE72DE9F0410E46EA
:107960000446194617463046069DF1F745FB30BBE5
:107970000120BDE8F0811988A1F55840B0F5806F6D
:1079800023D2012D29D0D21A022A1CD95B88A3F553
:107990005C42B2F5806F20D2A3F157734FF002081A
:1079A000A3F5773303EB8121B94216D83046FFF7B0
:1079B00016FE0028DCD0236803EB48032360D4E9DB
:1079C00000329A42D7D10020D3E7A1F55C43B3F54A
:1079D000806F02D34FF00108E6E70220C9E770B5D7
:1079E0000D460446194616462846F1F705FB60B9D0
:1079F000012070BD19688E420DD32846FFF7EFFDB8
:107A00000028F5D0236804332360D4E900329A4279
:107A1000F0D10020EDE70220EBE7F8B50D4619465E
:107A200004461646F1F730FBD4E90030984211D0F5
:107A3000D5E90072BA420DD031462046FFF71AFE52
:107A4000831C01D1012008E0864207D33B1D2B6037
:107A50003860E9E7C01A18BF0120F8BD0220FCE732
:107A60002DE9F8430D461946044616461F46F1F720
:107A70000BFBD4E90089C8451DD0D5E900329A42F4
:107A800019D031462046FFF7F5FD831C014604D18D
:107A900008980130C0B2BDE8F8838E4209D33A4657
:107AA0002846FFF70EFF0028E3D10120C4E9008932
:107AB000F1E70220EFE70020EDE7F7B500271646D3
:107AC0001C46CDE900019DF820106846F1F7DCFA6C
:107AD0007D1CB54209D30ED14FF6FF716846A14215
:107AE00028BF2146FFF7C6FD05E021466846FFF79F
:107AF000C1FD844202D2009803B0F0BDB0F5803FD2
:107B000038BF3D466F1CE3E773B51D46079B14461F
:107B10000093089B0193AC4207D10020069B009A7A
:107B20001C60099B1A6002B070BD2188A1F5584302
:107B3000B3F5806F16D22B1B022BEED96288A2F50B
:107B40005C43B3F5806F14D2A2F157720226A2F5FE
:107B5000773202EB81216846FFF7F7FD58B104EB5D
:107B60004604D8E7A1F55C43B3F5806F01D3012645
:107B7000F1E70220D2E70120D0E710B50446F1F783
:107B800071FB204605F0ACFD204610BD10B5044643
:107B9000F1F772FB204605F0A3FD204610BD10B59D
:107BA0000446F1F773FB204605F09AFD204610BD10
:107BB00010B50446F1F774FB204605F091FD204610
:107BC00010BDF8B50B680E46074653F80C5C681CF0
:107BD00006F061F80023044601462A463046F1F7D4
:107BE000EBFE002328463C606355F8BD13B5049CAA
:107BF000CDE9003413460A46C1684FF0000002F098
:107C00001FFC02B010BD30B58BB00D4604460AA96A
:107C100001E90C0079230EAA0693129B0593119B90
:107C20000493109B039301AB92E8030083E80300E5
:107C3000099B20464FF000010093089BAA6802F0C0
:107C400025FD20460BB030BD30B58BB00D46044647
:107C50000AA901E90C006D230EAA0693129B059355
:107C6000119B0493109B039301AB92E8030083E8FC
:107C70000300099B20464FF000010093089BAA686F
:107C800002F004FD20460BB030BD30B58BB00D4680
:107C900004460AA901E90C0077230EAA0693129B59
:107CA0000593119B0493109B039301AB92E803008F
:107CB00083E80300099B20464FF000010093089BD6
:107CC000AA6802F0E3FC20460BB030BD30B58BB0A3
:107CD0000D4604460AA901E90C0064230EAA069386
:107CE000129B0593119B0493109B039301AB92E8A5
:107CF000030083E80300099B20464FF00001009336
:107D0000089BAA6802F0C2FC20460BB030BD30B51B
:107D10008BB00D4604460AA901E90C0074230EAA93
:107D20000693129B0593119B0493109B039301AB45
:107D300092E8030083E80300099B20464FF000010E
:107D40000093089BAA6802F0A1FC20460BB030BD4E
:107D500081684FF0000002F096BCF0B591B00F467C
:107D600005460AAC08AE84E80C00002316AA079367
:107D70000D930EAB06930DAB0593199B04939DF8E1
:107D80006030039301AB92E8030083E803000B9B90
:107D90004FF0000130460093BA680A9B02F0D0FC15
:107DA0000D9B96E8030084E803005BB91B99DDE9AD
:107DB0000E23C1E9002394E8030085E80300284668
:107DC00011B0F0BD1A9A1360F5E710B58AB00446F9
:107DD0000DF1280C0CE90C0000230693DDE91023BB
:107DE000CDE904239DF8383003930D9B02939DF851
:107DF00030300193099B0093089B8A684FF0000183
:107E000002F0F1FC20460AB010BD0A4601694FF0AD
:107E1000000002F034BC07B513460A6800930169FC
:107E20004FF0000052F80C3C02F0E6FB03B05DF8A6
:107E300004FB07B5006801A90C38F1F729FE03B06F
:107E40005DF804FBFFF7F5BF10B504460068436812
:107E50005A1E012B426002D103685B689847204696
:107E600010BD10B50446F1F749FB204605F038FC7B
:107E7000204610BD10B50446F1F752FB204605F030
:107E80002FFC204610BD10B50446F1F75DFB2046DF
:107E900005F026FC204610BD10B50446F1F768FB3E
:107EA000204605F01DFC204610BD10B50446F1F734
:107EB0006DFB204605F014FC204610BD10B50446AD
:107EC000F1F77AFB204605F00BFC204610BD10B5FB
:107ED0000446F1F783FB204605F002FC204610BD66
:107EE00010B50446F1F78CFB204605F0F9FB20465F
:107EF00010BD836910B5044603B19847204610BDF4
:107F000070B592B00E46044608A90BAD81E80C008E
:107F10000023199928461193F1F7D0FA0022002383
:107F200006954FF000012046CDE904239DF860300E
:107F30000393179B02939DF858300193099B00937C
:107F4000089BB26802F04FFC04E02846FFF7D1FF1F
:107F500005F037FC2846FFF7CCFF204612B070BD75
:107F600037B514460D46084603F012F984F824008C
:107F7000284603F010F90023294684F82500A36061
:107F800001A86361E361012384F8643003F006F91A
:107F900001A904F10800FFF714FEE06001A8FFF753
:107FA00048FF294601A803F000F901A904F11400D3
:107FB000FFF707FEA06101A8FFF73BFF294601A8D4
:107FC00003F0FAF801A904F11C00FFF7FAFD2062A2
:107FD00001A8FFF72EFF03B030BD01A8FFF729FF6E
:107FE00005F0EFFBF9E7F8E710B4084611461A462A
:107FF000DDE90134019410BC03F003BA13B5144653
:1080000001A81A46049B03F002FA01A92046F1F7E1
:1080100055FA01A8FFF70DFF02B010BD01A8FFF748
:1080200008FF05F0CEFB37B514460D46084603F0B1
:1080300080F86074284603F07FF8A074284603F0A7
:108040009AF800232946E062A36001A86361E36116
:108050006362012384F8433003F071F801A904F14D
:108060000800FFF7AEFDE06001A8FFF7E2FE294639
:1080700001A803F06BF801A904F11400FFF7A1FDBA
:10808000A06101A8FFF7D5FE294601A803F065F815
:1080900001A904F11C00FFF794FD206201A8FFF77D
:1080A000C8FE294601A803F05FF801A904F12400E5
:1080B000FFF787FDA06201A8FFF7BBFE284603F08B
:1080C0005DF82063284603F05EF8606303B030BDBE
:1080D00001A8FFF7AEFE05F074FBF9E7F8E7F7E754
:1080E00037B514460D46084602F0F4FF6074284682
:1080F00002F0F3FFA074284603F00EF8002329468F
:10810000E062A36001A86361E3616362012384F814
:10811000433002F0E5FF01A904F10800FFF751FD2B
:10812000E06001A8FFF785FE294601A802F0DFFF05
:1081300001A904F11400FFF744FDA06101A8FFF7B5
:1081400078FE294601A802F0D9FF01A904F11C001C
:10815000FFF737FD206201A8FFF76BFE294601A853
:1081600002F0D3FF01A904F12400FFF72AFDA06269
:1081700001A8FFF75EFE284602F0D1FF20632846E3
:1081800002F0D2FF606303B030BD01A8FFF751FEDB
:1081900005F017FBF9E7F8E7F7E713B510460C46CB
:1081A0006A46C118F1F764F9049A019001A92046C2
:1081B00003F015F904E001A8FFF73BFE05F001FB11
:1081C000044601A8FFF735FE204602B010BDF0B509
:1081D00087B00E4615461F460E9803AA0F9904ACA9
:1081E0000144F1F745F90D9B04903A46009331465E
:1081F0000C9B05A8019403F0F5F805A92846F1F7B2
:108200005DF905A8FFF715FE2046FFF712FE07B03F
:10821000F0BD05A8FFF70DFE2046FFF70AFE05F0AA
:10822000D0FAF9E70846114603F0E8B8084603F02B
:1082300047B882B0F0B587B0054616469DF8507035
:108240000FAC0D930DAB742F1398DDE911211ED0E7
:108250000ED8642F2DD00292CDE9031094E80300CC
:108260008DE80300314628460CCB03F080F81AE075
:10827000772F2BD00292CDE9031094E803008DE80C
:108280000300314628460CCB03F08DF80BE0CDE916
:108290000310029294E803008DE80300314628465B
:1082A0000CCB03F010F8284607B0BDE8F04002B050
:1082B0007047CDE90310029294E803008DE80300B3
:1082C000314628460CCB03F01AF8ECE7CDE9031051
:1082D000029294E803008DE80300314628460CCB57
:1082E00003F029F8DFE782B02DE9F04788B00446B3
:1082F0001646189911AF9DF84C80DDF850909DF806
:1083000054A01193B1B107AD2846F1F731FB3146C6
:108310002046CDE902A5CDE9008997E80C0002F0DE
:10832000C1FE2846FFF785FD204608B0BDE8F047AE
:1083300002B07047DDE91623CDE9019ACDE90423A7
:10834000CDF80080314697E80C0002F091FEEBE793
:108350002846FFF76EFD05F034FA10B58AB00446E2
:10836000002000931346C96803AA099002F072F82E
:1083700003A92046F1F7FCFA04E003A8FFF7B9FDD2
:1083800005F01FFA03A8FFF7B4FD20460AB010BDA0
:10839000F0B597B08C4605460AAC0FAE08AF84E83E
:1083A0000C0000231CAACDE9063615930D930DABE6
:1083B00005931F9B04939DF87830039301AB92E8DB
:1083C000030083E803000B9B4FF000013846009345
:1083D0000A9BDCF8082002F0B3F90D9B97E8030034
:1083E00084E80300A3B931460EA8F1F7C1FA219839
:1083F0000EA900F089F80EA8FFF71BFD94E8030012
:1084000085E803003046FFF774FD284617B0F0BD3D
:10841000209A1360F2E73046FFF76BFD05F0D1F9C3
:1084200030B504468DB000200B901198006850F8CC
:108430000C5CCDE902051098CDE9003013460969BE
:1084400005AA4FF0000002F0F1F805A92046F1F767
:108450008FFA04E005A8FFF74CFD05F0B2F905A876
:10846000FFF747FD20460DB030BD13460A4611B157
:10847000197806F046B90846704701F18041006856
:10848000043950F80C0C091A914208B502D218466A
:10849000F3F796FA08BD03688B4207D853F80C2C03
:1084A0001344994294BF0020012070470120704777
:1084B000012A30B403D10B78037030BC7047002A16
:1084C000FBD030BC06F02BB9012A30B403D10B78B5
:1084D000037030BC7047002AFBD030BC06F02CB9CA
:1084E0000B461146012B10B4044602D1227010BC79
:1084F0007047002BFBD01A4610BC06F037B9521A51
:1085000008B5FFF7D5FF08BD036853F8042C002A0F
:10851000B8BF002210B5B8BF43F8042C0A6852F85F
:10852000044C002CBCBF002442F8044C02600B60D9
:1085300010BD0368104610B553F80C4CA04202D38E
:108540004FF0FF3010BD1A5C8A42FBD10130F5E7D5
:1085500005F0C6B82DE9F74F05460068A3EB020801
:1085600002EB010950F80C7C0C4650F8081C1E4622
:10857000B844A7EB0907884503D850F8043C002B02
:108580001EDD01AA4046F1F73DFA824600F10C0BD0
:1085900024B1224629685846FFF78AFF47B104F103
:1085A0000C0029683A46304449445044FFF780FFA4
:1085B000286801A90C38F1F76BFAC5F800B000E0A3
:1085C0003FB9286841460C38F1F710FA03B0BDE80E
:1085D000F08F9642F5D0264400EB09013A4630442C
:1085E000FFF772FFEDE7036853F80C2C10B5044653
:1085F0006AB153F8043C002B04DD00231A461946E7
:10860000FFF7A8FF23684FF0FF3243F8042C10BD9A
:1086100008B5036853F8043C002B01DBFFF7E3FFC8
:1086200008BD10B50446FFF7F3FF206810BD0368CE
:1086300037B5CC1A05460092012300222146F1F7F6
:1086400063FA28684FF0FF3340F8043C204403B03D
:1086500030BDF8B5069F1E4604460D463B46FFF763
:1086600079FF2FB120683A4631462844FFF720FFB2
:108670002046F8BD70B5044610460A462368616876
:108680001844F1F7BFF92268054600F10C0622B143
:1086900004F10C013046FFF70BFF28462168F1F783
:1086A000A5F9304670BD37B50446006850F8083C5F
:1086B000994204D850F8042C002A0DDD194650F8D0
:1086C0000C2D8A1A01A9FFF7D5FF0546206801A9DC
:1086D0000C38F1F7DDF9256003B030BDF8B50B6853
:1086E00004460E4653F80C7CE7B1036853F80C5C63
:1086F00053F8082C3D44954203D853F8043C002B12
:1087000003DD29462046FFF7CEFF23683A4631684D
:1087100053F80C0C1844FFF7CBFE206829460C38A0
:10872000F1F764F92046F8BD002208B5F1F7B4FA74
:1087300008BD036870B553F80C5C044653F8082C68
:108740000E460135954203D853F8043C002B03DD57
:1087500029462046FFF7A7FF2368294653F80C2C2B
:108760009E5420680C38F1F741F970BD08467047F7
:108770000846704710B50446F1F7ACFA204604F0FD
:10878000AFFF204610BD8A4210B5144603D0521ADE
:10879000029805F0C4FF204610BD8A42184638B53D
:1087A000144602D0521A05F0BAFF204638BD2DE912
:1087B000F041C0B0044600256B461F4603F8015B3C
:1087C0000135B5F5807FF9D1264640AA39462046C5
:1087D00056F81D3BD3F81C803346C0472A46314625
:1087E000384605F0CBFF00280CBF01230223237776
:1087F00040B0BDE8F08183695B5C9B0744BF2039D2
:10880000C9B20846704770B506460C461546AC42DC
:1088100001D3284670BD3368304621789B6898475D
:1088200004F8010BF3E783695B5CDB0744BF20318D
:10883000C9B20846704770B506460C461546AC42AC
:1088400001D3284670BD3368304621781B699847AC
:1088500004F8010BF3E78368587C70478368987CC1
:1088600070478368D86A70478368002082B01B6BAA
:10887000DAB262F30700C3F3072262F30F20C3F3F7
:1088800007421B0E62F3174063F31F6002B070478C
:108890008368002082B05B6BDAB262F30700C3F337
:1088A000072262F30F20C3F307421B0E62F3174047
:1088B00063F31F6002B070478368587C7047836819
:1088C000987C70478368D86A70478368002082B0BC
:1088D0001B6BDAB262F30700C3F3072262F30F20C7
:1088E000C3F307421B0E62F3174063F31F6002B02D
:1088F00070478368002082B05B6BDAB262F30700D6
:10890000C3F3072262F30F20C3F307421B0E62F387
:10891000174063F31F6002B07047836893F8240028
:108920007047836893F82500704700207047002047
:10893000704770470020914200D3704711F8013B07
:1089400003EB7060F7E710B50446F1F7FFF9204636
:1089500004F0C6FE204610BD10B50446F1F700FA3B
:10896000204604F0BDFE204610BD10B50446F1F7C8
:1089700001FA204604F0B4FE204610BD10B50446AE
:10898000F1F702FA204604F0ABFE204610BD10B508
:108990000446F1F707FA204604F0A2FE204610BD77
:1089A000D0E902218A4202D2013282607047036814
:1089B0009B6A1847436E0B60836E4B60C36E8B607F
:1089C000036FCB60436F0B61836F4B61C36F8B6130
:1089D000D0F88030CB61D0F884300B62D0F888308A
:1089E0004B62D0F88C308B62D0F89030CB627047FD
:1089F000D0F894300B60D0F898304B60D0F89C30B1
:108A00008B60D0F8A030CB60D0F8A4300B61D0F8E8
:108A1000A8304B61D0F8AC308B61D0F8B030CB616E
:108A2000D0F8B4300B62D0F8B8304B62D0F8BC301C
:108A30008B62D0F8C030CB62704707B50B4600920E
:108A400000224168F7F758F903B05DF804FB10B550
:108A500004460068FFF7A4FF4FF0FF33636010BDCA
:108A60002DE9F0411F46037F04460D46012B1646B3
:108A700007D1914213D03846521ABDE8F04105F0B3
:108A80004EBE0BB9FFF793FE2368324629462046B7
:108A9000D3F81CE03B46F446BDE8F0416047BDE832
:108AA000F081531A0F2B73B504460D4616460193F9
:108AB00006D9002201A9F7F7EFF8019B2060A36017
:108AC00032462946206804F01BFC019B22680021E5
:108AD0006360D15402B070BD8B6810B50446D9698B
:108AE000F1F722FA204610BD8B6810B5044659698B
:108AF000F1F71AFA204610BD8B6810B50446996844
:108B0000F1F712FA204610BD8B6810B50446596A79
:108B1000F1F70AFA204610BD8B6810B50446D969F2
:108B2000F1F702FA204610BD8B6810B5044659696A
:108B3000F1F7FAF9204610BD8B6810B50446996824
:108B4000F1F7F2F9204610BD8B6810B50446596A5A
:108B5000F1F7EAF9204610BD8B6810B50446D969D3
:108B6000F1F7E2F9204610BD8B6810B5044659694B
:108B7000F1F7DAF9204610BD8B6810B50446996804
:108B8000F1F7D2F9204610BD2DE9F0431C4600F163
:108B9000080387B0154603600023064688464360F5
:108BA0002246037202AB294668460093FFF779FF1D
:108BB000641B6400DDE90073204607EB030905F040
:108BC0006AF805463A4623462946404605F052FBD8
:108BD000844202460ED8441C284604F085FD2046F7
:108BE00005F059F83A46014605462346404605F049
:108BF00041FB024629463046F1F7E2F810E004F066
:108C000082FE284604F070FD05F001F804F0A4FE91
:108C1000684604F011FB304604F00EFB04F0D1FD71
:108C20003846E8F70FF9384481450BD0471C00213E
:108C3000304604F0D8FBC5E7E1E704F064FEE3E763
:108C4000E6E7E8E7284604F04FFD684604F0F4FA4A
:108C5000304607B0BDE8F0832DE9F0438DB01C46E7
:108C6000804602AB68460093FFF71BFF08AB149ADF
:108C7000214606A80693FFF714FFDDE90097DDE91A
:108C800006564F442E442A464946404605F0E7FA28
:108C9000044670B94846E8F7D5F881442846E8F715
:108CA000D1F84F4505EB00040DD1341B18BF4FF030
:108CB000FF3406A804F0C0FA684604F0BDFA204666
:108CC0000DB0BDE8F083A64203D009F10109651C8F
:108CD000D9E70124EDE7684604F0AEFA04F071FD2F
:108CE00003689B68184703681B69184770B5037FC2
:108CF00004460D4643B9FFF75AFD2368294620462E
:108D00009B69BDE8704018470C44607F70BD70B52A
:108D10004418164694F81D313BB903681B6A9847FE
:108D20008642034618BF84F81D01184670BDF0B591
:108D300089B004460D4606AE86E80C00139A0B680F
:108D40000592129A0492119A03929DF84020029281
:108D50000EAA92E803008DE8030020469F6829468A
:108D600096E80C00B847204609B0F0BDF0B589B0D0
:108D700004460D4606AE86E80C00139A0B68059271
:108D8000129A0492119A03929DF8402002920EAA20
:108D900092E803008DE803002046DF68294696E844
:108DA0000C00B847204609B0F0BD70B588B00E6819
:108DB000054606AC84E80C00DDE91023CDE9042368
:108DC0009DF8383002930D9B01939DF8303000934D
:108DD000B66894E80C00B047284608B070BD70B57E
:108DE00086B0054604AC84E80C000D9A0B6803922B
:108DF0009DF8302002920B9A01929DF82820009253
:108E0000DE6894E80C00B047284606B070BD0368E1
:108E10009B6818470368DB6818470B6810B5044661
:108E20001B699847204610BD0B6810B504465B6966
:108E30009847204610BD0B6810B504469B699847BB
:108E4000204610BD0B6810B50446DB6998472046E4
:108E500010BD03681B6A1847036882B05B6A02B0E2
:108E60001847036882B09B6A02B0184703689B6882
:108E700018470368DB6818470B6810B504461B6980
:108E80009847204610BD0B6810B504465B699847AB
:108E9000204610BD0B6810B504469B6998472046D4
:108EA00010BD0B6810B50446DB699847204610BD1D
:108EB00003681B6A1847036882B05B6A02B01847F0
:108EC000036882B09B6A02B0184703689B68184722
:108ED0000368DB6818470B6810B504461B699847A0
:108EE000204610BD0B6810B504465B6998472046C4
:108EF00010BD0B6810B504469B699847204610BD0D
:108F000003689B681847F0B589B004460D4606AE65
:108F100086E80C00129A0B680492119A0392109A38
:108F200002920EAA92E803008DE803002046DF6853
:108F3000294696E80C00B847204609B0F0BDF0B5C8
:108F400089B004460D4606AE86E80C00129A0B68FE
:108F50000492119A0392109A02920EAA92E80300C8
:108F60008DE8030020461F69294696E80C00B847A3
:108F7000204609B0F0BDF0B589B004460D4606AEF6
:108F800086E80C00129A0B680492119A0392109AC8
:108F900002920EAA92E803008DE8030020465F6962
:108FA000294696E80C00B847204609B0F0BDF0B558
:108FB00089B004460D4606AE86E80C00129A0B688E
:108FC0000492119A0392109A02920EAA92E8030058
:108FD0008DE8030020469F69294696E80C00B847B3
:108FE000204609B0F0BDF0B589B004460D4606AE86
:108FF00086E80C00129A0B680492119A0392109A58
:1090000002920EAA92E803008DE803002046DF6971
:10901000294696E80C00B847204609B0F0BD036821
:109020009B68184773B5079E04460D680196069E17
:109030000096ED68A847204602B070BD03681B6922
:10904000184710B40468A468A44610BC604738B53B
:109050000D680446ED68A847204638BDF7B56D4653
:109060000446089F85E806009DF80460194636B955
:109070003A46009804F0D9F8874218BF01268DF8C7
:10908000046095E8030084E80300204603B0F0BDC7
:109090002DE9F04F99B0229F06A9249D07F16C0499
:1090A00005909DF88C80204681E80C00F2F756FF71
:1090B00082462046F0F7F8FE2E6890F838300446D5
:1090C000327869689A4221D0026BC369D0F8209047
:1090D000099203933144334699421D4606D92878B4
:1090E0000133DAF81820125C5207F5D4AD1BAB46F9
:1090F000002D00F0E2800EAB69000CA80C93002359
:109100000D938DF8383004F050F909E0426B436A52
:10911000D0F82890099203930029DBD00136D9E7D3
:10912000E36AA5EB030ABAF1000F1DDDE16815EA59
:10913000230538BF55460D9AF1B100216B000CA8EC
:109140000091F6F7D9FD7319A17C0C98CDE9006365
:10915000D4E9022302F062F90C994FF0FF32411A70
:109160000CA8F0F781FEAA46E36A002B1EDD617CA5
:109170000CA804F038F905E033460CA80095F6F782
:10918000F9FDF0E7BAF1000F06DBE26A06EB0A012F
:109190000CA8F0F715FE09E094F83920CAF1000197
:1091A0000CA8FFF74AFC5A463146F1E7FD6812A8C1
:1091B00005F0B00315F4007504930D9B18BFA56965
:1091C0004B441D4414AB12930023690013938DF894
:1091D000503004F0EAF8049BBE68102B11D1B54260
:1091E0002CBF4FF0000B4FF0010B4FF0000A09AB02
:1091F00013F80A30042B2AD8DFE803F0261B060FE9
:1092000018004FF0000BF0E7FB689B051FD5D4E971
:10921000051212A8F0F7D4FD19E0B9F1000F16D02D
:10922000039B197812A804F0DEF810E0DDE90C12B7
:10923000EFE7BBF1000F05D04246711B12A8FFF704
:10924000FCFB04E04146EDE7BBF1000FF4D10AF16D
:10925000010ABAF1040FCAD1B9F1010F06D9039975
:1092600009F1FF3212A80131F0F7AAFD13998E42DD
:1092700008D9049B711A202B0DD1424612A8FFF782
:10928000DCFB31460AAC06AA0091129B204606CAB6
:10929000FFF7E4FE06E00A464346002112A8F0F775
:1092A00059FEEEE794E80300069012A88DF81C1012
:1092B00003F0C2FF0CA803F0BFFF0023BB6006ABA6
:1092C00093E80300059B83E80300184619B0BDE846
:1092D000F08F12A803F0B0FF0CA803F0ADFF04F06C
:1092E00070FAF9E72DE9F04F99B0229F06A9249D65
:1092F00007F16C0405909DF88C80204681E80C00F5
:10930000F2F72CFE82462046F0F76EFD2E6890F8AC
:1093100038300446327869689A4221D0026BC369BA
:10932000D0F82090099203933144334699421D4668
:1093300006D928780133DAF81820125C5207F5D4E0
:10934000AD1BAB46002D00F0E2800EAB69000CA80F
:109350000C9300230D938DF8383004F026F809E0C3
:10936000426B436AD0F82890099203930029DBD01E
:109370000136D9E7E36AA5EB030ABAF1000F1DDD58
:10938000E16815EA230538BF55460D9AF1B1002171
:109390006B000CA80091F6F7AFFC7319A17C0C9838
:1093A000CDE90063D4E9022302F038F80C994FF0BC
:1093B000FF32411A0CA8F0F757FDAA46E36A002BCA
:1093C0001EDD617C0CA804F00EF805E033460CA805
:1093D0000095F6F7CFFCF0E7BAF1000F06DBE26A82
:1093E00006EB0A010CA8F0F7EBFC09E094F8392031
:1093F000CAF100010CA8FFF720FB5A463146F1E7FD
:10940000FD6812A805F0B00315F4007504930D9BD8
:1094100018BFA5694B441D4414AB12930023690087
:1094200013938DF8503003F0C0FF049BBE68102BDF
:1094300011D1B5422CBF4FF0000B4FF0010B4FF094
:10944000000A09AB13F80A30042B2AD8DFE803F02E
:10945000261B060F18004FF0000BF0E7FB689B057A
:109460001FD5D4E9051212A8F0F7AAFC19E0B9F14A
:10947000000F16D0039B197812A803F0B4FF10E078
:10948000DDE90C12EFE7BBF1000F05D04246711B7E
:1094900012A8FFF7D2FA04E04146EDE7BBF1000F56
:1094A000F4D10AF1010ABAF1040FCAD1B9F1010FDE
:1094B00006D9039909F1FF3212A80131F0F780FCB7
:1094C00013998E4208D9049B711A202B0DD1424664
:1094D00012A8FFF7B2FA31460AAC06AA0091129B15
:1094E000204606CAFFF7BAFD06E00A4643460021B9
:1094F00012A8F0F72FFDEEE794E80300069012A8FB
:109500008DF81C1003F098FE0CA803F095FE0023C4
:10951000BB6006AB93E80300059B83E80300184695
:1095200019B0BDE8F08F12A803F086FE0CA803F076
:1095300083FE04F046F9F9E7F0B587B0054604ACC0
:109540000F9E9DF8307084E80C000D9B9DF838202C
:109550000093CDE9012694E80C0027B1FFF798FDB0
:10956000284607B0F0BDFFF7BDFEF9E710B5044689
:10957000D0E9003043B1421C06D1184603F04CFE3E
:10958000431C04BF0023236010BD38B50D46FFF710
:10959000EDFF04462846FFF7E9FF431C621C5842D2
:1095A000584154425441011B4842484138BD08B516
:1095B000FFF7EBFF80F00100C0B208BD2DE9F74FC7
:1095C00005466C464FF00009DDF840A04FF00A0B4D
:1095D0004E46DDE9120784E80C006C30F2F7BEFC61
:1095E00080460CA92046FFF7E2FF70B1119B9E4216
:1095F0000BD02046FFF7BAFF2A22C1B24046FFF740
:1096000086FB3038C2B2092A10D9C6B10F9A9145EB
:1096100015DBD14513DC0E9AC2F8009094E80300E4
:1096200085E80300284603B0BDE8F08F0BFB09096D
:10963000D145EADC20460136FFF709FAD1E73B685D
:1096400043F004033B60E9E72DE9F04F8DB000AF34
:10965000F86107F12004F86E6C3084E80C00F2F732
:109660007DFC6B46BA6E054607F158012046A3EB18
:10967000C2039D46DB08E846BB61FFF798FF002860
:1096800000F07281BB6E20464FF0000B9B007B61A7
:10969000BB6E08EB8309FFF769FFC4B22846214679
:1096A000FFF721FB214606462846FFF719FB5C46DB
:1096B0008246BB6E9B450BD10026012C2BD8012C7A
:1096C00040F0528107F120000136FFF7C0F9E2E0D7
:1096D0007B6E284653F82B301978FFF704FB86423F
:1096E0000FD1A3003B617B6E53F82B00E7F7AAFB79
:1096F0003B6949F82400013448F803B00BF1010B31
:10970000D7E77B6E284653F82B301978FFF7E8FA35
:109710008245F3D1E5E7CB4609EB84005BF8043BD7
:10972000FB625B461A46F96A0433D2F800C08C45E6
:1097300007F12C0128BF0A469842D2F800A0C7F8CA
:109740002CA0EFD1013607F12000FFF780F9B245D8
:1097500047D107F1580107F12000FFF728FF8246A3
:1097600000B307F12000FFF701FFC1B22846FFF761
:10977000BAFA386107F12000FFF7F8FEC1B22846B7
:10978000FFF7AEFA0023F860796E58F8232051F8FD
:10979000222059F82310B1425AD801339C42F3D108
:1097A0004FF0000A002359F82320911B4A424A41F6
:1097B000524509BF04F1FF34013358F8242048F81A
:1097C000232004BF59F8242049F823209C42EAD8DA
:1097D000BAF1000F5BD0D9F8003001218C42FB6256
:1097E00049D8FB6AB3427FF66AAF07F1580107F127
:1097F0002000FFF7DCFE00283FF461AF07F12000F6
:109800004FF0000AFFF7B2FEC1B22846FFF76BFA2D
:10981000386107F12000FFF7A9FEC1B22846FFF723
:109820005FFAF86054457FF648AF7B6E284658F8DB
:109830002A204FEA8A0B53F82220915DBA60FFF785
:1098400052FA3B69BA6883426DD10AF1010AE9E72D
:10985000915D28467B60BA60FFF745FA3B69834219
:10986000A0D0BA682846915DFFF73AFAFB688342B8
:109870007B6892D196E75A4601310BF1040B1068D0
:10988000834207F12C0398BF1A461368A6E7022CFF
:109890002CD0012C68D1D8F80040D7E9053253F814
:1098A00032807B6E53F8243003EB0609464562D2C2
:1098B00007F1580107F12000FFF779FE002853D087
:1098C00019F8011B2846FFF70EFA824607F120001F
:1098D000FFF74CFEC1B22846FFF705FA824533D1A7
:1098E00007F120000136FFF7B2F8DFE7BB6EDB07B8
:1098F0003AD4D8F80030B86EBA6EB3EB500F4FEAD6
:109900005201D8F8042002D20B449342C2E75B1AFA
:10991000934229D1C8F80030D9F80430D7E905219D
:1099200042F83130B7E7915D2846FFF7D9F9FB6877
:1099300083428AD0013C58F8242048F80B2059F87B
:10994000242049F80B206DE719F8011C2846FFF781
:10995000C7F9824607F12000FFF708FEC1B228468A
:10996000FFF7BEF98245BBD03B6F3A6F1B6843F0EF
:109970000403136002E0F7D13B6E1C60FB69D7E97A
:109980000801343783E803001846BD46BDE8F08F70
:109990002DE9F04F87B0814600AF786D07F11006D2
:1099A0006C30D7E913AB86E80C00F2F7D7FA6B46B8
:1099B000F86007F14001A3EBCB0330469D46E84633
:1099C000FFF7F5FD002800F0838000243046FFF704
:1099D000CDFD2546C3B24FEA4B02A24237D1002D3E
:1099E00076D030460024FFF732F8AB00073323F07F
:1099F0000703ADEB030D6E4658F824305AF82300E8
:109A0000E7F720FA46F824000134A542F4D10125F5
:109A100007F1400107F11000FFF7C9FD58BB012C09
:109A20005AD13368AB425ED1D8F80030BA6C5B458E
:109A3000A8BFA3EB0B03136007F118031C3713E94E
:109A4000030089E803004846BD46BDE8F08F5AF898
:109A500024100978994204D148F825400135013491
:109A6000BBE7F868C7E90132FFF73AF97B68BA68E3
:109A70009842F4D1F0E707F11000FFF777FD0023DB
:109A8000C0B219469C4207D88C42C8D007F11000DA
:109A90000135FEF7DCFFBBE756F823204FEA830EC3
:109AA00006EB830CAA4202D801310133EAE758F8E9
:109AB00023205AF82220525D8242F6D0013C58F809
:109AC000242048F80E2056F82420CCF80020D9E7AE
:109AD0000024254626469BE7022C04D13368AB427E
:109AE000A2D073689EE7BB6DBA6D1B6843F0040398
:109AF000A1E72DE9F04F8FB04FF0000A06468846E7
:109B00000AACCDF834A008ADDDE91AB784E80C0042
:109B10000BF16C00F2F722FA0DAB0222CDF80CA08B
:109B20008146CDE906B36323CDE904320CAB029341
:109B300018AB93E803008DE803004146284694E8FB
:109B40000C00FFF73BFD0D9B95E8030084E8030044
:109B5000002B51D118A92046FFF729FD002846D037
:109B60002046FFF703FD2A22C1B24846FFF7CFF88F
:109B7000A0F13005EBB2092B39D820464FF00A0886
:109B8000FEF765FF0C9B18A9204608FB03550C95B2
:109B9000FFF70DFD98B12046FFF7E8FC2A22C1B27D
:109BA0004846FFF7B4F8A0F13005EBB2092B06D810
:109BB0002046FEF74CFF0C9B08FB03550C950C9BB5
:109BC000A3F26C730C931C9B0C9A5A6118A9204643
:109BD000FFF7DBFC18B13B6843F002033B6094E8FD
:109BE000030086E8030030460FB0BDE8F08F0C9B01
:109BF000442BE8DC6433E5E73B6843F004033B6057
:109C0000E4E72DE9F0439DB0054688460AAC08AF6D
:109C1000DDE9269684E80C0009F16C00F2F700FB00
:109C200083689A6C0E92DA6C0F921A6D10925A6DCC
:109C300011929A6D1292DA6D13921A6E1492DA6A78
:109C400015921A6B16925A6B17929A6B1892DA6BDE
:109C500019921A6C5B6C1A921B9300230D930DAB37
:109C6000CDE90593072304930EAB03930CAB02934A
:109C700024AB93E803008DE803004146384694E89E
:109C80000C00FFF785FE0D9B97E8030084E80300B6
:109C90009BB9289B0C9A9A6124A92046FFF775FC72
:109CA00018B1336843F00203336094E8030085E899
:109CB000030028461DB0BDE8F083336843F0040379
:109CC0003360E9E72DE9F043A7B0054688460AACC2
:109CD00008AFDDE9309684E80C0009F16C00F2F77A
:109CE0009FFA0EAA80681146FEF782FE1AA9FEF7B7
:109CF00061FE00230D930DABCDE905930C23CDE957
:109D000003230CAB02932EAB93E803008DE8030012
:109D10004146384694E80C00FFF73AFE0D9B97E861
:109D2000030084E803009BB9329B0C9A1A612EA9A8
:109D30002046FFF72AFC18B1336843F00203336072
:109D400094E8030085E80300284627B0BDE8F083C7
:109D5000336843F004033360E9E72DE9F04F91B035
:109D6000054689460AACDDF878A00DAE0DF1200855
:109D7000DDE91CB784E80C000BF16C00F2F750FA37
:109D800083681A690023CDF808B00F93CDE90D332D
:109D90001AABCDE90526CDE9037A93E803008DE8F7
:109DA00003004946404694E80C00F0F7C9F998E8EA
:109DB000030084E8030051463046F6F7B3FD1AA9C4
:109DC0002046FFF7E2FB18B13B6843F002033B601B
:109DD00094E8030085E80300284611B0BDE8F08F41
:109DE0002DE9F04F91B0054689460AACDDF878A020
:109DF0000DAE0DF12008DDE91CB784E80C000BF175
:109E00006C00F2F70DFA83689A680023CDF808B069
:109E10000F93CDE90D331AABCDE90526CDE9037AD1
:109E200093E803008DE803004946404694E80C009F
:109E3000F0F786F998E8030084E8030051463046BD
:109E4000F6F770FD1AA92046FFF79FFB18B13B6893
:109E500043F002033B6094E8030085E803002846D2
:109E600011B0BDE8F08F2DE9F04F91B04FF0000830
:109E7000054689460AAC9DF880709DF87CA0DDE916
:109E80001CB684E80C000BF16C00F2F767F8252192
:109E9000C6F80080FEF72AFF8DF83000002F36D17B
:109EA0008DF831A08DF8327000230DAFCDF808B0D9
:109EB0000DF120080F930697CDE90D330CAB0593F8
:109EC0001E9BCDE903631AAB93E803008DE8030002
:109ED0004946404694E80C00F0F732F998E8030050
:109EE00084E803001E993846F6F71CFD1AA920469F
:109EF000FFF74BFB18B1336843F00203336094E87B
:109F0000030085E80300284611B0BDE8F08F8DF806
:109F100031708DF832A08DF83380C5E72DE9F0411E
:109F200092B00F46064608AC9DF8681006AD84E86E
:109F30000C000EAA0C920022DDE91B380D928DF860
:109F400038200CAA029318ABCDE9038289B193E8BB
:109F500003008DE803003946284694E80C00F0F72A
:109F60006DFE95E803000C9D84E80300EEF7F0F920
:109F70000FE093E803008DE803003946284694E893
:109F80000C00F1F755F8ECE70CA803F055F903F0D5
:109F900018FC0BAB42461D990B902846F6F7FAFBCE
:109FA00094E8030086E803000CA803F045F9304666
:109FB00012B0BDE8F0812DE9F04F91B006460F4692
:109FC000DDF8749008AC9DF870B006AD09F16C0036
:109FD000DDF87CA084E80C00F1F7C0FF0CAB8046F4
:109FE0000A9300230B938DF830300AAB04931E9B29
:109FF000CDE902931AAB93E803008DE803003946DC
:10A00000284694E80C00BBF1000F12D0F0F716FEC2
:10A0100095E803000B9D84E803006DB994E8030004
:10A0200086E803000AA803F007F9304611B0BDE83E
:10A03000F08FF0F7FDFFEBE72946504603F00AFAF0
:10A040000A994046DAF800304A19FEF709FDE5E7BB
:10A050000AA803F0F1F803F0B4FB03F0EDB8F8B58B
:10A060004D680E460746681C03F015FE00230446A3
:10A0700001462A463046F5F713FF002328463C6088
:10A080006355F8BD13B5049CCDE9003413460A4668
:10A09000C1684FF00000FDF7A7FF02B010BD30B55A
:10A0A0008BB00D4604460AA901E90C0079230EAADB
:10A0B0000693129B0593119B0493109B039301AB92
:10A0C00092E8030083E80300099B20464FF000015B
:10A0D0000093089BAA68FEF7ACF820460BB030BD91
:10A0E00030B58BB00D4604460AA901E90C006D237A
:10A0F0000EAA0693129B0593119B0493109B039346
:10A1000001AB92E8030083E80300099B20464FF06F
:10A1100000010093089BAA68FEF78BF820460BB05D
:10A1200030BD30B58BB00D4604460AA901E90C00DC
:10A1300077230EAA0693129B0593119B0493109B01
:10A14000039301AB92E8030083E80300099B2046D8
:10A150004FF000010093089BAA68FEF76AF82046BA
:10A160000BB030BD30B58BB00D4604460AA901E9ED
:10A170000C0064230EAA0693129B0593119B049373
:10A18000109B039301AB92E8030083E80300099B53
:10A1900020464FF000010093089BAA68FEF749F89B
:10A1A00020460BB030BD30B58BB00D4604460AA931
:10A1B00001E90C0074230EAA0693129B0593119BD0
:10A1C0000493109B039301AB92E8030083E8030020
:10A1D000099B20464FF000010093089BAA68FEF7F8
:10A1E00028F820460BB030BD81684FF00000FEF724
:10A1F0001DB8F0B591B00F4605460AAC08AE84E82C
:10A200000C00002316AA07930D930EAB06930DAB1B
:10A210000593199B04939DF86030039301AB92E87A
:10A22000030083E803000B9B4FF0000130460093CE
:10A23000BA680A9BEFF7F6F90D9B96E8030084E8ED
:10A2400003005BB91B99DDE90E23C1E9002394E803
:10A25000030085E80300284611B0F0BD1A9A136088
:10A26000F5E710B58AB004460DF1280C0CE90C0096
:10A2700000230693DDE91023CDE904239DF838304F
:10A2800003930D9B02939DF830300193099B00933B
:10A29000089B8A684FF00001FEF725F820460AB0B7
:10A2A00010BD0A4601694FF00000FDF7BBBF07B5BE
:10A2B0000092D1E9002301694FF00000FDF76DFF26
:10A2C00003B05DF804FB10B50446F1F73DF92046F4
:10A2D00003F006FA204610BD10B50446F1F746F922
:10A2E000204603F0FDF9204610BD10B50446F1F7F5
:10A2F00051F9204603F0F4F9204610BD10B504468C
:10A30000F1F75CF9204603F0EBF9204610BD10B5DB
:10A310000446F1F761F9204603F0E2F9204610BD4A
:10A3200010B50446F1F76EF9204603F0D9F920463E
:10A3300010BD10B50446F1F777F9204603F0D0F9C7
:10A34000204610BD10B50446F1F780F9204603F011
:10A35000C7F9204610BD70B592B00E46044608A954
:10A360000BAD81E80C000023199928461193F1F7F1
:10A37000C3F80022002306954FF000012046CDE9E6
:10A3800004239DF860300393179B02939DF8583087
:10A390000193099B0093089BB268FDF7A4FF04E0BA
:10A3A0002846FDF7A6FD03F00CFA2846FDF7A1FDAF
:10A3B000204612B070BD30B514460D4687B0084631
:10A3C000FEF783FD84F824002846FEF781FD002374
:10A3D000294684F82500A36068466361E361012390
:10A3E00084F86430FEF777FD694604F10800FFF752
:10A3F00036FEE060684602F01FFF29466846FEF719
:10A4000071FD694604F11400FFF729FEA06168465A
:10A4100002F012FF29466846FEF76BFD694604F11B
:10A420001C00FFF71CFE2062684602F005FF07B023
:10A4300030BD684602F000FF03F0C3F9F9E7F8E722
:10A4400010B4084611461A46DDE90134019410BCE7
:10A45000FEF7F7BD10B586B014461A466846089B4D
:10A46000FEF7F5FD69462046F1F746F8684602F02A
:10A47000E3FE06B010BD684602F0DEFE03F0A1F96F
:10A4800030B514460D4687B00846FEF7EFFC607401
:10A490002846FEF7EEFCA0742846FEF709FD0023CF
:10A4A0002946E062A36068466361E3616362012359
:10A4B00084F84330FEF7E0FC694604F10800FFF73A
:10A4C000CEFDE060684602F0B7FE29466846FEF71A
:10A4D000DAFC694604F11400FFF7C1FDA06168468B
:10A4E00002F0AAFE29466846FEF7D4FC694604F14C
:10A4F0001C00FFF7B4FD2062684602F09DFE29466D
:10A500006846FEF7CEFC694604F12400FFF7A7FD7C
:10A51000A062684602F090FE2846FEF7CCFC20635D
:10A520002846FEF7CDFC606307B030BD684602F0F8
:10A5300083FE03F046F9F9E7F8E7F7E730B514468C
:10A540000D4687B00846FEF762FC60742846FEF7A9
:10A5500061FCA0742846FEF77CFC00232946E062DB
:10A56000A36068466361E3616362012384F843305A
:10A57000FEF753FC694604F10800FFF770FDE06048
:10A58000684602F059FE29466846FEF74DFC6946CA
:10A5900004F11400FFF763FDA061684602F04CFE71
:10A5A00029466846FEF747FC694604F11C00FFF7A0
:10A5B00056FD2062684602F03FFE29466846FEF7D7
:10A5C00041FC694604F12400FFF749FDA06268469A
:10A5D00002F032FE2846FEF73FFC20632846FEF7D5
:10A5E00040FC606307B030BD684602F025FE03F012
:10A5F000E8F8F9E7F8E7F7E710B586B00C4611463A
:10A600001A466846F0F750FF089A69462046FEF75A
:10A6100006FD04E0684602F00FFE03F0D2F804469F
:10A62000684602F009FE204606B010BDF0B58FB0B6
:10A630000E4615461F4602ACDDE916122046F0F71D
:10A6400033FF159B3A463146009308A8149B0194AA
:10A65000FEF7E8FC08A92846F0F74EFF08A802F02C
:10A66000EBFD204602F0E8FD0FB0F0BD08A802F0B7
:10A67000E3FD204602F0E0FD03F0A3F8F9E7084609
:10A680001146FEF7DBBC0846FEF73ABC82B0F0B5D7
:10A6900087B0054616469DF850700FAC0D930DAB74
:10A6A000742F1398DDE911211ED00ED8642F2DD000
:10A6B0000292CDE9031094E803008DE803003146CF
:10A6C00028460CCBFEF773FC1AE0772F2BD00292B2
:10A6D000CDE9031094E803008DE8030031462846D5
:10A6E0000CCBFEF780FC0BE0CDE90310029294E85E
:10A6F00003008DE80300314628460CCBFEF703FC2F
:10A70000284607B0BDE8F04002B07047CDE903101D
:10A71000029294E803008DE80300314628460CCBF2
:10A72000FEF70DFCECE7CDE90310029294E803007C
:10A730008DE80300314628460CCBFEF71CFCDFE712
:10A7400082B02DE9F0438FB0174605461E9A17AC2C
:10A75000179319AB9DF86C10DDE91C089AB1CDE98F
:10A760000482CDE9021093E803008DE80300394626
:10A77000284694E80C00FEF7DAFA28460FB0BDE848
:10A78000F04302B0704708AE0DF1280C0DF1180926
:10A790008DF82820CDE90486CDE9021093E8030066
:10A7A000CDE908C28DE803003946484694E80C001C
:10A7B000FEF7DCFAD8F8003099E8030084E80300DB
:10A7C0003BB194E8030085E80300304602F034FD15
:10A7D000D3E731461F98F0F78FFEF2E7304602F0DC
:10A7E0002BFD02F0EEFF82B02DE9F0478CB004465D
:10A7F00016461C9915AF9DF85C80DDF860909DF8B9
:10A8000064A01593B1B106AD2846F1F785F831463D
:10A810002046CDE902A5CDE9008997E80C00FEF7B6
:10A82000DEFA284602F008FD20460CB0BDE8F047ED
:10A8300002B07047DDE91A23CDE9019ACDE904237E
:10A84000CDF80080314697E80C00FEF7AEFAEBE752
:10A85000284602F0F1FC02F0B4FF10B58AB00446BD
:10A86000002000931346C96803AA0990FDF7C6FBB0
:10A8700003A92046F1F750F804E003A8FDF739FBDF
:10A8800002F09FFF03A8FDF734FB20460AB010BD7D
:10A890002DE9F0419AB08C4606460AAD13AF259CCF
:10A8A0000DF1200885E80C00002320AACDE9063729
:10A8B00019930C930CAB0593239B04939DF888305C
:10A8C000039301AB92E8030083E803000B9B4FF076
:10A8D0000001404600930A9BDCF80820EEF7A2FE38
:10A8E0000C9B98E8030085E80300002B3BD1394618
:10A8F0000DA8F1F711F80D990FAB206899420E9A47
:10A9000019D10AB102F0B8FC0E9B002122686360E5
:10A91000D15400230D9A0DA80E93137002F08CFCF5
:10A9200095E8030086E803003846FDF7E2FA304672
:10A930001AB0BDE8F08104F1080C6045DDF83CC0B8
:10A9400005D1C4F808C0C4E900120D93E1E7D4F8BA
:10A9500008E0C4F808C0C4E900120028F5D00D9042
:10A96000CDF83CE0D5E7249A1360D9E73846FDF7E7
:10A97000C0FA02F026FF30B58DB0002504461198CC
:10A980000B9545680395006802901098CDE900305A
:10A990001346096905AA4FF00000FDF718FC05A948
:10A9A0002046F0F7B9FF04E005A8FDF7A2FA02F08F
:10A9B00008FF05A8FDF79DFA20460DB030BD82B016
:10A9C00037B506AD044685E80C000A9A0B6801927B
:10A9D000002200921D69DDE90623A847204603B046
:10A9E000BDE8304002B07047006A03F012BFF8B50E
:10A9F0000D464FF0FF3611464FF0FF370023069A01
:10AA00000446C0E90067C0E902331AB1012A14BF45
:10AA100002220122286AF7F7FBFC28B9286AF7F717
:10AA200019FDC317C4E900032046F8BD03460846D4
:10AA300001211B6A03F048BF38B50C46036A05467E
:10AA40000121204603F021FF0028CABF24184FF03F
:10AA5000FF3314F8013C6B6238BD08B50B46016A40
:10AA60005A1C04D01846BDE8084003F0FABE084658
:10AA700003F0CFFE003818BF0120404208BD10B5DA
:10AA80000446F0F759FF204602F02AFE204610BD8A
:10AA900010B50446006A03F0C1FE606210BD10B537
:10AAA0000446006A03F0BAFE216ABDE8104003F0D4
:10AAB0002ABF4A1C10B50446084602D1606A431CEE
:10AAC00002D0216A03F01FFF4FF0FF33636210BD15
:10AAD0000FB408B50298F0F78BFF10B50446F0F7F5
:10AAE000B7FF204602F0FCFD204610BD08B54369C3
:10AAF0001943F0F7B7FF08BD08B543690B4343613D
:10AB00000369194201D003F082F808BD38B5044644
:10AB100008460D46F1F7A2FB10B12846F1F71EFAE0
:10AB2000E0672846F1F784F910B12846F1F744F9B7
:10AB3000C4F880002846F1F75DF910B12846F1F716
:10AB40001DF9C4F8840038BD38B504460D4603F03D
:10AB5000A6FB04F16C012046FFF7D8FFA567B5FA04
:10AB600085F500236D092367A4F8743023616561BE
:10AB700038BD70B505460E46846904B970BDD4E988
:10AB800001322946304698472468F6E702F0BBFEBA
:10AB900002F0E2FEF8E7013101D002F012FEF5F713
:10ABA0009FFA38B50446806910B90023A36138BD07
:10ABB000C3685A1EC260002BF7D1056802F090FDF1
:10ABC0002846F1E710B50446F0F77EFF204602F074
:10ABD00087FD204610BD10B50446F0F791FF2046D2
:10ABE00002F07EFD204610BDD0F800C0ACF10C0C88
:10ABF000DCF800C06044EEE70A68026052F80C2CF2
:10AC0000496881500022426070478368587C7047D1
:10AC10008368987C70478368D86A7047836800208F
:10AC200082B01B6BDAB262F30700C3F3072262F350
:10AC30000F20C3F307421B0E62F3174063F31F603C
:10AC400002B070478368002082B05B6BDAB262F3B7
:10AC50000700C3F3072262F30F20C3F307421B0E62
:10AC600062F3174063F31F6002B070478368587C3B
:10AC700070478368987C70478368D86A7047836898
:10AC8000002082B01B6BDAB262F30700C3F3072225
:10AC900062F30F20C3F307421B0E62F3174063F306
:10ACA0001F6002B070478368002082B05B6BDAB22D
:10ACB00062F30700C3F3072262F30F20C3F30742D6
:10ACC0001B0E62F3174063F31F6002B07047836886
:10ACD00093F824007047836893F82500704700209C
:10ACE00070470020704770470020914200D37047A2
:10ACF00011F8013B03EB7060F7E710B50446F0F77D
:10AD000019FF204602F0ECFC204610BD10B50446A9
:10AD1000F0F71AFF204602F0E3FC204610BD10B504
:10AD20000446F0F71BFF204602F0DAFC204610BD77
:10AD300010B50446F0F71CFF204602F0D1FC204677
:10AD400010BD10B50446F0F71DFF204602F0C8FC08
:10AD5000204610BD10B50446F0F71EFF204602F055
:10AD6000BFFC204610BD10B50446F0F71FFF20467B
:10AD700002F0B6FC204610BD10B50446F0F720FFE7
:10AD8000204602F0ADFC204610BD10B50446F0F799
:10AD900025FF204602F0A4FC204610BD10B5044655
:10ADA000F0F72AFF204602F09BFC204610BDD0E9B8
:10ADB00002218A4202D201328260704703689B6A94
:10ADC00018470A2808D82F2918D93030C0B2814234
:10ADD00014D2A1F130007047A1F13003092BF8D94A
:10ADE000A1F16103052B02D8A1F157007047A1F131
:10ADF0004103052B02D8A1F1370070474FF0FF3017
:10AE0000704710B504460068FFF7D1FF4FF0FF33DD
:10AE1000636010BD70B5054616460C4649B108463C
:10AE2000E6F710F8211832462046F0F703FF2860B5
:10AE300070BD4FF0FF31F6E78B6813B5044601AAE9
:10AE4000D969FFF7E7FF204602B010BD8B6813B544
:10AE5000044601AA5969FFF7DDFF204602B010BD84
:10AE60008B6813B5044601AA9968FFF7D3FF204603
:10AE700002B010BD8B6813B5044601AA596AFFF7EA
:10AE8000C9FF204602B010BD8B6813B5044601AA65
:10AE9000D969FFF7BFFF204602B010BD8B6813B51C
:10AEA000044601AA5969FFF7B5FF204602B010BD5C
:10AEB0008B6813B5044601AA9968FFF7ABFF2046DB
:10AEC00002B010BD8B6813B5044601AA596AFFF79A
:10AED000A1FF204602B010BD8B6813B5044601AA3D
:10AEE000D969FFF797FF204602B010BD8B6813B5F4
:10AEF000044601AA5969FFF78DFF204602B010BD34
:10AF00008B6813B5044601AA9968FFF783FF2046B2
:10AF100002B010BD07B5006801A90C38EEF7B8FD06
:10AF200003B05DF804FB2DE9F0411F46037F0446A2
:10AF30000D46012B164607D1914213D03846521ABE
:10AF4000BDE8F04103F0EBBB0BB9FDF730FC236823
:10AF5000324629462046D3F81CE03B46F446BDE87D
:10AF6000F0416047BDE8F0812DE9F04385B01C4613
:10AF700080460846114603AAF0F75CFE01AA814606
:10AF800002900C992046F0F755FE59F80C7C0546C6
:10AF900050F80C6C4F44039006442A4649464046FC
:10AFA00003F06DF9044670B94846E5F74BFF81445C
:10AFB0002846E5F747FF4F4505EB00040DD1341B4C
:10AFC00018BF4FF0FF3403A8FFF7A4FF02A8FFF754
:10AFD000A1FF204605B0BDE8F083A64203D009F1E9
:10AFE0000109651CD9E70124EDE702A8FFF792FFEC
:10AFF00002F0E7FBF0B589B004460D4606AE86E8E0
:10B000000C00139A0B680592129A0492119A0392FB
:10B010009DF8402002920EAA92E803008DE80300FA
:10B0200020469F68294696E80C00B847204609B09C
:10B03000F0BDF0B589B004460D4606AE86E80C00BA
:10B04000139A0B680592129A0492119A03929DF832
:10B05000402002920EAA92E803008DE803002046E9
:10B06000DF68294696E80C00B847204609B0F0BDD5
:10B0700070B588B00E68054606AC84E80C00DDE9C2
:10B080001023CDE904239DF8383002930D9B0193E2
:10B090009DF830300093B66894E80C00B04728461D
:10B0A00008B070BD70B586B0054604AC84E80C00ED
:10B0B0000D9A0B6803929DF8302002920B9A019230
:10B0C0009DF828200092DE6894E80C00B0472846DE
:10B0D00006B070BD03689B6818470368DB681847B3
:10B0E0000B6810B504461B699847204610BD0B68D5
:10B0F00010B504465B699847204610BD0B6810B533
:10B1000004469B699847204610BD0B6810B504465D
:10B11000DB699847204610BD03681B6A184703681F
:10B1200082B05B6A02B01847036882B09B6A02B0C3
:10B13000184703689B6818470368DB6818470B6863
:10B1400010B504461B699847204610BD0B6810B522
:10B1500004465B699847204610BD0B6810B504464D
:10B160009B699847204610BD0B6810B50446DB6903
:10B170009847204610BD03681B6A1847036882B0D1
:10B180005B6A02B01847036882B09B6A02B0184736
:10B1900003689B6818470368DB6818470B6810B59D
:10B1A00004461B699847204610BD0B6810B504463D
:10B1B0005B699847204610BD0B6810B504469B6933
:10B1C0009847204610BD83689A680A60DB684B6028
:10B1D000704783681A690A605B694B6070478368CF
:10B1E0009A690A60DB694B60704783681A6A0A6073
:10B1F0005B6A4B6070478368DA6A0A601A6B4A6060
:10B200005A6B8A609A6BCA60DA6B0A611A6C4A617F
:10B210005B6C8B61704783689A6C0A60DA6C4A6079
:10B220001A6D8A605A6DCA609A6D0A61DA6D4A6158
:10B230001B6E8B61704783685A6E0A609A6E4A6013
:10B24000DA6E8A601A6FCA605A6F0A619A6F4A6131
:10B25000DA6F8A61D3F88020CA61D3F884200A6249
:10B26000D3F888204A62D3F88C208A62D3F89030D1
:10B27000CB6270478368D3F894200A60D3F8982093
:10B280004A60D3F89C208A60D3F8A020CA60D3F823
:10B29000A4200A61D3F8A8204A61D3F8AC208A61BF
:10B2A000D3F8B020CA61D3F8B4200A62D3F8B8202A
:10B2B0004A62D3F8BC208A62D3F8C030CB627047B0
:10B2C00003689B681847F0B589B004460D4606AE82
:10B2D00086E80C00129A0B680492119A0392109A55
:10B2E00002920EAA92E803008DE803002046DF6870
:10B2F000294696E80C00B847204609B0F0BDF0B5E5
:10B3000089B004460D4606AE86E80C00129A0B681A
:10B310000492119A0392109A02920EAA92E80300E4
:10B320008DE8030020461F69294696E80C00B847BF
:10B33000204609B0F0BDF0B589B004460D4606AE12
:10B3400086E80C00129A0B680492119A0392109AE4
:10B3500002920EAA92E803008DE8030020465F697E
:10B36000294696E80C00B847204609B0F0BDF0B574
:10B3700089B004460D4606AE86E80C00129A0B68AA
:10B380000492119A0392109A02920EAA92E8030074
:10B390008DE8030020469F69294696E80C00B847CF
:10B3A000204609B0F0BDF0B589B004460D4606AEA2
:10B3B00086E80C00129A0B680492119A0392109A74
:10B3C00002920EAA92E803008DE803002046DF698E
:10B3D000294696E80C00B847204609B0F0BD03683E
:10B3E0009B68184773B5079E04460D680196069E34
:10B3F0000096ED68A847204602B070BD03681B693F
:10B40000184710B40468A468A44610BC604738B557
:10B410000D680446ED68A847204638BD2DE9F04385
:10B42000002503F1FF3EDDE907642F4612F807C04F
:10B43000A4EB0608D319E04509DC471EA64212D149
:10B440004044013D14D2934221D1BDE8F0834FFA2C
:10B450008CF9B9F1000FF0DDBE45A4EB0C048CBFF4
:10B4600001370135E2E716F801CB07F801CFE5E730
:10B47000017007461E7804EB060C644502D10136C4
:10B480003044DEE714F801EB07F801EFF5E701704F
:10B49000064613F8015D6719BC4202D10135284404
:10B4A000D1E714F801CB06F801CFF5E7F7B5DDE9F0
:10B4B000087408461946DDE90A36BFB1FD1A03EBE8
:10B4C000050CCDE9003C134602462046FFF7A6FFD7
:10B4D000041B47B13268521B02D0394603F01FF9F2
:10B4E00033685B1B1C44346003B0F0BD3568E6E78D
:10B4F00073B5099C0E4619462368DDE907500344DD
:10B50000CDE90003134628463246FFF787FF401B6C
:10B51000206002B070BD2DE9F0471D46C368894622
:10B52000144603F0B003DDE90867202BA6EB0706FD
:10B53000BA460ED127B13A462946204603F0EFF825
:10B54000002E5AD032464946E019BDE8F04703F0D4
:10B550000DB9102B0ED04FF00008002E45D1B7EBDF
:10B56000080A4AD0524605EB0801A019BDE8F04789
:10B5700003F0D5B86C30F0F7F1FC2D218046FDF7D3
:10B58000B5FB2B78834205D12B784FF0010804F8E6
:10B59000013BE2E72B214046FDF7A8FB2B788342D5
:10B5A000F2D030214046FDF7A1FB2B788342D2D167
:10B5B000012FD0DD78214046FDF798FB6B78834260
:10B5C00009D12B7802344FF0020804F8023C6B7862
:10B5D00004F8013CC1E758214046FDF787FB6B7832
:10B5E0008342EED03EB14FF0000832464946204635
:10B5F00003F0BCF8B3E7B046B4E7BDE8F08737B571
:10B60000089D184614462B68CDE90023DDE9062382
:10B61000FFF781FF2C6003B030BD70B59DF810407E
:10B620007CB103460A26B1FBF6F506FB151414445B
:10B63000247903F8014D0C462946092CF3D8C01A89
:10B6400070BD03F04A04402C09D1034601F0070401
:10B65000C9081444247903F8014DF7D1EFE713F436
:10B66000804F03460CBF04241424224401F00F042D
:10B670000909145D03F8014DF8D1E0E72DE9F04127
:10B6800014469DF820201D460746DDE90683AAB131
:10B690000646204629460A220023E4F759FE424482
:10B6A0001379224604460A2A06F8013D2B460D4628
:10B6B00073F10003EDD2B81BBDE8F08103F04A023C
:10B6C000402A0ED1064604F00703E408434444EA46
:10B6D0004574ED081B7906F8013D54EA0503F2D1E3
:10B6E000E9E713F4804F06460CBF04231423984463
:10B6F00004F00F03240918F8033044EA05742D09F7
:10B7000006F8013D54EA0503F2D1D4E738B50B68D9
:10B7100004460D4653F80C0C206002F0BCFA0023DE
:10B720000146606022682846EEF746F9204638BD9B
:10B7300010B50446406808B101F0D6FF204610BDA0
:10B7400038B50B6804460D4653F80C0C206002F027
:10B75000A2FA00230146606022682846EEF72CF921
:10B76000204638BD10B50446406808B101F0BCFF62
:10B77000204610BD2DE9F04F8DB004AFBE6CD7F858
:10B780005080C7E9021007F1100106F16C0081E852
:10B790000C00F0F7D9FCF56800F1260386B005F03F
:10B7A0004A0A04460DF1100B4146BAF1400F7B6086
:10B7B0000AD0BAF1080F07D0B8F1000F01DCC8F1C8
:10B7C00000014FF0010901E04FF000092B4604F1A0
:10B7D00026020BF11400CDF80090FFF71EFF227C2B
:10B7E000C0F11403F8615B44B2B1400094F8252025
:10B7F00007F11C01093020F00700ADEB000D0DF141
:10B80000120BCDE90231CDE9006B1346B868D4E9DB
:10B810000212FFF76DFE5B46FA69B9F1000F32D0F4
:10B82000B8F1000F2CDB280506D594F8271001325B
:10B8300003F8011C013BFA61B268F969914211DA1F
:10B84000D11D21F00701ADEB010D07F11C0104AC86
:10B850000094CDE90131334697F84C10B868FFF7F2
:10B86000CEFE23460022B260FA690092F868D7E95A
:10B870000412FDF7F3FBF8682437BD46BDE8F08FEE
:10B8800094F82610D3E7A905D6D5B8F1000FD3D088
:10B89000BAF1400F02D194F82A10C8E7C5F38035F9
:10B8A00004F126010232023B29448978FA61597079
:10B8B00094F82A101970BFE730B587B0054604AC7C
:10B8C00084E80C000C9B02939DF82C3001930A9B9A
:10B8D000009394E80C00FFF74DFF284607B030BDF9
:10B8E0002DE9F04F8DB004AF07F11005D7F848905F
:10B8F00097F8506007F11804B86085E80C00D9F893
:10B900000C2097F84C3012F0010FFA6016D1CDF8E8
:10B9100000902046CDE9013695E80C00FFF72AFF9C
:10B92000BB6894E8030038613975243795E8030053
:10B9300083E803001846BD46BDE8F08F09F16C00AE
:10B940007B60F0F701FC7B687EB3D0E905A8D9F8ED
:10B950000860B0453BDAA6EB08061946F21D22F056
:10B960000702ADEB020D32460DF1100B584602F006
:10B97000FDFE0023C9F80830FB6803F0B003202B5C
:10B9800016D153462046CDF8008095E80600FDF715
:10B9900065FB5B4694E803003861397500962046E4
:10B9A00095E80600FDF75AFBBAE7D0E907A8CEE70D
:10B9B000204600965B4695E80600FDF74FFB94E8AD
:10B9C0000300386139755346CDF80080E7E700235E
:10B9D000C9F80830F7E72DE9F04F8BB004AF3D6CA4
:10B9E000C7E9001007F1080105F16C0081E80C00BF
:10B9F000F0F7AAFBEE6886B0044606F04A0900F1AB
:10BA000026080DF1100BB9F1400F5FD0B9F1080A0B
:10BA100018BF4FF0010ACDF800A033464246B96C7A
:10BA20000BF11400FFF7F9FD227CC0F114037861DB
:10BA30005B44B2B1400094F8252007F114010930AD
:10BA400020F00700ADEB000D0DF1120BCDE9023136
:10BA5000CDE9005B13463868D4E90212FFF748FDD0
:10BA60005B46BAF1000F0DD1B2050BD5BA6C4AB1E5
:10BA7000B9F1400F7A692CD194F82A100132013BB8
:10BA800019707A61AA687969914211DAD11D21F0A1
:10BA90000701ADEB010D07F1140104AC0094CDE9F1
:10BAA00001312B4697F844103868FFF7A8FD23466C
:10BAB0000022AA607A6900927868D7E90212FDF73D
:10BAC000CDFA78681C37BD46BDE8F08F4FF0000A0C
:10BAD000A1E7C6F380360232023B08EB0601897803
:10BAE0007A61597094F82A101970CBE730B587B095
:10BAF000054604AC84E80C000C9B02939DF82C30A6
:10BB000001930A9B009394E80C00FFF764FF28461A
:10BB100007B030BD2DE9F04188B005460E9E04AC5B
:10BB200006AFD6F80C80384684E80C0028F4804331
:10BB300023F04A0343F40273F360109B02939DF8D1
:10BB40003C30CDE9006394E80C00FFF744FFC6F8F1
:10BB50000C8097E8030004908DF8141094E803001B
:10BB600085E80300284608B0BDE8F0812DE9F04FD4
:10BB70008DB004AFBE6CC7E9021007F1100106F1E9
:10BB80006C0081E80C00D7E91498F0F7DDFAF5684D
:10BB90008AB0044605F04A0105F04A030DF1100B86
:10BBA0004A4640297B6043460DD008290BD0B9F1A5
:10BBB000010F78F1000103DAD9F1000268EB4803C4
:10BBC0004FF0010A01E04FF0000A04F126010BF1E9
:10BBD0002800CDE9015A0091FFF750FD227CC0F109
:10BBE0002803F8615B44B2B1400094F8252007F1C6
:10BBF0001C01093020F00700ADEB000D0DF1120B18
:10BC0000CDE90231CDE9006B1346B868D4E90212E0
:10BC1000FFF76EFC5B46FA69BAF1000F32D0B8F15B
:10BC2000000F2CDB280506D594F82710013203F805
:10BC3000011C013BFA61B268F969914211DAD11D28
:10BC400021F00701ADEB010D07F11C0104AC0094DC
:10BC5000CDE90131334697F84C10B868FFF7CFFCB7
:10BC600023460022B260FA690092F868D7E904120C
:10BC7000FDF7F4F9F8682437BD46BDE8F08F94F875
:10BC80002610D3E7A905D6D559EA0808D3D005F080
:10BC90004A01402902D194F82A10C7E7C5F380353C
:10BCA00004F126010232023B29448978FA61597075
:10BCB00094F82A101970BEE730B587B0054604AC79
:10BCC00084E80C00DDE90C23CDE902239DF82C303B
:10BCD00001930A9B009394E80C00FFF747FF284666
:10BCE00007B030BD2DE9F04F8DB004AFC7E90210A9
:10BCF00007F11001BD6C81E80C003B6D05F16C0093
:10BD00007B607B6D3B60F0F71FFAEE688AB00446FB
:10BD100000F1260806F04A090DF1100BB9F1400FA9
:10BD200062D0B9F1080A18BF4FF0010ACDF80080BF
:10BD30000BF12800CDE9016AD7E90032FFF79EFC3C
:10BD4000227CC0F12803F8615B44B2B1400094F852
:10BD5000252007F11C01093020F00700ADEB000D94
:10BD60000DF1120BCDE90231CDE9005B1346B86845
:10BD7000D4E90212FFF7BCFB5B46BAF1000F0FD10A
:10BD8000B2050DD5D7E900120A4309D0B9F1400F29
:10BD9000FA692CD194F82A100132013B1970FA612A
:10BDA000AA68F969914211DAD11D21F00701ADEBC2
:10BDB000010D07F11C0104AC0094CDE901312B46C3
:10BDC00097F84C10B868FFF71AFC23460022AA60C7
:10BDD000FA690092F868D7E90412FDF73FF9F868AC
:10BDE0002437BD46BDE8F08F4FF0000A9EE7C6F34A
:10BDF00080360232023B08EB06018978FA615970FD
:10BE000094F82A101970CBE730B587B0054604AC1A
:10BE100084E80C00DDE90C23CDE902239DF82C30E9
:10BE200001930A9B009394E80C00FFF75BFF284600
:10BE300007B030BD2DE9F04F8FB08A46814604AF80
:10BE40003E6D07F1080106F16C0B584681E80C00C5
:10BE5000F0F77AF9D6F80480054697F85820B8F13B
:10BE6000000F07F118013046B8BF4FF0060802F086
:10BE700040FAF3688CB003F4827304ACB3F5827FAC
:10BE80007CD0ECF765FA2146786107F11400D7E918
:10BE90001823CDF80080CDE9022307F118032D22E5
:10BEA000EEF76EF82C28386119DD421C083020F0BE
:10BEB00007007A60ADEB000DECF74AFA786104AC4C
:10BEC00007F11400D7E91823CDF800802146CDE909
:10BED00002237A6807F11803EEF752F838615846E2
:10BEE000F0F73CF83A692146D31D224423F00703BA
:10BEF000ADEB030D0DF117084FEAD80B28F007083A
:10BF00004346FFF710F82E23396907F11402204643
:10BF10003B757960FCF7A9FA7968002858D0031BB3
:10BF200095F8242008EB030003F83B202B7C002B22
:10BF30005CD1B2683B69934211DAD31D504623F0BD
:10BF40000703ADEB030D07F1100304ACCDE901834A
:10BF5000A0460094334697F85410FFF750FB002397
:10BF60004846B3603B6900934346D7E90212FDF7A8
:10BF700075F848462C37BD46BDE8F08FECF7E8F978
:10BF80002146786107F11400D7E91823CDE9002391
:10BF900007F118032D22EDF7F3FF2C2838619EDD01
:10BFA00000F10108083020F00700ADEB000DECF7C0
:10BFB000CFF9786104AC07F11400D7E918232146C2
:10BFC000CDE9002307F118034246EDF7D9FF85E7D5
:10BFD0002B7C002BADD0022908DD6278392AA8D845
:10BFE000A378303B092BA4D82F2AA2D94B000733C2
:10BFF00023F00703ADEB030D23782D2B0DF1100B70
:10C0000001D02B2B1CD198F80030013901248BF87A
:10C010000030396107F1100295F82530039208EBE2
:10C020000402D84602920BEB0402CDE9000250460E
:10C03000D5E90212FFF73AFA3B6923443B6178E7FE
:10C040000024E7E730B589B0054606AC84E80C006B
:10C05000DDE90E23CDE90423002302939DF834305B
:10C0600001930C9B009394E80C00FFF7E3FE284635
:10C0700009B030BD2DE9F04F8FB08A46814604AF3C
:10C080003E6D07F1080106F16C0B584681E80C0083
:10C09000F0F75AF8D6F80480054697F85820B8F11A
:10C0A000000F07F118013046B8BF4FF0060802F044
:10C0B00020F9F3688CB003F4827304ACB3F5827F8B
:10C0C0007CD0ECF745F92146786107F11400D7E9F7
:10C0D0001823CDF80080CDE9022307F118032D22A3
:10C0E000EDF74EFF2C28386119DD421C083020F096
:10C0F00007007A60ADEB000DECF72AF9786104AC2B
:10C1000007F11400D7E91823CDF800802146CDE9C6
:10C1100002237A6807F11803EDF732FF38615846B9
:10C12000EFF71CFF3A692146D31D224423F0070391
:10C13000ADEB030D0DF117084FEAD80B28F00708F7
:10C140004346FEF7F0FE2E23396907F1140220461C
:10C150003B757960FCF789F97968002858D0031B92
:10C1600095F8242008EB030003F83B202B7C002BE0
:10C170005CD1B2683B69934211DAD31D504623F07B
:10C180000703ADEB030D07F1100304ACCDE9018308
:10C19000A0460094334697F85410FFF730FA002376
:10C1A0004846B3603B6900934346D7E90212FCF767
:10C1B00055FF48462C37BD46BDE8F08FECF7C8F870
:10C1C0002146786107F11400D7E91823CDE900234F
:10C1D00007F118032D22EDF7D3FE2C2838619EDDE0
:10C1E00000F10108083020F00700ADEB000DECF77E
:10C1F000AFF8786104AC07F11400D7E918232146A1
:10C20000CDE9002307F118034246EDF7B9FE85E7B3
:10C210002B7C002BADD0022908DD6278392AA8D802
:10C22000A378303B092BA4D82F2AA2D94B0007337F
:10C2300023F00703ADEB030D23782D2B0DF1100B2D
:10C2400001D02B2B1CD198F80030013901248BF838
:10C250000030396107F1100295F82530039208EBA0
:10C260000402D84602920BEB0402CDE900025046CC
:10C27000D5E90212FFF71AF93B6923443B6178E7DD
:10C280000024E7E730B589B0054606AC84E80C0029
:10C29000DDE90E23CDE904234C2302939DF83430CD
:10C2A00001930C9B009394E80C00FFF7E3FE2846F3
:10C2B00009B030BDF0B587B0054604AC0F9E9DF8BF
:10C2C000307084E80C000D9B9DF838200093CDE978
:10C2D000012694E80C0027B1F0F776F9284607B05C
:10C2E000F0BDF0F7A9FAF9E72DE9F043A7B004464D
:10C2F0002E9E02AD9DF8C4906C369DF8C8703046F5
:10C3000085E80C00EFF72AFE80463046EFF788FFFD
:10C31000252106464046FCF7E9FC8DF81400CFB90C
:10C320008DF815908DF81670309B06A98022304646
:10C33000009305AB02F0B7F806A8E4F783FD06AB5F
:10C340000090204695E80600FCF788FE204627B0BE
:10C35000BDE8F08300238DF815708DF816908DF8E8
:10C360001730E1E72DE9F74F05466C464FF000091D
:10C37000DDF840A04FF00A0B4E46DDE9120784E8D5
:10C380000C006C30EFF7EAFD80460CA92046FDF763
:10C390000EF970B1119B9E420BD02046FDF7E6F8D6
:10C3A0002A22C1B24046FCF7B2FC3038C2B2092A98
:10C3B00010D9C6B10F9A914515DBD14513DC0E9A01
:10C3C000C2F8009094E8030085E80300284603B013
:10C3D000BDE8F08F0BFB0909D145EADC20460136A8
:10C3E000FEF70FFDD1E73B6843F004033B60E9E74C
:10C3F0002DE9F04F8DB000AFF86107F12004F86E21
:10C400006C3084E80C00EFF7A9FD6B46BA6E054668
:10C4100007F158012046A3EBC2039D46DB08E8461E
:10C42000BB61FDF7C4F8002800F07281BB6E2046A6
:10C430004FF0000B9B007B61BB6E08EB8309FDF79F
:10C4400095F8C4B228462146FCF74DFC2146064625
:10C450002846FCF745FC5C468246BB6E9B450BD1EB
:10C460000026012C2BD8012C40F0528107F120002E
:10C470000136FEF7C6FCE2E07B6E284653F82B300F
:10C480001978FCF730FC86420FD1A3003B617B6E2C
:10C4900053F82B00E4F7D6FC3B6949F8240001343B
:10C4A00048F803B00BF1010BD7E77B6E284653F831
:10C4B0002B301978FCF714FC8245F3D1E5E7CB4625
:10C4C00009EB84005BF8043BFB625B461A46F96AA1
:10C4D0000433D2F800C08C4507F12C0128BF0A466E
:10C4E0009842D2F800A0C7F82CA0EFD1013607F18E
:10C4F0002000FEF786FCB24547D107F1580107F14D
:10C500002000FDF754F8824600B307F12000FDF744
:10C510002DF8C1B22846FCF7E6FB386107F1200090
:10C52000FDF724F8C1B22846FCF7DAFB0023F860D7
:10C53000796E58F8232051F8222059F82310B1427F
:10C540005AD801339C42F3D14FF0000A002359F826
:10C550002320911B4A424A41524509BF04F1FF344E
:10C56000013358F8242048F8232004BF59F8242028
:10C5700049F823209C42EAD8BAF1000F5BD0D9F8E1
:10C58000003001218C42FB6249D8FB6AB3427FF63E
:10C590006AAF07F1580107F12000FDF708F80028FD
:10C5A0003FF461AF07F120004FF0000AFCF7DEFF17
:10C5B000C1B22846FCF797FB386107F12000FCF771
:10C5C000D5FFC1B22846FCF78BFBF86054457FF6D7
:10C5D00048AF7B6E284658F82A204FEA8A0B53F85A
:10C5E0002220915DBA60FCF77EFB3B69BA6883420A
:10C5F0006DD10AF1010AE9E7915D28467B60BA60D6
:10C60000FCF771FB3B698342A0D0BA682846915D74
:10C61000FCF766FBFB6883427B6892D196E75A463B
:10C6200001310BF1040B1068834207F12C0398BF12
:10C630001A461368A6E7022C2CD0012C68D1D8F832
:10C640000040D7E9053253F832807B6E53F824302E
:10C6500003EB0609464562D207F1580107F12000B5
:10C66000FCF7A5FF002853D019F8011B2846FCF75A
:10C670003AFB824607F12000FCF778FFC1B228465A
:10C68000FCF731FB824533D107F120000136FEF77C
:10C69000B8FBDFE7BB6EDB073AD4D8F80030B86EE2
:10C6A000BA6EB3EB500F4FEA5201D8F8042002D211
:10C6B0000B449342C2E75B1A934229D1C8F8003079
:10C6C000D9F80430D7E9052142F83130B7E7915D58
:10C6D0002846FCF705FBFB6883428AD0013C58F8EA
:10C6E000242048F80B2059F8242049F80B206DE746
:10C6F00019F8011C2846FCF7F3FA824607F12000DE
:10C70000FCF734FFC1B22846FCF7EAFA8245BBD0F9
:10C710003B6F3A6F1B6843F00403136002E0F7D1EC
:10C720003B6E1C60FB69D7E90801343783E80300DE
:10C730001846BD46BDE8F08F2DE9F04F87B0814621
:10C7400000AF786D07F110066C30D7E913AB86E8BF
:10C750000C00EFF703FC6B46F86007F14001A3EB18
:10C76000CB0330469D46E846FCF721FF002800F049
:10C77000838000243046FCF7F9FE2546C3B24FEA19
:10C780004B02A24237D1002D76D030460024FEF76E
:10C7900038FBAB00073323F00703ADEB030D6E4608
:10C7A00058F824305AF82300E4F74CFB46F82400EC
:10C7B0000134A542F4D1012507F1400107F1100031
:10C7C000FCF7F5FE58BB012C5AD13368AB425ED161
:10C7D000D8F80030BA6C5B45A8BFA3EB0B0313601D
:10C7E00007F118031C3713E9030089E803004846E2
:10C7F000BD46BDE8F08F5AF824100978994204D15B
:10C8000048F8254001350134BBE7F868C7E9013233
:10C81000FCF766FA7B68BA689842F4D1F0E707F152
:10C820001000FCF7A3FE0023C0B219469C4207D8B3
:10C830008C42C8D007F110000135FEF7E2FABBE7E1
:10C8400056F823204FEA830E06EB830CAA4202D847
:10C8500001310133EAE758F823205AF82220525DCB
:10C860008242F6D0013C58F8242048F80E2056F8B1
:10C870002420CCF80020D9E70024254626469BE753
:10C88000022C04D13368AB42A2D073689EE7BB6D23
:10C89000BA6D1B6843F00403A1E770B588B0044685
:10C8A0000E4606AD85E80C00109B04930F9B039386
:10C8B0000E9B02930CAB93E803008DE80300204627
:10C8C000314695E80C00F1F7D7F9204608B070BD65
:10C8D0002DE9F04F91B00D460CAF0690DDF8789041
:10C8E000DDE91C0B87E80C00C368DB0739D44FF087
:10C8F000FF3302900AAC0F930FABCDE903B31AAB31
:10C9000093E803008DE803002946204697E80C00D1
:10C91000F1F7B2F90F9B94E80300012B87E80300BD
:10C920000CD803F0010389F80030069B97E8030058
:10C9300083E80300184611B0BDE8F08F01231AA95F
:10C94000384689F800300423CBF80030FCF71DFE90
:10C950000028EAD0DBF8003043F00203CBF80030C7
:10C96000E3E76C304FF0010AEFF7EEFB056A8469EC
:10C970000646B5FA85F55346B4FA84F452466D0975
:10C9800064090AF1FF38BDB1B4B10021002A00F0FA
:10C990009B80326A424540F09780B8F1000F00F06A
:10C9A0009F80002289F8002013B1B36943456AD003
:10C9B0004900CBF80010B8E71AA93846CDE907239B
:10C9C000FCF7E3FD0146DDE907230028DED10990ED
:10C9D0003846FCF7CBFDC0B2DDE9083175B1079AE6
:10C9E0008AB1002C37D0002B3AD03846FEF709FA2E
:10C9F000356A55458CBF002501252AE0F26912F8F9
:10CA00000820824209D0002C33D01BB1B36998456D
:10CA10005ED0002389F8003035E06CB1002BE4D102
:10CA200038460793FEF7EDF9356A2146079BAA457C
:10CA300034BF002501253EE0736913F808309342A6
:10CA40002ED13846FEF7DDF9356AAA4534BF0025F8
:10CA5000012501241DE0736913F808308342F0D0EA
:10CA6000336A98453CD1B8F1000F29D189F800808C
:10CA700009E0736913F80830834206D0002D08BF1F
:10CA80002C4689F80040042368E701253846FEF764
:10CA9000B8F9B169012351458CBF002101210AE099
:10CAA0003846FEF7AEF9356A23460124AA452146E9
:10CAB00034BF0025012522460AF1010A0C4660E731
:10CAC000002389F8003073E753B1B369434507D1B8
:10CAD000B8F1000F04D00123994089F8003068E7CD
:10CAE000002389F800300029CDD0062336E770B541
:10CAF00088B004460E4606AD85E80C00109B0493F2
:10CB00000F9B03930E9B02930CAB93E803008DE8FD
:10CB100003002046314695E80C00F1F773FA2046F1
:10CB200008B070BD70B588B004460E4606AD85E805
:10CB30000C00109B04930F9B03930E9B02930CAB72
:10CB400093E803008DE803002046314695E80C0089
:10CB5000F1F71CFC204608B070BD70B588B00446E3
:10CB60000E4606AD85E80C00109B04930F9B0393C3
:10CB70000E9B02930CAB93E803008DE80300204664
:10CB8000314695E80C00F1F7B3FD204608B070BDC2
:10CB90002DE9F0418CB005468C46149E08AC06AFDA
:10CBA000D6F80C8084E80C0028F04A0343F0080310
:10CBB000F3600BAB0493159BCDE9026312AB93E8D2
:10CBC00003008DE803006146384694E80C00F1F755
:10CBD0008FFD169B0B9A97E80300C6F80C801A602D
:10CBE00084E8030085E8030028460CB0BDE8F08126
:10CBF00070B588B004460E4606AD85E80C00109B63
:10CC000004930F9B03930E9B02930CAB93E80300DA
:10CC10008DE803002046314695E80C00F1F71AFF35
:10CC2000204608B070BD70B588B004460E4606AD0B
:10CC300085E80C00109B04930F9B03930E9B0293BB
:10CC40000CAB93E803008DE803002046314695E8DD
:10CC50000C00F2F7F9F8204608B070BD2DE9F04F4E
:10CC60008FB04FF0000A064688460AACCDF834A0D3
:10CC700008ADDDE91AB784E80C000BF16C00EFF7A2
:10CC80006DF90DAB0222CDF80CA08146CDE906B3BB
:10CC90006323CDE904320CAB029318AB93E8030095
:10CCA0008DE803004146284694E80C00FFF75AFB44
:10CCB0000D9B95E8030084E80300002B51D118A9CF
:10CCC0002046FCF774FC002846D02046FCF74EFCBA
:10CCD0002A22C1B24846FCF71AF8A0F13005EBB29F
:10CCE000092B39D820464FF00A08FEF78AF80C9B2A
:10CCF00018A9204608FB03550C95FCF758FC98B181
:10CD00002046FCF733FC2A22C1B24846FBF7FFFF5E
:10CD1000A0F13005EBB2092B06D82046FEF771F8DA
:10CD20000C9B08FB03550C950C9BA3F26C730C93A6
:10CD30001C9B0C9A5A6118A92046FCF726FC18B1D6
:10CD40003B6843F002033B6094E8030086E803007D
:10CD500030460FB0BDE8F08F0C9B442BE8DC643309
:10CD6000E5E73B6843F004033B60E4E72DE9F04767
:10CD70009CB0054688460AAC0DF1380ADDE92696D6
:10CD800084E80C0009F16C00EFF74AFA07465146B7
:10CD9000FEF741FA384615A908AFFEF72CFA002332
:10CDA0000D930DABCDE905930723CDE903A30CABA0
:10CDB000029324AB93E803008DE803004146384614
:10CDC00094E80C00FFF7B8FC0D9B97E8030084E89B
:10CDD00003009BB9289B0C9A9A6124A92046FCF772
:10CDE000D4FB18B1336843F00203336094E80300C6
:10CDF00085E8030028461CB0BDE8F087336843F09F
:10CE000004033360E9E72DE9F047A6B005468846FC
:10CE10000AAC0DF1380ADDE9309684E80C0009F11E
:10CE20006C00EFF7FDF907465146FEF723FA384646
:10CE30001AA908AFFEF7FFF900230D930DABCDE95A
:10CE400005930C23CDE903A30CAB02932EAB93E81F
:10CE500003008DE803004146384694E80C00FFF7D4
:10CE60006BFC0D9B97E8030084E803009BB9329BA1
:10CE70000C9A1A612EA92046FCF787FB18B133687B
:10CE800043F00203336094E8030085E8030028467A
:10CE900026B0BDE8F087336843F004033360E9E768
:10CEA0002DE9F04F93B0054689460AACDDF880A025
:10CEB0000FAE0DF12008DDE91EB784E80C000BF180
:10CEC0006C00EFF7ADF90DA9FEF783F90023069684
:10CED0001193CDE90F330D9BCDE904A31CABCDE934
:10CEE00002B793E803008DE803004946404694E802
:10CEF0000C00EFF76DFE98E8030084E8030051464C
:10CF00003046F3F70FFD1CA92046FCF73EFB18B195
:10CF10003B6843F002033B6094E8030085E80300AC
:10CF2000284613B0BDE8F08F2DE9F04F93B00546C9
:10CF300089460AACDDF880A00FAE0DF12008DDE9CE
:10CF40001EB784E80C000BF16C00EFF769F90DA92E
:10CF5000FEF739F9002306961193CDE90F330D9BA7
:10CF6000CDE904A31CABCDE902B793E803008DE83B
:10CF700003004946404694E80C00EFF729FE98E884
:10CF8000030084E8030051463046F3F7CBFC1CA9AC
:10CF90002046FCF7FAFA18B13B6843F002033B6005
:10CFA00094E8030085E80300284613B0BDE8F08F3D
:10CFB00010B50446F2F74CFE204600F091FB2046E7
:10CFC00010BDD0F800C0ACF10C0CDCF800C060441F
:10CFD000EEE70A68026052F80C2C496881507047ED
:10CFE00038B5456804462B6853F80C3C1D44EB6883
:10CFF0009B0410D500F0D4FC68B9A86F58B100F0BC
:10D0000008F9013007D1636801211A6852F80C0C45
:10D010001844FDF76BFD204638BD036853F80C3CFF
:10D0200003449B6F37B504464BB10146684600F098
:10D030003FF89DF800302BB96846FFF7D1FF204636
:10D0400003B030BD236853F80C3C2344986F00F0C4
:10D05000E0F80130F0D12368012153F80C0C204492
:10D06000FDF744FDE8E701290D4611D100F04BFC26
:10D070002368294653F80C0C2044FDF73DFD00F0D1
:10D08000C6FD00F069FC6846FFF7AAFF00F099FBB7
:10D0900000F039FC2368012153F80C0C2044FDF703
:10D0A0002BFD00F059FCC7E700F056FCEBE7EAE780
:10D0B00038B50023054641600C4603700B6853F8F1
:10D0C0000C3C0B44186F18B15B690BB9FFF7A5FF57
:10D0D000236853F80C0C204443691BB901232B70BF
:10D0E000284638BDDB07FBD50421FDF7FFFCF7E739
:10D0F0007047704730B500224FF0FF344FF0FF35D6
:10D10000C0E90222C0E9004530BD82B08DE80C00C4
:10D110004FF0FF334FF0FF3202B0C0E9002300238D
:10D12000C0E90233704700207047002070474FF07D
:10D13000FF307047036810B55B6A04469847431C8C
:10D140001EBFA36813F8010BA36010BD4FF0FF30A2
:10D1500070474FF0FF30704710B50446F2F790FD6E
:10D16000204600F0BDFA204610BD2DE9F8430646E2
:10D170000F4690460025454502DB2846BDE8F8836A
:10D18000D6E90504241A10D0A8EB05093946A145B3
:10D19000B4BF4C46A14622464D4401F0C0FA736923
:10D1A000A845274423447361E5DD33683046397868
:10D1B0005B6B98470130E0D001350137DBE72DE9A3
:10D1C000F84307460C4690460026464502DB3046AB
:10D1D000BDE8F883D7E902156D1A10D0A8EB06094F
:10D1E0002046A945B4BF4D46A9462A464E4401F003
:10D1F00096FABB68B0452C442B44BB60E5DD3B6828
:10D2000038469B6A9847431CE1D0013604F8010B6D
:10D21000DBE703689B691847D0E902218A4202D301
:10D2200003685B6A18471078704703681B6B1847E0
:10D230000AB101F074BA7047034653F8080B9842DC
:10D2400001D000F04DBA704701F1804140680139CA
:10D25000091A914208B502D21846EEF7B1FB08BD93
:10D2600003688B4206D842681344994294BF002059
:10D270000120704701207047012A10B403D10A78B9
:10D2800010BC0270704710BCFFF7D2BF012A30B447
:10D2900003D10B78037030BC7047002AFBD030BC40
:10D2A00001F04ABA0B461146012B10B4044602D1D4
:10D2B000227010BC7047002BFBD01A4610BC01F046
:10D2C00055BA0F2937B504461546019106D90022F3
:10D2D00001A9F2F7E1FC019B2060A360019919B15B
:10D2E0002A462068FFF7DEFF019B00212268636069
:10D2F000D15403B030BD521A08B5FFF7BDFF08BDC9
:10D30000521A08B5FFF7B8FF08BD2DE9F3470A9E8A
:10D3100001EB02081F464368B21A0D46A3EB080949
:10D3200001A91A4403460446019253F8082B9A4275
:10D3300014BF82680F22F2F7AFFC82461DB12A4665
:10D340002168FFF799FF37B12EB1324639460AEB13
:10D350000500FFF791FFB9F1000F07D021683544B0
:10D360004A4641440AEB0500FFF786FF2046FFF7D7
:10D3700063FF019BC4F800A0A36002B0BDE8F08782
:10D3800038B504461546084611446268521A05D05D
:10D3900025B1236819441844FFF778FF636800211A
:10D3A00022685B1B6360D15438BD034637B553F820
:10D3B000082B044601919A42019B14BF82680F22F8
:10D3C00093420ED901A9F2F767FC6268216805460D
:10D3D0000132FFF751FF2046FFF72EFF019B25602A
:10D3E000A36003B030BD0346F7B553F8082B0446DD
:10D3F00046680F469A4206F1010514BF83680F2361
:10D400009D4206D901233146009300231A46FFF7B7
:10D410007CFF236800229F55236865605A5503B03E
:10D42000F0BD07B50B46009200224168F2F764FC9C
:10D4300003B05DF804FB10B5446803468C4203D288
:10D44000091BFFF7EEFF10BD81BF0368002241609A
:10D450005A54F8E7002208B5FFF7EDFF08BD03684E
:10D4600037B5CC1A05460092012300222146F2F777
:10D4700043FC2868204403B030BD73B514460E4603
:10D4800005461046E3F7DEFC2346002231460090B5
:10D490002846F2F7EDFC02B070BD73B50446406853
:10D4A0002346851853F8086B9E4214BFA3680F23C8
:10D4B0009D420AD812B13044FFF7DEFE23680022F5
:10D4C000204665605A5502B070BD0B460092014679
:10D4D00000222046FFF719FFF0E788422DE9FF47B9
:10D4E00005460C4648D007460E4657F8089B56F8A6
:10D4F000088B4F4551D14645D0F804903FD1D1F823
:10D500000480B9F1000F1AD009F10109B8F1000F38
:10D5100026D008F10108314668464246FFF788FEEA
:10D520004A4639463046FFF783FE4246694638464A
:10D53000FFF77EFE6B6862686A6063601CE0B8F1AA
:10D54000000FF7D008F1010231463846FFF770FEB0
:10D5500063686B602368C4F8049083F800900BE064
:10D560004A4639463046FFF763FE6B6863602B68B6
:10D57000C5F8048083F8008004B0BDE8F087D1F8D6
:10D5800008A009F1010239463046FFF751FEC5F8FF
:10D5900000802660C5F808A0CCE74645D0F808A072
:10D5A0000BD14A68384631460132FFF741FEC4F8D4
:10D5B00000902F60C4F808A0BCE7C0F800808B681A
:10D5C000C1F800908360F5E7034610B54468104643
:10D5D000A04202D34FF0FF3010BD1A68125C8A429D
:10D5E000FAD10130F4E710B50446F2F779FC0421D2
:10D5F000204600F077F8204610BD10B50446F2F73B
:10D600007DFC0421204600F06DF8204610BD7FB55A
:10D610000024102315461268CDE902340368CDE9D1
:10D6200000449E696B46B0479DF8043003F0060342
:10D63000062B05BF009B012020462B6004B070BD67
:10D64000009890420CBF06200120704710B5044698
:10D65000F2F75EFC0821204600F044F8204610BD99
:10D660002DE9F041DDF818801F4606461546DDE934
:10D670000834984507D1079900F093FB18B16571FC
:10D680000020BDE8F0813946304600F08AFB0028D2
:10D69000F6D00123C4F800802571A371F0E738B5F6
:10D6A00015461C4600F07DFB20B108232560E36091
:10D6B0000623237138BD2DE9F04105460C46164678
:10D6C0001F4600F06EFB48B9032F07D82368324687
:10D6D000294620465B69BDE8F0411847BDE8F08166
:10D6E000E6F728BEFFF7FCBFFFF7FABF2DE9F041D0
:10D6F0000F4688B016461D46044618B9002008B0EB
:10D70000BDE8F081026852F8083C52F804CC0022CF
:10D71000C118C358CDE9052253F8040C1022604506
:10D720000792EBD1036805AACDE90017CDE90242C3
:10D730002946D3F81C8006223346C04705980028A6
:10D74000DCD09DF81A1001F00603062BD7D09DF807
:10D7500019309DF818201A4002F00602062ACED091
:10D7600003F00503042BC9D00029C7D1002D04DB29
:10D7700028448442C2D10598C1E7AB1CBED03368AF
:10D780000246009429461C6A30463B46A04700F0FA
:10D7900006000628EEE710B500F180042046E6F703
:10D7A000ABFD034630B92046F2F7F2FB034608B959
:10D7B00000F0E7F980220021184600F0D7FF803002
:10D7C00010BD1EB400F03DF81EBCE3F7E7FA037885
:10D7D000472B17D143784E2B14D18378552B11D179
:10D7E000C378432B0ED10379432B0BD143792B2BD9
:10D7F00008D183792B2B05D1C07901288CBF00205B
:10D80000012070470020704710B50446F2F7DCFC99
:10D8100002462046A4F12001FFF7D9FF60B154F879
:10D82000043C0133012B44F8043C03D1936844F8D1
:10D83000083C9160012010BD9368002BF9D000F0E6
:10D84000A0F910B5F2F7C0FC826801460AB900F0F1
:10D8500098F902F120042046FFF7B9FF40B1D369DF
:10D86000013BD36113B9906988609361204610BD74
:10D870008860FBE70378472B17D143784E2B14D1F0
:10D880008378552B11D1C378432B0ED10379432BC9
:10D890000BD143792B2B08D183792B2B05D1C07960
:10D8A00001288CBF0020012070470020704710B570
:10D8B000044648B100F027F82046FFF7DBFF18B117
:10D8C00054F8140C00F055F900F05BF90378472B7D
:10D8D00017D143784E2B14D18378552B11D1C378AF
:10D8E000432B0ED10379432B0BD143792B2B08D13A
:10D8F00083792B2B05D1C07901288CBF0020012012
:10D9000070470020704738B50446F2F75DFC0246C8
:10D9100005682046A4F12001FFF7D8FF28B90DB112
:10D9200000F02FF91160284638BD54F80C3C204611
:10D93000002BB4BFC3F1010301338D4244F80C3C0A
:10D94000536803F1FF3353601CBF44F8105C11604F
:10D95000656AE2F7AEFEE6E710B5F2F731FC026861
:10D9600001469AB102F120042046FFF7AFFF28B923
:10D9700008602046BDE81040E2F79CBE5369002BCA
:10D9800005DA013301D110690860536110BD013B14
:10D9900002D113690B60ECE7591CF6D100F0F1F8E5
:10D9A00008B5F2F711FC4068003818BF012008BD27
:10D9B0007047704710B504460421FFF793FE2046D8
:10D9C00010BD704700231A4630B510F8015B05F012
:10D9D0007F049440073223432C06F6D40B6030BDFD
:10D9E00000231A4630B510F8014B04F07F0595402E
:10D9F00007322B432506F6D41F2A06D8640642BFF9
:10DA00004FF0FF3404FA02F213430B6030BD50288C
:10DA10002DE9F3410646884615461F4608D1D01C1D
:10DA200020F0030050F8044B3C6002B0BDE8F081E8
:10DA300000F00F030C2B2ED8DFE803F025071D257F
:10DA4000292D2D2D2D182125290001A92846FFF764
:10DA5000B9FF019C002CE7D006F07003102B08BF23
:10DA6000A8463306444448BF2468DDE701A9284698
:10DA7000FFF7B6FFEDE7284630F8024BEAE7284605
:10DA800030F9024BE6E7284650F8044BE2E7284617
:10DA900050F8084BDEE7E6F703FC08B503460846F6
:10DAA000FF2B0DD003F07003302B0FD004D8202BA8
:10DAB00008D005D9E6F7F4FB402B0BD0502BF9D159
:10DAC000002008BDBDE8084001F036B9BDE80840B7
:10DAD00001F02FB9BDE80840E3F76EBC70B50C4605
:10DAE00015461E4601462046FFF7D7FF334601463E
:10DAF0002A462046BDE87040FFF789BF73B50C4643
:10DB00001546064608B1E3F757FC2246286012F88E
:10DB1000011BFF291CD02B1D3046FFF7DFFF0246FB
:10DB2000104610F8013BFF2B14D0102301A92B75D0
:10DB3000FFF748FF019B0344EB6001A910F8013B8C
:10DB40006B75FFF73FFF019B03442B6102B070BD73
:10DB50006860E5E72B750023EEE71FB503AB0A46C7
:10DB6000009300231946E2F7ABFD039805B05DF87A
:10DB700004FB08B58047E6F793FBFFF7C4FEE6F722
:10DB80008FFB08B5F2F7CCFCFFF7F3FF08B5804731
:10DB9000FFF7F7FF08B5F2F7C9FCFFF7F7FF012819
:10DBA00010B503D951F8140CFFF7E3FFA1F12803D6
:10DBB000D3E8EF2F013AC3E8E02F0028F8D15AB993
:10DBC00051F81C3C01F158040BB1204698472046FF
:10DBD000BDE81040F2F700BA10BD70B504460D461E
:10DBE0001646F2F7F1FA436829463246013343609C
:10DBF0002046F2F7A1FC0123044644F8283B2046C6
:10DC0000E3F7BAF82046FFF77EFEFFF7BAFF10B53C
:10DC1000F2F7DAFAD0E90042013242604CB394F8EC
:10DC20002020472A27D194F821204E2A23D194F886
:10DC30002220552A1FD194F82320432A1BD194F87F
:10DC40002420432A17D194F825202B2A13D194F8A5
:10DC500026202B2A0FD194F82720012A0BD862699D
:10DC60005242626120342046E3F7AAF82046FFF7CB
:10DC70004AFEFFF786FF00220260F3E701230360FC
:10DC8000704710B50446F2F79FFC04212046FFF7C9
:10DC900029FD204610BDF2F7ADBC08B5FFF7FBFF2C
:10DCA00004E0FFF730FEFFF757FE002008BD10B577
:10DCB0000446F2F7BDFC0C212046FFF713FD204679
:10DCC00010BD2DE9F041DDF8188006460F461546D7
:10DCD00090451C460BD0B0682A4639460368CDF8FB
:10DCE00018801E6A2346B446BDE8F04160471946D5
:10DCF00000F057F80028EED00620BDE8F0812DE9AD
:10DD0000F14F0D461946814617469846DDE90A4B04
:10DD1000DDE90CA600F045F890B1002D34603771B4
:10DD200009DB2C44A24514BF01240624B471002051
:10DD300001B0BDE8F08F0235F9D10123B371F6E7E8
:10DD4000544506D15946484600F02BF808B1777182
:10DD5000EDE7D9F808003A4629460368CDE90CA654
:10DD6000CDE90A4BDC694346A44601B0BDE8F04F5B
:10DD700060472DE9F04107460C4615461E46FFF761
:10DD80008EFC48B9B8682A46214603689F69334625
:10DD9000BC46BDE8F0416047BDE8F0817047002017
:10DDA0007047814208B50ED0406803782A2B0CD00A
:10DDB00049680B782A2B08BF0131E3F739F8B0FA2C
:10DDC00080F0400908BD0120FCE70020FAE710B50B
:10DDD0000446F2F737FC18212046FFF783FC204663
:10DDE00010BD2DE9F74FDDF830A0044688461646F1
:10DDF0005245994605D0E76804EBC70447B90120AE
:10DE000022E01946FFF7CDFF0028F4D006201BE0E2
:10DE1000E568AB071BD52A1215F0010504D018F1EF
:10DE2000030F14D033689A58A068324441460368FF
:10DE3000CDF800A0D3F820B04B46D847032806D928
:10DE400015B140F00100C0B203B0BDE8F08F013F52
:10DE5000083CD3E7F0B40D1E1646049C06DB2E44A6
:10DE6000B44214BF01200620F0BC7047023505D033
:10DE7000056804942C6AA446F0BC60470120F3E7CF
:10DE80002DE9F04F91B081460F461D9DCDE9052348
:10DE9000AB681C9ADB0644BF8368AB601A9B934255
:10DEA00008D11B99FFF77DFF20B1059B6B714FF0E7
:10DEB000000883E006994846FFF773FF98B11A9B64
:10DEC000002F2B60059B2B7108DB1A9B1F441C9BAA
:10DED000BB4214BF01270627AF71E8E70237E6D13E
:10DEE0000123AB71E3E7002F4FF0020C4FF0000865
:10DEF000AABF1C9B0790DB1BCDF82880A8BF079307
:10DF00000123CDE908C3059B43F001030B93D9F826
:10DF10000CA009EBCA0BBAF1000F09D10A9B002B28
:10DF20004CD0089B012B49D00123CDE9083AEEE7FC
:10DF30000023AC68CDE90D33DBF80C300F94DE071D
:10DF40004FEA232143BF1A980B9A0068059A48BFED
:10DF500041581A980144079838B18842099E2CBF4D
:10DF600000200120B04200F0BB80980706D4BB1C03
:10DF700002D1A60700F0B68002F0FD02DBF808002F
:10DF80000DAC036803941C9C02941B9CCDE9001407
:10DF90003946DC69069BA0476B799DF839209DF8CE
:10DFA0003A6013430D99062E6B7101D0022E09D1F0
:10DFB0009DF8383029602B71AE718046404611B013
:10DFC000BDE8F08F2A68B8F1000F13D1B2B99DF8FF
:10DFD000382029602A7121B11BB1D9F80830DC073B
:10DFE000EBD56B79042BE8D00AF1FF3AABF1080BC3
:10DFF000804690E712B969B90120F2E7914206D153
:10E000002B799DF8382013432B714046E9E709B975
:10E010000028FAD0032BAC7904D9D90712D5AB6804
:10E020009B070FD5002C31D1032E27D9F40721D41B
:10E0300086F00103DBB2032B13D800232B600123EE
:10E04000AB71D9E7012C38BF0124012E38BF01265E
:10E05000E4B2F6B286EA0403DBB2032B36D9032E10
:10E060001FD90D9B34464FF000082B609DF83830C7
:10E070002B7116E0D9F808309807D9D51C9B394682
:10E08000069800931B9BFFF7E5FE0446002EE1D1A6
:10E09000032C11D9E1070BD484F00103DBB2032B6D
:10E0A000CBD9A307AC711FD414F00100ADD184E724
:10E0B000D9F808309A07EFD51C9B39460D9A009382
:10E0C00006981B9BFFF7C6FE0646C3E72640F6B23E
:10E0D000032EB2D9002301202B600223AB716CE721
:10E0E00001230A9340467FE7002066E72DE9F04FC1
:10E0F00089B0054616461C460291FFF7D0FA002863
:10E1000060D1D4F808904FF0000AD5F80C800DF1DA
:10E11000100B19F0100F05EBC80718BFD5F80890C1
:10E1200009F001030393B8F1000F04D120790038FE
:10E1300018BF012047E0FA68CDF810A002F00103F3
:10E1400002F002018DF814A0009302F00203019383
:10E15000039B0B43CDE9069A03D108F1FF38083F32
:10E16000E1E7002E32D0009B12120BB133689A58AF
:10E170003244B868029903689B699C465B46E04755
:10E180000028EAD0079B082B03D1009B0BB1BB688A
:10E1900007939DF81430032B05D9019A1AB923F07F
:10E1A00002038DF81430E168C1B99BE80F0084E8E0
:10E1B0000F002379032B05D99A0709D5AB6813F013
:10E1C000010FCAD1012009B0BDE8F08F3246D0E777
:10E1D000DB07F7D5AB6813F0020FF2E72368049A68
:10E1E000934204D00023236002232371EAE72BB17A
:10E1F00023799DF8142013432371AEE7079808286C
:10E20000F2D00829F0D0FFF7CCFD0028F0D1EBE7E1
:10E21000002303607047009B03201A60019A039B50
:10E220001A607047009B03201A60704701207047F6
:10E2300001207047981A009B984228BF18467047E3
:10E2400010B50446F2F7FEFA04E02046FFF748FA5C
:10E25000FFF7B7FA2046FFF743FA204610BD08B58E
:10E260000846114600F09AFA031E18BF012343EA3C
:10E27000A07008BD084611461A4600F0B1BA08B5AC
:10E280000846114600F08AFA031E18BF012343EA2C
:10E29000A07008BD084611461A4600F0A1BA062231
:10E2A000002313B5C0E9012341F202030446C36011
:10E2B00001A8EAF7E9FB01A904F16C00EAF764F8A8
:10E2C00001A8EAF753F802B010BD6421024690FBA2
:10E2D000F1F301FB130030B94FF4C87192FBF1F375
:10E2E00001FB132323B912F0030F0CBF0120002000
:10E2F0007047C068252310B504050B7045BF2B245B
:10E300008B1C4B1C4C70410544BF232103F8011B9F
:10E3100000F48271B1F5827F08D10AB103F8012BB4
:10E3200010F4804F0CBF6122412209E02E241C70A2
:10E330002A245C704AB99C1C042909D16622234610
:10E3400003F8012B00221A7010BDDC1C9A70F3E751
:10E35000B1F5807F00F4804004D100280CBF652215
:10E360004522ECE700280CBF67224722E7E7013986
:10E37000013B994228BF1946F0B5054606460F18DD
:10E380000120B74200D010B91344695C0FE016F8C1
:10E39000010BD45C013BA4EB000CDCF1000040EB72
:10E3A0000C00EEE713F80109441A60426041934201
:10E3B00001D00028F6D14BB2002B05DD13788B423B
:10E3C0008CBF002000F00100F0BD126852F80C3C38
:10E3D000FFF7CDBF73B5079B00F10802044602604A
:10E3E000D3E900530F2B05EB0306019306D9002256
:10E3F00001A9F1F751FC019B2060A3603246294638
:10E400002068FEF778FF019B2268002120466360A8
:10E41000D15402B070BD13B5059B04461B68A3F12F
:10E420000C0053F8043C002B05DBEBF7C1FB20602C
:10E43000204602B010BD002201A9FAF71BF9F6E749
:10E4400008B5D2E90023FFF792FF05E0013101D0C2
:10E45000FFF7B7F9F1F744FE08BD4068704710B503
:10E460000446F2F737FB2046FFF73AF9204610BD85
:10E4700010B50446F2F740FB2046FFF731F920467D
:10E4800010BD10B50446F2F749FB2046FFF728F906
:10E49000204610BD10B50446F2F74AFB2046FFF7B0
:10E4A0001FF9204610BD2DE9F0470C46002181469A
:10E4B000174608469846F3F791FF8246E2F7C2FCFA
:10E4C000451C2846FFF7E7FB2A465146064600F062
:10E4D00026F9D9F810100020F3F780FF089B424678
:10E4E0003946204600F093F9314605460020F3F7FF
:10E4F00075FF3046FFF7F8F805B92570BDE8F087DD
:10E50000013101D0FFF75DF9F1F7EAFD70B505467D
:10E5100016460C4649B10846E2F794FC21183246EB
:10E520002046F2F70FFC286070BD4FF0FF31F6E790
:10E5300013B504460846114601AA0144F2F702FC4D
:10E540002060204602B010BD704710B50446F2F7B7
:10E550005FFC2046FFF7C4F8204610BDFFF77DBFE3
:10E5600010B50446F2F75EFC2046FFF7B9F82046E6
:10E5700010BD10B50446F2F75FFC2046FFF7B0F877
:10E58000204610BD70B5064608460D461446F2F703
:10E5900013FE30B9224629463046BDE87040FFF7E9
:10E5A00036B823681033236070BD10B50446F2F707
:10E5B0004DFC2046FFF794F8204610BD70B5054687
:10E5C0000E4608300C464A68286056F8083BB342AD
:10E5D0000BD1013202D0314600F0A1F86368266009
:10E5E0006B6000236360237270BD2B608B68AB602F
:10E5F000F4E710B50446D1E90012FFF799FF204671
:10E6000010BD1368994204D153681B1A58425841EF
:10E61000704700207047C0E900217047036813B5B8
:10E6200014465B690A460146684698476368019A42
:10E630009A4206D100982368C31A5842584102B042
:10E6400010BD0020FBE74B68834204D10868831AA1
:10E6500058425841704700207047704770477047D4
:10E66000704710B50446FFF73BF8204610BD10B5C3
:10E670000446FFF735F8204610BD10B50446F2F702
:10E68000E3FC2046FFF72CF8204610BD0B6810B5C0
:10E6900086B004461B69684698472046DDE90012AB
:10E6A000FFF746FF04E06846FEF7C6FDFFF789F86E
:10E6B0006846FEF7C1FD204606B010BD13B51446EE
:10E6C0000A4601466846F2F78DFC6368019A9A4251
:10E6D00006D100982368C31A5842584102B010BDB1
:10E6E0000020FBE770474068704710B50446F2F71A
:10E6F000F9FC2046FEF7F4FF204610BD03681B68B6
:10E700001847C9B20346024410B59342184601D1D6
:10E71000002003E0047801338C42F6D110BD0A4496
:10E72000431E914200D1704710B511F8014B914240
:10E7300003F8014FF9D110BD884210B501EB020476
:10E7400002D98442234607D8431EA14208D011F8BB
:10E75000012B03F8012FF8E7024401468A4200D159
:10E7600010BD13F8014D02F8014DF7E702440346CE
:10E77000934200D1704703F8011BF9E701390244C5
:10E7800010B5904201D1002005E0037811F8014F47
:10E79000A34201D0181B10BD0130F2E7E2F748BBDD
:10E7A00000221146F2F70EBD10B50139044632B110
:10E7B00011F8013F013A00F8013B002BF7D100218D
:10E7C000FFF7D4FF204610BD0246014410B58A422F
:10E7D000134603D01C780132002CF8D1181A10BD52
:10E7E00030B5044600200B46904213F8015B08D177
:10E7F0000B461C781A460133002CFAD1401A1044FB
:10E8000030BD2554002DFBD001301946EBE7F2F75F
:10E8100057BFC36803B118471846704710B58378CF
:10E820000446DA0705D443F004034FF0FF30A37029
:10E8300010BD4FF00002D4E85F3FC4E8512F00291B
:10E84000F9D19BB213B1581EC0B2F1E7A368984743
:10E850000028F9DA0130A37814BF082204221343F8
:10E86000E3E738B58B780D469B0709D5C4B24B68F2
:10E8700020469847002806DAAB7843F00403AB70D3
:10E880004FF0FF3038BD2046FCE72DE9F8439C7877
:10E8900005460E46904614F001041F4611D079B18A
:10E8A000002444450DD005EB06093846FFF7B6FFB6
:10E8B000431C06D005F8010B4D45F6D10134F0E7B5
:10E8C0000C462046BDE8F8832DE9F8439C780546C0
:10E8D0000E46904614F002041F4611D079B1002470
:10E8E00044450DD005EB06097B68394615F8010B48
:10E8F0009847002804DB4D45F6D10134F0E70C467B
:10E900002046BDE8F8838B78DA0702D44FF0FF3059
:10E910007047431CFAD0C0B2431CD1E8DF2F002A55
:10E9200004D1C1E8DC3FBCF1000FF6D1EED18B7809
:10E9300023F008038B707047F0B5C3F13707044626
:10E9400003F01F031046FFB2082BE6B232D0102BA3
:10E950003DD06508A40845EAC17544EA81748A0877
:10E960002D1942EB5102290941EA02716D1842EB5F
:10E970001212290A41EA02616D1842EB1222290C97
:10E9800041EA02416D1842EB1242AD1842F1000219
:10E99000EC0844EA4274D10804EB8402A6EB420579
:10E9A000EDB2092D0CD90134A5F10A0541F10001A0
:10E9B000EDB212E0E40806F0070544EA4174C90824
:10E9C000303554EA010200F8015BBDD1F0BD2409E5
:10E9D00006F00F0544EA01740909092D84BFED19F9
:10E9E000EDB2EDE710B50C46FFF718FF0028A2BF07
:10E9F00023680133236010BD0028A2BF136803F110
:10EA0000FF331360FFF77FBF70B505460E463146F2
:10EA10002846FFF7E7FF041E09DB202CF7D0A4F1FE
:10EA20000903042BF3D932462946FFF7E5FF2046B8
:10EA300070BDBDF8001068B111F0100F01D0027068
:10EA4000704711F0080F02D0C0E9002370474B0750
:10EA500001D5026070478B06FBD5028070472DE917
:10EA6000F04387B01C461746814602AB88460093A8
:10EA7000D2E9022300F0EBF804AB06460D46009302
:10EA800048464146D7E9002300F0E1F80027DDE9D8
:10EA90000423901953EB050128BF012737B1029BCE
:10EAA000039A013342F10002CDE90232403CDDE934
:10EAB0000223009400F0E6F807B0BDE8F0832DE9EA
:10EAC000F843B0FA80F6002980460F46A1EB06060F
:10EAD00006F1070625DB0846F4F7ECFD0644384648
:10EAE000F41BF4F7EDFD3946221A40463D3200F0A2
:10EAF0009EF8B74213DC1F2C68DC4FF0FF33A340B5
:10EB000038EA03030CBF01240024B0FA80F3354631
:10EB1000F31A9E33FE2B27DD4FF0FF4044E0012423
:10EB2000F3E74C422046F4F7CBFD351A2046A5EB1F
:10EB30000709F4F7C5FD21462E4609EB00024046C1
:10EB40003C3200F061F8AF4230DCB9F11F0F3DDC20
:10EB50004FF0FF3303FA09F338EA030327D0B0FA82
:10EB600080F30024EB1A9E33002B23EAE372D4BF18
:10EB7000012313465B1BA3F19705963B20FA05F191
:10EB800020FA03F3C90723D544B14FF0FF31A94060
:10EB900020EA010003F00101084319D0581CC0F31A
:10EBA0001600C0B140EAC250BDE8F8830023052139
:10EBB000B8FBF1F202EB8205A84502D10133904681
:10EBC000F6E79C428CBF002401249EE700249CE7CA
:10EBD000C3F31600E6E70132E4E710B5A3FB0043F8
:10EBE0000299A2FB0020001943F100033F29DBBF7B
:10EBF000A1F12002C1F1400140398B40D6BFD04085
:10EC000023FA01F0184310BD30B587B0044608461A
:10EC1000154602A9F4F7E6FD049B204600955A1C10
:10EC2000059B43F10003FFF7D8FF07B030BD30B5B7
:10EC300087B015460446084602A9F4F761FD204650
:10EC40000095DDE90423FFF7C8FF07B030BDF0B53C
:10EC50000F460446A0FB0201059EA7FB025249197C
:10EC6000A3FB0445A7FB037342F10002611845F1C1
:10EC70000004D21943F10003121943F10003C6E95D
:10EC80000023F0BDF0B5059CC4F14007C4F1200697
:10EC9000A4F12005E04002FA06F6BB4022FA05F591
:10ECA000BA403343C4F120062B4301FA06F6A4F11F
:10ECB0002005304321FA05F5E1402843194310436C
:10ECC000F0BD07B501A9F4F747FE03B05DF804FBFA
:10ECD000C9B20346184613F8012B12B18A42F9D182
:10ECE0007047002918BF0020704710B56AB101397C
:10ECF000841810F8012B11F8013F9A4203D1A04269
:10ED000001D0002AF5D1D01A10BD1046FCE70269E7
:10ED10000346107810B101321A6170476FF001009C
:10ED20007047D1E9043293421EBF5A1C0A61187021
:10ED3000704708B5E5F7B4FA08B5FFF7FAFF000029
:0CED40000148006870470000C01100206E
:10ED4C009D14FF7FB0B0AA00FFFF01082A04300019
:10ED5C003A0400008914FF7FB0AF0200FFFF0110DE
:10ED6C009E01040000CA0104D00100DA0116000063
:10ED7C006D14FF7FB0B0A800FF1011010812102411
:10ED8C000128040000010000000000005114FF7F66
:10ED9C008408B101B0B0B000FF1019010C100214BE
:10EDAC000118041E032208000001007F000000006F
:10EDBC0000000000000000002514FF7FAF08B10028
:10EDCC00FF10210119360400006204F002018402D4
:10EDDC00320000FA0204FE0200820304000001006B
:10EDEC0000000000F913FF7FB0AD0400FF104901D3
:10EDFC00405020E40501A60104AC0103BE0104004F
:10EE0C0000C80126E40501F801048A020384020407
:10EE1C00E40501C80204CE0203DC0204E4050196F9
:10EE2C0003049C0303AA03B802E40501EA050400E9
:10EE3C00007F00007D00000000000000A113FF7F98
:10EE4C00B0B0A800FFFF0108100214001A0A00005D
:10EE5C008D13FF7FB0B0A800FFFF010804040A0067
:10EE6C00100400007913FF7FB0B0A800FFFF010869
:10EE7C00100214001A0A00006513FF7FB0B0A8003E
:10EE8C00FFFF010804040A00100400005113FF7F67
:10EE9C00B0B0A800FFFF010804040A001004000031
:10EEAC003D13FF7FB0B0A800FFFF010804040A0067
:10EEBC00100400002913FF7FB0B0A800FFFF010869
:10EECC00100214001A0A00001513FF7FB0B0A8003E
:10EEDC00FFFF010804040A00100400000113FF7F67
:10EEEC00B0B0A800FFFF0108100214001A0A0000BD
:10EEFC00ED12FF7FB0B0A800FFFF010804040A0068
:10EF0C0010040000D912FF7FB0B0A800FFFF010869
:10EF1C00100214001A0A0000C512FF7FB0B0A8003E
:10EF2C00FFFF010804040A0010040000B112FF7F67
:10EF3C00B0B0A800FFFF010804040A001004000090
:10EF4C009D12FF7FB0B0A800FFFF01081002140053
:10EF5C001A0A00008912FF7FB0B0A800FFFF010859
:10EF6C0004040A00100400007512FF7FB0B0AE005C
:10EF7C00FFFF011C1E0424002A0400004C047E0028
:10EF8C007804820100AE0104B401009E020400006A
:10EF9C004D12FF7FB0B0A800FFFF01004112FF7FB0
:10EFAC00B0B0A800FFFF01003512FF7FB0AA11001E
:10EFBC00FFFF010818304A00500400002112FF7FA7
:10EFCC00B0A90200FFFF011F0828000036047A00D8
:10EFDC00460400005004840100600400006A0486AA
:10EFEC000100800104000000F511FF7FB0A80100B2
:10EFFC00FFFF010C0A04000012042000260400008C
:10F00C00DD11FF7FB0A90200FFFF012B082E0000CD
:10F01C003C04AA01004C0400005604B40100660430
:10F02C0000007004B6010080010400008A0104B8DD
:10F03C00010098011C000000A511FF7FB0A902007F
:10F04C00FFFF012B082E00003C04AA01004C040019
:10F05C00005604B40100660400007004B601008080
:10F06C00010400008A0104B8010098011C00000092
:10F07C006D11FF7FB0A80100FFFF010C0A04000016
:10F08C0016041C00220400005511FF7FB0AB0600D3
:10F09C00FFFF011014040000280454003004440045
:10F0AC00500400003911FF7F01AD0A00FFFF010E73
:10F0BC0036040000682A9401009A01040000000044
:10F0CC001D11FF7FB0B0AA00FFFF015B24040000FC
:10F0DC002C04B6040058045E007C048201009601E6
:10F0EC00100000AE0104C20100CC01580000A802BF
:10F0FC0004B80400E00204E60200FE0204840300EB
:10F10C009C03040000A40304BA0400DC0304E2031F
:10F11C0000FA03048004009804040000A00404BC5A
:10F12C000400B20404000000B510FF7F01AE07001C
:10F13C00FFFF010C2404000038046A006410000076
:10F14C009D10FF7FB0A80900FFFF0108120C2000E2
:10F15C00260400008910FF7FB0AB1600FFFF010AE8
:10F16C0046188601008C0104000000007110FF7F1E
:10F17C00B0A90C00FFFF0108260C34003A04000073
:10F18C0008B10181B0B000840000000008B1018119
:10F19C00B0B000840000000008B10181B0B0008460
:10F1AC000000000008B10181B0B000840000000034
:10F1BC002D10FF7FB0B0A800FFFF01002110FF7FD2
:10F1CC00B0B0A800FFFF01001510FF7FB0B0A80081
:10F1DC00FFFF010008B10181B0B000840000000005
:10F1EC00FD0FFF7FAB08B100FF101D011418045A6E
:10F1FC000146046A01500400005E046200660400CB
:10F20C000001000000000000D50FFF7FAB08B1002B
:10F21C00FF101D011418045A0146046A0150040021
:10F22C00005E0462006604000001000000000000A3
:10F23C00AD0FFF7FB0AD0600FF102D01242404BAE2
:10F24C0001003604B801005804B2010170047601C3
:10F25C008001048401009401040000AA0104B0019F
:10F26C000101000000000000750FFF7FB0AD0C0025
:10F27C00FFFF010D100400001E047E008401040039
:10F28C0000000000AC020181B0B008B10000000029
:10F29C004D0FFF7FB0B0A800FFFF0108100416004F
:10F2AC001C040000390FFF7FB0AF1800FFFF0116E0
:10F2BC001C0C000076A001D20400C202D001C204D2
:10F2CC0000CE040400000000150FFF7FB0AF180043
:10F2DC00FFFF01161C0C000076A001D20400C20234
:10F2EC00D001C20400CE040400000000F10EFF7F28
:10F2FC00AF0C9700FFFF01103078820200B2013A88
:10F30C00EE0100FE0104000008B10181B0B00084E0
:10F31C0000000000C90EFF7FB0AF1800FFFF011AFC
:10F32C00180C00005A04E007006404F007009E016A
:10F33C009606E00700EC070400000000A10EFF7F1A
:10F34C00B0AF1800FFFF011A180C00005A04E007B8
:10F35C00006404F007009E019606E00700EC070429
:10F36C0000000000790EFF7FB0AC1100FFFF010818
:10F37C0042286C0072040000650EFF7FB0AF1000D5
:10F38C00FFFF010E2204000056429A0100A0010466
:10F39C0000000000490EFF7FB0B0A800FFFF010085
:10F3AC003D0EFF7FB0AA1100FFFF010818304A0084
:10F3BC0050040000290EFF7FB0A90600FFFF011FBB
:10F3CC000A28000038047C0048040000520486011E
:10F3DC0000620400006C048801008201040000003B
:10F3EC00FD0DFF7FB0A80500FFFF010C0C04000011
:10F3FC001404220028040000E50DFF7FB0A90600CC
:10F40C00FFFF012B0A2E00003E04AC01004E04004D
:10F41C00005804B60100680400007204B8010082B0
:10F42C00010400008C0104BA01009A011C000000C8
:10F43C00AD0DFF7FB0A90600FFFF012B0A2E0000C7
:10F44C003E04AC01004E0400005804B601006804F0
:10F45C0000007204B8010082010400008C0104BA9F
:10F46C0001009A011C000000750DFF7FB0A805007B
:10F47C00FFFF010C0C04000016041C002204000009
:10F48C005D0DFF7FB0AB0E00FFFF011012040000FA
:10F49C00240450002C0440004C040000410DFF7F5C
:10F4AC0001AD0E00FFFF010E36040000702A9C0116
:10F4BC0000A2010400000000250DFF7FB0B0AA00DF
:10F4CC00FFFF015B240400002C04B6040058045E0A
:10F4DC00007C048201009601100000AE0104C20100
:10F4EC0000CC01580000A80204B80400E00204E6B5
:10F4FC000200FE02048403009C03040000A4030425
:10F50C00BA0400DC0304E20300FA0304800400984C
:10F51C0004040000A00404BC0400B20404000000B5
:10F52C00BD0CFF7F01AE0B00FFFF010C240400009B
:10F53C0038046A0064100000A50CFF7FB0A8090015
:10F54C00FFFF0108120C200026040000910CFF7F25
:10F55C00B0AC1900FFFF010A4C1ADC0100E20104F7
:10F56C0000000000790CFF7FB0A90C00FFFF010820
:10F57C00240C32003804000008B10181B0B00084C2
:10F58C000000000008B10181B0B000840000000050
:10F59C0008B10181B0B0008400000000410CFF7F75
:10F5AC00A908B100FFFF01080E041C00180E000092
:10F5BC002D0CFF7FA908B100FFFF01080E041C00F1
:10F5CC00180E0000190CFF7FA908B100FFFF0108FD
:10F5DC000E041C00180E000008B101810FB100844C
:10F5EC0000000000F90BFF7FA908B100FFFF010824
:10F5FC000E041C00180E000008B10181B0B000848C
:10F60C000000000008B10181B0B0008400000000CF
:10F61C0008B10181B0B0008400000000C10BFF7F75
:10F62C00B0B0AA00FF1019010C14021A011E042418
:10F63C00032808000001007F00000000000000000B
:10F64C0000000000990BFF7FB0B0A800FFFF010085
:10F65C008D0BFF7FB0B0A800FFFF0100810BFF7F77
:10F66C00A908B100FFFF0100750BFF7FB0AD0200D0
:10F67C00FF102D01221604B001002C04AE01004E27
:10F68C0004A8010166046C0176047A008A01040066
:10F69C0000A00104A6010101000000000000000010
:10F6AC003D0BFF7FB0AD0400FFFF010E1004000006
:10F6BC001E0482010088010400000000210BFF7F62
:10F6CC00B0B0A800FFFF01081C04220028040000B1
:10F6DC000D0BFF7FB0B0A800FFFF0108100416004F
:10F6EC001C040000F90AFF7FB0AD0400FF104901B3
:10F6FC003E0C0400001604E802012204CE02033082
:10F70C0004B602034A04CC020356046A0364049848
:10F71C000103A20104A80103B20104A60203C00163
:10F72C0042B20203DC0204E00200E4020400000125
:10F73C0000007D0000000000A50AFF7FAB08B100AF
:10F74C00FF101D011418043C0128044C0132040064
:10F75C0000400444004804000001000000000000C8
:10F76C007D0AFF7FB0AC0700FFFF012D0C0E0000DF
:10F77C001E04FA01002C04B202003404840200427C
:10F78C0004B002004A049202005804AE02006484E1
:10F79C0001A002008002040000000000410AFF7F6B
:10F7AC00AB08B100FF101D011418043C0128044CD7
:10F7BC000132040000400444004804000001000031
:10F7CC0000000000190AFF7FB0AC0700FFFF012DFD
:10F7DC000C0E00001E04FA01002C04B202003404CA
:10F7EC008402004204B002004A049202005804AEA3
:10F7FC000200648401A002008002040000000000EA
:10F80C00DD09FF7FAB08B100FF101D011418043C8B
:10F81C000128044C01320400004004440048040058
:10F82C000001000000000000B509FF7FB0AF0E0022
:10F83C00FFFF01161A0C000070B401E80400CC02A2
:10F84C00DC01D80400E40404000000009109FF7FEF
:10F85C00B0AF0E00FFFF01161A0C000070B401E8E7
:10F86C000400CC02DC01D80400E404040000000015
:10F87C006D09FF7FAF089700FFFF01103072860201
:10F88C0000AA0146F2010082020400005109FF7F28
:10F89C00B0AF0800FFFF011A161400006C04FC073F
:10F8AC000074C8010000C802F804FC0700820804B8
:10F8BC00000000002909FF7FB0AD0C00FFFF010A1A
:10F8CC001C4C8801008E0104000000001109FF7F10
:10F8DC00B0AD0C00FFFF010A1C4C8801008E010426
:10F8EC0000000000F908FF7FB0AD0C00FFFF010A1B
:10F8FC001C4C8801008E010400000000E108FF7F11
:10F90C00B0AF0C00FFFF011114F8010000D2039CF2
:10F91C0002FC06008207040000000000C108FF7F03
:10F92C00B0AF0A00FFFF011114F8010000CA03A8D0
:10F93C0002F80600FE06040000000000A108FF7F8C
:10F94C00B0AF0A00FFFF011116F4010000C00392D2
:10F95C0002D60600DC060400000000008108FF7FD0
:10F96C00B0AF0A00FFFF011116F4010000C00392B2
:10F97C0002D60600DC060400000000006108FF7FD0
:10F98C00B0AF0E00FFFF011114F8010000E803D422
:10F99C0002E40700EA070400000000004108FF7FB2
:10F9AC00B0AF0C00FFFF011114F8010000DC03D80C
:10F9BC0002C60700CC070400000000002108FF7FEE
:10F9CC00B0AF0E00FFFF011A180C00004804FC0732
:10F9DC000052048C08008C01A206FC070088080465
:10F9EC0000000000F907FF7FB0AF0E00FFFF011A07
:10F9FC00180C00004804FC070052048C08008C0111
:10FA0C00A206FC070088080400000000D107FF7F55
:10FA1C00B0AC0B00FFFF01083A326E00740400001A
:10FA2C00BD07FF7FB0AF0C00FFFF010E22040000EA
:10FA3C004E50A00100A6010400000000A107FF7FAA
:10FA4C00A908B100FFFF01009507FF7FB0A90200D4
:10FA5C00FF103101211404000034044C03460494BB
:10FA6C00010060086800720400008401048E01002B
:10FA7C008801049401000200017D000000000000D8
:10FA8C00EC32000008B10181B0B00084000000002D
:10FA9C0008B10181B0B000840000000008B1018100
:10FAAC00B0B000840000000008B10181B0B0008447
:10FABC000000000008B10181B0B00084000000001B
:10FACC001D07FF7FB0AF0400FF1029011E2404287E
:10FADC000160049201006A046E0188010A9201001F
:10FAEC009A01040000AE0102920100010000000026
:10FAFC0000000000E906FF7FA908B100FFFF01002C
:10FB0C0008B10181B0B0008400000000D106FF7F75
:10FB1C00B0AF1200FF10190110289C050000DA0587
:10FB2C0004DE0501F60534000001000000000000B1
:10FB3C00AD06FF7F8408B101B0B0B000FF100D011D
:10FB4C0004020608010100000000000008B1018158
:10FB5C00B0B000840000000008B10181B0B0008496
:10FB6C00000000007906FF7F8408B101B0B0B0003E
:10FB7C00FF100D0104020408010100000000000048
:10FB8C0008B10181B0B00084000000005106FF7F75
:10FB9C00A908B100FFFF01080C0412001A0C0000A8
:10FBAC003D06FF7FB0B0A800FFFF010804040A0067
:10FBBC00100400002906FF7FB0B0A800FFFF010869
:10FBCC0010041600200400001506FF7F8408B10104
:10FBDC00B0B0B000FF100D010806040C01100800B5
:10FBEC00007F000000000000F505FF7FB0B0AE0004
:10FBFC00FF100D01081E045A015E0800007F000072
:10FC0C0000000000D905FF7FB0A80100FFFF01082C
:10FC1C000C04120018040000C505FF7FB0A80100F9
:10FC2C00FFFF01080C04120018040000B105FF7F4F
:10FC3C00B0B0A800FFFF0100A505FF7FB0A8010030
:10FC4C00FFFF01082A043000360400009105FF7FF5
:10FC5C00B0AB1200FFFF0114160200001E045E0080
:10FC6C0030045C0040044600580400007105FF7F1E
:10FC7C00B0A90200FFFF010C18044C002C04320048
:10FC8C003E0E00005905FF7FB0B0A800FFFF010831
:10FC9C000A041000160400004505FF7FB0A80500FB
:10FCAC00FFFF010C0C02000014041A0020040000D9
:10FCBC002D05FF7FB0AA0100FF1011010826042CAE
:10FCCC00033A0A00007F00007D00000000000000E5
:10FCDC0008B10181B0B000840000000008B10181BE
:08FCEC00B0B00084000000002C
:10FCF4008C06FE7F010000001C07FE7FB0A9028075
:10FD0400A007FE7FB0B0A880E407FE7F01000000DA
:10FD1400EC07FE7FB0B0AA801E08FE7FAE71B280F1
:10FD2400D008FE7F01000000CC08FE7FAB3F388086
:10FD34001E09FE7F010000002809FE7FB0B0AA80E2
:10FD44006009FE7F01000000040AFE7FAB0EB28052
:10FD5400680AFE7FB0AF0680B00CFE7F0100000091
:10FD6400B40CFE7FAC3F0180140FFE7F0100000045
:10FD7400BC13FE7F00840480CC13FE7F01000000CE
:10FD8400C613FE7FB0AD04800216FE7F008404809B
:10FD94002416FE7F44FFFF7F2616FE7F48FFFF7F69
:10FDA4003016FE7F01000000A083FE7F9CEFFF7FE2
:10FDB400E083FE7FA8EFFF7F2885FE7FBCEFFF7FF7
:10FDC4006085FE7F010000008485FE7FB0B0A880BE
:10FDD4009085FE7F01000000F085FE7FE4EFFF7F49
:10FDE4007487FE7F010000002088FE7F00F0FF7F03
:10FDF4004C8CFE7F01000000C08CFE7FA908B180FE
:10FE0400C88DFE7F40F0FF7FEC8DFE7F60F0FF7FAA
:10FE1400108EFE7FB0B0A880808EFE7FA908B180CE
:10FE2400888FFE7F98F0FF7FAC8FFE7FB8F0FF7F56
:10FE3400D08FFE7FA908B1806490FE7FD0F0FF7F51
:10FE44008890FE7FB0B0A880B490FE7FA908B180EE
:10FE54004891FE7FF4F0FF7F6C91FE7F010000006B
:10FE64005094FE7F0CF1FF7F0496FE7FB0B0AC800F
:10FE74004896FE7FB0A902808096FE7F01000000B4
:10FE84000897FE7F14F1FF7F2C97FE7F010000008E
:10FE94009097FE7F18F2FF7F2C98FE7F2CF2FF7F55
:10FEA400CC9AFE7FB0A80180EC9AFE7FDCF2FF7F43
:10FEB400049BFE7FAB08B180309BFE7F01000000F5
:10FEC400409BFE7FB0B0A880909BFE7FAB08B180C2
:10FED400BC9BFE7F01000000FC9BFE7FB0B0AA80AB
:10FEE400249CFE7FAB08B180549CFE7FB0AA0180A5
:10FEF400BC9CFE7F01000000D09CFE7FB0B0AC80B3
:10FF04003C9DFE7FAB08B180C89DFE7FACF2FF7FB5
:10FF1400E89DFE7F010000006C9EFE7FA8F2FF7F3B
:10FF2400809EFE7FACF2FF7F949EFE7FB0F2FF7F47
:10FF3400B49EFE7FB4F2FF7F2C9FFE7FB0B0AA80F8
:10FF4400649FFE7FCCF2FF7FDC9FFE7FA908B18017
:10FF540000A0FE7FB0A9028024A0FE7F30F3FF7FC3
:10FF64008CA0FE7F34F3FF7FB0A0FE7F88F3FF7F79
:10FF7400CCA1FE7FB0AF2A80C0ACFE7FA0F3FF7F90
:10FF8400ACB0FE7FC0F3FF7F98B4FE7F0100000099
:10FF940014B5FE7FB0AA0180ACB5FE7F010000005D
:10FFA40034B6FE7FF8F3FF7F58B6FE7F01000000F1
:10FFB400BCB6FE7F0CF5FF7F5CB9FE7FB0B0A880B5
:10FFC40074B9FE7F0100000084B9FE7FC0F5FF7F95
:10FFD4009CB9FE7FC4F5FF7FB4B9FE7FC8F5FF7FEF
:10FFE400DCB9FE7FD4F5FF7F04BAFE7FE0F5FF7F26
:0CFFF4002CBAFE7FF8F5FF7F54BAFE7FA8
:020000022000DC
:100000000100000060BAFE7FFCF5FF7F78BAFE7F3A
:1000100001000000ACBBFE7F38F6FF7FC0BBFE7F57
:100020003CF6FF7FD4BBFE7F40F6FF7F08BCFE7F1F
:10003000B0B0AC804CBCFE7FB0B0A88074BCFE7F7A
:1000400034F6FF7F38BDFE7FB0B0A880A8BDFE7F2C
:1000500001000000A8BEFE7F70F6FF7FD4BEFE7FC9
:100060007CF6FF7FF8BEFE7FB0B0A88068BFFE7F41
:1000700080F6FF7FD4C0FE7FCCF6FF7F2CC1FE7FD1
:10008000B0B0A880D8C1FE7F010000000CC2FE7F86
:10009000DCF6FF7F3CC3FE7F10F7FF7F94C3FE7F3B
:1000A00030F7FF7FC4C4FE7F64F7FF7F1CC5FE7F6F
:1000B00084F7FF7F84C7FE7FA0F7FF7FECC9FE7F38
:1000C000BCF7FF7F0CCBFE7FB0AF2C80DCD5FE7F72
:1000D000C8F7FF7FDCD9FE7FE8F7FF7F6CDAFE7F91
:1000E000F8F7FF7FFCDAFE7F08F8FF7F8CDBFE7FEE
:1000F00018F8FF7F10DFFE7F30F8FF7F90E2FE7F71
:1001000048F8FF7FECE5FE7F60F8FF7F48E9FE7F5F
:1001100078F8FF7F34EDFE7F90F8FF7F00F1FE7FDF
:10012000A8F8FF7F08F5FE7FC8F8FF7F10F9FE7F73
:10013000E8F8FF7FA8F9FE7FF4F8FF7F50FAFE7F12
:100140000100000054FBFE7F48F9FF7F90FBFE7F1B
:100150004CF9FF7FA4FBFE7FB0AC018018FCFE7F52
:10016000B0AF02800CFDFE7FB0AB028034FDFE7F9D
:10017000B0B0AC8064FDFE7F01000000A4FEFE7FF5
:10018000B0AC01803CFFFE7F38F9FF7F54FFFE7F5B
:100190003CF9FF7F1C00FF7F010000004C00FF7F47
:1001A00078F9FF7F7C03FF7F01000000E403FF7FFD
:1001B000B0B0A8801404FF7F010000003804FF7F66
:1001C000B0B0A8806C04FF7F010000005406FF7FE0
:1001D000BCF9FF7F7006FF7FC0F9FF7F9C06FF7FA1
:1001E000E0F9FF7FC806FF7F010000005809FF7F8C
:1001F000A908B180500BFF7FB0B0AC80940BFF7F9B
:1002000010FAFF7FB40BFF7FB0B0A880D40BFF7F44
:1002100014FAFF7FF40BFF7F01000000300CFF7F1A
:1002200018FAFF7F440CFF7F1CFAFF7F840CFF7FCE
:1002300028FAFF7F040DFF7F40FAFF7F5C0DFF7FF0
:10024000010000006C0DFF7F48FAFF7F880DFF7FE3
:1002500001000000080EFF7FB0AA0180580EFF7F4A
:1002600001000000A40EFF7F54FAFF7FE40EFF7F21
:10027000B0AD0480440FFF7F010000007071FF7F6C
:1002800018EBFF7F9471FF7F010000002872FF7F51
:10029000CCEBFF7F3E72FF7FECEBFF7F5472FF7F62
:1002A000F8EBFF7F6A72FF7F04ECFF7F8072FF7FB5
:1002B00024ECFF7F9672FF7F44ECFF7FAC72FF7FE0
:1002C00064ECFF7FC272FF7F70ECFF7FD872FF7F0C
:1002D00090ECFF7FEE72FF7F01000000E678FF7F69
:1002E000AB08B1800879FF7FB0A801801A79FF7F41
:1002F000B0A90A805C7AFF7F010000005E7AFF7F70
:10030000B0AB1080C67AFF7FB0A80980FE7AFF7F6D
:1003100001000000027BFF7F00840280167BFF7FCC
:1003200001000000CE7BFF7F80ECFF7FD47BFF7F4E
:1003300084ECFF7F2C7CFF7F90ECFF7FAC7CFF7F09
:1003400001000000B87CFF7FACECFF7FDA7CFF7F10
:10035000BCECFF7F8C7DFF7FECECFF7F3E7EFF7F60
:100360001CEDFF7F6A7EFF7F2CEDFF7FB87EFF7F55
:1003700001000000BE7EFF7F01AB06806A7FFF7F29
:10038000B4EDFF7FD67FFF7FC4EDFF7F0480FF7F4A
:10039000D0EDFF7F8C80FF7FE0EDFF7FCE80FF7F81
:1003A00001000000D680FF7FF0EDFF7FEA80FF7F35
:1003B00001000000A081FF7FB0AF02802A82FF7F92
:1003C000B0B0A8804C82FF7FDCEDFF7F5682FF7FBC
:1003D000B0B0A8805A82FF7FB0A902807682FF7FEA
:1003E000AB08B1809082FF7FB0B0AA80BA82FF7F55
:1003F000B0A90280E882FF7FAB08B1802C83FF7F29
:10040000B0EDFF7F2E83FF7FB0B0AA806083FF7FB7
:10041000010000009A83FF7FB0AC3F80DA83FF7F4A
:1004200001000000E283FF7FB0B0AA80FA83FF7F63
:10043000010000000284FF7FB0B0AA801A84FF7F11
:1004400001000000F685FF7F008402800286FF7FA6
:10045000B0B0A8800C86FF7FB0B0AC804686FF7F2E
:10046000B0AA01807486FF7FB0B0A8801C87FF7F90
:10047000CCEDFF7FE487FF7FFCEDFF7F6488FF7F8B
:10048000010000006888FF7FB0B0AA80A288FF7FCB
:10049000B0AB08801689FF7FB0AA07804289FF7F32
:1004A000B0AA05806A89FF7F010000006E89FF7F86
:1004B000B0B0A8809E89FF7F01000000BC89FF7F4B
:1004C000B0B0A880EC89FF7F010000000A8AFF7F9E
:1004D000B0B0A8802C8AFF7F010000002A8AFF7F2D
:1004E000B0AB08803A8BFF7F01000000388BFF7FA4
:1004F000B0AA0180488BFF7F01000000528BFF7F74
:10050000A908B180588BFF7FB0AB0280848BFF7F3E
:10051000A0EDFF7FD08DFF7FBCEDFF7F1C90FF7FA4
:10052000B0AB06804890FF7FB0B0A8805E90FF7FA0
:10053000A908B1807A90FF7FDCEDFF7F8090FF7F7C
:10054000B0AF02800491FF7FAF0C97804494FF7F8F
:10055000AF0697809E95FF7FB0AF0E80A696FF7F77
:10056000B0AD1C806097FF7FB0AD2680EE97FF7F17
:10057000B0AF1080A899FF7FF8EDFF7F3A9AFF7F18
:1005800004EEFF7FD69AFF7F01000000D29AFF7F22
:10059000AB08B180F09AFF7FB0A80180029BFF7F7B
:1005A000B0A90A80449CFF7F01000000469CFF7FA9
:1005B000B0AB1080AE9CFF7FB0A80980E69CFF7FA7
:1005C00001000000EA9CFF7F00840280FA9CFF7F0C
:1005D00001000000829DFF7FD4EDFF7FDA9DFF7F49
:1005E000E0EDFF7F5C9EFF7F01000000689EFF7FC3
:1005F000FCEDFF7F8C9EFF7F0CEEFF7F409FFF7F17
:100600003CEEFF7FF49FFF7F6CEEFF7F20A0FF7F1B
:100610007CEEFF7F6AA0FF7F0100000070A0FF7FDB
:1006200001AB06801CA1FF7F80EEFF7FBAA1FF7F98
:10063000FCEEFF7F26A2FF7F0CEFFF7F54A2FF7F1F
:1006400018EFFF7F32A3FF7F28EFFF7F72A3FF7FAA
:1006500001A9028094A3FF7F0100000092A3FF7F05
:10066000AB08B180C8A3FF7F01000000CCA3FF7FCF
:10067000A908B180E6A3FF7F0CEFFF7F02A4FF7FF4
:10068000010000000CA4FF7FB0B0A88044A4FF7F4D
:1006900054EFFF7F46A4FF7F0100000050A4FF7FBE
:1006A00070EFFF7F54A4FF7F74EFFF7F60A4FF7F94
:1006B000A908B180BEA4FF7F70EFFF7FE6A4FF7F93
:1006C000010000003EA7FF7FB0B0A88048A7FF7FD1
:1006D000B0B0AA8064A7FF7FB0A8018038A8FF7FD0
:1006E0000100000042A8FF7FB0B0AC807CA8FF7F73
:1006F000BCEFFF7F00A9FF7FB0AB088074A9FF7F2C
:10070000B0AA0780A0A9FF7FB0AA0580C8A9FF7F73
:1007100001000000CCA9FF7FB0B0A880FCA9FF7F3A
:10072000010000001AAAFF7FB0B0A8804AAAFF7F8C
:100730000100000068AAFF7FB0B0A8808AAAFF7FEE
:100740000100000082ABFF7FB0AB088092ACFF7F5E
:100750000100000090ACFF7FB0AA0180A0ACFF7F39
:1007600001000000AAACFF7FA908B180B0ACFF7FF8
:100770000100000038ADFF7FB0AB028074ADFF7F99
:10078000B0AA018092ADFF7FB0B0AE8072AEFF7FA5
:10079000B0A9028086AEFF7F0100000070AFFF7F2E
:1007A000A908B1808CAFFF7F0100000094AFFF7FEC
:1007B000A908B180B0AFFF7F01000000B8AFFF7F94
:1007C000AF089780F4B0FF7FB0A9068014B1FF7F17
:1007D000AF08978002B2FF7FAF06978010B3FF7F0C
:1007E000B0A9068030B3FF7FB0AC078080B3FF7F35
:1007F000AF089780C4B4FF7FB0A90680E8B4FF7F3C
:10080000AF08978004B6FF7FB0A9068028B6FF7FA7
:10081000AF0A978030B8FF7FB0A9088058B8FF7F33
:10082000AF0A978060BAFF7FB0A9088088BAFF7FBF
:10083000B0AB0680B4BAFF7FB0AD268028BBFF7F87
:10084000B0AF0280ACBBFF7FAF0C9780ECBEFF7FE8
:10085000AF06978046C0FF7FB0AA078074C0FF7FB5
:10086000B0AF10808AC2FF7FB0AA078024C3FF7F89
:10087000B0AC0B807CC3FF7FB0AA0780E0C3FF7FD2
:10088000B0AF0E80E8C4FF7FB0AE1B807AC5FF7F9B
:10089000B0AE25800CC6FF7FB0AF128014C7FF7FBB
:1008A000010000003CC7FF7FA0F1FF7F6EC7FF7F04
:1008B000A4F1FF7FFCC7FF7FA908B18034C8FF7F88
:1008C0000100000070C8FF7FB0B0A88080C8FF7F23
:1008D0000100000096C8FF7FAD08B18036C9FF7FD8
:1008E0000100000064C9FF7FC0F1FF7F74C9FF7F72
:1008F00001000000CEC9FF7FB0A90280FAC9FF7FC6
:100900000100000006CAFF7FB0AE018074CAFF7FFD
:100910000100000096CAFF7FB0A90280CACAFF7F0B
:10092000B0AB0280FECAFF7F008402800ACBFF7F4B
:10093000B0B0A88020CBFF7F7CF1FF7F22CBFF7F70
:10094000B0A9028036CBFF7FB0AA01808ECBFF7F9B
:1009500001000000BACCFF7FB0AA0380E4CCFF7F87
:100960000100000088CDFF7FB0AC07802ACEFF7F5A
:100970000100000092CFFF7F88F1FF7FDCCFFF7F77
:10098000010000008AD0FF7FB0AC01800ED1FF7F54
:100990007CF1FF7F48D1FF7FB0B0AA8060D1FF7F9C
:1009A000B0AA0180B6D1FF7F00840480C6D1FF7F4A
:1009B0008CF1FF7FCED1FF7F01000000D0D1FF7FFF
:1009C00098F1FF7FD0D1FF7F9CF1FF7FD2D1FF7FD5
:1009D000B0B0A88006D2FF7FB0B0AA8032D2FF7F2D
:1009E000B0B0A88098D2FF7F01000000AED2FF7F98
:1009F00080F1FF7FBAD2FF7F0100000076D3FF7F36
:100A0000B0B0AC8098D3FF7F01000000D6D3FF7F49
:100A1000B0AF028040D4FF7F0100000064D4FF7FAC
:100A2000B0AF1080C8D6FF7FB0AF0880E4D7FF7F9B
:100A3000010000000CD8FF7F74F1FF7F22D8FF7FF8
:100A40000100000090D9FF7FB0AA0180CAD9FF7FC2
:100A5000B0A80180ECD9FF7F7CF1FF7FFED9FF7F3A
:100A60000100000042DAFF7F8CF1FF7FA0DAFF7FF8
:100A7000B0B0AA80BCDAFF7FB0A80180CCDAFF7FDB
:100A80000100000000DBFF7FB0B0AA801EDBFF7F0B
:100A9000010000005EDBFF7FB0B0A88066DBFF7F57
:100AA00001000000E8DBFF7FFCF1FF7F10DCFF7F2F
:040AB0000100000041
:100AB40000000000140B0200AD69000000000000FB
:100AC400057E00000000000000000000540B02003E
:100AD40000000000340B0200E36401000000000089
:100AE40000000000740B0200B14800000000000088
:100AF4000157000000000000A125000000000000D4
:100B0400D542000000000000EB640100000000007A
:100B1400501C0200941C0200440E020068010020D4
:100B240044120020C547000000000000000000003F
:100B3400C41C0200DC1C0200200E02006A0100201A
:100B4400F8120020894C00000000000000000000A2
:100B5400D01C0200F41C0200200E02006C010020D4
:100B640004130020894C0000000000000000000075
:100B7400381D0200541D0200600E02006E010020A8
:100B8400640000206D62010000000000000000000D
:100B9400000000001D520100000000001D52010071
:100BA400000000001D520100000000001D52010061
:100BB400000000001D520100895C00004B6601002A
:100BC400000000001D520100000000001D52010041
:100BD400740B02008B620100000000001D52010032
:100BE400000000001D520100000000001D52010021
:100BF400000000001D520100416400004B6601002A
:100C0400000000001D520100000000001D52010000
:100C1400000000001D520100000000001D520100F0
:100C2400000000001D520100000000001D520100E0
:100C3400000000001D5201000000000019580000CF
:100C4400000000001D520100000000001D520100C0
:100C5400000000001D520100000000001D520100B0
:100C6400000000001D520100000000001D520100A0
:100C7400000000001D520100000000001D52010090
:100C8400000000001D520100000000001D52010080
:100C9400000000001D520100000000001D52010070
:100CA400000000001D520100000000001D52010060
:100CB400000000001D520100000000001D52010050
:100CC400000000001D520100000000001D52010040
:100CD400000000001D520100000000001D52010030
:100CE400000000001D520100000000001D52010020
:100CF400000000001D520100000000001D52010010
:100D0400000000001D520100000000001D520100FF
:100D1400000000001D520100000000001D520100EF
:100D2400000000001D520100000000001D520100DF
:100D3400000000001D520100000000001D520100CF
:100D4400000000001D520100000000001D520100BF
:100D5400000000001D520100000000001D520100AF
:100D6400000000001D520100000000001D5201009F
:100D7400000000001D520100000000001D5201008F
:100D8400000000001D520100000000001D5201007F
:100D9400000000001D520100000000001D5201006F
:100DA400000000001D520100000000001D5201005F
:080DB400000000001D520100C7
:100DC00098020020A81F002000040000B1150000B8
:100DD000000000000000000000000000070000000C
:100DE00000000000F41202000000000000000000FB
:100DF00048030020A8230020000400008514000000
:100E000000000000000000000000000006000000DC
:100E100000000000041302000000000000000000B9
:100E2000D54A00000B590100175901002B59010048
:100E3000355901003F590100D54900007F59010093
:040E400000000000AE
:100E44008D470000195701005B57010000000000A6
:0C0E54002D56010000000000000000000E
:100E6000735B01004D5200005F5F0100A150000064
:100E7000195B0100E95E01001D5C0100FD4F0000EF
:040E80006D5A0100A6
:100E8400ED3B010025B400008DFB0000F9FF0000DC
:0C0E9400D1010100990F0100B510010010
:100EA0008013020003000000101302000300000082
:100EB0003C130200030000003C1402000300000089
:100EC000841C0200030000007C14020003000000E8
:100ED0008014020003000000EC1502000300000073
:100EE000701B020003000000D01E0200030000007F
:100EF000301C020003000000441D0200030000003B
:100F00001016020018000020D81502000100000091
:100F1000040000000F0000000100000008000000B5
:100F20002000000060000000700000000D000000C4
:100F30000C0000000E0000005000000074000000D3
:100F4000A8000000FFFFFFFFFFFFFFFFFFFFFFFF05
:040F5000FFFFFFFFA1
:100F6000002584500028845000000000000000008C
:100F70000338FDD8704700000100000000000000A9
:100F80000500000000000000190000000000000043
:100F90007D00000000000000710200000000000061
:100FA000350C000000000000093D000000000000BA
:100FB0002D31010000000000E1F5050000000000F7
:100FC00065CD1D0000000000F90295000000000042
:100FD000DD0EE90200000000514A8D0E0000000005
:100FE0009573C24800000000E941CC6B010000008D
:100FF0008D49FD1A07000000C16FF2862300000032
:10100000C52EBCA2B1000000D9E9AC2D78030000C8
:101010003D9160E45811000031D6E275BC560000E5
:10102000F52E6E4DAEB10100C9EA2683677808003F
:10103000ED95C28F055A2A00A1EDCCCE1BC2D3007C
:1010400025A4000A8BCA2204000000000000000052
:101050000000000000000010000000000000000080
:10106000B9340332B7F4AD1410DB1AB30892540E3E
:101070000D307D951447BA1A66088F4D26ADC66DA2
:10108000F598BF85E2B74511CA96853D92BD1DEB27
:10109000FCA11860DCEF52163C92AE220BB8C1B432
:1010A000839D2D5B0562DA1C304C7E8F4E8BB25BCC
:1010B00016F4529F8B56A512FBD4827643ED8AF02C
:1010C0008FE7F9311565191850F19BD94A13EEB421
:1010D000284CF0A686C1251F035FC270CB9E49161F
:1010E000E642889C44EB2014B0650836AD6EA585B9
:1010F00085F0CA14E2FD031A0B899979D5B13D092F
:10110000D8DA973A35EBCF10AC363F5E73BB38CFA9
:101110003E6752FA44AFBA1501000000000000001B
:101120000000000000000020345065C05FC9A652D6
:10113000BB13CBAEC440C21806C8DF7100D5A87C73
:10114000F56F0FDA58FC27136E4756357D2420655E
:1011500002C7E768E48CA41DE9E60268D7CD3961CF
:101160007977FCC2405BEF16798CDE43FFA751F91B
:1011700091F3B278F5BDBE11E857E9D6E8BEE87B39
:10118000B054AC8F848D751BEA23A499E9F9D38BF5
:10119000B7A3714061DA3E15CEE33ECB73F9480840
:1011A0008C97B427D51B7010A2BFEFB9EB85321511
:1011B0004DB44DB49BBB6F1996B6076CF8E7EEAD16
:1011C00036D9B4F59135AE13222218AF4E6A684D68
:1011D00091DAAA3D4F40741E9FBD9EE006A1C098C3
:1011E00057C2A7FDA40E90170E7D497173E3208F9F
:1011F000B220D87605143B12853D7434811343B078
:10120000AD297A5F27F4351C53656D6170686F7284
:10121000652054616B656E2C20436F756E74203DA4
:101220002025690A0000000053656D6170686F72C7
:101230006520476976656E2C20436F756E74203D7E
:101240002025690A0000000052657475726E2076D0
:10125000616C75652066726F6D206B5F6D73677171
:101260005F707574203D20256400000050726F642B
:101270007563657220657865637574696F6E207437
:10128000696D65203D20256C6C64206D7300000045
:1012900052657475726E2076616C75652066726F2A
:1012A0006D206B5F6D7367715F676574203D2025EE
:1012B00064000000436F6E73756D6572206578651C
:1012C000637574696F6E2074696D65203D20256CAF
:1012D0006C64206D7300000058203D202564202C94
:1012E0002059203D202564202C205A203D202564B3
:1012F00000000000636F6E73756D5F7468726561E6
:101300006400000070726F645F74687265616400ED
:101310004D41494E5F430000340B020007000000BE
:10132000340B02000600000055415254204953205E
:101330004E4F542052454144590A000055415254E1
:101340005F4300004C4544275320415245204E4FF7
:1013500054205245414459004C454430204E4F548E
:1013600020434F4E46494755524544004C45443171
:10137000204E4F5420434F4E464947555245440056
:101380004C45445F43000000340B0200070000009E
:10139000340B02000600000028756E7369676E65E5
:1013A00064292063686172202A2075736564206651
:1013B0006F722025257020617267756D656E742EC1
:1013C0002049742773207265636F6D6D656E646567
:1013D0006420746F206361737420697420746F20BB
:1013E000766F6964202A2062656361757365206980
:1013F00074206D6179206361757365206D69736216
:1014000065686176696F7220696E206365727461C8
:10141000696E20636F6E66696775726174696F6E5D
:10142000732E20537472696E673A222573222061ED
:101430007267756D656E743A256400006362707240
:10144000696E74665F7061636B61676500000000C0
:101450006C6F6767696E6700A804002000010000D8
:101460009F4E0100F54D010002000000A750010051
:101470000000000000000000000000006C6F67002A
:101480006C6F675F6D676D74000000004D6573736E
:10149000616765202822257322292064726F70708D
:1014A0006564206265636175736520697420657881
:1014B00063656564732073697A65206C696D69740E
:1014C0006174696F6E202825752900004D6573735E
:1014D0006167652064726F70706564206265636126
:1014E000757365206974206578636565647320731E
:1014F000697A65206C696D69746174696F6E202802
:10150000257529005B2530386C755D2000000000D2
:101510005B253032753A253032753A253032752EDA
:10152000253033752C253033755D20001B5B306D05
:10153000000000002573000025732E0025733A205B
:10154000000000003C25733E2000000025732F00A2
:101550002573200025303278200000002020200054
:101560007C00000025630000206D65737361676572
:10157000732064726F70706564202D2D2D0D0A1B11
:101580005B306D001B5B313B33316D2D2D2D200009
:101590001B5B313B33316D001B5B313B33336D00E3
:1015A0006572720077726E00696E66006462670031
:1015B00000000000901502009815020000000000D5
:1015C0000000000000000000A0150200A4150200A9
:1015D000A8150200AC1502006C6F675F6261636B57
:1015E000656E645F75617274000000006C6F675F08
:1015F000756172740000000000160200780C002073
:1016000031300000900C00209C0C002001000000F4
:10161000755101006751010053510100475101000C
:10162000000000003B510100000000002A2A2A208F
:10163000426F6F74696E67206E524620436F6E6E04
:101640006563742053444B2076332E312E312D6543
:101650003261393766653235373861202A2A2A0ADD
:10166000000000002A2A2A205573696E67205A65F7
:1016700070687972204F532076342E312E39392DEF
:10168000666638663063353739656562202A2A2AEE
:101690000A00000000000000915101006D757465A2
:1016A000785F696E69742063616C6C65642077692A
:1016B0007468204E554C4C20706172616D65746584
:1016C00072000000436F756C64206E6F7420616C53
:1016D0006C6F63617465206D7574657820626566F2
:1016E0006F726520696E697469616C697A696E6789
:1016F00000000000380000203000002028000020FA
:1017000000000000200000201D320000C131000058
:1017100045310000D930000072302F61313A20206D
:10172000307825303878202072312F61323A2020ED
:10173000307825303878202072322F61333A2020DB
:10174000307825303878000072332F61343A202009
:10175000307825303878207231322F69703A202065
:10176000307825303878207231342F6C723A20204E
:10177000307825303878000020787073723A202055
:1017800030782530387800004661756C74696E6772
:1017900020696E737472756374696F6E206164641E
:1017A0007265737320287231352F7063293A2030A7
:1017B0007825303878000000556E68616E646C657D
:1017C00064204952516E3A2025640000535053451D
:1017D0004C20696E20746872656164206D6F646569
:1017E00020646F6573206E6F7420696E6469636135
:1017F00074652050535000002A2A2A2A2A20555363
:10180000414745204641554C54202A2A2A2A2A007D
:1018100020204469766973696F6E206279207A6549
:10182000726F00002020556E616C69676E656420E0
:101830006D656D6F7279206163636573730000007D
:101840002020537461636B206F766572666C6F77CE
:101850002028636F6E746578742061726561206EF4
:101860006F742076616C69642900000020204E6F3F
:1018700020636F70726F636573736F7220696E732C
:101880007472756374696F6E730000002020496C78
:101890006C6567616C206C6F6164206F66204558D1
:1018A000435F52455455524E20696E746F20504329
:1018B000000000002020496C6C6567616C20757326
:1018C00065206F6620746865204550535200000003
:1018D0002020417474656D707420746F2065786584
:1018E0006375746520756E646566696E65642069EC
:1018F0006E737472756374696F6E00002A2A2A2AE7
:101900002A204465627567206D6F6E69746F72205E
:10191000657863657074696F6E202A2A2A2A2A0006
:101920005265736572766564204578636570746985
:101930006F6E20280000000053707572696F757318
:1019400020696E7465727275707420284952512036
:10195000000000002A2A2A2A2A202573202564292B
:10196000202A2A2A2A2A00002A2A2A2A2A204D50F6
:1019700055204641554C54202A2A2A2A2A00000084
:101980002020537461636B696E67206572726F7299
:101990002028636F6E746578742061726561206DB4
:1019A00069676874206265206E6F742076616C6967
:1019B000642900002020556E737461636B696E6743
:1019C000206572726F7200002020446174612041B2
:1019D00063636573732056696F6C6174696F6E0021
:1019E00020204D4D46415220416464726573733A24
:1019F00020307825780000002020496E73747275BD
:101A00006374696F6E204163636573732056696FF9
:101A10006C6174696F6E00002020466C6F617469A0
:101A20006E672D706F696E74206C617A79207374A3
:101A300061746520707265736572766174696F6E2A
:101A4000206572726F7200002A2A2A2A2A204255C3
:101A500053204641554C54202A2A2A2A2A000000A5
:101A60002020537461636B696E67206572726F72B8
:101A70000000000020205072656369736520646176
:101A8000746120627573206572726F7200000000CD
:101A900020204246415220416464726573733A20AB
:101AA00030782578000000002020496D7072656351
:101AB0006973652064617461206275732065727258
:101AC0006F7200002020496E737472756374696FC1
:101AD0006E20627573206572726F72002A2A2A2A3C
:101AE0002A2048415244204641554C54202A2A2A53
:101AF0002A2A00002020427573206661756C7420CC
:101B00006F6E20766563746F72207461626C6520FD
:101B100072656164000000002020446562756720E2
:101B20006576656E7400000020204661756C742037
:101B3000657363616C6174696F6E202873656520DD
:101B400062656C6F77290000415243485F455843F6
:101B5000455054207769746820726561736F6E20F8
:101B600025780A00000000200000000006000100A7
:101B70006D7075004661696C656420746F20616CDE
:101B80006C6F63617465206E6577204D50552072CF
:101B90006567696F6E2025750A00000050617274D8
:101BA0006974696F6E2025753A2073616E69747966
:101BB00020636865636B206661696C65642E000054
:101BC000496E76616C696420756E6465726C7969C2
:101BD0006E6720726567696F6E20696E6465782034
:101BE0002575000002000000FC1B0200464C41531A
:101BF000485F30005352414D5F300000000000004C
:101C0000EC1B020006000000E0FF0F0000000020B7
:101C1000F41B020021000000E0FF0620400000202D
:101C2000D811002061626F727428290A0000000038
:101C3000736F6300212025248F5501002F5501006B
:101C4000000000008D4500006D4500000000000010
:101C5000636C6F636B403530303000006866636CD6
:101C60006B0000006C66636C6B0000006866636C60
:101C70006B3139326D0000006866636C6B617564AE
:101C8000696F0000636C6F636B5F636F6E74726F7C
:101C90006C00000011460000814600005C1C020040
:101CA00099570100C1570100641C02008F570100C1
:101CB000B75701006C1C020085570100AD570100A9
:101CC000781C02006770696F403834323830300059
:101CD0006770696F4038343235303000FFFF0000E4
:101CE00000288450000000000100000000D00050D7
:101CF00000000000FFFFFFFF0025845000000000EF
:101D00000000000000D000500000000000010203AD
:101D1000040506070B0000004661696C65642074C9
:101D20006F20616C6C6F6361746520505049204373
:101D300068616E6E656C0000756172744038303099
:101D400030000000756172745F6E7266785F756155
:101D50007274650000800050050000000000000063
:101D6000881D02000000D6010000000000000000F5
:101D700000000000000000001813002010130020D5
:101D80007F1F00207E1F002000800050941D020055
:101D9000010000009C1D020004000000140000006F
:101DA0001300000216060001150600030020303063
:101DB00030303030303030303030303000010000E2
:101DC00000010000080000000300000043505520FF
:101DD000657863657074696F6E000000556E6861A8
:101DE0006E646C656420696E7465727275707400DF
:101DF000537461636B206F766572666C6F77000059
:101E00004B65726E656C206F6F7073004B65726E00
:101E1000656C2070616E696300000000556E6B6E2A
:101E20006F776E206572726F72000000756E6B6E58
:101E30006F776E0048616C74696E67207379737494
:101E4000656D00003E3E3E205A455048595220469E
:101E50004154414C204552524F522025643A20258E
:101E600073206F6E20435055202564004661756CC9
:101E70007420647572696E6720696E74657272751C
:101E800070742068616E646C696E670A00000000FF
:101E900043757272656E74207468726561643A206D
:101EA000257020282573290069646C6500000000F6
:101EB0006D61696E00000000B40A0200B40A0200FD
:101EC000F40A0200FC0A0200140B0200140B0200C8
:101ED0006F730000FF8FFFFFFF8FFFFFFE8FFFFF7D
:101EE000FE8FFFFFFD8FFFFFFC8FFFFFFC8FFFFFCB
:101EF000FB8FFFFF6D757465785F667265652063A3
:101F0000616C6C65642077697468204E554C4C2078
:101F1000706172616D6574657200000043616E27C7
:101F20007420696E697469616C697A65206D757475
:101F300065782C20776173204E554C4C0D0A0000BB
:101F4000436F756C64206E6F74206C6F636B2070D0
:101F50006F7765722073617665206D7574657800A2
:101F6000402D02002C320200801C0020241C002086
:101F70006C1C0020181C0020741C0020201C002059
:101F8000901C0020341C00208C1C0020301C0020E1
:101F9000881C00202C1C0020841C0020281C0020F1
:101FA000701C00201C1C002000000000000000002D
:101FB000000000005C2A0200258C0000F174010082
:101FC00000000000502A0200618C00000F75010023
:101FD00000000000682A0200CD8E00008775010015
:101FE000402D02004F320200102E0200603202002B
:101FF0000000000002000000601F0200020000005C
:10200000E01F020002000000D02D02008D3202000D
:10201000E81F0200102E0200A9320200000000009A
:1020200002000000601F020002000000E01F02002A
:1020300002000000D02D0200D6320200142002005F
:10204000102E0200F2320200000000000200000028
:10205000601F020002000000E01F020002000000FA
:10206000D02D02002033020040200200102E02007A
:102070003D3302000000000002000000601F02006B
:1020800002000000E01F020002000000D02D02004C
:102090006B3302006C20020000000000E81F020009
:1020A0000000000000000000000000000000000030
:1020B0000000000000000000000000000000000020
:1020C00000000000000000000820020079920000DB
:1020D0008D7B010025900000C3750100199100005F
:1020E000CB750100CF7501004D910000D375010043
:1020F00000000000142002000000000000000000AA
:1021000000000000000000000000000000000000CF
:1021100000000000000000000000000000000000BF
:10212000342002008D9200009F7B01005990000036
:10213000C3750100B1900000CB750100CF7501009F
:10214000E1900000D3750100000000004020020073
:10215000000000000000000000000000000000007F
:10216000000000000000000000000000000000006F
:10217000000000000000000060200200A1920000AA
:10218000B17B0100097B0100D775010005920000B9
:10219000CB750100CF750100BD910000D375010022
:1021A000000000006C2002000000000000000000A1
:1021B000000000000000000000000000000000001F
:1021C000000000000000000000000000000000000F
:1021D0008C200200659200007B7B01001B790100CE
:1021E000D77501006D910000CB750100CF7501001E
:1021F000C98F0000D3750100102E0200FD330200CC
:10220000000000000200000050290200020000004F
:10221000D8220200020C0000102E0200323402000C
:10222000000000000200000044290200020000003B
:10223000D8220200020C0000102E020066340200B8
:1022400000000000020000008C29020002000000D3
:10225000D8220200020C0000102E0200A13402005D
:102260000000000002000000AC2902000200000093
:10227000D8220200020C0000102E0200DC34020002
:1022800000000000020000000C2A02000200000012
:10229000D822020002080000102E020012350200AF
:1022A0000000000002000000182A020002000000E6
:1022B000D822020002080000102E02004835020059
:1022C0000000000002000000CC2902000200000013
:1022D000D822020002100000402D02007D350200CD
:1022E000102E0200963502000000000002000000DF
:1022F000302A020002000000D8220200020800007A
:1023000000000000F8210200FD940000637E01003F
:10231000CFAC0100D7AC010061AE01004DAE0100B1
:1023200039AE010000000000182202008D95000067
:10233000AB7E0100ED7B01005B830100E9AC010095
:10234000000000003822020021950000757E010087
:102350006DAC010073AC0100B1AE01009DAE010097
:1023600089AE010075AE010079AC01007FAC0100BF
:10237000A7AC0100000000005822020049950000AF
:10238000877E01000BAC010011AC010001AF010020
:10239000EDAE0100D9AE0100C5AE010017AC0100E1
:1023A0001DAC010045AC01000000000078220200D5
:1023B000B9950000BD7E01005B7D010091830100A5
:1023C0000000000098220200DD950000CF7E010091
:1023D000CB7D0100017F010000000000B822020057
:1023E00071950000997E0100177E01002184010093
:1023F0000B7E010000000000E022020001960000B8
:10240000E17E0100517D01000F7D0100CD7C0100C6
:102410008B7C0100497C0100077C0100402D0200FB
:102420009D360200102E0200AC36020000000000B3
:1024300002000000601F0200020000001C240200D5
:10244000020000000000000024240200D59C0000CF
:1024500075870100F78701000788010027880100C0
:10246000378801006D8701009B870100718701009B
:1024700087870100402D02001F370200402D020017
:102480002C370200402D02003B370200D02D020005
:102490004D370200601F0200D02D02006537020098
:1024A000601F0200102E02007E37020000000000B4
:1024B00002000000601F0200020000007C240200F5
:1024C00002000000102E02009E37020000000000F3
:1024D00002000000601F0200020000007C240200D5
:1024E00002000000102E0200BE37020000000000B3
:1024F00002000000601F02000200000084240200AD
:1025000002000000D02D0200D7370200601F020039
:10251000D02D02001D380200601F0200102E0200A4
:10252000633802000000000002000000601F02008B
:1025300002000000742402000200000000000000FD
:102540008C240200A59D00008F890100598C010098
:10255000898B0100358901000000000098240200E9
:10256000A18E0000697501001B890100238901000B
:10257000F98A0100E98A0100D98A010000000000FF
:10258000A4240200CD8B0000B5740100B9880100BD
:10259000BF880100398B0100298B0100198B0100D4
:1025A000098B0100C5880100CB880100F388010078
:1025B00000000000C4240200F98B0000D374010065
:1025C000578801005D880100798B0100698B01004B
:1025D000598B0100498B0100638801006988010063
:1025E0009188010000000000E4240200899D0000A1
:1025F0007D8901002F890100D5E3010033890100A5
:1026000000000000042502004D9D000047890100E4
:102610001D9F0100B79F010000000000102502006F
:10262000619D0000598901001DA00000399501003D
:10263000000000001C250200759D00006B89010050
:102640002B8901005B9D0100E19D0100039C0100BD
:10265000C59C0100F39A0100679E0100102E020044
:10266000A8380200000000000200000098240200C8
:1026700002000000D8220200020C0000102E02000E
:10268000DD38020000000000020000008C2402007F
:1026900002000000D8220200020C0000102E0200EE
:1026A000113902000000000002000000A424020012
:1026B00002000000D8220200020C0000102E0200CE
:1026C0004C3902000000000002000000C424020097
:1026D00002000000D8220200020C0000102E0200AE
:1026E00087390200000000000200000004250200FB
:1026F00002000000D822020002080000102E020092
:10270000BD39020000000000020000001025020098
:1027100002000000D822020002080000102E020071
:10272000F33902000000000002000000E42402006F
:1027300002000000D822020002100000102E020049
:10274000283A020000000000020000001C250200E0
:1027500002000000D8220200020800000000000071
:102760005C26020049B50000C7A201001B890100D8
:1027700023890100F98A0100E98A0100D98A010050
:10278000000000007C260200D9B500000FA3010064
:1027900085A001005BA80100358901000000000050
:1027A0009C2602006DB50000D9A20100B988010085
:1027B000BF880100398B0100298B0100198B0100B2
:1027C000098B0100C5880100CB880100F388010056
:1027D00000000000BC26020095B50000EBA201003D
:1027E000578801005D880100798B0100698B010029
:1027F000598B0100498B0100638801006988010041
:102800009188010000000000DC26020005B60000EF
:1028100021A30100F3A1010091A801000000000024
:10282000FC26020029B6000033A3010063A20100C8
:1028300057A30100000000001C270200BDB50000E6
:10284000FDA20100AFA2010077A90100A3A201002F
:10285000000000003C2702004DB6000045A3010027
:10286000E9A10100A7A1010065A1010023A10100C8
:10287000E1A001009FA00100679E0100D02D020091
:102880005D3A0200A42C0200000000007C28020037
:1028900039B900007FAA0100F1D00100F3D0010096
:1028A000EFA90100BFA90100E9A901002BD1010096
:1028B00039AA01009FAA010091AA0100B3AA010050
:1028C0002DAA01005BAA0100D02D0200A43A02004B
:1028D000E428020000000000C828020051BA0000ED
:1028E000DBAA0100402D0200C63A020000000000F1
:1028F000E4280200C9BA0000C5AB0100102E020096
:10290000D23A02000000000001000000C8280200C6
:1029100003F4FFFF282902003C2902000800000000
:1029200000000000FC28020001BB0000D7AB010042
:10293000F8FFFFFFF8FFFFFFFC28020025BB0000A7
:10294000E9AB0100D02D0200D53A0200601F020061
:10295000D02D0200E33A0200601F0200D02D0200D9
:10296000F23A0200601F0200D02D02002C3B020050
:10297000601F0200D02D0200663B0200601F0200B3
:10298000D02D02007F3B0200601F0200102E0200CB
:10299000923B02000000000002000000601F0200E5
:1029A000020000007C24020002000000102E020041
:1029B000A83B02000000000002000000601F0200AF
:1029C000020000007C24020002000000102E020021
:1029D000BE3B02000000000002000000601F020079
:1029E000020000008424020002000000102E0200F9
:1029F000CD3B02000000000002000000601F02004A
:102A000002000000E01F020002000000D02D0200C2
:102A1000F93B0200601F0200D02D0200353C02008D
:102A2000601F0200D02D0200713C0200601F0200F6
:102A3000102E0200AC3C020000000000020000006A
:102A4000601F020002000000742402000200000067
:102A5000D02D0200E73C0200601F0200D02D0200D2
:102A6000053D0200601F0200D02D0200233D020040
:102A7000601F02000000000044290200DDBB0000CE
:102A80008BAD010069AF0100B1BC0000E9AC0100F1
:102A900000000000502902009D8F0000A575010074
:102AA000CFAC0100D7AC010061AE01004DAE01001A
:102AB00039AE0100000000005C29020035BB0000B7
:102AC000FBAC0100D1C801009BC80100EFCA0100A6
:102AD00025CB01005BCB0100F1CB010027CC01002D
:102AE000B1DA000049DB0000E1DB000091CB01001E
:102AF000000000006829020049BB00000DAD010084
:102B0000E1B80100B9B80100EDBA0100B9BC01009B
:102B100009BE010045C0010085C2010015BB0100CE
:102B2000000000007429020085BB000043AD0100D5
:102B30000000000080290200F9BB00009DAD0100EB
:102B4000000000008C290200AD8D00002D750100F1
:102B50006DAC010073AC0100B1AE01009DAE01008F
:102B600089AE010075AE010079AC01007FAC0100B7
:102B7000A7AC010000000000AC290200D98D0000C4
:102B80004B7501000BAC010011AC010001AF01005D
:102B9000EDAE0100D9AE0100C5AE010017AC0100D9
:102BA0001DAC010045AC010000000000CC29020072
:102BB000C1BB000079AD0100E3AC010017E40100E6
:102BC000E7AC010000000000EC290200000000005A
:102BD00000000000000000000000000000000000F5
:102BE00000000000000000000000000000000000E5
:102BF000000000000C2A02005DBB00001FAD0100B8
:102C00003DFA0000DDFA000000000000182A020072
:102C100071BB000031AD0100A9CA0000B5C20100BE
:102C200000000000242A020099BB000055AD0100FD
:102C3000E9C2010000000000302A0200ADBB000024
:102C400067AD0100DFAC0100A1CE010029CF01007A
:102C50006DCD010007CE01005DCC0100102E0200F9
:102C60003B3D02000000000001000000C8280200F7
:102C700003F4FFFF882C02009C2C020004000000DB
:102C8000000000005C2C020051FC0000B1CF0100EC
:102C9000FCFFFFFFFCFFFFFF5C2C020071FC00004B
:102CA000C3CF0100402D02003E3D020000000000A5
:102CB000A42C020081FC000059D10100F1D00100D8
:102CC000F3D00100F5D001000BD1010027D10100A4
:102CD0002BD10100BFD101002FD1010035D101005E
:102CE0004DD101006BD1010053D10100D02D020064
:102CF000BD3D0200642D020000000000EC2C02002B
:102D0000E1FE0000E7D50100D9FE0000D02D020051
:102D1000D83D0200642D0200000000000C2D0200CE
:102D2000FDFE0000FBD50100F5FE0000D02D0200E5
:102D3000E43D0200F42D0200000000002C2D0200F2
:102D400011FF00004DD601009FDD01009FDD010055
:102D5000B7D601000FD601009FD6010061D6010051
:102D600041D60100402D0200283E0200D02D020075
:102D7000353E0200642D0200402D0200473E020055
:102D8000402D0200673E0200000000006C2D020092
:102D9000B3D90100B5D90100B9010100D02D02005D
:102DA0008B3E0200642D0200000000009C2D0200FA
:102DB000C905010083DC0100B1010100D02D020032
:102DC000AF3E02002C2D020000000000BC2D0200CE
:102DD00031060100AFDC01009FDD01009FDD010035
:102DE000B7D601000FD6010073DD0100FFDC010042
:102DF000C3DC0100402D0200D43E0200D02D0200B1
:102E0000E13E02002C2D020000000000FC2D02001B
:102E100045060100CFDD01009FDD01009FDD0100BF
:102E2000B7D601000FD60100EDE0010081DE010000
:102E3000E3DD0100D02D02003C3F0200EC2902003E
:102E400000000000342E02004508010041E20100AC
:102E500017E2010025E2010017E201002DE2010066
:102E600031E2010035E201002DE20100D02D020027
:102E7000DC3F0200642D0200D02D0200EC3F020076
:102E80006C2E0200D02D0200FD3F02006C2E0200CD
:102E9000D02D02000E400200642D02000000000050
:102EA0006C2E0200F90A010071E401005BE40100EC
:102EB00000000000782E02001D0B010083E40100D9
:102EC0005BE4010000000000842E0200310B0100D1
:102ED00095E401005BE4010000000000902E020078
:102EE000D50A01005FE401005BE40100D02D02007F
:102EF00032410200AC2F0200D02D02004F410200EF
:102F0000A42F0200802F020074410200EC2E020068
:102F1000102E0200864102000000000001000000A7
:102F2000BC2D02000000000000000000EC2E02009A
:102F3000250E010061E501005DE5010000000000D3
:102F4000F82E0200110E01004BE50100090E0100F0
:102F50008DE60100690E010017E601001DE6010083
:102F600047E6010000000000042F02004D0E0100A2
:102F7000ABE501005DE5010000000000102F02003C
:102F8000390E010073E501009FDD01009FDD0100A6
:102F9000B7D6010085E5010073DD0100FFDC01000B
:102FA000C3DC0100402D0200A6410200D02D02002A
:102FB000BF410200902E0200D02D0200D04102003D
:102FC000A42F0200D02D0200FA410200A42F02001B
:102FD00000000000AC2F0200491001007BE6010058
:102FE0005BE4010000000000B82F02005DE6010074
:102FF00063E60100D50F01008DE601005D100100C0
:1030000017E6010003E6010047E6010000000000AA
:10301000C42F02005BE601006FE60100DD0F010036
:103020008DE601005D100100E50F0100BDE6010025
:1030300047E60100D02D020023420200642D020069
:103040000000000034300200E5100100EBE6010052
:10305000E7E60100DD400200E1400200E540020039
:10306000E9400200A4400200ED400200F1400200ED
:10307000F5400200F9400200FD400200014102005B
:1030800005410200874002008F4002009840020084
:103090009E400200A4400200A8400200AD40020091
:1030A000B2400200B9400200C3400200CB4002001F
:1030B000D44002006B4002006F40020073400200E7
:1030C000774002007B4002007F4002008340020004
:1030D00032400200394002004040020048400200F5
:1030E000524002005B4002006240020016370200BC
:1030F00007370200294C0200204002002340020052
:103100003E4C0200874002008F40020098400200BF
:103110009E400200A4400200A8400200AD40020010
:10312000B2400200B9400200C3400200CB4002009E
:10313000D4400200564C02002640020031410200F9
:1031400031410200314102003141020031410200AF
:10315000000000000000000000000000000000006F
:103160000000004095596959555554551555555607
:1031700004051541105455404551554440455044AF
:1031800050555545004000404004449665555655FD
:10319000454045545141154055915555555540515F
:1031A0000501000054455454455505040010041011
:1031B000140440000000014055551541540400001E
:1031C00044000100000000404100004450444550CC
:1031D0005400555554556551004000400100000110
:1031E00000050100115451515455550500000000CF
:1031F000000000000000000000001F003B005A001B
:1032000078009700B500D400F300110130014E01A1
:103210006D0100001F003C005B0079009800B600C3
:10322000D500F400120131014F016E014E53743686
:103230006C6F63616C65356661636574450043005E
:10324000747275650066616C736500EFBBBF0053F7
:10325000743132636F64656376745F6261736500B5
:10326000537432335F5F636F64656376745F61626A
:103270007374726163745F6261736549447363312F
:10328000305F6D6273746174655F744500537437A9
:10329000636F64656376744944736331305F6D6254
:1032A00073746174655F744500537432335F5F6398
:1032B0006F64656376745F61627374726163745F77
:1032C000626173654944696331305F6D6273746133
:1032D00074655F744500537437636F646563767417
:1032E0004944696331305F6D6273746174655F7402
:1032F0004500537432335F5F636F64656376745F58
:1033000061627374726163745F626173654944736F
:10331000447531305F6D6273746174655F7445002C
:10332000537437636F6465637674494473447531CD
:10333000305F6D6273746174655F744500537432FD
:10334000335F5F636F64656376745F616273747229
:103350006163745F62617365494469447531305FCC
:103360006D6273746174655F744500537437636F85
:103370006465637674494469447531305F6D627386
:10338000746174655F744500EFBBBF62617369630C
:103390005F737472696E673A3A5F535F636F6E73FF
:1033A0007472756374206E756C6C206E6F74207609
:1033B000616C69640063616E6E6F74206372656135
:1033C0007465207368696D20666F7220756E6B6E10
:1033D0006F776E206C6F63616C653A3A6661636506
:1033E0007400756E696E697469616C697A656420D0
:1033F0005F5F616E795F737472696E67002A4E5306
:103400007431335F5F66616365745F7368696D73A0
:1034100031325F474C4F42414C5F5F4E5F31313339
:103420006E756D70756E63745F7368696D49634521
:1034300045002A4E537431335F5F66616365745F84
:103440007368696D7331325F474C4F42414C5F5F27
:103450004E5F313132636F6C6C6174655F736869A4
:103460006D49634545002A4E537431335F5F666191
:103470006365745F7368696D7331325F474C4F42A7
:10348000414C5F5F4E5F3131356D6F6E65797075A0
:103490006E63745F7368696D49634C62314545457D
:1034A000002A4E537431335F5F66616365745F73E6
:1034B00068696D7331325F474C4F42414C5F5F4EDC
:1034C0005F3131356D6F6E657970756E63745F73E2
:1034D00068696D49634C6230454545002A4E537416
:1034E00031335F5F66616365745F7368696D733103
:1034F000325F474C4F42414C5F5F4E5F3131346D1C
:103500006F6E65795F6765745F7368696D49634560
:1035100045002A4E537431335F5F66616365745FA3
:103520007368696D7331325F474C4F42414C5F5F46
:103530004E5F3131346D6F6E65795F7075745F7396
:1035400068696D49634545002A4E537431335F5FA6
:1035500066616365745F7368696D7331325F474C90
:103560004F42414C5F5F4E5F3131336D6573736124
:103570006765735F7368696D49634545004E5374B1
:10358000366C6F63616C65356661636574365F5F69
:103590007368696D45002A4E537431335F5F66610D
:1035A0006365745F7368696D7331325F474C4F4276
:1035B000414C5F5F4E5F31313374696D655F6765A4
:1035C000745F7368696D496345450025733A205FF0
:1035D0005F706F732028776869636820697320259E
:1035E0007A7529203E20746869732D3E73697A6567
:1035F00028292028776869636820697320257A75EF
:10360000290062617369635F737472696E673A3A25
:10361000636F70790062617369635F737472696E5E
:10362000673A3A5F535F6372656174650062617304
:1036300069635F737472696E673A3A657261736544
:103640000062617369635F737472696E673A3A5FAF
:103650004D5F7265706C6163655F61757800626172
:103660007369635F737472696E673A3A6173736901
:10367000676E0062617369635F737472696E673A43
:103680003A617070656E640062617369635F737440
:1036900072696E673A3A726573697A65005374317C
:1036A0003063747970655F6261736500537435636C
:1036B000747970654963450062617369635F73740F
:1036C00072696E673A20636F6E73747275637469A2
:1036D0006F6E2066726F6D206E756C6C2069732042
:1036E0006E6F742076616C69640062617369635FF8
:1036F000737472696E673A3A696E736572740043E7
:1037000000252E2A4C6600256D2F25642F25790073
:1037100025483A254D0025483A254D3A2553005372
:10372000743974696D655F6261736500537431301B
:103730006D6F6E65795F6261736500537431336DCF
:10374000657373616765735F62617365004E53747F
:10375000375F5F637878313137636F6C6C617465A4
:1037600049634545004E5374375F5F637878313164
:10377000386E756D70756E637449634545004E53C0
:1037800074375F5F637878313131306D6F6E657992
:1037900070756E637449634C6231454545004E5304
:1037A00074375F5F637878313131306D6F6E657972
:1037B00070756E637449634C6230454545004E53E5
:1037C00074375F5F6378783131386D657373616723
:1037D000657349634545004E5374375F5F6378787E
:1037E0003131396D6F6E65795F6765744963537404
:1037F00031396973747265616D6275665F6974658C
:103800007261746F72496353743131636861725FBE
:10381000747261697473496345454545004E53743C
:10382000375F5F6378783131396D6F6E65795F70BE
:1038300075744963537431396F73747265616D6265
:1038400075665F6974657261746F72496353743130
:1038500031636861725F747261697473496345456D
:103860004545004E5374375F5F6378783131387463
:10387000696D655F67657449635374313969737441
:103880007265616D6275665F6974657261746F728D
:10389000496353743131636861725F747261697432
:1038A00073496345454545002A4E537431335F5F84
:1038B00066616365745F7368696D7331325F474C2D
:1038C0004F42414C5F5F4E5F3131336E756D7075A5
:1038D0006E63745F7368696D49634545002A4E5392
:1038E0007431335F5F66616365745F7368696D73BC
:1038F00031325F474C4F42414C5F5F4E5F31313256
:10390000636F6C6C6174655F7368696D496345458D
:10391000002A4E537431335F5F66616365745F7371
:1039200068696D7331325F474C4F42414C5F5F4E67
:103930005F3131356D6F6E657970756E63745F736D
:1039400068696D49634C6231454545002A4E5374A0
:1039500031335F5F66616365745F7368696D73318E
:10396000325F474C4F42414C5F5F4E5F3131356DA6
:103970006F6E657970756E63745F7368696D4963A6
:103980004C6230454545002A4E537431335F5F66C3
:10399000616365745F7368696D7331325F474C4F63
:1039A00042414C5F5F4E5F3131346D6F6E65795FC0
:1039B0006765745F7368696D49634545002A4E53B6
:1039C0007431335F5F66616365745F7368696D73DB
:1039D00031325F474C4F42414C5F5F4E5F31313473
:1039E0006D6F6E65795F7075745F7368696D49633B
:1039F0004545002A4E537431335F5F6661636574D9
:103A00005F7368696D7331325F474C4F42414C5F61
:103A10005F4E5F3131336D657373616765735F73DB
:103A200068696D49634545002A4E537431335F5FC1
:103A300066616365745F7368696D7331325F474CAB
:103A40004F42414C5F5F4E5F31313374696D655F4A
:103A50006765745F7368696D49634545004E395FFA
:103A60005F676E755F6378783138737464696F5F10
:103A700073796E635F66696C6562756649635374DA
:103A80003131636861725F7472616974734963454F
:103A900045450062617369635F696F733A3A636CAD
:103AA0006561720053743962617369635F696F7332
:103AB000496353743131636861725F747261697410
:103AC000734963454500537438696F735F6261736E
:103AD0006500536900537437636F6C6C617465499A
:103AE0006345005374386E756D70756E6374496309
:103AF00045005374376E756D5F6765744963537421
:103B000031396973747265616D6275665F69746578
:103B10007261746F72496353743131636861725FAB
:103B20007472616974734963454545005374376E17
:103B3000756D5F7075744963537431396F73747246
:103B400065616D6275665F6974657261746F7249F3
:103B50006353743131636861725F74726169747345
:103B6000496345454500537431375F5F74696D653E
:103B700070756E63745F6361636865496345005384
:103B80007431315F5F74696D6570756E637449631C
:103B90004500537431306D6F6E657970756E637466
:103BA00049634C6231454500537431306D6F6E6529
:103BB0007970756E637449634C6230454500537487
:103BC000386D65737361676573496345005374327B
:103BD000335F5F636F64656376745F616273747291
:103BE0006163745F6261736549636331305F6D6205
:103BF00073746174655F7445005374396D6F6E65DD
:103C0000795F676574496353743139697374726598
:103C1000616D6275665F6974657261746F72496324
:103C200053743131636861725F747261697473498E
:103C300063454545005374396D6F6E65795F7075E6
:103C4000744963537431396F73747265616D627551
:103C5000665F6974657261746F7249635374313160
:103C6000636861725F747261697473496345454545
:103C70000053743874696D655F707574496353746B
:103C800031396F73747265616D6275665F697465F1
:103C90007261746F72496353743131636861725F2A
:103CA000747261697473496345454500537438748F
:103CB000696D655F676574496353743139697374FD
:103CC0007265616D6275665F6974657261746F7249
:103CD000496353743131636861725F7472616974EE
:103CE00073496345454500537431385F5F6D6F6EAE
:103CF000657970756E63745F636163686549634C71
:103D00006230454500537431385F5F6D6F6E657981
:103D100070756E63745F636163686549634C62319B
:103D2000454500537431365F5F6E756D70756E6317
:103D3000745F636163686549634500536F00537442
:103D4000313562617369635F73747265616D627549
:103D500066496353743131636861725F747261697B
:103D60007473496345450062617369635F7374727C
:103D7000696E673A3A5F4D5F6372656174650062B0
:103D8000617369635F737472696E673A3A726570E2
:103D90006C6163650062617369635F737472696EFD
:103DA000673A3A5F4D5F7265706C6163650073746A
:103DB000643A3A6261645F616C6C6F63005374399A
:103DC0006261645F616C6C6F63007374643A3A6241
:103DD00061645F63617374005374386261645F632C
:103DE000617374004E31305F5F6378786162697629
:103DF0003131375F5F636C6173735F747970655FD6
:103E0000696E666F45007374643A3A6578636570ED
:103E100074696F6E007374643A3A6261645F6578C6
:103E200063657074696F6E0053743965786365708B
:103E300074696F6E00537431336261645F657863D7
:103E4000657074696F6E004E31305F5F63787861C2
:103E50006269763131355F5F666F726365645F7585
:103E60006E77696E6445004E31305F5F63787861CC
:103E70006269763131395F5F666F726569676E5F5F
:103E8000657863657074696F6E45004E395F5F6772
:103E90006E755F63787832307265637572736976B8
:103EA000655F696E69745F6572726F724500004E7E
:103EB00031305F5F637878616269763132305F5F9D
:103EC00073695F636C6173735F747970655F696E4A
:103ED000666F4500537439747970655F696E666FFB
:103EE000004E31305F5F63787861626976313231DC
:103EF0005F5F766D695F636C6173735F7479706522
:103F00005F696E666F4500254C66006C6F63616C7F
:103F1000653A3A66616365743A3A5F535F63726506
:103F20006174655F635F6C6F63616C65206E616D6A
:103F300065206E6F742076616C696400537437631A
:103F40006F646563767449636331305F6D62737467
:103F50006174655F7445002D2B78583031323334ED
:103F600035363738396162636465663031323334EF
:103F70003536373839414243444546002D2B785871
:103F800030313233343536373839616263646566CF
:103F9000414243444546002D3031323334353637C3
:103FA000383900474D540048535400414B53540096
:103FB000505354004D535400435354004553540040
:103FC000415354004E535400434554004953540048
:103FD000454554004A5354000203000453743131E0
:103FE0006C6F6769635F6572726F72005374313210
:103FF0006C656E6774685F6572726F7200537431BE
:10400000326F75745F6F665F72616E6765005374BF
:10401000313372756E74696D655F6572726F7200AF
:10402000414D00504D0025493A254D3A2553202554
:10403000700053756E646179004D6F6E6461790034
:1040400054756573646179005765646E6573646166
:1040500079005468757273646179004672696461AD
:10406000790053617475726461790053756E004D07
:104070006F6E00547565005765640054687500469E
:10408000726900536174004A616E7561727900460D
:1040900065627275617279004D617263680041708A
:1040A00072696C004D6179004A756E65004A756CE5
:1040B00079004175677573740053657074656D623E
:1040C0006572004F63746F626572004E6F76656D46
:1040D00062657200446563656D626572004A616E77
:1040E00000466562004D617200417072004A756E53
:1040F000004A756C0041756700536570004F63742A
:10410000004E6F760044656300696F737472656179
:104110006D00696F73747265616D206572726F7284
:1041200000556E6B6E6F776E206572726F72003A1B
:1041300020004E537438696F735F62617365376630
:1041400061696C7572654235637878313145002A52
:104150004E31325F474C4F42414C5F5F4E5F3131D1
:1041600037696F5F6572726F725F63617465676FE5
:1041700072794500537431335F5F696F735F6661B5
:10418000696C75726500537431395F5F696F73666E
:1041900061696C5F747970655F696E666F006765F1
:1041A0006E65726963004E5374335F563231346505
:1041B00072726F725F63617465676F7279450053E5
:1041C00074313273797374656D5F6572726F7200EA
:1041D0002A4E31325F474C4F42414C5F5F4E5F3158
:1041E000323267656E657269635F6572726F725FA6
:1041F00063617465676F727945002A4E31325F479B
:104200004C4F42414C5F5F4E5F3132317379737472
:10421000656D5F6572726F725F63617465676F72FF
:104220007945004E537438696F735F626173653707
:104230006661696C75726545000020202020202091
:104240002020202828282828202020202020202046
:104250002020202020202020202088101010101046
:104260001010101010101010101004040404040496
:104270000404040410101010101010414141414179
:1042800041010101010101010101010101010101DE
:10429000010101010110101010101042424242426F
:1042A00042020202020202020202020202020202AE
:1042B0000202020202101010102000000000000094
:1042C00000000000000000000000000000000000EE
:1042D00000000000000000000000000000000000DE
:1042E00000000000000000000000000000000000CE
:1042F00000000000000000000000000000000000BE
:1043000000000000000000000000000000000000AD
:10431000000000000000000000000000000000009D
:10432000000000000000000000000000000000008D
:104330000000000000000000000053756363657317
:1043400073004E6F74206F776E6572004E6F20732E
:104350007563682066696C65206F72206469726598
:1043600063746F7279004E6F20737563682070728A
:104370006F6365737300496E7465727275707465EE
:10438000642073797374656D2063616C6C00492FD0
:104390004F206572726F72004E6F207375636820D4
:1043A000646576696365206F722061646472657309
:1043B0007300417267206C69737420746F6F206C96
:1043C0006F6E67004578656320666F726D6174205B
:1043D0006572726F7200536F636B657420616C72EB
:1043E0006561647920636F6E6E6563746564004215
:1043F00061642066696C65206E756D626572004E41
:104400006F206368696C6472656E004465737469DB
:104410006E6174696F6E206164647265737320727B
:1044200065717569726564004E6F206D6F726520ED
:1044300070726F636573736573004E6F7420656E81
:104440006F756768207370616365005065726D6990
:104450007373696F6E2064656E69656400426164A0
:10446000206164647265737300426C6F636B2064D7
:10447000657669636520726571756972656400446B
:104480006576696365206F72207265736F757263FC
:104490006520627573790046696C6520657869737B
:1044A00074730043726F73732D646576696365205E
:1044B0006C696E6B004E6F2073756368206465765F
:1044C000696365004E6F742061206469726563746E
:1044D0006F727900486F737420697320646F776E10
:1044E00000436F6E6E656374696F6E20616C7265F8
:1044F00061647920696E2070726F677265737300F2
:1045000049732061206469726563746F7279004930
:104510006E76616C696420617267756D656E74009A
:104520004E6574776F726B20696E74657266616335
:1045300065206973206E6F7420636F6E666967759E
:1045400072656400436F6E6E656374696F6E20619F
:10455000626F72746564206279206E6574776F7221
:104560006B00546F6F206D616E79206F70656E20E7
:1045700066696C657320696E2073797374656D006C
:1045800046696C652064657363726970746F72202C
:1045900076616C756520746F6F206C617267650061
:1045A0004E6F74206120636861726163746572206C
:1045B00064657669636500546578742066696C6526
:1045C00020627573790046696C6520746F6F206C8A
:1045D0006172676500486F737420697320756E722D
:1045E0006561636861626C65004E6F207370616322
:1045F00065206C656674206F6E20646576696365FE
:10460000004E6F7420737570706F7274656400492A
:104610006C6C6567616C207365656B0052656164E5
:104620002D6F6E6C792066696C6520737973746583
:104630006D00546F6F206D616E79206C696E6B73C5
:104640000042726F6B656E2070697065004D617419
:1046500068656D617469637320617267756D656EFD
:1046600074206F7574206F6620646F6D61696E20B1
:104670006F662066756E6374696F6E005265737540
:104680006C7420746F6F206C61726765004E6F20D0
:104690006D657373616765206F6620646573697209
:1046A00065642074797065004964656E7469666933
:1046B00065722072656D6F76656400496C6C656724
:1046C000616C20627974652073657175656E6365D0
:1046D00000446561646C6F636B004E6574776F7244
:1046E0006B20697320756E726561636861626C65C9
:1046F000004E6F206C6F636B004E6F7420612073EF
:10470000747265616D0053747265616D20696F63C9
:10471000746C2074696D656F7574004E6F207374CE
:104720007265616D207265736F7572636573004D9C
:10473000616368696E65206973206E6F74206F6EA7
:1047400020746865206E6574776F726B004E6F2001
:104750007061636B616765005265736F7572636545
:104760002069732072656D6F746500566972747587
:10477000616C206369726375697420697320676F67
:104780006E65004164766572746973652065727246
:104790006F720053726D6F756E74206572726F72F6
:1047A00000436F6D6D756E69636174696F6E20652E
:1047B00072726F720050726F746F636F6C206572EB
:1047C000726F7200556E6B6E6F776E2070726F74C1
:1047D0006F636F6C004D756C7469686F70206174E5
:1047E00074656D7074656400426164206D657373F7
:1047F0006167650043616E6E6F742061636365730A
:10480000732061206E6565646564207368617265FC
:1048100064206C69627261727900416363657373CD
:10482000696E67206120636F7272757074656420B1
:10483000736861726564206C696272617279002EBE
:104840006C69622073656374696F6E20696E2061A4
:104850002E6F757420636F72727570746564004199
:104860007474656D7074696E6720746F206C696E06
:104870006B20696E206D6F7265207368617265646C
:10488000206C6962726172696573207468616E2060
:1048900073797374656D206C696D69740043616E22
:1048A0006E6F74206578656320612073686172653E
:1048B00064206C69627261727920646972656374E4
:1048C0006C790046756E6374696F6E206E6F74202C
:1048D000696D706C656D656E7465640044697265C0
:1048E00063746F7279206E6F7420656D70747900D7
:1048F00046696C65206F722070617468206E616D0E
:104900006520746F6F206C6F6E6700546F6F206D41
:10491000616E792073796D626F6C6963206C696E6A
:104920006B73004E6F2062756666657220737061EE
:10493000636520617661696C61626C65004E6F2011
:104940006461746100416464726573732066616DB3
:10495000696C79206E6F7420737570706F727465F6
:10496000642062792070726F746F636F6C2066616F
:104970006D696C790050726F746F636F6C20777221
:104980006F6E67207479706520666F7220736F6335
:104990006B657400536F636B6574206F7065726133
:1049A00074696F6E206F6E206E6F6E2D736F636B08
:1049B00065740050726F746F636F6C206E6F74203B
:1049C000617661696C61626C650043616E27742079
:1049D00073656E6420616674657220736F636B65C6
:1049E000742073687574646F776E00436F6E6E65C4
:1049F0006374696F6E207265667573656400436FDA
:104A00006E6E656374696F6E207265736574206283
:104A1000792070656572004164647265737320610A
:104A20006C726561647920696E20757365004164FC
:104A30006472657373206E6F7420617661696C6156
:104A4000626C6500536F667477617265206361758F
:104A500073656420636F6E6E656374696F6E206149
:104A6000626F727400536F636B6574206973206E9C
:104A70006F7420636F6E6E656374656400536F635B
:104A80006B65742074797065206E6F742073757017
:104A9000706F7274656400536F636B657420697323
:104AA00020616C726561647920636F6E6E656374FA
:104AB0006564004F7065726174696F6E2063616E2A
:104AC00063656C6564005374617465206E6F742057
:104AD0007265636F76657261626C650050726576AF
:104AE000696F7573206F776E657220646965640005
:104AF00053747265616D73207069706520657272A0
:104B00006F72004F7065726174696F6E206E6F74A2
:104B100020737570706F72746564206F6E20736F90
:104B2000636B65740056616C756520746F6F206CE3
:104B30006172676520666F7220646566696E656480
:104B400020646174612074797065004D65737361D0
:104B5000676520746F6F206C6F6E6700436F6E6EB9
:104B6000656374696F6E2074696D6564206F757418
:104B7000002573252E2A6400257325302E2A640013
:104B80002B002D0025326400252E32642F252E3275
:104B9000642F252E326400256C7500592D256D2D4E
:104BA0002564002E2A7500252E336400252E3164DD
:104BB00000256C6C6400252E32643A252E32643A4E
:104BC000252E32640025652D25622D2500252B30EC
:104BD000336C64252E326C6400545A002531315BED
:104BE0002D2B302D39412D5A612D7A5D256E0025F2
:104BF00031315B412D5A612D7A5D256E004D25685E
:104C000075256E2E256875256E2E256875256E0016
:104C10002F256875256E3A256875256E3A256875C5
:104C2000256E00504F5349580025612025622025EC
:104C3000652025483A254D3A255320255900256100
:104C40002025622025652025483A254D3A25532008
:104C5000255A202559006D6400616E006E66696EEC
:104C600069747900616E006E66696E6974790028F6
:104C70006E756C6C29002A666C6F61742A0063641F
:104C8000696E6F70737578585B001F1C1F1E1F1EA6
:104C90001F1F1E1F1E1F1F1D1F1E1F1E1F1F1E1F2B
:044CA0001E1F0000D3
:104CA4000A000000140000001E000000740B020043
:104CB400CF440100294E0100F81502000000000055
:104CC400100200203A000000240200203A000000F4
:104CD400FC0100203A000000380200203A000000E5
:104CE40000000000D5540100000000000000000096
:104CF40050000020500000200000000000000000D0
:104D04000E000000E8080020000000000000000081
:104D1400000000000090D00300700150000000006B
:104D2400FFFFFFFF3F000000FFFFFFFF3F00000009
:104D3400FF0000009002000098000020980000206E
:104D440000000000617E0000E4000020DC00002080
:104D5400D400002000000000CC0000208D7F000063
:104D6400D97E00000D7F0000557F0000081400204C
:104D74003A00003A0C1400203A00003A10140020C3
:104D84003A00003A141400203A00003AF4000020DB
:104D9400B8000020B0000020AC000020A8000020D3
:104DA40083DB0100573F02007C3F0200973F020073
:104DB400A33F0200A73F0200AB3F0200B03F020046
:104DC400B43F0200B83F0200BC3F0200C03F0200F3
:104DD400C43F0200C83F0200CC3F0200D03F0200A3
:104DE400B83F0200D43F0200442F020014300200F6
:104DF400EC2F0200A1420000A33F0200A33F0200E7
:054E0400741F002001F5
:0B4E090000000000000000000000009E
:104E1400000000000000000000000000000000008E
:104E2400000000000000000000000000000000007E
:104E3400000000000000000000000000000000006E
:0C4E440000000000000000000000000062
:044E5000000000005E
:104E540000000000000000008D7C00000000000045
:104E64000000000000000000C8010020C80100206C
:104E7400D513000000000000000000000000000046
:084E8400000000000000000026
:104E8C00E8010020E8010020000000000000000004
:104E9C000E000000FC010020FC01002000000000BE
:104EAC00000000000E000000100200201002002084
:104EBC0000000000000000000E0000002402002092
:104ECC002402002000000000000000000E00000082
:104EDC003802002038020020000000000000000012
:044EEC000E000000B4
:104EF0004C0200204C020020000000000C000000CA
:104F000010000000E8370020A8380020E837002013
:0C4F1000E8370020000000000000000056
:104F1C007802002078020020000000000100000050
:104F2C008802002088020020000000000A00000017
:044F3C0015E015E087
:0400000300003AF5CA
:00000001FF
