:020000040000FA
:10000000D02F0020F5480000C77B0100E148000028
:10001000E1480000E1480000E1480000E14800003C
:10002000000000000000000000000000B14A0000D5
:10003000E1480000000000000D4A0000E148000017
:10004000D54C0000D54C0000D54C0000D54C00002C
:10005000D54C0000D54C0000D54C0000D54C00001C
:10006000D54C0000D54C0000D54C0000D54C00000C
:10007000D54C0000D54C0000D54C0000D54C0000FC
:10008000D54C0000D54C0000D54C0000D54C0000EC
:10009000D54C0000D54C0000D54C0000D54C0000DC
:1000A000D54C0000D54C0000D54C0000D54C0000CC
:1000B000D54C0000D54C0000D54C0000D54C0000BC
:1000C000D54C0000D54C0000D54C0000D54C0000AC
:1000D000D54C0000D54C0000D54C0000D54C00009C
:1000E000D54C0000D54C0000D54C0000D54C00008C
:1000F000D54C0000D54C0000D54C0000D54C00007C
:10010000D54C0000D54C0000D54C0000D54C00006B
:10011000D54C0000D54C0000D54C0000D54C00005B
:10012000D54C0000D54C0000D54C0000D54C00004B
:10013000D54C0000D54C0000D54C0000D54C00003B
:10014000D54C0000D54C0000D54C0000D54C00002B
:04015000D54C00008A
:1001580081F0004102E000BF83F0004330B54FEA70
:1001680041044FEA430594EA050F08BF90EA020FDD
:100178001FBF54EA000C55EA020C7FEA645C7FEA70
:10018800655C00F0E2804FEA5454D4EB5555B8BF93
:100198006D420CDD2C4480EA020281EA030382EA04
:1001A800000083EA010180EA020281EA0303362D96
:1001B80088BF30BD11F0004F4FEA01314FF4801C69
:1001C8004CEA113102D0404261EB410113F0004F7B
:1001D8004FEA03334CEA133302D0524263EB430332
:1001E80094EA050F00F0A780A4F10104D5F1200ED0
:1001F8000DDB02FA0EFC22FA05F2801841F100012B
:1002080003FA0EF2801843FA05F359410EE0A5F1FE
:1002180020050EF1200E012A03FA0EFC28BF4CF02F
:10022800020C43FA05F3C01851EBE37101F00045E5
:1002380007D54FF0000EDCF1000C7EEB00006EEBF2
:100248000101B1F5801F1BD3B1F5001F0CD349087C
:100258005FEA30004FEA3C0C04F101044FEA4452D3
:1002680012F5800F80F09A80BCF1004F08BF5FEA5A
:10027800500C50F1000041EB045141EA050130BD3A
:100288005FEA4C0C404141EB0101013C28BFB1F54C
:10029800801FE9D291F0000F04BF01460020B1FA97
:1002A80081F308BF2033A3F10B03B3F120020CDA6A
:1002B8000C3208DD02F1140CC2F10C0201FA0CF048
:1002C80021FA02F10CE002F11402D8BFC2F1200CAD
:1002D80001FA02F120FA0CFCDCBF41EA0C01904063
:1002E800E41AA2BF01EB0451294330BD6FEA0404AC
:1002F8001F3C1CDA0C340EDC04F11404C4F1200297
:1003080020FA04F001FA02F340EA030021FA04F3A8
:1003180045EA030130BDC4F10C04C4F1200220FAFF
:1003280002F001FA04F340EA0300294630BD21FA3D
:1003380004F0294630BD94F0000F83F4801306BF03
:1003480081F480110134013D4EE77FEA645C18BFF7
:100358007FEA655C29D094EA050F08BF90EA020F8E
:1003680005D054EA000C04BF1946104630BD91EA86
:10037800030F1EBF0021002030BD5FEA545C05D189
:100388004000494128BF41F0004130BD14F58004C8
:100398003CBF01F5801130BD01F0004545F0FE413C
:1003A80041F470014FF0000030BD7FEA645C1ABF71
:1003B800194610467FEA655C1CBF0B46024650EAA8
:1003C800013406BF52EA033591EA030F41F40021D4
:1003D80030BD00BF90F0000F04BF0021704730B55A
:1003E8004FF4806404F132044FF000054FF000012F
:1003F80050E700BF90F0000F04BF0021704730B5F0
:100408004FF4806404F1320410F0004548BF4042C4
:100418004FF000013EE700BF42004FEAE2014FEA19
:1004280031014FEA02701FBF12F07F4393F07F4FF4
:1004380081F06051704732F07F4208BF704793F0F7
:100448007F4F04BF41F40021704730B54FF460740A
:1004580001F0004521F000411CE700BF50EA01020D
:1004680008BF704730B54FF000050AE050EA0102B6
:1004780008BF704730B511F0004502D5404261EB26
:1004880041014FF4806404F132045FEA915C3FF467
:10049800D8AE4FF003025FEADC0C18BF03325FEA04
:1004A800DC0C18BF033202EBDC02C2F1200300FAB5
:1004B80003FC20FA02F001FA03FE40EA0E0021FADA
:1004C80002F11444BDE600BF4FF0FF3C06E000BF58
:1004D8004FF0010C02E000BF4FF0010C4DF804CDC5
:1004E8004FEA410C7FEA6C5C4FEA430C18BF7FEA85
:1004F8006C5C1BD001B050EA410C0CBF52EA430CB3
:1005080091EA030F02BF90EA020F0020704710F132
:10051800000F91EA030F58BF994208BF90422CBFC1
:10052800D8176FEAE37040F0010070474FEA410CBA
:100538007FEA6C5C02D150EA013C07D14FEA430CD8
:100548007FEA6C5CD6D152EA033CD3D05DF8040B49
:10055800704700BF8446104662468C46194663467B
:1005680000E000BF01B5FFF7B7FF002848BF10F152
:10057800000F01BD4DF808EDFFF7F4FF0CBF012097
:1005880000205DF808FB00BF4DF808EDFFF7EAFF13
:1005980034BF012000205DF808FB00BF4DF808EDCE
:1005A800FFF7E0FF94BF012000205DF808FB00BFC3
:1005B8004DF808EDFFF7CEFF94BF012000205DF84D
:1005C80008FB00BF4DF808EDFFF7C4FF34BF01205A
:1005D80000205DF808FB00BF4FEA4102B2F1E0439A
:1005E80024BFB3F5001CDCF1FE5C0DD901F0004C12
:1005F8004FEAC0024CEA5070B2F1004F40EB830062
:1006080008BF20F00100704711F0804F21D113F18D
:100618003872BCBF01F00040704741F480114FEAC6
:100628005252C2F11802C2F1200C10FA0CF320FA4F
:1006380002F018BF40F001004FEAC1234FEAD3236C
:1006480003FA0CFC40EA0C0023FA02F34FEA4303D6
:10065800CCE77FEA625307D150EA01331EBF4FF05F
:10066800FE4040F44000704701F0004040F0FE407A
:1006780040F40000704700BF53B94AB9002908BFC9
:1006880000281CBF4FF0FF314FF0FF3000F062BD73
:10069800ADF1080C6DE904CE00F078FDDDF804E05A
:1006A800DDE9022304B0704703685A004CBF43F0E9
:1006B800004323F00043184470472DE9F0470646ED
:1006C800174641B301394FF00009884609EB080481
:1006D80004EBD474641006EBC4054FEAC40A284638
:1006E800FFF7E2FFA14204D1B84204D82846BDE88A
:1006F800F087B84204D9A1450DD004F1FF38E5E7E9
:100708000AF108003044FFF7CFFF0138B842EDD2B4
:1007180004F10109DAE70025E8E7012806D00228F4
:1007280006D00028034818BF0020704702487047C9
:10073800024870473D0D0000410D0000450D0000C6
:100748001F4B37B504468D1E4BB101A92846AFF3A0
:10075800008048B900230920236103B030BD19483F
:10076800194B1B1ADB10019301992A46FFF7A5FFC5
:1007780001460028EED0FFF797FF4B68A064012BD5
:100788001AD0002B01F1040010DBFFF78DFF0023C6
:10079800C4E913030368002B0ADAC3F30360FFF705
:1007A800BCFF03460028D5D00020D5E70123EFE79A
:1007B800FFF77AFF0346F7E700230520CCE700BFE1
:1007C80000000000D42A02008C3802000368DA070F
:1007D80010B5044605D49B0700F1480018D500F071
:1007E800F7FB2368590703D404F1D00000F0F8FBA5
:1007F80023681A0703D404F5A87000F0F9FB2368EE
:10080800DB0608D404F5E870BDE8104000F034BCFD
:1008180000F0D6FBE5E710BD0920704703460068E5
:1008280000B118447047704770B505460C46216CF6
:100838002846FFF785FF064608B104F05DFC236CE7
:100848002246294601206B612B6998470828EED07B
:100858000728F2D13046216CFFF7E5FF201D00F094
:10086800A3FB2DE9F0470C1DADF5727DD0F80C9077
:100878000746D0F818A0164603AD0DF108080FCCAE
:100888000FC50FCC0FC50FCC0FC594E80F0085E836
:100898000F000025C8F800500936D8F8401038462F
:1008A800FFF74EFF0446F6B268BBD8F840304FF465
:1008B800F07241467AA87B6120F0E4FC3B697AAA91
:1008C800394630469847889B0546C8F844303A462A
:1008D8003B4631460120CDE9008AC847C0B9C4B9B2
:1008E8004FF4F0727AA94046264620F0CBFC082D3A
:1008F800D2D0072D0CD12046D8F84010FFF793FF2F
:1009080003A800F051FB46F01006D8F83830DCE7B1
:10091800092420460DF5727DBDE8F087406C7047CC
:10092800F0B5CB6BF9B00D1D06460B640F4601AC54
:100938000FCD0FC40FCD0FC40FCD0FC495E80F0016
:1009480084E80F004FF0FF33009310993046FFF70B
:10095800F7FE78B933696A4631469847082804464D
:10096800F3D06846FFF732FF062C03D139463046EC
:10097800FFF75AFF092079B0F0BD10B48261DA6B35
:10098800C16019461A64002210BC6AE770B5436951
:100998000446C6680D460B6426B10122FFF761FFC5
:1009A80004F0AAFB03690A46014602209847072873
:1009B80005D00828F4D129462046FFF735FF3046F0
:1009C800296CFFF730FF281D00F0EEFAC26802B963
:1009D800A6E7CA6B0A64002243E7704783680146AA
:1009E8000BB1012018477047012910B50446084685
:1009F80005D005D9C81E01288CBF0220012010BDD2
:100A080043B90F2A06D804EB8204029A1846616893
:100A18001160F4E70220F2E71FB503AB0A46009322
:100A280000231946FFF7E0FF039805B05DF804FBC3
:100A3800012910B50446084605D005D9C81E012865
:100A48008CBF0220012010BD43B90F2A06D8029995
:100A580004EB8204184609686160F4E70220F2E7B3
:100A68001FB503AB03920A46009300231946FFF70C
:100A7800DFFF05B05DF804FBF0B5D36BADF50F7D76
:100A8800141D064613640F4617AD0FCC0FC50FCCC7
:100A98000FC50FCC0FC594E80F0085E80F004FF085
:100AA800FF33169326996846FFF74AFE90B90C2142
:100AB80016A86A46FFF7D4FF394616A8B04748B9C2
:100AC800049B16AA6946082098470528044602D0C0
:100AD8000928E7D1092416A8FFF778FE20460DF566
:100AE8000F7DF0BD2DE9F04FCD6C87B017460C4651
:100AF80055F8042B00F003099A4604953BBB1202F3
:100B08008DF8153003230392B9F1020F8DF81430D4
:100B1800236D08BFA56B13F0010322D100F008086C
:100B280000932B6843BB03A9384600F0A2FC0028B9
:100B380040F0FB80009BDBB10F213846FFF76CFFCC
:100B48000E2102463846FFF78BFF794A55E0130C11
:100B580012048DF81530DBB2039205EB83050223EE
:100B6800D2E703A9384600F084FC002840F0DD8075
:100B7800082007B0BDE8F08FBAF1020FA26C4FF061
:100B88000F01384607BFD5F804B005F10806B5F8D7
:100B980002B02E1D18BF2B882BF0010501931544B8
:100BA800FFF73AFF019B854229D823F001022A4426
:100BB800824294BF002201224FEA4B0003F0010356
:100BC80000F0020040EA0305012D1AD0022D5ED084
:100BD800002D40F0AA80351DB9F1000FA1D0002AE0
:100BE8009FD03046FFF760FDA563064620461FF0FC
:100BF80059FC002800F0998032460F213FE000227E
:100C0800DAE7B9F1000F26D1002A3DD073683268BF
:100C1800991C4FEAD27200F0888004F15801013320
:100C2800029109D0301DFFF7F9FD02AB01462046BD
:100C380010F02CFF054638B30D213846FFF7ECFEBF
:100C4800022D029B206202D1E36204F12C030620EC
:100C5800C4E909368DE7256A0D213846FFF7DCFE21
:100C6800854211D1A36A9E420ED13046FFF71CFD82
:100C78000F2102463846FFF7F3FE22460021384688
:100C8800FFF7EEFE072074E706F1080549E7356827
:100C980025F00045B9F1000F2AD1A2B1B8F1000F33
:100CA80019D085B9CB4617E00BF1010B019B002247
:100CB80006EB8B000293FFF7B1FD02AB014620461D
:100CC80010F0E4FE58B13368002B00DA0436013521
:100CD80006EB850525E7C34604F158030193AB45A8
:100CE800E2D10D213846FFF797FE029B2062AEE75E
:100CF800D4F820B00D213846FFF78EFE8345E2D1A7
:100D0800A36A9E42DFD14FF0000B0423A562C4E919
:100D18000BB3F318636333685B4503DA681C06EBAF
:100D28008000A3E701230093D1E7092021E700BF52
:100D3800551B01000023D5E60123D3E60223D1E6A3
:100D48002DE9F0410546C2B014461E46042925D8AF
:100D5800DFE811F005001C002400D6000301EEB9FD
:100D6800836B92B20121043001FA06F717421CBFC7
:100D780053F8047B40F826700136102EF4D1A604EF
:100D880000D4AB63002042B0BDE8F081012E4FEAE9
:100D9800124794B204D13B19102B41D90220F2E733
:100DA800052EFBD107EB0408B8F1200FF6D80F2F5A
:100DB8004DD9002CE6D00368A046580708D523F083
:100DC8000403284640F8D03B00F00EF90F2F48D90D
:100DD800684600F009F9AB6B102F3A4642A94FEA72
:100DE800480838BF10221C4608F1FF3801EBC20240
:100DF8004FEA8801A2F5C472101F02EB880254F86A
:100E080004CB40F804CF8242F9D10A1D012E1344C5
:100E180017D00F2FAB636FD9684600F0E1F8B1E740
:100E2800102FBBD00368DA0705D523F0030340F879
:100E3800483B00F0C9F820A800F0C6F8AB6B002CBE
:100E48003FD1043320A8AB6300F0BAF89AE7B8F1B1
:100E5800100F03682DD9DC07A8F1100842D45807F1
:100E6800ADD420A8C7F1100400F0B6F8684600F029
:100E7800BBF820AA6400AB6B02EBC702013C101F51
:100E8800A10002EB84021C4654F804CB40F804CFBE
:100E98009042F9D10A1D1344B8F1000F9CD1012EDC
:100EA800CFD00F2FAB633FF66DAF20A800F090F8BE
:100EB80068E7D9070DD420A800F08EF8AB6B002C9A
:100EC800F3D0640020AA4FF0000802EBC702013CEF
:100ED800D5E723F0010343F0020340F8483B00F054
:100EE8007BF8E8E723F0010343F0020340F8483BAE
:100EF80000F072F82B68B2E720A800F069F88BE7D9
:100F0800032E7FF44BAF97B2160C07EB1244102C4C
:100F18003FF644AF0368190706D523F008030360BA
:100F280000F5A87000F086F820A800F083F820AB40
:100F3800AA6BF90003EBC60303EBC707D41ABB423D
:100F480003EB040005D10A4420A8AA6300F050F876
:100F580018E7006843F8040BF1E7002E7FF41EAF92
:100F6800102A3FF61BAF0368DA0606D523F01003F4
:100F7800036000F5E87000F089F820AE304600F014
:100F880085F8AB6B0022012101FA02F020421CBF58
:100F980053F8040B46F822000132042AF4D13046F3
:100FA800AB6300F069F8EDE600F1340191E8380030
:100FB8009C46A6464CF8045D90E8FF0FE54600BD48
:100FC80090EC210B704700BF80EC210B704700BFED
:100FD80090EC200B704700BF80EC200B704700BFDF
:100FE800D0EC200B704700BFC0EC200B704700BF4F
:100FF800F0EC0201F0EC0211F0EC0221F0EC02310D
:10100800F0EC0241F0EC0251F0EC0261F0EC0271FC
:10101800F0EC0281F0EC0291F0EC02A1F0EC02B1EC
:10102800F0EC02C1F0EC02D1F0EC02E1F0EC02F1DC
:10103800704700BFE0EC0201E0EC0211E0EC022195
:10104800E0EC0231E0EC0241E0EC0251E0EC02613C
:10105800E0EC0271E0EC0281E0EC0291E0EC02A12C
:10106800E0EC02B1E0EC02C1E0EC02D1E0EC02E11C
:10107800E0EC02F1704700BFB0FC0181B0FC0191C7
:10108800B0FC01A1B0FC01B1704700BFA0FC018118
:10109800A0FC0191A0FC01A1A0FC01B1704700BF18
:1010A800EC4600B52DE900502DE9FF1F4FF0000375
:1010B8002DE90C0001A9FFF733FCDDF840E012B080
:1010C800704700BFEC4600B52DE900502DE9FF1F21
:1010D8004FF000032DE90C0001A9FFF757FCDDF8DC
:1010E80040E012B0704700BFEC4600B52DE9005053
:1010F8002DE9FF1F4FF000032DE90C0001A9FFF7B0
:1011080065FCDDF840E012B0704700BFEC4600B562
:101118002DE900502DE9FF1F4FF000032DE90C00C9
:1011280001ABFFF72AFCDDF840E012B0704700BFC2
:10113800EC4600B52DE900502DE9FF1F4FF00003E4
:101148002DE90C0001AAFFF797FCDDF840E012B08A
:10115800704700BF704700BF10F8012B11F8013B22
:10116800012A28BF9A42F7D0D01A7047034613F8CD
:10117800012B002AFBD1181A01387047034611F8D1
:10118800012B03F8012B002AF9D170472DE9F0470C
:1011980086468C460846089E154674461946002B16
:1011A80040F0C1808542B2FA82F245D94AB1C2F113
:1011B800200300FA02FC954094402EFA03F343EA18
:1011C8000C0C4FEA154EA8B2230CBCFBFEF80EFB24
:1011D80018CC08FB00F943EA0C43994528D9EB18C9
:1011E80008F1FF3704D2994502D9A8F102072B4428
:1011F800A3EB0903A4B2B3FBFEFC0EFB1C330CFBF0
:1012080000F044EA0344A04214D92C190CF1FF332E
:1012180004D2A04202D9ACF102032C44241A43EAB6
:1012280007401EB1D440002334607360BDE8F087E6
:101238004746DDE76346F1E792BB431B01214FEACE
:10124800154EAFB2200CB3FBFEFC0EFB1C330CFB9F
:1012580007F840EA0343984561D9EB180CF1FF30D1
:1012680004D2984502D9ACF102002B44A3EB080341
:10127800A4B2B3FBFEFC0EFB1C330CFB07F744EADD
:101288000344A7424DD92C190CF1FF3304D2A742CD
:1012980002D9ACF102032C44E41B43EA0040C0E746
:1012A800C2F120039540944020FA03F12EFA03F38B
:1012B8004FEA154E9040AFB20343B1FBFEFC0EFB64
:1012C8001C10190C0CFB07F841EA0041884522D98B
:1012D80069180CF1FF3004D2884502D9ACF102003C
:1012E8002944A1EB08019BB2B1FBFEFC0EFB1C11CB
:1012F8000CFB07F743EA01439F420ED9EB180CF1A8
:10130800FF3104D29F4202D9ACF102012B44DB1B0E
:1013180041EA004193E76046E3E76146F7E7604644
:10132800A4E76346B8E7834206D916B90021084600
:101338007CE7C6E900E0F9E7B3FA83F78FB983429F
:1013480001D3724508D8BEEB020460EB0303012009
:101358009C461EB9002169E73846FAE7C6E9004C01
:10136800F8E7C7F1200CBB400EFA07F522FA0CF497
:101378002EFA0CF1BA401C4320FA0CF3B8404FEA9D
:10138800144901431FFA84FEB3FBF9F809FB18302E
:101398000B0C08FB0EFA43EA00439A4540D9E318C0
:1013A80008F1FF3004D29A4502D9A8F1020023447B
:1013B800A3EB0A0389B2B3FBF9F809FB183308FB5E
:1013C8000EFE41EA03418E452CD9611808F1FF331E
:1013D80004D28E4502D9A8F10203214443EA004011
:1013E800A1EB0E01A0FB02984145CE46434602D32D
:1013F80006D14D4504D20138B9EB020E68EB04035F
:10140800002EA7D0B5EB0E0261EB030101FA0CFC2C
:1014180022FA07F3F9404CEA0303C6E9003199E7D9
:101428004046C5E74346D9E7027A03467AB9427A85
:1014380082B1013A42724268111D126802600322A9
:1014480041601A721A68100E12021A607047013A47
:10145800D2B2F6E7B02070471FB503AB0C22009359
:1014680000231946FFF7C0FA039805B05DF804FB9E
:10147800F2E72DE9F043054685B00E464FF0000827
:101488003046FFF7D1FFB028044615D1B8F1000F58
:101498000ED103AC43460E22414628460094FFF77E
:1014A800A3FA43460F22414628460094FFF7C0FAA4
:1014B800002005B0BDE8F08302061DD44FEA80097C
:1014C800002303AF0D225FFA89F9194628460097D1
:1014D800FFF78AFA09F10409039B14F0400F14BFBF
:1014E800A3EB09034B440393002300970D221946ED
:1014F8002846FFF79DFAC3E700F0F003802B18D1C8
:1015080004023046FFF790FF0443B4F5004F01D1C1
:101518000920CEE7240100232846A2B21946FFF786
:101528000FFC0028F4D114F4004F18BF4FF0010845
:10153800A6E7902B0DD100F00D030D2BE8D003AFDB
:10154800002300F00F02284619460097FFF74CFACF
:10155800CAE7A02B13D1C3434FF47F6203F00703FC
:101568001A41030702F47F6201D542F48042002346
:1015780019462846FFF7E4FB002881D0C8E7B02BBE
:1015880046D1B12808D13046FFF74EFF431E024628
:10159800DBB20E2BEBD9BBE7B22820D1002303AC7A
:1015A8000D222846194600940227FFF71DFA3046F7
:1015B800FFF73AFF00F07F0110F08003039A01FA69
:1015C80007F105D102F5017200940A4403928DE7F0
:1015D8000A44304607370392FFF726FFEAE7B328A5
:1015E8000BD13046FFF720FF0123020300F00F0064
:1015F80002F4702201300243BAE700F0FC03B42B76
:1016080086D000F007020123013242F40022AFE73E
:10161800C02B44D1C6280AD13046FFF705FF032363
:10162800020300F00F0002F470220130E3E7C7283C
:101638000BD13046FFF7F8FE431E0246DBB20E2BF5
:101648003FF666AF0023042193E700F0F803C02BB0
:1016580006D100F00F020323013242F4202287E76B
:10166800C8280DD13046FFF7DFFE00F0F00200F089
:101678000F0005231032013040EA0232012178E7D9
:10168800C9287FF445AF3046FFF7CEFE0523020395
:1016980000F00F0002F4702201300243EEE700F080
:1016A800F803D02B7FF434AF00F007020523013292
:1016B80042F40022E2E71FB503460846DA6C536895
:1016C8000832190202921B0E0322019101A98DF81A
:1016D8000C208DF80D30FFF7CCFE05B05DF804FB4B
:1016E80008B5FFF7C5FE806C08BD08B5FFF7C0FE5A
:1016F800C06CC379023300EB830008BD0000000012
:10170800436B5A6812681B691B68D2F80811A1B1AB
:101718000021C2F80811D2F80821596500B583B034
:1017280003F10800D3E916239FED097B8DED007BBB
:1017380008F032F803B05DF804FB596D01315965C2
:101748000429EBD101235360704700BFAFF3008039
:10175800000000000000000010B582B00369426874
:1017680014681A68002151651B6803F10800D3E961
:1017780016239FED057B8DED007B08F00DF8042303
:10178800C4F8083302B010BD0000000000000000DB
:1017980070B590B00E46044606A909AD81E80C0064
:1017A8000023179928460F9309F0B4FB9DF8583089
:1017B8004FF00001049520460393159B02939DF872
:1017C80050300193079B9FED0A0B0093069BB2686C
:1017D8001BF063FE04E0284619F04CFA1EF03FFEA9
:1017E800284619F047FA204610B070BDAFF30080C4
:1017F800000000000000000070B590B00E460446DE
:1018080006A909AD81E80C000023179928460F9313
:101818000BF0A4FB9DF858304FF0000104952046CA
:101828000393159B02939DF850300193079B9FEDFE
:101838000A0B0093069BB26819F0E7FB04E0284600
:1018480019F018FA1EF00BFE284619F013FA204674
:1018580010B070BDAFF30080000000000000000071
:101868002DE9FF47804616460F46002900F0A28062
:10187800B1FA81F4341B002E04F10A04C0F2A280EC
:10188800304614F08BFB0444304614F08DFBA4EB77
:10189800060905466946304614F0AEFBA9EB050378
:1018A8006A4640467D3339461FF05DFEA6428246B1
:1018B8000D4600F38380B9F13F0F00F381804FF0AC
:1018C800FF33A9F12000C9F1200103FA00F003FA5F
:1018D80009F223FA01F103FA09F3024328EA0303A0
:1018E8000A4327EA020213430CBF01200020002DFF
:1018F80000F08A80B5FA85F3E31A40F2FE7203F22B
:101908003E43934200F38980002B23EAE376D4BF59
:1019180001223246121BA2F23341A2F23447A2F24C
:101928005344C1F1200C2AFA01F325FA04F4C7F153
:10193800200E05FA0CFC25FA01F105FA0EFE43EA21
:101948000C03A2F2544CA2F2544223432AFA07F49D
:1019580025FA0CFC44EA0E0444EA0C04C7F1200CF6
:1019680014F0010F54D0A8B14FF0FF3000FA02F282
:1019780000FA07F4144320FA0CF2B840144303F0B9
:1019880001022AEA000A25EA04054AEA020A5AEA92
:10199800050A3DD0013341F10002C2F3130253EAB4
:1019A800020138D0184642EA065141EC100B04B047
:1019B800BDE8F087B0FA80F420345BE7012096E7B1
:1019C800002094E7C6F10009484614F0EDFA241AFD
:1019D800484614F0E9FAA61B0546694648462E44CF
:1019E80014F07CFB6A46404606F17C0339461FF03A
:1019F800BAFD82460D464046394614F0E5FA81455F
:101A08008CBF0020012072E7BAFA8AF3203373E70B
:101A1800C1F31302C6E70136C4E79FED010BC6E721
:101A2800000000000000F07F012800D070474FF64A
:101A3800FF739942FAD110B5044C204608F0D6F845
:101A4800034A0449204616F0C0F810BD900B002048
:101A5800C80B0020459D0000F0B589B0002307930E
:101A68000693002103A800F037F802A800F042F816
:101A780003A814F040FD02A800F04EF84FF47A7164
:101A880003A814F04CFD00F093F8064600F088FD1A
:101A98000746304600F022FA33681B6807A930462B
:101AA80098473B681B6806A9384698470798FEF789
:101AB800B3FC04460D460698FEF7AEFCCDE90001DE
:101AC80022462B46034815F00AFA4FF47A7014F0B0
:101AD800C2FCDEE7E83F020003468C46044A92E86F
:101AE800030083E8030083F808C01846704700BF66
:101AF800303D020010B50446044B0360044A03213C
:101B0800044815F049FF204610BD00BF54390200B3
:101B180020400200743C020008B5006817F06BFF13
:101B280008B1002008BD034A0321034815F034FF1B
:101B3800F7E700BF40400200743C0200014B03601D
:101B4800704700BFB043020010B50446034B036062
:101B58000C2118F070FA204610BD00BFB0430200F7
:101B6800012800D070474FF6FF739942FAD110B59B
:101B7800044C204608F03AF8034A0449204616F077
:101B880024F810BDA80B0020C80B0020459D0000BC
:101B980003460246044942F8041B044903C982E883
:101BA80003001846704700BFB0430200383D0200EA
:101BB8000D4BD3E8AF3F13F0010F01D00B4870472E
:101BC80010B5094807F0B8FF08B9084810BD074C18
:101BD8002046FFF7DDFF064A0649204615F0F5FFC7
:101BE800014818F02AFAF0E7940B0020980B00201F
:101BF800C80B0020451B000008B5406817F0FBFE25
:101C080028B9064A0121064815F0C6FE08BD054A4E
:101C18000321034815F0C0FEF8E700BF5C4002004E
:101C28006C3C02007840020008B5043014F0C4FC93
:101C3800031E01DB002008BD034A0121034815F0FB
:101C4800B5FE0120F7E700BF904002006C3C02009F
:101C580000B583B000238DF807300DF10702D021BD
:101C6800FFF7E2FF9DF80730034A0321034815F008
:101C78009DFE03B05DF804FBA84002006C3C020026
:101C880010B584B004460023ADF80C30ADF8083028
:101C98008DF8073003AAE921FFF7C6FF80BB0DF1D5
:101CA8000D02EA212046FFF7BFFF78BB9DF80D2003
:101CB8009DF80C3043EA0223204A138002AA8A21A5
:101CC8002046FFF7B1FF38BB0DF109028B212046F2
:101CD800FFF7AAFF30BB9DF809209DF8083043EABA
:101CE8000223174A13800DF107028C212046FFF7C3
:101CF8009BFFE8B99DF90720124B1A7004B010BD7C
:101D0800114A0121114815F047FEC8E7104A012180
:101D18000E4815F041FEC9E70E4A01210B4815F09F
:101D28003BFED1E70C4A0121084815F035FED2E701
:101D38000A4A0121054815F02FFEDBE74A1F00205B
:101D4800481F0020581F0020C04002006C3C0200C1
:101D5800004102004041020080410200C0410200EF
:101D680070B582B005460E46334B1B89ADF804307A
:101D780000248DF806408DF803409DF8033013F0D9
:101D8800200F0FD00DF103021D212846FFF74CFF4D
:101D980004460028F1D0294A0121294815F0FCFD04
:101DA8000124EAE7032301AA2221281D14F0F4FBE9
:101DB80000283AD19DF804209DF805301B0143EA1C
:101DC80002339DF8062043EA12131E4A1288520075
:101DD800C2EBE3021C4BB3F9001002FB01F15210F5
:101DE80002FB02F21213194B93F900301B0102FB9C
:101DF80003F39B1303EBE123154D2B60154A0321D5
:101E08000F4815F0D3FD2B6803EB830380331B12B7
:101E180007EE903AF8EEE77ADFED0F6A87EEA67ADA
:101E280086ED007A204602B070BD0C4A01210448B4
:101E380015F0B2FD0124BDE7383D02000042020062
:101E48006C3C02004A1F0020481F0020581F002039
:101E5800A40B00205C4202000000C8422842020095
:101E680070B584B004460D468DF80C1013788DF8C3
:101E78000D3000238DF80B300389022203A9406836
:101E880014F066FB031E1BDB02260DF10B0229462C
:101E98002046FFF7C9FE28B99DF80D209DF80B30A4
:101EA8009A420AD09DF80D309DF80B200092084AFE
:101EB8000121084815F085FD0326304604B070BDA1
:101EC800054A0121034815F071FD0326DDE700BF2F
:101ED8008C4202006C3C02007442020010B584B0CF
:101EE800044600238DF80F308DF80E300DF10F02E7
:101EF8007421FFF799FE9DF80F3003F0FC038DF86D
:101F08000F3043F001038DF80E300DF10E027421ED
:101F18002046FFF7A5FF0DF10F0274212046FFF7B9
:101F280083FE9DF80F209DF80E309A4202D10620BC
:101F380004B010BD0092034A0121034815F041FD89
:101F48000720F5E7D04202006C3C020010B582B0D1
:101F5800044600238DF807308DF8063050238DF89D
:101F680006300DF106027421FFF77AFF0DF1070222
:101F780074212046FFF758FE9DF807309DF806208B
:101F8800934216D002238DF806300DF10602722115
:101F98002046FFF765FF0DF1070272212046FFF783
:101FA80043FE9DF807309DF80620934207D002B003
:101FB80010BD064A0321064815F0F8FCE2E7054A79
:101FC8000321034815F0F2FCF1E700BF20430200AB
:101FD8006C3C020068430200024A0260024A026046
:101FE800704700BF98470200B043020010B504468E
:101FF800044B0360044B03600C2118F01CF82046C6
:1020080010BD00BF98470200B043020010B586B06B
:1020180004460023ADF8143004930393029301930C
:10202800009305AA8E21FFF7FFFD002840F02681C6
:102038000DF115028F212046FFF7F6FD002840F02C
:1020480023819DF815209DF8143043EA0223BB4AEA
:10205800138004AA90212046FFF7E6FD002840F0EF
:1020680019810DF1120291212046FFF7DDFD0028AC
:1020780040F01681BDF912209DF8143043EA02237E
:10208800AF4A1380AF4A92212046FFF7CDFD0028C2
:1020980040F00C8103AA94212046FFF7C5FD0028D3
:1020A80040F00A810DF10E0295212046FFF7BCFD94
:1020B800002840F00781BDF90E20BDF90C3043EA35
:1020C8000223A14A138002AA96212046FFF7ACFDFD
:1020D800002840F0FD800DF10A0297212046FFF705
:1020E800A3FD002840F0FA80BDF90A20BDF90830A8
:1020F80043EA0223954A1380954A99212046FFF71F
:1021080093FD002840F0F080924A98212046FFF77E
:102118008BFD002840F0EE8001AA9C212046FFF7A5
:1021280083FD002840F0EC800DF106029D21204639
:10213800FFF77AFD002840F0E980BDF90620BDF9D7
:10214800043043EA0223844A13806A469E212046CB
:10215800FFF76AFD002840F0DF800DF102029D21A3
:102168002046FFF761FD002840F0DC80BDF9022021
:10217800BDF9003043EA0223784A1380784AA02147
:102188002046FFF751FD002840F0D280754B93EDB3
:10219800007AB8EEC77AF6EE007A27EE277ADFEDF6
:1021A800727A37EE677A714B83ED007A67EE077AB9
:1021B800674A92F9002006EE902AF8EEE66A9FED4B
:1021C8006C6A66EE866A67EEA67A6A4AC2ED007A9B
:1021D8005E49B1F9001006EE901AF8EEE66A67EE6D
:1021E800266A76EEA66A77EEA67AC2ED007AF5EE52
:1021F800006A67EEA67A5449B1F9001006EE901A03
:10220800F8EEE66A9FED5C6A66EE866A77EEA67A75
:10221800C2ED007A4B4A92F9002007EE902AF8EEB8
:10222800E77A67EE277A67EE277ADFED546A67EE7A
:10223800A67A434AB2F9002006EE902AF8EEE66A3A
:1022480027EE267A77EE877A9FED4D7A67EE877AC2
:10225800C3ED007A9FED4B7A67EE877AB7EE007A86
:1022680077EE877A354A128807EE102AB8EE477A51
:1022780067EE877AC3ED007A06B010BD424A0121A5
:10228800424815F089FBD3E6414A01213F4815F041
:1022980083FBD6E63F4A01213C4815F07DFBE0E68A
:1022A8003D4A0121394815F077FBE3E63B4A012115
:1022B800364815F071FBEDE6394A0121334815F02F
:1022C8006BFBEFE6374A0121304815F065FBF2E673
:1022D800354A01212D4815F05FFBFCE6334A012100
:1022E8002A4815F059FBFFE6314A0121274815F025
:1022F80053FB09E72F4A0121244815F04DFB0BE752
:102308002D4A0121214815F047FB0DE72B4A0121F1
:102318001E4815F041FB10E7294A01211B4815F01A
:102328003BFB1AE7274A0121184815F035FB1DE742
:10233800254A0121154815F02FFB27E7561F0020D5
:10234800541F00205C1F0020521F0020501F002037
:102358005B1F00205A1F00204E1F00204C1F00202A
:10236800591F0020A40B002000007A47C00B002052
:1023780000000037BC0B00200000804700008038B8
:102388000000003600000038CC430200643C020024
:10239800084402004444020080440200BC44020095
:1023A800FC4402003845020074450200B0450200B2
:1023B800EC4502002846020064460200A0460200DE
:1023C800DC460200184702005447020070B582B08C
:1023D80005460E464E4B1B88ADF8043000248DF898
:1023E80006408DF803409DF8033013F0200F0FD0FE
:1023F8000DF103021D212846FFF716FC04460028AC
:10240800F1D0444A0121444815F0C6FA0124EAE70C
:10241800032301AA1F21281D14F012F9002870D1E6
:102428009DF804209DF805301B0143EA02339DF80E
:10243800062043EA121307EE903AF8EEE77A9FED8A
:10244800377A77EE677A364B93ED007ADFED356AA7
:1024580027EE267A77EEC77A9FED337A67EE877A8A
:10246800324B93ED007A87EE876A314BB3F900302F
:1024780007EE903AF8EEE77A67EE867A67EE867AA4
:102488009FED2C7A67EE877A2B4BB3F9003006EE76
:10249800903AF8EEE66A9FED297A66EE876A66EE6C
:1024A800866A9FED277A26EE077A67EE075A27EEA7
:1024B800257A244B1B7805EE903AF8EEE55A9FED05
:1024C800225A65EE855A27EE257A77EEA67A77EEB8
:1024D800877A1E4B93F9003007EE103AB8EEC77AA8
:1024E800DFED1B6A27EE267A77EE877A9FED197A59
:1024F80067EE877A77EE867AC6ED007A204602B0D4
:1025080070BD154A0121044815F046FA012487E7F1
:10251800443D020000420200643C02000000804981
:10252800BC0B0020000080390050C345C00B0020C0
:102538004C1F0020000000304E1F00200000003813
:102548000000803B591F0020000000375A1F002060
:10255800000000430000803D28420200012800D00E
:1025680070474FF6FF739942FAD110B5044C2046D4
:1025780007F03CFB034A0449204615F026FB10BD32
:10258800C40B0020C80B0020459D000010B5044670
:10259800FFF7FEFA014B2360204610BD9847020062
:1025A8000D4BD3E8AF3F13F0010F01D00B48704734
:1025B80010B5094807F0C0FA08B9084810BD074C1B
:1025C8002046FFF7E3FF064A0649204615F0FDFAC4
:1025D800014817F032FDF0E7AC0B0020B00B0020EB
:1025E800C80B0020E11F00002DE9F04F91B00592C3
:1025F8000293134602F004020092C3F3C20310F0E0
:102608000302019240F02A8280468A460133041D63
:1026180000284ED0B8F1000F05D0A4EB0802043210
:10262800524500F21E82029A551E019A04920692A1
:10263800039200264FF0FF3B0427B946B8F1000F7C
:1026480001D0029A22605A1E0792002B40F35C8147
:10265800059B13F0020228D00120A4EB08018B0887
:102668001AB1B1F5007F80F0028203990F2900F2B8
:102678000182B8F1000F00F05F81DBB201F1400286
:102688006A4402F8103C02F820BC002800F050818F
:1026980063F07F0301F140026A4402F8103C049B96
:1026A80001330493039B0133039304340021404610
:1026B8003DE001F0070A5444CAF1080AAAE70026D7
:1026C80034E0002632E0002630E00827B9462DE045
:1026D800252B2BD10BF1010B01260427B94625E048
:1026E800472BEED82A2B14D32A3BDBB24FF0010C30
:1026F8000CFA03F34FF6DA7C13EA0C0F16D113F039
:10270800625F40F0C18013F0010F40F08D80002619
:102718000CE0252B03D10BF1FF3B002606E001D985
:10272800002603E0202B01D0232BCCD115466A1CB0
:102738006B78002B00F01981002EC9D07A2BBED8F7
:102748004C2BCDD34C3B2E2B62D80FF2080C5CF8E7
:1027580023F000BF352700001928000019280000C1
:10276800192800001928000019280000192800005D
:10277800192800001928000019280000192800004D
:10278800192800002928000019280000192800002D
:10279800192800001928000019280000192800002D
:1027A80019280000192800009128000019280000A5
:1027B80029280000292800009128000091280000FD
:1027C800912800003527000029280000D3260000A2
:1027D800192800003527000019280000ED280000FE
:1027E80029280000ED2800001928000019280000F9
:1027F800F5280000232800002928000019280000D7
:102808001928000029280000192800001D280000A8
:1028180000268BE70427B94688E70427B94685E7E9
:102828002B786C2B24D000263C44013CB4FBF7F4F5
:1028380007FB04F420B1231A4B44534500F21481DA
:10284800002958D1B9F1040F00F08780B9F1080FB9
:1028580040F013811A9B073323F0070303F108059F
:102868001A9593ED007B08B184ED007B08345DE791
:1028780012F8023C6C2B03D000260427B946D3E794
:1028880000260827B946CFE72B784C2B1AD01A9B7D
:10289800073323F0070303F108061A96D3E9006704
:1028A800073424F0070440B1231A0833534513D8DA
:1028B8002B784C2B13D0C4E900670834002608276E
:1028C800B94633E71A9B073323F0070303F10806D9
:1028D8001A96D3E90067E3E76FF01B00BBE0C4E991
:1028E8000067EAE700260427B9469DE73146002637
:1028F8000427B94698E780461A9B191D1A911B6848
:102908000293079B154699E6624B029A9A4204D3B2
:10291800614B9A420AD3002300E00023002B7FF486
:1029280097AE059B03F00202002096E60123F5E727
:10293800069B01330693B5E610B10AF1010AB1E628
:10294800009B13B10AF1020AACE60298FEF70EFCEE
:102958000AEB000303F1020AA4E61A9B1D1D1A954F
:102968001B6800B123600434E0E68046231AB3F5FF
:10297800806F80F0858090B1002202609B08037010
:10298800009B83B1069BC370049B88F802301BBB75
:10299800019DDDF80C90DDF810B0029F3DE0534436
:1029A800A3F1080057E0069B4370EDE70133984216
:1029B800EED903F140026A4412F8101C12F9102CE7
:1029C800002AF3DA01F07F01A4EB08020132524534
:1029D80059D804F8011BE9E7019B0398E7E7009B36
:1029E80043B305F140036B4413F8203C04F8013B62
:1029F800019EA4EB080333440133534546D805F13F
:102A080040036B4413F8103C04F8013B3246394646
:102A180020461EF037FC34440135A94519D9BBF1CD
:102A2800000FDCD005F140036B4413F9103C002B78
:102A3800D5DAF1E705F140036B4413F8103C58F878
:102A48002370002248F823203846FEF78FFB461CE7
:102A5800CFE7A4EB080011B0BDE8F08F6FF00D00D0
:102A6800F9E76FF01B00F6E76FF01B00F3E76FF074
:102A78001500F0E76FF01500EDE76FF01500EAE7D5
:102A88006FF01500E7E76FF01B00E4E76FF01B003D
:102A9800E1E700BF8C380200E08202002DE9F04F28
:102AA80097B000AF8346BA61FB60D7F88030C3F3B4
:102AB800C0033B62396111B914F089F938619BF898
:102AC8000260B14636B1D7F8803013F0010F0DD14E
:102AD800002300E000239BF803207A6242B1D7F874
:102AE800802012F0020F22D1002202E00123F2E737
:102AF800002202B9EBB19BF80050AA00BA60DBF8DB
:102B080004207A610BEB8505BA69F2B1002B40F01D
:102B18000481B9F1000F00F00F81D7F8803013F06D
:102B2800040F40F00D810020F8610646F9E001220B
:102B3800DFE7BB691BB1FA683969584698473C69B1
:102B480020465C37BD46BDE8F08F3C69E3B94D448B
:102B580000233B6123E00444013501364E451AD277
:102B68002A7800235BF822201946B86914F044F942
:102B7800BAF1000FEFD0D7F888309845EBD22AF891
:102B8800180008F10108E6E70026C7F81C80B046DF
:102B9800D7F884A0E2E7C7F81080D7F81C80D7F8E8
:102BA800803003F00503FB604FF0000AA146C7F828
:102BB8001CB09CE000253B6A7BB9002D79D0D7F882
:102BC800803013F0010F79D1FB68002B6FD10223FD
:102BD800A9EB030988E00125EDE75946786914F067
:102BE80051F90028E9D06C46002387F82C300223DD
:102BF80087F82D308AB0694611F1100237D01225B6
:102C08001AB1042D01DDB14B4B61002387F8283040
:102C1800022387F829306ABB112D45DD122362B1E2
:102C2800042087F82C00002087F82D0087F82E0054
:102C3800012087F82F00F86A08616FF300086FF326
:102C480041086FF382086FF3C508022161F3881801
:102C5800C3F30A0363F353286FF31F580023414655
:102C68009B4800F057FDA546A9F102093CE06FF02A
:102C78000045C5E72B46082D01DD786988610C2BD6
:102C880001DDC1F81CB001F12003002009E000F1CA
:102C9800300C07F1280EF4441CF830CC03F801CBB3
:102CA80001300128F3D9B7E76FF01B03B7E7012319
:102CB8008EE7D7F8803013F0020F15D00023224694
:102CC8001946B86914F098F8D7F8843053B13B69BD
:102CD800D7F88820934205D2D7F8842022F8130029
:102CE80001333B61013881440AF1010A35467B6AA8
:102CF8009A4510D22E4616F802BB6B78FA6952F83C
:102D08002340744B9C42FFF455AF734B9C42FFF435
:102D180062AF00254FE74C4612E707F14400002355
:102D2800FB6118B14A4629461EF0ACFA4D444FF0F3
:102D38000008C7F804901EE00020F8610646F0E796
:102D4800FE6107F134000026EBE700253B6A33BB40
:102D5800002D3BD0D7F8803013F0010F26D0731C1C
:102D680006F1300207F12801561806F8149CDEB265
:102D780008F1010825467B6A984549D22C4614F883
:102D880002AB95F801905BF82930524A9342DCD3A4
:102D9800514A934201D30025D8E70125D6E7514689
:102DA800786914F06FF80028D2D0E1E7D7F88030BE
:102DB80013F0040FDCD0FA69531C303207F12801F4
:102DC8000A4402F8249CDBB2FB61D1E7D7F88030D3
:102DD80013F0020F09D0731C06F1300207F1280125
:102DE800561806F8149CDEB2C2E7F9694B1C01F1CB
:102DF800300207F12800024402F824AC8A1CD2B23F
:102E0800FA6107F1580252FA83F303F8249CAFE7FA
:102E1800D7F804909BF8003087F854309BF80130BD
:102E2800334487F85530D7F8803013F0020F0ED1AD
:102E3800FB69C3F3470387F85730D7F8803013F09E
:102E4800010F06D113F0040F3AD1002302E000234A
:102E5800F1E7002387F85630DBF800003863786D17
:102E6800CBF80000D7F80CA05246B9685846BB69A1
:102E78009847041EFFF664AE386BCBF80000524644
:102E8800F96907F13400BB69984700285DDB04EB5A
:102E98000008B9684944786A01EB4001524638692C
:102EA800411A2846BB699847041EFFF649AE08EB4D
:102EB80004054FF00008C7F824B0B346BC6922E007
:102EC800FB69C7E74FF000090AE000BFB8470200F6
:102ED8007C3C02008C380200E08202004FF00009BE
:102EE8005246012107F12C00A04700282FDB05449A
:102EF8004B4632465146204613F07EFF002828DB19
:102F0800054408F10108D84518D208F1300307F143
:102F18002802134413F8143C87F82C307A6A52F8C4
:102F28002360D7F88430002BCCD0D7F88830984568
:102F3800D4D2D7F8843033F81890D1E7FA68002152
:102F48000846BB6998472C46FAE50446F8E5044666
:102F5800F6E50446F4E500BF014B1860704700BF72
:102F68000000002080B505460E461746984606F034
:102F7800C7F803461EF0C0FD0446DFF8189049F86C
:102F88000030424639463046A84754F8090001F057
:102F98001FFD00BF080000002DE9F04383B0044680
:102FA80008461546A38B13F0080F05D103F0070652
:102FB80000230093019354E0012909D043F0200332
:102FC800A38385F31188BFF36F8F03B0BDE8F08347
:102FD80043F01003A383F4E7204614F0B7FA42E065
:102FE800D4F818904A466946204614F0C8FA4FF0BB
:102FF8000008A38B03F00707B74269D0A268002A2C
:1030080066D0012243F00803A38385F31188BFF338
:103018006F8F002A64D1009B2BB14B463A46694614
:10302800204614F025FBB8F1000F02D034492046A1
:10303800C047EFF31185202383F31288BFF36F8F06
:10304800A38B23F00803A383A38B13F0100F4DD099
:1030580023F01003A3830120A68B06F0070600289F
:10306800AFD00228B8D00028ABD0013804282BD81C
:1030780001A353F820F000BFE92F0000D130000071
:1030880095300000A9300000BD3000002369D3F856
:1030980000800621204614F02FFA4FF00009A8E717
:1030A8002369D3F804800421204614F025FA4FF050
:1030B80000099EE72369D3F808800521204614F00B
:1030C8001BFA4FF0000994E74FF00008C14690E75B
:1030D800009A0AB1002295E7B8F1000F92D1B3E740
:1030E8004A463946204614F00FFA94E713F0200FA9
:1030F80004D023F02003A3830220ADE70020ABE730
:10310800A776010038B505460B4C00E010340B4B90
:103118009C420FD263685B79002BF7D02946204682
:1031280014F087FB0028F1D023681B682946204645
:103138009847EBE738BD00BFD43C0200E43C0200EE
:1031480070B506460D46084C04E02A46314620462E
:1031580098471034054B9C4204D223689B69002B86
:10316800F3D1F6E770BD00BFD43C0200E43C020096
:103178002DE9F041074605460AE007EA0807144B1F
:1031880003EB06135B6804221968204614F09BFBC6
:10319800D5B195FAA5F6B6FA86F60D4C04EB0614E9
:1031A8000123B3406FEA030825EA0305237B002BBC
:1031B800EED03301064AD3581B69002BDDD02046D8
:1031C80098470028E4D1D8E73846BDE8F08100BF29
:1031D800D43C02002DE9F04180460F461D4BD3E850
:1031E800EF5F6A1CC3E8E12F0029F8D16DBB1A4CC8
:1031F800002607E0636804221968204614F063FB80
:1032080001361034154B9C4211D2237B002BF7D08A
:10321800204614F002FB23681B69002BEAD02046E5
:1032280098470028E6D00123B3401D43E8E7B8F1EA
:10323800000F0BD055B12846FFF79AFF0546002F1F
:10324800F8D00A2014F0FBFAF4E700252846BDE878
:10325800F08100BFE00B0020D43C0200E43C0200F7
:1032680008B5064B186018B1054B1B68092B00DC24
:1032780008BD044805F0A6FAFAE700BFD40B002001
:10328800DC0B00200802002008B5024805F09AFA75
:1032980008BD00BF0802002030B589B000220F49E0
:1032A8000F4816F0A9FE0F4D00220023CDE9062392
:1032B800002404940E2303930294019400940A4B6F
:1032C8004FF440720949284616F0B8FC08492846C8
:1032D80005F0F2FA204609B030BD00BF9132000077
:1032E800180700201802002045360000901F002013
:1032F80070480200014B53F8200070478C480200C8
:1033080048B108B5054A1060054B1960084600F039
:10331800F5FC002008BD6FF0150070470400002080
:10332800D00B002008B5054B1B781BB1034B0122BD
:103338001A7008BD024805F045FAF7E75D1F00203E
:103348000802002008B50C4BD3E8EF1F0131C3E891
:10335800E21F002AF8D130B9084816F059FE08488B
:1033680005F030FA08BD074BD3E8EF1F0139C3E871
:10337800E21F002AF0D0F7E7D80B0020180700203A
:1033880008020020DC0B0020044B00200146D3E893
:10339800EF0FC3E8E21F002AF9D17047D80B0020CD
:1033A80038B5FFF7F1FF0546094C00E01034094B2A
:1033B8009C420BD263685B79002BF7D023685B686B
:1033C800002BF3D0294620469847EFE738BD00BFC9
:1033D800D43C0200E43C0200034B18680028D4BF28
:1033E80000200120704700BFD80B002010B5044C06
:1033F8000449204613F0DBFE034B1C6010BD00BFE0
:103408006401002078480200CC0B002008B5002396
:103418000C4A13700C4A13600C4A13604FF40041B5
:103428000B48FFF76DFFFFF7E1FF0A4A06E0094B7B
:10343800D31A1B11013351680B711032064B9A4293
:10344800F5D308BD5E1F0020D80B0020DC0B002040
:103458003F780100D43C0200E43C020008B5014674
:10346800014814F002FA08BD6401002008B50248BA
:1034780013F080FF08BD00BF6401002008B50146B5
:10348800024B186814F0F7F908BD00BFCC0B0020F8
:1034980008B5024814F0F3F908BD00BF6401002024
:1034A80010B582B000220023CDE90023264B1878FE
:1034B80008B902B010BD684614F0F9F9044660B1C5
:1034C800FFF720FE2046FFF7D9FF204BD3E8EF1F78
:1034D8000139C3E8E21F002AF8D1FFF77DFF58B988
:1034E8001B4A1368516813F57A7341F100011360A0
:1034F8005160FFF7CDFFDCE716F06FFD4A0142EAA5
:10350800D06243011B1A62EB0102920042EA9372F5
:103518009B001B1842EB0102D20042EA5372C3F32C
:10352800103343EA4243D20B0948016840685B1AEA
:1035380062EB000240F2E9318B4272F10002CFD314
:10354800FFF72EFFCCE700BF5D1F0020DC0B00203B
:10355800100700200F4B1B7803B1704710B50021EE
:103568000120FFF737FE0C4C00E010340B4B9C4257
:1035780008D263685B79002BF7D023689B682046E4
:103588009847F2E7FFF78CFF0028FBD1014B012297
:103598001A7010BD5E1F0020D43C0200E43C0200FB
:1035A80010B582B0184BD3E8EF2F511CC3E8E01FC9
:1035B8000028F8D1154B1B7863B9154B1B68B3B1BC
:1035C800BAB1092A13D1134816F022FD124805F0A2
:1035D800F9F80CE0EFF31184202383F31288BFF38A
:1035E8006F8FFFF75DFF84F31188BFF36F8F02B011
:1035F80010BD00220023CDE900234FF40042002330
:10360800044806F0C9F8F2E7DC0B00205E1F002032
:10361800D40B0020180700200802002010B504462B
:10362800044B1B689847A0602146034814F043F9EF
:1036380010BD00BF04000020640100202DE9F04106
:1036480000210846FFF7C6FD804650B140F2676684
:1036580000271EF051FA154B1858FFF701FE0025F8
:1036680015E04FF0FF364FF0FF37F2E74046FFF71F
:103678007FFD804670B94FF0FF364FF0FF3709E005
:103688002C4632463B460A4805F0E0F82546B8F194
:10369800000FEBD1FFF704FF04460028F6D1002DF8
:1036A800EED000210846FFF74BFDEAE708000000CE
:1036B800080200200248034BC01AC008704700BF28
:1036C800D43C02005C3C020010B50C46FFF7F2FF48
:1036D800A04203D9024B53F8340010BD0020FCE788
:1036E8005C3C020000B589B005920693002307935D
:1036F80062B1074A0C9B02930B9B01930A9B0093B0
:1037080005ABFFF7CBF909B05DF804FB0022F1E740
:10371800E57801002DE9F04F8BB004AF05461E4651
:103728008846C1F34A24002C00F089809146002283
:10373800FA603A617A6104230293FB1801930A2321
:10374800009307F10C0321464846FFF7A7F9B0F5A7
:10375800006F58D3D9F804106D4600233B73022339
:103768007B738AB004AC14F1100217D012201AB17E
:10377800042801DD3B4B636100233B7002237B700F
:10378800CAB10346082800DDA1610C2B02DD40F216
:10379800FF73E36104F1200300210AE06FF00040A9
:1037A800E5E701F118063E4416F8186C03F8016BBA
:1037B80001310129F5D9112822DD122342B1042152
:1037C800397300217973B9730121F973F86820619D
:1037D80000216FF300016FF341016FF382016FF372
:1037E800C501022060F38811C3F30A0363F3532170
:1037F8000023C1F313011C4814F0F0F8AD462DE086
:103808006FF01B03DAE760F35328C0F30A0A0AEBE8
:103818001850173020F007008008FFF71FFE834676
:10382800B0B104230293FB1801930A230093534673
:1038380000F1100221464846FFF754FF08E004EB68
:103848001154173424F00704A008FFF707FE834635
:10385800334642462946584614F056F81C37BD46AA
:10386800BDE8F08FAC4802009C3C02002DE9F04F07
:1038780085B080460D4617461E46DDF838B0DDF89F
:103888004090B9F1000F41D0119B039300934B4630
:103898000F9A10210020FEF7A7FEB0F5006F2DD279
:1038A80082460BEB0003173323F0070300246FF362
:1038B80000046FF341046FF3820468F3C50467F3EF
:1038C800881460F353246BF31F549808FFF7C6FD60
:1038D800074650B11030B9F1000F06D0119B009384
:1038E8004B460F9A5146FEF77FFE3346224629463D
:1038F800384614F009F805B0BDE8F08F40F2FF73C0
:10390800034A0221034814F051F8F4E70020C7E7FE
:10391800EC4802009C3C0200406820B1034BC01AEE
:1039280040F3CF0070474FF0FF3070475C3C020017
:103938000EB400B582B0014603AB53F8042B0193D3
:10394800034801F0ABFB02B05DF804EB03B070472D
:103958001B7A010010B584B011F0440F05D01A4B42
:103968001B6833B9002004B010BD1849FFF7E0FF09
:10397800F9E717490968B2FBF1F2B2FBF3FC03FB64
:103988001C224FF47A7E0EFB02F2B2FBF3F403FB27
:1039980014210EFB01F1B1FBF3F10E4AA2FB0C322C
:1039A800D20A4FF4616303FB12CC0B4BA3FB0CE36D
:1039B8005B0902910194C3EB0311ACEB8101009107
:1039C8000649FFF7B5FFCEE7E80B002024490200BF
:1039D800E40B0020C5B3A291898888883049020089
:1039E80061B108B52AB1064A52F8232012B9054A2E
:1039F80000E0044A0449FFF79BFF08BD704700BF79
:103A0800D04902004C490200544902002DE9F04116
:103A180005461746069EDDF81C8081B900242EB1A4
:103A2800324611492846FFF783FF0444B8F1000FD6
:103A380014D06FB1099B042B13D00C4909E00C4B2F
:103A4800099A53F822200B49FFF772FF0446E6E76C
:103A5800064942462846FFF76BFF04442046BDE866
:103A6800F0810549F5E700BF6C4902005C49020096
:103A7800E449020064490200584902002DE9F04F68
:103A880087B005460C46049205939DF84C7001F0EA
:103A9800020B01F0010AC1F3C00801F4807913F0A8
:103AA80010FF18B3024616492846FFF741FF06469D
:103AB800BBF1000F1CD13A465146284613F0D0FFFF
:103AC800B9F1000F01D0002311930397129B0293C1
:103AD800119B0193109B00930023049A41462846AA
:103AE800FFF794FF304407B0BDE8F08F0026DFE70A
:103AF800059A21462846FFF72DFF0644DBE700BF5D
:103B08007049020011F0100F0BD108B511F0200F09
:103B180003D00449FFF70CFF08BD0349FFF708FF6E
:103B2800FAE77047B04A0200645502002DE9F041F7
:103B380005460F46164698460699FFF7E3FF002408
:103B4800444505DA24492846FFF7F2FE0134F7E731
:103B5800002409E020492846FFF7EAFE0BE01F4948
:103B68002846FFF7E5FE01340F2C0CDC002C02DDA3
:103B780014F0070FEED0B442F1D23A5D1849284646
:103B8800FFF7D6FEEFE717492846FFF7D1FE0024D6
:103B980009E011492846FFF7CBFE0BE012492846F9
:103BA800FFF7C6FE01340F2C13DC002C02DD14F0E5
:103BB800070FEED0B44207D23A5D0C4B9B5C13F072
:103BC800970FEBD12E22E9E703492846FFF7B0FE0D
:103BD800E8E7BDE8F08100BF684902007C490200BF
:103BE8007449020080490200844902006278020098
:103BF8002DE9F04184B004469DF82C500C9F0E9E90
:103C080095B9012B1ED019484FF0000827B13B4643
:103C18002246174913F006F9C6B905BB204613F02A
:103C2800E1FE04B0BDE8F08103950A980290019383
:103C380000920B4600220F992046FFF71FFF80468F
:103C48000C48E3E70B484FF00008DFE70F9B0093B1
:103C5800434632460D99204613F01AFFDDE72A46FF
:103C68000F99204613F008FFD8E700BF4B7A0100F0
:103C7800A55000001B7A01002DE9F04383B00646E9
:103C8800056842F20F738B4228BF0B46184A05217C
:103C9800684610F0F9F804467368D3F804900B27C7
:103CA800DFF8548005E04A4639464046A8473F1A9F
:103CB8008044002FF7D17368D3F804806F4605E07D
:103CC800424621463846A847241A0744002CF7D113
:103CD80073685F681B24074E05E03A462146304664
:103CE800A847241A0644002CF7D103B0BDE8F08396
:103CF8003C4C020088490200A4490200074B0122FB
:103D08001A6004E04008054A13685B001360044B1E
:103D18009842F7D8034B1860704700BFE40B0020A7
:103D280040420F00E80B002070B506460D460024FF
:103D380005E0315D04488368DB6998470134AC428B
:103D4800F7D3284670BD00BF54390200014B036009
:103D5800002070474C4A020008B5034813F0BFF82A
:103D6800024813F0BCF808BD4C4A0200844A02001D
:103D780008B5024805F0A0FD08BD00BFB44A02001E
:103D8800B0F5680F17D00CD840F6BA63984214D033
:103D9800B0F5683F13D03A2801D0012070470020C1
:103DA8007047094B98420CD0084B984201D001202B
:103DB800704700207047002070470020704700209F
:103DC80070470020704700BF3A00003A2C5F5CA99A
:103DD80028B308B54368B3F5683F0AD0B3F5680F50
:103DE80014D012498B421FD0006804F095FC0020C3
:103DF80014E003680022D3E8EF1F012903D1C3E8C8
:103E0800E02F0028F7D10DD1104607E003681B7892
:103E180003F580730020064A42F8230008BD6FF4BA
:103E2800E04070470348F9E70348F7E72C5F5CA9CF
:103E380000000350E98FFFFFEA8FFFFF88B308B542
:103E48004368B3F5683F0FD0B3F5680F19D016492A
:103E58008B4224D000684FF0FF324FF0FF3304F05C
:103E6800DBFB68B111480BE003680122D3E8EF1FC0
:103E7800002903D1C3E8E02F0028F7D10BD1002097
:103E880008BD03681B7803F58073094A52F823308C
:103E98001BB90020F4E70548F2E70448F0E70548B5
:103EA800EEE76FF4E04070472C5F5CA9E98FFFFFF5
:103EB80000000350EA8FFFFF10B50446A8B16368FD
:103EC800B3F5683F10D0B3F5680F0DD00D4A934293
:103ED8000AD013F4686F0DD021680B4815F0EEFD79
:103EE80000232360074B636010BD084B5B680848DC
:103EF8009847E4E7236800221A605A609A60DA60FB
:103F08001A61EFE72C5F5CA91411002090000020D3
:103F1800BC4A020010B5044668B36068B0F5683F53
:103F280028D0B0F5680F25D0174B984228D0FFF756
:103F380027FFC0B14FF0FF324FF0FF33214613483F
:103F480004F038FB08B923681BB9114B5B681148AA
:103F58009847236800221A605A609A60DA601A61EA
:103F68004FF468636360206815F029FE636843F0C6
:103F78003A03636010BD064B5B6807489847CCE777
:103F88002368002BD3D1D5E72C5F5CA9141100203E
:103F980090000020E44A0200BC4A020008B5402311
:103FA80014220449044815F07AFD0449044805F030
:103FB800F5FC08BD140C002014110020144B02005D
:103FC800284B02002DE9F04F87B000AF8146D0F8AA
:103FD80000E0D0F804C085686E468AB06B4613F1DD
:103FE800100200F0878014218AB10846042903DDF5
:103FF800DFF83C82C3F81480082801DDC3F818E014
:104008000C2801DDC3F81CC0102800DD1D6213292F
:1040180073DD14253AB10521397500217975B97513
:10402800F9757869186100216FF300016FF3410198
:104038006FF382016FF3C501012363F38811C5F3A0
:104048000A0565F353216FF31F5100237348FFF7E7
:1040580061FBB546D9F80CE0D9F810C0D9F814506E
:104068006E468AB06B4613F1100249D014218AB10A
:104078000846042903DDDFF8BC81C3F8148008284A
:1040880001DDC3F818E00C2801DDC3F81CC01028B6
:1040980000DD1D62132936DD14253AB10521397575
:1040A80000217975B975F9757869186100216FF380
:1040B80000016FF341016FF382016FF3C5014FF007
:1040C800010868F38811C5F30A0565F353216FF3F6
:1040D8001F51524D00232846FFF71CFBB546D9F85F
:1040E8001C304F4A4146284613F060FC4FF0000B45
:1040F8005D4633E06FF0004176E76FF01B0589E716
:104108006FF00041B3E76FF01B05C6E76FF00040A2
:1041180046E027286BDD28213AB10A2038750020AF
:104128007875B875F875786918616FF300046FF3DE
:1041380041046FF382046FF3C504012363F3881409
:10414800C1F30A0161F353246FF31F54002321467E
:104158003248FFF7DFFAD7F80CD004350F2D49D8CD
:1041680005F1080359F823A005F1010805F1090331
:1041780059F82330BB6005F1020C05F10A0359F820
:1041880023307B6005F1030E05F10B0359F823B0CA
:10419800C7F80CD08EB06B4613F11002B6D02820A9
:1041A800002AB6D00146042801DD1E4E5E610829AA
:1041B80000DD9D610C2901DDC3F81CA0102901DD7B
:1041C800C3F82080142901DDBE685E62182901DD6C
:1041D800C3F828C01C2901DD7E68DE62202901DDC4
:1041E800C3F830E0242994DDC3F834B091E76FF0C8
:1041F8001B0191E7D9F86030084C0B4A0121204691
:1042080013F0D4FBD9F81830084A0121204613F0DE
:10421800CDFB1C37BD46BDE8F08F00BFBC3C02009B
:10422800984B0200A84B0200EC4B0200FC4B02002A
:10423800384B0200684B020038B504460D4611B1F0
:104248000846FFF7BFFE012C04D02946204603F09C
:1042580039FF38BDEFF30583103B034A01210348BA
:1042680013F0A4FBF1E700BF2C4C0200BC3C020099
:1042780030BFFFF7FDBF00BF38B50446054D2A46DD
:1042880005491CF0FFFF054A002160191DF021F8BF
:1042980038BD00BF00000000283D020008000000F3
:1042A80070B50646064D074B1D444C1B2046FFF7CC
:1042B800E3FF083CC6F8A44005F1080070BD00BF44
:1042C8000000000008000000054B9A699B689A42AC
:1042D80004D0044A536843F080535360704700BFCA
:1042E8009013002000ED00E081690D4B5A6942F4FB
:1042F80080725A61BFF34F8FBFF36F8F31F8021C82
:104308005A6922F480725A61BFF34F8FBFF36F8FDF
:104318004DF60273994201D0002070470120704782
:1043280000ED00E04FF0000C83F800C002F07F4C75
:10433800BCF17F4F14D102F00C0CBCF1080F04D073
:1043480012F0080F09D00846704708B5054A012140
:10435800054813F021FB002008BD01221A707047A0
:1043680000207047404C0200BC3C020008B5314AAE
:104378000121314813F010FB304B9B6A13F0007F8A
:1043880026D11D202D4B9B6A13F0807F27D12B4B04
:104398009B6A13F4801F29D1284B9B6A13F4002FC2
:1043A8002BD1264B9B6A13F4802F2DD1234B9B6A6C
:1043B80013F4003F2FD1214B9B6A13F4803F31D176
:1043C8001E4A936A6FEA03436FEA1343936208BD78
:1043D8001B4A0121184813F0DFFA1E20D2E7194AB8
:1043E8000121154813F0D8FA1F20D0E7164A0121F9
:1043F800114813F0D1FA0220CEE7144A01210E48E1
:1044080013F0CAFA2120CCE7114A01210A4813F017
:10441800C3FA2220CAE70F4A0121074813F0BCFA61
:104428002320C8E70C4A0121034813F0B5FA2420D9
:10443800C6E700BF6C4C0200BC3C020000ED00E087
:10444800844C0200984C0200B44C0200E04C02007C
:10445800004D0200284D0200444D020008B500231B
:104468000B70034A0121034813F096FA08BD00BFF8
:10447800704D0200BC3C020090B583B000AF0F291C
:1044880023DC2F4C103900233B7102237B718AB047
:10449800EC461CF110021AD0122022B1042802DDC9
:1044A800284BCCF8143000233B7002237B70E2B118
:1044B8000346082801DDCCF818400C2B01DDCCF8A8
:1044C8001C100CF1200300210DE01F4CDAE76FF0FF
:1044D8000040E2E701F1080404EB070E1EF808ECBF
:1044E80003F801EB01310129F4D9112824DD122345
:1044F8004AB10421397100217971B9710121F97129
:104508007868CCF8100000216FF300016FF34101C7
:104518006FF382016FF3C501012060F38811C3F3C3
:104528000A0363F353216FF31F5100230748FFF772
:10453800F1F80C37BD4690BD6FF01B03D8E700BFFC
:10454800944D0200C84D0200AC4D0200BC3C020074
:10455800F8B505460F461446394A0121394813F083
:104568001BFA394B9B6A13F0100F31D11026364BCA
:104578009B6A13F0080F32D1334B9B6A13F0020F7A
:1045880034D1314B9B6A13F0010F4BD12E4B9B6AF0
:1045980013F0200F4DD12C4B9B6A13F0100F01D153
:1045A800294B9B6A284B9B6A13F0200F04D0264A9C
:1045B800536A23F400535362234A936A43F0FF0378
:1045C80093620121284613F007FB20703046F8BD9E
:1045D8001E4A01211B4813F0DFF91126C7E71C4AC0
:1045E8000121184813F0D8F91226C5E7194A012104
:1045F800144813F0D1F9144A536B926A12F0800FE1
:1046080001D11326BDE7144A01210E4813F0CEF953
:1046180037B10D4A936A23F0800393621326B0E7FB
:104628001326AEE70D4A0121064813F0B5F9142602
:10463800ACE70B4A0121034813F0AEF91526AAE7A7
:10464800DC4D0200BC3C020000ED00E0F44D02002D
:10465800284E02003C4E0200544E02006C4E0200EE
:104668008C4E0200F8B505460F461446374A01211C
:10467800374813F091F9374B9B6A13F4805F25D1C3
:104688001626344B9B6A13F4006F26D1314B9B6A74
:1046980013F4007F28D12F4B9B6A13F4806F3FD10E
:1046A8002C4B9B6A13F4807F41D12A4B9B6A13F4ED
:1046B800005F43D1274A936A43F47F439362012101
:1046C800284613F089FA20703046F8BD224A0121A5
:1046D8001F4813F061F91726D3E7204A01211C4827
:1046E80013F05AF91826D1E71D4A0121184813F08A
:1046F80053F9184A936B926A12F4004F01D11926A4
:10470800C9E7184A0121124813F050F937B1114A84
:10471800936A23F4004393621926BCE71926BAE783
:10472800114A01210A4813F037F91A26B8E70F4A47
:104738000121074813F030F91B26BBE70C4A012179
:10474800034813F029F91C26B4E700BFBC4E020049
:10475800BC3C020000ED00E0D44E0200284E0200EE
:10476800E84E0200044F02001C4F0200384F0200BE
:104778008C4E020070B506460D462B4A01212B4887
:1047880013F00AF900232B70294BDC6A14F0020499
:104798000AD1274BDB6A002B0DDB254BDC6A14F0B2
:1047A80080440ED1204670BD224A01211F4813F0D3
:1047B800F3F80024F6E7204A01211C4813F0ECF82E
:1047C800F0E71E4A0121194813F0E6F83046FFF7D2
:1047D8008BFD98B9164B9B6A13F0FF0F16D1144B3B
:1047E8009C6A14F47F4418D1114B9B6AB3F5803F3F
:1047F800D8D33046FFF7BAFD0446D3E73368104AEA
:1048080001210A4813F0D2F83468CBE72A4601217F
:104818003046FFF79DFE0446C4E72A46012130468C
:10482800FFF720FF0446BDE7504F0200BC3C0200E2
:1048380000ED00E0684F02008C4F02009C4F020020
:10484800BC4F020030B59DB01A4B5C68C4F3080435
:10485800002383F31188BFF36F8F0DF16E03FFF709
:1048680061FD05460DF16F02214613F0B7F99DF879
:104878006F300BB11DB030BD04466822294601A82F
:104888001CF000FD9DF86E304BB1089BC3F3080285
:104898005AB96FEA53236FEA4323089305E0089B4C
:1048A80023F4FF7323F00103089301A92046FFF7BF
:1048B800C3FCDFE700ED00E0064B5A6942F0100246
:1048C8005A615A6942F480625A615A6922F00802B0
:1048D8005A61704700ED00E0EFF30880EFF30981BB
:1048E80001B57246FFF7AEFF01BD00BF002080F39F
:1048F8001488BFF36F8F002080F30A8880F30B8839
:10490800104880F3088800200F49087002F05AF90F
:1049180000200E490860BFF34F8F00F02FF82020C9
:1049280080F311880A484FF40061401880F3098821
:10493800EFF314800221084380F31488BFF36F8FCC
:1049480013F087F9D02F0020651F002094ED00E0B8
:1049580090220020084BD3F89000C0F307200023D2
:1049680006E0054AC2F898300021C2F8A0100133C9
:104978008342F6DB704700BF00ED00E010B572B669
:10498800002484F31388FFF7E5FF234608E003F1CA
:1049980020010E4A4FF0FF3042F821000133DBB20C
:1049A8000F2BF4D9002308E003F16001074A4FF008
:1049B800FF3042F821000133DBB20F2BF4D962B685
:1049C800BFF34F8FBFF36F8F10BD00BF00E100E052
:1049D80008B50A4B9B68834202D004F097FB08BDD8
:1049E800EFF30583002BF8D0054B5A6842F080524C
:1049F8005A605A6A22F400425A62EEE79013002085
:104A080000ED00E025498A6882F8F1E04FF03000B7
:104A18001044EFF3098C80E8F01F1EF0100F03D14B
:104A280002F1B00080EC108A202080F31288BFF3D6
:104A38006F8F1B4F4FF000668A698A603E60D2F81C
:104A4800A400184C206092F9F1E0D2F8A8000023E5
:104A5800C2F8A83080F311881EF0100F03D000238D
:104A6800E1EE103A03E002F1B00090EC108AEFF3A7
:104A7800148323F0040383F31488BFF36F8F02F1C8
:104A8800300090E8F01F8CF3098802F1000004B5AB
:104A980013F0FAF8BDE804407047000090130020B6
:104AA80004ED00E0341100201EF0040F0CBFEFF3FA
:104AB8000880EFF30980816911F8021C0229FFD0F0
:104AC80001B5724613F075F801BD00BF002807DB79
:104AD80000F01F02400901239340024A42F82030A7
:104AE800704700BF00E100E000280CDB00F01F0267
:104AF8004009012393402030034A42F82030BFF395
:104B08004F8FBFF36F8F704700E100E0002808DB8C
:104B18004901C9B200F1604000F5614080F8001316
:104B2800704700F00F004901C9B2014B1954704792
:104B380014ED00E04209054B53F8222000F01F0055
:104B4800012303FA00F01040704700BF00E100E0C5
:104B58000C4BD3F8882022F47002C3F88820D3F8CD
:104B6800882042F4A002C3F8882003F500734FF0B0
:104B780040425A63BFF34F8FBFF36F8F0023E1EEBC
:104B8800103A704700ED00E0044B23F07F03044A1D
:104B98009360BFF34F8FBFF36F8F70470000000023
:104BA80000ED00E010B4A2F12004114942F8081CFD
:104BB80021F0010142F8081C42F8203C019B42F810
:104BC8001C3C029B42F8183C039B42F8143C4FF0F3
:104BD800807342F8043C04650023C0F8A830C0F88C
:104BE800F030FD2380F8F1305DF8044B704700BFCA
:104BF8006D2F0000124B9B6883421BD1EFF3058396
:104C0800DBB9EFF31182202383F31288BFF36F8F90
:104C1800037B23F002030373EFF3148323F00403ED
:104C280083F31488BFF36F8F82F31188BFF36F8FFC
:104C3800002070476FF0150070476FF0150070473F
:104C48009013002008B504460E46154613F00EF8DA
:104C58000A4B9C60D4F8A420094B1A60D4F894300D
:104C680083F30B882C4686F309880020054B984768
:104C78002046002100220023034C204790130020E7
:104C8800341100209B7C01006D2F0000014B102285
:104C98001A61704700ED00E0002207E003F160436D
:104CA80003F56143202183F800130132442A09DC0B
:104CB80053B2002BF2DA03F00F03034919442023FF
:104CC8000B76F2E7704700BFFCEC00E008B5EFF3A5
:104CD8000583103B044A02EBC301496852F83300CC
:104CE8008847FFF7F1FA08BD9439020010B584B07F
:104CF8000A4C23460A4A01210A4813F0DCF800232B
:104D0800019302930393084B0193E41A029401213F
:104D180001A813F0D4F804B010BD00BF00000720AC
:104D280000000020D84F020018020020024B034A5E
:104D3800C3F8C020704700BF00ED00E0AAFF4400A0
:104D4800034BC3F89800C3F89C10C3F8A020704721
:104D580000ED00E00E4BC3F89800C3F89800D3F8B4
:104D68009C000A7A60F304020A72D3F8A020C2F306
:104D78004202087A62F347100872D3F89C2022F0A6
:104D88001F020A60D3F8A03023F01F03CB607047DE
:104D980000ED00E070B505460E46002400E0013441
:104DA800A6421EDD04EB44039A0005EB8303596811
:104DB8000029F4D0A85812F0D8FF04EB84030B4A5A
:104DC80042F8230010F1160F0CD0094B1B789842BB
:104DD80009DA04EB840302EB83010431FFF7BAFF1D
:104DE800DDE7002070BD6FF01500FBE738110020EB
:104DF8005F1F002010B504460A4BD3F89030C3F368
:104E08000723013B984203D812F089FF204610BDC2
:104E18000346054A0121054812F0C8FD6FF0150048
:104E2800F5E700BF00ED00E0E84F0200B43C0200E7
:104E38002DE9F04F87B08146009101931446002672
:104E480048E03346614A0121614812F0AFFD6FF036
:104E5800150407E03B465F4A01215D4812F0A6FDB4
:104E68006FF01504204607B0BDE8F08FD84564D12F
:104E78002946C0B212F08AFF2BE0574AC2F8987050
:104E8800D2F89C3003F01F0321F01F010B43C2F836
:104E98009C302946E0B212F079FF044610F1160F53
:104EA800E0D0013415E0013B4B49C1F89870D1F8C6
:104EB800A02002F01F0223F01F031343C1F8A03003
:104EC8002946E0B212F062FF044610F1160FC9D06D
:104ED80001340136009B9E42C4DA06EB46054FEAD0
:104EE800850A09EB85056F68002FF2D0019B23B175
:104EF800284612F028FF0028A3D0394659F80A009E
:104F080012F033FF074610F1160FA3D08442A1DD3B
:104F1800314BC3F89800D3F89C2022F01F02C3F845
:104F28009800D3F8A03043F01F0859F80A30696890
:104F3800194401F1FF3B934298D093429DD0D84544
:104F4800B1D0013B2449C1F89870D1F8A02002F0F3
:104F58001F0223F01F031343C1F8A0302946E0B213
:104F680012F014FF044610F1160F3FF47BAF013026
:104F7800194BC3F89870D3F89C109DF8102061F372
:104F880004028DF81020D3F8A030C3F34203D2B244
:104F980063F347128DF8102059F80A306A681344F1
:104FA800029323F01F03A8EB0B084344013B23F0B3
:104FB8001F03059302A9C0B2FFF71CFF044610F1B6
:104FC800160F3FF44FAF013483E700BF10500200C3
:104FD800B43C02003450020000ED00E010B5034C70
:104FE80001232278FFF724FF207010BD5F1F0020E7
:104FF800044B0522C3F89420BFF34F8FBFF36F8F84
:10500800704700BF00ED00E0BFF35F8F024B002246
:10501800C3F89420704700BF00ED00E038B51C4B82
:105028001D681C4BD3F89030C3F307239D422BD83F
:10503800FFF7EAFFFFF77AFE002407E0144B5968F0
:1050480001EB0411204612F06AFE0134A542F5D89E
:105058001148057012F0B9FE10F1160F13D00E4B5F
:105068001A780C4BD3F89030C3F307239A4207DA27
:10507800084BC3F898200021C3F8A0100132F0E7CC
:10508800FFF7B6FF002038BD4FF0FF30FBE700BF49
:105098005850020000ED00E05F1F002030B587B0D7
:1050A8000D4611460024009401940294039404943C
:1050B800059402228DF80220044A01920490059575
:1050C8001A4668460FF090FB07B030BDCF7E01004E
:1050D80008B5024B1B689847002008BD5C110020EA
:1050E800034B1860034A937843F0020393707047A8
:1050F8005C1100203000002008B5054811F0EFFED3
:10510800002383F31188BFF36F8F0423184602DF4F
:105118009850020008B54FF0FF324FF0FF330248B5
:1051280012F0E8FE08BD00BF4000002008B506499F
:1051380021F00701C1F1005202F5E022034811F005
:10514800BAFD002008BD00BFD72F00206011002045
:1051580038B50446FFF7DEFF22460821084811F05B
:105168001FFD054620B1074803F0D6FA284638BD8A
:10517800002CF8D01CF0C0FC034B0C221A50F2E7AC
:1051880060110020400000200C00000010B504460B
:10519800FFF7C0FF2146034811F0B2FC024803F0B4
:1051A800BBFA10BD601100204000002068B108B5AE
:1051B800064A074B1B680749A1FB03139B0C00FB1E
:1051C80003F042F00103984708BD7047503D0200C4
:1051D8006400002083DE1B4338B51A4B1B7801336B
:1051E800194AA2FB031202F4FE7101EB92029C1A07
:1051F800E5B213F0B7FE154B1B782BB1144A52F8E1
:105208002530C01A07281AD94FF05023D3F8143183
:1052180063B14FF050230022C3F81421D3F814319E
:10522800084B1D7015B9094B01221A70054B1C78E3
:1052380013F098FE064B43F82400012038BD0020E7
:10524800FCE700BF611F0020CDCCCCCC601F002044
:105258006C11002000B583B00DF1070001F0D0FDFE
:10526800114B98421CD1114B4FF48062C3F8B825FA
:105278004FF40062C3F83C250D499DF8070013F070
:1052880035FF0C499DF8070013F02BFF9DF80730F8
:105298000120984001F0AEFD002003B05DF804FB4A
:1052A8006FF00B00F9E700BF0000AD0B00A0025043
:1052B8002CA0025028A1025008B50121104BC3F8B8
:1052C8000015104A0223C2F8D0360F48D0F8003231
:1052D80023F0E04343F04053C0F80032D0F80432E2
:1052E80023F0E04343F04053C0F80432C2F80417F7
:1052F800C2F80419C2F8001B00F032F808BD00BF5C
:1053080000100050004000500025845000F01F029B
:1053180040090CD001280CD10748803250F82230BF
:1053280023F0E04343EA017140F822107047034834
:10533800F3E70020F1E700BF0028845000258450DF
:1053480038B50546002405E02946044B185DFFF7EB
:10535800DDFF0134032CF7D938BD00BFA850020087
:1053680008B50249024812F0A8F908BDAC5002007D
:1053780080110020004870473C120020014BC01AE1
:1053880040117047B411002038B505460C46FFF7A8
:10539800F5FF01464022034812F0B4FE01462846B4
:1053A800A04738BDF438020030B583B005460C4636
:1053B800FFF7E4FF0146402300932346054A0648C9
:1053C80012F0BAFE011E01DB03B030BD2846A0472B
:1053D800FAE700BF89810100F438020008B50928FE
:1053E80017D8DFE800F0051C161616161616171241
:1053F80000210D4812F014FE836813F0070F08D13E
:105408000021094812F06CFE03E00221064812F060
:1054180067FE08BD0321044812F062FEF9E7012186
:10542800014812F05DFEF4E7F438020010B582B0CE
:10543800EFF31184202383F31288BFF36F8F154A8B
:10544800136843F00201116013F0010F09D1002322
:1054580084F31188BFF36F8FB3B912F099FE02B0CD
:1054680010BD0DF1070201214FF0502012F0A9FDE7
:105478009DF80730012B01D00023E9E7FFF77AFFF9
:1054880012F01CFE0123E3E70021034812F028FE76
:10549800E5E700BF64120020F438020010B5EFF30E
:1054A8001184202383F31288BFF36F8F074A136890
:1054B80023F00201116013F0010F04D084F3118866
:1054C800BFF36F8F10BD12F077FEF7E7641200206C
:1054D80070B582B00546012807D14FF05023D3F8A4
:1054E8001C3403F00303022B36D014F093FB04465C
:1054F80010B92B4B1B7873B9EFF31186202383F374
:105508001288BFF36F8F012494B94FF05023022201
:10551800C3F808230CE00026F6E7FCB1304612F089
:10552800D8FB4FF05023D3F81835DBB2012B19D034
:105538000DF1070200214FF0502012F042FD002823
:10554800EBD09DF80730022B01D0012DE5D104B333
:1055580086F31188BFF36F8F02B070BD012012F07F
:105568003FFEDEE74FF05023D3F80431002BDFD0A5
:105578004FF050230022C3F80421D3F8042102225B
:10558800C3F81825074A2021C2F8801101229A6021
:10559800CEE74FF050230222C3F80423DCE700BF14
:1055A800651F002000E100E000B585B0CDF800D00F
:1055B800CDF804D000230293012303936B46074AD6
:1055C80012F0D6FD002805DB4FF480420023684620
:1055D80003F03CF905B05DF804FB00BF158201003B
:1055E80070B5064600220121052012F026FB11485D
:1055F80001F00EFC104B984219D101F01BFC00245D
:10560800032C12D82146304612F00AFD05462146E1
:10561800304612F012FD094912F04FF8002805DB58
:105628000123AB601C44E4B2EAE7002070BD6FF0D0
:105638000400FBE7E55300000000AD0BB850020082
:1056480010B504460E4B0121D3E8EF2FC3E8E01F45
:105658000028F9D11AB1631E012B0DD910BD0948D4
:1056680012F0EBFC084900234B608B60CB600123F0
:105678008B6012F03EF8EEE72046FFF729FFEDE7D2
:10568800B0110020F4380200A011002010B5044623
:105698000A2806D0E1B206488368DB6998472046A5
:1056A80010BD03488368DB690D219847F2E700BF06
:1056B8005439020010B5044C2046FFF711FD20466E
:1056C800FDF74AFC10BD00BF9556000008B5054817
:1056D80014F091F918B1FFF7EDFF002008BD6FF045
:1056E8001200FBE754390200F0B51C46059F069EE0
:1056F80000F01F0C400936D0012836D1284D0CF196
:10570800800355F8233091B3012092B34FF0020E75
:1057180040EA0E0084B34FF00C0E40EA0E0077B357
:105728004FF4706E40EA0E0066B34FF4403E40EA14
:105738000E0023EA000041B30B7842B312785200FE
:10574800134334B322789200134327B33A781202F2
:10575800134316B332781204134303430CF1800C3D
:1057680045F82C30F0BD0F4DC9E70025C7E70020EC
:10577800CBE74FF0000ECBE74FF0000ECDE74FF030
:10578800000ECFE74FF0000ED1E70023D5E7002247
:10579800D6E70022D8E70022DAE70022DCE700BFDC
:1057A800002884500025845000F01F03400908D0C9
:1057B800012808D1054A803352F8230000F001007F
:1057C8007047034AF7E70022F5E700BF0028845036
:1057D8000025845028B1012801D1034870470020D2
:1057E80070470248704700BF14390200343902007C
:1057F8002DE9F04786B0884616469946446801F078
:105808001F05237B45EA4315204612F078FD002842
:1058180064D0B6F5001F35D00DF10C0A00270397A8
:1058280004974946304612F09FFD8DF80C0000970A
:1058380001970297CDF804A0A36823FA08F313F0A0
:10584800010F02D1B6F1A07F23D004F110060DF1AB
:1058580017022946304613F0C0FF234B984237D031
:1058680010346A462946204613F0ABFF1E4B984277
:1058780037D101222946204613F0C7FF002006B081
:10588800BDE8F087294604F1100013F0C2FF00209C
:10589800F5E72846FFF788FF0028D6D10DF1170253
:1058A800294604F1100013F098FF104B984203D0DA
:1058B8000DF117030493D3E70DF117024146204673
:1058C80012F08EFD084B9842F2D06FF00B00D6E72D
:1058D8009DF81710304613F090FFC1E76FF0850070
:1058E800CDE76FF01500CAE70000AD0B0400AD0B63
:1058F800F0B589B00F461446456801F01F062B7BAA
:1059080046EA4316104612F0FFFC8DF81E0040F2DE
:1059180006332340B3F5837F53D016D8062B4CD0DB
:1059280006D9B3F5807F0DD101238DF81D3024E011
:1059380003B3022B03D104238DF81D301DE06FF053
:10594800150038E06FF0150035E040F2022293426E
:105958003BD0B3F5407F03D103238DF81D300CE015
:10596800B3F5007F03D102238DF81D3005E06FF0F9
:10597800150020E000238DF81D3014F4002F28D0E6
:105988006A680123BB409360284612F0B8FC40B314
:1059980010350DF11F023146284613F01EFF074649
:1059A80014F4403F36D13146284613F022FF3C4BD1
:1059B8009F426DD0002009B0F0BD06238DF81D3040
:1059C800DBE707238DF81D30D7E705238DF81D3059
:1059D800D3E714F4802FD7D06A680123BB40D36083
:1059E800D2E7C4F340438DF8083014F4803F0CBF6D
:1059F800012300238DF81030002401940DF11D03BC
:105A080000930DF11E0304AA02A93046FFF76CFEAD
:105A18002046D0E702AA0023029303930493059338
:105A28000693059204AA3146284613F0CAFE1C4B79
:105A380098421DD114F4003F1DD09DF81D308DF8FB
:105A4800103014F4803F0CBF012300238DF811306F
:105A58009DF81E308DF81230002304AA31462846DE
:105A680013F0B3FE0E4B9842A1D06FF01500A2E7D9
:105A78006FF015009FE700230493059306930DF13B
:105A88001E03049304AA3146284613F09AFEE9E758
:105A98009DF81F10284613F0B0FE00208BE700BFCA
:105AA8000000AD0B38B504464568284612F027FCBF
:105AB80020B91049204612F0D1FB38BD10352846D0
:105AC80013F093FE0028F4D10021284613F089FE34
:105AD800094B98420AD100220849284613F079FE5A
:105AE800002205210D2012F0A8F8E2E76FF004006B
:105AF800E3E700BFCF8301000000AD0BA9830100DD
:105B080008B50B690278012A0CD0022A0DD012B10F
:105B1800074A1A6201E0074A1A6203F1100002F00C
:105B280051FE08BD044A1A62F7E7044A1A62F4E70C
:105B38000100AD0B0000AD0B0100AE0B0200AE0B77
:105B48002DE9F04F8DB002AFF86088469346BB60F0
:105B580004693C6043689A6A7A619B8B3B614FF0A9
:105B6800FF324FF0FF3312F05EFC04F110031846C9
:105B78007B600022002302F069FE00263446BE61E5
:105B88003EE00122FA6101E00022FA616A6804EB52
:105B9800020C3869844560D813F0010F00F0D180F9
:105BA8006B6823449CB2FB694BBB002C40F0D1804E
:105BB80058F80AA0AB88297ABA6800925246F86861
:105BC80000F04CF9031EBB61C0F2E4804FF4804240
:105BD8000023786802F03AFEB861002840F0BD80E2
:105BE8003B681A6A714B9A4240F0DC802B7A13F0BA
:105BF800010F03D07B69534500F0B68000244E4660
:105C08005E4580F0C78006EB46054FEA850A08EB3B
:105C180085052B7A13F0080F40F0B98058F80A1060
:105C280001F0604206F10109D9450ED213F0020FC6
:105C38000BD109EB490008EB8000007A10F0040F43
:105C480003D1584010F0010F9BD0002C9CD1B2F129
:105C5800005F7BD00022FA6198E7FB6819686D46FF
:105C6800032387F82430052387F825308CB002AE4B
:105C780016F1100C24D01A20BCF1000F10D00346E6
:105C8800042803DDDFF82CE1C6F814E0082B00DD5A
:105C9800B4610C2B00DDF261102B01DD3B6933622E
:105CA800032387F82030052387F82130BCF1000F43
:105CB80015D0142800DD716206F1280300210CE0DC
:105CC8006FF00040D8E701F1080207F120042244F0
:105CD80012F8082C03F8012B01310129F3D91928EE
:105CE8002CDD1A23BCF1000F0CD0062287F82420E3
:105CF800002287F8252087F82620012287F8272008
:105D0800786A306100216FF300016FF341016FF38E
:105D180082016FF3C501012262F38811C3F30A03FC
:105D280063F353216FF31F51002362462048FDF7A8
:105D3800F1FCAD466FF01B03BB612BE06FF01B035A
:105D4800D0E77B69E0181BF09DFA29E70023FB6187
:105D580029E72346D7F814A02DE7F86800F02CF8B7
:105D68006FF00403BB6115E01D4607E0A41AA4B256
:105D7800291958F800001BF085FA013E06EB460386
:105D8800980008EB83035A689442EFD236E76FF025
:105D98008503BB61F86812F04BFBB8692C37BD4628
:105DA800BDE8F08F6FF00403BB61F3E70000AD0BB3
:105DB800943C02008451020070B544682368D3F80B
:105DC8000855D3F80C65204602F010F831462846ED
:105DD80002F0E0F805460021606A12F040FB204618
:105DE80001F0F4FF034B9D4201D1002070BD6FF01C
:105DF8000F00FBE70000AD0B08B5436811F0010F79
:105E080024D1C1F34201022912D0032917D0012954
:105E180007D0104A0121104811F0BEFD6FF015009F
:105E280005E01B684FF0CC72C3F82425002008BD9C
:105E38001B684FF0C862C3F824250020F7E71B68E9
:105E48004FF07F62C3F824250020F0E76FF01500BB
:105E5800EDE700BFB8520200943C020010B588B0CC
:105E6800406800240394049405940694079401F070
:105E780001048DF80C40BDF828408DF80D400493BE
:105E88000692828D9A4210D311F0020F16D000228A
:105E980003A901F0FFFF0D4B984214D00B33984231
:105EA8000ED06FF0040008B010BD0092084A01211E
:105EB800084811F086FD6FF01B00F4E72022E7E7A1
:105EC8006FF00F00EFE70020EDE700BF0000AD0B1B
:105ED800CC520200943C0200B0B582B000AF054637
:105EE8004468236A98470121606A12F0B8FA2B4681
:105EF800A26904F10801204601F022FF2E4B9842C6
:105F080006D12E49284612F098FA0837BD46B0BD8A
:105F180029686D4600233B7102237B7188B06C466B
:105F280014F1100211D00E201AB1042801DD244BFF
:105F3800636100233B7002237B709AB1082800DD5F
:105F4800A16104F11C0300210AE06FF00040EBE7B7
:105F580001F1080CBC441CF808CC03F801CB013152
:105F68000129F5D90D2824DD0E2342B10321397109
:105F780000217971B9710121F971786820610021D6
:105F88006FF300016FF341016FF382016FF3C501F5
:105F9800012060F38811C3F30A0363F353216FF3FD
:105FA8001F5100230748FDF7B5FBAD466FF004000D
:105FB800ABE76FF01B03D8E70000AD0BAF8401001F
:105FC80014530200943C020070B400F01F0C400906
:105FD80019D0012819D10E4D0CF1800055F8206018
:105FE8000C4C344041EA420141EA83039DF80C20FD
:105FF80043EA02239DF8102043EA0243234345F86D
:10600800203070BC7047044DE6E70025E4E700BF88
:1060180000288450F0F0FCFF0025845000F01F0198
:10602800400906D0012806D1044A01238B40936019
:106038007047034AF9E70022F7E700BF00288450B9
:106048000025845000F01F01400906D0012806D120
:10605800044A01238B40D3607047034AF9E70022C2
:10606800F7E700BF00288450002584502DE9F04F41
:1060780085B007468B469046002423E04FF0FF3555
:1060880035E0C8F80C55012603963146B5F1FF3FB7
:1060980016D0B1F1FF3F40F0138157F80A3013F4DE
:1060A800004F02D001260022039200220192CDF86F
:1060B8000090C3F34123324603992846FFF784FF33
:1060C8000134E4B25C4580F0FF804FEA840A57F857
:1060D8002430C3F3C322C3F30805082A00F2F6806C
:1060E8007E4911F8029040F2FF129542C6D01B0E6D
:1060F800222B00F2EE8001A252F823F08B60000000
:10610800916100009F610000AB610000B96100006F
:10611800C7610000D3610000DB620000DB620000A1
:10612800DB620000DB620000E1610000F561000055
:10613800DB620000DB620000DB620000DB62000063
:10614800DB620000DB620000DB620000DB62000053
:10615800DB620000096200001B6200002D62000083
:106168003F620000DB620000DB620000DB620000CF
:1061780051620000616200006D6200007D620000F3
:106188008D6200009D620000C8F814550026039631
:106198004FF0FF317AE7C8F80855012603963146D3
:1061A80074E7C8F81055002603964FF0FF316DE7E5
:1061B800C8F80855002601230393314666E7C8F856
:1061C8000C5501260396002160E7C8F810550026F3
:1061D80003964FF0FF3159E7C8F80855B9F1000F99
:1061E8005ED0002603964FF0FF314FE7C8F80C55F4
:1061F800B9F1000F5CD0002603964FF0FF3145E758
:10620800C8F8605557F80A10C1F3004101260396F3
:106218003CE7C8F8645557F80A10C1F30041012655
:10622800039633E7C8F8685557F80A10C1F30041D8
:10623800012603962AE7C8F86C5557F80A10C1F3E7
:1062480000410126039621E7C8F8245501260023BA
:1062580003934FF0FF3119E7C8F828550126039634
:10626800314613E7C8F830550126002303934FF051
:10627800FF310BE7C8F834550126002303934FF08C
:10628800FF3103E7C8F838550126002303934FF080
:10629800FF31FBE6C8F83C55012603963146F5E682
:1062A8004E46CDF80C904FF0FF314FF00609EDE661
:1062B8004E46CDF80C904FF0FF314FF00609E5E659
:1062C800284612F021F9E8E6002004E06FF01500F6
:1062D80001E06FF0850005B0BDE8F08F345302008F
:1062E8002DE9F84305460F46466813F093FC20B99C
:1062F800234B1B780BB3002300E00123D5F8109043
:106308006A68D2F80080F3B9284612F037FA0446D2
:10631800736813F0040F03D04FF48003C8F80433F4
:10632800F36A1F700122F16A284612F073FA84F3A7
:106338001188BFF36F8FBDE8F8830123DEE784F38C
:106348001188BFF36F8FEFF31184202383F3128832
:10635800BFF36F8F284612F010F90028EFD0D9F854
:106368000030002BD4D0D3F8A420002AD0D0D3F802
:10637800B420002ACCDAD8F84C25C3F8B420C7E7F3
:10638800651F00202DE9F04F85B09846D0F810B071
:10639800DBF80040D0F804A0DAF800509AF808308A
:1063A800002B40F0B58081460F46164694F86130C0
:1063B800002B40F0B08094F86230002B40F0AE80A3
:1063C8006365B8F1FF3F44D0B8F1040F16DDA3F1BF
:1063D800993383FB08234FEAE870C0EB6300C117C9
:1063E800C90341EA5041C0034E4BC0184E4A4FF012
:1063F800000341F10001FAF73FF901E000200146EE
:10640800A065E165276466640023A364E3642365EB
:10641800DAF8043013F0040F20D1DAF8043013F05E
:10642800040F02D094F8602052BBC5F83475C5F843
:1064380038650020C5F81001D5F81031C5F84C01B1
:10644800D5F84C31012384F861302B6005B0BDE8E4
:10645800F08F00220023C4E91623D3E7EFF311835A
:106468000393202383F31288BFF36F8F02214846DA
:1064780012F0C4F9039B83F31188BFF36F8FCCE745
:10648800B24228BF32469146DAF8281038461AF048
:10649800F9FE4F44B6EB090614D0B8F1FF3FC4D05B
:1064A8000023C5F80831D5F8083104F10800D4E90B
:1064B80016234FF000084FF00009CDE9008903F0DA
:1064C8006BF9B2E794F86020A2EB0902D2B284F823
:1064D8006020DAF8280000EB09011AF0E0FE0BF161
:1064E8000803D3E8EF1F41F00401C3E8E21F002AC4
:1064F800F7D145F30735002D08DB05F01F026D09BC
:10650800012393404035094A42F8253000209DE791
:106518006FF085009AE76FF00F0097E76FF00F00B4
:1065280094E700BF3F420F0040420F0000E100E047
:10653800F0B583B004461D460669EFF311872023A2
:1065480083F31288BFF36F8F3368D3F8A40000BBBE
:10655800C3F8A4203368C3F8A01001F06043B3F176
:10656800005F1DD13368C3F8A8103368C3F8AC20A6
:106578003146204612F069F987F31188BFF36F8F0F
:10658800204612F029F880B3B5F1FF3F10D1002062
:106598002CE087F31188BFF36F8F6FF00F0025E0B1
:1065A80033680022C3F8B020204612F0BFFADFE7B4
:1065B8003468683425EAE575E917C90341EA5541A5
:1065C800ED030B4828180B4A4FF0000341F1000176
:1065D800FAF752F802460B4600200021CDE90001E7
:1065E800204603F0D9F8002000E0002003B0F0BDF9
:1065F8003F420F0040420F0070B5044605694368EA
:106608001E68286800220A49083013F0F5FC2B6838
:10661800DC63286800220749683013F0EDFC2B681A
:10662800C3F89C40044BC6F80433002070BD00BF7B
:1066380009170000958A010014020A0038B50546BA
:106648000C4601F10C0000F0DBFB0C4B98420DD11D
:1066580005F10C0205F59071207B12F04CFD237BAF
:106668000120984000F0C6FB002038BD044A0121F3
:10667800044811F091F96FF00400F6E70000AD0B43
:1066880040530200CC3C020038B50446456801215D
:10669800E86812F098F863681A682B69C2F824351C
:1066A8006B7DA97D0B43298B0B43297D0B43C2F8D6
:1066B8006C3523691B6823B12046FFF79DFF00282E
:1066C80003DB204612F0E4FA00B138BD0249204647
:1066D80011F022FFF9E700BFB988010021F07F41DE
:1066E80000F5A870014B43F8201070470050015086
:1066F8004FF480338340024AC2F84433704700BFE6
:10670800005001504FF480338340024AC2F84833A6
:10671800704700BF00500150014BD3F80405704783
:10672800005001502DE9F843054689469046FFF789
:10673800E9FF284612F0DEFB4E46032710E0FFF77C
:10674800EBFF0446494612F0C4FBB0F5000F26D90A
:10675800284612F0CFFBB8F1000F22D13E190137BD
:1067680031462846FFF7BAFF2846FFF7C1FFFFF773
:10677800D3FF0446C11C304612F0ABFB0A4B9842CB
:106788000AD9284612F0A9FB0028D8D1B8F1000F81
:10679800E4D06FF0150000E00020BDE8F883002089
:1067A800FBE76FF01500F8E7FDFF7F00034B044A95
:1067B800C3F80823C3F84823704700BF00500150AE
:1067C80003000F0010B5012383406FEA030C0C4A45
:1067D800D2E8EF1F01EA0C0EC2E8E4EF002CF7D173
:1067E8004FF4803282400748C0F80823BFF35F8F18
:1067F800BFF36F8F0B4214BF0120002010BD00BFF4
:10680800C8120020005001504FF480338340124AD0
:10681800D2F80423134201D10020704710B5044672
:1068280001238340DB430D49D1E8EF2F02EA03003F
:10683800C1E8EC0FBCF1000FF6D122FA04F313F013
:10684800010F03D1204612F048FB18B1204612F080
:1068580051FB012010BD00BF00500150C4120020A0
:1068680001B97047012383400D4AD2E8EFCF4CEAC3
:10687800030CC2E8E1CF0029F7D14FF480338340FD
:10688800084AC2F80433084BD3E8AF3FC34013F0BB
:10689800010FE6D0054B4FF40012C3F80021E0E7E2
:1068A800C812002000500150C412002000E100E08E
:1068B80038B514461046194612F028FB02460D4911
:1068C8000B68E01A1B184C6844F100040B604C601C
:1068D800A2F50013B3F5400F09D2074B1B68190A3C
:1068E8001B06D41841F10005044BC3E9004502F02A
:1068F80055FE38BD20080020CC12002028080020B2
:1069080038B50D4B1C68250A2406BFF35F8FFFF7C7
:1069180003FF0346001945F10001B3F5801F0AD2B1
:10692800064BD3E90023904271EB030303D210F125
:10693800807041F1000138BDCC12002028080020E9
:106948002DE9F041064614461D469DF82080104664
:10695800194612F0DBFA0746FFF7D2FFA04271EBA7
:10696800050319D2201A65EB01011B4B984271F1FE
:1069780000012BD2194B03EB0613D3E90223AB42D8
:1069880008BFA24201D1002014E0424639463046F1
:10699800FFF7C8FE70B117E0B8F1000F19D1012355
:1069A800B3400F4AD2E8EF0F1843C2E8E10F0029BD
:1069B800F8D10020094B320103EB0616C6E902455F
:1069C80006999950079B7360BDE8F0816FF0150038
:1069D800FAE76FF01500F7E70100800010080020C3
:1069E800C412002030B585B0FFF7E0FE00231E4A30
:1069F800C2F80835002B25DD1B4C0225C4F80453CA
:106A08001A4B4FF40012C3F88021002201211520EF
:106A180011F013F9152011F006F90123A360236082
:106A2800134A1360002402940194124B0093124AF3
:106A38000023204612F07AFA2846FEF701FE204687
:106A480005B030BD0D4A02EB03124FF0FF304FF096
:106A5800FF31C2E902014FF480329A400249C1F87D
:106A680004230133C6E700BF0050015000E100E0F5
:106A7800C8120020B9680000FFFF7F00100800203E
:106A88002DE9F04782B00446FFF7BEFE10B902B008
:106A9800BDE8F087FFF734FF82460D4612F039FA59
:106AA8000646154B03EB0413D3E90289C24575EB7F
:106AB80009050BD20025304612F033FA002DE6D036
:106AC800009742464B462046A847E0E70A4A23017A
:106AD80002EB0411D5584F680020D0504FF0FF3218
:106AE8004FF0FF33C1E902232046FFF70BFE204693
:106AF80012F000FADFE700BF1008002010B50D4BB8
:106B0800D3F8043313F0020F03D10024002C0BDD5B
:106B180010BD0221074812F0A6F90028F5D0064A50
:106B2800136801331360F0E72046FFF7A9FF01342B
:106B3800ECE700BF00500150CC12002010B584B023
:106B4800B0F1FF3F18D001281BDD154B9842A8BFB4
:106B580018460446134B01221A70FFF7D1FE124B58
:106B68001A685B68801AB0F5000F0CD20444B4F5BB
:106B7800000F09D30A4C07E00A4B00221A70084C90
:106B8800EBE70124E6E7064C002012190290019079
:106B98000649009143F1000312F0C8F904B010BD92
:106BA800FFFF7F00641F002020080020B968000054
:106BB80008B5FFF7A5FE024B1B68C01A08BD00BF49
:106BC8002008002008B512F051FA68B1624BD3F8DA
:106BD800203A4BB9604B0D22C3F8202A0122C3F892
:106BE8001C290022C3F81C2900220BE002F16003D3
:106BF8004FF47F0151F83310DB0003F57F035B6826
:106C08000B6001321F2A08D802F160034FF47F019C
:106C180051F83330B3F1FF3FE8D112F0FFF930B14A
:106C28004D4B2922C3F80C270322C3F83C2712F046
:106C3800A9F940B1494B4A4AC3F830254FF05023CF
:106C48000122C3F8582512F0B1F918B1454B0022BA
:106C5800C3F84C2512F0C2F968B14FF05023D3F8AD
:106C6800003413F0010F06D04FF050230022C3F870
:106C78001421C3F8182112F0C5F960B14FF0502360
:106C8800D3F8003413F0010F05D04FF050236FF004
:106C98000102C3F8002412F0D5F918B12E4B652271
:106CA800C3F80C2712F0F6F920B12E4BD3F8203494
:106CB800002B3ADB12F0FAF9E8B1274B7E22C3F831
:106CC8000C27C3F83C29284A7F23C2F818312349E6
:106CD8000023C1F8043EC1F8083E01F54821C1F877
:106CE8001031C2F82431C2F82C3102F5FF1202F536
:106CF8008052C2F8A0321D4BD3F88C2042F4406277
:106D0800C3F88C201A4908681A4AC2F84405C969A8
:106D1800C2F84C15D3F8882042F47002C3F88820D2
:106D2800BFF34F8FBFF36F8F08BD4FF0502303227F
:106D3800C3F8182501229A604FF05023D3F8043184
:106D4800002BF9D04FF050230022C3F80421012270
:106D5800DA60C3F81825ADE70040005000900350F2
:106D68004400EFBE002003500020005000ED00E07A
:106D78000080FF000060005010B50468ACB1B4FAA0
:106D880084F3C3F11F03DBB201229A4024EA020212
:106D9800D0E8EFCFA44504D1C0E8EE2FBEF1000F34
:106DA800F6D1EAD10B70024810BD0248FCE700BFDB
:106DB8000000AD0B0200AD0B0368CB4013F0010FD0
:106DC80011D100B5026801238B401343D0E8EFCFFF
:106DD800944504D1C0E8EE3FBEF1000FF6D1F1D1E1
:106DE80002485DF804FB0248704700BF0000AD0B85
:106DF8000400AD0B014BC3F8040570470070015047
:106E080008B50146014812F01CFA08BD68000020C8
:106E1800054B1B792BB9044B186001221A710348E2
:106E280070470348704700BFD01200200000AD0B28
:106E38000C00AD0B08B5084B1B680BB112F096F9A6
:106E480012F092F94FF05023C3F818050122C3F845
:106E58001425C3F8802508BDD012002000B583B0E2
:106E6800032818D8DFE800F01A026D6700224FF4F3
:106E78008073012003F1502300211960196802F181
:106E8800502201211160354A1268002A5FD04FF064
:106E98005023C3F8040303B05DF804FB4FF05023FC
:106EA800D3F81824D3F8183403F003038DF8073007
:106EB80012F4803F15D14FF05023D3F8143413F057
:106EC800010F13D112F050F98DF807009DF8072033
:106ED8004FF05023C3F8182508224FF4827302207C
:106EE800C8E70DF1070012F093F9EFE74FF05023D0
:106EF800D3F81C3403F003038DF807300DF10700B5
:106F080012F086F90028E1D0144B1B682BB14FF022
:106F180050230222C3F80423BDE74FF05023D3F8CF
:106F28000431002BF9D04FF050230022C3F804217C
:106F3800D3F80431AFE718224FF490734FF4807000
:106F480098E720224FF492734FF4007092E71A6882
:106F5800002AFCD000221A601B689CE7D01200208F
:106F680010B54FF05023D3F8044302E0194B1B68C7
:106F7800984774B3B4FA84F0C0F11F00012282402C
:106F880083009BB203F580739BB2C0B292B224EA2D
:106F9800020403F1502319680029EAD0002119607E
:106FA8001B684FF05023C3F80823022ADED1D3F818
:106FB8001814D3F8183403F00303012BD6D14FF07B
:106FC80050230221C3F81815C3F8042301229A603C
:106FD800CFE710BDD012002008B50079024B03EBB3
:106FE8000010FFF7C9FE08BD7000002070B400F063
:106FF8001F0C400919D0012819D10E4D0CF1800041
:1070080055F820600C4C344041EA420141EA8303C0
:107018009DF80C2043EA02239DF8102043EA02431E
:10702800234345F8203070BC7047044DE6E700253F
:10703800E4E700BF00288450F0F0FCFF00258450EE
:10704800F0B51C46059F069E00F01F0C400936D07F
:10705800012836D1284D0CF1800355F8233091B31F
:10706800012092B34FF0020E40EA0E0084B34FF0B5
:107078000C0E40EA0E0077B34FF4706E40EA0E0033
:1070880066B34FF4403E40EA0E0023EA000041B3E5
:107098000B7842B312785200134334B3227892002B
:1070A800134327B33A781202134316B33278120403
:1070B800134303430CF1800C45F82C30F0BD0F4D01
:1070C800C9E70025C7E70020CBE74FF0000ECBE764
:1070D8004FF0000ECDE74FF0000ECFE74FF0000E57
:1070E800D1E70023D5E70022D6E70022D8E700221F
:1070F800DAE70022DCE700BF00288450002584502E
:1071080000F01F02400907D0012807D1044B186975
:10711800D04000F001007047024BF8E70023F6E783
:10712800002884500025845000F01F03400908D02F
:10713800012808D1054A803352F82300C0F30140E2
:107148007047034AF7E70022F5E700BF002884509C
:107158000025845000B583B084468E460C4B93E8D6
:10716800030002AB03E90300634609E002A901EB4F
:10717800830151F8081C086A42F8040B08620133BD
:107188000CEB0E009842F1D803B05DF804FB00BF89
:10719800483D020000F01F01400906D0012806D131
:1071A800044A01238B4013627047034AF9E700221F
:1071B800F7E700BF00288450002584504309034A9C
:1071C800D35C00F01F001844C0B27047D4530200CB
:1071D80000487047D812002000487047EC5302005E
:1071E8002DE9F04184B005460C4616461F46084670
:1071F800FFF7E4FF804656B32146284612F008F907
:1072080028B12146284612F0C3F8002843D1214668
:10721800284612F0CCF810B17378012B3BD001232B
:107228008DF80F30002301930096B31C721C0DF1EA
:107238000F012046FFF704FF2879FFF7C9FF08F17F
:10724800080230F8123043F0030320F81230002F00
:107258003BD02146284612F0DBF8002837D13E788B
:107268002B6806F5A272002143F8221043F8221079
:107278002879FFF7ADFF08F1080230F8123023F043
:107288002003DB04DB0C20F812307B782BB9114883
:1072980004B0BDE8F0811048FAE7BA7800922246B7
:1072A8003146286811F0EBFF2879FFF791FF024675
:1072B80008F1080032F810307603B6B2334343F0D1
:1072C800200322F810300348E2E70248E0E70248CA
:1072D800DEE700BF0000AD0B0400AD0B70B506463D
:1072E8000D46144612F054F868B13079FFF770FF74
:1072F80006462846FFF762FF083036F810305B0B69
:107308002370024870BD0248FCE700BF0000AD0BC7
:107318000400AD0B30B583B005460191002400E0B0
:107328000134012C18D80E4B1B5D03F0070202A98B
:1073380001EBD30313F8043CD34013F0010FEFD053
:1073480005EB840201212046FFF704FF55F824309D
:10735800002BE5D0012000E0002003B030BD00BFC5
:10736800E453020008B50079024B03EB8000FFF7F5
:1073780003FD08BD800000202DE9F04182B00546DC
:10738800884616461F4612F083F9AEB33A46314690
:10739800284612F099F8041E20DB2879FFF718FF19
:1073A80040F834602879FFF713FF00EBC40047600A
:1073B8002879FFF70DFF05464046FFF7FFFE083026
:1073C80035F81030E4B26402A4B2234343F4807366
:1073D80025F81030094802B0BDE8F0812879FFF798
:1073E800F7FE0DF107017830FFF7C6FC034B984212
:1073F800F1D19DF80740D0E70048ECE70000AD0B5D
:107408002DE9F04784B006460C4690460846FFF73B
:10741800D5FE07463079FFF7DBFE0546D8F8009021
:10742800B9F1000F21D02146304611F0E0FF0028C5
:1074380043D100238DF80E308DF80F30019300935F
:107448004B460DF10F020DF10E012046FFF7F8FD36
:1074580007F1080235F8123023F002039BB225F831
:10746800123043F0010325F81230D8F80430BBB1CC
:1074780093F80090D3F804A02146304611F0A8FFF5
:10748800E8B1BAF1000F61D1083735F8173023F0A9
:107498001C039BB225F8173043EA890325F81730F7
:1074A800D8F80820002A55D053681268214630467B
:1074B800FFF762FF04B0BDE8F0872748FAE707F155
:1074C800080235F8123023F02003DB04DB0C25F822
:1074D8001230BAF1000FD7D0B9F1030F38D8D8F865
:1074E80004305B6893F800A0B9F1000F08D1336845
:1074F8000AF5A27A002243F82A2043F82A20C3E793
:10750800484611F08DFF034631680AF5A27C51F810
:107518002C2022F0030241F82C20224651463068E4
:1075280011F093FE0AF13C0305EB43039C8007F13D
:10753800080235F812304FEA4A3A1FFA8AFA43EA43
:107548000A0343F0200325F812309DE70248B1E70B
:107558000148AFE70148ADE70400AD0B0000AD0BF3
:1075680038B505460C4611F004FF08B9074838BD80
:107578002146284611F085FF2146284612F0B3F827
:10758800204611F0DAFE0248F1E700BF0400AD0B17
:107598000000AD0B08B50079024B03EB8000FFF744
:1075A8000BFC08BD80000020F0B583B005460E46F0
:1075B8000079FFF70DFE90F88C3013B10D4803B039
:1075C800F0BD044660220021103019F082FE2F68B9
:1075D8002879FFF701FE03680093002332464FF035
:1075E8000041384612F0A1F8012384F88C30A367D3
:1075F8000148E4E70C00AD0B0000AD0B2DE9F047A6
:1076080082B081460F46904600230093019351684B
:107618006846FFF77FFE4CE094FAA4F4B4FA84F4C9
:1076280004F01F05254B9B5D45EA43152846FFF7E7
:10763800C5FD083037F810A0CAF3820A0DEB86039F
:10764800E00804F007041A5C0121A14022EA0102C3
:107658001A542846FFF768FD03465246294638461D
:1076680011F0E0FF2846FFF795FD02AB03EB860318
:1076780053F8084C002CCFD10136012E0DD8104BF1
:107688009B5D08F10402D90803F00703525C22FA53
:1076980003F313F0010FEFD0E7E700224FF00041AA
:1076A800484611F029FED8F804106846FFF732FE64
:1076B80008B10026E1E702B0BDE8F087E853020010
:1076C800E4530200F8B504460E461148081A114B57
:1076D800A3FB00304009FFF77FFD0746D4F80413E9
:1076E800C9B2026841F00041204611F005FE051EAE
:1076F80005DB2A463146204612F041F8F8BD3A46E5
:1077080031462046FFF77AFF25F00045F1E700BF34
:10771800D8120020398EE33808B502490248FFF72D
:10772800D1FF08BDD812002000D0005038B5012381
:107738000360A1B104460D464B680BB901234361B0
:107748000020074B034053B92A460649204612F049
:1077580064F810F4007FF4D001236361F1E738BDC9
:1077680002000400020204000123836000293CD0C7
:1077780070B505460E464B680BB9012343610020DE
:107788001A4C044084BB32461949284612F045F881
:1077980010F4007FF4D0D5F86031ABB9D5F80012F9
:1077A80001222A626A612046002BE9D011F4807F09
:1077B800E6D0D5F848010028E2D00023C5F84831C2
:1077C800D5F848312046DBE70023C5F86031D5F805
:1077D8006031D5F8001211F4007F02D04FF08073A9
:1077E800E2E74FF08073DBE770BD704702000400EA
:1077F8000202040070B400F01F0C400919D00128DF
:1078080019D10E4D0CF1800055F820600C4C344015
:1078180041EA420141EA83039DF80C2043EA02232E
:107828009DF8102043EA0243234345F8203070BCFA
:107838007047044DE6E70025E4E700BF00288450C0
:10784800F0F0FCFF00258450034610F0010F08D12A
:10785800064813F0020F00D0054813F0040F02D1B8
:1078680070470448F5E70448FAE700BF0100AD0B8C
:107878000100AE0B0000AE0B0200AE0B2DE9F0418B
:1078880004460D4616461F46002380F823305368E9
:1078980033B1D36803F06043B3F1005F40F01E8159
:1078A8003378023BDBB2012B48D98E4BC5F808333D
:1078B80094F82430002B4AD117F0140F0CBF012381
:1078C800002384F82430337884F82030737884F8DF
:1078D8002130F368E3607368236133696361B368D7
:1078E800A361C7F3001384F82530E7617378C5F8FE
:1078F80088350023C5F86031D5F86021C5F84831CE
:10790800D5F84821C5F82431D5F82421C5F8043123
:10791800D5F8043117F0010F1FD00123C5F85035F1
:1079280017F0020F1DD00123C5F840353378032B1B
:1079380000F2AC80DFE803F07D996619336903F043
:107948006043B3F1005FB0D0DFF89C8157E0A368D3
:10795800C5F80433DFF8948151E00023C5F85035A9
:10796800DEE70023C5F84035E0E74FF48073C5F83B
:107978000032E2682369C5F84425C5F84835012373
:10798800AB6000224FF48011284611F046FF002812
:10799800F7D16269A369C5F84425C5F848354FF49D
:1079A8008023A360DFF8488117F0080F11D13378DE
:1079B800032B0ED0012B6CD02368002B73D0002131
:1079C8002846FFF7D1FE73681BB923680BB1012362
:1079D8006B612368002B69D017F0040F01D00023D6
:1079E800A36017F0400F03D1A36843F00203A3601C
:1079F800A36843F40073A360A368C5F80433404642
:107A0800BDE8F081E2682369C5F84425C5F8483522
:107A18006269A369C5F83425C5F838354FF484532D
:107A2800C5F8003201232B620223A360DFF8C0806F
:107A3800BAE7E2682369C5F84425C5F8483517F060
:107A4800200F0BD04FF48073C5F800324FF4802319
:107A5800A36001232B62DFF89880A5E74FF4007339
:107A6800C5F800320223A360F3E7E2682369C5F88A
:107A78003425C5F838354FF48053C5F80032012352
:107A88002B620223A360DFF868808DE7DFF864804B
:107A98008AE7236823B100212846FFF747FE92E7CB
:107AA80004F10C01F8E704F10C0189E7D5F8C404E6
:107AB800C5F8C404002384F8243018B1FFF7C4FEC5
:107AC80080469CE717F0400F99D12146284611F0CF
:107AD80014FF002893D1DFF8208090E7DFF80880B2
:107AE8008DE700BF02029C010A00AD0B0B00AD0B35
:107AF8000000AD0B0400AD0B0100AD0BF0B587B075
:107B080005460C4691F82030012B6DD001F1140781
:107B18003A460221284611F080FE06463A464FF4BE
:107B28000071284611F079FE00287BD0002E5ED027
:107B3800E36913F0400F04D194F82330002B00F0D0
:107B4800A380E36913F0040F32D10023C5F8603134
:107B5800D5F86021C5F85C31D5F85C3194F825304A
:107B680013B194F823309BB10023C5F80032A36009
:107B78005F4BC5F8083345F30733002B08DB03F0E8
:107B88001F015B0901228A4060335A4941F82320CA
:107B980094F820308DF8043094F821308DF80530B1
:107BA800E36804932369029363690593A3690393C4
:107BB800D5F8C434C5F8C43413F0020F7FD00123BC
:107BC8008DF8003094F825300BB984F82430E36937
:107BD80013F0040F02D094F823301BB123686168B6
:107BE8006846984707B0F0BD01F10C0790E7A36815
:107BF800C5F808330223A360A368C5F8043300223C
:107C08004FF08071284611F008FE20B1D5F80032F7
:107C180013F4007F02D101232B626B61012384F8E6
:107C28002330DFE7002E83D13A464FF480212846DF
:107C380011F0F3FD94F820307BBB94F8253093B90C
:107C4800C5F80032A3602A4BC5F8083345F307335B
:107C5800002B08DB03F01F015B0901228A40603317
:107C6800244941F8232094F820308DF8043094F802
:107C780021308DF80530E368049323690293636922
:107C88000593A369039393E72146284611F035FE2F
:107C980080F0010084F8230053E74FF40073C5F81F
:107CA800003240F20223A36003F1CE73C5F8083313
:107CB800A368C5F804330123AB602B6292E713F085
:107CC800040F03D002238DF800307BE713F0010F77
:107CD80003D003238DF8003074E794F823301BB1E8
:107CE80004238DF800306DE700238DF8003069E734
:107CF80002029C0100E100E030B585B00D680095F6
:107D08004C6801948A680292C97B8DF80C1003684C
:107D180019B9C3F80855C3F80C45C3F824250379E5
:107D280003EB8303054A52F8333023B1006840F36C
:107D380007300FF078FF05B030BD00BF6813002092
:107D480070B506460D46047904EB84001B4901EB27
:107D5800C00191F8221079BB184804EB840C00EBA1
:107D6800CC0140F83C204B6000238B6081F8253023
:107D780081F82430B5B1A97B00EBCC0383F8271038
:107D8800284611F0FCFD08B90D4814E0697B04EBA6
:107D980084020A4B03EBC20383F8261029463046B7
:107DA800FFF7AAFF04EB8404044B03EBC40301228E
:107DB80083F82220034870BD0348FCE768130020BD
:107DC8000400AD0B0000AD0B0C00AD0B037902688D
:107DD8000621C2F8001503EB8303034A02EBC30331
:107DE800022283F8222070476813002030B40379F8
:107DF8000C4A03EB830102EBC10100248C6000688C
:107E0800094DC0F80853D0F8005225F4BC55C0F805
:107E18000052C0F80045012081F8220081F8244072
:107E280030BC70476813002002029C0130B583B053
:107E380005460479006840F307300FF0F9FE28463C
:107E4800FFF7D4FF04EB8402114B03EBC20393F852
:107E580027302BB90E4B03EBC20393F826304BB1F6
:107E680004EB84040A4B03EBC403002283F82220AA
:107E780003B030BD2B68D3F808050090D3F80C5533
:107E8800019511F02EFD284611F02BFDE8E700BF03
:107E98006813002008B5134690F804C00CEB8C0C4E
:107EA8000A460168024800EBCC00FFF7E7FC08BD72
:107EB8006813002008B502490248FFF71FFE08BDF5
:107EC800681300200090005070B400F01F0C4009A7
:107ED80019D0012819D10E4D0CF1800055F82060F9
:107EE8000C4C344041EA420141EA83039DF80C20DE
:107EF80043EA02239DF8102043EA0243234345F84E
:107F0800203070BC7047044DE6E70025E4E700BF69
:107F180000288450F0F0FCFF0025845000F01F0179
:107F2800400906D0012806D1044A01238B409360FA
:107F38007047034AF9E70022F7E700BF002884509A
:107F48000025845000F01F01400906D0012806D101
:107F5800044A01238B40D3607047034AF9E70022A3
:107F6800F7E700BF002884500025845000F01F0266
:107F7800400907D0012807D1044B1869D04000F008
:107F880001007047024BF8E70023F6E70028845009
:107F980000258450F0B583B005460E46FFF7BEFFB6
:107FA8003046FFF7BBFF0024019406270097032300
:107FB800224601212846FFF787FF019400970323F3
:107FC800224601213046FFF77FFF042011F085F893
:107FD800082C12D83046FFF7C9FF70B92846FFF7BA
:107FE800B1FF042011F079F82846FFF797FF042025
:107FF80011F073F80134E4B2EAE73046FFF7A2FF64
:10800800042011F06AF83046FFF788FF042011F0C9
:1080180064F83046FFF7AAFF10B1024803B0F0BD7C
:108028000148FBE70000AD0B0100AD0B034B00E07E
:108038002033034A9342FBD3704700BFF438020051
:108048009439020004280CD8DFE800F0030D050776
:1080580009000648704706487047064870470648B2
:108068007047064870470648704700BFF45302003F
:1080780018540200285402003454020044540200E8
:108088000454020030B108B511F0CAFD20B10378DC
:1080980023B108BD024870470148FAE70048F8E7ED
:1080A8005454020010B50446FBF754FA034A012160
:1080B80003480FF071FC204611F0ADFC5C5402003F
:1080C800BC3C02002DE9F04782B000AF05460C46E3
:1080D800EFF31188202383F31288BFF36F8FDFF843
:1080E800D091D9F80860FFF7ADFF99F81010E9466C
:1080F80001233B7103237B718AB0EC461CF110020B
:1081080021D04FF0160E5AB17346BEF1040F03DDAD
:10811800DFF8A0A1CCF814A0082B01DDCCF818508A
:1081280001233B7003237B70D2B17346BEF10C0F61
:1081380001DDCCF81C00102B01DDCCF820100CF16F
:10814800240300210AE06FF0004EDCE701F108008B
:10815800384410F8080C03F8010B01310129F5D94E
:10816800BEF1150F50DD16234AB1052139710021E2
:108178007971B9710121F9717868CCF81000002182
:108188006FF300016FF341016FF382016FF3C501D3
:10819800012060F38811C3F30A0363F353216FF3DB
:1081A8001F5100233F48FBF7B5FACD461CB1E369E0
:1081B800C3F308035BBB3046FFF764FFE9460123BE
:1081C8003B7103237B718AB0EC461CF1100224D06A
:1081D8004FF0120E52B17346BEF1040F02DD324960
:1081E800CCF81410082B01DDCCF8186001233B7083
:1081F80003237B70F2B1BEF10C0F01DDCCF81C003B
:108208000CF12003002113E06FF01B03ACE7274AB1
:10821800012124480FF0C0FBCDE76FF0004ED9E7ED
:1082280001F10800384410F8080C03F8010B01317B
:108238000129F5D9BEF1110F31DD12234AB104210C
:10824800397100217971B9710121F9717868CCF817
:10825800100000216FF300016FF341016FF38201F9
:108268006FF3C501012060F38811C3F30A0363F3B8
:1082780053216FF31F5100230A48FBF74BFACD46F1
:1082880021462846FFF70EFF88F31188BFF36F8F4A
:108298003046FCF79DFB0837BD46BDE8F0876FF018
:1082A8001B03CBE7BC3C0200B85402009454020004
:1082B800901300206C54020038B505460B4B53F858
:1082C800204002E02368984708346B1C074A52F89C
:1082D8002330A34209D960680028F3D0037F13F044
:1082E800010FF1D111F09FFBEEE738BDE054020019
:1082F80010B5054C01E098470434044B9C4202D069
:108308002368002BF7D110BD383C02005C3C02000A
:10831800F0B587B00446C0EB4016114D05EBC60614
:1083280000EB800004EB44020E4B03EBC2030E4A41
:108338000592012204920F220392002202920192D6
:1083480000930A4B4FF4A072094901EB80113046A3
:1083580000F0C4FA737B23F00403737307B0F0BD15
:108368003008002090130020D0540200819B0100A7
:10837800902A002008B553EA020102D100F09CFEC1
:1083880008BD0249183001F067F8F9E7299E010095
:1083980010B586B0184C14E0636A0593236A0493F9
:1083A800E3690393A36902936369019323690093C3
:1083B800E368A2686168206800F090FA23685C6549
:1083C80030340E4B9C42E7D300F090FD0A4C00E09D
:1083D80030340A4B9C420BD2A26AE36AB3F1FF3FE6
:1083E80008BFB2F1FF3FF3D02068FFF7C3FFEFE704
:1083F80000F094FD06B010BDBC3B0200BC3B02007F
:1084080008B50C4B01221A700320FFF755FF0FF037
:108418007DFDFBF7A1FCFFF76BFF0420FFF74CFF86
:10842800FFF7B6FFF9F718FB034A137B23F00103A4
:10843800137308BD651F00202809002008B50146F0
:10844800014A0248FCF7FEFB0984000028090020C5
:1084580008B50348034A121A002111F0FBFA08BDB7
:10846800180200208C1F002010B50446FFF750FFAB
:10847800C4EB44130A4901EBC3010A4A04EB440361
:1084880002EBC303D9601C74074B03EBC42303F549
:10849800006304EB440402EBC402536010BD00BF48
:1084A80030080020901300209022002070B586B07C
:1084B80000F06CFD104D114B9D61114B059301238C
:1084C8000493002403940294019400940D4B4FF4F8
:1084D80080620D49284600F001FA06466B7B23F0BE
:1084E80004036B73284611F033FC2046FFF7BCFFEA
:1084F800304606B070BD00BF280900209013002048
:10850800D854020009840000D02B002008B50020B0
:10851800FFF7D2FE1B4B03F5006282F3088883F352
:108528000A88194CE02384F822300023E377237665
:108538006376A37684F82030626A42F4E0226262AD
:1085480084F82330FCF7B8F9FCF7A0FB4FF0FF33B1
:10855800A362E362FCF762FDFCF7C8FBFAF756FF7B
:108568000A4800F01DFAFFF761FDFCF7A5FE01209F
:10857800FFF7A2FE0220FFF79FFEFFF797FFFFF726
:108588005DFF00BF9022002000ED00E0200A0020DF
:1085980010B5064C002000E02034054B9C4204D264
:1085A800204611F05FFA0028F6DA10BDA401002079
:1085B800A401002030B583B00D46EFF311812024CB
:1085C80084F31288BFF36F8F046964B12C60236849
:1085D8000361C3690133C361002081F31188BFF3CC
:1085E8006F8F03B030BD00F1080C53EA020404D1C8
:1085F80000232B606FF00B00EFE700920193024617
:10860800604600F085FB0028EBD1024B9B681B6994
:108618002B60E6E7901300202DE9F04182B0044674
:10862800EFF31187202181F31288BFF36F8FC168A0
:1086380099B9002950D1364B9B6893F90E302361C4
:108648000131E160324B9B68A36087F31188BFF367
:108658006F8F002002B0BDE8F08116461D46826883
:108668002B4B9B689A42E4D055EA060136D092F922
:108678000E80414693F90E0011F08BFA804534DCE8
:108688004FF000080096019522463946214800F02F
:108698003FFB0028DED0EFF31185202383F31288F7
:1086A800BFF36F8FA36843B323689C4223D013B3EF
:1086B800216993F90E0011F06CFA0146204611F079
:1086C80073FAE8B9B8F1000F1AD185F31188BFF32E
:1086D8006F8F6FF00A00BDE72369B0E787F3118851
:1086E800BFF36F8F6FF00F00B4E70146204611F01B
:1086F8005BFA8046C6E72169E0E7B8F1000FE4D0ED
:108708002946044800F0C6FB6FF00A00A2E700BF44
:1087180090130020B8130020F8B58368002B47D0C9
:108728000446264A9268934245D1C368012B04D96E
:10873800013BC36000252846F8BDEFF311862023CE
:1087480083F31288BFF36F8F016911F02DFA276840
:10875800A7420CD03D1E18BF012557B9A760CDB957
:108768000023E36086F31188BFF36F8FE3E70027E8
:10877800F0E77A683B6813605A6000233B607B60CF
:108788007A7B22F002027A73BB6007F1180011F0BD
:10879800F1FBE3E797F90E3023610025C7F8AC50E9
:1087A800384611F0D5FA3146054800F073FBC2E7A8
:1087B8006FF01505BFE74FF0FF35BCE790130020B9
:1087C800B8130020F8B50446EFF31187202383F38C
:1087D8001288BFF36F8F0568A84212D02E1E18BFEB
:1087E800012685B906BBA368E268934224D001221A
:1087F8001344A36000230BBB87F31188BFF36F8F6B
:10880800F8BD0025EAE76A682B6813605A60002300
:108818002B606B606A7B22F002026A73AB6005F121
:10882800180011F0A7FBDDE70023C5F8AC30284697
:1088380011F08EFA0123DEE70022D9E73946024813
:1088480000F028FBDCE700BFBC13002010B582B0A5
:10885800EFF31181202484F31288BFF36F8F8468AB
:1088680044B1013C846081F31188BFF36F8F00200D
:1088780002B010BD53EA020406D0009201930246EA
:10888800054800F045FAF3E781F31188BFF36F8FCD
:108898006FF00F00ECE700BFBC13002008B553EAE7
:1088A800020102D100F008FC08BD0249183000F0AE
:1088B800D3FDF9E7299E010010B5044640B11F22F7
:1088C80004F1740018F023FD002084F8930010BD13
:1088D800014B9C68F3E700BF901300202DE9F04F8F
:1088E80085B004460F4615461E46DDF838A0DDF86B
:1088F8003C90DDF84080DDF84CB000F1580383650A
:10890800C365129B0422119911F08CF92A46394645
:10891800204611F06AF90546CDF80880CDF8049094
:10892800CDF800A03346024639462046FCF73AF90E
:10893800002363652666C4F864A0C4F86890C4F888
:108948006C80EFF31182202383F31288BFF36F8FBB
:10895800124B596A21675C6282F31188BFF36F8FEB
:10896800BBF1000F13D01F22594604F1740018F010
:10897800CEFC002384F89330084B9B685BB1D3F896
:10898800A030C4F8A030284605B0BDE8F08F002319
:1089980084F87430F0E7C4F8A030F4E790130020AE
:1089A8000123437303730023C0F89430C0F8983050
:1089B800C0F8A030014B9860704700BF90130020AA
:1089C8000A4A9368C3F8A8006FF00A01C3F8AC100C
:1089D80007494B6843F080534B60002383F31188A9
:1089E800BFF36F8F9368D3F8AC00704790130020E3
:1089F80000ED00E0437B90F90D20002A51DB13F0D5
:108A08001F0F4ED110B563F07F034373254A52F808
:108A18001C3F93420ED100230CE05A684260036069
:108A2800106058601EE01A461E49096A8A420FD033
:108A38001B687BB173B190F90E1093F90E20914227
:108A4800F1D0521A002AE8DC1A46002BECD1F0E7E4
:108A58000023EEE7134B1A6A03F11C010160426020
:108A6800106018620F4B53F81C4F9C420ED06CB12B
:108A78000C4B9B685A7B12F01F0F0AD1DA897F2AA8
:108A880007D9A2692AB9074A936109E0054BDC684E
:108A9800EEE7A34202D0204600F024FC014B9C6183
:108AA80010BD70479013002010B5437B90F90D203E
:108AB800002A14DB154B9A6853F81C4F9C4219D0B6
:108AC800C4B1824219D0537B13F01F0F15D1D3893B
:108AD8007F2B12D9A36983B90C4B9A6114E003F078
:108AE8007F0343734268036813605A60002303607E
:108AF8004360DFE7054BDC68E3E7A24202D020468B
:108B080000F0F0FB014B9C6110BD00BF90130020EA
:108B18002DE9F84305460C46414B9E68737B13F0DC
:108B2800600F2BD013F0200F2DD008271F4225D11E
:108B38003B43737313F0800F27D1082F30D04FF0C9
:108B48000009374B53F81C8F98454ED0B8F1000FE9
:108B58004BD0334B9B68434502D0404600F0C2FBE4
:108B68002F4BC3F81880102F08D03046FCF742F876
:108B7800304600F017FCB9F1000F3AD184F31188A0
:108B8800BFF36F8F46E01027D0E703F07F037373BE
:108B98007268336813605A60002333607360CCE7EF
:108BA800B3685BB17268336813605A60002333603E
:108BB8007360727B22F002027273B360304611F068
:108BC80093F806F1580011F094F8154B9B689E42F3
:108BD80002D04FF00009B4E7EFF3058313B94FF063
:108BE8000009AEE74FF00109ABE70D4BD3F80C8055
:108BF800AFE70C48FFF7D4FEC0E7EFF3118420235A
:108C080083F31288BFF36F8F10F0C1FF84F31188CC
:108C1800BFF36F8F6B7B13F0600FEED1BDE8F88365
:108C280090130020200A0020B3F1FF3F08BFB2F1E3
:108C3800FF3F00D1704708B50249183000F00CFC1E
:108C480008BD00BF299E010010B5437B90F90D2097
:108C5800002A0ADB437B63F07F0343732B4A52F8F5
:108C68001C3F934219D1002317E003F07F0343739D
:108C78004268036813605A60002303604360E9E7B1
:108C88005A6842600360106058601EE01A461F4927
:108C9800096A8A420FD01B687BB173B190F90E1034
:108CA80093F90E209142F1D0521A002AE8DC1A46B4
:108CB800002BECD1F0E70023EEE7144B1A6A03F11E
:108CC8001C010160426010601862104B9A6853F8EA
:108CD8001C4F9C420ED06CB182420ED0537B13F0D5
:108CE8001F0F0AD1D3897F2B07D9A3692BB9074B4B
:108CF8009A6109E0054BDC68EEE7A24202D0204603
:108D080000F0F0FA014B9C6110BD00BF90130020E9
:108D180010B50C4611460A4882680A4B1A60EFF3F0
:108D28001183202383F31288BFF36F8FDDE90223B9
:108D3800806811F001F82046FFF742FE10BD00BF21
:108D480090130020C41300202DE9F04104460E467C
:108D58000023EFF31185202282F31288BFF36F8F6F
:108D68001F4650E003F07F03637362682368136053
:108D78005A6000232360636071B2A173637B63F060
:108D88007F036373424A52F81C3F93420ED100237B
:108D98000CE05A686260236014605C601CE01A464C
:108DA8003B48006A82420DD01B686BB163B193F9EE
:108DB8000E209142F3D0521A002AEADC1A46002B00
:108DC800EED1F2E70023F0E7314B1A6A03F11C01F8
:108DD8002160626014601C622D4B53F81C8F98450B
:108DE80020D0B8F1000F1DD0294B9B68984502D0C0
:108DF800404600F077FA264BC3F8188085F31188AF
:108E0800BFF36F8F0123002B3FD1637B03F01F0259
:108E1800002A0CBF01270027A4D013F0020F05D1A8
:108E2800A673EBE71A4BD3F80C80DDE7A1686268FC
:108E3800236813605A6000232360636070B2A073D4
:108E48000B6899420DD100230BE05A6862602360D9
:108E580014605C60D2E79C464A6894450DD01B6854
:108E68006BB163B193F90E209042F4D0121A002A24
:108E7800EBDC9C46002BEFD1F2E70023F0E74B68D0
:108E8800216063601C604C60B8E73846BDE8F0813B
:108E98009013002008B50B4659B9EFF3058242B983
:108EA800064A90699268904203D00846FFF788FD09
:108EB80003E083F31188BFF36F8F08BD9013002080
:108EC80008B5034650B9EFF305823AB9064A9169E5
:108ED8009268914202D0FFF773FD03E083F3118893
:108EE800BFF36F8F08BD00BF901300200023EFF37E
:108EF8001181202282F31288BFF36F8F09E0064B9D
:108F08009A68D37B013BD37381F31188BFF36F8FCA
:108F18000123002BF3D070479013002038B50023AD
:108F2800EFF31185202282F31288BFF36F8F0EE0D2
:108F3800154BDC6817E0A24202D0204600F0D2F9B7
:108F4800114B9C6185F31188BFF36F8F0123BBB967
:108F58000D4B9A68D17B0131D17353F81C4F9C4259
:108F6800E6D0002CE4D0537B13F01F0FE3D1D38954
:108F78007F2BE0D9A369002BDDD1034B9A61E1E790
:108F880010F079FF38BD00BF9013002008B50248E3
:108F980010F07CFF08BD00BFA813002038B5EFF320
:108FA8001184202383F31288BFF36F8F224B9A68B2
:108FB8001B6A9A4205D01368516812680A605160AA
:108FC80006E00023F8E71C4A126A934212D01B6895
:108FD80093B1194A906890F90E1093F90E209142B6
:108FE800F1D0521A002AEEDD5A6842600360106020
:108FF80058600AE00023EBE70F4B9A68196A03F1FF
:109008001C00106051600A601A620B4B53F81C5F19
:109018009D420DD065B1084B9B689D4202D0284601
:1090280000F060F9044B9D612046FFF7C9FC38BD8C
:10903800014BDD68EFE700BF90130020F8B551EA57
:10904800000328D005460C46EFF31187202383F34D
:109058001288BFF36F8F154EB068154B1860FFF775
:1090680023FDB0682A4623461249183000F0F4F967
:109078000446B268537B43F0040353733846FFF742
:109088009FFCB3689A6ADB6AB3F1004F08BF002AF5
:1090980005D00020F8BDFFF781FF0020FAE710F0A7
:1090A80098FF201A0028F5DC0020F3E79013002031
:1090B800C4130020299E010038B5EFF31185202341
:1090C80083F31288BFF36F8F437B13F0040F04D12F
:1090D80085F31188BFF36F8F38BD0446183010F040
:1090E80049FF637B23F0040363732046FFF782FC88
:1090F80029460248FFF7CEFEEEE700BFC013002066
:10910800014B9868704700BF901300202DE9F84381
:10911800037B03F00107EFF31186202383F3128802
:10912800BFF36F8F457B15F0080F1AD10446B1467F
:1091380000F1580810F0A4FD10B345F02005657340
:10914800EFF305839BB131462046FFF7E1FC67B199
:10915800002383F31188BFF36F8F0423184602DFBF
:1091680003E086F31188BFF36F8FBDE8F8834146AB
:109178003F4B986810F086FD3046FFF721FCE6E784
:1091880045F00803637313F0800F36D1A3685BB111
:109198006268236813605A60002323606360627BFF
:1091A80022F002026273A36004F1180010F0E2FEDC
:1091B800404610F09EFD2E4B9A6894422AD0002615
:1091C8002B4B53F81C5F9D422BD055B3AA4202D0BB
:1091D800284600F087F8264B9D612046FBF70AFDDC
:1091E800204600F0DFF8FEB9214B9B689C421FD057
:1091F80089F31188BFF36F8FA9E705F07F0545F064
:10920800080565736268236813605A600023236049
:109218006360BBE7EFF305830BB90026D0E70126AF
:10922800CEE7134BDD68D1E71248FFF7B9FBDBE760
:10923800EFF30583002BDBD1237B13F0010F12D052
:1092480089F31188BFF36F8F002383F31188BFF36D
:109258006F8F0423184602DFEFF31189202383F36D
:109268001288BFF36F8F4846FFF7AAFB6FE700BF6E
:1092780090130020200A0020044BC01AC010044B91
:1092880003FB00F0034B01221A547047180B00200F
:10929800ABAAAAAAC8130020C3897F2B11D80E4BEA
:1092A8001B687BB190F90E200C4B1B689A420CDBB3
:1092B800437B13F01F0F0AD1094B984209D00123B1
:1092C80000E0002303F0010070470023FAE70023C1
:1092D800F8E70023F6E700BF84000020CC13002045
:1092E8003008002070B505460D4B1E7C06EB460382
:1092F8000C4C04EBC304204610F03CFE0A4B002241
:109308009A552846FFF7C8FF00B970BD074B1A6881
:10931800013AD3170649204600F09EF8F5E700BF4A
:1093280090130020180B0020C81300208400002090
:109338008192000038B5EFF31185202383F312885A
:10934800BFF36F8F144B9C68144B1B68A34217D054
:10935800124B00221A60104B1B7C114AD35C53B18C
:109368002046FFF799FF30B1637B13F01F0F0FD032
:109378002046FFF7B7FF85F31188BFF36F8F38BD1D
:109388002046FFF7AFFF85F31188BFF36F8FF6E72D
:109398002046FFF759FCEBE790130020C413002088
:1093A800C8130020EFF31181202383F31288BFF341
:1093B8006F8F0A4B5B6A834204D11A6F074B5A625C
:1093C80007E0134613B11A6F8242FAD10BB1026F4C
:1093D8001A6781F31188BFF36F8F704790130020CD
:1093E80008B50648064A121A064910F037FB06481F
:1093F800064A121A064910F031FB08BD0000002089
:1094080018020020E0820200000000200000002076
:10941800E0820200034B1868984200D07047002091
:10942800FCE700BF8800002030B1044A526890422F
:1094380001D0006870470020704700BF88000020F6
:1094480008B5044B1B680BB1002008BDFDF7B0FB45
:10945800FBE700BFD01300202DE9F04F83B0019344
:10946800B3F1FF3F08BFB2F1FF3F0DD0044691466C
:1094780081600023EFF3118A202282F31288BFF360
:109488006F8F1D461E4635E000252E46284631467C
:1094980003B0BDE8F08FFFF7D3FF80460135019B8D
:1094A80043F10006451946EBE07625616661384AC6
:1094B80013685268ED1846EB02064FF0010B41E0C5
:1094C800C91A67EB02020161426143686360206068
:1094D8001C60446005E02F4B5A682360626014608A
:1094E8005C60FFF797FF844240D08AF31188BFF38E
:1094F8006F8F0123002BC9D14D46019E6FF00103E8
:10950800B3EB09034FF0FF3363EB0603002BC2DB19
:109518001F4B19685B686918019A43EB02036FF0E7
:109528000102521A4FF0FF3161EB0303104619464E
:10953800012A73F1000301DA012000212061616131
:109548004FF0000BFFF766FF0028C4D00169476998
:10955800236962698B4272EB070EB1DB5B1A62EB1F
:10956800070223616261FFF75FFFEDE70A4B1B68A3
:10957800002BBAD1BBF1000F06D0404610F0DFFC3B
:109588000021FDF7DBFAB0E7FFF75AFF8046F4E762
:10959800300B002088000020D013002070B5EFF3B6
:1095A8001186202383F31288BFF36F8F2A4B18602C
:1095B800FFF730FF044623E0284A136851685B1917
:1095C80041EBE5711360516000220023C4E90423D4
:1095D800204610F09DFC86F31188BFF36F8FA368B7
:1095E80020469847EFF31186202383F31288BFF3B0
:1095F8006F8F194A13685B1B1360FFF70BFF044654
:109608003CB125696169144B1A68D317AA428B418A
:10961800D2DA44B1236962690F4909685B1A62EBBF
:10962800E172236162610D4A0B4D28681368516825
:109638001B1841EBE0711360516000242C60204638
:1096480010F07DFC2146FDF779FA86F31188BFF307
:109658006F8FFFF76FFE70BDD0130020300B002016
:1096680010B50022EFF31184202383F31288BFF38F
:109678006F8F134611460CE0FFF7E2FE074A1368A6
:109688005168C31841EBE07184F31188BFF36F8F01
:109698000122002AF0D0184610BD00BF300B002070
:1096A800F8B5EFF31183202282F31288BFF36F8F8E
:1096B800026822B183F31188BFF36F8FF8BD0446A7
:1096C8001D46826AC36A52EA030105D0B3F1FF3F1F
:1096D80008BFB2F1FF3F27D1236B01332363236A0D
:1096E8006BB185F31188BFF36F8F236A20469847C3
:1096F800EFF31185202383F31288BFF36F8F04F1F2
:109708001803A469A3423FD0002C3DD0204610F096
:109718003AFB0023C4F8AC3085F31188BFF36F8F90
:10972800204610F015FBC9E716461F46012A73F1BB
:10973800000301DA01260027013E47F1FF3710F048
:109748004CFC013041F10001801947EB010101286F
:1097580071F1000108DA6FF001024FF0FF330D4993
:109768002046FFF779FEB7E710F037FC013041F1EA
:109778000001801947EB01036FF00102121A4FF044
:10978800FF3161EB0303EAE785F31188BFF36F8FBD
:1097980094E700BFA9960000F8B51D46EFF31187BE
:1097A800202383F31288BFF36F8FB5F1FF3F08BF03
:1097B800B2F1FF3F1FD00646144629466FF001025A
:1097C800121B4FF0FF3262EB0502002A18DB30460D
:1097D80010F0D0FBDDE90623C6E90A230023336332
:1097E80022462B460B493046FFF736FE87F3118891
:1097F800BFF36F8FF8BD87F31188BFF36F8FF9E759
:10980800012C71F1000101DA01240025013C45F128
:10981800FF35DCE7A996000010B50A4C23681BB198
:1098280001232360002010BD00F0F2F80028F7D0D3
:109838000138072803D8044B53F8200010BD03480B
:1098480010BD00BFD4130020FC540200FE8FFFFFA0
:10985800BFF34F8F0549064BCA6802F4E062134311
:10986800CB60BFF34F8F00BFFDE700BF00ED00E006
:109878000400FA0530B44FF0FE3200250B4B0C4CB7
:109888000C494968C3F80024C3F80424C3F8082421
:10989800C3F80C24C3F81024C3F81424C3F81824FC
:1098A800C3F81C24C4F8005530BC08470050845045
:1098B8000040845090000020024BD0E90012C3E918
:1098C800001270479000002010B5044650B163683C
:1098D80013F0685F05D0064A934202D00023626005
:1098E800236010BD034B04485B689847EFE700BF4F
:1098F8002C5F5CA9900000201C550200C8B1436889
:109908000D4A934213D013F0685F0ED0012350E83C
:10991800002F194640E8001C9CF0000FF7D1012ADF
:10992800F5D0BFF35F8F00207047044870470448A4
:1099380070476FF4E04070472C5F5CA9E98FFFFF28
:10994800EA8FFFFF034680B1426809498A420AD07C
:1099580012F0685F05D0BFF35F8F002210461A60CF
:10996800704704487047044870476FF4E0407047F8
:109978002C5F5CA9E98FFFFFEA8FFFFF10B5044653
:1099880020B10023034A2360626010BD0248FFF73C
:1099980071FFF6E73A00003A445502002DE9F0411C
:1099A800174C4768066867608768C068A760E0600A
:1099B80026600868134B144D18604868D5F81821BC
:1099C8005860886812F0685F9860C8680969D8604C
:1099D800196112D000230D4A05F58A70C5F81431B3
:1099E800C5F8B831C5F81821C5F8BC21B0472368B7
:1099F80005F5DC70BDE8F0411847BDE8F08100BF0F
:109A0800AC00002098000020EC1300202C5F5CA91B
:109A180008B500F011F830B900F010F838B9054A67
:109A2800C2F80C0A08BD00F037F8032008BD04206E
:109A380008BD00BF005084500020704710B5114881
:109A480000F048F800B110BD0F4800F043F80028B6
:109A5800F9D10E4C204600F03DF80028F3D10C4B0C
:109A68000C481C6000F036F801460028EBD100F0E5
:109A78002DF8044608B1204610BD00F03FF82046F6
:109A8800FAE700BFEC000020E8000020E400002016
:109A9800DC000020E000002008B5084800F024F8A9
:109AA800074800F021F8074800F01EF8064800F0C3
:109AB8001BF8BDE8084000F00BB800BFEC00002020
:109AC800E8000020E4000020E000002000207047AB
:109AD800704700BF08B5034B02681B6810689847B9
:109AE800002008BDAC00002008B5034B02685B6885
:109AF80010689847002008BDAC00002070B5094CDC
:109B0800094D2069AB68984718B1084B08485B684D
:109B180098470021074AEB6811602069BDE870404A
:109B2800184700BF98000020AC00002090000020DB
:109B380068550200E813002002680346D20710B5F2
:109B48000FD4427852B1042016F073FC044600F09A
:109B580019F8054A0549204616F08DFE012058706F
:109B680010BD0020FCE700BF799B0000885502006B
:109B7800034B10B50446036016F068FD204610BD7F
:109B88009C550200014B0360704700BF9C550200C2
:109B9800034B10B50446036007F0F0FE204610BDE5
:109BA800BC55020070B5051D04460E46284603F054
:109BB8009BFC0023314628466367A4F87830C4E943
:109BC8001F33C4E92133074B23601433636013F058
:109BD80011FE06E0044B2846636003F0A7FC16F06C
:109BE8003EFC70BD10630200645F02002DE9F74F70
:109BF800DFF83C810190D8F80040631CC8F80030B9
:109C0800002C77D13D4E01223D4B4FF0FF3ADFF853
:109C1800249106F11C001A70B4613A4DDFF818B1AE
:109C2800394FC6E90094C6E90244C6E9044400F085
:109C380057FC364A05F11C00C6F800B01268C6F891
:109C480024A03262AC61C5E90094C5E90244C5E9C3
:109C5800044400F045FC2E4A07F11C00BC61126860
:109C6800C5F800B0C5E9082AC7E90094C7E9024465
:109C7800C7E9044400F034FC264BC7F800B031466D
:109C88001B682548C7E9083A244FFFF78BFF384679
:109C9800A7F1080603F028FC214B2946384647F867
:109CA800083C1433B467A6F87C40C6E92044C6E9EA
:109CB8002244C6E9014313F09DFD06E0194B1748FD
:109CC800B36003F033FC16F0CAFB174C0E4920466C
:109CD800FFF768FF0C491548FFF764FF23690E4A30
:109CE80043F40053B2672361D8F800306267013348
:109CF800C8F80030019803B0BDE8F08FE01C0020E0
:109D080054010020B81C0020901C00209050020034
:109D18009450020090500200201E0020B41E002023
:109D2800B05F0200645F0200941D0020081D00203F
:109D3800081C00203C630200185F02000B4A1368ED
:109D4800591E022B10B5044611600DD1084815F0B4
:109D5800B0FF084815F0ADFF074815F0AAFF03E06B
:109D680016F01FFC16F046FC204610BD081C00200B
:109D7800201E0020941D0020081D0020044A0B68A6
:109D88001268036093421EBF1A6801321A60704756
:109D9800B815002000220249024808F043BA00BF63
:109DA800BB680200B015002010B5034C23680BB93E
:109DB800FFF7F0FF206810BDB0150020004870477D
:109DC800BB680200054B10B51B6804460068984242
:109DD80001D010F025FA204610BD00BFB8150020AC
:109DE800094A38B50B680D461168044600688B426D
:109DF8001EBF1A6801321A60814201D010F010FAB1
:109E08002B682046236038BDB8150020036823B9A5
:109E1800034A136801331360036000680138704710
:109E2800AC1500202DE9F84F044617460846002ACD
:109E380063D0FFF7EBFFA3680546013B83424DD291
:109E480000F104096FF06043D4F804B0994534BFB9
:109E58004FEA89084FF0FF38404616F05DFD0023B1
:109E68000646A068984211D1C0F1040200212A4494
:109E78009200484588BF002206EB800017F029FAB7
:109E88004046D4F80CA016F047FD06E0626852F888
:109E9800232046F823200133E4E780460023A06806
:109EA80098422CD1C0F1040200212A44920048456E
:109EB80088BF002208EB800017F00BFAC4F80C806A
:109EC800C4E90169BBF1000F02D0584616F05AFAEE
:109ED800BAF1000F02D0504616F054FA7B68666853
:109EE80001337B6056F82530002B45D146F82570A4
:109EF80000252E46A368AB4241D8BDE8F88FE2683A
:109F080052F8232048F823200133C9E7D8F8040081
:109F1800FFF77CFFA8420AD10846FFF777FF56F8FB
:109F2800203080461BB3384601F0FAF815E008F1F6
:109F38000808D8F80010D1B10846FFF767FFA84213
:109F4800E4D1D8F804100846FFF760FF56F820302F
:109F5800804663B1384603F0BDF843688146013353
:109F6800436056F8280010F006F946F8289056F88D
:109F7800250010F000F9B9E7DFF83080D9E7E36889
:109F880053F8250020B110F0F6F8E36843F825608F
:109F98000135AFE716F005FB304616F0F3F916F079
:109FA80084FC16F027FB16F05AFA00BFF0550200A1
:109FB8002DE9F04106460C4615461F4FD7E8AF3F3E
:109FC800DB0706D43846FFF7B7FD10B1384610F066
:109FD80034F81A490F6817B94FF0FF3308E03846CC
:109FE800FFF714FFA84248680DD1FFF70FFF03469B
:109FF800F16851F8252092B1E4B1236820465B68E6
:10A00800BDE8F0411847FFF701FFA84205D13846DF
:10A01800FFF7FCFE2B460546EAE70831DAE76268F7
:10A02800501C6060581C41F825401EBF0232626017
:10A0380041F82340BDE8F081BC150020F05502002E
:10A0480010B5074CD4E8AF3FDB0708D42046FFF72C
:10A0580073FD20B12046BDE810400FF0EEBF10BDE3
:10A06800481B00201A2368222DE9F043836085B03D
:10A07800B84B0546016000211846B74C17F029F97E
:10A08800B64B682200216860184617F022F9B44BD5
:10A0980000211422E860184617F01BF9021F40F847
:10A0A800044C2A61FFF78AFE002203881146AD4856
:10A0B8002380012301F04EFBAA4A2846AA49FFF74C
:10A0C800B1FE0121A94808F0D9F8A84A2846A849AC
:10A0D800FFF7A8FEDFF870830123A6480021A64AEF
:10A0E800C8F804304360A54BC8F8002088F8101061
:10A0F800A8F8241088F864100360C0F80880C8E93C
:10A108000211C8E90511C8E9071100F0A7FB0AE028
:10A1180004460D46974810F02DF82946013100F005
:10A12800158116F09CF9934A28469549FFF77AFE5F
:10A13800944A0124944B2846944954601360FFF7CD
:10A1480071FE934A2846934B934954601360FFF776
:10A1580069FE924C01236360914B2360FFF724FE54
:10A16800A06022468F492846FFF75CFE03E00446BC
:10A178000D468A48CFE78C4F01238C4A8C483A60B9
:10A1880000227B60436011468A4B3A82BA747A6334
:10A1980087F8432003608760C7E90222C7E90522E0
:10A1A800C7E90722C7E90922C7E90B2200F0F6F937
:10A1B80003E004460D467E48ADE77D4A28467E49C1
:10A1C800FFF730FE7D4E01237D4A7E483260002233
:10A1D8007360436011467C4B3282B274726386F8B6
:10A1E800432003608660C6E90222C6E90522C6E963
:10A1F8000722C6E90922C6E90B2200F08BF903E021
:10A2080004460D466F4886E76E4A28466F49FFF7B1
:10A2180009FE6F4A01246F4B28466F49546013604A
:10A22800FFF700FE6D4A28466D4B6E495460136077
:10A23800FFF7F8FD6C4C01226C4B21466C482360FB
:10A2480000236260C4E90233C4E90433C4E9063375
:10A25800C4E90833C4E90A33C4E90C33C4E90E334A
:10A26800C4E91033C4E91233C4E91433C4E916331A
:10A27800C4E91833C4E91A33C4E91C33C4E91E33EA
:10A28800C4E92033C4E92233C4E92433C4E92633BA
:10A29800C4E92833C4E92A33C4E92C33C4E92E338A
:10A2A800C4F8C03084F8C43003F05AFB504A28463A
:10A2B8005049FFF7B7FD504A4FF001094F4B284668
:10A2C8004F49C2F804901360FFF7ACFD4D4A284689
:10A2D8004D4B4E49C2F804901360FFF7A3FD494661
:10A2E8004B4801F0B1FB4A4A28464A49FFF79AFD14
:10A2F800494A2846494B4A49C2F804901360FFF777
:10A3080091FD484A2846484B4849C2F804901360D2
:10A31800FFF788FD464A2846464B4749C2F804904D
:10A328001360FFF77FFD454A2846454B4549C2F86B
:10A3380004901360FFF776FD01A928460396CDE93E
:10A34800018700F0E3FC81E00446E7E6204607F0D9
:10A35800FDFB00BFB01A0020661F0020481A00202D
:10A368001C1B002028180020C41B0020F417002004
:10A378008C1C00201018002060560200E85B0200C8
:10A38800F41B00200818002044610200681C00200B
:10A398000018002080610200641C00201C180020A6
:10A3A800CC5B0200E81B00208816002050560200F3
:10A3B800DC170020405C0200FC1B0020CC160020AB
:10A3C80040560200E81700200C5C0200F81B002031
:10A3D800D4170020905C0200041C0020CC17002039
:10A3E800A85C0200001C0020C0150020B06102001B
:10A3F800B81700204C1C0020B0170020C05C0200D9
:10A40800F01B0020A8170020B0620200481C0020A2
:10A4180098170020EC1B00209017002054570200CA
:10A42800581B002088170020AC570200541B00203E
:10A438008017002004580200501B002078170020C5
:10A448005C5802004C1B002010170020D5F80C9017
:10A458000D48FFF7DBFC49F82080D5F80C800B4845
:10A46800FFF7D4FC48F82070EF680948FFF7CEFCE6
:10A4780047F82060EE680748FFF7C8FC46F8204018
:10A48800284605B0BDE8F083F41B0020FC1B002023
:10A49800F81B00204C1C002038B5094D2B686BB9FF
:10A4A800084C02212046FFF7DDFD074B21462C60B2
:10A4B8001C600648BDE838400FF073BE38BD00BFC9
:10A4C800B8150020341B0020B4150020301B0020D4
:10A4D800024B1B680BB9FFF7DFBF7047B8150020A8
:10A4E80038B500230446094D0360FFF7F1FF084A19
:10A4F8002B6812682360934206D0FFF7A1FD2B68F2
:10A508001A68236001321A60204638BDB41500204D
:10A51800B815002038B584680546ACB9442007F062
:10A5280073FD1A4B04828474446380F84340A86026
:10A53800C0E90034C0E90244C0E90544C0E9074461
:10A54800C0E90944C0E90B44AB682E2210495A748B
:10A558002C22AB689A740023AA689160D360D362F6
:10A56800C2E90513C2E90713C2E9091309490868D2
:10A578001063AA685063084A1068AA68C15C1A4444
:10A5880001330B2B82F83810F7D138BD4056020042
:10A598005977020000760200FC00002038B5846874
:10A5A8000546ACB9442007F02FFD1A4B0482847489
:10A5B800446380F84340A860C0E90034C0E902441D
:10A5C800C0E90544C0E90744C0E90944C0E90B44AF
:10A5D800AB682E2210495A742C22AB689A74002357
:10A5E800AA689160D360D362C2E90513C2E9071370
:10A5F800C2E90913094908681063AA685063084A40
:10A608001068AA68C15C1A4401330B2B82F8381011
:10A61800F7D138BD50560200597702000076020083
:10A62800FC000020094B10B504460360806840B167
:10A6380003685B68984704E020460FF09BFD15F01F
:10A648000EFF20460FF096FD204610BD0C5C020060
:10A65800094B10B504460360806840B103685B6825
:10A66800984704E020460FF085FD15F0F8FE2046D7
:10A678000FF080FD204610BD405C02000D4B10B568
:10A688000360044690F843307BB1806808B115F048
:10A6980079FE606908B115F075FEE06908B115F03A
:10A6A80071FE606A08B115F06DFE20460FF062FD7C
:10A6B800204610BD405602000D4B10B503600446FD
:10A6C80090F843307BB1806808B115F05BFE606993
:10A6D80008B115F057FEE06908B115F053FE606A3D
:10A6E80008B115F04FFE20460FF044FD204610BD7E
:10A6F8005056020038B584680546ACB9442007F0C6
:10A7080083FC1A4B04828474446380F84340A86035
:10A71800C0E90034C0E90244C0E90544C0E907447F
:10A72800C0E90944C0E90B44AB682E2210495A74A9
:10A738002C22AB689A740023AA689160D360D36214
:10A74800C2E90513C2E90713C2E9091309490868F0
:10A758001063AA685063084A1068AA68C15C1A4462
:10A7680001330B2B82F83810F7D138BD4056020060
:10A778005977020000760200FC00002038B5846892
:10A788000546ACB9442007F03FFC1A4B0482847498
:10A79800446380F84340A860C0E90034C0E902443B
:10A7A800C0E90544C0E90744C0E90944C0E90B44CD
:10A7B800AB682E2210495A742C22AB689A74002375
:10A7C800AA689160D360D362C2E90513C2E907138E
:10A7D800C2E90913094908681063AA685063084A5E
:10A7E8001068AA68C15C1A4401330B2B82F8381030
:10A7F800F7D138BD505602005977020000760200A2
:10A80800FC000020094B10B504460360806840B185
:10A8180003685B68984704E020460FF0ABFC15F02E
:10A828001EFE20460FF0A6FC204610BDD061020097
:10A83800094B10B504460360806840B103685B6843
:10A84800984704E020460FF095FC15F008FE2046D6
:10A858000FF090FC204610BD0462020038B58468F1
:10A86800054684B9682007F0CFFB1D4B44600360A0
:10A878000474848480F86440A860C0E90244C0E994
:10A888000544C0E90744AA682E21164B82F8241013
:10A898002C2193600023D3601374AA6882F82510D2
:10A8A800114A1068AA68C15C1A440133242B82F843
:10A8B8002610F7D10D4B18680023AA68C15C1A440A
:10A8C80001331A2B82F84A10F7D1AB68084A5A614B
:10A8D80004229A61074ADA6105221A6238BD00BF6C
:10A8E8006056020059770200F4000020F8000020AA
:10A8F800BD680200C2680200094B10B50446036037
:10A90800806840B103685B68984704E020460FF010
:10A9180031FC15F0A4FD20460FF02CFC204610BD9C
:10A92800E85B02000B4B10B50360044690F86430F6
:10A938005BB1806808B115F025FD606908B115F0B4
:10A9480021FDE06908B115F01DFD20460FF012FC4D
:10A95800204610BD6056020038B58468054684B9A3
:10A96800682007F051FB1D4B446003600474848425
:10A9780080F86440A860C0E90244C0E90544C0E921
:10A988000744AA682E21164B82F824102C219360C4
:10A998000023D3601374AA6882F82510114A10683E
:10A9A800AA68C15C1A440133242B82F82610F7D117
:10A9B8000D4B18680023AA68C15C1A4401331A2B8E
:10A9C80082F84A10F7D1AB68084A5A6104229A61A2
:10A9D800074ADA6105221A6238BD00BF60560200D4
:10A9E80059770200F4000020F8000020BD6802003A
:10A9F800C2680200094B10B504460360806840B184
:10AA080003685B68984704E020460FF0B3FB15F035
:10AA180026FD20460FF0AEFB204610BD2061020047
:10AA280037B5069D144600200849CDE9002345B1F5
:10AA3800B0F5881F05F1FF3503D268460FF09BFD7E
:10AA4800F5E70098001B03B030BD00BFFFFF100002
:10AA58008B070CD5D0E90032D21A022A09D9064A46
:10AA68001188927819809A70036803330360012073
:10AA780070470020704700BFC86802007FB5CDE965
:10AA88000223099B04A9094A02A804930A9B059377
:10AA9800002300930FF026FE089B029A1A600B9B76
:10AAA800049A1A6007B05DF804FB00BFFFFF1000AE
:10AAB8001FB5CDE90023079B02A9084A68460293FF
:10AAC800089B039300230FF04FFE069B009A1A6021
:10AAD800099B029A1A6005B05DF804FBFFFF10009D
:10AAE80038B54B0704460CD5D0E900535B1B022B45
:10AAF80007D903220349284616F0F3FB08B90335A2
:10AB0800256038BD056A02001FB5CDE90023079B03
:10AB180002A9084A68460293089B039300230FF092
:10AB280041FE069B009A1A60099B029A1A6005B0BA
:10AB38005DF804FBFFFF100037B500216846144696
:10AB4800069DCDE90023FFF7CBFF0020074945B15B
:10AB5800B0F5881F05F1FF3503D268460FF04FFCAA
:10AB6800F5E70098001B03B030BD00BFFFFF1000E1
:10AB78007FB5CDE90223099B04A9094A02A80493D9
:10AB88000A9B05930023009301230FF02EFE089BD8
:10AB9800029A1A600B9B049A1A6007B05DF804FBCE
:10ABA800FFFF100013B5144619460023049A2046E7
:10ABB8000093034B0FF046FE001B02B010BD00BF10
:10ABC800FFFF100073B51C461149DDE90765CDE9A3
:10ABD8000023009884420ED0B5420CD068460FF08E
:10ABE800CAFC831C01D1012008E0B0F5881F0CD2F3
:10ABF80046F8040BEDE7201A18BF0120069B009ABF
:10AC08001A60099B1E6002B070BD0220F6E700BF03
:10AC1800FFFF1000F7B5089E144600270E49CDE93E
:10AC280000237D1CAE4206D80BD14FF6FF71684653
:10AC38000FF0A1FC05E068460FF09DFCB0F5881FF9
:10AC480003D30098001B03B0F0BDB0F5803F38BFB8
:10AC58003D466F1CE5E700BFFFFF1000F0B585B06B
:10AC68001C46154F0C9ECDE900230B9BCDE90236FF
:10AC7800009D029BAC421DD09E421BD039466846BF
:10AC88000FF079FC831C014609D0B1F5881F0FD25B
:10AC9800012202A80FF0DAFC0028E9D10095012072
:10ACA8000A9B009A1A600D9B029A1A6005B0F0BDC3
:10ACB8000220F5E70020F3E7FFFF1000034B10B573
:10ACC800044603600FF056FA204610BD30580200C3
:10ACD800034B10B5044603600FF04CFA204610BD34
:10ACE80028570200034B10B5044603600FF042FAE0
:10ACF800204610BD80570200034B10B50446036080
:10AD08000FF038FA204610BDD85702002DE9F04759
:10AD18000123564DD1F8088004462846D1E900762B
:10AD28006B600021524BAF602B60FFF715FE04E00B
:10AD38004E480FF01FFA15F092FB6B68D4F8049098
:10AD480001334C486B60FFF761F8012349F8205044
:10AD5800494D6B60494B2B60FFF726F86B68D4F8B8
:10AD680004900133A86046486B60FFF74FF8012351
:10AD780049F82050434D00226B601146424B28464B
:10AD8800AE602B60FFF7FAFC03E03B48D1E73D4893
:10AD9800CFE76B68D4F8049001333C486B60FFF749
:10ADA80035F8012349F82050394D00226B601146CF
:10ADB800384B2846C5F808802B60FFF79BFC01E05C
:10ADC8003348B6E76B68D4F80490013332486B60B7
:10ADD800FFF71CF8D4F804A049F820504FF00209F6
:10ADE8002E4D2F4B2F482B60C5F80490FFF70EF817
:10ADF8002D4B4AF82050D4F804A02C4D2C482B6039
:10AE0800C5F80490FFF702F82A4B4AF820502A4D5B
:10AE1800D4F804A029482B60C5F80490FEF7F6FF83
:10AE28004AF820500121264D284602F0B3FD6B68F0
:10AE3800D4F80490013323486B60FEF7E7FF49F824
:10AE48002050E5680B48FEF7E1FF45F82070E568FB
:10AE58000E48FEF7DBFFE46845F820600E48FEF771
:10AE6800D5FF44F82080BDE8F08700BF9C1B002078
:10AE780020610200501C0020A81B00200461020071
:10AE88003C1C0020841B002004620200581C002087
:10AE9800901B0020D0610200541C00207C1B002065
:10AEA80080620200601C002098620200741B00206F
:10AEB8005C1C0020C46202006C1B0020441C0020A3
:10AEC8005C1B0020401C002088422DE9F04104460C
:10AED8000D4618D0A0B1A1EB00080021404600F0B3
:10AEE800BDFA00F10C070646214638462A4610F0FE
:10AEF80096F94146304600F0A5FA3846BDE8F0819B
:10AF0800024802F077FA024FF7E700BF086A02002A
:10AF1800C01B0020836937B504460D4603B1984726
:10AF28002B68A3F10C0053F8043C002B0ADB00F05B
:10AF38006BFB20602B6853F80C3C6360044BA361E7
:10AF480003B030BD002201A910F024FAF1E700BFD8
:10AF5800CFAB0100074B002210B50360044603691C
:10AF68000C30DA600FF031FE2046FFF743FD204633
:10AF780010BD00BF90590200084B002210B50360B5
:10AF8800044603690C30DA609A611A629A620FF01B
:10AF98001CFE2046FFF736FC204610BDD0590200A3
:10AFA800084B002210B50360044603690C30DA60D0
:10AFB8009A611A629A620FF008FE2046FFF738FC81
:10AFC800204610BD045A0200054B10B5044640F84F
:10AFD800103B0FF0FAFD204602F024FB204610BD7E
:10AFE800685A0200084B10B5044640F80C3B0FF0B5
:10AFF800ECFD064B204640F8083B15F0BCFE204609
:10B008000FF0B8F8204610BDB459020004610200E0
:10B01800064B10B5044640F8083B0FF0D6FD044B2C
:10B02800204623600FF0A6F8204610BD385A0200CB
:10B0380080620200064B10B5044640F8083B0FF04A
:10B04800C4FD044B204623600FF094F8204610BD41
:10B05800505A020098620200064B10B5044640F8A8
:10B06800083B0FF0B2FD044B204623600FF082F836
:10B07800204610BD845A0200C462020082B02DE945
:10B08800F0438BB0054617461A9813AC139315ABCB
:10B098009DF85C20DDE9181898B1CDE90480CDE968
:10B0A800022193E803008DE803003946284694E816
:10B0B8000C0012F0F5FD28460BB0BDE8F04302B0D5
:10B0C8007047164809AE0DF118090990CDE90486B4
:10B0D800CDE9022193E803008DE80300394648468C
:10B0E80094E80C0012F0FBFDD8F8003099E8030052
:10B0F80084E803003BB194E8030085E80300304688
:10B108000FF058FDD7E731461B98FFF703FFF2E72A
:10B1180030460FF04FFD15F0A2F900BFC01B00200C
:10B1280070B56FF001030C468D4A05468D4915F040
:10B138002BF9064610B10468204670BD8A4B9C4224
:10B148003BD1142006F060FF0446682006F05CFF3F
:10B15800864B00210646A0600360854B4160017460
:10B16800818480F8641061602360C0E90211C0E93D
:10B178000511C0E907112046FFF7EEFB03E0204662
:10B188000EF0F8FF14E06B68324629464FF00000D5
:10B198000133E56026616B60764B236011F064FF34
:10B1A800CAE704F10C000FF010FD2046FFF722FC5F
:10B1B800204615F0E5F815F052F96F4B9C4211D175
:10B1C800102006F021FF6D4B466004460360FEF731
:10B1D800EBFD6B6801336B60694BC4E902052360C2
:10B1E800AAE7CCE7674B9C420AD10C2006F00CFF7B
:10B1F8006B6804460133C0E901656B60624BEEE79A
:10B20800624B9C420AD10C2006F0FEFE6B68044695
:10B218000133C0E901656B605D4BE0E75D4B9C4223
:10B228000AD10C2006F0F0FE6B6804460133C0E931
:10B2380001656B60584BD2E7584B9C423AD11420B9
:10B2480006F0E2FE0446442006F0DEFE544B0022DF
:10B258000646A06003601146524BC26002828274A7
:10B26800426380F8432062602360C0E90122C0E99C
:10B278000522C0E90722C0E90922C0E90B222046BD
:10B28800FFF738FA00E07AE76B68324629464FF054
:10B2980000000133E56026616B60434B236011F0C9
:10B2A80049FF49E704F10C000FF08FFC2046FFF737
:10B2B800A9FA7DE73D4B9C423AD1142006F0A4FE42
:10B2C8000446442006F0A0FE394B00220646A06042
:10B2D80003601146374BC26002828274426380F871
:10B2E800432062602360C0E90122C0E90522C0E969
:10B2F8000722C0E90922C0E90B222046FFF73EFADF
:10B3080000E03CE76B68324629464FF00000013305
:10B31800E56026616B60284B236011F069FF0BE73D
:10B3280004F10C000FF051FC2046FFF781FA3FE7CB
:10B33800224B9C420CD1142006F066FE314604468E
:10B3480002F028FB6B68256101336B601C4B46E7F4
:10B358001C4802F04FF82BE72AE729E728E700BF47
:10B3680060590200E8550200501C00206056020097
:10B3780020610200905902003C1C00200461020078
:10B38800B4590200441C0020845A0200601C0020AA
:10B39800385A02005C1C0020505A0200541C00203D
:10B3A80040560200D0610200D0590200581C00200B
:10B3B8005056020004620200045A0200401C002099
:10B3C800685A0200326A02008B6913B5044613B941
:10B3D800064802F00FF8D1E9000101AA0144FFF77D
:10B3E80073FD2060204602B010BD00BF5F6A0200F6
:10B3F80008B50346084611461B6853F80C3C8342BF
:10B4080003D20246014812F0B9F908BD486C02009F
:10B41800F8B5044617460E46094A19461D46FFF771
:10B42800E7FF216851F80C4C641BBC4228BF3C461E
:10B4380024B12246294430460FF0C8FE2046F8BD04
:10B448007F6C0200044B984204D0002301608360A3
:10B4580008440373704700BFB41B0020134A90428E
:10B4680010B5044602D9124801F0DCFF884207D81B
:10B4780004F10D0006F0C8FD00224460826010BD92
:10B488004B00984238BF1C4604F11D0304F10D001F
:10B49800B3F5805FEED98C42ECD904F58054C3F340
:10B4A8000B03E41A944228BF1446E1E7FCFFFF3F70
:10B4B800926C0200F8B50F46044680B10021FFF7F0
:10B4C800CDFF00F10C060546214630463A460FF0FE
:10B4D80095FE21462846FFF7B5FF3046F8BD014ED8
:10B4E800FBE700BFC01B0020054A904210B506D0FC
:10B4F8008268541E002A846001DC0FF0B9FE10BD7A
:10B50800B41B0020036813B50446A3F10C0053F8DC
:10B51800043C002B06DD01A9FFF7E6FF034B23607F
:10B5280002B010BD0021FFF78DFFF9E7C01B002016
:10B5380070B504461546094A0E46FFF759FF2368B9
:10B548000146204653F80C2C0023921BAA4228BF20
:10B558002A460FF08FFE204670BD00BFAA6C02007D
:10B56800F8B51C46174605460E460A4B224639468C
:10B578000FF011FE23463A46314628460FF07AFE70
:10B5880034B1286821469DF8182030440FF036FE63
:10B598002846F8BDBE6C020073B50E460168044625
:10B5A800184B51F80C1C15460FF0F5FD3146204696
:10B5B8000FF0FFFD034620681BB950F8043C002B30
:10B5C8000BDD0095334650F80C2C002120460FF077
:10B5D800D0FE0446204602B070BD331A9D4209D8F9
:10B5E8002A4631460FF0F2FD206829460C38FFF74D
:10B5F80029FFEFE7002BF7D02A4631460FF0F2FD7E
:10B60800F2E700BFDB6C0200054B984200F10C002A
:10B618001EBF50F8043C013340F8043C704700BF9B
:10B62800B41B00202DE9F04104460D4690462AB38C
:10B63800184B00210FF0AFFD276857F80C6C57F82E
:10B64800083C46449E4203D857F8043C002B08DDCA
:10B65800294620460FF0ADFD98B1314620460FF03F
:10B66800B2FE23682946424653F80C0C18440FF0E2
:10B67800ADFD206831460C38FFF7E4FE2046BDE8F2
:10B68800F08131462046EF1B0FF09DFE25683D44B2
:10B69800E7E700BFF06C0200F8B5044617460D4610
:10B6A80009B30A46114B00210FF075FD236853F8C2
:10B6B8000C6C53F8082C2E44964203D853F8043CDB
:10B6C800002B03DD314620460FF07DFE2368294616
:10B6D8003A4653F80C0C18440FF090FD2068314698
:10B6E8000C38FFF7AFFE2046F8BD00BFF06C020033
:10B6F800F8B503680C4617460A4653F80C6C05461D
:10B70800094B31460FF047FDB44205D93A46A11B13
:10B718002846FFF7C1FFF8BDFDD24FF0FF322146A2
:10B728002846FFF705FFF6E7056D0200084B10B540
:10B73800044640F8083B15F01EFB237B1BB1A069AB
:10B7480008B114F01FFE20460EF014FD204610BD6F
:10B75800D45A020038B5003B044618BF012309B982
:10B768000A460E49002563600D4B04F11D00227343
:10B778004FF480722360A1612946C4E9045515F08D
:10B78800A8FD4FF48072294604F21D10257715F0A4
:10B79800A0FD204684F81D5238BD00BF6278020023
:10B7A800D45A0200034B10B5044603600EF0E2FCC5
:10B7B800204610BD905C0200034B10B504460360A0
:10B7C8000EF0D8FC204610BDA85C0200034B10B553
:10B7D800044603600EF0CEFC204610BDC05C02009B
:10B7E800054B10B5044640F8083B15F0C4FA20464E
:10B7F8000EF0C0FC204610BD745C0200054B10B56D
:10B80800044640F8083B15F0B6FA20460EF0B2FCA4
:10B81800204610BDCC5B020008B54368C3F17F53D6
:10B8280003F57F1303F57F533F339A4202D9034848
:10B8380001F0F8FDBDE8084014F07FBCF06C020090
:10B84800F8B506461C48FEF7E1FA05463368DF6896
:10B8580057F82030F3B9442006F0D6FB174B314691
:10B86800044603600023C0E90133C3600382837484
:10B87800436380F84330C0E90533C0E90733C0E9C2
:10B888000933C0E90B3302F039FA2A4621463068F9
:10B89800FEF78EFB57F82500F8BD14F082FE15F070
:10B8A80004F814F0A7FE14F0DAFD14F07AFE236809
:10B8B80020465B689847F2E7FC1B002050560200C0
:10B8C8004368994270B50646154604D90A460A489F
:10B8D8000A4911F053FF6A1C04D103680022716001
:10B8E8005A5470BD002DFCD05A1AAA4228BF2A46C5
:10B8F800BDE8704014F094BB486C0200AA6C0200CA
:10B90800F8B506461C48FEF781FA05463368DF6835
:10B9180057F82030F3B9442006F076FB174B314630
:10B92800044603600023C0E90133C36003828374C3
:10B93800436380F84330C0E90533C0E90733C0E901
:10B948000933C0E90B3302F0A5FA2A4621463068CC
:10B95800FEF72EFB57F82500F8BD14F022FE14F070
:10B96800A4FF14F047FE14F07AFD14F01AFE2368C1
:10B9780020465B689847F2E7F81B00204056020013
:10B9880038B500F1080305460C46036011B90648AE
:10B9980001F030FD0846F5F7E9FB21462218284654
:10B9A800BDE838400FF00DBF356D020037B51D46B4
:10B9B8004368994204D90A460548064911F0DEFE53
:10B9C80013460022009505F0CDFE03B030BD00BF40
:10B9D800486C0200676D020008B42DE9F7410F4674
:10B9E80004200021904608F0F9F916490546F5F7B4
:10B9F800B3FB044678B12846F5F7B8FB461C304639
:10BA080014F08AFF29463246044615F03BFC0D49DE
:10BA1800042008F0E3F90AAB099A41463846019335
:10BA28000AF01AF8054634B12146042008F0D6F980
:10BA3800204614F0A7FC284603B0BDE8F04101B049
:10BA4800704700BF7C6D02000039094B18BF012107
:10BA580010B5416004460360FEF7A6F904E02046ED
:10BA68000EF088FB14F0FBFCA060204610BD00BF60
:10BA7800745C02002DE9F04F2DED028B91B0064663
:10BA88008946B0EE408AF0EE608A04AF07F10805F7
:10BA980007F1140097F868A085E80C0097F8603063
:10BAA8003B607B6E03F16C01FEF768F907F1140047
:10BAB80001F086FF90B078600DF11008FEF774F978
:10BAC8000023B86140224146009307F11800334B28
:10BAD8008DED028BFFF780FF3F28044617DD083401
:10BAE80000F1010B24F00704ADEB040D0DF1100873
:10BAF800FEF75AF90023B8615A464146009307F108
:10BB08001800264B8DED028BFFF766FF044607F100
:10BB180020030022214607F11800BB6114F021FA26
:10BB2800BB6908EB0402414678680FF029FE3B68C0
:10BB380063B107F1180349463046CDE901A37B6E8E
:10BB4800009395E80C0010F030F917E007F118039E
:10BB580049463046CDE901A37B6E009395E80C0079
:10BB680010F04DFA0AE007F1180014F0B1F907F1E6
:10BB78001400FEF727F914F072FCF8E707F1180033
:10BB880014F0A6F907F11400FEF71CF93046343713
:10BB9800BD46BDEC028BBDE8F08F00BF7E6D020094
:10BBA8002DE9F04FABB08946369D0EA90B9005F1F3
:10BBB8006C06DDF8E0A03A9C304681E80C0002F003
:10BBC80061F808903046002601F0FAFE834639985D
:10BBD800F5F7CCFA10960A9034A90EA810F074FB69
:10BBE800DDF84080002800F074840A9B9E4280F0B3
:10BBF8007084B8F1000F00F08184379B379A1B6876
:10BC080043F00403136000F06CBC089B0CAF0EAE4D
:10BC18009B68DA6A12921A6B13925A6B14929A6B97
:10BC28001592DA6B16921A6C17925A6C18929A6CD3
:10BC38001992DA6C1A921A6D1B925A6D1C929A6DAF
:10BC48001D92DA6D1E921B6E1F9310ABCDE9055342
:10BC58000E23049312AB039311AB029334AB93E816
:10BC680003008DE803004946384696E80C0010F0BA
:10BC780078FB109B97E8030086E80300002B3CD173
:10BC8800119A072392FBF3F3C3EBC303D21ACAF842
:10BC98001820237843F00203DDE0089B12AA0CAFBA
:10BCA8000EAE986811460FF015FD1EA90FF030FD75
:10BCB80010ABCDE905531823CDE9032311AB02934B
:10BCC80034AB93E803008DE803004946384696E80C
:10BCD8000C0010F046FB109B97E8030086E8030071
:10BCE8005BB9119B0C2293FBF2F102FB1133CAF8EA
:10BCF8001030238843F481632380099E01366BE763
:10BD0800089B0CAF06949B689B69059310ABCDF814
:10BD180010A00EAECDE9025334AB93E803008DE8D2
:10BD280003004946384696E80C00FFF739FF109B98
:10BD380097E8030086E80300002BDED1637843F020
:10BD4800040376E110AB02260CAFCDE9065363235A
:10BD5800CDE9043600230EAE039311AB029334AB46
:10BD680093E803008DE803004946384696E80C003E
:10BD780010F0B1FA109B97E8030086E80300002B47
:10BD8800BBD1119B6360238843F49063B4E73046CA
:10BD980010F079FADBF81830C0B21B5C180702D52E
:10BDA80030460FF0E4FC10AB02210CAF0EAECDE92B
:10BDB80006531F23CDE904310123039311AB0293EA
:10BDC80034AB93E803008DE803004946384696E80B
:10BDD8000C0010F080FA109B97E8030086E8030037
:10BDE800002B8AD1119BCAF80C30238843F4826354
:10BDF80082E712AEB84A58460CAF3346A2F10901A1
:10BE08000FF0BEFCCDE9056480E710AB02220CAF51
:10BE18000EAECDE906531723CDE904320023039370
:10BE280011AB029334AB93E803008DE80300494655
:10BE3800384696E80C0010F04EFA109A97E803007E
:10BE480086E80300002A7FF458AF119BCAF808302F
:10BE5800237862F3000323704FE710AB0C270DF132
:10BE680030080EAECDE906530223CDE90473012351
:10BE7800039311AB029334AB93E803008DE80300FE
:10BE88004946404696E80C0010F025FA109B98E8C1
:10BE9800030086E80300002B7FF42FAF119B93FB70
:10BEA800F7F207FB1233CAF80830237843F001038E
:10BEB800D1E710AB4FF003080CAF0EAECDE9065337
:10BEC8004FF4B773CDE904380123039311AB029300
:10BED80034AB93E803008DE803004946384696E8FA
:10BEE8000C0010F0F8F9109B97E8030086E80300AF
:10BEF800002B7FF402AF119B013BCAF81C3023785A
:10BF080043F00403A7E710AB4FF0020E0CAF0EAEE0
:10BF1800CDE906530C23CDE9043E0123039311AB6D
:10BF2800029334AB93E803008DE803004946384692
:10BF380096E80C0010F0CFF9109B97E8030086E80C
:10BF48000300002B7FF4D9AE119B013BCAF81030D7
:10BF5800237843F008037EE710AB4FF0020C0CAFD8
:10BF68000EAECDE906533B23CDE9043C00230393F1
:10BF780011AB029334AB93E803008DE80300494604
:10BF8800384696E80C0010F0A6F9109B97E80300D5
:10BF980086E80300002B7FF4B0AE119BCAF804308A
:10BFA800ABE634A90EA810F08FF900283FF4A5AE2F
:10BFB8000EA810F068F9DBF81830C0B21B5C1E0739
:10BFC8007FF59BAE0EA80FF0D2FBEAE7089B9B68B3
:10BFD8001A6A12925B6A13931278002A3FF48DAEA4
:10BFE8001B78002B3FF489AE10AB0CAF0EAECDE939
:10BFF80005530223049312AB039311AB029334ABA2
:10C0080093E803008DE803004946384696E80C009B
:10C0180010F0A7F9109B97E8030086E80300002BAF
:10C028007FF46BAE119B002B3FF467AE637843F04F
:10C038000103637061E6089B0CAF06949B689B6ADA
:10C04800059309E012AE254A3346911F0CAF5846B6
:10C058000FF096FBCDE9056410ABCDF810A00EAE3D
:10C06800CDE9025334AB93E803008DE80300494659
:10C07800384696E80C00FFF793FD97E8030086E83A
:10C0880003003AE610AB02200CAF0EAECDE9065322
:10C098003C23CDE904300023039311AB029334AB66
:10C0A80093E803008DE803004946384696E80C00FB
:10C0B80010F011F9109B97E8030086E80300002BA5
:10C0C8007FF41BAE119BCAF8003016E612AE044A84
:10C0D8003346A2F10901B9E78D6D0200936D0200A4
:10C0E8009C6D020010AB02210CAF0EAECDE90653D9
:10C0F8003523CDE904310023039311AB029334AB0C
:10C1080093E803008DE803004946384696E80C009A
:10C1180010F0E1F8109B97E8030086E80300002B75
:10C128007FF4EBAD119B22681B0422F47C1203F40C
:10C138007C1322F0200243F0200313432360DCE544
:10C1480010AB01220CAF0EAECDE906530623CDE9A4
:10C1580004320023039311AB029334AB93E803003A
:10C168008DE803004946384696E80C0010F0B3F80D
:10C17800109B97E8030086E80300002B7FF4BDAD11
:10C18800119BCAF8183084E510AB4FF002080CAFC9
:10C198000EAECDE906533523CDE9043800230393C9
:10C1A80011AB029334AB93E803008DE803004946D2
:10C1B800384696E80C0010F08EF8109B97E80300BC
:10C1C80086E80300002B7FF498AD119B22681B04BE
:10C1D80022F47C1203F47C1322F0400243F0400363
:10C1E800ABE7089B0CAF06949B689B6828E7089B05
:10C1F8000CAF06949B681B6922E710AB4FF0020E48
:10C208000CAF0EAECDE906536323CDE9043E0023FF
:10C21800039311AB029334AB93E803008DE803005A
:10C228004946384696E80C0010F055F8109B97E8F8
:10C23800030086E80300002B7FF45FAD637834A920
:10C24800304623F0060343F00603637010F03CF811
:10C2580000283BD0304610F016F82A22C1B25846C2
:10C268000FF0E5FBA0F130085FFA88F3092B2DD811
:10C2780030460A270FF07BFA119B34A9304607FB9A
:10C288000383119310F020F8A0B130460FF0FBFFA4
:10C298002A22C1B258460FF0CAFBA0F130085FFA53
:10C2A80088F3092B06D830460FF061FA119B07FB7B
:10C2B80003831193119BA3F26C73119363786FF34B
:10C2C80041036370119BCAF8143016E5119B442B87
:10C2D800DCBF64331193F5E710AB4FF0040C0CAFDF
:10C2E8000EAECDE9065342F20F73CDE9043C0023AC
:10C2F800039311AB029334AB93E803008DE803007A
:10C308004946384696E80C000FF0E5FF109B97E881
:10C31800030086E80300002B7FF4EFAC119BA3F227
:10C328006C73CAF81430637823F0060307E53046C7
:10C338000FF0A9FFDBF81830C0B21B5CDF0740F133
:10C34800838010AB0CAFCDE905530E2304936A4BE1
:10C35800039312AB029334AB93E803008DE8030018
:10C368004946384696E80C000FF0FBFF97E80300B3
:10C3780086E8030034A930460FF0A6FF00283FF4F2
:10C38800BCAC109B129A13437FF4B7AC30460FF045
:10C398007AFF07462D215846FFB20FF037FBB84207
:10C3A80036D11723022110AF0CAE0DF13808CDE9B4
:10C3B80004310023039312AB029334ABCDE9065743
:10C3C80093E803008DE803004946304698E80C00DE
:10C3D8000FF081FF3B2396E8030088E80300022062
:10C3E800CDE904300023039312AB029334ABCDE9BB
:10C3F800065793E803008DE803004946304698E85D
:10C408000C000FF068FF96E8030088E8030074E466
:10C4180030460FF038FF06462B215846F6B20FF08B
:10C42800F5FAB0427FF469ACBBE730460FF02BFF5A
:10C43800074625215846FFB20FF0E8FAB84203D163
:10C4480030460FF094F958E4109B43F0040310931E
:10C4580053E4399B995DDBF818305B5C1A0714D5F7
:10C4680034A90EA80FF030FF00283FF447AC0EA8FF
:10C478000FF009FFDBF81830C0B21B5C1B077FF513
:10C488003DAC0EA80FF073F9EAE758460FF0BBFA77
:10C4980080460EA80FF0F7FEC1B258460FF0B3FA67
:10C4A800804512D0397858460FF0AAFA07460EA8E8
:10C4B8000FF0E9FEC1B258460FF0A2FA874204D045
:10C4C800109B43F00403109318E40EA80FF04FF9E3
:10C4D80014E4B8F1000F7FF490AB0A9B9E427FF4FE
:10C4E8008CAB0EAB93E803000B9B83E80300184664
:10C4F8002BB0BDE8F08F00BF00010020399B4246F9
:10C508005846995D9F190FF092FA2528A1D1731CFE
:10C51800711C424658460993399B595C0FF087FABB
:10C528004528CDF8448001D04F2808D1B31C0022FB
:10C53800584609930999399B595C0FF078FA2538C0
:10C548000EAE542880D801A353F820F033C400005D
:10C5580051C4000051C4000051C4000051C400007F
:10C5680051C4000051C4000051C4000051C400006F
:10C5780051C4000051C4000051C4000051C400005F
:10C5880051C4000051C4000051C4000051C400004F
:10C5980051C4000051C4000051C4000051C400003F
:10C5A80051C4000051C4000051C4000051C400002F
:10C5B80051C4000051C4000051C4000013BC000065
:10C5C800A3BC00004DBD0000FBBD000051C400002D
:10C5D80051C4000051C4000013BE000063BE000037
:10C5E80051C4000051C4000051C4000061BF0000E4
:10C5F80051C4000051C4000051C4000051C40000DF
:10C608004DC000008DC00000D5C00000EDC0000086
:10C6180051C4000091C10000F7C10000E1C2000050
:10C6280037C3000051C4000051C4000051C40000C9
:10C6380051C4000051C4000051C4000013BC0000E4
:10C64800A3BC000009BD000097BD000097BD000015
:10C6580051C4000051C40000A3BC000051C4000034
:10C66800BBBE000051C4000051C400000FBF000051
:10C67800ABBF000051C40000D5BF000051C400008A
:10C688003FC0000051C40000ABBF000051C400000F
:10C6980051C4000049C10000EBC1000003C2000002
:10C6A8002DE9F04F99B008A9059081E80C00DDE963
:10C6B800243903F16C04204601F082F904902046E5
:10C6C800FFF71EF900F1380305460693036A1BB10C
:10C6D800836A003B18BF012302930EAB0C9300231F
:10C6E8000D938DF838302B7C53B914AB202112A848
:10C6F8001293002313938DF8503013F0A6FC04E036
:10C7080020210CA813F0A1FCEFE7002605F139035E
:10C71800B046079337466B6B03960B93CDE90066DB
:10C728000BAB9B5D042B41D8DFE813F00C01F20042
:10C738000C0071000500DFF858A322A908A80FF023
:10C74800C3FDE0E0249BDB6898051FD4009B012B08
:10C758001CD8DEB1012E0BD1029BBBB99DF82C3041
:10C76800032B13D09DF82E30012B0FD00226D7E7CC
:10C77800022E40F00B819DF82F30042B06D0029A30
:10C78800002A00F0FE80032B40F0FD80D5F818B099
:10C798004FF0000A22A908A80FF096FD02E00AF15E
:10C7A800010AF7E7044618B9DA4510D1012418E060
:10C7B800DA4516D008A80FF066FD6B69C0B213F809
:10C7C8000A30834203D108A80EF0D1FFE7E7BAF197
:10C7D800000F40F0D280249BDC6884F40074C4F31A
:10C7E80040240136042E40F0B180009B012B40F21A
:10C7F800F980002C00F0AD80019B002B00F0C88070
:10C808006E6A012422A908A80FF05EFDC4E02B6A15
:10C8180033B9AB6ACBB122A908A80FF055FD1AE0CD
:10C8280022A908A80FF050FD04460028F1D008A856
:10C838000FF029FDEB69C0B21B788342E9D12B6A5E
:10C8480008A800930EF093FFCBE72B6AA3B9029BCD
:10C8580083F00104C5E704460028F6D008A80FF0C5
:10C8680012FD6B6AC0B21B788342EED1AB6A08A88E
:10C8780000930EF07CFF82E0AB6A002BE7D1012326
:10C888001C460193ADE708A80FF0FDFC5FFA80FB9A
:10C898000DF12B020A2107988DF82BB00EF073FCCE
:10C8A80060B1069BC01ADAF80030195C12A813F0C0
:10C8B800EAFB013708A80EF05AFF3EE76B7C5B45A0
:10C8C80009D1B8F1000F1AD1EB6A002B12DDA0468E
:10C8D80003970027EEE72B7C63B1AA7C5A4508D161
:10C8E800B8F1000F0BD167B1F9B20CA813F0CBFB6C
:10C8F800EFE71C46139B002B08BF002471E7444652
:10C90800F8E73C46F6E704460028BCD10124F1E7E5
:10C9180022A908A80FF0D8FC40B90024032E3FF440
:10C9280064AF22A908A80FF0CFFC0DE008A80FF00B
:10C93800AAFC049BC0B29B691B5C1907EDD508A82B
:10C948000EF015FF0124E9E750B90136002C7FF4F9
:10C95800E7AED9F8003043F00403C9F8003072E0BC
:10C9680008A80FF090FC049BC0B29B691B5C1A07D7
:10C97800EBD508A80EF0FBFED3E7002431E70194BD
:10C988002FE70326CCE6029C0326DFE701242CE7E9
:10C99800EE6936E7013435E7009BB0B9A342D8D138
:10C9A800139B012B21D90022302112A813F05CFC23
:10C9B8000246D0B1431C4FF0000112A804BF139ADD
:10C9C80002F1FF32FEF77CFF0FE0A342E8D008A88F
:10C9D8000FF059FC335DC0B28342BAD108A80EF0FB
:10C9E800C6FED7E7002CB4D0DAE7019B53B90D9BFC
:10C9F800FBB1B8F1000F0ED09DF80C100CA813F085
:10CA080042FB0AE012990B78302BF0D02D2212A8A5
:10CA180013F075FBEBE7F9B2F0E70CAAD5E90201D0
:10CA280014F0C1FA28B9D9F8003043F00403C9F862
:10CA38000030B8F1000F02D0EB6ABB4289D112A9CD
:10CA4800269813F09AFB08AC22A920460FF02AFC7E
:10CA580028B1D9F8003043F00203C9F80030059B2B
:10CA680094E8030083E8030012A813F031FA0CA835
:10CA780013F02EFA059819B0BDE8F08F12A813F03C
:10CA880027FA0CA813F024FA13F0E9FCF9E700BF21
:10CA9800FC0000202DE9F04F99B008A9059081E825
:10CAA8000C00DDE9243903F16C04204600F088FF0E
:10CAB80004902046FEF7C4FE00F1380305460693AD
:10CAC800036A1BB1836A003B18BF012302930EABB4
:10CAD8000C9300230D938DF838302B7C53B914AB8D
:10CAE800202112A81293002313938DF8503013F0CD
:10CAF800ACFA04E020210CA813F0A7FAEFE700260F
:10CB080005F13903B046079337466B6B03960B93D1
:10CB1800CDE900660BAB9B5D042B41D8DFE813F031
:10CB28000C01F2000C0071000500DFF858A322A9DF
:10CB380008A80FF0C9FBE0E0249BDB6898051FD428
:10CB4800009B012B1CD8DEB1012E0BD1029BBBB977
:10CB58009DF82C30032B13D09DF82E30012B0FD0CD
:10CB68000226D7E7022E40F00B819DF82F30042BC8
:10CB780006D0029A002A00F0FE80032B40F0FD80C8
:10CB8800D5F818B04FF0000A22A908A80FF09CFBAE
:10CB980002E00AF1010AF7E7044618B9DA4510D1AC
:10CBA800012418E0DA4516D008A80FF06CFB6B6971
:10CBB800C0B213F80A30834203D108A80EF0D7FD9B
:10CBC800E7E7BAF1000F40F0D280249BDC6884F4D8
:10CBD8000074C4F340240136042E40F0B180009B59
:10CBE800012B40F2F980002C00F0AD80019B002B56
:10CBF80000F0C8806E6A012422A908A80FF064FB1F
:10CC0800C4E02B6A33B9AB6ACBB122A908A80FF0EC
:10CC18005BFB1AE022A908A80FF056FB044600287F
:10CC2800F1D008A80FF02FFBEB69C0B21B78834244
:10CC3800E9D12B6A08A800930EF099FDCBE72B6A7F
:10CC4800A3B9029B83F00104C5E704460028F6D087
:10CC580008A80FF018FB6B6AC0B21B788342EED1AC
:10CC6800AB6A08A800930EF082FD82E0AB6A002B45
:10CC7800E7D101231C460193ADE708A80FF003FB99
:10CC88005FFA80FB0DF12B020A2107988DF82BB073
:10CC98000EF079FA60B1069BC01ADAF80030195C18
:10CCA80012A813F0F0F9013708A80EF060FD3EE76E
:10CCB8006B7C5B4509D1B8F1000F1AD1EB6A002BE8
:10CCC80012DDA04603970027EEE72B7C63B1AA7C10
:10CCD8005A4508D1B8F1000F0BD167B1F9B20CA8C9
:10CCE80013F0D1F9EFE71C46139B002B08BF002473
:10CCF80071E74446F8E73C46F6E704460028BCD10D
:10CD08000124F1E722A908A80FF0DEFA40B90024AF
:10CD1800032E3FF464AF22A908A80FF0D5FA0DE05E
:10CD280008A80FF0B0FA049BC0B29B691B5C1907F6
:10CD3800EDD508A80EF01BFD0124E9E750B901362E
:10CD4800002C7FF4E7AED9F8003043F00403C9F8AB
:10CD5800003072E008A80FF096FA049BC0B29B69F5
:10CD68001B5C1A07EBD508A80EF001FDD3E70024D9
:10CD780031E701942FE70326CCE6029C0326DFE780
:10CD880001242CE7EE6936E7013435E7009BB0B99A
:10CD9800A342D8D1139B012B21D90022302112A8FC
:10CDA80013F062FA0246D0B1431C4FF0000112A8FA
:10CDB80004BF139A02F1FF32FEF782FD0FE0A3428F
:10CDC800E8D008A80FF05FFA335DC0B28342BAD149
:10CDD80008A80EF0CCFCD7E7002CB4D0DAE7019B0A
:10CDE80053B90D9BFBB1B8F1000F0ED09DF80C1094
:10CDF8000CA813F048F90AE012990B78302BF0D000
:10CE08002D2212A813F07BF9EBE7F9B2F0E70CAA90
:10CE1800D5E9020114F0C7F828B9D9F8003043F071
:10CE28000403C9F80030B8F1000F02D0EB6ABB4226
:10CE380089D112A9269813F0A0F908AC22A9204696
:10CE48000FF030FA28B1D9F8003043F00203C9F8DE
:10CE58000030059B94E8030083E8030012A813F050
:10CE680037F80CA813F034F8059819B0BDE8F08F1E
:10CE780012A813F02DF80CA813F02AF813F0EFFA03
:10CE8800F9E700BFFC000020184B1A68D1075CBF07
:10CE980001221A60164B1A68D2075CBF01221A6079
:10CEA800144B1A68D0075CBF01221A60124B1A682B
:10CEB800D1075CBF01221A60104B1A68D2075CBF09
:10CEC80001221A600E4B1A68D0075CBF01221A6053
:10CED8000C4B1A68D1075CBF01221A600A4B1A680A
:10CEE800D2075CBF01221A60704700BFE41B002014
:10CEF800E01B0020DC1B0020D81B0020D41B0020D6
:10CF0800D01B0020CC1B0020C81B002000F1080308
:10CF180073B5044615460E46036081B912B10E4832
:10CF280000F068FA0A4601913146206813F038F893
:10CF3800019B226800216360D15402B070BD0F2AA2
:10CF4800019201D87219EFE7002201A904F0DAFB77
:10CF5800019B2060A360F5E7356D0200836973B516
:10CF680004460D4603B1984704F108032360D5E948
:10CF780000630F2B06EB0305019307D9002201A9D3
:10CF8800204604F0BFFB019B2060A3602A4631467F
:10CF9800206813F000F8019B226800216360D154D7
:10CFA800014BA36102B070BD7DCD0100074B00228B
:10CFB80010B50360044603690C30DA600DF005FE15
:10CFC8002046FDF799FC204610BD00BFEC5D02002D
:10CFD800084B002210B50360044603690C30DA6080
:10CFE8009A611A629A620DF0F0FD2046FDF71AFB6D
:10CFF800204610BD2C5E0200084B002210B50360CD
:10D00800044603690C30DA609A611A629A620DF07C
:10D01800DCFD2046FDF71CFB204610BD605E0200CB
:10D02800054B10B5044640F8103B0DF0CEFD2046E8
:10D03800FEF7D6FB204610BDC45E0200084B10B5B3
:10D04800044640F80C3B0DF0C0FD064B204640F866
:10D05800083B13F090FE20460DF08CF8204610BDDA
:10D06800105E0200CC5B0200064B10B5044640F887
:10D07800083B0DF0AAFD044B204623600DF07AF81A
:10D08800204610BD945E0200905C0200064B10B56D
:10D09800044640F8083B0DF098FD044B20462360F9
:10D0A8000DF068F8204610BDAC5E0200A85C0200D6
:10D0B800064B10B5044640F8083B0DF086FD044BBE
:10D0C800204623600DF056F8204610BDE05E0200B1
:10D0D800C05C020070B56FF001030C468D4A05462E
:10D0E8008D4913F051F9064610B10468204670BD09
:10D0F8008A4B9C423BD1142004F086FF04466820EA
:10D1080004F082FF864B00210646A0600360854B31
:10D1180041600174818480F8641061602360C0E913
:10D128000211C0E90511C0E907112046FDF796FB79
:10D1380003E020460DF01EF814E06B6832462946DD
:10D148004FF000000133E56026616B60764B236089
:10D158000DF097FDCAE704F10C000DF036FD2046EE
:10D16800FDF7CAFB204613F00BF913F078F96F4B63
:10D178009C4211D1102004F047FF6D4B46600446D5
:10D188000360FCF711FE6B6801336B60694BC4E9FF
:10D1980002052360AAE7CCE7674B9C420AD10C2022
:10D1A80004F032FF6B6804460133C0E901656B6027
:10D1B800624BEEE7624B9C420AD10C2004F024FF3C
:10D1C8006B6804460133C0E901656B605D4BE0E7BD
:10D1D8005D4B9C420AD10C2004F016FF6B68044694
:10D1E8000133C0E901656B60584BD2E7584B9C424C
:10D1F8003AD1142004F008FF0446442004F004FF48
:10D20800544B00220646A06003601146524BC26090
:10D2180002828274426380F8432062602360C0E91E
:10D228000122C0E90522C0E90722C0E90922C0E9B4
:10D238000B222046FDF76EF900E07AE76B6832466C
:10D2480029464FF000000133E56026616B60434BCF
:10D2580023600DF07AFD49E704F10C000DF0B5FCF0
:10D268002046FDF7DFF97DE73D4B9C423AD114207B
:10D2780004F0CAFE0446442004F0C6FE394B0022DE
:10D288000646A06003601146374BC2600282827472
:10D29800426380F8432062602360C0E90122C0E94C
:10D2A8000522C0E90722C0E90922C0E90B2220466D
:10D2B800FDF774F900E03CE76B68324629464FF009
:10D2C80000000133E56026616B60284B23600DF098
:10D2D80099FD0BE704F10C000DF077FC2046FDF7F3
:10D2E800B7F93FE7224B9C420CD1142004F08CFE86
:10D2F80031460446FEF7A8FB6B68256101336B6075
:10D308001C4B46E71C4800F075F82BE72AE729E78D
:10D3180028E700BF60590200E8550200F41B00200E
:10D3280060560200E85B0200EC5D0200E81B00208A
:10D33800CC5B0200105E0200F01B0020E05E0200E1
:10D34800041C0020945E0200001C0020AC5E020059
:10D35800F81B0020405602000C5C02002C5E020004
:10D36800FC1B002050560200405C0200605E020078
:10D37800EC1B0020C45E0200326A02008B6910B503
:10D38800044613B9044800F035F8D1E90012FFF754
:10D39800BDFD204610BD00BF5F6A0200044B10B5FA
:10D3A800044640F81C3BFCF70DFD204610BD00BFAD
:10D3B8003C63020008B5042013F03BF8024B034A13
:10D3C8000349036013F057FA8863020055190100F6
:10D3D8007463020008B5042013F02BF8024B034ACB
:10D3E8000349036013F047FAA863020071190100AA
:10D3F8009463020038B50546082013F01AF804466D
:10D40800294605F0C7F9054A2046054913F033FABD
:10D41800204604F017FB13F022F800BF0525010091
:10D428009464020038B50546082013F002F8044653
:10D43800294605F0C3F9054A2046054913F01BFAA9
:10D44800204604F0FFFA13F00AF800BF292501006E
:10D45800A064020038B50546082012F0EAFF044629
:10D46800294605F0B5F9054A2046054913F003FA9F
:10D47800204604F0E7FA12F0F2FF00BF3D25010054
:10D48800AC64020038B50546082012F0D2FF044605
:10D49800294605F0A7F9054A2046054913F0EBF996
:10D4A800204604F0CFFA12F0DAFF00BFE1240100B1
:10D4B800B8640200034B10B50446036000F036F868
:10D4C800204610BD645F020008B5836F0BB941F0B8
:10D4D800010103694161194202D0024805F02EFAA0
:10D4E80008BD00BF107102000F4B00F1240110B5F8
:10D4F8000360002304460A46C0E90133C0E9033348
:10D50800C0E90533C0E907336430C2E900330832A3
:10D518008242FAD1082304F16C00C4E91931FCF7FE
:10D52800DFFF204610BD00BF7C5F02000C4B0021CE
:10D5380010B50446036010F072F9204610F087F920
:10D54800A06E04F12403984204D008B112F01AFF27
:10D558000023A36604F16C00FCF734FC204610BDE0
:10D568007C5F0200064B10B503600023044643604D
:10D57800044B40F8083FFFF7D9FF204610BD00BF15
:10D58800B05F0200645F0200D0F800C0ACF10C0C80
:10D59800DCF800C06044E5E7034B10B504460360BF
:10D5A8000CF0E8FD204610BD44610200034B10B5A5
:10D5B800044603600CF0DEFD204610BD80610200C9
:10D5C800034B10B5044603600CF0D4FD204610BD93
:10D5D80080620200034B10B5044603600CF0CAFDDC
:10D5E800204610BD98620200034B10B50446036044
:10D5F8000CF0C0FD204610BDB0610200034B10B511
:10D60800044603600CF0B6FD204610BDB06202006F
:10D61800034B10B5044603600CF0ACFD204610BD6A
:10D62800C4620200054B10B5044640F8083B13F0ED
:10D63800A2FB20460CF09EFD204610BD3862020079
:10D64800054B10B5044640F8083B13F094FB204600
:10D658000CF090FD204610BD0461020038B50D4B5A
:10D66800044605690360FCF7A9FB854203D015B1A0
:10D67800284612F087FEA06810B103685B689847D7
:10D6880004F10C0013F077FB20460CF073FD2046E4
:10D6980038BD00BFC061020088422DE9F041044650
:10D6A8000D4618D0A0B1A1EB000800214046FDF7B7
:10D6B800D5FE00F10C070646214638462A460DF0ED
:10D6C800AEFD41463046FDF7BDFE3846BDE8F08167
:10D6D8000248FFF78FFE024FF7E700BF086A020013
:10D6E800C01B0020036853F80C3C994210B504D9BC
:10D6F8000A460648064910F041F85C1A0023A2427F
:10D7080028BF2246BDE810400DF0B4BD486C0200A9
:10D71800AA6C02002DE9F74315461C462F4B074615
:10D7280088466A46036021462846FFF7B5FF641B12
:10D7380050F80C3C06460190640000EB03092046B3
:10D7480013F0EAF80546324623462946404613F0C8
:10D7580054FB844202460ED8441C284612F012FE9E
:10D76800204613F0D9F8324601460546234640467E
:10D7780013F043FB024629463846FDF753FF10E0F5
:10D7880012F00FFF284612F0FDFD13F08EF812F08C
:10D7980031FF01A810F014FA384610F011FA12F00F
:10D7A8005EFE3046F3F7E2FC304481450BD0461C60
:10D7B800002138460DF04DFEC5E7E1E712F0F1FE15
:10D7C800E3E7E6E7E8E7284612F0DCFD01A810F0F9
:10D7D800F7F9384603B0BDE8F08300BFC01B00204E
:10D7E80010B504460A48FCF711FB2368D3E9012366
:10D7F800834202D952F8200008B9FFF7EBFD002355
:10D80800044A054912F0C0FD08B904F08FF910BDAB
:10D81800681C0020E45F0200E855020010B50446C9
:10D828000A48FCF7F3FA2368D3E90123834202D9B3
:10D8380052F8200008B9FFF7CDFD0023044A054936
:10D8480012F0A2FD08B904F071F910BD641C0020A3
:10D85800F05F0200E855020010B504460A48FCF7DC
:10D86800D5FA23689A6882420CD95B6853F820007D
:10D8780038B10023054A064912F086FD003818BF62
:10D88800012010BD0020FCE7681C0020E45F0200B6
:10D89800E855020010B504460A48FCF7B7FA2368B1
:10D8A8009A6882420CD95B6853F8200038B100238B
:10D8B800054A064912F068FD003818BF012010BD5E
:10D8C8000020FCE7641C0020F05F0200E85502001D
:10D8D80000390B4A18BF0121026000224160028210
:10D8E8008274426380F84320C0E90222C0E905221D
:10D8F800C0E90722C0E90922C0E90B22704700BF2E
:10D908005056020000390B4A18BF0121026000225C
:10D91800416002828274426380F84320C0E9022297
:10D92800C0E90522C0E90722C0E90922C0E90B22A3
:10D93800704700BF405602000039084A18BF01214D
:10D948000260002241600274828480F86420C0E989
:10D958000222C0E90522C0E907227047605602008A
:10D96800003A0B4B18BF012210B504468160426093
:10D978000360FCF723FA00212061204604F0E4FD4F
:10D9880004E020460CF0F6FB12F069FD204610BDBD
:10D99800C06102000039094B18BF012110B5416070
:10D9A80004460360FCF700FA04E020460CF0E2FBB2
:10D9B80012F055FDA060204610BD00BF386202007D
:10D9C80010B504460A48FCF721FA2368D3E9012375
:10D9D800834202D952F8200008B9FFF7FBFC002364
:10D9E800044A054912F0D0FC08B904F09FF810BDAC
:10D9F800C41B0020AC5A0200E855020010B50446CA
:10DA08000A48FCF703FA2368D3E90123834202D9C1
:10DA180052F8200008B9FFF7DDFC0023044A054945
:10DA280012F0B2FC08B904F081F810BD501C0020B7
:10DA3800D85F0200E85502002DE9F04385B004469E
:10DA480008468946FFF7DAFF8046014601A810F02C
:10DA5800F7F9019B53F80C0CE06012F05DFF0546E6
:10DA680001460023E26801A8FDF7D2FCE3682BB168
:10DA780095F90030002BD4BF00230123414602A8AA
:10DA8800237410F0E4F9029B53F80C0CA06112F017
:10DA980043FF064601460023A26902A8FDF7B8FC29
:10DAA80019E0002704463E4602A810F089F801A8AC
:10DAB80010F086F8204612F074FD284612F062FC39
:10DAC80016B1304612F05EFC002F63D0384656E09F
:10DAD80004460027E8E7414603A810F0BFF900E034
:10DAE800F6E7039B53F80C0C206212F015FF07466B
:10DAF80001460023226A03A8FDF78AFC404610F07D
:10DB080099F984F82400404610F097F984F8250024
:10DB18004846FFF755FF234B8046196804F1260352
:10DB280001F1240210F055F81F4B4046196804F122
:10DB38004A0301F11A0210F04CF8012303A8A5606A
:10DB480084F864306661E76110F03AF802A810F0D2
:10DB580037F801A810F034F805B0BDE8F0830446A2
:10DB6800002703A810F02CF89EE70446F9E70446BE
:10DB780001A810F025F8204612F013FD284612F0EF
:10DB880001FC07E0F3E7044601A810F019F8204665
:10DB980012F007FD12F089FE12F02CFD12F05FFC66
:10DBA800F6E700BFF4000020F8000020F8B50646AC
:10DBB8001548FCF72BF905463368DF6857F820301D
:10DBC8007BB9682004F020FA04460021FFF7B4FE70
:10DBD80031462046FFF730FF2A4621463068FCF7D9
:10DBE800E7F957F82500F8BD12F0DBFC12F05DFEEE
:10DBF80012F000FD12F033FC12F0D3FC236820462B
:10DC08005B689847F2E700BF501C002010B5044637
:10DC18000A48FCF7FBF82368D3E90123834202D9B9
:10DC280052F8200008B9FFF7D5FB0023044A05493C
:10DC380012F0AAFB08B903F079FF10BD541C0020AC
:10DC480014600200E855020010B504460A48FCF7C3
:10DC5800DDF82368D3E90123834202D952F8200072
:10DC680008B9FFF7B7FB0023044A054912F08CFBFB
:10DC780008B903F05BFF10BD581C00203460020097
:10DC8800E855020010B504460A48FCF7BFF82368B7
:10DC9800D3E90123834202D952F8200008B9FFF7DB
:10DCA80099FB0023044A054912F06EFB08B903F0FA
:10DCB8003DFF10BD4C1C002008600200E855020022
:10DCC80010B504460A48FCF7A1F823689A6882420E
:10DCD8000CD95B6853F8200038B10023054A06497F
:10DCE80012F052FB003818BF012010BD0020FCE7DD
:10DCF800C41B0020AC5A0200E85502002DE9F0418F
:10DD080088B0044608468846FFF79EFF0146054648
:10DD180006A810F03EF806A902A810F04AFB06A8CB
:10DD28000FF04EFF294606A810F03AF806A904A8F5
:10DD380010F03FFB06A80FF043FF294601A810F09A
:10DD480036F801A906A810F034FB01A80FF038FF37
:10DD5800294601A810F016F8019B53F80C6C3046C0
:10DD680012F0DAFD074601460023324601A8FDF706
:10DD78004FFBC4E902762EB197F90060002ED4BF9C
:10DD880000260126284626740FF0F6FF6074284600
:10DD98000FF0F5FF059A039BE261049A6361226222
:10DDA800079A029B6262069AA3610023A074284620
:10DDB800A26203930593079310F000F8E0622846E7
:10DDC8000FF0FFFF2063284610F000F8606340461C
:10DDD800FFF7F6FD164B196804F1380301F10B0241
:10DDE8000FF0F7FE012301A884F843300FF0E8FE96
:10DDF80008B0BDE8F08106A80FF0E2FE12F02FFB94
:10DE080006A80FF0DDFE02A810F0E5FAF6E701A873
:10DE18000FF0D6FE04A810F0DEFAF4E701A80FF020
:10DE2800CFFE06A810F0D7FAF4E7FAE7F2E7EAE738
:10DE3800FC000020F8B506461548FBF7E7FF054645
:10DE48003368DF6857F820307BB9442004F0DCF8E9
:10DE580004460021FFF73CFD31462046FFF74EFF00
:10DE68002A4621463068FCF7A3F857F82500F8BD84
:10DE780012F097FB12F019FD12F0BCFB12F0EFFA4A
:10DE880012F08FFB236820465B689847F2E700BFD3
:10DE9800581C00202DE9F04188B004460846884601
:10DEA800FFF7B4FE0146054606A80FF0A1FF06A934
:10DEB80002A810F098FA06A80FF082FE294606A8D4
:10DEC8000FF09DFF06A904A810F08DFA06A80FF020
:10DED80077FE294601A80FF099FF01A906A810F0BE
:10DEE80082FA01A80FF06CFE294601A80FF079FF0D
:10DEF800019B53F80C6C304612F00EFD07460146A4
:10DF08000023324601A8FDF783FAC4E902762EB150
:10DF180097F90060002ED4BF0026012628462674F3
:10DF28000FF059FF607428460FF058FF059A039BBD
:10DF3800E261049A63612262079A029B6262069A0E
:10DF4800A3610023A0742846A26203930593079354
:10DF58000FF063FFE06228460FF062FF2063284657
:10DF68000FF063FF60634046FFF72AFD164B196800
:10DF780004F1380301F10B020FF02BFE012301A875
:10DF880084F843300FF01CFE08B0BDE8F08106A805
:10DF98000FF016FE12F063FA06A80FF011FE02A8A1
:10DFA80010F033FAF6E701A80FF00AFE04A810F003
:10DFB8002CFAF4E701A80FF003FE06A810F025FAE2
:10DFC800F4E7FAE7F2E7EAE7FC000020F8B50646CE
:10DFD8001548FBF71BFF05463368DF6857F8203004
:10DFE8007BB9442004F010F804460021FFF78AFCAE
:10DFF80031462046FFF74EFF2A4621463068FBF798
:10E00800D7FF57F82500F8BD12F0CBFA12F04DFCF7
:10E0180012F0F0FA12F023FA12F0C3FA236820463D
:10E028005B689847F2E700BF541C00202DE9F04FC9
:10E038008FB0189F06A9059007F16C049DF86480BD
:10E04800204681E80C00FFF7BBFC82462046FFF71C
:10E05800BDFF1A9B04461D6890F838302A7855F899
:10E068000C1C9A421DD0026BC369D0F8209009920B
:10E07800039329442B4699421E4606D9307801332A
:10E08800DAF81820125C5207F5D4761BB346002E36
:10E0980000F0EC80804B71000AA80A930DF093F908
:10E0A80009E0426B436AD0F828900992039300294B
:10E0B800DFD00135DDE7E36AA6EB030ABAF1000F0A
:10E0C80027DD16EA230638BF5646E3684BB300211E
:10E0D8000A9A73000AA8009152F80C2CFDF740FA2E
:10E0E8000AA80DF025F9AB19A17C0A98CDE90053CF
:10E0F800D4E902230FF0E5FF82460AA80DF018F9CB
:10E108000A994FF0FF320AA8AAEB0101FFF7EAFAD1
:10E11800B246E36A002B1EDD617C0AA80DF099F96E
:10E1280005E0324629460AA8FDF736FAF0E7BAF1C3
:10E13800000F06DBE26A05EB0A010AA8FDF772FA8E
:10E1480009E094F83920CAF100010AA8FDF7A4FAF9
:10E158005A462946F1E7FD680BA805F0B00315F407
:10E16800007504930A9B18BFA56953F80C3C4B44EF
:10E178001D44494B69000B930DF025F9049BBE68BB
:10E18800102B11D1B5422CBF4FF0000B4FF0010BF3
:10E198004FF0000A09AB13F80A30042B2CD8DFE83B
:10E1A80003F0281D060F18004FF0000BF0E7FB687E
:10E1B8009B0521D50BA8D4E90512FDF733FA1BE01E
:10E1C800B9F1000F18D0039B19780BA80DF041F98D
:10E1D80012E00AA90BA80DF011F90DE0BBF1000F30
:10E1E80005D04246711B0BA8FDF756FA04E04146DC
:10E1F800EBE7BBF1000FF4D10AF1010ABAF1040F01
:10E20800C8D1B9F1010F06D9039909F1FF320BA85A
:10E218000131FDF707FA0B9B53F80C3C9E4209D9D4
:10E22800049AF31A202A0ED1424619460BA8FDF784
:10E2380033FA33460CAC06AA009320460B9B06CA59
:10E248000DF099FD07E000220BA8CDF800801146DB
:10E25800FDF786F9EDE794E8030006900BA88DF822
:10E268001C100FF0ADFC0AA80FF0AAFC0023BB603D
:10E2780006AB93E80300059B83E8030018460FB03C
:10E28800BDE8F08F0BA80FF09BFC0AA80FF098FCD4
:10E2980012F0E5F8F9E700BFC01B00202DE9F04FA8
:10E2A8008FB0189F06A9059007F16C049DF864804B
:10E2B800204681E80C00FFF783FB82462046FFF7E3
:10E2C800B9FD1A9B04461D6890F838302A7855F82D
:10E2D8000C1C9A421DD0026BC369D0F82090099299
:10E2E800039329442B4699421E4606D930780133B8
:10E2F800DAF81820125C5207F5D4761BB346002EC4
:10E3080000F0EC80804B71000AA80A930DF05BF8CE
:10E3180009E0426B436AD0F82890099203930029D8
:10E32800DFD00135DDE7E36AA6EB030ABAF1000F97
:10E3380027DD16EA230638BF5646E3684BB30021AB
:10E348000A9A73000AA8009152F80C2CFDF708F9F4
:10E358000AA80CF0EDFFAB19A17C0A98CDE900538F
:10E36800D4E902230FF0ADFE82460AA80CF0E0FFC4
:10E378000A994FF0FF320AA8AAEB0101FFF7B2F998
:10E38800B246E36A002B1EDD617C0AA80DF061F835
:10E3980005E0324629460AA8FDF7FEF8F0E7BAF18B
:10E3A800000F06DBE26A05EB0A010AA8FDF73AF955
:10E3B80009E094F83920CAF100010AA8FDF76CF9C0
:10E3C8005A462946F1E7FD680BA805F0B00315F495
:10E3D800007504930A9B18BFA56953F80C3C4B447D
:10E3E8001D44494B69000B930CF0EDFF049BBE687C
:10E3F800102B11D1B5422CBF4FF0000B4FF0010B81
:10E408004FF0000A09AB13F80A30042B2CD8DFE8C8
:10E4180003F0281D060F18004FF0000BF0E7FB680B
:10E428009B0521D50BA8D4E90512FDF7FBF81BE0E5
:10E43800B9F1000F18D0039B19780BA80DF009F853
:10E4480012E00AA90BA80CF0D9FF0DE0BBF1000FF0
:10E4580005D04246711B0BA8FDF71EF904E04146A2
:10E46800EBE7BBF1000FF4D10AF1010ABAF1040F8E
:10E47800C8D1B9F1010F06D9039909F1FF320BA8E8
:10E488000131FDF7CFF80B9B53F80C3C9E4209D99C
:10E49800049AF31A202A0ED1424619460BA8FDF712
:10E4A800FBF833460CAC06AA009320460B9B06CA21
:10E4B8000DF061FC07E000220BA8CDF800801146A2
:10E4C800FDF74EF8EDE794E8030006900BA88DF8E9
:10E4D8001C100FF075FB0AA80FF072FB0023BB603D
:10E4E80006AB93E80300059B83E8030018460FB0CA
:10E4F800BDE8F08F0BA80FF063FB0AA80FF060FBD4
:10E5080011F0ADFFF9E700BFC01B00202DE9F04F67
:10E518002DED028B8DB006468946B0EE408AF0EEAE
:10E52800608A04AF07F1080507F1180097F858A0AA
:10E5380085E80C0097F850303B607B6D03F16C0167
:10E54800FBF71CFC07F11800FFF73AFA90B0786067
:10E558000DF11008FBF728FC0023F8614022414622
:10E56800009307F11C00344B8DED028BFDF734FA54
:10E578003F28044617DD083400F1010B24F0070496
:10E58800ADEB040D0DF11008FBF70EFC0023F8614C
:10E598005A464146009307F11C00274B8DED028B2C
:10E5A800FDF71AFA044607F1140200212046FCF789
:10E5B80081FFF86107F11C0044440CF0B9FEFB69C7
:10E5C8002246414678680FF004FB3B6863B107F1C7
:10E5D8001C0349463046CDE901A37B6D009395E8BD
:10E5E8000C00FFF723FD17E007F11C0349463046EE
:10E5F800CDE901A37B6D009395E80C00FFF74EFE73
:10E608000AE007F11C000FF0DBFA07F11800FBF72E
:10E61800D9FB11F024FFF8E707F11C000FF0D0FA3E
:10E6280007F11800FBF7CEFB30462437BD46BDEC9A
:10E63800028BBDE8F08F00BF7E6D02002DE9F04F20
:10E64800ADB08946389D0EA90B9005F16C06DDF832
:10E65800E8A03C9C304681E80C00FFF713FB0890CB
:10E6680030460026FFF7ACF983463B98F2F77EFD6B
:10E6780010960A9036A90EA80DF026FEDDF8408007
:10E68800002800F061840A9B9E4280F05D84B8F106
:10E69800000F00F06D84399B399A1B6843F004031E
:10E6A800136000F059BC14AE08980CAF31460FF057
:10E6B800F4FB1BA908980FF000FC10ABCDE905533B
:10E6C8000E23CDE9036311AB0EAE029336AB93E88C
:10E6D80003008DE803004946384696E80C0010F020
:10E6E800D3FC109B97E8030086E80300002B3CD17D
:10E6F800119A072392FBF3F3C3EBC303D21ACAF8A8
:10E708001820237843F00203DFE014AE08980CAF1A
:10E7180031460FF0E2FB20A908980FF0FDFB10AB83
:10E72800CDE905531823CDE9036311AB0EAE02936F
:10E7380036AB93E803008DE803004946384696E86F
:10E748000C0010F0A1FC109B97E8030086E803007A
:10E758005BB9119B0C2293FBF2F102FB1133CAF84F
:10E768001030238843F481632380099E013681E7B2
:10E7780012A908980FF085FB0CAF129B069405931D
:10E7880010ABCDF810A00EAECDE9025336AB93E82E
:10E7980003008DE803004946384696E80C00FFF769
:10E7A8004DFF109B97E8030086E80300002BDCD19F
:10E7B800637843F0040376E110AB02260CAFCDE991
:10E7C80006536323CDE9043600230EAE039311AB41
:10E7D800029336AB93E803008DE8030049463846B8
:10E7E80096E80C0010F00AFC109B97E8030086E8F6
:10E7F8000300002BB9D1119B6360238843F4906315
:10E80800B2E730460DF03FFDDBF81830C0B21B5CB4
:10E81800180702D530460FF04AF910AB02210CAFA9
:10E828000EAECDE906531F23CDE90431012303932E
:10E8380011AB029336AB93E803008DE80300494619
:10E84800384696E80C0010F0D9FB109B97E80300B7
:10E8580086E80300002B88D1119BCAF80C30238866
:10E8680043F4826380E714AEB84A58460CAF334687
:10E87800A2F109010FF0ADF9CDE9056480E710AB0D
:10E8880002220CAF0EAECDE906531723CDE90432B0
:10E898000023039311AB029336AB93E803008DE892
:10E8A80003004946384696E80C0010F0A7FB109A7A
:10E8B80097E8030086E80300002A7FF456AF119B0F
:10E8C800CAF80830237862F3000323704DE710ABD1
:10E8D8000C270DF130080EAECDE906530223CDE921
:10E8E80004730123039311AB029336AB93E803003F
:10E8F8008DE803004946404696E80C0010F07EFB80
:10E90800109B98E8030086E80300002B7FF42DAFE6
:10E91800119B93FBF7F207FB1233CAF808302378F0
:10E9280043F00103D1E710AB4FF003080CAF0EAE74
:10E93800CDE906534FF4B773CDE9043801230393A7
:10E9480011AB029336AB93E803008DE80300494608
:10E95800384696E80C0010F051FB109B97E803002E
:10E9680086E80300002B7FF400AF119B013BCAF837
:10E978001C30237843F00403A7E710AB4FF0020ED6
:10E988000CAF0EAECDE906530C23CDE9043E0123AE
:10E99800039311AB029336AB93E803008DE80300B1
:10E9A8004946384696E80C0010F028FB109B97E87B
:10E9B800030086E80300002B7FF4D7AE119B013BD0
:10E9C800CAF81030237843F008037EE710AB4FF005
:10E9D800020C0CAF0EAECDE906533B23CDE9043C47
:10E9E8000023039311AB029336AB93E803008DE841
:10E9F80003004946384696E80C0010F0FFFA109BD1
:10EA080097E8030086E80300002B7FF4AEAE119B65
:10EA1800CAF80430A9E636A90EA80DF055FC00285E
:10EA28003FF4A3AE0EA80DF02EFCDBF81830C0B2F0
:10EA38001B5C1E077FF599AE0EA80FF038F8EAE7C1
:10EA480014AE089831460FF022FA149B1B78002B5D
:10EA58003FF48BAE159B1B78002B3FF486AE10ABB2
:10EA68000CAFCDE905530223CDE9036311AB0EAE1C
:10EA7800029336AB93E803008DE803004946384615
:10EA880096E80C0010F000FB109B97E8030086E85E
:10EA98000300002B7FF469AE119B002B3FF465AE99
:10EAA800637843F0010363705FE6089B0CAF06943C
:10EAB8009B689B6A059309E014AE254A3346911F6B
:10EAC8000CAF58460FF085F8CDE9056410ABCDF8CA
:10EAD80010A00EAECDE9025336AB93E803008DE8E3
:10EAE80003004946384696E80C00FFF7A7FD97E86B
:10EAF800030086E8030038E610AB02200CAF0EAE28
:10EB0800CDE906533C23CDE904300023039311AB30
:10EB1800029336AB93E803008DE803004946384674
:10EB280096E80C0010F06AFA109B97E8030086E854
:10EB38000300002B7FF419AE119BCAF8003014E6CD
:10EB480014AE044A3346A2F10901B9E78D6D0200FB
:10EB5800936D02009C6D020010AB02210CAF0EAE4B
:10EB6800CDE906533523CDE904310023039311ABD6
:10EB7800029336AB93E803008DE803004946384614
:10EB880096E80C0010F03AFA109B97E8030086E824
:10EB98000300002B7FF4E9AD119B22681B0422F4CB
:10EBA8007C1203F47C1322F0200243F02003134369
:10EBB8002360DAE510AB01220CAF0EAECDE90653A7
:10EBC8000623CDE904320023039311AB029336AB3D
:10EBD80093E803008DE803004946384696E80C00A0
:10EBE80010F00CFA109B97E8030086E80300002B4E
:10EBF8007FF4BBAD119BCAF8183082E510AB4FF01B
:10EC080002080CAF0EAECDE906533523CDE9043822
:10EC18000023039311AB029336AB93E803008DE80E
:10EC280003004946384696E80C0010F0E7F9109BB7
:10EC380097E8030086E80300002B7FF496AD119B4C
:10EC480022681B0422F47C1203F47C1322F0400295
:10EC580043F04003ABE714A908980FF006F90CAF8E
:10EC6800149B069426E714A908980FF004F9F6E710
:10EC780010AB4FF0020E0CAF0EAECDE90653632376
:10EC8800CDE9043E0023039311AB029336AB93E81E
:10EC980003008DE803004946384696E80C0010F05A
:10ECA800ADF9109B97E8030086E80300002B7FF47A
:10ECB8005CAD637836A9304623F0060343F00603BB
:10ECC80063700DF001FB00283BD030460DF0DBFAF5
:10ECD8002A22C1B258460CF0AAFEA0F130085FFA09
:10ECE80088F3092B2DD830460A270EF0E0FE119B39
:10ECF80036A9304607FB038311930DF0E5FAA0B15E
:10ED080030460DF0C0FA2A22C1B258460CF08FFEE8
:10ED1800A0F130085FFA88F3092B06D830460EF0C8
:10ED2800C6FE119B07FB03831193119BA3F26C731F
:10ED3800119363786FF341036370119BCAF8143021
:10ED480013E5119B442BDCBF64331193F5E710AB3B
:10ED58004FF0040C0CAF0EAECDE9065342F20F7320
:10ED6800CDE9043C0023039311AB029336AB93E83F
:10ED780003008DE803004946384696E80C0010F079
:10ED88003DF9109B97E8030086E80300002B7FF409
:10ED9800ECAC119BA3F26C73CAF81430637823F0BF
:10EDA800060306E530460DF06EFADBF81830C0B2FF
:10EDB8001B5CDF0740F1838010AB0CAFCDE9055336
:10EDC8000E230493694B039314AB029336AB93E879
:10EDD80003008DE803004946384696E80C0010F019
:10EDE80053F997E8030086E8030036A930460DF08A
:10EDF8006BFA00283FF4B9AC109B149A13437FF4C4
:10EE0800B4AC30460DF03FFA07462D215846FFB204
:10EE18000CF0FCFDB84236D11723022110AF0CAE1E
:10EE28000DF13808CDE904310023039314AB0293A4
:10EE380036ABCDE9065793E803008DE80300494651
:10EE4800304698E80C0010F0D9F83B2396E8030008
:10EE580088E803000220CDE904300023039314ABB3
:10EE6800029336ABCDE9065793E803008DE803001B
:10EE78004946304698E80C0010F0C0F896E80300C0
:10EE880088E8030071E430460DF0FDF906462B21B1
:10EE98005846F6B20CF0BAFDB0427FF466ACBBE758
:10EEA80030460DF0F0F9074625215846FFB20CF020
:10EEB800ADFDB84203D130460EF0F9FD55E4109B84
:10EEC80043F00403109350E43B9B995DDBF8183042
:10EED8005B5C1A0714D536A90EA80DF0F5F90028C1
:10EEE8003FF444AC0EA80DF0CEF9DBF81830C0B2F0
:10EEF8001B5C1B077FF53AAC0EA80EF0D8FDEAE7BD
:10EF080058460CF080FD80460EA80DF0BCF9C1B241
:10EF180058460CF078FD804512D0397858460CF0E8
:10EF28006FFD07460EA80DF0AEF9C1B258460CF0B9
:10EF380067FD874204D0109B43F00403109315E447
:10EF48000EA80EF0B4FD11E4B8F1000F7FF4A3ABE6
:10EF58000A9B9E427FF49FAB0EAB93E803000B9B8A
:10EF680083E8030018462DB0BDE8F08F00010020AB
:10EF78003B9B42465846995D9F190CF058FD252841
:10EF8800A2D1731C711C4246584609933B9B595C9D
:10EF98000CF04DFD4528CDF8448001D04F2808D10C
:10EFA800B31C00225846099309993B9B595C0CF005
:10EFB8003EFD25380EAE542881D801A353F820F021
:10EFC800A9EE0000C7EE0000C7EE0000C7EE000083
:10EFD800C7EE0000C7EE0000C7EE0000C7EE000055
:10EFE800C7EE0000C7EE0000C7EE0000C7EE000045
:10EFF800C7EE0000C7EE0000C7EE0000C7EE000035
:10F00800C7EE0000C7EE0000C7EE0000C7EE000024
:10F01800C7EE0000C7EE0000C7EE0000C7EE000014
:10F02800C7EE0000C7EE0000C7EE0000C7EE000004
:10F03800AFE6000013E70000C1E700006FE800003A
:10F04800C7EE0000C7EE0000C7EE000087E800002A
:10F05800D7E80000C7EE0000C7EE0000C7EE0000CA
:10F06800D5E90000C7EE0000C7EE0000C7EE0000BB
:10F07800C7EE0000C1EA000001EB000049EB000008
:10F0880061EB0000C7EE000005EC00006FEC00002B
:10F0980057ED0000ADED0000C7EE0000C7EE000020
:10F0A800C7EE0000C7EE0000C7EE0000C7EE000084
:10F0B800AFE6000013E7000079E700000BE8000066
:10F0C8000BE80000C7EE0000C7EE000013E70000E1
:10F0D800C7EE00002FE90000C7EE0000C7EE0000F1
:10F0E80083E900001FEA0000C7EE000049EA0000BB
:10F0F800C7EE0000B3EA0000C7EE00001FEA0000F8
:10F10800C7EE0000C7EE0000BDEB00005FEC00009A
:10F1180079EC00002DE9F04F89B0029004AF149803
:10F12800DDF858B06C3087E80C00FEF73FFD00238F
:10F13800044612A938468DF81B300DF0B3F8054681
:10F1480008B34FF00008237C01254646A14A0792E0
:10F15800002B40F0818094F864A0BAF1000F00F011
:10F16800FD8004F14E030193002D00F0FC80079B05
:10F1780053F80C3C002B00F093805FFA88F107A845
:10F188000CF067F9B8E138460DF07DF894F84B10AB
:10F19800C0B2237C81428DF81B002ED193BB94F81A
:10F1A80024308B424FD10026237C4FF0FF39B046E4
:10F1B8009DF81B201BB194F825109142C6D094F8F5
:10F1C80024109142C2D094F84E109142BED11EB97B
:10F1D800302158460CF03DF9049808F101080EF06A
:10F1E8003CFC12A93846CDF814900DF06DF806468F
:10F1F80058BB0125237C2E46A8E794F84A20824272
:10F20800D1D11BB194F825308342CCD094F8243066
:10F218008342C8D0814214BF2D212B2158460CF0BF
:10F2280018F904980EF019FC4FF0FF3312A938466C
:10F2380005930DF049F8002883D038460DF023F8DF
:10F248008DF81B00AFE72B21E8E738460DF01BF8D7
:10F25800237C8DF81B00ABE7202107A80CF0B3F83E
:10F2680079E7554656469DF81B10A1F13003092B46
:10F2780003D858460CF0EDF859E094F824308B4246
:10F288001AD1B9F1000F17D125B92E2158460CF023
:10F29800E0F84FE0079B53F80C3C002B40F02C8122
:10F2A800029B97E8030083E8030007A80EF088FC98
:10F2B800029809B0BDE8F08F94F85C308B4204D016
:10F2C80094F862308B4240F00B81002D40F00881A9
:10F2D800002E00F00581652158460CF0BAF8049814
:10F2E8000EF0BBFB4FF0FF3312A9384605930CF024
:10F2F800EBFF8246002800F0F28038460CF0C3FF8E
:10F30800C0B294F84B3083428DF81B0008D094F8B3
:10F318004A308342A5D12D2158460CF09AF801E0D5
:10F328002B21F9E7554604980EF097FB06E04FF0BD
:10F33800010AF8E7B2464FF00109F4E74FF0FF334E
:10F3480012A9384605930CF0BFFF002800F0C880CA
:10F3580038460CF098FF8DF81B0083E7002D7FF4EA
:10F3680006AFA9467FE7A94672E05846FCF7CAF8F7
:10F37800FDE694F824209A4214D1079B53F80C3CDC
:10F38800B9F1000F40F0AC80002D40F0A98023B106
:10F398005FFA88F107A80CF05CF82E2158460CF0AB
:10F3A80058F88AE00DF11B020A21019803930BF02B
:10F3B800EAFE039B80B1019BC01A00F13001584658
:10F3C800C9B20CF046F808F10108564604980EF048
:10F3D80044FB74E0C01B002094F85C209A4203D0E0
:10F3E80094F862209A427BD1079B53F80C3C002D7D
:10F3F80076D1002E74D03BB1B9F1000F04D15FFA79
:10F4080088F107A80CF025F8652158460CF021F87A
:10F4180004980EF022FB4FF0FF3312A904A80593BD
:10F428000CF052FF0546002859D004A80CF02BFF19
:10F43800C0B294F84B10237C81428DF81B001FD179
:10F448001BBB94F824308B422FD12B462E461D46E9
:10F45800227C9DF81B30002A8BD094F825209A42F4
:10F4680087D1B9F1000F3BD1002D39D1B8F1000F88
:10F478003FF47BAF5FFA88F107A80BF0EAFF18E0CA
:10F4880094F84A208242E0D11BB194F82530834297
:10F49800DBD094F824308342D7D0814214BF2D2189
:10F4A8002B2158460BF0D5FF01E02B21F9E72E461A
:10F4B8008CE74FF00009C84688E7D14686E74FF049
:10F4C800FF3312A904A805930CF0FEFE40B104A86E
:10F4D8000CF0D9FE2B468DF81B003546B6E73546AD
:10F4E800079B53F80C3C002B3FF4DAAEB9F1000F40
:10F4F80002D1002D3FF441AE07AAD4E9020111F070
:10F5080017FD00287FF4CCAE159B04221A60C7E6CD
:10F5180007A80EF055FB10F0A2FF00BF2DE9F0433D
:10F528008DB005468946202108AC0AAE179F3046A3
:10F5380084E80C001E4B0A930BF045FF169B0DF157
:10F548001808029314ABCDE9037693E803008DE81D
:10F5580003004946404694E80C00FFF7DBFD98E8B5
:10F568000300DDF8288084E80300FAF71DFC1899E9
:10F578000BAB0B903A46404602F08CFD14A920468E
:10F588000CF090FE18B13B6843F002033B6094E82E
:10F59800030085E8030030460EF012FB28460DB044
:10F5A800BDE8F08330460EF00BFB10F058FF00BFAB
:10F5B800C01B00202DE9F0438DB005468946202167
:10F5C80008AC0AAE179F304684E80C001E4B0A931D
:10F5D8000BF0F9FE169B0DF11808029314ABCDE958
:10F5E800037693E803008DE803004946404694E813
:10F5F8000C00FFF78FFD98E80300DDF8288084E809
:10F608000300FAF7D1FB18990BAB0B903A4640462A
:10F6180002F07CFD14A920460CF044FE18B13B68AA
:10F6280043F002033B6094E8030085E8030030469A
:10F638000EF0C6FA28460DB0BDE8F08330460EF04D
:10F64800BFFA10F00CFF00BFC01B00202DE9F043EB
:10F658008DB005468946202108AC0AAE179F304672
:10F6680084E80C001E4B0A930BF0ADFE169B0DF1BF
:10F678001808029314ABCDE9037693E803008DE8EC
:10F6880003004946404694E80C00FFF743FD98E81C
:10F698000300DDF8288084E80300FAF785FB189951
:10F6A8000BAB0B903A46404602F076FD14A9204673
:10F6B8000CF0F8FD18B13B6843F002033B6094E896
:10F6C800030085E8030030460EF07AFA28460DB0AC
:10F6D800BDE8F08330460EF073FA10F0C0FE00BFAC
:10F6E800C01B00202DE9F04F8DB0189C08AD079085
:10F6F80004F16C0085E80C00FEF758FAE468002372
:10F70800064604F04A048DF82B30402C59D0082CBA
:10F718000CBF4FF0100A4FF00A0A16A928460CF041
:10F72800C1FD8146002840F0918028460CF0ABFDD1
:10F7380096F84A20C0B2337C82428DF82B0003D061
:10F7480096F84B10814256D1111A4A424A41019209
:10F75800002B39D096F82530834235D1337C0027E9
:10F768004FF0FF3BB8469DF82B201BB196F825308B
:10F7780093426FD096F8243093426BD096F84E306F
:10F78800934243D1002F39D0BAF10A0F40D1002C4F
:10F798004ED008F1010808980EF05FF916A928461E
:10F7A800CDF824B00CF090FD002800F08D8028469C
:10F7B8000CF069FD8DF82B00002F00F08880337C59
:10F7C800D1E74FF0080AA8E796F824308342C5D05D
:10F7D80008980EF042F94FF0FF3316A9284609930E
:10F7E8000CF072FD0746002868D028460CF04BFD47
:10F7F8008DF82B00B2E7CDF80490B0E7E4B1BAF188
:10F80800080F1CD008F101080127C4E7002F5ED0BB
:10F8180096F84C30934203D096F84D30934251D12C
:10F828007CB1BAF1100F54D14FF000084746B2E747
:10F83800A0464FF0080AAEE7A0460127F9E7B84608
:10F84800E2E7A04627464FF0100AA4E700239846AF
:10F858001F460193BAF1100F14BF534616230493A1
:10F86800824B0B93337C002B37D1019B03F1004370
:10F87800013B0293B3FBFAF3059396F864300393C4
:10F88800002B5AD006F14E030693B9F1000F40F051
:10F898009180CB464D46347C9DF82B30002C52D0BD
:10F8A80096F825209A424ED1B8F1000F00F08880D2
:10F8B8005FFA88F10BA80BF0CCFD66E04FF0010968
:10F8C8008046C7E70127C5E74FF00109C2E7B946F7
:10F8D800C0E70127CDF810A0C2E720210BA80BF044
:10F8E80072FDC2E74FF0010B23E04FF0FF3316A97A
:10F8F80008A809930CF0E8FC044600285ED008A884
:10F908000CF0C1FC8DF82B009DF82B1004980EF01C
:10F91800AEF8431C50D0059BAB42E3D3029B05FBDA
:10F928000AF508F101081B1AAB4238BF4BF0010B6E
:10F93800054408980EF091F8D7E7B9F1000F49D1BE
:10F94800CB464D46E0E796F824209A4234D00DF194
:10F958002B02049906980BF016FC68B3069BC01A94
:10F96800059B0F28C8BF0638AB4211D3029B05FB85
:10F978000AF508F101081B1AAB4238BF4BF0010B1E
:10F98800054408980EF069F805E04FF00008F8E71C
:10F99800DDF80CB0F5E74FF0FF3316A908A8099376
:10F9A8000CF092FC0446D0B108A80CF06CFC8DF861
:10F9B8002B0070E70025AB46002401E04FF0010959
:10F9C8000B9B53F80C3CB3B15FFA88F10BA80BF012
:10F9D80040FD07E0DDF80CB05C465D46F0E7DDF879
:10F9E8000C90EDE70BAAD6E9020111F0A1FA10B9C3
:10F9F8000423199A1360B8F1000F04D11FB90B9BA7
:10FA080053F80C3C4BB144B9BBF1000F20D1019B1A
:10FA180003B16D421A9B1D6005E000231A9A13601A
:10FA28000423199A1360B9F1000F05D0199B199A8C
:10FA38001B6843F002031360079BDDE9080183E8B4
:10FA480003000BA80EF0BCF807980DB0BDE8F08FC6
:10FA5800019B002B0CBF6FF000434FF00043DDE724
:10FA68000BA80EF0ADF810F0FAFC00BFC01B002088
:10FA78002DE9F04F8BB0169C06AD059004F16C0093
:10FA880085E80C00FEF792F8E4680023064604F0C7
:10FA98004A048DF82330402C59D0082C0CBF4FF065
:10FAA800100A4FF00A0A14A928460CF0FBFB8146FD
:10FAB800002840F0918028460CF0E5FB96F84A2093
:10FAC800C0B2337C82428DF8230003D096F84B10E5
:10FAD800814256D1111A4A424A410092002B39D02C
:10FAE80096F82530834235D1337C00274FF0FF3B11
:10FAF800B8469DF823201BB196F8253093426FD065
:10FB080096F8243093426BD096F84E30934243D106
:10FB1800002F39D0BAF10A0F40D1002C4ED008F18D
:10FB2800010806980DF099FF14A92846CDF81CB0D5
:10FB38000CF0CAFB002800F0898028460CF0A3FBD3
:10FB48008DF82300002F00F08480337CD1E74FF03C
:10FB5800080AA8E796F824308342C5D006980DF025
:10FB68007CFF4FF0FF3314A9284607930CF0ACFB39
:10FB78000746002864D028460CF085FB8DF8230042
:10FB8800B2E7CDF80090B0E7E4B1BAF1080F1CD0A5
:10FB980008F101080127C4E7002F5AD096F84C3025
:10FBA800934203D096F84D3093424DD17CB1BAF1CF
:10FBB800100F50D14FF000084746B2E7A0464FF06B
:10FBC800080AAEE7A0460127F9E7B846E2E7A046EB
:10FBD80027464FF0100AA4E7002398461F460093D3
:10FBE800BAF1100F14BF534616230293814B0993A1
:10FBF800337CA3BB4FF6FF73B3FBFAF3039396F87A
:10FC080064300193002B5DD006F14E030493B9F1E3
:10FC1800000F40F09780CB464C46357C9DF823304A
:10FC2800002D55D096F825209A4251D1B8F1000FF1
:10FC380000F08E805FFA88F109A80BF00AFC6CE0EE
:10FC48004FF001098046CBE70127C9E74FF00109CA
:10FC5800C6E7B946C4E70127CDF808A0C6E72021C2
:10FC680009A80BF0B0FBC5E74FF0010B26E04FF0F9
:10FC7800FF3314A906A807930CF026FB05460028B5
:10FC880064D006A80CF0FFFA8DF823009DF8231025
:10FC980002980DF0ECFE431C56D0039BA342E3D31D
:10FCA8000AFB04F4C0F57F4308F10108A4B2FF334E
:10FCB8009C42C8BF4BF0010B0444A4B206980DF057
:10FCC800CCFED4E7B9F1000F4CD1CB464C46DDE76A
:10FCD80096F824209A4237D00DF12302029904980D
:10FCE8000BF051FA80B3049BC01A039B0F28C8BFBE
:10FCF8000638A34214D30AFB04F4C0F57F4308F185
:10FD08000108A4B2FF339C42C8BF4BF0010B044466
:10FD1800A4B206980DF0A1FE05E04FF00008F8E740
:10FD2800DDF804B0F5E74FF0FF3314A906A80793F0
:10FD38000CF0CAFA0546D0B106A80CF0A4FA8DF862
:10FD480023006AE70024A346002501E04FF00109DB
:10FD5800099B53F80C3CB3B15FFA88F109A80BF082
:10FD680078FB07E0DDF804B05D465C46F0E7DDF8B7
:10FD78000490EDE709AAD6E9020111F0D9F810B903
:10FD88000423179A1360B8F1000F04D11FB9099B17
:10FD980053F80C3C53B14DB9BBF1000F21D1009B76
:10FDA8000BB16442A4B2189B1C8005E00023189A8A
:10FDB80013800423179A1360B9F1000F05D0179B1D
:10FDC800179A1B6843F002031360059BDDE90601DF
:10FDD80083E8030009A80DF0F3FE05980BB0BDE811
:10FDE800F08F4FF6FF73E2E709A80DF0E9FE10F077
:10FDF80036FB00BFC01B00202DE9F04F8BB0169CCE
:10FE08000DF11808059004F16C0088E80C00FDF766
:10FE1800CDFEE4680023054604F04A048DF823303B
:10FE2800402C57D0082C0CBF4FF0100A4FF00A0A8C
:10FE380014A940460CF036FA8146002840F08D801F
:10FE480040460CF020FA95F84A20C0B22B7C82423A
:10FE58008DF8230003D095F84B10814254D1111A24
:10FE68004A424A410092002B37D095F82530834208
:10FE780033D12B7C00264FF0FF3B37469DF82320DB
:10FE88001BB195F8253093426BD095F824309342F6
:10FE980067D095F84E30934240D1002E37D0BAF152
:10FEA8000A0F3DD1002C4AD0013706980DF0D5FD38
:10FEB80014A94046CDF81CB00CF006FA002800F052
:10FEC800848040460CF0DFF98DF82300002E7FD0A7
:10FED8002B7CD3E74FF0080AAAE795F82430834231
:10FEE800C7D006980DF0B9FD4FF0FF3314A940466E
:10FEF80007930CF0E9F90646002860D040460CF05C
:10FF0800C2F98DF82300B4E7CDF80090B2E7D4B178
:10FF1800BAF1080F1AD001370126C6E7002E57D0CC
:10FF280095F84C30934203D095F84D3093424AD11E
:10FF380074B1BAF1100F4DD100273E46B5E72746F8
:10FF48004FF0080AB1E727460126F9E73746E3E705
:10FF5800274626464FF0100AA7E700231F461E46ED
:10FF68000093BAF1100F14BF5346162302937A4B2D
:10FF780009932B7C93BB4FF0FF33B3FBFAF3039346
:10FF880095F864300193002B56D005F14E03049385
:10FF9800B9F1000F40F08A80CB46C8462C7C9DF80A
:10FFA8002330002C4ED095F825209A424AD1002FB4
:10FFB80000F08380F9B209A80BF04BFA62E04FF029
:10FFC80001090746CDE70126CBE74FF00109C8E74D
:10FFD800B146C6E70126CDF808A0C8E7202109A840
:10FFE8000BF0F1F9C7E74FF0010B21E04FF0FF33B9
:08FFF80014A906A807930CF000
:020000040001F9
:1000000067F9044600285AD006A80CF040F98DF88C
:1000100023009DF8231002980DF02DFD431C4CD0B9
:10002000039B4345E3D308FB0AF8013710EB0800B4
:1000300028BF4BF0010B804606980DF012FDD9E762
:10004000B9F1000F46D1CB46C846E2E795F8242027
:100050009A4232D00DF12302029904980BF097F8DE
:1000600058B3049BC01A039B0F28C8BF06384345EA
:100070000ED308FB0AF8013710EB080028BF4BF03D
:10008000010B804606980DF0ECFC04E00027F9E730
:10009000DDF804B0F6E74FF0FF3314A906A8079384
:1000A0000CF016F90446D0B106A80CF0F0F88DF863
:1000B000230077E74FF00008C346002401E04FF02B
:1000C0000109099B53F80C3CABB1F9B209A80BF03C
:1000D000C4F907E0DDF804B05C46D846F1E7DDF886
:1000E0000490EEE709AAD5E9020110F025FF10B946
:1000F0000423179A136027B91EB9099B53F80C3CC7
:100100005BB154B9BBF1000F22D1009B0BB1C8F118
:100110000008189BC3F8008005E00023189A1360BC
:100120000423179A1360B9F1000F05D0179B179A93
:100130001B6843F002031360059BDDE9060183E8B9
:10014000030009A80DF040FD05980BB0BDE8F08F45
:100150004FF0FF33E2E709A80DF036FD10F083F908
:10016000C01B00202DE9F04F8BB0169C0DF1180834
:10017000059004F16C0088E80C00FDF71BFDE468B5
:100180000023054604F04A048DF82330402C57D054
:10019000082C0CBF4FF0100A4FF00A0A14A9404671
:1001A0000CF084F88146002840F08D8040460CF029
:1001B0006EF895F84A20C0B22B7C82428DF823005D
:1001C00003D095F84B10814254D1111A4A424A414A
:1001D0000092002B37D095F82530834233D12B7C09
:1001E00000264FF0FF3B37469DF823201BB195F8C2
:1001F000253093426BD095F82430934267D095F820
:100200004E30934240D1002E37D0BAF10A0F3DD183
:10021000002C4AD0013706980DF023FC14A9404663
:10022000CDF81CB00CF054F8002800F08480404653
:100230000CF02DF88DF82300002E7FD02B7CD3E717
:100240004FF0080AAAE795F824308342C7D00698F1
:100250000DF007FC4FF0FF3314A9404607930CF054
:1002600037F80646002860D040460CF010F88DF8AC
:100270002300B4E7CDF80090B2E7D4B1BAF1080F8B
:100280001AD001370126C6E7002E57D095F84C301A
:10029000934203D095F84D3093424AD174B1BAF1EC
:1002A000100F4DD100273E46B5E727464FF0080A0C
:1002B000B1E727460126F9E73746E3E72746264612
:1002C0004FF0100AA7E700231F461E460093BAF11D
:1002D000100F14BF5346162302937A4B09932B7CBD
:1002E00093BB4FF0FF33B3FBFAF3039395F86430FD
:1002F0000193002B56D005F14E030493B9F1000F82
:1003000040F08A80CB46C8462C7C9DF82330002CD8
:100310004ED095F825209A424AD1002F00F08380D4
:10032000F9B209A80BF099F862E04FF0010907460D
:10033000CDE70126CBE74FF00109C8E7B146C6E794
:100340000126CDF808A0C8E7202109A80BF03FF846
:10035000C7E74FF0010B21E04FF0FF3314A906A8C7
:1003600007930BF0B5FF044600285AD006A80BF0FF
:100370008EFF8DF823009DF8231002980DF07BFB73
:10038000431C4CD0039B4345E3D308FB0AF80137D9
:1003900010EB080028BF4BF0010B804606980DF0CB
:1003A00060FBD9E7B9F1000F46D1CB46C846E2E77A
:1003B00095F824209A4232D00DF123020299049834
:1003C0000AF0E5FE58B3049BC01A039B0F28C8BF70
:1003D000063843450ED308FB0AF8013710EB080036
:1003E00028BF4BF0010B804606980DF03AFB04E065
:1003F0000027F9E7DDF804B0F6E74FF0FF3314A962
:1004000006A807930BF064FF0446D0B106A80BF0D2
:100410003EFF8DF8230077E74FF00008C346002425
:1004200001E04FF00109099B53F80C3CABB1F9B264
:1004300009A80BF012F807E0DDF804B05C46D846D6
:10044000F1E7DDF80490EEE709AAD5E9020110F022
:1004500073FD10B90423179A136027B91EB9099BBD
:1004600053F80C3C5BB154B9BBF1000F22D1009B97
:100470000BB1C8F10008189BC3F8008005E0002309
:10048000189A13600423179A1360B9F1000F05D06E
:10049000179B179A1B6843F002031360059BDDE965
:1004A000060183E8030009A80DF08EFB05980BB048
:1004B000BDE8F08F4FF0FF33E2E709A80DF084FBB1
:1004C0000FF0D1FFC01B00202DE9F04F8FB01A9C18
:1004D0000AAD079004F16C0085E80C00FDF76AFB9B
:1004E000E4680023064604F04A048DF83330402CBB
:1004F00059D0082C0CBF4FF0100A4FF00A0A18A967
:1005000028460BF0D3FE8146002840F09180284613
:100510000BF0BDFE96F84A20C0B2337C82428DF8C3
:10052000330003D096F84B10814256D1111A4A423B
:100530004A410192002B39D096F82530834235D1BB
:10054000337C00274FF0FF3BB8469DF833201BB1AA
:1005500096F8253093426FD096F8243093426BD0B2
:1005600096F84E30934243D1002F39D0BAF10A0F9A
:1005700040D1002C4ED008F101080A980DF071FA14
:1005800018A92846CDF82CB00BF0A2FE002800F0E8
:10059000988028460BF07BFE8DF83300002F00F08A
:1005A0009380337CD1E74FF0080AA8E796F824300F
:1005B0008342C5D00A980DF054FA4FF0FF3318A9C2
:1005C00028460B930BF084FE0746002873D028467C
:1005D0000BF05DFE8DF83300B2E7CDF80490B0E784
:1005E000E4B1BAF1080F1CD008F101080127C4E7F3
:1005F000002F69D096F84C30934203D096F84D30D6
:1006000093425CD17CB1BAF1100F5FD14FF000087A
:100610004746B2E7A0464FF0080AAEE7A0460127DA
:10062000F9E7B846E2E7A04627464FF0100AA4E7EC
:10063000002398461F460193BAF1100F14BF53468A
:10064000162304939C4B0D93337C002B42D1019BCA
:100650005246013B0593019B059803F10043013B82
:1006600002934FEAEA730299F0F70AF896F86430B9
:10067000CDE908010393002B68D006F14E030693E1
:10068000B9F1000F40F0AE80CB464D46CDF800905A
:10069000347C9DF83330002C60D096F825209A42A7
:1006A0005CD1B8F1000F00F0A4805FFA88F10DA8CA
:1006B0000AF0D3FE81E04FF001098046BCE7012734
:1006C000BAE74FF00109B7E7B946B5E70127CDF81A
:1006D00010A0B7E720210DA80AF079FEB7E74FF088
:1006E000010B2FE04FF0FF3318A90AA80B930BF072
:1006F000EFFD044600287AD00AA80BF0C8FD8DF85B
:1007000033009DF8331004980DF0B5F9431C6CD0FC
:10071000089B009AAB42099B9341E0D3AAFB055387
:1007200008F101080AFB0233059A111A029A62EBDA
:10073000E072A9429A4138BF4BF0010B451943EBD7
:10074000E07300930A980DF08CF9CBE7B9F1000F34
:1007500059D1CB464D46CDF80090D2E796F82420EB
:100760009A4242D00DF13302049906980AF00FFD27
:1007700000283AD0069B009AC01A089B0F28C8BFD1
:100780000638AB42099B93411AD3AAFB055308F1E3
:1007900001080AFB0233059A111A029A62EBE07211
:1007A000A9429A4138BF4BF0010B451943EBE07366
:1007B00000930A980DF055F905E04FF00008F8E7AE
:1007C000DDF80CB0F5E74FF0FF3318A90AA80B933A
:1007D0000BF07EFD0446E8B10AA80BF058FD8DF839
:1007E000330055E70025AB460095002401E04FF0AB
:1007F00001090D9B53F80C3CC3B15FFA88F10DA8B9
:100800000AF02BFE09E0DDF80CB05C465D46CDF841
:1008100000B0EEE7DDF80C90EBE70DAAD6E9020197
:1008200010F08AFB10B904231B9A1360B8F1000F73
:1008300004D11FB90D9B53F80C3C7BB174B9BBF1CB
:10084000000F28D1019B23B1009B6D4263EB430352
:1008500000931C9B009A1D605A6007E00022002351
:100860001C99C1E9002304231B9A1360B9F1000FFE
:1008700005D01B9B1B9A1B6843F002031360079B68
:10088000DDE90A0183E803000DA80DF09DF9079842
:100890000FB0BDE8F08F019B1BB100224FF0004369
:1008A000DEE74FF0FF326FF00043D9E70DA80DF0FF
:1008B0008BF90FF0D8FD00BFC01B00202DE9F04FD1
:1008C0008DB0189C08AD059004F16C0085E80C0013
:1008D000FDF770F9E4680023064604F04A048DF839
:1008E0002B30402C59D0082C0CBF4FF0100B4FF080
:1008F0000A0B16A928460BF0D9FC8246002840F0C6
:10090000918028460BF0C3FC96F84A20C0B2337C95
:1009100082428DF82B0003D096F84B10814256D1BD
:10092000111A4A424A410192002B39D096F82530DB
:10093000834235D1337C00274FF0FF39B8469DF80C
:100940002B201BB196F8253093426FD096F82430B7
:1009500093426BD096F84E30934243D1002F39D05A
:10096000BBF10A0F40D1002C4ED008F101080898C5
:100970000DF077F816A92846CDF824900BF0A8FCC6
:10098000002800F0928028460BF081FC8DF82B00A7
:10099000002F00F08D80337CD1E74FF0080BA8E7E3
:1009A00096F824308342C5D008980DF05AF84FF0DD
:1009B000FF3316A9284609930BF08AFC0746002846
:1009C0006DD028460BF063FC8DF82B00B2E7CDF814
:1009D00004A0B0E7E4B1BBF1080F1CD008F1010896
:1009E0000127C4E7002F63D096F84C30934203D020
:1009F00096F84D30934256D17CB1BBF1100F59D1CE
:100A00004FF000084746B2E7A0464FF0080BAEE7AC
:100A1000A0460127F9E7B846E2E7A04627464FF08F
:100A2000100BA4E7002398461F460193BBF1100F5B
:100A300014BF5B4616230393944B0B93337C002B1C
:100A40003CD14FEAEB735A464FF0FF304FF0FF3185
:100A5000EFF716FE96F86430CDE906010293002BFD
:100A600069D006F14E030493BAF1000F40F0B08054
:100A70005546D146CDF800A0347C9DF82B30002C93
:100A800061D096F825209A425DD1B8F1000F00F0B0
:100A9000A6805FFA88F10BA80AF0DFFC83E04FF034
:100AA000010A8046C2E70127C0E74FF0010ABDE70F
:100AB000BA46BBE70127CDF80CB0BDE720210BA853
:100AC0000AF085FCBDE70123009330E04FF0FF33CF
:100AD00016A908A809930BF0FBFB044600287CD05C
:100AE00008A80BF0D4FB8DF82B009DF82B10039871
:100AF0000CF0C1FF431C6ED0069BAB42079B73EB0F
:100B00000903E0D3ABFB0553002208F101080BFBFE
:100B1000093341194FEAE07959EB0301009928BFE5
:100B20000122451941EA020149EB030900910898A5
:100B30000CF097FFCAE7BAF1000F5AD15546D146DB
:100B4000CDF800A0D1E796F824209A4243D00DF1C9
:100B50002B02DDE903100AF01AFB00283BD0049BAE
:100B6000C01A069B0F28C8BF0638AB42079B73EB21
:100B700009031BD3ABFB0553002208F101080BFB53
:100B8000093341194FEAE07959EB0301009928BF75
:100B90000122451941EA020149EB03090091089835
:100BA0000CF05FFF05E04FF00008F8E7029B0093B0
:100BB000F5E74FF0FF3316A908A809930BF088FB5F
:100BC0000446E0B108A80BF062FB8DF82B0053E758
:100BD0000025A9460095002401E04FF0010A0B9B77
:100BE00053F80C3CBBB15FFA88F10BA80AF035FC56
:100BF00008E0029B1C461D4699460093EFE7DDF88E
:100C000008A0ECE70BAAD6E9020110F095F910B99B
:100C10000423199A1360B8F1000F04D11FB90B9B7C
:100C200053F80C3C5BB154B9009B2BBB019B13B137
:100C30006D4269EB49091A9BC3E9005907E000229C
:100C400000231A99C1E900230423199A1360BAF109
:100C5000000F05D0199B199A1B6843F0020313601B
:100C6000059BDDE9080183E803000BA80CF0ACFF4D
:100C700005980DB0BDE8F08F4FF0FF324FF0FF3315
:100C8000DFE70BA80CF0A0FF0FF0EDFBC01B00206E
:100C90002DE9F04F8FB008A9059081E80C00DDE93F
:100CA0001A3903F16C042046FCF78EFE04902046AE
:100CB000FDF790F900F1380305460693036A1BB16E
:100CC000836A003B18BF0123984C02932B7C0B9442
:100CD0002BB920210CA80C940AF079FB04E0202108
:100CE0000BA80AF074FBF4E7002605F13903B046BF
:100CF000079337466B6B03960D93CDE900660DABFA
:100D00009B5D042B41D8DFE813F00E01F4000C00CA
:100D100071000500DFF818A218A908A80BF0D8FA8E
:100D2000E2E01A9BDB6898051FD4009B012B1CD8BE
:100D3000DEB1012E0BD1029BBBB99DF83430032BE1
:100D400013D09DF83630012B0FD00226D7E7022EA4
:100D500040F012819DF83730042B06D0029A002A09
:100D600000F00581032B40F00481D5F818B04FF056
:100D7000000A18A908A80BF0ABFA02E00AF1010A70
:100D8000F7E7044618B9DA4510D1012418E0DA452E
:100D900016D008A80BF07BFA6B69C0B213F80A30C2
:100DA000834203D108A80CF086FEE7E7BAF1000FF2
:100DB00040F0D9801A9BDC6884F40074C4F34024AA
:100DC0000136042E40F0B880009B012B40F20581D3
:100DD000002C00F0B480019B002B00F0CF806E6AE5
:100DE000012418A908A80BF073FACBE02B6A33B9D9
:100DF000AB6ACBB118A908A80BF06AFA1AE018A9D7
:100E000008A80BF065FA04460028F1D008A80BF0FA
:100E10003EFAEB69C0B21B788342E9D12B6A08A87D
:100E200000930CF048FECBE72B6AA3B9029B83F03A
:100E30000104C5E704460028F6D008A80BF027FAFD
:100E40006B6AC0B21B788342EED1AB6A08A80093EC
:100E50000CF031FE89E0AB6A002BE7D101231C4680
:100E60000193ADE708A80BF012FA5FFA80FB0DF1D1
:100E70002B020A2107988DF82BB00AF088F960B18F
:100E8000069BC01ADAF80030195C0CA80AF0E5FAE3
:100E9000013708A80CF00FFE3EE76B7C5B4509D1DB
:100EA000B8F1000F1CD1EB6A002B12DDA0460397AE
:100EB0000027EEE72B7C63B1AA7C5A4508D1B8F134
:100EC000000F0DD177B1F9B20BA80AF0C6FAEFE71F
:100ED0001C460C9B53F80C3C002B08BF00246FE70A
:100EE0004446F6E73C46F4E704460028BAD101241C
:100EF000EFE718A908A80BF0EBF940B90024032E7E
:100F00003FF462AF18A908A80BF0E2F912E008A8B4
:100F10000BF0BDF9049BC0B29B691B5C1907EDD5B2
:100F200008A80CF0C8FD0124E9E700BFC01B0020A1
:100F3000FC00002050B90136002C7FF4E0AED9F857
:100F4000003043F00403C9F800305DE008A80BF05E
:100F50009EF9049BC0B29B691B5C1A07EBD508A8DD
:100F60000CF0A9FDCEE700242AE7019428E7032628
:100F7000C5E6029C0326DFE7012425E7EE692FE79B
:100F800001342EE7009BD8B9A342D8D10C9B53F86B
:100F90000C3C012B24D9302100220DEB01000AF07A
:100FA0005CF90246E0B1431C4FF000010CA802BFFF
:100FB0000C9B53F80C2C02F1FF32FCF797FB0FE06F
:100FC000A342E3D008A80BF062F9335DC0B28342BC
:100FD000B5D108A80CF06FFDD2E7002CAFD0D5E753
:100FE000019B1BB10CA80AF0A7F913E00B9B53F867
:100FF0000C3CE3B9B8F1000F02D0EB6ABB429ED1C2
:101000000CA91C980AF014F908AC18A920460BF09A
:101010004DF925E00C9B1B78302BE7D00CA80AF08B
:1010200094F901462D220CA80AF095F9DEE7B8F1F3
:10103000000F05D09DF80C100BA80AF00EFA01E085
:10104000F9B2F9E70BAAD5E902010FF075FF002804
:10105000D0D1D9F8003043F00403C9F80030C9E713
:1010600028B1D9F8003043F00203C9F80030059BDD
:1010700094E8030083E803000CA80CF0A5FD0BA87E
:101080000CF0A2FD05980FB0BDE8F08F0CA80CF095
:101090009BFD0BA80CF098FD0FF0E5F9F9E700BFF8
:1010A0002DE9F04F8FB008A9059081E80C00DDE92B
:1010B0001A3903F16C042046FCF786FC04902046A4
:1010C000FCF7BCFE00F1380305460693036A1BB12A
:1010D000836A003B18BF0123984C02932B7C0B942E
:1010E0002BB920210CA80C940AF071F904E02021FE
:1010F0000BA80AF06CF9F4E7002605F13903B046B5
:10110000079337466B6B03960D93CDE900660DABE5
:101110009B5D042B41D8DFE813F00E01F4000C00B6
:1011200071000500DFF818A218A908A80BF0D0F884
:10113000E2E01A9BDB6898051FD4009B012B1CD8AA
:10114000DEB1012E0BD1029BBBB99DF83430032BCD
:1011500013D09DF83630012B0FD00226D7E7022E90
:1011600040F012819DF83730042B06D0029A002AF5
:1011700000F00581032B40F00481D5F818B04FF042
:10118000000A18A908A80BF0A3F802E00AF1010A66
:10119000F7E7044618B9DA4510D1012418E0DA451A
:1011A00016D008A80BF073F86B69C0B213F80A30B8
:1011B000834203D108A80CF07EFCE7E7BAF1000FE8
:1011C00040F0D9801A9BDC6884F40074C4F3402496
:1011D0000136042E40F0B880009B012B40F20581BF
:1011E000002C00F0B480019B002B00F0CF806E6AD1
:1011F000012418A908A80BF06BF8CBE02B6A33B9CF
:10120000AB6ACBB118A908A80BF062F81AE018A9CC
:1012100008A80BF05DF804460028F1D008A80BF0F0
:1012200036F8EB69C0B21B788342E9D12B6A08A873
:1012300000930CF040FCCBE72B6AA3B9029B83F030
:101240000104C5E704460028F6D008A80BF01FF8F3
:101250006B6AC0B21B788342EED1AB6A08A80093D8
:101260000CF029FC89E0AB6A002BE7D101231C4676
:101270000193ADE708A80BF00AF85FFA80FB0DF1C7
:101280002B020A2107988DF82BB009F080FF60B17E
:10129000069BC01ADAF80030195C0CA80AF0DDF8D9
:1012A000013708A80CF007FC3EE76B7C5B4509D1D1
:1012B000B8F1000F1CD1EB6A002B12DDA04603979A
:1012C0000027EEE72B7C63B1AA7C5A4508D1B8F120
:1012D000000F0DD177B1F9B20BA80AF0BEF8EFE715
:1012E0001C460C9B53F80C3C002B08BF00246FE7F6
:1012F0004446F6E73C46F4E704460028BAD1012408
:10130000EFE718A908A80AF0E3FF40B90024032E6C
:101310003FF462AF18A908A80AF0DAFF12E008A8A3
:101320000AF0B5FF049BC0B29B691B5C1907EDD5A1
:1013300008A80CF0C0FB0124E9E700BFC01B002097
:10134000FC00002050B90136002C7FF4E0AED9F843
:10135000003043F00403C9F800305DE008A80AF04B
:1013600096FF049BC0B29B691B5C1A07EBD508A8CB
:101370000CF0A1FBCEE700242AE7019428E703261E
:10138000C5E6029C0326DFE7012425E7EE692FE787
:1013900001342EE7009BD8B9A342D8D10C9B53F857
:1013A0000C3C012B24D9302100220DEB010009F067
:1013B00054FF0246E0B1431C4FF000010CA802BFED
:1013C0000C9B53F80C2C02F1FF32FCF78FF90FE065
:1013D000A342E3D008A80AF05AFF335DC0B28342AB
:1013E000B5D108A80CF067FBD2E7002CAFD0D5E749
:1013F000019B1BB10CA809F09FFF13E00B9B53F856
:101400000C3CE3B9B8F1000F02D0EB6ABB429ED1AD
:101410000CA91C9809F00CFF08AC18A920460AF08A
:1014200045FF25E00C9B1B78302BE7D00CA809F07A
:101430008CFF01462D220CA809F08DFFDEE7B8F1E4
:10144000000F05D09DF80C100BA80AF006F801E07B
:10145000F9B2F9E70BAAD5E902010FF06DFD0028FA
:10146000D0D1D9F8003043F00403C9F80030C9E7FF
:1014700028B1D9F8003043F00203C9F80030059BC9
:1014800094E8030083E803000CA80CF09DFB0BA874
:101490000CF09AFB05980FB0BDE8F08F0CA80CF08B
:1014A00093FB0BA80CF090FB0EF0DDFFF9E700BFFB
:1014B0002DE9F0418CB00F462449064608AC06AD34
:1014C0000A9184E80C009DF85020DDE91538B2B18E
:1014D00002930AAA12ABCDE9038293E803008DE8D8
:1014E00003003946284694E80C00FFF7D1FB95E845
:1014F00003000A9D84E80300F8F75AFC14E0029305
:101500000AAA12ABCDE9038293E803008DE8030039
:101510003946284694E80C00FFF7C2FDE7E70AA821
:101520000CF052FB0EF09FFF0BAB424617990B904D
:10153000284600F035FE94E8030086E803000AA878
:101540000CF042FB30460CB0BDE8F081C01B00201F
:101550002DE9F04F8DB006460F46DDF864A008ACCB
:101560009DF860B006AD0AF16C00DDF86C9084E87F
:101570000C00FCF729FA0BAB204A804604931A9B17
:101580000B92CDE902A316AB93E803008DE80300AC
:101590003946284694E80C00BBF1000F14D0FFF741
:1015A00077FB0B9B95E8030053F80C5C84E8030081
:1015B0006DB994E8030086E803000BA80CF004FB67
:1015C00030460DB0BDE8F08FFFF76AFDE9E7294628
:1015D000484609F03DFF0B9F48463D4409F0ACFEEC
:1015E000D9F800302A46394640460CF0F6FAE0E7D2
:1015F0000BA80CF0E9FA0EF036FF00BFC01B00206C
:10160000244B1A68D0075CBF01221A60224B1A686B
:10161000D1075CBF01221A60204B1A68D2075CBF59
:1016200001221A601E4B1A68D0075CBF01221A60A3
:101630001C4B1A68D1075CBF01221A601A4B1A684A
:10164000D2075CBF01221A60184B1A68D0075CBF32
:1016500001221A60164B1A68D1075CBF01221A607A
:10166000144B1A68D2075CBF01221A60124B1A6829
:10167000D0075CBF01221A60104B1A68D1075CBF0B
:1016800001221A600E4B1A68D2075CBF01221A6051
:10169000704700BF381C0020341C0020301C002084
:1016A0002C1C0020281C0020241C0020201C0020B2
:1016B0001C1C0020181C0020141C0020101C0020E2
:1016C0000C1C0020054B10B503600446044B40F889
:1016D000043FFBF72FFF204610BD00BF1063020040
:1016E000645F0200D0F800C0ACF10C0CDCF800C064
:1016F0006044E7E7044B10B5044640F81C3BF8F79C
:1017000065FB204610BD00BF3C63020008B50B68B6
:10171000B3F1804F02D30D48FBF788FE93420BD9FB
:10172000B3EB420F4FEA420006D2B0F1804F2ABF1E
:101730006FF0404308600B600868013001D5FBF78B
:101740003DFEBDE8084000F063BC00BFE47302004A
:1017500008B50346084611465B68984203D902461D
:1017600001480CF00FF808BD486C02002DE9F34168
:1017700016461D4604461B4B2A460F463146A5EB2E
:1017800006080EF0B1FB2346626853F8080B90443C
:10179000984214BFA3680F2343451BD3F319D21AF1
:1017A00006D0AE4204D03844811928440EF0C0FB64
:1017B00035B1206829469DF8202038440EF0C4FB3E
:1017C000236800222046C4F8048003F8082002B0F1
:1017D000BDE8F081002332463946204600950EF0E0
:1017E000E8FBE5E7BE6C02002DE9F74F0C9D1446BF
:1017F000804689462A461F462146394B0EF074FB27
:101800004246D8F80430A5EB040B52F8086B03EB02
:101810000B0A964214BFD8F808200F22524556D31F
:101820004E44A14439464046A3EB09090EF068FB3B
:1018300080B1B9F1000F06D0AC4204D04A4631194C
:1018400070190EF075FB95B12A46394630460EF0F8
:1018500063FB0CE0B5B9B9F1000F08D0AC4206D07B
:101860004A46311970190EF063FBAC420FD3D8F819
:10187000003000224046C8F804A003F80A2003B054
:10188000BDE8F08FAC420CD2B9F1000FE8D134447E
:101890007B199C420BD32A46394630460EF048FB52
:1018A000E5E72A46394630460EF042FBD3E7BC4214
:1018B00003D82A4607EB0B01C8E7E41B394630463C
:1018C00022460EF035FB2A1B71193019BFE73B4643
:1018D00022464946404600950EF06BFBC7E700BF25
:1018E00012740200F7B504461546094A0F461E4613
:1018F000FFF72EFF62680146089B2046D21B00932B
:101900003346AA4228BF2A46FFF76EFF03B0F0BD58
:10191000FC7302002DE9F041064690460F460A4A44
:1019200019461D46FFF714FF7468641B444528BF21
:1019300044462CB131682246384629440EF0ECFA70
:101940002046BDE8F08100BF7F6C02000048704770
:101950002B740200034B10B5044603600EF07AFEB0
:10196000204610BD8863020000487047477402009B
:10197000034B10B5044603600EF06CFE204610BD0C
:10198000A8630200034B10B50446036008F0DDFBBA
:10199000204610BDC8630200194A50F8081C53685D
:1019A00070B5A0F1080413B16518AB4203D940F833
:1019B000043C546070BD5E681FD11B680B4440E955
:1019C0000236F6E71A1D33465E6836B1B542F9D3E2
:1019D00001BF2E686D6889195D6013681D685E1906
:1019E000B44217BF5B686D1840F8081C40F8043C0F
:1019F00016BF13681D605C60DCE70432E4E700BFDB
:101A00006C1C00200830104A082838BF0820073016
:101A100020F0070352F8040F30B598B101688B42EB
:101A200006D8CD1A4468072D05D80160214607E085
:101A3000021D4068F1E7C1184C60C5501068036092
:101A40000830116030BD00BF6C1C0020064A803891
:101A50009368984205D9D2681344984201D2FFF79F
:101A60009BBFF3F797BB00BF6C1C002038B54FF449
:101A70001E65074C2846E560F3F76EFBA06010B9C1
:101A8000E060606038BD0023606005604360F9E796
:101A90006C1C00202DE9F3411E46037804460F46D6
:101AA000472B13D143784E2B10D18378552B0DD172
:101AB000C378432B0AD10379462B07D143794F2BA7
:101AC00004D18379522B01D1C2793AB320460EF06A
:101AD000D0FC024620B3E37954F8202C012B16BF2A
:101AE000154652F8785C04F158022B68284601929A
:101AF0009B689847B0B1019B02241B6801933B6827
:101B000001AA29463846D3F810800123C04758B1AE
:101B1000019B3360204602B0BDE8F081034DE4E74D
:101B2000034DE2E70124EAE70446F3E7006402001C
:101B30000864020008B504200EF07FFC024B034A43
:101B4000034903600EF09BFEA863020071190100B7
:101B5000946302002DE9F04F85B002460EF0DCFCE4
:101B600050B31046D2F828A052E90653D2E90C46E9
:101B700001930EF01AFD28460EF05AFE0EF015FDE8
:101B800000F058F8036893F8272003F12009012A90
:101B90001BD11B68002524F0030802932F465745EC
:101BA00015DB002D34D004200EF047FC1A4B1B4AE5
:101BB0001B4903600EF063FE10460EF0F6FC0EF0BB
:101BC0003BFE0EF0F2FC0EF02EFE7833E2E73468B6
:101BD00004B1344402AB002221464846FFF75AFFC5
:101BE00038B10EF066FE0EF009FD0EF007FD0EF0A6
:101BF0003AFC236803AA03902046D3F810B00123CF
:101C00000749D84701374644002818BF0546C6E7AC
:101C100001980EF000FE00BF186402005706020093
:101C2000F463020000487047837402000048704764
:101C300092740200004870477C1C002000487047E6
:101C40007C1C0020024A0349034805F0C2BF00BFC4
:101C5000C80B0020670602007C1C00202DE9F04F15
:101C6000002393B006460C46079300F00303154685
:101C7000012B10D0022B03D0002B5DD103075DD5C3
:101C800029462046EFF71BFD18B1092013B0BDE827
:101C9000F08F0820FAE7070745D5022306F008066B
:101CA0000C2228460C941E430CAB009300231946CB
:101CB000EEF7C2FE062E43D1D4F83080D4E90A7381
:101CC000B8F1000F00F03F819946002FC0F23E812D
:101CD000032600230DF12C0928460B941A461946B9
:101CE000CDF80090EEF7A8FE002301222846194601
:101CF000CDF800900B97EEF79FFE0F2128460EF0CF
:101D00007EFD00F0010000230F2240EA0800CDF81C
:101D1000009019460B902846EEF78EFE022E00F03A
:101D20002F810720B2E70F6A10460D210EF067FDE4
:101D30008742B2D10623B1E7F3F7E2F90123ADE719
:101D40002846EFF7D6FC8146002899D00CAA014618
:101D500028460EF025FD9DF844B0294602905846CD
:101D60000EF0EDFC0F2103900E9028460EF047FD7B
:101D700020F00108029A08F1FF38109F97420DD811
:101D800000270123B846F10700F1C580320740F172
:101D9000D780012B40F0CC800EF045FD9DF845A08A
:101DA00008AB002051460EF0EBFC09AB0246514651
:101DB00000200EF0E5FC0AAB0246514600200EF072
:101DC000DFFC0BA90EF050FC0C9B089902460B445B
:101DD000434553D809990B444345CED9DDE90A3030
:101DE000002B3FF44DAF0D9A03EB020800283BD0C7
:101DF00001383844B8F1000F3FF442AF16F0080341
:101E000004933DD0472323704E2363705523A37062
:101E10004323E370462323714F2363715223A3713D
:101E20000023E3710023029309A90EF02BFC0AA9F9
:101E300005900EF027FC099F002F69D043DDBBF110
:101E4000FF0F3CD00BF00703042B3FF675AF01A248
:101E500052F823F0C31E0100391D0100931E01003A
:101E6000C31E0100BB1E0100B8F1000F3FF408AF14
:101E7000F0073FF505AF002702262AE73A467CE740
:101E8000E379012B0CBF54F8203C04F1580307936D
:101E9000C8E702220F990BAB584602FB17120399B1
:101EA0000EF007FC0B9931B134B307AB002220468A
:101EB000FFF7F0FD00B3032365E70822EAE70022FD
:101EC000E8E70422E6E76FF040420F9BD21B03EBEA
:101ED000820AC4B10499B1B9079BAAF1040A0B9311
:101EE0005AF8041F0029E6D00BAB002251442046CB
:101EF000FFF7D0FD0028F3D00A98002844D0059BB6
:101F00000344184690E753F82230002BF4D1D2E76F
:101F100001230293F0E7079E0D2128460EF06FFC87
:101F2000C4F83080C4E90806C4E90A790620ADE6A1
:101F3000002FBFF6CDAE0EF07FFC0EF036FB2BE788
:101F4000012B7FF4C2AE20460EF003FB0CAA4946DB
:101F500028460EF025FC29469DF844000EF0EFFBC4
:101F6000FA430F9B03EB8203002253F8221029B996
:101F7000C4E90A200422C4E90C23A9E60132F4E7EB
:101F800020460EF093FACCE6029B002B7FF470AF54
:101F900076E600BF014BD3E8AF0F70474401002045
:101FA000014BD3E8AF0F7047F000002038B5002593
:101FB000044640E91E1240F8805CFFF7F1FF44F848
:101FC000700CFFF7E7FF472344F86C0CA4F1800086
:101FD00004F8583C4E2304F8515C04F8573C552350
:101FE00004F8563C432304F8553C04F8543C2B2396
:101FF00004F8533C04F8523C014B44F8503C38BDC3
:1020000043080200014BD3E8AF0F7047881C002043
:10201000012838BF012010B504462046F3F79CF88C
:1020200000B110BDFFF7EEFF40B904200EF005FA35
:10203000034B044A044903600EF021FC8047ECE79F
:10204000886302005519010074630200034B10B548
:1020500004460360FFF796FC204610BD386402007A
:10206000002170B5084601F0BDFE0646EFF782F884
:10207000451C084928460EF055FC044638B1314647
:102080002A460FF003F90449002001F0ABFE204678
:1020900070BD00BF087502007C6D0200F7B50746F1
:1020A0000E461546FFF7DCFF044618B904232B60E3
:1020B00003B0F0BD01A9384602F0F0F8019B86EDAF
:1020C000000ABB4201D01B785BB1002333600423BC
:1020D0002B602146002001F085FE20460EF056F9C7
:1020E000E6E7DFED097AB4EE670AF1EE10FA09D0FF
:1020F000DFED067AB4EE670AF1EE10FAE9D16FF47B
:102100000003E3E7024BE1E70000807F000080FF6F
:10211000FFFF7F7F2DE9F74307460E461546FFF781
:102120009FFF044620B904232B6003B0BDE8F08371
:1021300001A9384601F0F8FE019B0022BB4259EC90
:10214000108B86ED000B01D01B7863B10023C6E92C
:10215000002304232B602146002001F043FE20468B
:102160000EF014F9E1E70B4B40464946EEF706FA4C
:1021700060B90022084B40464946EEF7FFF90028B7
:10218000E9D04FF0FF326FF48013E0E74FF0FF32F9
:10219000024BDCE70000F07F0000F0FFFFFFEF7F65
:1021A0002DE9F84307460C461646FFF759FF05464A
:1021B00018B904233360BDE8F8832246174938462E
:1021C00001F092FE013001280ED800220023C4E95C
:1021D0000023042333602946002001F003FE284633
:1021E000BDE8F8430EF0D2B8D4E9008900220C4BC8
:1021F00040464946EEF7C2F960B90022094B404615
:102200004946EEF7BBF90028E5D04FF0FF326FF4F6
:102210008013DCE74FF0FF32034BD8E72F75020045
:102220000000F07F0000F0FFFFFFEF7F08B5002205
:102230000346084604491A60EEF792FF10B10348BE
:10224000FBF724F908BD00BF7C6D02003375020066
:1022500038B50A4B04460A4D40F8083B0EF08FFD96
:1022600005E02046256007F089FF0EF0FCF82046C7
:10227000256007F083FF204638BD00BF7064020070
:102280005462020000390A4B18BF012110B54160A9
:1022900004460360F7F78CFD06E0064B20462360FA
:1022A00007F06CFF0EF0DFF8A060204610BD00BF05
:1022B000706402005462020070B5A0F1460300F29F
:1022C0006C7440F26D100129D8BF013C43436FF498
:1022D000EC70002C264603446FF06300B8BFE61C88
:1022E00094FBF0F003EBA603B5100344192095FB13
:1022F000F0F600FB16554FF4C87094FBF0F403EBB6
:10230000D5730A48234430F8111007200B441344B6
:10231000013B93FBF0F2C2EBC2029B1A0344B3FBF6
:10232000F0F0C0EBC000181A70BD00BF20680200BA
:1023300040F201130288934304BF8B680C332DE9EC
:10234000F04108BF8B60054690F900300C460678D6
:10235000002B0FDA437813F002031FBF4B6964218F
:1023600093FBF1F001FB103369686420133900FB23
:102370000133636122F47F7222F001025205520D93
:10238000B2F5806F36D106F01803182B27D07007EE
:1023900025D56069514F00F26C700EF04DFD1A2189
:1023A000E269002301FB007131F802CB944540F350
:1023B000918031075CBF03F1FF312161F60608D43B
:1023C000013B0D2101FB003037F81030D21A0132E9
:1023D000E2602B7823F0180343F018032B702B785E
:1023E0002169180701D40B2904D8E2686069FFF756
:1023F00063FFA0612B882E7823F47E7323F0030300
:102400005B055B0DB3F5806F13D13207276901D4EB
:102410000B2F0ED8606900F26C700EF00DFD0D22CE
:10242000E36802FB00772D4A013B32F81720134482
:10243000E36116F0600F4BD0B30749D516F00401E5
:10244000676923D186F0200801223846C8F3401876
:10245000FFF732FF0722A0EB0800C0F1070090FB56
:10246000F2F3C3EBC303C01AAB7803F03F03013BA5
:10247000C3EBC3031844A369A3EB0803134493FB02
:10248000F2F2C2EBC2029B1A1844E06106F0180394
:10249000182B1DD007F26C70104D0EF0CDFC1A21D8
:1024A000E269002301FB005131F8027B974213DD02
:1024B00037075CBF03F1FF312161F10608D4013B0E
:1024C0000D2101FB003035F81030D21A0132E260E4
:1024D000BDE8F081013367E70133E5E720680200DA
:1024E000074B13B504460360406801A90C38F8F7A0
:1024F000FFFF20460EF0AEF8204602B010BD00BF30
:1025000008650200074B13B504460360406801A943
:102510000C38F8F7EDFF20460EF09CF8204602B08C
:1025200010BD00BFCC640200034B10B5044603602D
:10253000FFF7E8FF204610BDE0640200034B10B532
:1025400004460360FFF7DEFF204610BDF46402007E
:1025500038B584680546C4BBC820FFF759FD504B09
:1025600044600360C0E90244C0E90444C0E9064491
:10257000C0E90844C0E90A44C0E90C44C0E90E447B
:10258000C0E91044C0E91244C0E91444C0E916444B
:10259000C0E91844C0E91A44C0E91C44C0E91E441B
:1025A000C0E92044C0E92244C0E92444C0E92644EB
:1025B000C0E92844C0E92A44C0E92C44C0E92E44BB
:1025C000C0F8C04080F8C440A860AB68354A3649BE
:1025D000C3E90222354A99673549C3E90422354ADD
:1025E000D9673549C3E90622344AC3F880101A6214
:1025F000334A34495A62344A9A62344ADA62344A73
:102600001A63344A5A63344A9A63344ADA63344A5E
:102610001A64344A5A64344A9A64344ADA64344A4A
:102620001A65344A5A65344A9A65344ADA65344A36
:102630001A66344A5A66344A9A66344ADA66344A22
:102640001A67344A5A67C3F884103349C3F88810AC
:102650003249C3F88C103249C3F890103149C3F89D
:1026600094103149C3F898103049C3F89C10304990
:10267000C3E928122F4AC3F8A8202F4AC3F8AC2078
:102680002E4AC3F8B0202E4AC3F8B4202D4AC3F80E
:10269000B8202D4AC3F8BC202C4AC3F8C02038BD4E
:1026A000B0610200846D0200D0760200936D0200DA
:1026B000D576020059770200DA76020048760200E9
:1026C0004B760200E17602004E7602005A76020056
:1026D0006176020068760200707602007A76020067
:1026E000837602008A7602009376020097760200D3
:1026F0009B7602009F760200A3760200A776020076
:10270000AB760200AF760200B7760200C076020018
:10271000C6760200CC760200EB760200F376020069
:10272000FC76020005770200097702000D770200AF
:102730001177020015770200197702001D77020059
:102740002177020025770200297702002D77020009
:1027500088422DE9F04104460D4618D0A0B1A1EB06
:10276000000800214046F8F77DFE00F10C07064600
:10277000214638462A4608F056FD41463046F8F7CD
:1027800065FE3846BDE8F0810248FAF737FE024F91
:10279000F7E700BF086A0200C01B0020084B13B512
:1027A000044601AA40F8043B0EF067FC04E0204612
:1027B0000DF050FF0DF057FE204602B010BD00BFD7
:1027C000CC64020010B50446FFF7E8FF014B204639
:1027D000236010BDE064020010B50446FFF7DEFF81
:1027E000014B2046236010BDF4640200084B13B572
:1027F000044601AA40F8043B0EF03FFC04E02046EA
:102800000DF028FF0DF02FFE204602B010BD00BFD6
:10281000086502000048704731770200034B10B58D
:10282000044603600EF015FD204610BD6C650200E5
:10283000034B10B50446036000F00CF9204610BDB0
:1028400058650200034B10B504460360F7F7A4F97E
:10285000204610BDA8650200054B10B5044640F89F
:10286000103B0EF002FD2046FFF7E2FF204610BDB0
:1028700094650200134600F10802012B13B508BF4E
:102880000E23026018BF0D234FF000020446426081
:10289000114602720BBF00930093064B064BFEF7E6
:1028A000A3FF04E020460DF017FB0DF0DCFD2046F1
:1028B00002B010BD3A77020049770200F0B5D2E9C4
:1028C000007593B004462B683A4668460E461B696D
:1028D00029469847194A002168460DF022FC014616
:1028E00006A80EF022FC3246002106A80DF019FCC5
:1028F00001460CA80EF019FC0CA9204600F05EF869
:102900000CE00CA80DF0E8FA06A80DF0E5FA684610
:102910000DF0E2FA0DF0A7FDF6E7F8E70CA80DF0D0
:10292000DBFA06A80DF0D8FA68460DF0D5FA044B8C
:1029300020462360C4E9027513B0F0BD577702004A
:102940005865020037B5054618200DF076FD0123C5
:102950006A462946009304460E4B0193FFF7AEFFEB
:102960000D4B204623600EF02FFB014604F11000B2
:1029700000F0F4F807E02046FFF75AFF2046FFF783
:1029800065F80DF070FD054A204605490DF077FF0A
:10299000F4E700BF380100209465020059280100C7
:1029A0002C650200024A0349034805F012B900BF32
:1029B000C80B0020B710020038010020074B10B5EB
:1029C000044640F8043B0EF0CBFB04E020460DF03B
:1029D00041FE0DF048FD204610BD00BF0865020015
:1029E00000487047C677020000487047537C0200D9
:1029F000742A10B51ADC572A0CDC4D2A07DC3B2A56
:102A00000CDC242A0EDC0F2A18DC0E2A16D9C0E9A9
:102A1000002116E0A2F158040A4B0CE0A2F13C049C
:102A2000094B08E0A2F12D03012BEFE7A2F1760498
:102A3000182CECD8054BE340DB07E8D5044B0260CB
:102A4000436010BD9D00BF1F8F080200BF07F1014A
:102A500040010020034B10B504460360FFF740FD22
:102A6000204610BD0066020073B5044610460EF005
:102A70004EFC054604F10803236010B90F48FAF72D
:102A8000BDFCEEF777FB0F2805EB0006019007D998
:102A9000002201A92046FEF739FE019B2060A360B9
:102AA0003246294620680DF07FFA019B22680021FA
:102AB00020466360D15402B070BD00BF356D020086
:102AC00010B5064C06492246064805F082F8224613
:102AD00005490648BDE8104005F07BB8C80B00204A
:102AE000CD11020040010020CF1102003C01002066
:102AF000074B13B504460360406801A90C38F8F78A
:102B0000F7FC20460DF0A6FD204602B010BD00BF28
:102B100070660200104B73B5036004460B68A3F1A6
:102B20000C0053F8043C002B05DBF8F771FD6060E6
:102B3000204602B070BD002201A908F02FFCF6E784
:102B40000E46054620460DF085FD013601D00DF0FC
:102B50008AFC2846FEF7FEFF706602002DE9F0436E
:102B6000804685B00C4621B30846EEF703FB04EB24
:102B7000000907464C451FD001AA0021F8F772FC56
:102B800000F10C050646214628464A4608F04BFB54
:102B900039463046F8F75AFC03A940460395FFF73B
:102BA000B9FF02A9A5F10C00F8F7A2FC05B0BDE839
:102BB000F0830248FAF722FC014DEDE7086A0200B3
:102BC000C01B0020014907F0C3BA00BF5C660200C9
:102BD00008B503468F2B00F24E81DFE813F090001A
:102BE0005C0192009400960098009A009C009E0060
:102BF000A200A400A800AA00AC00AE00B000B20081
:102C0000B400B600B800BA00C000C200C800CA00D4
:102C1000CC00CE00D000D400D800DA00DC00DE000A
:102C2000E000E200E400E6004C014C014C014C01E4
:102C30004C014C014C014C01EA00EE004C014C01EE
:102C40004C014C014C014C014C014C014C014C011C
:102C50004C014C014C01F0002001F200F400F600A0
:102C6000F800FA00FC00FE000001020104014C0122
:102C70004C0108014C014C010A014C014C014C0172
:102C80004C014C010C010E0110011201140116013E
:102C90004C0118011A011C014C014C0144014C016A
:102CA0004C014C014C014C014C014C014C012E01DA
:102CB0001E0122012401260128012A012C013001D4
:102CC0003401EC00C4004A01BC00D200BE00A000E8
:102CD000A6004801060138013201C6003A0136015A
:102CE0004C014C014C014C014C01D6004C014C01F3
:102CF0004C01E80046013C013E01400142016748A9
:102D000008BD6748FCE76748FAE76748F8E767489F
:102D1000F6E76748F4E76748F2E76748F0E767488F
:102D2000EEE76748ECE76748EAE76748E8E767489F
:102D3000E6E76748E4E76748E2E76748E0E76748AF
:102D4000DEE76748DCE76748DAE76748D8E76748BF
:102D5000D6E76748D4E76748D2E76748D0E76748CF
:102D6000CEE76748CCE76748CAE76748C8E76748DF
:102D7000C6E76748C4E76748C2E76748C0E76748EF
:102D8000BEE76748BCE76748BAE76748B8E76748FF
:102D9000B6E76748B4E76748B2E76748B0E767480F
:102DA000AEE76748ACE76748AAE76748A8E767481F
:102DB000A6E76748A4E76748A2E76748A0E767482F
:102DC0009EE767489CE767489AE7674898E767483F
:102DD00096E7674894E7674892E7674890E767484F
:102DE0008EE767488CE767488AE7674888E767485F
:102DF00086E7674884E7674882E7674880E767486F
:102E00007EE767487CE767487AE7674878E767487E
:102E100076E7674874E7674872E7674870E767488E
:102E20006EE767486CE767486AE7674868E767489E
:102E300066E7674864E7674862E7674860E76748AE
:102E40005EE767485CE767485AE7674858E76748BE
:102E500056E7674854E7674852E7674850E76748CE
:102E60004EE767484CE767484AE7674848E76748DE
:102E700046E7674844E71AB9664A0EF041FE024445
:102E8000654808B965483BE71846AFF3008000285D
:102E90007FF436AFF6E7624832E700BF627902009E
:102EA000747902008E7902009E790200B6790200E0
:102EB000C0790200DA790200EC790200FE790200A2
:102EC000177A0200277A0200337A0200507A020051
:102ED000627A0200737A0200857A0200917A020017
:102EE000A77A0200BF7A0200CB7A0200DD7A0200E4
:102EF000EC7A0200FC7A0200097B0200287B0200C7
:102F0000377B0200487B02006C7B02008A7B020058
:102F1000A87B0200C87B0200DF7B0200EE7B020080
:102F2000FD7B0200117C0200297C0200377C02003C
:102F3000447C02005A7C0200697C0200757C02001D
:102F4000A47C0200B57C0200D07C0200E37C02007D
:102F5000F97C0200027D0200197D0200217D020041
:102F60002E7D0200437D0200577D0200757D020028
:102F7000807D0200937D0200AB7D0200BB7D0200DC
:102F8000C97D0200DD7D0200EC7D0200FD7D0200B6
:102F9000107E02001C7E0200427E0200677E02005C
:102FA000877E0200C57E0200EB7E0200047F0200E5
:102FB000187F0200337F02004B7F0200657F020012
:102FC0006D7F02009D7F0200BC7F0200DB7F02005C
:102FD000F27F020013800200268002003F80020080
:102FE000568002006C8002008D800200A5800200E5
:102FF000BF800200DB800200EE800200048102003C
:10300000188102002B8102004D81020073810200B1
:10301000848102000C0000000000000059770200CB
:103020006A790200426940F26C73002AA8BF6FF00F
:103030006303134492071FD1642193FBF1F201FB58
:103040001232DAB94FF4C87293FBF2F102FB11337A
:10305000B3FA83F35B09D0E90602400000EB0210EB
:10306000184441F2A263984229D013DC01280CDCF9
:10307000C043C00F404270470023ECE70123EAE75A
:10308000104BC34043F3000070470A381728F7D9A4
:103090000020704741F2B463984206DC41F2B1630C
:1030A0009842D4BF002001207047A0F5B6500238E6
:1030B0001528EDD8044BC34003F0010070470120F0
:1030C000704700BFCF00CC001F002A002DE9F04F51
:1030D0004FF000098FB007460D461E464C46137848
:1030E000002B00F08484252B1DD15378302B22D067
:1030F0002B2B20D002F10108002398F80020313A50
:10310000082A1BD80A22404606A9029301F070FA49
:10311000DDF818800246029B98F8001045290FD16F
:1031200008F101080EE0691EA14240F247813B55BB
:1031300001320134D3E702F10208DEE70022EBE7B7
:103140004F29EDD098F80010A1F12500552800F284
:103150003581DFE810F046043301330133013301D8
:1031600033013301330133013301330133013301BF
:1031700033013301330133013301330133013301AF
:10318000330133013301330133013301330174005F
:10319000A000D1001801330140018F012E02350239
:1031A0003301330133014D0233013301570233013F
:1031B00084020D03150327032F03AB03CD00C403C3
:1031C0001A04330133013301330133013301560053
:1031D0008B00B6000D010D01330160018B0033013E
:1031E00046022E0235024A024F02330157027D0287
:1031F000C5008D020F031C037903A403C900B303A8
:10320000DF03B369B94A183352F823A050460AF1D4
:10321000FF3AEDF7AFFF6B1E2044A04207D198F8AC
:103220000030002B00F0E38308F1010257E7A342CE
:1032300040F2C4801AF8012F3A550134EDE7B26923
:10324000AA4B03EB8203D3F87CA050460AF1FF3A65
:10325000EDF790FF6B1E2044A042E0D0A34240F265
:10326000AD801AF8012F3A550134F5E79F4B3269CA
:1032700053F822A050460AF1FF3AEDF77BFF6B1E90
:103280002044A042CBD0A34240F298801AF8012FEC
:103290003A550134F5E73369944A0C3352F823A0C8
:1032A00050460AF1FF3AEDF765FF6B1E2044A0423D
:1032B000B5D0A34240F282801AF8012F3A5501346A
:1032C000F5E78A4BD3F8A0201378002BA7D033461C
:1032D000291B3819FFF7FAFE00286FDD04449EE72A
:1032E000824BD3F8E420EFE7804BD3F89C20EBE748
:1032F0007E4BD3F89820E7E77D496420D6F814E0A8
:103300008E45ACBF4FF0000A4FF0010ABEF1000F2E
:10331000B5BF0EF26C719EFBF0F081EAE17C00F12A
:103320001301BCBFACEBE17CBCFBF0F153B16329F2
:103330001CDDDFF8E0C16F482B2B08BF6046DFF8CB
:10334000D8C102E06B48DFF8D4C16B4B0191022A6F
:103350002CBFCAEB0201CAF10201654A00919645F1
:10336000A8BF03466246291B38191FE06148E6E7FB
:103370006248634AF368642918BF0246291B38195A
:1033800000F086FD14E0726938193369291B002AA0
:10339000D6F80CE003F101034FF0640C13DB92FB51
:1033A000FCFA0CFB1A22CDE900E2564A00F070FD4F
:1033B000002803DB0444A5423FF631AF0024204639
:1033C0000FB0BDE8F08F02F26C72002AB8BF524213
:1033D000B2FBFCFAE5E725218DF8181043B1052A68
:1033E0008DF8193001D9931F06D10DF11A000CE0A8
:1033F0002B238DF819300423434A1E210DF11A00A6
:1034000000F046FD0DF11A0318444049EDF7BAFEED
:10341000334606AA5CE73046FFF704FE7169642371
:10342000002910DB91FBF3F203FB12131844642311
:1034300090FBF3F203FB12001844B0FBF3F203FB22
:1034400012032F4A9AE701F26C72002AB8BF524267
:103450000028B2FBF3FC03FB1C2304DA2C4A914244
:10346000B8BF0120E2E7E1D0214A9142B8BF4FF056
:10347000FF30DBE7CDE90432D6F814A030461C4B10
:103480009A45ACBF002301230393FFF7CBFDBAF1AC
:10349000000F4FF0640E0290DDE904320FDB0028CC
:1034A0009AFBFEF101F1130C0EFB11A153DC029803
:1034B0000144481C35D10CF1FF3C632131E00AF294
:1034C0006C7102980029B8BF49420028B1FBFEFC8C
:1034D0000EFB0CFBA1EB0B0122DADFF834E0F24526
:1034E000E5DA01200131039037E000BF7C6602007D
:1034F00094F8FFFF59770200AA810200AC81020014
:10350000BA810200B0810200BF810200C3810200C3
:1035100095F8FFFFA8810200A081020099810200B6
:1035200021D14FF0640A0AFB0C1A039911BB2B2B13
:1035300040F0EE8142F20F718A454FF0250140F2D2
:10354000DC818DF81830002A40F0DE818DF81910EA
:103550000DF11901D4E102980144642904BF0CF172
:10356000010C0021DDE7AD488245F4DA01F1FF3AB4
:10357000C1B1DA442D218DF81810002A40F0C6811F
:103580000DF1190125200870002B40F0B981481C6D
:10359000A3490292EDF7F6FD029ACDF800A013467A
:1035A00006AA60E00CF1FF3A0EFB0AFA0AF1630A80
:1035B000E0E79C489C4AB3686B2918BF0246DDE6E9
:1035C000B36863B10C2B04D00C2293FBF2F002FB26
:1035D00010339548934A492918BF0246CEE60C237A
:1035E000F7E7F369914A0133C8E63369013328E705
:1035F000736826E76B1E9C42BFF4E0AE0A233B557E
:1036000001340CE6B3680B2B894BD4BF0022012296
:1036100003EB8203D3F8A4A050460AF1FF3AEDF77A
:10362000A9FD6A1E2044A0423FF4F9ADA2427FF6F4
:10363000C5AE98F800101AF8013F502905D1A3F142
:103640004101192998BF2033DBB23B550134EAE729
:103650000322336993FBF2F3764A01338EE67368F3
:10366000754A0093B368291B381900F011FC9FE6D6
:10367000336A002B79DB714804F02FFCB9F1000F9D
:1036800001D100F0C9F902F029FE336A4FF00109B7
:10369000002B4FF02803D4BF0022012202FB03338A
:1036A000C3586648C3F1000A04F01FFC7269291B65
:1036B0003819B2F145034FEAE27C6CF1000CBCF121
:1036C000000F02DA03334CF1000C02F1FF3E4FF021
:1036D000640B9B089EFBFBFE43EA8C734FF4C87B94
:1036E0004FEAAC0CB3EB0E036CEBEE7C02F22B1E3C
:1036F000463A9EFBFBFE13EB0E03D6F804B04CEBF0
:10370000EE7C40F26D1E0EFB02F24FF0180E9B187D
:103710004CEBE27CF2699B184CEBE27CA3FB0E23A2
:103720000EFB0C33D6F808C012EB0C0243EBEC7323
:103730004FF03C0CA2FB0C2E0CFB03EE12EB0B0328
:103740004EEBEB72A3FB0CE30CFB023332681EEB77
:10375000020E43EBE273BEEB0A0263EBEA73CDE9C0
:103760000023374A00F094FB22E64FF0000A9DE761
:10377000336866E66B1E9C42BFF420AE09233EE729
:103780003368304A019373680093B368EBE56B1EAE
:103790009C42BFF413AEB3690BB937232FE7303324
:1037A000DBB22CE7F369B26907339B1A072293FB5C
:1037B000F2F346E63046FFF735FCB26932B1013A22
:1037C0000028F36928DC03D10A33EEE70622F7E785
:1037D000D21A736940F26B71002BA8BF6FF06401BD
:1037E0000B44990714D1642093FBF0F100FB1131D5
:1037F00081B94FF4C87193FBF1F001FB1033B3FAB8
:1038000083F35B09D21A042ACCBF3423352318E68C
:103810000023F7E70123F5E7012312E694F8FFFF01
:10382000CB810200BA810200AC810200CF8102008C
:103830007C660200D4810200E3810200A401002022
:10384000D9810200DE8102006C4906A8CDE902326E
:10385000EDF798FC06A8EDF78DFC06AB03EB000A2C
:10386000029B0AF1010AD3464BB106AA1354039AEC
:10387000052A01D9931F06D161495846C6E52B2375
:1038800006AA135404230EA95E4A5046A1EB0A016E
:1038900000F0FEFA0028C8BF0AEB000BECE76B1E35
:1038A0009C42BFF48BADB3693033A8E6B2691AB15C
:1038B000013AF369073378E70622FAE7726964236D
:1038C000002A04DB92FBF3F103FB1123B9E502F2BA
:1038D0006C72002AB8BF5242B2FBF3F1F4E771698F
:1038E0004948814206DA4FF02D0CA0EB010A8DF811
:1038F00018C042E601F26C7A19E68DF8181006A994
:103900003023881C4B7043E6013A1FE6013A37E644
:1039100006A937E6336A002BFFF681AC3B4804F07A
:10392000DCFAB9F1000F01D100F076F802F0D6FC14
:10393000336A002B4FF02803D4BF0022012202FB80
:103940000333C3583148C3F1000904F0CEFA3C21D7
:10395000381999FBF1F2002AB8BF5242B2FBF1F3D9
:1039600001FB13224FF46163291B0092284A99FB43
:10397000F3F300F08DFA0028FFF620AD0444A542D1
:103980007FF61CAD4FF0010949E4336A002BFFF6C6
:1039900046AC1E4804F0A1FAB9F1000F01D100F0C5
:1039A0003BF8336A1B4A002BD4BF0023012352F893
:1039B0002390484609F1FF39EDF7DCFB6B1E2044EC
:1039C000A04203D1114804F090FADBE7A34204D9E6
:1039D00019F8012F3A550134F2E70C4804F085FA42
:1039E000ECE46B1E9C42BFF4E9AC252307E6002DF6
:1039F0003FF4E5AC00233B55E1E400BFED8102005C
:103A000064820200BF81020094F8FFFFA40100203D
:103A1000F5810200480100202DE9F04F8DB0DFF85C
:103A200008A302F05BFC0446B3480DF091FFB34FCE
:103A30000546D8B9B24BCAF800001860B14BC7E9C7
:103A400000334A2100220023A562217284F830103D
:103A50002565C4E90355C4E90555C4E90823C4E94B
:103A60000D55C4E90F55C4E912238AE00023A44A86
:103A7000002000211360A44ACAF80030A362236525
:103A8000C7E900224A22C4E90333227284F83020B5
:103A9000C4E90533C4E90801C4E90D33C4E90F33AF
:103AA000C4E912012B783A2B08BF01352B783C2B47
:103AB0005BD16E1C0AAB954A9549304600F014FA6A
:103AC00000285EDD0A9BDA1E072A5AD8F35C3E2BDB
:103AD00057D102350A9B05EB0308EB5C2D2B53D124
:103AE00008F101084FF0FF39002308AD07AA894902
:103AF000ADF81E304046ADF820300AAB0393CDE957
:103B000001350DF11E0300930AAB00F0EDF900281A
:103B100037DDBDF81E303C22BDF8206002FB036695
:103B2000BDF81C304FF4616202FB03660A9B09FB7F
:103B300006F608EB030918F803303C2B40F0F6803A
:103B400009F101080AAB744A7149404600F0CCF90A
:103B5000002820DC99F801303E2B1CD16B4BA6626B
:103B6000CAF80060C7E900330BE00AAB674A6B494B
:103B7000284600F0B9F9002803DD0A9B033B072B18
:103B8000A8D90DB0BDE8F08F2B2B4FF0010908BF6D
:103B900008F10108A8E70A9BDA1E072AF1D818F8ED
:103BA00003303E2BEDD109F102090A9B09EB030812
:103BB00019F803302D2B40F0C88008F101084FF0B0
:103BC000FF39002307AA53494046ADF81C30ADF831
:103BD0001E30ADF820300A930AABCDE902530193B1
:103BE0000DF11E0300930AAB00F07EF9002800F3EC
:103BF000B380A6F5616304934FF0000B0A9B08EBBA
:103C00000305A0462B782C2B08BF013595F80090B2
:103C1000B9F14D0F40F0B3800AAB0DF126024049D7
:103C200028460393CDE9013209AA00920DF1220240
:103C300000F05AF90328A4D1BDF822104B1E0B2B1B
:103C40009FD8BDF82420531E042B9AD8BDF82630E7
:103C5000062B96D888F80890C8F81430C8E90312E3
:103C60000A9B05EB030900254FF00203ADF81E5037
:103C7000ADF81C30ADF820500A9599F800302F2B84
:103C80000FD10AAB08AA274948460393CDE9013270
:103C90000DF11E02009207AA00F026F9A8427FF754
:103CA000D0AEBDF81E203C21BDF8203008F1280818
:103CB00001FB0233BDF81C204FF4616101FB0233AC
:103CC00048F8103C0A9D4D44BBF1000F54D0049BB2
:103CD000606823650D4BA6623B600F4B7B6002F072
:103CE00001FBA26A236DCAF800209B1A044A18BF80
:103CF0000123136045E700BF018202004801002054
:103D0000401F0020CB750200597702007E1F002063
:103D10000482020039820200721F00201782020012
:103D200025820200388202003C1F00200AAB2B4A89
:103D30002B49484600F0D8F800287FF70FAF0A9BC0
:103D4000033B072B7FF631AF1BE72B2B4FF001090D
:103D500008BF08F1010834E7BDF81E203C21BDF87A
:103D6000203001FB0233BDF81C204FF4616101FBE0
:103D7000023309FB03F33EE74FF0010B42E7B9F1D1
:103D80004A0F4FF00A020BA906BF01354B464423E8
:103D90002846059300F02CFCDDF82C90059BA945E6
:103DA000ADF8260014D14D23BBF1000F07D103213C
:103DB00023720223C4F814B0C4E9031353E70B229F
:103DC00084F830300123C4E90D230023E3634AE77C
:103DD00080B288F80830C8F8140044E7721F002049
:103DE0001782020010B50C4679B109492046EDF75B
:103DF000B7F950B107492046EDF7B2F928B1237859
:103E00000448002B18BF002010BD0248FCE700BF8B
:103E10004B8202007C6D020010B5837804469B063D
:103E200012D5436983B19847002812DBA37823F0A9
:103E30000803A3704FF00003D4E85F2FC4E8513F9C
:103E40000029F9D1002010BD034B1D220DF058FEB2
:103E50001A504FF0FF30F6E70C00000010B58378E1
:103E600004469B060AD5436943B1012200219847C5
:103E7000D4E89F3F9BB203B1013810BD034B1D2214
:103E80000DF03EFE1A504FF0FF30F6E70C00000038
:103E90000CB430B589B005460C461C22002101A89F
:103EA0000DF01BFA022305958DF806300D4B029399
:103EB00023462CB1B4F1004F28BF4FF00043013B23
:103EC0001D440DAA0C9901A80695009200F090FCE3
:103ED00014B1059B00221A7009B0BDE8304002B051
:103EE000704700BFE31A02000EB470B589B00546F2
:103EF0001C2200210DAC01A854F8046B0DF0EDF963
:103F0000012301A8224631468DF80630054B059560
:103F10000393009401F03EF909B0BDE8704003B08E
:103F2000704700BFCF1A02002DE9F84F00228046EB
:103F3000894618F80230511C202B00F09E81A3F115
:103F40000900042840F299812B2B0D4633D02D2BEC
:103F500036D01846042440F02003692B32D06E2B53
:103F600060D000224FF00A0A964694461346114646
:103F700014F400666BD040F02007A7F1610BBBF191
:103F8000050F64D8573FFFB2BA4540F3F28044F0C2
:103F90008006E005B6B268D5F40506F4007079D560
:103FA000002F18BF4CF0010C00B9013218F80500C1
:103FB00034460135DCE7042418F80100951CCAE7F3
:103FC0004424F9E7AE4B0026AE4F13F8011B49B16C
:103FD00018F80520681C42F020028A4226D0AA4A1E
:103FE000934230D132463B4630463946ECF7C6FA6A
:103FF00048B918F80530282B05D1013518F80530D7
:104000000135292B14D1630602D507F100431F4661
:10401000B9F1000F02D04544C9F8005047EC106BCD
:10402000BDE8F88F994B0026994FCEE70546CCE7BF
:1040300023F02002413A192AE0D9A3F13002092ADB
:10404000DCD95F2BDAD0002600270025E0E7A0F1BD
:104050003007FFB257452DDA44F0800614F4807023
:10406000B6B299D1BAF10A0F06D0BEF10F0F93DDA7
:1040700044F4C076B6B28FE7BEF1100F8CDD44F485
:10408000C076042FB6B287D9052F4FF0020C08BFB7
:10409000074681E700B1013AAAFB0334FB180AFB8B
:1040A000014444F1000153EA01003FF47FAF0EF1F7
:1040B000010E7BE7FE2F5CD1A70556D52006C2D5A1
:1040C000002E40F0968053EA010005F1FF3500F024
:1040D000D180200540F1B2803632B1F5800FC0F0BA
:1040E00091806C4FB1F5000F80F09180BA42C0F220
:1040F0008E804CEA0303084603F00306032E04D027
:1041000003F00606062E40F08B80043341F10000D8
:10411000B0F5000FC0F084800132B2F5806F80F2FC
:10412000A68000234FF4801102F2FF3221F48011A7
:104130001E4641EA025747EC106B02F04FF8013877
:10414000022804D8544B22220DF0DAFC1A5047EC16
:10415000106B02F043F8013802283FF654AF4E4B83
:1041600022220DF0CDFC1A504DE744F40076B6B291
:104170001CE740F0200004F08007782809D147B1FF
:1041800053EA010A05D144F400664FF0100AB6B2B2
:104190000CE7002F3FF457AF6EB3920070268642B3
:1041A00091D118F805006E1C2B2804D02D2824D19D
:1041B00044F48064A4B218F80600A0F13006092E79
:1041C00081D8AE1C354640F2D34A00264FF00A0B88
:1041D0005645DCBF30380BFB060618F805000135E4
:1041E000A0F13007092FF3D9670548BF7642324462
:1041F00069E72E20D1E76526D1E7A0F13007092F26
:10420000E0D960E7DB1802F1FF32494165E75E085B
:1042100003F00103013246EAC1764908334361E7FE
:10422000B2F5806F23DA9B08B0F5800F4FEA90015A
:1042300043EA8073BFF478AF002279E70EEB020007
:1042400010F5A27F10DDB0F59B7F10DA03F00100BE
:1042500040EA0C0001308008181841F10001EDF728
:1042600003FB57EC106B72E7002600276FE7002670
:10427000044F6CE700260027C5E60A4659E600BF52
:10428000848202000000F07F8782020081820200A7
:104290000000F87F02FCFFFF0C0000002DE9F04752
:1042A000002307460E462DED028B17F803905A1C8B
:1042B000B9F1200F00F08C81A9F10901042940F225
:1042C0008781B9F12B0F154637D0B9F12D0F39D0B1
:1042D000002449F02003692B36D06E2B5DD00021DD
:1042E0004FF00A0E08468C460A4614F4006369D063
:1042F00049F02008A8F1610ABAF1050F62D8A8F1C7
:1043000057085FFA88F8C64540F3E48044F080031C
:1043100014F4807F9BB264D013F4807F03F40074A4
:1043200074D0B8F1000F18BF4CF0010C04B9013182
:1043300017F805901C460135D7E7002417F80290BE
:104340009D1CC6E74024F9E7A24B9FEDA38A13F812
:10435000011B41B17A5D681C42F020028A4220D0E4
:104360009E4A93422AD1B4EE488AF1EE10FA07D061
:104370007B5D282B04D101357B5D0135292B12D1C2
:10438000630601D5B1EE488A0EB12F443760B0EE16
:10439000480ABDEC028BBDE8F087914B9FED918AF6
:1043A000D5E70546D3E723F02002413A192AE3D99D
:1043B000A3F13002092ADFD95F2BDDD09FED8A8A75
:1043C0000025E1E7A9F130085FFA88F8F04525DA21
:1043D00044F0800314F480799BB29DD1BEF10A0FA2
:1043E00005D0072898DD44F4C0739BB294E70828F1
:1043F00092DD44F4C073B8F1040F9BB28CD9B8F1CC
:10440000050F4FF0020C08BFC84685E704B101391B
:1044100002FB0E82002A8BD0013089E7B8F1FE0F33
:1044200058D114F4007F51D014F0800FC6D0002B67
:1044300040F09580013D002A00F0C780230540F13F
:10444000AC801931B2F1007FC0F09480B2F1806F7E
:1044500080F0938011F17E0FC0F28F8042EA0C0C45
:104460000CF00303032B04D00CF00603062B40F0E2
:104470008A800CF1040CBCF1806FC0F084800131A3
:104480007F2900F39F804FEADC037F3123F4000390
:1044900043EAC15308EE103AB0EE480A01F0C4FEF8
:1044A0000138022804D8514B22220DF029FB1A5062
:1044B000B0EE480A01F0B8FE013802283FF660AFBE
:1044C0004A4B22220DF01CFB1A5059E744F40073AA
:1044D0009BB22DE749F0200904F0800EB9F1780F66
:1044E00009D1BEF1000F06D02AB944F400634FF0A1
:1044F000100E9BB21CE7BEF1000F3FF45FAF8BB311
:10450000890070234B4595D17B5D05F1010E2B2B66
:1045100004D02D2B28D144F48064A4B217F80E30B7
:10452000A3F1300EBEF1090F84D805F1020E7546D5
:104530004FF00A094FF0000EBEF1DF0FDCBF303B39
:1045400009FB0E3E7B5D0135A3F13008B8F1090F80
:10455000F2D9630548BFCEF1000E71446AE74FF00F
:104560002E09CDE76523CDE7A3F13008B8F1090F97
:10457000DDD95FE75200013964E702F00103013140
:1045800043EA520262E77F291CDCBCF1007F4FEA5C
:104590009C03BFF47AAF00217AE7084410F12D0F95
:1045A0000DDB27280EDC02F0010040EA0C00013090
:1045B00002EB90000DF00BF8B0EE408A78E79FED2B
:1045C0000A8A75E79FED048A72E79FED078AD7E6AE
:1045D00013466AE68F8202000000807F928202000A
:1045E0008C8202000000C07F000000000C00000070
:1045F000242AF0B5044601D8012A40D12E4B1622B8
:104600000DF07EFA1A5001B10C600020F0BD2F466B
:104610003D4615F8010B2028F9D0A0F10906034604
:10462000042EF4D92B282CD02D282CD10126BD1CEA
:104630007B78302B2DD1287840F02000782824D1A9
:1046400032F0100021D16B782C4610220235002068
:10465000392B82BF03F1FF3343F02003263B303B6D
:104660009A421AD9A0FB02040CB9C01801D346F033
:1046700002062F462C4617F8013B3D46E8E7074661
:10468000C6E70026D3E70026D3E7002A08BF0822A2
:10469000DDE7002A08BF0A22D9E701B10C60F20762
:1046A00048BF4042B307B1D5034B22220DF028FA90
:1046B0001A504FF0FF30A9E70C0000002DE9F0413F
:1046C00001260746B24201DCBDE8F0813B461F46A9
:1046D00013F8014B002CF7D0252CF8D11C780237A9
:1046E000252CF3D00023DFF804819C461D461F2DA6
:1046F00018D8A4F1200EBEF1100F09D9A4F1300E84
:10470000BEF1090F1ED80A24202504FB03E304E0B0
:1047100028FA0EFE1EF0010F06D017F8014B002CF0
:10472000E5D128E07F2D1CD8A4F1300EBEF1090F91
:10473000E9D9242C10D1BCF1000F46D0B34246D0A9
:104740000023EAE724F0040EBEF12A0FF8D06C2C07
:1047500009D145F08005E0E724F0040EBEF12A0FF0
:10476000EED06C2C22D06C2C1BD8682C23D06A2C59
:1047700028D04C2C26D0BCF1000FA5D0B445A1D137
:1047800044F020070B68A7F1650CBCF1020F01D9BA
:10479000612F1ED1073323F00703083301360B6066
:1047A0008FE7742CB9D07A2CB7D0E4E72C0648BF39
:1047B00045F40075CDE7EC0548BF45F4007545F4B8
:1047C0008075AAE745F42075A7E79C46B8E76324FF
:1047D000D6E7692C02D007D8632C03D02F0601D569
:1047E000AC05D7D40433D9E7732CF6E78928010048
:1047F0002DE9F04F436893B0804601938378980782
:10480000CDE9061216D50B4600250B921F789FB1F5
:10481000252F15D00133059341463846019B0135BC
:104820009847002880F22A8498F8023043F0040365
:1048300088F802304FF0FF35284613B0BDE8F08FFE
:104840005F789A1C252F0592E6D000242646A246C2
:10485000A346BBF11F0F32D8A7F12003102B0AD8B3
:10486000DFE803F02409092A0909091B09090922BB
:10487000092709091900A7F13003092B2DD92A2F7F
:1048800039D154B90B9B1BF0400F53F8042B0B93F9
:1048900029D0164601E04BF0010B059B13F8017B74
:1048A0000593002FD5D15BE04BF0020B4BF0040BCE
:1048B000F3E74BF0080BF0E74BF0100BEDE7BBF123
:1048C0007F0F3FD8A7F13003092BD8D81BF0400F3A
:1048D00003D00A2202FB0636DFE70A2202FB0A3A6D
:1048E0004BF0200BD9E7B2F1000AF9DACAF1000A5D
:1048F0004BF0280BD1E72E2F05D11BF0400F9BD199
:104900004BF0400BC9E7242F1CD1002C00F03E8156
:10491000079B1BF0400F0B930AD152460BA9069838
:10492000FFF7CCFE0B9B1A1DD3F800A00B92B4E747
:1049300032460BA90698FFF7C1FE0B9B1A1D1E6895
:104940000B92AAE76C2F00F00E8100F20581682F10
:1049500000F011816A2F00F016814C2F00F01381B6
:1049600034B1079B22460BA906980B93FFF7A6FECE
:10497000002E47F02009B8BF2BF0400BA9F16503CA
:10498000BCBF00261FFA8BFB022B40F20481B9F159
:10499000610F40F05882FF431BF0400F0CA84BF40E
:1049A000C05407F0200308BF4FF0FF360493314690
:1049B0000B9B073323F0070303F1080293ED000B71
:1049C0000B92049A0CF0EAFF0130C3B2B342029397
:1049D00001DB029B5E1E01230C9FA3464FF0700972
:1049E000039307F10903122B0DD907F16303C62BBB
:1049F00040F20A8107F2E73340F2CE72934294BF4D
:104A00000323042303939DF8342002F00C0312F0D7
:104A1000010240F014811BF0020F40F00D811BF0E9
:104A2000040400F0F380002B40F00C8120231BF4E1
:104A3000405F20D1029A002E02F1480208BF0126F1
:104A40006A44133A029921B112F8011D302900F08D
:104A50002E811BF0100F029A18BF3246391DC0F28A
:104A60002B81B74280F22881BA424BF4005B40F3BD
:104A700025817E1C961B1BF40052089200F02081B9
:104A800027EAE774013403B10134002E00F02081DD
:104A9000721C1444A245CCBFAAEB040400241BF0F2
:104AA000090F04D12C44A54240F0178100243BB1EA
:104AB00018464146019B013598470028FFF6B4AEE1
:104AC0001BF4006F12D041463020019B984700280C
:104AD000FFF6AAAE049B41460235C3F17800019B64
:104AE00000F0F80098470028FFF69EAE1BF0080F74
:104AF00005D12C44AC4240F0FC8025460024089BA4
:104B0000002B00F0158127EAE77A7642A7EB0A0727
:104B1000029B0AF1FF3A05F101094146BB4289BFF8
:104B20000CAB3020FB1858795645019B00F3EA8006
:104B30009847002807F10107FFF676AEBAF1FF3F6C
:104B400008D141462E20019B98470028FFF66CAE05
:104B500005F102094D46DBE7742F3FF49EAE7A2F34
:104B60003FF49BAEFCE61BF0800F18BF4BF4007BBC
:104B70004BF0800B91E61BF4807F18BF4BF4007B59
:104B80004BF4807B89E64BF4207B86E62646544630
:104B9000B346B24681E6FF431BF0400F07F0200307
:104BA00008BF0626B9F1650F04930B9B03F10703B9
:104BB00023F0070303F1080293ED000B0B9211D1D0
:104BC000711C00224BF4805BC9B2134611290CA85A
:104BD00028BF112100F080FF0C9FC3B20293022373
:104BE0000393FEE6B9F1660F05D14BF4005B334643
:104BF00001221121EAE7F1B200224FF065090129F3
:104C0000134638BF0121E1E70223FBE6002B3FF406
:104C10000EAFBAF1030F39DC9DF83430A14E13F01A
:104C2000080FA14B08BF1E463746B94617F8010BBF
:104C3000A0BBAE1BB14478E023BB2B23F7E61BBB24
:104C40002D23F4E62022BAF1040F12DD1BF0080F29
:104C5000AAF104040ED12C4441462020019B0135C9
:104C6000029298470028FFF6DFADA542029AF3D1E1
:104C700092B1002441461046019B01359847002817
:104C8000CADAD1E52B22DEE72D22DCE71BF0080F84
:104C9000AAF10304C0D1DEE71446BDE7049B4146F8
:104CA000C01A019BC0B298470028BEDABCE5029941
:104CB0000139C9B20291C5E6561EDCE60026DAE6E5
:104CC0001BF4006F039A0CBF032405241444DAE696
:104CD0001BF0100F18BF0134DCE609934146019B1D
:104CE00020209847002805F10105099BBFF6DBAE9F
:104CF0009AE541463020019B013598470028BFF6D0
:104D0000F9AE91E598470028FFF68EAD1BF0100F25
:104D10000BD0BAF1FF3F08D105F1020941462E2020
:104D2000019B98470028FFF67FAD4D464C442CE28E
:104D300041469DF83500019B98470028FFF674AD69
:104D4000002E65DD41462E20019B98470028FFF686
:104D50006BAD4FF0010A029B4146D3469A45B7BF5F
:104D60000CAB302053445879019B98470028FFF63C
:104D70005BAD0AF1010A5645EDDA02355D44049B4C
:104D80004146A9EB0300019BC0B298470028FFF6FB
:104D90004BAD002F4146019BB6BF2D202B207F42FB
:104DA00098470028FFF640AD039B042B3DD14FF4FC
:104DB0007A794146019B0335B7FBF9F606F13000DD
:104DC000C0B298470028FFF62FAD09FB16774FF0C9
:104DD00064094146019B0135B7FBF9F606F1300045
:104DE000C0B298470028FFF61FAD09FB16774FF0B9
:104DF0000A094146019B0135B7FBF9F606F130007F
:104E0000C0B298470028FFF60FAD09FB167713E0F4
:104E10001BF0100F01D10135B1E741462E20019B57
:104E2000023598470028AADAFEE4039B0235032BDB
:104E3000CDD0039B012BDAD107F1300005F1010938
:104E40004146C0B26CE7A7F16303122B00F2FF806A
:104E5000DFE813F013005700FD00FD00FD00FD002A
:104E60005700FD00FD00FD00FD00FD001701F800EA
:104E7000FD00FD002C00FD00B9000B9B01240CAFD0
:104E80001A1D1B680B928DF830301BF0080F2ED0C6
:104E90003E19B946B1452CD1EF1BB944AAEB040425
:104EA00043E700BF9B820200978202000B9B1A1D02
:104EB0000B921F68AB4B002F08BF1F461BF0400F23
:104EC000384614BF31464FF0FF310CF034FA044637
:104ED000DBE741462020019B98470028FFF6A4AC61
:104EE000013EB442F5D35544B246AD1BD0E7564619
:104EF000F7E7414619F8010B019B98470028C9DAEA
:104F000092E41BF0800F0B9B35D01BF4007F2DD05B
:104F1000073323F0070303F10802D3E900010B92E2
:104F20002BF0100900291FFA89F936DA404249F4BA
:104F3000806961EB41010DF1300B0A235A460CF0F8
:104F4000B2FA19F0400FA0EB0B0B65D029F001026B
:104F50005E4592B240F3B280002F00F0A98019F0B4
:104F600010033446914626D002345CE01A1D1868BE
:104F70000B92C117D4E71A1D1BF4807F19680B929E
:104F800001D10846F5E71BF4007F19BF48B241F391
:104F9000C01108B241F3C031C2E750EA0103CAD1DF
:104FA0001BF0400FC7D0002EC5D12BF0110B34469B
:104FB0001FFA8BF9B34640F2064319EA03031CBFFC
:104FC000013400232FE02BF0100B0A231FFA8BFB78
:104FD0001BF080040B9A57D01BF4007115BF0732E9
:104FE000101D22F007020B900FBF106802F108019C
:104FF0000B91D2E9000150EA010252D12BF01609BF
:105000001BF0400F1FFA89F94FD0002E4DD12BF025
:10501000170B1FFA8BF9B34619F0100352D0002F6B
:105020004ED10BF1010419F0080F5ED119F0010FF8
:1050300006D0A2456EDDAAEB040404EB0B06544631
:1050400022464DE04BF0100B10237827C0E7B9F152
:10505000780F04D1C7F1780343F01003B8E7414655
:105060002520019B98470028FFF6DEAB41463846D5
:10507000019B98470028FFF6D7AB0235059BFFF749
:10508000C5BB08230027A3E7111D10680B911BF473
:105090008071B0D01BF400711ABFC0B2214680B23B
:1050A000A9E72BF0060B1FFA8BF90DF1300B45E742
:1050B00029F0110934461FFA89F97CE79146ABE7DC
:1050C0005C4651E75C4676E7CDE902234146202065
:1050D000019B98470028FFF6A7AB029A039B013279
:1050E0009245F1DC2C1BA5181446F3B14146302043
:1050F000019B98470028FFF697AB6FB90135A94689
:105100002E44A6EB09035B4521DC5D460CAE5DBB7E
:10511000D944C3E65E4693E7023541463846019BD3
:1051200098470028EBDAFFF77FBB40F2064319EA05
:10513000030FE4D019F0020F05F10105414614BF39
:105140002B20202019F4806F18BF2D20E7E741465F
:105150003020019B09F1010998470028D1DAFFF7B7
:1051600063BB00BF9F820200013D4146019B705D11
:1051700098470028CBDAFFF757BB41462020019B18
:10518000013598470028FFF64FAB631B002BF4DC7A
:1051900074E700BF2DE9F04F002391B00290079211
:1051A0000E920F9306930D4615F8016BAEB1202EAB
:1051B00017D0A6F10903042B13D9252E17D00FA958
:1051C00002980CF097F9031EC0F2F380DBB2B342F1
:1051D0000BD00FAA02990CF097F9069811B0BDE810
:1051E000F08F0FA902980CF097F92946DBE74E786B
:1051F0008D1C252EE3D02A2E03BFCD1C8E780124D2
:1052000000240027A6F13003DBB2092B19D9A2072D
:1052100023D5242E23D1079B24F0020400220E93D1
:10522000A4B201239F4215DC42B17B1E002F0E9ACF
:105230004FEA8303D8BF00231A440E9215F8016B7E
:10524000DFE744F002040A2215F8016BA4B202FB66
:105250000737D7E701330122E4E74FF0FF376C2E21
:1052600035D007D8682E24D06A2E3FD04C2E37D0A8
:1052700026B9B2E7742E36D07A2E34D0314689481A
:105280000CF06DFB0028A8D014F001030C9311BFA3
:105290004FF0000A0E9B1A1D0E9208BFD3F800A013
:1052A0006E2E26D10F9A0023504600940CF049F937
:1052B0009BE72E78682E04D044F02004A4B2013578
:1052C000D6E744F030046E78A4B20235D0E72E78E9
:1052D0006C2E02D044F00404F0E744F00C04F2E732
:1052E00044F00C04A4B215F8016BC1E744F00804C3
:1052F000F8E7632E1FD114F0020F04F0040408BF76
:1053000001270FA902980CF0F5F8002851DBBAF13B
:10531000000F02D064B14AF8040B013FF1D10C9B9D
:10532000002B7FF462AF069B0133DBB206935CE790
:105330000AF8010BF1E75B2E5DD12B7800265E2B7E
:1053400006BF01354FF001094FF000090FA902987F
:105350000CF0D0F80022A84605F1010E9446114643
:1053600018F8013BFBB1F04508D05D2B12D02D2B76
:1053700004D132B90B4601221946F1E7002A08BFD1
:10538000194688424FF00002F6DB9842D8BF4FF032
:10539000010CF1E7002805DBE14511D10FAA0299C4
:1053A0000CF0B2F8CEB9029B9B7813F00C0F3FF4CF
:1053B00014AF069B002B14BF18464FF0FF300DE7CB
:1053C000BAF1000F05D063074CBF4AF8040B0AF886
:1053D000010B013F4FF00106B8D1BAF1000F01D126
:1053E00045469CE714F0040416BF00238AF80040E9
:1053F000CAF80030F4E70FA902980CF08DF80028E5
:10540000D7DB582E7BD0643EF3B2142B00F2BD8064
:10541000142E00F2BA80DFE806F00BB8B8B8B84135
:10542000B8B8B8B8B86F72B8B852B80BB8B872009C
:105430004FF00A080FA902980CF05CF82B2804D052
:105440002D280AD144F04004A4B2013FABD00FA9EB
:1054500002980CF04FF80028A5DB302877D1B7F17F
:10546000010918D00FA902980CF044F8002812DBAB
:1054700040F0200344F08004782BA4B242D138F0ED
:10548000100344D1B7F1020905D00FA902980CF01E
:1054900031F8002862DA002637464CE04FF0000869
:1054A000C8E700BFA6820200BAF1000F05D0660768
:1054B0004CBF4AF8040B0AF8010B013F0FD00FA9AB
:1054C00002980CF017F8002809DB202803D0A0F17F
:1054D0000903042BE8D80FAA02990CF015F8BAF1C9
:1054E000000F3FF41CAF14F0040416BF00238AF829
:1054F0000040CAF8003012E74FF008089AE74FF072
:10550000100897E7B8F1000F08BF4FF00808002611
:1055100037463928034682BF00F1FF3343F02003AA
:10552000263B303B98451CD80FAA02990BF0ECFFA4
:1055300020067FF538AF610602D5764267EB470754
:1055400032463B46504600940BF0FBFFE7E6B94677
:10555000B8F1000FDBD14FF00A08D8E74FF0100880
:10556000D5E7A8FB066244F080049E1908FB0722D9
:10557000A4B242F10007B9F10109DCD00FA90298E9
:105580000BF0B8FF0028C4DAD5E70FA902980BF09A
:10559000B1FF03909DF80C302B2B04D02D2B0DD197
:1055A00044F04004A4B2013F3FF4FDAE0FA90298BD
:1055B0000BF0A0FF031E0393FFF6F5AE039B43F031
:1055C0002003692B69D06E2B00F099804FF0000802
:1055D0000A234646C146CDE90488220540F1BE8033
:1055E000039A42F02002D2B2A2F16101052900F231
:1055F000B580573AD2B2934240F3008144F0800B19
:10560000E1051FFA8BFB40F1CC801BF4807F0BF48B
:10561000007100F0D7800598002A18BF40F0010003
:10562000059009B908F10108013F0D9300F0FB80D6
:105630000FA902980BF05EFF031E5C4603930D9BBF
:10564000CBDA21067FF5AFAE2205039A4CBF70235B
:10565000652342F0200248BF4FEA88089A4240F092
:105660002A81B7F1010B00F028810FA902980BF0F5
:1056700041FF0346C2B22B2A05D02D2A40F0F1800B
:1056800044F48064A4B2B7F1020B40F0CE800FAABC
:10569000029918460BF038FF0FE1734E4FF00008E7
:1056A000DFF8D09116F801BBBBF1000F13D0013F1A
:1056B0000DD00FA902980BF01DFF031E07DB43F06E
:1056C00020035B45EED00FAA02990BF01DFF674B3C
:1056D0009E427FF468AE42464B4640464946EAF752
:1056E0004DFF38BB013F25D00FA902980BF002FFF8
:1056F000282816D00FAA02990BF006FF1AE05C4E7C
:105700004FF00008DFF87091CCE720F02003413B18
:10571000192B06D9A0F13003092B02D95F287FF499
:1057200042AE013F3FF43FAE0FA902980BF0E2FEFC
:105730002928EAD1630606D509F10043CDF828806F
:105740000B93DDE90A89BAF1000F3FF4E8AD14F0DC
:105750000C0F00F07181CAE90089E0E5039A303A44
:10576000D2B29A4240DA44F0800BE1051FFA8BFB7B
:105770003FF54BAF0A2B14D114F00C0F1FD1049935
:1057800008297FF742AF44F4C07B042A1FFA8BFB41
:105790007FF63BAF052A4FF0020108BF00220591BA
:1057A00033E714F00C0F049907D107297FF72DAFC9
:1057B00044F4C07B1FFA8BFB27E70F29F6E7049917
:1057C0001029DEE709B108F1FF38A3FB066196193D
:1057D00003FB091141F1000956EA09023FF424AF25
:1057E000049A013204921FE7FE2A07D1A2053FF571
:1057F00028AF44F4007B1FFA8BFB15E7039A04F0F3
:10580000800342F02002782A7FF41BAF002B3FF484
:1058100018AF56EA09037FF414AF44F4006B102369
:105820001FFA8BFB00E75C460BE70FA902980D936C
:105830000BF060FE0D9B1F460346A3F13002092AC0
:105840001CD918460FAA02990BF05EFE7B1C04D0EF
:105850000FAA029938460BF057FE0FAADDE9021095
:1058600018E74FF0FF37E8E7BD820200C082020070
:10587000BA8202000000F07F0000F87F00270A22B1
:1058800040F2D3418F42DCBFA3F1300102FB071786
:10589000BBF1010B09D00FA902980BF02BFEA0F170
:1058A000300103460A220929EAD96005039348BF5B
:1058B0007F42B8445F46002FCFD156EA090300F07B
:1058C000B680210504F00C0240F18A80002A4FF0D6
:1058D0000100614912BF352318236FF07D015F1C61
:1058E000A3F11F02C7F1200C00FA02F2B84420FA1B
:1058F0000CFCB84042EA0C02864279EB020751D315
:105900000127A3F11E02C3F11E0C981C07FA02F234
:1059100027FA0CFC07FA00F042EA0C02864279EB07
:10592000020745D2884543DB059A324316464A466C
:1059300006F00300032803D006F0060006280BD16A
:10594000043649F10002B2F5000F21BF760808F1D4
:10595000010846EAC2765208B608C3F13500C3F121
:105960001507153B46EA8276920806FA07F726FAEB
:1059700003F3824006FA00F03A431A43364B994249
:1059800025D1B8F5806F61DAB2F5801F25D308F212
:10599000FF3822F4801242EA085308900993DDE9A7
:1059A0000889C7E6B61908F1FF3849EB0909A3E7EA
:1059B000770806F0010608F1010847EAC9774FEABF
:1059C00059093E43AAE7001808F1FF385241B2F5E1
:1059D000801F38D218F57F7FF5DA4FF00008DAE73C
:1059E000059B06F001001843049B013043448008E6
:1059F000301849F100015AB113F5A27F17DDB3F554
:105A00009B7F23DA4246EBF72FFF59EC108B91E690
:105A100013F12D0F0BDB272B18DC41460BF0D7FDC4
:105A200010EE100AEAF7FCFC8046894682E64FF049
:105A300000084FF000097DE640464946EAF7D0FDF0
:105A4000CAF800006BE4B8F5806FA0DB4FF00008E7
:105A5000DFF808906EE600BF02FCFFFF0000F07F59
:105A6000F0B589B005460C46164600211C2201A857
:105A70001F460BF032FC0223204605958DF80630B8
:105A80000A4B02932CB1B4F1004F28BF4FF00040F5
:105A9000013805443A46314601A80695FEF7A8FEAE
:105AA00014B1059B00221A7009B0F0BDE31A020080
:105AB0001FB502AB074A00934FF0CC330BF00EFF3B
:105AC000DDE90201C00840EA4170C90805B05DF88F
:105AD00004FB00BFCDCCCCCC2DE9F04F9DB055ECF4
:105AE000104BCDE90C322A46C5F313030B91290D57
:105AF000D20FC5F30A5507908DED050A0A9275B9C4
:105B000022461A431BD130230126056043710A9BAC
:105B100043F00203037130461DB0BDE8F08F40F240
:105B2000FF7295424DD1059A002613430A9B079AAE
:105B300014BF43F0080343F004031371EBE7059A25
:105B40004FEA83089A46B14D02F001020992059A84
:105B500048EA9278970001221646C5F1000B089298
:105B6000584600F019FAB5F1FF3FACBF8146A0F1ED
:105B70000109ABEB090B09EB05035846069300F04E
:105B80001FFA18A9A0F17D05584600F039FA14ABA8
:105B9000089AA9EB0505019312AB029251460093B6
:105BA00018AA2B4605980BF0A2FDB9F1010F044687
:105BB0000D4600F2D880099B002B40F0CB800127D6
:105BC0006FE0059A43F4801AA5F2354502F0010210
:105BD0004FEA8A080992059A134348EA92784FEAF5
:105BE00082074BD140F2FE7319420CBF01260026FA
:105BF000002D3246B1DB284600F0C8F90346032DDC
:105C0000C8BF013B1846069300F0DAF9069B7C30CA
:105C100018A95D1B0544184600F064FA14AB18AAD5
:105C20000598019312AB5146029600932B460BF058
:105C30005EFD069B04460D46152B00F2888016ABD0
:105C4000734A3846414600934FF0CC330BF046FE82
:105C5000169B179A9B0843EA827303EB8303BB42AC
:105C6000DDE9129A0CD13846414600F0B1F9069BA5
:105C700083428CBF00270127002612E00126B7E7E8
:105C8000099B002B53D1013F48F1FF31B81B61F153
:105C9000000100F09DF9069B099F83428CBF0026FE
:105CA00001260D9B002B40F09380DDF82CB04FF0C7
:105CB00000084FF00A0ACDF82080CDF81480DDE905
:105CC0001201FFF7F5FE149BCDE90E011846159958
:105CD0001093FFF7EDFE0E9B81460F9A98420B46FC
:105CE0001191934180F08E8020462946FFF7E0FE17
:105CF0000AFB09F3109AB8F1000F14BF002707F050
:105D000001070AFB10480D46934214BF002606F017
:105D100001060E9B5FFA88F8044612930F9BCDE9AB
:105D20001339119B1593089B01330893C7E7B81CDF
:105D300048F1000100F04CF9069B83428CBF002023
:105D40000120B9EB00006AF10002CDE91202002740
:105D50003E46A6E7129B0127139A013B42F1FF3210
:105D6000CDE9123288E7B9F13E0FF0D84FF0FF339A
:105D7000A9F12000C9F1200103FA09F203FA00F0A9
:105D800023FA01F103FA09F3024327EA03070A435E
:105D900028EA020857EA08070CBF012700276BE72B
:105DA00000FB02FC0133A1FB001262448C4275EB44
:105DB000020CF5D2069A13440C9A1344D20F934264
:105DC000B8BF13460B9A9A42A8BF1A4693466EE78D
:105DD0000A21002201230846E8E70AFB03F001310B
:105DE000A2FB0A230344944275EB0300F5D2594504
:105DF00010DDBBF1000F02D154EA05030AD00123E4
:105E0000059371E70A2200230121ECE7CCFBFFFF99
:105E1000CDCCCCCC7EB34FF00A0A149B1599184612
:105E20000F93FFF745FE0F9B0AFB00F281460E9190
:105E30009A4220D1B8F1000F14BF002707F00107E4
:105E4000DDE91201FFF734FE10900F91204629463C
:105E5000FFF72EFE0F9B0AFB1048109A04460D46D2
:105E60005FFA88F81292CDE913390E9B1593089BBF
:105E700001330893D1E7069B089A13449946002FF3
:105E80005DD0B8F1050F5AD114F001034DD1059A38
:105E900032B9DDE914239D4208BF944262D0059BCC
:105EA00018194FF00A044FF000024FF0010645F1B7
:105EB00000012546A04271EB020756D2FBB1B34563
:105EC0001DDA0D9B73B106EB09030C9A1A44012AE3
:105ED00013460B9AB8BF01239A42A8BF1A469642AE
:105EE00093460CDD053009F1010906F1FF364FF04C
:105EF0000A024FF0000341F10001EAF7C1FB5E45E1
:105F00000FFA89F9079BA8BF5E4636B2B14406F185
:105F1000050809F1FF3798444FF00009B1452BDB24
:105F2000079B0A9A1F601A71F5E5059B2BB9DDE9FD
:105F300014239D4208BF944209D00123B0E7059B7A
:105F400053B9DDE914239D4208BF944204D1099B53
:105F5000002BF2D1002EF0D0B8F1040F94BF002333
:105F600001239DE74FF00408F1E705FB02F7013636
:105F7000A4FB05423A449DE70A220023EAF780FB8E
:105F8000303209F1010908F8012DC7E7014B5843E8
:105F9000800C704741340100014B5843000D70479D
:105FA000FB2E0B00014B5843C00C70474F9312005F
:105FB000024B5843C00C0130704700BF4F93120092
:105FC000024B5843C00C0130704700BF4F93120082
:105FD00070B50346094A00204FF0CC364FF03335F8
:105FE00006FB03F402FB0144A3FB023121449D4262
:105FF00075EB010401D30130F2E770BDCDCCCCCC00
:106000001A232DE9F04FB0FBF3FA334E03FB1A03CA
:1060100089B004460D4606EB0A1653B9D6E90023AB
:10602000C1E90023D6E90201C5E9020109B0BDE8D2
:10603000F08F2A4A02EBC303D3E9008904AB404640
:1060400049460093D6E902230BF048FC06AB834691
:106050000F46404649460093D6E900230BF03EFC2C
:1060600000238146DDE9066216EB0B0652EB0708BA
:1060700028BF012333B1049B059A013342F100028A
:10608000CDE9043220460391FFF79AFF07461A2014
:1060900000FB0AF0FFF794FF3F1A3246434648469A
:1060A000039900970BF035FC0D4A4FEA141C64006D
:1060B00004F01E0352F82C40DC4004F003042418C2
:1060C000304641F10001DDE90423C5E900414146C4
:1060D00000970BF01EFCA7E7283E0200583D020087
:1060E000786702002DE9F04F1A2700F11905DFF853
:1060F000E8A089B004460E46B5FBF7F56F434FEABA
:10610000051B0AEB05153A1A0AD1D5E90023C1E9A6
:106110000023D5E90201C6E9020109B0BDE8F08F0C
:106120002B4B03EBC203D3E9008904AB404649463D
:106130000093D5E902230BF0D1FB5AF80B206B68D2
:10614000013ACDE9020106A963F10003404600913E
:1061500049460BF0C3FB8A46029900238146DDE9DC
:1061600006526D18039952EB010828BF012333B181
:10617000049B059A013342F10002CDE9043238460E
:10618000FFF71EFF07462046FFF71AFF3F1A2A4671
:1061900043464846514600970BF0BBFB0D4A4FEA79
:1061A000141C640004F01E0352F82C40DC4004F080
:1061B000030401342418284641F10001DDE90423D9
:1061C000C6E90041414600970BF0A3FBA3E700BFDF
:1061D000583D0200CC670200F83E020051EC100B63
:1061E0000B4631F0004107D190B10D4A1A40002A08
:1061F00014BF042003207047094A13420AD0094BF8
:10620000994209D9914209D1B0FA80F0400970470A
:106210000220704703207047042070470020704719
:106220000000F07FFFFFEF7F10EE103A33F00040E8
:106230000DD0A0F50003B3F1FE4F0AD3421E074B69
:106240009A4208D9A0F1FF435842584170470220B2
:106250007047042070470320704700BFFEFF7F0097
:106260002DE9F84F05461B48894601F036FE1A4BCA
:10627000D3F800B0BBF1000F06D02B461C4613F834
:10628000012B3AB13D2AF9D1124801F02EFE00202F
:10629000BDE8F88F641BDA4656465AF8048BB8F10D
:1062A000000FF1D02246294640460BF065FB00283E
:1062B000F2D118F8043008EB04073D2BECD1A6EB23
:1062C0000B060448B610C9F8006001F00EFE781CF9
:1062D000DEE700BFA4010020500100200048704705
:1062E000380B00202DE9F0470446FFF7F7FF40F296
:1062F000B1739C4240F3AC806FF4F662A4F2B273C7
:106300006FF4C86500F15007A11840F26D12514EAC
:106310008910446002FB03116FF06302A4F26D73F5
:1063200093FBF2F34FF4C87219446319B3FBF2F311
:1063300002461944137A55694A2B3CD114F0030FD5
:1063400001EB050334D14FF0640E94FBFEFC0EFB11
:106350001C4CBCF1000F08D14FF4C87894FBF8FE38
:1063600008FB1E4EBEF1000F05D13B2DD4BF4FF0F0
:10637000000C4FF0010C6344013B95694FEAE57C4A
:10638000C3FB065C936AED184CEBE373C2E9085358
:1063900028329742CED1D0E90843D0E912128C427C
:1063A0009341B4BF0123002303600120BDE8F087BF
:1063B0004FF0000CDFE7442B01D14B19DDE7A307B9
:1063C0003DD14FF0640C94FBFCF30CFB1343C3BBB7
:1063D0004FF4C87C94FBFCF30CFB1343B3FA83F338
:1063E0005B094FF00C0CDFF87080D2F80C900CFBBE
:1063F00003880B4608F1FF3C9CF801E00CF1010A10
:106400000CF1020CACEB080CE1451CDC03F10408B8
:106410004FF0070C98FBFCFCCCEBCC0CA8EB0C0C65
:10642000B5EB0C0C156905F1FF3548BF0CF1070CF5
:10643000C5EBC5056544754508DA2B449DE7002387
:10644000CFE70123CDE77344D446D5E7073DF2E714
:106450000020ABE780510100C5820200704708B5FB
:1064600020EAE070C117C90341EA5041C00340F27D
:10647000E733C0184FF47A724FF0000341F1000186
:10648000EAF7FEF803F00AFD08BD08B54FF6FF7104
:106490000120EBF7CDFA08BD38B5134685680469CD
:1064A00012F4801F07D012F4402F04D012F0010F15
:1064B00001D082F4402323F4801213F0010F0AD09C
:1064C00023684FF0010C0CFA01FC43EA0C03236033
:1064D0002B68984738BD23684FF0010C0CFA01FC7B
:1064E00023EA0C032360F3E708B503468C460068F3
:1064F0001979DA8842EA0C02FFF7CEFF08BD38B5F9
:106500000446006803F07BFA48B102254FF4D0112D
:106510002046FFF7E9FF002803DB284638BD0325A6
:10652000F4E70125F9E74181704710B584688AB125
:10653000964602EB420C4FEA8C0CACF10C0C8C44EE
:106540009CF8082042F002028CF80820A4687246E9
:10655000A04710BD0020FCE700B585B00191029274
:1065600002228DF80C20012201A9FFF7DEFF05B001
:106570005DF804FB00B587B00092019300238DF80D
:106580000830089B0393099B049307238DF814306C
:106590000B4602226946FFF7C8FF07B05DF804FB0F
:1065A00000B585B08DF80F100193009201230DF115
:1065B0000F0281880068FFF7DDFF05B05DF804FB7E
:1065C00000B585B08DF80F100123019300920DF1F5
:1065D0000F0281880068FFF7CDFF05B05DF804FB6E
:1065E00008B54FF6FF710120EBF7BEFA08BD10B5F4
:1065F00084688AB1964602EB420C4FEA8C0CACF1EF
:106600000C0C8C449CF8082042F002028CF8082004
:10661000A4687246A04710BD0020FCE700B587B013
:106620000092019300238DF80830089B0393099B87
:10663000049307238DF814300B4602226946FFF7B6
:10664000D6FF07B05DF804FB00B585B08DF80F10DC
:106650000193009201230DF10F0281880068FFF77A
:10666000DDFF05B05DF804FB10B5EBF7A5FA0446B5
:10667000EBF7C6FA2046EBF7EFFA2046EBF76AFC99
:1066800023685B6820469847EBF78EFF03685B68DA
:106690009847002010BD08B54FF6FF710120EBF7B9
:1066A00061FF08BD0020704700EBC1018368B3F5AE
:1066B000004F0AD322B14B6843F001034B6070478F
:1066C0004B6823F001034B60704722B14B8843F0C5
:1066D00001034B8070474B8823F001034B807047C8
:1066E000C9008368B3F5004F03D308231944084455
:1066F00070470423FAE710B400EBC10C8468B4F5CA
:10670000004F19D3DCF80C30994218D0B4F5004F83
:1067100022D3DCF80810043240F8223000EBC1022A
:10672000B4F5004F1BD3D36000EBC3038268B2F50E
:10673000004F16D399600CE0BCF80630E4E7C3685C
:106740000121914023EA0103C3600432002340F891
:1067500022305DF8044B7047BCF80410DBE7D380AF
:10676000E2E79980F5E7131D50F82330DBB9C368E1
:106770004FF0010C0CFA02FC43EA0C03C360043234
:1067800040F8221000EBC1038268B2F5004F06D337
:1067900099608268B2F5004F03D3D9607047998041
:1067A000F7E7D980704710B500EBC30C8468B4F5E7
:1067B000004F1CD3DCF8082000EBC10EB4F5004FED
:1067C00018D3CEF808208468B4F5004F15D3CEF85E
:1067D0000C3000EBC2028368B3F5004F10D3D160D8
:1067E0008368B3F5004F0DD3CCF8081010BDBCF88A
:1067F0000420E1E7AEF80420E5E7AEF80630E8E76C
:10680000D180EDE7ACF80410F0E730B400EBC10C38
:106810008468B4F5004F29D3DCF80450531A891A60
:1068200001EB55015D00B4F5004F22D3CCF80450C4
:106830004C0000EBC20C8568B5F5004F1CD3CCF8BA
:1068400004408468B4F5004F19D340F832308368AF
:10685000B3F5004F16D3DCF8044002EB5402B3F555
:10686000004F12D340F8321030BC7047BCF80250D1
:10687000D4E7ACF80250DBE7ACF80240E1E720F8DF
:106880003230E4E7BCF80240E7E720F83210EBE7EB
:1068900030B400EBC1018468B4F5004F1ED34B68DF
:1068A0005B0800EBC20CB4F5004F19D3DCF80450C0
:1068B00003EB55035D00B4F5004F14D34D608168C0
:1068C000B1F5004F11D3DCF8044002EB5402B1F5EE
:1068D000004F0DD340F8323030BC70474B88DFE7B3
:1068E000BCF80250E4E74D80E9E7BCF80240ECE771
:1068F00020F83230F0E78368B3F5004F04D3082363
:10690000C91A081AC00870470423F9E708B5836854
:10691000B3F5004F07D300EBC10252685208012AB9
:1069200002D0002200E00022A2B900EBC102B3F5C0
:10693000004F10D352685208B3F5004F0DD308230F
:106940000833A2EBD3020132B2FA82F2C2F11F0283
:10695000FFF7D1FE08BD5288EDE70423F0E708B544
:106960008368B3F5004F07D300EBC10252685208A9
:10697000012A02D0002200E00022A2B900EBC102ED
:10698000B3F5004F10D352685208B3F5004F0DD342
:1069900008230833A2EBD3020132B2FA82F2C2F129
:1069A0001F02FFF7E0FE08BD5288EDE70423F0E781
:1069B000F8B504460D46CE0000EBC1078368B3F579
:1069C000004F1FD3796805EB510104EBC102B3F509
:1069D000004F19D3536813F0010F17D0A368B3F514
:1069E000004F24D3A159691A04EBC102B3F5004F3B
:1069F0001FD3536813F0010F1DD029462046FFF71F
:106A0000AEFFF8BD7988DEE75388E4E72046FFF75C
:106A10007DFFA368B3F5004F07D37A6805EB5202F8
:106A200029462046FFF734FFD8E77A88F6E7A15BCE
:106A3000D9E75388DEE72046FFF768FFA368B3F580
:106A4000004F0CD3A1592A46691A2046FFF720FFB0
:106A5000A368B3F5004F04D3A359ED1ACDE7A15BAA
:106A6000F1E7A35BF9E7F8B58568B5F5004F10D3FA
:106A700008230833A1EBD3030133B3FA83F3C3F143
:106A80001F02C3F1230450F8246046B34FF0030CF7
:106A900012E00423EDE7BEF8027017E02146FFF78D
:106AA0002AFE24E0BEF80640171D40F82740BCF13E
:106AB000010C14D0A64212D0141D50F8244000EB53
:106AC000C40EB5F5004FE6D3DEF80470B1EB570FF6
:106AD000E4D9B5F5004FE5D3DEF80C40E4E7C4682F
:106AE000C3F12002012393405B421C4001D12046A8
:106AF000F8BD94FAA4F2B2FA82F2131D50F82340C2
:106B00002146FFF7F8FDF2E779B138B50568284668
:106B1000FFF7F1FE0446002201462846FFF7C4FDB8
:106B200021462846FFF744FF38BD704770B5056819
:106B3000A1B30B46AA68B2EBD10F31D9B2F5004F21
:106B40001DD308229C180734E40821462846FFF785
:106B50008AFF064630B305EBC003AA68B2F5004FC2
:106B60000FD35B68B4EB530F0DD301223146284697
:106B7000FFF79AFD31462846FFF7B2FD70BD0422AB
:106B8000E0E75B88EEE73444224631462846FFF7CB
:106B90003CFE21462846FFF7E2FEE6E70020EDE74F
:106BA0000020EBE70020E9E72DE9F04114460668F4
:106BB0004B420B4001F1FF3818EA01080CD0B268D3
:106BC000B2F5004F06D30822934257D21A464546E3
:106BD000984609E00422F7E70D46B368B3F5004F85
:106BE00045D30822954244D9002C62D0B368B3EB58
:106BF000D40F60D92919891AB3F5004F41D308235E
:106C000019440731C9083046FFF72DFF0746002811
:106C100053D001463046FFF763FD00EB08032B44D9
:106C2000013BB3FBF5F303FB05F5A5EB08052C448D
:106C3000073424F0070429463046FFF75CFE8046FF
:106C4000A41BE41087421ED306EBC803B268B2F55A
:106C5000004F22D35B6808EB53039C421FD30122F1
:106C600041463046FFF720FD2846BDE8F08104226A
:106C7000B8E72146FFF75AFF0546F5E7454698462F
:106C8000B2E70423BCE7024639463046FFF7BDFDB4
:106C900039463046FFF763FED6E75B88DBE72246DE
:106CA00041463046FFF7B1FD21463046FFF757FE1B
:106CB000D5E70025D8E70025D6E70025D4E7F8B5C5
:106CC000B2F5802F23D30823D21ACC1D24F0070459
:106CD00001EB020C2CF0070CACEB040C4FEADC01CE
:106CE0000460A1600023E360BCF5802F11D308236A
:106CF0000833A1EBD3030133B3FA83F3C3F1200EBE
:106D0000C3F124039B00DE1DF508002308E00423E3
:106D1000DAE70423ECE71A1D002044F822000133CF
:106D20007345F8DB6B00BCF5802F32D36360BCF594
:106D3000802F30D300232360BCF5802F2ED36368CF
:106D400043F0010363604A1B570026F00703E01875
:106D5000BCF5802F27D34760A068B0F5004F24D33F
:106D6000E5502CF00703A444A068B0F5004F1ED3F3
:106D70000020CCF80400A068B0F5004F1BD3E2500F
:106D800001222046FFF790FC29462046FFF7E7FD49
:106D9000F8BD6380CBE700232380CDE7638843F011
:106DA00001036380CFE74780D6E7E552D9E70020AB
:106DB000ACF80200DFE7E252E2E710B50C461146FC
:106DC0001A46029BA04710BD4038C0B23A288CBF7B
:106DD000002001207047F8B506460378457884788E
:106DE00004EB83040444002706E001342046EAF75C
:106DF000C1F9013004440137AF42F6D3A01BF8BDFE
:106E000070B5144668B10D46194606462BB91046B2
:106E1000EAF7B0F983B2013399B22A462046B04767
:106E200070BD1046EAF7A6F90130F9E75BB32DE92A
:106E3000F04782B00746884691461D461A785E782C
:106E40009C78DB7804EB820404EB43042C444FF081
:106E5000000A0AE014F8013B45F823402046EAF70F
:106E600089F9013004440AF1010AB245F2D305F16F
:106E7000080300936B684A4641463846FFF79DFF7A
:106E800002B0BDE8F0876FF0150070472DE9F041C2
:106E90000446884600273E4607E0702D18D0284655
:106EA000FFF792FFB8B9252D0ED014F8015B75B12C
:106EB000002EF8D04745F0D02846FFF785FF002880
:106EC000F1D001370026EEE786F00106EDE7002657
:106ED0003046BDE8F0810026FAE70020704708B58B
:106EE00000F0D5FC08BD0FB400B583B004A951F87B
:106EF000040B0191FFF7F3FF03B05DF804EB04B05E
:106F00007047036913F0080F08D1C3680268934201
:106F100007D8436A9B1A0B60012070470020086065
:106F200070479B1A0B6000207047036913F0080F2D
:106F300007D1826843689A4203D89B1A0B600020ED
:106F40007047436A82689B1A0B600120704710B536
:106F500082B0044601A9FFF7D4FF20B1E368019A8B
:106F60001344013B0193606A019BC01A013802B0CF
:106F700010BD38B5036913F0040F00D138BD0446C5
:106F8000856AFFF7E4FF854202D9A06AA062F5E7AF
:106F90002046FFF7DCFFF9E7C3681944036913F0E3
:106FA000010F04D1426A914204D3891A02E0426A75
:106FB000013A1140C16023F008030361704710B427
:106FC00000236FF3000343F0020361F39F03026A9F
:106FD000046842F8243003680B44026912F0010F80
:106FE00004D1446AA34204D31B1B02E0446A013C5F
:106FF00023400360C4689C420AD043681944036973
:1070000013F0010F08D1436A994208D3C91A06E068
:1070100042F008020261F0E7436A013B1940416017
:107020005DF8044B70472DE9F04F83B004460191A1
:1070300017469846056AC66805EB860B15F8263094
:1070400003F00303022B24D0002100233B60C8F887
:10705000003019BB236913F0020F75D0E36958465D
:107060009847824615F8269019F001096ED015F858
:10707000263013F0020F3BD0019BBBB9626852442B
:10708000236913F0010016D1616A8A4216D3521A9D
:1070900014E055F82610C1F39D01D6E72046FFF70E
:1070A0007BFFE368A3604FF001094FE019462046DB
:1070B000FFF785FFE2E7616A01390A406260E16833
:1070C000A268914206D0A2682260E26043F0080301
:1070D00023613BE0524420B9616A8A4204D3521AC8
:1070E00002E0616A01390A40A2604FF00009EAE754
:1070F00001462046FFF750FFE368A360019B23B1E0
:10710000236A2268002143F82210019B5344C8F8E7
:10711000003022681344226912F0010F04D1616A21
:107120008B4204D35B1A02E0616A01390B40236091
:1071300042F00802226115F826306FF3000305F8CB
:107140002630C7F800B001E04FF00009484603B010
:10715000BDE8F08F30B45318046914F0010F04D166
:10716000456AAB4204D35B1B02E0456A013D2B40FC
:1071700005689D4214D000236FF3000343F002031F
:1071800062F39F03046A44F82130436813440269A0
:1071900012F0010F09D1426A934209D39B1A07E00A
:1071A000016024F00804046103E0426A013A1340DC
:1071B000436030BC704738B504460D46202200219C
:1071C0000AF08BF8EB68E361AB68A3612B6823627C
:1071D0006B6863620022A2622A6922612BB1591E88
:1071E0000B4202D142F00102226104F12C00012283
:1071F000002102F0EFFC38BD2DE9F04F87B09A4630
:10720000002305930393436A8B42C0F089800446B0
:1072100089469346002301930126009341E001999A
:107220002046FFF797FF0023039345E0236A226877
:1072300003EB8201009113F822106FF3000103F8B1
:107240002210C9B26FF3410103F8221023684B44A6
:10725000226912F0010F04D1616A8B4204D35B1AD8
:1072600002E0616A01390B402360E168994201D074
:10727000002608E042F008022261002603E02046D2
:10728000FFF79DFE2E4688F31188BFF36F8F059997
:1072900029B1A3690BB12046984700230593002E1E
:1072A00040D0EFF31187202383F31288BFF36F8F51
:1072B000B846039A002AB2D104A92046FFF721FE5E
:1072C000054604994945B1D20028D8D15AEA0B03A2
:1072D0000BD1002ED7D02368019303AB05AA0499E4
:1072E0002046FFF7A0FE0646CDE702F097FC0028F7
:1072F000EFD1002FEDD187F31188BFF36F8F04F129
:107300002C005A465346F1F7A5FAEFF311882023D3
:1073100083F31288BFF36F8FB0FA80F67609B2E775
:1073200000230093009807B0BDE8F08F70B50446C5
:107330000D46C36908469847EFF31186202383F36F
:107340001288BFF36F8F2B7843F001032B706368B3
:107350001844236913F0010F04D1636A984204D3DF
:10736000C01A02E0636A013B184060602046FFF7E4
:1073700000FE86F31188BFF36F8F70BDF0B583B048
:1073800004462EE053F8220080084DD143E0626AA3
:10739000013A1340A3602046FFF7FEFD01231BE0E6
:1073A00013F8221041F0020103F82210A768E369E4
:1073B000304698473844236913F0010F04D1636ABB
:1073C000984204D3C01A02E0636A013B1840A060EF
:1073D000002301E000231E4685F31188BFF36F8F61
:1073E0008BB3EFF31185202383F31288BFF36F8FE4
:1073F00001A92046FFF799FD236AA26803EB8206E4
:1074000001990029E6D013F8221011F0030117D0DA
:107410000229B7D0002013F8221011F0010FBFD1BC
:1074200010B9E36930469847A368014603442269CE
:1074300012F0010FABD1626A9342ABD39B1AA9E75A
:1074400000231E46C8E7304603B0F0BD70B50446C1
:107450000D46C369084698470146EFF3118620237D
:1074600083F31288BFF36F8F2B786FF300032B70B9
:10747000236913F0020F0AD0236AE26803EB820348
:10748000AB4204D02B6860F39F032B600AE02B789B
:107490006FF341032B70E268A3689A420BD0204639
:1074A000FFF77AFD86F31188BFF36F8F04F12C008C
:1074B000F1F78CF970BD0B44226912F0010F04D171
:1074C000626A934204D39B1A02E0626A013A134053
:1074D000A360E4E710B582B0EFF31184202383F3B7
:1074E0001288BFF36F8F01A9FFF71FFD84F3118886
:1074F000BFF36F8F0198003818BF012002B010BD94
:1075000001F00701838B23F007030B43838370474C
:107510002DE9F04106460F469046816821B10C687E
:107520003CB131B90C4604E00C4602E0234621464A
:107530001C4669B14D6843463A463046A847002C80
:10754000F4D02368002BF2D0002CF0D12346EEE7D4
:10755000BDE8F081838B13F0070303D102680AB101
:1075600003207047022B03D0012B06D00020704768
:10757000C28B002AF8D10420704703680BB10520A4
:1075800070470020704710B504468C46838B002A54
:1075900007DB03F007035A1F012A0ED9042B36D04C
:1075A00010BDD0E900018CE8030000232360636074
:1075B00001212046FFF7A4FFF2E7D0E900018CE8A3
:1075C0000300002222606260062B1BD1DCF8003031
:1075D00053B1E28B0132E2831A461B68002BF7D0CD
:1075E000002AF5D11346F3E702212046FFF788FF72
:1075F0002046FFF7AFFF0028D2D0A38B43F0200333
:10760000A383CDE700212046FFF77AFFF0E70021B2
:10761000FFF776FF2046FFF79DFF0028C0D0A38B21
:1076200043F02003A383BBE750B110B50C4651B122
:10763000081D00F0C1F810B9A368032B06D810BDCF
:107640006FF0150070476FF01500F8E76FF0150048
:10765000F5E72DE9F04107460C4616461D4619464A
:10766000201D00F0C0F828B180462B463246214646
:107670003846C047BDE8F0812DE9F04180460C4610
:1076800017461E4604E033463A464046FFF7E1FF00
:10769000216831B10D68256063688B42F3D1656064
:1076A000F1E7BDE8F08108B5EFF311824FF0200C4F
:1076B0008CF31288BFF36F8F81610121EBF770FCAF
:1076C00008BD70B138B50C46054669B10B6873B199
:1076D0004B687BB12022002109F0FFFD2C610020C6
:1076E00038BD6FF0150070476FF01500F8E76FF0C8
:1076F0001500F5E76FF01500F2E770B505460E4688
:10770000FFF792FF041E2EDBEFF31182202383F399
:107710001288BFF36F8FB5F81CC00CF0070CEB8B11
:107720004FF6FF718B422CD06446BCF1020F08D09B
:10773000BCF1060F19D8DFE80CF01E1818181E2A25
:107740001E000133EB8301230021084628B10020ED
:107750003060686808B306606E6009BB82F3118808
:10776000BFF36F8F0BBB204670BD6FF00404002386
:1077700019461846EAE7BCFA8CF1490900230120B2
:10778000E4E76FF00A04002319461846DEE76FF0BD
:107790008504002319461846D8E76E602E60DCE7A2
:1077A00002212846EBF7FCFBDDE700236246314669
:1077B0002846FFF74EFFD6E7024658B1436803F06C
:1077C0000303012B03D0032B07D1036843B100202F
:1077D000906070476FF0150070476FF015007047AC
:1077E0006FF0150070470346426802F003028160A3
:1077F000032A03D1006800225A6070470020FAE78C
:107800007047037813F0040F01D00020704703681D
:10781000C3F34A2000EB1350173020F00700800814
:10782000704710B504460368DB6803B19847636886
:1078300001229A7110BD002070470120704708B5E1
:1078400001F094FB08BD08B520EAE070C117C90338
:1078500041EA5041C00340F2E733C0184FF47A7256
:107860004FF0000341F10001E8F70AFF02F016FBB8
:1078700008BD08B500220023FFF7BEFC08BD08B50F
:10788000FFF7E4FD08BD08B5FFF724FE08BD00B50D
:1078900085B00391029000200190009003460246BB
:1078A0000146EBF7E7FF05B05DF804FB08B50120E2
:1078B000EBF74CFD08BD08B5EBF7DCFD08BD08B5DE
:1078C000FFF734FDEBF770FE08BD0020704708B5E8
:1078D0004368DA7143681960436801225A71EBF713
:1078E00025FD08BD70B5536896689B1B8B420CD371
:1078F0000C46154613680A460146981909F0C6FC5D
:10790000AB682344AB60204670BD6FF01B00FBE703
:1079100070B588B10E4614461946054633B110308D
:10792000C2F34A23120D184409F0B0FC2C606E60BB
:107930002846EBF777FE70BDEBF708FDFBE72DE976
:10794000F04383B006460F4615461C4603F1010975
:107950004FEA890808F1170020F007008008EBF7CC
:1079600081FD002201928DF8049068B100F1140CA1
:10797000019B0361964605E055F82E304CF8043B18
:107980000EF1010EA645F7D3002267F3881268F3C3
:10799000532200233146FFF7BBFF03B0BDE8F0835D
:1079A00000B583B00192012301AAFFF7C8FF03B01D
:1079B0005DF804FB00B583B00092019302236A4690
:1079C000FFF7BDFF03B05DF804FB00B585B0019281
:1079D0000293069B0393032301AAFFF7B0FF05B0B0
:1079E0005DF804FB08B5EBF799FE08BD2DE9F04101
:1079F00080460768856843681C685E6805E0324613
:107A000021462846B847241A0544002CF7D1D8F857
:107A1000043000221A60BDE8F08138B505460C46F6
:107A20004B681A68CB689A420BD06368D3E8EF2F93
:107A3000511CC3E8E01F0028F8D1A3689D54002022
:107A400038BD0846FFF7D2FFEFE738B504460D46CC
:107A50000A2805D029462046FFF7DFFF002038BD61
:107A60000D20FFF7DAFFF5E708B513460122EBF723
:107A7000BBFF08BD08B513460022EBF7B5FF08BDF4
:107A800038B505460C4601F00101FFF7F3FF21462A
:107A90002846ECF73BF838BD2DE9F04383B080462B
:107AA0000E4615461F46DDF828902C46102D28BF9F
:107AB0001024CDF800903B46224631464046ECF774
:107AC00039F826442D1BF0D103B0BDE8F0832DE931
:107AD000F04387B006460C469046D1F808900F88D0
:107AE000C7F382170878C0F3C2050846EBF718FF02
:107AF000011E1ADA0023214651F8105BC5F34A250E
:107B00006288C2F30B12481905B90021CDF8148020
:107B10000492039002910197002200924946304658
:107B2000ECF76AF807B0BDE8F0832846EBF7D0FD24
:107B30000346E0E72DE9F041804607688568436821
:107B40001C685E6805E0324621462846B847241A7C
:107B50000544002CF7D1D8F8043000221A60BDE8A3
:107B6000F08143681B685B681961002070474368B7
:107B70001B681A6852685360704708B543681B68F1
:107B80005A68012111751868FFF7D4FF08BD08B5C0
:107B900043681B681868ECF773F808BD38B50C46E5
:107BA00043681D686B681869EBF7A8FB03460F2252
:107BB00021462868984738BDFEE708B501460068A9
:107BC000ECF73EFB08BD08B5ECF756FBECF780FB85
:107BD00008BD08B50B4601461846FEF763FD08BD13
:107BE0000020704708B500231370CB1E092B1AD84C
:107BF000DFE803F005090D111919191919141146B7
:107C0000ECF7BCFD08BD0021ECF7A6FCFAE700216B
:107C1000ECF72CFDF6E7ECF7ADFBF3E71146ECF7DC
:107C200021FC0020EEE7ECF72BFC0020EAE708B58A
:107C300040B2ECF74FFF08BD08B540B2ECF758FF73
:107C400008BD08B5013140B2ECF764FF08BD08B5C6
:107C500000210120ECF7F4FA08BD08B5ECF798FF15
:107C6000ECF77AFFF0F7F8FBF1F7BEFBEDF718F849
:107C7000F0F750FC0023E1EE103AEFF3148323F009
:107C8000040383F31488BFF36F8FBFF36F8F7047C4
:107C9000D0F8943083F30B88704761B662B680F3F6
:107CA0001188BFF36F8F704708B572B6002383F356
:107CB0001188BFF36F8F00F029F950B1BFF34F8FD8
:107CC00030BF00BF00BF00BF00BF00BF00BF00BF8C
:107CD00000BF62B6BFF36F8F08BD10B5044672B621
:107CE000002383F31188BFF36F8F00F00FF950B1B9
:107CF000BFF34F8F20BF00BF00BF00BF00BF00BF5A
:107D000000BF00BF00BF84F31188BFF36F8F62B65E
:107D100010BD40E800F010F4803F01D0C0B27047C1
:107D20006FF01500704708B50B6823F01F0C0B7A35
:107D300003F01F0ECA6822F01F025B0942EA4302E9
:107D400042F001024CEA0E01ECF7FEFF08BD436869
:107D50001F2B08D913F01F0F07D1036813F01F0F53
:107D600005D0002070470020704700207047012098
:107D7000704770B504460E46FFF7CBFF0546344406
:107D8000601EFFF7C6FF854201D1284670BD6FF027
:107D90001505FAE710B584B00B6800934C68B1F88C
:107DA00008C09DF808206CF304028DF8082049896A
:107DB000D2B261F347128DF8082023F01F03234449
:107DC000013B23F01F0303936946EDF717F804B056
:107DD00010BDF0B587B0054605A8EBF7BBFF06461A
:107DE000002422E05768095827F01F0392681344C3
:107DF000013B23F01F03019702919DF80C20012104
:107E000061F304028DF80C20D2B2022161F3471213
:107E10008DF80C20049301A92878ECF7EFFF0028D7
:107E200047DB2B7801332B700134B44244D220015C
:107E3000059901EB0412D3681B0D1B05B3F5001F58
:107E4000D0D0B3F5800F1BD0B3F5801FECD15768AD
:107E5000095827F01F0392681344013B23F01F03C6
:107E6000019702919DF80C20012161F304028DF825
:107E70000C20D2B261F347128DF80C200493CAE7AC
:107E80005768095827F01F0392681344013B23F0F9
:107E90001F03019702919DF80C20062161F3040253
:107EA0008DF80C20D2B26FF347128DF80C2004939A
:107EB000B1E76FF0150000E0002007B0F0BD08B595
:107EC000EDF790F808BD08B5ECF768FF08BD08B5F8
:107ED0000B6949699847002008BD08B54FF0FF328B
:107EE0004FF0FF33F0F79CFB08BD08B5F0F718FC26
:107EF00008BD08B5EDF7F0F8002008BD08B5F0F7AB
:107F00008FFB08BD08B5EDF7A9F908BD08B5EDF779
:107F100067F908BD08B5FFF7F5FF08BD08B5EDF72F
:107F200049F908BD4FF47F03D3F83021D3F8343139
:107F3000072A01D000207047042B03D8022B03D35B
:107F400000207047012070470120704738B5054672
:107F50000C464FF050230122C3F814260020EDF701
:107F6000F3F900212846A04738BD70B5044619B181
:107F70000123C0F8143670BDFFF7D4FF18B90023F1
:107F8000C4F81436F7E70126C4F818660025C4F8CB
:107F90001456052001F0A5F8C4F81466304601F027
:107FA000A0F8C4F81456C4F81856E4E738B50546E6
:107FB0000C460120EDF7C8F900214FF05020FFF7E3
:107FC000D4FF00212846A04738BD0346032929D8FD
:107FD000DFE801F0020D1823D3F81804C0F30040C5
:107FE0000AB3D3F8183403F0030313707047D3F8BF
:107FF0000C04C0F30040B2B1D3F80C3403F0010319
:1080000013707047D3F85C04C0F300405AB1D3F842
:108010005C3403F0010313707047D3F85404C0F3C9
:108020000040704700207047006901EB4101890062
:10803000803108447047406801EB410100EB81004A
:108040007047006900EB4110704708B5C9B2FFF7EF
:10805000EBFF806800F0070008BDEFF311822023DA
:1080600083F31288BFF36F8F036813F0C00301D04E
:108070008B4207D101230360002082F31188BFF3F4
:108080006F8F70474FF0FF30F7E7EFF31182202337
:1080900083F31288BFF36F8F036803F0C00C03F003
:1080A0000703012B08D08C4509D04FF0FF3082F335
:1080B0001188BFF36F8F704701600020F7E76FF002
:1080C0007700F4E7EFF31182202383F31288BFF3E4
:1080D0006F8F036803F0C00343F00203036082F371
:1080E0001188BFF36F8F7047F8B506460C46FFF74F
:1080F0009BFF05684768002340F8083BFFF7E2FF55
:108100001DB13A4621463046A847F8BD70B506462F
:108110001546CCB22146FFF787FF29460830FFF706
:108120009CFF002806DB21463046FFF784FF4368AA
:108130009847002070BD08B58022FFF7E7FF08BD13
:108140002DE9F041064690461F46CDB22946FFF77D
:108150006BFF044606990830FFF797FF002809DBFC
:10816000C4F80080676029463046FFF764FF036863
:1081700098470020BDE8F08110B582B080240094BB
:10818000FFF7DEFF02B010BD10B51446C9B2FFF70D
:1081900058FF0021A04710BD08B50120EEF762FE90
:1081A00008BD08B50320EEF75DFE08BD08B5022046
:1081B000EEF758FE08BD08B50020EEF753FE08BDE7
:1081C00008B5012001F03DF808BD08B5032001F015
:1081D00038F808BD08B5022001F033F808BD08B52D
:1081E000002001F02EF808BD08B520EAE070C117A4
:1081F000C90341EA5041C00340F2E733C0184FF4CD
:108200007A724FF0000341F10001E8F739FA01F00A
:1082100045FE08BD08B51046F0F7D8FA08BD0B4674
:1082200039B11168196041688A4209D0002313608E
:1082300070471368036041688A42F7D14360F5E7ED
:108240004360F3E708B50A460368002101E01946D8
:108250001B682BB19342FAD1FFF7E1FF012000E048
:10826000002008BD38B505460C460321A04700286C
:1082700006DB01212846A047002800DB002038BD8E
:1082800010F1860FFBD1F4E770B504460D46164693
:10829000036833B1FFF7D6FF70B91EB96FF0150050
:1082A00006E032B123682B602560636843B100208B
:1082B00070BD6FF01500FBE7002EF3D10020F7E74B
:1082C00065600020F4E770B50E461546016821B1DF
:1082D0000C683CB131B90C4604E00C4602E0234680
:1082E00021461C4671B18A682A4002D04B6830464C
:1082F0009847002CF3D02368002BF1D0002CEFD14D
:108300002346EDE770BD0069003818BF01207047B3
:1083100010F0100F04D110F0200F03D1002070478F
:10832000032070470120704743685B681B690B603E
:108330000020704743685B6802EA010021EA0201FD
:108340009860D9600020704743685B68996000209E
:10835000704743685B68D9600020704743685A687B
:10836000536821EA03000B409060D36000207047FF
:10837000B0F5800F07D0B1F1C06F0DD0B1F1007F23
:1083800008D001207047B1F1007F01D0052070476F
:1083900004207047022070470320704708B5006929
:1083A0000430FFF771FF08BD10B500F01F0440094D
:1083B000EDF714FA30B1014600690122A240043001
:1083C000FFF781FF10BD002070470020704708B5FF
:1083D00021B1012905D06FF0850008BDFFF7F3FF3B
:1083E000FBE7FFF7F2FFF8E708B51146103001F0A0
:1083F0000CFA08BD08B500F069F808BD38B50446A8
:10840000056901221146284601F0E4FB05F1100040
:108410000122002101F0DEFB2046EDF761FD38BDB1
:1084200008B5002201210920FFF70BFC08BD08B5A3
:108430000069F0F70FFA08BD08B50069F0F7C6F952
:1084400008BD38B505460C460321A047002806DBC9
:1084500001212846A047002800DB002038BD10F18C
:10846000860FFBD1F4E710B582B0044601AA00F0F4
:1084700036F8002805DB019B226819791868EDF7AA
:10848000F9FD02B010BD10B544680021606AFFF725
:10849000EAFF2046EFF79EFC10BD10B54468204669
:1084A000EFF7A8FC0121606AFFF7DDFF10BD08B5FA
:1084B00029B1012907D1FFF7E6FF002005E0FFF70A
:1084C000ECFF002001E06FF0850008BD10B54468A6
:1084D000FFF7E3FF2046EFF7ADFC002010BD10B41E
:1084E0004368136001E008331360136890F808C014
:1084F000446804EBCC0C634505D293F805C08C4569
:10850000F1D1002001E06FF001005DF8044B7047ED
:1085100008B511B9EDF79AFD08BDEDF783FDFBE74E
:1085200038B505460C460321A047002806DB01218B
:108530002846A047002800DB002038BD10F1860F38
:10854000FBD1F4E743681B68EFF31182202181F32C
:108550001288BFF36F8FD3F8201131B10021C3F817
:108560002011D3F820110121D96082F31188BFF3C3
:108570006F8F704743681B68D3F88004C3F880048A
:10858000704743681A685B6803F00103D2F858111A
:1085900029B933B9D2F820312BB900207047012016
:1085A0007047002070470120704708B503691A68BA
:1085B00013680BB15268984708BD00B587B0002317
:1085C0000193029303930493059304238DF80430DD
:1085D00002910DEB0301FFF7E8FF07B05DF804FB24
:1085E0004368187D012814BF00200120704700B5A2
:1085F00087B00269002301930293039304930593C8
:1086000002238DF8043013681B6C029313689B6C73
:108610000393049101A9FFF7C8FF07B05DF804FBBD
:1086200010B503691B6840680068EFF3118C4FF0C8
:10863000200E8EF31288BFF36F8F1C6CACB1DC6C14
:10864000B4B9D9641A65C0F83415C0F83825042ABD
:1086500011D9D0F8003243EA0E03C0F800320020EE
:108660008CF31188BFF36F8F10BD6FF00C00F7E72C
:108670006FF00F00F4E70020F2E70369186820B1FB
:1086800001601B685A60002070476FF085007047DA
:1086900000B587B0002301930293039304930593DD
:1086A00003238DF8043003691A6843681968936DD1
:1086B000D26D134302D00423C1F8043301A9FFF79C
:1086C00074FF07B05DF804FB43681A689B6AC2F840
:1086D00034350523C2F838350123D362D2F810317E
:1086E000002BFBD00023C2F81031D2F81031D2F8A1
:1086F0004C0130B10023C2F84C31D2F84C31D2F8E1
:108700003C05C0B2704710B4445844B11A4201D17C
:10871000002005E0002343504358012000E00020E2
:108720005DF8044B7047426813680069006868B9D7
:10873000D3F8100168B1126B12780A700020C3F8E8
:108740001001D3F8102101221A6070476FF08500E4
:1087500070474FF0FF30704708B520EAE070C1174E
:10876000C90341EA5041C00340F2E733C0184FF457
:108770007A724FF0000341F10001E7F781FF01F049
:108780008DFB08BD70B5064612E075B1EFF311849C
:10879000202383F31288BFF36F8F3046FFF7F1FE7B
:1087A00098B984F31188BFF36F8F0120FFF7D4FFCE
:1087B00064243046FFF7E5FE05460028E5D1012098
:1087C00000F08FFC013CF4D1DFE7204670BD10B50E
:1087D00082B0044601AAFFF782FE002805DB019B58
:1087E000226819791868EDF745FC02B010BD10B584
:1087F00043681C680021D868FFF7E9FF0823C4F824
:10880000003510BD08B5026993681943916013F0F3
:10881000030F00D008BDFFF7EAFFFBE710B5436880
:108820001C68C4F84415C4F848250022C4F8202167
:10883000D4F82011C4F85821D4F858215B6813F0FB
:10884000040F02D10123A36010BD0121FFF7DAFF5D
:10885000F8E738B505460C4643681B684FF48002BC
:10886000C3F80423FFF78DFE20B92368012283F8A3
:10887000B82038BD2368002283F8B82023684FF061
:10888000FF32C3F8B4202368D3F8AC20D3F8A81083
:108890002846FFF7C3FFECE743685A6812F0040F5D
:1088A00000D0704710B504460021D868FFF78FFF4D
:1088B0002046FFF79CFF10BD012904D108B5FFF742
:1088C000EBFF002008BD6FF08500704710B502690E
:1088D0004468936823EA0101916011F0030F00D00E
:1088E00010BD43681B680022C3F800250121E06821
:1088F000FFF76DFFF4E730B587B0044642680369BF
:1089000019680023019302930393049305930520B0
:108910008DF8040081F86130536813F0040F05D11D
:1089200001A92046FFF741FE07B030BDEFF31185E6
:10893000202383F31288BFF36F8F02212046FFF7B5
:10894000C5FF85F31188BFF36F8FE9E770B5044663
:10895000466803691D68296C19B1FFF72EFE0023D4
:108960002B6495F862306BB1002385F86230636840
:108970001B680022C3F80821D3F808312046FFF70E
:10898000BAFF70BD736813F0040FF0D02046FFF7F4
:108990009BFE85F86000EAE770B50E4603691D6826
:1089A00043681C6805F1080001F036FBEFF3118203
:1089B000202383F31288BFF36F8FEB6C53B1D4F88D
:1089C000003223F02003C4F800320023C4F84C31F5
:1089D000D4F84C31002385F8613016B1012385F8B5
:1089E00062300123636082F31188BFF36F8F002030
:1089F00070BD08B503691B681B6C1BB10121FFF733
:108A0000CBFF08BD6FF00D00FBE710B586B0044644
:108A100043681968D1F880240023019302930393DB
:108A20000493059306238DF8043012F0010F08D14A
:108A300012F0020F14D112F0040F13D102F0080348
:108A400000E001238DF80830C1F8802401A92046F8
:108A5000FFF7ABFD00212046FFF79EFF06B010BDDB
:108A60000223EFE70423EDE738B503694268156890
:108A70001A68D2F8A01051B1002482F8B8401868E2
:108A8000683001F0C9FA0123EB60204638BD6FF071
:108A90000D00FBE708B5406BFFF7E6FF08BD70B5BA
:108AA000054603691C6843681E6804F1080001F06C
:108AB000B3FAD6F83C3594F860101944002384F8D2
:108AC0006030A36CC91A01D400292CDC216C284623
:108AD000FFF773FDE36C2364236D63640023E36499
:108AE0002365A36494F86130E3B1EFF3118220238E
:108AF00083F31288BFF36F8F236CC3B1D6F84C3168
:108B000033B9012333600023C6F84431D6F8443129
:108B1000D6F8003223F02003C6F8003282F3118821
:108B2000BFF36F8F70BD2846FFF761FDCEE70123CD
:108B30007360F3E710B5046940682368D3F8A42094
:108B4000D3F8B010521A01D1002010BD082A28BF56
:108B50000822C3F8AC202368406AC3F8A800236841
:108B6000D3F8A010D3F8B030194408F08FFB0120DF
:108B7000EBE72DE9F04186B00546436804691F68BC
:108B8000EFF31188202282F31288BFF36F8F2268DF
:108B9000D2F8B410002946DBD2F8B4605B6813F059
:108BA000040F43D188F31188BFF36F8F2368D3F884
:108BB000A020002A34D093F8B81000293FD1D3F870
:108BC000A8108A4206D0D3F8AC20964247D0D3F8FA
:108BD000B0301E442068683001F01EFA0023019373
:108BE00002930393049305932368D3F8A030029370
:108BF00003962368D3F8A4309E4202D001238DF857
:108C000004304FF48003C7F8083322680023C2F809
:108C1000A0302268C2F8A43001A92846FFF7C5FC9D
:108C200006B0BDE8F081D7F84C65B7E74FF4800394
:108C3000C7F8083301212846FFF748FEB2E7EFF3F3
:108C40001186202383F31288BFF36F8F21462846B5
:108C5000FFF7FFFD86F31188BFF36F8FE0E7D3F8CE
:108C6000B0203244C3F8B0202846FFF763FF18B99C
:108C70002368D3F8B060ADE7EFF31186202383F3C8
:108C80001288BFF36F8F21462846FFF7E2FD86F377
:108C90001188BFF36F8FC3E738B545682C686B68E0
:108CA00013F0010F23D100220823C4F80035EB6A2A
:108CB000C4F844350023C4F848350123A36072B9D1
:108CC000D4F82031002BFBD00023C4F82031D4F895
:108CD00020310123E3604FF48073C4F80433D4F8E7
:108CE0005831002BFBD00020C4F8000538BD0169C5
:108CF0002046EDF7A7FC0028F8DB0122D4E710B5E9
:108D00000446002201210820FEF79BFF0820FEF701
:108D10008EFF00212046EDF7BBFC10BD2DE9F04190
:108D2000064643681C680769D7F80080D4F80453E6
:108D30002B4604224FF484712046FFF7E4FCE8BB85
:108D40002B464FF400724FF492712046FFF7DBFC84
:108D5000C0BB2B4610224FF488712046FFF7D3FC8E
:108D6000A0BB15F4002F05D0D4F84C3113B1D4F8C2
:108D70001031A3B315F4003F05D0D4F8443113B13A
:108D8000D4F810319BB315F4807F02D0D4F8203191
:108D9000ABBB15F4800F02D0D4F858319BBB07F160
:108DA0000803D3E8EF2F22F00401C3E8E01F0028F6
:108DB000F7D112F0040F2AD1BDE8F0813046E8F770
:108DC000CFFCBDE73046FFF720FEC2E70023C4F822
:108DD0001031D4F810313046FFF761FEC1E7C4F816
:108DE0004C31D4F84C313046FFF752FCC2E7C4F89E
:108DF0004431D4F844313046FFF7A8FDC3E730468C
:108E0000FFF7A0FBC5E73046FFF7B3FEC7E7D8F88A
:108E100044103046FFF7EBFBD8F840103046FFF720
:108E2000CCFB0023C8F84430C8F840303046FFF788
:108E300062FDC1E700B5A2F5807E4FEA9E0E4FF0BD
:108E4000010C0CFA0EFC1CEA010F0DD0815809B977
:108E500000200AE00021815082581BB11A684CEAB8
:108E600002021A60012000E000205DF804FB70B5EA
:108E700082B006460D460024019409E0A20001AB31
:108E800002F5A07229463046FFF7D4FF0134E4B260
:108E9000032CF3D915F0010F02D0D6F8003143B9F5
:108EA00015F0020F02D0D6F8043163B9019802B070
:108EB00070BD0023C6F80031D6F80031019B43F0A5
:108EC00001030193ECE70023C6F80431D6F804311E
:108ED000019B43F002030193E8E7401A20F07F4032
:108EE000704700F150039B009BB203F1502303F540
:108EF00080331868003818BF0120704700F1500314
:108F00009B009BB203F1502303F5803300221A60CB
:108F10001B68704720F07F407047EFF311802023DB
:108F200083F31288BFF36F8F704780F31188BFF30C
:108F30006F8F7047F0B585B0044617461D46EDF7B4
:108F400045FC06469DF8303002930B9B01930A9B2B
:108F500000933A462B462046EDF7F6FC054631468F
:108F60002046EDF781FC284605B0F0BD08B5EDF7C9
:108F7000CBFC08BD08B5F0F753FC08BD08B5EAF70F
:108F8000FBFEEBF70FF8FFF7F5FF08BD4FF47F038B
:108F9000D3F83021D3F83431072A01D000207047AC
:108FA000023B002B04D8DFE803F0010001207047EA
:108FB000002070474FF47F03D3F83021D3F83431C9
:108FC000072A01D000207047042B07D008D8023BA5
:108FD000012B01D801207047002070470020704706
:108FE000002070474FF47F03D3F83021D3F8343199
:108FF000072A01D000207047023B002B04D8DFE88D
:1090000003F0010001207047002070474FF47F03F8
:10901000D3F83021D3F83431072A01D0002070472B
:10902000012070474FF47F03D3F83021D3F8343157
:10903000072A01D000207047023B002B04D8DFE84C
:1090400003F0010001207047002070474FF47F03B8
:10905000D3F83021D3F83431072A01D000207047EB
:10906000023B002B04D8DFE803F001000120704729
:10907000002070474FF47F03D3F83021D3F8343108
:10908000072A01D000207047023B002B04D8DFE8FC
:1090900003F0010001207047002070474FF47F0368
:1090A000D3F83021D3F83431072A01D0002070479B
:1090B000012070474FF47F03D3F83021D3F83431C7
:1090C000072A01D000207047042B03D8022B03D3BA
:1090D00000207047012070470120704708B5804785
:1090E00008BD08B500F085FC08BD40F00040C1F89F
:1090F0008000704740F00040C1F88000704738B5EC
:1091000004461546FFF7F1FF29462046FFF7F2FF18
:1091100038BD0346032929D8DFE801F0020D1823E2
:10912000D3F81804C0F300400AB3D3F8183403F09E
:10913000030313707047D3F80C04C0F30040B2B1BE
:10914000D3F80C3403F0010313707047D3F85C04B8
:10915000C0F300405AB1D3F85C3403F0010313703C
:109160007047D3F85404C0F30040704700207047A4
:109170000120704708B50520EBF7E0FC00B108BD01
:109180000520FEF754FDFAE770B582B006460328C5
:1091900040D8DFE800F00225191F0C224FF482733B
:1091A00002214FF05020C0F8081302440121116041
:1091B000034400221A601B688DF807108E4214D0F9
:1091C000002542F2107418E024224FF492734FF4F9
:1091D0000071E6E71C224FF490734FF48071E0E7D2
:1091E00004224FF480730121DBE70DF10705E8E766
:1091F0000120FFF776FF013C0CD02A4631464FF0A4
:109200005020FFF786FF28B1002DF1D09DF80730E0
:10921000012BEDD002B070BD38B504460378022BA7
:1092200006D0012B00D000231D461BB1284638BDB7
:109230000123F9E70020FFF7A7FFFFF799FF207050
:10924000F4E708B5FFF7A0FF08BD08B5EDF7C8FEC5
:1092500008BD10B401F5A27150F8214024F44F3438
:1092600024F4407440F8214050F82140120202F4E6
:109270007C521B0403F440331A43144340F821404A
:109280005DF8044B704710B401F5A27150F821400D
:1092900024F4991424F4F85440F8214050F8214063
:1092A000120202F47C521B0403F440331A439DF86B
:1092B00004301B0503F480131A43144340F8214083
:1092C0005DF8044B704700B5A2F5807E4FEA9E0E14
:1092D0004FF0010C0CFA0EFC1CEA010F0DD0815866
:1092E00009B900200AE00021815082581BB11A6898
:1092F0004CEA02021A60012000E000205DF804FB45
:10930000F0B583B007460D4616460024019409E0E7
:10931000E2B2920001AB02F5807229463846FFF7AF
:10932000D2FF0134B442F3D3002D02DB019803B025
:10933000F0BD01AB4FF4BE7229463846FFF7C3FFBC
:10934000F4E700B583B00021019100910B460122A2
:10935000EDF750FE03B05DF804FB00B585B08DF865
:109360000F100DF10F030193002100910B460A46E7
:10937000EDF76AFE05B05DF804FB38B50D460079DF
:10938000EDF72AFF04462846EDF71CFF083034F8B5
:10939000100000F0010038BD38B50D460079EDF73A
:1093A0001BFF04462846EDF70DFF083034F8100087
:1093B000C0F3401038BD38B50D460079EDF70CFF0D
:1093C00004462846EDF7FEFE083034F8100010F091
:1093D0001C0018BF012038BD38B50D460079EDF7E7
:1093E000FBFE04462846EDF7EDFE083034F8100089
:1093F000C0F3400038BD38B504460D46FFF7ECFF1A
:1094000030B129462046FFF7C7FF18B1012000E020
:10941000002038BD0020FCE708B5FFF7DDFF80F035
:109420000100C0B208BD7047704738B50D460079DD
:10943000EDF7D2FE04462846EDF7C4FE083034F8B6
:109440001000400B38BD032894BF00200120704756
:1094500070B506460D46002404E04FF0FF33AB42E2
:1094600011D001342F2C0CD83079EDF7B5FE04F172
:10947000080330F8133013F4807FEED0C3F3432396
:10948000EDE7002000E0012070BD38B504460D4630
:10949000FFF782FFB8B129462046FFF7BDFF90B124
:1094A00029462046FFF7C1FF226801238340C2F806
:1094B0000833226800F5A27052F8203023F003032D
:1094C00042F8203003E000212846FFF746FF38BD70
:1094D000F8B506460F4615460024002C03DD4FF074
:1094E000FF342046F8BD3079EDF776FE50F8343081
:1094F000BB4201D00134F0E700EBC4035B68AB4230
:10950000F8D1EEE738B50C460079EDF765FE054673
:109510002046EDF757FE083035F81030C3F38203CC
:10952000042B09D0052B01D1022006E02046EDF7DF
:10953000EBFD18B1032000E0032038BD0220FCE75A
:1095400010B504460846EDF73DFE083034F81030FB
:1095500013F4807F04D0C3F3432304EBC30010BD96
:109560000020FCE770B504460E4615460079EDF77D
:1095700033FE86602079EDF72FFEC56070BD08B51B
:109580000079EDF729FE90F88C00003818BF012013
:1095900008BD70B504460D461646FFF7FDFE00B344
:1095A00029462046FFF738FFD8B129462046FFF765
:1095B0003CFF2268830003F580739BB20021995021
:1095C0009B58226800F5A27152F8213043F0010344
:1095D00042F82130B6B1226801238340C2F8043337
:1095E00010E02368D3F80423002A03DB4FF0004285
:1095F000C3F8042329462046FFF784FF0146284686
:10960000FFF7ABFE70BDF8B504460D461646FFF7F2
:1096100097FF20B10768426831462846B847A368DB
:109620001BB1E268314628469847F8BDF8B50746B1
:109630000E4614461D461046FFF705FF60B9022D81
:109640001DD002213046FFF788FE032C1BD0022DCF
:1096500017D0032D1DD0F8BD224631463846FFF7FE
:10966000D2FF3046EDF764FDA842F4D10021304628
:10967000FFF773FE29463046FFF76FFEEBE7032145
:10968000E0E7012CE5D1224631463846FFF7BBFF23
:10969000E1E7022CDFD1F6E770B505460846EDF7A5
:1096A00091FD04462879EDF797FD04F1080330F8A1
:1096B000133013F4807F0BD0C3F34326083423F414
:1096C000F85320F8143031462846FFF7C1FE00B1A8
:1096D00070BD2879EDF780FD002340F836302879F9
:1096E000EDF77AFD31467830EDF76AFBF0E770B5BB
:1096F00004460D46FFF750FE58B12668294620461D
:10970000FFF793FE00F5A270002346F8203046F8DC
:10971000203029462046FFF7BFFF2079EDF75CFD9A
:1097200004462846EDF74EFD0830002324F810309B
:1097300070BD70B504460D461E4604984FF0000CEF
:1097400001E00CF1010C84450ED25FFA8CF292001C
:1097500002F580719208012303FA02F21542F0D05B
:10976000002363506358ECE7002D04DA0023C4F8AB
:109770007C31D4F87C3144F30730FEF758FA0EB14F
:10978000C4F8045370BDF8B506460D46144619E0FA
:1097900094FAA4F3B3FA83F301229A4024EA020470
:1097A00003F13C0205EB4202978803F5A27356F8D9
:1097B0002300C0F30140FFF736FE02463946284633
:1097C000FFF721FF002CE3D1F8BD08B5EDF71CFE33
:1097D00008BD08B5EDF708FD08BD08B5FFF7C2FEE6
:1097E00008BD08B5EDF77EFD08BD08B5EDF7E0FE54
:1097F00008BD08B5FFF7C3FE08BD08B5EDF7B4FE18
:1098000008BD08B5EDF7CAFE08BD08B5EDF7AEFD19
:1098100008BD08B5FFF7BDFE08BD08B5FFF735FE6A
:1098200008BD034611F4802002D0D3F8480120BBC4
:1098300011F0020F02D0D3F8042132BB11F4007FE3
:1098400002D0D3F8242142BB11F4801F02D0D3F8F8
:10985000502152BB11F4002F02D0D3F84C2162BB2F
:1098600011F0807F02D0D3F8602172BB11F4000F99
:1098700002D0D3F85C2182BB70470022C3F8482194
:10988000D3F848214FF48020D2E70022C3F8042106
:10989000D3F8042140F00200D0E70022C3F82421CD
:1098A000D3F8242140F40070CEE70022C3F8502101
:1098B000D3F8502140F48010CCE70022C3F84C21AB
:1098C000D3F84C2140F40020CAE70022C3F86021FD
:1098D000D3F8602140F08070C8E70022C3F85C2113
:1098E000D3F85C3140F40000C6E700B583B0002136
:1098F000019100910B460122EDF780FF03B05DF866
:1099000004FB034691F82020032A38D8DFE802F050
:10991000293016028A6812F4802F04D0D3F84C251F
:10992000086990420FD18A6812F4802F29D1D3F8A8
:109930004C258969914206D101207047D3F84C2506
:109940000869904206D00020C3F800050622C3F83B
:1099500000257047D3F83C2589699142F3D1012055
:109960007047D3F84C2509699142ECD1012070472A
:10997000D3F83C2509699142E5D1012070470120C7
:1099800070470120704770B582B00446C37B0BB1AD
:10999000807BA8B9A368B3F17F6F0ED32368222B15
:1099A00006D0232B21D16368222B20D10B2605E082
:1099B0006268232AF5D10B2600E00626A07B08B1B9
:1099C00002B070BD00250195009603232A46294662
:1099D0002068EDF713FF0195009603232A462946D8
:1099E0006068EDF70BFF0120EAE70020E8E70020C0
:1099F000E6E700B9704708B5FEF790FA08BD60B118
:109A0000C3685A7812F0010F03D01B781BB10020F5
:109A10007047002070470120704700207047EFF327
:109A20001183202383F31288BFF36F8FFEE710B5F5
:109A30000446436983B1984730B100280ADBFF2808
:109A400000DDFF20E3681870E268537843F00103FB
:109A5000537010BD4042F2E70020F5E708B507F06B
:109A60003CFC08BD08B507F011FC08BD8169C3685E
:109A700041EA030212F0030F10D100220261426991
:109A8000013A02FB013304E002691A600361826952
:109A90009B1AC2689A42F7D9002070476FF01500F0
:109AA00070470120704710B5044643618261C16070
:109AB0000023C3610372FFF7D9FF002801DB246094
:109AC000646010BD2DE9F84304460D46FFF7E9FF39
:109AD000B0B104F10807EFF31186202383F3128855
:109AE000BFF36F8F2369A3B123692B602561E369FD
:109AF000013BE36186F31188BFF36F8FBDE8F88304
:109B0000002383F31188BFF36F8F0423184602DF0D
:109B1000F4E7D4F80080444517D0B8F1000918BF25
:109B20004FF00109B8F1000F12D1B9F1000FDBD0ED
:109B30000023C8F8AC30C8F81050404600F00CF9CB
:109B400031463846EFF7AAF9D8E74FF00008E4E7C6
:109B5000D8F80420D8F8003013605A600023C8F801
:109B60000030C8F8043098F80D2022F0020288F87E
:109B70000D20C8F8083008F1180000F0FFF9D4E70C
:109B800008B5EFF31183202383F31288BFF36F8F9F
:109B9000FEF78AF8F5E700BF7047884200DA014611
:109BA00011F17F0F01DB084670476FF07E007047B0
:109BB00008B5806890F90E308B4201D1002008BDB5
:109BC000EFF7C6F8FBE7034600209860D8601B60FB
:109BD0005B6070473AB18A4208D38160C26000601E
:109BE0004060002070476FF0150070476FF015005F
:109BF0007047F8B505460E46D41D24F007040F192A
:109C00003946EAF751FB073020F00700C5F89460A9
:109C1000C5F89840C5F89C00381AF8BDEFF30580E8
:109C2000003818BF012070477430704710B400240A
:109C30008460037342738173C4738461C4615DF88B
:109C4000044B7047F0B587B00446129E139D002761
:109C50000597109F04970F9F03970E9F02970D9FE4
:109C600001970C9F0097EEF73DFEB5F1FF3F08BF4F
:109C7000B6F1FF3F02D1204607B0F0BD32462B4679
:109C80002046EEF70FFEF6E70020704738B5044691
:109C90000D46EEF70DFF637B43F00203637335B3AC
:109CA000A5602B689D420DD100230BE05A686260CD
:109CB000236014605C601AE01A4669688A420FD01B
:109CC0001B687BB173B194F90E1093F90E20914289
:109CD000F2D0521A002AE9DC1A46002BEDD1F0E747
:109CE0000023EEE76B68256063601C606C6038BD24
:109CF00008B5183000F042F908BD70B50646046892
:109D000084421AD0DCB16268236813605A6000256F
:109D100025606560637B23F002036373A56004F133
:109D2000180000F02BF9C4F8AC502046EEF766FEA0
:109D30003468A642E6D12C46E4E70024E2E770BD91
:109D400070B5044616461D46FFF7A0FF32462B4667
:109D50002046EEF76DFF70BD38B504460023EFF3E3
:109D60001185202282F31288BFF36F8F04E085F300
:109D70001188BFF36F8F012343B92046FFF784FF9B
:109D80000028F4D12046EEF739FEF0E738BD002375
:109D9000EFF31181202282F31288BFF36F8F10E05E
:109DA0004268036813605A60002303604360427B8B
:109DB00022F002024273836081F31188BFF36F8F38
:109DC00001231BB98368002BEAD1F5E7704738B54A
:109DD00004460023EFF31185202282F31288BFF39B
:109DE0006F8F0BE0637B23F0040363732046EEF771
:109DF00005FE85F31188BFF36F8F01239BB9637B49
:109E000013F0280FF5D1A368002BEBD0626823680C
:109E100013605A60002323606360627B22F00202B9
:109E20006273A360DEE738BD08B501211838FFF77B
:109E3000CEFF08BD01460023EFF3118C202282F3F0
:109E40001288BFF36F8F184605E000208CF311884D
:109E5000BFF36F8F01238BB908688142F5D00028CA
:109E6000F4D04268036813605A60002303604360C3
:109E7000427B22F0020242738360E7E7704708B535
:109E8000EFF31180202383F31288BFF36F8FEFF776
:109E90001BF808BD031D43608360704738B5044656
:109EA0000D46EFF7CFF884462046B5F1FF3F08BFD7
:109EB000B4F1FF3F2CD04FEAEC72510141EADC6172
:109EC0004FEA4C13B3EB0C0361EB0201890041EA4A
:109ED00093719B0013EB0C0042EB0103DB0043EAA0
:109EE0005073C00047F6FF72801843F10003B0F5CD
:109EF000004F73F100020AD36FF40042824243F62E
:109F0000FF729A4105D3C00B40EA434000E00020B5
:109F100038BD6FF00040FBE710B50446EFF788FA54
:109F200048B102460369416920691B18606941EB29
:109F30000001136151616268236813605A60002355
:109F40002360636010BD10B50446EFF767FA78B17F
:109F5000036942691B1B62EBE472B3F1004F72F1BB
:109F6000000108DA002A01DB184610BD0023FBE7D8
:109F70006FF00040F9E76FF00040F6E7F8B50446EF
:109F80000023EFF31187202282F31288BFF36F8F33
:109F90006FF015000CE0EFF757FAFFF7D4FF002140
:109FA000ECF7D0FD304687F31188BFF36F8F0123A4
:109FB0001E468BB92368002BF5D0EFF72FFA054624
:109FC0002046FFF7A9FF00224FF00043C4E9042315
:109FD000A542E0D03046E6E7F8BD08B5EFF744FB10
:109FE00008BD08B5EFF740FB08BD08B5EFF31180D9
:109FF000202383F31288BFF36F8FEEF765FF08BD50
:10A00000016242620023036300F118028261C261AF
:10A01000036043604363704710B50446FFF7AEFF2B
:10A0200060B9636A0BB12046984704F11800FFF746
:10A0300001FF18B1FFF790FEFFF7D7FF10BD06F044
:10A04000A3B901230360704710B50446EFF794FDF0
:10A0500004212046FFF7F3FF204610BD10B504464B
:10A06000EFF79AFD0C212046FFF7E9FF204610BDCF
:10A070002DE9F041DDF8188006460F46154690455B
:10A080001C460BD0B0682A4639460368CDF81880C4
:10A090001E6A2346B446BDE8F0416047194600F009
:10A0A00057F80028EED00620BDE8F0812DE9F14FE9
:10A0B0000D461946814617469846DDE90A4BDDE90B
:10A0C0000CA600F045F890B1002D3460377109DB23
:10A0D0002C44A24514BF01240624B471002001B011
:10A0E000BDE8F08F0235F9D10123B371F6E754458D
:10A0F00006D15946484600F02BF808B17771EDE7D4
:10A10000D9F808003A4629460368CDE90CA6CDE9FE
:10A110000A4BDC694346A44601B0BDE8F04F6047F6
:10A120002DE9F04107460C4615461E4606F00BF990
:10A1300048B9B8682A46214603689F693346BC4639
:10A14000BDE8F0416047BDE8F081704700207047EE
:10A15000814208B50ED0406803782A2B0CD049689C
:10A160000B782A2B08BF0131E6F7FAFFB0FA80F02E
:10A17000400908BD0120FCE70020FAE7704742686B
:10A18000511E012A08B541600ED103685B689847EB
:10A190000AE006F00AFA06F031FA05E0013101D0D2
:10A1A00006F061F9F7F7D6FC08BD0160704738B5D5
:10A1B00043680446B3B96068B0B9E36813BBE068AC
:10A1C00010BB23691BBB206958BB204638BD52F821
:10A1D000250008B1FFF7D3FF0135D4E90123AB42D5
:10A1E000F5D8E8E70025F8E706F0D0F8E5E752F8FB
:10A1F000250008B1FFF7C3FF0135D4E90232AB42B5
:10A20000F5D8DCE70025F8E706F0C0F8D9E7002527
:10A210002369585908B106F0B9F80435182DF7D15B
:10A22000D1E706F0B3F8D0E703685A1E012B10B54A
:10A230000446026006D1FFF7BAFF2046BDE8104091
:10A2400006F0A2B810BD10B50446F0F7EFF904E02F
:10A25000204606F099F806F006F9204606F094F834
:10A26000204610BD10B50446F0F7F6F904E020468C
:10A2700006F08AF806F0F7F8204606F085F8204642
:10A2800010BD10B50446F0F7FDF904E0204606F0D5
:10A290007BF806F0E8F8204606F076F8204610BD78
:10A2A00010B50446F0F70CFA04E0204606F06CF80E
:10A2B00006F0D9F8204606F067F8204610BD10B524
:10A2C0000446F0F7A3FA04E0204606F05DF806F035
:10A2D000CAF8204606F058F8204610BD10B50446CE
:10A2E000F0F7AAFA04E0204606F04EF806F0BBF8B4
:10A2F000204606F049F8204610BD10B50446F0F798
:10A30000FFFA04E0204606F03FF806F0ACF82046DD
:10A3100006F03AF8204610BD10B50446F0F706FBEB
:10A3200004E0204606F030F806F09DF8204606F0DE
:10A330002BF8204610BD10B50446F0F75FFB04E093
:10A34000204606F021F806F08EF8204606F01CF8AC
:10A35000204610BD009B03201A6070470020704704
:10A360000020704704207047009B03201A6070474C
:10A370007F2908D8D0E900329A4242D05A1C0260A4
:10A38000012019707047B1F5006F10D2D0E900328A
:10A39000D21A012A35D95A1C02608A09403A1A7029
:10A3A000036801F03F015A1C80390260E8E7B1F50B
:10A3B000803F11D2D0E90032D21A022A21D95A1C88
:10A3C00002600A0B203A1A700268531C0360C1F342
:10A3D0008513803B1370E3E7B1F5881F11D2D0E9F4
:10A3E0000032D21A032A0CD95A1C02608A0C103A85
:10A3F0001A700268531C0360C1F30533803B13706D
:10A40000E2E700207047D0E90032F0B5D21A0446E6
:10A4100061D018787F2802D801332360F0BDC128AD
:10A420003AD9DF280ED8012A55D05A7802F0C00553
:10A43000802D31D1A2F5425202EB80108142EDD342
:10A440000233EAE7EF281AD8022A44D95D7805F0EA
:10A45000C002802A20D1E02801D19F2D1CD99A78F2
:10A4600002F0C006802E17D1A2F56222803A02EBDC
:10A47000003202EB85108142D0D30333CDE7F428BC
:10A480000AD8032A27D95D7805F0C002802A03D1B3
:10A49000F02804D18F2D06D84FF0FF30BEE7F42806
:10A4A00001D18F2DF8D89E7806F0C002802AF3D112
:10A4B000DA7802F0C007802FEED1A2F17272A2F515
:10A4C000025202EB804202EB053202EB8610884218
:10A4D000A4D80433A1E76FF001009FE77F2910B5EE
:10A4E00008D8D0E900329A4247D05A1C026019704D
:10A4F000012010BDB1F5006F0FD2D0E90032D21AA1
:10A50000012A3AD98C0901F03F011A46403C8039B2
:10A5100002F8024B02605970EAE7B1F5803F12D2AF
:10A52000D0E90032D21A022A27D90A0B203A1A702F
:10A53000C1F3851201F03F01803A80395A70DA1C6C
:10A5400002609970D4E7B1F5881F16D2D0E90032C5
:10A55000D21A032A11D98A0C103A1A70C1F30532A3
:10A56000803A5A70C1F3851201F03F01803A803978
:10A570009A701A1D0260D970BAE70020B9E7D0E9D5
:10A580000032F0B5D21A044661D018787F2802D87C
:10A5900001332360F0BDC1283AD9DF280ED8012A43
:10A5A00055D05A7802F0C005802D31D1A2F5425223
:10A5B00002EB80108142EDD30233EAE7EF281AD88C
:10A5C000022A44D95D7805F0C002802A20D1E02813
:10A5D00001D19F2D1CD99A7802F0C006802E17D188
:10A5E000A2F56222803A02EB003202EB8510814232
:10A5F000D0D30333CDE7F4280AD8032A27D95D78CE
:10A6000005F0C002802A03D1F02804D18F2D06D88E
:10A610004FF0FF30BEE7F42801D18F2DF8D89E7897
:10A6200006F0C002802AF3D1DA7802F0C007802F4A
:10A63000EED1A2F17272A2F5025202EB804202EB5D
:10A64000053202EB86108842A4D80433A1E76FF0EC
:10A6500001009FE7B1F5803F10B5D0E900430BD270
:10A660009C4221D0D30789B201D449BA89B2A31C34
:10A6700003602180012010BD1B1B022B14D98B0A03
:10A68000C1F30901D207A3F52153A1F510519BB2E3
:10A6900089B203D45BBA49BA9BB289B2224622F886
:10A6A000043B02606180E5E70020E4E773B51E46E5
:10A6B000079B14460093089B0193A642254607D1A9
:10A6C0000020069B009A1D60099B1A6002B070BDB5
:10A6D00021682C1DB1F5881F06D26846FFF7FEFEE3
:10A6E0000028EAD10120ECE70220EAE72DE9F04159
:10A6F0000E460446194617463046069DF0F7ACF95B
:10A7000030BB0120BDE8F0811988A1F55840B0F5B3
:10A71000806F23D2012D29D0D21A022A1CD95B883E
:10A72000A3F55C42B2F5806F20D2A3F157734FF0CE
:10A730000208A3F5773303EB8121B94216D83046DE
:10A74000FFF716FE0028DCD0236803EB48032360E4
:10A75000D4E900329A42D7D10020D3E7A1F55C4377
:10A76000B3F5806F02D34FF00108E6E70220C9E796
:10A7700070B50D460446194616462846F0F76CF9A2
:10A7800060B9012070BD19688E420DD32846FFF7CD
:10A79000EFFD0028F5D0236804332360D4E90032AC
:10A7A0009A42F0D10020EDE70220EBE7F8B50D4624
:10A7B000194604461646F0F797F9D4E90030984256
:10A7C00011D0D5E90072BA420DD031462046FFF7CC
:10A7D0001AFE831C01D1012008E0864207D33B1DED
:10A7E0002B603860E9E7C01A18BF0120F8BD0220CD
:10A7F000FCE72DE9F8430D461946044616461F4668
:10A80000F0F772F9D4E90089C8451DD0D5E90032C6
:10A810009A4219D031462046FFF7F5FD831C0146C8
:10A8200004D108980130C0B2BDE8F8838E4209D344
:10A830003A462846FFF70EFF0028E3D10120C4E97D
:10A840000089F1E70220EFE70020EDE7F7B50027E8
:10A8500016461C46CDE900019DF820106846F0F729
:10A8600043F97D1CB54209D30ED14FF6FF716846FE
:10A87000A14228BF2146FFF7C6FD05E021466846F4
:10A88000FFF7C1FD844202D2009803B0F0BDB0F5DD
:10A89000803F38BF3D466F1CE3E773B51D46079BFD
:10A8A00014460093089B0193AC4207D10020069BFD
:10A8B000009A1C60099B1A6002B070BD2188A1F546
:10A8C0005843B3F5806F16D22B1B022BEED962884A
:10A8D000A2F55C43B3F5806F14D2A2F15772022641
:10A8E000A2F5773202EB81216846FFF7F7FD58B1F8
:10A8F00004EB4604D8E7A1F55C43B3F5806F01D3C0
:10A900000126F1E70220D2E70120D0E710B5044686
:10A91000F0F7D8F9204605F037FD204610BD10B5F8
:10A920000446F0F7D9F9204605F02EFD204610BD6B
:10A9300010B50446F0F7DAF9204605F025FD20466B
:10A9400010BD10B50446F0F7DBF9204605F01CFDFC
:10A95000204610BDF8B50B680E46074653F80C5C50
:10A96000681C05F0DDFF0023044601462A463046F8
:10A97000F0F752FD002328463C606355F8BD13B53F
:10A98000049CCDE9003413460A46C1684FF000002C
:10A9900002F0B3FB02B010BD30B58BB00D460446DB
:10A9A0000AA901E90C0079230EAA0693129B0593CC
:10A9B000119B0493109B039301AB92E8030083E87F
:10A9C0000300099B20464FF000010093089BAA68F2
:10A9D00002F0BAFC20460BB030BD30B58BB00D464E
:10A9E00004460AA901E90C006D230EAA0693129BE6
:10A9F0000593119B0493109B039301AB92E8030012
:10AA000083E80300099B20464FF000010093089B58
:10AA1000AA6802F099FC20460BB030BD30B58BB06F
:10AA20000D4604460AA901E90C0077230EAA0693F5
:10AA3000129B0593119B0493109B039301AB92E827
:10AA4000030083E80300099B20464FF000010093B8
:10AA5000089BAA6802F078FC20460BB030BD30B5E8
:10AA60008BB00D4604460AA901E90C0064230EAA26
:10AA70000693129B0593119B0493109B039301ABC8
:10AA800092E8030083E80300099B20464FF0000191
:10AA90000093089BAA6802F057FC20460BB030BD1B
:10AAA00030B58BB00D4604460AA901E90C007423A9
:10AAB0000EAA0693129B0593119B0493109B03937C
:10AAC00001AB92E8030083E80300099B20464FF0A6
:10AAD00000010093089BAA6802F036FC20460BB0E8
:10AAE00030BD81684FF0000002F02BBCF0B591B092
:10AAF0000F4605460AAC08AE84E80C00002316AAEF
:10AB000007930D930EAB06930DAB0593199B04931E
:10AB10009DF86030039301AB92E8030083E80300E3
:10AB20000B9B4FF0000130460093BA680A9B02F07D
:10AB300065FC0D9B96E8030084E803005BB91B9B52
:10AB4000DDE90E01C3E9000194E8030085E8030094
:10AB5000284611B0F0BD1A9A1360F5E710B588B019
:10AB600004460DF1200C0CE90C00002304939DF821
:10AB7000303003930B9B02939DF828300193079B81
:10AB8000009313468A684FF0000102F08AFC2046C9
:10AB900008B010BD0A4601694FF0000002F0CDBBBD
:10ABA00007B513460A68009301694FF0000052F898
:10ABB0000C3C02F07FFB03B05DF804FB07B50068B6
:10ABC00001A90C38F0F794FC03B05DF804FBFFF723
:10ABD000F5BF10B50446006843685A1E012B426059
:10ABE00002D103685B689847204610BD10B5044643
:10ABF000F0F7B4F9204605F0C7FB204610BD10B5AC
:10AC00000446F0F7BDF9204605F0BEFB204610BD16
:10AC100010B50446F0F7C8F9204605F0B5FB20460C
:10AC200010BD10B50446F0F7D3F9204605F0ACFB93
:10AC3000204610BD10B50446F0F7D8F9204605F0BF
:10AC4000A3FB204610BD10B50446F0F7E5F92046F9
:10AC500005F09AFB204610BD10B50446F0F7EEF95A
:10AC6000204605F091FB204610BD10B50446F0F7D4
:10AC7000F7F9204605F088FB204610BD836910B522
:10AC8000044603B19847204610BD37B514460D461B
:10AC9000084603F0D3F884F82400284603F0D1F8DE
:10ACA0000023294684F82500A36001A86361E361BD
:10ACB000012384F8643003F0C7F801A904F1080007
:10ACC000FFF748FEE06001A8FFF778FF294601A8DA
:10ACD00003F0C1F801A904F11400FFF73BFEA061E5
:10ACE00001A8FFF76BFF294601A803F0BBF801A9F3
:10ACF00004F11C00FFF72EFE206201A8FFF75EFFA3
:10AD000003B030BD01A8FFF759FF05F0ACFBF9E730
:10AD1000F8E710B4084611461A46DDE901340194FB
:10AD20005DF8044B03F0C3B913B5144601A81A46E5
:10AD3000049B03F0C3F901A92046F0F7EFF801A83E
:10AD4000FFF73CFF02B010BD01A8FFF737FF05F089
:10AD50008AFB37B514460D46084603F040F8607488
:10AD6000284603F03FF8A074284603F05AF8002361
:10AD70002946E062A36001A86361E3616362012385
:10AD800084F8433003F031F801A904F10800FFF71B
:10AD9000E1FDE06001A8FFF711FF294601A803F0DB
:10ADA0002BF801A904F11400FFF7D4FDA06101A85C
:10ADB000FFF704FF294601A803F025F801A904F1D3
:10ADC0001C00FFF7C7FD206201A8FFF7F7FE294628
:10ADD00001A803F01FF801A904F12400FFF7BAFD50
:10ADE000A06201A8FFF7EAFE284603F01DF82063E1
:10ADF000284603F01EF8606303B030BD01A8FFF7DA
:10AE0000DDFE05F030FBF9E7F8E7F7E737B5144664
:10AE10000D46084602F0B4FF6074284602F0B3FF06
:10AE2000A074284602F0CEFF00232946E062A3600A
:10AE300001A86361E3616362012384F8433002F097
:10AE4000A5FF01A904F10800FFF784FDE06001A857
:10AE5000FFF7B4FE294601A802F09FFF01A904F103
:10AE60001400FFF777FDA06101A8FFF7A7FE2946B0
:10AE700001A802F099FF01A904F11C00FFF76AFD87
:10AE8000206201A8FFF79AFE294601A802F093FF6D
:10AE900001A904F12400FFF75DFDA06201A8FFF7FE
:10AEA0008DFE284602F091FF2063284602F092FFB3
:10AEB000606303B030BD01A8FFF780FE05F0D3FA50
:10AEC000F9E7F8E7F7E713B510460C466A46C118EC
:10AED000EFF7FEFF049A019001A9204603F0D5F890
:10AEE00004E001A8FFF76AFE05F0BDFA044601A8D8
:10AEF000FFF764FE204602B010BDF0B587B00E46E5
:10AF000015461F460E9803AA0F9904AC0144EFF7AB
:10AF1000DFFF0D9B04903A46009331460C9B05A839
:10AF2000019403F0B5F805A92846EFF7F7FF05A847
:10AF3000FFF744FE2046FFF741FE07B0F0BD05A82D
:10AF4000FFF73CFE2046FFF739FE05F08CFAF9E7E3
:10AF50000846114603F0A8B8084603F007B882B0C7
:10AF6000F0B587B0054616469DF850700FAC0D93AE
:10AF70000DAB742F1398DDE911211ED00ED8642F6C
:10AF80002DD00292CDE9031094E803008DE8030070
:10AF9000314628460CCB03F040F81AE0772F2BD02F
:10AFA0000292CDE9031094E803008DE803003146D6
:10AFB00028460CCB03F04DF80BE0CDE903100292CC
:10AFC00094E803008DE80300314628460CCB02F0DC
:10AFD000D0FF284607B0BDE8F04002B07047CDE989
:10AFE0000310029294E803008DE8030031462846DE
:10AFF0000CCB02F0DAFFECE7CDE90310029294E803
:10B0000003008DE80300314628460CCB02F0E9FF2F
:10B01000DFE782B02DE9F04786B004461646149962
:10B020000FAF9DF84480DDF848909DF84CA00F9339
:10B03000B1B105AD2846F0F7CBF931462046CDE950
:10B0400002A5CDE9008997E80C0002F081FE2846B0
:10B05000FFF7B4FD204606B0BDE8F04702B07047E8
:10B06000CDE9019ACDF80080314697E80C0002F056
:10B0700059FEEFE72846FFF7A1FD05F0F4F910B5FA
:10B080008AB00446002000931346C96803AA0990B9
:10B0900002F03EF803A92046F0F79AF904E003A86D
:10B0A000FFF7ECFD05F0DFF903A8FFF7E7FD204609
:10B0B0000AB010BDF0B597B08C4605460AAC0FAE8D
:10B0C00008AF84E80C0000231CAACDE906361593CE
:10B0D0000D930DAB05931F9B04939DF8783003935C
:10B0E00001AB92E8030083E803000B9B4FF00001E3
:10B0F000384600930A9BDCF8082002F07FF90D9B8C
:10B1000097E8030084E80300A3B931460EA8F0F7DE
:10B110005FF921980EA900F08BF80EA8FFF74EFDFD
:10B1200094E8030085E803003046FFF7A7FD2846B2
:10B1300017B0F0BD209A1360F2E73046FFF79EFD8E
:10B1400005F091F930B504468DB000200B901198B0
:10B15000006850F80C5CCDE902051098CDE900308C
:10B160001346096905AA4FF0000002F0BDF805A9D1
:10B170002046F0F72DF904E005A8FFF77FFD05F064
:10B1800072F905A8FFF77AFD20460DB030BD1346D1
:10B190000A4611B1197806F06BB80846704701F1FC
:10B1A00080410068043950F80C0C091A914208B526
:10B1B00002D21846F2F73AF908BD03688B4207D865
:10B1C00053F80C2C1344994294BF0020012070477F
:10B1D00001207047012A30B403D10B78037030BCD2
:10B1E0007047002AFBD030BC06F050B8012A30B4BA
:10B1F00003D10B78037030BC7047002AFBD030BC01
:10B2000006F051B80B461146012B10B4044603D189
:10B2100022705DF8044B7047002BFAD01A465DF897
:10B22000044B06F05AB8521A08B5FFF7D3FF08BD11
:10B23000036853F8042C002AB8BF002210B5B8BF29
:10B2400043F8042C0A6852F8044C002CBCBF0024BC
:10B2500042F8044C02600B6010BD0368104610B544
:10B2600053F80C4CA04202D34FF0FF3010BD1A5CD3
:10B270008A42FBD10130F5E705F086B82DE9F74F9A
:10B2800005460068A3EB020802EB010950F80C7CAC
:10B290000C4650F8081C1E46B844A7EB0907884521
:10B2A00003D850F8043C002B1EDD01AA4046F0F7FD
:10B2B000D9F8824600F10C0B24B122462968584681
:10B2C000FFF788FF47B104F10C0029683A46304483
:10B2D00049445044FFF77EFF286801A90C38F0F775
:10B2E00007F9C5F800B000E03FB9286841460C38BE
:10B2F000F0F7ACF803B0BDE8F08F9642F5D02644E5
:10B3000000EB09013A463044FFF770FFEDE70368B0
:10B3100053F80C2C10B504466AB153F8043C002BCA
:10B3200004DD00231A461946FFF7A8FF23684FF0F3
:10B33000FF3243F8042C10BD08B5036853F8043CF1
:10B34000002B01DBFFF7E3FF08BD10B50446FFF754
:10B35000F3FF206810BD036837B5CC1A054600928C
:10B36000012300222146F0F7FFF828684FF0FF3351
:10B3700040F8043C204403B030BDF8B5069F1E469B
:10B3800004460D463B46FFF779FF2FB120683A4649
:10B3900031462844FFF71EFF2046F8BD70B504462D
:10B3A00010460A46236861681844F0F75BF8226883
:10B3B000054600F10C0622B104F10C013046FFF7FE
:10B3C00009FF28462168F0F741F8304670BD37B5CF
:10B3D0000446006850F8083C994204D850F8042C00
:10B3E000002A0DDD194650F80C2D8A1A01A9FFF725
:10B3F000D5FF0546206801A90C38F0F779F82560DB
:10B4000003B030BDF8B50B6804460E4653F80C7C0B
:10B41000E7B1036853F80C5C53F8082C3D4495429F
:10B4200003D853F8043C002B03DD29462046FFF7E0
:10B43000CEFF23683A46316853F80C0C1844FFF7E6
:10B44000C9FE206829460C38F0F700F82046F8BD00
:10B45000002208B5F0F750F908BD036870B553F83D
:10B460000C5C044653F8082C0E460135954203D86F
:10B4700053F8043C002B03DD29462046FFF7A7FFC5
:10B480002368294653F80C2C9E5420680C38EFF79B
:10B49000DDFF70BD084670470846704710B504468A
:10B4A000F0F748F9204604F06FFF204610BD8A42AD
:10B4B00010B5144603D0521A029805F0E7FE204654
:10B4C00010BD8A42184638B5144602D0521A05F00B
:10B4D000DDFE204638BD2DE9F041C0B00446002510
:10B4E0006B461F4603F8015B0135B5F5807FF9D146
:10B4F000264640AA3946204656F81D3BD3F81C8004
:10B500003346C0472A463146384605F0EEFE00284D
:10B510000CBF01230223237740B0BDE8F08183698B
:10B520005B5C9B0744BF2039C9B20846704770B5C1
:10B5300006460C461546AC4201D3284670BD33681A
:10B54000304621789B68984704F8010BF3E783693C
:10B550005B5CDB0744BF2031C9B20846704770B559
:10B5600006460C461546AC4201D3284670BD3368EA
:10B57000304621781B69984704F8010BF3E783688C
:10B58000587C70478368987C70478368D86A704796
:10B590008368002082B01B6BDAB262F30700C3F34A
:10B5A000072262F30F20C3F307421B0E62F317401A
:10B5B00063F31F6002B070478368002082B05B6B4A
:10B5C000DAB262F30700C3F3072262F30F20C3F37A
:10B5D00007421B0E62F3174063F31F6002B070470F
:10B5E0008368587C70478368987C70478368D86A02
:10B5F00070478368002082B01B6BDAB262F30700E9
:10B60000C3F3072262F30F20C3F307421B0E62F35A
:10B61000174063F31F6002B070478368002082B058
:10B620005B6BDAB262F30700C3F3072262F30F2009
:10B63000C3F307421B0E62F3174063F31F6002B0AF
:10B640007047836893F824007047836893F8250057
:10B6500070470020704700207047704700209142DB
:10B6600000D3704711F8013B03EB7060F7E710B5AA
:10B670000446F0F79BF8204604F086FE204610BDF5
:10B6800010B50446F0F79CF8204604F07DFE2046F5
:10B6900010BD10B50446F0F79DF8204604F074FE86
:10B6A000204610BD10B50446F0F79EF8204604F081
:10B6B0006BFE204610BD10B50446F0F7A3F82046F7
:10B6C00004F062FE204610BDD0E902218A4202D277
:10B6D00001328260704703689B6A1847436E0B60B3
:10B6E000836E4B60C36E8B60036FCB60436F0B61E7
:10B6F000836F4B61C36F8B61D0F88030CB61D0F822
:10B7000084300B62D0F888304B62D0F88C308B627A
:10B71000D0F89030CB627047D0F894300B60D0F8FE
:10B7200098304B60D0F89C308B60D0F8A030CB6064
:10B73000D0F8A4300B61D0F8A8304B61D0F8AC3011
:10B740008B61D0F8B030CB61D0F8B4300B62D0F858
:10B75000B8304B62D0F8BC308B62D0F8C030CB62CE
:10B76000704707B50B46009200224168F5F7FEFFCF
:10B7700003B05DF804FB10B504460068FFF7A4FFB2
:10B780004FF0FF33636010BD2DE9F0411F46037F8A
:10B7900004460D46012B164607D1914213D0384678
:10B7A000521ABDE8F04105F071BD0BB9FFF793FEE9
:10B7B0002368324629462046D3F81CE03B46F4462F
:10B7C000BDE8F0416047BDE8F081531A0F2B73B517
:10B7D00004460D461646019306D9002201A9F5F745
:10B7E00095FF019B2060A36032462946206804F043
:10B7F000DBFB019B226800216360D15402B070BD65
:10B800008B6810B50446D969F0F7BEF8204610BD24
:10B810008B6810B504465969F0F7B6F8204610BD9C
:10B820008B6810B504469968F0F7AEF8204610BD55
:10B830008B6810B50446596AF0F7A6F8204610BD8B
:10B840008B6810B50446D969F0F79EF8204610BD04
:10B850008B6810B504465969F0F796F8204610BD7C
:10B860008B6810B504469968F0F78EF8204610BD35
:10B870008B6810B50446596AF0F786F8204610BD6B
:10B880008B6810B50446D969F0F77EF8204610BDE4
:10B890008B6810B504465969F0F776F8204610BD5C
:10B8A0008B6810B504469968F0F76EF8204610BD15
:10B8B0002DE9F0431C4600F1080387B015460360EC
:10B8C00000230646884643602246037202AB29469F
:10B8D00068460093FFF779FF641B6400DDE900739D
:10B8E000204607EB030905F01BF805463A462346B8
:10B8F0002946404605F075FA844202460ED8441C9B
:10B90000284604F043FD204605F00AF83A46014671
:10B9100005462346404605F064FA0246294630466D
:10B92000EFF77EFF10E004F040FE284604F02EFD05
:10B9300004F0BFFF04F062FE684604F0CDFA304622
:10B9400004F0CAFA04F08FFD3846E5F713FC3844DA
:10B9500081450BD0471C0021304604F098FBC5E719
:10B96000E1E704F022FEE3E7E6E7E8E7284604F033
:10B970000DFD684604F0B0FA304607B0BDE8F0832C
:10B980002DE9F0438DB01C46804602AB684600931B
:10B99000FFF71BFF08AB149A214606A80693FFF792
:10B9A00014FFDDE90097DDE906564F442E442A4690
:10B9B0004946404605F00AFA044670B94846E5F79C
:10B9C000D9FB81442846E5F7D5FB4F4505EB00043C
:10B9D0000DD1341B18BF4FF0FF3406A804F07CFAD9
:10B9E000684604F079FA20460DB0BDE8F083A6421F
:10B9F00003D009F10109651CD9E70124EDE7684688
:10BA000004F06AFA04F02FFD03689B681847036886
:10BA10001B69184770B5037F04460D4643B9FFF70D
:10BA20005AFD2368294620469B69BDE870401847A7
:10BA30000C44607F70BD70B54418164694F81D31F3
:10BA40003BB903681B6A98478642034618BF84F8CF
:10BA50001D01184670BDF0B589B004460D4606AE0E
:10BA600086E80C00139A0B680592129A0492119AB8
:10BA700003929DF8402002920EAA92E803008DE8FE
:10BA8000030020469F68294696E80C00B8472046E8
:10BA900009B0F0BDF0B589B004460D4606AE86E8A3
:10BAA0000C00139A0B680592129A0492119A039251
:10BAB0009DF8402002920EAA92E803008DE8030050
:10BAC0002046DF68294696E80C00B847204609B0B2
:10BAD000F0BD70B586B0054604AC84E80C009DF856
:10BAE00030200B6802920B9A01929DF82820009258
:10BAF0009E6894E80C00B047284606B070BD70B54B
:10BB000086B0054604AC84E80C000D9A0B680392DD
:10BB10009DF8302002920B9A01929DF82820009205
:10BB2000DE6894E80C00B047284606B070BD036894
:10BB30009B6818470368DB6818470B6810B5044614
:10BB40001B699847204610BD0B6810B504465B6919
:10BB50009847204610BD0B6810B504469B6998476E
:10BB6000204610BD0B6810B50446DB699847204697
:10BB700010BD03681B6A1847036882B05B6A02B095
:10BB80001847036882B09B6A02B0184703689B6835
:10BB900018470368DB6818470B6810B504461B6933
:10BBA0009847204610BD0B6810B504465B6998475E
:10BBB000204610BD0B6810B504469B699847204687
:10BBC00010BD0B6810B50446DB699847204610BDD0
:10BBD00003681B6A1847036882B05B6A02B01847A3
:10BBE000036882B09B6A02B0184703689B681847D5
:10BBF0000368DB6818470B6810B504461B69984753
:10BC0000204610BD0B6810B504465B699847204676
:10BC100010BD0B6810B504469B699847204610BDBF
:10BC200003689B681847F0B589B004460D4606AE18
:10BC300086E80C00129A0B680492119A0392109AEB
:10BC400002920EAA92E803008DE803002046DF6806
:10BC5000294696E80C00B847204609B0F0BDF0B57B
:10BC600089B004460D4606AE86E80C00129A0B68B1
:10BC70000492119A0392109A02920EAA92E803007B
:10BC80008DE8030020461F69294696E80C00B84756
:10BC9000204609B0F0BDF0B589B004460D4606AEA9
:10BCA00086E80C00129A0B680492119A0392109A7B
:10BCB00002920EAA92E803008DE8030020465F6915
:10BCC000294696E80C00B847204609B0F0BDF0B50B
:10BCD00089B004460D4606AE86E80C00129A0B6841
:10BCE0000492119A0392109A02920EAA92E803000B
:10BCF0008DE8030020469F69294696E80C00B84766
:10BD0000204609B0F0BDF0B589B004460D4606AE38
:10BD100086E80C00129A0B680492119A0392109A0A
:10BD200002920EAA92E803008DE803002046DF6924
:10BD3000294696E80C00B847204609B0F0BD0368D4
:10BD40009B68184773B5079E04460D680196069ECA
:10BD50000096ED68A847204602B070BD03681B69D5
:10BD6000184710B40468A468A4465DF8044B604703
:10BD700038B50D680446ED68A847204638BDF7B5CC
:10BD80006D460446089F85E806009DF80460194644
:10BD900036B93A46009804F098F8874218BF012651
:10BDA0008DF8046095E8030084E80300204603B0A2
:10BDB000F0BD2DE9F04F99B0229F06A9249D07F10F
:10BDC0006C0405909DF88C80204681E80C00F1F70A
:10BDD000FBFD82462046EFF797FD2E6890F838303D
:10BDE0000446327869689A4221D0026BC369D0F860
:10BDF0002090099203933144334699421D4606D957
:10BE000028780133DAF81820125C5207F5D4AD1BFC
:10BE1000AB46002D00F0E2800EAB69000CA80C933D
:10BE200000230D938DF8383004F013F909E0426BCC
:10BE3000436AD0F82890099203930029DBD0013699
:10BE4000D9E7E36AA5EB030ABAF1000F1DDDE1684B
:10BE500015EA230538BF55460D9AF1B100216B0054
:10BE60000CA80091F5F782FC7319A17C0C98CDE920
:10BE70000063D4E9022302F028F90C994FF0FF3255
:10BE8000411A0CA8EFF720FDAA46E36A002B1EDD3D
:10BE9000617C0CA804F0FBF805E033460CA8009583
:10BEA000F5F7A2FCF0E7BAF1000F06DBE26A06EB59
:10BEB0000A010CA8EFF7B4FC09E094F83920CAF1A4
:10BEC00000010CA8FFF74DFC5A463146F1E7FD682A
:10BED00012A805F0B00315F4007504930D9B18BF6C
:10BEE000A5694B441D4414AB1293002369001393BE
:10BEF0008DF8503004F0ADF8049BBE68102B11D1C2
:10BF0000B5422CBF4FF0000B4FF0010B4FF0000A71
:10BF100009AB13F80A30042B2AD8DFE803F0261BFC
:10BF2000060F18004FF0000BF0E7FB689B051FD5CC
:10BF3000D4E9051212A8EFF773FC19E0B9F1000F6C
:10BF400016D0039B197812A804F0A1F810E0DDE9DF
:10BF50000C12EFE7BBF1000F05D04246711B12A88F
:10BF6000FFF7FFFB04E04146EDE7BBF1000FF4D122
:10BF70000AF1010ABAF1040FCAD1B9F1010F06D9C9
:10BF8000039909F1FF3212A80131EFF749FC139927
:10BF90008E4208D9049B711A202B0DD1424612A85B
:10BFA000FFF7DFFB31460AAC06AA0091129B204640
:10BFB00006CAFFF7E4FE06E00A464346002112A83F
:10BFC000EFF7F8FCEEE794E80300069012A88DF86E
:10BFD0001C1003F081FF0CA803F07EFF0023BB6060
:10BFE00006AB93E80300059B83E80300184619B0ED
:10BFF000BDE8F08F12A803F06FFF0CA803F06CFFF0
:10C0000004F031FAF9E72DE9F04F99B0229F06A923
:10C01000249D07F16C0405909DF88C80204681E8F2
:10C020000C00F1F7D1FC82462046EFF70DFC2E689C
:10C0300090F838300446327869689A4221D0026B11
:10C04000C369D0F820900992039331443346994252
:10C050001D4606D928780133DAF81820125C5207F9
:10C06000F5D4AD1BAB46002D00F0E2800EAB6900AD
:10C070000CA80C9300230D938DF8383003F0E9FFE2
:10C0800009E0426B436AD0F8289009920393002993
:10C09000DBD00136D9E7E36AA5EB030ABAF1000F5A
:10C0A0001DDDE16815EA230538BF55460D9AF1B14B
:10C0B00000216B000CA80091F5F758FB7319A17CC7
:10C0C0000C98CDE90063D4E9022301F0FEFF0C993E
:10C0D0004FF0FF32411A0CA8EFF7F6FBAA46E36ACD
:10C0E000002B1EDD617C0CA803F0D1FF05E0334678
:10C0F0000CA80095F5F778FBF0E7BAF1000F06DB26
:10C10000E26A06EB0A010CA8EFF78AFB09E094F853
:10C110003920CAF100010CA8FFF723FB5A4631462B
:10C12000F1E7FD6812A805F0B00315F4007504935B
:10C130000D9B18BFA5694B441D4414AB12930023FB
:10C14000690013938DF8503003F083FF049BBE68A1
:10C15000102B11D1B5422CBF4FF0000B4FF0010B4B
:10C160004FF0000A09AB13F80A30042B2AD8DFE895
:10C1700003F0261B060F18004FF0000BF0E7FB68DA
:10C180009B051FD5D4E9051212A8EFF749FB19E06A
:10C19000B9F1000F16D0039B197812A803F077FFAE
:10C1A00010E0DDE90C12EFE7BBF1000F05D04246CD
:10C1B000711B12A8FFF7D5FA04E04146EDE7BBF189
:10C1C000000FF4D10AF1010ABAF1040FCAD1B9F192
:10C1D000010F06D9039909F1FF3212A80131EFF7D7
:10C1E0001FFB13998E4208D9049B711A202B0DD185
:10C1F000424612A8FFF7B5FA31460AAC06AA0091EA
:10C20000129B204606CAFFF7BAFD06E00A464346DF
:10C21000002112A8EFF7CEFBEEE794E803000690AA
:10C2200012A88DF81C1003F057FE0CA803F054FE62
:10C230000023BB6006AB93E80300059B83E8030083
:10C24000184619B0BDE8F08F12A803F045FE0CA8FF
:10C2500003F042FE04F007F9F9E7F0B587B00546B0
:10C2600004AC0F9E9DF8307084E80C000D9B9DF887
:10C2700038200093CDE9012694E80C0027B1FFF7A0
:10C2800098FD284607B0F0BDFFF7BDFEF9E710B5F1
:10C290000446D0E9003043B1421C06D1184603F0F1
:10C2A0000BFE431C04BF0023236010BD38B50D46B0
:10C2B000FFF7EDFF04462846FFF7E9FF431C621C29
:10C2C0005842584154425441011B4842484138BDEC
:10C2D00008B5FFF7EBFF80F00100C0B208BD2DE903
:10C2E000F74F05466C464FF00009DDF840A04FF0CF
:10C2F0000A0B4E46DDE9120784E80C006C30F1F7BA
:10C3000063FB80460CA92046FFF7E2FF70B1119B4A
:10C310009E420BD02046FFF7BAFF2A22C1B2404608
:10C32000FFF789FB3038C2B2092A10D9C6B10F9A7B
:10C33000914515DBD14513DC0E9AC2F8009094E8C4
:10C34000030085E80300284603B0BDE8F08F0BFB2F
:10C350000909D145EADC20460136FFF70CFAD1E79E
:10C360003B6843F004033B60E9E72DE9F04F8DB0F3
:10C3700000AFF86107F12004F86E6C3084E80C001F
:10C38000F1F722FB6A46BB6E054607F158012046CD
:10C39000A2EBC3039D46DB08E846BB61FFF798FFAD
:10C3A000002800F07281BB6E20464FF0000B9B000E
:10C3B0007B61BB6E08EB8309FFF769FFC4B22846B7
:10C3C0002146FFF724FB214606462846FFF71CFBC3
:10C3D0005C468246BB6E9B450BD10026012C2BD8B8
:10C3E000012C40F0528107F120000136FFF7C3F91C
:10C3F000E2E07B6E284653F82B301978FFF707FBF5
:10C4000086420FD1A3003B617B6E53F82B00E4F70B
:10C41000B1FE3B6949F82400013448F803B00BF140
:10C42000010BD7E77B6E284653F82B301978FFF7BE
:10C43000EBFA8245F3D1E5E7CB4609EB84005BF8E4
:10C44000043BFB625B461A46F96A0433D2F800C02B
:10C450008C4507F12C0128BF0A469842D2F800A06B
:10C46000C7F82CA0EFD1013607F12000FFF783F9C0
:10C47000B24547D107F1580107F12000FFF728FF27
:10C48000824600B307F12000FFF701FFC1B2284642
:10C49000FFF7BDFA386107F12000FFF7F8FEC1B2DF
:10C4A0002846FFF7B1FA0023F860796E58F8232088
:10C4B00051F8222059F82310B1425AD801339C4236
:10C4C000F3D14FF0000A002359F82320911B4A4270
:10C4D0004A41524509BF04F1FF34013358F8242082
:10C4E00048F8232004BF59F8242049F823209C420F
:10C4F000EAD8BAF1000F5BD0D9F8003001218C42A4
:10C50000FB6249D8FB6AB3427FF66AAF07F1580174
:10C5100007F12000FFF7DCFE00283FF461AF07F1D0
:10C5200020004FF0000AFFF7B2FEC1B22846FFF725
:10C530006EFA386107F12000FFF7A9FEC1B2284664
:10C54000FFF762FAF86054457FF648AF7B6E2846E5
:10C5500058F82A204FEA8A0B53F82220915DBA60DE
:10C56000FFF755FA3B69BA6883426DD10AF1010AB7
:10C57000E9E7915D28467B60BA60FFF748FA3B69BE
:10C580008342A0D0BA682846915DFFF73DFAFB6868
:10C5900083427B6892D196E75A4601310BF1040B36
:10C5A0001068834207F12C0398BF1A461368A6E768
:10C5B000022C2CD0012C68D1D8F80040D7E90532E4
:10C5C00053F832807B6E53F8243003EB060946455E
:10C5D00062D207F1580107F12000FFF779FE002829
:10C5E00053D019F8011B2846FFF711FA824607F1CC
:10C5F0002000FFF74CFEC1B22846FFF708FA82453B
:10C6000033D107F120000136FFF7B5F8DFE7BB6E45
:10C61000DB073AD4D8F80030B86EBA6EB3EB500FDF
:10C620004FEA5201D8F8042002D20B449342C2E7E9
:10C630005B1A934229D1C8F80030D9F80430D7E901
:10C64000052142F83130B7E7915D2846FFF7DCF964
:10C65000FB6883428AD0013C58F8242048F80B201C
:10C6600059F8242049F80B206DE719F8011C2846D9
:10C67000FFF7CAF9824607F12000FFF708FEC1B2B2
:10C680002846FFF7C1F98245BBD03B6F3A6F1B6864
:10C6900043F00403136002E0F7D13B6E1C60FB69BA
:10C6A000D7E90801343783E803001846BD46BDE8E2
:10C6B000F08F2DE9F04F87B0814600AF786D07F11C
:10C6C00010066C30D7E913AB86E80C00F1F77CF963
:10C6D0006B46F86007F14001A3EBCB0330469D4663
:10C6E000E846FFF7F5FD002800F08380002430467F
:10C6F000FFF7CDFD2546C3B24FEA4B02A24237D128
:10C70000002D76D030460024FFF735F8AB00073314
:10C7100023F00703ADEB030D6E4658F824305AF8AA
:10C720002300E4F727FD46F824000134A542F4D1A4
:10C73000012507F1400107F11000FFF7C9FD58BBC3
:10C74000012C5AD13368AB425ED1D8F80030BA6CB4
:10C750005B45A8BFA3EB0B03136007F118031C375D
:10C7600013E9030089E803004846BD46BDE8F08FA1
:10C770005AF824100978994204D148F82540013527
:10C780000134BBE7F868C7E90132FFF73DF97B6880
:10C79000BA689842F4D1F0E707F11000FFF777FD8F
:10C7A0000023C0B219469C4207D88C42C8D007F17A
:10C7B00010000135FEF7DFFFBBE756F823204FEAF4
:10C7C000830E06EB830CAA4202D801310133EAE75B
:10C7D00058F823205AF82220525D8242F6D0013CBC
:10C7E00058F8242048F80E2056F82420CCF80020D1
:10C7F000D9E70024254626469BE7022C04D133685E
:10C80000AB42A2D073689EE7BB6DBA6D1B6843F064
:10C810000403A1E72DE9F04F8FB04FF0000A064660
:10C8200088460AACCDF834A008ADDDE91AB784E833
:10C830000C000BF16C00F1F7C7F80DAB0222CDF83C
:10C840000CA08146CDE906B36323CDE904320CABDD
:10C85000029318AB93E803008DE803004146284695
:10C8600094E80C00FFF73BFD0D9B95E8030084E87E
:10C870000300002B51D118A92046FFF729FD0028FD
:10C8800046D02046FFF703FD2A22C1B24846FFF7F3
:10C89000D2F8A0F13005EBB2092B39D820464FF081
:10C8A0000A08FEF768FF0C9B18A9204608FB0355F1
:10C8B0000C95FFF70DFD98B12046FFF7E8FC2A2202
:10C8C000C1B24846FFF7B7F8A0F13005EBB2092B2B
:10C8D00006D82046FEF74FFF0C9B08FB03550C952E
:10C8E0000C9BA3F26C730C931C9B0C9A5A6118A9B5
:10C8F0002046FFF7DBFC18B13B6843F002033B60C6
:10C9000094E8030086E8030030460FB0BDE8F08FDE
:10C910000C9B442BE8DC6433E5E73B6843F00403FD
:10C920003B60E4E72DE9F0439DB0054688460AAC3C
:10C9300008AFDDE9269684E80C0009F16C00F1F7F8
:10C94000A5F983689A6C0E92DA6C0F921A6D1092A8
:10C950005A6D11929A6D1292DA6D13921A6E1492A8
:10C96000DA6A15921A6B16925A6B17929A6B189292
:10C97000DA6B19921A6C5B6C1A921B9300230D935D
:10C980000DABCDE90593072304930EAB03930CABDA
:10C99000029324AB93E803008DE803004146384638
:10C9A00094E80C00FFF785FE0D9B97E8030084E8F0
:10C9B00003009BB9289B0C9A9A6124A92046FFF793
:10C9C00075FC18B1336843F00203336094E8030048
:10C9D00085E8030028461DB0BDE8F083336843F0C6
:10C9E00004033360E9E72DE9F043A7B00546884624
:10C9F0000AAC08AFDDE9309684E80C0009F16C0060
:10CA0000F1F744F90EAA80681146FEF785FE1AA9CF
:10CA1000FEF764FE00230D930DABCDE905930C23C7
:10CA2000CDE903230CAB02932EAB93E803008DE812
:10CA300003004146384694E80C00FFF73AFE0D9B90
:10CA400097E8030084E803009BB9329B0C9A1A61B3
:10CA50002EA92046FFF72AFC18B1336843F00203E1
:10CA6000336094E8030085E80300284627B0BDE85A
:10CA7000F083336843F004033360E9E72DE9F04FB6
:10CA800091B0054689460AACDDF878A00DAE0DF1EF
:10CA90002008DDE91CB784E80C000BF16C00F1F70D
:10CAA000F5F883681A690023CDF808B00F93CDE933
:10CAB0000D331AABCDE90526CDE9037A93E80300DF
:10CAC0008DE803004946404694E80C00EFF76CF807
:10CAD00098E8030084E8030051463046F5F728FC47
:10CAE0001AA92046FFF7E2FB18B13B6843F00203A6
:10CAF0003B6094E8030085E80300284611B0BDE8D8
:10CB0000F08F2DE9F04F91B0054689460AACDDF86B
:10CB100078A00DAE0DF12008DDE91CB784E80C000B
:10CB20000BF16C00F1F7B2F883689A680023CDF836
:10CB300008B00F93CDE90D331AABCDE90526CDE949
:10CB4000037A93E803008DE803004946404694E8E1
:10CB50000C00EFF729F898E8030084E80300514639
:10CB60003046F5F7E5FB1AA92046FFF79FFB18B101
:10CB70003B6843F002033B6094E8030085E8030050
:10CB8000284611B0BDE8F08F2DE9F04F91B04FF07D
:10CB90000008054689460AAC9DF880709DF87CA087
:10CBA000DDE91CB684E80C000BF16C00F0F70CFF1B
:10CBB0002521C6F80080FEF72DFF8DF83000002FEC
:10CBC00036D18DF831A08DF8327000230DAFCDF83D
:10CBD00008B00DF120080F930697CDE90D330CAB8B
:10CBE00005931E9BCDE903631AAB93E803008DE820
:10CBF00003004946404694E80C00EEF7D5FF98E85C
:10CC0000030084E803001E993846F5F791FB1AA942
:10CC10002046FFF74BFB18B1336843F00203336043
:10CC200094E8030085E80300284611B0BDE8F08FC2
:10CC30008DF831708DF832A08DF83380C5E72DE97D
:10CC4000F04192B00F46064608AC9DF8681006AD5C
:10CC500084E80C000EAA0C920022DDE91B380D922C
:10CC60008DF838200CAA029318ABCDE9038289B164
:10CC700093E803008DE803003946284694E80C0049
:10CC8000EFF712FD95E803000C9D84E80300EDF733
:10CC90008FF80FE093E803008DE80300394628463B
:10CCA00094E80C00EFF7FAFEECE70CA803F014F997
:10CCB00003F0D9FB0BAB42461D990B902846F5F7C4
:10CCC0006FFA94E8030086E803000CA803F004F967
:10CCD000304612B0BDE8F0812DE9F04F91B0064624
:10CCE0000F46DDF8749008AC9DF870B006AD09F100
:10CCF0006C00DDF87CA084E80C00F0F765FE0CAB5E
:10CD000080460A9300230B938DF830300AAB0493CE
:10CD10001E9BCDE902931AAB93E803008DE8030054
:10CD20003946284694E80C00BBF1000F12D0EFF70B
:10CD3000BBFC95E803000B9D84E803006DB994E803
:10CD4000030086E803000AA803F0C6F8304611B0D5
:10CD5000BDE8F08FEFF7A2FEEBE72946504603F05F
:10CD6000CDF90A994046DAF800304A19FEF70CFD71
:10CD7000E5E70AA803F0B0F803F075FB03F0ACB8E0
:10CD8000F8B54D680E460746681C03F0C9FD002340
:10CD9000044601462A463046F4F7BCFD00232846E7
:10CDA0003C606355F8BD13B5049CCDE900341346CF
:10CDB0000A46C1684FF00000FDF7ABFF02B010BD9E
:10CDC00030B58BB00D4604460AA901E90C00792361
:10CDD0000EAA0693129B0593119B0493109B039339
:10CDE00001AB92E8030083E80300099B20464FF063
:10CDF00000010093089BAA68FEF7B1F820460BB02B
:10CE000030BD30B58BB00D4604460AA901E90C00CF
:10CE10006D230EAA0693129B0593119B0493109BFE
:10CE2000039301AB92E8030083E80300099B2046CB
:10CE30004FF000010093089BAA68FEF790F8204687
:10CE40000BB030BD30B58BB00D4604460AA901E9E0
:10CE50000C0077230EAA0693129B0593119B049353
:10CE6000109B039301AB92E8030083E80300099B46
:10CE700020464FF000010093089BAA68FEF76FF868
:10CE800020460BB030BD30B58BB00D4604460AA924
:10CE900001E90C0064230EAA0693129B0593119BD3
:10CEA0000493109B039301AB92E8030083E8030013
:10CEB000099B20464FF000010093089BAA68FEF7EB
:10CEC0004EF820460BB030BD30B58BB00D46044651
:10CED0000AA901E90C0074230EAA0693129B05937C
:10CEE000119B0493109B039301AB92E8030083E82A
:10CEF0000300099B20464FF000010093089BAA689D
:10CF0000FEF72DF820460BB030BD81684FF00000D1
:10CF1000FEF722B8F0B591B00F4605460AAC08AE50
:10CF200084E80C00002316AA07930D930EAB06931A
:10CF30000DAB0593199B04939DF86030039301ABEF
:10CF400092E8030083E803000B9B4FF0000130469A
:10CF50000093BA680A9BEEF795F80D9B96E80300DC
:10CF600084E803005BB91B9BDDE90E01C3E9000106
:10CF700094E8030085E80300284611B0F0BD1A9A32
:10CF80001360F5E710B588B004460DF1200C0CE9EC
:10CF90000C00002304939DF8303003930B9B029305
:10CFA0009DF828300193079B009313468A684FF041
:10CFB0000001FEF72EF8204608B010BD0A460169B0
:10CFC0004FF00000FDF7C4BF07B50092D1E9002380
:10CFD00001694FF00000FDF776FF03B05DF804FB38
:10CFE00010B50446EFF7E6FF204603F0CDF92046E2
:10CFF00010BD10B50446EFF7EFFF204603F0C4F96B
:10D00000204610BD10B50446EFF7FAFF204603F0A6
:10D01000BBF9204610BD10B50446F0F705F82046D0
:10D0200003F0B2F9204610BD10B50446F0F70AF837
:10D03000204603F0A9F9204610BD10B50446F0F7CC
:10D0400017F8204603F0A0F9204610BD10B504469D
:10D05000F0F720F8204603F097F9204610BD10B5F0
:10D060000446F0F729F8204603F08EF9204610BD5B
:10D0700030B514460D4687B00846FEF7B6FD84F875
:10D0800024002846FEF7B4FD0023294684F8250035
:10D09000A36068466361E361012384F86430FEF7AE
:10D0A000AAFD694604F10800FFF76AFEE0606846E1
:10D0B00002F012FF29466846FEF7A4FD694604F116
:10D0C0001400FFF75DFEA061684602F005FF2946E7
:10D0D0006846FEF79EFD694604F11C00FFF750FE0E
:10D0E0002062684602F0F8FE07B030BD684602F0E4
:10D0F000F3FE03F0B8F9F9E7F8E710B40846114673
:10D100001A46DDE9013401945DF8044BFEF729BEAF
:10D1100010B586B014461A466846089BFEF728FEEE
:10D1200069462046EFF71EFF684602F0D5FE06B0BE
:10D1300010BD684602F0D0FE03F095F930B51446F4
:10D140000D4687B00846FEF721FD60742846FEF7BD
:10D1500020FDA0742846FEF73BFD00232946E0622F
:10D16000A36068466361E3616362012384F843302E
:10D17000FEF712FD694604F10800FFF701FEE060CA
:10D18000684602F0A9FE29466846FEF70CFD69468E
:10D1900004F11400FFF7F4FDA061684602F09CFE64
:10D1A00029466846FEF706FD694604F11C00FFF7B4
:10D1B000E7FD2062684602F08FFE29466846FEF7CA
:10D1C00000FD694604F12400FFF7DAFDA06268461D
:10D1D00002F082FE2846FEF7FEFC20632846FEF79A
:10D1E000FFFC606307B030BD684602F075FE03F0D7
:10D1F0003AF9F9E7F8E7F7E730B514460D4687B096
:10D200000846FEF794FC60742846FEF793FCA07471
:10D210002846FEF7AEFC00232946E062A36068467C
:10D220006361E3616362012384F84330FEF785FCA8
:10D23000694604F10800FFF7A3FDE060684602F0CC
:10D240004BFE29466846FEF77FFC694604F1140050
:10D25000FFF796FDA061684602F03EFE294668464B
:10D26000FEF779FC694604F11C00FFF789FD206296
:10D27000684602F031FE29466846FEF773FC6946AF
:10D2800004F12400FFF77CFDA062684602F024FE52
:10D290002846FEF771FC20632846FEF772FC6063A7
:10D2A00007B030BD684602F017FE03F0DCF8F9E77E
:10D2B000F8E7F7E710B586B00C4611461A466846FF
:10D2C000EFF728FE089A69462046FEF738FD04E08D
:10D2D000684602F001FE03F0C6F80446684602F014
:10D2E000FBFD204606B010BDF0B58FB00E461546CA
:10D2F0001F4602ACDDE916122046EFF70BFE159B28
:10D300003A463146009308A8149B0194FEF71AFD93
:10D3100008A92846EFF726FE08A802F0DDFD204602
:10D3200002F0DAFD0FB0F0BD08A802F0D5FD2046EE
:10D3300002F0D2FD03F097F8F9E708461146FEF730
:10D340000DBD0846FEF76CBC82B0F0B587B005464F
:10D3500016469DF850700FAC0D930DAB742F1398BB
:10D36000DDE911211ED00ED8642F2DD00292CDE917
:10D37000031094E803008DE80300314628460CCBE7
:10D38000FEF7A5FC1AE0772F2BD00292CDE903100F
:10D3900094E803008DE80300314628460CCBFEF7E5
:10D3A000B2FC0BE0CDE90310029294E803008DE893
:10D3B0000300314628460CCBFEF735FC284607B063
:10D3C000BDE8F04002B07047CDE90310029294E846
:10D3D00003008DE80300314628460CCBFEF73FFCE6
:10D3E000ECE7CDE90310029294E803008DE8030016
:10D3F000314628460CCBFEF74EFCDFE782B02DE924
:10D40000F0438FB0174605461E9A17AC179319AB19
:10D410009DF86C10DDE91C089AB1CDE90482CDE9D4
:10D42000021093E803008DE803003946284694E88B
:10D430000C00FEF710FB28460FB0BDE8F04302B029
:10D44000704708AE0DF1280C0DF118098DF8282051
:10D45000CDE90486CDE9021093E80300CDE908C2C6
:10D460008DE803003946484694E80C00FEF712FBAD
:10D47000D8F8003099E8030084E803003BB194E851
:10D48000030085E80300304602F026FDD3E731466D
:10D490001F98EFF767FDF2E7304602F01DFD02F03E
:10D4A000E2FF82B02DE9F0478AB00446164618998B
:10D4B00013AF9DF85480DDF858909DF85CA013934D
:10D4C000B1B104AD2846EFF75DFF31462046CDE906
:10D4D00002A5CDE9008997E80C00FEF710FB28466D
:10D4E00002F0FAFC20460AB0BDE8F04702B07047EF
:10D4F000CDE9019ACDF80080314697E80C00FEF79F
:10D50000E8FAEFE7284602F0E7FC02F0ACFF10B5BE
:10D510008AB00446002000931346C96803AA099004
:10D52000FDF702FC03A92046EFF72CFF04E003A857
:10D53000FDF7A4FB02F097FF03A8FDF79FFB204631
:10D540000AB010BD2DE9F0419AB08C4606460AADEE
:10D5500013AF259C0DF1200885E80C00002320AABC
:10D56000CDE9063719930C930CAB0593239B0493D9
:10D570009DF88830039301AB92E8030083E8030031
:10D580000B9B4FF00001404600930A9BDCF80820FB
:10D59000EDF778FD0C9B98E8030085E80300002B6D
:10D5A0003BD139460DA8EFF7EDFE0D990FAB206882
:10D5B00099420E9A19D10AB102F0AEFC0E9B0021DD
:10D5C00022686360D15400230D9A0DA80E93137046
:10D5D00002F082FC95E8030086E803003846FDF778
:10D5E0004DFB30461AB0BDE8F08104F1080C6045EF
:10D5F000DDF83CC005D1C4F808C0C4E900120D93A1
:10D60000E1E7D4F808E0C4F808C0C4E90012002833
:10D61000F5D00D90CDF83CE0D5E7249A1360D9E71A
:10D620003846FDF72BFB02F01EFF30B58DB000250C
:10D63000044611980B954568039500680290109870
:10D64000CDE900301346096905AA4FF00000FDF747
:10D6500054FC05A92046EFF795FE04E005A8FDF768
:10D660000DFB02F000FF05A8FDF708FB20460DB0FA
:10D6700030BD82B037B506AD044685E80C000A9A85
:10D680000B680192002200921D69DDE90623A8477C
:10D69000204603B0BDE8304002B07047006A03F096
:10D6A0006FBEF8B50D464FF0FF3611464FF0FF370D
:10D6B0000023069A0446C0E90067C0E902331AB1A4
:10D6C000012A14BF02220122286AF6F7A5FB28B915
:10D6D000286AF6F7C3FBC317C4E900032046F8BD68
:10D6E0000346084601211B6A03F0A5BE38B50C4667
:10D6F000036A05460121204603F07EFE0028CABFCA
:10D7000024184FF0FF3314F8013C6B6238BD08B5A4
:10D710000B46016A5A1C04D01846BDE8084003F0C5
:10D7200057BE084603F02CFE003818BF01204042C7
:10D7300008BD10B50446EFF735FE204602F024FE82
:10D74000204610BD10B50446006A03F01EFE60625C
:10D7500010BD10B50446006A03F017FE216ABDE84B
:10D76000104003F087BE4A1C10B50446084602D19B
:10D77000606A431C02D0216A03F07CFE4FF0FF3345
:10D78000636210BD0FB408B50298EFF767FE10B5DD
:10D790000446EFF793FE204602F0F6FD204610BD4A
:10D7A00008B543691943EFF793FE08BD08B543690F
:10D7B0000B4343610369194201D003F07AF808BDB5
:10D7C00038B5044608460D46F0F77EFA10B12846F3
:10D7D000F0F7FAF8E0672846F0F760F810B128464D
:10D7E000F0F720F8C4F880002846F0F739F810B1B7
:10D7F0002846EFF7F9FFC4F8840038BD38B5044671
:10D800000D4603F003FB04F16C012046FFF7D8FF3F
:10D81000A567B5FA85F500236D092367A4F8743070
:10D820002361656138BD70B505460E46846904B94B
:10D8300070BDD4E901322946304698472468F6E79E
:10D8400002F0B3FE02F0DAFEF8E7013101D002F097
:10D850000AFEF4F77FF938B50446806910B9002351
:10D86000A36138BDC3685A1EC260002BF7D105689A
:10D8700002F08AFD2846F1E710B50446EFF75AFE9C
:10D88000204602F081FD204610BD10B50446EFF79A
:10D890006DFE204602F078FD204610BDD0F800C095
:10D8A000ACF10C0CDCF800C06044EEE70A680260E2
:10D8B00052F80C2C496881500022426070478368FE
:10D8C000587C70478368987C70478368D86A704733
:10D8D0008368002082B01B6BDAB262F30700C3F3E7
:10D8E000072262F30F20C3F307421B0E62F31740B7
:10D8F00063F31F6002B070478368002082B05B6BE7
:10D90000DAB262F30700C3F3072262F30F20C3F316
:10D9100007421B0E62F3174063F31F6002B07047AB
:10D920008368587C70478368987C70478368D86A9E
:10D9300070478368002082B01B6BDAB262F3070085
:10D94000C3F3072262F30F20C3F307421B0E62F3F7
:10D95000174063F31F6002B070478368002082B0F5
:10D960005B6BDAB262F30700C3F3072262F30F20A6
:10D97000C3F307421B0E62F3174063F31F6002B04C
:10D980007047836893F824007047836893F82500F4
:10D990007047002070470020704770470020914278
:10D9A00000D3704711F8013B03EB7060F7E710B547
:10D9B0000446EFF7F5FD204602F0E6FC204610BDD8
:10D9C00010B50446EFF7F6FD204602F0DDFC2046D8
:10D9D00010BD10B50446EFF7F7FD204602F0D4FC69
:10D9E000204610BD10B50446EFF7F8FD204602F0C2
:10D9F000CBFC204610BD10B50446EFF7F9FD2046DC
:10DA000002F0C2FC204610BD10B50446EFF7FAFD47
:10DA1000204602F0B9FC204610BD10B50446EFF7D1
:10DA2000FBFD204602F0B0FC204610BD10B50446B8
:10DA3000EFF7FCFD204602F0A7FC204610BD10B514
:10DA40000446EFF701FE204602F09EFC204610BD82
:10DA500010B50446EFF706FE204602F095FC20467E
:10DA600010BDD0E902218A4202D2013282607047A1
:10DA700003689B6A18470A2808D82F2918D930301C
:10DA8000C0B2814214D2A1F130007047A1F130033D
:10DA9000092BF8D9A1F16103052B02D8A1F1570098
:10DAA0007047A1F14103052B02D8A1F1370070475F
:10DAB0004FF0FF30704710B504460068FFF7D1FF04
:10DAC0004FF0FF33636010BD70B5054616460C4637
:10DAD00049B10846E3F74EFB211832462046EFF7DE
:10DAE000DFFD286070BD4FF0FF31F6E78B6813B59E
:10DAF000044601AAD969FFF7E7FF204602B010BD2E
:10DB00008B6813B5044601AA5969FFF7DDFF20466B
:10DB100002B010BD8B6813B5044601AA9968FFF7DF
:10DB2000D3FF204602B010BD8B6813B5044601AA8E
:10DB3000596AFFF7C9FF204602B010BD8B6813B5C4
:10DB4000044601AAD969FFF7BFFF204602B010BD05
:10DB50008B6813B5044601AA5969FFF7B5FF204643
:10DB600002B010BD8B6813B5044601AA9968FFF78F
:10DB7000ABFF204602B010BD8B6813B5044601AA66
:10DB8000596AFFF7A1FF204602B010BD8B6813B59C
:10DB9000044601AAD969FFF797FF204602B010BDDD
:10DBA0008B6813B5044601AA5969FFF78DFF20461B
:10DBB00002B010BD8B6813B5044601AA9968FFF73F
:10DBC00083FF204602B010BD07B5006801A90C38DC
:10DBD000EDF78EFC03B05DF804FB2DE9F0411F4624
:10DBE000037F04460D46012B164607D1914213D000
:10DBF0003846521ABDE8F04103F048BB0BB9FDF7B7
:10DC00006AFC2368324629462046D3F81CE03B468E
:10DC1000F446BDE8F0416047BDE8F0812DE9F043EE
:10DC200085B01C4680460846114603AAEFF738FD2A
:10DC300001AA814602900C992046EFF731FD59F870
:10DC40000C7C054650F80C6C4F44039006442A4661
:10DC50004946404603F0CAF8044670B94846E3F71F
:10DC600089FA81442846E3F785FA4F4505EB00041D
:10DC70000DD1341B18BF4FF0FF3403A8FFF7A4FFEA
:10DC800002A8FFF7A1FF204605B0BDE8F083A64239
:10DC900003D009F10109651CD9E70124EDE702A8C9
:10DCA000FFF792FF02F0DFFBF0B589B004460D46A6
:10DCB00006AE86E80C00139A0B680592129A04923D
:10DCC000119A03929DF8402002920EAA92E8030056
:10DCD0008DE8030020469F68294696E80C00B84767
:10DCE000204609B0F0BDF0B589B004460D4606AE39
:10DCF00086E80C00139A0B680592129A0492119A06
:10DD000003929DF8402002920EAA92E803008DE84B
:10DD100003002046DF68294696E80C00B8472046F5
:10DD200009B0F0BD70B586B0054604AC84E80C00BF
:10DD30009DF830200B6802920B9A01929DF82820E2
:10DD400000929E6894E80C00B047284606B070BD6B
:10DD500070B586B0054604AC84E80C000D9A0B68DB
:10DD600003929DF8302002920B9A01929DF8282090
:10DD70000092DE6894E80C00B047284606B070BDFB
:10DD800003689B6818470368DB6818470B6810B581
:10DD900004461B699847204610BD0B6810B5044621
:10DDA0005B699847204610BD0B6810B504469B6917
:10DDB0009847204610BD0B6810B50446DB699847AC
:10DDC000204610BD03681B6A1847036882B05B6A6F
:10DDD00002B01847036882B09B6A02B01847036814
:10DDE0009B6818470368DB6818470B6810B5044642
:10DDF0001B699847204610BD0B6810B504465B6947
:10DE00009847204610BD0B6810B504469B6998479B
:10DE1000204610BD0B6810B50446DB6998472046C4
:10DE200010BD03681B6A1847036882B05B6A02B0C2
:10DE30001847036882B09B6A02B0184703689B6862
:10DE400018470368DB6818470B6810B504461B6960
:10DE50009847204610BD0B6810B504465B6998478B
:10DE6000204610BD0B6810B504469B6998472046B4
:10DE700010BD83689A680A60DB684B6070478368EE
:10DE80001A690A605B694B60704783689A690A6027
:10DE9000DB694B60704783681A6A0A605B6A4B6093
:10DEA00070478368DA6A0A601A6B4A605A6B8A6044
:10DEB0009A6BCA60DA6B0A611A6C4A615B6C8B619F
:10DEC000704783689A6C0A60DA6C4A601A6D8A60DF
:10DED0005A6DCA609A6D0A61DA6D4A611B6E8B6178
:10DEE000704783685A6E0A609A6E4A60DA6E8A607A
:10DEF0001A6FCA605A6F0A619A6F4A61DA6F8A6153
:10DF0000D3F88020CA61D3F884200A62D3F888202D
:10DF10004A62D3F88C208A62D3F89030CB62704783
:10DF20008368D3F894200A60D3F898204A60D3F825
:10DF30009C208A60D3F8A020CA60D3F8A4200A618C
:10DF4000D3F8A8204A61D3F8AC208A61D3F8B02076
:10DF5000CA61D3F8B4200A62D3F8B8204A62D3F871
:10DF6000BC208A62D3F8C030CB62704703689B68DC
:10DF70001847F0B589B004460D4606AE86E80C0099
:10DF8000129A0B680492119A0392109A02920EAAA6
:10DF900092E803008DE803002046DF68294696E8F2
:10DFA0000C00B847204609B0F0BDF0B589B0044672
:10DFB0000D4606AE86E80C00129A0B680492119A80
:10DFC0000392109A02920EAA92E803008DE80300D1
:10DFD00020461F69294696E80C00B847204609B03C
:10DFE000F0BDF0B589B004460D4606AE86E80C00DB
:10DFF000129A0B680492119A0392109A02920EAA36
:10E0000092E803008DE8030020465F69294696E800
:10E010000C00B847204609B0F0BDF0B589B0044601
:10E020000D4606AE86E80C00129A0B680492119A0F
:10E030000392109A02920EAA92E803008DE8030060
:10E0400020469F69294696E80C00B847204609B04B
:10E05000F0BDF0B589B004460D4606AE86E80C006A
:10E06000129A0B680492119A0392109A02920EAAC5
:10E0700092E803008DE803002046DF69294696E810
:10E080000C00B847204609B0F0BD03689B681847EC
:10E0900073B5079E04460D680196069E0096ED68CE
:10E0A000A847204602B070BD03681B69184710B42A
:10E0B0000468A468A4465DF8044B604738B50D6851
:10E0C0000446ED68A847204638BD2DE9F0430025F9
:10E0D00003F1FF3EDDE907642F4612F807C0A4EB09
:10E0E0000608D319E04509DC471EA64212D1404478
:10E0F000013D14D2934221D1BDE8F0834FFA8CF94F
:10E10000B9F1000FF0DDBE45A4EB0C048CBF013764
:10E110000135E2E716F801CB07F801CFE5E701701A
:10E1200007461E7804EB060C644502D101363044E4
:10E13000DEE714F801EB07F801EFF5E7017006469A
:10E1400013F8015D6719BC4202D101352844D1E7BB
:10E1500014F801CB06F801CFF5E7F7B5DDE908744F
:10E1600008461946DDE90A36BFB1FD1A03EB050C76
:10E17000CDE9003C134602462046FFF7A6FF041BEC
:10E1800047B13268521B02D0394603F07FF833683A
:10E190005B1B1C44346003B0F0BD3568E6E773B523
:10E1A000099C0E4619462368DDE907500344CDE972
:10E1B0000003134628463246FFF787FF401B2060C6
:10E1C00002B070BD2DE9F0471D46C368894614466C
:10E1D00003F0B003DDE90867202BA6EB0706BA467B
:10E1E0000ED127B13A462946204603F04FF8002EBB
:10E1F0005AD032464946E019BDE8F04703F06DB801
:10E20000102B0ED04FF00008002E45D1B7EB080AB6
:10E210004AD0524605EB0801A019BDE8F04703F0CB
:10E2200035B86C30EFF7D0FB2D218046FDF7F2FBBF
:10E230002B78834205D12B784FF0010804F8013B7D
:10E24000E2E72B214046FDF7E5FB2B788342F2D035
:10E2500030214046FDF7DEFB2B788342D2D1012FDF
:10E26000D0DD78214046FDF7D5FB6B78834209D19C
:10E270002B7802344FF0020804F8023C6B7804F863
:10E28000013CC1E758214046FDF7C4FB6B7883424F
:10E29000EED03EB14FF0000832464946204603F02A
:10E2A0001CF8B3E7B046B4E7BDE8F08737B5089D82
:10E2B000184614462B68CDE90023DDE90623FFF755
:10E2C00081FF2C6003B030BD70B59DF810407CB16B
:10E2D00003460A26B1FBF6F506FB1514144424790F
:10E2E00003F8014D0C462946092CF3D8C01A70BD1D
:10E2F00003F04A04402C09D1034601F00704C90881
:10E300001444247903F8014DF7D1EFE713F4804F5B
:10E3100003460CBF04241424224401F00F0409090D
:10E32000145D03F8014DF8D1E0E72DE9F041144602
:10E330009DF820201D460746DDE90683AAB1064662
:10E34000204629460A220023E2F79AF9424413792B
:10E35000224604460A2A06F8013D2B460D4673F173
:10E360000003EDD2B81BBDE8F08103F04A02402A59
:10E370000ED1064604F00703E408434444EA45741A
:10E38000ED081B7906F8013D54EA0503F2D1E9E7EF
:10E3900013F4804F06460CBF04231423984404F062
:10E3A0000F03240918F8033044EA05742D0906F810
:10E3B000013D54EA0503F2D1D4E738B50B680446B1
:10E3C0000D4653F80C0C206002F0AAFA0023014617
:10E3D000606022682846EDF71FF8204638BD10B56A
:10E3E0000446406808B101F0D1FF204610BD38B5A1
:10E3F0000B6804460D4653F80C0C206002F090FAAE
:10E4000000230146606022682846EDF705F82046A3
:10E4100038BD10B50446406808B101F0B7FF20468A
:10E4200010BD2DE9F04F8DB004AFBE6CD7F8508011
:10E43000C7E9011007F1100106F16C0081E80C003A
:10E44000EFF7B8FBF56800F1260386B005F04A0A3D
:10E4500004460DF1100B4146BAF1400FFB600AD0A3
:10E46000BAF1080F07D0B8F1000F01DCC8F10001C4
:10E470004FF0010901E04FF00009CDF800902B4664
:10E48000FA680BF11400FFF71FFF227CC0F11403A0
:10E49000F8615B44B2B1400094F8252007F11C01FB
:10E4A000093020F00700ADEB000D0DF1120BCDE9A6
:10E4B0000231CDE9006B13467868D4E90212FFF708
:10E4C0006EFE5B46FA69B9F1000F32D0B8F1000F69
:10E4D0002CDB280506D594F82710013203F8011C1F
:10E4E000013BFA61B268F969914211DAD11D21F05C
:10E4F0000701ADEB010D07F11C0104AC0094CDE95F
:10E500000131334697F84C107868FFF7CFFE234669
:10E510000022B260FA690092B868D7E90412FDF7E8
:10E520002EFCB8682437BD46BDE8F08F94F826105D
:10E53000D3E7A905D6D5B8F1000FD3D0BAF1400F73
:10E5400002D194F82A10C8E7C5F38035F968023281
:10E55000023B29448978FA61597094F82A1019709D
:10E56000C0E730B587B0054604AC84E80C000C9BCE
:10E5700002939DF82C3001930A9B009394E80C00C1
:10E58000FFF74FFF284607B030BD2DE9F04F8DB0A3
:10E5900004AF07F11005D7F8489097F8506007F1DD
:10E5A0001804B86085E80C00D9F80C2097F84C30B6
:10E5B00012F0010FFA6016D1CDF800902046CDE997
:10E5C000013695E80C00FFF72CFFBB6894E80300C8
:10E5D00038613975243795E8030083E8030018464D
:10E5E000BD46BDE8F08F09F16C007B60EFF7E2FA01
:10E5F0007B687EB3D0E905A8D9F80860B0453BDA5E
:10E60000A6EB08061946F21D22F00702ADEB020D3B
:10E6100032460DF1100B584602F05FFE0023C9F898
:10E620000830FB6803F0B003202B16D15346204678
:10E63000CDF8008095E80600FDF7A1FB5B4694E865
:10E640000300386139750096204695E80600FDF70D
:10E6500096FBBAE7D0E907A8CEE7204600965B46CE
:10E6600095E80600FDF78BFB94E8030038613975E7
:10E670005346CDF80080E7E70023C9F80830F7E7F4
:10E680002DE9F04F8BB004AF3D6CC7E9001007F1E6
:10E69000080105F16C0081E80C00EFF78BFAEE68D9
:10E6A00086B0044606F04A0900F126080DF1100B69
:10E6B000B9F1400F5FD0B9F1080A18BF4FF0010A55
:10E6C000CDF800A033464246B96C0BF11400FFF7B9
:10E6D000FBFD227CC0F1140378615B44B2B14000C1
:10E6E00094F8252007F11401093020F00700ADEB64
:10E6F000000D0DF1120BCDE90231CDE9005B13469F
:10E700003868D4E90212FFF74AFD5B46BAF1000F00
:10E710000DD1B2050BD5BA6C4AB1B9F1400F7A6987
:10E720002CD194F82A100132013B19707A61AA6841
:10E730007969914211DAD11D21F00701ADEB010D8C
:10E7400007F1140104AC0094CDE901312B4697F890
:10E7500044103868FFF7AAFD23460022AA607A69B0
:10E7600000927868D7E90212FDF709FB78681C3738
:10E77000BD46BDE8F08F4FF0000AA1E7C6F3803632
:10E780000232023B08EB060189787A61597094F8ED
:10E790002A101970CBE730B587B0054604AC84E881
:10E7A0000C000C9B02939DF82C3001930A9B009364
:10E7B00094E80C00FFF764FF284607B030BD2DE950
:10E7C000F04188B005460E9E04AC06AFD6F80C802A
:10E7D000384684E80C0028F4804323F04A0343F4CD
:10E7E0000273F360109B02939DF83C30CDE9006307
:10E7F00094E80C00FFF744FFC6F80C8097E803008C
:10E8000004908DF8141094E8030085E8030028466E
:10E8100008B0BDE8F0812DE9F04F8DB004AFBE6CBB
:10E82000C7E9001007F1100106F16C0081E80C0047
:10E83000D7E91498EFF7BEF9F56800F126038AB01E
:10E8400004464A46BB6005F04A030DF1100BFB601D
:10E850004346F96840290DD008290BD0B9F1010FC2
:10E8600078F1000103DAD9F1000268EB48034FF0B8
:10E87000010A01E04FF0000A0BF12800CDE9015A2E
:10E88000B9680091FFF751FD227CC0F12803F861BF
:10E890005B44B2B1400094F8252007F11C01093017
:10E8A00020F00700ADEB000D0DF1120BCDE90231A8
:10E8B000CDE9006B13463868D4E90212FFF76FFC0C
:10E8C0005B46FA69BAF1000F32D0B8F1000F2CDBC9
:10E8D000280506D594F82710013203F8011C013BE6
:10E8E000FA61B268F969914211DAD11D21F007018C
:10E8F000ADEB010D07F11C0104AC0094CDE9013131
:10E90000334697F84C103868FFF7D0FC23460022B6
:10E91000B260FA6900927868D7E90412FDF72FFA1D
:10E9200078682437BD46BDE8F08F94F82610D3E709
:10E93000A905D6D559EA0808D3D0F968402902D1EB
:10E9400094F82A10C8E7C5F38035B9680232023B53
:10E9500029448978FA61597094F82A101970C0E72F
:10E9600030B587B0054604AC84E80C00DDE90C2323
:10E97000CDE902239DF82C3001930A9B009394E883
:10E980000C00FFF748FF284607B030BD2DE9F04FD7
:10E990008DB004AFC7E9021007F11001BD6C81E82A
:10E9A0000C003B6D05F16C007B607B6D3B60EFF70D
:10E9B00001F9EE688AB0044600F1260806F04A091B
:10E9C0000DF1100BB9F1400F62D0B9F1080A18BF70
:10E9D0004FF0010ACDF800800BF12800CDE9016A63
:10E9E000D7E90032FFF7A1FC227CC0F12803F861CF
:10E9F0005B44B2B1400094F8252007F11C010930B6
:10EA000020F00700ADEB000D0DF1120BCDE9023146
:10EA1000CDE9005B1346B868D4E90212FFF7BFFBEB
:10EA20005B46BAF1000F0FD1B2050DD5D7E9001240
:10EA30000A4309D0B9F1400FFA692CD194F82A1091
:10EA40000132013B1970FA61AA68F969914211DA41
:10EA5000D11D21F00701ADEB010D07F11C0104AC44
:10EA60000094CDE901312B4697F84C10B868FFF7B8
:10EA70001DFC23460022AA60FA690092F868D7E9D3
:10EA80000412FDF77CF9F8682437BD46BDE8F08F25
:10EA90004FF0000A9EE7C6F380360232023B08EBD5
:10EAA00006018978FA61597094F82A101970CBE739
:10EAB00030B587B0054604AC84E80C00DDE90C23D2
:10EAC000CDE902239DF82C3001930A9B009394E832
:10EAD0000C00FFF75BFF284607B030BD2DE9F04F73
:10EAE0002DED028B8FB08A468146B0EE408AF0EE63
:10EAF000608A04AFD7F8588007F1080108F16C0468
:10EB0000204681E80C00EFF755F8D8F804B0064627
:10EB100097F86020BBF1000F07F118014046B8BF1D
:10EB20004FF0060B02F09CF9D8F80C308CB003F4CF
:10EB3000827304ADB3F5827F7BD0EBF739F907F12F
:10EB4000180378612D22294607F11400CDF800B092
:10EB50008DED028BECF744FF2C28386117DD421C49
:10EB6000083020F007007A60ADEB000DEBF720F9DC
:10EB7000786104ADCDF800B007F1180307F1140077
:10EB800029468DED028B7A68ECF72AFF3861204622
:10EB9000EEF71AFF3A692946D31D2A4423F00703EA
:10EBA000ADEB030D0DF117044FEAD40B24F007046D
:10EBB0002346FFF712F82E23396907F1140228467D
:10EBC0003B757960FCF7E3FA7968002858D0431B5D
:10EBD00096F82420E01803F83B20337C002B5DD10D
:10EBE000D8F808203B69934211DAD31D504623F030
:10EBF0000703ADEB030D07F1100304ADCDE90143AD
:10EC00002C460095434697F85C10FFF74FFB002316
:10EC10004846C8F808303B6900932346D7E90212FA
:10EC2000FDF7ADF848462C37BD46BDEC028BBDE87C
:10EC3000F08FEBF7BDF807F1180378612D22294614
:10EC400007F114008DED008BECF7CAFE2C2838611B
:10EC50009DDD00F1080300F1010B23F00703ADEB8C
:10EC6000030DEBF7A5F807F1180304AD78615A46D8
:10EC700007F1140029468DED008BECF7B1FE85E716
:10EC8000337C002BACD0022908DD6A78392AA7D85A
:10EC9000AB78303B092BA3D82F2AA1D94B000733DF
:10ECA00023F00703ADEB030D2B782D2B0DF1100B8B
:10ECB00001D02B2B1AD12378013901258BF8003094
:10ECC000396107F1100296F825302C4403920BEBC2
:10ECD000050202945C46CDE900025046D6E90212D4
:10ECE000FFF73BFA3B692B443B6179E70025E8E7F6
:10ECF00030B587B0054604AC84E80C0000230293CD
:10ED00009DF82C3001930A9B009394E80C00FFF7C8
:10ED1000E5FE284607B030BD2DE9F04F2DED028B02
:10ED20008FB08A468146B0EE408AF0EE608A04AF2A
:10ED3000D7F8588007F1080108F16C04204681E8F3
:10ED40000C00EEF737FFD8F804B0064697F86020BD
:10ED5000BBF1000F07F118014046B8BF4FF0060B9A
:10ED600002F07EF8D8F80C308CB003F4827304AD56
:10ED7000B3F5827F7BD0EBF71BF807F118037861BE
:10ED80002D22294607F11400CDF800B08DED028B3D
:10ED9000ECF726FE2C28386117DD421C083020F0E5
:10EDA00007007A60ADEB000DEBF702F8786104AD77
:10EDB000CDF800B007F1180307F1140029468DEDD6
:10EDC000028B7A68ECF70CFE38612046EEF7FCFD0A
:10EDD0003A692946D31D2A4423F00703ADEB030DFE
:10EDE0000DF117044FEAD40B24F007042346FEF775
:10EDF000F4FE2E23396907F1140228463B75796029
:10EE0000FCF7C5F97968002858D0431B96F82420F0
:10EE1000E01803F83B20337C002B5DD1D8F80820A4
:10EE20003B69934211DAD31D504623F00703ADEB43
:10EE3000030D07F1100304ADCDE901432C46009505
:10EE4000434697F85C10FFF731FA00234846C8F8AC
:10EE500008303B6900932346D7E90212FCF78FFF85
:10EE600048462C37BD46BDEC028BBDE8F08FEAF773
:10EE70009FFF07F1180378612D22294607F114003E
:10EE80008DED008BECF7ACFD2C2838619DDD00F199
:10EE9000080300F1010B23F00703ADEB030DEAF7C4
:10EEA00087FF07F1180304AD78615A4607F1140093
:10EEB00029468DED008BECF793FD85E7337C002B25
:10EEC000ACD0022908DD6A78392AA7D8AB78303B64
:10EED000092BA3D82F2AA1D94B00073323F007030E
:10EEE000ADEB030D2B782D2B0DF1100B01D02B2B3F
:10EEF0001AD12378013901258BF80030396107F1E7
:10EF0000100296F825302C4403920BEB0502029474
:10EF10005C46CDE900025046D6E90212FFF71DF922
:10EF20003B692B443B6179E70025E8E730B587B0C2
:10EF3000054604AC84E80C004C2302939DF82C3069
:10EF400001930A9B009394E80C00FFF7E5FE284626
:10EF500007B030BDF0B587B0054604AC0F9E9DF8F4
:10EF6000307084E80C000D9B9DF838200093CDE9AB
:10EF7000012694E80C0027B1EFF75CF8284607B0AB
:10EF8000F0BDEFF78FF9F9E72DE9F043A7B004469C
:10EF90002E9E02AD9DF8C4906C369DF8C870304628
:10EFA00085E80C00EEF710FD80463046EEF76EFE69
:10EFB000252106464046FCF72DFD8DF81400CFB9FB
:10EFC0008DF815908DF81670309B06A9802230467A
:10EFD000009305AB02F01EF806A8E2F7CBF806ABEB
:10EFE0000090204695E80600FCF7C9FE204627B0B1
:10EFF000BDE8F08300238DF815708DF816908DF81C
:10F000001730E1E72DE9F74F05466C464FF0000950
:10F01000DDF840A04FF00A0B4E46DDE9120784E808
:10F020000C006C30EEF7D0FC80460CA92046FDF7B2
:10F030004FF970B1119B9E420BD02046FDF727F986
:10F040002A22C1B24046FCF7F6FC3038C2B2092A87
:10F0500010D9C6B10F9A914515DBD14513DC0E9A34
:10F06000C2F8009094E8030085E80300284603B046
:10F07000BDE8F08F0BFB0909D145EADC20460136DB
:10F08000FEF719FDD1E73B6843F004033B60E9E775
:10F090002DE9F04F8DB000AFF86107F12004F86E54
:10F0A0006C3084E80C00EEF78FFC6A46BB6E0546B8
:10F0B00007F158012046A2EBC3039D46DB08E84652
:10F0C000BB61FDF705F9002800F07281BB6E204698
:10F0D0004FF0000B9B007B61BB6E08EB8309FDF7D3
:10F0E000D6F8C4B228462146FCF791FC21460646D4
:10F0F0002846FCF789FC5C468246BB6E9B450BD1DB
:10F100000026012C2BD8012C40F0528107F1200061
:10F110000136FEF7D0FCE2E07B6E284653F82B3038
:10F120001978FCF774FC86420FD1A3003B617B6E1B
:10F1300053F82B00E2F71EF83B6949F8240001342C
:10F1400048F803B00BF1010BD7E77B6E284653F864
:10F150002B301978FCF758FC8245F3D1E5E7CB4614
:10F1600009EB84005BF8043BFB625B461A46F96AD4
:10F170000433D2F800C08C4507F12C0128BF0A46A1
:10F180009842D2F800A0C7F82CA0EFD1013607F1C1
:10F190002000FEF790FCB24547D107F1580107F176
:10F1A0002000FDF795F8824600B307F12000FDF737
:10F1B0006EF8C1B22846FCF72AFC386107F120003E
:10F1C000FDF765F8C1B22846FCF71EFC0023F86085
:10F1D000796E58F8232051F8222059F82310B142B3
:10F1E0005AD801339C42F3D14FF0000A002359F85A
:10F1F0002320911B4A424A41524509BF04F1FF3482
:10F20000013358F8242048F8232004BF59F824205B
:10F2100049F823209C42EAD8BAF1000F5BD0D9F814
:10F22000003001218C42FB6249D8FB6AB3427FF671
:10F230006AAF07F1580107F12000FDF749F80028EF
:10F240003FF461AF07F120004FF0000AFDF71FF80F
:10F25000C1B22846FCF7DBFB386107F12000FDF75F
:10F2600016F8C1B22846FCF7CFFBF86054457FF68C
:10F2700048AF7B6E284658F82A204FEA8A0B53F88D
:10F280002220915DBA60FCF7C2FB3B69BA688342F9
:10F290006DD10AF1010AE9E7915D28467B60BA6009
:10F2A000FCF7B5FB3B698342A0D0BA682846915D64
:10F2B000FCF7AAFBFB6883427B6892D196E75A462B
:10F2C00001310BF1040B1068834207F12C0398BF46
:10F2D0001A461368A6E7022C2CD0012C68D1D8F866
:10F2E0000040D7E9053253F832807B6E53F8243062
:10F2F00003EB0609464562D207F1580107F12000E9
:10F30000FCF7E6FF002853D019F8011B2846FCF74C
:10F310007EFB824607F12000FCF7B9FFC1B2284608
:10F32000FCF775FB824533D107F120000136FEF76B
:10F33000C2FBDFE7BB6EDB073AD4D8F80030B86E0B
:10F34000BA6EB3EB500F4FEA5201D8F8042002D244
:10F350000B449342C2E75B1A934229D1C8F80030AC
:10F36000D9F80430D7E9052142F83130B7E7915D8B
:10F370002846FCF749FBFB6883428AD0013C58F8D9
:10F38000242048F80B2059F8242049F80B206DE779
:10F3900019F8011C2846FCF737FB824607F12000CC
:10F3A000FCF775FFC1B22846FCF72EFB8245BBD0A7
:10F3B0003B6F3A6F1B6843F00403136002E0F7D120
:10F3C0003B6E1C60FB69D7E90801343783E8030012
:10F3D0001846BD46BDE8F08F2DE9F04F87B0814655
:10F3E00000AF786D07F110066C30D7E913AB86E8F3
:10F3F0000C00EEF7E9FA6B46F86007F14001A3EB69
:10F40000CB0330469D46E846FCF762FF002800F03B
:10F41000838000243046FCF73AFF2546C3B24FEA0A
:10F420004B02A24237D1002D76D030460024FEF7A1
:10F4300042FBAB00073323F00703ADEB030D6E4631
:10F4400058F824305AF82300E1F794FE46F82400D7
:10F450000134A542F4D1012507F1400107F1100064
:10F46000FCF736FF58BB012C5AD13368AB425ED152
:10F47000D8F80030BA6C5B45A8BFA3EB0B03136050
:10F4800007F118031C3713E9030089E80300484615
:10F49000BD46BDE8F08F5AF824100978994204D18E
:10F4A00048F8254001350134BBE7F868C7E9013267
:10F4B000FCF7AAFA7B68BA689842F4D1F0E707F142
:10F4C0001000FCF7E4FE0023C0B219469C4207D8A6
:10F4D0008C42C8D007F110000135FEF7ECFABBE70B
:10F4E00056F823204FEA830E06EB830CAA4202D87B
:10F4F00001310133EAE758F823205AF82220525DFF
:10F500008242F6D0013C58F8242048F80E2056F8E4
:10F510002420CCF80020D9E70024254626469BE786
:10F52000022C04D13368AB42A2D073689EE7BB6D56
:10F53000BA6D1B6843F00403A1E770B588B00446B8
:10F540000E4606AD85E80C00109B04930F9B0393B9
:10F550000E9B02930CAB93E803008DE8030020465A
:10F56000314695E80C00F0F7C1F8204608B070BDB0
:10F570002DE9F04F91B00D460CAF0690DDF8789074
:10F58000DDE91C0B87E80C00C368DB0739D44FF0BA
:10F59000FF3302900AAC0F930FABCDE903B31AAB64
:10F5A00093E803008DE803002946204697E80C0005
:10F5B000F0F79CF80F9B94E80300012B87E8030009
:10F5C0000CD803F0010389F80030069B97E803008C
:10F5D00083E80300184611B0BDE8F08F01231AA993
:10F5E000384689F800300423CBF80030FCF75EFE83
:10F5F0000028EAD0DBF8003043F00203CBF80030FB
:10F60000E3E76C304FF0010AEEF7D4FA056A84693B
:10F610000646B5FA85F55346B4FA84F452466D09A8
:10F6200064090AF1FF38BDB1B4B10021002A00F02D
:10F630009B80326A424540F09780B8F1000F00F09D
:10F640009F80002289F8002013B1B36943456AD036
:10F650004900CBF80010B8E71AA93846CDE90723CE
:10F66000FCF724FE0146DDE907230028DED10990DE
:10F670003846FCF70CFEC0B2DDE9083175B1079AD7
:10F680008AB1002C37D0002B3AD03846FEF713FA57
:10F69000356A55458CBF002501252AE0F26912F82C
:10F6A0000820824209D0002C33D01BB1B3699845A1
:10F6B0005ED0002389F8003035E06CB1002BE4D136
:10F6C00038460793FEF7F7F9356A2146079BAA45A6
:10F6D00034BF002501253EE0736913F808309342DA
:10F6E0002ED13846FEF7E7F9356AAA4534BF002522
:10F6F000012501241DE0736913F808308342F0D01E
:10F70000336A98453CD1B8F1000F29D189F80080BF
:10F7100009E0736913F80830834206D0002D08BF52
:10F720002C4689F80040042368E701253846FEF797
:10F73000C2F9B169012351458CBF002101210AE0C2
:10F740003846FEF7B8F9356A23460124AA45214612
:10F7500034BF0025012522460AF1010A0C4660E764
:10F76000002389F8003073E753B1B369434507D1EB
:10F77000B8F1000F04D00123994089F8003068E700
:10F78000002389F800300029CDD0062336E770B574
:10F7900088B004460E4606AD85E80C00109B049325
:10F7A0000F9B03930E9B02930CAB93E803008DE831
:10F7B00003002046314695E80C00F0F75DF920463D
:10F7C00008B070BD70B588B004460E4606AD85E839
:10F7D0000C00109B04930F9B03930E9B02930CABA6
:10F7E00093E803008DE803002046314695E80C00BD
:10F7F000F0F706FB204608B070BD70B588B004462F
:10F800000E4606AD85E80C00109B04930F9B0393F6
:10F810000E9B02930CAB93E803008DE80300204697
:10F82000314695E80C00F0F79DFC204608B070BD0D
:10F830002DE9F0418CB005468C46149E08AC06AF0D
:10F84000D6F80C8084E80C0028F04A0343F0080343
:10F85000F3600BAB0493159BCDE9026312AB93E805
:10F8600003008DE803006146384694E80C00F0F789
:10F8700079FC169B0B9A97E80300C6F80C801A6077
:10F8800084E8030085E8030028460CB0BDE8F08159
:10F8900070B588B004460E4606AD85E80C00109B96
:10F8A00004930F9B03930E9B02930CAB93E803000E
:10F8B0008DE803002046314695E80C00F0F704FE81
:10F8C000204608B070BD70B588B004460E4606AD3F
:10F8D00085E80C00109B04930F9B03930E9B0293EF
:10F8E0000CAB93E803008DE803002046314695E811
:10F8F0000C00F0F7E3FF204608B070BD2DE9F04F93
:10F900008FB04FF0000A064688460AACCDF834A006
:10F9100008ADDDE91AB784E80C000BF16C00EEF7D6
:10F9200053F80DAB0222CDF80CA08146CDE906B309
:10F930006323CDE904320CAB029318AB93E80300C8
:10F940008DE803004146284694E80C00FFF75AFB77
:10F950000D9B95E8030084E80300002B51D118A902
:10F960002046FCF7B5FC002846D02046FCF78FFC6B
:10F970002A22C1B24846FCF75EF8A0F13005EBB28E
:10F98000092B39D820464FF00A08FEF794F80C9B53
:10F9900018A9204608FB03550C95FCF799FC98B173
:10F9A0002046FCF774FC2A22C1B24846FCF743F813
:10F9B000A0F13005EBB2092B06D82046FEF77BF804
:10F9C0000C9B08FB03550C950C9BA3F26C730C93DA
:10F9D0001C9B0C9A5A6118A92046FCF767FC18B1C9
:10F9E0003B6843F002033B6094E8030086E80300B1
:10F9F00030460FB0BDE8F08F0C9B442BE8DC64333D
:10FA0000E5E73B6843F004033B60E4E72DE9F0479A
:10FA10009CB0054688460AAC0DF1380ADDE9269609
:10FA200084E80C0009F16C00EEF730F90746514606
:10FA3000FEF747FA384615A908AFFEF732FA002359
:10FA40000D930DABCDE905930723CDE903A30CABD3
:10FA5000029324AB93E803008DE803004146384647
:10FA600094E80C00FFF7B8FC0D9B97E8030084E8CE
:10FA700003009BB9289B0C9A9A6124A92046FCF7A5
:10FA800015FC18B1336843F00203336094E80300B7
:10FA900085E8030028461CB0BDE8F087336843F0D2
:10FAA00004033360E9E72DE9F047A6B00546884630
:10FAB0000AAC0DF1380ADDE9309684E80C0009F152
:10FAC0006C00EEF7E3F807465146FEF729FA384690
:10FAD0001AA908AFFEF705FA00230D930DABCDE987
:10FAE00005930C23CDE903A30CAB02932EAB93E853
:10FAF00003008DE803004146384694E80C00FFF708
:10FB00006BFC0D9B97E8030084E803009BB9329BD4
:10FB10000C9A1A612EA92046FCF7C8FB18B133686D
:10FB200043F00203336094E8030085E803002846AD
:10FB300026B0BDE8F087336843F004033360E9E79B
:10FB40002DE9F04F93B0054689460AACDDF880A058
:10FB50000FAE0DF12008DDE91EB784E80C000BF1B3
:10FB60006C00EEF793F80DA9FEF789F900230696CD
:10FB70001193CDE90F330D9BCDE904A31CABCDE967
:10FB800002B793E803008DE803004946404694E835
:10FB90000C00EEF757FD98E8030084E80300514697
:10FBA0003046F2F7C5FB1CA92046FCF77FFB18B1D5
:10FBB0003B6843F002033B6094E8030085E80300E0
:10FBC000284613B0BDE8F08F2DE9F04F93B00546FD
:10FBD00089460AACDDF880A00FAE0DF12008DDE902
:10FBE0001EB784E80C000BF16C00EEF74FF80DA97E
:10FBF000FEF73FF9002306961193CDE90F330D9BD5
:10FC0000CDE904A31CABCDE902B793E803008DE86E
:10FC100003004946404694E80C00EEF713FD98E8CF
:10FC2000030084E8030051463046F2F781FB1CA92B
:10FC30002046FCF73BFB18B13B6843F002033B60F6
:10FC400094E8030085E80300284613B0BDE8F08F70
:10FC500010B50446F1F736FD204600F095FB20462E
:10FC600010BDD0F800C0ACF10C0CDCF800C0604452
:10FC7000EEE70A68026052F80C2C49688150704720
:10FC800038B5456804462B6853F80C3C1D44EB68B6
:10FC90009B0410D500F0D6FC68B9A86F58B100F0ED
:10FCA00008F9013007D1636801211A6852F80C0C79
:10FCB0001844FDF775FD204638BD036853F80C3C29
:10FCC00003449B6F37B504464BB10146684600F0CC
:10FCD0003FF89DF800302BB96846FFF7D1FF20466A
:10FCE00003B030BD236853F80C3C2344986F00F0F8
:10FCF000E0F80130F0D12368012153F80C0C2044C6
:10FD0000FDF74EFDE8E701290D4611D100F04DFC4D
:10FD10002368294653F80C0C2044FDF747FD00F0FA
:10FD2000C8FD00F06BFC6846FFF7AAFF00F09BFBE4
:10FD300000F03BFC2368012153F80C0C2044FDF734
:10FD400035FD00F05BFCC7E700F058FCEBE7EAE7A5
:10FD500038B50023054641600C4603700B6853F824
:10FD60000C3C0B44186F18B15B690BB9FFF7A5FF8A
:10FD7000236853F80C0C204443691BB901232B70F2
:10FD8000284638BDDB07FBD50421FDF709FDF7E761
:10FD90007047704730B500224FF0FF344FF0FF3509
:10FDA000C0E90222C0E9004530BD82B08DE80C00F8
:10FDB0004FF0FF334FF0FF3202B0C0E900230023C1
:10FDC000C0E90233704700207047002070474FF0B1
:10FDD000FF307047036810B55B6A04469847431CC0
:10FDE0001EBFA36813F8010BA36010BD4FF0FF30D6
:10FDF00070474FF0FF30704710B50446F1F77AFCBA
:10FE0000204600F0C1FA204610BD2DE9F843064611
:10FE10000F4690460025454502DB2846BDE8F8839D
:10FE2000D6E90504241A10D0A8EB05093946A145E6
:10FE3000B4BF4C46A14622464D4401F027FA7369EF
:10FE4000A845274423447361E5DD3368304639789B
:10FE50005B6B98470130E0D001350137DBE72DE9D6
:10FE6000F84307460C4690460026464502DB3046DE
:10FE7000BDE8F883D7E902156D1A10D0A8EB060982
:10FE80002046A945B4BF4D46A9462A464E4401F036
:10FE9000FDF9BB68B0452C442B44BB60E5DD3B68F5
:10FEA00038469B6A9847431CE1D0013604F8010BA1
:10FEB000DBE703689B691847D0E902218A4202D335
:10FEC00003685B6A18471078704703681B6B184714
:10FED0000AB101F0DBB97047034653F8080B9842AA
:10FEE00001D000F051BA704701F1804140680139FA
:10FEF000091A914208B502D21846EDF797FA08BDE3
:10FF000003688B4206D842681344994294BF00208C
:10FF10000120704701207047012A10B404D10A78EB
:10FF20005DF8044B027070475DF8044BFFF7D0BFDB
:10FF3000012A30B403D10B78037030BC7047002A1B
:10FF4000FBD030BC01F0AFB90B461146012B10B409
:10FF5000044603D122705DF8044B7047002BFAD0A1
:10FF60001A465DF8044B01F0B8B90F2937B50446BD
:10FF70001546019106D9002201A9F1F7C7FB019BA3
:10FF80002060A360019919B12A462068FFF7DCFFC1
:10FF9000019B002122686360D15403B030BD521A26
:10FFA00008B5FFF7B9FF08BD521A08B5FFF7B4FF4F
:10FFB00008BD2DE9F3470A9E01EB02081F4643687E
:10FFC000B21A0D46A3EB080901A91A4403460446D8
:10FFD000019253F8082B9A4214BF82680F22F1F75E
:10FFE00095FB82461DB12A462168FFF795FF37B180
:10FFF0002EB1324639460AEB0500FFF78DFFB9F105
:020000040002F8
:10000000000F07D0216835444A4641440AEB0500F9
:10001000FFF782FF2046FFF75FFF019BC4F800A0B7
:10002000A36002B0BDE8F08738B50446154608461F
:1000300011446268521A05D025B123681944184446
:10004000FFF776FF6368002122685B1B6360D15471
:1000500038BD034637B553F8082B044601919A4240
:10006000019B14BF82680F2293420ED901A9F1F7B8
:100070004DFB6268216805460132FFF74DFF2046BF
:10008000FFF72AFF019B2560A36003B030BD034644
:10009000F7B553F8082B044646680F469A4206F116
:1000A000010514BF83680F239D4206D90123314601
:1000B000009300231A46FFF77CFF236800229F5518
:1000C000236865605A5503B0F0BD07B50B46009232
:1000D00000224168F1F74AFB03B05DF804FB10B55C
:1000E000446803468C4203D2091BFFF7EEFF10BDA4
:1000F00081BF0368002241605A54F8E7002208B526
:10010000FFF7EDFF08BD036837B5CC1A054600922E
:10011000012300222146F1F729FB2868204403B07F
:1001200030BD73B514460E4605461046E1F722F879
:1001300023460022314600902846F1F7D3FB02B057
:1001400070BD73B5044640682346851853F8086BA4
:100150009E4214BFA3680F239D420AD812B13044B7
:10016000FFF7DAFE23680022204665605A5502B088
:1001700070BD0B460092014600222046FFF719FF92
:10018000F0E788422DE9FF4705460C4648D0074670
:100190000E4657F8089B56F8088B4F4551D14645F7
:1001A000D0F804903FD1D1F80480B9F1000F1AD0F3
:1001B00009F10109B8F1000F26D008F10108314614
:1001C00068464246FFF784FE4A4639463046FFF706
:1001D0007FFE424669463846FFF77AFE6B686268E2
:1001E0006A6063601CE0B8F1000FF7D008F101020B
:1001F00031463846FFF76CFE63686B602368C4F8CD
:10020000049083F800900BE04A4639463046FFF7E9
:100210005FFE6B6863602B68C5F8048083F800801C
:1002200004B0BDE8F087D1F808A009F10102394611
:100230003046FFF74DFEC5F800802660C5F808A0DF
:10024000CCE74645D0F808A00BD14A68384631467D
:100250000132FFF73DFEC4F800902F60C4F808A0FB
:10026000BCE7C0F800808B68C1F800908360F5E7B8
:10027000034610B544681046A04202D34FF0FF3049
:1002800010BD1A68125C8A42FAD10130F4E710B549
:100290000446F1F75FFB04212046F9F7D0FE204623
:1002A00010BD10B50446F1F763FB04212046F9F7B1
:1002B000C6FE204610BD7FB50024102315461268E7
:1002C000CDE902340368CDE900449E696B46B0472E
:1002D0009DF8043003F00603062B05BF009B0120A8
:1002E00020462B6004B070BD009890420CBF0620E1
:1002F0000120704710B50446F1F744FB0821204661
:10030000F9F79DFE204610BD2DE9F041DDF818807B
:100310001F4606461546DDE90834984507D107997A
:10032000F9F716FF18B165710020BDE8F081394674
:100330003046F9F70DFF0028F6D00123C4F80080FD
:100340002571A371F0E738B515461C46F9F700FF93
:1003500020B108232560E3600623237138BD2DE911
:10036000F04105460C4616461F46F9F7F1FE48B91E
:10037000032F07D823683246294620465B69BDE82B
:10038000F0411847BDE8F081E4F704BFFFF7FCBF78
:100390002DE9F0410F4688B016461D46044618B9AF
:1003A000002008B0BDE8F081026852F8083C52F81D
:1003B00004CC0022C118C358CDE9052253F8040C1F
:1003C000102260450792EBD1036805AACDE900171A
:1003D000CDE902422946D3F81C8006223346C047A5
:1003E00005980028DCD09DF81A1001F00603062BB2
:1003F000D7D09DF819309DF818201A4002F0060257
:10040000062ACED003F00503042BC9D00029C7D19A
:10041000002D04DB28448442C2D10598C1E7AB1CFF
:10042000BED033680246009429461C6A30463B46DB
:10043000A04700F006000628EEE710B500F18004A2
:100440002046E4F789FE034630B92046F1F7DAFA90
:10045000034608B900F0E7F980220021184600F0B1
:100460003CFF803010BD1EB400F03DF81EBCE0F72C
:100470002DFE0378472B17D143784E2B14D1837868
:10048000552B11D1C378432B0ED10379432B0BD1BC
:1004900043792B2B08D183792B2B05D1C0790128E7
:1004A0008CBF0020012070470020704710B5044623
:1004B000F1F7C4FB02462046A4F12001FFF7D9FF63
:1004C00060B154F8043C0133012B44F8043C03D1DF
:1004D000936844F8083C9160012010BD9368002B9C
:1004E000F9D000F0A0F910B5F1F7A8FB8268014639
:1004F0000AB900F098F902F120042046FFF7B9FF8D
:1005000040B1D369013BD36113B9906988609361AD
:10051000204610BD8860FBE70378472B17D143784E
:100520004E2B14D18378552B11D1C378432B0ED188
:100530000379432B0BD143792B2B08D183792B2BB8
:1005400005D1C07901288CBF002001207047002010
:10055000704710B5044648B100F027F82046FFF771
:10056000DBFF18B154F8140C00F055F900F05BF9FA
:100570000378472B17D143784E2B14D18378552B12
:1005800011D1C378432B0ED10379432B0BD143797F
:100590002B2B08D183792B2B05D1C07901288CBF57
:1005A0000020012070470020704738B50446F1F75D
:1005B00045FB024605682046A4F12001FFF7D8FF5D
:1005C00028B90DB100F02FF91160284638BD54F854
:1005D0000C3C2046002BB4BFC3F1010301338D4214
:1005E00044F80C3C536803F1FF3353601CBF44F8DC
:1005F000105C1160656AE0F7F4F9E6E710B5F1F711
:1006000019FB026801469AB102F120042046FFF767
:10061000AFFF28B908602046BDE81040E0F7E2B916
:100620005369002B05DA013301D110690860536169
:1006300010BD013B02D113690B60ECE7591CF6D1E8
:1006400000F0F1F808B5F1F7F9FA4068003818BF82
:10065000012008BD7047704710B504460421F9F722
:10066000EEFC204610BD704700231A4630B510F846
:10067000015B05F07F049440073223432C06F6D437
:100680000B6030BD00231A4630B510F8014B04F062
:100690007F05954007322B432506F6D41F2A06D83E
:1006A000640642BF4FF0FF3404FA02F213430B60BA
:1006B00030BD50282DE9F3410646884615461F46B1
:1006C00008D1D01C20F0030050F8044B3C6002B06D
:1006D000BDE8F08100F00F030C2B2ED8DFE803F00B
:1006E00025071D25292D2D2D2D182125290001A98E
:1006F0002846FFF7B9FF019C002CE7D006F07003F5
:10070000102B08BFA8463306444448BF2468DDE7E1
:1007100001A92846FFF7B6FFEDE7284630F8024B5F
:10072000EAE7284630F9024BE6E7284650F8044B42
:10073000E2E7284650F8084BDEE7E4F7E1FC08B5AD
:1007400003460846FF2B0DD003F07003302B0FD06B
:1007500004D8202B08D005D9E4F7D2FC402B0BD0CD
:10076000502BF9D1002008BDBDE8084001F0C4B904
:10077000BDE8084001F0BDB9BDE80840E0F7B4BFEE
:1007800070B50C4615461E4601462046FFF7D7FFBA
:10079000334601462A462046BDE87040FFF789BF30
:1007A00073B50C461546064608B1E0F79DFF224694
:1007B000286012F8011BFF291CD02B1D3046FFF7C3
:1007C000DFFF0246104610F8013BFF2B14D0102328
:1007D00001A92B75FFF748FF019B0344EB6001A9BA
:1007E00010F8013B6B75FFF73FFF019B03442B6142
:1007F00002B070BD6860E5E72B750023EEE71FB51A
:1008000003AB0A46009300231946E0F7F1F803987A
:1008100005B05DF804FB08B58047E4F771FCFFF70D
:10082000C4FEE4F76DFC08B5F1F7B4FBFFF7F3FF86
:1008300008B58047FFF7F7FF08B5F1F7B1FBFFF701
:10084000F7FF012810B503D951F8140CFFF7E3FFA7
:10085000A1F12803D3E8EF2F013AC3E8E02F0028E5
:10086000F8D15AB951F81C3C01F158040BB120469B
:1008700098472046BDE81040F1F7E8B810BD70B5C4
:1008800004460D461646F1F7D9F943682946324623
:10089000013343602046F1F789FB0123044644F805
:1008A000283B2046E0F700FC2046FFF77EFEFFF7DE
:1008B000BAFF10B5F1F7C2F9D0E900420132426047
:1008C0004CB394F82020472A27D194F821204E2AAF
:1008D00023D194F82220552A1FD194F82320432AAB
:1008E0001BD194F82420432A17D194F825202B2AD1
:1008F00013D194F826202B2A0FD194F82720012A0F
:100900000BD862695242626120342046E0F7F0FB66
:100910002046FFF74AFEFFF786FF00220260F3E75A
:10092000F1F776BB08B5FFF7FBFF04E0FFF73DFEEC
:10093000FFF764FE002008BD10B50446F1F786FB02
:1009400018212046F9F77BFB204610BD2DE9F74F13
:10095000DDF830A00446884616465245994605D033
:10096000E76804EBC70447B9012022E01946F9F70C
:10097000EFFB0028F4D006201BE0E568AB071BD591
:100980002A1215F0010504D018F1030F14D03368B2
:100990009A58A068324441460368CDF800A0D3F8C5
:1009A00020B04B46D847032806D915B140F00100C6
:1009B000C0B203B0BDE8F08F013F083CD3E7F0B40C
:1009C0000D1E1646049C06DB2E44B44214BF0120C3
:1009D0000620F0BC7047023505D0056804942C6AE7
:1009E000A446F0BC60470120F3E72DE9F04F91B039
:1009F00081460F461D9DCDE90523AB681C9ADB0699
:100A000044BF8368AB601A9B934208D11B99F9F7E6
:100A10009FFB20B1059B6B714FF0000883E00699A6
:100A20004846F9F795FB98B11A9B002F2B60059B60
:100A30002B7108DB1A9B1F441C9BBB4214BF012770
:100A40000627AF71E8E70237E6D10123AB71E3E790
:100A5000002F4FF0020C4FF00008AABF1C9B07901C
:100A6000DB1BCDF82880A8BF07930123CDE908C37D
:100A7000059B43F001030B93D9F80CA009EBCA0BBB
:100A8000BAF1000F09D10A9B002B4CD0089B012B17
:100A900049D00123CDE9083AEEE70023AC68CDE95F
:100AA0000D33DBF80C300F94DE074FEA232143BFF0
:100AB0001A980B9A0068059A48BF41581A98014441
:100AC000079838B18842099E2CBF00200120B0420F
:100AD00000F0BB80980706D4BB1C02D1A60700F02B
:100AE000B68002F0FD02DBF808000DAC0368039449
:100AF0001C9C02941B9CCDE900143946DC69069BC2
:100B0000A0476B799DF839209DF83A6013430D9901
:100B1000062E6B7101D0022E09D19DF83830296064
:100B20002B71AE718046404611B0BDE8F08F2A6847
:100B3000B8F1000F13D1B2B99DF8382029602A719D
:100B400021B11BB1D9F80830DC07EBD56B79042B48
:100B5000E8D00AF1FF3AABF1080B804690E712B9F2
:100B600069B90120F2E7914206D12B799DF838202E
:100B700013432B714046E9E709B90028FAD0032B4B
:100B8000AC7904D9D90712D5AB689B070FD5002CD7
:100B900031D1032E27D9F40721D486F00103DBB22B
:100BA000032B13D800232B600123AB71D9E7012C51
:100BB00038BF0124012E38BF0126E4B2F6B286EA1E
:100BC0000403DBB2032B36D9032E1FD90D9B344609
:100BD0004FF000082B609DF838302B7116E0D9F8E3
:100BE00008309807D9D51C9B3946069800931B9B63
:100BF000FFF7E5FE0446002EE1D1032C11D9E107F1
:100C00000BD484F00103DBB2032BCBD9A307AC7167
:100C10001FD414F00100ADD184E7D9F808309A0749
:100C2000EFD51C9B39460D9A009306981B9BFFF746
:100C3000C6FE0646C3E72640F6B2032EB2D900230D
:100C400001202B600223AB716CE701230A9340461D
:100C50007FE7002066E72DE9F04F8BB005461C4684
:100C600004910192FFF76FFB002862D1D4F808903D
:100C70004FF0000AD5F80C800DF1180B19F0100F89
:100C800005EBC80718BFD5F8089009F001030593D4
:100C9000B8F1000F04D12079003818BF012049E0D5
:100CA000FA68CDF818A002F001038DF81CA0029399
:100CB00002F0020303930399059B0B43CDE9089AC5
:100CC00003D108F1FF38083FE2E7019B002B34D045
:100CD000029B121213B1019B1B689A58019B1A4484
:100CE000B868049903689B691E465B46B0470028B4
:100CF000E7D0099B082B03D1029B0BB1BB6809937A
:100D00009DF81C30032B05D9039A1AB923F002036E
:100D10008DF81C30E168C1B99BE80F0084E80F0032
:100D20002379032B05D99A0709D5AB6813F0010F76
:100D3000C7D101200BB0BDE8F08F019AD0E7DB07E7
:100D4000F7D5AB6813F0020FF2E72368069A9342D7
:100D500004D00023236002232371EAE72BB1237917
:100D60009DF81C2013432371ABE709980828F2D0A3
:100D70000829F0D0F9F7ECF90028F0D1EBE70023CF
:100D800003607047009B03201A60019A039B1A605E
:100D90007047009B03201A607047012070470120B4
:100DA0007047981A009B984228BF1846704710B5A4
:100DB0000446F1F74DFA04E02046FFF7E5FAFFF7A5
:100DC00052FB2046FFF7E0FA204610BD08B5084662
:100DD000114600F09AFA031E18BF012343EAA070DF
:100DE00008BD084611461A4600F0B1BA08B50846D3
:100DF000114600F08AFA031E18BF012343EAA070CF
:100E000008BD084611461A4600F0A1BA0622002382
:100E100013B5C0E9012341F202030446C36001A8EF
:100E2000E9F762FB01A904F16C00E8F7DDFF01A816
:100E3000E8F7CCFF02B010BD6421024690FBF1F34D
:100E400001FB130030B94FF4C87192FBF1F301FBC1
:100E5000132323B912F0030F0CBF012000207047A9
:100E6000C068252310B504050B7045BF2B248B1CCF
:100E70004B1C4C70410544BF232103F8011B00F4B7
:100E80008271B1F5827F08D10AB103F8012B10F409
:100E9000804F0CBF6122412209E02E241C702A24BD
:100EA0005C704AB99C1C042909D16622234603F8C8
:100EB000012B00221A7010BDDC1C9A70F3E7B1F50B
:100EC000807F00F4804004D100280CBF65224522B9
:100ED000ECE700280CBF67224722E7E70139013B16
:100EE000994228BF1946F0B5054606460F1801205D
:100EF000B74200D010B91344695C0FE016F8010B3B
:100F0000D45C013BA4EB000CDCF1000040EB0C00D6
:100F1000EEE713F80109441A60426041934201D0A0
:100F20000028F6D14BB2002B05DD13788B428CBF25
:100F3000002000F00100F0BD126852F80C3CFFF7F1
:100F4000CDBF73B5079B00F1080204460260D3E9E8
:100F500000530F2B05EB0306019306D9002201A9CC
:100F6000F0F7D4FB019B2060A3603246294620683D
:100F7000FFF715F8019B2268002120466360D154D9
:100F800002B070BD13B5059B04461B68A3F10C00AD
:100F900053F8043C002B05DBEAF73AFB20602046BF
:100FA00002B010BD002201A9FAF7F8F9F6E708B57A
:100FB000D2E90023FFF792FF05E0013101D0FFF7EE
:100FC00052FAF0F7C7FD08BD4068704710B50446F7
:100FD000F1F786FA2046FFF7D7F9204610BD10B585
:100FE0000446F1F78FFA2046FFF7CEF9204610BDF0
:100FF00010B50446F1F798FA2046FFF7C5F92046E8
:1010000010BD10B50446F1F799FA2046FFF7BCF978
:10101000204610BD2DE9F0470C46002181461746B9
:1010200008469846F2F7DEFE8246E0F7A3F8451C34
:101030002846FFF775FC2A465146064600F026F979
:10104000D9F810100020F2F7CDFE089B4246394631
:10105000204600F093F9314605460020F2F7C2FE23
:101060003046FFF793F905B92570BDE8F0870131E7
:1010700001D0FFF7F8F9F0F76DFD70B5054616469B
:101080000C4649B10846E0F775F82118324620466B
:10109000F1F75EFB286070BD4FF0FF31F6E713B546
:1010A00004460846114601AA0144F1F751FB2060AD
:1010B000204602B010BD704710B50446F1F7AEFBF4
:1010C0002046FFF761F9204610BDFFF77DBF10B540
:1010D0000446F1F7ADFB2046FFF756F9204610BD58
:1010E00010B50446F1F7AEFB2046FFF74DF9204658
:1010F00010BD70B5064608460D461446F1F762FD70
:1011000030B9224629463046BDE87040FFF7D3B8D3
:1011100023681033236070BD10B50446F1F79CFBC3
:101120002046FFF731F9204610BD70B505460E4642
:1011300008300C464A68286056F8083BB3420BD189
:10114000013202D0314600F0A1F8636826606B607E
:1011500000236360237270BD2B608B68AB60F4E783
:1011600010B50446D1E90012FFF799FF204610BDE3
:101170001368994204D153681B1A5842584170476A
:1011800000207047C0E900217047036813B514467A
:101190005B690A460146684698476368019A9A4225
:1011A00006D100982368C31A5842584102B010BDB6
:1011B0000020FBE74B68834204D10868831A584239
:1011C000584170470020704770477047704770471C
:1011D00010B50446FFF7D8F8204610BD10B50446F8
:1011E000FFF7D2F8204610BD10B50446F1F732FCE7
:1011F0002046FFF7C9F8204610BD0B6810B586B031
:1012000004461B69684698472046DDE90012FFF74F
:1012100046FF04E06846FEF75FFEFFF724F96846E4
:10122000FEF75AFE204606B010BD13B514460A4616
:1012300001466846F1F7DCFB6368019A9A4206D1E1
:1012400000982368C31A5842584102B010BD0020CC
:10125000FBE770474068704710B50446F1F748FC5B
:101260002046FFF791F8204610BD03681B68184719
:10127000C9B20346024410B59342184601D100207A
:1012800003E0047801338C42F6D110BD0A44431EBA
:10129000914200D1704710B511F8014B914203F80B
:1012A000014FF9D110BD884210B501EB020402D9FB
:1012B0008442234607D8431EA14208D011F8012BCF
:1012C00003F8012FF8E7024401468A4200D110BD1D
:1012D00013F8014D02F8014DF7E70244034693422B
:1012E00000D1704703F8011BF9E70139024410B53A
:1012F000904201D1002005E0037811F8014FA3428C
:1013000001D0181B10BD0130F2E7DFF729BF002222
:101310001146F1F75DBC10B50139044632B111F840
:10132000013F013A00F8013B002BF7D10021FFF704
:10133000D4FF204610BD0246014410B58A42134630
:1013400003D01C780132002CF8D1181A10BD30B52A
:10135000044600200B46904213F8015B08D10B466F
:101360001C781A460133002CFAD1401A104430BDC3
:101370002554002DFBD001301946EBE7F1F7A6BE4E
:10138000C36803B118471846704710B58378044600
:10139000DA0705D443F004034FF0FF30A37010BD0B
:1013A0004FF00002D4E85F3FC4E8512F0029F9D183
:1013B0009BB213B1581EC0B2F1E7A368984700284A
:1013C000F9DA0130A37814BF082204221343E3E7BB
:1013D00038B58B780D469B0709D5C4B24B682046BB
:1013E0009847002806DAAB7843F00403AB704FF05F
:1013F000FF3038BD2046FCE72DE9F8439C780546D0
:101400000E46904614F001041F4611D079B1002415
:1014100044450DD005EB06093846FFF7B6FF431CDF
:1014200006D005F8010B4D45F6D10134F0E70C4626
:101430002046BDE8F8832DE9F8439C7805460E4622
:10144000904614F002041F4611D079B1002444459F
:101450000DD005EB06097B68394615F8010B984756
:10146000002804DB4D45F6D10134F0E70C46204658
:10147000BDE8F8838B78DA0702D44FF0FF3070476D
:10148000431CFAD0C0B2431CD1E8DF2F002A04D19C
:10149000C1E8DC3FBCF1000FF6D1EED18B7823F030
:1014A00008038B7070472DE9F047C3F137090746F1
:1014B000884603F01F055FFA89F916464FF0000AC7
:1014C000384641462A465346DFF7DAF84346D4B257
:1014D0003A4688460746092C84BF4C44E4B2AA42E7
:1014E00004F1300473EB0A0306F8014BE8D23046EE
:1014F000BDE8F08710B50C46FFF747FF0028A2BFF4
:1015000023680133236010BD0028A2BF136803F1D4
:10151000FF331360FFF7AEBF70B505460E46314688
:101520002846FFF7E7FF041E09DB202CF7D0A4F1C3
:101530000903042BF3D932462946FFF7E5FF20467D
:1015400070BDBDF8001068B111F0100F01D002702D
:10155000704711F0080F02D0C0E9002370474B0715
:1015600001D5026070478B06FBD5028070472DE9DC
:10157000F04387B01C461746814602AB884600936D
:10158000D2E9022300F0AAF904AB06460D46009307
:1015900048464146D7E9002300F0A0F90027DDE9DD
:1015A0000423901953EB050128BF012737B1029B93
:1015B000039A013342F10002CDE90232403CDDE9F9
:1015C0000223009400F0A5F907B0BDE8F0832DE9EF
:1015D000F843B0FA80F6002980460F46A1EB0606D4
:1015E00006F1070625DB0846F4F7DCFC064438461E
:1015F000F41BF4F7DDFC3946221A40463D3200F078
:101600005DF9B74213DC1F2C6ADC4FF0FF33A340B7
:1016100038EA03030CBF01240024B0FA80F33546F6
:10162000F31A9E33FE2B27DD4FF0FF4344E00124E5
:10163000F3E74C422046F4F7BBFC351A2046A5EBF5
:101640000709F4F7B5FC21462E4609EB0002404697
:101650003C3200F020F9AF4232DCB9F11F0F3FDC21
:101660004FF0FF3303FA09F338EA030329D0B0FA45
:1016700080F30024EB1A9E33002B23EAE372D4BFDD
:10168000012313465B1BA3F19705963B20FA05F156
:1016900020FA03F3C90725D544B14FF0FF31A94023
:1016A00020EA010003F0010108431BD00133C3F31A
:1016B0001603D3B143EAC25300EE103ABDE8F883F3
:1016C00000230521B8FBF1F202EB8205A84502D107
:1016D00001339046F6E79C428CBF002401249CE72E
:1016E00000249AE7C3F31603E4E70132E2E72DE9A9
:1016F000F04F061889B09946154641EB010404AB3A
:101700003046DDF84CB021460093A9F1410AD2E9F8
:10171000002300F0E3F806AB074688463046214632
:101720000093D5E9022300F0D9F80022DDE9046333
:10173000841951EB0306069B28BF0122D5E900015D
:10174000D218079B43F10003381848EB0101B84257
:1017500071EB0801E968039138BF0120A96828BF2F
:101760000020CDF800A014EB010C039946EB010119
:1017700010EB0C0041F10001A04271EB060C34BFEC
:101780004FF0010C4FF0000CCDE906231CEB0202D8
:1017900043F1000300F0BDF8129BC3E90001149B64
:1017A000012BDDE9062329D1D5E90201D5E900C5E0
:1017B000201ACDF800A066EB0101674578EB05051E
:1017C00034BF01250025401B61F10001844276EB06
:1017D000010534BF01250025521B63F1000300F011
:1017E00098F8DDE90623CBE9000120463146CDF823
:1017F00000A000F08EF809B0BDE8F08F17EB070EDF
:1018000048EB080C201946EB0601BE457CEB0808A6
:1018100034BF01270027C71941F10008D5E90001AD
:1018200086457CEB010C34BF01200020D5E9021570
:10183000381A68F1000C401A6CEB050192185B41F4
:10184000A74278EB060534BF01250025521943F164
:101850000003874278EB010834BF01250025521BA5
:10186000A9F140050095B8E710B5A3FB0043029924
:10187000A2FB0020001943F100033F29DBBFA1F1C7
:101880002002C1F1400140398B40D6BFD04023FA3D
:1018900001F0184310BD30B587B004460846154620
:1018A00002A9F4F71FFC049B204600955A1C059BD7
:1018B00043F10003FFF7D8FF07B030BD30B587B064
:1018C00015460446084602A9F4F79AFB20460095FF
:1018D000DDE90423FFF7C8FF07B030BDF0B50F46C0
:1018E0000446A0FB0201059EA7FB02524919A3FB77
:1018F0000445A7FB037342F10002611845F100049F
:10190000D21943F10003121943F10003C6E9002381
:10191000F0BDF0B5059CC4F14007C4F12006A4F168
:101920002005E04002FA06F6BB4022FA05F5BA406F
:101930003343C4F120062B4301FA06F6A4F1200537
:10194000304321FA05F5E140284319431043F0BD27
:1019500007B501A9F4F784FC03B05DF804FBC9B234
:101960000346184613F8012B12B18A42F9D1704789
:10197000002918BF0020704710B56AB101398418DA
:1019800010F8012B11F8013F9A4203D1A04201D077
:10199000002AF5D1D01A10BD1046FCE72DE9F0431E
:1019A00057EC106B3B463446FE0F40F2FF77C3F313
:1019B0000A55C3F31303067154EA030C07D0BD4262
:1019C0000CD146F0080606710020BDE8F083002D1A
:1019D00064D0BD425FD146F00406F4E7002D5AD131
:1019E0000125A5F2FF35002905605ADB0C295ADCD8
:1019F000C1F10D050126AD0005F1FF3EA5F1210C59
:101A0000C5F1210706FA0CFC26FA07F706FA0EF6CE
:101A10004CEA070CB7194CEB0C09D7F1000869EB3D
:101A2000490E013F49F1FF39274009EA0309BE4247
:101A30007CEB090910DBC5F12009B5F1200724FA78
:101A400005F503FA09F958BF43FA07F745EA09050E
:101A500058BF3D43ED0703D5A619344643EB0C03AD
:101A600004EA080403EA0E0300F112050D260846F5
:101A7000C2F127024FF0300E04F00F01240906F1E5
:101A8000FF3C6F1E44EA03741B11B1B9B0420CDA7B
:101A900066463D46F0E743F48013A2E72C462B460A
:101AA000A1E70021E0E70D21DEE785F800E01CF169
:101AB000010166463D46DFD187E70929C8BF89187D
:101AC000B04201F13001B8BF30462970EFE702693A
:101AD0000346107810B101321A6170476FF00100AF
:101AE0007047D1E9043293421EBF5A1C0A61187034
:101AF000704708B5E3F704FB08B5FFF7FAFF0000ED
:101B00000148006870470000341100205101FF7F38
:101B1000B0B0AA00FFFF01082A0430003A04000018
:101B20003D01FF7FB0AF0200FFFF01109E010400E6
:101B300000CA0104D00100DA011600002101FF7F74
:101B4000B0B0A800FF1011010812102401280400F1
:101B500000010000000000000501FF7F8408B101C2
:101B6000B0B0B000FF1019010C1002140118041ECF
:101B7000032208000001007F0000000000000000B8
:101B800000000000D900FF7FAF08B100FF10210165
:101B900019360400006204F002018402320000FAE7
:101BA0000204FE02008203040000010000000000A5
:101BB000AD00FF7FB0AD0400FF104901405020E4AC
:101BC0000501A60104AC0103BE01040000C8012602
:101BD000E40501F801048A0203840204E40501C853
:101BE0000204CE0203DC0204E405019603049C0314
:101BF00003AA03B802E40501EA050400007F00001F
:101C00007D000000000000005500FF7FB0B0A8007C
:101C1000FFFF0108100214001A0A00004100FF7FB4
:101C2000B0B0A800FFFF010804040A00100400007F
:101C30002D00FF7FB0B0A800FFFF010810021400C4
:101C40001A0A00001900FF7FB0B0A800FFFF0108CA
:101C500004040A00100400000500FF7FB0B0A800D3
:101C6000FFFF010804040A0010040000F1FFFE7FDA
:101C7000B0B0A800FFFF010804040A00100400002F
:101C8000DDFFFE7FB0B0A800FFFF010810021400C6
:101C90001A0A0000C9FFFE7FB0B0A800FFFF0108CC
:101CA00004040A0010040000B5FFFE7FB0B0A800D5
:101CB000FFFF0108100214001A0A0000A1FFFE7FB6
:101CC000B0B0A800FFFF010804040A0010040000DF
:101CD0008DFFFE7FB0B0A800FFFF010810021400C6
:101CE0001A0A000079FFFE7FB0B0A800FFFF0108CC
:101CF00004040A001004000065FFFE7FB0B0A800D5
:101D0000FFFF010804040A001004000051FFFE7FD9
:101D1000B0B0A800FFFF0108100214001A0A00006A
:101D20003DFFFE7FB0B0A800FFFF010804040A00D9
:101D30001004000029FFFE7FB0B0AE00FFFF011CC1
:101D40001E0424002A0400004C047E007804820152
:101D500000AE0104B401009E0204000001FFFE7FFA
:101D6000B0B0A800FFFF0100F5FEFE7FB0B0A800F4
:101D7000FFFF0100E9FEFE7FB0AA0F00FFFF010890
:101D8000182C46004C040000D5FEFE7FB0A90200CE
:101D9000FFFF011F0828000036047A0046040000F7
:101DA0005004840100600400006A04860100800180
:101DB00004000000A9FEFE7FB0A80100FFFF010C97
:101DC0000A040000120420002604000091FEFE7F99
:101DD000B0A90200FFFF012B082E00003C04AA015D
:101DE000004C0400005604B40100660400007004B6
:101DF000B6010080010400008A0104B801009801C6
:101E00001C00000059FEFE7FB0A90200FFFF012B5D
:101E1000082E00003C04AA01004C0400005604B443
:101E20000100660400007004B60100800104000097
:101E30008A0104B8010098011C00000021FEFE7F09
:101E4000B0A80100FFFF010C0A04000016041C00EA
:101E50002204000009FEFE7FB0AB0600FFFF011068
:101E6000140400002804540030044400500400000E
:101E7000EDFDFE7F01AD0A00FFFF010E36040000FC
:101E8000682A9401009A010400000000D1FDFE7F41
:101E9000B0B0AA00FFFF015B240400002C04B604CC
:101EA0000058045E007C048201009601100000AE20
:101EB0000104C20100CC01580000A80204B80400CB
:101EC000E00204E60200FE02048403009C03040016
:101ED00000A40304BA0400DC0304E20300FA0304D0
:101EE0008004009804040000A00404BC0400B204B0
:101EF0000400000069FDFE7F01AE0500FFFF010C3C
:101F000024040000380462005C10000051FDFE7FD4
:101F1000B0A80900FFFF0108120C200026040000F1
:101F20003DFDFE7FB0AB1600FFFF010A461886019B
:101F3000008C01040000000025FDFE7FB0A90C000C
:101F4000FFFF0108260C34003A04000008B10181AB
:101F5000B0B000840000000008B10181B0B000847E
:101F60000000000008B10181B0B000840000000052
:101F700008B10181B0B0008400000000E1FCFE7FE8
:101F8000B0B0A800FFFF0100D5FCFE7FB0B0A800F4
:101F9000FFFF0100C9FCFE7FB0B0A800FFFF0100F9
:101FA00008B10181B0B0008400000000B1FCFE7FE8
:101FB000AB08B100FF101D011418045A0146046A51
:101FC00001500400005E046200660400000100008D
:101FD0000000000089FCFE7FAB08B100FF101D016E
:101FE0001418045A0146046A01500400005E046299
:101FF00000660400000100000000000061FCFE7F9C
:10200000B0AD0600FF102D01242404BA01003604EF
:10201000B801005804B20101700476018001048403
:1020200001009401040000AA0104B00101010000B4
:102030000000000029FCFE7FB0AD0C00FFFF010D89
:10204000100400001E047E00840104000000000053
:10205000AC020181B0B008B10000000001FCFE7FBD
:10206000B0B0A800FFFF0108100416001C04000017
:10207000EDFBFE7FB0AF1800FFFF01161C0C000047
:1020800076A001D20400C202D001C20400CE040432
:1020900000000000C9FBFE7FB0AF1800FFFF011673
:1020A0001C0C000076A001D20400C202D001C204C0
:1020B00000CE040400000000A5FBFE7FC90C9701C0
:1020C000B0B0AF80FFFF01103C70860200B6013A4D
:1020D000F20100820204000008B10181B0B0008466
:1020E0000000000079FBFE7FB0AF1800FFFF011A6F
:1020F000180C00005A04DC07006404EC07009E0181
:102100009206DC0700E807040000000051FBFE7F98
:10211000B0AF1800FFFF011A180C00005A04DC07CA
:10212000006404EC07009E019206DC0700E8070447
:102130000000000029FBFE7FB0AC1100FFFF01088A
:1021400042286C007204000015FBFE7FB0AF100047
:10215000FFFF010E2204000056429A0100A0010474
:1021600000000000F9FAFE7FB0B0A800FFFF0100F8
:10217000EDFAFE7FB0AA0F00FFFF0108182C460001
:102180004C040000D9FAFE7FB0A90600FFFF011F32
:102190000A28000038047C0048040000520486012C
:1021A00000620400006C0488010082010400000049
:1021B000ADFAFE7FB0A80500FFFF010C0C04000083
:1021C000140422002804000095FAFE7FB0A906003E
:1021D000FFFF012B0A2E00003E04AC01004E04005C
:1021E000005804B60100680400007204B8010082BF
:1021F000010400008C0104BA01009A011C000000D7
:102200005DFAFE7FB0A90600FFFF012B0A2E000039
:102210003E04AC01004E0400005804B601006804FE
:1022200000007204B8010082010400008C0104BAAD
:1022300001009A011C00000025FAFE7FB0A80500ED
:10224000FFFF010C0C04000016041C002204000017
:102250000DFAFE7FB0AB0E00FFFF0110120400006C
:10226000240450002C0440004C040000F1F9FE7FCF
:1022700001AD0E00FFFF010E36040000702A9C0124
:1022800000A2010400000000D5F9FE7FB0B0AA0052
:10229000FFFF015B240400002C04B6040058045E18
:1022A000007C048201009601100000AE0104C2010E
:1022B00000CC01580000A80204B80400E00204E6C3
:1022C0000200FE02048403009C03040000A4030433
:1022D000BA0400DC0304E20300FA0304800400985B
:1022E00004040000A00404BC0400B20404000000C4
:1022F0006DF9FE7F01AE0900FFFF010C2404000010
:10230000380462005C10000055F9FE7FB0A8090097
:10231000FFFF0108120C20002604000041F9FE7F97
:10232000B0AC1900FFFF010A4C1ADC0100E2010405
:102330000000000029F9FE7FB0A90C00FFFF010892
:10234000240C32003804000008B10181B0B00084D0
:102350000000000008B10181B0B00084000000005E
:1023600008B10181B0B0008400000000F1F8FE7FE8
:10237000A908B100FFFF01080E041C00180E0000A0
:10238000DDF8FE7FA908B100FFFF01080E041C0064
:10239000180E0000C9F8FE7FA908B100FFFF010870
:1023A0000E041C00180E000008B101810FB100845A
:1023B00000000000A9F8FE7FA908B100FFFF010896
:1023C0000E041C00180E000008B10181B0B000849A
:1023D0000000000008B10181B0B0008400000000DE
:1023E00008B10181B0B000840000000071F8FE7FE8
:1023F000B0B0AA00FF1019010C14021A011E042427
:10240000032808000001007F000000000000000019
:102410000000000049F8FE7FB0B0A800FFFF0100F7
:102420003DF8FE7FB0B0A800FFFF010031F8FE7F4D
:10243000A908B100FFFF010025F8FE7FB0AD020042
:10244000FF102D01221604B001002C04AE01004E35
:1024500004A8010166046C0176047A008A01040074
:1024600000A00104A601010100000000000000001E
:10247000EDF7FE7FB0AD0400FFFF010E1004000079
:102480001E0482010088010400000000D1F7FE7FD5
:10249000B0B0A800FFFF01081C04220028040000BF
:1024A000BDF7FE7FB0B0A800FFFF010810041600C2
:1024B0001C040000A9F7FE7FB0AD0400FF10490125
:1024C0003E0C0400001604E802012204CE02033090
:1024D00004B602034A04CC020356046A0364049857
:1024E0000103A20104A80103B20104A60203C00172
:1024F00042B20203DC0204E00200E4020400000134
:1025000000007D000000000055F7FE7FAB08B10021
:10251000FF101D011418043C0128044C0132040072
:1025200000400444004804000001000000000000D6
:102530002DF7FE7FB0AC0700FFFF012D0C0E000051
:102540001E04FA01002C04B202003404840200428A
:1025500004B002004A049202005804AE02006484EF
:1025600001A002008002040000000000F1F6FE7FDE
:10257000AB08B100FF101D011418043C0128044CE5
:10258000013204000040044400480400000100003F
:1025900000000000C9F6FE7FB0AC0700FFFF012D70
:1025A0000C0E00001E04FA01002C04B202003404D8
:1025B0008402004204B002004A049202005804AEB1
:1025C0000200648401A002008002040000000000F8
:1025D0008DF6FE7FAB08B100FF101D011418043CFE
:1025E0000128044C01320400004004440048040067
:1025F00000010000000000000A970181B0AF80C90F
:10260000000000000A970181B0AF80C900000000FF
:102610004DF6FE7FB0AF0E00FFFF01161A0C000052
:1026200070B401E80400CC02DC01D80400E4040426
:102630000000000029F6FE7FB0AF0E00FFFF01167C
:102640001A0C000070B401E80400CC02DC01D804CC
:1026500000E404040000000005F6FE7FC9089701AD
:10266000B0B0AF80FFFF01103C6A8A0200AE0146A5
:10267000F601008602040000E5F5FE7FB0AF080019
:10268000FFFF011A161400006C04FC070074C80157
:102690000000C802F804FC070082080400000000E3
:1026A000BDF5FE7FB0AD0C00FFFF010A1C4C880198
:1026B000008E010400000000A5F5FE7FB0AD0C0007
:1026C000FFFF010A1C4C8801008E0104000000007D
:1026D0008DF5FE7FB0AD0C00FFFF010A1C4C880198
:1026E000008E01040000000075F5FE7FB0AF0C0005
:1026F000FFFF011114F8010000D2039C02FC060048
:10270000820704000000000055F5FE7FB0AF0A000C
:10271000FFFF011114F8010000CA03A802F8060027
:10272000FE0604000000000035F5FE7FB0AF0A0091
:10273000FFFF011116F4010000C0039202D606004B
:10274000DC0604000000000015F5FE7FB0AF0A00B3
:10275000FFFF011116F4010000C0039202D606002B
:10276000DC06040000000000F5F4FE7FB0AF0E00B0
:10277000FFFF011114F8010000E803D402E4070090
:10278000EA07040000000000D5F4FE7FB0AF0C00A3
:10279000FFFF011114F8010000DC03D802C6070096
:1027A000CC07040000000000B5F4FE7FB0AF0E00BF
:1027B000FFFF011A180C00004804FC070052048CAB
:1027C00008008C01A206FC07008808040000000035
:1027D0008DF4FE7FB0AF0E00FFFF011A180C000051
:1027E0004804FC070052048C08008C01A206FC0778
:1027F000008808040000000065F4FE7FB0AC0B0008
:10280000FFFF01083A326E007404000051F4FE7FAD
:10281000B0AF0C00FFFF010E220400004E50A001DB
:1028200000A601040000000035F4FE7FA908B100F5
:10283000FFFF010029F4FE7FB0A90200FF10310163
:10284000211404000034044C034604940100600881
:102850006800720400008401048E01008801049461
:1028600001000200017D000000000000943B000018
:1028700008B10181B0B000840000000008B10181FE
:10288000B0B000840000000008B10181B0B0008445
:102890000000000008B10181B0B000840000000019
:1028A00008B10181B0B0008400000000B1F3FE7FE8
:1028B000B0AF0400FF1029011E2404280160049217
:1028C00001006A046E0188010A9201009A01040065
:1028D00000AE0102920100010000000000000000B3
:1028E0007DF3FE7FA908B100FFFF010008B101815F
:1028F000B0B000840000000065F3FE7FB0AF1200AE
:10290000FF10190110289C050000DA0504DE0501FE
:10291000F6053400000100000000000041F3FE7FD6
:102920008408B101B0B0B000FF100D010402060828
:10293000010100000000000008B10181B0B0008476
:102940000000000008B10181B0B000840000000068
:102950000DF3FE7F8408B101B0B0B000FF100D018F
:1029600004020408010100000000000008B1018118
:10297000B0B0008400000000E5F2FE7FA908B100BD
:10298000FFFF01080C0412001A0C0000D1F2FE7FB8
:10299000B0B0A800FFFF010804040A001004000002
:1029A000BDF2FE7FB0B0A800FFFF010810041600C2
:1029B00020040000A9F2FE7F8408B101B0B0B0008D
:1029C000FF100D010806040C01100800007F000034
:1029D0000000000089F2FE7FB0B0AE00FF100D01D4
:1029E000081E045A015E0800007F0000000000007D
:1029F0006DF2FE7FB0A80100FFFF01080C04120079
:102A00001804000059F2FE7FB0A80100FFFF010882
:102A10000C0412001804000045F2FE7FB0B0A800BC
:102A2000FFFF010039F2FE7FB0A80100FFFF01089F
:102A30002A0430003604000025F2FE7FB0AB1200FD
:102A4000FFFF0114160200001E045E0030045C004B
:102A5000400446005804000005F2FE7FB0A90200C1
:102A6000FFFF010C18044C002C0432003E0E000045
:102A7000EDF1FE7FB0B0A800FFFF01080A041000CE
:102A800016040000D9F1FE7FB0A80500FFFF010C7D
:102A90000C02000014041A0020040000C1F1FE7FA3
:102AA000B0AA0100FF1011010826042C033A0A0005
:102AB000007F00007D0000000000000008B10181DF
:102AC000B0B000840000000008B10181B0B0008403
:102AD00000000000DCDBFD7F010000006CDCFD7FFE
:102AE000B0A90280F0DCFD7FB0B0A88034DDFD7FAE
:102AF000010000003CDDFD7FB0B0AA806EDDFD7FEF
:102B0000AE71B28020DEFD7F010000001CDEFD7F83
:102B1000AB3F38806EDEFD7F0100000078DEFD7F78
:102B2000B0B0AA80B0DEFD7F0100000054DFFD7F61
:102B3000AB0EB280B8DFFD7FB0AF068000E2FD7F54
:102B40000100000004E2FD7FAC3F018064E4FD7FF2
:102B5000010000000CE9FD7F008404801CE9FD7F7A
:102B60000100000016E9FD7FB0AD048052EBFD7F4F
:102B70000084048074EBFD7F44FFFF7F76EBFD7FD4
:102B800048FFFF7F80EBFD7F010000000CECFD7F24
:102B9000E4F1FF7F6CECFD7FD8F5FF7FCCECFD7F8F
:102BA000010000009C6FFE7FB0B0A880CC6FFE7F5C
:102BB00001000000F86FFE7F54EFFF7F3870FE7F4A
:102BC00060EFFF7F8071FE7F74EFFF7FB871FE7F43
:102BD00001000000DC71FE7FB0B0A880E871FE7FCC
:102BE000010000004872FE7F9CEFFF7FCC73FE7FE8
:102BF000010000007874FE7FB8EFFF7FA478FE7FAD
:102C0000010000001879FE7FA908B180207AFE7FBC
:102C1000F8EFFF7F447AFE7F18F0FF7F687AFE7F2F
:102C2000B0B0A880D87AFE7FA908B180E07BFE7F93
:102C300050F0FF7F047CFE7F70F0FF7F287CFE7FDA
:102C4000A908B180BC7CFE7F88F0FF7FE07CFE7F1E
:102C5000B0B0A8800C7DFE7FA908B180A07DFE7F6A
:102C6000ACF0FF7FC47DFE7F01000000A880FE7FE6
:102C7000C4F0FF7F5C82FE7FB0B0AC80A082FE7F9C
:102C8000B0A90280D882FE7F010000006083FE7F31
:102C9000CCF0FF7F8483FE7F01000000E883FE7F8D
:102CA000D0F1FF7F8484FE7FE4F1FF7F2487FE7FE5
:102CB000B0A801804487FE7F94F2FF7F5C87FE7F8F
:102CC000AB08B1808887FE7F010000009887FE7FF7
:102CD000B0B0A880E887FE7FAB08B1801488FE7F83
:102CE000010000005488FE7FB0B0AA807C88FE7F7F
:102CF000AB08B180AC88FE7FB0AA01801489FE7F4A
:102D0000010000002889FE7FB0B0AC809489FE7F6E
:102D1000AB08B180208AFE7F64F2FF7F408AFE7F8D
:102D200001000000C48AFE7F60F2FF7FD88AFE7F28
:102D300064F2FF7FEC8AFE7F68F2FF7F0C8BFE7FE0
:102D40006CF2FF7F848BFE7FB0B0AA80BC8BFE7FCD
:102D500084F2FF7F348CFE7FA908B180588CFE7FFF
:102D6000B0A902807C8CFE7FE8F2FF7FE48CFE7FBE
:102D7000ECF2FF7F088DFE7F40F3FF7F2C8EFE7FFD
:102D8000B0AF2A802499FE7F5CF3FF7F109DFE7F09
:102D90007CF3FF7FFCA0FE7F0100000078A1FE7F96
:102DA000B0AA018010A2FE7F0100000098A2FE7F61
:102DB000B4F3FF7FBCA2FE7F0100000020A3FE7FD2
:102DC000C8F4FF7FC0A5FE7FB0B0A880D8A5FE7F65
:102DD00001000000E8A5FE7F7CF5FF7F00A6FE7FD6
:102DE00080F5FF7F18A6FE7F84F5FF7F40A6FE7F5B
:102DF00090F5FF7F68A6FE7F9CF5FF7F90A6FE7F83
:102E0000B4F5FF7FB8A6FE7F01000000C4A6FE7FD8
:102E1000B8F5FF7FDCA6FE7F0100000010A8FE7F52
:102E2000F4F5FF7F24A8FE7FF8F5FF7F38A8FE7F2A
:102E3000FCF5FF7F6CA8FE7FB0B0AC80B0A8FE7F31
:102E4000B0B0A880D8A8FE7FF0F5FF7F9CA9FE7FD8
:102E5000B0B0A8800CAAFE7F010000000CABFE7F82
:102E60002CF6FF7F38ABFE7F38F6FF7F5CABFE7F32
:102E7000B0B0A880CCABFE7F3CF6FF7F38ADFE7FC4
:102E800088F6FF7F90ADFE7FB0B0A8803CAEFE7F9D
:102E90000100000070AEFE7F98F6FF7FA0AFFE7FBE
:102EA000CCF6FF7FF8AFFE7FECF6FF7F28B1FE7F08
:102EB00020F7FF7F80B1FE7F58F7FF7FE8B3FE7FEA
:102EC00074F7FF7F50B6FE7F90F7FF7F78B7FE7FE5
:102ED000B0AF2C8048C2FE7FA0F7FF7F48C6FE7FC0
:102EE000C0F7FF7FD8C6FE7FD0F7FF7F68C7FE7FA1
:102EF000E0F7FF7FF8C7FE7FF0F7FF7F7CCBFE7F18
:102F000008F8FF7FFCCEFE7F20F8FF7F58D2FE7FBF
:102F100038F8FF7FB4D5FE7F50F8FF7FA0D9FE7F41
:102F200068F8FF7F6CDDFE7F80F8FF7F74E1FE7F35
:102F3000A0F8FF7F7CE5FE7FC0F8FF7F14E6FE7FF0
:102F4000CCF8FF7FBCE6FE7F01000000C0E7FE7FFB
:102F500020F9FF7FFCE7FE7F24F9FF7F10E8FE7F6A
:102F6000B0AC018084E8FE7FB0AF028078E9FE7FDC
:102F7000B0AB0280A0E9FE7FB0B0AC80D0E9FE7FAC
:102F80000100000010EBFE7FB0AC0180A8EBFE7FDB
:102F900010F9FF7FC0EBFE7F14F9FF7F88ECFE7F06
:102FA00001000000B8ECFE7F50F9FF7FE8EFFE7FE4
:102FB000010000005CF0FE7FB0B0A88090F0FE7FC2
:102FC0000100000068F2FE7FA4F9FF7F84F2FE7F1B
:102FD000A8F9FF7FB0F2FE7FC8F9FF7FDCF2FE7F29
:102FE000010000006CF5FE7FA908B18064F7FE7F48
:102FF000B0B0AC80A8F7FE7FF8F9FF7FC8F7FE7F7E
:10300000B0B0A880E8F7FE7FFCF9FF7F08F8FE7FEC
:103010000100000044F8FE7F00FAFF7F58F8FE7FB1
:1030200004FAFF7F98F8FE7F10FAFF7F18F9FE7F01
:1030300028FAFF7F70F9FE7F0100000080F9FE7F13
:1030400030FAFF7F9CF9FE7F010000001CFAFE7F32
:10305000B0AA01806CFAFE7F01000000B8FAFE7F82
:103060003CFAFF7FF8FAFE7FB0AD048058FBFE7F8C
:1030700001000000AC70FF7FB0B0AC80CE70FF7F6D
:1030800001000000FA70FF7FD0EAFF7F1E71FF7F12
:1030900001000000B271FF7F84EBFF7FC871FF7FEA
:1030A000A4EBFF7FDE71FF7FB0EBFF7FF471FF7F4A
:1030B000BCEBFF7F0A72FF7FDCEBFF7F2072FF7F9C
:1030C000FCEBFF7F3672FF7F1CECFF7F4C72FF7FB3
:1030D00028ECFF7F6272FF7F48ECFF7F7872FF7FF2
:1030E000010000007078FF7FAB08B1809278FF7F0D
:1030F000B0A80180A478FF7FB0A90A80E679FF7F9D
:1031000001000000E879FF7FB0AB1080507AFF7FAC
:10311000B0A80780807AFF7F01000000847AFF7FDB
:1031200000840280987AFF7F01000000507BFF7FBF
:1031300038ECFF7F567BFF7F50ECFF7FD67BFF7F15
:1031400001000000E47BFF7F6CECFF7F067CFF7FCB
:103150007CECFF7FB87CFF7FACECFF7F6A7DFF7F5C
:10316000DCECFF7F967DFF7FECECFF7FE47DFF7F53
:1031700001000000EA7DFF7F01AB0680967EFF7FA5
:1031800074EDFF7FFA7EFF7F84EDFF7F287FFF7F56
:1031900090EDFF7FB07FFF7FA0EDFF7FF27FFF7F8D
:1031A00001000000FA7FFF7FB0EDFF7F0E80FF7F00
:1031B00001000000C880FF7FB0AF02805281FF7F16
:1031C000B0B0A8807481FF7F9CEDFF7F7E81FF7F80
:1031D000B0B0A8808281FF7FB0A902809E81FF7F6E
:1031E000AB08B180B881FF7FB0B0AA80E281FF7FD9
:1031F000B0A902801082FF7FAB08B1805482FF7FAC
:1032000070EDFF7F5682FF7FB0B0AA808882FF7F7B
:1032100001000000C282FF7FB0AC3F800283FF7FCD
:10322000010000000A83FF7FB0B0AA802283FF7FE5
:10323000010000002A83FF7FB0B0AA804283FF7F95
:10324000010000001E85FF7F008402802A85FF7F29
:10325000B0B0A8803485FF7FB0B0AC806E85FF7FB2
:10326000B0AA01809C85FF7FB0B0A8804486FF7F14
:103270008CEDFF7F0C87FF7FBCEDFF7F8C87FF7F8E
:10328000010000009087FF7FB0B0AA80CA87FF7F4F
:10329000B0AB08803E88FF7FB0AA05809288FF7F90
:1032A000010000009688FF7FB0B0A880C688FF7F2D
:1032B00001000000E488FF7FB0B0A8801489FF7F80
:1032C000010000003289FF7FB0B0A8805489FF7FE1
:1032D000010000005289FF7FB0AB0880628AFF7F47
:1032E00001000000608AFF7FB0AA0180708AFF7F22
:1032F000010000007C8AFF7FA908B180828AFF7FDD
:10330000B0AB0280AE8AFF7F68EDFF7FFA8CFF7F53
:1033100084EDFF7F468FFF7FB0AB0680728FFF7F0B
:10332000B0B0A880888FFF7FA908B180A48FFF7FED
:10333000A8EDFF7FAA8FFF7FB0AF02802E90FF7FA6
:10334000AF0C97806E93FF7FAF069780C894FF7F86
:10335000B0AF0E80D095FF7FB0AD1C808A96FF7F06
:10336000B0AD26801897FF7FB0AF1080D298FF7F56
:10337000C4EDFF7F6499FF7FD0EDFF7F009AFF7F50
:1033800001000000FC99FF7FAB08B1801A9AFF7F13
:10339000B0A801802C9AFF7FB0A90A806E9BFF7FA6
:1033A00001000000709BFF7FB0AB1080D89BFF7FB7
:1033B000B0A80780089CFF7F010000000C9CFF7FE5
:1033C000008402801C9CFF7F01000000A49CFF7F02
:1033D000B4EDFF7F269DFF7F01000000349DFF7F3D
:1033E000D0EDFF7F589DFF7FE0EDFF7F0C9EFF7FBC
:1033F00010EEFF7FC09EFF7F40EEFF7FEC9EFF7FC1
:1034000050EEFF7F369FFF7F010000003C9FFF7F53
:1034100001AB0680E89FFF7F54EEFF7F86A0FF7F11
:10342000D0EEFF7FEAA0FF7FE0EEFF7F18A1FF7FD5
:10343000ECEEFF7FF6A1FF7FFCEEFF7F36A2FF7F61
:1034400001A9028058A2FF7F0100000056A2FF7F61
:10345000AB08B1808CA2FF7F0100000090A2FF7F2B
:10346000A908B180AAA2FF7FE0EEFF7FC6A2FF7F7E
:1034700001000000D0A2FF7FB0B0A88008A3FF7FAA
:1034800028EFFF7F0AA3FF7F0100000014A3FF7F46
:1034900044EFFF7F18A3FF7F48EFFF7F24A3FF7F48
:1034A000A908B18082A3FF7F44EFFF7FAAA3FF7F1B
:1034B0000100000002A6FF7FB0B0A8800CA6FF7F2D
:1034C000B0B0AA8028A6FF7FB0A80180FCA6FF7F2D
:1034D0000100000006A7FF7FB0B0AC8040A7FF7FCF
:1034E00090EFFF7FC4A7FF7FB0AB088038A8FF7FB5
:1034F000B0AA05808CA8FF7F0100000090A8FF7F84
:10350000B0B0A880C0A8FF7F01000000DEA8FF7F48
:10351000B0B0A8800EA9FF7F010000002CA9FF7F9A
:10352000B0B0A8804EA9FF7F0100000046AAFF7F2F
:10353000B0AB088056ABFF7F0100000054ABFF7FAB
:10354000B0AA018064ABFF7F0100000070ABFF7F79
:10355000A908B18076ABFF7F01000000FEABFF7FC2
:10356000B0AB02803AACFF7FB0AA018058ACFF7FBD
:10357000B0B0AE8038ADFF7FB0A902804CADFF7F08
:103580000100000036AEFF7FA908B18052AEFF7F78
:10359000010000005AAEFF7FA908B18076AEFF7F20
:1035A000010000007EAEFF7FAF089780B6AFFF7FBF
:1035B000B0A90680D6AFFF7FAF089780C4B0FF7F69
:1035C000AF069780D2B1FF7FB0A90680F2B1FF7F2E
:1035D000B0AC078042B2FF7FAF08978084B3FF7F13
:1035E000B0A90680A8B3FF7FAF089780C4B4FF7F5F
:1035F000B0A90680E8B4FF7F00F0FF7FF4B6FF7F3C
:10360000B0A9068014B7FF7FFCEFFF7F20B9FF7FD2
:10361000B0A9068040B9FF7FB0AB06806CB9FF7FD0
:10362000B0AD2680E0B9FF7FB0AF028064BAFF7F03
:10363000AF0C9780A4BDFF7FAF069780FEBEFF7FD3
:10364000B0AA07802CBFFF7FB0AF108042C1FF7FC0
:10365000B0AA0780DCC1FF7FB0AC0B8034C2FF7F13
:10366000B0AA078098C2FF7FB0AF0E80A0C3FF7FD3
:10367000B0AE1B8032C4FF7FB0AE2580C4C4FF7FD4
:10368000B0AF1280CCC5FF7F01000000F4C5FF7F02
:1036900098F1FF7F26C6FF7F9CF1FF7FB4C6FF7FB6
:1036A000A908B180ECC6FF7F0100000028C7FF7F9A
:1036B000B0B0A88038C7FF7F010000004EC7FF7F71
:1036C000AD08B180EEC7FF7F010000001CC8FF7F7E
:1036D000B8F1FF7F2CC8FF7F010000008EC8FF7F7C
:1036E000B0A90280BAC8FF7F01000000C6C8FF7FF2
:1036F000B0AE018034C9FF7F0100000056C9FF7FD2
:10370000B0A902808AC9FF7FB0AB0280BEC9FF7F2B
:1037100000840280CAC9FF7FB0B0A880E0C9FF7FE3
:1037200074F1FF7FE2C9FF7FB0A90280F6C9FF7F75
:10373000B0AA01804ECAFF7F010000007ACBFF7F54
:10374000B0AA0380A4CBFF7F0100000044CCFF7F20
:10375000B0AC0780E6CCFF7F010000004ECEFF7FBB
:1037600080F1FF7F98CEFF7F0100000046CFFF7FF2
:10377000B0AC0180CACFFF7F74F1FF7F04D0FF7F20
:10378000B0B0AA801CD0FF7FB0AA018072D0FF7FAA
:103790000084048082D0FF7F84F1FF7F8AD0FF7F86
:1037A000010000008CD0FF7F90F1FF7F8CD0FF7F65
:1037B00094F1FF7F8ED0FF7FB0B0A880C2D0FF7F92
:1037C000B0B0AA80EED0FF7FB0B0A88054D1FF7F08
:1037D0000100000050D1FF7F78F1FF7F5CD1FF7FB7
:1037E0000100000068D1FF7FB0AF0280D2D1FF7F1F
:1037F00001000000F6D1FF7FB0AF10805AD4FF7FE8
:10380000B0AF0A807AD5FF7F01000000A2D5FF7F0C
:103810007CF1FF7FB8D5FF7F0100000026D7FF7F36
:10382000B0AA018060D7FF7FB0A8018082D7FF7F58
:1038300084F1FF7F94D7FF7F01000000D8D7FF7F7E
:1038400094F1FF7F36D8FF7FB0B0AA8052D8FF7FB7
:10385000B0A8018062D8FF7F0100000096D8FF7FEA
:10386000B0B0AA80B4D8FF7F01000000F4D8FF7F79
:10387000B0B0A880FCD8FF7F010000007ED9FF7F98
:1038800004F2FF7FA6D9FF7F0100000000000000C6
:10389000F4380200998500000000000000000000DC
:1038A000343902000000000014390200758F010055
:1038B000000000000000000054390200D55600004E
:1038C00000000000ED69000000000000A1320000CF
:1038D0000000000035510000000000007D8F010055
:1038E0000000000000000000743902006966010059
:1038F00000000000C450020008510200F83B020022
:1039000058010020B4110020E9550000000000001B
:10391000000000003851020050510200BC3B020080
:103920005A01002068120020AD5A0000000000007B
:10393000000000004451020068510200BC3B02003C
:103940005C01002074120020AD5A0000000000004D
:1039500000000000605302007C530200143C02008F
:103960006001002054000020FF8C010000000000D6
:1039700000000000505202006C520200E03B0200C6
:103980005E01002080120020FD830100F58301000C
:1039900000000000000000004F7C0100000000005B
:1039A0004F7C0100000000004F7C0100000000007F
:1039B0004F7C0100000000004F7C0100696F000097
:1039C000DD900100000000004F7C010000000000BD
:1039D0004F7C0100543902001D8D0100BD7E0000A6
:1039E000DD900100000000004F7C0100000000009D
:1039F0004F7C0100000000004F7C01002177000097
:103A0000DD900100000000004F7C0100000000007C
:103A10004F7C0100000000004F7C0100000000000E
:103A20004F7C0100000000004F7C010000000000FE
:103A30004F7C0100000000004F7C010000000000EE
:103A4000056B0000000000004F7C0100000000003A
:103A50004F7C0100000000004F7C010000000000CE
:103A60004F7C0100000000004F7C010000000000BE
:103A70004F7C0100000000004F7C010000000000AE
:103A80004F7C0100000000004F7C0100000000009E
:103A90004F7C0100000000004F7C0100000000008E
:103AA0004F7C0100000000004F7C0100000000007E
:103AB0004F7C0100000000004F7C0100000000006E
:103AC0004F7C0100000000004F7C0100000000005E
:103AD0004F7C0100000000004F7C0100000000004E
:103AE0004F7C0100000000004F7C0100000000003E
:103AF0004F7C0100000000004F7C0100000000002E
:103B00004F7C0100000000004F7C0100000000001D
:103B10004F7C0100000000004F7C0100000000000D
:103B20004F7C0100000000004F7C010000000000FD
:103B30004F7C0100000000004F7C010000000000ED
:103B40004F7C0100000000004F7C010000000000DD
:103B50004F7C0100000000004F7C010000000000CD
:103B60004F7C0100000000004F7C010000000000BD
:103B70004F7C0100000000004F7C010000000000AD
:103B80004F7C0100000000004F7C0100000000009D
:103B90004F7C0100000000004F7C0100000000008D
:103BA0004F7C0100000000004F7C0100000000007D
:103BB0004F7C0100000000004F7C0100F95800001C
:103BC00029830100358301004983010053830100EB
:103BD0005D830100F95700009D8301000000000093
:103BE000015E000000000000495B000000000000D2
:103BF00000000000C15D0000B155000037810100E8
:103C000079810100000000004B80010000000000ED
:103C1000000000007B86010039650000698A010010
:103C20008D63000021860100F389010027870100D0
:103C3000E9620000758501008B640100E165010007
:103C40009766010091CE0000011601006D1A010077
:103C5000451C0100A5290100C12A010018400200ED
:103C600003000000A847020003000000C043020058
:103C70000300000054400200030000005C48020002
:103C800003000000F8500200030000008051020011
:103C9000030000005C520200030000009C48020088
:103CA00003000000A0480200030000000C4A0200CC
:103CB00003000000E44F020003000000F85402007B
:103CC00003000000A4500200030000006C53020037
:103CD00003000000304A020008000020F8490200FA
:103CE00001000000040000000F00000001000000BF
:103CF00008000000240000006000000070000000C8
:103D00000D0000000C0000000E000000500000003C
:103D100074000000A800000008000000FFFFFFFF83
:083D200049000000FFFFFFFF56
:103D30001439020006000000743902007600000009
:103D4000000000000000000000258450002884507E
:103D50000338FDD87047000001000000000000009B
:103D60000500000000000000190000000000000035
:103D70007D00000000000000710200000000000053
:103D8000350C000000000000093D000000000000AC
:103D90002D31010000000000E1F5050000000000E9
:103DA00065CD1D0000000000F90295000000000034
:103DB000DD0EE90200000000514A8D0E00000000F7
:103DC0009573C24800000000E941CC6B010000007F
:103DD0008D49FD1A07000000C16FF2862300000024
:103DE000C52EBCA2B1000000D9E9AC2D78030000BB
:103DF0003D9160E45811000031D6E275BC560000D8
:103E0000F52E6E4DAEB10100C9EA26836778080031
:103E1000ED95C28F055A2A00A1EDCCCE1BC2D3006E
:103E200025A4000A8BCA2204000000000000000044
:103E30000000000000000010000000000000000072
:103E4000B9340332B7F4AD1410DB1AB30892540E30
:103E50000D307D951447BA1A66088F4D26ADC66D94
:103E6000F598BF85E2B74511CA96853D92BD1DEB19
:103E7000FCA11860DCEF52163C92AE220BB8C1B424
:103E8000839D2D5B0562DA1C304C7E8F4E8BB25BBE
:103E900016F4529F8B56A512FBD4827643ED8AF01E
:103EA0008FE7F9311565191850F19BD94A13EEB413
:103EB000284CF0A686C1251F035FC270CB9E491611
:103EC000E642889C44EB2014B0650836AD6EA585AB
:103ED00085F0CA14E2FD031A0B899979D5B13D0921
:103EE000D8DA973A35EBCF10AC363F5E73BB38CF9C
:103EF0003E6752FA44AFBA1501000000000000000E
:103F00000000000000000020345065C05FC9A652C8
:103F1000BB13CBAEC440C21806C8DF7100D5A87C65
:103F2000F56F0FDA58FC27136E4756357D24206550
:103F300002C7E768E48CA41DE9E60268D7CD3961C1
:103F40007977FCC2405BEF16798CDE43FFA751F90D
:103F500091F3B278F5BDBE11E857E9D6E8BEE87B2B
:103F6000B054AC8F848D751BEA23A499E9F9D38BE7
:103F7000B7A3714061DA3E15CEE33ECB73F9480832
:103F80008C97B427D51B7010A2BFEFB9EB85321503
:103F90004DB44DB49BBB6F1996B6076CF8E7EEAD08
:103FA00036D9B4F59135AE13222218AF4E6A684D5A
:103FB00091DAAA3D4F40741E9FBD9EE006A1C098B5
:103FC00057C2A7FDA40E90170E7D497173E3208F91
:103FD000B220D87605143B12853D7434811343B06A
:103FE000AD297A5F27F4351C54656D706572617474
:103FF00075726520252E32662043656C7369757372
:104000002C205072657373757265203A20252E320C
:1040100066205061200A00004C454430000000003A
:1040200044454641554C5420434F4E5354525543FA
:10403000544F522049532043414C4C4544200A00E0
:1040400055415254204953204E4F5420524541442B
:10405000590A000055617274000000004932433A69
:1040600020446576696365206973206E6F742072E1
:10407000656164792E0A00004932433A204465762E
:104080006963652069732072656164792E0A000096
:104090004932432072656164206661696C65642001
:1040A0002825642900000000424D45363830205351
:1040B000656E736F722049443A202578200A00000B
:1040C0004932433A204661696C656420746F2072FE
:1040D0006561642074656D706572617475726520C8
:1040E0007061725F743120204C53422063616C69AF
:1040F00062726174696F6E20646174610A0000000D
:104100004932433A204661696C656420746F2072BD
:104110006561642074656D70657261747572652087
:104120007061725F743120204D53422063616C696D
:1041300062726174696F6E20646174610A000000CC
:104140004932433A204661696C656420746F20727D
:104150006561642074656D70657261747572652047
:104160007061725F743220204C53422063616C692D
:1041700062726174696F6E20646174610A0000008C
:104180004932433A204661696C656420746F20723D
:104190006561642074656D70657261747572652007
:1041A0007061725F743220204D53422063616C69EC
:1041B00062726174696F6E20646174610A0000004C
:1041C0004932433A204661696C656420746F2072FD
:1041D0006561642074656D706572617475726520C7
:1041E0007061725F743320204C53422063616C69AC
:1041F00062726174696F6E20646174610A0000000C
:104200004932433A204661696C656420546F2052FC
:10421000656164204D6561737572656D656E7420AE
:104220005374617475730A004932433A20466169D8
:104230006C656420746F20726561642074656D70B4
:10424000657261747572652064617461204D5342BA
:104250002C4C53422C584C53420A000054454D50AC
:104260004552415455524520545F46494E45203DE4
:1042700020256900493243207772697465206661A0
:10428000696C6564202825642900000049324320B8
:1042900077726974652076657269666963617469AD
:1042A0006F6E206661696C65642E20577269747444
:1042B000656E2076616C75653A2025782C205265F4
:1042C00061642076616C75653A2025780A000000EB
:1042D000424D4536383020666F72636564206D6FDD
:1042E000646520636F6E66696775726174696F6E6D
:1042F000206D69736D617463682E205772697474E0
:10430000656E2076616C75653A2025782C205265A3
:1043100061642076616C75653A202578200A00007A
:10432000424D45363830204354524C5F54454D5031
:104330005F505245535F5245472073756363657301
:104340007366756C6C7920636F6E666967757265EC
:10435000642E2043757272656E742076616C75658B
:104360003A2025780A000000424D45363830204377
:1043700054524C5F48554D5F5245472073756363F7
:1043800065737366756C6C7920636F6E66696775AB
:104390007265642E2043757272656E742076616C4E
:1043A00075653A2025780A00000000000000000032
:1043B000691D0000891C0000451B0000511B000006
:1043C00054656D705F53656E736F72004932433A86
:1043D000204661696C656420746F20726561642099
:1043E0007072657373757265207061725F703120D1
:1043F000204C53422063616C6962726174696F6E14
:1044000020646174610A00004932433A20466169C0
:104410006C656420746F20726561642070726573CE
:1044200073757265207061725F703120204D534248
:104430002063616C6962726174696F6E206461747B
:10444000610A00004932433A204661696C65642084
:10445000746F207265616420707265737375726524
:10446000207061725F703220204C53422063616C77
:104470006962726174696F6E20646174610A000020
:104480004932433A204661696C656420746F20723A
:1044900065616420707265737375726520706172F6
:1044A0005F703220204D53422063616C69627261FB
:1044B00074696F6E20646174610A00004932433A86
:1044C000204661696C656420746F207265616420A8
:1044D00074656D7065726174757265207061725F6C
:1044E0007033204C53422063616C6962726174695D
:1044F0006F6E20646174610A000000004932433A23
:10450000204661696C656420746F20726561642067
:104510007072657373757265207061725F7034209C
:10452000204C53422063616C6962726174696F6EE2
:1045300020646174610A00004932433A204661698F
:104540006C656420746F207265616420707265739D
:1045500073757265207061725F703420204D534214
:104560002063616C6962726174696F6E206461744A
:10457000610A00004932433A204661696C65642053
:10458000746F2072656164207072657373757265F3
:10459000207061725F703520204C53422063616C43
:1045A0006962726174696F6E20646174610A0000EF
:1045B0004932433A204661696C656420746F207209
:1045C00065616420707265737375726520706172C5
:1045D0005F703520204D53422063616C69627261C7
:1045E00074696F6E20646174610A00004932433A55
:1045F000204661696C656420746F20726561642077
:104600007072657373757265207061725F703620A9
:10461000204C53422063616C6962726174696F6EF1
:1046200020646174610A00004932433A204661699E
:104630006C656420746F20726561642070726573AC
:1046400073757265207061725F703720204D534220
:104650002063616C6962726174696F6E2064617459
:10466000610A00004932433A204661696C65642062
:10467000746F207265616420707265737375726502
:10468000207061725F703820204C53422063616C4F
:104690006962726174696F6E20646174610A0000FE
:1046A0004932433A204661696C656420746F207218
:1046B00065616420707265737375726520706172D4
:1046C0005F703820204D53422063616C69627261D3
:1046D00074696F6E20646174610A00004932433A64
:1046E000204661696C656420746F20726561642086
:1046F0007072657373757265207061725F703920B6
:10470000204C53422063616C6962726174696F6E00
:1047100020646174610A00004932433A20466169AD
:104720006C656420746F20726561642070726573BB
:1047300073757265207061725F703920204D53422D
:104740002063616C6962726174696F6E2064617468
:10475000610A00004932433A204661696C65642071
:10476000746F207265616420707265737375726511
:10477000207061725F70313020204D5342206361A0
:104780006C6962726174696F6E20646174610A00A1
:104790000000000000000000D523000015200000EC
:1047A000E11F0000F51F000050726573737572659C
:1047B0005F53656E736F720028756E7369676E65FF
:1047C00064292063686172202A20757365642066FD
:1047D0006F722025257020617267756D656E742E6D
:1047E0002049742773207265636F6D6D656E646513
:1047F0006420746F206361737420697420746F2067
:10480000766F6964202A206265636175736520692B
:1048100074206D6179206361757365206D697362C1
:1048200065686176696F7220696E20636572746174
:10483000696E20636F6E66696775726174696F6E09
:10484000732E20537472696E673A22257322206199
:104850007267756D656E743A2564000063627072EC
:10486000696E74665F7061636B616765000000006C
:104870006C6F6767696E670010030020000100001D
:10488000AD7801000378010002000000CF7A01003A
:104890000000000000000000000000006C6F6700D6
:1048A0006C6F675F6D676D74000000004D6573731A
:1048B000616765202822257322292064726F707039
:1048C000656420626563617573652069742065782D
:1048D00063656564732073697A65206C696D6974BA
:1048E0006174696F6E202825752900004D6573730A
:1048F0006167652064726F707065642062656361D2
:1049000075736520697420657863656564732073C9
:10491000697A65206C696D69746174696F6E2028AD
:10492000257529005B2530386C755D20000000007E
:104930005B253032753A253032753A253032752E86
:10494000253033752C253033755D20001B5B306DB1
:10495000000000002573000025732E0025733A2007
:10496000000000003C25733E2000000025732F004E
:104970002573200025303278200000002020200000
:104980007C00000025630000206D6573736167651E
:10499000732064726F70706564202D2D2D0D0A1BBD
:1049A0005B306D001B5B313B33316D2D2D2D2000B5
:1049B0001B5B313B33316D001B5B313B33336D008F
:1049C0006572720077726E00696E660064626700DD
:1049D00000000000B0490200B849020000000000D9
:1049E0000000000000000000C0490200C4490200AD
:1049F000C8490200CC4902006C6F675F6261636B5B
:104A0000656E645F75617274000000006C6F675FB3
:104A10007561727400000000204A0200EC0B002057
:104A2000313D0000040C0020100C002001000000AB
:104A30009D7B01008F7B01007B7B01006F7B010070
:104A400000000000637B0100000000002A2A2A20E9
:104A5000426F6F74696E67206E524620436F6E6EB0
:104A60006563742053444B2076332E312E312D65EF
:104A70003261393766653235373861202A2A2A0A89
:104A8000000000002A2A2A205573696E67205A65A3
:104A900070687972204F532076342E312E39392D9B
:104AA000666638663063353739656562202A2A2A9A
:104AB0000A00000000000000B97B01006D757465FC
:104AC000785F696E69742063616C6C6564207769D6
:104AD0007468204E554C4C20706172616D65746530
:104AE00072000000436F756C64206E6F7420616CFF
:104AF0006C6F63617465206D75746578206265669E
:104B00006F726520696E697469616C697A696E6734
:104B100000000000280000202000002018000020D5
:104B200000000000100000201D3F0000C13E0000FA
:104B3000453E0000D93D000072302F61313A2020FF
:104B4000307825303878202072312F61323A202099
:104B5000307825303878202072322F61333A202087
:104B6000307825303878000072332F61343A2020B5
:104B7000307825303878207231322F69703A202011
:104B8000307825303878207231342F6C723A2020FA
:104B9000307825303878000020787073723A202001
:104BA0003078253038780000735B2532645D3A2018
:104BB000203078253038782020735B2532645D3AC8
:104BC00020203078253038782020735B2532645DD2
:104BD0003A20203078253038782020735B253264E5
:104BE0005D3A202030782530387800006670736395
:104BF000723A202030782530387800004661756C94
:104C000074696E6720696E737472756374696F6E10
:104C1000206164647265737320287231352F70636C
:104C2000293A20307825303878000000556E6861C8
:104C30006E646C6564204952516E3A202564000010
:104C4000535053454C20696E20746872656164202E
:104C50006D6F646520646F6573206E6F7420696E7C
:104C60006469636174652050535000002A2A2A2A1F
:104C70002A205553414745204641554C54202A2A65
:104C80002A2A2A0020204469766973696F6E20629F
:104C900079207A65726F00002020556E616C69671B
:104CA0006E6564206D656D6F7279206163636573F5
:104CB000730000002020537461636B206F7665726F
:104CC000666C6F772028636F6E74657874206172EC
:104CD0006561206E6F742076616C69642900000044
:104CE00020204E6F20636F70726F636573736F72F5
:104CF00020696E737472756374696F6E730000005F
:104D00002020496C6C6567616C206C6F6164206F5A
:104D100066204558435F52455455524E20696E7483
:104D20006F205043000000002020496C6C656761D3
:104D30006C20757365206F6620746865204550533C
:104D4000520000002020417474656D707420746FEF
:104D5000206578656375746520756E646566696E37
:104D6000656420696E737472756374696F6E000098
:104D70002A2A2A2A2A204465627567206D6F6E6987
:104D8000746F7220657863657074696F6E202A2A6B
:104D90002A2A2A0052657365727665642045786315
:104DA000657074696F6E2028000000005370757282
:104DB000696F757320696E746572727570742028DE
:104DC00049525120000000002A2A2A2A2A2025734D
:104DD00020256429202A2A2A2A2A00002A2A2A2A67
:104DE0002A204D5055204641554C54202A2A2A2A23
:104DF0002A0000002020537461636B696E67206590
:104E000072726F722028636F6E746578742061729D
:104E10006561206D69676874206265206E6F74201B
:104E200076616C69642900002020556E737461639B
:104E30006B696E67206572726F720000202044619A
:104E40007461204163636573732056696F6C61748C
:104E5000696F6E0020204D4D4641522041646472BE
:104E60006573733A20307825780000002020496E61
:104E7000737472756374696F6E20416363657373D5
:104E80002056696F6C6174696F6E00002020466C5B
:104E90006F6174696E672D706F696E74206C617AD2
:104EA00079207374617465207072657365727661C0
:104EB00074696F6E206572726F7200002A2A2A2A46
:104EC0002A20425553204641554C54202A2A2A2A4A
:104ED0002A0000002020537461636B696E672065AF
:104EE00072726F7200000000202050726563697357
:104EF00065206461746120627573206572726F72DF
:104F00000000000020204246415220416464726546
:104F100073733A2030782578000000002020496D16
:104F20007072656369736520646174612062757372
:104F3000206572726F7200002020496E7374727562
:104F40006374696F6E20627573206572726F720090
:104F50002A2A2A2A2A2048415244204641554C54A4
:104F6000202A2A2A2A2A00002020427573206661FE
:104F7000756C74206F6E20766563746F7220746137
:104F8000626C652072656164000000002020446549
:104F9000627567206576656E7400000020204661AA
:104FA000756C7420657363616C6174696F6E202821
:104FB0007365652062656C6F772900004152434834
:104FC0005F45584345505420776974682072656185
:104FD000736F6E2025780A0000000020000000009A
:104FE000060001006D7075004661696C656420748F
:104FF0006F20616C6C6F63617465206E6577204D06
:10500000505520726567696F6E2025750A00000093
:10501000506172746974696F6E2025753A207361EE
:105020006E69747920636865636B206661696C657D
:10503000642E0000496E76616C696420756E64654B
:10504000726C79696E6720726567696F6E20696E30
:105050006465782025750000020000007050020091
:10506000464C4153485F30005352414D5F30000081
:10507000000000006050020006000000E0FF0F008A
:10508000000000206850020021000000E0FF062020
:10509000300000204C11002061626F727428290AD0
:1050A00000000000736F630021202524AD7F010004
:1050B0004D7F010000000000B1530000915300003B
:1050C00000000000636C6F636B40353030300000CF
:1050D0006866636C6B0000006C66636C6B000000BC
:1050E0006866636C6B3139326D0000006866636C12
:1050F0006B617564696F0000636C6F636B5F636FF6
:105100006E74726F6C00000035540000A5540000EE
:10511000D0500200B7810100DF810100D8500200A9
:10512000AD810100D5810100E0500200A3810100A2
:10513000CB810100EC5002006770696F4038343257
:10514000383030006770696F4038343235303000A5
:10515000FFFF000000288450000000000100000054
:1051600000D0005000000000FFFFFFFF002584502A
:10517000000000000000000000D00050000000000F
:10518000693263004E65656420746F207573652015
:1051900074686520696E7465726E616C20647269F2
:1051A0007665722062756666657220627574206924
:1051B00074732073697A6520697320696E737566EC
:1051C00066696369656E7420282575202B20257516
:1051D000203E202575292E2041646A757374207441
:1051E0006865207A65706879722C636F6E6361748C
:1051F0002D6275662D73697A65206F72207A6570ED
:105200006879722C666C6173682D6275662D6D61AC
:10521000782D73697A652070726F70657274792069
:1052200028746865206F6E652077697468206772DE
:1052300065617465722076616C75652920696E20E0
:105240007468652022257322206E6F64652E00002D
:105250006932634039303030000000006932635FEA
:105260006E7266785F7477696D0000000090005080
:105270000000000000000000000000000000980195
:1052800000000101095B0000100000002184010002
:105290009C520200A4120020FFFF0000009000506A
:1052A000A852020001000000B052020002000000FB
:1052B0002200000C2300000B756E737570706F7206
:1052C00074656420737065656400000054727969C8
:1052D0006E6720746F207472616E73666572206DE4
:1052E0006F7265207468616E20746865206D6178E6
:1052F000696D756D2073697A6520666F72207468B8
:105300006973206465766963653A202564203E20D0
:10531000256400004661696C656420746F20696EC5
:10532000697469616C697A65206465766963653A58
:105330002025730000010203040506070B0000008E
:105340004661696C656420746F20616C6C6F636189
:10535000746520505049204368616E6E656C000092
:1053600075617274403830303000000075617274BD
:105370005F6E7266785F75617274650000800050C0
:105380000500000000000000B05302000000D6013C
:10539000000000000000000000000000000000000D
:1053A000BC120020B4120020631F0020621F0020E6
:1053B00000800050BC53020001000000C4530200F2
:1053C0000400000014000000130000021606000193
:1053D00015060003002030303030303030303030AF
:1053E00030303030000100000001000008000000F3
:1053F0000300000043505520657863657074696F41
:105400006E000000556E68616E646C656420696EA4
:105410007465727275707400537461636B206F767B
:105420006572666C6F7700004B65726E656C206FFD
:105430006F7073004B65726E656C2070616E69638E
:1054400000000000556E6B6E6F776E206572726F94
:1054500072000000756E6B6E6F776E0048616C7441
:10546000696E672073797374656D00003E3E3E205F
:105470005A455048595220464154414C20455252B9
:105480004F522025643A202573206F6E20435055DB
:10549000202564004661756C7420647572696E67BE
:1054A00020696E746572727570742068616E646CC8
:1054B000696E670A0000000043757272656E7420A1
:1054C0007468726561643A2025702028257329006C
:1054D00069646C65000000006D61696E0000000089
:1054E0008C3802008C380200C4380200CC3802002C
:1054F000EC380200F43802006F730000FF8FFFFFEA
:10550000FF8FFFFFFE8FFFFFFE8FFFFFFD8FFFFF6F
:10551000FC8FFFFFFC8FFFFFFB8FFFFF6D75746536
:10552000785F667265652063616C6C65642077697D
:105530007468204E554C4C20706172616D657465C5
:105540007200000043616E277420696E697469619E
:105550006C697A65206D757465782C20776173208D
:105560004E554C4C0D0A0000436F756C64206E6FF5
:1055700074206C6F636B20706F7765722073617637
:1055800065206D7574657800BC5502005468020092
:10559000EC6302000000000088550200799B0000C7
:1055A00049A00100251C0100BC55020077680200DB
:1055B000B463020000000000A8550200999B00009F
:1055C0005DA001004DA101004DA101005F0302009B
:1055D000B702020021A10100ADA0010071A00100ED
:1055E000C86302009C680200C8630200A968020048
:1055F000501C0020F41B00203C1C0020E81B002055
:10560000441C0020F01B0020601C0020041C002013
:105610005C1C0020001C0020581C0020FC1B0020EB
:10562000541C0020F81B0020401C0020EC1B002014
:10563000000000000000000000000000E460020024
:1056400085A6000083A2010000000000D8600200CF
:10565000C1A60000A1A2010000000000F06002004D
:105660002DA9000019A30100C8630200CC68020044
:1056700038640200DD680200000000000200000043
:10568000E855020002000000685602000200000017
:10569000BC5502000A69020070560200386402001C
:1056A000266902000000000002000000E855020028
:1056B000020000006856020002000000BC55020013
:1056C000536902009C560200386402006F690200B0
:1056D0000000000002000000E85502000200000087
:1056E0006856020002000000BC5502009D690200DD
:1056F000C856020038640200BA69020000000000C7
:1057000002000000E8550200020000006856020096
:1057100002000000BC550200E8690200F4560200D5
:1057200000000000705602000000000000000000B1
:105730000000000000000000000000000000000069
:105740000000000000000000000000000000000059
:1057500090560200D9AC00001FA9010085AA0000E4
:1057600055A3010079AB00005DA3010061A3010016
:10577000ADAB000065A30100000000009C560200D4
:105780000000000000000000000000000000000019
:105790000000000000000000000000000000000009
:1057A0000000000000000000BC560200EDAC00004C
:1057B00031A90100B9AA000055A3010011AB0000F6
:1057C0005DA3010061A3010041AB000065A30100DE
:1057D00000000000C85602000000000000000000A9
:1057E00000000000000000000000000000000000B9
:1057F00000000000000000000000000000000000A9
:10580000E856020001AD000043A901009BA8010079
:1058100069A3010065AC00005DA3010061A3010064
:105820001DAC000065A3010000000000F45602005A
:105830000000000000000000000000000000000068
:105840000000000000000000000000000000000058
:10585000000000000000000014570200C5AC00006A
:105860000DA90100ADA6010069A30100CDAB0000A8
:105870005DA3010061A3010029AA000065A3010046
:10588000386402007A6A0200000000000200000092
:10589000D85F02000200000060590200020C000004
:1058A00038640200AF6A020000000000020000003D
:1058B000CC5F02000200000060590200020C0000F0
:1058C00038640200E36A02000000000002000000E9
:1058D000146002000200000060590200020C000087
:1058E000386402001E6B020000000000020000008D
:1058F000346002000200000060590200020C000047
:1059000038640200596B0200000000000200000031
:1059100094600200020000006059020002080000CA
:10592000386402008F6B02000000000002000000DB
:10593000A06002000200000060590200020800009E
:1059400038640200C56B0200000000000200000085
:1059500054600200020000006059020002100000C2
:10596000C8630200FA6B020038640200136C020084
:105970000000000002000000B86002000200000009
:105980006059020002080000000000008058020078
:105990005DAF0000EDAB010083D901008BD90100A0
:1059A00015DB010001DB0100EDDA01000000000061
:1059B000A0580200EDAF000035AC01007FA9010046
:1059C0007FB001009DD9010000000000C058020016
:1059D00081AF0000FFAB010021D9010027D90100F0
:1059E00065DB010051DB01003DDB010029DB01002B
:1059F0002DD9010033D901005BD90100000000005E
:105A0000E0580200A9AF000011AC0100BFD80100AE
:105A1000C5D80100B5DB0100A1DB01008DDB010071
:105A200079DB0100CBD80100D1D80100F9D8010001
:105A3000000000000059020019B0000047AC01004E
:105A4000EDAA0100B5B001000000000020590200DD
:105A50003DB0000059AC01005DAB0100991700009A
:105A60000000000040590200D1AF000023AC01004B
:105A7000A1AB010045B1010095AB010000000000A1
:105A80006859020061B000006BAC0100E3AA01009C
:105A9000A1AA01005FAA01001DAA0100DBA9010063
:105AA00099A90100C86302001A6D0200386402005F
:105AB000296D02000000000002000000E85502000D
:105AC00002000000A45A02000200000000000000D2
:105AD000AC5A020035B700009DB401001FB50100AB
:105AE0002FB501004FB501005FB5010095B401006D
:105AF000C3B4010099B40100AFB40100C86302004F
:105B00009C6D0200C8630200A96D0200C863020018
:105B1000B86D0200BC550200CA6D0200E8550200D3
:105B2000BC550200E26D0200E85502003864020034
:105B3000FB6D02000000000002000000E8550200BA
:105B400002000000045B0200020000003864020052
:105B50001B6E02000000000002000000E855020079
:105B600002000000045B0200020000003864020032
:105B70003B6E02000000000002000000E855020039
:105B8000020000000C5B020002000000BC55020095
:105B9000546E0200E8550200BC5502009A6E0200E5
:105BA000E855020038640200E06E020000000000C8
:105BB00002000000E855020002000000FC5A02004A
:105BC0000200000000000000145B020005B80000A5
:105BD000B7B6010081B90100B1B801005DB601009E
:105BE00000000000205B020001A90000FBA20100F0
:105BF00043B601004BB6010021B8010011B8010005
:105C000001B80100000000002C5B02002DA600007E
:105C100047A20100E1B50100E7B5010061B801004C
:105C200051B8010041B8010031B80100EDB50100E3
:105C3000F3B501001BB60100000000004C5B020040
:105C400059A6000065A201007FB5010085B50100DD
:105C5000A1B8010091B8010081B8010071B801003C
:105C60008BB5010091B50100B9B50100000000003D
:105C70006C5B0200E9B70000A5B6010057B6010051
:105C8000430F02005BB60100000000008C5B0200C5
:105C9000ADB700006FB601003FCC0100D9CC0100C8
:105CA00000000000985B0200C1B7000081B601004F
:105CB0007DBA00005BC2010000000000A45B02008E
:105CC000D5B7000093B6010053B601007DCA0100AC
:105CD00003CB010025C90100E7C9010015C8010077
:105CE00089CB010038640200256F0200000000002B
:105CF00002000000205B0200020000006059020068
:105D0000020C0000386402005A6F0200000000001C
:105D100002000000145B0200020000006059020053
:105D2000020C0000386402008E6F020000000000C8
:105D3000020000002C5B020002000000605902001B
:105D4000020C000038640200C96F0200000000006D
:105D5000020000004C5B02000200000060590200DB
:105D6000020C000038640200047002000000000011
:105D7000020000008C5B020002000000605902007B
:105D800002080000386402003A70020000000000BF
:105D900002000000985B020002000000605902004F
:105DA0000208000038640200707002000000000069
:105DB000020000006C5B020002000000605902005B
:105DC0000210000038640200A5700200000000000C
:105DD00002000000A45B0200020000006059020003
:105DE0000208000000000000E45C0200B5CF0000E3
:105DF000E1CF010043B601004BB6010021B801001C
:105E000011B8010001B8010000000000045D0200AB
:105E100045D0000029D00100A7CD01000FD5010019
:105E20005DB6010000000000245D0200D9CF000033
:105E3000F3CF0100E1B50100E7B5010061B8010051
:105E400051B8010041B8010031B80100EDB50100C1
:105E5000F3B501001BB6010000000000445D020024
:105E600001D0000005D001007FB5010085B501001B
:105E7000A1B8010091B8010081B8010071B801001A
:105E80008BB5010091B50100B9B50100000000001B
:105E9000645D020071D000003BD0010015CF01000D
:105EA00045D5010000000000845D020095D000008F
:105EB0004DD0010085CF0100011800000000000056
:105EC000A45D020029D0000017D00100C9CF010055
:105ED0002BD60100BDCF010000000000C45D020010
:105EE000B9D000005FD001000BCF0100C9CE010086
:105EF00087CE010045CE010003CE0100C1CD0100D7
:105F000089CB0100BC550200DA7002002C6302004C
:105F100000000000045F0200A5D3000033D7010099
:105F200091FD010093FD0100A3D6010073D601008D
:105F30009DD60100CBFD0100EDD6010053D7010035
:105F400045D7010067D70100E1D601000FD7010056
:105F5000BC550200217102006C5F020000000000CD
:105F6000505F0200BDD400008FD70100C86302005B
:105F700043710200000000006C5F020035D5000094
:105F800079D80100386402004F710200000000005F
:105F900001000000505F020003F4FFFFB05F020049
:105FA000C45F02000800000000000000845F0200DF
:105FB0006DD500008BD80100F8FFFFFFF8FFFFFF51
:105FC000845F020091D500009DD80100BC550200FD
:105FD00052710200E8550200BC55020060710200D7
:105FE000E8550200BC5502006F710200E85502003E
:105FF000BC550200A9710200E8550200BC55020020
:10600000E3710200E8550200BC550200FC71020079
:10601000E8550200386402000F7202000000000020
:1060200002000000E855020002000000045B0200CC
:106030000200000038640200257202000000000027
:1060400002000000E855020002000000045B0200AC
:1060500002000000386402003B72020000000000F1
:1060600002000000E8550200020000000C5B020084
:1060700002000000386402004A72020000000000C2
:1060800002000000E855020002000000685602000D
:1060900002000000BC55020076720200E8550200C2
:1060A000BC550200B2720200E8550200BC55020065
:1060B000EE720200E8550200386402002973020003
:1060C0000000000002000000E8550200020000008D
:1060D000FC5A020002000000BC550200647302007A
:1060E000E8550200BC55020082730200E855020028
:1060F000BC550200A0730200E85502000000000039
:10610000CC5F020049D600003FDA01001DDC01002F
:106110001DD700009DD9010000000000D85F0200DB
:10612000FDA9000037A3010083D901008BD901002C
:1061300015DB010001DB0100EDDA010000000000C9
:10614000E45F0200A1D50000AFD9010071F50100A4
:106150003BF501008FF70100C5F70100FBF70100D7
:1061600091F80100C7F8010025F50000BDF5000019
:1061700055F6000031F8010000000000F05F020059
:10618000B5D50000C1D901008BE5010063E5010030
:1061900097E7010061E90100B1EA0100F1EC0100BB
:1061A0002DEF0100BFE7010000000000FC5F0200CE
:1061B000F1D50000F7D901000000000008600200DE
:1061C00065D6000051DA01000000000014600200F2
:1061D0000DA80000BFA2010021D9010027D90100AC
:1061E00065DB010051DB01003DDB010029DB010023
:1061F0002DD9010033D901005BD901000000000056
:106200003460020039A80000DDA20100BFD80100FF
:10621000C5D80100B5DB0100A1DB01008DDB010069
:1062200079DB0100CBD80100D1D80100F9D80100F9
:1062300000000000546002002DD600002DDA01009D
:1062400097D90100850F02009BD9010000000000D2
:106250007460020000000000000000000000000068
:10626000000000000000000000000000000000002E
:106270000000000000000000000000009460020028
:10628000C9D50000D3D90100B11401005115010096
:1062900000000000A0600200DDD50000E5D901008B
:1062A00015E5000055EF010000000000AC600200A1
:1062B00005D6000009DA010089EF010000000000A6
:1062C000B860020019D600001BDA010093D9010062
:1062D00041FB0100C9FB01000DFA0100A7FA010012
:1062E000FDF8010038640200B873020000000000ED
:1062F00001000000505F020003F4FFFF1063020082
:10630000246302000400000000000000E4620200B8
:10631000C516010051FC0100FCFFFFFFFCFFFFFF61
:10632000E4620200E516010063FC0100C86302009C
:10633000BB730200000000002C630200F516010090
:10634000F9FD010091FD010093FD010095FD0100A3
:10635000ABFD0100C7FD0100CBFD01005FFE0100A8
:10636000CFFD0100D5FD0100EDFD01000BFE010098
:10637000F3FD0100BC5502003A740200EC63020018
:106380000000000074630200551901008F02020032
:106390004D190100BC55020055740200EC63020067
:1063A000000000009463020071190100A3020200C2
:1063B00069190100BC55020061740200E055020039
:1063C00000000000B463020085190100F50202001C
:1063D0004DA101004DA101005F030200B7020200C0
:1063E0004703020009030200E9020200C863020039
:1063F000A5740200BC550200B2740200EC630200F6
:10640000C8630200C4740200C8630200E47402009E
:1064100000000000F4630200570602005906020063
:106420002D1C0100BC55020009750200B463020076
:1064300000000000246402004D2001003909020020
:106440004DA101004DA101005F030200B70202004F
:10645000570C0200EB0902004D090200BC55020076
:106460006475020074600200000000005C640200B9
:1064700051220100AF0D0200850D0200930D0200B4
:10648000850D02009B0D02009F0D0200A30D02006E
:106490009B0D0200BC55020004760200EC63020072
:1064A000BC5502001476020094640200BC55020040
:1064B0002576020094640200BC5502003676020084
:1064C000EC63020000000000946402000525010056
:1064D000DF0F0200C90F020000000000A0640200EC
:1064E00029250100F10F0200C90F02000000000081
:1064F000AC6402003D25010003100200C90F020038
:1065000000000000B8640200E1240100CD0F020089
:10651000C90F0200BC5502005A770200D465020080
:10652000BC55020077770200CC650200A865020026
:106530009C7702001465020038640200AE77020006
:106540000000000001000000A8550200000000004B
:10655000000000001465020031280100CF10020085
:10656000CB10020000000000206502001D28010081
:10657000B910020015280100FB1102007528010066
:10658000851102008B110200B5110200000000000D
:106590002C6502005928010019110200CB100200DD
:1065A000000000003865020045280100E1100200EB
:1065B0004DA101004DA101005F030200F310020094
:1065C00021A10100ADA0010071A00100C86302007B
:1065D000CE770200BC550200E7770200B8640200E3
:1065E000BC550200F8770200CC650200BC550200E1
:1065F00022780200CC65020000000000D465020091
:10660000552A0100E9110200C90F02000000000034
:10661000E0650200CB110200D1110200E129010066
:10662000FB110200692A01008511020071110200AC
:10663000B511020000000000EC650200C911020063
:10664000DD110200E9290100FB110200692A0100A5
:10665000F12901002B120200B5110200BC55020005
:106660004B780200EC630200000000005C66020050
:10667000F12A0100591202005512020005770200AA
:10668000097702000D77020011770200CC76020034
:1066900015770200197702001D77020021770200AA
:1066A00025770200297702002D770200AF760200DD
:1066B000B7760200C0760200C6760200CC760200F1
:1066C000D0760200D5760200DA760200E17602008A
:1066D000EB760200F3760200FC760200937602006D
:1066E000977602009B7602009F760200A376020056
:1066F000A7760200AB7602005A76020061760200AD
:1067000068760200707602007A76020083760200D4
:106710008A760200936D0200846D020051820200AD
:10672000487602004B76020066820200AF760200D5
:10673000B7760200C0760200C6760200CC76020070
:10674000D0760200D5760200DA760200E176020009
:10675000EB760200F3760200FC7602007E820200F5
:106760004E760200597702005977020059770200ED
:106770005977020059770200000000000000000075
:106780000000000000000000000000409559695919
:106790005555545515555556040515411054554039
:1067A00045515544404550445055554500400040E2
:1067B0004004449665555655454045545141154051
:1067C00055915555555540510501000054455454B7
:1067D0004555050400100410140440000000014059
:1067E00055551541540400004400010000000040CC
:1067F000410000445044455054005555545565518E
:1068000000400040010000010005010011545151F9
:106810005455550500000000000000000000000075
:1068200000001F003B005A0078009700B500D4001C
:10683000F300110130014E016D0100001F003C000A
:106840005B0079009800B600D500F4001201310118
:106850004F016E014E395F5F676E755F6378783206
:10686000307265637572736976655F696E69745FAE
:106870006572726F7245004E31305F5F6378786188
:106880006269763132305F5F73695F636C61737325
:106890005F747970655F696E666F45005374397413
:1068A0007970655F696E666F004E5374366C6F6306
:1068B000616C65356661636574450043007472758B
:1068C000650066616C736500EFBBBF0053743132C5
:1068D000636F64656376745F6261736500537432DD
:1068E000335F5F636F64656376745F616273747254
:1068F0006163745F626173654944736331305F6DD6
:106900006273746174655F744500537437636F64B8
:10691000656376744944736331305F6D627374618B
:1069200074655F744500537432335F5F636F6465F1
:106930006376745F61627374726163745F626173C2
:10694000654944696331305F6D6273746174655F7A
:10695000744500537437636F6465637674494469A2
:106960006331305F6D6273746174655F74450053A9
:106970007432335F5F636F64656376745F61627303
:1069800074726163745F6261736549447344753105
:10699000305F6D6273746174655F74450053743762
:1069A000636F6465637674494473447531305F6D19
:1069B0006273746174655F744500537432335F5F52
:1069C000636F64656376745F61627374726163742C
:1069D0005F62617365494469447531305F6D62730C
:1069E000746174655F744500537437636F646563E5
:1069F0007674494469447531305F6D6273746174B3
:106A0000655F744500EFBBBF62617369635F737458
:106A100072696E673A3A5F535F636F6E7374727533
:106A20006374206E756C6C206E6F742076616C6977
:106A3000640063616E6E6F742063726561746520BB
:106A40007368696D20666F7220756E6B6E6F776EFE
:106A5000206C6F63616C653A3A66616365740075BA
:106A60006E696E697469616C697A6564205F5F61E3
:106A70006E795F737472696E67002A4E5374313396
:106A80005F5F66616365745F7368696D7331325F00
:106A9000474C4F42414C5F5F4E5F3131336E756DF5
:106AA00070756E63745F7368696D49634545002A4C
:106AB0004E537431335F5F66616365745F736869F9
:106AC0006D7331325F474C4F42414C5F5F4E5F31D7
:106AD0003132636F6C6C6174655F7368696D4963B3
:106AE0004545002A4E537431335F5F6661636574B8
:106AF0005F7368696D7331325F474C4F42414C5F41
:106B00005F4E5F3131356D6F6E657970756E637490
:106B10005F7368696D49634C6231454545002A4E93
:106B2000537431335F5F66616365745F7368696D69
:106B30007331325F474C4F42414C5F5F4E5F3131A2
:106B4000356D6F6E657970756E63745F7368696DAE
:106B500049634C6230454545002A4E537431335FDA
:106B60005F66616365745F7368696D7331325F4737
:106B70004C4F42414C5F5F4E5F3131346D6F6E65FB
:106B8000795F6765745F7368696D49634545002A7D
:106B90004E537431335F5F66616365745F73686918
:106BA0006D7331325F474C4F42414C5F5F4E5F31F6
:106BB00031346D6F6E65795F7075745F7368696D80
:106BC00049634545002A4E537431335F5F66616304
:106BD00065745F7368696D7331325F474C4F424132
:106BE0004C5F5F4E5F3131336D6573736167657301
:106BF0005F7368696D49634545004E5374366C6F29
:106C000063616C65356661636574365F5F7368697F
:106C10006D45002A4E537431335F5F66616365745E
:106C20005F7368696D7331325F474C4F42414C5F0F
:106C30005F4E5F31313374696D655F6765745F7393
:106C400068696D496345450025733A205F5F706F41
:106C5000732028776869636820697320257A75290D
:106C6000203E20746869732D3E73697A6528292057
:106C700028776869636820697320257A752900621E
:106C8000617369635F737472696E673A3A636F70B8
:106C9000790062617369635F737472696E673A3A0F
:106CA0005F535F6372656174650062617369635FFE
:106CB000737472696E673A3A6572617365006261F6
:106CC0007369635F737472696E673A3A5F4D5F729E
:106CD00065706C6163655F6175780062617369639B
:106CE0005F737472696E673A3A61737369676E00B5
:106CF00062617369635F737472696E673A3A617057
:106D000070656E640062617369635F737472696E4B
:106D1000673A3A726573697A650053743130637407
:106D20007970655F6261736500537435637479705F
:106D3000654963450062617369635F737472696E6C
:106D4000673A20636F6E737472756374696F6E2037
:106D500066726F6D206E756C6C206973206E6F7437
:106D60002076616C69640062617369635F73747239
:106D7000696E673A3A696E73657274004300252E36
:106D80002A4C6600256D2F25642F25790025483A69
:106D9000254D0025483A254D3A2553005374397442
:106DA000696D655F6261736500537431306D6F6E3C
:106DB00065795F6261736500537431336D65737318
:106DC000616765735F62617365004E5374375F5F1F
:106DD000637878313137636F6C6C617465496345F2
:106DE00045004E5374375F5F6378783131386E7584
:106DF0006D70756E637449634545004E5374375F1B
:106E00005F637878313131306D6F6E657970756E92
:106E1000637449634C6231454545004E5374375F96
:106E20005F637878313131306D6F6E657970756E72
:106E3000637449634C6230454545004E5374375F77
:106E40005F6378783131386D657373616765734955
:106E5000634545004E5374375F5F6378783131394D
:106E60006D6F6E65795F6765744963537431396915
:106E700073747265616D6275665F69746572617461
:106E80006F72496353743131636861725F74726108
:106E9000697473496345454545004E5374375F5FD8
:106EA0006378783131396D6F6E65795F70757449CB
:106EB00063537431396F73747265616D6275665FA7
:106EC0006974657261746F724963537431316368B8
:106ED00061725F7472616974734963454545450029
:106EE0004E5374375F5F63787831313874696D65FC
:106EF0005F6765744963537431396973747265618E
:106F00006D6275665F6974657261746F724963530F
:106F1000743131636861725F74726169747349635B
:106F200045454545002A4E537431335F5F666163C2
:106F300065745F7368696D7331325F474C4F4241CE
:106F40004C5F5F4E5F3131336E756D70756E63747B
:106F50005F7368696D49634545002A4E5374313348
:106F60005F5F66616365745F7368696D7331325F1B
:106F7000474C4F42414C5F5F4E5F313132636F6C23
:106F80006C6174655F7368696D49634545002A4E9D
:106F9000537431335F5F66616365745F7368696DF5
:106FA0007331325F474C4F42414C5F5F4E5F31312E
:106FB000356D6F6E657970756E63745F7368696D3A
:106FC00049634C6231454545002A4E537431335F65
:106FD0005F66616365745F7368696D7331325F47C3
:106FE0004C4F42414C5F5F4E5F3131356D6F6E6586
:106FF0007970756E63745F7368696D49634C623054
:10700000454545002A4E537431335F5F66616365C1
:10701000745F7368696D7331325F474C4F42414C06
:107020005F5F4E5F3131346D6F6E65795F67657498
:107030005F7368696D49634545002A4E5374313367
:107040005F5F66616365745F7368696D7331325F3A
:10705000474C4F42414C5F5F4E5F3131346D6F6E34
:1070600065795F7075745F7368696D496345450044
:107070002A4E537431335F5F66616365745F736872
:10708000696D7331325F474C4F42414C5F5F4E5FD9
:107090003131336D657373616765735F7368696DF3
:1070A00049634545002A4E537431335F5F6661631F
:1070B00065745F7368696D7331325F474C4F42414D
:1070C0004C5F5F4E5F31313374696D655F67657426
:1070D0005F7368696D49634545004E395F5F676E50
:1070E000755F6378783138737464696F5F73796E34
:1070F000635F66696C6562756649635374313163B9
:107100006861725F747261697473496345454500D3
:1071100062617369635F696F733A3A636C65617248
:107120000053743962617369635F696F73496353B4
:10713000743131636861725F747261697473496339
:10714000454500537438696F735F6261736500531E
:107150006900537437636F6C6C61746549634500F3
:107160005374386E756D70756E6374496345005362
:1071700074376E756D5F676574496353743139692F
:1071800073747265616D6275665F6974657261744E
:107190006F72496353743131636861725F747261F5
:1071A0006974734963454545005374376E756D5F67
:1071B0007075744963537431396F73747265616D9E
:1071C0006275665F6974657261746F724963537446
:1071D0003131636861725F747261697473496345C8
:1071E000454500537431375F5F74696D6570756E26
:1071F00063745F636163686549634500537431314B
:107200005F5F74696D6570756E63744963450053A3
:107210007431306D6F6E657970756E637449634C4F
:107220006231454500537431306D6F6E657970750C
:107230006E637449634C62304545005374386D6524
:1072400073736167657349634500537432335F5FDD
:10725000636F64656376745F616273747261637493
:107260005F6261736549636331305F6D627374613E
:1072700074655F7445005374396D6F6E65795F672F
:1072800065744963537431396973747265616D62F1
:1072900075665F6974657261746F724963537431A6
:1072A00031636861725F74726169747349634545E3
:1072B00045005374396D6F6E65795F7075744963FD
:1072C000537431396F73747265616D6275665F698D
:1072D00074657261746F72496353743131636861AC
:1072E000725F7472616974734963454545005374F4
:1072F0003874696D655F7075744963537431396FA3
:1073000073747265616D6275665F697465726174CC
:107310006F72496353743131636861725F74726173
:1073200069747349634545450053743874696D65E4
:107330005F67657449635374313969737472656149
:107340006D6275665F6974657261746F72496353CB
:10735000743131636861725F747261697473496317
:1073600045454500537431385F5F6D6F6E657970C8
:10737000756E63745F636163686549634C62304531
:107380004500537431385F5F6D6F6E657970756E4F
:1073900063745F636163686549634C6231454500AE
:1073A000537431365F5F6E756D70756E63745F63B5
:1073B0006163686549634500536F005374313562FA
:1073C000617369635F73747265616D627566496349
:1073D00053743131636861725F74726169747349A7
:1073E0006345450062617369635F737472696E67B8
:1073F0003A3A5F4D5F6372656174650062617369FB
:10740000635F737472696E673A3A7265706C616338
:10741000650062617369635F737472696E673A3A9B
:107420005F4D5F7265706C616365007374643A3AB6
:107430006261645F616C6C6F630053743962616494
:107440005F616C6C6F63007374643A3A6261645F8D
:1074500063617374005374386261645F6361737451
:10746000004E31305F5F6378786162697631313721
:107470005F5F636C6173735F747970655F696E667B
:107480006F45007374643A3A657863657074696F28
:107490006E007374643A3A6261645F657863657024
:1074A00074696F6E00537439657863657074696FC1
:1074B0006E00537431336261645F65786365707424
:1074C000696F6E004E31305F5F6378786162697614
:1074D0003131355F5F666F726365645F756E7769C2
:1074E0006E6445004E31305F5F6378786162697623
:1074F0003131395F5F666F726569676E5F657863AA
:10750000657074696F6E4500004E31305F5F63785F
:1075100078616269763132315F5F766D695F636C85
:107520006173735F747970655F696E666F4500257E
:107530004C66006C6F63616C653A3A6661636574B2
:107540003A3A5F535F6372656174655F635F6C6F46
:1075500063616C65206E616D65206E6F742076616D
:107560006C696400537437636F6465637674496350
:107570006331305F6D6273746174655F7445002DB3
:107580002B785830313233343536373839616263CD
:1075900064656630313233343536373839414243E9
:1075A000444546002D2B7858303132333435363748
:1075B0003839616263646566414243444546002D43
:1075C0003031323334353637383900474D5400487E
:1075D000535400414B535400505354004D535400E6
:1075E0004353540045535400415354004E535400E8
:1075F0004345540049535400454554004A535400F0
:1076000002030004537431316C6F6769635F657204
:10761000726F7200537431326C656E6774685F65A7
:1076200072726F7200537431326F75745F6F665F80
:1076300072616E6765005374313372756E74696D73
:10764000655F6572726F7200414D00504D002549B3
:107650003A254D3A25532025700053756E646179A3
:10766000004D6F6E646179005475657364617900D3
:107670005765646E657364617900546875727364EC
:10768000617900467269646179005361747572644E
:1076900061790053756E004D6F6E0054756500572B
:1076A0006564005468750046726900536174004A4D
:1076B000616E7561727900466562727561727900FA
:1076C0004D6172636800417072696C004D617900B0
:1076D0004A756E65004A756C7900417567757374FB
:1076E0000053657074656D626572004F63746F62FC
:1076F0006572004E6F76656D626572004465636504
:107700006D626572004A616E00466562004D61728D
:1077100000417072004A756E004A756C00417567D1
:1077200000536570004F6374004E6F7600446563CC
:1077300000696F73747265616D00696F737472654F
:10774000616D206572726F7200556E6B6E6F776E31
:10775000206572726F72003A20004E537438696F60
:10776000735F62617365376661696C757265423516
:10777000637878313145002A4E31325F474C4F42B1
:10778000414C5F5F4E5F313137696F5F6572726F79
:10779000725F63617465676F72794500537431334A
:1077A0005F5F696F735F6661696C757265005374C2
:1077B00031395F5F696F736661696C5F7479706599
:1077C0005F696E666F0067656E65726963004E5330
:1077D00074335F563231346572726F725F636174F5
:1077E00065676F72794500537431327379737465CC
:1077F0006D5F6572726F72002A4E31325F474C4F77
:1078000042414C5F5F4E5F31323267656E6572692F
:10781000635F6572726F725F63617465676F7279BF
:1078200045002A4E31325F474C4F42414C5F5F4E1C
:107830005F31323173797374656D5F6572726F7227
:107840005F63617465676F727945004E5374386980
:107850006F735F62617365376661696C75726545E8
:107860000000202020202020202020282828282830
:107870002020202020202020202020202020202008
:107880002020881010101010101010101010101060
:107890001010040404040404040404041010101060
:1078A000101010414141414141010101010101011B
:1078B000010101010101010101010101011010108B
:1078C00010101042424242424202020202020202EE
:1078D000020202020202020202020202021010105E
:1078E0001020000000000000000000000000000068
:1078F0000000000000000000000000000000000088
:107900000000000000000000000000000000000077
:107910000000000000000000000000000000000067
:107920000000000000000000000000000000000057
:107930000000000000000000000000000000000047
:107940000000000000000000000000000000000037
:107950000000000000000000000000000000000027
:10796000000053756363657373004E6F74206F7707
:107970006E6572004E6F20737563682066696C6572
:10798000206F72206469726563746F7279004E6F44
:1079900020737563682070726F6365737300496E3E
:1079A0007465727275707465642073797374656D33
:1079B0002063616C6C00492F4F206572726F7200FA
:1079C0004E6F207375636820646576696365206F08
:1079D00072206164647265737300417267206C6920
:1079E000737420746F6F206C6F6E670045786563E9
:1079F00020666F726D6174206572726F7200536FD2
:107A0000636B657420616C726561647920636F6E6D
:107A10006E6563746564004261642066696C65200C
:107A20006E756D626572004E6F206368696C64727A
:107A3000656E0044657374696E6174696F6E206170
:107A40006464726573732072657175697265640030
:107A50004E6F206D6F72652070726F636573736512
:107A600073004E6F7420656E6F7567682073706168
:107A70006365005065726D697373696F6E2064652C
:107A80006E69656400426164206164647265737349
:107A900000426C6F636B2064657669636520726574
:107AA00071756972656400446576696365206F72FB
:107AB000207265736F757263652062757379004615
:107AC000696C65206578697374730043726F7373B2
:107AD0002D646576696365206C696E6B004E6F205E
:107AE0007375636820646576696365004E6F742002
:107AF00061206469726563746F727900486F737492
:107B000020697320646F776E00436F6E6E656374D7
:107B1000696F6E20616C726561647920696E207096
:107B2000726F6772657373004973206120646972B4
:107B30006563746F727900496E76616C6964206167
:107B40007267756D656E74004E6574776F726B2029
:107B5000696E74657266616365206973206E6F7407
:107B600020636F6E6669677572656400436F6E6E41
:107B7000656374696F6E2061626F72746564206200
:107B800079206E6574776F726B00546F6F206D6132
:107B90006E79206F70656E2066696C657320696E02
:107BA0002073797374656D0046696C652064657334
:107BB00063726970746F722076616C756520746F82
:107BC0006F206C61726765004E6F7420612063687E
:107BD00061726163746572206465766963650054DF
:107BE0006578742066696C652062757379004669F2
:107BF0006C6520746F6F206C6172676500486F73ED
:107C00007420697320756E726561636861626C656A
:107C1000004E6F207370616365206C656674206F21
:107C20006E20646576696365004E6F7420737570AD
:107C3000706F7274656400496C6C6567616C207369
:107C400065656B00526561642D6F6E6C79206669A5
:107C50006C652073797374656D00546F6F206D616E
:107C60006E79206C696E6B730042726F6B656E206B
:107C700070697065004D617468656D6174696373E6
:107C800020617267756D656E74206F7574206F6604
:107C900020646F6D61696E206F662066756E637417
:107CA000696F6E00526573756C7420746F6F206C11
:107CB00061726765004E6F206D6573736167652043
:107CC0006F662064657369726564207479706500FD
:107CD0004964656E7469666965722072656D6F7658
:107CE000656400496C6C6567616C2062797465201D
:107CF00073657175656E636500446561646C6F637F
:107D00006B004E6574776F726B20697320756E72AD
:107D10006561636861626C65004E6F206C6F636BB8
:107D2000004E6F7420612073747265616D0053742E
:107D30007265616D20696F63746C2074696D656F25
:107D40007574004E6F2073747265616D2072657377
:107D50006F7572636573004D616368696E65206954
:107D600073206E6F74206F6E20746865206E65746A
:107D7000776F726B004E6F207061636B6167650097
:107D80005265736F757263652069732072656D6FDC
:107D90007465005669727475616C206369726375ED
:107DA000697420697320676F6E650041647665723F
:107DB00074697365206572726F720053726D6F75AE
:107DC0006E74206572726F7200436F6D6D756E69AF
:107DD000636174696F6E206572726F720050726FAA
:107DE000746F636F6C206572726F7200556E6B6E8C
:107DF0006F776E2070726F746F636F6C004D756C6F
:107E00007469686F7020617474656D707465640066
:107E1000426164206D6573736167650043616E6ED6
:107E20006F74206163636573732061206E656564A0
:107E3000656420736861726564206C696272617246
:107E40007900416363657373696E67206120636FB6
:107E50007272757074656420736861726564206CF9
:107E6000696272617279002E6C6962207365637455
:107E7000696F6E20696E20612E6F757420636F725A
:107E800072757074656400417474656D7074696EA8
:107E90006720746F206C696E6B20696E206D6F7245
:107EA0006520736861726564206C696272617269D1
:107EB0006573207468616E2073797374656D206CCE
:107EC000696D69740043616E6E6F742065786563D7
:107ED000206120736861726564206C6962726172EE
:107EE00079206469726563746C790046756E637499
:107EF000696F6E206E6F7420696D706C656D656E54
:107F0000746564004469726563746F7279206E6F82
:107F10007420656D7074790046696C65206F7220FD
:107F200070617468206E616D6520746F6F206C6F76
:107F30006E6700546F6F206D616E792073796D628A
:107F40006F6C6963206C696E6B73004E6F20627595
:107F50006666657220737061636520617661696C25
:107F600061626C65004E6F206461746100416464FD
:107F7000726573732066616D696C79206E6F742011
:107F8000737570706F727465642062792070726F9F
:107F9000746F636F6C2066616D696C790050726FED
:107FA000746F636F6C2077726F6E67207479706581
:107FB00020666F7220736F636B657400536F636B21
:107FC0006574206F7065726174696F6E206F6E20CA
:107FD0006E6F6E2D736F636B65740050726F746F8C
:107FE000636F6C206E6F7420617661696C61626C86
:107FF000650043616E27742073656E64206166744A
:10800000657220736F636B65742073687574646F39
:10801000776E00436F6E6E656374696F6E20726574
:10802000667573656400436F6E6E656374696F6E29
:1080300020726573657420627920706565720041F5
:1080400064647265737320616C7265616479206920
:108050006E207573650041646472657373206E6F82
:108060007420617661696C61626C6500536F66743F
:10807000776172652063617573656420636F6E6EEE
:10808000656374696F6E2061626F727400536F6311
:108090006B6574206973206E6F7420636F6E6E65FC
:1080A0006374656400536F636B65742074797065E5
:1080B000206E6F7420737570706F727465640053F6
:1080C0006F636B657420697320616C72656164799C
:1080D00020636F6E6E6563746564004F70657261D6
:1080E00074696F6E2063616E63656C6564005374C0
:1080F000617465206E6F74207265636F766572615E
:10810000626C650050726576696F7573206F776E6B
:10811000657220646965640053747265616D7320D3
:1081200070697065206572726F72004F7065726160
:1081300074696F6E206E6F7420737570706F7274D7
:108140006564206F6E20736F636B65740056616C9D
:10815000756520746F6F206C6172676520666F7241
:1081600020646566696E6564206461746120747959
:108170007065004D65737361676520746F6F206C67
:108180006F6E6700436F6E6E656374696F6E207407
:10819000696D6564206F7574002573252E2A64004F
:1081A000257325302E2A64002B002D002532640013
:1081B000252E32642F252E32642F252E3264002581
:1081C0006C7500592D256D2D2564002E2A7500250E
:1081D0002E336400252E316400256C6C6400252E3E
:1081E00032643A252E32643A252E32640025652DFC
:1081F00025622D2500252B30336C64252E326C64CE
:1082000000545A002531315B2D2B302D39412D5A28
:10821000612D7A5D256E002531315B412D5A612D2E
:108220007A5D256E004D256875256E2E25687525AD
:108230006E2E256875256E002F256875256E3A25EA
:108240006875256E3A256875256E00504F5349585C
:108250000025612025622025652025483A254D3AD4
:1082600025532025590025612025622025652025DC
:10827000483A254D3A255320255A202559006D644A
:1082800000616E006E66696E69747900616E006EE1
:1082900066696E69747900696E66006E616E0028A9
:1082A0006E756C6C29006364696E6F7073757858B5
:1082B0005B616566674145464700616E006E6669B1
:1082C0006E697479001F1C1F1E1F1E1F1F1E1F1E9C
:1082D0001F1F1D1F1E1F1E1F1F1E1F1E1F00000011
:1082E000DB6E010037780100184A02000000000030
:1082F000CC0100203A000000E00100203A0000001C
:10830000B80100203A000000F40100203A0000000B
:1083100000000000F37E01000000000000000000EB
:10832000400000204000002000000000000000008D
:108330000E000000500700200000000000000000B8
:10834000000000000090D003007001500000000009
:10835000FFFFFFFF3F000000FFFFFFFF3F000000A7
:10836000FF0000009002000088000020880000202C
:108370000000000059980000D4000020CC0000202C
:10838000C400002000000000BC000020859900000F
:10839000D1980000059900004D990000D8130020E5
:1083A0003A00003ADC1300203A00003AE0130020C3
:1083B0003A00003AE41300203A00003AE4000020BA
:1083C000A8000020A00000209C00002098000020B1
:1083D000270802007F750200A4750200BF75020025
:1083E000CB750200CF750200D3750200D87502006C
:1083F000DC750200E0750200E4750200E875020019
:10840000EC750200F0750200F4750200F8750200C8
:10841000E0750200FC7502006C6502003C6602001B
:108420001466020001510000CB750200CB750200FA
:10843000441F0020010000000000000000000000B8
:10844000000000000000000000000000000000002C
:10845000000000000000000000000000000000001C
:10846000000000000000000000000000000000000C
:1084700000000000000000000000000000000000FC
:1084800000000000A4010020A40100200000000062
:10849000000000000E000000B8010020B80100201C
:1084A00000000000000000000E000000CC010020D1
:1084B000CC01002000000000000000000E000000C1
:1084C000E0010020E00100200000000000000000AA
:1084D0000E000000F4010020F40100200000000064
:1084E000000000000E00000008020020080200202A
:0C84F000000000000100000015E015E095
:00000001FF
