:10000000583A0020E12B0000EDCB0000CD2B000082
:10001000CD2B0000CD2B0000CD2B0000CD2B000000
:10002000000000000000000000000000612D000042
:10003000CD2B000000000000F92C0000CD2B0000AB
:10004000152F0000152F0000152F0000152F0000A0
:10005000152F0000152F0000152F0000152F000090
:10006000152F0000152F0000152F0000152F000080
:10007000152F0000152F0000152F0000152F000070
:10008000152F0000152F0000152F0000152F000060
:10009000152F0000152F0000152F0000152F000050
:1000A000152F0000152F0000152F0000152F000040
:1000B000152F0000152F0000152F0000152F000030
:1000C000152F0000152F0000152F0000152F000020
:1000D000152F0000152F0000152F0000152F000010
:1000E000152F0000152F0000152F0000152F000000
:1000F000152F0000152F0000152F0000152F0000F0
:10010000152F0000152F0000152F0000152F0000DF
:10011000152F0000152F0000152F0000152F0000CF
:10012000152F0000152F0000152F0000152F0000BF
:10013000152F0000152F0000152F0000152F0000AF
:10014000152F0000152F0000152F0000152F00009F
:04015000152F000067
:1001540053B94AB9002908BF00281CBF4FF0FF312A
:100164004FF0FF3000F00CB8ADF1080C6DE904CE8F
:1001740000F010F8DDF804E0DDE9022304B0704774
:10018400704700BF034613F8012B002AFBD1181A4D
:10019400013870472DE9F04786468C460846089E8C
:1001A400154674461946002B40F0C1808542B2FAC8
:1001B40082F245D94AB1C2F1200300FA02FC95400B
:1001C40094402EFA03F343EA0C0C4FEA154EA8B2FE
:1001D400230CBCFBFEF80EFB18CC08FB00F943EA29
:1001E4000C43994528D9EB1808F1FF3704D29945F7
:1001F40002D9A8F102072B44A3EB0903A4B2B3FB71
:10020400FEFC0EFB1C330CFB00F044EA0344A0424A
:1002140014D92C190CF1FF3304D2A04202D9ACF149
:1002240002032C44241A43EA07401EB1D44000239D
:1002340034607360BDE8F0874746DDE76346F1E765
:1002440092BB431B01214FEA154EAFB2200CB3FB06
:10025400FEFC0EFB1C330CFB07F840EA03439845F5
:1002640061D9EB180CF1FF3004D2984502D9ACF1F6
:1002740002002B44A3EB0803A4B2B3FBFEFC0EFB69
:100284001C330CFB07F744EA0344A7424DD92C194D
:100294000CF1FF3304D2A74202D9ACF102032C447F
:1002A400E41B43EA0040C0E7C2F1200395409440B8
:1002B40020FA03F12EFA03F34FEA154E9040AFB241
:1002C4000343B1FBFEFC0EFB1C10190C0CFB07F8DE
:1002D40041EA0041884522D969180CF1FF3004D263
:1002E400884502D9ACF102002944A1EB08019BB274
:1002F400B1FBFEFC0EFB1C110CFB07F743EA0143A8
:100304009F420ED9EB180CF1FF3104D29F4202D95F
:10031400ACF102012B44DB1B41EA004193E7604648
:10032400E3E76146F7E76046A4E76346B8E783423C
:1003340006D916B9002108467CE7C6E900E0F9E7CA
:10034400B3FA83F78FB9834201D3724508D8BEEB61
:10035400020460EB030301209C461EB9002169E7F7
:100364003846FAE7C6E9004CF8E7C7F1200CBB4071
:100374000EFA07F522FA0CF42EFA0CF1BA401C43DB
:1003840020FA0CF3B8404FEA144901431FFA84FEE3
:10039400B3FBF9F809FB18300B0C08FB0EFA43EA1F
:1003A40000439A4540D9E31808F1FF3004D29A4536
:1003B40002D9A8F102002344A3EB0A0389B2B3FBD8
:1003C400F9F809FB183308FB0EFE41EA03418E4598
:1003D4002CD9611808F1FF3304D28E4502D9A8F153
:1003E4000203214443EA0040A1EB0E01A0FB029862
:1003F4004145CE46434602D306D14D4504D2013889
:10040400B9EB020E68EB0403002EA7D0B5EB0E0285
:1004140061EB030101FA0CFC22FA07F3F9404CEA00
:100424000303C6E9003199E74046C5E74346D9E7E7
:1004340010B507480BF00BF9064C20460EF04DFBA7
:1004440005480BF004F920460EF047FB10BD00BF31
:10045400A400010020A107009C00010010B5074C76
:1004640000220023204606F085FBA368DBB2044A81
:10047400032104480CF0AFFA10BD00BFE8010020CE
:1004840038FF0000C4FB000010B5064C204606F0FF
:100494002DFBA368DBB2044A032104480CF09BFA49
:1004A40010BD00BFE801002054FF0000C4FB0000A1
:1004B4002DE9F04786B000AFC7E06FF0004C60E074
:1004C4006B4A03216B480CF07CFA23E0BCF1130F58
:1004D4006FDD14213AB10520387400207874B874A3
:1004E400F874386918616FF300056FF341056FF311
:1004F40082056FF3C505032363F38815C1F30A036B
:1005040063F353256FF31F5500232946594801F01F
:10051400F9FAB5460134E4B2022C4DD8282007F08C
:10052400EBF980460028CBD0282200210EF043FFAF
:10053400042107F110000CF04CFD04EB440608EB19
:1005440086063B697360042107F110000CF041FD3D
:100554003B69B360042107F110000CF03AFD3B69DC
:10056400F360414644480EF053FC7168B068D6F815
:100574000C806E468AB06B4613F110029DD04FF08A
:10058400140C002AA2D0E646BCF1040F03DDDFF808
:10059400EC90C3F81490BEF1080F00DD9961BEF130
:1005A4000C0F00DDD861BEF1100F8FDDC3F8208081
:1005B4008CE76FF01B018DE7FFF766FF02F0D6FCB6
:1005C400C7E9040107F1100107F108000CF090FBE2
:1005D4000CF097FB6C4688B06B4613F1100240D0C8
:1005E40010265AB1B446042E03DDDFF894E0C3F8B4
:1005F40014E0BCF1080F01DD9861D9610F2E33DDE1
:1006040010213AB10420387100207871B871F87162
:10061400786818616FF3000A6FF3410A6FF3820A76
:100624006FF3C50A032363F3881AC1F30A0161F364
:10063400532A6FF31F5A002351460E4801F062FA01
:10064400A54644F620600BF00CF802F0CDFF02F052
:10065400D9FF02F08BFCC7E90201FFF7FFFE00247B
:100664005AE76FF00046BCE76FF01B01C9E700BF13
:1006740070FF0000C4FB0000F801002090FF0000A0
:10068400CCFF00002DE9F04F85B000AFAAE0674A27
:10069400012167480CF095F925E06FF0004148E02E
:1006A40013295CDD14213AB10520387100207871DA
:1006B400B871F871786818616FF300056FF341053C
:1006C4006FF382056FF3C505032363F38815C1F344
:1006D4000A0363F353256FF31F5500232946544837
:1006E40001F010FACD4640460EF00FFE0134E4B29C
:1006F400022C37D84FF0FF324FF0FF334D4806F04D
:10070400BBF980460028C2D004EB440300EB83030A
:10071400D3F804C0D3F808E004EB440300EB8303EC
:10072400D3F80CA0E9468AB06B4613F11002B4D09A
:100734001421002AB4D00846042903DDDFF8F8B0F8
:10074400C3F814B0082801DDC3F818C00C2801DD73
:10075400C3F81CE01028A3DDC3F820A0A0E76FF0C5
:100764001B01A0E7FFF790FE07F108000AF08FFFD6
:100774006C4688B06B4613F1100251D04FF0100C48
:1007840062B1E646BCF1040F03DDDFF8B080C3F8C4
:100794001480BEF1080F01DD9861D961BCF10F0F1F
:1007A40041DD10213AB10420387100207871B8710C
:1007B400F871786818616FF300066FF341066FF300
:1007C40082066FF3C506032363F38816C1F30A0197
:1007D40061F353266FF31F5600233146144801F08A
:1007E40091F9A5460EF046FD4A0142EAD062430162
:1007F4001B1A62EB0102920042EA93729B001B18DF
:1008040042EB0102D20042EA5372C3F3103343EACB
:100814004243D20BBB60FA60FFF720FE002467E777
:100824006FF0004CACE76FF01B01BBE7F0FF00007A
:10083400C4FB0000F8010020080001003C00010096
:1008440010B582B000F02AF800F03CF800F074F81B
:1008540000F05EF800F066F80C4C01222146D0202E
:1008640000F084F823780A4A03210A480CF0B3F80C
:100874004FF480320023CDE900234FF4804200235B
:10088400054806F0E1FF002002B010BD0C1E002058
:1008940060000100C4FB00003801002008B5064BCD
:1008A40018680EF020F900B108BD044A0321044879
:1008B4000CF087F8F8E700BF00000020AC0001004E
:1008C400CCFB000008B50D480EF00DF958B14FF4FB
:1008D400D0110B480AF026FF4FF4D01109480AF052
:1008E40021FF012008BD05480EF0FDF80028EED1D7
:1008F400054A032105480CF064F8E8E718F80000FD
:10090400EC000100E4000100C8000100BCFB000091
:1009140008B50022062102480AF01FFF08BD00BFE7
:1009240018F8000008B50022072102480AF015FF54
:1009340008BD00BF18F8000008B508480EF0D3F849
:1009440028B1074A032107480CF03BF808BD064AC2
:10095400012104480CF035F8F8E700BF98F80000CE
:1009640010010100D4FB0000F400010070B582B056
:100974000D4616468DF8070076230DF10701104841
:100984000AF00FFF041E0ADB7623324629460C4880
:100994000AF015FF041E0ADB002002B070BD2346D6
:1009A400084A012108480CF016F860B2F5E723461E
:1009B400064A012104480CF00EF860B2EDE700BFCE
:1009C40098F8000028010100D4FB00005801010040
:1009D4002DE9F04F91B005920293134602F0040200
:1009E4000092C3F3C20210F00303019340F02B8280
:1009F40080468A460132041D00284FD0B8F1000F0A
:100A040005D0A4EB08030433534500F21F82029B74
:100A14005D1E019B04930693039300264FF0FF3B56
:100A24000427B946B8F1000F01D0029B2360531E7E
:100A34000793002A40F35D81059B13F0020228D03E
:100A44000120A4EB08018B081AB1B1F5007F80F0F6
:100A5400038203990F2900F20282B8F1000F00F01B
:100A64006081DBB201F140026A4402F8103C02F8F2
:100A740020BC002800F0518163F07F0301F14002A3
:100A84006A4402F8103C049B01330493039B013332
:100A9400039304340022CC4640463DE001F0070AAB
:100AA4005444CAF1080AA9E7002634E0002632E0DB
:100AB400002630E00827BC462DE025292BD10BF178
:100AC400010B01260427BC4625E04729EED82A2934
:100AD40014D32A39C9B24FF0010E0EFA01F14FF6C0
:100AE400DA7E11EA0E0F16D111F0625F40F0C08079
:100AF40011F0010F40F08C8000260CE0252903D171
:100B04000BF1FF3B002606E001D9002603E0202973
:100B140001D02329CCD11D466B1C6978002900F033
:100B24001981002EC9D07A29BED84C29CDD34C398D
:100B34002E2961D80FF2040E5EF821F01B0B000081
:100B4400FD0B0000FD0B0000FD0B0000FD0B000081
:100B5400FD0B0000FD0B0000FD0B0000FD0B000071
:100B6400FD0B0000FD0B0000FD0B00000D0C000050
:100B7400FD0B0000FD0B0000FD0B0000FD0B000051
:100B8400FD0B0000FD0B0000FD0B0000FD0B000041
:100B9400750C0000FD0B00000D0C00000D0C000096
:100BA400750C0000750C0000750C00001B0B000098
:100BB4000D0C0000B90A0000FD0B00001B0B000027
:100BC400FD0B0000D10C00000D0C0000D10C000046
:100BD400FD0B0000FD0B0000D90C0000070C000009
:100BE4000D0C0000FD0B0000FD0B00000D0C0000BF
:100BF400FD0B0000010C000000268CE70427BC4616
:100C040089E70427BC4686E729786C2924D0002686
:100C14003C44013CB4FBF7F407FB04F420B1211A73
:100C24006144514500F21581002A58D1BCF1040FEA
:100C340000F08880BCF1080F40F014811A99073144
:100C440021F0070101F108051A95D1E9008908B1DD
:100C5400C4E9008908345EE713F8021C6C2903D048
:100C640000260427BC46D3E700260827BC46CFE766
:100C740029784C291AD01A99073121F0070101F17A
:100C840008061A96D1E90067073424F0070440B136
:100C9400211A0831514513D829784C2913D0C4E9B5
:100CA4000067083400260827BC4634E71A99073140
:100CB40021F0070101F108061A96D1E90067E3E77C
:100CC4006FF01B00BCE0C4E90067EAE700260427D4
:100CD400BC469DE7324600260427BC4698E7E14619
:100CE40080461A9A111D1A9112680292079A1D469B
:100CF40098E6624B029A9A4204D3614B9A420AD311
:100D0400002300E00023002B7FF496AE059B03F044
:100D14000202002095E60123F5E7069B01330693C2
:100D2400B4E610B10AF1010AB0E6009B13B10AF16E
:100D3400020AABE60298FFF725FA0AEB000303F177
:100D4400020AA3E61A990D1D1A95096800B12160DB
:100D54000434E0E68046231AB3F5806F80F0858082
:100D640090B1002202609B080370009B83B1069B34
:100D7400C370049B88F802301BBB019DDDF80C9006
:100D8400DDF810B0029F3DE05344A3F1080057E0A2
:100D9400069B4370EDE701339842EED903F140021C
:100DA4006A4412F8101C12F9102C002AF3DA01F02C
:100DB4007F01A4EB08020132524559D804F8011B03
:100DC400E9E7019B0398E7E7009B43B305F1400380
:100DD4006B4413F8203C04F8013B019EA4EB080388
:100DE40033440133534546D805F140036B4413F8AB
:100DF400103C04F8013B3246394620460EF0B4FA62
:100E040034440135A94519D9BBF1000FDCD005F1F3
:100E140040036B4413F9103C002BD5DAF1E705F1DC
:100E240040036B4413F8103C58F82370002248F830
:100E340023203846FFF7A6F9461CCFE7A4EB0800A9
:100E440011B0BDE8F08F6FF00D00F9E76FF01B00F3
:100E5400F6E76FF01B00F3E76FF01500F0E76FF0B3
:100E64001500EDE76FF01500EAE76FF01500E7E70E
:100E74006FF01B00E4E76FF01B00E1E788F7000068
:100E8400C01101002DE9F04F97B000AF8346BA615D
:100E94003B61D7F88030C3F3C0033B62F96011B9FA
:100EA4000AF0ABFFF8609BF80260B14636B1D7F8A0
:100EB400803013F0010F0DD1002300E000239BF8D4
:100EC40003207A6242B1D7F8802012F0020F22D1B7
:100ED400002202E00123F2E7002202B9EBB19BF801
:100EE4000050AA00BA60DBF804207A610BEB850598
:100EF400BA69F2B1002B40F00481B9F1000F00F09F
:100F04000F81D7F8803013F0040F40F00D810020DA
:100F1400F8610646F9E00122DFE7BB691BB13A69D3
:100F2400F96858469847FC6820465C37BD46BDE8DA
:100F3400F08FFC68E3B94D4400233B6123E0044493
:100F4400013501364E451AD22A7800235BF8222057
:100F54001946B8690AF066FFBAF1000FEFD0D7F866
:100F640088309845EBD22AF8180008F10108E6E722
:100F74000026C7F81C80B046D7F884A0E2E7C7F87B
:100F84001080D7F81C80D7F8803003F00503FB608D
:100F94004FF0000AA146C7F81CB09CE000253B6A4C
:100FA4007BB9002D79D0D7F8803013F0010F79D1B7
:100FB400FB68002B6FD10223A9EB030988E001250C
:100FC400EDE7594678690AF073FF0028E9D06C46CA
:100FD400002387F82C30022387F82D308AB0694625
:100FE40011F1100237D012251AB1042D01DDB34BD3
:100FF4004B61002387F82830022387F829306ABB25
:10100400112D45DD122362B1042087F82C00002045
:1010140087F82D0087F82E00012087F82F00F86A42
:1010240008616FF300086FF341086FF382086FF3F0
:10103400C508022161F38818C3F30A0363F3532834
:101044006FF31F58002341469D4800F05BFDA54601
:10105400A9F102093CE06FF00045C5E72B46082DD5
:1010640001DD786988610C2B01DDC1F81CB001F148
:101074002003002009E000F1300C07F1280EF444AD
:101084001CF830CC03F801CB01300128F3D9B7E7C1
:101094006FF01B03B7E701238EE7D7F8803013F016
:1010A400020F15D0002322461946B8690AF0BAFE89
:1010B400D7F8843053B13B69D7F88820934205D2DE
:1010C400D7F8842022F8130001333B6101388144AE
:1010D4000AF1010A35467B6A9A4510D22E4616F863
:1010E40002BB6B78FA6952F82340764B9C42FFF4BA
:1010F40055AF754B9C42FFF462AF00254FE74C4659
:1011040012E707F144000023FB6118B14A4629465F
:101114000EF02AF94D444FF00008C7F804901EE081
:101124000020F8610646F0E7FE6107F1340000266E
:10113400EBE700253B6A33BB002D3BD0D7F880306A
:1011440013F0010F26D0731C06F1300207F12801B9
:10115400561806F8149CDEB208F1010825467B6A8D
:1011640098454AD22C4614F802AB95F801905BF8E6
:101174002930544A9342DCD3534A934201D3002585
:10118400D8E70125D6E7514678690AF091FE002890
:10119400D2D0E1E7D7F8803013F0040FDCD0FA693D
:1011A400531C303207F128010A4402F8249CDBB2B4
:1011B400FB61D1E7D7F8803013F0020F09D0731C1C
:1011C40006F1300207F12801561806F8149CDEB225
:1011D400C2E7F869431C00F1300107F128028A18BC
:1011E40002F824AC02460232D2B2FA6107F1580284
:1011F40052FA83F303F8249CAEE7D7F804909BF8E3
:10120400003087F854309BF80130334487F8553068
:10121400D7F8803013F0020F0ED1FB69C3F34703F4
:1012240087F85730D7F8803013F0010F06D113F048
:10123400040F3ED1002302E00023F1E7002387F8E6
:101244005630DBF800003863786DCBF80000D7F82F
:1012540010804246B9685846D7F818A0D047041EF3
:10126400FFF662AE386BCBF80000C7F81080424638
:10127400F96907F13400D04700285EDB04EB00086D
:10128400B96849447B6A01EB4301D7F810904A4698
:10129400FB68591A2846D047041EFFF645AE08EBF2
:1012A40004054FF00008C7F824B0B3465446CA46B4
:1012B40021E0FB69C3E74FF0000909E08801010060
:1012C400DCFB000088F70000C01101004FF00009AA
:1012D4005246012107F12C00A04700282FDB0544CA
:1012E4004B463246514620460AF09CFD002828DB36
:1012F400054408F10108D84518D208F1300307F174
:101304002802134413F8143C87F82C307A6A52F8F4
:101314002360D7F88430002BCDD0D7F88830984597
:10132400D4D2D7F8843033F81890D1E73A69002141
:101334000846BB6998472C46F6E50446F4E504469E
:10134400F2E50446F0E500BF014B1860704700BFAA
:101354000400002080B505460E461746984605F061
:10136400C7FF03460EF004FA0446DFF8189049F864
:101374000030424639463046A84754F8090001F087
:101384009FFC00BF080000002DE9F04383B0044631
:1013940008461546A38B13F0080F05D103F0070682
:1013A40000230093019354E0012909D043F0200362
:1013B400A38385F31188BFF36F8F03B0BDE8F08377
:1013C40043F01003A383F4E720460BF0D4F842E083
:1013D400D4F818904A46694620460BF0E5F84FF0D9
:1013E4000008A38B03F00707B74269D0A268002A5C
:1013F40066D0012243F00803A38385F31188BFF369
:101404006F8F002A64D1009B2BB14B463A46694644
:1014140020460BF042F9B8F1000F02D034492046BF
:10142400C047EFF31185202383F31288BFF36F8F36
:10143400A38B23F00803A383A38B13F0100F4DD0C9
:1014440023F01003A3830120A68B06F007060028CF
:10145400AFD00228B8D00028ABD0013804282BD84C
:1014640001A353F820F000BFD5130000BD14000001
:101474008114000095140000A91400002369D3F816
:101484000080062120460BF04CF84FF00009A8E735
:101494002369D3F80480042120460BF042F84FF06E
:1014A40000099EE72369D3F80880052120460BF044
:1014B40038F84FF0000994E74FF00008C14690E770
:1014C400009A0AB1002295E7B8F1000F92D1B3E770
:1014D4004A46394620460BF02CF894E713F0200FC7
:1014E40004D023F02003A3830220ADE70020ABE760
:1014F400CDC6000038B505460B4C00E010340B4B4C
:101504009C420FD263685B79002BF7D029462046B2
:101514000BF0A4F90028F1D023681B682946204663
:101524009847EBE738BD00BF34FC000044FC0000E2
:1015340070B506460D46084C04E02A46314620465E
:1015440098471034054B9C4204D223689B69002BB6
:10155400F3D1F6E770BD00BF34FC000044FC00008A
:101564002DE9F041074605460AE007EA0807144B4F
:1015740003EB06135B680422196820460BF0B8F9E4
:10158400D5B195FAA5F6B6FA86F60D4C04EB061419
:101594000123B3406FEA030825EA0305237B002BEC
:1015A400EED03301064AD3581B69002BDDD0204608
:1015B40098470028E4D1D8E73846BDE8F08100BF59
:1015C40034FC00002DE9F04180460F461D4BD3E862
:1015D400EF5F6A1CC3E8E12F0029F8D16DBB1A4CF8
:1015E400002607E063680422196820460BF080F99E
:1015F40001361034154B9C4211D2237B002BF7D0BB
:1016040020460BF01FF923681B69002BEAD0204603
:1016140098470028E6D00123B3401D43E8E7B8F11A
:10162400000F0BD055B12846FFF79AFF0546002F4F
:10163400F8D00A200BF018F9F4E700252846BDE895
:10164400F08100BF6C0B002034FC000044FC00005F
:1016540008B5064B186018B1054B1B68092B00DC54
:1016640008BD044805F042FAFAE700BF600B002009
:10167400680B0020D801002008B5024805F036FAAE
:1016840008BD00BFD801002030B589B000220F4941
:101694000F480DF0FEFD0F4D00220023CDE9062377
:1016A400002404940E2303930294019400940A4B9F
:1016B4004FF44072094928460DF0EDFB08492846CD
:1016C40005F08EFA204609B030BD00BF7D1600003B
:1016D4002808002070030020311A0000182600207A
:1016E40040020100014B53F8200070475C020100E6
:1016F40048B108B5054A1060054B1960084600F06A
:10170400F5FC002008BD6FF01500704708000020AC
:101714005C0B002008B5054B1B781BB1034B012261
:101724001A7008BD024805F0E1F9F7E70D1E002024
:10173400D801002008B50C4BD3E8EF1F0131C3E8F2
:10174400E21F002AF8D130B908480DF0AEFD084870
:1017540005F0CCF908BD074BD3E8EF1F0139C3E806
:10176400E21F002AF0D0F7E7640B002028080020CD
:10177400D8010020680B0020044B00200146D3E868
:10178400EF0FC3E8E21F002AF9D17047640B002071
:1017940038B5FFF7F1FF0546094C00E01034094B5A
:1017A4009C420BD263685B79002BF7D023685B689B
:1017B400002BF3D0294620469847EFE738BD00BFF9
:1017C40034FC000044FC0000034B18680028D4BF1C
:1017D40000200120704700BF640B002010B5044CAA
:1017E400044920460AF0F8FC034B1C6010BD00BFFE
:1017F400F800002048020100580B002008B500231F
:101804000C4A13700C4A13600C4A13604FF40041E5
:101814000B48FFF76DFFFFF7E1FF0A4A06E0094BAB
:10182400D31A1B11013351680B711032064B9A42C3
:10183400F5D308BD0E1E0020640B0020680B0020A9
:1018440065C8000034FC000044FC000008B50146F3
:1018540001480BF01FF808BDF800002008B5024845
:101864000AF09DFD08BD00BFF800002008B5014640
:10187400024B18680BF014F808BD00BF580B002089
:1018840008B502480BF010F808BD00BFF8000020AE
:1018940010B582B000220023CDE90023264B18782E
:1018A40008B902B010BD68460BF016F8044660B1E2
:1018B400FFF720FE2046FFF7D9FF204BD3E8EF1FA8
:1018C4000139C3E8E21F002AF8D1FFF77DFF58B9B8
:1018D4001B4A1368516813F57A7341F100011360D0
:1018E4005160FFF7CDFFDCE70DF0C4FC4A0142EA8A
:1018F400D06243011B1A62EB0102920042EA937226
:101904009B001B1842EB0102D20042EA5372C3F35C
:10191400103343EA4243D20B0948016840685B1A1A
:1019240062EB000240F2E9318B4272F10002CFD344
:10193400FFF72EFFCCE700BF0D1E0020680B002030
:10194400200800200F4B1B7803B1704710B500210D
:101954000120FFF737FE0C4C00E010340B4B9C4287
:1019640008D263685B79002BF7D023689B68204614
:101974009847F2E7FFF78CFF0028FBD1014B0122C7
:101984001A7010BD0E1E002034FC000044FC000040
:1019940010B582B0184BD3E8EF2F511CC3E8E01FF9
:1019A4000028F8D1154B1B7863B9154B1B68B3B1EC
:1019B400BAB1092A13D113480DF077FC124805F087
:1019C40095F80CE0EFF31184202383F31288BFF31E
:1019D4006F8FFFF75DFF84F31188BFF36F8F02B041
:1019E40010BD00220023CDE900234FF40042002360
:1019F400044805F029FFF2E7680B00200E1E0020C2
:101A0400600B002028080020D801002010B50446EF
:101A1400044B1B689847A060214603480AF060FF06
:101A240010BD00BF08000020F80000202DE9F0419F
:101A340000210846FFF7C6FD804650B140F26766B4
:101A440000270DF095FE154B1858FFF701FE0025F1
:101A540015E04FF0FF364FF0FF37F2E74046FFF74F
:101A64007FFD804670B94FF0FF364FF0FF3709E035
:101A74002C4632463B460A4805F07CF82546B8F128
:101A8400000FEBD1FFF704FF04460028F6D1002D28
:101A9400EED000210846FFF74BFDEAE708000000FE
:101AA400D80100200248034BC01AC008704700BF89
:101AB40034FC0000BCFB000010B50C46FFF7F2FF3D
:101AC400A04203D9024B53F8340010BD0020FCE7B8
:101AD400BCFB000000B589B0059206930023079370
:101AE40062B1074A0C9B02930B9B01930A9B0093E0
:101AF40005ABFFF7C7F909B05DF804FB0022F1E775
:101B04000BC900002DE9F04F8BB004AF05461E460B
:101B14008846C1F34A24002C00F0898091460022B3
:101B2400FA603A617A6104230293FB1801930A2351
:101B3400009307F10C0321464846FFF7A3F9B0F5DB
:101B4400006F58D3D9F804106D4600233B73022369
:101B54007B738AB004AC14F1100217D012201AB1AE
:101B6400042801DD3B4B636100233B7002237B703F
:101B7400CAB10346082800DDA1610C2B02DD40F246
:101B8400FF73E36104F1200300210AE06FF00040D9
:101B9400E5E701F118063E4416F8186C03F8016BEA
:101BA40001310129F5D9112822DD122342B1042182
:101BB400397300217973B9730121F973F8682061CD
:101BC40000216FF300016FF341016FF382016FF3A2
:101BD400C501022060F38811C3F30A0363F35321A0
:101BE4000023C1F313011C480AF00DFFAD462DE09C
:101BF4006FF01B03DAE760F35328C0F30A0A0AEB19
:101C04001850173020F007008008FFF71FFE8346A6
:101C1400B0B104230293FB1801930A2300935346A3
:101C240000F1100221464846FFF754FF08E004EB98
:101C34001154173424F00704A008FFF707FE834665
:101C440033464246294658460AF073FE1C37BD46C1
:101C5400BDE8F08F7C020100FCFB00002DE9F04F91
:101C640085B080460D4617461E46DDF838B0DDF8CF
:101C74004090B9F1000F41D0119B039300934B4660
:101C84000F9A10210020FEF7A3FEB0F5006F2DD2AD
:101C940082460BEB0003173323F0070300246FF392
:101CA40000046FF341046FF3820468F3C50467F31F
:101CB400881460F353246BF31F549808FFF7C6FD90
:101CC400074650B11030B9F1000F06D0119B0093B4
:101CD4004B460F9A5146FEF77BFE33462246294671
:101CE40038460AF026FE05B0BDE8F08F40F2FF73D7
:101CF400034A022103480AF06EFEF4E70020C7E716
:101D0400BC020100FCFB0000406820B1034BC01A78
:101D140040F3CF0070474FF0FF307047BCFB00002A
:101D24000EB400B582B0014603AB53F8042B019303
:101D3400034801F00DFB02B05DF804EB03B07047FB
:101D440041CA000010B584B011F0440F05D01A4BFD
:101D54001B6833B9002004B010BD1849FFF7E0FF39
:101D6400F9E717490968B2FBF1F2B2FBF3FC03FB94
:101D74001C224FF47A7E0EFB02F2B2FBF3F403FB57
:101D840014210EFB01F1B1FBF3F10E4AA2FB0C325C
:101D9400D20A4FF4616303FB12CC0B4BA3FB0CE39D
:101DA4005B0902910194C3EB0311ACEB8101009137
:101DB4000649FFF7B5FFCEE7740B0020F4020100DB
:101DC400700B0020C5B3A2918988888800030100A4
:101DD40061B108B52AB1064A52F8232012B9054A5E
:101DE40000E0044A0449FFF79BFF08BD704700BFA9
:101DF400A00301001C030100240301002DE9F041AC
:101E040005461746069EDDF81C8081B900242EB1D4
:101E1400324611492846FFF783FF0444B8F1000F06
:101E240014D06FB1099B042B13D00C4909E00C4B5F
:101E3400099A53F822200B49FFF772FF0446E6E79C
:101E4400064942462846FFF76BFF04442046BDE896
:101E5400F0810549F5E700BF3C0301002C030100B4
:101E6400B403010034030100280301002DE9F04FFD
:101E740087B005460C46049205939DF84C7001F01A
:101E8400020B01F0010AC1F3C00801F480790AF0E1
:101E94002DFD18B3024616492846FFF741FF0646B2
:101EA400BBF1000F1CD13A46514628460AF0EDFD1D
:101EB400B9F1000F01D0002311930397129B0293F1
:101EC400119B0193109B00930023049A41462846DA
:101ED400FFF794FF304407B0BDE8F08F0026DFE73A
:101EE400059A21462846FFF72DFF0644DBE700BF8D
:101EF4004003010011F0100F0BD108B511F0200FB1
:101F040003D00449FFF70CFF08BD0349FFF708FF9E
:101F1400FAE7704780040100E40E01002DE9F04166
:101F240005460F46164698460699FFF7E3FF002438
:101F3400444505DA24492846FFF7F2FE0134F7E761
:101F4400002409E020492846FFF7EAFE0BE01F4978
:101F54002846FFF7E5FE01340F2C0CDC002C02DDD3
:101F640014F0070FEED0B442F1D23A5D1849284676
:101F7400FFF7D6FEEFE717492846FFF7D1FE002406
:101F840009E011492846FFF7CBFE0BE01249284629
:101F9400FFF7C6FE01340F2C13DC002C02DD14F015
:101FA400070FEED0B44207D23A5D0C4B9B5C13F0A2
:101FB400970FEBD12E22E9E703492846FFF7B0FE3D
:101FC400E8E7BDE8F08100BF380301004C030100DD
:101FD400440301005003010054030100B110010047
:101FE4002DE9F04184B004469DF82C500C9F0E9EC0
:101FF40095B9012B1ED019484FF0000827B13B4674
:102004002246174909F024FFC6B905BB20460AF049
:10201400FEFC04B0BDE8F08103950A980290019398
:1020240000920B4600220F992046FFF71FFF8046BF
:102034000C48E3E70B484FF00008DFE70F9B0093E1
:10204400434632460D9920460AF037FDDDE72A461D
:102054000F9920460AF025FDD8E700BF71CA000099
:102064005533000041CA00002DE9F04383B0064611
:10207400056842F20F738B4228BF0B46184A0521AC
:10208400684608F0C7F904467368D3F804900B2730
:10209400DFF8508005E04A4639464046A8473F1AD3
:1020A4008044002FF7D17368D3F804806F4605E0AD
:1020B400424621463846A847241A0744002CF7D143
:1020C40073685F681B24084E05E03A462146304693
:1020D400A847241A0644002CF7D103B0BDE8F083C6
:1020E400B80501007403010058030100074B0122E5
:1020F4001A6004E04008054A13685B001360044B4F
:102104009842F7D8034B1860704700BF700B00204B
:1021140040420F00740B002070B506460D460024A3
:1021240005E0315D04488368DB6998470134AC42BB
:10213400F7D3284670BD00BF78F80000014B036058
:10214400002070471C04010008B5034809F0DDFEB7
:10215400024809F0DAFE08BD1C0401005404010021
:1021640008B5024805F04CFC08BD00BF840401001A
:10217400B0F5680F17D00CD840F6BA63984214D063
:10218400B0F5683F13D03A2801D0012070470020F1
:102194007047094B98420CD0084B984201D001205B
:1021A40070470020704700207047002070470020CF
:1021B40070470020704700BF3A00003A2C5F5CA9CA
:1021C40028B308B54368B3F5683F0AD0B3F5680F80
:1021D40014D012498B421FD0006804F0F7FB002092
:1021E40014E003680022D3E8EF1F012903D1C3E8F8
:1021F400E02F0028F7D10DD1104607E003681B78C3
:1022040003F580730020064A42F8230008BD6FF4EA
:10221400E04070470348F9E70348F7E72C5F5CA9FF
:1022240000000350E98FFFFFEA8FFFFF88B308B572
:102234004368B3F5683F0FD0B3F5680F19D016495A
:102244008B4224D000684FF0FF324FF0FF3304F08C
:102254003DFB68B111480BE003680122D3E8EF1F8E
:10226400002903D1C3E8E02F0028F7D10BD10020C7
:1022740008BD03681B7803F58073094A52F82330BC
:102284001BB90020F4E70548F2E70448F0E70548E5
:10229400EEE76FF4E04070472C5F5CA9E98FFFFF25
:1022A40000000350EA8FFFFF10B50446A8B163682D
:1022B400B3F5683F10D0B3F5680F0DD00D4A9342C3
:1022C4000AD013F4686F0DD021680B480CF06EFC33
:1022D40000232360074B636010BD084B5B6808480C
:1022E4009847E4E7236800221A605A609A60DA602B
:1022F4001A61EFE72C5F5CA9A01000207C0000208D
:102304008C04010010B5044668B36068B0F5683FFA
:1023140028D0B0F5680F25D0174B984228D0FFF786
:1023240027FFC0B14FF0FF324FF0FF33214613486F
:1023340004F09AFA08B923681BB9114B5B68114879
:102344009847236800221A605A609A60DA601A611A
:102354004FF46863636020680CF0A9FC636843F081
:102364003A03636010BD064B5B6807489847CCE7A7
:102374002368002BD3D1D5E72C5F5CA9A0100020E3
:102384007C000020B40401008C04010008B5402343
:102394001422044904480CF0FAFB0449044805F0EB
:1023A400F3FB08BDA00B0020A0100020E4040100F2
:1023B400F80401002DE9F04182B000AF0446D0F8E2
:1023C40000E0D0F804C085686E468AB06B4613F10D
:1023D400100200F0888014218AB10846042903DD24
:1023E400DFF81C81C3F81480082801DDC3F818E065
:1023F4000C2801DDC3F81CC0102800DD1D62132960
:1024040074DD14253AB10521397100217971B9714E
:10241400F9717868186100216FF300016FF34101CD
:102424006FF382016FF3C501012363F38811C5F3D0
:102434000A0565F353216FF31F5100233148FFF759
:1024440061FBB546D4F80CC026696569E8468AB0D4
:102454006B4613F110024CD0142182B108460429B2
:1024640003DDDFF8A4E0C3F814E0082801DDC3F8B5
:1024740018C00C2800DDDE61102800DD1D62132960
:102484003ADD14253AB10521397100217971B97108
:10249400F9717868186100216FF300016FF341014D
:1024A4006FF382016FF3C501012666F38811C5F34A
:1024B4000A0565F353216FF31F51124D002328467B
:1024C400FFF720FBC546E369104A314628460AF067
:1024D40082FAA3690E4A314628460AF07CFA083784
:1024E400BD46BDE8F0816FF0004175E76FF01B0554
:1024F40088E76FF00041B0E76FF01B05C2E700BF4B
:10250400080501001CFC00003805010068050100F5
:102514007805010038B504460D4611B10846FFF7A9
:1025240049FF012C04D02946204603F02BFF38BD77
:10253400EFF30583103B034A012103480AF04BFAE9
:10254400F1E700BFA80501001CFC000030BFFFF745
:10255400FDBF00BF38B50446054D2A4605490CF0B9
:1025640003FF054A002160190CF025FF38BD00BFA8
:102574000000000088FC00000400000070B506465E
:10258400064D074B1D444C1B2046FFF7E3FF083C58
:10259400C6F8A44005F1080070BD00BF00000000AB
:1025A40004000000054B5A699B689A4204D0044A0F
:1025B400536843F080535360704700BF10130020EA
:1025C40000ED00E081690D4B5A6942F480725A6152
:1025D400BFF34F8FBFF36F8F31F8021C5A6922F497
:1025E40080725A61BFF34F8FBFF36F8F4DF6027342
:1025F400994201D0002070470120704700ED00E0AF
:102604004FF0000C83F800C002F07F4CBCF17F4F08
:1026140014D102F00C0CBCF1080F04D012F0080F16
:1026240009D00846704708B5054A012105480AF053
:10263400C8F9002008BD01221A70704700207047B5
:10264400BC0501001CFC000008B5314A01213148D9
:102654000AF0B7F9304B9B6A13F0007F26D11D2096
:102664002D4B9B6A13F0807F27D12B4B9B6A13F46D
:10267400801F29D1284B9B6A13F4002F2BD1264BA2
:102684009B6A13F4802F2DD1234B9B6A13F4003FD4
:102694002FD1214B9B6A13F4803F31D11E4A936A98
:1026A4006FEA03436FEA1343936208BD1B4A012197
:1026B40018480AF086F91E20D2E7194A0121154864
:1026C4000AF07FF91F20D0E7164A012111480AF0C9
:1026D40078F90220CEE7144A01210E480AF071F974
:1026E4002120CCE7114A01210A480AF06AF9222084
:1026F400CAE70F4A012107480AF063F92320C8E713
:102704000C4A012103480AF05CF92420C6E700BF03
:10271400E80501001CFC000000ED00E000060100DB
:1027240014060100300601005C0601007C0601006D
:10273400A4060100C006010008B500230B70034A7B
:10274400012103480AF03DF908BD00BFEC06010071
:102754001CFC000090B583B000AF0F2923DC2F4C84
:10276400103900233B7102237B718AB0EC461CF1C3
:1027740010021AD0122022B1042802DD284BCCF812
:10278400143000233B7002237B70E2B10346082817
:1027940001DDCCF818400C2B01DDCCF81C100CF139
:1027A400200300210DE01F4CDAE76FF00040E2E760
:1027B40001F1080404EB070E1EF808EC03F801EB22
:1027C40001310129F4D9112824DD12234AB104214D
:1027D400397100217971B9710121F9717868CCF8E6
:1027E400100000216FF300016FF341016FF38201C8
:1027F4006FF3C501012060F38811C3F30A0363F387
:1028040053216FF31F5100230748FFF77BF90C375F
:10281400BD4690BD6FF01B03D8E700BF1007010051
:1028240044070100280701001CFC0000F8B5054618
:102834000F461446394A012139480AF0C2F8394B87
:102844009B6A13F0100F31D11026364B9B6A13F09C
:10285400080F32D1334B9B6A13F0020F34D1314B42
:102864009B6A13F0010F4BD12E4B9B6A13F0200F80
:102874004DD12C4B9B6A13F0100F01D1294B9B6A4D
:10288400284B9B6A13F0200F04D0264A536A23F482
:1028940000535362234A936A43F0FF039362012176
:1028A40028460AF0A7F920703046F8BD1E4A0121D7
:1028B4001B480AF086F81126C7E71C4A012118486C
:1028C4000AF07FF81226C5E7194A012114480AF0D4
:1028D40078F8144A536B926A12F0800F01D11326D0
:1028E400BDE7144A01210E480AF075F837B10D4AC4
:1028F400936A23F0800393621326B0E71326AEE7AE
:102904000D4A012106480AF05CF81426ACE70B4A8C
:10291400012103480AF055F81526AAE758070100D3
:102924001CFC000000ED00E070070100A40701009A
:10293400B8070100D0070100E807010008080100FA
:10294400F8B505460F461446374A012137480AF0C0
:1029540038F8374B9B6A13F4805F25D11626344B25
:102964009B6A13F4006F26D1314B9B6A13F4007FEA
:1029740028D12F4B9B6A13F4806F3FD12C4B9B6A59
:1029840013F4807F41D12A4B9B6A13F4005F43D137
:10299400274A936A43F47F439362012128460AF04D
:1029A40029F920703046F8BD224A01211F480AF057
:1029B40008F81726D3E7204A01211C480AF001F839
:1029C4001826D1E71D4A0121184809F0FAFF184AD0
:1029D400936B926A12F4004F01D11926C9E7184A81
:1029E4000121124809F0F7FF37B1114A936A23F421
:1029F400004393621926BCE71926BAE7114A01215C
:102A04000A4809F0DEFF1A26B8E70F4A01210748F1
:102A140009F0D7FF1B26BBE70C4A0121034809F044
:102A2400D0FF1C26B4E700BF380801001CFC0000DE
:102A340000ED00E050080100A40701006408010053
:102A44008008010098080100B4080100080801008A
:102A540070B506460D462B4A01212B4809F0B1FFFB
:102A640000232B70294BDC6A14F002040AD1274B93
:102A7400DB6A002B0DDB254BDC6A14F080440ED19D
:102A8400204670BD224A01211F4809F09AFF002404
:102A9400F6E7204A01211C4809F093FFF0E71E4A9B
:102AA4000121194809F08DFF3046FFF78BFD98B9D5
:102AB400164B9B6A13F0FF0F16D1144B9C6A14F447
:102AC4007F4418D1114B9B6AB3F5803FD8D330466D
:102AD400FFF7BAFD0446D3E73368104A01210A48D8
:102AE40009F079FF3468CBE72A4601213046FFF725
:102AF4009DFE0446C4E72A4601213046FFF720FF25
:102B04000446BDE7CC0801001CFC000000ED00E019
:102B1400E40801000809010018090100380901004E
:102B240030B58BB01F4B5D68C5F30805002383F3F4
:102B34001188BFF36F8F0DF12603FFF761FD044683
:102B44000DF1270229460AF057F89DF827300BB1FA
:102B54000BB030BD05460DF1040C20686168A26815
:102B6400E368ACE80F0020696169A269E369ACE835
:102B74000F009DF826304BB1089BC3F308025AB9E5
:102B84006FEA53236FEA4323089305E0089B23F479
:102B9400FF7323F00103089301A92846FFF7BAFC49
:102BA400D6E700BF00ED00E0064B5A6942F0100280
:102BB4005A615A6942F480625A615A6922F00802E1
:102BC4005A61704700ED00E0EFF30880EFF30981EC
:102BD40001B57246FFF7A4FF01BD00BF002080F3DA
:102BE4001488BFF36F8F002080F30A8880F30B886A
:102BF400104880F3088800200F49087002F04CF94F
:102C040000200E490860BFF34F8F00F02FF82020FA
:102C140080F311880A484FF40061401880F3098852
:102C2400EFF314800221084380F31488BFF36F8FFD
:102C340000F0F6F8583A0020161E002094ED00E04B
:102C440018290020084BD3F89000C0F30720002374
:102C540006E0054AC2F898300021C2F8A0100133FA
:102C64008342F6DB704700BF00ED00E010B572B69A
:102C7400002484F31388FFF7E5FF234608E003F1FB
:102C840020010E4A4FF0FF3042F821000133DBB23D
:102C94000F2BF4D9002308E003F16001074A4FF039
:102CA400FF3042F821000133DBB20F2BF4D962B6B6
:102CB400BFF34F8FBFF36F8F10BD00BF00E100E083
:102CC40008B50A4B9B68834202D004F017FB08BD89
:102CD400EFF30583002BF8D0054B5A6842F080527D
:102CE4005A605A6A22F400425A62EEE71013002036
:102CF40000ED00E016498A684FF030001044EFF30D
:102D0400098C80E8F01F202080F31288BFF36F8FB6
:102D1400104F4FF000664A698A603E60D2F8A40002
:102D24000D4C2060D2F8A8000023C2F8A83080F32C
:102D3400118802F1300090E8F01F8CF3098802F149
:102D4400000004B509F093FFBDE80440704700009B
:102D54001013002004ED00E0C01000201EF0040F4A
:102D64000CBFEFF30880EFF30980816911F8021CAE
:102D74000229FFD001B5724609F030FF01BD00BF42
:102D8400002807DB00F01F02400901239340024A98
:102D940042F82030704700BF00E100E000280CDB5F
:102DA40000F01F024009012393402030034A42F8F7
:102DB4002030BFF34F8FBFF36F8F704700E100E007
:102DC400002808DB4901C9B200F1604000F5614008
:102DD40080F80013704700F00F004901C9B2014B9D
:102DE4001954704714ED00E04209054B53F82220B2
:102DF40000F01F00012303FA00F01040704700BFE9
:102E040000E100E0044B23F07F03044A9360BFF326
:102E14004F8FBFF36F8F70470000000000ED00E09C
:102E240008B5FFF7EFFF074AD2F8883023F47003A0
:102E3400C2F8883003F068FC04F02CFB00F04EF874
:102E440003F0BEFC00ED00E010B4A2F120040E4932
:102E540042F8081C21F0010142F8081C42F8203C09
:102E6400019B42F81C3C029B42F8183C039B42F82D
:102E7400143C4FF0807342F8043C04650023C0F80E
:102E8400A83010BC704700BF5913000000B50E46AF
:102E940015460B4B9860D0F8A4200A4B1A60D0F862
:102EA400943083F30B882C4686F309880020064B64
:102EB40098472046002100220023044C204700BFED
:102EC40010130020C01000207DCC00005913000016
:102ED400014B10221A61704700ED00E0002207E068
:102EE40003F1604303F56143202183F800130132A9
:102EF400442A09DC53B2002BF2DA03F00F0303492E
:102F0400194420230B76F2E7704700BFFCEC00E085
:102F140008B5EFF30583103B044A02EBC30149688B
:102F240052F833008847FFF73DFB08BDB8F80000AE
:102F3400074AD2F8FC3043F08073C2F8FC30054BEA
:102F440000225A601A6842F001021A60704700BFFA
:102F540000ED00E0001000E0034B00225A601A6804
:102F640042F001021A607047001000E0014B5868FB
:102F740000217047001000E008B501F07DFF024B0E
:102F84001868002108BD00BF5400002008B5FFF7F1
:102F9400F3FF024A0023FDF7DBF808BD40420F00AF
:102FA40010B584B00A4C23460A4A01210A4809F0A4
:102FB4009AFF0023019302930393084B0193E41AAD
:102FC4000294012101A809F092FF04B010BD00BFD2
:102FD4000000072000000020540901001002002016
:102FE400024B034AC3F8C020704700BF00ED00E065
:102FF400AAFF4400034BC3F89800C3F89C10C3F81D
:10300400A020704700ED00E00E4BC3F89800C3F811
:103014009800D3F89C000A7A60F304020A72D3F889
:10302400A020C2F34202087A62F347100872D3F870
:103034009C2022F01F020A60D3F8A03023F01F0363
:10304400CB60704700ED00E070B505460E460024E5
:1030540000E00134A6421EDD04EB44039A0005EBB4
:10306400830359680029F4D0A85809F096FE04EBAC
:1030740084030B4A42F8230010F1160F0CD0094BBD
:103084001B78984209DA04EB840302EB83010431D0
:10309400FFF7BAFFDDE7002070BD6FF01500FBE716
:1030A400C41000200F1E002010B504460A4BD3F8AC
:1030B4009030C3F30723013B984203D809F047FE3D
:1030C400204610BD0346054A0121054809F083FC4A
:1030D4006FF01500F5E700BF00ED00E064090100A2
:1030E40014FC00002DE9F04F87B081460091019354
:1030F4001446002648E03346614A0121614809F03C
:103104006AFC6FF0150407E03B465F4A01215D4805
:1031140009F061FC6FF01504204607B0BDE8F08F9C
:10312400D84564D12946C0B209F048FE2BE0574A7D
:10313400C2F89870D2F89C3003F01F0321F01F01ED
:103144000B43C2F89C302946E0B209F037FE04462E
:1031540010F1160FE0D0013415E0013B4B49C1F8E2
:103164009870D1F8A02002F01F0223F01F0313432C
:10317400C1F8A0302946E0B209F020FE044610F15F
:10318400160FC9D001340136009B9E42C4DA06EB07
:1031940046054FEA850A09EB85056F68002FF2D0D2
:1031A400019B23B1284609F0E6FD0028A3D0394647
:1031B40059F80A0009F0F1FD074610F1160FA3D0E3
:1031C4008442A1DD314BC3F89800D3F89C2022F04F
:1031D4001F02C3F89800D3F8A03043F01F0859F831
:1031E4000A306968194401F1FF3B934298D0934235
:1031F4009DD0D845B1D0013B2449C1F89870D1F88D
:10320400A02002F01F0223F01F031343C1F8A030D3
:103214002946E0B209F0D2FD044610F1160F3FF43E
:103224007BAF0130194BC3F89870D3F89C109DF80C
:10323400102061F304028DF81020D3F8A030C3F3FA
:103244004203D2B263F347128DF8102059F80A30C2
:103254006A681344029323F01F03A8EB0B0843444A
:10326400013B23F01F03059302A9C0B2FFF71CFF23
:10327400044610F1160F3FF44FAF013483E700BF4B
:103284008C09010014FC0000B009010000ED00E00D
:1032940010B5034C01232278FFF724FF207010BDE2
:1032A4000F1E0020044B0522C3F89420BFF34F8F58
:1032B400BFF36F8F704700BF00ED00E0BFF35F8F77
:1032C400024B0022C3F89420704700BF00ED00E0D9
:1032D40038B51C4B1D681C4BD3F89030C3F307233F
:1032E4009D422BD8FFF7EAFFFFF77AFE002407E0A0
:1032F400144B596801EB0411204609F028FD0134F0
:10330400A542F5D81148057009F077FD10F1160FA4
:1033140013D00E4B1A780C4BD3F89030C3F3072319
:103324009A4207DA084BC3F898200021C3F8A0108A
:103334000132F0E7FFF7B6FF002038BD4FF0FF3051
:10334400FBE700BFD409010000ED00E00F1E0020E0
:1033540030B587B00D4611460024009401940294C0
:1033640003940494059402228DF80220044A0192E5
:10337400049005951A46684607F012F907B030BD67
:10338400FBCE000008B5024B1B689847002008BD1F
:10339400D8100020034B1860034A937843F00203CB
:1033A40093707047D81000203400002008B50649F7
:1033B40021F00701C1F1005202F5E022034808F0B0
:1033C40090FC002008BD00BF5F4A0020DC100020F4
:1033D40068B108B5064A074B1B680749A1FB0313EC
:1033E4009B0C00FB03F042F00103984708BD7047B3
:1033F400A0FC00005400002083DE1B4338B51A4BA8
:103404001B780133194AA2FB031202F4FE7101EB8B
:1034140092029C1AE5B20AF01FFE154B1B782BB1E1
:10342400144A52F82530C01A07281AD94FF05023ED
:10343400D3F8143163B14FF050230022C3F81421A0
:10344400D3F81431084B1D7015B9094B01221A70B9
:10345400054B1C780AF000FE064B43F824000120BB
:1034640038BD0020FCE700BF111E0020CDCCCCCC21
:10347400101E0020E810002000B583B00DF10700F5
:1034840001F01EFE114B98421CD1114B4FF4806287
:10349400C3F8B8254FF40062C3F83C250D499DF8E4
:1034A40007000AF09DFE0C499DF807000AF093FE00
:1034B4009DF807300120984001F0FCFD002003B086
:1034C4005DF804FB6FF00B00F9E700BF0000AD0BE3
:1034D40000A002502CA0025028A1025008B50121DE
:1034E400104BC3F80015104A0223C2F8D0360F4817
:1034F400D0F8003223F0E04343F04053C0F80032E8
:10350400D0F8043223F0E04343F04053C0F80432CF
:10351400C2F80417C2F80419C2F8001B00F032F80C
:1035240008BD00BF0010005000400050002584502A
:1035340000F01F0240090CD001280CD1074880324A
:1035440050F8223023F0E04343EA017140F822109E
:1035540070470348F3E70020F1E700BF00288450D8
:103564000025845038B50546002405E02946044B5F
:10357400185DFFF7DDFF0134032CF7D938BD00BF18
:10358400100A010008B50249024809F0ABF808BD69
:10359400140A0100FC100020F0B583B005460C4667
:1035A40016468AB20F4883681B6829469847034623
:1035B400C00F01D103B0F0BD56B11846FAE70AF0C6
:1035C4004BFD01903A4601A9A8190BF0CDFE3E44EB
:1035D400A64204D2A71B042FF1D90427EFE7002049
:1035E400E8E700BF58F8000008B5054B1B7803B1A5
:1035F40008BDFFF79DFC024B01221A70F8E700BFDB
:10360400121E002008B5064BD3E8EF2F511CC3E867
:10361400E01F0028F8D102B108BDFFF79DFCFBE7CD
:103624001C11002000487047BC110020014BC01A37
:10363400401170473411002038B505460C46FFF799
:10364400F5FF01464022034809F069FD014628467A
:10365400A04738BDF8F7000030B583B005460C46E6
:10366400FFF7E4FF0146402300932346054A06483A
:1036740009F06FFD011E01DB03B030BD2846A047F1
:10368400FAE700BF9FD10000F8F7000008B5092849
:1036940017D8DFE800F0051C1616161616161712B2
:1036A40000210D4809F0C9FC836813F0070F08D105
:1036B4000021094809F021FD03E00221064809F030
:1036C4001CFD08BD0321044809F017FDF9E7012199
:1036D400014809F012FDF4E7F8F7000010B582B0D4
:1036E400EFF31184202383F31288BFF36F8F154AFD
:1036F400136843F00201116013F0010F09D1002394
:1037040084F31188BFF36F8FB3B909F04EFD02B093
:1037140010BD0DF1070201214FF0502009F05EFCAD
:103724009DF80730012B01D00023E9E7FFF77AFF6A
:1037340009F0D1FC0123E3E70021034809F0DDFC93
:10374400E5E700BFE4110020F8F7000010B5EFF33F
:103754001184202383F31288BFF36F8F074A136801
:1037640023F00201116013F0010F04D084F31188D7
:10377400BFF36F8F10BD09F02CFDF7E7E4110020B3
:1037840070B582B00546012807D14FF05023D3F815
:103794001C3403F00303022B36D00BF069FB044600
:1037A40010B92B4B1B7873B9EFF31186202383F3E5
:1037B4001288BFF36F8F012494B94FF05023022273
:1037C400C3F808230CE00026F6E7FCB1304609F004
:1037D40073FA4FF05023D3F81835DBB2012B19D00C
:1037E4000DF1070200214FF0502009F0F7FB0028EB
:1037F400EBD09DF80730022B01D0012DE5D104B3A5
:1038040086F31188BFF36F8F02B070BD012009F0F9
:10381400F4FCDEE74FF05023D3F80431002BDFD063
:103824004FF050230022C3F80421D3F804210222CC
:10383400C3F81825074A2021C2F8801101229A6092
:10384400CEE74FF050230222C3F80423DCE700BF85
:10385400161E002000E100E000B585B0CDF800D0D0
:10386400CDF804D000230293012303936B46074A47
:1038740009F08BFC002805DB4FF4804200236846E6
:1038840003F078F905B05DF804FB00BF2BD200000B
:1038940070B5064600220121052009F0DCF9114823
:1038A40001F016FC104B984219D101F023FC0024BE
:1038B400032C12D82146304609F0BFFB05462146A9
:1038C400304609F0C7FB094908F00CFF002805DB66
:1038D4000123AB601C44E4B2EAE7002070BD6FF042
:1038E4000400FBE7913600000000AD0B200A010044
:1038F40010B504460E4B0121D3E8EF2FC3E8E01FB7
:103904000028F9D11AB1631E012B0DD910BD094845
:1039140009F0A0FB084900234B608B60CB600123B6
:103924008B6008F0FBFEEEE72046FFF729FFEDE78A
:1039340030110020F8F700002011002010B50446D3
:103944000A2806D0E1B206488368DB699847204616
:1039540010BD03488368DB690D219847F2E700BF77
:1039640078F8000010B5044C2046FFF713FD2046FC
:10397400FDF7EAFC10BD00BF4139000008B5054859
:103984000BF0B1F818B1FFF7EDFF002008BD6FF0A0
:103994001200FBE778F80000F0B51C46059F069E70
:1039A40000F01F0C400936D0012836D1284D0CF107
:1039B400800355F8233091B3012092B34FF0020EE7
:1039C40040EA0E0084B34FF00C0E40EA0E0077B3C9
:1039D4004FF4706E40EA0E0066B34FF4403E40EA86
:1039E4000E0023EA000041B30B7842B31278520070
:1039F400134334B322789200134327B33A78120264
:103A0400134316B332781204134303430CF1800CAE
:103A140045F82C30F0BD0F4DC9E70025C7E700205D
:103A2400CBE74FF0000ECBE74FF0000ECDE74FF0A1
:103A3400000ECFE74FF0000ED1E70023D5E70022B8
:103A4400D6E70022D8E70022DAE70022DCE700BF4D
:103A5400002884500025845000F01F03400908D03A
:103A6400012808D1054A803352F8230000F00100F0
:103A74007047034AF7E70022F5E700BF00288450A7
:103A84000025845028B1012801D103487047002043
:103A940070470248704700BF18F8000038F800006B
:103AA4002DE9F04786B0884616469946446801F0E9
:103AB4001F05237B45EA4315204609F05FFC0028D7
:103AC40064D0B6F5001F35D00DF10C0A002703971A
:103AD40004974946304609F086FC8DF80C0000979F
:103AE40001970297CDF804A0A36823FA08F313F012
:103AF400010F02D1B6F1A07F23D004F110060DF11D
:103B04001702294630460AF0E0FE234B984237D08C
:103B140010346A46294620460AF0CBFE1E4B9842D2
:103B240037D10122294620460AF0E7FE002006B0DC
:103B3400BDE8F087294604F110000AF0E2FE0020F7
:103B4400F5E72846FFF788FF0028D6D10DF11702C4
:103B5400294604F110000AF0B8FE104B984203D035
:103B64000DF117030493D3E70DF1170241462046E4
:103B740009F075FC084B9842F2D06FF00B00D6E7C1
:103B84009DF8171030460AF0B0FEC1E76FF08500CB
:103B9400CDE76FF01500CAE70000AD0B0400AD0BD4
:103BA400F0B589B00F461446456801F01F062B7B1B
:103BB40046EA4316104609F0E6FB8DF81E0040F273
:103BC40006332340B3F5837F53D016D8062B4CD04D
:103BD40006D9B3F5807F0DD101238DF81D3024E083
:103BE40003B3022B03D104238DF81D301DE06FF0C5
:103BF400150038E06FF0150035E040F202229342E0
:103C04003BD0B3F5407F03D103238DF81D300CE086
:103C1400B3F5007F03D102238DF81D3005E06FF06A
:103C2400150020E000238DF81D3014F4002F28D057
:103C34006A680123BB409360284609F09FFB40B3A8
:103C440010350DF11F02314628460AF03EFE0746A4
:103C540014F4403F36D1314628460AF042FE3C4B2C
:103C64009F426DD0002009B0F0BD06238DF81D30B1
:103C7400DBE707238DF81D30D7E705238DF81D30CA
:103C8400D3E714F4802FD7D06A680123BB40D360F4
:103C9400D2E7C4F340438DF8083014F4803F0CBFDE
:103CA400012300238DF81030002401940DF11D032D
:103CB40000930DF11E0304AA02A93046FFF76CFE1F
:103CC4002046D0E702AA00230293039304930593AA
:103CD4000693059204AA314628460AF0EAFD1C4BD5
:103CE40098421DD114F4003F1DD09DF81D308DF86D
:103CF400103014F4803F0CBF012300238DF81130E1
:103D04009DF81E308DF81230002304AA314628464F
:103D14000AF0D3FD0E4B9842A1D06FF01500A2E734
:103D24006FF015009FE700230493059306930DF1AC
:103D34001E03049304AA314628460AF0BAFDE9E7B3
:103D44009DF81F1028460AF0D0FD00208BE700BF25
:103D54000000AD0B38B504464568284609F00EFB53
:103D640020B91049204609F0B8FA38BD1035284664
:103D74000AF0B3FD0028F4D1002128460AF0A9FD79
:103D8400094B98420AD10022084928460AF099FDB5
:103D9400002205210D2008F05EFFE2E76FF0040029
:103DA400E3E700BF49D400000000AD0B23D40000BA
:103DB40008B50B690278012A0CD0022A0DD012B181
:103DC400074A1A6201E0074A1A6203F1100002F07E
:103DD4008DFE08BD044A1A62F7E7044A1A62F4E742
:103DE4000100AD0B0000AD0B0100AE0B0200AE0BE9
:103DF4002DE9F04F8DB002AFF86088469346BB6062
:103E040005693D6043689A6A7A619B8B3B614FF018
:103E1400FF324FF0FF3309F045FB05F1100318465C
:103E24007B600022002302F0A5FE00263446BE611A
:103E340040E00122FA6101E00022FA6120466A684A
:103E440004EB020CD7F810E0F44560D813F0010F2E
:103E540000F0D1806B6823449CB2FB694BBB002CFF
:103E640040F0D18058F80AA0AB88297ABA68009249
:103E74005246F86800F04CF9031EBB61C0F2E480BE
:103E84004FF480420023786802F074FEB861002881
:103E940040F0BD803B681A6A714B9A4240F0DC8066
:103EA4002B7A13F0010F03D07B69534500F0B680E1
:103EB40000244E465E4580F0C78006EB46054FEA77
:103EC400850A08EB85052B7A13F0080F40F0B980BA
:103ED40058F80A1001F0604206F10109D9450ED2E2
:103EE40013F0020F0BD109EB490008EB8000007AB4
:103EF40010F0040F03D1584010F0010F99D0002C9A
:103F04009AD1B2F1005F7BD00022FA6196E7FB6898
:103F140019686D46032387F82430052387F8253074
:103F24008CB002AE16F1100C24D01A20BCF1000F94
:103F340010D00346042803DDDFF828E1C6F814E0B6
:103F4400082B00DDB4610C2B00DDF261102B01DDC8
:103F54003B693362032387F82030052387F8213037
:103F6400BCF1000F15D0142800DD716206F128039E
:103F740000210CE06FF00040D8E701F1080207F1DE
:103F84002004224412F8082C03F8012B01310129E2
:103F9400F3D919282CDD1A23BCF1000F0CD006220A
:103FA40087F82420002287F8252087F8262001227C
:103FB40087F82720786A306100216FF300016FF3DE
:103FC40041016FF382016FF3C501012262F388118D
:103FD400C3F30A0363F353216FF31F5100236246B3
:103FE4002148FDF78FFDAD466FF01B03BB612BE04D
:103FF4006FF01B03D0E77B6918440BF0B5F929E790
:104004000023FB6129E72346D7F814A02DE7F868BD
:1040140000F02CF86FF00403BB6115E01D4607E0C7
:10402400A41AA4B2291958F800000BF09DF9013E16
:1040340006EB4603980008EB83035A689442EFD2D8
:1040440036E76FF08503BB61F86809F030FAB869A8
:104054002C37BD46BDE8F08F6FF00403BB61F3E776
:104064000000AD0B040B0100F4FB000070B54468C4
:104074002368D3F80855D3F80C65204602F016F8E7
:104084003146284602F0E6F805460021606A09F048
:1040940025FA204601F0FAFF034B9D4201D100208E
:1040A40070BD6FF00F00FBE70000AD0B08B543686F
:1040B40011F0010F24D1C1F34201022912D00329C6
:1040C40017D0012907D0104A0121104808F079FCC3
:1040D4006FF0150005E01B684FF0CC72C3F824257F
:1040E400002008BD1B684FF0C862C3F824250020D7
:1040F400F7E71B684FF07F62C3F824250020F0E740
:104104006FF01500EDE700BF380C0100F4FB000070
:1041140010B588B040680024039404940594069470
:10412400079401F001048DF80C40BDF828408DF887
:104134000D4004930692828D9A4210D311F0020F1F
:1041440016D0002203A902F005F80D4B984214D0B2
:104154000B3398420ED06FF0040008B010BD0092EB
:10416400084A0121084808F041FC6FF01B00F4E7FD
:104174002022E7E76FF00F00EFE70020EDE700BF34
:104184000000AD0B4C0C0100F4FB0000B0B582B094
:1041940000AF05464468236A98470121606A09F024
:1041A4009DF92B46A26904F10801204601F028FF7D
:1041B4002E4B984206D12E49284609F07DF908373E
:1041C400BD46B0BD29686D4600233B7102237B7157
:1041D40088B06C4614F1100211D00E201AB10428D4
:1041E40001DD244B636100233B7002237B709AB191
:1041F400082800DDA16104F11C0300210AE06FF02E
:104204000040EBE701F1080CBC441CF808CC03F8AF
:1042140001CB01310129F5D90D2824DD0E2342B14A
:104224000321397100217971B9710121F97178681B
:10423400206100216FF300016FF341016FF38201EC
:104244006FF3C501012060F38811C3F30A0363F31C
:1042540053216FF31F5100230748FDF753FCAD466C
:104264006FF00400ABE76FF01B03D8E70000AD0B61
:1042740029D50000940C0100F4FB000070B400F098
:104284001F0C400919D0012819D10E4D0CF18000E2
:1042940055F820600C4C344041EA420141EA830362
:1042A4009DF80C2043EA02239DF8102043EA0243C0
:1042B400234345F8203070BC7047044DE6E70025E1
:1042C400E4E700BF00288450F0F0FCFF0025845090
:1042D40000F01F01400906D0012806D1044A012339
:1042E4008B4093607047034AF9E70022F7E700BF69
:1042F400002884500025845000F01F01400906D096
:10430400012806D1044A01238B40D3607047034A35
:10431400F9E70022F7E700BF002884500025845005
:104324002DE9F04F85B007468B469046002423E0E4
:104334004FF0FF3535E0C8F80C5501260396314699
:10434400B5F1FF3F16D0B1F1FF3F40F0138157F8AC
:104354000A3013F4004F02D00126002203920022F7
:104364000192CDF80090C3F34123324603992846C5
:10437400FFF784FF0134E4B25C4580F0FF804FEA2C
:10438400840A57F82430C3F3C322C3F30805082A68
:1043940000F2F6807E4911F8029040F2FF12954235
:1043A400C6D01B0E222B00F2EE8001A252F823F09D
:1043B4003B430000414400004F4400005B440000C4
:1043C4006944000077440000834400008B450000EA
:1043D4008B4500008B4500008B4500009144000094
:1043E400A54400008B4500008B4500008B45000070
:1043F4008B4500008B4500008B4500008B45000079
:104404008B4500008B450000B9440000CB440000FC
:10441400DD440000EF4400008B4500008B450000A4
:104424008B45000001450000114500001D450000BA
:104434002D4500003D4500004D450000C8F81455C9
:10444400002603964FF0FF317AE7C8F80855012695
:104454000396314674E7C8F81055002603964FF0CA
:10446400FF316DE7C8F80855002601230393314650
:1044740066E7C8F80C5501260396002160E7C8F8E2
:104484001055002603964FF0FF3159E7C8F8085538
:10449400B9F1000F5ED0002603964FF0FF314FE7CD
:1044A400C8F80C55B9F1000F5CD0002603964FF004
:1044B400FF3145E7C8F8605557F80A10C1F30041C9
:1044C400012603963CE7C8F8645557F80A10C1F36F
:1044D40000410126039633E7C8F8685557F80A10D7
:1044E400C1F30041012603962AE7C8F86C5557F832
:1044F4000A10C1F300410126039621E7C8F82455A8
:104504000126002303934FF0FF3119E7C8F828551B
:1045140001260396314613E7C8F8305501260023D7
:1045240003934FF0FF310BE7C8F8345501260023FD
:1045340003934FF0FF3103E7C8F8385501260023F1
:1045440003934FF0FF31FBE6C8F83C550126039670
:104554003146F5E64E46CDF80C904FF0FF314FF062
:104564000609EDE64E46CDF80C904FF0FF314FF0C2
:104574000609E5E6284609F006F8E8E6002004E026
:104584006FF0150001E06FF0850005B0BDE8F08F15
:10459400B40C01002DE9F84305460F4646680AF0BD
:1045A40067FC20B9234B1B780BB3002300E00123E5
:1045B400D5F810906A68D2F80080F3B9284609F05B
:1045C4001BF90446736813F0040F03D04FF48003FF
:1045D400C8F80433F36A1F700122F16A284609F00F
:1045E40057F984F31188BFF36F8FBDE8F883012373
:1045F400DEE784F31188BFF36F8FEFF31184202378
:1046040083F31288BFF36F8F284608F0F5FF002864
:10461400EFD0D9F80030002BD4D0D3F8A420002A4E
:10462400D0D0D3F8B420002ACCDAD8F84C25C3F87B
:10463400B420C7E7161E00202DE9F04F85B0984638
:10464400D0F810B0DBF80040D0F804A0DAF800503D
:104654009AF80830002B40F0B58081460F46164684
:1046640094F86130002B40F0B08094F86230002B55
:1046740040F0AE806365B8F1FF3F44D0B8F1040F59
:1046840016DDA3F1993383FB08234FEAE870C0EBEE
:104694006300C117C90341EA5041C0034E4BC0181F
:1046A4004E4A4FF0000341F10001FBF751FD01E0D8
:1046B40000200146A065E165276466640023A364C5
:1046C400E3642365DAF8043013F0040F20D1DAF838
:1046D400043013F0040F02D094F8602052BBC5F8E4
:1046E4003475C5F838650020C5F81001D5F81031C7
:1046F400C5F84C01D5F84C31012384F861302B60A6
:1047040005B0BDE8F08F00220023C4E91623D3E7E7
:10471400EFF311830393202383F31288BFF36F8F86
:104724000221484609F0A8F8039B83F31188BFF3DC
:104734006F8FCCE7B24228BF32469146DAF8281090
:1047440038460AF011FE4F44B6EB090614D0B8F10E
:10475400FF3FC4D00023C5F80831D5F8083104F16F
:104764000800D4E916234FF000084FF00009CDE902
:10477400008903F069F8B2E794F86020A2EB09021B
:10478400D2B284F86020DAF8280000EB09010AF0BC
:10479400F8FD0BF10803D3E8EF1F41F00401C3E86F
:1047A400E21F002AF7D145F30735002D08DB05F099
:1047B4001F026D09012393404035094A42F8253010
:1047C40000209DE76FF085009AE76FF00F0097E7F0
:1047D4006FF00F0094E700BF3F420F0040420F000C
:1047E40000E100E0F0B583B004461D460669EFF32E
:1047F4001187202383F31288BFF36F8F3368D3F8B4
:10480400A40000BBC3F8A4203368C3F8A01001F0CF
:104814006043B3F1005F1DD13368C3F8A810336857
:10482400C3F8AC203146204609F04DF887F31188CF
:10483400BFF36F8F204608F00EFF80B3B5F1FF3F42
:1048440010D100202CE087F31188BFF36F8F6FF035
:104854000F0025E033680022C3F8B020204609F099
:10486400A3F9DFE73468683425EAE575E917C90375
:1048740041EA5541ED030B4828180B4A4FF0000359
:1048840041F10001FBF764FC02460B4600200021C5
:10489400CDE90001204602F0D7FF002000E000200F
:1048A40003B0F0BD3F420F0040420F0070B5044614
:1048B400056943681E68286800220A4908300AF01E
:1048C400E8FC2B68DC6328680022074968300AF09A
:1048D400E0FC2B68C3F89C40044BC6F8043300206A
:1048E40070BD00BF11DD00000DDB000014020A00E2
:1048F40038B505460C4601F10C0000F0E1FB0C4B09
:1049040098420DD105F10C0205F59071207B09F058
:104914006CFC237B0120984000F0CCFB002038BDC8
:10492400044A0121044808F04CF86FF00400F6E74B
:104934000000AD0BC00C01002CFC000038B504468F
:1049440045680121E86808F07CFF63681A682B69F0
:10495400C2F824356B7DA97D0B43298B0B43297D3C
:104964000B43C2F86C3523691B6823B12046FFF75B
:104974009DFF002803DB204609F004FA00B138BD8E
:104984000249204608F007FEF9E700BF31D90000CC
:1049940021F07F4100F5A870014B43F820107047C7
:1049A400005001504FF480338340024AC2F844332C
:1049B400704700BF005001504FF480338340024AD7
:1049C400C2F84833704700BF00500150014BD3F880
:1049D40004057047005001502DE9F8430546894607
:1049E4009046FFF7E9FF284609F0FEFA4E460327F2
:1049F40010E0FFF7EBFF0446494609F0E4FAB0F58E
:104A0400000F26D9284609F0EFFAB8F1000F22D199
:104A14003E19013731462846FFF7BAFF2846FFF70B
:104A2400C1FFFFF7D3FF0446C11C304609F0CBFA9F
:104A34000A4B98420AD9284609F0C9FA0028D8D165
:104A4400B8F1000FE4D06FF0150000E00020BDE8DD
:104A5400F8830020FBE76FF01500F8E7FDFF7F0007
:104A6400034B044AC3F80823C3F84823704700BF24
:104A74000050015003000F0010B5012383406FEA7A
:104A8400030C0C4AD2E8EF1F01EA0C0EC2E8E4EF73
:104A9400002CF7D14FF4803282400748C0F8082335
:104AA400BFF35F8FBFF36F8F0B4214BF0120002051
:104AB40010BD00BF48120020005001504FF4803355
:104AC4008340124AD2F80423134201D100207047D4
:104AD40010B5044601238340DB430D49D1E8EF2F91
:104AE40002EA0300C1E8EC0FBCF1000FF6D122FA90
:104AF40004F313F0010F03D1204609F068FA18B14A
:104B0400204609F071FA012010BD00BF0050015089
:104B14004412002001B97047012383400D4AD2E8B2
:104B2400EFCF4CEA030CC2E8E1CF0029F7D14FF4F0
:104B340080338340084AC2F80433084BD3E8AF3FBC
:104B4400C34013F0010FE6D0054B4FF40012C3F835
:104B54000021E0E7481200200050015044120020D8
:104B640000E100E038B514461046194609F048FA49
:104B740002460D490B68E01A1B184C6844F1000406
:104B84000B604C60A2F50013B3F5400F09D2074B3C
:104B94001B68190A1B06D41841F10005044BC3E92C
:104BA400004502F055FD38BD300900204C120020AC
:104BB4003809002038B50D4B1C68250A2406BFF3BC
:104BC4005F8FFFF703FF0346001945F10001B3F5BA
:104BD400801F0AD2064BD3E90023904271EB0303F2
:104BE40003D210F1807041F1000138BD4C12002055
:104BF400380900202DE9F041064614461D469DF86B
:104C040020801046194609F0FBF90746FFF7D2FF4A
:104C1400A04271EB050319D2201A65EB01011B4B6D
:104C2400984271F100012BD2194B03EB0613D3E91F
:104C34000223AB4208BFA24201D1002014E0424645
:104C440039463046FFF7C8FE70B117E0B8F1000FDF
:104C540019D10123B3400F4AD2E8EF0F1843C2E839
:104C6400E10F0029F8D10020094B320103EB0616AD
:104C7400C6E9024506999950079B7360BDE8F08127
:104C84006FF01500FAE76FF01500F7E701008000F8
:104C9400200900204412002030B585B0FFF7E0FE63
:104CA40000231E4AC2F80835002B25DD1B4C0225C3
:104CB400C4F804531A4B4FF40012C3F880210022A5
:104CC4000121152007F0C7FF152007F0BAFF0123C3
:104CD400A3602360134A1360002402940194124BCE
:104CE4000093124A0023204609F09AF92846FEF759
:104CF400FFFD204605B030BD0D4A02EB03124FF014
:104D0400FF304FF0FF31C2E902014FF480329A4084
:104D14000249C1F804230133C6E700BF0050015023
:104D240000E100E048120020694B0000FFFF7F0013
:104D3400200900202DE9F04782B00446FFF7BEFEAB
:104D440010B902B0BDE8F087FFF734FF82460D4684
:104D540009F059F90646154B03EB0413D3E902890C
:104D6400C24575EB09050BD20025304609F053F90D
:104D7400002DE6D0009742464B462046A847E0E780
:104D84000A4A230102EB0411D5584F680020D05081
:104D94004FF0FF324FF0FF33C1E902232046FFF703
:104DA4000BFE204609F020F9DFE700BF20090020B0
:104DB40010B50D4BD3F8043313F0020F03D10024C4
:104DC400002C0BDD10BD0221074809F0C6F80028AD
:104DD400F5D0064A136801331360F0E72046FFF765
:104DE400A9FF0134ECE700BF005001504C12002031
:104DF40010B584B0B0F1FF3F18D001281BDD154B6E
:104E04009842A8BF18460446134B01221A70FFF7B4
:104E1400D1FE124B1A685B68801AB0F5000F0CD2F1
:104E24000444B4F5000F09D30A4C07E00A4B0022EE
:104E34001A70084CEBE70124E6E7064C002012192F
:104E4400029001900649009143F1000309F0E8F84B
:104E540004B010BDFFFF7F00151E002030090020A4
:104E6400694B000008B5FFF7A5FE024B1B68C01A8A
:104E740008BD00BF300900204FF05023D3F8582557
:104E840002F00302024BD340024A1360704700BF92
:104E94000020A1075400002008B509F061F968B1A9
:104EA4005D4BD3F8203A4BB95B4B0D22C3F8202A53
:104EB4000122C3F81C290022C3F81C2900220BE09C
:104EC40002F160034FF47F0151F83310DB0003F566
:104ED4007F035B680B6001321F2A08D802F160036C
:104EE4004FF47F0151F83330B3F1FF3FE8D109F0BB
:104EF4000FF930B1484B2922C3F80C270322C3F819
:104F04003C2709F0B9F840B1444B454AC3F8302571
:104F14004FF050230122C3F8582509F0C1F818B105
:104F2400404B0022C3F84C2509F0D2F868B14FF089
:104F34005023D3F8003413F0010F06D04FF0502360
:104F44000022C3F81421C3F8182109F0D5F860B180
:104F54004FF05023D3F8003413F0010F05D04FF075
:104F640050236FF00102C3F8002409F0E5F818B1EA
:104F7400294B6522C3F80C2709F006F920B1294B07
:104F8400D3F82034002B30DB09F00AF9E8B1224BC6
:104F94007E22C3F80C27C3F83C29234A7F23C2F896
:104FA40018311E490023C1F8043EC1F8083E01F53A
:104FB4004821C1F81031C2F82431C2F82C3102F56D
:104FC400FF1202F58052C2F8A032184AD2F88C308F
:104FD40043F44063C2F88C30154A1168154BC3F88A
:104FE4004415D269C3F84C2508BD4FF05023032261
:104FF400C3F8182501229A604FF05023D3F80431E6
:10500400002BF9D04FF050230022C3F804210122D1
:10501400DA60C3F81825B7E7004000500090035049
:105024004400EFBE002003500020005000ED00E0DB
:105034000080FF000060005010B50468ACB1B4FA01
:1050440084F3C3F11F03DBB201229A4024EA020273
:10505400D0E8EFCFA44504D1C0E8EE2FBEF1000F95
:10506400F6D1EAD10B70024810BD0248FCE700BF3C
:105074000000AD0B0200AD0B0368CB4013F0010F31
:1050840011D100B5026801238B401343D0E8EFCF60
:10509400944504D1C0E8EE3FBEF1000FF6D1F1D142
:1050A40002485DF804FB0248704700BF0000AD0BE6
:1050B4000400AD0B014BC3F80405704700700150A8
:1050C40008B50146014809F036F908BD580000202A
:1050D400054B1B792BB9044B186001221A71034844
:1050E40070470348704700BF501200200000AD0B0A
:1050F4000C00AD0B08B5084B1B680BB109F0B0F8F8
:1051040009F0ACF84FF05023C3F818050122C3F896
:105114001425C3F8802508BD5012002000B583B0C3
:10512400032818D8DFE800F01A026D6700224FF454
:105134008073012003F1502300211960196802F1E2
:10514400502201211160354A1268002A5FD04FF0C5
:105154005023C3F8040303B05DF804FB4FF050235D
:10516400D3F81824D3F8183403F003038DF8073068
:1051740012F4803F15D14FF05023D3F8143413F0B8
:10518400010F13D109F06AF88DF807009DF8072084
:105194004FF05023C3F8182508224FF482730220DD
:1051A400C8E70DF1070009F0ADF8EFE74FF0502321
:1051B400D3F81C3403F003038DF807300DF1070016
:1051C40009F0A0F80028E1D0144B1B682BB14FF074
:1051D40050230222C3F80423BDE74FF05023D3F831
:1051E4000431002BF9D04FF050230022C3F80421DE
:1051F400D3F80431AFE718224FF490734FF4807062
:1052040098E720224FF492734FF4007092E71A68E3
:10521400002AFCD000221A601B689CE75012002070
:1052240010B54FF05023D3F8044302E0194B1B6828
:10523400984774B3B4FA84F0C0F11F00012282408D
:1052440083009BB203F580739BB2C0B292B224EA8E
:10525400020403F1502319680029EAD000211960DF
:105264001B684FF05023C3F80823022ADED1D3F879
:105274001814D3F8183403F00303012BD6D14FF0DC
:1052840050230221C3F81815C3F8042301229A609D
:10529400CFE710BD5012002008B50079024B03EB94
:1052A4000010FFF7C9FE08BD6000002070B400F0D4
:1052B4001F0C400919D0012819D10E4D0CF18000A2
:1052C40055F820600C4C344041EA420141EA830322
:1052D4009DF80C2043EA02239DF8102043EA024380
:1052E400234345F8203070BC7047044DE6E70025A1
:1052F400E4E700BF00288450F0F0FCFF0025845050
:10530400F0B51C46059F069E00F01F0C400936D0E0
:10531400012836D1284D0CF1800355F8233091B380
:10532400012092B34FF0020E40EA0E0084B34FF016
:105334000C0E40EA0E0077B34FF4706E40EA0E0094
:1053440066B34FF4403E40EA0E0023EA000041B346
:105354000B7842B312785200134334B3227892008C
:10536400134327B33A781202134316B33278120464
:10537400134303430CF1800C45F82C30F0BD0F4D62
:10538400C9E70025C7E70020CBE74FF0000ECBE7C5
:105394004FF0000ECDE74FF0000ECFE74FF0000EB8
:1053A400D1E70023D5E70022D6E70022D8E7002280
:1053B400DAE70022DCE700BF00288450002584508F
:1053C40000F01F02400907D0012807D1044B1869D7
:1053D400D04000F001007047024BF8E70023F6E7E5
:1053E400002884500025845000F01F03400908D091
:1053F400012808D1054A803352F82300C0F3014044
:105404007047034AF7E70022F5E700BF00288450FD
:105414000025845000B583B084468E460C4B93E837
:10542400030002AB03E90300634609E002A901EBB0
:10543400830151F8081C086A42F8040B086201331E
:105444000CEB0E009842F1D803B05DF804FB00BFEA
:1054540090FC000000F01F01400906D0012806D18D
:10546400044A01238B4013627047034AF9E7002280
:10547400F7E700BF00288450002584504309034AFD
:10548400D35C00F01F001844C0B27047540D0100F3
:105494000048704758120020004870476C0D010006
:1054A4002DE9F04184B005460C4616461F460846D1
:1054B400FFF7E4FF804656B32146284609F020F85A
:1054C40028B12146284608F0DBFF002843D12146B5
:1054D400284608F0E4FF10B17378012B3BD0012378
:1054E4008DF80F30002301930096B31C721C0DF14C
:1054F4000F012046FFF704FF2879FFF7C9FF08F1E1
:10550400080230F8123043F0030320F81230002F61
:105514003BD02146284608F0F3FF002837D13E78D7
:105524002B6806F5A272002143F8221043F82210DA
:105534002879FFF7ADFF08F1080230F8123023F0A4
:105544002003DB04DB0C20F812307B782BB91148E4
:1055540004B0BDE8F0811048FAE7BA780092224618
:105564003146286808F004FF2879FFF791FF0246C6
:1055740008F1080032F810307603B6B2334343F032
:10558400200322F810300348E2E70248E0E702482B
:10559400DEE700BF0000AD0B0400AD0B70B506469E
:1055A4000D46144608F06CFF68B13079FFF770FFC0
:1055B40006462846FFF762FF083036F810305B0BCA
:1055C4002370024870BD0248FCE700BF0000AD0B29
:1055D4000400AD0B30B583B005460191002400E012
:1055E4000134012C18D80E4B1B5D03F0070202A9ED
:1055F40001EBD30313F8043CD34013F0010FEFD0B5
:1056040005EB840201212046FFF704FF55F82430FE
:10561400002BE5D0012000E0002003B030BD00BF26
:10562400640D010008B50079024B03EB8000FFF71D
:1056340003FD08BD700000202DE9F04182B005464D
:10564400884616461F4609F09BF8AEB33A463146E3
:10565400284608F0B1FF041E20DB2879FFF718FF65
:1056640040F834602879FFF713FF00EBC40047606B
:105674002879FFF70DFF05464046FFF7FFFE083087
:1056840035F81030E4B26402A4B2234343F48073C7
:1056940025F81030094802B0BDE8F0812879FFF7F9
:1056A400F7FE0DF107017830FFF7C6FC034B984273
:1056B400F1D19DF80740D0E70048ECE70000AD0BBE
:1056C4002DE9F04784B006460C4690460846FFF79D
:1056D400D5FE07463079FFF7DBFE0546D8F8009083
:1056E400B9F1000F21D02146304608F0F8FE002819
:1056F40043D100238DF80E308DF80F3001930093C1
:105704004B460DF10F020DF10E012046FFF7F8FD97
:1057140007F1080235F8123023F002039BB225F892
:10572400123043F0010325F81230D8F80430BBB12D
:1057340093F80090D3F804A02146304608F0C0FE48
:10574400E8B1BAF1000F61D1083735F8173023F00A
:105754001C039BB225F8173043EA890325F8173058
:10576400D8F80820002A55D05368126821463046DC
:10577400FFF762FF04B0BDE8F0872748FAE707F1B6
:10578400080235F8123023F02003DB04DB0C25F883
:105794001230BAF1000FD7D0B9F1030F38D8D8F8C6
:1057A40004305B6893F800A0B9F1000F08D13368A6
:1057B4000AF5A27A002243F82A2043F82A20C3E7F4
:1057C400484608F0A5FE034631680AF5A27C51F864
:1057D4002C2022F0030241F82C2022465146306846
:1057E40008F0ADFD0AF13C0305EB43039C8007F18F
:1057F400080235F812304FEA4A3A1FFA8AFA43EAA5
:105804000A0343F0200325F812309DE70248B1E76C
:105814000148AFE70148ADE70400AD0B0000AD0B54
:1058240038B505460C4608F01CFE08B9074838BDD3
:105834002146284608F09DFE2146284608F0CBFF65
:10584400204608F0F2FD0248F1E700BF0400AD0B6A
:105854000000AD0B08B50079024B03EB8000FFF7A5
:105864000BFC08BD70000020F0B583B005460E4661
:105874000079FFF70DFE90F88C3013B10D4803B09A
:10588400F0BD044660220021103009F094FD2F6819
:105894002879FFF701FE03680093002332464FF096
:1058A4000041384608F0B9FF012384F88C30A3671F
:1058B4000148E4E70C00AD0B0000AD0B2DE9F04707
:1058C40082B081460F4690460023009301935168AD
:1058D4006846FFF77FFE4CE094FAA4F4B4FA84F42B
:1058E40004F01F05254B9B5D45EA43152846FFF749
:1058F400C5FD083037F810A0CAF3820A0DEB860301
:10590400E00804F007041A5C0121A14022EA010224
:105914001A542846FFF768FD03465246294638467E
:1059240008F0F8FE2846FFF795FD02AB03EB86036B
:1059340053F8084C002CCFD10136012E0DD8104B52
:105944009B5D08F10402D90803F00703525C22FAB4
:1059540003F313F0010FEFD0E7E700224FF000410B
:10596400484608F041FDD8F804106846FFF732FEB7
:1059740008B10026E1E702B0BDE8F087680D010038
:10598400640D0100F8B504460E461148081A114B7F
:10599400A3FB00304009FFF77FFD0746D4F804134A
:1059A400C9B2026841F00041204608F01DFD051E01
:1059B40005DB2A463146204608F059FFF8BD3A4631
:1059C40031462046FFF77AFF25F00045F1E700BF96
:1059D40058120020398EE33808B502490248FFF70F
:1059E400D1FF08BD5812002000D0005038B5012363
:1059F4000360A1B104460D464B680BB90123436112
:105A04000020074B034053B92A460649204608F0B4
:105A14007CFF10F4007FF4D001236361F1E738BD0B
:105A240002000400020204000123836000293CD028
:105A340070B505460E464B680BB90123436100203F
:105A44001A4C044084BB32461949284608F05DFFCD
:105A540010F4007FF4D0D5F86031ABB9D5F800125A
:105A640001222A626A612046002BE9D011F4807F6A
:105A7400E6D0D5F848010028E2D00023C5F8483123
:105A8400D5F848312046DBE70023C5F86031D5F866
:105A94006031D5F8001211F4007F02D04FF080730A
:105AA400E2E74FF08073DBE770BD7047020004004B
:105AB4000202040070B400F01F0C400919D0012840
:105AC40019D10E4D0CF1800055F820600C4C344077
:105AD40041EA420141EA83039DF80C2043EA022390
:105AE4009DF8102043EA0243234345F8203070BC5C
:105AF4007047044DE6E70025E4E700BF0028845022
:105B0400F0F0FCFF00258450034610F0010F08D18B
:105B1400064813F0020F00D0054813F0040F02D119
:105B240070470448F5E70448FAE700BF0100AD0BED
:105B34000100AE0B0000AE0B0200AE0B2DE9F041EC
:105B440004460D4616461F46002380F8233053684A
:105B540033B1D36803F06043B3F1005F40F01E81BA
:105B64003378023BDBB2012B48D98E4BC5F808339E
:105B740094F82430002B4AD117F0140F0CBF0123E2
:105B8400002384F82430337884F82030737884F840
:105B94002130F368E3607368236133696361B36838
:105BA400A361C7F3001384F82530E7617378C5F85F
:105BB40088350023C5F86031D5F86021C5F848312F
:105BC400D5F84821C5F82431D5F82421C5F8043185
:105BD400D5F8043117F0010F1FD00123C5F8503553
:105BE40017F0020F1DD00123C5F840353378032B7D
:105BF40000F2AC80DFE803F07D996619336903F0A5
:105C04006043B3F1005FB0D0DFF89C8157E0A36834
:105C1400C5F80433DFF8948151E00023C5F850350A
:105C2400DEE70023C5F84035E0E74FF48073C5F89C
:105C34000032E2682369C5F84425C5F848350123D4
:105C4400AB6000224FF48011284608F05EFE002865
:105C5400F7D16269A369C5F84425C5F848354FF4FE
:105C64008023A360DFF8488117F0080F11D133783F
:105C7400032B0ED0012B6CD02368002B73D0002192
:105C84002846FFF7D1FE73681BB923680BB10123C3
:105C94006B612368002B69D017F0040F01D0002337
:105CA400A36017F0400F03D1A36843F00203A3607D
:105CB400A36843F40073A360A368C5F804334046A3
:105CC400BDE8F081E2682369C5F84425C5F8483584
:105CD4006269A369C5F83425C5F838354FF484538F
:105CE400C5F8003201232B620223A360DFF8C080D1
:105CF400BAE7E2682369C5F84425C5F8483517F0C2
:105D0400200F0BD04FF48073C5F800324FF480237A
:105D1400A36001232B62DFF89880A5E74FF400739A
:105D2400C5F800320223A360F3E7E2682369C5F8EB
:105D34003425C5F838354FF48053C5F800320123B3
:105D44002B620223A360DFF868808DE7DFF86480AC
:105D54008AE7236823B100212846FFF747FE92E72C
:105D640004F10C01F8E704F10C0189E7D5F8C40447
:105D7400C5F8C404002384F8243018B1FFF7C4FE26
:105D840080469CE717F0400F99D12146284608F039
:105D94002CFE002893D1DFF8208090E7DFF80880FC
:105DA4008DE700BF02029C010A00AD0B0B00AD0B96
:105DB4000000AD0B0400AD0B0100AD0BF0B587B0D6
:105DC40005460C4691F82030012B6DD001F11407E3
:105DD4003A460221284608F098FD06463A464FF412
:105DE4000071284608F091FD00287BD0002E5ED07B
:105DF400E36913F0400F04D194F82330002B00F032
:105E0400A380E36913F0040F32D10023C5F8603195
:105E1400D5F86021C5F85C31D5F85C3194F82530AB
:105E240013B194F823309BB10023C5F80032A3606A
:105E34005F4BC5F8083345F30733002B08DB03F049
:105E44001F015B0901228A4060335A4941F823202B
:105E540094F820308DF8043094F821308DF8053012
:105E6400E36804932369029363690593A369039325
:105E7400D5F8C434C5F8C43413F0020F7FD001231D
:105E84008DF8003094F825300BB984F82430E36998
:105E940013F0040F02D094F823301BB12368616817
:105EA4006846984707B0F0BD01F10C0790E7A36876
:105EB400C5F808330223A360A368C5F8043300229D
:105EC4004FF08071284608F020FD20B1D5F800324B
:105ED40013F4007F02D101232B626B61012384F848
:105EE4002330DFE7002E83D13A464FF48021284641
:105EF40008F00BFD94F820307BBB94F8253093B95F
:105F0400C5F80032A3602A4BC5F8083345F30733BC
:105F1400002B08DB03F01F015B0901228A40603378
:105F2400244941F8232094F820308DF8043094F863
:105F340021308DF80530E368049323690293636983
:105F44000593A369039393E72146284608F04DFD82
:105F540080F0010084F8230053E74FF40073C5F880
:105F6400003240F20223A36003F1CE73C5F8083374
:105F7400A368C5F804330123AB602B6292E713F0E6
:105F8400040F03D002238DF800307BE713F0010FD8
:105F940003D003238DF8003074E794F823301BB149
:105FA40004238DF800306DE700238DF8003069E795
:105FB40002029C0100E100E030B585B00D68009557
:105FC4004C6801948A680292C97B8DF80C100368AE
:105FD40019B9C3F80855C3F80C45C3F82425037947
:105FE40003EB8303054A52F8333023B1006840F3CE
:105FF400073006F026FE05B030BD00BFE8120020D1
:1060040070B506460D46047904EB84001B4901EB88
:10601400C00191F8221079BB184804EB840C00EB02
:10602400CC0140F83C204B6000238B6081F8253084
:1060340081F82430B5B1A97B00EBCC0383F8271099
:10604400284608F014FD08B90D4814E0697B04EBF8
:1060540084020A4B03EBC20383F826102946304618
:10606400FFF7AAFF04EB8404044B03EBC4030122EF
:1060740083F82220034870BD0348FCE7E81200209F
:106084000400AD0B0000AD0B0C00AD0B03790268EE
:106094000621C2F8001503EB8303034A02EBC30392
:1060A400022283F822207047E812002030B40379DA
:1060B4000C4A03EB830102EBC10100248C600068ED
:1060C400094DC0F80853D0F8005225F4BC55C0F867
:1060D4000052C0F80045012081F8220081F82440D4
:1060E40030BC7047E812002002029C0130B583B036
:1060F40005460479006840F3073006F0A7FD2846FA
:10610400FFF7D4FF04EB8402114B03EBC20393F8B3
:1061140027302BB90E4B03EBC20393F826304BB157
:1061240004EB84040A4B03EBC403002283F822200B
:1061340003B030BD2B68D3F808050090D3F80C5594
:10614400019508F046FC284608F043FCE8E700BF48
:10615400E812002008B5134690F804C00CEB8C0C30
:106164000A460168024800EBCC00FFF7E7FC08BDD3
:10617400E812002008B502490248FFF71FFE08BDD7
:10618400E81200200090005070B400F01F0C400989
:1061940019D0012819D10E4D0CF1800055F820605A
:1061A4000C4C344041EA420141EA83039DF80C203F
:1061B40043EA02239DF8102043EA0243234345F8AF
:1061C400203070BC7047044DE6E70025E4E700BFCB
:1061D40000288450F0F0FCFF0025845000F01F01DB
:1061E400400906D0012806D1044A01238B4093605C
:1061F4007047034AF9E70022F7E700BF00288450FC
:106204000025845000F01F01400906D0012806D162
:10621400044A01238B40D3607047034AF9E7002204
:10622400F7E700BF002884500025845000F01F02C7
:10623400400907D0012807D1044B1869D04000F069
:1062440001007047024BF8E70023F6E7002884506A
:1062540000258450F0B583B005460E46FFF7BEFF17
:106264003046FFF7BBFF0024019406270097032361
:10627400224601212846FFF787FF01940097032354
:10628400224601213046FFF77FFF042007F09FFFDD
:10629400082C12D83046FFF7C9FF70B92846FFF71B
:1062A400B1FF042007F093FF2846FFF797FF04206F
:1062B40007F08DFF0134E4B2EAE73046FFF7A2FFAE
:1062C400042007F084FF3046FFF788FF042007F01E
:1062D4007EFF3046FFF7AAFF10B1024803B0F0BDBD
:1062E4000148FBE70000AD0B0100AD0B034B00E0E0
:1062F4002033034A9342FBD3704700BFF8F70000F2
:10630400B8F8000004280CD8DFE800F0030D0507F6
:106314000900064870470648704706487047064813
:106324007047064870470648704700BF740D010067
:10633400980D0100A80D0100B40D0100C40D010069
:10634400840D010030B108B508F098FD20B1037840
:1063540023B108BD024870470148FAE70048F8E74E
:10636400D40D010010B50446FBF7ECFA034A0121F1
:10637400034806F026FB204608F0C5FBDC0D0100AF
:106384001CFC00002DE9F04782B000AF05460C4626
:10639400EFF31188202383F31288BFF36F8FDFF8A4
:1063A400C491D9F80860FFF7ADFF99F81010E946D9
:1063B40001233B7103237B718AB0EC461CF110026C
:1063C40021D04FF0160E5AB17346BEF1040F03DD0F
:1063D400DFF894A1CCF814A0082B01DDCCF81850F8
:1063E40001233B7003237B70D2B17346BEF10C0FC3
:1063F40001DDCCF81C00102B01DDCCF820100CF1D1
:10640400240300210AE06FF0004EDCE701F10800EC
:10641400384410F8080C03F8010B01310129F5D9AF
:10642400BEF1150F50DD16234AB105213971002143
:106434007971B9710121F9717868CCF810000021E3
:106444006FF300016FF341016FF382016FF3C50134
:10645400012060F38811C3F30A0363F353216FF33C
:106464001F5100234148FBF74DFBCD461CB1E369A6
:10647400C3F308035BBB3046FFF764FFE94601231F
:106484003B7103237B718AB0EC461CF1100224D0CB
:106494004FF0120E52B17346BEF1040F02DD3449BF
:1064A400CCF81410082B01DDCCF8186001233B70E4
:1064B40003237B70F2B1BEF10C0F01DDCCF81C009C
:1064C4000CF12003002113E06FF01B03ACE7294A11
:1064D4000121264806F075FACDE76FF0004ED9E7A2
:1064E40001F10800384410F8080C03F8010B0131DD
:1064F4000129F5D9BEF1110F31DD12234AB104216E
:10650400397100217971B9710121F9717868CCF878
:10651400100000216FF300016FF341016FF382015A
:106524006FF3C501012060F38811C3F30A0363F319
:1065340053216FF31F5100230C48FBF7E3FACD46B8
:1065440021462846FFF70EFF88F31188BFF36F8FAB
:106554003046FCF7B5FB0837BD46BDE8F0876FF061
:106564001B03CBE710130020EC0D01001CFC000002
:10657400380E0100140E010038B505460B4B53F8D4
:10658400204002E02368984708346B1C074A52F8FD
:106594002330A34209D960680028F3D0037F13F0A5
:1065A400010FF1D108F0B7FAEEE738BD600E010033
:1065B40010B5054C01E098470434044B9C4202D0CA
:1065C4002368002BF7D110BDBCFB0000BCFB00000E
:1065D40010B586B0B023104C03FB004400EB800CD4
:1065E4000E4B03EB8C030E4A0592012204920F22F8
:1065F400039200220292019200930A4B4FF4A0727C
:10660400094901EB8C11204600F0FCFA637B23F06E
:106614000403637306B010BD40090020101300206A
:10662400500E01006DEC00001831002008B553EA4B
:10663400020102D100F038FE08BD0249183000F012
:1066440065FFF9E77FF0000010B586B0184C14E040
:10665400636A0593236A0493E3690393A36902932A
:106664006369019323690093E368A2686168206801
:1066740000F0C8FA23685C6530340E4B9C42E7D3C3
:1066840000F03EFD0A4C00E030340A4B9C420BD231
:10669400A26AE36AB3F1FF3F08BFB2F1FF3FF3D050
:1066A4002068FFF7C3FFEFE700F042FD06B010BD1E
:1066B400E0FA000040FB000008B50C4B01221A7000
:1066C4000320FFF759FF06F029FCFBF73DFDFFF718
:1066D4006FFF0420FFF750FFFFF7B6FFFAF7B0F89B
:1066E400034A137B23F00103137308BD161E002015
:1066F400F009002008B50146014A0248FCF7C6FB30
:10670400BD660000F009002008B50348034A121AC8
:10671400002108F017FA08BD10020020181E0020FE
:1067240010B50446FFF754FFB0230A4903FB0411D4
:10673400094A04EB840302EB8303D9601C74074BFE
:1067440003EBC42303F5006304EB840402EB84022B
:10675400536010BD400900201013002018290020A8
:1067640070B586B000F016FD104D114B5D61114BF4
:106774000593012304930024039402940194009448
:106784000D4B4FF400620D49284600F03BFA0646D3
:106794006B7B23F004036B73284608F006FC204649
:1067A400FFF7BEFF304606B070BD00BFF009002001
:1067B40010130020580E0100BD660000583200205E
:1067C40008B50020FFF7D8FE1B4B03F5006282F3E7
:1067D400088883F30A88194CE02384F822300023C4
:1067E400E37723766376A37684F82030626A42F4F2
:1067F400E022626284F82330FCF7D6F9FCF768FBE8
:106804004FF0FF33A362E362FCF762FDFCF7C8FBC1
:10681400FAF7F4FF0A4800F057FAFFF767FDFCF7B0
:106824005DFE0120FFF7A8FE0220FFF7A5FEFFF79B
:1068340097FFFFF75FFF00BF1829002000ED00E07D
:10684400A00A002010B5064C002000E02034054BBF
:106854009C4204D2204608F07DF90028F6DA10BDE7
:10686400700100207001002030B583B00D46EFF3B5
:106874001181202484F31288BFF36F8F046964B1FB
:106884002C6023680361C3690133C361002081F371
:106894001188BFF36F8F03B030BD00F1080C53EAC9
:1068A400020404D100232B606FF00B00EFE7009289
:1068B40001930246604600F045FB0028EBD1024BF1
:1068C4009B681B692B60E6E7101300202DE9F0415B
:1068D40082B00446EFF31187202181F31288BFF3BD
:1068E4006F8FC16899B9002950D1364B9B6893F9D1
:1068F4000E3023610131E160324B9B68A36087F362
:106904001188BFF36F8F002002B0BDE8F0811646F6
:106914001D4682682B4B9B689A42E4D055EA0601D7
:1069240036D092F90E80414693F90E0008F0A9F989
:10693400804534DC4FF00008009601952246394624
:10694400214800F0FFFA0028DED0EFF31185202360
:1069540083F31288BFF36F8FA36843B323689C4209
:1069640023D013B3216993F90E0008F08AF9014684
:10697400204608F091F9E8B9B8F1000F1AD185F36F
:106984001188BFF36F8F6FF00A00BDE72369B0E78A
:1069940087F31188BFF36F8F6FF00F00B4E70146E0
:1069A400204608F079F98046C6E72169E0E7B8F1A6
:1069B400000FE4D02946044800F076FB6FF00A008B
:1069C400A2E700BF1013002034130020F8B5836839
:1069D400002B47D00446264A9268934245D1C368A7
:1069E400012B04D9013BC36000252846F8BDEFF311
:1069F4001186202383F31288BFF36F8F016908F097
:106A04004BF92768A7420CD03D1E18BF012557B982
:106A1400A760CDB90023E36086F31188BFF36F8FBD
:106A2400E3E70027F0E77A683B6813605A600023C5
:106A34003B607B607A7B22F002027A73BB6007F1D1
:106A4400180008F0E4FBE3E797F90E302361002512
:106A5400C7F8AC50384608F0A8FA3146054800F0AB
:106A640023FBC2E76FF01505BFE74FF0FF35BCE726
:106A7400101300203413002010B582B00146844660
:106A8400EFF31184202080F31288BFF36F8F5CF83A
:106A9400080B88B1036823F003030B604A68904233
:106AA40008D0012108F0A5F984F31188BFF36F8F92
:106AB40002B010BD4B60F4E753EA02000CD0009220
:106AC400019301F10C022146604600F03BFA48B9FB
:106AD400054B9B681869EBE784F31188BFF36F8F4C
:106AE4000020E5E70020E3E710130020F8B5044692
:106AF400EFF31187202383F31288BFF36F8F0568A8
:106B0400A84212D02E1E18BF012685B906BBA36861
:106B1400E268934224D001221344A36000230BBBF8
:106B240087F31188BFF36F8FF8BD0025EAE76A6821
:106B34002B6813605A6000232B606B606A7B22F021
:106B440002026A73AB6005F1180008F060FBDDE730
:106B54000023C5F8AC30284608F027FA0123DEE705
:106B64000022D9E73946024800F09EFADCE700BF6C
:106B74003813002010B582B0EFF31181202484F380
:106B84001288BFF36F8F846844B1013C846081F341
:106B94001188BFF36F8F002002B010BD53EA0204C6
:106BA40006D0009201930246054800F0CBF9F3E7C2
:106BB40081F31188BFF36F8F6FF00F00ECE700BF14
:106BC4003813002008B553EA020102D100F06CFB2F
:106BD40008BD0249183000F099FCF9E77FF0000085
:106BE40010B5044640B11F2204F1740008F0EBFB19
:106BF400002084F8930010BD014B9C68F3E700BFAC
:106C0400101300202DE9F04F85B004460F461546B9
:106C14001E46DDF838A0DDF83C90DDF84080DDF854
:106C24004CB000F158038365C365129B042211998B
:106C340008F026F92A463946204608F004F90546A4
:106C4400CDF80880CDF80490CDF800A03346024674
:106C540039462046FCF7F8F8002363652666C4F835
:106C640064A0C4F86890C4F86C80EFF31182202308
:106C740083F31288BFF36F8F124B196A21671C626A
:106C840082F31188BFF36F8FBBF1000F13D01F2263
:106C9400594604F1740008F096FB002384F89330FD
:106CA400084B9B685BB1D3F8A030C4F8A0302846E9
:106CB40005B0BDE8F08F002384F87430F0E7C4F821
:106CC400A030F4E71013002010B5044601234373E9
:106CD40003730023C0F89430C0F8983000F018FE15
:106CE400014B9C6010BD00BF101300200A4A93683A
:106CF400C3F8A8006FF00A01C3F8AC1007494B6849
:106D040043F080534B60002383F31188BFF36F8FEC
:106D14009368D3F8AC0070471013002000ED00E036
:106D2400437B90F90D20002A4ADB13F01F0F47D153
:106D340063F07F034373234A52F8183F93420ED102
:106D440000230CE05A6842600360106058601EE043
:106D54001A461C49C9698A420FD01B687BB173B1BA
:106D640090F90E1093F90E209142F1D0521A002A94
:106D7400E8DC1A46002BECD1F0E70023EEE7114BD8
:106D8400DA6903F11801016042601060D8610D4AAC
:106D940052F8183F93420ED06BB10A4A9268517B65
:106DA40011F01F0F0AD1D1897F2907D9996929B90F
:106DB400044B5A617047034BDB68EEE7014A5361A9
:106DC400704700BF10130020437B90F90D20002A68
:106DD40014DB134B996853F8182F9A4219D0C2B197
:106DE400814219D04B7B13F01F0F15D1CB897F2B18
:106DF40012D9936983B90A4B5961704703F07F0331
:106E040043734268036813605A600023036043605D
:106E1400DFE7034BDA68E3E7014B5A61704700BFD1
:106E2400101300202DE9F04105460C463B4B9E68AB
:106E3400737B13F0600F1FD013F0200F21D00827AD
:106E44001F4219D13B43737313F0800F1BD1082FDA
:106E540024D04FF00008314A52F8183F934242D0F0
:106E6400002B40D02D4A5361102F05D0304600F03E
:106E7400F3FAB8F1000F39D184F31188BFF36F8F9F
:106E840045E01027DCE703F07F037373726833680F
:106E940013605A60002333607360D8E7B3685BB152
:106EA4007268336813605A60002333607360727BC6
:106EB40022F002027273B360304608F042F806F121
:106EC400580008F043F8154B9B689E4202D04FF0DF
:106ED4000008C0E7EFF3058313B94FF00008BAE7E1
:106EE4004FF00108B7E70D4BDB68BBE70C48FFF731
:106EF400EBFEC1E7EFF31184202383F31288BFF381
:106F04006F8F07F0BCFE84F31188BFF36F8F6B7B28
:106F140013F0600FEED1BDE8F08100BF1013002024
:106F2400A00A0020B3F1FF3F08BFB2F1FF3F00D138
:106F3400704708B50249183000F0E8FA08BD00BFF0
:106F44007FF0000010B50C461146EFF311832023A7
:106F540083F31288BFF36F8FDDE90223034880684F
:106F640008F017F82046FFF7C1FE10BD10130020EB
:106F740070B503460022EFF3118E202080F31288AF
:106F8400BFF36F8F104648E002F07F025A735C68CB
:106F94001A682260546000221A605A604CB29C73D2
:106FA4005A7B62F07F025A733E4D55F8182FAA425D
:106FB4000ED100220CE054685C601A6023605360B8
:106FC4001EE09446374DED69AC450FD012687AB196
:106FD40072B192F90EC06445F3D0ACEB040CBCF171
:106FE400000FE8DC9446002AECD1F0E70022EEE73B
:106FF4002C4AD46902F118051D605C602360D361DA
:10700400284C54F8182FA24216D0AAB1254C62611C
:107014008EF31188BFF36F8F0122002A40D15A7B6F
:1070240002F01F0000280CBF01200020ACD012F099
:10703400020F04D19973EBE71A4AD268E6E79C6819
:107044005D681A682A60556000221A605A604DB261
:107054009D73226894420DD100220BE054685C6059
:107064001A6023605360D3E794466668B4450FD032
:1070740012687AB172B192F90EC06545F4D0ACEBE6
:10708400050CBCF1000FE9DC9446002AEDD1F0E7D1
:107094000022EEE762681C605A6013606360B7E721
:1070A40070BD00BF1013002008B50B4659B9EFF3AB
:1070B400058242B9064A50699268904203D0084654
:1070C400FFF714FE03E083F31188BFF36F8F08BD4D
:1070D4001013002008B5034650B9EFF305823AB9FE
:1070E400064A51699268914202D0FFF7FFFD03E01E
:1070F40083F31188BFF36F8F08BD00BF1013002006
:107104000023EFF31181202282F31288BFF36F8FE3
:1071140009E0064B9A68D37B013BD37381F3118852
:10712400BFF36F8F0123002BF3D07047101300209F
:1071340008B50023EFF31180202282F31288BFF3F5
:107144006F8F09E0124BD96812E0114B596180F33B
:107154001188BFF36F8F0123BBB90D4B9A68D17BA4
:107164000131D17353F8181F9942EBD00029E9D0AB
:10717400537B13F01F0FE8D1D3897F2BE5D98B699B
:10718400002BE2D1024B5A61E1E707F0AAFF08BDE8
:107194001013002008B5024807F0C5FF08BD00BF62
:1071A4002413002010B5EFF31180202383F31288F9
:1071B400BFF36F8F1E4B9A68DB699A4205D0136840
:1071C400516812680A60516006E00023F8E7184A23
:1071D400D269934212D01B6893B1154A946894F90A
:1071E4000E1093F90E209142F1D0521A002AEEDDCE
:1071F4005A686260236014605C600AE00023EBE775
:107204000B4B9A68D96903F11804146051600A6041
:10721400DA61074A52F8183F934205D023B1044A71
:107224005361FFF763FD10BD014BDB68F7E700BF57
:1072340010130020F8B551EA000326D005460C4689
:10724400EFF31187202383F31288BFF36F8F144E5B
:10725400B068FFF7B9FDB0682A46234611491830D3
:1072640000F054F90446B268537B43F004035373AB
:107274003846FFF73BFDB3689A6ADB6AB3F1004F07
:1072840008BF002A05D00020F8BDFFF78BFF0020BF
:10729400FAE707F0EBFF201A0028F5DC0020F3E7FB
:1072A400101300207FF0000038B5EFF31185202380
:1072B40083F31288BFF36F8F437B13F0040F04D161
:1072C40085F31188BFF36F8F38BD0446183007F07B
:1072D4009EFF637B23F0040363732046FFF720FDC6
:1072E40029460248FFF7E0FEEEE700BF3C1300200A
:1072F400014B9868704700BF101300202DE9F84334
:10730400037B03F00107EFF31186202383F3128834
:10731400BFF36F8F457B15F0080F1AD10446B146B1
:1073240000F1580807F0D9FD10B345F02005657346
:10733400EFF305839BB131462046FFF773FD67B138
:10734400002383F31188BFF36F8F0423184602DFF1
:1073540003E086F31188BFF36F8FBDE8F8834146DD
:107364003B4B986807F0BBFD3046FFF7BFFCE6E7F0
:1073740045F00803637313F0800F2ED1A3685BB14B
:107384006268236813605A60002323606360627B31
:1073940022F002026273A36004F1180007F037FFC1
:1073A400404607F0D3FD2A4B9B689C4222D000251F
:1073B400274A52F8183F934223D013B3244A536107
:1073C400204600F049F8FDB9214B9B689C421FD030
:1073D40089F31188BFF36F8FB1E705F07F0545F09E
:1073E400080565736268236813605A60002323608C
:1073F4006360C3E7EFF305830BB90025D8E70125E4
:10740400D6E7134BDB68D9E71248FFF75DFCDBE7EF
:10741400EFF30583002BDBD1237B13F0010F12D094
:1074240089F31188BFF36F8F002383F31188BFF3AF
:107434006F8F0423184602DFEFF31189202383F3AF
:107444001288BFF36F8F4846FFF750FC77E700BF01
:1074540010130020A00A0020EFF31181202383F3EE
:107464001288BFF36F8F0A4B1B6A834204D11A6FD1
:10747400074B1A6207E0134613B11A6F8242FAD11E
:107484000BB1026F1A6781F31188BFF36F8F7047D6
:107494001013002008B50648064A121A064907F0D8
:1074A40055FB0648064A121A064907F04FFB08BD69
:1074B400000000200C020020C01101000000002088
:1074C40000000020C0110100034B1868984200D04E
:1074D40070470020FCE700BF7400002030B1044A6C
:1074E4005268904201D0006870470020704700BF86
:1074F4007400002008B5044B1B680BB1002008BDC4
:10750400FDF7B0FCFBE700BF401300202DE9F04F6E
:1075140083B00193B3F1FF3F08BFB2F1FF3F0DD039
:107524000446914681600023EFF3118A202282F3FE
:107534001288BFF36F8F1D461E4635E000252E4688
:107544002846314603B0BDE8F08FFFF7D3FF8046ED
:107554000135019B43F10006451946EBE0762561B0
:107564006661384A13685268ED1846EB02064FF01C
:10757400010B41E0C91A67EB0202016142614368F1
:10758400636020601C60446005E02F4B5A682360F0
:10759400626014605C60FFF797FF844240D08AF316
:1075A4001188BFF36F8F0123002BC9D14D46019E73
:1075B4006FF00103B3EB09034FF0FF3363EB0603F2
:1075C400002BC2DB1F4B19685B686918019A43EBF7
:1075D40002036FF00102521A4FF0FF3161EB030313
:1075E40010461946012A73F1000301DA0120002133
:1075F400206161614FF0000BFFF766FF0028C4D0E3
:1076040001694769236962698B4272EB070EB1DB3A
:107614005B1A62EB070223616261FFF75FFFEDE72C
:107624000A4B1B68002BBAD1BBF1000F06D04046B1
:1076340007F0D2FD0021FDF7DBFBB0E7FFF75AFFAF
:107644008046F4E7500B0020740000204013002013
:1076540070B5EFF31186202383F31288BFF36F8F85
:10766400294B1860FFF730FF044623E0274A1368CC
:1076740051685B1941EBE5711360516000220023EE
:10768400C4E90423204607F090FD86F31188BFF374
:107694006F8FA36820469847EFF31186202383F366
:1076A4001288BFF36F8F184A13685B1B1360FFF7D0
:1076B4000BFF04463CB125696169134B1A68D31763
:1076C400AA428B41D2DA44B1236962690E4909683E
:1076D4005B1A62EBE172236162610C4A0A4D28680D
:1076E400136851681B1841EBE0711360516000246A
:1076F4002C60204607F070FD2146FDF779FB86F3E8
:107704001188BFF36F8F70BD40130020500B002011
:1077140010B50022EFF31184202383F31288BFF302
:107724006F8F134611460CE0FFF7E4FE074A136817
:107734005168C31841EBE07184F31188BFF36F8F74
:107744000122002AF0D0184610BD00BF500B0020C3
:10775400F8B5EFF31183202282F31288BFF36F8F01
:10776400026822B183F31188BFF36F8FF8BD04461A
:107774001D46826AC36A52EA030105D0B3F1FF3F92
:1077840008BFB2F1FF3F27D1236B01332363236A80
:107794006BB185F31188BFF36F8F236A2046984736
:1077A400EFF31185202383F31288BFF36F8F04F165
:1077B4001803A469A3423FD0002C3DD0204607F013
:1077C4000FFC0023C4F8AC3085F31188BFF36F8F2E
:1077D400204607F0EAFBC9E716461F46012A73F163
:1077E400000301DA01260027013E47F1FF3707F0C5
:1077F40041FD013041F10001801947EB01010128ED
:1078040071F1000108DA6FF001024FF0FF330D4906
:107814002046FFF77BFEB7E707F02CFD013041F16E
:107824000001801947EB01036FF00102121A4FF0B7
:10783400FF3161EB0303EAE785F31188BFF36F8F30
:1078440094E700BF55770000F8B51D46EFF31187A4
:10785400202383F31288BFF36F8FB5F1FF3F08BF76
:10786400B2F1FF3F1FD00646144629466FF00102CD
:10787400121B4FF0FF3262EB0502002A18DB304680
:1078840007F0C5FCDDE90623C6E90A2300233363B8
:1078940022462B460B493046FFF738FE87F3118802
:1078A400BFF36F8FF8BD87F31188BFF36F8FF9E7CC
:1078B400012C71F1000101DA01240025013C45F19C
:1078C400FF35DCE75577000070B506460C461546D3
:1078D40007F0CEFA50B9064B9B68D3F8A00020B14C
:1078E4002B462246314607F0F3FC70BD0148F7E70A
:1078F400101300207001002008B50246024B00213D
:10790400024807F0E5FC08BDDDBC00007001002062
:10791400014BC0F8A03070477001002008B5014643
:10792400024A0020FFF7D0FF08BD00BFDDBC000005
:1079340010B5064C05E0A2686168204607F0EEFC2D
:107944001834034B9C42F6D3002010BD7001002074
:107954008801002010B50C4C236813B10B4B1B6835
:107964002BB900F05FFE30B90122084B1A600123E5
:107974002360002010BD0138072801D9044810BD38
:10798400044B53F8200010BD48130020441300207A
:10799400FE8FFFFF7C0E0100BFF34F8F0549064B9E
:1079A400CA6802F4E0621343CB60BFF34F8F00BF99
:1079B400FDE700BF00ED00E00400FA0530B44FF02D
:1079C400FE3200250B4B0C4C0C494968C3F80024CB
:1079D400C3F80424C3F80824C3F80C24C3F81024FF
:1079E400C3F81424C3F81824C3F81C24C4F800559D
:1079F40030BC084700508450004084507C00002074
:107A0400024BD0E90012C3E9001270477C00002049
:107A1400144B2DE9F043002814BF04461C46124FB2
:107A2400236883B0BB4219D016460D4620464FF456
:107A3400E07104F1040900F0EDF804F58E7848468D
:107A440000F0D0FC404600F0F3FA2B464A4640468C
:107A54000649009600F002FB08B92760002003B035
:107A6400BDE8F0834C130020A5BCC95A6D84000006
:107A740070B50D4C1D46002814BF064626460B4B18
:107A8400306882B098420DD106F58E7000263346D8
:107A94000096144600F032FB002818BF34462C60D0
:107AA40002B070BD0248FBE74C130020A5BCC95AC4
:107AB400E88FFFFF10B5044650B1636813F0685FA8
:107AC40005D0064A934202D000236260236010BDB1
:107AD400034B04485B689847EFE700BF2C5F5CA941
:107AE4007C0000209C0E0100C8B143680D4A9342FB
:107AF40013D013F0685F0ED0012350E8002F19460D
:107B040040E8001C9CF0000FF7D1012AF5D0BFF328
:107B14005F8F0020704704487047044870476FF433
:107B2400E04070472C5F5CA9E98FFFFFEA8FFFFFFD
:107B3400034680B1426809498A420AD012F0685F5C
:107B440005D0BFF35F8F002210461A6070470448C7
:107B54007047044870476FF4E04070472C5F5CA99D
:107B6400E98FFFFFEA8FFFFF10B5044620B1002321
:107B7400034A2360626010BD0248FFF71FFFF6E767
:107B84003A00003AC40E010070B5194CD0F804C094
:107B94000668C4F804C0D0F808C0C068C4F808C0B7
:107BA400E06026600868134B134D18604868D5F8E8
:107BB40018215860886812F0685F9860C86809697D
:107BC400D860196112D000230C4A05F58A70C5F8F3
:107BD4001431C5F8B831C5F81821C5F8BC21B0472F
:107BE400236805F5DC70BDE87040184770BD00BF20
:107BF40098000020840000204C1300202C5F5CA916
:107C040038B131B1002201440346013081421A7077
:107C1400FAD1704738B131B1002201440346013032
:107C240088421A70FAD170472DE9F04FB2F5C07F3F
:107C3400BDB000F2DA800C46DFF8B491154600219D
:107C44004FF4D07282460DF17C08484607F0B3FB2E
:107C5400404601F059F930232146002409F1180661
:107C64002A4689F8173030466BBAA9F81230A9F8B9
:107C7400104007F079FB8022234672550DF12B0149
:107C840001F8013F0133202BFAD14FF480724046B2
:107C94000BA901F04FF98346002840F0A38005F1B9
:107CA400190313AD2F4607AE0293CDF80CA001962D
:107CB400049510220021019807F07DFBDFF834A120
:107CC400DDF808B005970A9B5AF8044C089F099AF6
:107CD40007995AF8100C5AF80C6C5AF8085C5C4076
:107CE400019B7E40554081EA00071A460121404627
:107CF400CDE90776CDE9095401F03EF9BBF1100F47
:107D040094BFABEB0B0BABF1100B0AF1100A00287C
:107D140047D1BBF1000FD6D1059F102238460199F7
:107D240007F022FB99F8033010370133474589F8EF
:107D34000330BED1049D4FF4807229464046DDF8DD
:107D44000CA0019E01F0F6F8834678BB54460AF174
:107D540030071BAB1A460121404601F00DF983465A
:107D640020BB102220461BA9144407F0FDFAA742A9
:107D7400EFD1404601F0D8F84FF4D0711C48FFF71A
:107D840049FF28463021FFF745FF0BA82021FFF7C4
:107D940041FF30461021FFF73DFF58463DB0BDE896
:107DA400F08F8346DDF80CA0019E049D404601F04F
:107DB400BBF84FF4D0710E48FFF72CFF2846302152
:107DC400FFF728FF20210BA8FFF724FF10213046DE
:107DD400FFF720FF30215046FFF71CFF58463DB007
:107DE400BDE8F08F13AD07AEE0E76FF0370BF5E7B2
:107DF4001C1500202C1500202DE9F0418CB0044600
:107E04000D463022002168466F4607F0D4FA04F18B
:107E14002006E27B0132D2B2E273002A4DD1A27B6A
:107E24000132D2B2A273002A47D1637B0133DBB2A1
:107E34006373002B41D1237B0133DBB22373002B0B
:107E44003BD1E37A0133DBB2E372002B35D1A37A61
:107E54000133DBB2A372002B2FD1637A0133DBB27F
:107E6400637253BB237A0133DBB223722BBBE379F6
:107E74000133DBB2E37103BBA3790133DBB2A3713A
:107E8400DBB963790133DBB26371B3B923790133AD
:107E9400DBB223718BB9E3780133DBB2E37063B9EE
:107EA400A3780133DBB2A3703BB963780133DBB24F
:107EB400637013B92378013323703B4622460121B2
:107EC400304601F059F88046002841D110370CABF8
:107ED4009F429ED1029AAB68039953400293304665
:107EE400EE68D5F820804E40039604992E69D5F8A3
:107EF40028C04E4004966E6905990B9F4E40059626
:107F04000699AE69009B4E400696EE6907994FF4B8
:107F140080724E400796089ED5F824E088EA060849
:107F2400099E8EEA060E0A9E8CEA0601EE6A7E40DF
:107F34002F687B4000936B68019D6B400193CDE9F2
:107F4400088ECDE90A16694600F0F4FF804638B180
:107F540068463021FFF75EFE40460CB0BDE8F08174
:107F64001022204608A907F0FFF9F1E72DE9F843AC
:107F74001D468369B3F5C07F52D81646C3F5C07257
:107F8400AA424DD3C5F5C072D31AB34248D30446AE
:107F9400DFF898904FF4C0720F464846002107F06E
:107FA4000AFA4946D4F89430A269D4F8980098475C
:107FB400002838D1D4F818803DB1D4E925302A46B8
:107FC40009EB0801984770BBA84407B1C6B9174923
:107FD40042460846FFF728FE054638B14FF4C07103
:107FE4001248FFF717FE2846BDE8F88320460F49DC
:107FF400FFF702FF05460028F0D101232361EDE7D6
:108004003946324609EB080007F0AEF90749B04497
:1080140042460846FFF708FE05460028DED1E5E79C
:108024006FF03705DFE76FF03305DCE7BC1600209F
:1080340010B5A4220021044607F0BDF94FF0FF312A
:108044004FF6F072044B2161E26104F19C001B685D
:10805400BDE81040184700BFE80000202DE9F047B4
:10806400054688B00F4616460021202268469846E9
:1080740007F0A1F91F4B05F19C0948461B68984776
:10808400044618B1204608B0BDE8F08705F1200A7F
:10809400504600F039FFAA69C5E92576F2B92023D4
:1080A4002E69AB61002E22DB694650464FF4807284
:1080B40000F040FF044630B9334641462846109A42
:1080C400FFF754FF04460C4B48461B6898470028AA
:1080D40018BF0446204608B0BDE8F0872E69002E7C
:1080E400E2DA2F2A96BF013226465608DCE710262C
:1080F400DAE700BFE4000020E00000202DE9F04FA3
:10810400B2F5806F91B01A9F00F2E380B7F5807FDB
:1081140000F2DC80044615460E463022002104A8F5
:10812400984607F048F96C4B04F19C0948461B68D3
:1081340098478346002840F092802269E3699A4276
:1081440000F391806369002B40F08D80002F40F094
:10815400A980DFF888A16F46002D00F098806F4653
:1081640004F120080EE0102DAB4628BF4FF0100B91
:10817400304639465A4607F0F7F8B5EB0B055E442E
:1081840000F08580E37B0133DBB2E373002B4DD138
:10819400A37B0133DBB2A373002B47D1637B013391
:1081A400DBB26373002B41D1237B0133DBB2237336
:1081B400002B3BD1E37A0133DBB2E372002B35D1E0
:1081C400A37A0133DBB2A372002B2FD1637A01337C
:1081D400DBB2637253BB237A0133DBB223722BBB52
:1081E400E3790133DBB2E37103BBA3790133DBB27F
:1081F400A371DBB963790133DBB26371B3B923795A
:108204000133DBB223718BB9E3780133DBB2E37062
:1082140063B9A3780133DBB2A3703BB9637801334C
:10822400DBB2637013B92378013323703B462246D3
:108234000121404600F0A0FE8346002893D0DAF8DE
:108244000030484698470346302104A8002B18BF45
:108254009B46FFF7DFFC10213846FFF7DBFC58464E
:1082640011B0BDE8F08F3A46414600232046FFF79F
:108274007DFEDFF868A000283FF46DAF4846DAF8C9
:1082840000309847834600283FF465AFE7E720466F
:1082940004A9FFF7B1FD83460028D0D12369013337
:1082A4002361CCE73A46414604A8FFF7BDFC834668
:1082B40018B16F46DFF824A0C1E7204604A9FFF7F0
:1082C4009BFD834600283FF444AFF2E76FF0370B81
:1082D400C5E76FF0350BC2E7E4000020E0000020A2
:1082E4002DE9F043202B1D460646884691468BB067
:1082F40026D8DBB202AF8DF80480B04658F8041BD0
:108304008DF8053021B9404600F078FE044640B9A6
:10831400012302224046336001A900F083FE044693
:1083240038B138462021FFF775FC20460BB0BDE874
:10833400F0832A464946404600F074FE0446F0E7BE
:1083440002AF1946104600233A4600F0F1FF0446F6
:108354000028E6D12023B9461D46CCE72DE9F0419B
:10836400D0F8F830A6B0002BD8BF02AE31DD0546F8
:108374000027D0F80C4102AEA4F101089022D5F8F0
:10838400FC403146D0F8000101AB0197B8FA88F8F7
:10839400A0474FEA5818044620B9019B53B9B8F1D5
:1083A400000F16D030469021FFF734FC204626B04B
:1083B400BDE8F081014632462846FFF791FF58B9DF
:1083C400D5F80431019A1344C5F80431B8F1000F0B
:1083D400E8D16FF03C04E5E70446204626B0BDE84A
:1083E400F08100BF70B500250446142204F5887698
:1083F4002946C0F8F850FC3006F0DDFF0822294673
:10840400304606F0D8FF144B30461B689847204688
:1084140040F8045B00F0D8FD104B30461B689847C9
:10842400C8B9D4F8F830AB420FDC03EB830204EB99
:1084340082022021C2F800010120C2E94210084949
:108444000133C2F8FC10C4F8F830064B3046BDE8DE
:1084540070401B68184770BDE8000020E40000204D
:10846400098E0000E00000202DE9F047202A88B0A2
:108474007AD83F4B00F5887904461B68484617466E
:10848400884698470546F8B940F20116D4F8F83002
:10849400002B65D02046FFF761FF054638B9D4F8B4
:1084A400F830002B14DC013EF2D16FF03B056E4630
:1084B40020213046FFF7AEFB2E4B48461B689847F9
:1084C400002818BF6FF01D05284608B0BDE8F087E6
:1084D400D4E94132934203D3D4F80C21012A02D0C7
:1084E400013ED7D1E1E71F2BFAD96E46014620227F
:1084F400304604F1040A06F05EFF3146504600F0AF
:10850400BBFD05460028D3D1504600F071FD50460E
:1085140000F05AFD2946504600F070FD054600283B
:10852400C6D150462022314600F07CFD0546002885
:10853400BED1034632462021304600F0F9FE0546FE
:108544000028B5D1D4F8F8303A46002BC8BF002330
:1085540040463146C8BFC4F8043106F005FFA7E71A
:108564006FF03F056E46A3E76FF03B05ACE700BF35
:10857400E4000020E0000020002130B58DB0282266
:1085840002A8019106F017FF02A800F0F9FE0446C4
:1085940010B120460DB030BD1B4D4FF0FF3128689F
:1085A40000F034F960BB194BD3F8340E10F001001D
:1085B40017D100F05BF9F8B9154A02A901A800F037
:1085C40013FC0446012000F051F988B9286800F032
:1085D40025F90028DDD00F48FFF7F0F920460DB04B
:1085E40030BD2868052400F019F90028D1D0F2E73D
:1085F4000948FFF7E3F9E9E70848FFF7DFF9DBE7A4
:108604000748FFF7DBF9CEE7CC0000200060845078
:108614003C180020400F0100200F0100000F010052
:10862400E80E010030B583B000F036F878B900F0F8
:1086340055F890B9144BC3F80C0AFFF79DFF044694
:10864400F8B9124D2B6863B1204603B030BD032442
:1086540000F072F8204603B030BD0424204603B075
:1086640030BD02460146FFF7D3F950B968220849E4
:1086740001ABFFF7FDF920B92046064B2B6003B090
:1086840030BD0524E0E700BF005084505C1A002090
:10869400601A00205AEA5A5A00207047430504D54C
:1086A4004FF0FF32034BC3F80821024BC3F8080A0A
:1086B400704700BF00508450014BC3F8040A704750
:1086C4000050845008B100F071B84FF47500704741
:1086D40008B100F04FB84FF47500704710B5114859
:1086E40000F080F800B110BD0F4800F07BF80028BE
:1086F400F9D10E4C204600F075F80028F3D10C4B4C
:108704000C481C6000F06EF801460028EBD100F024
:108714002DF8044608B1204610BD00F089F8204623
:10872400FAE700BFDC000020D8000020D4000020BD
:10873400CC000020D000002008B5084800F05CF808
:10874400074800F059F8074800F056F8064800F0CA
:1087540053F8BDE8084000F00BB800BFDC0000206F
:10876400D8000020D4000020D00000200020704752
:10877400704700BF10B402460B4C01E0134207D10E
:10878400D4F8003A13F48070F8D0012042F48072D7
:1087940029B1054BD3F804410C60C3F80841024BDE
:1087A400C3F8082A10BC7047005084500246084998
:1087B40001E01A4207D1D1F8003A13F48070F8D0DE
:1087C400012042F48072024BC3F8082A704700BFAC
:1087D4000050845006F0D5BD06F0EDBD0A460021D8
:1087E40006F0E9BD08B5034B02681B68106898479A
:1087F400002008BD9800002008B5034B02685B68A0
:1088040010689847002008BD98000020024B0268B9
:108814009B681068184700BF9800002008B5034BF8
:108824000268DB6810689847002008BD98000020A3
:1088340070B5094C094D2069AB68984718B1084BCD
:1088440008485B6898470021074AEB681160206973
:10885400BDE87040184700BF840000209800002045
:108864007C000020580F0100C81A0020F8B51A4DEA
:108874001A4E0446B26828699047E8B9184F3B6815
:108884004CB1A3B1012B19D0013B3B602869F368BB
:1088940098470020F8BD43B90121124AC2F80015D7
:1088A4001149D1F81029002AFBD101333B60F36848
:1088B400286998470020F8BD0C48F8BD0A4AD2F848
:1088C4001039002BFBD1074A6FF07E40C2F8003507
:1088D400FFF7F2FE3B68D7E78400002098000020F1
:1088E400C81A00200040845000508450E98FFFFFD4
:1088F400014B1B68184700BF98000020014B9B6880
:10890400184700BF98000020014BDB68184700BFE0
:10891400980000202DE9F041002873D00C4600296E
:1089240070D01D46002B6DD007461AB101220023DA
:108934002A6003602B68002B5FD02946204600F094
:10894400D9FD804600285AD12146286800F0B8FD98
:108954008046002853D12868082867D0042867D0A7
:10896400A0F10200B0FA80F040090121314EC6F8AE
:10897400C411C6F84011C6F8C411636AC6F8303190
:10898400D6F830219342F6D10023C6F82C314FF0AB
:10899400FF33C6F808316FF01B03C6F80031C6F880
:1089A4000C01D6F8040A40F48060FFF785FE0A2320
:1089B400C6F83831069B012B29D023691E4AA2FB35
:1089C40003231B09626A404602FB03F303EB4303E0
:1089D400184ADB039B09C2F8D8310123C2F82C31B1
:1089E4003B682A6823F07F4343EA02633B602A68BA
:1089F40043EA02233B60BDE8F081DFF84080404653
:108A0400BDE8F081DFF838804046BDE8F0814FF4DE
:108A14007F03D3F80C2C013206D0D3F80C3C064A61
:108A2400A2FB03231B09CDE71623CBE703209CE716
:108A340002209AE700508450ABAAAAAA310CF10094
:108A4400350CF10058B34B1EB3F5047F27D230B573
:108A54004FF0000ECD00744671464B0901F01F0C17
:108A640050F82330BCF11F0F23FA0CF306D003F0A7
:108A7400010319B901211C468E46EEE79C4201F11F
:108A8400010106D01C464FF0010EA942E5D1002099
:108A940030BD0EF1010E9645F7D1024830BD0148B4
:108AA400704700BF360CF100C0B32DE9F0434C1EF3
:108AB400B4F5047F1DD2E3B1DAB100252E46A846F1
:108AC4002C46CF0003F1FF394FEA541C04F01F0E6B
:108AD40050F82C10BEF11F0F21FA0EFC0CD00CF034
:108AE400010C4CB90126E04634463546ECE7964283
:108AF40016D90C48BDE8F083AB420BD0C44508BF7F
:108B04000136A945F3D001350134BC42DCD1002043
:108B1400BDE8F0830125E0462E46F5E7014870479D
:108B24001D46F1E7370CF1002DE9F04F8FB0824676
:108B3400DDE919460D46002E6ED1096904911C60C9
:108B4400002318990B60002A00F02881994B6A6A67
:108B5400D3F83811D3F830319A4269D10A2967D150
:108B64009AF80330069304F1080305930423049A46
:108B74000393914B8F4CA3FB023B4FEA9B0B0BEBF4
:108B84004B0BA2EB4B0B189B049E1E60002E00F0B7
:108B9400E580002700F0BEFC0797BAF1000F00F053
:108BA400D0804FF00109DDF81480002D00F0C98059
:108BB400069B002B3ED0284606A900F09BFC00280B
:108BC4003AD07E4B984220D0069B082B00F0E080E0
:108BD40000225B000693294606AB50460092FFF73D
:108BE40099FE774B984200F0CF8070B9DAF80020F4
:108BF400130A03F47F03134323F07F43CAF80030BE
:108C0400039B013B0393BED10020039000F082FC40
:108C140003980FB0BDE8F08F4FF47F01D1F80C0C2E
:108C240001300CBF4FF40471D1F80C1C049186E799
:108C34006448EAE76248C4E72946069800F040FC25
:108C44000028BED1069B082B00F0A480042B00F062
:108C5400A380A3F10203B3FA83F35B09C4F8C491BC
:108C6400C4F84091C4F8C4916A6AC4F83021D4F8B5
:108C740030118A42F6D10022C4F82C214FF0FF3281
:108C8400C4F808216FF01B02C4F80021C4F80C31A9
:108C9400D4F8040A40F48060FFF70EFD0A23C4F8F8
:108CA40038312B69444AA2FB0313696A1B0901FB8F
:108CB40003F303EB4303DB039B09C4F8D831C4F883
:108CC4002C910698DAF8003023F07F41030243EA3E
:108CD40000630B43CAF8003007A800F0E1FB079BD0
:108CE400354A03F01A0303437FF46EAFA2FB063246
:108CF400D4F81431B7EB920F0893D4F818310993D0
:108D0400D4F81C310A93D4F820310B93D4F82431CD
:108D14000C93D4F828310D9302D1BBF1000F12D17A
:108D24004046182208A9183EFFF754FD08F1180818
:108D340001379EB100F0EEFB00230793002D7FF472
:108D440037AF21483DE740465A4608A9A6EB0B0633
:108D5400FFF740FDD8440137002EEBD1049F059E58
:108D64006A6939463046FFF76DFEAA6940B94FF487
:108D7400806339463046FFF797FE00283FF444AF3E
:108D84000023189A13601CE72B6A002B3FF43DAFB5
:108D94000E483AE7032361E702235FE701222946ED
:108DA4005046009606ABFFF7B5FD00283FF4DBAE56
:108DB4002BE700BF00508450ABAAAAAA020CF10012
:108DC400310CF100300CF100350CF100320CF100E3
:108DD40010B4DDE9013401940024DDF80CC0CDE9C0
:108DE40002C410BCFFF7A0BE30B51546012487B0FD
:108DF40005AB00930022CDE9015404ABFFF794FEC8
:108E040007B030BDF0B587B0002967D01E46002BEF
:108E140064D01446002A61D0324F0D4638684FF0B2
:108E2400FF31FFF7F3FC00283DD12F4BD3F8340E6C
:108E340010F0010015D04FF0FF354FF408712B48A6
:108E4400FEF7DEFE04212A48FEF7DAFE294828212F
:108E5400FEF7D6FE3868FFF7E1FC40BB284607B0B2
:108E6400F0BDFFF703FD002834D1224800F088FA52
:108E740070B91E4A0346029205AA019204AA0390FD
:108E840000921C4902461A48FFF7A2FF0346A0B10C
:108E94004FF0FF350120FFF7E9FC0028CDD016483C
:108EA400FEF78CFDC9E71548FEF788FDBDE71448B9
:108EB400FEF784FD284607B0F0BD28461D46059BF5
:108EC40022469C4228BF1A46049932600831FFF7B3
:108ED40081FCDFE70B48FEF771FDC6E74FF0FF3575
:108EE400BCE700BFCC00002000608450F81A0020CA
:108EF400CC1A0020D01A0020200F0100E80E010037
:108F0400780F0100000F010010B5044630B10022B3
:108F140001236265A265E365236610BD0148FEF77F
:108F24004DFDF4E7900F010018B174220021FFF702
:108F340053BC7047C8B1D9B108B50023C02A8363B4
:108F440080F83C300FD0B2F5807F04D0802A03D063
:108F54006FF01F0008BD02230363D2081030FFF72F
:108F640039FC002008BD0123F6E76FF021007047AB
:108F74006FF01F00704700BF70B5044686B0F8B1AB
:108F84001046EAB1E3B101291AD8A26B16D0012A1E
:108F940016D1102500210DEB0506019602AA616386
:108FA4002946009500F0C8FA50B92B4632462046AF
:108FB40002A900F073FD18B906B070BD002AE8D00C
:108FC4006FF02100F8E700BF10B5044628B1204631
:108FD400BDE81040F421FFF701BC0448FEF7EEFCA5
:108FE4002046BDE81040F421FFF7F8BBA40F0100B0
:108FF40010B1F421FEF704BE704700BF08B521B1DB
:10900400012908D06FF0360008BD012100F058F89E
:109014000028F7D108BD022100F052F80028F9D049
:10902400F0E700BF30B505468818B0F5801F0B4641
:109034001446A1B001D8802A0CD9B3F5801F17D9E2
:1090440022461946284600F07DF8044684B9204695
:1090540021B030BD6846FFF7BDFB2246694628466D
:1090640000F070F8802104466846FFF7B7FBEDE78F
:109074006FF03604EBE700BF70B5E8B10E46D9B126
:10908400044600F031F80546B0B92368012B0BD033
:10909400022B01D0284670BD1C22304604F1080181
:1090A400FFF798FB284670BD2022304604F10801E2
:1090B400FFF790FB284670BD6FF03605EAE700BF66
:1090C40078B138B50D46F0210446FFF787FB4023FD
:1090D40020462560E36500F061FA003818BF0120DE
:1090E40038BD0120704700BFF0B5056EA5B0044639
:1090F40004AEE5B900230127019330466760294691
:1091040002AA009300F018FA10B1012025B0F0BDB6
:109114002A46204602A900F069FA0028F5D1204623
:1091240000F06CFB0028F0D1206625B0F0BD802D46
:109134002A46304628BF802204F16401FFF74AFB27
:10914400256ED7E7002800F0AE802DE9F04F1446D5
:10915400A5B0002A3DD00F46002949D0B2F5803F82
:109164000546006E20D34FF6FF7805F1640AEB6DD7
:109174001A1AB2FBF3F103FB1122002A65D18342D0
:10918400B9464FF6FF7672D0B6FBF3FB03FB0BFB3D
:10919400BBF1000F30D1002E45D1A4F57F44FF3C34
:1091A400B4F5803F4744E2D2EA6D161AB6FBF2F3F7
:1091B40002FB1366A64228BF2646002E75D18242C2
:1091C40000F08D80B4FBF2F602FB06F62EB9002CFB
:1091D40079D1002025B0BDE8F08F00233146384610
:1091E400CDE9003302AA00F0A7F9002800F0958029
:1091F400012025B0BDE8F08F002359464846CDE94B
:10920400003302AA00F098F90028F1D15A46284602
:1092140002A900F0EBF90028EAD1A6EB0B06286EB0
:10922400D944002EB9D019304946324605EB8000A6
:10923400FFF7D0FAA4F57F44286EFF3C3044B4F520
:10924400803F4744286692D2AEE7424528BF424653
:10925400164639465044FFF7BDFA286EEB6D30448C
:10926400834207EB06092866A8EB06068CD1802BFF
:1092740028BF802351461A4604A8FFF7ABFA0023FF
:10928400E96D02AACDE9003304A800F055F90028DD
:10929400AED12846EA6D02A900F0A8F90028A7D1AA
:1092A400EB6D286670E70120704705F164033946C9
:1092B40032461844FFF78EFA286EEA6D3044A41B38
:1092C400374428667BE72B6E2246193305EB83006F
:1092D4003946FFF77FFA2B6E23442B6679E7802A01
:1092E40028BF802205F1640104A8FFF773FA002364
:1092F400E96D04A8CDE9003302AA00F01DF90028A5
:109304007FF476AF2846EA6D02A900F06FF90028D1
:109314007FF46EAFEA6D286654E73246284602A908
:1093240000F064F900287FF463AF3744A41B4EE7D0
:10933400F8B51C460546114816460F46FFF744FE8D
:1093440021460E48FFF75AFE044620B10B48FFF7AA
:109354004FFE2046F8BD3A4629460848FFF762FE0C
:1093640004460028F2D131460448FFF785FE04463E
:109374000248FFF73DFE2046F8BD00BF181D00203F
:109384001C2370B582B001A90546019300F032F8A0
:10939400044638B9019B1C2B07D0144C1C212846C9
:1093A400FFF71CFA204602B070BDD5E90112131E66
:1093B40018BF0123003918BF0121012628689B002A
:1093C400EA6843EA4103002818BF43F00103EE6151
:1093D4002AB9C5E90834002BE4D1054CDEE7204660
:1093E40043F00803C5E9083402B070BD370CF0003F
:1093F4000E0CF000034618B111B10A681C2A01D002
:10940400012070474FF47F02D2F8101C01310CBFC9
:1094140040F2DC51D2F8101C4FF47F020160D2F804
:10942400141C01310CBF40F2DC51D2F8141C4FF46F
:109434007F024160D2F8181C01310CBF40F63401A0
:10944400D2F8181C4FF47F028160D2F81C1C013141
:109454000CBF40F63401D2F81C1C4FF47F02C160EB
:10946400D2F8001C01310CBF9021D2F8001C4FF43B
:109474007F020161D2F8041C01310CBF5121D2F8E2
:10948400041C4FF47F024161D2F8081C0020013112
:109494000CBF40F23732D2F8082C9A61704700BFF3
:1094A400014608B54FF48060FFF712F90022034B20
:1094B400C3F8C821C3F82C2108BD00BF0050845054
:1094C4000138072805D8DFE800F0100E040A040468
:1094D400040607487047CB6800204B6270478B68CE
:1094E40000204B6270474B68F6E70B68F4E700BF57
:1094F400310CF1000B6802E0082B0B6006D8026AFD
:1095040013424FEA4303F7D00020704700487047E6
:10951400310CF100002310B5064C4FF48060C4F800
:109524002C31C4F8C431FFF7B9F84FF0FF33C4F855
:10953400083110BD005084502DE9F041002482B060
:1095440015461E4601220DF107030746DDF8248067
:109554008DF8074000F05AFFD0B99DF80730044653
:109564002F602B71B8F1000F0ED04EB1024608994E
:1095740030460DF1070300F049FF48B99DF8073064
:10958400C8F8006088F80430204602B0BDE8F081D5
:109594004FF47504204602B0BDE8F081D8B108B597
:1095A4000368012B04D0022B0FD043B10B4808BD34
:1095B40020220B490830FFF70DF9002008BD1422C2
:1095C40008490830FFF706F9F7E720220649083072
:1095D400FFF700F9F1E74FF4730070470100F3005F
:1095E400B40F0100F40F0100D40F01002DE9F0477E
:1095F400002900F0EB800446002800F0EB800368AB
:1096040088469146002B00F0B580013B012B00F207
:10961400C9804FF0FF3171484FF0020AFFF7F6F8A6
:10962400002840F0B1800020FFF720F90746002809
:1096340040F0B4806A4DD5F81069002EFBD14FF08C
:10964400FF30FFF72BF8D5F8040A20F40060FFF789
:1096540033F801230722C5F81838C5F82038C5F8AF
:109664000029C5F8C437C5F8A466A36CC5F8CC377F
:10967400E36CC5F8D037C5F8C0A723685BB1013BDC
:10968400012B18D8636AC5F85C36236AC5F85836C6
:10969400E369C5F85436A269514BC3F85026626990
:1096A400C3F84C262269C3F84826E268C3F8442666
:1096B400A268C3F84026B9F1000F56D063684FF48E
:1096C4000060012B04BF464AC2F8843698F804307F
:1096D400D8F80010424A5B0003F00203C2F80C3BC6
:1096E400C2F8281CC2F82C9CFEF7ECFF074623683E
:1096F40063B1013B012B19D8394BD3F85C26626264
:10970400D3F858262262D3F85436E361344BD3F8A5
:109714005026A261D3F84C266261D3F84826226110
:10972400D3F84426E260D3F84036A3600022012136
:109734002B4BD3F8CC07A064D3F8D007E064C3F86C
:10974400C417C3F88426C3F8C827C3F81828C3F875
:109754002028AFBB0120FFF789F868BB1F48FFF73B
:109764005DF818BB3846BDE8F08704221C4BC3F8EB
:10977400C827BCE74FF0FF3118484FF0010AFFF744
:1097840045F800283FF44FAF1648FEF717F90020BC
:10979400FFF76CF8074600283FF44CAF1248FEF779
:1097A4000DF947E7114F3846BDE8F0871048FEF73A
:1097B40005F93846BDE8F0870E48FEF7FFF8CDE717
:1097C400102104F10800FFF709F8C3E70A4F3846EF
:1097D400BDE8F0874FF47307C4E700BFDC00002046
:1097E40000508450E80E0100000F01000100F30056
:1097F400400F0100200F01000300F300A0B3034653
:1098040070B4D0E90240D3E9041226BA05BA0CBAFE
:1098140010BAC3E90440D3E90612986A09BAC3E945
:10982400026512BA996100BAD3E9084125BA0CBAA3
:10983400C3E90725D3E90B12C3E9094009BAD86B78
:1098440012BAD962D3E90D4125BAC3E90C250CBA81
:1098540000BAD3E9101209BA12BAC3E90E40196466
:1098640000205A6470BC70474FF47300704700BF07
:1098740070B500284DD0436B0446032B3CDD063BFA
:10988400012B3BD8A36B012B3BD8E36D012B3DD8B7
:10989400236E012B41D8224ED6F81059002DFBD14E
:1098A4004FF0FF30FEF7FAFED6F8040A20F4006009
:1098B400FEF702FF0123C6F80039C6F8BC54636BF7
:1098C40023F00402032A18BFA16B226B0CBF2946A4
:1098D40001F00101022A17D89B0003F01C0343EA9C
:1098E40002330F4A0B43C2F8C034636B072B06D113
:1098F4000123C2F87C3402E0002BC3DA094D284668
:1099040070BD094D284670BD084DF8E7084D28463E
:1099140070BD4FF47105284670BD064DEFE700BFDA
:10992400005084500100F1000200F1000600F10033
:109934000300F1000400F10000287DD038B590F850
:109944003C300446002B55D0022B23D03C483D4DDF
:109954002A683D4B1268C3F800242A685268C3F889
:1099640004242A689268C3F808242A68D268C3F8D1
:109974000C242A681269C3F810242A685269C3F8AF
:1099840014242A689269C3F818242A68D269C3F88F
:109994001C2438BD016B006C00F032FB294D0028FB
:1099A400D6D12A68284B1268C3F800242A68526862
:1099B400C3F804242A689268C3F808242A68D26881
:1099C400C3F80C242A681269C3F810242A6852695F
:1099D400C3F814242A689269C3F818242A68D2693F
:1099E400C3F81C24216B206C00F020FB0028AFD1AD
:1099F400002038BD0269144BC3F800244269C3F83F
:109A040004248269C3F80824C269C3F80C24026BD5
:109A1400013A012AECD8026AC3F81024426AC3F856
:109A24001424026B022AE3D1826AC3F81824C26A9E
:109A34000020C3F81C24DCE74FF47100704700BF1A
:109A44000900F100C800002000508450114A124B54
:109A540011680968C3F8001411684968C3F804144C
:109A640011688968C3F808141168C968C3F80C142C
:109A740011680969C3F8101411684969C3F814140A
:109A840011688969C3F818141268D269C3F81C24D0
:109A9400704700BFC8000020005084502DE9F04FEB
:109AA40085B0002958D01746002A55D0044600280E
:109AB40000F0DC809846C36D0E46002B42D1B8F509
:109AC400805F44D294F83C30042B00F0C7804FF000
:109AD400000A4FF0FF31B548FEF798FE002840F029
:109AE400B9800020FEF7C2FE002840F0AF804FF09E
:109AF4000109DFF8BCB22046CBF81098CBF82098C7
:109B0400FFF7B6FE054620B92046FFF715FF0546C8
:109B140038B3BAF1000F40F085800022A44B012035
:109B2400C3F81028C3F82028FEF7A0FE002840F050
:109B340089809E48FEF772FE00287CD1284605B035
:109B4400BDE8F08F012BBDD1B8F5803FBAD3994D54
:109B5400284605B0BDE8F08F974D284605B0BDE80E
:109B6400F08F636B072B00F2CA8009FA03F919F02E
:109B74008A0F40F0D38019F0440F40F0C28019F0EE
:109B8400010F00F0BC8033793A795B0002F00102E6
:109B940003F002031343864A31683868C2F80C3B69
:109BA400636B23F00403032B0AD0236E012B0BBF3A
:109BB400C2F8280DC2F8300DC2F82C8DC2F8348DCD
:109BC400E36D4FF40060012B794B0BBFC3F8281CE5
:109BD400C3F8301CC3F82C8CC3F8348CFEF772FD28
:109BE4000546002895D1626B072A15D801239340B6
:109BF40013F08A0F40F09F8013F0440F0CD06C4B8D
:109C0400D3F860242260D3F864246260D3F8682413
:109C1400A260D3F86C34E3600123A365BAF1000FAA
:109C24003FF47BAF0423202104F1100084F83C307E
:109C3400FEF7D4FD71E76148FDF7C0FE284605B084
:109C4400BDE8F08F5E48FDF7B9FE72E75D48FDF7A9
:109C5400B5FE4CE75C48FDF7B1FE42E7216B206C92
:109C640000F0B8F928B14FF0010A32E74FF471055A
:109C740064E7DFF858914E4DD9F800301B68C5F8F9
:109C84000034D9F800305B68C5F80434D9F80030E2
:109C94009B68C5F80834D9F80030DB68C5F80C3483
:109CA400D9F800301B69C5F81034D9F800305B6965
:109CB400C5F81434D9F800309B69C5F81834D9F8BC
:109CC4000030DB69C5F81C34216B0229CBD8236D25
:109CD4004FEAC10A0193E36C0AF1100A04F1100B74
:109CE4000093CDF80CA0CDF808B0206CD4E9112372
:109CF40000F09CFA68BB002384F83C30B3E7344D91
:109D040007E72368CBF860346368CBF86434A3684E
:109D1400CBF86834E368CBF86C3434E72368CBF8C9
:109D240040346368CBF84434A368CBF84834E36820
:109D3400CBF84C3427E71E4BD3F840242260D3F8E9
:109D440044246260D3F84824A260D3F84C34E3601E
:109D540062E7D9F8003051461B685846C5F800340C
:109D6400D9F800305B68C5F80434D9F800309B6832
:109D7400C5F80834D9F80030DB68C5F80C34D9F8D4
:109D840000301B69C5F81034D9F800305B69C5F898
:109D94001434D9F800309B69C5F81834D9F8003068
:109DA400DB69C5F81C34FEF719FDA4E7DC000020CC
:109DB400005084500500F1000B00F100400F010039
:109DC400200F0100000F0100E80E0100C800002070
:109DD4000100F1002DE9F04701B3FAB1044600286F
:109DE40054D01D46436B0E46072B1BD05DB9032B85
:109DF40010D1836D73B945668566C5660567102500
:109E040000F164030B602B4631462046BDE8F04761
:109E1400FFF744BE2F463846BDE8F087644F384606
:109E2400BDE8F087C36DA3BBB5F5805F36D20DB92D
:109E3400A36D9BBB4FF0FF315E48FEF7E7FC0028A3
:109E44004CD10020FEF712FD002843D14FF0010849
:109E5400DFF864912046C9F81088C9F82088FFF714
:109E640007FD0746E0B10022534B0120C3F8102838
:109E7400C3F82028FEF7FAFC40BB4E48FEF7CEFCA0
:109E84000028C8D04D48FDF799FDC4E74FF4710789
:109E9400C1E7012BCBD1B5F5803FC8D3484FBAE712
:109EA4002046FFF749FD07460028DCD1636B072BEA
:109EB4000AD808FA03F818F08A0F13D118F0440FDF
:109EC4005AD118F0010F19D13E4FCCE73E48FDF7A7
:109ED40075FDD2E73D48FDF771FDB7E73C48FDF756
:109EE4006DFDAEE72368C9F840346368C9F84434AB
:109EF400A368C9F84834E368C9F84C3401212E4AF0
:109F0400C2F87C14C2F8BC54337930688B4003F037
:109F14000203C2F80C3BE5B9A36D0BB9C2F82415D2
:109F2400626B072A9FD80123934013F08A0F30D124
:109F340013F0440F97D0204BD3F860242260D3F859
:109F440064246260D3F86824A260D3F86C34E360BC
:109F540089E7E36D012B0BBFC2F8280CC2F8300C63
:109F6400C2F82C5CC2F8345C4FF40060FEF7AAFB24
:109F74000028D5D0074676E72368C9F860346368BB
:109F8400C9F86434A368C9F86834E368C9F86C3460
:109F9400B4E7094BD3F840242260D3F84424626028
:109FA400D3F84824A260D3F84C34E3605BE700BFE5
:109FB4000B00F100DC00002000508450400F010031
:109FC4000500F1000100F100200F0100000F010065
:109FD400E80E01007F2809D851B10139022909D8B6
:109FE40005497F280CBF0846002070470248704787
:109FF40008467047014870470100F7000300F70066
:10A004007F2809D851B10139022909D805497F2887
:10A014000CBF084600207047024870470846704746
:10A02400014870470100F7000300F7000129F0B46C
:10A0340007D0022900F0898000295AD07248F0BC68
:10A0440070470022714C724B4FEAC00CC4F80015E3
:10A05400451C0CF57F04C3F8082104F50444C3F837
:10A064000021C3F80421C3F800556A4E2468B442A1
:10A0740040F0B380196002E0002940F0B580D3F8C5
:10A084000021D3F80841D3F804112243F4D0002C62
:10A0940040F0B180002940F0A78001245B4AC3F856
:10A0A40000150230C2F800455B4AC3F80811C3F832
:10A0B4000011C3F80411C3F8000552F80C00574A04
:10A0C400904240F08E80524A1C6002E0002840F02A
:10A0D4008B80D2F80031D2F80811D2F804010B4376
:10A0E400F4D0002940F08C8000287DD1C2F800050E
:10A0F40028E00124464BC200444E204402F57F026E
:10A10400C6F8004502F50442C3F80811C3F800116B
:10A11400C3F80411C3F800053E4D1268AA4260D189
:10A124001C6001E000285FD1D3F80021D3F80811A6
:10A13400D3F804010A43F5D000295CD1002853D197
:10A14400C3F800050020F0BC704701250022304B05
:10A154002E4F4FEAC00C44190CF57F01C7F8005587
:10A1640001F50441C3F80821C3F80021C3F8042110
:10A17400C3F80045274E0968B1422ED11D6000E0A6
:10A1840091BBD3F80021D3F80841D3F8041122433A
:10A19400F6D084BB41BB01241C4AC3F8001502302D
:10A1A400C2F800451C4AC3F80811C3F80011C3F8EB
:10A1B4000411C3F8000552F80C00184A904210D15B
:10A1C400134A1C6000E078B9D2F80031D2F80811C3
:10A1D400D2F804010B43F6D083E7C3F800251048F6
:10A1E4002DE7C3F80015FAE70022094B0D48C3F820
:10A1F4000025F0BC70470022C3F800250A481EE77A
:10A204000023C2F80035F9E70C00F1000040845047
:10A2140000900350005484500884FF00105484506C
:10A224000600F7000200F7000100F7002DE9F047EF
:10A234000024CCB0824689461646214674220EA8D4
:10A244001F46579DDDF8588105F0B5F88022214658
:10A254002CA82B9405F0AFF88423B5F57F6FCDE9D6
:10A264000A440D940C94059364D8FFF7EFFB05ABF7
:10A2740030462BAE01933946DDE95423029500960E
:10A2840000F064F8002850D1022307228DF813301F
:10A294009DF813301B928DF87430002201230124A1
:10A2A40010211C900EA8CDE92423CDF86890CDF898
:10A2B40078A02694FEF792FA10220DF1200900925C
:10A2C400304605990AABCDF8049006AAFFF734F995
:10A2D400074688B11EE0102D2E4628BF10260EA971
:10A2E4003246FEF777FA10210EA8FEF777FA01340A
:10A2F400AD1B3744E4B222D0059B4A4606A90EA8FA
:10A304008DF8AC40FFF766FD034608EB0700002B11
:10A31400E1D01F460EA874220021FEF75DFAFFF774
:10A3240095FB38464CB0BDE8F087064F38464CB034
:10A33400BDE8F087044F38464CB0BDE8F0872F469F
:10A34400E8E700BF0E00F1000F00F1002DE9F04135
:10A35400002482B00A9D0194B5F57F6F40D8ED00CA
:10A36400B5F5807F1E4634BF0323042301F1FF3C6F
:10A37400BCF13F0F0C46009332D888B3174666BB36
:10A38400089A6AB3099A116851B3A21913449942FD
:10A3940026D3089B01462246581CFEF71BFA089B4D
:10A3A40004F102081C440023637026BB089BFF2DA4
:10A3B400009503EB080017D92B029BB243EA15233F
:10A3C400022201A90193FEF705FA08F10203002015
:10A3D400099A136002B0BDE8F0810AB1402ECFD9CA
:10A3E400094802B0BDE8F08101226946FEF7F2F99E
:10A3F40008F10103EBE7089B324603EB08003946FA
:10A40400FEF7E8F9B044D1E7060000800020187098
:10A41400704700BF0CB430B589B005460C461C2209
:10A42400002101A804F0C7FF022305958DF806302A
:10A434000D4B029323462CB1B4F1004F28BF4FF0CB
:10A444000043013B1D440DAA0C9901A806950092F6
:10A4540000F0A6F814B1059B00221A7009B0BDE8FB
:10A46400304002B0704700BF65F700002DE9F041AD
:10A4740001260746B24201DCBDE8F0813B461F4697
:10A4840013F8014B002CF7D0252CF8D11C78023797
:10A49400252CF3D00023DFF804819C461D461F2D94
:10A4A40018D8A4F1200EBEF1100F09D9A4F1300E72
:10A4B400BEF1090F1ED80A24202504FB03E304E09F
:10A4C40028FA0EFE1EF0010F06D017F8014B002CDF
:10A4D400E5D128E07F2D1CD8A4F1300EBEF1090F80
:10A4E400E9D9242C10D1BCF1000F46D0B34246D098
:10A4F4000023EAE724F0040EBEF12A0FF8D06C2CF6
:10A5040009D145F08005E0E724F0040EBEF12A0FDE
:10A51400EED06C2C22D06C2C1BD8682C23D06A2C47
:10A5240028D04C2C26D0BCF1000FA5D0B445A1D125
:10A5340044F020070B68A7F1650CBCF1020F01D9A8
:10A54400612F1ED1073323F00703083301360B6054
:10A554008FE7742CB9D07A2CB7D0E4E72C0648BF27
:10A5640045F40075CDE7EC0548BF45F4007545F4A6
:10A574008075AAE745F42075A7E79C46B8E76324ED
:10A58400D6E7692C02D007D8632C03D02F0601D557
:10A59400AC05D7D40433D9E7732CF6E78928010036
:10A5A4002DE9F04F436895B080460393837898076C
:10A5B400CDE9081216D50B4600250D921F789FB1E0
:10A5C400252F15D00133079341463846039B0135A7
:10A5D4009847002880F22C8498F8023043F0040352
:10A5E40088F802304FF0FF35284615B0BDE8F08FEB
:10A5F4005F789A1C252F0792E6D000242646A246AF
:10A60400A346BBF11F0F32D8A7F12003102B0AD8A1
:10A61400DFE803F02409092A0909091B09090922A9
:10A62400092709091900A7F13003092B2DD92A2F6D
:10A6340039D154B90D9B1BF0400F53F8042B0D93E3
:10A6440029D0164601E04BF0010B079B13F8017B60
:10A654000793002FD5D15BE04BF0020B4BF0040BBA
:10A66400F3E74BF0080BF0E74BF0100BEDE7BBF111
:10A674007F0F3FD8A7F13003092BD8D81BF0400F28
:10A6840003D00A2202FB0636DFE70A2202FB0A3A5B
:10A694004BF0200BD9E7B2F1000AF9DACAF1000A4B
:10A6A4004BF0280BD1E72E2F05D11BF0400F9BD187
:10A6B4004BF0400BC9E7242F1CD1002C00F03F8144
:10A6C400099B1BF0400F0D930AD152460DA908981F
:10A6D400FFF7CCFE0D9B1A1DD3F800A00D92B4E732
:10A6E40032460DA90898FFF7C1FE0D9B1A1D1E687E
:10A6F4000D92AAE76C2F00F00F8100F20681682FFB
:10A7040000F012816A2F00F017814C2F00F01481A1
:10A7140034B1099B22460DA908980D93FFF7A6FEB4
:10A72400002E47F02009B8BF2BF0400BA9F16503B8
:10A73400BCBF00261FFA8BFB022B40F20581B9F146
:10A74400610F40F05B82FF431BF0400F4BF4C05499
:10A7540007F0200308BF4FF0FF3606930D9B073325
:10A7640023F0070303F10802D3E90001069B0D92CD
:10A774000EAA0093334604F05DFF0130C3B2B34226
:10A78400049301DB049B5E1E01230E9FA3464FF03E
:10A794007009059307F10903122B0DD907F163031F
:10A7A400C62B40F20C8107F2E73340F2CE7293429B
:10A7B40094BF0323042305939DF83C2002F00C036B
:10A7C40012F0010240F016811BF0020F40F00F81DD
:10A7D4001BF0040400F0F580002B40F00E812023D0
:10A7E4001BF4405F20D1049A002E02F1500208BFEE
:10A7F40001266A44133A049921B112F8011D302943
:10A8040000F030811BF0100F049A18BF3246391D36
:10A81400C0F22D81B74280F22A81BA424BF4005B28
:10A8240040F327817E1C961B1BF400520A9200F011
:10A83400228127EAE774013403B10134002E00F0C9
:10A844002281721C1444A245CCBFAAEB0404002448
:10A854001BF0090F04D12C44A54240F019810024B7
:10A864003BB118464146039B013598470028FFF643
:10A87400B3AE1BF4006F12D041463020039B9847BF
:10A884000028FFF6A9AE069B41460235C3F17800C5
:10A89400039B00F0F80098470028FFF69DAE1BF0DC
:10A8A400080F05D12C44AC4240F0FE80254600241C
:10A8B4000A9B002B00F0178127EAE77A7642A7EB80
:10A8C4000A07049B0AF1FF3A05F101094146BB421C
:10A8D40089BF0EAB3020FB1858795645039B00F313
:10A8E400EC809847002807F10107FFF675AEBAF12E
:10A8F400FF3F08D141462E20039B98470028FFF6CE
:10A904006BAE05F102094D46DBE7742F3FF49DAEB3
:10A914007A2F3FF49AAEFBE61BF0800F18BF4BF47E
:10A92400007B4BF0800B90E61BF4807F18BF4BF448
:10A93400007B4BF4807B88E64BF4207B85E626463F
:10A944005446B346B24680E6FF431BF0400F07F07F
:10A95400200308BF0626B9F1650F06930D9B03F18A
:10A96400070323F0070303F10802D3E900010D9262
:10A9740013D1731C00224BF4805BDBB21446112B01
:10A98400CDE9002428BF11230EAA00F0F1FA0E9F8E
:10A99400C3B2049302230593FCE6B9F1660F05D113
:10A9A4004BF4005B344601221123E8E7F3B20022A2
:10A9B4004FF06509012B144638BF0123DFE702235A
:10A9C400F9E6002B3FF40CAFBAF1030F39DC9DF824
:10A9D4003C30A14E13F0080FA04B08BF1E4637466B
:10A9E400B94617F8010BA0BBAE1BB14478E023BBFA
:10A9F4002B23F5E61BBB2D23F2E62022BAF1040F2C
:10AA040012DD1BF0080FAAF104040ED12C444146B8
:10AA14002020039B0135049298470028FFF6DCAD03
:10AA2400A542049AF3D192B1002441461046039BF7
:10AA3400013598470028CADACEE52B22DEE72D221D
:10AA4400DCE71BF0080FAAF10304C0D1DEE71446CB
:10AA5400BDE7069B4146C01A039BC0B29847002835
:10AA6400BEDAB9E504990139C9B20491C3E6561EA8
:10AA7400DAE60026D8E61BF4006F059A0CBF03241F
:10AA840005241444D8E61BF0100F18BF0134DAE68D
:10AA94000B934146039B20209847002805F10105AC
:10AAA4000B9BBFF6D9AE97E541463020039B013599
:10AAB40098470028BFF6F7AE8EE598470028FFF6C2
:10AAC4008BAD1BF0100F0BD0BAF1FF3F08D105F18D
:10AAD400020941462E20039B98470028FFF67CADCF
:10AAE4004D464C442BE241469DF83D00039B98475C
:10AAF4000028FFF671AD002E65DD41462E20039B34
:10AB040098470028FFF668AD4FF0010A049B4146C0
:10AB1400D3469A45B7BF0EAB302053445879039BB4
:10AB240098470028FFF658AD0AF1010A5645EDDAB8
:10AB340002355D44069B4146A9EB0300039BC0B26A
:10AB440098470028FFF648AD002F4146039BB6BF47
:10AB54002D202B207F4298470028FFF63DAD059B12
:10AB6400042B3DD14FF47A794146039B0335B7FB5F
:10AB7400F9F606F13000C0B298470028FFF62CAD74
:10AB840009FB16774FF064094146039B0135B7FB77
:10AB9400F9F606F13000C0B298470028FFF61CAD64
:10ABA40009FB16774FF00A094146039B0135B7FBB1
:10ABB400F9F606F13000C0B298470028FFF60CAD54
:10ABC40009FB167713E01BF0100F01D10135B1E733
:10ABD40041462E20039B023598470028AADAFBE45D
:10ABE400059B0235032BCDD0059B012BDAD107F150
:10ABF400300005F101094146C0B26CE7A7F16303D7
:10AC0400122B00F2FE80DFE813F013005600FC0064
:10AC1400FC00FC00FC005600FC00FC00FC00FC00F6
:10AC2400FC001601F700FC00FC002B00FC00B8003F
:10AC34000D9B01240EAF1A1D1B680D928DF8383040
:10AC44001BF0080F2DD03E19B946B1452BD1EF1B8F
:10AC5400B944AAEB040443E7B5110100B1110100A2
:10AC64000D9B1A1D0D921F68AB4B002F08BF1F468A
:10AC74001BF0400F384614BF31464FF0FF3104F04B
:10AC8400B2FB0446DCE741462020039B984700289A
:10AC9400FFF6A2AC013EB442F5D35544B246AD1B17
:10ACA400D1E75646F7E7414619F8010B039B98474D
:10ACB4000028CADA90E41BF0800F0D9B35D01BF4FA
:10ACC400007F2DD0073323F0070303F10802D3E9F3
:10ACD40000010D922BF0100900291FFA89F936DAC8
:10ACE400404249F4806961EB41010DF1380B0A23BC
:10ACF4005A4604F084FB19F0400FA0EB0B0B65D00F
:10AD040029F001025E4592B240F3B280002F00F0B8
:10AD1400A98019F010033446914626D002345CE031
:10AD24001A1D18680D92C117D4E71A1D1BF4807FF1
:10AD340019680D9201D10846F5E71BF4007F19BF8D
:10AD440048B241F3C01108B241F3C031C2E750EA3E
:10AD54000103CAD11BF0400FC7D0002EC5D12BF080
:10AD6400110B34461FFA8BF9B34640F2064319EA35
:10AD740003031CBF013400232FE02BF0100B0A2324
:10AD84001FFA8BFB1BF080040D9A57D01BF4007143
:10AD940015BF0732101D22F007020D900FBF106877
:10ADA40002F108010D91D2E9000150EA010252D1E9
:10ADB4002BF016091BF0400F1FFA89F94FD0002E13
:10ADC4004DD12BF0170B1FFA8BF9B34619F0100372
:10ADD40052D0002F4ED10BF1010419F0080F5ED1AF
:10ADE40019F0010F06D0A2456EDDAAEB040404EBB2
:10ADF4000B06544622464DE04BF0100B10237827E7
:10AE0400C0E7B9F1780F04D1C7F1780343F0100318
:10AE1400B8E741462520039B98470028FFF6DCABA2
:10AE240041463846039B98470028FFF6D5AB0235C8
:10AE3400079BFFF7C3BB08230027A3E7111D106876
:10AE44000D911BF48071B0D01BF400711ABFC0B215
:10AE5400214680B2A9E72BF0060B1FFA8BF90DF1FE
:10AE6400380B45E729F0110934461FFA89F97CE7C4
:10AE74009146ABE75C4651E75C4676E7CDE90423AF
:10AE840041462020039B98470028FFF6A5AB049A6F
:10AE9400059B01329245F1DC2C1BA5181446F3B135
:10AEA40041463020039B98470028FFF695AB6FB9C5
:10AEB4000135A9462E44A6EB09035B4521DC5D461A
:10AEC4000EAE5DBBD944C4E65E4693E70235414607
:10AED4003846039B98470028EBDAFFF77DBB40F226
:10AEE400064319EA030FE4D019F0020F05F1010536
:10AEF400414614BF2B20202019F4806F18BF2D2049
:10AF0400E7E741463020039B09F1010998470028EF
:10AF1400D1DAFFF761BB00BFB9110100013D414621
:10AF2400039B705D98470028CBDAFFF755BB414679
:10AF34002020039B013598470028FFF64DAB631B87
:10AF4400002BF4DC74E700BF1FB502AB074A009383
:10AF54004FF0CC3304F034FBDDE90201C00840EAD1
:10AF64004170C90805B05DF804FB00BFCDCCCCCC62
:10AF74002DE9F04F9BB0044605920A460A93C2F3AA
:10AF84000A559DF89030D20F0B93C1F31303099225
:10AF9400090D7DB950EA03021CD1059A302301261C
:10AFA4005371099B156043F00203137130461BB0C3
:10AFB400BDE8F08F40F2FF7295424BD10343099BE9
:10AFC400059A4FF0000614BF43F0080343F004034E
:10AFD4001371EBE700F001024FEA830887009A46F9
:10AFE4000892012248EA9078AA4D1646C5F1000B52
:10AFF4000692584600F016FAB5F1FF3FACBF814601
:10B00400A0F10109ABEB090B09EB050358460493C6
:10B0140000F00EFA16A9A0F17D05584600F028FAB2
:10B0240012AB069AA9EB0505019310AB20460292D8
:10B03400009316AA2B46514604F008FAB9F1010F01
:10B0440004460D4600F2D280089B002B40F0C580D8
:10B0540001276BE043F4801A00F001020343A5F2D8
:10B0640035454FEA8A0808924FEA800748EA907803
:10B0740049D140F2FE7319420CBF01260026002D6F
:10B084003246B3DB284600F0C7F9032DC8BF0138A8
:10B09400049000F0CDF9049B7C3016A95D1B054497
:10B0A400184600F057FA12AB204616AA019310ABCB
:10B0B4005146029600932B4604F0C8F9049B0446BB
:10B0C4000D46152B00F2868014AB734A3846414670
:10B0D40000934FF0CC3304F073FA149B159A9B0839
:10B0E40043EA827303EB8303BB42DDE9109A0CD17C
:10B0F4003846414600F0A4F9049B83428CBF0027E4
:10B104000127002612E00126B9E7089B002B51D144
:10B11400013F48F1FF31B81B61F1000100F090F9E3
:10B12400049B089F83428CBF002601260B9B002BA7
:10B1340040F09180DDF828B04FF000084FF00A0A83
:10B14400CDE90688DDE91001FFF7FEFE129BCDE98B
:10B154000C01184613990E93FFF7F6FE0C9B8146DB
:10B164000D9A98420B460F91934180F08E802046B1
:10B174002946FFF7E9FE0AFB09F30E9AB8F1000F1E
:10B1840014BF002707F001070AFB10480D4693423D
:10B1940014BF002606F001060C9B5FFA88F80446EB
:10B1A40010930D9BCDE911390F9B1393079B01332A
:10B1B4000793C7E7B81C48F1000100F041F9049B6C
:10B1C40083428CBF00200120B9EB00006AF1000229
:10B1D400CDE9100200273E46A8E7109B0127119AEB
:10B1E400013B42F1FF32CDE910328AE7B9F13E0F5B
:10B1F400F0D84FF0FF33A9F12000C9F1200103FA80
:10B2040009F203FA00F023FA01F103FA09F3024305
:10B2140027EA03070A4328EA020857EA08070CBF8B
:10B22400012700276DE700FB02FC0133A1FB00129C
:10B2340062448C4275EB020CF5D2049ADDF828B016
:10B244001344259A1344D20F9342B8BF13469B4527
:10B25400A8BF9B4670E70A21002201230846E8E7BD
:10B264000AFB03F00131A2FB0A230344944275EB69
:10B274000300F5D2594511DDBBF1000F02D154EAA8
:10B2840005030BD00123069371E70A220023012151
:10B29400ECE700BFCCFBFFFFCDCCCCCC002E2FD0F5
:10B2A4004FF00A0A129B139918460D93FFF74CFEB0
:10B2B4000D9B0AFB00F281460C919A4220D1B8F111
:10B2C400000F14BF002707F00107DDE91001FFF7A5
:10B2D4003BFE0E900D9120462946FFF735FE0D9B4F
:10B2E4000AFB10480E9A04460D465FFA88F810923D
:10B2F400CDE911390C9B1393079B01330793D1E7D5
:10B30400DDF81090079B9944002F5DD0B8F1050F2C
:10B314005AD114F001034DD1069A32B9DDE9122352
:10B324009D4208BF944262D0069B18194FF00A044C
:10B334004FF000024FF0010645F100012546A042FE
:10B3440071EB020756D2F3B1B3451CDA0B9B6BB118
:10B3540006EB0903259ADDF828B01344012BB8BF86
:10B3640001239B45A8BF9B465E450CDD053009F1D2
:10B37400010906F1FF364FF00A024FF0000341F1D4
:10B384000001F4F7E5FE5E450FFA89F9059BA8BFB5
:10B394005E4636B2B14406F1050809F1FF37984418
:10B3A4004FF00009B1452CDB059B1A461F60099B31
:10B3B4001371FBE5069B2BB9DDE912239D4208BFFF
:10B3C400944209D00123B0E7069B53B9DDE9122367
:10B3D4009D4208BF944204D1089B002BF2D1002E59
:10B3E400F0D0B8F1040F94BF002301239DE74FF080
:10B3F4000408F1E705FB02F70136A4FB05423A44D1
:10B404009DE70A220023F4F7A3FE303209F1010973
:10B4140008F8012DC6E700BF014B5843800C704764
:10B4240041340100014B5843000D7047FB2E0B00C3
:10B43400024B5843C00C0130704700BF4F931200B9
:10B4440070B50346094A00204FF0CC364FF033352F
:10B4540006FB03F402FB0144A3FB023121449D4299
:10B4640075EB010401D30130F2E770BDCDCCCCCC37
:10B474001A232DE9F04FB0FBF3FA334E03FB1A0302
:10B4840089B004460D4606EB0A1653B9D6E90023E3
:10B49400C1E90023D6E90201C5E9020109B0BDE80A
:10B4A400F08F2A4A02EBC303D3E9008904AB404678
:10B4B40049460093D6E9022304F082F806AB83469A
:10B4C4000F46404649460093D6E9002304F078F835
:10B4D40000238146DDE9066216EB0B0652EB0708F2
:10B4E40028BF012333B1049B059A013342F10002C2
:10B4F400CDE9043220460391FFF79AFF07461A204C
:10B5040000FB0AF0FFF794FF3F1A324643464846D1
:10B514000399009704F06FF80D4A4FEA141C640075
:10B5240004F01E0352F82C40DC4004F003042418F9
:10B53400304641F10001DDE90423C5E900414146FB
:10B54400009704F058F8A7E778FD0000A8FC000075
:10B55400081001002DE9F04F1A2700F11905DFF852
:10B56400E0A089B004460E46B5FBF7F56F434FEAF9
:10B57400051B0AEB05153A1A0AD1D5E90023C1E9DE
:10B584000023D5E90201C6E9020109B0BDE8F08F44
:10B594002C4B03EBC203D3E9008904AB4046494674
:10B5A4000093D5E9022304F00BF85AF80B206B68DA
:10B5B400013ACDE9020106A963F100034046009176
:10B5C400494603F0FDFF8A46029900238146DDE9DE
:10B5D40006526D18039952EB010828BF012333B1B9
:10B5E400049B059A013342F10002CDE90432384646
:10B5F400FFF71EFF07462046FFF71AFF3F1A2A46A9
:10B60400434648465146009703F0F5FF0E4A4FEA79
:10B61400141C640004F01E0352F82C40DC4004F0B7
:10B62400030401342418284641F10001DDE9042310
:10B63400C6E900414146009703F0DDFFA3E700BFE0
:10B6440048FE0000A8FC00005C100100704708B52B
:10B65400034600681B790121994083685B69984718
:10B6640008BD08B520EAE070C117C90341EA50419A
:10B67400C00340F2E733C0184FF47A724FF000036E
:10B6840041F10001F4F764FD03F051FD08BD10B56C
:10B69400044603F0EFFD8E464A0142EAD0624301BC
:10B6A4001B1A62EB0102920042EA93729B001B1880
:10B6B40042EB0101C90041EA5371C3F3103343EA79
:10B6C4004143C90B20686268181A2360616061EB0A
:10B6D400020110BD38B513468568046912F4801F51
:10B6E40007D012F4402F04D012F0010F01D082F4DD
:10B6F400402323F4801213F0010F0AD023684FF083
:10B70400010C0CFA01FC43EA0C0323602B689847F4
:10B7140038BD23684FF0010C0CFA01FC23EA0C033A
:10B724002360F3E708B503468C4600681979DA8884
:10B7340042EA0C02FFF7CEFF08BD08B532B101237F
:10B7440003FA01F18368DB68984708BD012303FA13
:10B7540001F183681B699847F7E710B503691C6812
:10B7640001238B401C4202D0B2FA82F25209FFF745
:10B77400E4FF10BD10B584688AB1964602EB420C12
:10B784004FEA8C0CACF10C0C8C449CF8082042F071
:10B7940002028CF80820A4687246A04710BD00205D
:10B7A400FCE700B585B00191029202228DF80C20CD
:10B7B400012201A9FFF7DEFF05B05DF804FB00B527
:10B7C40085B00191029203228DF80C20012201A977
:10B7D400FFF7D0FF05B05DF804FB00EBC1018368FF
:10B7E400B3F5004F0AD322B14B6843F001034B6019
:10B7F40070474B6823F001034B60704722B14B88BC
:10B8040043F001034B8070474B8823F001034B80C6
:10B814007047C9008368B3F5004F03D30823194464
:10B82400084470470423FAE710B400EBC10C8468A1
:10B83400B4F5004F19D3DCF80C30994218D0B4F5A4
:10B84400004F21D3DCF80810043240F8223000EB1A
:10B85400C102B4F5004F1AD3D36000EBC30382686E
:10B86400B2F5004F15D399600CE0BCF80630E4E75C
:10B87400C3680121914023EA0103C3600432002319
:10B8840040F8223010BC7047BCF80410DCE7D380C9
:10B89400E3E79980F6E7131D50F82330DBB9C3685A
:10B8A4004FF0010C0CFA02FC43EA0C03C3600432AF
:10B8B40040F8221000EBC1038268B2F5004F06D3B2
:10B8C40099608268B2F5004F03D3D96070479980BC
:10B8D400F7E7D980704710B500EBC30C8468B4F562
:10B8E400004F1CD3DCF8082000EBC10EB4F5004F68
:10B8F40018D3CEF808208468B4F5004F15D3CEF8D9
:10B904000C3000EBC2028368B3F5004F10D3D16052
:10B914008368B3F5004F0DD3CCF8081010BDBCF804
:10B924000420E1E7AEF80420E5E7AEF80630E8E7E6
:10B93400D180EDE7ACF80410F0E730B400EBC10CB3
:10B944008468B4F5004F29D3DCF80450531A891ADB
:10B9540001EB55015D00B4F5004F22D3CCF804503F
:10B964004C0000EBC20C8568B5F5004F1CD3CCF835
:10B9740004408468B4F5004F19D340F8323083682A
:10B98400B3F5004F16D3DCF8044002EB5402B3F5D0
:10B99400004F12D340F8321030BC7047BCF802504C
:10B9A400D4E7ACF80250DBE7ACF80240E1E720F85A
:10B9B4003230E4E7BCF80240E7E720F83210EBE766
:10B9C40030B400EBC1018468B4F5004F1ED34B685A
:10B9D4005B0800EBC20CB4F5004F19D3DCF804503B
:10B9E40003EB55035D00B4F5004F14D34D6081683B
:10B9F400B1F5004F11D3DCF8044002EB5402B1F569
:10BA0400004F0DD340F8323030BC70474B88DFE72D
:10BA1400BCF80250E4E74D80E9E7BCF80240ECE7EB
:10BA240020F83230F0E78368B3F5004F04D30823DD
:10BA3400C91A081AC00870470423F9E708B58368CF
:10BA4400B3F5004F07D300EBC10252685208012A34
:10BA540002D0002200E00022A2B900EBC102B3F53B
:10BA6400004F10D352685208B3F5004F0DD308238A
:10BA74000833A2EBD3020132B2FA82F2C2F11F02FE
:10BA8400FFF7D2FE08BD5288EDE70423F0E708B5BE
:10BA94008368B3F5004F07D300EBC1025268520824
:10BAA400012A02D0002200E00022A2B900EBC10268
:10BAB400B3F5004F10D352685208B3F5004F0DD3BD
:10BAC40008230833A2EBD3020132B2FA82F2C2F1A4
:10BAD4001F02FFF7E0FE08BD5288EDE70423F0E7FC
:10BAE400F8B504460D46CE0000EBC1078368B3F5F4
:10BAF400004F1FD3796805EB510104EBC102B3F584
:10BB0400004F19D3536813F0010F17D0A368B3F58E
:10BB1400004F24D3A159691A04EBC102B3F5004FB5
:10BB24001FD3536813F0010F1DD029462046FFF799
:10BB3400AEFFF8BD7988DEE75388E4E72046FFF7D7
:10BB44007DFFA368B3F5004F07D37A6805EB520273
:10BB540029462046FFF734FFD8E77A88F6E7A15B49
:10BB6400D9E75388DEE72046FFF768FFA368B3F5FB
:10BB7400004F0CD3A1592A46691A2046FFF720FF2B
:10BB8400A368B3F5004F04D3A359ED1ACDE7A15B25
:10BB9400F1E7A35BF9E7F8B58568B5F5004F10D375
:10BBA40008230833A1EBD3030133B3FA83F3C3F1BE
:10BBB4001F02C3F1230450F8246046B34FF0030C72
:10BBC40012E00423EDE7BEF8027017E02146FFF708
:10BBD4002BFE24E0BEF80640171D40F82740BCF1B8
:10BBE400010C14D0A64212D0141D50F8244000EBCE
:10BBF400C40EB5F5004FE6D3DEF80470B1EB570F71
:10BC0400E4D9B5F5004FE5D3DEF80C40E4E7C468A9
:10BC1400C3F12002012393405B421C4001D1204622
:10BC2400F8BD94FAA4F2B2FA82F2131D50F823403C
:10BC34002146FFF7F9FDF2E779B138B505682846E2
:10BC4400FFF7F1FE0446002201462846FFF7C5FD32
:10BC540021462846FFF744FF38BD704770B5056894
:10BC6400A1B30B46AA68B2EBD10F31D9B2F5004F9C
:10BC74001DD308229C180734E40821462846FFF700
:10BC84008AFF064630B305EBC003AA68B2F5004F3D
:10BC94000FD35B68B4EB530F0DD301223146284612
:10BCA400FFF79BFD31462846FFF7B3FD70BD042224
:10BCB400E0E75B88EEE73444224631462846FFF746
:10BCC4003CFE21462846FFF7E2FEE6E70020EDE7CA
:10BCD4000020EBE70020E9E708B51146FFF7BEFFB7
:10BCE40008BDF8B5B2F5802F23D30823D21ACC1D92
:10BCF40024F0070401EB020C2CF0070CACEB040C51
:10BD04004FEADC010460A1600023E360BCF5802FEE
:10BD140011D308230833A1EBD3030133B3FA83F31C
:10BD2400C3F1200EC3F124039B00DE1DF50800239C
:10BD340008E00423DAE70423ECE71A1D002044F8A2
:10BD4400220001337345F8DB6B00BCF5802F32D33E
:10BD54006360BCF5802F30D300232360BCF5802FB3
:10BD64002ED3636843F0010363604A1B570026F037
:10BD74000703E018BCF5802F27D34760A068B0F50F
:10BD8400004F24D3E5502CF00703A444A068B0F579
:10BD9400004F1ED30020CCF80400A068B0F5004F7B
:10BDA4001BD3E25001222046FFF717FD2946204607
:10BDB400FFF76DFEF8BD6380CBE700232380CDE75A
:10BDC400638843F001036380CFE74780D6E7E552F9
:10BDD400D9E70020ACF80200DFE7E252E2E710B551
:10BDE4000C4611461A46029BA04710BD4038C0B20B
:10BDF4003A288CBF002001207047F8B50646037826
:10BE04004578847804EB83040444002706E0013475
:10BE14002046F4F7B7F9013004440137AF42F6D3B2
:10BE2400A01BF8BD70B5144668B10D461946064608
:10BE34002BB91046F4F7A6F983B2013399B22A4616
:10BE44002046B04770BD1046F4F79CF90130F9E77D
:10BE54005BB32DE9F04782B00746884691461D46FC
:10BE64001A785E789C78DB7804EB820404EB430454
:10BE74002C444FF0000A0AE014F8013B45F8234033
:10BE84002046F4F77FF9013004440AF1010AB2456F
:10BE9400F2D305F1080300936B684A4641463846DD
:10BEA400FFF79DFF02B0BDE8F0876FF01500704703
:10BEB4002DE9F0410446884600273E4607E0702DF0
:10BEC40018D02846FFF792FFB8B9252D0ED014F8E4
:10BED400015B75B1002EF8D04745F0D02846FFF736
:10BEE40085FF0028F1D001370026EEE786F0010631
:10BEF400EDE700263046BDE8F0810026FAE7002091
:10BF0400704708B500F0D4FC08BD0FB400B583B089
:10BF140004A951F8040B0191FFF7F3FF03B05DF896
:10BF240004EB04B07047036913F0080F08D1C36829
:10BF34000268934207D8436A9B1A0B60012070473A
:10BF44000020086070479B1A0B600020704703694B
:10BF540013F0080F07D1826843689A4203D89B1AEA
:10BF64000B6000207047436A82689B1A0B600120B3
:10BF7400704710B582B0044601A9FFF7D4FF20B181
:10BF8400E368019A1344013B0193606A019BC01A60
:10BF9400013802B010BD38B5036913F0040F00D1A5
:10BFA40038BD0446856AFFF7E4FF854202D9A06ADA
:10BFB400A062F5E72046FFF7DCFFF9E7C368194400
:10BFC400036913F0010F04D1426A914204D3891A20
:10BFD40002E0426A013A1140C16023F008030361A0
:10BFE400704710B400236FF3000343F0020361F3BE
:10BFF4009F03026A046842F8243003680B44026910
:10C0040012F0010F04D1446AA34204D31B1B02E0C3
:10C01400446A013C23400360C4689C420AD04368DC
:10C024001944036913F0010F08D1436A994208D3F4
:10C03400C91A06E042F008020261F0E7436A013BD4
:10C044001940416010BC70472DE9F04F83B004469D
:10C05400019117469846056AC66805EB860B15F8E4
:10C06400263003F00303022B24D0002100233B607D
:10C07400C8F8003019BB236913F0020F75D0E369C7
:10C0840058469847824615F8269019F001096ED053
:10C0940015F8263013F0020F3BD0019BBBB9626840
:10C0A4005244236913F0010016D1616A8A4216D3FF
:10C0B400521A14E055F82610C1F39D01D6E7204624
:10C0C400FFF77CFFE368A3604FF001094FE01946D6
:10C0D4002046FFF786FFE2E7616A01390A406260A1
:10C0E400E168A268914206D0A2682260E26043F04F
:10C0F400080323613BE0524420B9616A8A4204D3B5
:10C10400521A02E0616A01390A40A2604FF0000944
:10C11400EAE701462046FFF751FFE368A360019B6D
:10C1240023B1236A2268002143F82210019B53445F
:10C13400C8F8003022681344226912F0010F04D1B8
:10C14400616A8B4204D35B1A02E0616A01390B40D5
:10C15400236042F00802226115F826306FF30003D1
:10C1640005F82630C7F800B001E04FF00009484652
:10C1740003B0BDE8F08F30B45318046914F0010F14
:10C1840004D1456AAB4204D35B1B02E0456A013D1E
:10C194002B4005689D4214D000236FF3000343F045
:10C1A400020362F39F03046A44F821304368134492
:10C1B400026912F0010F09D1426A934209D39B1A12
:10C1C40007E0016024F00804046103E0426A013AD4
:10C1D4001340436030BC704738B504460D462022F6
:10C1E400002103F0E8F8EB68E361AB68A3612B6816
:10C1F40023626B6863620022A2622A6922612BB106
:10C20400591E0B4202D142F00102226104F12C00BA
:10C214000122002102F008FE38BD2DE9F04F87B05D
:10C224009A46002305930393436A8B42C0F08980A6
:10C23400044689469346002301930126009341E076
:10C2440001992046FFF797FF0023039345E0236AF3
:10C25400226803EB8201009113F822106FF30001AE
:10C2640003F82210C9B26FF3410103F822102368C6
:10C274004B44226912F0010F04D1616A8B4204D34A
:10C284005B1A02E0616A01390B402360E16899425C
:10C2940001D0002608E042F008022261002603E0F3
:10C2A4002046FFF79EFE2E4688F31188BFF36F8F5A
:10C2B400059929B1A3690BB120469847002305933A
:10C2C400002E40D0EFF31187202383F31288BFF3AD
:10C2D4006F8FB846039A002AB2D104A92046FFF70B
:10C2E40022FE054604994945B1D20028D8D15AEA1C
:10C2F4000B030BD1002ED7D02368019303AB05AAFF
:10C3040004992046FFF7A0FE0646CDE702F0B0FDF3
:10C314000028EFD1002FEDD187F31188BFF36F8F81
:10C3240004F12C005A465346FAF724FCEFF3118823
:10C33400202383F31288BFF36F8FB0FA80F6760957
:10C34400B2E700230093009807B0BDE8F08F70B502
:10C3540004460D46C36908469847EFF31186202327
:10C3640083F31288BFF36F8F2B7843F001032B7094
:10C3740063681844236913F0010F04D1636A984277
:10C3840004D3C01A02E0636A013B1840606020468F
:10C39400FFF701FE86F31188BFF36F8F70BDF0B510
:10C3A40083B004462EE053F8220080084DD143E0C8
:10C3B400626A013A1340A3602046FFF7FFFD0123A0
:10C3C4001BE013F8221041F0020103F82210A768C1
:10C3D400E369304698473844236913F0010F04D1C8
:10C3E400636A984204D3C01A02E0636A013B1840AE
:10C3F400A060002301E000231E4685F31188BFF3EB
:10C404006F8F8BB3EFF31185202383F31288BFF36F
:10C414006F8F01A92046FFF79AFD236AA26803EBF8
:10C42400820601990029E6D013F8221011F00301C5
:10C4340017D00229B7D0002013F8221011F0010FF1
:10C44400BFD110B9E36930469847A3680146034455
:10C45400226912F0010FABD1626A9342ABD39B1AEB
:10C46400A9E700231E46C8E7304603B0F0BD70B507
:10C4740004460D46C369084698470146EFF3118602
:10C48400202383F31288BFF36F8F2B786FF300039D
:10C494002B70236913F0020F0AD0236AE26803EBBE
:10C4A4008203AB4204D02B6860F39F032B600AE045
:10C4B4002B786FF341032B70E268A3689A420BD088
:10C4C4002046FFF77BFD86F31188BFF36F8F04F1DD
:10C4D4002C00FAF70BFB70BD0B44226912F0010F1C
:10C4E40004D1626A934204D39B1A02E0626A013A5D
:10C4F4001340A360E4E710B582B0EFF31184202366
:10C5040083F31288BFF36F8F01A9FFF720FD84F333
:10C514001188BFF36F8F0198003818BF012002B053
:10C5240010BD01F00701838B23F007030B438383C2
:10C5340070472DE9F04106460F469046816821B1C7
:10C544000C683CB131B90C4604E00C4602E02346C9
:10C5540021461C4669B14D6843463A463046A847D1
:10C56400002CF4D02368002BF2D0002CF0D1234609
:10C57400EEE7BDE8F081838B13F0070303D1026873
:10C584000AB103207047022B03D0012B06D00020F0
:10C594007047C28B002AF8D10420704703680BB19E
:10C5A400052070470020704710B504468C46838BE5
:10C5B400002A07DB03F007035A1F012A0ED9042BB4
:10C5C40036D010BDD0E900018CE8030000232360BD
:10C5D400636001212046FFF7A4FFF2E7D0E90001E0
:10C5E4008CE80300002222606260062B1BD1DCF879
:10C5F400003053B1E28B0132E2831A461B68002BF0
:10C60400F7D0002AF5D11346F3E702212046FFF7BD
:10C6140088FF2046FFF7AFFF0028D2D0A38B43F05A
:10C624002003A383CDE700212046FFF77AFFF0E73C
:10C634000021FFF776FF2046FFF79DFF0028C0D0BA
:10C64400A38B43F02003A383BBE750B110B50C4682
:10C6540051B1081D00F0C1F810B9A368032B06D826
:10C6640010BD6FF0150070476FF01500F8E76FF01C
:10C674001500F5E72DE9F04107460C4616461D4620
:10C684001946201D00F0C0F828B180462B463246DA
:10C6940021463846C047BDE8F0812DE9F041804687
:10C6A4000C4617461E4604E033463A464046FFF71A
:10C6B400E1FF216831B10D68256063688B42F3D1D5
:10C6C4006560F1E7BDE8F08108B5EFF311824FF042
:10C6D400200C8CF31288BFF36F8F81610121F4F772
:10C6E40053FE08BD70B138B50C46054669B10B68F8
:10C6F40073B14B687BB12022002102F05CFE2C61F7
:10C70400002038BD6FF0150070476FF01500F8E792
:10C714006FF01500F5E76FF01500F2E770B5054608
:10C724000E46FFF792FF041E2EDBEFF31182202347
:10C7340083F31288BFF36F8FB5F81CC00CF0070C9D
:10C74400EB8B4FF6FF718B422CD06446BCF1020F89
:10C7540008D0BCF1060F19D8DFE80CF01E18181821
:10C764001E2A1E000133EB8301230021084628B151
:10C7740000203060686808B306606E6009BB82F30D
:10C784001188BFF36F8F0BBB204670BD6FF004049C
:10C79400002319461846EAE7BCFA8CF1490900233C
:10C7A4000120E4E76FF00A04002319461846DEE787
:10C7B4006FF08504002319461846D8E76E602E6092
:10C7C400DCE702212846F4F7DFFDDDE700236246BB
:10C7D40031462846FFF74EFFD6E7024658B1436874
:10C7E40003F00303012B03D0032B07D1036843B1E8
:10C7F4000020906070476FF0150070476FF01500CF
:10C8040070476FF0150070470346426802F0030258
:10C814008160032A03D1006800225A607047002017
:10C82400FAE77047037813F0040F01D00020704733
:10C834000368C3F34A2000EB1350173020F00700BD
:10C844008008704710B504460368DB6803B1984755
:10C85400636801229A7110BD00207047012070475F
:10C8640008B501F0F9FB08BD08B520EAE070C1176E
:10C87400C90341EA5041C00340F2E733C0184FF402
:10C884007A724FF0000341F10001F3F761FC02F00A
:10C894004EFC08BD08B500220023FFF7BEFC08BD0E
:10C8A40008B5FFF7E4FD08BD08B5FFF724FE08BD91
:10C8B40000B585B0039102900020019000900346DA
:10C8C40002460146F5F7CAF905B05DF804FB08B560
:10C8D4000120F4F72FFF08BD08B5F4F7BFFF08BD2A
:10C8E40008B5FFF734FDF5F753F808BD002070478D
:10C8F40008B54368DA7143681960436801225A71C4
:10C90400F4F708FF08BD70B5536896689B1B8B420B
:10C914000CD30C46154613680A460146981902F0D2
:10C9240023FDAB682344AB60204670BD6FF01B0051
:10C93400FBE770B588B10E4614461946054633B177
:10C944001030C2F34A23120D184402F00DFD2C607E
:10C954006E602846F5F75AF870BDF4F7EBFEFBE776
:10C964002DE9F04383B006460F4615461C4603F1F5
:10C9740001094FEA890808F1170020F00700800830
:10C98400F4F764FF002201928DF8049068B100F17D
:10C99400140C019B0361964605E055F82E304CF8C3
:10C9A400043B0EF1010EA645F7D3002267F388126B
:10C9B40068F3532200233146FFF7BBFF03B0BDE801
:10C9C400F08300B583B00192012301AAFFF7C8FFE9
:10C9D40003B05DF804FB00B583B000920193022319
:10C9E4006A46FFF7BDFF03B05DF804FB00B585B0F0
:10C9F40001920293069B0393032301AAFFF7B0FF5E
:10CA040005B05DF804FB08B5F5F77CF808BD2DE921
:10CA1400F04180460768856843681C685E6805E0E5
:10CA2400324621462846B847241A0544002CF7D13B
:10CA3400D8F8043000221A60BDE8F08138B5054604
:10CA44000C464B681A68CB689A420BD06368D3E8EB
:10CA5400EF2F511CC3E8E01F0028F8D1A3689D54B0
:10CA6400002038BD0846FFF7D2FFEFE738B504468B
:10CA74000D460A2805D029462046FFF7DFFF00208F
:10CA840038BD0D20FFF7DAFFF5E708B5134601229C
:10CA9400F5F79EF908BD08B513460022F5F798F995
:10CAA40008BD38B505460C4601F00101FFF7F3FF58
:10CAB40021462846F5F71EFA38BD2DE9F04383B028
:10CAC40080460E4615461F46DDF828902C46102D4C
:10CAD40028BF1024CDF800903B46224631464046FC
:10CAE400F5F71CFA26442D1BF0D103B0BDE8F08302
:10CAF4002DE9F04387B006460C469046D1F80890DD
:10CB04000F88C7F382170878C0F3C2050846F5F703
:10CB1400FBF8011E1ADA0023214651F8105BC5F315
:10CB24004A256288C2F30B12481905B90021CDF8D1
:10CB340014800492039002910197002200924946C6
:10CB44003046F5F74DFA07B0BDE8F0832846F4F710
:10CB5400B3FF0346E0E72DE9F041804607688568A6
:10CB640043681C685E6805E0324621462846B8479B
:10CB7400241A0544002CF7D1D8F8043000221A6096
:10CB8400BDE8F08143681B685B6819610020704749
:10CB940043681B681A6852685360704708B5436855
:10CBA4001B685A68012111751868FFF7D4FF08BD86
:10CBB40008B543681B681868F5F756FA08BD38B518
:10CBC4000C4643681D686B681869F4F78BFD0346CF
:10CBD4000F2221462868984738BDFEE708B501466C
:10CBE4000068F5F797FC08BD08B5F5F7AFFCF5F755
:10CBF400D9FC08BD0020704708B500231370CB1E74
:10CC0400092B1AD8DFE803F005090D1119191919B0
:10CC140019141146F5F71CFF08BD0021F5F706FEAF
:10CC2400FAE70021F5F78CFEF6E7F5F70DFDF3E7DB
:10CC34001146F5F781FD0020EEE7F5F78BFD0020A6
:10CC4400EAE708B540B2F6F79BF808BD08B540B26C
:10CC5400F6F7A4F808BD08B5013140B2F6F7B0F80C
:10CC640008BD08B500210120F5F754FC08BDD0F833
:10CC7400943083F30B88704761B662B680F31188F1
:10CC8400BFF36F8F704708B572B6002383F3118822
:10CC9400BFF36F8F00F03EF950B1BFF34F8F30BF39
:10CCA40000BF00BF00BF00BF00BF00BF00BF00BF88
:10CCB40062B6BFF36F8F08BD10B5044672B6002389
:10CCC40083F31188BFF36F8F00F024F950B1BFF3E1
:10CCD4004F8F20BF00BF00BF00BF00BF00BF00BF19
:10CCE40000BF00BF84F31188BFF36F8F62B610BD1D
:10CCF40030B4D1E90045D0E90001201A002130BC4C
:10CD0400704738B54A0142EAD06243011B1A62EB0C
:10CD14000102920042EA93729B001B1841EB02014C
:10CD2400CD0045EA5375DC00F6F730F902460023DE
:10CD340020462946F3F70CFA38BD40E800F010F419
:10CD4400803F01D0C0B270476FF01500704708B53E
:10CD54000B6823F01F0C0B7A03F01F0ECA6822F035
:10CD64001F025B0942EA430242F001024CEA0E014F
:10CD7400F6F740F908BD43681F2B08D913F01F0FBD
:10CD840007D1036813F01F0F05D00020704700205F
:10CD94007047002070470120704770B504460E4666
:10CDA400FFF7CBFF05463444601EFFF7C6FF8542FC
:10CDB40001D1284670BD6FF01505FAE710B584B0AF
:10CDC4000B6800934C68B1F808C09DF808206CF318
:10CDD40004028DF808204989D2B261F347128DF814
:10CDE400082023F01F032344013B23F01F03039374
:10CDF4006946F6F759F904B010BDF0B587B0054699
:10CE040005A8F5F79BF90646002422E0576809585F
:10CE140027F01F0392681344013B23F01F0301977B
:10CE240002919DF80C20012161F304028DF80C207D
:10CE3400D2B2022161F347128DF80C20049301A9A8
:10CE44002878F6F731F9002847DB2B7801332B706B
:10CE54000134B44244D22001059901EB0412D36891
:10CE64001B0D1B05B3F5001FD0D0B3F5800F1BD0ED
:10CE7400B3F5801FECD15768095827F01F03926857
:10CE84001344013B23F01F03019702919DF80C20EA
:10CE9400012161F304028DF80C20D2B261F3471230
:10CEA4008DF80C200493CAE75768095827F01F032C
:10CEB40092681344013B23F01F03019702919DF8EC
:10CEC4000C20062161F304028DF80C20D2B26FF31A
:10CED40047128DF80C200493B1E76FF0150000E0C1
:10CEE400002007B0F0BD08B5F6F7D2F908BD08B5C3
:10CEF400F6F7AAF808BD08B50B69496998470020F8
:10CF040008BD08B5F6F73EFA002008BD08B5F6F7E7
:10CF1400B3FA08BD08B5F6F771FA08BD08B5FFF70E
:10CF2400F5FF08BD08B5F6F753FA08BD4FF47F03C3
:10CF3400D3F83021D3F83431072A01D000207047C8
:10CF4400042B03D8022B03D3002070470120704721
:10CF54000120704738B505460C464FF05023012296
:10CF6400C3F814260020F6F7FDFA00212846A0474E
:10CF740038BD70B5044619B10123C0F8143670BD2C
:10CF8400FFF7D4FF18B90023C4F81436F7E70126D5
:10CF9400C4F818660025C4F81456052001F017F9E2
:10CFA400C4F81466304601F012F9C4F81456C4F8F3
:10CFB4001856E4E738B505460C460120F6F7D2FAD0
:10CFC40000214FF05020FFF7D4FF00212846A0474E
:10CFD40038BD08B50022F6F7DFFA08BD0346032979
:10CFE40029D8DFE801F0020D1823D3F81804C0F3A0
:10CFF40000400AB3D3F8183403F0030313707047E6
:10D00400D3F80C04C0F30040B2B1D3F80C3403F0ED
:10D01400010313707047D3F85C04C0F300405AB1A5
:10D02400D3F85C3403F0010313707047D3F854044D
:10D03400C0F30040704700207047006901EB4101D4
:10D044008900803108447047406801EB410100EBDE
:10D0540081007047006900EB4110704708B5C9B200
:10D06400FFF7EBFF806800F0070008BDEFF31182C3
:10D07400202383F31288BFF36F8F036813F0C00378
:10D0840001D08B4207D101230360002082F3118871
:10D09400BFF36F8F70474FF0FF30F7E7EFF3118264
:10D0A400202383F31288BFF36F8F036803F0C00C4F
:10D0B40003F00703012B08D08C4509D04FF0FF3053
:10D0C40082F31188BFF36F8F704701600020F7E788
:10D0D4006FF07700F4E7EFF31182202383F31288D3
:10D0E400BFF36F8F036803F0C00343F002030360D0
:10D0F40082F31188BFF36F8F7047F8B506460C466C
:10D10400FFF79BFF05684768002340F8083BFFF7DB
:10D11400E2FF1DB13A4621463046A847F8BD70B536
:10D1240006461546CCB22146FFF787FF294608304C
:10D13400FFF79CFF002806DB21463046FFF784FFFB
:10D1440043689847002070BD08B58022FFF7E7FFC9
:10D1540008BD2DE9F041064690461F46CDB229464A
:10D16400FFF76BFF044606990830FFF797FF002886
:10D1740009DBC4F80080676029463046FFF764FF86
:10D18400036898470020BDE8F08110B582B0802480
:10D194000094FFF7DEFF02B010BD10B51446C9B20B
:10D1A400FFF758FF0021A04710BD08B50120F7F78D
:10D1B400B5FF08BD08B50320F7F7B0FF08BD08B5F3
:10D1C4000220F7F7ABFF08BD08B50020F7F7A6FF6C
:10D1D40008BD08B5012001F0AAF808BD08B5032070
:10D1E40001F0A5F808BD08B5022001F0A0F808BDBB
:10D1F40008B5002001F09BF808BD08B520EAE070EE
:10D20400C117C90341EA5041C00340F2E733C018D3
:10D214004FF47A724FF0000341F10001F2F798FFE6
:10D2240001F085FF08BD08B51046F9F75FFC08BD9D
:10D2340008B5002211461046FAF7EAFB00B908BD0A
:10D244006FF01500FBE7F0B583B00F4616464FF4B8
:10D25400806500240AE001AB2A4639190020FAF758
:10D2640007FC70B9019BAB420FD12C44A64205D9EF
:10D27400331BB3F5806FEED21D46ECE708D01620C1
:10D2840001E06FF0150003B0F0BD6FF01500FAE790
:10D294000020F8E70B4639B11168196041688A42E9
:10D2A40009D00023136070471368036041688A4201
:10D2B400F7D14360F5E74360F3E708B50A4603682E
:10D2C400002101E019461B682BB19342FAD1FFF704
:10D2D400E1FF012000E0002008BD38B505460C46FA
:10D2E4000321A047002806DB01212846A047002887
:10D2F40000DB002038BD10F1860FFBD1F4E770B5D8
:10D3040004460D461646036833B1FFF7D6FF70B9DD
:10D314001EB96FF0150006E032B123682B6025605A
:10D32400636843B1002070BD6FF01500FBE7002E69
:10D33400F3D10020F7E765600020F4E770B50E46EE
:10D344001546016821B10C683CB131B90C4604E0C2
:10D354000C4602E0234621461C4671B18A682A40E5
:10D3640002D04B6830469847002CF3D02368002B3A
:10D37400F1D0002CEFD12346EDE770BD00690038F1
:10D3840018BF0120704710F0100F04D110F0200FC7
:10D3940003D1002070470320704701207047436881
:10D3A4005B681B690B600020704743685B6802EA96
:10D3B400010021EA02019860D960002070474368A7
:10D3C4005B6899600020704743685B68D9600020FF
:10D3D400704743685A68536821EA03000B40906021
:10D3E400D36000207047B0F5800F07D0B1F1C06F53
:10D3F4000DD0B1F1007F08D001207047B1F1007F5A
:10D4040001D0052070470420704702207047032094
:10D41400704708B500690430FFF771FF08BD10B507
:10D4240000F01F044009F6F72DFB30B101460069F6
:10D434000122A2400430FFF781FF10BD0020704795
:10D444000020704708B521B1012905D06FF085008F
:10D4540008BDFFF7F3FFFBE7FFF7F2FFF8E708B5B6
:10D464001146103001F045FA08BD08B500F069F81E
:10D4740008BD38B50446056901221146284601F065
:10D48400D3FC05F110000122002101F0CDFC20465F
:10D49400F6F77CFE38BD08B5002201210920FFF70C
:10D4A400DAFB08BD08B50069F9F764FB08BD08B5E7
:10D4B4000069F9F71BFB08BD38B505460C46032186
:10D4C400A047002806DB01212846A047002800DBEE
:10D4D400002038BD10F1860FFBD1F4E710B582B0FF
:10D4E400044601AA00F036F8002805DB019B2268F7
:10D4F40019791868F6F714FF02B010BD10B5446826
:10D504000021606AFFF7EAFF2046F8F7BFFD10BD6F
:10D5140010B544682046F8F7C9FD0121606AFFF799
:10D52400DDFF10BD08B529B1012907D1FFF7E6FFDA
:10D53400002005E0FFF7ECFF002001E06FF085001C
:10D5440008BD10B54468FFF7E3FF2046F8F7CEFDA9
:10D55400002010BD00B54368136001E00833136078
:10D56400136890F808C0D0F804E00EEBCC0C6345C7
:10D5740005D293F805C08C45F0D1002001E06FF08E
:10D5840001005DF804FB08B511B9F6F7B5FE08BD56
:10D59400F6F79EFEFBE738B505460C460321A04787
:10D5A400002806DB01212846A047002800DB0020D4
:10D5B40038BD10F1860FFBD1F4E743681B68EFF325
:10D5C4001182202181F31288BFF36F8FD3F82011C9
:10D5D40031B10021C3F82011D3F820110121D96001
:10D5E40082F31188BFF36F8F704743681B68D3F8C9
:10D5F4008004C3F88004704743681A685B6803F0CA
:10D604000103D2F8581129B933B9D2F820312BB912
:10D6140000207047012070470020704701207047A8
:10D6240008B503691A6813680BB15268984708BDB6
:10D6340000B587B0002301930293039304930593E9
:10D6440004238DF8043002910DEB0301FFF7E8FF8A
:10D6540007B05DF804FB4368187D012814BF00205F
:10D664000120704700B587B002690023019302933B
:10D6740003930493059302238DF8043013681B6C01
:10D68400029313689B6C0393049101A9FFF7C8FFED
:10D6940007B05DF804FB10B503691B6840680068B7
:10D6A400EFF3118C4FF0200E8EF31288BFF36F8FBF
:10D6B4001C6CACB1DC6CB4B9D9641A65C0F834150F
:10D6C400C0F83825042A11D9D0F8003243EA0E03F1
:10D6D400C0F8003200208CF31188BFF36F8F10BDA7
:10D6E4006FF00C00F7E76FF00F00F4E70020F2E7AB
:10D6F4000369186820B101601B685A6000207047F4
:10D704006FF08500704700B587B000230193029342
:10D7140003930493059303238DF8043003691A6873
:10D7240043681968936DD26D134302D00423C1F882
:10D73400043301A9FFF774FF07B05DF804FB4368E5
:10D744001A689B6AC2F834350523C2F838350123B8
:10D75400D362D2F81031002BFBD00023C2F8103171
:10D76400D2F81031D2F84C0130B10023C2F84C3158
:10D77400D2F84C31D2F83C05C0B2704710B44458CA
:10D7840044B11A4201D1002005E00023435043581C
:10D79400012000E0002010BC704742681368006953
:10D7A400006868B9D3F8100168B1126B12780A7076
:10D7B4000020C3F81001D3F8102101221A60704729
:10D7C4006FF0850070474FF0FF30704708B520EACE
:10D7D400E070C117C90341EA5041C00340F2E73386
:10D7E400C0184FF47A724FF0000341F10001F2F7D0
:10D7F400AFFC01F09CFC08BD70B5064612E075B1A3
:10D80400EFF31184202383F31288BFF36F8F304624
:10D81400FFF7F2FE98B984F31188BFF36F8F0120EC
:10D82400FFF7D4FF64243046FFF7E6FE05460028E0
:10D83400E5D1012000F0CBFC013CF4D1DFE7204628
:10D8440070BD10B582B0044601AAFFF783FE00281C
:10D8540005DB019B226819791868F6F761FD02B0AF
:10D8640010BD10B543681C680021D868FFF7E9FFB4
:10D874000823C4F8003510BD08B50269936819433C
:10D88400916013F0030F00D008BDFFF7EAFFFBE738
:10D8940010B543681C68C4F84415C4F84825002230
:10D8A400C4F82021D4F82011C4F85821D4F8582100
:10D8B4005B6813F0040F02D10123A36010BD0121A2
:10D8C400FFF7DAFFF8E738B505460C4643681B68EE
:10D8D4004FF48002C3F80423FFF78EFE20B92368B7
:10D8E400012283F8B82038BD2368002283F8B820C9
:10D8F40023684FF0FF32C3F8B4202368D3F8AC2078
:10D90400D3F8A8102846FFF7C3FFECE743685A682A
:10D9140012F0040F00D0704710B504460021D868F7
:10D92400FFF78FFF2046FFF79CFF10BD012904D1AC
:10D9340008B5FFF7EBFF002008BD6FF085007047C6
:10D9440010B502694468936823EA0101916011F0FB
:10D95400030F00D010BD43681B680022C3F80025E4
:10D964000121E068FFF76DFFF4E730B587B00446A6
:10D974004268036919680023019302930393049393
:10D98400059305208DF8040081F86130536813F085
:10D99400040F05D101A92046FFF742FE07B030BDB0
:10D9A400EFF31185202383F31288BFF36F8F0221D5
:10D9B4002046FFF7C5FF85F31188BFF36F8FE9E7B2
:10D9C40070B50446466803691D68296C19B1FFF7F0
:10D9D4002FFE00232B6495F862306BB1002385F889
:10D9E400623063681B680022C3F80821D3F8083149
:10D9F4002046FFF7BAFF70BD736813F0040FF0D030
:10DA04002046FFF79CFE85F86000EAE770B50E46F5
:10DA140003691D6843681C6805F1080001F045FCB2
:10DA2400EFF31182202383F31288BFF36F8FEB6C23
:10DA340053B1D4F8003223F02003C4F80032002399
:10DA4400C4F84C31D4F84C31002385F8613016B158
:10DA5400012385F862300123636082F31188BFF3E8
:10DA64006F8F002070BD08B503691B681B6C1BB168
:10DA74000121FFF7CBFF08BD6FF00D00FBE710B5E8
:10DA840086B0044643681968D1F8802400230193C2
:10DA9400029303930493059306238DF8043012F044
:10DAA400010F08D112F0020F14D112F0040F13D198
:10DAB40002F0080300E001238DF80830C1F8802447
:10DAC40001A92046FFF7ACFD00212046FFF79EFF89
:10DAD40006B010BD0223EFE70423EDE738B5036970
:10DAE400426815681A68D2F8A01051B1002482F86F
:10DAF400B8401868683001F0D8FB0123EB60204679
:10DB040038BD6FF00D00FBE708B5406BFFF7E6FF8B
:10DB140008BD70B5054603691C6843681E6804F1B6
:10DB2400080001F0C2FBD6F83C3594F860101944A3
:10DB3400002384F86030A36CC91A01D400292CDCBA
:10DB4400216C2846FFF774FDE36C2364236D636442
:10DB54000023E3642365A36494F86130E3B1EFF335
:10DB64001182202383F31288BFF36F8F236CC3B118
:10DB7400D6F84C3133B9012333600023C6F844315D
:10DB8400D6F84431D6F8003223F02003C6F8003228
:10DB940082F31188BFF36F8F70BD2846FFF762FDD3
:10DBA400CEE701237360F3E710B504694068236886
:10DBB400D3F8A420D3F8B010521A01D1002010BD1C
:10DBC400082A28BF0822C3F8AC202368406AC3F897
:10DBD400A8002368D3F8A010D3F8B030194401F09A
:10DBE400C3FB0120EBE72DE9F04186B0054643680D
:10DBF40004691F68EFF31188202282F31288BFF3AF
:10DC04006F8F2268D2F8B410002946DBD2F8B460D2
:10DC14005B6813F0040F43D188F31188BFF36F8F4F
:10DC24002368D3F8A020002A34D093F8B810002930
:10DC34003FD1D3F8A8108A4206D0D3F8AC2096423C
:10DC440047D0D3F8B0301E442068683001F02DFB73
:10DC54000023019302930393049305932368D3F859
:10DC6400A030029303962368D3F8A4309E4202D0D6
:10DC740001238DF804304FF48003C7F80833226879
:10DC84000023C2F8A0302268C2F8A43001A92846B3
:10DC9400FFF7C6FC06B0BDE8F081D7F84C65B7E7DE
:10DCA4004FF48003C7F8083301212846FFF748FEE4
:10DCB400B2E7EFF31186202383F31288BFF36F8F4B
:10DCC40021462846FFF7FFFD86F31188BFF36F8FC7
:10DCD400E0E7D3F8B0203244C3F8B0202846FFF779
:10DCE40063FF18B92368D3F8B060ADE7EFF311868A
:10DCF400202383F31288BFF36F8F21462846FFF752
:10DD0400E2FD86F31188BFF36F8FC3E7436B5A6854
:10DD140012681B691B68D2F8081199B10021C2F876
:10DD24000811D2F80821596530B583B003F1080011
:10DD3400D3E9162300240025CDE90045F9F784FD35
:10DD440003B030BD596D013159650429ECD101236B
:10DD540053607047D0B582B00369426814681A688A
:10DD6400002151651B6803F10800D3E9162300263E
:10DD74000027CDE90067F9F767FD0423C4F80833E9
:10DD840002B0D0BD38B545682C686B6813F0010F3C
:10DD940023D100220823C4F80035EB6AC4F84435C3
:10DDA4000023C4F848350123A36072B9D4F82031A4
:10DDB400002BFBD00023C4F82031D4F820310123F8
:10DDC400E3604FF48073C4F80433D4F85831002B63
:10DDD400FBD00020C4F8000538BD01692046F6F7E1
:10DDE40087FD0028F8DB0122D4E710B504460022A1
:10DDF40001210820FEF72FFF0820FEF722FF002153
:10DE04002046F6F79BFD10BD2DE9F0410646436818
:10DE14001C680769D7F80080D4F804532B46042201
:10DE24004FF484712046FFF7A9FCE8BB2B464FF45E
:10DE340000724FF492712046FFF7A0FCC0BB2B4642
:10DE440010224FF488712046FFF798FCA0BB15F40C
:10DE5400002F05D0D4F84C3113B1D4F81031A3B34A
:10DE640015F4003F05D0D4F8443113B1D4F810317F
:10DE74009BB315F4807F02D0D4F82031ABBB15F4EA
:10DE8400800F02D0D4F858319BBB07F10803D3E8C4
:10DE9400EF2F22F00401C3E8E01F0028F7D112F0AD
:10DEA400040F2AD1BDE8F0813046FFF753FFBDE7E8
:10DEB4003046FFF7E4FDC2E70023C4F81031D4F87C
:10DEC40010313046FFF725FEC1E7C4F84C31D4F8D1
:10DED4004C313046FFF717FCC2E7C4F84431D4F89C
:10DEE40044313046FFF76CFDC3E73046FFF765FB6E
:10DEF400C5E73046FFF777FEC7E7D8F84410304649
:10DF0400FFF7B0FBD8F840103046FFF791FB002331
:10DF1400C8F84430C8F840303046FFF726FDC1E762
:10DF240000B5A2F5807E4FEA9E0E4FF0010C0CFA6C
:10DF34000EFC1CEA010F0DD0815809B900200AE03B
:10DF44000021815082581BB11A684CEA02021A60FF
:10DF5400012000E000205DF804FB70B582B00646A5
:10DF64000D460024019409E0A20001AB02F5A07261
:10DF740029463046FFF7D4FF0134E4B2032CF3D929
:10DF840015F0010F02D0D6F8003143B915F0020F95
:10DF940002D0D6F8043163B9019802B070BD0023F1
:10DFA400C6F80031D6F80031019B43F00103019318
:10DFB400ECE70023C6F80431D6F80431019B43F0A2
:10DFC40002030193E8E7401A20F07F40704700F114
:10DFD40050039B009BB203F1502303F58033186870
:10DFE400003818BF0120704700F150039B009BB21A
:10DFF40003F1502303F5803300221A601B68704735
:10E0040020F07F407047EFF31180202383F31288C0
:10E01400BFF36F8F704780F31188BFF36F8F704722
:10E02400F0B585B0044617461D46F6F725FD0646AD
:10E034009DF8303002930B9B01930A9B00933A4660
:10E044002B462046F6F7D6FD054631462046F6F720
:10E0540061FD284605B0F0BD08B5F6F7ABFD08BD77
:10E0640008B5F9F777FC08BD08B5F4F779F8F4F7C3
:10E074008DF9FFF7F5FF08BD4FF47F03D3F8302186
:10E08400D3F83431072A01D000207047023B002B1B
:10E0940004D8DFE803F00100012070470020704736
:10E0A4004FF47F03D3F83021D3F83431072A01D059
:10E0B40000207047042B07D008D8023B012B01D85D
:10E0C40001207047002070470020704700207047EF
:10E0D4004FF47F03D3F83021D3F83431072A01D029
:10E0E40000207047023B002B04D8DFE803F0010056
:10E0F40001207047002070474FF47F03D3F830218C
:10E10400D3F83431072A01D000207047012070472A
:10E114004FF47F03D3F83021D3F83431072A01D0E8
:10E1240000207047023B002B04D8DFE803F0010015
:10E1340001207047002070474FF47F03D3F830214B
:10E14400D3F83431072A01D000207047023B002B5A
:10E1540004D8DFE803F00100012070470020704775
:10E164004FF47F03D3F83021D3F83431072A01D098
:10E1740000207047023B002B04D8DFE803F00100C5
:10E1840001207047002070474FF47F03D3F83021FB
:10E19400D3F83431072A01D000207047012070479A
:10E1A4004FF47F03D3F83021D3F83431072A01D058
:10E1B40000207047042B03D8022B03D300207047A0
:10E1C400012070470120704708B5804708BD08B595
:10E1D40000F083FC08BD40F00040C1F880007047A7
:10E1E40040F00040C1F88000704738B50446154639
:10E1F400FFF7F1FF29462046FFF7F2FF38BD03463B
:10E20400032929D8DFE801F0020D1823D3F81804F4
:10E21400C0F300400AB3D3F8183403F003031370B7
:10E224007047D3F80C04C0F30040B2B1D3F80C34F7
:10E2340003F0010313707047D3F85C04C0F300408B
:10E244005AB1D3F85C3403F0010313707047D3F868
:10E254005404C0F300407047002070470120704709
:10E2640008B50520F4F7C0FD00B108BD0520FEF790
:10E27400E8FCFAE770B582B00646032840D8DFE828
:10E2840000F00225191F0C224FF4827302214FF073
:10E294005020C0F8081302440121116003440022F5
:10E2A4001A601B688DF807108E4214D0002542F2C4
:10E2B400107418E024224FF492734FF40071E6E7CF
:10E2C4001C224FF490734FF48071E0E704224FF462
:10E2D40080730121DBE70DF10705E8E70120FFF773
:10E2E40076FF013C0CD02A4631464FF05020FFF710
:10E2F40086FF28B1002DF1D09DF80730012BEDD019
:10E3040002B070BD38B504460378022B06D0012B49
:10E3140000D000231D461BB1284638BD0123F9E770
:10E324000020FFF7A7FFFFF799FF2070F4E708B577
:10E33400FFF7A0FF08BD08B5F6F7AEFF08BD10B49F
:10E3440001F5A27150F8214024F44F3424F44074B0
:10E3540040F8214050F82140120202F47C521B0480
:10E3640003F440331A43144340F8214010BC70476F
:10E3740010B401F5A27150F8214024F4991424F446
:10E38400F85440F8214050F82140120202F47C5223
:10E394001B0403F440331A439DF804301B0503F4B3
:10E3A40080131A43144340F8214010BC704700B551
:10E3B400A2F5807E4FEA9E0E4FF0010C0CFA0EFC83
:10E3C4001CEA010F0DD0815809B900200AE0002190
:10E3D400815082581BB11A684CEA02021A6001206B
:10E3E40000E000205DF804FBF0B583B007460D465D
:10E3F40016460024019409E0E2B2920001AB02F552
:10E40400807229463846FFF7D2FF0134B442F3D371
:10E41400002D02DB019803B0F0BD01AB4FF4BE72D6
:10E4240029463846FFF7C3FFF4E700B583B000215F
:10E43400019100910B460122F6F738FF03B05DF815
:10E4440004FB00B585B08DF80F100DF10F03019397
:10E45400002100910B460A46F6F752FF05B05DF81D
:10E4640004FB38B50D460079F7F712F80446284640
:10E47400F7F704F8083034F8100000F0010038BD54
:10E4840038B50D460079F7F703F804462846F6F741
:10E49400F5FF083034F81000C0F3401038BD38B52B
:10E4A4000D460079F6F7F4FF04462846F6F7E6FF32
:10E4B400083034F8100010F01C0018BF012038BDDB
:10E4C40038B50D460079F6F7E3FF04462846F6F71B
:10E4D400D5FF083034F81000C0F3400038BD38B51B
:10E4E40004460D46FFF7ECFF30B129462046FFF7FE
:10E4F400C7FF18B1012000E0002038BD0020FCE770
:10E5040008B5FFF7DDFF80F00100C0B208BD704719
:10E51400704738B50D460079F6F7BAFF0446284629
:10E52400F6F7ACFF083034F81000400B38BD032870
:10E5340094BF00200120704770B506460D460024A4
:10E5440004E04FF0FF33AB4211D001342F2C0CD830
:10E554003079F6F79DFF04F1080330F8133013F413
:10E56400807FEED0C3F34323EDE7002000E00120D9
:10E5740070BD38B504460D46FFF782FFB8B1294691
:10E584002046FFF7BDFF90B129462046FFF7C1FFA3
:10E59400226801238340C2F80833226800F5A27080
:10E5A40052F8203023F0030342F8203003E0002126
:10E5B4002846FFF746FF38BDF8B506460F46154610
:10E5C4000024002C03DD4FF0FF342046F8BD3079E1
:10E5D400F6F75EFF50F83430BB4201D00134F0E767
:10E5E40000EBC4035B68AB42F8D1EEE738B50C46E8
:10E5F4000079F6F74DFF05462046F6F73FFF083051
:10E6040035F81030C3F38203042B09D0052B01D154
:10E61400022006E02046F6F7D3FE18B1032000E0FE
:10E62400032038BD0220FCE710B504460846F6F77F
:10E6340025FF083034F8103013F4807F04D0C3F37E
:10E64400432304EBC30010BD0020FCE770B504466F
:10E654000E4615460079F6F71BFF86602079F6F71B
:10E6640017FFC56070BD08B50079F6F711FF90F883
:10E674008C00003818BF012008BD70B504460D4653
:10E684001646FFF7FDFE00B329462046FFF738FF84
:10E69400D8B129462046FFF73CFF2268830003F5E2
:10E6A40080739BB2002199509B58226800F5A27197
:10E6B40052F8213043F0010342F82130B6B1226808
:10E6C40001238340C2F8043310E02368D3F8042301
:10E6D400002A03DB4FF00042C3F8042329462046F6
:10E6E400FFF784FF01462846FFF7ABFE70BDF8B57F
:10E6F40004460D461646FFF797FF20B107684268A7
:10E7040031462846B847A3681BB1E268314628461B
:10E714009847F8BDF8B507460E4614461D46104600
:10E72400FFF705FF60B9022D1DD002213046FFF727
:10E7340088FE032C1BD0022D17D0032D1DD0F8BD4D
:10E74400224631463846FFF7D2FF3046F6F74CFEF4
:10E75400A842F4D100213046FFF773FE2946304623
:10E76400FFF76FFEEBE70321E0E7012CE5D122463A
:10E7740031463846FFF7BBFFE1E7022CDFD1F6E76D
:10E7840070B505460846F6F779FE04462879F6F78B
:10E794007FFE04F1080330F8133013F4807F0BD0AC
:10E7A400C3F34326083423F4F85320F814303146D5
:10E7B4002846FFF7C1FE00B170BD2879F6F768FE60
:10E7C400002340F836302879F6F762FE3146783077
:10E7D400F6F752FCF0E770B504460D46FFF750FE1D
:10E7E40058B1266829462046FFF793FE00F5A2702B
:10E7F400002346F8203046F8203029462046FFF70B
:10E80400BFFF2079F6F744FE04462846F6F736FEA5
:10E814000830002324F8103070BD70B504460D464E
:10E824001E4604984FF0000C01E00CF1010C8445E5
:10E834000ED25FFA8CF2920002F5807192080123E5
:10E8440003FA02F21542F0D0002363506358ECE758
:10E85400002D04DA0023C4F87C31D4F87C3144F36D
:10E864000730FEF7EEF90EB1C4F8045370BDF8B5E5
:10E8740006460D46144619E094FAA4F3B3FA83F35A
:10E8840001229A4024EA020403F13C0205EB42020D
:10E89400978803F5A27356F82300C0F30140FFF7ED
:10E8A40036FE024639462846FFF721FF002CE3D105
:10E8B400F8BD08B5F6F704FF08BD08B5F6F7F0FD96
:10E8C40008BD08B5FFF7C2FE08BD08B5F6F766FE39
:10E8D40008BD08B5F6F7C8FF08BD08B5FFF7C3FEC5
:10E8E40008BD08B5F6F79CFF08BD08B5F6F7B2FFFA
:10E8F40008BD08B5F6F796FE08BD08B5FFF7BDFEDE
:10E9040008BD08B5FFF735FE08BD034611F48020A5
:10E9140002D0D3F8480120BB11F0020F02D0D3F883
:10E92400042132BB11F4007F02D0D3F8242142BB6E
:10E9340011F4801F02D0D3F8502152BB11F4002FE0
:10E9440002D0D3F84C2162BB11F0807F02D0D3F8FF
:10E95400602172BB11F4000F02D0D3F85C2182BB9A
:10E9640070470022C3F84821D3F848214FF480208F
:10E97400D2E70022C3F80421D3F8042140F00200B6
:10E98400D0E70022C3F82421D3F8242140F40070F6
:10E99400CEE70022C3F85021D3F8502140F4801070
:10E9A400CCE70022C3F84C21D3F84C2140F40020DA
:10E9B400CAE70022C3F86021D3F8602140F08070D8
:10E9C400C8E70022C3F85C21D3F85C3140F40000AE
:10E9D400C6E700B583B00021019100910B460122E6
:10E9E400F7F768F803B05DF804FB034691F82020BC
:10E9F400032A38D8DFE802F0293016028A6812F4B4
:10EA0400802F04D0D3F84C25086990420FD18A682E
:10EA140012F4802F29D1D3F84C258969914206D16B
:10EA240001207047D3F84C250869904206D0002095
:10EA3400C3F800050622C3F800257047D3F83C2527
:10EA440089699142F3D101207047D3F84C250969B3
:10EA54009142ECD101207047D3F83C2509699142D9
:10EA6400E5D101207047012070470120704770B53F
:10EA740082B00446C37B0BB1807BA8B9A368B3F111
:10EA84007F6F0ED32368222B06D0232B21D16368FA
:10EA9400222B20D10B2605E06268232AF5D10B2610
:10EAA40000E00626A07B08B102B070BD00250195E8
:10EAB400009603232A4629462068F6F7FBFF0195B2
:10EAC400009603232A4629466068F6F7F3FF0120DF
:10EAD400EAE70020E8E70020E6E700B9704708B558
:10EAE400FEF720FA08BD60B1C3685A7812F0010F2E
:10EAF40003D01B781BB10020704700207047012011
:10EB0400704700207047EFF31183202383F31288AA
:10EB1400BFF36F8FFEE710B50446436983B198478E
:10EB240030B100280ADBFF2800DDFF20E3681870FD
:10EB3400E268537843F00103537010BD4042F2E79A
:10EB44000020F5E708B500F036FC08BD08B500F074
:10EB54000BFC08BD8169C36841EA030212F0030F8C
:10EB640010D1002202614269013A02FB013304E040
:10EB740002691A60036182699B1AC2689A42F7D9D2
:10EB8400002070476FF0150070470120704710B5E2
:10EB9400044643618261C1600023C3610372FFF7CD
:10EBA400D9FF002801DB2460646010BD2DE9F8431F
:10EBB40004460D46FFF7E9FFB0B104F10807EFF38F
:10EBC4001186202383F31288BFF36F8F2369A3B1C7
:10EBD40023692B602561E369013BE36186F31188B6
:10EBE400BFF36F8FBDE8F883002383F31188BFF36D
:10EBF4006F8F0423184602DFF4E7D4F800804445FD
:10EC040017D0B8F1000918BF4FF00109B8F1000F8F
:10EC140012D1B9F1000FDBD00023C8F8AC30C8F82A
:10EC24001050404600F0C1F931463846F8F73CFA36
:10EC3400D8E74FF00008E4E7D8F80420D8F800300B
:10EC440013605A600023C8F80030C8F8043098F8FC
:10EC54000D2022F0020288F80D20C8F8083008F1CF
:10EC6400180000F0D4FAD4E708B5EFF31183202399
:10EC740083F31288BFF36F8FFEF705F8F5E700BF43
:10EC84007047884200DA014611F17F0F01DB084624
:10EC940070476FF07E00704708B5806890F90E30B9
:10ECA4008B4201D1002008BDF8F762F9FBE7034667
:10ECB40000209860D8601B605B6070470B6803F0AD
:10ECC40003030B60426832B1136803F003030B4380
:10ECD40013604160704741600160704708B591B1AD
:10ECE4008C460B6823F00301032B18D9136803F037
:10ECF40003030B431360DCF8003003F003031343F6
:10ED0400CCF8003008BD0168136803F003030B431B
:10ED1400136002604368002BF4D14260F2E71146AD
:10ED2400FFF7CCFFEEE708B50022C0F8AC20016184
:10ED340000F03BF908BD2DE9F04F83B004460F46BF
:10ED4400164601939DF8303000F1080BEFF3118A59
:10ED5400202282F31288BFF36F8FD04603B1476835
:10ED640004F10C03E568AB4219D0B5F1000918BFF2
:10ED74004FF00109ADB9B9F1000F23D1019B63BB79
:10ED840000233360324639462046FFF7A7FF88F355
:10ED94001188BFF36F8F484603B0BDE8F08F00259C
:10EDA400E3E76A682B6813605A6000232B606B608A
:10EDB4006A7B22F002026A73AB6005F1180000F06E
:10EDC40026FAD8E731462846FFF7ADFF51465846A4
:10EDD400F8F76AF94FF00009DDE70820F8F79EFD1F
:10EDE40020B14660012202600646CBE76FF00B09B2
:10EDF400CDE760B1036813F0030F08D010B5446881
:10EE040009B9204610BD00F080FA2046FAE77047A1
:10EE140000B583B00A460123009300231946FFF787
:10EE24008AFF03B05DF804FB3AB18A4208D38160DB
:10EE3400C26000604060002070476FF015007047AA
:10EE44006FF015007047F8B505460E46D41D24F042
:10EE540007040F193946F3F791FB073020F0070038
:10EE6400C5F89460C5F89840C5F89C00381AF8BDF8
:10EE7400EFF30580003818BF0120704774307047E5
:10EE840010B400248460037342738173C473846177
:10EE9400C46110BC7047F0B587B00446129E139D40
:10EEA40000270597109F04970F9F03970E9F0297C3
:10EEB4000D9F01970C9F0097F7F7A4FEB5F1FF3F54
:10EEC40008BFB6F1FF3F02D1204607B0F0BD32467D
:10EED4002B462046F7F776FEF6E70020704738B554
:10EEE40004460D46F7F770FF637B43F00203637338
:10EEF40035B3A5602B689D420DD100230BE05A6801
:10EF04006260236014605C601AE01A4669688A4291
:10EF14000FD01B687BB173B194F90E1093F90E20D6
:10EF24009142F2D0521A002AE9DC1A46002BEDD1A4
:10EF3400F0E70023EEE76B68256063601C606C609B
:10EF440038BD08B5183000F062F908BD70B5064642
:10EF5400046884421AD0DCB16268236813605A6082
:10EF6400002525606560637B23F002036373A5605D
:10EF740004F1180000F04BF9C4F8AC502046F7F740
:10EF8400CFFE3468A642E6D12C46E4E70024E2E74B
:10EF940070BD70B5044616461D46FFF7A0FF324605
:10EFA4002B462046F7F7BEFF70BD38B50446002354
:10EFB400EFF31185202282F31288BFF36F8F04E0F0
:10EFC40085F31188BFF36F8F012343B92046FFF700
:10EFD40084FF0028F4D12046F7F7A2FEF0E738BDFD
:10EFE4000023EFF31181202282F31288BFF36F8F85
:10EFF40010E04268036813605A60002303604360B2
:10F00400427B22F002024273836081F31188BFF3D2
:10F014006F8F01231BB98368002BEAD1F5E7704792
:10F0240038B504460023EFF31185202282F31288B9
:10F03400BFF36F8F0BE0637B23F0040363732046FD
:10F04400F7F76EFE85F31188BFF36F8F01239BB929
:10F05400637B13F0280FF5D1A368002BEBD0626813
:10F06400236813605A60002323606360627B22F08C
:10F0740002026273A360DEE738BD08B501211838C7
:10F08400FFF7CEFF08BD01460023EFF3118C2022C9
:10F0940082F31288BFF36F8F184605E000208CF3CB
:10F0A4001188BFF36F8F01238BB908688142F5D0B3
:10F0B4000028F4D04268036813605A600023036098
:10F0C4004360427B22F0020242738360E7E77047A9
:10F0D40010B50446FFF784FF04F1180000F097F818
:10F0E40010BD08B5EFF31180202383F31288BFF31A
:10F0F4006F8FF7F7EFFF08BD38B505460468844203
:10F1040001D0002002E00024FBE7012054B1204696
:10F11400FFF7DEFF2046FFF748FF2C68A542F4D135
:10F124000024F2E738BD031D43608360704738B59F
:10F1340004460D46F8F77EF884462046B5F1FF3FB5
:10F1440008BFB4F1FF3F2CD04FEAEC72510141EA01
:10F15400DC614FEA4C13B3EB0C0361EB0201890051
:10F1640041EA93719B0013EB0C0042EB0103DB00BB
:10F1740043EA5073C00047F6FF72801843F100035E
:10F18400B0F5004F73F100020AD36FF400428242DB
:10F1940043F6FF729A4105D3C00B40EA434000E0B6
:10F1A400002038BD6FF00040FBE710B50446F8F7C7
:10F1B40095F948B102460369416920691B186069E1
:10F1C40041EB0001136151616268236813605A6066
:10F1D40000232360636010BD10B50446F8F774F98A
:10F1E40078B1036942691B1B62EBE472B3F1004F0F
:10F1F40072F1000108DA002A01DB184610BD002371
:10F20400FBE76FF00040F9E76FF00040F6E7F8B570
:10F2140004460023EFF31187202282F31288BFF300
:10F224006F8F6FF015000CE0F8F764F9FFF7D4FF67
:10F234000021F5F7DDFD304687F31188BFF36F8FAA
:10F2440001231E468BB92368002BF5D0F8F73CF94F
:10F2540005462046FFF7A9FF00224FF00043C4E90A
:10F264000423A542E0D03046E6E7F8BD08B5F8F738
:10F274004FFA08BD08B5F8F74BFA08BD08B5EFF327
:10F284001180202383F31288BFF36F8FF7F722FFD7
:10F2940008BD016242620023036300F11802826127
:10F2A400C261036043604363704710B50446FFF7CF
:10F2B400AEFF60B9636A0BB12046984704F11800A9
:10F2C400FFF7E1FE18B1FFF770FEFFF7D7FF10BD9F
:10F2D40038B504460020043213D2A0B941F0040129
:10F2E400EFF31185202080F31288BFF36F8F20463F
:10F2F400984785F31188BFF36F8F08B140F8044B2A
:10F3040038BD0120E9E70020FAE730B108B5011F54
:10F3140050F8040C00F00CF808BD704710B500F16B
:10F324000C04C460046100240475FCF7DAFC10BD0D
:10F3340070B5044600F11406EFF31185202383F31E
:10F344001288BFF36F8FFCF777FC04F10C00FFF712
:10F35400D3FE20B985F31188BFF36F8F70BD2946A2
:10F364003046F7F7A1FEF9E70A44431E914200D163
:10F37400704710B511F8014B914203F8014FF9D1D0
:10F3840010BD884210B501EB020402D98442234621
:10F3940007D8431EA14208D011F8012B03F8012F0E
:10F3A400F8E7024401468A4200D110BD13F8014D2A
:10F3B40002F8014DF7E702440346934200D1704737
:10F3C40003F8011BF9E710B50139044632B111F80D
:10F3D400013F013A00F8013B002BF7D10021FFF770
:10F3E400EAFF204610BD0246014410B58A42134686
:10F3F40003D01C780132002CF8D1181A10BD2DE965
:10F40400F047C3F137090746884603F01F055FFA42
:10F4140089F916464FF0000A384641462A465346B3
:10F42400F0F796FE4346D4B23A4688460746092C7E
:10F4340084BF4C44E4B2AA4204F1300473EB0A03DF
:10F4440006F8014BE8D23046BDE8F0872DE9F04FCD
:10F45400061887B09946154641EB010402AB3046C5
:10F46400DDF844B021460093A9F1410AD2E9002312
:10F4740000F0A6F804AB07468846304621460093C0
:10F48400D5E9022300F09CF80022DDE90263841927
:10F4940051EB0306049B28BF0122D5E90001D218D1
:10F4A400059B43F10003381848EB0101B84271EBA6
:10F4B4000801D5E902C134BF0120002014EB0C0C73
:10F4C400CDF800A046EB010110EB0C0041F1000166
:10F4D400A04271EB060C34BF4FF0010C4FF0000C4E
:10F4E400CDE904231CEB020243F1000300F083F88E
:10F4F400109BC3E90001129B012BDDE9042329D1F0
:10F50400D5E90201D5E900C5201ACDF800A066EBC3
:10F514000101674578EB050534BF01250025401B33
:10F5240061F10001844276EB010534BF0125002519
:10F53400521B63F1000300F05EF8DDE90423CBE91C
:10F54400000120463146CDF800A000F054F807B081
:10F55400BDE8F08F17EB070E48EB080C201946EBBB
:10F564000601BE457CEB080834BF01270027C719F4
:10F5740041F10008D5E9000186457CEB010C34BF5C
:10F5840001200020D5E90215381A68F1000C401A50
:10F594006CEB050192185B41A74278EB060534BF7A
:10F5A40001250025521943F10003874278EB010835
:10F5B40034BF01250025521BA9F140050095B8E789
:10F5C400F0B50F460446A0FB0201059EA7FB0252BC
:10F5D4004919A3FB0445A7FB037342F10002611818
:10F5E40045F10004D21943F10003121943F1000359
:10F5F400C6E90023F0BDF0B5059CC4F14007C4F191
:10F604002006A4F12005E04002FA06F6BB4022FAE7
:10F6140005F5BA403343C4F120062B4301FA06F63C
:10F62400A4F12005304321FA05F5E14028431943AC
:10F634001043F0BD2DE9F0410446CD0FC1F30A504B
:10F64400C1F3130140F2FF76157154EA010707D0A4
:10F65400B0420CD145F0080500201571BDE8F081D9
:10F66400002864D0B0425FD145F00405F4E70028D7
:10F674005AD10120A0F2FF30002B10605ADB0C2B72
:10F684005ADCC3F10D050120AD0005F1FF3CA5F1E5
:10F694002107C5F1210600FA07F720FA06F600FA59
:10F6A4000CF03743061847EB0708D6F1000E68EB59
:10F6B400480C013E48F1FF38264008EA0108B042F0
:10F6C40077EB080810DBC5F12008B5F1200624FA11
:10F6D40005F501FA08F858BF41FA06F645EA0805A7
:10F6E40058BF3543ED0703D52018044641EB070105
:10F6F40004EA0E0401EA0C019DF81860123218465F
:10F704000D25C6F127064FF0300E04F00F0324092F
:10F7140005F1FF3C571E44EA01740911B3B9A8422C
:10F724000CDA65463A46F0E741F48011A2E7044654
:10F734000146A1E70023DFE70D23DDE782F800E0BF
:10F744001CF1010365463A46DFD187E7092BC8BFA0
:10F754009B19A84203F13003B8BF28461370EFE7A2
:10F76400D1E9043293421EBF5A1C0A6118707047D3
:0CF774000148006870470000C010002031
:08F78000080AFF7F01000000F0
:10F7880000000000F8F700004968000000000000D1
:10F7980035790000000000000000000038F8000083
:10F7A8000000000018F8000065E0000000000000FC
:10F7B8000000000058F800000000000078F8000081
:10F7C80081390000000000009D4C0000000000008E
:10F7D8008D16000000000000B1330000000000009A
:10F7E8006DE00000000000000000000098F8000034
:10F7F8002C0A0100700A01007CFB0000EC000020CC
:10F8080034110020953800000000000000000000BE
:10F81800B80A0100D00A010040FB0000F0000020F7
:10F82800E8110020593D0000000000000000000021
:10F83800C40A0100E80A010040FB0000F2000020B1
:10F84800F4110020593D00000000000000000000F5
:10F85800A00A010000000000B00A0100EE0000202C
:10F868000000000035D20000000000000000000089
:10F87800E00C0100FC0C010098FB0000F6000020E1
:10F8880044000020EFDD0000000000000000000040
:10F89800D00B0100EC0B010064FB0000F400002019
:10F8A8000012002077D400006FD400000000000090
:10F8B8000000000067CC00000000000067CC0000DA
:10F8C8000000000067CC00000000000067CC0000CA
:10F8D8000000000067CC000025520000CDE10000C8
:10F8E8000000000067CC00000000000067CC0000AA
:10F8F80078F800000DDE000079610000CDE100001D
:10F908000000000067CC00000000000067CC000089
:10F918000000000067CC0000DD590000CDE10000C8
:10F928000000000067CC00000000000067CC000069
:10F938000000000067CC00000000000067CC000059
:10F948000000000067CC00000000000067CC000049
:10F958000000000067CC000000000000B54D00006A
:10F968000000000067CC00000000000067CC000029
:10F978000000000067CC00000000000067CC000019
:10F988000000000067CC00000000000067CC000009
:10F998000000000067CC00000000000067CC0000F9
:10F9A8000000000067CC00000000000067CC0000E9
:10F9B8000000000067CC00000000000067CC0000D9
:10F9C8000000000067CC00000000000067CC0000C9
:10F9D8000000000067CC00000000000067CC0000B9
:10F9E8000000000067CC00000000000067CC0000A9
:10F9F8000000000067CC00000000000067CC000099
:10FA08000000000067CC00000000000067CC000088
:10FA18000000000067CC00000000000067CC000078
:10FA28000000000067CC00000000000067CC000068
:10FA38000000000067CC00000000000067CC000058
:10FA48000000000067CC00000000000067CC000048
:10FA58000000000067CC00000000000067CC000038
:10FA68000000000067CC00000000000067CC000028
:10FA78000000000067CC00000000000067CC000018
:10FA88000000000067CC00000000000067CC000008
:10FA98000000000067CC00000000000067CC0000F8
:10FAA8000000000067CC00000000000067CC0000E8
:10FAB8000000000067CC00000000000067CC0000D8
:10FAC8000000000067CC00000000000067CC0000C8
:08FAD8000000000067CC0000F3
:10FAE00010020020181E00200004000089060000FB
:10FAF00000000000000000000000000007000000FF
:10FB0000000000007800010000000000000000007C
:10FB1000C00200201822002000040000B5040000EC
:10FB200000000000000000000000000006000000CF
:10FB3000000000008800010000000000000000003C
:10FB4000A53B0000A3D30000AFD30000C3D3000047
:10FB5000CDD30000D7D30000A53A000017D4000091
:04FB600000000000A1
:10FB6400B140000000000000F53D0000000000006E
:08FB74000000000071400000D8
:10FB7C005D3800004DD100008FD100000000000066
:0CFB8C0061D0000000000000000000003C
:10FB9800F5D60000E9470000E1DA00003D46000024
:10FBA8009BD600006BDA00009FD700009945000043
:04FBB800EFD5000085
:10FBBC00DC000100030000009400010003000000C1
:10FBCC00C0000100030000007C01010003000000E4
:10FBDC002C02010003000000600A01000300000079
:10FBEC00000B010003000000DC0B0100030000000F
:10FBFC006C02010003000000700201000300000011
:10FC0C00DC03010003000000600901000300000098
:10FC1C00780E0100030000000C0A01000300000034
:08FC2C00EC0C010003000000D4
:10FC3400000401000C000020C803010001000000C2
:10FC4400040000000F000000010000000800000094
:10FC54002000000060000000700000000D000000A3
:10FC64000C0000000E0000005000000074000000B2
:10FC7400A8000000FFFFFFFFFFFFFFFFFFFFFFFFE4
:04FC8400FFFFFFFF80
:10FC9000002584500028845000000000000000006F
:10FCA0000338FDD87047000001000000000000008C
:10FCB0000500000000000000190000000000000026
:10FCC0007D00000000000000710200000000000044
:10FCD000350C000000000000093D0000000000009D
:10FCE0002D31010000000000E1F5050000000000DA
:10FCF00065CD1D0000000000F90295000000000025
:10FD0000DD0EE90200000000514A8D0E00000000E7
:10FD10009573C24800000000E941CC6B010000006F
:10FD20008D49FD1A07000000C16FF2862300000014
:10FD3000C52EBCA2B1000000D9E9AC2D78030000AB
:10FD40003D9160E45811000031D6E275BC560000C8
:10FD5000F52E6E4DAEB10100C9EA26836778080022
:10FD6000ED95C28F055A2A00A1EDCCCE1BC2D3005F
:10FD700025A4000A8BCA2204000000000000000035
:10FD80000000000000000010000000000000000063
:10FD9000B9340332B7F4AD1410DB1AB30892540E21
:10FDA0000D307D951447BA1A66088F4D26ADC66D85
:10FDB000F598BF85E2B74511CA96853D92BD1DEB0A
:10FDC000FCA11860DCEF52163C92AE220BB8C1B415
:10FDD000839D2D5B0562DA1C304C7E8F4E8BB25BAF
:10FDE00016F4529F8B56A512FBD4827643ED8AF00F
:10FDF0008FE7F9311565191850F19BD94A13EEB404
:10FE0000284CF0A686C1251F035FC270CB9E491601
:10FE1000E642889C44EB2014B0650836AD6EA5859B
:10FE200085F0CA14E2FD031A0B899979D5B13D0911
:10FE3000D8DA973A35EBCF10AC363F5E73BB38CF8C
:10FE40003E6752FA44AFBA150100000000000000FE
:10FE50000000000000000020345065C05FC9A652B9
:10FE6000BB13CBAEC440C21806C8DF7100D5A87C56
:10FE7000F56F0FDA58FC27136E4756357D24206541
:10FE800002C7E768E48CA41DE9E60268D7CD3961B2
:10FE90007977FCC2405BEF16798CDE43FFA751F9FE
:10FEA00091F3B278F5BDBE11E857E9D6E8BEE87B1C
:10FEB000B054AC8F848D751BEA23A499E9F9D38BD8
:10FEC000B7A3714061DA3E15CEE33ECB73F9480823
:10FED0008C97B427D51B7010A2BFEFB9EB853215F4
:10FEE0004DB44DB49BBB6F1996B6076CF8E7EEADF9
:10FEF00036D9B4F59135AE13222218AF4E6A684D4B
:10FF000091DAAA3D4F40741E9FBD9EE006A1C098A5
:10FF100057C2A7FDA40E90170E7D497173E3208F81
:10FF2000B220D87605143B12853D7434811343B05A
:10FF3000AD297A5F27F4351C53656D6170686F7267
:10FF4000652054616B656E2C20436F756E74203D87
:10FF50002025690053656D6170686F72652047697F
:10FF600076656E2C20436F756E74203D20256900E8
:10FF700048656170204D656D6F727920416C6C6FC2
:10FF8000636174696F6E204661696C65640000008E
:10FF900050726F6475636572205468726561642085
:10FFA00044617461203A20582076616C203D202500
:10FFB00069202C20592076616C203D2025692C2059
:10FFC0005A2076616C203D202569000050726F64D4
:10FFD0007563657220657865637574696F6E2074EA
:10FFE000696D65203D20256C6C64206E730A0000ED
:10FFF0004E6F7468696E6720507573686564204F32
:020000021000EC
:100000006E204649464F0A0020436F6E73756D653A
:1000100072205468726561642044617461203A20E2
:1000200058203D202564202C2059203D2025642087
:100030002C205A203D20256400000000436F6E7381
:10004000756D657220657865637574696F6E20746F
:10005000696D65203D20256C6C64206D730A00007D
:10006000424D453638302053656E736F72204944D7
:10007000203D202578000000636F6E73756D5F74FE
:10008000687265616400000070726F645F7468720A
:10009000656164004D41494E5F43000018F800005F
:1000A0000700000018F800000600000055415254F7
:1000B000204953204E4F542052454144590A0000D4
:1000C000554152545F4300004C4544275320415250
:1000D00045204E4F54205245414459004C45445F01
:1000E0004300000018F800000700000018F80000A6
:1000F000060000004932433A204465766963652072
:100100006973206E6F742072656164792E0A000035
:100110004932433A204465766963652069732072E9
:10012000656164792E0A00004932433A20466169CC
:100130006C656420746F20777269746520726567DE
:1001400069737465722061646472657373202865D5
:100150007272202564290A004932433A20466169B7
:100160006C656420746F20726561642064617461E1
:100170002028657272202564290A0000626D6536A8
:1001800038305F693263000028756E7369676E6589
:1001900064292063686172202A2075736564206673
:1001A0006F722025257020617267756D656E742EE3
:1001B0002049742773207265636F6D6D656E646589
:1001C0006420746F206361737420697420746F20DD
:1001D000766F6964202A20626563617573652069A2
:1001E00074206D6179206361757365206D69736238
:1001F00065686176696F7220696E206365727461EB
:10020000696E20636F6E66696775726174696F6E7F
:10021000732E20537472696E673A2225732220610F
:100220007267756D656E743A256400006362707262
:10023000696E74665F7061636B61676500000000E2
:100240006C6F6767696E6700200400200001000082
:10025000D3C8000029C8000002000000F5CA000051
:100260000000000000000000000000006C6F67004C
:100270006C6F675F6D676D74000000004D65737390
:10028000616765202822257322292064726F7070AF
:1002900065642062656361757365206974206578A3
:1002A00063656564732073697A65206C696D697430
:1002B0006174696F6E202825752900004D65737380
:1002C0006167652064726F70706564206265636148
:1002D0007573652069742065786365656473207340
:1002E000697A65206C696D69746174696F6E202824
:1002F000257529005B2530386C755D2000000000F5
:100300005B253032753A253032753A253032752EFC
:10031000253033752C253033755D20001B5B306D27
:10032000000000002573000025732E0025733A207D
:10033000000000003C25733E2000000025732F00C4
:100340002573200025303278200000002020200076
:100350007C00000025630000206D65737361676594
:10036000732064726F70706564202D2D2D0D0A1B33
:100370005B306D001B5B313B33316D2D2D2D20002B
:100380001B5B313B33316D001B5B313B33336D0005
:100390006572720077726E00696E66006462670053
:1003A000000000008003010088030100000000003D
:1003B0000000000000000000900301009403010011
:1003C000980301009C0301006C6F675F6261636BBF
:1003D000656E645F75617274000000006C6F675F2A
:1003E0007561727400000000F0030100780B0020BA
:1003F0001D210000900B00209C0B0020010000003C
:10040000C3CB0000B5CB0000A1CB000095CB000012
:100410000000000089CB0000000000002A2A2A20EA
:10042000426F6F74696E67206E524620436F6E6E26
:100430006563742053444B2076332E312E312D6565
:100440003261393766653235373861202A2A2A0AFF
:10045000000000002A2A2A205573696E67205A6519
:1004600070687972204F532076342E312E39392D11
:10047000666638663063353739656562202A2A2A10
:100480000A00000000000000DFCB00006D757465FD
:10049000785F696E69742063616C6C65642077694C
:1004A0007468204E554C4C20706172616D657465A6
:1004B00072000000436F756C64206E6F7420616C75
:1004C0006C6F63617465206D757465782062656614
:1004D0006F726520696E697469616C697A696E67AB
:1004E000000000002C000020240000201C00002040
:1004F000000000001400002009230000AD220000CD
:1005000031220000C521000072302F61313A2020D5
:10051000307825303878202072312F61323A20200F
:10052000307825303878202072322F61333A2020FD
:10053000307825303878000072332F61343A20202B
:10054000307825303878207231322F69703A202087
:10055000307825303878207231342F6C723A202070
:10056000307825303878000020787073723A202077
:1005700030782530387800004661756C74696E6794
:1005800020696E737472756374696F6E2061646440
:100590007265737320287231352F7063293A2030C9
:1005A0007825303878000000556E68616E646C659F
:1005B00064204952516E3A2025640000535053453F
:1005C0004C20696E20746872656164206D6F64658B
:1005D00020646F6573206E6F7420696E6469636157
:1005E00074652050535000002A2A2A2A2A20555385
:1005F000414745204641554C54202A2A2A2A2A00A0
:1006000020204469766973696F6E206279207A656B
:10061000726F00002020556E616C69676E65642002
:100620006D656D6F7279206163636573730000009F
:100630002020537461636B206F766572666C6F77F0
:100640002028636F6E746578742061726561206E16
:100650006F742076616C69642900000020204E6F61
:1006600020636F70726F636573736F7220696E734E
:100670007472756374696F6E730000002020496C9A
:100680006C6567616C206C6F6164206F66204558F3
:10069000435F52455455524E20696E746F2050434B
:1006A000000000002020496C6C6567616C20757348
:1006B00065206F6620746865204550535200000025
:1006C0002020417474656D707420746F20657865A6
:1006D0006375746520756E646566696E656420690E
:1006E0006E737472756374696F6E00002A2A2A2A09
:1006F0002A204465627567206D6F6E69746F722081
:10070000657863657074696F6E202A2A2A2A2A0028
:1007100052657365727665642045786365707469A7
:100720006F6E20280000000053707572696F75733A
:1007300020696E7465727275707420284952512058
:10074000000000002A2A2A2A2A202573202564294D
:10075000202A2A2A2A2A00002A2A2A2A2A204D5018
:1007600055204641554C54202A2A2A2A2A000000A6
:100770002020537461636B696E67206572726F72BB
:100780002028636F6E746578742061726561206DD6
:1007900069676874206265206E6F742076616C6989
:1007A000642900002020556E737461636B696E6765
:1007B000206572726F7200002020446174612041D4
:1007C00063636573732056696F6C6174696F6E0043
:1007D00020204D4D46415220416464726573733A46
:1007E00020307825780000002020496E73747275DF
:1007F0006374696F6E204163636573732056696F1C
:100800006C6174696F6E00002020466C6F617469C2
:100810006E672D706F696E74206C617A79207374C5
:1008200061746520707265736572766174696F6E4C
:10083000206572726F7200002A2A2A2A2A204255E5
:1008400053204641554C54202A2A2A2A2A000000C7
:100850002020537461636B696E67206572726F72DA
:100860000000000020205072656369736520646198
:10087000746120627573206572726F7200000000EF
:1008800020204246415220416464726573733A20CD
:1008900030782578000000002020496D7072656373
:1008A000697365206461746120627573206572727A
:1008B0006F7200002020496E737472756374696FE3
:1008C0006E20627573206572726F72002A2A2A2A5E
:1008D0002A2048415244204641554C54202A2A2A75
:1008E0002A2A00002020427573206661756C7420EE
:1008F0006F6E20766563746F72207461626C652020
:100900007265616400000000202044656275672004
:100910006576656E7400000020204661756C742059
:10092000657363616C6174696F6E202873656520FF
:1009300062656C6F77290000415243485F45584318
:10094000455054207769746820726561736F6E201A
:1009500025780A00000000200000000006000100C9
:100960006D7075004661696C656420746F20616C00
:100970006C6F63617465206E6577204D50552072F1
:100980006567696F6E2025750A00000050617274FA
:100990006974696F6E2025753A2073616E69747988
:1009A00020636865636B206661696C65642E000076
:1009B000496E76616C696420756E6465726C7969E4
:1009C0006E6720726567696F6E20696E6465782056
:1009D0002575000002000000EC090100464C41535F
:1009E000485F30005352414D5F300000000000006E
:1009F000DC09010006000000E0FF0F0000000020FD
:100A0000E409010021000000E0FF0620736F63008D
:100A100021202524B9CF000059CF0000000000009C
:100A20005D3600003D36000000000000636C6F631F
:100A30006B403530303000006866636C6B0000003E
:100A40006C66636C6B0000006866636C6B313932F6
:100A50006D0000006866636C6B617564696F00000F
:100A6000636C6F636B5F636F6E74726F6C0000001A
:100A7000E136000051370000380A0100CDD10000F6
:100A8000F5D10000400A0100C3D10000EBD1000005
:100A9000480A0100B9D10000E1D10000540A010068
:100AA00063727970746F40353038343430303000D0
:100AB0004BD20000000000006770696F403834328C
:100AC000383030006770696F40383432353030006C
:100AD000FFFF00000028845000000000010000001B
:100AE00000D0005000000000FFFFFFFF00258450F1
:100AF000000000000000000000D0005000000000D6
:100B0000693263004E65656420746F2075736520DB
:100B100074686520696E7465726E616C20647269B8
:100B200076657220627566666572206275742069EA
:100B300074732073697A6520697320696E737566B2
:100B400066696369656E7420282575202B202575DC
:100B5000203E202575292E2041646A757374207407
:100B60006865207A65706879722C636F6E63617452
:100B70002D6275662D73697A65206F72207A6570B3
:100B80006879722C666C6173682D6275662D6D6173
:100B9000782D73697A652070726F70657274792030
:100BA00028746865206F6E652077697468206772A5
:100BB00065617465722076616C75652920696E20A7
:100BC0007468652022257322206E6F64652E0000F4
:100BD0006932634039303030000000006932635FB1
:100BE0006E7266785F7477696D0000000090005047
:100BF000000000000000000000000000000098015C
:100C000000000101B53D0000100000009BD4000071
:100C10001C0C010024120020FFFF00000090005077
:100C2000280C010001000000300C0100020000004F
:100C30002200000C2300000B756E737570706F72CC
:100C4000746564207370656564000000547279698E
:100C50006E6720746F207472616E73666572206DAA
:100C60006F7265207468616E20746865206D6178AC
:100C7000696D756D2073697A6520666F722074687E
:100C80006973206465766963653A202564203E2097
:100C9000256400004661696C656420746F20696E8C
:100CA000697469616C697A65206465766963653A1F
:100CB0002025730000010203040506070B00000055
:100CC0004661696C656420746F20616C6C6F636150
:100CD000746520505049204368616E6E656C000059
:100CE0007561727440383030300000007561727484
:100CF0005F6E7266785F7561727465000080005087
:100D00000500000000000000300D01000000D601C9
:100D100000000000000000000000000000000000D3
:100D20003C12002034120020141E0020131E00204C
:100D3000008000503C0D010001000000440D010046
:100D40000400000014000000130000021606000159
:100D50001506000300203030303030303030303075
:100D600030303030000100000001000008000000B9
:100D70000300000043505520657863657074696F07
:100D80006E000000556E68616E646C656420696E6B
:100D90007465727275707400537461636B206F7642
:100DA0006572666C6F7700004B65726E656C206FC4
:100DB0006F7073004B65726E656C2070616E696355
:100DC00000000000556E6B6E6F776E206572726F5B
:100DD00072000000756E6B6E6F776E0048616C7408
:100DE000696E672073797374656D00003E3E3E2026
:100DF0005A455048595220464154414C2045525280
:100E00004F522025643A202573206F6E20435055A1
:100E1000202564004661756C7420647572696E6784
:100E200020696E746572727570742068616E646C8E
:100E3000696E670A0000000043757272656E742067
:100E40007468726561643A20257020282573290032
:100E500069646C65000000006D61696E000000004F
:100E600088F7000088F70000D0F70000D8F70000EE
:100E7000F8F70000F8F700006F730000FF8FFFFF26
:100E8000FF8FFFFFFE8FFFFFFE8FFFFFFD8FFFFF36
:100E9000FC8FFFFFFC8FFFFFFB8FFFFF6D757465FD
:100EA000785F667265652063616C6C656420776944
:100EB0007468204E554C4C20706172616D6574658C
:100EC0007200000043616E277420696E6974696165
:100ED0006C697A65206D757465782C207761732054
:100EE0004E554C4C0D0A00004661696C20746F2011
:100EF00061637175697265206D757465780A0000AB
:100F00004661696C20746F20696E637265617365F8
:100F100020504D20636F756E7465720A00000000EA
:100F20004661696C20746F206465637265617365E6
:100F300020504D20636F756E7465720A00000000CA
:100F40004661696C20746F2072656C656173652001
:100F50006D757465780A0000436F756C64206E6F60
:100F600074206C6F636B20706F776572207361768D
:100F700065206D75746578004661696C20746F201A
:100F8000756E6C6F636B206D757465780A00000078
:100F90006374782063616E6E6F74206265204E55B5
:100FA0004C4C00000A637478206973204E554C4CF9
:100FB0000A00000067E6096A85AE67BB72F36E3C03
:100FC0003AF54FA57F520E518C68059BABD9831F14
:100FD00019CDE05BD89E05C107D57C3617DD703092
:100FE00039590EF7310BC0FF11155868A78FF964F6
:100FF000A44FFABE0123456789ABCDEFFEDCBA985A
:1010000076543210F0E1D2C300000000000000006E
:1010100000000000000000000000004095596959E0
:101020005555545515555556040515411054554000
:1010300045515544404550445055554500400040A9
:101040004004449665555655454045545141154018
:10105000559155555555405105010000544554547E
:101060004555050400100410140440000000014020
:101070005555154154040000440001000000004093
:101080004100004450444550540055555455655155
:1010900000400040010000010005010011545151C1
:1010A000545555050000000000000000000000003D
:1010B0000020202020202020202028282828282028
:1010C0002020202020202020202020202020202020
:1010D0002088101010101010101010101010101088
:1010E0001004040404040404040404101010101078
:1010F0001010414141414141010101010101010142
:101100000101010101010101010101011010101093
:101110001010424242424242020202020202020213
:101120000202020202020202020202021010101067
:10113000200000000000000000000000000000008F
:10114000000000000000000000000000000000009F
:10115000000000000000000000000000000000008F
:10116000000000000000000000000000000000007F
:10117000000000000000000000000000000000006F
:10118000000000000000000000000000000000005F
:10119000000000000000000000000000000000004F
:1011A000000000000000000000000000000000003F
:1011B00000696E66006E616E00286E756C6C2900A9
:1011C00078F8000003BF00005DC80000E8030100DC
:1011D000000000009C0100203A000000B001002047
:1011E0003A000000880100203A000000C4010020FD
:1011F0003A0000000000000007CF000000000000DF
:101200000000000060080020000000000000000056
:10121000000000000090D0030070015000000000AA
:10122000FFFFFFFF3F000000FFFFFFFF3F00000048
:10123000FF00000074000020740000200000000087
:101240009D790000C0000020B8000020B000002000
:1012500000000000A80000206D7B0000B97A0000AB
:10126000ED7A0000357B00000C1500203A00003AB2
:10127000101500203A00003A141500203A00003AF8
:10128000181500203A00003A601A0020D40000200F
:10129000940000208C0000208800002084000020A2
:0C12A0000D89000001890000F5880000A5
:0C12AC0000000000000000000000000036
:1012B8000000000000000000000000000000000026
:1012C8000000000000000000000000000000000016
:1012D8000000000000000000000000000000000006
:0C12E800000000000000000000000000FA
:0412F40000000000F6
:1012F800000000000000000055770000000000001A
:1013080000000000000000005001002050010020F3
:10131800350400000000000000000000000000008C
:081328000000000000000000BD
:1013300000000000583A00200010000000000000EB
:081340000000000000000000A5
:101348008801002088010020000000000000000043
:101358000E0000009C0100209C01002000000000FD
:10136800000000000E000000B0010020B0010020C5
:1013780000000000000000000E000000C401002072
:10138800C401002000000000000000000E00000062
:10139800D8010020D8010020000000000100000052
:1013A800E8010020E8010020000000000A00000019
:1013B80000000000000000000000000004020020FF
:0413C80004020020FB
:0413CC0015E015E033
:0400000300002BE1ED
:00000001FF
