:1000000058220020092900000D7F0000F52800007B
:10001000F5280000F5280000F5280000F52800006C
:10002000000000000000000000000000892A00001D
:10003000F528000000000000212A0000F52800003B
:10004000192C0000192C0000192C0000192C00009C
:10005000192C0000192C0000192C0000192C00008C
:10006000192C0000192C0000192C0000192C00007C
:10007000192C0000192C0000192C0000192C00006C
:10008000192C0000192C0000192C0000192C00005C
:10009000192C0000192C0000192C0000192C00004C
:1000A000192C0000192C0000192C0000192C00003C
:1000B000192C0000192C0000192C0000192C00002C
:1000C000192C0000192C0000192C0000192C00001C
:1000D000192C0000192C0000192C0000192C00000C
:1000E000192C0000192C0000192C0000192C0000FC
:1000F000192C0000192C0000192C0000192C0000EC
:10010000192C0000192C0000192C0000192C0000DB
:10011000192C0000192C0000192C0000192C0000CB
:10012000192C0000192C0000192C0000192C0000BB
:10013000192C0000192C0000192C0000192C0000AB
:10014000192C0000192C0000192C0000192C00009B
:10015000192C000053B94AB9002908BF00281CBF58
:100160004FF0FF314FF0FF3000F00CB8ADF1080C4C
:100170006DE904CE00F010F8DDF804E0DDE90223BB
:1001800004B07047704700BF034613F8012B002AE4
:10019000FBD1181A013870472DE9F04786468C4686
:1001A0000846089E154674461946002B40F0C1804B
:1001B0008542B2FA82F245D94AB1C2F1200300FA6F
:1001C00002FC954094402EFA03F343EA0C0C4FEAEC
:1001D000154EA8B2230CBCFBFEF80EFB18CC08FB96
:1001E00000F943EA0C43994528D9EB1808F1FF3789
:1001F00004D2994502D9A8F102072B44A3EB0903C5
:10020000A4B2B3FBFEFC0EFB1C330CFB00F044EA73
:100210000344A04214D92C190CF1FF3304D2A0429C
:1002200002D9ACF102032C44241A43EA07401EB160
:10023000D440002334607360BDE8F0874746DDE7B3
:100240006346F1E792BB431B01214FEA154EAFB263
:10025000200CB3FBFEFC0EFB1C330CFB07F840EA42
:100260000343984561D9EB180CF1FF3004D298454F
:1002700002D9ACF102002B44A3EB0803A4B2B3FBF8
:10028000FEFC0EFB1C330CFB07F744EA0344A742B9
:100290004DD92C190CF1FF3304D2A74202D9ACF18D
:1002A00002032C44E41B43EA0040C0E7C2F12003F0
:1002B0009540944020FA03F12EFA03F34FEA154ECD
:1002C0009040AFB20343B1FBFEFC0EFB1C10190CB7
:1002D0000CFB07F841EA0041884522D969180CF166
:1002E000FF3004D2884502D9ACF102002944A1EBC9
:1002F00008019BB2B1FBFEFC0EFB1C110CFB07F7C7
:1003000043EA01439F420ED9EB180CF1FF3104D2AE
:100310009F4202D9ACF102012B44DB1B41EA0041B0
:1003200093E76046E3E76146F7E76046A4E7634684
:10033000B8E7834206D916B9002108467CE7C6E92A
:1003400000E0F9E7B3FA83F78FB9834201D372452E
:1003500008D8BEEB020460EB030301209C461EB9E3
:10036000002169E73846FAE7C6E9004CF8E7C7F12B
:10037000200CBB400EFA07F522FA0CF42EFA0CF111
:10038000BA401C4320FA0CF3B8404FEA1449014329
:100390001FFA84FEB3FBF9F809FB18300B0C08FBBD
:1003A0000EFA43EA00439A4540D9E31808F1FF30BA
:1003B00004D29A4502D9A8F102002344A3EB0A0310
:1003C00089B2B3FBF9F809FB183308FB0EFE41EACA
:1003D00003418E452CD9611808F1FF3304D28E45B4
:1003E00002D9A8F10203214443EA0040A1EB0E0127
:1003F000A0FB02984145CE46434602D306D14D4567
:1004000004D20138B9EB020E68EB0403002EA7D02A
:10041000B5EB0E0261EB030101FA0CFC22FA07F3C3
:10042000F9404CEA0303C6E9003199E74046C5E7C5
:100430004346D9E738B5836805699C697CB112F4F5
:10044000000F06D02D6801238B401D4201D082F0A1
:10045000C062044B134002F0B072A04738BD6FF089
:100460005700FBE74000000630B583B000220F4B79
:100470001A7006210E4806F001FD0A230D4A0321D9
:100480000D4807F03AFC012425460AE004FB05F577
:1004900000952346094A0321074807F039FC013437
:1004A000E4B20A2CF2DD03B030BD00BFCC00002066
:1004B0005C9B0000F89E0000309E0000309F000012
:1004C0002DE9F04184B000AF7D4808F053FF20B320
:1004D0004FF4D0117B4806F0B6FC4FF480317A48D7
:1004E00006F0B1FC764E4FF0B86208213046FFF7B7
:1004F000A1FF7649764B4B604FF480738B6030469A
:1005000006F0C9FC734A0321734807F0ECFB734BF8
:1005100093E80300B860397350E0694808F02AFF97
:10052000D6E76F4859E06FF0004C62E0BCF1080F6D
:1005300000DD886101F11C03002007E000F1100ECE
:10054000BE441EF810EC03F801EB01300128F5D988
:100550005BE06FF01B035CE06FF0004C8EE000236B
:100560003B7002237B70002A40F09280BCF10D0F9B
:1005700040F3A2800E2342B103203871002078712D
:10058000B8710120F871786808616FF300056FF3A6
:1005900041056FF382056FF3C505032161F38815EB
:1005A000C3F30A0363F35325052363F31F5507F1D0
:1005B00008032946484801F03BF9B546494E012257
:1005C000327006213E4806F059FC4FF47A7006F06E
:1005D0006CFC3378002BA4D043486E4600233B715B
:1005E00002237B7188B0694611F110029BD04FF055
:1005F0000E0C22B1BCF1040F01DD3C4B4B6100231A
:100600003B7002237B70002A90D1BCF10D0FA0DD5E
:100610000E2342B10320387100207871B871012097
:10062000F871786808616FF300046FF341046FF3A9
:1006300082046FF3C504032161F38814C3F30A0332
:1006400063F353246FF31F54DFF88C80002321469B
:10065000404601F0EDF8B546254A0221404607F034
:1006600042FB6E4600233B7102237B7188B06946D2
:1006700011F110023FF470AF4FF00E0C002A3FF45E
:100680006EAFBCF1040F7FF76AAF1A4B4B6166E7A0
:10069000BCF1080F01DD184B8B6101F11C03002038
:1006A00007E000F1100EBE441EF810EC03F801EB59
:1006B00001300128F5D959E76FF01B035BE700BF54
:1006C0005C9B0000D89F0000D09F0000B80800206D
:1006D00069040000589F0000309E0000C89F000081
:1006E000549F0000CC000020509F0000909F00000D
:1006F000A09F0000B49F0000B89F00002DE9F04FBC
:1007000091B005920293134602F004020092C3F3E3
:10071000C20210F00303019340F02B8280468A4608
:100720000132041D00284FD0B8F1000F05D0A4EB12
:1007300008030433534500F21F82029B5D1E019B98
:1007400004930693039300264FF0FF3B0427B9461A
:10075000B8F1000F01D0029B2360531E0793002ABB
:1007600040F35D81059B13F0020228D00120A4EB29
:1007700008018B081AB1B1F5007F80F0038203995C
:100780000F2900F20282B8F1000F00F06081DBB2A5
:1007900001F140026A4402F8103C02F820BC002833
:1007A00000F0518163F07F0301F140026A4402F8D6
:1007B000103C049B01330493039B013303930434E3
:1007C0000022CC4640463DE001F0070A5444CAF1FD
:1007D000080AA9E7002634E0002632E0002630E0CF
:1007E0000827BC462DE025292BD10BF1010B012652
:1007F0000427BC4625E04729EED82A2914D32A39F4
:10080000C9B24FF0010E0EFA01F14FF6DA7E11EA8D
:100810000E0F16D111F0625F40F0C08011F0010F91
:1008200040F08C8000260CE0252903D10BF1FF3B22
:10083000002606E001D9002603E0202901D0232963
:10084000CCD11D466B1C6978002900F01981002E5F
:10085000C9D07A29BED84C29CDD34C392E2961D89C
:100860000FF2040E5EF821F0430800002509000095
:1008700025090000250900002509000025090000C0
:1008800025090000250900002509000025090000B0
:100890002509000025090000350900002509000090
:1008A0002509000025090000250900002509000090
:1008B0002509000025090000250900009D09000008
:1008C0002509000035090000350900009D090000D8
:1008D0009D0900009D090000430800003509000043
:1008E000E107000025090000430800002509000079
:1008F000F909000035090000F90900002509000088
:1009000025090000010A00002F0900003509000038
:10091000250900002509000035090000250900000F
:100920002909000000268CE70427BC4689E7042734
:10093000BC4686E729786C2924D000263C44013C3B
:10094000B4FBF7F407FB04F420B1211A61445145CC
:1009500000F21581002A58D1BCF1040F00F0888004
:10096000BCF1080F40F014811A99073121F00701FA
:1009700001F108051A95D1E9008908B1C4E9008997
:1009800008345EE713F8021C6C2903D00026042704
:10099000BC46D3E700260827BC46CFE729784C2978
:1009A0001AD01A99073121F0070101F108061A96A9
:1009B000D1E90067073424F0070440B1211A083157
:1009C000514513D829784C2913D0C4E9006708345D
:1009D00000260827BC4634E71A99073121F00701A1
:1009E00001F108061A96D1E90067E3E76FF01B00F2
:1009F000BCE0C4E90067EAE700260427BC469DE79F
:100A0000324600260427BC4698E7E14680461A9AFB
:100A1000111D1A9112680292079A1D4698E6624BC0
:100A2000029A9A4204D3614B9A420AD3002300E00F
:100A30000023002B7FF496AE059B03F002020020FA
:100A400095E60123F5E7069B01330693B4E610B162
:100A50000AF1010AB0E6009B13B10AF1020AABE603
:100A60000298FFF791FB0AEB000303F1020AA3E6E9
:100A70001A990D1D1A95096800B121600434E0E649
:100A80008046231AB3F5806F80F0858090B10022F4
:100A900002609B080370009B83B1069BC370049B9C
:100AA00088F802301BBB019DDDF80C90DDF810B01A
:100AB000029F3DE05344A3F1080057E0069B4370BA
:100AC000EDE701339842EED903F140026A4412F88F
:100AD000101C12F9102C002AF3DA01F07F01A4EBAC
:100AE00008020132524559D804F8011BE9E7019B7D
:100AF0000398E7E7009B43B305F140036B4413F809
:100B0000203C04F8013B019EA4EB0803334401336D
:100B1000534546D805F140036B4413F8103C04F8E4
:100B2000013B32463946204608F042FF3444013545
:100B3000A94519D9BBF1000FDCD005F140036B4486
:100B400013F9103C002BD5DAF1E705F140036B44B3
:100B500013F8103C58F82370002248F82320384638
:100B6000FFF712FB461CCFE7A4EB080011B0BDE86D
:100B7000F08F6FF00D00F9E76FF01B00F6E76FF0F4
:100B80001B00F3E76FF01500F0E76FF01500EDE7DD
:100B90006FF01500EAE76FF01500E7E76FF01B0054
:100BA000E4E76FF01B00E1E7E49A000088AC000086
:100BB0002DE9F04F97B000AF8346BA613B61D7F89B
:100BC0008030C3F3C0033B62F96011B906F0A6FAA6
:100BD000F8609BF80260B14636B1D7F8803013F068
:100BE000010F0DD1002300E000239BF803207A625F
:100BF00042B1D7F8802012F0020F22D1002202E089
:100C00000123F2E7002202B9EBB19BF80050AA00E1
:100C1000BA60DBF804207A610BEB8505BA69F2B1A2
:100C2000002B40F00481B9F1000F00F00F81D7F8DC
:100C3000803013F0040F40F00D810020F86106466B
:100C4000F9E00122DFE7BB691BB13A69F968584650
:100C50009847FC6820465C37BD46BDE8F08FFC68CD
:100C6000E3B94D4400233B6123E0044401350136E0
:100C70004E451AD22A7800235BF822201946B8691B
:100C800006F061FABAF1000FEFD0D7F88830984536
:100C9000EBD22AF8180008F10108E6E70026C7F8A9
:100CA0001C80B046D7F884A0E2E7C7F81080D7F8D8
:100CB0001C80D7F8803003F00503FB604FF0000A7A
:100CC000A146C7F81CB09CE000253B6A7BB9002D0B
:100CD00079D0D7F8803013F0010F79D1FB68002B61
:100CE0006FD10223A9EB030988E00125EDE75946FE
:100CF000786906F06EFA0028E9D06C46002387F880
:100D00002C30022387F82D308AB0694611F1100289
:100D100037D012251AB1042D01DDB34B4B610023EE
:100D200087F82830022387F829306ABB112D45DD6A
:100D3000122362B1042087F82C00002087F82D00D0
:100D400087F82E00012087F82F00F86A08616FF3FA
:100D500000086FF341086FF382086FF3C5080221A2
:100D600061F38818C3F30A0363F353286FF31F5822
:100D7000002341469D4800F05BFDA546A9F102090C
:100D80003CE06FF00045C5E72B46082D01DD786992
:100D900088610C2B01DDC1F81CB001F1200300209B
:100DA00009E000F1300C07F1280EF4441CF830CCB7
:100DB00003F801CB01300128F3D9B7E76FF01B032B
:100DC000B7E701238EE7D7F8803013F0020F15D074
:100DD000002322461946B86906F0B5F9D7F88430E1
:100DE00053B13B69D7F88820934205D2D7F88420C5
:100DF00022F8130001333B61013881440AF1010AF2
:100E000035467B6A9A4510D22E4616F802BB6B789F
:100E1000FA6952F82340764B9C42FFF455AF754B6C
:100E20009C42FFF462AF00254FE74C4612E707F102
:100E300044000023FB6118B14A46294608F0B8FD7A
:100E40004D444FF00008C7F804901EE00020F86100
:100E50000646F0E7FE6107F134000026EBE70025C7
:100E60003B6A33BB002D3BD0D7F8803013F0010F25
:100E700026D0731C06F1300207F12801561806F837
:100E8000149CDEB208F1010825467B6A98454AD2D7
:100E90002C4614F802AB95F801905BF82930544ABF
:100EA0009342DCD3534A934201D30025D8E701256E
:100EB000D6E75146786906F08CF90028D2D0E1E7F0
:100EC000D7F8803013F0040FDCD0FA69531C3032AD
:100ED00007F128010A4402F8249CDBB2FB61D1E748
:100EE000D7F8803013F0020F09D0731C06F13002DE
:100EF00007F12801561806F8149CDEB2C2E7F8691B
:100F0000431C00F1300107F128028A1802F824ACD2
:100F100002460232D2B2FA6107F1580252FA83F362
:100F200003F8249CAEE7D7F804909BF8003087F8CC
:100F300054309BF80130334487F85530D7F880306F
:100F400013F0020F0ED1FB69C3F3470387F8573044
:100F5000D7F8803013F0010F06D113F0040F3ED103
:100F6000002302E00023F1E7002387F85630DBF886
:100F700000003863786DCBF80000D7F81080424647
:100F8000B9685846D7F818A0D047041EFFF662AEDD
:100F9000386BCBF80000C7F810804246F96907F1BA
:100FA0003400D04700285EDB04EB0008B9684944F0
:100FB0007B6A01EB4301D7F810904A46FB68591A47
:100FC0002846D047041EFFF645AE08EB04054FF057
:100FD0000008C7F824B0B3465446CA4621E0FB696E
:100FE000C3E74FF0000909E0F09F0000389E0000C1
:100FF000E49A000088AC00004FF00009524601213D
:1010000007F12C00A04700282FDB05444B46324651
:101010005146204606F097F8002828DB054408F1E1
:101020000108D84518D208F1300307F1280213440B
:1010300013F8143C87F82C307A6A52F82360D7F8FA
:101040008430002BCDD0D7F888309845D4D2D7F84B
:10105000843033F81890D1E73A6900210846BB691B
:1010600098472C46F6E50446F4E50446F2E50446C6
:10107000F0E500BF014B1860704700BF0000002082
:1010800080B505460E461746984604F013FF034602
:1010900008F01EFD0446DFF8189049F8003042467B
:1010A00039463046A84754F8090001F09FFC00BFBC
:1010B000080000002DE9F04383B0044608461546B9
:1010C000238B13F0080F05D103F0070600230093CC
:1010D000019354E0012909D043F02003238385F3D1
:1010E0001188BFF36F8F03B0BDE8F08343F01003A6
:1010F0002383F4E7204606F0CFFB42E0D4F81490B7
:101100004A466946204606F0E0FB4FF00008238B74
:1011100003F00707B74269D0A268002A66D001220F
:1011200043F00803238385F31188BFF36F8F002AF0
:1011300064D1009B2BB14B463A466946204606F0E7
:101140003DFCB8F1000F02D034492046C047EFF310
:101150001185202383F31288BFF36F8F238B23F035
:1011600008032383238B13F0100F4DD023F01003BB
:1011700023830120268B06F007060028AFD0022823
:10118000B8D00028ABD0013804282BD801A353F8DD
:1011900020F000BFFD100000E5110000A9110000C3
:1011A000BD110000D11100002369D3F80080062191
:1011B000204606F047FB4FF00009A8E72369D3F863
:1011C00004800421204606F03DFB4FF000099EE715
:1011D0002369D3F808800521204606F033FB4FF041
:1011E000000994E74FF00008C14690E7009A0AB161
:1011F000002295E7B8F1000F92D1B3E74A4639468D
:10120000204606F027FB94E713F0200F04D023F0CC
:10121000200323830220ADE70020ABE7EB79000039
:1012200038B505460B4C00E010340B4B9C420FD2F6
:1012300063685B79002BF7D02946204606F0A0FCB6
:101240000028F1D023681B68294620469847EBE721
:1012500038BD00BF809E0000909E000070B506461D
:101260000D46084C04E02A46314620469847103483
:10127000054B9C4204D223689B69002BF3D1F6E70F
:1012800070BD00BF809E0000909E00002DE9F041DF
:10129000074605460AE007EA0807144B03EB061366
:1012A0005B6804221968204606F0B4FCD5B195FAB3
:1012B000A5F6B6FA86F60D4C04EB06140123B340EE
:1012C0006FEA030825EA0305237B002BEED03301E8
:1012D000064AD3581B69002BDDD0204698470028CA
:1012E000E4D1D8E73846BDE8F08100BF809E000019
:1012F0002DE9F04180460F461D4BD3E8EF5F6A1C95
:10130000C3E8E12F0029F8D16DBB1A4C002607E095
:10131000636804221968204606F07CFC013610340C
:10132000154B9C4211D2237B002BF7D0204606F0B0
:101330001BFC23681B69002BEAD020469847002835
:10134000E6D00123B3401D43E8E7B8F1000F0BD00E
:1013500055B12846FFF79AFF0546002FF8D00A201E
:1013600006F014FCF4E700252846BDE8F08100BF34
:10137000D8080020809E0000909E000008B5064B13
:10138000186018B1054B1B68092B00DC08BD044828
:1013900004F0F4F8FAE700BFCC080020D4080020DD
:1013A0006401002008B5024804F0E8F808BD00BF59
:1013B0006401002030B589B000220F490F4808F0C1
:1013C000D8FA0F4D00220023CDE90623002404940F
:1013D0000E2303930294019400940A4B4FF440723D
:1013E0000949284608F0E7F80849284604F040F97A
:1013F000204609B030BD00BFA51300003006002014
:10140000780100205917000018120020A8A0000041
:10141000014B53F820007047C4A0000048B108B544
:10142000054A1060054B1960084600F0F5FC0020E5
:1014300008BD6FF01500704704000020C8080020A8
:1014400008B5054B1B781BB1034B01221A7008BD70
:10145000024804F093F8F7E70C1200206401002022
:1014600008B50C4BD3E8EF1F0131C3E8E21F002A97
:10147000F8D130B9084808F088FA084804F07EF836
:1014800008BD074BD3E8EF1F0139C3E8E21F002A6C
:10149000F0D0F7E7D00800203006002064010020DB
:1014A000D4080020044B00200146D3E8EF0FC3E826
:1014B000E21F002AF9D17047D008002038B5FFF7A5
:1014C000F1FF0546094C00E01034094B9C420BD259
:1014D00063685B79002BF7D023685B68002BF3D03F
:1014E000294620469847EFE738BD00BF809E0000A0
:1014F000909E0000034B18680028D4BF00200120F4
:10150000704700BFD008002010B5044C04492046A5
:1015100005F0F3FF034B1C6010BD00BFD800002096
:10152000B0A00000C408002008B500230C4A1370C6
:101530000C4A13600C4A13604FF400410B48FFF74C
:101540006DFFFFF7E1FF0A4A06E0094BD31A1B11B2
:10155000013351680B711032064B9A42F5D308BD26
:101560000D120020D0080020D4080020857B000048
:10157000809E0000909E000008B50146014806F0DC
:101580001BFB08BDD800002008B5024806F098F8FB
:1015900008BD00BFD800002008B50146024B1868FE
:1015A00006F010FB08BD00BFC408002008B50248C3
:1015B00006F00CFB08BD00BFD800002010B582B0BB
:1015C00000220023CDE90023264B187808B902B089
:1015D00010BD684606F012FB044660B1FFF720FE1E
:1015E0002046FFF7D9FF204BD3E8EF1F0139C3E8AE
:1015F000E21F002AF8D1FFF77DFF58B91B4A136894
:10160000516813F57A7341F1000113605160FFF7DF
:10161000CDFFDCE708F09EF94A0142EAD0624301BF
:101620001B1A62EB0102920042EA93729B001B18A4
:1016300042EB0102D20042EA5372C3F3103343EA91
:101640004243D20B0948016840685B1A62EB000212
:1016500040F2E9318B4272F10002CFD3FFF72EFF47
:10166000CCE700BF0C120020D40800202806002080
:101670000F4B1B7803B1704710B500210120FFF715
:1016800037FE0C4C00E010340B4B9C4208D26368D0
:101690005B79002BF7D023689B6820469847F2E7D8
:1016A000FFF78CFF0028FBD1014B01221A7010BDFF
:1016B0000D120020809E0000909E000010B582B0A8
:1016C000184BD3E8EF2F511CC3E8E01F0028F8D1D6
:1016D000154B1B7863B9154B1B68B3B1BAB1092A16
:1016E00013D1134808F051F9124803F047FF0CE0FA
:1016F000EFF31184202383F31288BFF36F8FFFF77A
:101700005DFF84F31188BFF36F8F02B010BD00221C
:101710000023CDE900234FF400420023044804F0E5
:1017200011FFF2E7D40800200D120020CC080020A1
:10173000300600206401002010B50446044B1B68ED
:101740009847A0602146034806F05CFA10BD00BF30
:1017500004000020D80000202DE9F04100210846B7
:10176000FFF7C6FD804650B140F26766002708F0DB
:10177000AFF9154B1858FFF701FE002515E04FF0A3
:10178000FF364FF0FF37F2E74046FFF77FFD804618
:1017900070B94FF0FF364FF0FF3709E02C46324664
:1017A0003B460A4803F02EFF2546B8F1000FEBD167
:1017B000FFF704FF04460028F6D1002DEED00021EB
:1017C0000846FFF74BFDEAE708000000640100202F
:1017D0000248034BC01AC008704700BF809E00003B
:1017E000309E000010B50C46FFF7F2FFA04203D96F
:1017F000024B53F8340010BD0020FCE7309E00007F
:1018000000B589B0059206930023079362B1074A99
:101810000C9B02930B9B01930A9B009305ABFFF774
:10182000C7F909B05DF804FB0022F1E72B7C00004A
:101830002DE9F04F8BB004AF05461E468846C1F334
:101840004A24002C00F0898091460022FA603A6117
:101850007A6104230293FB1801930A23009307F192
:101860000C0321464846FFF7A3F9B0F5006F58D3A3
:10187000D9F804106D4600233B7302237B738AB0B2
:1018800004AC14F1100217D012201AB1042801DDA3
:101890003B4B636100233B7002237B70CAB103465C
:1018A000082800DDA1610C2B02DD40F2FF73E3612B
:1018B00004F1200300210AE06FF00040E5E701F1A8
:1018C00018063E4416F8186C03F8016B0131012923
:1018D000F5D9112822DD122342B1042139730021E8
:1018E0007973B9730121F973F868206100216FF3EE
:1018F00000016FF341016FF382016FF3C501022014
:1019000060F38811C3F30A0363F353210023C1F387
:1019100013011C4806F009FAAD462DE06FF01B03D9
:10192000DAE760F35328C0F30A0A0AEB18501730BD
:1019300020F007008008FFF71FFE8346B0B10423A4
:101940000293FB1801930A230093534600F11002FF
:1019500021464846FFF754FF08E004EB11541734C2
:1019600024F00704A008FFF707FE834633464246EB
:101970002946584606F06FF91C37BD46BDE8F08F82
:10198000E4A00000489E00002DE9F04F85B080469D
:101990000D4617461E46DDF838B0DDF84090B9F127
:1019A000000F41D0119B039300934B460F9A1021D7
:1019B0000020FEF7A3FEB0F5006F2DD282460BEBA0
:1019C0000003173323F0070300246FF300046FF3C1
:1019D00041046FF3820468F3C50467F3881460F36D
:1019E00053246BF31F549808FFF7C6FD074650B108
:1019F0001030B9F1000F06D0119B00934B460F9A9F
:101A00005146FEF77BFE334622462946384606F00D
:101A100022F905B0BDE8F08F40F2FF73034A0221BE
:101A2000034806F06AF9F4E70020C7E724A10000A4
:101A3000489E0000406820B1034BC01A40F3CF001D
:101A400070474FF0FF307047309E00000EB400B575
:101A500082B0014603AB53F8042B0193034801F015
:101A6000C3FA02B05DF804EB03B07047617D00007B
:101A700010B584B011F0440F05D01A4B1B6833B970
:101A8000002004B010BD1849FFF7E0FFF9E717493F
:101A90000968B2FBF1F2B2FBF3FC03FB1C224FF42A
:101AA0007A7E0EFB02F2B2FBF3F403FB14210EFB71
:101AB00001F1B1FBF3F10E4AA2FB0C32D20A4FF452
:101AC000616303FB12CC0B4BA3FB0CE35B0902919C
:101AD0000194C3EB0311ACEB810100910649FFF7C0
:101AE000B5FFCEE7E00800205CA10000DC08002084
:101AF000C5B3A2918988888868A1000061B108B542
:101B00002AB1064A52F8232012B9054A00E0044AD5
:101B10000449FFF79BFF08BD704700BFDCA1000030
:101B200084A10000B49F00002DE9F041054617464E
:101B3000069EDDF81C8081B900242EB13246114981
:101B40002846FFF783FF0444B8F1000F14D06FB1AB
:101B5000099B042B13D00C4909E00C4B099A53F84C
:101B600022200B49FFF772FF0446E6E7064942468A
:101B70002846FFF76BFF04442046BDE8F081054985
:101B8000F5E700BFA0A1000090A1000000A20000A6
:101B900098A100008CA100002DE9F04F87B0054608
:101BA0000C46049205939DF84C7001F0020B01F075
:101BB000010AC1F3C00801F4807906F029F818B3CE
:101BC000024616492846FFF741FF0646BBF1000FC3
:101BD0001CD13A465146284606F0E9F8B9F1000F03
:101BE00001D0002311930397129B0293119B019341
:101BF000109B00930023049A41462846FFF794FF68
:101C0000304407B0BDE8F08F0026DFE7059A214693
:101C10002846FFF72DFF0644DBE700BFA4A1000024
:101C200011F0100F0BD108B511F0200F03D00449AB
:101C3000FFF70CFF08BD0349FFF708FFFAE77047FD
:101C4000CCA2000054AB00002DE9F04105460F4640
:101C5000164698460699FFF7E3FF0024444505DA47
:101C600024492846FFF7F2FE0134F7E7002409E093
:101C700020492846FFF7EAFE0BE01F492846FFF7F8
:101C8000E5FE01340F2C0CDC002C02DD14F0070FF4
:101C9000EED0B442F1D23A5D18492846FFF7D6FE9D
:101CA000EFE717492846FFF7D1FE002409E0114964
:101CB0002846FFF7CBFE0BE012492846FFF7C6FE89
:101CC00001340F2C13DC002C02DD14F0070FEED0D2
:101CD000B44207D23A5D0C4B9B5C13F0970FEBD1EB
:101CE0002E22E9E703492846FFF7B0FEE8E7BDE802
:101CF000F08100BF9CA10000B0A10000A8A10000DD
:101D0000B4A10000B8A1000079AB00002DE9F041BA
:101D100084B004469DF82C500C9F0E9E95B9012B63
:101D20001ED019484FF0000827B13B4622461749FC
:101D300005F01FFAC6B905BB204605F0FAFF04B04E
:101D4000BDE8F08103950A980290019300920B463A
:101D500000220F992046FFF71FFF80460C48E3E75B
:101D60000B484FF00008DFE70F9B009343463246D5
:101D70000D99204606F033F8DDE72A460F992046F4
:101D800006F021F8D8E700BF917D0000E92F0000A0
:101D9000617D00002DE9F04383B00646056842F2FC
:101DA0000F738B4228BF0B46184A0521684604F082
:101DB0009BFD04467368D3F804900427DFF8508035
:101DC00005E04A4639464046A8473F1A8044002F5E
:101DD000F7D17368D3F804806F4605E04246214688
:101DE0003846A847241A0744002CF7D173685F6867
:101DF0001724084E05E03A4621463046A847241AE3
:101E00000644002CF7D103B0BDE8F08304A4000021
:101E1000D4A10000BCA10000074B01221A6004E01D
:101E20004008054A13685B001360044B9842F7D8DA
:101E3000034B1860704700BFDC08002040420F00D1
:101E4000E008002070B506460D46002405E0315D2F
:101E5000044883685B6898470134AC42F7D328464E
:101E600070BD00BF9C9B0000014B036000207047C9
:101E700068A2000008B5034805F0D8F9024805F04B
:101E8000D5F908BD68A20000A0A2000008B502486C
:101E900004F0E8FB08BD00BFD0A20000B0F5680F59
:101EA00017D00CD840F6BA63984214D0B0F5683F0A
:101EB00013D03A2801D00120704700207047094B09
:101EC00098420CD0084B984201D001207047002066
:101ED00070470020704700207047002070470020A6
:101EE000704700BF3A00003A2C5F5CA928B308B5E0
:101EF0004368B3F5683F0AD0B3F5680F14D01249B0
:101F00008B421FD0006803F0E3FA002014E003685E
:101F10000022D3E8EF1F012903D1C3E8E02F0028F6
:101F2000F7D10DD1104607E003681B7803F58073E5
:101F30000020064A42F8230008BD6FF4E0407047D5
:101F40000348F9E70348F7E72C5F5CA9000003505A
:101F5000E98FFFFFEA8FFFFF88B308B54368B3F549
:101F6000683F0FD0B3F5680F19D016498B4224D0C3
:101F700000684FF0FF324FF0FF3303F029FA68B1E9
:101F800011480BE003680122D3E8EF1F002903D1B9
:101F9000C3E8E02F0028F7D10BD1002008BD03686B
:101FA0001B7803F58073094A52F823301BB90020CF
:101FB000F4E70548F2E70448F0E70548EEE76FF478
:101FC000E04070472C5F5CA9E98FFFFF00000350E1
:101FD000EA8FFFFF10B50446A8B16368B3F5683F08
:101FE00010D0B3F5680F0DD00D4A93420AD013F408
:101FF000686F0DD021680B4807F01EFA002323609C
:10200000074B636010BD084B5B6808489847E4E7DE
:10201000236800221A605A609A60DA601A61EFE75A
:102020002C5F5CA90C0E00206C000020D8A20000E0
:1020300010B5044668B36068B0F5683F28D0B0F5C5
:10204000680F25D0174B984228D0FFF727FFC0B163
:102050004FF0FF324FF0FF332146134803F086F96B
:1020600008B923681BB9114B5B681148984723686E
:1020700000221A605A609A60DA601A614FF468634D
:102080006360206807F059FA636843F03A036360BD
:1020900010BD064B5B6807489847CCE72368002BC8
:1020A000D3D1D5E72C5F5CA90C0E00206C0000207A
:1020B00000A30000D8A2000008B540231422044960
:1020C000044807F0ABF90449044804F03DFB08BD9F
:1020D0000C0900200C0E002030A3000044A30000D7
:1020E0002DE9F04182B000AF0446D0F800E0D0F80E
:1020F00004C085686E468AB06B4613F1100200F08A
:10210000888014218AB10846042903DDDFF81C8188
:10211000C3F81480082801DDC3F818E00C2801DD9D
:10212000C3F81CC0102800DD1D62132974DD1425BE
:102130003AB10521397100217971B971F971786865
:10214000186100216FF300016FF341016FF3820109
:102150006FF3C501012363F38811C5F30A0565F325
:1021600053216FF31F5100233148FFF761FBB54640
:10217000D4F80CC026696569E8468AB06B4613F14D
:1021800010024CD0142182B10846042903DDDFF887
:10219000A4E0C3F814E0082801DDC3F818C00C2837
:1021A00000DDDE61102800DD1D6213293ADD1425F3
:1021B0003AB10521397100217971B971F9717868E5
:1021C000186100216FF300016FF341016FF3820189
:1021D0006FF3C501012666F38811C5F30A0565F39F
:1021E00053216FF31F51124D00232846FFF720FBA8
:1021F000C546E369104A3146284605F07EFDA369CD
:102200000E4A3146284605F078FD0837BD46BDE840
:10221000F0816FF0004175E76FF01B0588E76FF004
:102220000041B0E76FF01B05C2E700BF54A30000F8
:10223000689E000084A30000B4A30000C4A30000B3
:1022400038B504460D4611B10846FFF749FF012C89
:1022500004D02946204602F029FE38BDEFF305835D
:10226000103B034A0121034805F047FDF1E700BF99
:10227000F4A30000689E000030BFFFF7FDBF00BF61
:1022800038B50446054D2A46054907F091FB054A35
:102290000021601907F099FB38BD00BF0000000065
:1022A000D49E00000400000070B50646064D074BA2
:1022B0001D444C1B2046FFF7E3FF083CC6F8A44032
:1022C00005F1080070BD00BF000000000400000020
:1022D000054B5A699B689A4204D0044A536843F0FC
:1022E00080535360704700BF0010002000ED00E0F5
:1022F00081690D4B5A6942F480725A61BFF34F8F66
:10230000BFF36F8F31F8021C5A6922F480725A6150
:10231000BFF34F8FBFF36F8F4DF60273994201D019
:10232000002070470120704700ED00E04FF0000CE6
:1023300083F800C002F07F4CBCF17F4F14D102F053
:102340000C0CBCF1080F04D012F0080F09D008469D
:10235000704708B5054A0121054805F0C4FC002076
:1023600008BD01221A7070470020704708A40000C1
:10237000689E000008B5314A0121314805F0B3FCE0
:10238000304B9B6A13F0007F26D11D202D4B9B6A9A
:1023900013F0807F27D12B4B9B6A13F4801F29D128
:1023A000284B9B6A13F4002F2BD1264B9B6A13F406
:1023B000802F2DD1234B9B6A13F4003F2FD1214B4B
:1023C0009B6A13F4803F31D11E4A936A6FEA03433C
:1023D0006FEA1343936208BD1B4A0121184805F0B8
:1023E00082FC1E20D2E7194A0121154805F07BFC2A
:1023F0001F20D0E7164A0121114805F074FC022085
:10240000CEE7144A01210E4805F06DFC2120CCE7EF
:10241000114A01210A4805F066FC2220CAE70F4A4A
:102420000121074805F05FFC2320C8E70C4A012181
:10243000034805F058FC2420C6E700BF34A4000080
:10244000689E000000ED00E04CA4000060A40000C5
:102450007CA40000A8A40000C8A40000F0A4000010
:102460000CA5000008B500230B70034A01210348A6
:1024700005F039FC08BD00BF38A50000689E0000CB
:1024800090B583B000AF0F2923DC2F4C1039002307
:102490003B7102237B718AB0EC461CF110021AD00A
:1024A000122022B1042802DD284BCCF8143000237E
:1024B0003B7002237B70E2B10346082801DDCCF8B3
:1024C00018400C2B01DDCCF81C100CF1200300216E
:1024D0000DE01F4CDAE76FF00040E2E701F108047D
:1024E00004EB070E1EF808EC03F801EB013101299B
:1024F000F4D9112824DD12234AB1042139710021B5
:102500007971B9710121F9717868CCF81000002156
:102510006FF300016FF341016FF382016FF3C501A7
:10252000012060F38811C3F30A0363F353216FF3AF
:102530001F5100230748FFF77BF90C37BD4690BDBC
:102540006FF01B03D8E700BF5CA5000090A500005A
:1025500074A50000689E0000F8B505460F461446B5
:10256000394A0121394805F0BEFB394B9B6A13F00B
:10257000100F31D11026364B9B6A13F0080F32D161
:10258000334B9B6A13F0020F34D1314B9B6A13F02B
:10259000010F4BD12E4B9B6A13F0200F4DD12C4BCA
:1025A0009B6A13F0100F01D1294B9B6A284B9B6A41
:1025B00013F0200F04D0264A536A23F400535362C9
:1025C000234A936A43F0FF0393620121284605F0F2
:1025D000A3FC20703046F8BD1E4A01211B4805F0BF
:1025E00082FB1126C7E71C4A0121184805F07BFB36
:1025F0001226C5E7194A0121144805F074FB144A54
:10260000536B926A12F0800F01D11326BDE7144A72
:1026100001210E4805F071FB37B10D4A936A23F092
:10262000800393621326B0E71326AEE70D4A01211B
:10263000064805F058FB1426ACE70B4A0121034875
:1026400005F051FB1526AAE7A4A50000689E00002E
:1026500000ED00E0BCA50000F0A5000004A600000D
:102660001CA6000034A6000054A60000F8B50546DC
:102670000F461446374A0121374805F034FB374BE3
:102680009B6A13F4805F25D11626344B9B6A13F4A2
:10269000006F26D1314B9B6A13F4007F28D12F4B5A
:1026A0009B6A13F4806F3FD12C4B9B6A13F4807F9D
:1026B00041D12A4B9B6A13F4005F43D1274A936AA6
:1026C00043F47F4393620121284605F025FC2070E6
:1026D0003046F8BD224A01211F4805F004FB1726A9
:1026E000D3E7204A01211C4805F0FDFA1826D1E75E
:1026F0001D4A0121184805F0F6FA184A936B926AB0
:1027000012F4004F01D11926C9E7184A01211248D5
:1027100005F0F3FA37B1114A936A23F40043936248
:102720001926BCE71926BAE7114A01210A4805F023
:10273000DAFA1A26B8E70F4A0121074805F0D3FA5A
:102740001B26BBE70C4A0121034805F0CCFA1C26E6
:10275000B4E700BF84A60000689E000000ED00E022
:102760009CA60000F0A50000B0A60000CCA60000CA
:10277000E4A6000000A7000054A6000070B50646BD
:102780000D462B4A01212B4805F0ADFA00232B7092
:10279000294BDC6A14F002040AD1274BDB6A002BB8
:1027A0000DDB254BDC6A14F080440ED1204670BD51
:1027B000224A01211F4805F096FA0024F6E7204A34
:1027C00001211C4805F08FFAF0E71E4A0121194843
:1027D00005F089FA3046FFF78BFD98B9164B9B6AD6
:1027E00013F0FF0F16D1144B9C6A14F47F4418D1D8
:1027F000114B9B6AB3F5803FD8D33046FFF7BAFD43
:102800000446D3E73368104A01210A4805F075FAF7
:102810003468CBE72A4601213046FFF79DFE044687
:10282000C4E72A4601213046FFF720FF0446BDE7F2
:1028300018A70000689E000000ED00E030A700002F
:1028400054A7000064A7000084A7000030B58BB037
:102850001F4B5D68C5F30805002383F31188BFF3A0
:102860006F8F0DF12603FFF761FD04460DF127027E
:10287000294605F053FB9DF827300BB10BB030BD56
:1028800005460DF1040C20686168A268E368ACE8B5
:102890000F0020696169A269E369ACE80F009DF847
:1028A00026304BB1089BC3F308025AB96FEA532391
:1028B0006FEA4323089305E0089B23F4FF7323F09A
:1028C0000103089301A92846FFF7BAFCD6E700BF29
:1028D00000ED00E0064B5A6942F010025A615A6955
:1028E00042F480625A615A6922F008025A617047C4
:1028F00000ED00E0EFF30880EFF3098101B57246C7
:10290000FFF7A4FF01BD00BF002080F31488BFF3D0
:102910006F8F002080F30A8880F30B88104880F3C3
:10292000088800200F49087001F0CAFC00200E49F9
:102930000860BFF34F8F00F02FF8202080F311883C
:102940000A484FF40061401880F30988EFF31480BF
:102950000221084380F31488BFF36F8F00F0E4F87E
:10296000582200201412002094ED00E018150020D9
:10297000084BD3F89000C0F30720002306E0054A77
:10298000C2F898300021C2F8A01001338342F6DB70
:10299000704700BF00ED00E010B572B6002484F36C
:1029A0001388FFF7E5FF234608E003F120010E4AF4
:1029B0004FF0FF3042F821000133DBB20F2BF4D986
:1029C000002308E003F16001074A4FF0FF3042F8AE
:1029D00021000133DBB20F2BF4D962B6BFF34F8F66
:1029E000BFF36F8F10BD00BF00E100E008B50A4BD8
:1029F0009B68834202D003F063FA08BDEFF30583BE
:102A0000002BF8D0054B5A6842F080525A605A6A3F
:102A100022F400425A62EEE70010002000ED00E0D0
:102A200016498A684FF030001044EFF3098C80E8B3
:102A3000F01F202080F31288BFF36F8F104F4FF0EC
:102A400000664A698A603E60D2F8A4000D4C20609E
:102A5000D2F8A8000023C2F8A83080F3118802F150
:102A6000300090E8F01F8CF3098802F1000004B5F3
:102A700005F08AFABDE8044070470000001000200D
:102A800004ED00E0280E00201EF0040F0CBFEFF351
:102A90000880EFF30980816911F8021C0229FFD038
:102AA00001B5724605F02CFA01BD00BF002807DB16
:102AB00000F01F02400901239340024A42F82030EF
:102AC000704700BF00E100E0002808DB4901C9B2FF
:102AD00000F1604000F5614080F80013704700F09D
:102AE0000F004901C9B2014B1954704714ED00E0C1
:102AF0004209054B53F8222000F01F00012303FA7E
:102B000000F01040704700BF00E100E0044B23F0EC
:102B10007F03044A9360BFF34F8FBFF36F8F7047FB
:102B20000000000000ED00E008B5FFF7EFFF074AE6
:102B3000D2F8883023F47003C2F8883002F066FBC4
:102B400003F024FB00F04EF802F0BCFB00ED00E0C7
:102B500010B4A2F120040E4942F8081C21F0010132
:102B600042F8081C42F8203C019B42F81C3C029BA6
:102B700042F8183C039B42F8143C4FF0807342F833
:102B8000043C04650023C0F8A83010BC704700BFA7
:102B90008110000000B50E4615460B4B9860D0F82A
:102BA000A4200A4B1A60D0F8943083F30B882C468B
:102BB00086F309880020064B984720460021002212
:102BC0000023044C204700BF00100020280E0020E6
:102BD000937F000081100000014B10221A617047A2
:102BE00000ED00E0002207E003F1604303F56143DC
:102BF000202183F800130132442A09DC53B2002B50
:102C0000F2DA03F00F030349194420230B76F2E7AD
:102C1000704700BFFCEC00E008B5EFF30583103B04
:102C2000044A02EBC301496852F833008847FFF7B2
:102C30004FFB08BDBC9B000010B584B00A4C234676
:102C40000A4A01210A4805F0B6FA002301930293CB
:102C50000393084B0193E41A0294012101A805F0A3
:102C6000AEFA04B010BD00BF000007200000002035
:102C7000A0A7000078010020024B034AC3F8C0203F
:102C8000704700BF00ED00E0AAFF4400034BC3F80B
:102C90009800C3F89C10C3F8A020704700ED00E036
:102CA0000E4BC3F89800C3F89800D3F89C000A7A3A
:102CB00060F304020A72D3F8A020C2F34202087A39
:102CC00062F347100872D3F89C2022F01F020A60BA
:102CD000D3F8A03023F01F03CB60704700ED00E075
:102CE00070B505460E46002400E00134A6421EDD04
:102CF00004EB44039A0005EB830359680029F4D0E0
:102D0000A85805F0B2F904EB84030B4A42F82300FB
:102D100010F1160F0CD0094B1B78984209DA04EB1E
:102D2000840302EB83010431FFF7BAFFDDE70020E3
:102D300070BD6FF01500FBE72C0E00200E12002076
:102D400010B504460A4BD3F89030C3F30723013B78
:102D5000984203D805F063F9204610BD0346054AA2
:102D60000121054804F0C9FF6FF01500F5E700BF29
:102D700000ED00E0B0A70000609E00002DE9F04FDC
:102D800087B08146009101931446002648E03346FF
:102D9000614A0121614804F0B0FF6FF0150407E0BB
:102DA0003B465F4A01215D4804F0A7FF6FF0150420
:102DB000204607B0BDE8F08FD84564D12946C0B29F
:102DC00005F064F92BE0574AC2F89870D2F89C30AD
:102DD00003F01F0321F01F010B43C2F89C3029466A
:102DE000E0B205F053F9044610F1160FE0D00134BB
:102DF00015E0013B4B49C1F89870D1F8A02002F0D2
:102E00001F0223F01F031343C1F8A0302946E0B28C
:102E100005F03CF9044610F1160FC9D00134013613
:102E2000009B9E42C4DA06EB46054FEA850A09EB91
:102E300085056F68002FF2D0019B23B1284605F06D
:102E400002F90028A3D0394659F80A0005F00DF917
:102E5000074610F1160FA3D08442A1DD314BC3F811
:102E60009800D3F89C2022F01F02C3F89800D3F8F2
:102E7000A03043F01F0859F80A306968194401F17D
:102E8000FF3B934298D093429DD0D845B1D0013BAF
:102E90002449C1F89870D1F8A02002F01F0223F055
:102EA0001F031343C1F8A0302946E0B205F0EEF845
:102EB000044610F1160F3FF47BAF0130194BC3F8F5
:102EC0009870D3F89C109DF8102061F304028DF8DF
:102ED0001020D3F8A030C3F34203D2B263F34712F9
:102EE0008DF8102059F80A306A681344029323F0D1
:102EF0001F03A8EB0B084344013B23F01F0305937A
:102F000002A9C0B2FFF71CFF044610F1160F3FF4F0
:102F10004FAF013483E700BFD8A70000609E0000D8
:102F2000FCA7000000ED00E010B5034C012322785F
:102F3000FFF724FF207010BD0E120020044B052265
:102F4000C3F89420BFF34F8FBFF36F8F704700BF5C
:102F500000ED00E0BFF35F8F024B0022C3F8942026
:102F6000704700BF00ED00E038B51C4B1D681C4BDE
:102F7000D3F89030C3F307239D422BD8FFF7EAFF25
:102F8000FFF77AFE002407E0144B596801EB0411A7
:102F9000204605F044F80134A542F5D811480570E3
:102FA00005F093F810F1160F13D00E4B1A780C4B56
:102FB000D3F89030C3F307239A4207DA084BC3F8DB
:102FC00098200021C3F8A0100132F0E7FFF7B6FF08
:102FD000002038BD4FF0FF30FBE700BF20A8000005
:102FE00000ED00E00E12002030B587B00D4611460E
:102FF0000024009401940294039404940594022202
:103000008DF80220044A0192049005951A466846FC
:1030100003F096FC07B030BDC781000008B5024B35
:103020001B689847002008BD400E0020034B186025
:10303000034A937843F0020393707047400E0020D8
:103040003000002008B5064921F00701C1F1005207
:1030500002F5E022034803F0D5FF002008BD00BFC1
:103060005F220020440E002068B108B5064A074BD5
:103070001B680749A1FB03139B0C00FB03F042F004
:103080000103984708BD7047F09E000040000020F3
:1030900083DE1B4338B51A4B1B780133194AA2FB58
:1030A000031202F4FE7101EB92029C1AE5B205F0E4
:1030B00002FD154B1B782BB1144A52F82530C01A6B
:1030C00007281AD94FF05023D3F8143163B14FF0C9
:1030D00050230022C3F81421D3F81431084B1D707B
:1030E00015B9094B01221A70054B1C7805F0E3FC59
:1030F000064B43F82400012038BD0020FCE700BF48
:1031000010120020CDCCCCCC0F120020500E00208D
:1031100000B583B00DF1070001F0E6F9114B9842BC
:103120001CD1114B4FF48062C3F8B8254FF40062F4
:10313000C3F83C250D499DF8070005F080FD0C49BA
:103140009DF8070005F076FD9DF8073001209840B6
:1031500001F0C4F9002003B05DF804FB6FF00B0030
:10316000F9E700BF0000AD0B00A002502CA00250F8
:1031700028A1025008B50121104BC3F80015104AD0
:103180000223C2F8D0360F48D0F8003223F0E043D3
:1031900043F04053C0F80032D0F8043223F0E0434B
:1031A00043F04053C0F80432C2F80417C2F80419BF
:1031B000C2F8001B00F032F808BD00BF001000503C
:1031C000004000500025845000F01F0240090CD040
:1031D00001280CD10748803250F8223023F0E04318
:1031E00043EA017140F8221070470348F3E70020DA
:1031F000F1E700BF002884500025845038B505460B
:10320000002405E02946044B185DFFF7DDFF01347B
:10321000032CF7D938BD00BF5CA8000008B50249EF
:10322000024804F0F0FB08BD60A80000640E002016
:10323000004870470C0F0020034BC01A8010034B4E
:1032400003FB00F0704700BF940E0020B76DDBB6A3
:1032500038B505460C46FFF7EFFF0146402203480C
:1032600005F0C2F801462846A04738BD3C9B000047
:1032700030B583B005460C46FFF7DEFF014640231C
:1032800000932346054A064805F0C8F8011E01DBF5
:1032900003B030BD2846A047FAE700BF65840000B0
:1032A0003C9B000008B5092817D8DFE800F0051C92
:1032B000161616161616171200210D4805F020F8DE
:1032C000836813F0070F08D10021094805F07AF848
:1032D00003E00221064805F075F808BD0321044803
:1032E00005F070F8F9E70121014805F06BF8F4E703
:1032F0003C9B000010B582B0EFF31184202383F3D0
:103300001288BFF36F8F154A136843F002011160F2
:1033100013F0010F09D1002384F31188BFF36F8FDD
:10332000B3B905F0A7F802B010BD0DF107020121F5
:103330004FF0502004F0B5FF9DF80730012B01D06D
:103340000023E9E7FFF774FF05F02AF80123E3E71C
:103350000021034805F036F8E5E700BF340F0020F0
:103360003C9B000010B5EFF31184202383F31288F7
:10337000BFF36F8F074A136823F00201116013F047
:10338000010F04D084F31188BFF36F8F10BD05F0D7
:1033900085F8F7E7340F002070B582B005460128A4
:1033A00007D14FF05023D3F81C3403F00303022B52
:1033B00036D006F0EDF8044610B92B4B1B7873B9E4
:1033C000EFF31186202383F31288BFF36F8F01245C
:1033D00094B94FF050230222C3F808230CE00026D2
:1033E000F6E7FCB1304604F0F4FD4FF05023D3F87B
:1033F0001835DBB2012B19D00DF1070200214FF077
:10340000502004F04EFF0028EBD09DF80730022B2F
:1034100001D0012DE5D104B386F31188BFF36F8F7E
:1034200002B070BD012005F04DF8DEE74FF05023EB
:10343000D3F80431002BDFD04FF050230022C3F823
:103440000421D3F804210222C3F81825074A2021B9
:10345000C2F8801101229A60CEE74FF05023022279
:10346000C3F80423DCE700BF1412002000E100E0F1
:1034700000B585B0CDF800D0CDF804D0002302937C
:10348000012303936B46074A04F0E4FF002805DBA1
:103490004FF480420023684602F0B4F805B05DF8AE
:1034A00004FB00BFF184000070B506460022012134
:1034B000052004F05DFD114801F01EF8104B984204
:1034C00019D101F02BF80024032C12D821463046E4
:1034D00004F016FF05462146304604F01EFF094958
:1034E00004F091FA002805DB0123AB601C44E4B230
:1034F000EAE7002070BD6FF00400FBE7A532000092
:103500000000AD0B6CA8000010B504460E4B012165
:10351000D3E8EF2FC3E8E01F0028F9D11AB1631EEA
:10352000012B0DD910BD094804F0F7FE084900230E
:103530004B608B60CB6001238B6004F081FAEEE777
:103540002046FFF729FFEDE7900E00203C9B00008E
:10355000800E002010B504460A2806D0E1B20648C5
:1035600083685B689847204610BD034883685B68A2
:103570000D219847F2E700BF9C9B000010B5044C5A
:103580002046FFF753FD2046FDF774FD10BD00BF38
:103590005535000008B5054805F0ECFE18B1FFF7F9
:1035A000EDFF002008BD6FF01200FBE79C9B0000C0
:1035B000F0B51C46059F069E00F01F0C400936D052
:1035C000012836D1284D0CF1800355F8233091B3F2
:1035D000012092B34FF0020E40EA0E0084B34FF088
:1035E0000C0E40EA0E0077B34FF4706E40EA0E0006
:1035F00066B34FF4403E40EA0E0023EA000041B3B8
:103600000B7842B312785200134334B322789200FD
:10361000134327B33A781202134316B332781204D5
:10362000134303430CF1800C45F82C30F0BD0F4DD3
:10363000C9E70025C7E70020CBE74FF0000ECBE736
:103640004FF0000ECDE74FF0000ECFE74FF0000E29
:10365000D1E70023D5E70022D6E70022D8E70022F1
:10366000DAE70022DCE700BF002884500025845000
:1036700000F01F03400908D0012808D1054A803313
:1036800052F8230000F001007047034AF7E70022D8
:10369000F5E700BF002884500025845028B1012898
:1036A00001D103487047002070470248704700BFAF
:1036B0005C9B00007C9B00002DE9F04786B08846AB
:1036C00016469946446801F01F05237B45EA4315D9
:1036D000204604F086FF002864D0B6F5001F35D0E0
:1036E0000DF10C0A0027039704974946304604F071
:1036F000ADFF8DF80C00009701970297CDF804A05C
:10370000A36823FA08F313F0010F02D1B6F1A07FEA
:1037100023D004F110060DF117022946304605F0BA
:1037200003FE234B984237D010346A462946204680
:1037300005F0EEFD1E4B984237D101222946204666
:1037400005F00AFE002006B0BDE8F087294604F126
:10375000100005F005FE0020F5E72846FFF788FF7A
:103760000028D6D10DF11702294604F1100005F00A
:10377000DBFD104B984203D00DF117030493D3E700
:103780000DF117024146204604F09CFF084B984279
:10379000F2D06FF00B00D6E79DF81710304605F019
:1037A000D3FDC1E76FF08500CDE76FF01500CAE7E4
:1037B0000000AD0B0400AD0BF0B589B00F46144608
:1037C000456801F01F062B7B46EA4316104604F0BD
:1037D0000DFF8DF81E0040F206332340B3F5837FC2
:1037E00053D016D8062B4CD006D9B3F5807F0DD117
:1037F00001238DF81D3024E003B3022B03D10423F1
:103800008DF81D301DE06FF0150038E06FF01500E9
:1038100035E040F2022293423BD0B3F5407F03D122
:1038200003238DF81D300CE0B3F5007F03D1022394
:103830008DF81D3005E06FF0150020E000238DF8B5
:103840001D3014F4002F28D06A680123BB40936018
:10385000284604F0C6FE40B310350DF11F02314674
:10386000284605F061FD074614F4403F36D1314645
:10387000284605F065FD3C4B9F426DD0002009B005
:10388000F0BD06238DF81D30DBE707238DF81D30D2
:10389000D7E705238DF81D30D3E714F4802FD7D058
:1038A0006A680123BB40D360D2E7C4F340438DF87C
:1038B000083014F4803F0CBF012300238DF8103032
:1038C000002401940DF11D0300930DF11E0304AAC1
:1038D00002A93046FFF76CFE2046D0E702AA00237B
:1038E00002930393049305930693059204AA314629
:1038F000284605F00DFD1C4B98421DD114F4003FE5
:103900001DD09DF81D308DF8103014F4803F0CBF91
:10391000012300238DF811309DF81E308DF81230F0
:10392000002304AA3146284605F0F6FC0E4B9842C7
:10393000A1D06FF01500A2E76FF015009FE70023FC
:103940000493059306930DF11E03049304AA3146D4
:10395000284605F0DDFCE9E79DF81F10284605F034
:10396000F3FC00208BE700BF0000AD0B38B5044628
:103970004568284604F035FE20B91049204604F079
:10398000DFFD38BD1035284605F0D6FC0028F4D1FF
:103990000021284605F0CCFC094B98420AD10022B0
:1039A0000849284605F0BCFC002205210D2004F042
:1039B000DFFAE2E76FF00400E3E700BFAB86000048
:1039C0000000AD0B8586000070B400F01F0C4009AC
:1039D00019D0012819D10E4D0CF1800055F8206046
:1039E0000C4C344041EA420141EA83039DF80C202B
:1039F00043EA02239DF8102043EA0243234345F89B
:103A0000203070BC7047044DE6E70025E4E700BFB6
:103A100000288450F0F0FCFF0025845000F01F01C6
:103A2000400906D0012806D1044A01238B40936047
:103A30007047034AF9E70022F7E700BF00288450E7
:103A40000025845000F01F01400906D0012806D14E
:103A5000044A01238B40D3607047034AF9E70022F0
:103A6000F7E700BF00288450002584502DE9F04F6F
:103A700085B007468B469046002423E04FF0FF3583
:103A800035E0C8F80C55012603963146B5F1FF3FE5
:103A900016D0B1F1FF3F40F0138157F80A3013F40C
:103AA000004F02D001260022039200220192CDF89D
:103AB0000090C3F34123324603992846FFF784FF61
:103AC0000134E4B25C4580F0FF804FEA840A57F885
:103AD0002430C3F3C322C3F30805082A00F2F6809A
:103AE0007E4911F8029040F2FF129542C6D01B0E9B
:103AF000222B00F2EE8001A252F823F0833A00005C
:103B0000893B0000973B0000A33B0000B13B000055
:103B1000BF3B0000CB3B0000D33C0000D33C000087
:103B2000D33C0000D33C0000D93B0000ED3B00003B
:103B3000D33C0000D33C0000D33C0000D33C000049
:103B4000D33C0000D33C0000D33C0000D33C000039
:103B5000D33C0000013C0000133C0000253C000069
:103B6000373C0000D33C0000D33C0000D33C0000B5
:103B7000493C0000593C0000653C0000753C0000D9
:103B8000853C0000953C0000C8F8145500260396BB
:103B90004FF0FF317AE7C8F8085501260396314601
:103BA00074E7C8F81055002603964FF0FF316DE713
:103BB000C8F80855002601230393314666E7C8F884
:103BC0000C5501260396002160E7C8F81055002621
:103BD00003964FF0FF3159E7C8F80855B9F1000FC7
:103BE0005ED0002603964FF0FF314FE7C8F80C5522
:103BF000B9F1000F5CD0002603964FF0FF3145E786
:103C0000C8F8605557F80A10C1F300410126039621
:103C10003CE7C8F8645557F80A10C1F30041012683
:103C2000039633E7C8F8685557F80A10C1F3004106
:103C3000012603962AE7C8F86C5557F80A10C1F315
:103C400000410126039621E7C8F8245501260023E8
:103C500003934FF0FF3119E7C8F828550126039662
:103C6000314613E7C8F830550126002303934FF07F
:103C7000FF310BE7C8F834550126002303934FF0BA
:103C8000FF3103E7C8F838550126002303934FF0AE
:103C9000FF31FBE6C8F83C55012603963146F5E6B0
:103CA0004E46CDF80C904FF0FF314FF00609EDE68F
:103CB0004E46CDF80C904FF0FF314FF00609E5E687
:103CC000284604F01EFDE8E6002004E06FF0150031
:103CD00001E06FF0850005B0BDE8F08F34A9000069
:103CE000F8B505460E46476805F052FC20B9154B5D
:103CF0001B7843B1002300E0012353B9284604F0A8
:103D000099FD044611E00123F7E784F31188BFF31E
:103D10006F8FEFF31184202383F31288BFF36F8F2B
:103D2000284604F038FD0028EFD0FB691E70012200
:103D3000F969284604F043FD84F31188BFF36F8FBF
:103D4000F8BD00BF1412002038B505460C4601F13D
:103D5000080000F0C9FB0C4B98420DD105F10C0294
:103D600005F59071207A04F06FFF237A01209840C6
:103D700000F0B4FB002038BD044A0121044803F0E0
:103D8000B2FF6FF00400F6E70000AD0B40A90000A1
:103D9000789E000038B5054644680121E06804F0CB
:103DA0006EFD6B681A682369C2F82435637DA17DB6
:103DB0000B43218B0B43217D0B43C2F86C35284606
:103DC00004F09BFD00B138BD0249284604F0A1FC77
:103DD000F9E700BFE788000021F07F4100F5A870F7
:103DE000014B43F820107047005001504FF48033CE
:103DF0008340024AC2F84433704700BF005001506C
:103E00004FF480338340024AC2F84833704700BF02
:103E100000500150014BD3F8040570470050015089
:103E20002DE9F843054689469046FFF7E9FF284605
:103E300004F009FE4E46032710E0FFF7EBFF0446AF
:103E4000494604F0EFFDB0F5000F26D9284604F0EE
:103E5000FAFDB8F1000F22D13E190137314628464C
:103E6000FFF7BAFF2846FFF7C1FFFFF7D3FF04466D
:103E7000C11C304604F0D6FD0A4B98420AD92846A8
:103E800004F0D4FD0028D8D1B8F1000FE4D06FF0D1
:103E9000150000E00020BDE8F8830020FBE76FF08C
:103EA0001500F8E7FDFF7F00034B044AC3F8082321
:103EB000C3F84823704700BF0050015003000F00B3
:103EC00010B5012383406FEA030C0C4AD2E8EF1FC0
:103ED00001EA0C0EC2E8E4EF002CF7D14FF4803277
:103EE00082400748C0F80823BFF35F8FBFF36F8F8E
:103EF0000B4214BF0120002010BD00BF600F002046
:103F0000005001504FF480338340124AD2F804230A
:103F1000134201D10020704710B5044601238340AD
:103F2000DB430D49D1E8EF2F02EA0300C1E8EC0FB3
:103F3000BCF1000FF6D122FA04F313F0010F03D104
:103F4000204604F073FD18B1204604F07CFD0120EA
:103F500010BD00BF005001505C0F002001B9704738
:103F6000012383400D4AD2E8EFCF4CEA030CC2E8AC
:103F7000E1CF0029F7D14FF480338340084AC2F8DB
:103F80000433084BD3E8AF3FC34013F0010FE6D032
:103F9000054B4FF40012C3F80021E0E7600F00204A
:103FA000005001505C0F002000E100E038B51446DD
:103FB0001046194604F053FD02460D490B68E01AFD
:103FC0001B184C6844F100040B604C60A2F5001310
:103FD000B3F5400F09D2074B1B68190A1B06D4180A
:103FE00041F10005044BC3E9004502F0ADF938BDCD
:103FF00078060020640F00208006002038B50D4BA5
:104000001C68250A2406BFF35F8FFFF703FF0346F2
:10401000001945F10001B3F5801F0AD2064BD3E920
:104020000023904271EB030303D210F1807041F141
:10403000000138BD640F0020800600202DE9F0410A
:10404000064614461D469DF820801046194604F089
:1040500006FD0746FFF7D2FFA04271EB050319D218
:10406000201A65EB01011B4B984271F100012BD224
:10407000194B03EB0613D3E90223AB4208BFA2425C
:1040800001D1002014E0424639463046FFF7C8FE11
:1040900070B117E0B8F1000F19D10123B3400F4AF6
:1040A000D2E8EF0F1843C2E8E10F0029F8D1002051
:1040B000094B320103EB0616C6E9024506999950F1
:1040C000079B7360BDE8F0816FF01500FAE76FF0B1
:1040D0001500F7E701008000680600205C0F002053
:1040E00030B585B0FFF7E0FE00231E4AC2F8083560
:1040F000002B25DD1B4C0225C4F804531A4B4FF44A
:104100000012C3F8802100220121152003F030FFA6
:10411000152003F028FF0123A3602360134A1360D6
:10412000002402940194124B0093124A002320466B
:1041300004F0A5FC2846FFF7E7F9204605B030BD9E
:104140000D4A02EB03124FF0FF304FF0FF31C2E98E
:1041500002014FF480329A400249C1F8042301332E
:10416000C6E700BF0050015000E100E0600F0020F2
:10417000AD3F0000FFFF7F00680600202DE9F047FB
:1041800082B00446FFF7BEFE10B902B0BDE8F0876A
:10419000FFF734FF82460D4604F064FC0646154BDB
:1041A00003EB0413D3E90289C24575EB09050BD271
:1041B0000025304604F05EFC002DE6D00097424614
:1041C0004B462046A847E0E70A4A230102EB0411C8
:1041D000D5584F680020D0504FF0FF324FF0FF33DA
:1041E000C1E902232046FFF70BFE204604F02BFC1A
:1041F000DFE700BF6806002010B50D4BD3F804338D
:1042000013F0020F03D10024002C0BDD10BD02219E
:10421000074804F0D1FB0028F5D0064A13680133A3
:104220001360F0E72046FFF7A9FF0134ECE700BF79
:1042300000500150640F002010B584B0B0F1FF3F72
:1042400018D001281BDD154B9842A8BF184604461C
:10425000134B01221A70FFF7D1FE124B1A685B68EC
:10426000801AB0F5000F0CD20444B4F5000F09D346
:104270000A4C07E00A4B00221A70084CEBE70124B5
:10428000E6E7064C002012190290019006490091C1
:1042900043F1000304F0F3FB04B010BDFFFF7F0007
:1042A0001312002078060020AD3F000008B5FFF78C
:1042B000A5FE024B1B68C01A08BD00BF780600208F
:1042C00008B504F07CFC68B15D4BD3F8203A4BB9DB
:1042D0005B4B0D22C3F8202A0122C3F81C290022BF
:1042E000C3F81C2900220BE002F160034FF47F01A8
:1042F00051F83310DB0003F57F035B680B6001327C
:104300001F2A08D802F160034FF47F0151F83330BF
:10431000B3F1FF3FE8D104F02AFC30B1484B292229
:10432000C3F80C270322C3F83C2704F0D4FB40B1A8
:10433000444B454AC3F830254FF050230122C3F8BF
:10434000582504F0DCFB18B1404B0022C3F84C2583
:1043500004F0EDFB68B14FF05023D3F8003413F0B4
:10436000010F06D04FF050230022C3F81421C3F8E8
:10437000182104F0F0FB60B14FF05023D3F8003463
:1043800013F0010F05D04FF050236FF00102C3F876
:10439000002404F000FC18B1294B6522C3F80C2757
:1043A00004F021FC20B1294BD3F82034002B30DB62
:1043B00004F025FCE8B1224B7E22C3F80C27C3F899
:1043C0003C29234A7F23C2F818311E490023C1F833
:1043D000043EC1F8083E01F54821C1F81031C2F889
:1043E0002431C2F82C3102F5FF1202F58052C2F8D6
:1043F000A032184AD2F88C3043F44063C2F88C30B3
:10440000154A1168154BC3F84415D269C3F84C25F9
:1044100008BD4FF050230322C3F8182501229A60EB
:104420004FF05023D3F80431002BF9D04FF0502334
:104430000022C3F804210122DA60C3F81825B7E787
:1044400000400050009003504400EFBE0020035095
:104450000020005000ED00E00080FF0000600050F0
:1044600010B50468ACB1B4FA84F3C3F11F03DBB236
:1044700001229A4024EA0202D0E8EFCFA44504D1F9
:10448000C0E8EE2FBEF1000FF6D1EAD10B70024862
:1044900010BD0248FCE700BF0000AD0B0200AD0BF1
:1044A0000368CB4013F0010F11D100B5026801235E
:1044B0008B401343D0E8EFCF944504D1C0E8EE3FE2
:1044C000BEF1000FF6D1F1D102485DF804FB0248BD
:1044D000704700BF0000AD0B0400AD0B014BC3F8EB
:1044E000040570470070015008B50146014804F00A
:1044F00051FC08BD44000020054B1B792BB9044B2F
:10450000186001221A71034870470348704700BFC2
:10451000680F00200000AD0B0C00AD0B08B5084B78
:104520001B680BB104F0CBFB04F0C7FB4FF050232A
:10453000C3F818050122C3F81425C3F8802508BD67
:10454000680F002000B583B0032818D8DFE800F01A
:104550001A026D6700224FF48073012003F150238B
:1045600000211960196802F1502201211160354AB9
:104570001268002A5FD04FF05023C3F8040303B041
:104580005DF804FB4FF05023D3F81824D3F8183407
:1045900003F003038DF8073012F4803F15D14FF07C
:1045A0005023D3F8143413F0010F13D104F085FB1A
:1045B0008DF807009DF807204FF05023C3F8182509
:1045C00008224FF482730220C8E70DF1070004F0BF
:1045D000C8FBEFE74FF05023D3F81C3403F003037C
:1045E0008DF807300DF1070004F0BBFB0028E1D087
:1045F000144B1B682BB14FF050230222C3F8042345
:10460000BDE74FF05023D3F80431002BF9D04FF021
:1046100050230022C3F80421D3F80431AFE7182255
:104620004FF490734FF4807098E720224FF4927308
:104630004FF4007092E71A68002AFCD000221A603A
:104640001B689CE7680F002010B54FF05023D3F88B
:10465000044302E0194B1B68984774B3B4FA84F022
:10466000C0F11F000122824083009BB203F58073DA
:104670009BB2C0B292B224EA020403F1502319683B
:104680000029EAD0002119601B684FF05023C3F8BD
:104690000823022ADED1D3F81814D3F8183403F013
:1046A0000303012BD6D14FF050230221C3F8181574
:1046B000C3F8042301229A60CFE710BD680F0020E1
:1046C00008B50079024B03EB0010FFF7C9FE08BDE7
:1046D0004C00002070B400F01F0C400919D00128D4
:1046E00019D10E4D0CF1800055F820600C4C34406F
:1046F00041EA420141EA83039DF80C2043EA022388
:104700009DF8102043EA0243234345F8203070BC53
:104710007047044DE6E70025E4E700BF0028845019
:10472000F0F0FCFF00258450F0B51C46059F069E66
:1047300000F01F0C400936D0012836D1284D0CF16D
:10474000800355F8233091B3012092B34FF0020E4D
:1047500040EA0E0084B34FF00C0E40EA0E0077B32F
:104760004FF4706E40EA0E0066B34FF4403E40EAEC
:104770000E0023EA000041B30B7842B312785200D6
:10478000134334B322789200134327B33A781202CA
:10479000134316B332781204134303430CF1800C15
:1047A00045F82C30F0BD0F4DC9E70025C7E70020C4
:1047B000CBE74FF0000ECBE74FF0000ECDE74FF008
:1047C000000ECFE74FF0000ED1E70023D5E700221F
:1047D000D6E70022D8E70022DAE70022DCE700BFB4
:1047E000002884500025845000F01F02400907D0A3
:1047F000012807D1044B1869D04000F00100704730
:10480000024BF8E70023F6E7002884500025845087
:1048100000F01F03400908D0012808D1054A803361
:1048200052F82300C0F301407047034AF7E7002223
:10483000F5E700BF002884500025845000B583B000
:1048400084468E460C4B93E8030002AB03E9030059
:10485000634609E002A901EB830151F8081C086ACC
:1048600042F8040B086201330CEB0E009842F1D8B9
:1048700003B05DF804FB00BFE09E000000F01F01E4
:10488000400906D0012806D1044A01238B40136257
:104890007047034AF9E70022F7E700BF0028845079
:1048A000002584504309034AD35C00F01F001844DC
:1048B000C0B27047C4A9000000487047700F0020C4
:1048C00000487047DCA900002DE9F04184B005469E
:1048D0000C4616461F460846FFF7E4FF804656B3CF
:1048E0002146284604F03BFB28B12146284604F027
:1048F000F6FA002843D12146284604F0FFFA10B109
:104900007378012B3BD001238DF80F3000230193E6
:104910000096B31C721C0DF10F012046FFF704FF37
:104920002879FFF7C9FF08F1080230F8123043F088
:10493000030320F81230002F3BD02146284604F014
:104940000EFB002837D13E782B6806F5A2720021B5
:1049500043F8221043F822102879FFF7ADFF08F141
:10496000080230F8123023F02003DB04DB0C20F8BF
:1049700012307B782BB9114804B0BDE8F0811048A3
:10498000FAE7BA78009222463146286804F01FFA06
:104990002879FFF791FF024608F1080032F810303D
:1049A0007603B6B2334343F0200322F810300348B5
:1049B000E2E70248E0E70248DEE700BF0000AD0B97
:1049C0000400AD0B70B506460D46144604F087FA98
:1049D00068B13079FFF770FF06462846FFF762FF9F
:1049E000083036F810305B0B2370024870BD024867
:1049F000FCE700BF0000AD0B0400AD0B30B583B089
:104A000005460191002400E00134012C18D80E4B1A
:104A10001B5D03F0070202A901EBD30313F8043C6A
:104A2000D34013F0010FEFD005EB840201212046A3
:104A3000FFF704FF55F82430002BE5D0012000E0FB
:104A4000002003B030BD00BFD4A9000008B5007934
:104A5000024B03EB8000FFF703FD08BD5C00002064
:104A60002DE9F04182B00546884616461F4604F0FF
:104A7000B6FBAEB33A463146284604F0CCFA041EE3
:104A800020DB2879FFF718FF40F834602879FFF71A
:104A900013FF00EBC40047602879FFF70DFF0546C0
:104AA0004046FFF7FFFE083035F81030E4B26402EC
:104AB000A4B2234343F4807325F81030094802B0B0
:104AC000BDE8F0812879FFF7F7FE0DF10701783096
:104AD000FFF7C6FC034B9842F1D19DF80740D0E7A1
:104AE0000048ECE70000AD0B2DE9F04784B0064626
:104AF0000C4690460846FFF7D5FE07463079FFF78B
:104B0000DBFE0546D8F80090B9F1000F21D0214610
:104B1000304604F013FA002843D100238DF80E30FC
:104B20008DF80F30019300934B460DF10F020DF1FC
:104B30000E012046FFF7F8FD07F1080235F81230A4
:104B400023F002039BB225F8123043F0010325F84D
:104B50001230D8F80430BBB193F80090D3F804A019
:104B60002146304604F0DBF9E8B1BAF1000F61D11B
:104B7000083735F8173023F01C039BB225F817309F
:104B800043EA890325F81730D8F80820002A55D0C1
:104B90005368126821463046FFF762FF04B0BDE853
:104BA000F0872748FAE707F1080235F8123023F0BA
:104BB0002003DB04DB0C25F81230BAF1000FD7D04C
:104BC000B9F1030F38D8D8F804305B6893F800A027
:104BD000B9F1000F08D133680AF5A27A002243F830
:104BE0002A2043F82A20C3E7484604F0C0F90346C8
:104BF00031680AF5A27C51F82C2022F0030241F81A
:104C00002C2022465146306804F0C8F80AF13C03D3
:104C100005EB43039C8007F1080235F812304FEA98
:104C20004A3A1FFA8AFA43EA0A0343F0200325F8B6
:104C300012309DE70248B1E70148AFE70148ADE710
:104C40000400AD0B0000AD0B38B505460C4604F072
:104C500037F908B9074838BD2146284604F0B8F9A5
:104C60002146284604F0E6FA204604F00DF90248F1
:104C7000F1E700BF0400AD0B0000AD0B08B50079F3
:104C8000024B03EB8000FFF70BFC08BD5C0000202B
:104C9000F0B583B005460E460079FFF70DFE90F89B
:104CA0008C3013B10D4803B0F0BD044660220021E2
:104CB000103004F08AFE2F682879FFF701FE0368A0
:104CC0000093002332464FF00041384604F0D4FAF6
:104CD000012384F88C30A3670148E4E70C00AD0B96
:104CE0000000AD0B2DE9F04782B081460F4690469B
:104CF00000230093019351686846FFF77FFE4CE064
:104D000094FAA4F4B4FA84F404F01F05254B9B5DD7
:104D100045EA43152846FFF7C5FD083037F810A0CF
:104D2000CAF3820A0DEB8603E00804F007041A5C5C
:104D30000121A14022EA01021A542846FFF768FD2A
:104D4000034652462946384604F013FA2846FFF730
:104D500095FD02AB03EB860353F8084C002CCFD132
:104D60000136012E0DD8104B9B5D08F10402D908C5
:104D700003F00703525C22FA03F313F0010FEFD0A4
:104D8000E7E700224FF00041484604F05CF8D8F80D
:104D900004106846FFF732FE08B10026E1E702B0D2
:104DA000BDE8F087D8A90000D4A90000F8B50446F2
:104DB0000E461148081A114BA3FB00304009FFF7BB
:104DC0007FFD0746D4F80413C9B2026841F00041E0
:104DD000204604F038F8051E05DB2A4631462046F9
:104DE00004F074FAF8BD3A4631462046FFF77AFFE0
:104DF00025F00045F1E700BF700F0020398EE33841
:104E000008B502490248FFF7D1FF08BD700F002026
:104E100000D00050034B00E02033034A9342FBD301
:104E2000704700BF3C9B0000BC9B000004280CD8CE
:104E3000DFE800F0030D0507090006487047064843
:104E4000704706487047064870470648704706484E
:104E5000704700BFE4A9000008AA000018AA0000DB
:104E600024AA000034AA0000F4A9000030B108B55B
:104E700004F094FB20B1037823B108BD02487047C9
:104E80000148FAE70048F8E744AA000010B50446D4
:104E9000FCF7EEFB034A0121034802F024FF204601
:104EA00004F078FA4CAA0000689E00002DE9F04753
:104EB00082B000AF05460C46EFF31188202383F340
:104EC0001288BFF36F8FDFF8C491D9F80860FFF73D
:104ED000ADFF99F81010E94601233B7103237B7164
:104EE0008AB0EC461CF1100221D04FF0160E5AB1D8
:104EF0007346BEF1040F03DDDFF894A1CCF814A0D3
:104F0000082B01DDCCF8185001233B7003237B7084
:104F1000D2B17346BEF10C0F01DDCCF81C00102B92
:104F200001DDCCF820100CF1240300210AE06FF021
:104F3000004EDCE701F10800384410F8080C03F8D3
:104F4000010B01310129F5D9BEF1150F50DD1623F2
:104F50004AB10521397100217971B9710121F971C5
:104F60007868CCF8100000216FF300016FF3410165
:104F70006FF382016FF3C501012060F38811C3F361
:104F80000A0363F353216FF31F5100234148FCF7D9
:104F90004FFCCD461CB1E369C3F308035BBB30464D
:104FA000FFF764FFE94601233B7103237B718AB05D
:104FB000EC461CF1100224D04FF0120E52B1734691
:104FC000BEF1040F02DD3449CCF81410082B01DDCA
:104FD000CCF8186001233B7003237B70F2B1BEF163
:104FE0000C0F01DDCCF81C000CF12003002113E0B4
:104FF0006FF01B03ACE7294A0121264802F073FE3B
:10500000CDE76FF0004ED9E701F10800384410F801
:10501000080C03F8010B01310129F5D9BEF1110F7C
:1050200031DD12234AB10421397100217971B9713E
:105030000121F9717868CCF8100000216FF30001AC
:105040006FF341016FF382016FF3C501012060F33B
:105050008811C3F30A0363F353216FF31F51002335
:105060000C48FCF7E5FBCD4621462846FFF70EFF2E
:1050700088F31188BFF36F8F3046FDF7B7FC083710
:10508000BD46BDE8F0876FF01B03CBE700100020A2
:105090005CAA0000689E0000A8AA000084AA000084
:1050A00038B505460B4B53F8204002E0236898477B
:1050B00008346B1C074A52F82330A34209D96068B0
:1050C0000028F3D0037F13F0010FF1D104F06AF947
:1050D000EEE738BDD0AA000010B586B0B023104C62
:1050E00003FB004400EB800C0E4B03EB8C030E4AD9
:1050F0000592012204920F22039200220292019251
:1051000000930A4B4FF4A072094901EB8C11204621
:1051100000F0C0FA637B23F00403637306B010BD94
:105120008806002000100020C0AA0000F5940000AE
:10513000181D002008B553EA020102D100F096FEC6
:1051400008BD0249183001F05DF8F9E79B970000AF
:1051500010B586B0184C14E0636A0593236A049373
:10516000E3690393A369029363690193236900933D
:10517000E368A2686168206800F08CFA23685C65C7
:1051800030340E4B9C42E7D300F08AFD0A4C00E01D
:1051900030340A4B9C420BD2A26AE36AB3F1FF3F60
:1051A00008BFB2F1FF3FF3D02068FFF7C3FFEFE77E
:1051B00000F08EFD06B010BDE49D0000E49D0000EF
:1051C00008B50B4B01221A700320FFF769FF03F0AB
:1051D0000DF8FCF74FFE0420FFF762FFFFF7B8FF62
:1051E000FBF76EF9034A137B23F00103137308BD29
:1051F000141200203807002008B50146014A024871
:10520000FDF7C8FCC15100003807002008B503486D
:10521000034A121A002104F0DCF808BD78010020CE
:105220001812002010B50446FFF756FFB0230A49B4
:1052300003FB0411094A04EB840302EB8303D960E6
:105240001C74074B03EBC42303F5006304EB8404D5
:1052500002EB8402536010BD88060020001000207D
:105260001815002070B586B000F06AFD104D114B86
:105270005D61114B05930123049300240394029470
:10528000019400940D4B4FF480620D49284600F0C4
:1052900001FA06466B7B23F004036B73284604F087
:1052A00014FA2046FFF7BEFF304606B070BD00BFBF
:1052B0003807002000100020C8AA0000C1510000DB
:1052C000581E002008B50020FFF7EAFE1B4B03F52F
:1052D000006282F3088883F30A88194CE02384F87B
:1052E00022300023E37723766376A37684F8203098
:1052F000626A42F4E022626284F82330FDF7EAFA3F
:10530000FDF76AFC4FF0FF33A362E362FDF72CFE6A
:10531000FDF792FCFCF708F90A4800F01DFAFFF7C8
:1053200079FDFDF727FF0120FFF7BAFE0220FFF706
:10533000B7FEFFF797FFFFF75FFF00BF18150020CC
:1053400000ED00E0E807002010B5064C002000E06A
:105350001C34054B9C4204D2204604F042F800283D
:10536000F6DA10BD140100201401002030B583B01E
:105370000D46EFF31181202484F31288BFF36F8F61
:10538000C46864B12C602368C3608369013383619E
:10539000002081F31188BFF36F8F03B030BD00F19F
:1053A000080C53EA020404D100232B606FF00B00B9
:1053B000EFE7009201930246604600F083FB00286D
:1053C000EBD1024B9B681B692B60E6E700100020C5
:1053D0002DE9F04182B00446EFF31187202181F3DB
:1053E0001288BFF36F8FC16899B9002950D1364B2D
:1053F0009B6893F90E3023610131E160324B9B6869
:10540000A36087F31188BFF36F8F002002B0BDE85F
:10541000F08116461D4682682B4B9B689A42E4D069
:1054200055EA060136D092F90E80414693F90E00F6
:1054300004F06DF8804534DC4FF0000800960195CB
:1054400022463946214800F03DFB0028DED0EFF32C
:105450001185202383F31288BFF36F8FA36843B3B2
:1054600023689C4223D013B3216993F90E0004F002
:105470004EF80146204604F055F8E8B9B8F1000F9F
:105480001AD185F31188BFF36F8F6FF00A00BDE763
:105490002369B0E787F31188BFF36F8F6FF00F00B8
:1054A000B4E70146204604F03DF88046C6E721698E
:1054B000E0E7B8F1000FE4D02946044800F0C4FB4F
:1054C0006FF00A00A2E700BF0010002024100020A7
:1054D000F8B58368002B47D00446264A9268934269
:1054E00045D1C368012B04D9013BC3600025284680
:1054F000F8BDEFF31186202383F31288BFF36F8F7B
:10550000016904F00FF82768A7420CD03D1E18BFB0
:10551000012557B9A760CDB90023E36086F3118850
:10552000BFF36F8FE3E70027F0E77A683B6813600B
:105530005A6000233B607B607A7B22F002027A7320
:10554000BB6007F1180004F0D2F9E3E797F90E30D9
:1055500023610025C7F8AC50384604F0B6F8314650
:10556000054800F071FBC2E76FF01505BFE74FF08B
:10557000FF35BCE70010002024100020F8B50446D9
:10558000EFF31187202383F31288BFF36F8F056831
:10559000A84212D02E1E18BF012685B906BBA368EB
:1055A000E268934224D001221344A36000230BBB82
:1055B00087F31188BFF36F8FF8BD0025EAE76A68AB
:1055C0002B6813605A6000232B606B606A7B22F0AB
:1055D00002026A73AB6005F1180004F088F9DDE798
:1055E0000023C5F8AC30284604F06FF80123DEE74D
:1055F0000022D9E73946024800F026FBDCE700BF6D
:105600002410002010B582B0EFF31181202484F320
:105610001288BFF36F8F846844B1013C846081F3CA
:105620001188BFF36F8F002002B010BD53EA02044F
:1056300006D0009201930246054800F043FAF3E7D2
:1056400081F31188BFF36F8F6FF00F00ECE700BF9D
:105650002410002008B553EA020102D100F006FC34
:1056600008BD0249183000F0CDFDF9E79B97000016
:1056700010B5044640B11F2204F1740004F0ADF9E6
:10568000002084F8930010BD014B9C68F3E700BF35
:10569000001000202DE9F04F85B004460F46154656
:1056A0001E46DDF838A0DDF83C90DDF84080DDF8DE
:1056B0004CB000F158038365C365129B0422119915
:1056C00003F06EFF2A463946204603F04CFF05469C
:1056D000CDF80880CDF80490CDF800A033460246FE
:1056E00039462046FDF734FA002363652666C4F880
:1056F00064A0C4F86890C4F86C80EFF31182202392
:1057000083F31288BFF36F8F124B196A21671C62F3
:1057100082F31188BFF36F8FBBF1000F13D01F22EC
:10572000594604F1740004F058F9002384F89330CA
:10573000084B9B685BB1D3F8A030C4F8A030284672
:1057400005B0BDE8F08F002384F87430F0E7C4F8AA
:10575000A030F4E7001000200123437303730023FB
:10576000C0F89430C0F89830C0F8A030014B986071
:10577000704700BF001000200A4A9368C3F8A800D1
:105780006FF00A01C3F8AC1007494B6843F080532F
:105790004B60002383F31188BFF36F8F9368D3F8B6
:1057A000AC0070470010002000ED00E0437B90F952
:1057B0000D20002A51DB13F01F0F4ED110B563F0FE
:1057C0007F034373254A52F8183F93420ED10023BA
:1057D0000CE05A6842600360106058601EE01A4690
:1057E0001E49C9698A420FD01B687BB173B190F919
:1057F0000E1093F90E209142F1D0521A002AE8DCE3
:105800001A46002BECD1F0E70023EEE7134BDA69E0
:1058100003F11801016042601060D8610F4B53F82A
:10582000184F9C420ED06CB10C4B9B685A7B12F007
:105830001F0F0AD1DA897F2A07D9A2692AB9074A34
:10584000536109E0054BDC68EEE7A34202D0204635
:1058500000F01EFC014B5C6110BD70470010002081
:1058600010B5437B90F90D20002A14DB154B9A6884
:1058700053F8184F9C4219D0C4B1824219D0537BBF
:1058800013F01F0F15D1D3897F2B12D9A36983B9C8
:105890000C4B5A6114E003F07F03437342680368C2
:1058A00013605A60002303604360DFE7054BDC6848
:1058B000E3E7A24202D0204600F0EAFB014B5C6124
:1058C00010BD00BF001000202DE9F84305460C462E
:1058D000404B9E68737B13F0600F28D013F0200FAD
:1058E0002AD008271F4222D13B43737313F0800F45
:1058F00024D1082F2DD04FF00009364B53F8188FC4
:1059000098454BD0B8F1000F48D0324B9B684345C7
:1059100002D0404600F0BCFB2E4BC3F81480102F81
:1059200005D0304600F014FCB9F1000F3AD184F3F1
:105930001188BFF36F8F46E01027D3E703F07F0392
:1059400073737268336813605A6000233360736046
:10595000CFE7B3685BB17268336813605A600023A5
:1059600033607360727B22F002027273B360304660
:1059700003F077FE06F1580003F078FE154B9B68A4
:105980009E4202D04FF00009B7E7EFF3058313B949
:105990004FF00009B1E74FF00109AEE70D4BD3F826
:1059A0000C80B2E70C48FFF7D7FEC0E7EFF3118495
:1059B000202383F31288BFF36F8F03F0A6FD84F3D7
:1059C0001188BFF36F8F6B7B13F0600FEED1BDE8D2
:1059D000F88300BF00100020E8070020B3F1FF3F6C
:1059E00008BFB2F1FF3F00D1704708B50249183037
:1059F00000F008FC08BD00BF9B97000010B5437B7A
:105A000090F90D20002A0ADB437B63F07F03437388
:105A10002B4A52F8183F934219D1002317E003F0A4
:105A20007F0343734268036813605A600023036076
:105A30004360E9E75A6842600360106058601EE006
:105A40001A461F49C9698A420FD01B687BB173B1DE
:105A500090F90E1093F90E209142F1D0521A002ABB
:105A6000E8DC1A46002BECD1F0E70023EEE7144BFC
:105A7000DA6903F11801016042601060D861104BCF
:105A80009A6853F8184F9C420ED06CB182420ED0E7
:105A9000537B13F01F0F0AD1D3897F2B07D9A3693A
:105AA0002BB9074B5A6109E0054BDC68EEE7A242CF
:105AB00002D0204600F0ECFA014B5C6110BD00BF43
:105AC0000010002010B50C4611460A4882680A4BA7
:105AD0001A60EFF31183202383F31288BFF36F8FD3
:105AE000DDE90223806803F0E4FD2046FFF744FE71
:105AF00010BD00BF00100020241000202DE9F0414F
:105B000004460E460023EFF31185202282F312880B
:105B1000BFF36F8F1F4650E003F07F03637362682B
:105B2000236813605A6000232360636071B2A1731D
:105B3000637B63F07F036373424A52F8183F9342DA
:105B40000ED100230CE05A686260236014605C6030
:105B50001CE01A463B48C06982420DD01B686BB1FD
:105B600063B193F90E209142F3D0521A002AEADC75
:105B70001A46002BEED1F2E70023F0E7314BDA6949
:105B800003F11801216062601460DC612D4B53F851
:105B9000188F984520D0B8F1000F1DD0294B9B6875
:105BA000984502D0404600F073FA264BC3F81480A3
:105BB00085F31188BFF36F8F0123002B3FD1637BE7
:105BC00003F01F02002A0CBF01270027A4D013F006
:105BD000020F05D1A673EBE71A4BD3F80C80DDE773
:105BE000A1686268236813605A60002323606360C1
:105BF00070B2A0730B6899420DD100230BE05A6874
:105C00006260236014605C60D2E79C464A689445F9
:105C10000DD01B686BB163B193F90E209042F4D0A4
:105C2000121A002AEBDC9C46002BEFD1F2E700238E
:105C3000F0E74B68216063601C604C60B8E7384651
:105C4000BDE8F0810010002008B50B4659B9EFF30C
:105C5000058242B9064A50699268904203D00846CC
:105C6000FFF78AFD03E083F31188BFF36F8F08BD50
:105C70000010002008B5034650B9EFF305823AB989
:105C8000064A51699268914202D0FFF775FD03E020
:105C900083F31188BFF36F8F08BD00BF0010002091
:105CA0000023EFF31181202282F31288BFF36F8F5C
:105CB00009E0064B9A68D37B013BD37381F31188CB
:105CC000BFF36F8F0123002BF3D07047001000202B
:105CD00038B50023EFF31185202282F31288BFF339
:105CE0006F8F0EE0154BDC6817E0A24202D0204611
:105CF00000F0CEF9114B5C6185F31188BFF36F8F13
:105D00000123BBB90D4B9A68D17B0131D17353F894
:105D1000184F9C42E6D0002CE4D0537B13F01F0FA9
:105D2000E3D1D3897F2BE0D9A369002BDDD1034BCD
:105D30005A61E1E703F05CFD38BD00BF00100020B0
:105D400008B5024803F05FFD08BD00BF1410002035
:105D500038B5EFF31184202383F31288BFF36F8FDC
:105D6000224B9A68DB699A4205D013685168126821
:105D70000A60516006E00023F8E71C4AD2699342AA
:105D800012D01B6893B1194A906890F90E1093F9DC
:105D90000E209142F1D0521A002AEEDD5A6842607C
:105DA0000360106058600AE00023EBE70F4B9A682D
:105DB000D96903F11800106051600A60DA610B4B79
:105DC00053F8185F9D420DD065B1084B9B689D420A
:105DD00002D0284600F05CF9044B5D612046FFF7D5
:105DE000CBFC38BD014BDD68EFE700BF00100020A1
:105DF000F8B551EA000328D005460C46EFF31187A9
:105E0000202383F31288BFF36F8F154EB068154BB4
:105E10001860FFF725FDB0682A462346124918305E
:105E200000F0F0F90446B268537B43F00403537367
:105E30003846FFF7A1FCB3689A6ADB6AB3F1004FFA
:105E400008BF002A05D00020F8BDFFF781FF002021
:105E5000FAE703F07BFD201A0028F5DC0020F3E7C9
:105E600000100020241000209B97000038B5EFF3AD
:105E70001185202383F31288BFF36F8F437B13F0C8
:105E8000040F04D185F31188BFF36F8F38BD04462A
:105E9000183003F02CFD637B23F00403637320466A
:105EA000FFF784FC29460248FFF7CEFEEEE700BF6D
:105EB00024100020014B9868704700BF001000209C
:105EC0002DE9F843037B03F00107EFF3118620234C
:105ED00083F31288BFF36F8F457B15F0080F1AD13B
:105EE0000446B14600F1580803F087FB10B345F0B3
:105EF00020056573EFF305839BB131462046FFF71C
:105F0000E3FC67B1002383F31188BFF36F8F042391
:105F1000184602DF03E086F31188BFF36F8FBDE8F8
:105F2000F88341463D4B986803F069FB3046FFF724
:105F300023FCE6E745F00803637313F0800F33D1C9
:105F4000A3685BB16268236813605A600023236012
:105F50006360627B22F002026273A36004F11800A6
:105F600003F0C5FC404603F081FB2C4B9A68944239
:105F700027D00026294B53F8185F9D4228D03DB307
:105F8000AA4202D0284600F083F8244B5D612046E7
:105F900000F0DEF8FEB9214B9B689C421FD089F3CC
:105FA0001188BFF36F8FACE705F07F0545F008055A
:105FB00065736268236813605A600023236063601E
:105FC000BEE7EFF305830BB90026D3E70126D1E73F
:105FD000124BDD68D4E71248FFF7BEFBDBE7EFF3B7
:105FE0000583002BDBD1237B13F0010F12D089F343
:105FF0001188BFF36F8F002383F31188BFF36F8F76
:106000000423184602DFEFF31189202383F312885B
:10601000BFF36F8F4846FFF7AFFB72E70010002019
:10602000E8070020044BC01AC010044B03FB00F02B
:10603000034B01221A54704798080020ABAAAAAA61
:1060400028100020C3897F2B11D80E4B1B687BB111
:1060500090F90E200C4B1B689A420CDB437B13F02B
:106060001F0F0AD1094B984209D0012300E00023F9
:1060700003F0010070470023FAE70023F8E700234C
:10608000F6E700BF600000202C10002088060020EA
:1060900070B505460D4B1E7C06EB46030C4C04EB1D
:1060A000C304204603F023FC0A4B00229A552846DD
:1060B000FFF7C8FF00B970BD074B1A68013AD31744
:1060C0000649204600F09EF8F5E700BF00100020CA
:1060D00098080020281000206000002025600000A3
:1060E00038B5EFF31185202383F31288BFF36F8F48
:1060F000144B9C68144B1B68A34217D0124B002210
:106100001A60104B1B7C114AD35C53B12046FFF739
:1061100099FF30B1637B13F01F0F0FD02046FFF7BC
:10612000B7FF85F31188BFF36F8F38BD2046FFF7A7
:10613000AFFF85F31188BFF36F8FF6E72046FFF7B7
:106140005DFCEBE700100020241000202810002048
:10615000EFF31181202383F31288BFF36F8F0A4B73
:106160001B6A834204D11A6F074B1A6207E0134679
:1061700013B11A6F8242FAD10BB1026F1A6781F321
:106180001188BFF36F8F70470010002008B50648D4
:10619000064A121A064903F020F90648064A121A5E
:1061A000064903F01AF908BD000000207401002020
:1061B00088AC0000000000200000002088AC000037
:1061C000034B1868984200D070470020FCE700BFDE
:1061D0006400002030B1044A5268904201D0006847
:1061E00070470020704700BF6400002008B5044BD2
:1061F0001B680BB1002008BDFEF758F8FBE700BF95
:10620000301000202DE9F04F83B00193B3F1FF3F30
:1062100008BFB2F1FF3F0DD00446914681600023D4
:10622000EFF3118A202282F31288BFF36F8F1D468D
:106230001E4635E000252E462846314603B0BDE80F
:10624000F08FFFF7D3FF80460135019B43F1000635
:10625000451946EBE07625616661384A1368526855
:10626000ED1846EB02064FF0010B41E0C91A67EB4F
:106270000202016142614368636020601C60446007
:1062800005E02F4B5A682360626014605C60FFF782
:1062900097FF844240D08AF31188BFF36F8F0123A8
:1062A000002BC9D14D46019E6FF00103B3EB0903EA
:1062B0004FF0FF3363EB0603002BC2DB1F4B196863
:1062C0005B686918019A43EB02036FF00102521AEE
:1062D0004FF0FF3161EB030310461946012A73F1B9
:1062E000000301DA01200021206161614FF0000B01
:1062F000FFF766FF0028C4D0016947692369626916
:106300008B4272EB070EB1DB5B1A62EB0702236173
:106310006261FFF75FFFEDE70A4B1B68002BBAD104
:10632000BBF1000F06D0404603F0C6FA0021FDF78E
:1063300083FFB0E7FFF75AFF8046F4E7B00800207C
:10634000640000203010002070B5EFF31186202388
:1063500083F31288BFF36F8F2A4B1860FFF730FF6B
:10636000044623E0284A136851685B1941EBE57144
:106370001360516000220023C4E90423204603F087
:1063800084FA86F31188BFF36F8FA368204698477D
:10639000EFF31186202383F31288BFF36F8F194A1E
:1063A00013685B1B1360FFF70BFF04463CB12569C4
:1063B0006169144B1A68D317AA428B41D2DA44B1EF
:1063C000236962690F4909685B1A62EBE172236114
:1063D00062610D4A0B4D2868136851681B1841EB28
:1063E000E0711360516000242C60204603F064FAD1
:1063F0002146FDF721FF86F31188BFF36F8FFFF76A
:106400006FFE70BD30100020B008002010B50022D3
:10641000EFF31184202383F31288BFF36F8F1346A9
:1064200011460CE0FFF7E2FE074A13685168C318F3
:1064300041EBE07184F31188BFF36F8F0122002AD2
:10644000F0D0184610BD00BFB0080020F8B5EFF33B
:106450001183202282F31288BFF36F8F026822B16A
:1064600083F31188BFF36F8FF8BD04461D46826A1F
:10647000C36A52EA030105D0B3F1FF3F08BFB2F18E
:10648000FF3F27D1236B01332363236A6BB185F36D
:106490001188BFF36F8F236A20469847EFF3118569
:1064A000202383F31288BFF36F8F04F11803A469CC
:1064B000A3423FD0002C3DD0204603F021F9002319
:1064C000C4F8AC3085F31188BFF36F8F204603F01A
:1064D000FCF8C9E716461F46012A73F1000301DAEA
:1064E00001260027013E47F1FF3703F033FA013060
:1064F00041F10001801947EB0101012871F1000110
:1065000008DA6FF001024FF0FF330D492046FFF724
:1065100079FEB7E703F01EFA013041F1000180195E
:1065200047EB01036FF00102121A4FF0FF3161EBEC
:106530000303EAE785F31188BFF36F8F94E700BF89
:106540004D640000F8B51D46EFF31187202383F357
:106550001288BFF36F8FB5F1FF3F08BFB2F1FF3F65
:106560001FD00646144629466FF00102121B4FF059
:10657000FF3262EB0502002A18DB304603F0B7F960
:10658000DDE90623C6E90A230023336322462B46AE
:106590000B493046FFF736FE87F31188BFF36F8F44
:1065A000F8BD87F31188BFF36F8FF9E7012C71F104
:1065B000000101DA01240025013C45F1FF35DCE74B
:1065C0004D64000010B50A4C23681BB10123236001
:1065D000002010BD00F0F4F80028F7D0013807289B
:1065E00003D8044B53F8200010BD034810BD00BF72
:1065F00034100020ECAA0000FE8FFFFFBFF34F8F86
:106600000549064BCA6802F4E0621343CB60BFF34E
:106610004F8F00BFFDE700BF00ED00E00400FA056A
:1066200030B44FF0FE3200250B4B0C4C0C4949683E
:10663000C3F80024C3F80424C3F80824C3F80C24C6
:10664000C3F81024C3F81424C3F81824C3F81C2476
:10665000C4F8005530BC08470050845000408450B6
:106660006C000020024BD0E90012C3E90012704711
:106670006C00002010B5044650B1636813F0685FE9
:1066800005D0064A934202D000236260236010BD09
:10669000034B04485B689847EFE700BF2C5F5CA999
:1066A0006C0000200CAB0000C8B143680D4A934257
:1066B00013D013F0685F0ED0012350E8002F194665
:1066C00040E8001C9CF0000FF7D1012AF5D0BFF381
:1066D0005F8F0020704704487047044870476FF48C
:1066E000E04070472C5F5CA9E98FFFFFEA8FFFFF56
:1066F000034680B1426809498A420AD012F0685FB5
:1067000005D0BFF35F8F002210461A60704704481F
:106710007047044870476FF4E04070472C5F5CA9F5
:10672000E98FFFFFEA8FFFFF10B5044620B1002379
:10673000034A2360626010BD0248FFF771FFF6E76D
:106740003A00003A34AB000070B5194CD0F804C0E0
:106750000668C4F804C0D0F808C0C068C4F808C00F
:10676000E06026600868134B134D18604868D5F840
:1067700018215860886812F0685F9860C8680969D5
:10678000D860196112D000230C4A05F58A70C5F84B
:106790001431C5F8B831C5F81821C5F8BC21B04787
:1067A000236805F5DC70BDE87040184770BD00BF78
:1067B00088000020740000204C1000202C5F5CA991
:1067C00008B500F011F830B900F010F838B9054AF2
:1067D000C2F80C0A08BD00F037F8032008BD0420F9
:1067E00008BD00BF005084500020704710B511480C
:1067F00000F048F800B110BD0F4800F043F8002841
:10680000F9D10E4C204600F03DF80028F3D10C4B96
:106810000C481C6000F036F801460028EBD100F06F
:106820002DF8044608B1204610BD00F03FF8204680
:10683000FAE700BFC8000020C4000020C00000200C
:10684000B8000020BC00002008B5084800F024F87B
:10685000074800F021F8074800F01EF8064800F04D
:106860001BF8BDE8084000F00BB800BFC8000020CE
:10687000C4000020C0000020BC00002000207047A1
:10688000704700BF08B5034B02681B681068984743
:10689000002008BD8800002008B5034B02685B6833
:1068A00010689847002008BD8800002070B5094C8A
:1068B000094D2069AB68984718B1084B08485B68D8
:1068C00098470021074AEB6811602069BDE87040D5
:1068D000184700BF74000020880000206C000020D2
:1068E00058AB0000481000200CB430B589B0054604
:1068F0000C461C22002101A803F067F8022305952D
:106900008DF806300D4B029323462CB1B4F1004FA5
:1069100028BF4FF00043013B1D440DAA0C9901A86C
:106920000695009200F00CF814B1059B00221A7035
:1069300009B0BDE8304002B0704700BFBF9A000008
:106940002DE9F04F43688DB0154680460293837859
:106950009A0740F10D8100240E78002E00F00A8184
:10696000252E0BD04B1C0393013441463046029B2D
:1069700098470028C0F2F6800399EDE74E788B1C0B
:10698000252E0393F0D00027B946BB46BBF11F0F5D
:1069900038D8A6F12003102B0AD8DFE803F02A0923
:1069A00009300909092109090928092D09091F00C8
:1069B000A6F13003092B33D92A2E37D11BF0400F13
:1069C00055F8043B40F08280002BA7BF4BF0200B12
:1069D0009946C3F100094BF0280B01E04BF0010B85
:1069E000039B13F8016B0393002ECFD130E04BF0E3
:1069F000020B4BF0040BF3E74BF0080BF0E74BF006
:106A0000100BEDE7BBF17F0F19D8A6F13003092B6E
:106A1000D2D81BF0400F03D00A2101FB0737DFE774
:106A20000A214BF0200B01FB0939D9E72E2E06D1A4
:106A30001BF0400F40F09E804BF0400BD0E76C2ED7
:106A400031D02BD8682E36D06A2E3CD04C2E3AD07E
:106A5000002F46F02003B8BF2BF04002A3F16501E0
:106A6000BCBF00271FFA82FB022901D9612B2FD15D
:106A700007350727DFF8ACA225F0070508351BF01E
:106A8000080F66D00AEB070B56465E4563D1A4EBB0
:106A90000A0AA9EB070906EB0A026FE1742E9FD0E0
:106AA0007A2E9DD0D4E71BF0800F18BF4BF4007BEB
:106AB0004BF0800B94E71BF4807F18BF4BF4007BF6
:106AC0004BF4807B8CE74BF4207B89E71F4687E7FC
:106AD000A6F16301122900F2F080DFE811F0130043
:106AE0004F00EE00EE00EE00EE004F00EE00EE0074
:106AF000EE00EE00EE00FE00E900EE00EE001B00EE
:106B0000EE00AF0055F8043B01270DF1180A8DF88F
:106B10001830B4E755F804AB834BBAF1000F08BF47
:106B20009A461BF0400F504614BF39464FF0FF31D4
:106B300002F063FF0746A2E741462020029B9847E8
:106B400000280FDB013EB742F6D34C44B146A41BEC
:106B500098E74E46F7E7414616F8010B029B984727
:106B6000002892DA98F8023043F0040388F80230E3
:106B70004FF0FF3420460DB0BDE8F08F1BF0800FC2
:106B800034D01BF4007F2CD0073525F00705AA462A
:106B900069685AF8080B2BF010050029ADB237DAF6
:106BA000404245F4806561EB41010DF1180B0A2369
:106BB0005A4602F02EFFA0EB0B0301936B0662D541
:106BC000019B25F001019F4289B240F3A180002E74
:106BD00000F0998015F0100240F09C80BB460D46F5
:106BE00023E0AA465AF8040BC117D4E7AA461BF4BF
:106BF000807F5AF8041B01D10846F5E71BF4007F9B
:106C000019BF48B241F3C01108B241F3C031C2E725
:106C100050EA0103C9D11BF0400FC6D0002FC4D1E8
:106C20002BF01102BB46019795B240F2064115EADE
:106C300001021CBF0BF1010B00222CE02BF0100213
:106C40000A231FFA82FB1BF0800C49D01BF4007151
:106C500015BF0735AA4625F007055AF8040B1EBFD5
:106C6000AA4669685AF8080B50EA010545D12BF08D
:106C700016051BF0400FADB242D0002F40D12BF0D3
:106C80001702019795B215F0100248D0019B002E13
:106C900042D103F1010B29075AD4EB0706D5D94598
:106CA0006FDDA9EB0B030199CB465F185B4649E00A
:106CB0004BF0100B10237826C5E7782B04D1C6F1D2
:106CC000780343F01003BEE741462520029B984716
:106CD0000028FFF647AF023447E608230026B2E754
:106CE000AA461BF480715AF8040BBDD01BF4007146
:106CF0001ABFC0B2614680B2B6E72BF0060295B269
:106D00000DF1180B54E725F01105BB46ADB28CE729
:106D10000D46B8E73B460D4603F1020BBBE7DDF835
:106D200004B082E780AC000079AC0000CDE9043209
:106D300041462020029B98470028FFF613AF049B92
:106D4000059A01339945F1DCA4EB0B019B46CC1865
:106D50000AB341463020029B98470028FFF602AF55
:106D60008EB901342744391B019B994224DC1D460E
:106D700055BB019AA9EB0B09554622441446914490
:106D800033E0019F92E7023441463046029B984728
:106D90000028E7DAE6E640F206410D42E2D015F0BF
:106DA000020F04F10104414614BF2B20202015F4EA
:106DB000806F18BF2D20E9E741463020029B013447
:106DC00098470028CFDACDE606AB013D4146585D35
:106DD000029B98470028CBDAC4E641462020029B5C
:106DE000013498470028FFF6BDAEA9EB0403002B41
:106DF000F3DCC1E5704738B513468568046912F4C1
:106E0000801F07D012F4402F04D012F0010F01D0E0
:106E100082F4402323F4801213F0010F0AD0236878
:106E20004FF0010C0CFA01FC43EA0C0323602B68C1
:106E3000984738BD23684FF0010C0CFA01FC23EA97
:106E40000C032360F3E708B503468C460068197904
:106E5000DA8842EA0C02FFF7CEFF08BD08B532B16E
:106E6000012303FA01F18368DB68984708BD012319
:106E700003FA01F183681B699847F7E710B50369C6
:106E80001C6801238B401C4202D0B2FA82F25209E4
:106E9000FFF7E4FF10BD08B58368DB6913B1012279
:106EA000984708BD6FF05700FBE708B520EAE0708F
:106EB000C117C90341EA5041C00340F2E733C0188B
:106EC0004FF47A724FF0000341F10001F9F742F9F3
:106ED00002F09DFC08BD00EBC1018368B3F5004FD3
:106EE0000AD322B14B6843F001034B6070474B68F3
:106EF00023F001034B60704722B14B8843F001033C
:106F00004B8070474B8823F001034B807047131D63
:106F100050F82330DBB9C3684FF0010C0CFA02FCC7
:106F200043EA0C03C360043240F8221000EBC103B3
:106F30008268B2F5004F06D399608268B2F5004FBF
:106F400003D3D96070479980F7E7D980704710B5AF
:106F500000EBC30C8468B4F5004F1CD3DCF80820A8
:106F600000EBC10EB4F5004F18D3CEF808208468AA
:106F7000B4F5004F15D3CEF80C3000EBC202836895
:106F8000B3F5004F10D3D1608368B3F5004F0DD334
:106F9000CCF8081010BDBCF80420E1E7AEF80420DE
:106FA000E5E7AEF80630E8E7D180EDE7ACF804108D
:106FB000F0E708B58368B3F5004F07D300EBC102D3
:106FC00052685208012A02D0002200E00022A2B931
:106FD00000EBC102B3F5004F10D352685208B3F56D
:106FE000004F0DD308230833A2EBD3020132B2FACB
:106FF00082F2C2F11F02FFF78AFF08BD5288EDE757
:107000000423F0E7F8B5B2F5802F23D30823D21A72
:10701000CC1D24F0070401EB020C2CF0070CACEBA8
:10702000040C4FEADC010460A1600023E360BCF5BE
:10703000802F11D308230833A1EBD3030133B3FA14
:1070400083F3C3F1200EC3F124039B00DE1DF5087A
:10705000002308E00423DAE70423ECE71A1D0020EC
:1070600044F8220001337345F8DB6B00BCF5802F38
:1070700032D36360BCF5802F30D300232360BCF58E
:10708000802F2ED3636843F0010363604A1B5700CF
:1070900026F00703E018BCF5802F27D34760A068CF
:1070A000B0F5004F24D3E5502CF00703A444A068AA
:1070B000B0F5004F1ED30020CCF80400A068B0F556
:1070C000004F1BD3E25001222046FFF704FF294660
:1070D0002046FFF76EFFF8BD6380CBE700232380D7
:1070E000CDE7638843F001036380CFE74780D6E7AD
:1070F000E552D9E70020ACF80200DFE7E252E2E710
:1071000010B50C4611461A46029BA04710BD4038E8
:10711000C0B23A288CBF002001207047F8B506465F
:1071200003784578847804EB83040444002706E060
:1071300001342046F9F728F8013004440137AF4202
:10714000F6D3A01BF8BD70B5144668B10D461946BC
:1071500006462BB91046F9F717F883B2013399B2F6
:107160002A462046B04770BD1046F9F70DF80130A9
:10717000F9E75BB32DE9F04782B0074688469146B0
:107180001D461A785E789C78DB7804EB820404EB69
:1071900043042C444FF0000A0AE014F8013B45F880
:1071A00023402046F8F7F0FF013004440AF1010AB9
:1071B000B245F2D305F1080300936B684A46414695
:1071C0003846FFF79DFF02B0BDE8F0876FF015006D
:1071D00070472DE9F0410446884600273E4607E007
:1071E000702D18D02846FFF792FFB8B9252D0ED084
:1071F00014F8015B75B1002EF8D04745F0D0284651
:10720000FFF785FF0028F1D001370026EEE786F072
:107210000106EDE700263046BDE8F0810026FAE7DA
:107220000020704708B500F0D5FC08BD0FB400B5CC
:1072300083B004A951F8040B0191FFF7F3FF03B0E9
:107240005DF804EB04B07047036913F0080F08D130
:10725000C3680268934207D8036A9B1A0B60012037
:1072600070470020086070479B1A0B600020704731
:10727000036913F0080F07D1826843689A4203D864
:107280009B1A0B6000207047036A82689B1A0B6090
:107290000120704710B582B0044601A9FFF7D4FF62
:1072A00020B1E368019A1344013B0193206A019BDA
:1072B000C01A013802B010BD38B5036913F0040FCD
:1072C00000D138BD0446456AFFF7E4FF854202D984
:1072D000606A6062F5E72046FFF7DCFFF9E7C36804
:1072E0001944036913F0010F04D1026A914204D3D7
:1072F000891A02E0026A013A1140C16023F00803D2
:107300000361704710B400236FF3000343F00203DE
:1073100061F39F03C269046842F8243003680B4498
:10732000026912F0010F04D1046AA34204D31B1BAB
:1073300002E0046A013C23400360C4689C420AD016
:1073400043681944036913F0010F08D1036A994295
:1073500008D3C91A06E042F008020261F0E7036AA6
:10736000013B1940416010BC70472DE9F04F83B0DC
:107370000446019117469846C569C66805EB860B19
:1073800015F8263003F00303022B24D0002100233C
:107390003B60C8F8003019BB236913F0020F75D0A9
:1073A000A36958469847824615F8269019F00109B6
:1073B0006ED015F8263013F0020F3BD0019BBBB9FD
:1073C00062685244236913F0010016D1216A8A428F
:1073D00016D3521A14E055F82610C1F39D01D6E7D2
:1073E0002046FFF77CFFE368A3604FF001094FE000
:1073F00019462046FFF786FFE2E7216A01390A4075
:107400006260E168A268914206D0A2682260E260F0
:1074100043F0080323613BE0524420B9216A8A42C9
:1074200004D3521A02E0216A01390A40A2604FF0E7
:107430000009EAE701462046FFF751FFE368A36031
:10744000019B23B1E3692268002143F82210019BCC
:107450005344C8F8003022681344226912F0010F27
:1074600004D1216A8B4204D35B1A02E0216A0139FC
:107470000B40236042F00802226115F826306FF3BA
:10748000000305F82630C7F800B001E04FF000090E
:10749000484603B0BDE8F08F30B45318046914F0C7
:1074A000010F04D1056AAB4204D35B1B02E0056AFD
:1074B000013D2B4005689D4214D000236FF300036B
:1074C00043F0020362F39F03C46944F82130436828
:1074D0001344026912F0010F09D1026A934209D3E1
:1074E0009B1A07E0016024F00804046103E0026ACB
:1074F000013A1340436030BC704708B50023036075
:1075000043608360C360036143618361CA688261D1
:107510008A6842610A68C2614A68026243620B6912
:1075200003612AB1511E0A4202D143F001030361F3
:1075300028300122002102F007F808BD2DE9F04FA4
:1075400087B09A46002305930393036A8B42C0F0E9
:1075500089800446894693460023019301260093BF
:1075600041E001992046FFF797FF0023039345E090
:10757000E369226803EB8201009113F822106FF394
:10758000000103F82210C9B26FF3410103F8221081
:1075900023684B44226912F0010F04D1216A8B4207
:1075A00004D35B1A02E0216A01390B402360E168D1
:1075B000994201D0002608E042F00802226100262C
:1075C00003E02046FFF79EFE2E4688F31188BFF3A6
:1075D0006F8F059929B163690BB120469847002345
:1075E0000593002E40D0EFF31187202383F31288F8
:1075F000BFF36F8FB846039A002AB2D104A9204680
:10760000FFF722FE054604994945B1D20028D8D19A
:107610005AEA0B030BD1002ED7D02368019303AB9A
:1076200005AA04992046FFF7A0FE0646CDE701F023
:10763000AFFF0028EFD1002FEDD187F31188BFF302
:107640006F8F04F128005A465346FDF7DBFFEFF336
:107650001188202383F31288BFF36F8FB0FA80F66E
:107660007609B2E700230093009807B0BDE8F08FD9
:1076700070B504460D46836908469847EFF31186B6
:10768000202383F31288BFF36F8F2B7843F001031D
:107690002B7063681844236913F0010F04D1236A27
:1076A000984204D3C01A02E0236A013B184060608C
:1076B0002046FFF701FE86F31188BFF36F8F70BD80
:1076C000F0B583B004462EE053F8220080084DD177
:1076D00043E0226A013A1340A3602046FFF7FFFD12
:1076E00001231BE013F8221041F0020103F82210DD
:1076F000A768A369304698473844236913F0010FFF
:1077000004D1236A984204D3C01A02E0236A013BE1
:107710001840A060002301E000231E4685F3118875
:10772000BFF36F8F8BB3EFF31185202383F31288A0
:10773000BFF36F8F01A92046FFF79AFDE369A268A6
:1077400003EB820601990029E6D013F8221011F00C
:10775000030117D00229B7D0002013F8221011F02E
:10776000010FBFD110B9A36930469847A3680146FD
:107770000344226912F0010FABD1226A9342ABD3CA
:107780009B1AA9E700231E46C8E7304603B0F0BDA8
:1077900070B504460D468369084698470146EFF3E5
:1077A0001186202383F31288BFF36F8F2B786FF33A
:1077B00000032B70236913F0020F0AD0E369E2681B
:1077C00003EB8203AB4204D02B6860F39F032B6072
:1077D0000AE02B786FF341032B70E268A3689A42AA
:1077E0000BD02046FFF77BFD86F31188BFF36F8F28
:1077F00004F12800FDF7C2FE70BD0B44226912F0AF
:10780000010F04D1226A934204D39B1A02E0226A38
:10781000013A1340A360E4E710B582B0EFF311849E
:10782000202383F31288BFF36F8F01A9FFF720FD98
:1078300084F31188BFF36F8F0198003818BF0120BF
:1078400002B010BD01F00701038B23F007030B43C7
:10785000038370472DE9F04106460F469046816844
:1078600021B10C683CB131B90C4604E00C4602E091
:10787000234621461C4669B14D6843463A46304688
:10788000A847002CF4D02368002BF2D0002CF0D1B4
:107890002346EEE7BDE8F081038B13F0070303D125
:1078A00002680AB103207047022B03D0012B06D0D7
:1078B00000207047428B002AF8D1042070470368EB
:1078C0000BB1052070470020704710B504468C4668
:1078D000038B002A07DB03F007035A1F012A0ED986
:1078E000042B36D010BDD0E900018CE80300002342
:1078F0002360636001212046FFF7A4FFF2E7D0E98F
:1079000000018CE80300002222606260062B1BD17C
:10791000DCF8003053B1628B013262831A461B6877
:10792000002BF7D0002AF5D11346F3E702212046B9
:10793000FFF788FF2046FFF7AFFF0028D2D0238B48
:1079400043F020032383CDE700212046FFF77AFF91
:10795000F0E70021FFF776FF2046FFF79DFF0028A4
:10796000C0D0238B43F020032383BBE750B110B575
:107970000C4651B1081D00F0C2F810B9A368032BE2
:1079800006D810BD6FF0150070476FF01500F8E7CE
:107990006FF01500F5E72DE9F04107460C46164655
:1079A0001D461946201D00F0C1F828B180462B461F
:1079B000324621463846C047BDE8F0812DE9F04106
:1079C00080460C4617461E4604E033463A4640467B
:1079D000FFF7E1FF216831B10D68256063688B42D4
:1079E000F3D16560F1E7BDE8F08108B5EFF31182EE
:1079F0004FF0200C8CF31288BFF36F8F416101218F
:107A0000F9F758FB08BD034670B181B10A688AB125
:107A10004A6892B10020186058609860D860186178
:107A200058619861196170476FF0150070476FF0E9
:107A3000150070476FF0150070476FF01500704724
:107A400070B505460E46FFF791FF041E2EDBEFF3DF
:107A50001182202383F31288BFF36F8FB5F818C00B
:107A60000CF0070C6B8B4FF6FF718B422CD06446E9
:107A7000BCF1020F08D0BCF1060F19D8DFE80CF0FA
:107A80001E1818181E2A1E0001336B8301230021C3
:107A9000084628B100203060686808B306606E6050
:107AA00009BB82F31188BFF36F8F0BBB204670BDFB
:107AB0006FF00404002319461846EAE7BCFA8CF17B
:107AC000490900230120E4E76FF00A040023194666
:107AD0001846DEE76FF08504002319461846D8E7FC
:107AE0006E602E60DCE702212846F9F7E3FADDE755
:107AF0000023624631462846FFF74DFFD6E702468F
:107B000058B1436803F00303012B03D0032B07D1C3
:107B1000036843B10020906070476FF01500704714
:107B20006FF0150070476FF015007047034642680C
:107B300002F003028160032A03D1006800225A6028
:107B400070470020FAE77047037813F0040F01D064
:107B5000002070470368C3F34A2000EB135017302E
:107B600020F007008008704710B504460368DB6802
:107B700003B19847636801229A7110BD00207047D5
:107B80000120704708B500F096FF08BD08B520EA4F
:107B9000E070C117C90341EA5041C00340F2E73326
:107BA000C0184FF47A724FF0000341F10001F8F76A
:107BB000D1FA01F02CFE08BD08B500220023FFF722
:107BC000BDFC08BD08B5FFF7E3FD08BD08B5FFF72C
:107BD00023FE08BD00B585B00391029000200190FE
:107BE0000090034602460146F9F7CEFE05B05DF867
:107BF00004FB08B50120F9F733FC08BD08B5F9F717
:107C0000C3FC08BD08B5FFF733FDF9F757FD08BD04
:107C10000020704708B54368DA714368196043680B
:107C200001225A71F9F70CFC08BD70B553689668CB
:107C30009B1B8B420CD30C46154613680A46014623
:107C4000981901F0B5FEAB682344AB60204670BDC7
:107C50006FF01B00FBE770B588B10E46144619465D
:107C6000054633B11030C2F34A23120D184401F017
:107C70009FFE2C606E602846F9F75EFD70BDF9F737
:107C8000EFFBFBE72DE9F04383B006460F461546B0
:107C90001C4603F101094FEA890808F1170020F09A
:107CA00007008008F9F768FC002201928DF8049023
:107CB00068B100F1140C019B0361964605E055F88C
:107CC0002E304CF8043B0EF1010EA645F7D30022EE
:107CD00067F3881268F3532200233146FFF7BBFF96
:107CE00003B0BDE8F08300B583B00192012301AA7F
:107CF000FFF7C8FF03B05DF804FB00B583B0009246
:107D0000019302236A46FFF7BDFF03B05DF804FB51
:107D100000B585B001920293069B0393032301AA49
:107D2000FFF7B0FF05B05DF804FB08B5F9F780FD7B
:107D300008BD2DE9F04180460768856843681C68E6
:107D40005E6805E0324621462846B847241A0544B5
:107D5000002CF7D1D8F8043000221A60BDE8F08179
:107D600038B505460C464B681A68CB689A420BD06A
:107D70006368D3E8EF2F511CC3E8E01F0028F8D157
:107D8000A3689D54002038BD0846FFF7D2FFEFE7F7
:107D900038B504460D460A2805D029462046FFF787
:107DA000DFFF002038BD0D20FFF7DAFFF5E708B54B
:107DB00013460122F9F7A2FE08BD08B513460022BA
:107DC000F9F79CFE08BD38B505460C4601F00101E7
:107DD000FFF7F3FF21462846F9F722FF38BD2DE9CA
:107DE000F04383B080460E4615461F46DDF82890C6
:107DF0002C46102D28BF1024CDF800903B4622467B
:107E000031464046F9F720FF26442D1BF0D103B040
:107E1000BDE8F0832DE9F04387B006460C46904656
:107E2000D1F808900F88C7F382170878C0F3C2050D
:107E30000846F9F7FFFD011E1ADA0023214651F822
:107E4000105BC5F34A256288C2F30B12481905B9C5
:107E50000021CDF814800492039002910197002232
:107E6000009249463046F9F751FF07B0BDE8F0836C
:107E70002846F9F7B7FC0346E0E72DE9F0418046D4
:107E80000768856843681C685E6805E032462146DD
:107E90002846B847241A0544002CF7D1D8F80430F6
:107EA00000221A60BDE8F08143681B685B681961B5
:107EB0000020704743681B681A6852685360704717
:107EC00008B543681B685A68012111751868FFF7E7
:107ED000D4FF08BD08B543681B681868F9F75AFF56
:107EE00008BD38B50C4643681D686B681869F9F71A
:107EF0008FFA03460E2221462868984738BDFEE7D0
:107F000008B501460068FAF79BF908BD08B5FAF70D
:107F1000B3F9FAF7DDF908BD0020704708B5002372
:107F20001370CB1E092B1AD8DFE803F005090D11D9
:107F30001919191919141146FAF720FC08BD002166
:107F4000FAF70AFBFAE70021FAF790FBF6E7FAF7EF
:107F500011FAF3E71146FAF785FA0020EEE7FAF78F
:107F60008FFA0020EAE708B540B2FAF79FFD08BD96
:107F700008B5013140B2FAF7A7FD08BD08B50021E8
:107F80000120FAF75DF908BDD0F8943083F30B882F
:107F9000704761B662B680F31188BFF36F8F704788
:107FA00008B572B6002383F31188BFF36F8F00F01A
:107FB00019F950B1BFF34F8F30BF00BF00BF00BFF2
:107FC00000BF00BF00BF00BF00BF62B6BFF36F8F2E
:107FD00008BD10B5044672B6002383F31188BFF3C1
:107FE0006F8F00F0FFF850B1BFF34F8F20BF00BF7D
:107FF00000BF00BF00BF00BF00BF00BF00BF84F3D1
:108000001188BFF36F8F62B610BD40E800F010F426
:10801000803F01D0C0B270476FF01500704708B5BF
:108020000B6823F01F0C0B7A03F01F0ECA6822F0B6
:108030001F025B0942EA430242F001024CEA0E01D0
:10804000FAF724FE08BD43681F2B08D913F01F0F51
:1080500007D1036813F01F0F05D0002070470020E0
:108060007047002070470120704770B504460E46E7
:10807000FFF7CBFF05463444601EFFF7C6FF85427D
:1080800001D1284670BD6FF01505FAE710B584B030
:108090000B6800934C68B1F808C09DF808206CF399
:1080A00004028DF808204989D2B261F347128DF895
:1080B000082023F01F032344013B23F01F030393F5
:1080C0006946FAF73DFE04B010BDF0B587B005462D
:1080D00005A8F9F7C9FE0646002422E057680958AA
:1080E00027F01F0392681344013B23F01F030197FD
:1080F00002919DF80C20012161F304028DF80C20FF
:10810000D2B2022161F347128DF80C20049301A929
:108110002878FAF715FE002847DB2B7801332B70FF
:108120000134B44244D22001059901EB0412D36812
:108130001B0D1B05B3F5001FD0D0B3F5800F1BD06E
:10814000B3F5801FECD15768095827F01F039268D8
:108150001344013B23F01F03019702919DF80C206B
:10816000012161F304028DF80C20D2B261F34712B1
:108170008DF80C200493CAE75768095827F01F03AD
:1081800092681344013B23F01F03019702919DF86D
:108190000C20062161F304028DF80C20D2B26FF39B
:1081A00047128DF80C200493B1E76FF0150000E042
:1081B000002007B0F0BD08B5FAF7B6FE08BD08B557
:1081C000FAF78EFD08BD08B50B694969984700208C
:1081D00008BD08B5FAF722FF002008BD08B5FAF778
:1081E00097FF08BD08B5FAF755FF08BD08B5FFF7BA
:1081F000F5FF08BD08B5FAF737FF08BD4FF47F0358
:10820000D3F83021D3F83431072A01D00020704749
:10821000042B03D8022B03D30020704701207047A2
:108220000120704738B505460C464FF05023012217
:10823000C3F814260020FAF7E1FF00212846A047E2
:1082400038BD70B5044619B10123C0F8143670BDAD
:10825000FFF7D4FF18B90023C4F81436F7E7012656
:10826000C4F818660025C4F81456052000F0DEFC9A
:10827000C4F81466304600F0D9FCC4F81456C4F8AB
:108280001856E4E738B505460C460120FAF7B6FF64
:1082900000214FF05020FFF7D4FF00212846A047CF
:1082A00038BD0346032929D8DFE801F0020D182361
:1082B000D3F81804C0F300400AB3D3F8183403F01D
:1082C000030313707047D3F80C04C0F30040B2B13D
:1082D000D3F80C3403F0010313707047D3F85C0437
:1082E000C0F300405AB1D3F85C3403F001031370BB
:1082F0007047D3F85404C0F3004070470020704723
:10830000006901EB41018900703108447047406801
:1083100001EB410100EB810070470069C1EBC10135
:1083200000EB8100704708B5C9B2FFF7E9FF80682C
:1083300000F0070008BDEFF31182202383F31288B9
:10834000BFF36F8F036813F0C00301D08B4207D1D6
:1083500001230360002082F31188BFF36F8F704701
:108360004FF0FF30F7E7EFF31182202383F31288F9
:10837000BFF36F8F036803F0C00C03F00703012BFA
:1083800008D08C4509D04FF0FF3082F31188BFF33D
:108390006F8F704701600020F7E76FF07700F4E718
:1083A000EFF31182202383F31288BFF36F8F0368EA
:1083B00003F0C00343F00203036082F31188BFF3AC
:1083C0006F8F7047F8B506460C46FFF799FF0568B2
:1083D0004768002340F8083BFFF7E2FF1DB13A462B
:1083E00021463046A847F8BD70B506461546CCB2C2
:1083F0002146FFF785FF29460830FFF79CFF00283C
:1084000006DB21463046FFF782FF4368984700208D
:1084100070BD08B58022FFF7E7FF08BD2DE9F041E8
:10842000064690461F46CDB22946FFF769FF04462F
:1084300006990830FFF797FF002809DBC4F8008091
:10844000676029463046FFF762FF036898470020BF
:10845000BDE8F08110B582B080240094FFF7DEFF04
:1084600002B010BD10B51446C9B2FFF756FF002187
:10847000A04710BD08B50120FCF764F808BD08B599
:108480000320FCF75FF808BD08B50220FCF75AF896
:1084900008BD08B50020FCF755F808BD08B5012057
:1084A00000F074FC08BD08B5032000F06FFC08BDA7
:1084B00008B5022000F06AFC08BD08B5002000F0F5
:1084C00065FC08BD08B520EAE070C117C90341EAA0
:1084D0005041C00340F2E733C0184FF47A724FF0B6
:1084E000000341F10001F7F735FE01F090F908BDF6
:1084F00008B51046FDF742F808BD0B4639B11168C2
:10850000196041688A4209D00023136070471368DC
:10851000036041688A42F7D14360F5E74360F3E7BF
:1085200008B50A460368002101E019461B682BB113
:108530009342FAD1FFF7E1FF012000E0002008BDDF
:1085400038B505460C460321A047002806DB01216B
:108550002846A047002800DB002038BD10F1860F18
:10856000FBD1F4E770B504460D461646036833B1F7
:10857000FFF7D6FF70B91EB96FF0150006E032B1F3
:1085800023682B602560636843B1002070BD6FF0E5
:108590001500FBE7002EF3D10020F7E7656000200F
:1085A000F4E770B50E461546016821B10C683CB180
:1085B00031B90C4604E00C4602E0234621461C4635
:1085C00071B18A682A4002D04B6830469847002C27
:1085D000F3D02368002BF1D0002CEFD12346EDE738
:1085E00070BD0069003818BF0120704710F0100FEF
:1085F00004D110F0200F03D10020704703207047F2
:108600000120704743685B681B690B60002070475E
:1086100043685B6802EA010021EA02019860D960C0
:108620000020704743685B6899600020704743688A
:108630005B68D9600020704743685A68536821EA34
:1086400003000B409060D36000207047B0F5800FAE
:1086500007D0B1F1C06F0DD0B1F1007F08D001207B
:108660007047B1F1007F01D00520704704207047AA
:10867000022070470320704708B500690430FFF7F7
:1086800071FF08BD10B500F01F044009FBF706F8A4
:1086900030B1014600690122A2400430FFF781FF9A
:1086A00010BD002070470020704708B521B1012996
:1086B00005D06FF0850008BDFFF7F3FFFBE7FFF77C
:1086C000F2FFF8E708B51146103000F041FE08BD92
:1086D00000B54368136001E008331360136890F835
:1086E00008C0D0F804E00EEBCC0C634505D293F83B
:1086F00005C08C45F0D1002001E06FF001005DF86D
:1087000004FB08B511B9FBF79DF908BDFBF786F925
:10871000FBE738B505460C460321A047002806DBD9
:1087200001212846A047002800DB002038BD10F1B9
:10873000860FFBD1F4E743681B68EFF31182202119
:1087400081F31288BFF36F8FD3F8201131B100216C
:10875000C3F82011D3F820110121D96082F31188C8
:10876000BFF36F8F704710B543681C68D4F80433AB
:1087700013F4807F02D0D4F8203113B9D4F85831E3
:1087800010BDFFF7D8FFF9E743681B68D3F88004F2
:10879000C3F88004704743681A685B6803F00103FC
:1087A000D2F8581129B933B9D2F820312BB90020A9
:1087B00070470120704700207047012070474368D0
:1087C0001B68C3F84415C3F848250022C3F82021CC
:1087D000D3F82011C3F85821D3F8582101229A6008
:1087E000704742681368D3F8100150B1126A1278CA
:1087F0000A700020C3F81001D3F8102101221A607A
:1088000070474FF0FF30704708B520EAE070C1179D
:10881000C90341EA5041C00340F2E733C0184FF4A6
:108820007A724FF0000341F10001F7F793FC00F07A
:10883000EEFF08BD70B5064612E075B1EFF3118486
:10884000202383F31288BFF36F8F3046FFF7A3FF17
:1088500098B984F31188BFF36F8F0120FFF7D4FF1D
:1088600064243046FFF797FF05460028E5D1012034
:1088700000F0DCF9013CF4D1DFE7204670BD10B513
:1088800082B0044601AAFFF723FF002805DB019B05
:10889000226819791868FBF7E9F802B010BD38B5FD
:1088A00045682C680021E868FFF7E9FF0823C4F851
:1088B00000352B7A5BB92B6AC4F834350123C4F830
:1088C00038350022C4F81021D4F81021236038BDB7
:1088D00010B5044643680021D868FFF7D0FF204652
:1088E000FFF7DDFF10BD012904D108B5FFF7F0FF48
:1088F000002008BD6FF08500704738B545682C68CA
:108900006B6813F0010F23D100220823C4F800354F
:10891000EB69C4F844350023C4F848350123A3604B
:1089200072B9D4F82031002BFBD00023C4F82031D9
:10893000D4F820310123E3604FF48073C4F804338A
:10894000D4F85831002BFBD00020C4F8000538BD06
:1089500001692046FBF7F8F90028F8DB0122D4E78B
:1089600010B50446002201210820FFF701FB082072
:10897000FFF7F9FA00212046FBF70CFA10BD00B50D
:10898000A2F5807E4FEA9E0E4FF0010C0CFA0EFC11
:108990001CEA010F0DD0815809B900200AE000211E
:1089A000815082581BB11A684CEA02021A600120F9
:1089B00000E000205DF804FB70B582B006460D466D
:1089C0000024019409E0A20001AB02F5A07229463F
:1089D0003046FFF7D4FF0134E4B2032CF3D915F08D
:1089E000010F02D0D6F8003143B915F0020F02D0C2
:1089F000D6F8043163B9019802B070BD0023C6F8FF
:108A00000031D6F80031019B43F001030193ECE7FC
:108A10000023C6F80431D6F80431019B43F0020369
:108A20000193E8E7401A20F07F40704700F15003BF
:108A30009B009BB203F1502303F580331868003884
:108A400018BF0120704700F150039B009BB203F157
:108A5000502303F5803300221A601B68704720F012
:108A60007F407047EFF31180202383F31288BFF318
:108A70006F8F704780F31188BFF36F8F7047F0B529
:108A800085B0044617461D46FBF71AFA06469DF8C0
:108A9000303002930B9B01930A9B00933A462B467E
:108AA0002046FBF7CBFA054631462046FBF756FA3F
:108AB000284605B0F0BD08B5FBF7A0FA08BD08B51B
:108AC000FDF780FD08BD08B5F9F7E0F9F9F7F4FA0C
:108AD000FFF7F5FF08BD4FF47F03D3F83021D3F83B
:108AE0003431072A01D000207047023B002B04D804
:108AF000DFE803F0010001207047002070474FF4C9
:108B00007F03D3F83021D3F83431072A01D0002075
:108B10007047042B07D008D8023B012B01D8012055
:108B200070470020704700207047002070474FF4C6
:108B30007F03D3F83021D3F83431072A01D0002045
:108B40007047023B002B04D8DFE803F0010001204E
:108B50007047002070474FF47F03D3F83021D3F8DB
:108B60003431072A01D000207047012070474FF4AC
:108B70007F03D3F83021D3F83431072A01D0002005
:108B80007047023B002B04D8DFE803F0010001200E
:108B90007047002070474FF47F03D3F83021D3F89B
:108BA0003431072A01D000207047023B002B04D843
:108BB000DFE803F0010001207047002070474FF408
:108BC0007F03D3F83021D3F83431072A01D00020B5
:108BD0007047023B002B04D8DFE803F001000120BE
:108BE0007047002070474FF47F03D3F83021D3F84B
:108BF0003431072A01D000207047012070474FF41C
:108C00007F03D3F83021D3F83431072A01D0002074
:108C10007047042B03D8022B03D300207047012098
:108C200070470120704708B5804708BD08B500F0BF
:108C30009BFB08BD40F00040C1F88000704740F049
:108C40000040C1F88000704738B504461546FFF76C
:108C5000F1FF29462046FFF7F2FF38BD03460329FE
:108C600029D8DFE801F0020D1823D3F81804C0F367
:108C700000400AB3D3F8183403F0030313707047AD
:108C8000D3F80C04C0F30040B2B1D3F80C3403F0B5
:108C9000010313707047D3F85C04C0F300405AB16D
:108CA000D3F85C3403F0010313707047D3F8540415
:108CB000C0F300407047002070470120704708B59E
:108CC0000520F9F715FF00B108BD0520FFF74BF9A6
:108CD000FAE770B582B00646032840D8DFE800F016
:108CE0000225191F0C224FF4827302214FF05020ED
:108CF000C0F80813024401211160034400221A60E5
:108D00001B688DF807108E4214D0002542F21074B3
:108D100018E024224FF492734FF40071E6E71C220E
:108D20004FF490734FF48071E0E704224FF48073A6
:108D30000121DBE70DF10705E8E70120FFF776FFEA
:108D4000013C0CD02A4631464FF05020FFF786FFF9
:108D500028B1002DF1D09DF80730012BEDD002B0E5
:108D600070BD38B504460378022B06D0012B00D025
:108D700000231D461BB1284638BD0123F9E700201A
:108D8000FFF7A7FFFFF799FF2070F4E708B5FFF79B
:108D9000A0FF08BD08B5FBF793FC08BD10B401F5B2
:108DA000A27150F8214024F44F3424F4407440F868
:108DB000214050F82140120202F47C521B0403F4BB
:108DC00040331A43144340F8214010BC704710B49C
:108DD00001F5A27150F8214024F4991424F4F854B8
:108DE00040F8214050F82140120202F47C521B044A
:108DF00003F440331A439DF804301B0503F4801339
:108E00001A43144340F8214010BC704700B5A2F546
:108E1000807E4FEA9E0E4FF0010C0CFA0EFC1CEA0D
:108E2000010F0DD0815809B900200AE000218150BE
:108E300082581BB11A684CEA02021A60012000E055
:108E400000205DF804FBF0B583B007460D461646DA
:108E50000024019409E0E2B2920001AB02F58072B5
:108E600029463846FFF7D2FF0134B442F3D3002D30
:108E700002DB019803B0F0BD01AB4FF4BE7229468E
:108E80003846FFF7C3FFF4E700B583B00021019136
:108E900000910B460122FBF71DFC03B05DF804FBBB
:108EA00000B585B08DF80F100DF10F03019300216F
:108EB00000910B460A46FBF737FC05B05DF804FB52
:108EC00038B50D460079FBF7F7FC04462846FBF75A
:108ED000E9FC083034F8100000F0010038BD38B566
:108EE0000D460079FBF7E8FC04462846FBF7DAFC60
:108EF000083034F81000C0F3401038BD38B50D46C6
:108F00000079FBF7D9FC04462846FBF7CBFC083078
:108F100034F8100010F01C0018BF012038BD38B51F
:108F20000D460079FBF7C8FC04462846FBF7BAFC5F
:108F3000083034F81000C0F3400038BD38B504469E
:108F40000D46FFF7ECFF30B129462046FFF7C7FF7B
:108F500018B1012000E0002038BD0020FCE708B572
:108F6000FFF7DDFF80F00100C0B208BD7047704719
:108F700038B50D460079FBF79FFC04462846FBF701
:108F800091FC083034F81000400B38BD032894BF22
:108F900000200120704770B506460D46002404E00D
:108FA0004FF0FF33AB4211D001342F2C0CD8307965
:108FB000FBF782FC04F1080330F8133013F4807FD0
:108FC000EED0C3F34323EDE7002000E0012070BDA5
:108FD00038B504460D46FFF782FFB8B12946204652
:108FE000FFF7BDFF90B129462046FFF7C1FF226879
:108FF00001238340C2F80833226800F5A27052F8BA
:10900000203023F0030342F8203003E000212846FB
:10901000FFF746FF38BDF8B506460F461546002453
:10902000002C03DD4FF0FF342046F8BD3079FBF70C
:1090300043FC50F83430BB4201D00134F0E700EB80
:10904000C4035B68AB42F8D1EEE738B50C46007953
:10905000FBF732FC05462046FBF724FC083035F8C8
:109060001030C3F38203042B09D0052B01D1022059
:1090700006E02046FBF7B8FB18B1032000E0032010
:1090800038BD0220FCE710B504460846FBF70AFC91
:10909000083034F8103013F4807F04D0C3F3432336
:1090A00004EBC30010BD0020FCE770B504460E467B
:1090B00015460079FBF700FC86602079FBF7FCFB86
:1090C000C56070BD08B50079FBF7F6FB90F88C0021
:1090D000003818BF012008BD70B504460D4616467D
:1090E000FFF7FDFE00B329462046FFF738FFD8B151
:1090F00029462046FFF73CFF2268830003F5807372
:109100009BB2002199509B58226800F5A27152F839
:10911000213043F0010342F82130B6B12268012327
:109120008340C2F8043310E02368D3F80423002AF4
:1091300003DB4FF00042C3F8042329462046FFF723
:1091400084FF01462846FFF7ABFE70BDF8B5044624
:109150000D461646FFF797FF20B107684268314673
:109160002846B847A3681BB1E268314628469847AD
:10917000F8BDF8B507460E4614461D461046FFF7E3
:1091800005FF60B9022D1DD002213046FFF788FE91
:10919000032C1BD0022D17D0032D1DD0F8BD224665
:1091A00031463846FFF7D2FF3046FBF731FBA84285
:1091B000F4D100213046FFF773FE29463046FFF711
:1091C0006FFEEBE70321E0E7012CE5D122463146B3
:1091D0003846FFF7BBFFE1E7022CDFD1F6E770B5B9
:1091E00005460846FBF75EFB04462879FBF764FB5F
:1091F00004F1080330F8133013F4807F0BD0C3F36D
:109200004326083423F4F85320F814303146284616
:10921000FFF7C1FE00B170BD2879FBF74DFB0023BD
:1092200040F836302879FBF747FB31467830FBF7BA
:1092300037F9F0E770B504460D46FFF750FE58B118
:10924000266829462046FFF793FE00F5A27000230A
:1092500046F8203046F8203029462046FFF7BFFF69
:109260002079FBF729FB04462846FBF71BFB083057
:10927000002324F8103070BD70B504460D461E461C
:1092800004984FF0000C01E00CF1010C84450ED263
:109290005FFA8CF2920002F580719208012303FAC2
:1092A00002F21542F0D0002363506358ECE7002D22
:1092B00004DA0023C4F87C31D4F87C3144F307305D
:1092C000FEF751FE0EB1C4F8045370BDF8B5064662
:1092D0000D46144619E094FAA4F3B3FA83F301227D
:1092E0009A4024EA020403F13C0205EB420297880B
:1092F00003F5A27356F82300C0F30140FFF736FED2
:10930000024639462846FFF721FF002CE3D1F8BD7D
:1093100008B5FBF7E9FB08BD08B5FBF7D5FA08BDB2
:1093200008B5FFF7C2FE08BD08B5FBF74BFB08BD4B
:1093300008B5FBF7ADFC08BD08B5FFF7C3FE08BDD7
:1093400008B5FBF781FC08BD08B5FBF797FC08BD25
:1093500008B5FBF77BFB08BD08B5FFF7BDFE08BDF0
:1093600008B5FFF735FE08BD00B9704708B5FEF730
:1093700041FF08BD60B1C3685A7812F0010F03D0F5
:109380001B781BB1002070470020704701207047F8
:1093900000207047EFF31183202383F31288BFF37B
:1093A0006F8FFEE710B50446436983B1984730B12B
:1093B00000280ADBFF2800DDFF20E3681870E26860
:1093C000537843F00103537010BD4042F2E7002090
:1093D000F5E708B500F0F9FA08BD08B500F0E8FABD
:1093E00008BD4169836841EA030212F0030F10D1FE
:1093F0000022C2600269013A02FB013304E0C26844
:109400001A60C36042699B1A82689A42F7D90020A9
:1094100070476FF0150070470120704710B5044683
:1094200003614261816000238361FFF7DAFF002856
:1094300001DB2460646010BD2DE9F84304460D464D
:10944000FFF7EAFFB0B104F10807EFF3118620231C
:1094500083F31288BFF36F8FE368A3B1E3682B60D7
:10946000E560A369013BA36186F31188BFF36F8FA9
:10947000BDE8F883002383F31188BFF36F8F0423C3
:10948000184602DFF4E7D4F80080444517D0B8F15D
:10949000000918BF4FF00109B8F1000F12D1B9F15E
:1094A000000FDBD00023C8F8AC30C8F8105040469D
:1094B00000F00BF931463846FCF7C6FBD8E74FF011
:1094C0000008E4E7D8F80420D8F8003013605A60A8
:1094D0000023C8F80030C8F8043098F80D2022F0B6
:1094E000020288F80D20C8F8083008F1180000F0D2
:1094F000FEF9D4E708B5EFF31183202383F3128834
:10950000BFF36F8FFEF74CFDF5E700BF7047884251
:1095100000DA014611F17F0F01DB084670476FF05A
:109520007E00704708B5806890F90E308B4201D1FB
:10953000002008BDFCF7E2FAFBE703460020986034
:10954000D8601B605B6070473AB18A4208D3816083
:10955000C26000604060002070476FF015007047E7
:109560006FF015007047F8B505460E46D41D24F07F
:1095700007040F193946F8F797FE073020F0070067
:10958000C5F89460C5F89840C5F89C00381AF8BD35
:10959000EFF30580003818BF012070477430704722
:1095A00010B400248460037342738173C4738461B4
:1095B000C46110BC7047F0B587B00446129E139D7D
:1095C00000270597109F04970F9F03970E9F029700
:1095D0000D9F01970C9F0097FCF75CF8B5F1FF3FDA
:1095E00008BFB6F1FF3F02D1204607B0F0BD3246BA
:1095F0002B462046FCF72EF8F6E70020704738B5DA
:1096000004460D46FCF72CF9637B43F002036373B9
:1096100035B3A5602B689D420DD100230BE05A683D
:109620006260236014605C601AE01A4669688A42CE
:109630000FD01B687BB173B194F90E1093F90E2013
:109640009142F2D0521A002AE9DC1A46002BEDD1E1
:10965000F0E70023EEE76B68256063601C606C60D8
:1096600038BD08B5183000F042F908BD70B506469F
:10967000046884421AD0DCB16268236813605A60BF
:10968000002525606560637B23F002036373A5609A
:1096900004F1180000F02BF9C4F8AC502046FCF798
:1096A00085F83468A642E6D12C46E4E70024E2E7D8
:1096B00070BD70B5044616461D46FFF7A0FF324642
:1096C0002B462046FCF78AF970BD38B504460023C6
:1096D000EFF31185202282F31288BFF36F8F04E02D
:1096E00085F31188BFF36F8F012343B92046FFF73D
:1096F00084FF0028F4D12046FCF758F8F0E738BD85
:109700000023EFF31181202282F31288BFF36F8FC1
:1097100010E04268036813605A60002303604360EE
:10972000427B22F002024273836081F31188BFF30F
:109730006F8F01231BB98368002BEAD1F5E77047CF
:1097400038B504460023EFF31185202282F31288F6
:10975000BFF36F8F0BE0637B23F00403637320463A
:10976000FCF724F885F31188BFF36F8F01239BB9B1
:10977000637B13F0280FF5D1A368002BEBD0626850
:10978000236813605A60002323606360627B22F0C9
:1097900002026273A360DEE738BD08B50121183804
:1097A000FFF7CEFF08BD01460023EFF3118C202206
:1097B00082F31288BFF36F8F184605E000208CF308
:1097C0001188BFF36F8F01238BB908688142F5D0F0
:1097D0000028F4D04268036813605A6000230360D5
:1097E0004360427B22F0020242738360E7E77047E6
:1097F00008B5EFF31180202383F31288BFF36F8F36
:10980000FCF738FA08BD031D43608360704738B524
:1098100004460D46FCF7ECFA84462046B5F1FF3FBE
:1098200008BFB4F1FF3F2CD04FEAEC72510141EA7E
:10983000DC614FEA4C13B3EB0C0361EB02018900CE
:1098400041EA93719B0013EB0C0042EB0103DB0038
:1098500043EA5073C00047F6FF72801843F10003DB
:10986000B0F5004F73F100020AD36FF40042824258
:1098700043F6FF729A4105D3C00B40EA434000E033
:10988000002038BD6FF00040FBE710B50446FCF740
:10989000A1FC48B102460369416920691B1860694F
:1098A00041EB0001136151616268236813605A60E3
:1098B00000232360636010BD10B50446FCF780FCF4
:1098C00078B1036942691B1B62EBE472B3F1004F8C
:1098D00072F1000108DA002A01DB184610BD0023EE
:1098E000FBE76FF00040F9E76FF00040F6E7F8B5EE
:1098F00004460023EFF31187202282F31288BFF37E
:109900006F8F6FF015000CE0FCF770FCFFF7D4FFD1
:109910000021FAF791FC304687F31188BFF36F8F6F
:1099200001231E468BB92368002BF5D0FCF748FCB9
:1099300005462046FFF7A9FF00224FF00043C4E987
:109940000423A542E0D03046E6E7F8BD08B5FCF7B1
:109950005DFD08BD08B5FCF759FD08BD08B5EFF37E
:109960001180202383F31288BFF36F8FFCF782F9F5
:1099700008BD016242620023036300F118028261A4
:10998000C261036043604363704710B50446FFF74C
:10999000AEFF60B9636A0BB12046984704F1180026
:1099A000FFF701FF18B1FFF790FEFFF7D7FF10BDDB
:1099B0000A44431E914200D1704710B511F8014B83
:1099C000914203F8014FF9D110BD0244034693427E
:1099D00000D1704703F8011BF9E710B501390446BF
:1099E00032B111F8013F013A00F8013B002BF7D1E9
:1099F0000021FFF7EAFF204610BD0246014410B5E2
:109A00008A42134603D01C780132002CF8D1181A70
:109A100010BDF0B5C3F13707044603F01F0310462D
:109A2000FFB2082BE6B232D0102B3DD06508A40857
:109A300045EAC17544EA81748A082D1942EB510246
:109A4000290941EA02716D1842EB1212290A41EA12
:109A500002616D1842EB1222290C41EA02416D1895
:109A600042EB1242AD1842F10002EC0844EA4274A3
:109A7000D10804EB8402A6EB4205EDB2092D0CD906
:109A80000134A5F10A0541F10001EDB212E0E4084C
:109A900006F0070544EA4174C908303554EA01026A
:109AA00000F8015BBDD1F0BD240906F00F0544EAC2
:109AB00001740909092D84BFED19EDB2EDE7D1E973
:109AC000043293421EBF5A1C0A611870704700008E
:109AD0000148006870470000280E0020AC66FF7F38
:109AE00001000000000000003C9B00004953000002
:109AF00000000000000000007C9B0000000000004F
:109B00005C9B0000BF8A0000000000000000000015
:109B10009C9B00009535000000000000E140000023
:109B200000000000B51300000000000045300000F8
:109B300000000000C78A00000000000078A80000B4
:109B4000BCA80000089E0000D0000020940E002059
:109B5000A93400000000000000000000ECA8000094
:109B600004A90000E49D0000D2000020380F00206E
:109B70006D3900000000000000000000F8A800009F
:109B80001CA90000E49D0000D4000020440F002028
:109B90006D390000000000000000000060A9000016
:109BA0007CA90000249E0000D6000020500F002059
:109BB00061890000000000000000000000000000BB
:109BC0007D7F0000000000007D7F0000000000009D
:109BD0007D7F0000000000007D7F0000000000008D
:109BE0007D7F000049460000278C00000000000037
:109BF0007D7F0000000000007D7F00009C9B000036
:109C000067870000000000007D7F0000000000006A
:109C10007D7F0000000000007D7F0000000000004C
:109C20007D7F0000014E0000278C00000000000036
:109C30007D7F0000000000007D7F0000000000002C
:109C40007D7F0000000000007D7F0000000000001C
:109C50007D7F0000000000007D7F0000000000000C
:109C60007D7F000000000000F941000000000000BE
:109C70007D7F0000000000007D7F000000000000EC
:109C80007D7F0000000000007D7F000000000000DC
:109C90007D7F0000000000007D7F000000000000CC
:109CA0007D7F0000000000007D7F000000000000BC
:109CB0007D7F0000000000007D7F000000000000AC
:109CC0007D7F0000000000007D7F0000000000009C
:109CD0007D7F0000000000007D7F0000000000008C
:109CE0007D7F0000000000007D7F0000000000007C
:109CF0007D7F0000000000007D7F0000000000006C
:109D00007D7F0000000000007D7F0000000000005B
:109D10007D7F0000000000007D7F0000000000004B
:109D20007D7F0000000000007D7F0000000000003B
:109D30007D7F0000000000007D7F0000000000002B
:109D40007D7F0000000000007D7F0000000000001B
:109D50007D7F0000000000007D7F0000000000000B
:109D60007D7F0000000000007D7F000000000000FB
:109D70007D7F0000000000007D7F000000000000EB
:109D80007D7F0000000000007D7F000000000000DB
:109D90007D7F0000000000007D7F000000000000CB
:109DA0007D7F0000000000007D7F000000000000BB
:109DB0007D7F0000000000007D7F000000000000AB
:109DC0007D7F0000000000007D7F0000000000009B
:109DD0007D7F0000000000007D7F0000000000008B
:109DE0007D7F0000B9370000058600001186000065
:109DF000258600002F86000039860000B936000055
:109E00007986000000000000713400001384000017
:109E100055840000000000002783000000000000BF
:109E200000000000E3870000E13C0000898700009B
:109E3000E09F00000400000094A000000300000068
:109E4000ACA8000003000000D4A000000300000044
:109E5000D8A000000300000028A2000003000000BA
:109E6000ACA7000003000000E8AA00000300000007
:109E700058A80000030000006CA9000003000000C7
:109E80004CA200000800002014A200000100000005
:109E9000040000000F0000000100000008000000A6
:109EA0002000000060000000700000000D000000B5
:109EB0000C0000000E0000005000000074000000C4
:109EC000A8000000FFFFFFFFFFFFFFFFFFFFFFFFF6
:049ED000FFFFFFFF92
:109EE000002584500028845000000000000000007D
:109EF0000338FDD87047000043616C63756C617472
:109F0000696E672074686520666163746F72696149
:109F10006C73206F66206E756D6265727320667259
:109F20006F6D203120746F20256C643A0A000000A8
:109F3000466163746F7269616C204F66204E756D67
:109F400062657220256920697320256C640A00000F
:109F50004F4E00004F4646006E524620436F6E6ED5
:109F60006563742053444B2046756E64616D656E65
:109F700074616C73202D204C6573736F6E203420D8
:109F80002D20457865726369736520310A000000F1
:109F90004C45442073746174653A202573000000B9
:109FA00044554D50494E472048455820444154415E
:109FB000203A20002573000053616D706C652044C9
:109FC000617461203D20000048454C4C4F0000006A
:109FD0005C9B0000080011005C9B00000600000074
:109FE0004D41494E5F435F4D4F44554C4500000085
:109FF00028756E7369676E656429206368617220D5
:10A000002A207573656420666F7220252570206193
:10A010007267756D656E742E2049742773207265A2
:10A02000636F6D6D656E64656420746F206361732A
:10A030007420697420746F20766F6964202A20620E
:10A04000656361757365206974206D617920636152
:10A05000757365206D69736265686176696F7220DA
:10A06000696E206365727461696E20636F6E6669E4
:10A070006775726174696F6E732E20537472696EA6
:10A08000673A2225732220617267756D656E743A96
:10A090002564000063627072696E74665F7061634C
:10A0A0006B616765000000006C6F6767696E670031
:10A0B0002802002000010000F37B0000497B000023
:10A0C00002000000157E00000000000000000000FB
:10A0D000000000006C6F67006C6F675F6D676D74E8
:10A0E000000000004D6573736167652028222573A9
:10A0F00022292064726F70706564206265636175E7
:10A10000736520697420657863656564732073697D
:10A110007A65206C696D69746174696F6E20282599
:10A12000752900004D6573736167652064726F70F7
:10A13000706564206265636175736520697420656C
:10A140007863656564732073697A65206C696D69ED
:10A15000746174696F6E2028257529005B2530387D
:10A160006C755D20000000005B253032753A2530AB
:10A1700032753A253032752E253033752C25303323
:10A18000755D20001B5B306D0000000025732E0004
:10A1900025733A20000000003C25733E200000009B
:10A1A00025732F0025732000253032782000000011
:10A1B000202020007C00000025630000206D6573D6
:10A1C00073616765732064726F70706564202D2DF4
:10A1D0002D0D0A002D2D2D20000000000000000094
:10A1E000000000000000000000000000000000006F
:10A1F0006572720077726E00696E66006462670055
:10A2000000000000F0A10000F4A10000F8A100008F
:10A21000FCA100006C6F675F6261636B656E645FD9
:10A2200075617274000000006C6F675F7561727415
:10A23000000000003CA20000E4080020451E0000D1
:10A24000FC0800200809002001000000E37E000057
:10A25000D57E0000C17E0000B57E00000000000039
:10A26000A97E0000000000002A2A2A20426F6F7495
:10A27000696E67206E524620436F6E6E6563742070
:10A2800053444B2076332E312E312D6532613937D0
:10A2900066653235373861202A2A2A0A0000000014
:10A2A0002A2A2A205573696E67205A657068797268
:10A2B000204F532076342E312E39392D666638667C
:10A2C0003063353739656562202A2A2A0A00000082
:10A2D00000000000FF7E00006D757465785F696E98
:10A2E00069742063616C6C65642077697468204EC2
:10A2F000554C4C20706172616D6574657200000090
:10A30000436F756C64206E6F7420616C6C6F636159
:10A310007465206D75746578206265666F7265205E
:10A32000696E697469616C697A696E670000000022
:10A33000280000202000002018000020000000005D
:10A340001000002031200000D51F0000591F000020
:10A35000ED1E000072302F61313A20203078253018
:10A360003878202072312F61323A20203078253021
:10A370003878202072322F61333A2020307825300F
:10A380003878000072332F61343A2020307825303D
:10A390003878207231322F69703A20203078253099
:10A3A0003878207231342F6C723A20203078253082
:10A3B0003878000020787073723A20203078253089
:10A3C000387800004661756C74696E6720696E7339
:10A3D0007472756374696F6E2061646472657373FF
:10A3E00020287231352F7063293A20307825303893
:10A3F00078000000556E68616E646C656420495297
:10A40000516E3A2025640000535053454C20696E2C
:10A4100020746872656164206D6F646520646F6587
:10A4200073206E6F7420696E646963617465205077
:10A43000535000002A2A2A2A2A20555341474520F2
:10A440004641554C54202A2A2A2A2A0020204469B1
:10A45000766973696F6E206279207A65726F000089
:10A460002020556E616C69676E6564206D656D6F47
:10A470007279206163636573730000002020537458
:10A4800061636B206F766572666C6F772028636FEF
:10A490006E746578742061726561206E6F742076C9
:10A4A000616C69642900000020204E6F20636F708A
:10A4B000726F636573736F7220696E737472756304
:10A4C00074696F6E730000002020496C6C656761D1
:10A4D0006C206C6F6164206F66204558435F524565
:10A4E0005455524E20696E746F2050430000000096
:10A4F0002020496C6C6567616C20757365206F6600
:10A50000207468652045505352000000202041749B
:10A5100074656D707420746F2065786563757465FB
:10A5200020756E646566696E656420696E73747209
:10A53000756374696F6E00002A2A2A2A2A204465EE
:10A54000627567206D6F6E69746F722065786365E0
:10A550007074696F6E202A2A2A2A2A005265736550
:10A560007276656420457863657074696F6E202823
:10A570000000000053707572696F757320696E7406
:10A5800065727275707420284952512000000000D5
:10A590002A2A2A2A2A20257320256429202A2A2AC1
:10A5A0002A2A00002A2A2A2A2A204D5055204641CC
:10A5B000554C54202A2A2A2A2A00000020205374AD
:10A5C00061636B696E67206572726F722028636FBA
:10A5D0006E746578742061726561206D6967687456
:10A5E000206265206E6F742076616C6964290000BA
:10A5F0002020556E737461636B696E67206572729B
:10A600006F720000202044617461204163636573B0
:10A61000732056696F6C6174696F6E0020204D4D18
:10A6200046415220416464726573733A2030782544
:10A63000780000002020496E737472756374696F2E
:10A640006E204163636573732056696F6C61746932
:10A650006F6E00002020466C6F6174696E672D700C
:10A660006F696E74206C617A7920737461746520EF
:10A67000707265736572766174696F6E206572724F
:10A680006F7200002A2A2A2A2A2042555320464166
:10A69000554C54202A2A2A2A2A00000020205374CC
:10A6A00061636B696E67206572726F7200000000F3
:10A6B0002020507265636973652064617461206253
:10A6C0007573206572726F72000000002020424690
:10A6D000415220416464726573733A203078257862
:10A6E000000000002020496D707265636973652069
:10A6F0006461746120627573206572726F7200000C
:10A700002020496E737472756374696F6E20627570
:10A7100073206572726F72002A2A2A2A2A20484101
:10A720005244204641554C54202A2A2A2A2A000005
:10A730002020427573206661756C74206F6E2076E0
:10A740006563746F72207461626C65207265616408
:10A750000000000020204465627567206576656E04
:10A760007400000020204661756C7420657363617D
:10A770006C6174696F6E20287365652062656C6F0B
:10A7800077290000415243485F45584345505420C3
:10A790007769746820726561736F6E2025780A008E
:10A7A0000000002000000000060001006D70750030
:10A7B0004661696C656420746F20616C6C6F6361C5
:10A7C0007465206E6577204D505520726567696FFE
:10A7D0006E2025750A000000506172746974696FFB
:10A7E0006E2025753A2073616E69747920636865FF
:10A7F000636B206661696C65642E0000496E76614A
:10A800006C696420756E6465726C79696E6720721C
:10A810006567696F6E20696E646578202575000034
:10A820000200000038A80000464C4153485F300049
:10A830005352414D5F3000000000000028A8000086
:10A8400006000000E0FF0F000000002030A800001C
:10A8500021000000E0FF0620736F63002120252403
:10A860008582000025820000000000007132000097
:10A870005132000000000000636C6F636B403530A4
:10A88000303000006866636C6B0000006C66636CBF
:10A890006B0000006866636C6B3139326D0000003C
:10A8A0006866636C6B617564696F0000636C6F63ED
:10A8B0006B5F636F6E74726F6C000000F5320000A6
:10A8C0006533000084A8000093840000BB8400006E
:10A8D0008CA8000089840000B184000094A80000C6
:10A8E0007F840000A7840000A0A800006770696F43
:10A8F00040383432383030006770696F4038343255
:10A9000035303000FFFF00000028845000000000B8
:10A910000100000000D0005000000000FFFFFFFF1A
:10A9200000258450000000000000000000D000500E
:10A930000000000000010203040506070B000000F0
:10A940004661696C656420746F20616C6C6F636133
:10A95000746520505049204368616E6E656C00003C
:10A960007561727440383030300000007561727467
:10A970005F6E7266785F756172746500008000506A
:10A980000100000000000000A0A90000000000106D
:10A990000000000000000000121200201112002030
:10A9A00000800050ACA9000001000000B4A9000024
:10A9B000040000001400000013000002160600014D
:10A9C0001506000300203030303030303030303069
:10A9D00030303030000100000001000008000000AD
:10A9E0000300000043505520657863657074696FFB
:10A9F0006E000000556E68616E646C656420696E5F
:10AA00007465727275707400537461636B206F7635
:10AA10006572666C6F7700004B65726E656C206FB7
:10AA20006F7073004B65726E656C2070616E696348
:10AA300000000000556E6B6E6F776E206572726F4E
:10AA400072000000756E6B6E6F776E0048616C74FB
:10AA5000696E672073797374656D00003E3E3E2019
:10AA60005A455048595220464154414C2045525273
:10AA70004F522025643A202573206F6E2043505595
:10AA8000202564004661756C7420647572696E6778
:10AA900020696E746572727570742068616E646C82
:10AAA000696E670A0000000043757272656E74205B
:10AAB0007468726561643A20257020282573290026
:10AAC00069646C65000000006D61696E0000000043
:10AAD000E49A0000E49A00001C9B0000249B000004
:10AAE0003C9B00003C9B00006F730000FF8FFFFF4A
:10AAF000FF8FFFFFFE8FFFFFFE8FFFFFFD8FFFFF2A
:10AB0000FC8FFFFFFC8FFFFFFB8FFFFF6D757465F0
:10AB1000785F667265652063616C6C656420776937
:10AB20007468204E554C4C20706172616D6574657F
:10AB30007200000043616E277420696E6974696158
:10AB40006C697A65206D757465782C207761732047
:10AB50004E554C4C0D0A0000436F756C64206E6FAF
:10AB600074206C6F636B20706F77657220736176F1
:10AB700065206D757465780000202020202020203D
:10AB8000202028282828282020202020202020209D
:10AB900020202020202020202088101010101010AD
:10ABA00010101010101010101004040404040404F9
:10ABB0000404041010101010101041414141414193
:10ABC0000101010101010101010101010101010175
:10ABD0000101010110101010101042424242424285
:10ABE0000202020202020202020202020202020245
:10ABF00002020202101010102000000000000000ED
:10AC00000000000000000000000000000000000044
:10AC10000000000000000000000000000000000034
:10AC20000000000000000000000000000000000024
:10AC30000000000000000000000000000000000014
:10AC40000000000000000000000000000000000004
:10AC500000000000000000000000000000000000F4
:10AC600000000000000000000000000000000000E4
:10AC7000000000000000000000286E756C6C2900C8
:10AC80002A666C6F61742A00217200007D7B0000CF
:10AC900034A2000000000000280100203A0000005B
:10ACA0003C0100203A000000140100203A0000009E
:10ACB000500100203A00000000000000D381000095
:10ACC00000000000000000000090D0030070015060
:10ACD00000000000FFFFFFFF3F000000FFFFFFFF3D
:10ACE0003F000000FF000000900200006400002010
:10ACF0006400002000000000FD650000B00000209E
:10AD0000A8000020A0000020000000009800002003
:10AD10002967000075660000A9660000F166000062
:10AD2000381000203A00003A3C1000203A00003A67
:10AD3000401000203A00003A441000203A00003A47
:10AD4000C0000020840000207C000020780000204B
:10AD5000740000200100000000000000000000005E
:10AD600000000000000000000000000000000000E3
:10AD700000000000000000000000000000000000D3
:10AD800000000000000000000000000000000000C3
:10AD9000000000000000000000000000140100207E
:10ADA0001401002000000000000000000E00000060
:10ADB0002801002028010020000000000000000001
:10ADC0000E0000003C0100203C01002000000000BB
:10ADD000000000000E000000500100205001002083
:10ADE00000000000000000000E00000064010020D0
:10ADF00064010020000000000100000015E015E0E3
:00000001FF
