:020000040000FA
:10000000B0370020913A00003D5101007D3A0000D8
:100010007D3A00007D3A00007D3A00007D3A000004
:10002000000000000000000000000000113C000083
:100030007D3A000000000000A93B00007D3A00006E
:10004000A13D0000A13D0000A13D0000A13D000038
:10005000A13D0000A13D0000A13D0000A13D000028
:10006000A13D0000A13D0000A13D0000A13D000018
:10007000A13D0000A13D0000A13D0000A13D000008
:10008000A13D0000A13D0000A13D0000A13D0000F8
:10009000A13D0000A13D0000A13D0000A13D0000E8
:1000A000A13D0000A13D0000A13D0000A13D0000D8
:1000B000A13D0000A13D0000A13D0000A13D0000C8
:1000C000A13D0000A13D0000A13D0000A13D0000B8
:1000D000A13D0000A13D0000A13D0000A13D0000A8
:1000E000A13D0000A13D0000A13D0000A13D000098
:1000F000A13D0000A13D0000A13D0000A13D000088
:10010000A13D0000A13D0000A13D0000A13D000077
:10011000A13D0000A13D0000A13D0000A13D000067
:10012000A13D0000A13D0000A13D0000A13D000057
:10013000A13D0000A13D0000A13D0000A13D000047
:10014000A13D0000A13D0000A13D0000A13D000037
:10015000A13D00004FF0FF3C06E000BF4FF0010C56
:1001600002E000BF4FF0010C4DF804CD4FEA410C06
:100170007FEA6C5C4FEA430C18BF7FEA6C5C1BD0D3
:1001800001B050EA410C0CBF52EA430C91EA030F54
:1001900002BF90EA020F0020704710F1000F91EAB1
:1001A000030F58BF994208BF90422CBFD8176FEA7F
:1001B000E37040F0010070474FEA410C7FEA6C5C4D
:1001C00002D150EA013C07D14FEA430C7FEA6C5C54
:1001D000D6D152EA033CD3D05DF8040B704700BF80
:1001E0008446104662468C461946634600E000BFCE
:1001F00001B5FFF7B7FF002848BF10F1000F01BDA0
:100200004DF808EDFFF7F4FF0CBF012000205DF86A
:1002100008FB00BF4DF808EDFFF7EAFF34BF0120EF
:1002200000205DF808FB00BF4DF808EDFFF7E0FF88
:1002300094BF012000205DF808FB00BF4DF808EDD9
:10024000FFF7CEFF94BF012000205DF808FB00BF40
:100250004DF808EDFFF7C4FF34BF012000205DF822
:1002600008FB00BF4FF0FF3C06E000BF4FF0010C61
:1002700002E000BF4FF0010C4DF804CD4FEA400200
:100280004FEA41037FEA226C18BF7FEA236C11D04A
:1002900001B052EA530C18BF90EA010F58BFB2EBFD
:1002A000030088BFC81738BF6FEAE17018BF40F07D
:1002B000010070477FEA226C02D15FEA402C05D131
:1002C0007FEA236CE4D15FEA412CE1D05DF8040BB6
:1002D000704700BF844608466146FFE70FB5FFF749
:1002E000C9FF002848BF10F1000F0FBD4DF808ED01
:1002F000FFF7F4FF0CBF012000205DF808FB00BFF2
:100300004DF808EDFFF7EAFF34BF012000205DF84B
:1003100008FB00BF4DF808EDFFF7E0FF94BF012098
:1003200000205DF808FB00BF4DF808EDFFF7D2FF95
:1003300094BF012000205DF808FB00BF4DF808EDD8
:10034000FFF7C8FF34BF012000205DF808FB00BFA5
:1003500053B94AB9002908BF00281CBF4FF0FF312C
:100360004FF0FF3000F062BDADF1080C6DE904CE36
:1003700000F078FDDDF804E0DDE9022304B0704709
:1003800003685A004CBF43F0004323F00043184475
:1003900070472DE9F0470646174641B301394FF043
:1003A0000009884609EB080404EBD474641006EBDA
:1003B000C4054FEAC40A2846FFF7E2FFA14204D170
:1003C000B84204D82846BDE8F087B84204D9A14510
:1003D0000DD004F1FF38E5E70AF108003044FFF7DB
:1003E000CFFF0138B842EDD204F10109DAE7002568
:1003F000E8E7012806D0022806D00028034818BFE5
:100400000020704702487047024870470D0A0000FC
:10041000110A0000150A00001F4B37B504468D1E57
:100420004BB101A92846AFF3008048B90023092049
:10043000236103B030BD1948194B1B1ADB1001931F
:1004400001992A46FFF7A5FF01460028EED0FFF7E5
:1004500097FF4B68A064012B1AD0002B01F1040018
:1004600010DBFFF78DFF0023C4E913030368002BA3
:100470000ADAC3F30360FFF7BCFF03460028D5D0B8
:100480000020D5E70123EFE7FFF77AFF0346F7E700
:1004900000230520CCE700BF0000000090FC010015
:1004A000500A02000368DA0710B5044605D49B071A
:1004B00000F1480018D500F0F7FB2368590703D472
:1004C00004F1D00000F0F8FB23681A0703D404F508
:1004D000A87000F0F9FB2368DB0608D404F5E87087
:1004E000BDE8104000F034BC00F0D6FBE5E710BDDD
:1004F000092070470346006800B1184470477047F0
:1005000070B505460C46216C2846FFF785FF064668
:1005100008B103F093FE236C2246294601206B614B
:100520002B6998470828EED00728F2D13046216C75
:10053000FFF7E5FF201D00F0A3FB2DE9F0470C1DA0
:10054000ADF5727DD0F80C900746D0F818A016468D
:1005500003AD0DF108080FCC0FC50FCC0FC50FCCA4
:100560000FC594E80F0085E80F000025C8F800507B
:100570000936D8F840103846FFF74EFF0446F6B269
:1005800068BBD8F840304FF4F07241467AA87B61DE
:100590001EF094F83B697AAA394630469847889B02
:1005A0000546C8F844303A463B4631460120CDE97D
:1005B000008AC847C0B9C4B94FF4F0727AA940465E
:1005C00026461EF07BF8082DD2D0072D0CD12046F0
:1005D000D8F84010FFF793FF03A800F051FB46F056
:1005E0001006D8F83830DCE7092420460DF5727D76
:1005F000BDE8F087406C7047F0B5CB6BF9B00D1DCE
:1006000006460B640F4601AC0FCD0FC40FCD0FC4CF
:100610000FCD0FC495E80F0084E80F004FF0FF33B3
:10062000009310993046FFF7F7FE78B933696A46B0
:100630003146984708280446F3D06846FFF732FF52
:10064000062C03D139463046FFF75AFF092079B00E
:10065000F0BD10B48261DA6BC16019461A640022E1
:1006600010BC6AE770B543690446C6680D460B6462
:1006700026B10122FFF761FF03F0E0FD03690A469E
:10068000014602209847072805D00828F4D12946BA
:100690002046FFF735FF3046296CFFF730FF281D55
:1006A00000F0EEFAC26802B9A6E7CA6B0A6400223B
:1006B00043E77047836801460BB101201847704734
:1006C000012910B50446084605D005D9C81E0128E1
:1006D0008CBF0220012010BD43B90F2A06D804EBBD
:1006E0008204029A184661681160F4E70220F2E77A
:1006F0001FB503AB0A46009300231946FFF7E0FF3E
:10070000039805B05DF804FB012910B504460846BE
:1007100005D005D9C81E01288CBF0220012010BDBC
:1007200043B90F2A06D8029904EB820418460968D7
:100730006160F4E70220F2E71FB503AB03920A46BB
:10074000009300231946FFF7DFFF05B05DF804FBB7
:10075000F0B5D36BADF50F7D141D064613640F463F
:1007600017AD0FCC0FC50FCC0FC50FCC0FC594E83C
:100770000F0085E80F004FF0FF3316932699684667
:10078000FFF74AFE90B90C2116A86A46FFF7D4FF7E
:10079000394616A8B04748B9049B16AA69460820EE
:1007A00098470528044602D00928E7D1092416A84D
:1007B000FFF778FE20460DF50F7DF0BD2DE9F04FD7
:1007C000CD6C87B017460C4655F8042B00F0030992
:1007D0009A4604953BBB12028DF815300323039211
:1007E000B9F1020F8DF81430236D08BFA56B13F01B
:1007F000010322D100F0080800932B6843BB03A932
:10080000384600F0A2FC002840F0FB80009BDBB1E2
:100810000F213846FFF76CFF0E2102463846FFF7DE
:100820008BFF794A55E0130C12048DF81530DBB2BA
:10083000039205EB83050223D2E703A9384600F0B3
:1008400084FC002840F0DD80082007B0BDE8F08F70
:10085000BAF1020FA26C4FF00F01384607BFD5F86E
:1008600004B005F10806B5F802B02E1D18BF2B889C
:100870002BF0010501931544FFF73AFF019B8542D8
:1008800029D823F001022A44824294BF0022012287
:100890004FEA4B0003F0010300F0020040EA0305B9
:1008A000012D1AD0022D5ED0002D40F0AA80351DFA
:1008B000B9F1000FA1D0002A9FD03046FFF760FDAC
:1008C000A563064620461CF06EFF002800F09980C4
:1008D00032460F213FE00022DAE7B9F1000F26D1BE
:1008E000002A3DD073683268991C4FEAD27200F03A
:1008F000888004F158010133029109D0301DFFF7BF
:10090000F9FD02AB014620460FF058FB054638B30F
:100910000D213846FFF7ECFE022D029B206202D12A
:10092000E36204F12C030620C4E909368DE7256A49
:100930000D213846FFF7DCFE854211D1A36A9E42A5
:100940000ED13046FFF71CFD0F2102463846FFF757
:10095000F3FE224600213846FFF7EEFE072074E73B
:1009600006F1080549E7356825F00045B9F1000FA3
:100970002AD1A2B1B8F1000F19D085B9CB4617E042
:100980000BF1010B019B002206EB8B000293FFF79A
:10099000B1FD02AB014620460FF010FB58B13368A1
:1009A000002B00DA0436013506EB850525E7C34642
:1009B00004F158030193AB45E2D10D213846FFF70E
:1009C00097FE029B2062AEE7D4F820B00D21384696
:1009D000FFF78EFE8345E2D1A36A9E42DFD14FF03E
:1009E000000B0423A562C4E90BB3F31863633368F7
:1009F0005B4503DA681C06EB8000A3E70123009344
:100A0000D1E7092021E700BF7D0001000023D5E6E2
:100A10000123D3E60223D1E62DE9F0410546C2B019
:100A200014461E46042925D8DFE811F005001C00F5
:100A30002400D6000301EEB9836B92B20121043089
:100A400001FA06F717421CBF53F8047B40F82670E2
:100A50000136102EF4D1A60400D4AB63002042B0BE
:100A6000BDE8F081012E4FEA124794B204D13B1940
:100A7000102B41D90220F2E7052EFBD107EB040829
:100A8000B8F1200FF6D80F2F4DD9002CE6D003680F
:100A9000A046580708D523F00403284640F8D03B69
:100AA00000F00EF90F2F48D9684600F009F9AB6B3A
:100AB000102F3A4642A94FEA480838BF10221C4678
:100AC00008F1FF3801EBC2024FEA8801A2F5C472B7
:100AD000101F02EB880254F804CB40F804CF824286
:100AE000F9D10A1D012E134417D00F2FAB636FD914
:100AF000684600F0E1F8B1E7102FBBD00368DA07D1
:100B000005D523F0030340F8483B00F0C9F820A8BE
:100B100000F0C6F8AB6B002C3FD1043320A8AB63C8
:100B200000F0BAF89AE7B8F1100F03682DD9DC0786
:100B3000A8F1100842D45807ADD420A8C7F110047A
:100B400000F0B6F8684600F0BBF820AA6400AB6B72
:100B500002EBC702013C101FA10002EB84021C46FD
:100B600054F804CB40F804CF9042F9D10A1D134445
:100B7000B8F1000F9CD1012ECFD00F2FAB633FF601
:100B80006DAF20A800F090F868E7D9070DD420A831
:100B900000F08EF8AB6B002CF3D0640020AA4FF06D
:100BA000000802EBC702013CD5E723F0010343F044
:100BB000020340F8483B00F07BF8E8E723F001032C
:100BC00043F0020340F8483B00F072F82B68B2E7AC
:100BD00020A800F069F88BE7032E7FF44BAF97B2A3
:100BE000160C07EB1244102C3FF644AF03681907AC
:100BF00006D523F00803036000F5A87000F086F81E
:100C000020A800F083F820ABAA6BF90003EBC60321
:100C100003EBC707D41ABB4203EB040005D10A4417
:100C200020A8AA6300F050F818E7006843F8040B06
:100C3000F1E7002E7FF41EAF102A3FF61BAF0368CA
:100C4000DA0606D523F01003036000F5E87000F023
:100C500089F820AE304600F085F8AB6B0022012108
:100C600001FA02F020421CBF53F8040B46F82200A0
:100C70000132042AF4D13046AB6300F069F8EDE6A6
:100C800000F1340191E838009C46A6464CF8045D1A
:100C900090E8FF0FE54600BD90EC210B704700BFC8
:100CA00080EC210B704700BF90EC200B704700BF19
:100CB00080EC200B704700BFD0EC200B704700BFCA
:100CC000C0EC200B704700BFF0EC0201F0EC021109
:100CD000F0EC0221F0EC0231F0EC0241F0EC0251B8
:100CE000F0EC0261F0EC0271F0EC0281F0EC0291A8
:100CF000F0EC02A1F0EC02B1F0EC02C1F0EC02D198
:100D0000F0EC02E1F0EC02F1704700BFE0EC020110
:100D1000E0EC0211E0EC0221E0EC0231E0EC0241F7
:100D2000E0EC0251E0EC0261E0EC0271E0EC0281E7
:100D3000E0EC0291E0EC02A1E0EC02B1E0EC02C1D7
:100D4000E0EC02D1E0EC02E1E0EC02F1704700BF20
:100D5000B0FC0181B0FC0191B0FC01A1B0FC01B17B
:100D6000704700BFA0FC0181A0FC0191A0FC01A183
:100D7000A0FC01B1704700BFEC4600B52DE9005062
:100D80002DE9FF1F4FF000032DE90C0001A9FFF72B
:100D900033FCDDF840E012B0704700BFEC4600B510
:100DA0002DE900502DE9FF1F4FF000032DE90C0045
:100DB00001A9FFF757FCDDF840E012B0704700BF13
:100DC000EC4600B52DE900502DE9FF1F4FF0000360
:100DD0002DE90C0001A9FFF765FCDDF840E012B039
:100DE000704700BFEC4600B52DE900502DE9FF1F0C
:100DF0004FF000032DE90C0001ABFFF72AFCDDF8F2
:100E000040E012B0704700BFEC4600B52DE900503D
:100E10002DE9FF1F4FF000032DE90C0001AAFFF799
:100E200097FCDDF840E012B0704700BF704700BF8C
:100E300010F8012B11F8013B012A28BF9A42F7D084
:100E4000D01A7047034613F8012B002AFBD1181A59
:100E500001387047034611F8012B03F8012B002AD3
:100E6000F9D170472DE9F04786468C460846089E22
:100E7000154674461946002B40F0C1808542B2FAEF
:100E800082F245D94AB1C2F1200300FA02FC954032
:100E900094402EFA03F343EA0C0C4FEA154EA8B225
:100EA000230CBCFBFEF80EFB18CC08FB00F943EA50
:100EB0000C43994528D9EB1808F1FF3704D299451E
:100EC00002D9A8F102072B44A3EB0903A4B2B3FB98
:100ED000FEFC0EFB1C330CFB00F044EA0344A04272
:100EE00014D92C190CF1FF3304D2A04202D9ACF171
:100EF00002032C44241A43EA07401EB1D4400023C5
:100F000034607360BDE8F0874746DDE76346F1E78C
:100F100092BB431B01214FEA154EAFB2200CB3FB2D
:100F2000FEFC0EFB1C330CFB07F840EA034398451C
:100F300061D9EB180CF1FF3004D2984502D9ACF11D
:100F400002002B44A3EB0803A4B2B3FBFEFC0EFB90
:100F50001C330CFB07F744EA0344A7424DD92C1974
:100F60000CF1FF3304D2A74202D9ACF102032C44A6
:100F7000E41B43EA0040C0E7C2F1200395409440DF
:100F800020FA03F12EFA03F34FEA154E9040AFB268
:100F90000343B1FBFEFC0EFB1C10190C0CFB07F805
:100FA00041EA0041884522D969180CF1FF3004D28A
:100FB000884502D9ACF102002944A1EB08019BB29B
:100FC000B1FBFEFC0EFB1C110CFB07F743EA0143CF
:100FD0009F420ED9EB180CF1FF3104D29F4202D987
:100FE000ACF102012B44DB1B41EA004193E7604670
:100FF000E3E76146F7E76046A4E76346B8E7834264
:1010000006D916B9002108467CE7C6E900E0F9E7F1
:10101000B3FA83F78FB9834201D3724508D8BEEB88
:10102000020460EB030301209C461EB9002169E71E
:101030003846FAE7C6E9004CF8E7C7F1200CBB4098
:101040000EFA07F522FA0CF42EFA0CF1BA401C4302
:1010500020FA0CF3B8404FEA144901431FFA84FE0A
:10106000B3FBF9F809FB18300B0C08FB0EFA43EA46
:1010700000439A4540D9E31808F1FF3004D29A455D
:1010800002D9A8F102002344A3EB0A0389B2B3FBFF
:10109000F9F809FB183308FB0EFE41EA03418E45BF
:1010A0002CD9611808F1FF3304D28E4502D9A8F17A
:1010B0000203214443EA0040A1EB0E01A0FB029889
:1010C0004145CE46434602D306D14D4504D20138B0
:1010D000B9EB020E68EB0403002EA7D0B5EB0E02AD
:1010E00061EB030101FA0CFC22FA07F3F9404CEA28
:1010F0000303C6E9003199E74046C5E74346D9E70F
:10110000027A03467AB9427A82B1013A427242685F
:10111000111D12680260032241601A721A68100ED3
:1011200012021A607047013AD2B2F6E7B020704757
:101130001FB503AB0C22009300231946FFF7C0FA3A
:10114000039805B05DF804FBF2E72DE9F04305468E
:1011500085B00E464FF000083046FFF7D1FFB028AB
:10116000044615D1B8F1000F0ED103AC43460E2250
:10117000414628460094FFF7A3FA43460F22414612
:1011800028460094FFF7C0FA002005B0BDE8F083C0
:1011900002061DD44FEA8009002303AF0D225FFA37
:1011A00089F9194628460097FFF78AFA09F10409D8
:1011B000039B14F0400F14BFA3EB09034B440393AC
:1011C000002300970D2219462846FFF79DFAC3E732
:1011D00000F0F003802B18D104023046FFF790FF97
:1011E0000443B4F5004F01D10920CEE724010023C8
:1011F0002846A2B21946FFF70FFC0028F4D114F4D8
:10120000004F18BF4FF00108A6E7902B0DD100F05A
:101210000D030D2BE8D003AF002300F00F0228468A
:1012200019460097FFF74CFACAE7A02B13D1C34326
:101230004FF47F6203F007031A41030702F47F6251
:1012400001D542F48042002319462846FFF7E4FB0B
:10125000002881D0C8E7B02B46D1B12808D130464C
:10126000FFF74EFF431E0246DBB20E2BEBD9BBE766
:10127000B22820D1002303AC0D2228461946009441
:101280000227FFF71DFA3046FFF73AFF00F07F0113
:1012900010F08003039A01FA07F105D102F50172FB
:1012A00000940A4403928DE70A44304607370392BC
:1012B000FFF726FFEAE7B3280BD13046FFF720FF00
:1012C0000123020300F00F0002F4702201300243F8
:1012D000BAE700F0FC03B42B86D000F0070201232C
:1012E000013242F40022AFE7C02B44D1C6280AD114
:1012F0003046FFF705FF0323020300F00F0002F45E
:1013000070220130E3E7C7280BD13046FFF7F8FE23
:10131000431E0246DBB20E2B3FF666AF00230421CC
:1013200093E700F0F803C02B06D100F00F0203236F
:10133000013242F4202287E7C8280DD13046FFF75A
:10134000DFFE00F0F00200F00F0005231032013044
:1013500040EA0232012178E7C9287FF445AF3046E0
:10136000FFF7CEFE0523020300F00F0002F4702207
:1013700001300243EEE700F0F803D02B7FF434AFE6
:1013800000F007020523013242F40022E2E71FB514
:1013900003460846DA6C53680832190202921B0EA3
:1013A0000322019101A98DF80C208DF80D30FFF773
:1013B000CCFE05B05DF804FB08B5FFF7C5FE806CF8
:1013C00008BD08B5FFF7C0FEC06CC379023300EB5F
:1013D000830008BD012800D070474FF6FF73994283
:1013E000FAD110B5044C204606F0A2FE034A044987
:1013F000204613F0A9FE10BD180C00201C0C002084
:101400008182000010B5074C00220023204605F021
:10141000E7FCA368DBB2044A0321044813F092FD01
:1014200010BD00BF5002002098110200400E0200C3
:1014300010B5064C204605F08FFCA368DBB2044AC9
:101440000321044813F07EFD10BD00BF50020020B0
:10145000B8110200400E02002DE9F04186B000AF45
:1014600043E00346424A0121424813F06BFD50E03D
:101470006FF0004071E0404B3B61002509E0AB009C
:1014800003F1140118333B4453F8083C4CF8013085
:101490000135002DF3D064E0C7F810807E61002193
:1014A00009E08B0003F118052B463B4453F8083C38
:1014B0004CF8053001310129F3D955E06FF01B03D9
:1014C00032B100213961042139743869CCF8100037
:1014D0000021032060F38811C3F30A0363F353214F
:1014E0000023244801F068FAA54602F0E5FF02F067
:1014F000F1FF02F083FCC7E90001FFF783FF4FF023
:10150000FF324FF0FF331D491D4805F061FA0028F6
:10151000A7D11A4B1A6801321A605A6801325A6010
:101520009A6801329A60FFF783FF02F067FCC7E90F
:10153000020107F10801384613F086FE13F08DFE14
:1015400080460E4644F6206012F0DBFA6C4688B006
:10155000EC461CF110028BD010202AB186460428DC
:1015600089DCBEF1080F97DC0F28A7DD1023A7E761
:10157000D8110200400E0200FC1102000000002001
:10158000140200202DE9F04389B000AF8FE003463C
:10159000864A0121864813F0D5FCB4E06FF0004C78
:1015A000BFE0844BBB60002609E0B30003F1140EDA
:1015B00020333B4453F8183C44F80E300136002EDB
:1015C000F3D0B4E0B860F960002108E08B0003F1CB
:1015D000180020333B4453F8183C235001310129B3
:1015E000F4D9A8E06FF01B03AAE06FF0004CC8E04C
:1015F0007149B9604FF0000E0BE04FEA8E0101F126
:1016000014082031394451F8181C43F808100EF121
:10161000010EBEF1000FF0D0B9E0C7F808904FF00E
:10162000000E0BE04FEA8E0101F118082031394419
:1016300051F8181C43F808100EF1010EBEF1000F0E
:10164000F0D0A7E0BE60002609E0B10001F11C0E59
:101650002031394451F8181C43F80E100136002E81
:10166000F3D09AE0BD60002008E0810001F1200580
:101670002946394451F8181C595101300028F4D03A
:101680008EE06FF01B052AB10021B9600521397287
:10169000B86818610021032363F38811C5F30A05B4
:1016A00065F353210023424801F086F9A54615F061
:1016B00033FE4A0142EAD06243011B1A62EB010287
:1016C000920042EA93729B001B1842EB0102D20087
:1016D00042EA5372C3F3103343EA4243D20B3B60F6
:1016E0007A60FFF78FFE00237B61BB61FB614FF0E7
:1016F000FF324FF0FF3307F11401304805F0D4F901
:1017000000287FF444AFFFF793FE384612F00FFA3B
:101710006D4688B06C4614F110023FF43FAF4FF0B5
:10172000100C42B1E046BCF1040F3FF73AAFB8F1FC
:10173000080F3FF747AFBCF10F0F7FF753AF1023F0
:101740002AB10021B96004213972B86820610021F2
:10175000032060F38811C3F30A0363F353210023CA
:10176000134801F029F9AD46D7F81490BE69FD6918
:101770006C468AB06B4613F110023FF436AF4FF05F
:10178000140C6AB16046BCF1040F3FF731AF082872
:101790003FF743AF0C283FF755AF10283FF762AF34
:1017A000BCF1130F7FF76DAF14256CE72012020018
:1017B000400E0200441202006812020014020020CF
:1017C00008B5064B186815F0B6FA00B108BD044A12
:1017D0000321044813F0ACFBF8E700BF0C00002025
:1017E000A8120200480E020008B5154815F0A3FA29
:1017F00078B14FF4D011134812F0F6F9002813DB3A
:101800004FF4D011104812F0EFF9002812DB01203C
:1018100008BD0B4815F08FFA0028EAD10B4A0321C6
:101820000B4813F085FBE4E70A4A0321084813F04C
:101830007FFBE5E7084A0321054813F079FBE6E75B
:10184000D00A02001013020008130200C4120200A2
:10185000380E0200D8120200EC12020008B5002275
:101860000621024812F0DBF908BD00BFD00A0200D1
:1018700008B500220721024812F0D1F908BD00BFC7
:10188000D00A02002DE9F04F91B005920293134661
:1018900002F004020092C3F3C20210F003030193AA
:1018A00040F02B8280468A460132041D00284FD02A
:1018B000B8F1000F05D0A4EB08030433534500F240
:1018C0001F82029B5D1E019B0493069303930026D7
:1018D0004FF0FF3B0427B946B8F1000F01D0029B3F
:1018E0002360531E0793002A40F35D81059B13F08C
:1018F000020228D00120A4EB08018B081AB1B1F52F
:10190000007F80F0038203990F2900F20282B8F170
:10191000000F00F06081DBB201F140026A4402F87E
:10192000103C02F820BC002800F0518163F07F03D6
:1019300001F140026A4402F8103C049B0133049315
:10194000039B0133039304340022CC4640463DE020
:1019500001F0070A5444CAF1080AA9E7002634E056
:10196000002632E0002630E00827BC462DE025297D
:101970002BD10BF1010B01260427BC4625E047299A
:10198000EED82A2914D32A39C9B24FF0010E0EFA23
:1019900001F14FF6DA7E11EA0E0F16D111F0625FF7
:1019A00040F0C08011F0010F40F08C8000260CE068
:1019B000252903D10BF1FF3B002606E001D90026C3
:1019C00003E0202901D02329CCD11D466B1C697866
:1019D000002900F01981002EC9D07A29BED84C29DF
:1019E000CDD34C392E2961D80FF2040E5EF821F0C8
:1019F000CB190000AD1A0000AD1A0000AD1A0000AE
:101A0000AD1A0000AD1A0000AD1A0000AD1A0000BA
:101A1000AD1A0000AD1A0000AD1A0000AD1A0000AA
:101A2000BD1A0000AD1A0000AD1A0000AD1A00008A
:101A3000AD1A0000AD1A0000AD1A0000AD1A00008A
:101A4000AD1A0000251B0000AD1A0000BD1A0000F1
:101A5000BD1A0000251B0000251B0000251B0000EF
:101A6000CB190000BD1A000069190000AD1A000072
:101A7000CB190000AD1A0000811B0000BD1A000048
:101A8000811B0000AD1A0000AD1A0000891B000088
:101A9000B71A0000BD1A0000AD1A0000AD1A000010
:101AA000BD1A0000AD1A0000B11A000000268CE734
:101AB0000427BC4689E70427BC4686E729786C29B9
:101AC00024D000263C44013CB4FBF7F407FB04F4AB
:101AD00020B1211A6144514500F21581002A58D1E4
:101AE000BCF1040F00F08880BCF1080F40F01481B5
:101AF0001A99073121F0070101F108051A95D1E97A
:101B0000008908B1C4E9008908345EE713F8021CB3
:101B10006C2903D000260427BC46D3E700260827FB
:101B2000BC46CFE729784C291AD01A99073121F001
:101B3000070101F108061A96D1E90067073424F07D
:101B4000070440B1211A0831514513D829784C298E
:101B500013D0C4E90067083400260827BC4634E7E0
:101B60001A99073121F0070101F108061A96D1E907
:101B70000067E3E76FF01B00BCE0C4E90067EAE739
:101B800000260427BC469DE7324600260427BC46B3
:101B900098E7E14680461A9A111D1A91126802923E
:101BA000079A1D4698E6624B029A9A4204D3614B0B
:101BB0009A420AD3002300E00023002B7FF496AE64
:101BC000059B03F00202002095E60123F5E7069B42
:101BD00001330693B4E610B10AF1010AB0E6009BA6
:101BE00013B10AF1020AABE60298FFF72BF90AEBF0
:101BF000000303F1020AA3E61A990D1D1A9509685C
:101C000000B121600434E0E68046231AB3F5806F0A
:101C100080F0858090B1002202609B080370009BD9
:101C200083B1069BC370049B88F802301BBB019DE7
:101C3000DDF80C90DDF810B0029F3DE05344A3F1B5
:101C4000080057E0069B4370EDE701339842EED958
:101C500003F140026A4412F8101C12F9102C002AF9
:101C6000F3DA01F07F01A4EB08020132524559D8A2
:101C700004F8011BE9E7019B0398E7E7009B43B3E6
:101C800005F140036B4413F8203C04F8013B019E2E
:101C9000A4EB080333440133534546D805F1400310
:101CA0006B4413F8103C04F8013B32463946204699
:101CB0001CF004FD34440135A94519D9BBF1000FCE
:101CC000DCD005F140036B4413F9103C002BD5DA4E
:101CD000F1E705F140036B4413F8103C58F823700A
:101CE000002248F823203846FFF7ACF8461CCFE71F
:101CF000A4EB080011B0BDE8F08F6FF00D00F9E71C
:101D00006FF01B00F6E76FF01B00F3E76FF01500B4
:101D1000F0E76FF01500EDE76FF01500EAE76FF000
:101D20001500E7E76FF01B00E4E76FF01B00E1E749
:101D3000500A0200244C02002DE9F04F97B000AF8A
:101D40008346BA613B61D7F88030C3F3C0033B627E
:101D5000F96011B912F008FBF8609BF80260B14617
:101D600036B1D7F8803013F0010F0DD1002300E019
:101D700000239BF803207A6242B1D7F8802012F04A
:101D8000020F22D1002202E00123F2E7002202B971
:101D9000EBB19BF80050AA00BA60DBF804207A612E
:101DA0000BEB8505BA69F2B1002B40F00481B9F163
:101DB000000F00F00F81D7F8803013F0040F40F0CF
:101DC0000D810020F8610646F9E00122DFE7BB69DA
:101DD0001BB13A69F96858469847FC6820465C3759
:101DE000BD46BDE8F08FFC68E3B94D4400233B617C
:101DF00023E00444013501364E451AD22A780023E7
:101E00005BF822201946B86912F0C3FABAF1000F44
:101E1000EFD0D7F888309845EBD22AF8180008F1AF
:101E20000108E6E70026C7F81C80B046D7F884A072
:101E3000E2E7C7F81080D7F81C80D7F8803003F0AD
:101E40000503FB604FF0000AA146C7F81CB09CE0F8
:101E500000253B6A7BB9002D79D0D7F8803013F08C
:101E6000010F79D1FB68002B6FD10223A9EB030985
:101E700088E00125EDE75946786912F0D0FA00288C
:101E8000E9D06C46002387F82C30022387F82D30E8
:101E90008AB0694611F1100237D012251AB1042D0B
:101EA00001DDB34B4B61002387F82830022387F80C
:101EB00029306ABB112D45DD122362B1042087F859
:101EC0002C00002087F82D0087F82E00012087F8CD
:101ED0002F00F86A08616FF300086FF341086FF391
:101EE00082086FF3C508022161F38818C3F30A035F
:101EF00063F353286FF31F58002341469D4800F0B9
:101F00005BFDA546A9F102093CE06FF00045C5E77D
:101F10002B46082D01DD786988610C2B01DDC1F8A5
:101F20001CB001F12003002009E000F1300C07F1A2
:101F3000280EF4441CF830CC03F801CB0130012802
:101F4000F3D9B7E76FF01B03B7E701238EE7D7F8A4
:101F5000803013F0020F15D0002322461946B869CD
:101F600012F017FAD7F8843053B13B69D7F88820BC
:101F7000934205D2D7F8842022F8130001333B6145
:101F8000013881440AF1010A35467B6A9A4510D22C
:101F90002E4616F802BB6B78FA6952F82340764B4E
:101FA0009C42FFF455AF754B9C42FFF462AF002595
:101FB0004FE74C4612E707F144000023FB6118B1DC
:101FC0004A4629461CF07AFB4D444FF00008C7F8FA
:101FD00004901EE00020F8610646F0E7FE6107F17C
:101FE00034000026EBE700253B6A33BB002D3BD0D5
:101FF000D7F8803013F0010F26D0731C06F13002A1
:1020000007F12801561806F8149CDEB208F1010801
:1020100025467B6A98454AD22C4614F802AB95F8BF
:1020200001905BF82930544A9342DCD3534A9342DF
:1020300001D30025D8E70125D6E75146786912F08B
:10204000EEF90028D2D0E1E7D7F8803013F0040F82
:10205000DCD0FA69531C303207F128010A4402F837
:10206000249CDBB2FB61D1E7D7F8803013F0020F7C
:1020700009D0731C06F1300207F12801561806F842
:10208000149CDEB2C2E7F869431C00F1300107F18D
:1020900028028A1802F824AC02460232D2B2FA614F
:1020A00007F1580252FA83F303F8249CAEE7D7F8FD
:1020B00004909BF8003087F854309BF8013033448B
:1020C00087F85530D7F8803013F0020F0ED1FB6936
:1020D000C3F3470387F85730D7F8803013F0010F68
:1020E00006D113F0040F3ED1002302E00023F1E7F4
:1020F000002387F85630DBF800003863786DCBF8A2
:102100000000D7F810804246B9685846D7F818A0A2
:10211000D047041EFFF662AE386BCBF80000C7F85C
:1021200010804246F96907F13400D04700285EDB91
:1021300004EB0008B96849447B6A01EB4301D7F816
:1021400010904A46FB68591A2846D047041EFFF6ED
:1021500045AE08EB04054FF00008C7F824B0B346BD
:102160005446CA4621E0FB69C3E74FF0000909E085
:1021700018130200500E0200500A0200244C020004
:102180004FF000095246012107F12C00A04700281A
:102190002FDB05444B4632465146204612F0F9F8F3
:1021A000002828DB054408F10108D84518D208F1B9
:1021B000300307F12802134413F8143C87F82C303D
:1021C0007A6A52F82360D7F88430002BCDD0D7F844
:1021D00088309845D4D2D7F8843033F81890D1E7B6
:1021E0003A6900210846BB6998472C46F6E5044643
:1021F000F4E50446F2E50446F0E500BF014B186043
:10220000704700BF1000002080B505460E461746F7
:10221000984605F03DFA03461CF060FD0446DFF8E1
:10222000189049F80030424639463046A84754F8DD
:10223000090001F09FFC00BF080000002DE9F043F9
:1022400083B0044608461546A38B13F0080F05D14A
:1022500003F0070600230093019354E0012909D0FD
:1022600043F02003A38385F31188BFF36F8F03B07E
:10227000BDE8F08343F01003A383F4E7204612F097
:1022800031FC42E0D4F818904A466946204612F0E4
:1022900042FC4FF00008A38B03F00707B74269D058
:1022A000A268002A66D0012243F00803A38385F3C5
:1022B0001188BFF36F8F002A64D1009B2BB14B466E
:1022C0003A466946204612F09FFCB8F1000F02D052
:1022D00034492046C047EFF31185202383F3128849
:1022E000BFF36F8FA38B23F00803A383A38B13F09B
:1022F000100F4DD023F01003A3830120A68B06F00E
:1023000007060028AFD00228B8D00028ABD001388B
:1023100004282BD801A353F820F000BF8522000029
:102320006D230000312300004523000059230000E5
:102330002369D3F800800621204612F0A9FB4FF054
:102340000009A8E72369D3F804800421204612F08D
:102350009FFB4FF000099EE72369D3F80880052111
:10236000204612F095FB4FF0000994E74FF000086B
:10237000C14690E7009A0AB1002295E7B8F1000F34
:1023800092D1B3E74A463946204612F089FB94E7DA
:1023900013F0200F04D023F02003A3830220ADE725
:1023A0000020ABE7374C010038B505460B4C00E088
:1023B00010340B4B9C420FD263685B79002BF7D033
:1023C0002946204612F001FD0028F1D023681B6841
:1023D000294620469847EBE738BD00BF980E02001B
:1023E000A80E020070B506460D46084C04E02A46C9
:1023F0003146204698471034054B9C4204D223684E
:102400009B69002BF3D1F6E770BD00BF980E020068
:10241000A80E02002DE9F041074605460AE007EA4A
:102420000807144B03EB06135B6804221968204667
:1024300012F015FDD5B195FAA5F6B6FA86F60D4C53
:1024400004EB06140123B3406FEA030825EA0305F1
:10245000237B002BEED03301064AD3581B69002B97
:10246000DDD0204698470028E4D1D8E73846BDE8BB
:10247000F08100BF980E02002DE9F04180460F4622
:102480001D4BD3E8EF5F6A1CC3E8E12F0029F8D1A8
:102490006DBB1A4C002607E06368042219682046C9
:1024A00012F0DDFC01361034154B9C4211D2237B17
:1024B000002BF7D0204612F07CFC23681B69002B10
:1024C000EAD0204698470028E6D00123B3401D43B8
:1024D000E8E7B8F1000F0BD055B12846FFF79AFF97
:1024E0000546002FF8D00A2012F075FCF4E700250D
:1024F0002846BDE8F08100BF340C0020980E020091
:10250000A80E020008B5064B186018B1054B1B68F1
:10251000092B00DC08BD044804F01EFCFAE700BFEC
:10252000280C0020300C00204002002008B5024892
:1025300004F012FC08BD00BF4002002030B589B095
:1025400000220F490F4814F0F6FE0F4D0022002321
:10255000CDE90623002404940E23039302940194EE
:1025600000940A4B4FF440720949284614F005FDC7
:102570000849284604F06AFC204609B030BD00BF77
:102580002D25000078080020C0030020E12800006D
:1025900070270020D0130200014B53F82000704731
:1025A000EC13020048B108B5054A1060054B1960EC
:1025B000084600F0F5FC002008BD6FF015007047DC
:1025C00014000020240C002008B5054B1B781BB11B
:1025D000034B01221A7008BD024804F0BDFBF7E767
:1025E000401F00204002002008B50C4BD3E8EF1F2D
:1025F0000131C3E8E21F002AF8D130B9084814F0CD
:10260000A6FE084804F0A8FB08BD074BD3E8EF1F5F
:102610000139C3E8E21F002AF0D0F7E72C0C0020B4
:102620007808002040020020300C0020044B0020DD
:102630000146D3E8EF0FC3E8E21F002AF9D1704743
:102640002C0C002038B5FFF7F1FF0546094C00E0DF
:102650001034094B9C420BD263685B79002BF7D096
:1026600023685B68002BF3D0294620469847EFE7A4
:1026700038BD00BF980E0200A80E0200034B186878
:102680000028D4BF00200120704700BF2C0C002080
:1026900010B5044C0449204612F055F8034B1C6059
:1026A00010BD00BF70010020D8130200200C0020D4
:1026B00008B500230C4A13700C4A13600C4A1360CF
:1026C0004FF400410B48FFF76DFFFFF7E1FF0A4AA7
:1026D00006E0094BD31A1B11013351680B711032FC
:1026E000064B9A42F5D308BD411F00202C0C002058
:1026F000300C0020CF4D0100980E0200A80E020001
:1027000008B50146014812F07CFB08BD70010020AD
:1027100008B5024812F0FAF808BD00BF70010020A9
:1027200008B50146024B186812F071FB08BD00BFE6
:10273000200C002008B5024812F06DFB08BD00BF58
:102740007001002010B582B000220023CDE90023E3
:10275000264B187808B902B010BD684612F073FB1A
:10276000044660B1FFF720FE2046FFF7D9FF204B5B
:10277000D3E8EF1F0139C3E8E21F002AF8D1FFF7C1
:102780007DFF58B91B4A1368516813F57A7341F1FC
:10279000000113605160FFF7CDFFDCE714F0BCFDD2
:1027A0004A0142EAD06243011B1A62EB0102920025
:1027B00042EA93729B001B1842EB0102D20042EAEC
:1027C0005372C3F3103343EA4243D20B0948016802
:1027D00040685B1A62EB000240F2E9318B4272F111
:1027E0000002CFD3FFF72EFFCCE700BF401F002031
:1027F000300C0020700800200F4B1B7803B170478D
:1028000010B500210120FFF737FE0C4C00E010341A
:102810000B4B9C4208D263685B79002BF7D023688E
:102820009B6820469847F2E7FFF78CFF0028FBD112
:10283000014B01221A7010BD411F0020980E0200AA
:10284000A80E020010B582B0184BD3E8EF2F511C30
:10285000C3E8E01F0028F8D1154B1B7863B9154B6E
:102860001B68B3B1BAB1092A13D1134814F06FFD34
:10287000124804F071FA0CE0EFF31184202383F383
:102880001288BFF36F8FFFF75DFF84F31188BFF3EA
:102890006F8F02B010BD00220023CDE900234FF45A
:1028A00000420023044805F03BFAF2E7300C002018
:1028B000411F0020280C0020780800204002002042
:1028C00010B50446044B1B689847A0602146034896
:1028D00012F0BDFA10BD00BF1400002070010020EE
:1028E0002DE9F04100210846FFF7C6FD804650B1B2
:1028F00040F2676600271CF0F1F9154B1858FFF7F6
:1029000001FE002515E04FF0FF364FF0FF37F2E7EC
:102910004046FFF77FFD804670B94FF0FF364FF01D
:10292000FF3709E02C4632463B460A4804F058FA85
:102930002546B8F1000FEBD1FFF704FF044600284D
:10294000F6D1002DEED000210846FFF74BFDEAE757
:1029500008000000400200200248034BC01AC008D3
:10296000704700BF980E0200380E020010B50C46EA
:10297000FFF7F2FFA04203D9024B53F8340010BD19
:102980000020FCE7380E020000B589B005920693DE
:102990000023079362B1074A0C9B02930B9B0193A0
:1029A0000A9B009305ABFFF7C7F909B05DF804FB7C
:1029B0000022F1E7754E01002DE9F04F8BB004AF16
:1029C00005461E468846C1F34A24002C00F0898043
:1029D00091460022FA603A617A6104230293FB185F
:1029E00001930A23009307F10C0321464846FFF7A1
:1029F000A3F9B0F5006F58D3D9F804106D46002341
:102A00003B7302237B738AB004AC14F1100217D01D
:102A100012201AB1042801DD3B4B636100233B7097
:102A200002237B70CAB10346082800DDA1610C2B8C
:102A300002DD40F2FF73E36104F1200300210AE0AC
:102A40006FF00040E5E701F118063E4416F8186CF7
:102A500003F8016B01310129F5D9112822DD122378
:102A600042B10421397300217973B9730121F973DB
:102A7000F868206100216FF300016FF341016FF3EB
:102A800082016FF3C501022060F38811C3F30A03CA
:102A900063F353210023C1F313011C4812F05DFAC4
:102AA000AD462DE06FF01B03DAE760F35328C0F367
:102AB0000A0A0AEB1850173020F007008008FFF7C9
:102AC0001FFE8346B0B104230293FB1801930A232F
:102AD0000093534600F1100221464846FFF754FF89
:102AE00008E004EB1154173424F00704A008FFF7A2
:102AF00007FE8346334642462946584612F0D0F92F
:102B00001C37BD46BDE8F08F0C140200600E0200B9
:102B10002DE9F04F85B080460D4617461E46DDF87C
:102B200038B0DDF84090B9F1000F41D0119B03930C
:102B300000934B460F9A10210020FEF7A3FEB0F53C
:102B4000006F2DD282460BEB0003173323F00703EF
:102B500000246FF300046FF341046FF3820468F301
:102B6000C50467F3881460F353246BF31F5498086B
:102B7000FFF7C6FD074650B11030B9F1000F06D07F
:102B8000119B00934B460F9A5146FEF77BFE33464E
:102B900022462946384612F083F905B0BDE8F08F89
:102BA00040F2FF73034A0221034812F0CBF9F4E725
:102BB0000020C7E74C140200600E0200406820B1FC
:102BC000034BC01A40F3CF0070474FF0FF307047FF
:102BD000380E02000EB400B582B0014603AB53F8C4
:102BE000042B0193034801F0FBFA02B05DF804EBFB
:102BF00003B07047914F010010B584B011F0440F3D
:102C000005D01A4B1B6833B9002004B010BD184919
:102C1000FFF7E0FFF9E717490968B2FBF1F2B2FBF1
:102C2000F3FC03FB1C224FF47A7E0EFB02F2B2FB94
:102C3000F3F403FB14210EFB01F1B1FBF3F10E4A97
:102C4000A2FB0C32D20A4FF4616303FB12CC0B4B94
:102C5000A3FB0CE35B0902910194C3EB0311ACEB02
:102C6000810100910649FFF7B5FFCEE73C0C00203B
:102C700084140200380C0020C5B3A291898888888A
:102C80009014020061B108B52AB1064A52F8232017
:102C900012B9054A00E0044A0449FFF79BFF08BD4A
:102CA000704700BF30150200AC140200B4140200DB
:102CB0002DE9F04105461746069EDDF81C8081B9D6
:102CC00000242EB1324611492846FFF783FF044401
:102CD000B8F1000F14D06FB1099B042B13D00C492D
:102CE00009E00C4B099A53F822200B49FFF772FFB9
:102CF0000446E6E7064942462846FFF76BFF0444D0
:102D00002046BDE8F0810549F5E700BFCC1402007C
:102D1000BC14020044150200C4140200B8140200DE
:102D20002DE9F04F87B005460C46049205939DF8B7
:102D30004C7001F0020B01F0010AC1F3C00801F46C
:102D4000807912F08AF818B3024616492846FFF730
:102D500041FF0646BBF1000F1CD13A4651462846BA
:102D600012F03DF9B9F1000F01D000231193039740
:102D7000129B0293119B0193109B00930023049AD2
:102D800041462846FFF794FF304407B0BDE8F08F76
:102D90000026DFE7059A21462846FFF72DFF064467
:102DA000DBE700BFD014020011F0100F0BD108B503
:102DB00011F0200F03D00449FFF70CFF08BD0349B1
:102DC000FFF708FFFAE7704710160200BC1E02006A
:102DD0002DE9F04105460F46164698460699FFF73D
:102DE000E3FF0024444505DA24492846FFF7F2FEB4
:102DF0000134F7E7002409E020492846FFF7EAFEFE
:102E00000BE01F492846FFF7E5FE01340F2C0CDCD0
:102E1000002C02DD14F0070FEED0B442F1D23A5D7F
:102E200018492846FFF7D6FEEFE717492846FFF76F
:102E3000D1FE002409E011492846FFF7CBFE0BE044
:102E400012492846FFF7C6FE01340F2C13DC002C74
:102E500002DD14F0070FEED0B44207D23A5D0C4BFE
:102E60009B5C13F0970FEBD12E22E9E7034928462C
:102E7000FFF7B0FEE8E7BDE8F08100BFC81402002C
:102E8000DC140200D4140200E0140200E414020076
:102E9000BA4102002DE9F04184B004469DF82C505F
:102EA0000C9F0E9E95B9012B1ED019484FF00008BB
:102EB00027B13B462246174911F081FAC6B905BB36
:102EC000204612F04EF804B0BDE8F08103950A9850
:102ED0000290019300920B4600220F992046FFF7C3
:102EE0001FFF80460C48E3E70B484FF00008DFE780
:102EF0000F9B0093434632460D99204612F087F807
:102F0000DDE72A460F99204612F075F8D8E700BF92
:102F1000C14F0100E1410000914F01002DE9F04354
:102F200083B00646056842F20F738B4228BF0B46FA
:102F3000184A052168460FF075FA04467368D3F8FD
:102F400004900B27DFF8508005E04A46394640469A
:102F5000A8473F1A8044002FF7D17368D3F8048044
:102F60006F4605E0424621463846A847241A0744E2
:102F7000002CF7D173685F681B24084E05E03A46C1
:102F800021463046A847241A0644002CF7D103B046
:102F9000BDE8F0834817020004150200E81402009F
:102FA000074B01221A6004E04008054A13685B00E1
:102FB0001360044B9842F7D8034B1860704700BF6A
:102FC000380C002040420F003C0C002070B5064633
:102FD0000D46002405E0315D04488368DB699847AD
:102FE0000134AC42F7D3284670BD00BF100B02007D
:102FF000014B036000207047AC15020008B5034880
:1030000011F03AFA024811F037FA08BDAC15020087
:10301000E415020008B5024804F024FF08BD00BF13
:1030200014160200B0F5680F17D00CD840F6BA633A
:10303000984214D0B0F5683F13D03A2801D001204F
:10304000704700207047094B98420CD0084B9842BB
:1030500001D00120704700207047002070470020F9
:103060007047002070470020704700BF3A00003AC8
:103070002C5F5CA928B308B54368B3F5683F0AD054
:10308000B3F5680F14D012498B421FD0006803F0CB
:103090000DFE002014E003680022D3E8EF1F012991
:1030A00003D1C3E8E02F0028F7D10DD1104607E087
:1030B00003681B7803F580730020064A42F823005A
:1030C00008BD6FF4E04070470348F9E70348F7E7AD
:1030D0002C5F5CA900000350E98FFFFFEA8FFFFF20
:1030E00088B308B54368B3F5683F0FD0B3F5680FF0
:1030F00019D016498B4224D000684FF0FF324FF0B0
:10310000FF3303F053FD68B111480BE0036801225F
:10311000D3E8EF1F002903D1C3E8E02F0028F7D13F
:103120000BD1002008BD03681B7803F58073094AA2
:1031300052F823301BB90020F4E70548F2E70448B1
:10314000F0E70548EEE76FF4E04070472C5F5CA9BC
:10315000E98FFFFF00000350EA8FFFFF10B5044620
:10316000A8B16368B3F5683F10D0B3F5680F0DD010
:103170000D4A93420AD013F4686F0DD021680B48B2
:1031800013F03CFE00232360074B636010BD084B27
:103190005B6808489847E4E7236800221A605A6091
:1031A0009A60DA601A61EFE72C5F5CA96811002071
:1031B000A00000201C16020010B5044668B3606829
:1031C000B0F5683F28D0B0F5680F25D0174B98426E
:1031D00028D0FFF727FFC0B14FF0FF324FF0FF3389
:1031E0002146134803F0C2FB08B923681BB9114BF1
:1031F0005B6811489847236800221A605A609A60F9
:10320000DA601A614FF468636360206813F077FE38
:10321000636843F03A03636010BD064B5B68074880
:103220009847CCE72368002BD3D1D5E72C5F5CA966
:1032300068110020A0000020441602001C160200A5
:1032400008B5402314220449044813F0C8FD04497A
:10325000044804F079FE08BD680C002068110020C5
:1032600074160200881602002DE9F04182B000AF0A
:103270000446D0F800E0D0F804C085686E468AB0F5
:103280006B4613F1100200F0888014218AB10846C1
:10329000042903DDDFF81C81C3F81480082801DD50
:1032A000C3F818E00C2801DDC3F81CC0102800DDAD
:1032B0001D62132974DD14253AB1052139710021ED
:1032C0007971B971F9717868186100216FF30001A3
:1032D0006FF341016FF382016FF3C501012363F3C3
:1032E0008811C5F30A0565F353216FF31F510023BD
:1032F0003148FFF761FBB546D4F80CC02669656913
:10330000E8468AB06B4613F110024CD0142182B10A
:103310000846042903DDDFF8A4E0C3F814E0082818
:1033200001DDC3F818C00C2800DDDE61102800DDC7
:103330001D6213293ADD14253AB1052139710021A6
:103340007971B971F9717868186100216FF3000122
:103350006FF341016FF382016FF3C501012666F33C
:103360008811C5F30A0565F353216FF31F51124D00
:1033700000232846FFF720FBC546E369104A314683
:10338000284611F0DFFDA3690E4A3146284611F0A8
:10339000D9FD0837BD46BDE8F0816FF0004175E703
:1033A0006FF01B0588E76FF00041B0E76FF01B0579
:1033B000C2E700BF98160200800E0200C816020085
:1033C000F81602000817020038B504460D4611B180
:1033D0000846FFF749FF012C04D02946204603F098
:1033E00053F838BDEFF30583103B034A012103482E
:1033F00011F0A8FDF1E700BF38170200800E0200AF
:1034000030BFFFF7FDBF00BF38B50446054D2A4663
:1034100005491BF053F9054A002160191BF075F9A5
:1034200038BD00BF00000000EC0E020008000000E4
:1034300070B50646064D074B1D444C1B2046FFF752
:10344000E3FF083CC6F8A44005F1080070BD00BFCA
:103450000000000008000000054B5A699B689A4272
:1034600004D0044A536843F080535360704700BF50
:103470008C13002000ED00E081690D4B5A6942F485
:1034800080725A61BFF34F8FBFF36F8F31F8021C08
:103490005A6922F480725A61BFF34F8FBFF36F8F66
:1034A0004DF60273994201D0002070470120704709
:1034B00000ED00E04FF0000C83F800C002F07F4CFC
:1034C000BCF17F4F14D102F00C0CBCF1080F04D0FA
:1034D00012F0080F09D00846704708B5054A0121C7
:1034E000054811F025FD002008BD01221A70704723
:1034F000002070474C170200800E020008B5314AC8
:103500000121314811F014FD304B9B6A13F0007F0C
:1035100026D11D202D4B9B6A13F0807F27D12B4B8A
:103520009B6A13F4801F29D1284B9B6A13F4002F48
:103530002BD1264B9B6A13F4802F2DD1234B9B6AF2
:1035400013F4003F2FD1214B9B6A13F4803F31D1FC
:103550001E4A936A6FEA03436FEA1343936208BDFE
:103560001B4A0121184811F0E3FC1E20D2E7194A3A
:103570000121154811F0DCFC1F20D0E7164A01217B
:10358000114811F0D5FC0220CEE7144A01210E4863
:1035900011F0CEFC2120CCE7114A01210A4811F09C
:1035A000C7FC2220CAE70F4A0121074811F0C0FCDE
:1035B0002320C8E70C4A0121034811F0B9FC24205C
:1035C000C6E700BF78170200800E020000ED00E0A1
:1035D00090170200A4170200C0170200EC170200A7
:1035E0000C180200341802005018020008B500231D
:1035F0000B70034A0121034811F09AFC08BD00BF7B
:103600007C180200800E020090B583B000AF0F2935
:1036100023DC2F4C103900233B7102237B718AB0CD
:10362000EC461CF110021AD0122022B1042802DD4F
:10363000284BCCF8143000233B7002237B70E2B19E
:103640000346082801DDCCF818400C2B01DDCCF82E
:103650001C100CF1200300210DE01F4CDAE76FF085
:103660000040E2E701F1080404EB070E1EF808EC45
:1036700003F801EB01310129F4D9112824DD1223CB
:103680004AB10421397100217971B9710121F971AF
:103690007868CCF8100000216FF300016FF341014E
:1036A0006FF382016FF3C501012060F38811C3F34A
:1036B0000A0363F353216FF31F5100230748FFF7F9
:1036C0007BF90C37BD4690BD6FF01B03D8E700BFF8
:1036D000A0180200D4180200B8180200800E0200E0
:1036E000F8B505460F461446394A0121394811F00C
:1036F0001FFC394B9B6A13F0100F31D11026364B4B
:103700009B6A13F0080F32D1334B9B6A13F0020F00
:1037100034D1314B9B6A13F0010F4BD12E4B9B6A76
:1037200013F0200F4DD12C4B9B6A13F0100F01D1D9
:10373000294B9B6A284B9B6A13F0200F04D0264A22
:10374000536A23F400535362234A936A43F0FF03FE
:1037500093620121284611F0FEFC20703046F8BD2E
:103760001E4A01211B4811F0E3FB1126C7E71C4A42
:103770000121184811F0DCFB1226C5E7194A012186
:10378000144811F0D5FB144A536B926A12F0800F63
:1037900001D11326BDE7144A01210E4811F0D2FBD6
:1037A00037B10D4A936A23F0800393621326B0E782
:1037B0001326AEE70D4A0121064811F0B9FB142685
:1037C000ACE70B4A0121034811F0B2FB1526AAE72A
:1037D000E8180200800E020000ED00E0001902006F
:1037E0003419020048190200601902007819020019
:1037F00098190200F8B505460F461446374A0121CC
:10380000374811F095FB374B9B6A13F4805F25D145
:103810001626344B9B6A13F4006F26D1314B9B6AFA
:1038200013F4007F28D12F4B9B6A13F4806F3FD194
:103830002C4B9B6A13F4807F41D12A4B9B6A13F473
:10384000005F43D1274A936A43F47F439362012187
:10385000284611F080FC20703046F8BD224A012134
:103860001F4811F065FB1726D3E7204A01211C48A9
:1038700011F05EFB1826D1E71D4A0121184811F00E
:1038800057FB184A936B926A12F4004F01D1192624
:10389000C9E7184A0121124811F054FB37B1114A07
:1038A000936A23F4004393621926BCE71926BAE70A
:1038B000114A01210A4811F03BFB1A26B8E70F4ACA
:1038C0000121074811F034FB1B26BBE70C4A0121FC
:1038D000034811F02DFB1C26B4E700BFC8190200F5
:1038E000800E020000ED00E0E01902003419020031
:1038F000F4190200101A0200281A0200441A0200E9
:103900009819020070B506460D462B4A01212B4836
:1039100011F00EFB00232B70294BDC6A14F002041B
:103920000AD1274BDB6A002B0DDB254BDC6A14F038
:1039300080440ED1204670BD224A01211F4811F05B
:10394000F7FA0024F6E7204A01211C4811F0F0FAAA
:10395000F0E71E4A0121194811F0EAFA3046FFF754
:103960008BFD98B9164B9B6A13F0FF0F16D1144BC1
:103970009C6A14F47F4418D1114B9B6AB3F5803FC5
:10398000D8D33046FFF7BAFD0446D3E73368104A70
:1039900001210A4811F0D6FA3468CBE72A46012102
:1039A0003046FFF79DFE0446C4E72A460121304613
:1039B000FFF720FF0446BDE75C1A0200800E0200FC
:1039C00000ED00E0741A0200981A0200A81A020022
:1039D000C81A020030B58BB01F4B5D68C5F30805EF
:1039E000002383F31188BFF36F8F0DF12603FFF7D8
:1039F00061FD04460DF12702294611F0AEFB9DF84A
:103A000027300BB10BB030BD05460DF1040C20681A
:103A10006168A268E368ACE80F0020696169A26987
:103A2000E369ACE80F009DF826304BB1089BC3F367
:103A300008025AB96FEA53236FEA4323089305E05B
:103A4000089B23F4FF7323F00103089301A9284680
:103A5000FFF7BAFCD6E700BF00ED00E0064B5A695D
:103A600042F010025A615A6942F480625A615A69FE
:103A700022F008025A61704700ED00E0EFF3088081
:103A8000EFF3098101B57246FFF7A4FF01BD00BF46
:103A9000002080F31488BFF36F8F002080F30A8822
:103AA00080F30B88104880F3088800200F490870C5
:103AB00001F0F4FE00200E490860BFF34F8F00F0C4
:103AC0002FF8202080F311880A484FF40061401835
:103AD00080F30988EFF314800221084380F31488EF
:103AE000BFF36F8F00F0E4F8B0370020491F0020CB
:103AF00094ED00E0702A0020084BD3F89000C0F34A
:103B00000720002306E0054AC2F898300021C2F8D9
:103B1000A01001338342F6DB704700BF00ED00E0E8
:103B200010B572B6002484F31388FFF7E5FF23462F
:103B300008E003F120010E4A4FF0FF3042F8210067
:103B40000133DBB20F2BF4D9002308E003F160014D
:103B5000074A4FF0FF3042F821000133DBB20F2B50
:103B6000F4D962B6BFF34F8FBFF36F8F10BD00BFA4
:103B700000E100E008B50A4B9B68834202D003F0E5
:103B80008DFD08BDEFF30583002BF8D0054B5A6877
:103B900042F080525A605A6A22F400425A62EEE7BA
:103BA0008C13002000ED00E016498A684FF03000C9
:103BB0001044EFF3098C80E8F01F202080F3128876
:103BC000BFF36F8F104F4FF000664A698A603E6006
:103BD000D2F8A4000D4C2060D2F8A8000023C2F84F
:103BE000A83080F3118802F1300090E8F01F8CF3C8
:103BF000098802F1000004B511F0E5FABDE80440BF
:103C0000704700008C13002004ED00E088110020B4
:103C10001EF0040F0CBFEFF30880EFF309808169F9
:103C200011F8021C0229FFD001B5724611F080FA8A
:103C300001BD00BF002807DB00F01F02400901237F
:103C40009340024A42F82030704700BF00E100E094
:103C5000002808DB4901C9B200F1604000F561406D
:103C600080F80013704700F00F004901C9B2014B02
:103C70001954704714ED00E04209054B53F8222017
:103C800000F01F00012303FA00F01040704700BF4E
:103C900000E100E0044B23F07F03044A9360BFF38C
:103CA0004F8FBFF36F8F70470000000000ED00E002
:103CB00008B5FFF7EFFF074AD2F8883023F4700306
:103CC000C2F8883002F0A2FD03F04EFE00F04EF87C
:103CD00002F0F8FD00ED00E010B4A2F120040E495E
:103CE00042F8081C21F0010142F8081C42F8203C6F
:103CF000019B42F81C3C029B42F8183C039B42F893
:103D0000143C4FF0807342F8043C04650023C0F873
:103D1000A83010BC704700BF0922000000B50E4655
:103D200015460B4B9860D0F8A4200A4B1A60D0F8C7
:103D3000943083F30B882C4686F309880020064BC9
:103D400098472046002100220023044C204700BF52
:103D50008C13002088110020D1510100092200009D
:103D6000014B10221A61704700ED00E0002207E0CD
:103D700003F1604303F56143202183F8001301320E
:103D8000442A09DC53B2002BF2DA03F00F03034993
:103D9000194420230B76F2E7704700BFFCEC00E0EB
:103DA00008B5EFF30583103B044A02EBC3014968F1
:103DB00052F833008847FFF74FFB08BD300B020075
:103DC000074AD2F8FC3043F08073C2F8FC30054B50
:103DD00000225A601A6842F001021A60704700BF60
:103DE00000ED00E0001000E0034B00225A601A686A
:103DF00042F001021A607047001000E0014B586861
:103E000000217047001000E008B501F037FD024BBB
:103E10001868002108BD00BF7400002008B5FFF736
:103E2000F3FF024A0023FCF793FA08BD40420F005B
:103E300010B584B00A4C23460A4A01210A4811F001
:103E4000FEFA0023019302930393084B0193E41AB3
:103E50000294012101A811F0F6FA04B010BD00BFD0
:103E60000000072000000020E41A02006002002089
:103E7000024B034AC3F8C020704700BF00ED00E0CA
:103E8000AAFF4400034BC3F89800C3F89C10C3F882
:103E9000A020704700ED00E00E4BC3F89800C3F877
:103EA0009800D3F89C000A7A60F304020A72D3F8EF
:103EB000A020C2F34202087A62F347100872D3F8D6
:103EC0009C2022F01F020A60D3F8A03023F01F03C9
:103ED000CB60704700ED00E070B505460E4600244B
:103EE00000E00134A6421EDD04EB44039A0005EB1A
:103EF000830359680029F4D0A85811F0FAF904EBAB
:103F000084030B4A42F8230010F1160F0CD0094B22
:103F10001B78984209DA04EB840302EB8301043135
:103F2000FFF7BAFFDDE7002070BD6FF01500FBE77B
:103F30008C110020421F002010B504460A4BD3F814
:103F40009030C3F30723013B984203D811F0ABF93B
:103F5000204610BD0346054A0121054810F0F2FF36
:103F60006FF01500F5E700BF00ED00E0F41A020065
:103F7000780E02002DE9F04F87B081460091019341
:103F80001446002648E03346614A0121614810F09A
:103F9000D9FF6FF0150407E03B465F4A01215D48F9
:103FA00010F0D0FF6FF01504204607B0BDE8F08F89
:103FB000D84564D12946C0B211F0ACF92BE0574A7C
:103FC000C2F89870D2F89C3003F01F0321F01F0153
:103FD0000B43C2F89C302946E0B211F09BF904462D
:103FE00010F1160FE0D0013415E0013B4B49C1F848
:103FF0009870D1F8A02002F01F0223F01F03134392
:10400000C1F8A0302946E0B211F084F9044610F15D
:10401000160FC9D001340136009B9E42C4DA06EB6C
:1040200046054FEA850A09EB85056F68002FF2D037
:10403000019B23B1284611F04AF90028A3D0394644
:1040400059F80A0011F055F9074610F1160FA3D0E0
:104050008442A1DD314BC3F89800D3F89C2022F0B4
:104060001F02C3F89800D3F8A03043F01F0859F896
:104070000A306968194401F1FF3B934298D093429A
:104080009DD0D845B1D0013B2449C1F89870D1F8F2
:10409000A02002F01F0223F01F031343C1F8A03039
:1040A0002946E0B211F036F9044610F1160F3FF43C
:1040B0007BAF0130194BC3F89870D3F89C109DF872
:1040C000102061F304028DF81020D3F8A030C3F360
:1040D0004203D2B263F347128DF8102059F80A3028
:1040E0006A681344029323F01F03A8EB0B084344B0
:1040F000013B23F01F03059302A9C0B2FFF71CFF89
:10410000044610F1160F3FF44FAF013483E700BFB0
:104110001C1B0200780E0200401B020000ED00E0B4
:1041200010B5034C01232278FFF724FF207010BD47
:10413000421F0020044B0522C3F89420BFF34F8F89
:10414000BFF36F8F704700BF00ED00E0BFF35F8FDC
:10415000024B0022C3F89420704700BF00ED00E03E
:1041600038B51C4B1D681C4BD3F89030C3F30723A4
:104170009D422BD8FFF7EAFFFFF77AFE002407E005
:10418000144B596801EB0411204611F08CF80134EE
:10419000A542F5D81148057011F0DBF810F1160FA3
:1041A00013D00E4B1A780C4BD3F89030C3F307237F
:1041B0009A4207DA084BC3F898200021C3F8A010F0
:1041C0000132F0E7FFF7B6FF002038BD4FF0FF30B7
:1041D000FBE700BF641B020000ED00E0421F00206F
:1041E00030B587B00D461146002400940194029426
:1041F00003940494059402228DF80220044A01924B
:10420000049005951A4668460EF012FD07B030BDC1
:104210004F54010008B5024B1B689847002008BDA9
:10422000B0110020034B1860034A937843F0020357
:1042300093707047B01100204000002008B5054879
:1042400010F01AF9002383F31188BFF36F8F042352
:10425000184602DFA41B020008B54FF0FF324FF0F2
:10426000FF33024811F00AF908BD00BF50000020DA
:1042700008B5064921F00701C1F1005202F5E0221C
:1042800003480FF0E5FF002008BD00BF773800208D
:10429000B411002038B50446FFF7DEFF224608219E
:1042A00008480FF04AFF054620B1074802F0FEFC1F
:1042B000284638BD002CF8D01AF010FD034B0C2214
:1042C0001A50F2E7B4110020500000200C0000004A
:1042D00010B50446FFF7C0FF214603480FF0DDFE8E
:1042E000024802F0E3FC10BDB41100205000002091
:1042F00068B108B5064A074B1B680749A1FB0313C1
:104300009B0C00FB03F042F00103984708BD704787
:10431000000F02007400002083DE1B4338B51A4BE7
:104320001B780133194AA2FB031202F4FE7101EB60
:1043300092029C1AE5B212F09FF8154B1B782BB134
:10434000144A52F82530C01A07281AD94FF05023C2
:10435000D3F8143163B14FF050230022C3F8142175
:10436000D3F81431084B1D7015B9094B01221A708E
:10437000054B1C7812F080F8064B43F8240001200E
:1043800038BD0020FCE700BF441F0020CDCCCCCCC2
:10439000431F0020C011002000B583B00DF10700BD
:1043A00001F090FB114B98421CD1114B4FF48062ED
:1043B000C3F8B8254FF40062C3F83C250D499DF8B9
:1043C000070012F01DF90C499DF8070012F013F9CF
:1043D0009DF807300120984001F06EFB002003B0EB
:1043E0005DF804FB6FF00B00F9E700BF0000AD0BB8
:1043F00000A002502CA0025028A1025008B50121B3
:10440000104BC3F80015104A0223C2F8D0360F48EB
:10441000D0F8003223F0E04343F04053C0F80032BC
:10442000D0F8043223F0E04343F04053C0F80432A4
:10443000C2F80417C2F80419C2F8001B00F032F8E1
:1044400008BD00BF001000500040005000258450FF
:1044500000F01F0240090CD001280CD1074880321F
:1044600050F8223023F0E04343EA017140F8221073
:1044700070470348F3E70020F1E700BF00288450AD
:104480000025845038B50546002405E02946044B34
:10449000185DFFF7DDFF0134032CF7D938BD00BFED
:1044A000B41B020008B50249024810F0D2FB08BD57
:1044B000B81B0200D411002008B5054B1B7803B1CE
:1044C00008BDFFF77DFC024B01221A70F8E700BF20
:1044D000451F002008B5064BD3E8EF2F511CC3E859
:1044E000E01F0028F8D102B108BDFFF77DFCFBE713
:1044F000F41100200048704794120020014BC01AAC
:10450000401170470C12002038B505460C46FFF7E5
:10451000F5FF01464022034811F0B8F8014628464D
:10452000A04738BDB00A020030B583B005460C463E
:10453000FFF7E4FF0146402300932346054A06485F
:1045400011F0BEF8011E01DB03B030BD2846A047C4
:10455000FAE700BF09570100B00A020008B50928B0
:1045600017D8DFE800F0051C1616161616161712D7
:1045700000210D4811F018F8836813F0070F08D1D7
:104580000021094811F070F803E00221064811F0FB
:104590006BF808BD0321044811F066F8F9E7012122
:1045A000014811F061F8F4E7B00A020010B582B0DA
:1045B000EFF31184202383F31288BFF36F8F154A22
:1045C000136843F00201116013F0010F09D10023B9
:1045D00084F31188BFF36F8FB3B911F09DF802B067
:1045E00010BD0DF1070201214FF0502010F0ADFF7A
:1045F0009DF80730012B01D00023E9E7FFF77AFF90
:1046000011F020F80123E3E70021034811F02CF812
:10461000E5E700BFBC120020B00A020010B5EFF3BE
:104620001184202383F31288BFF36F8F074A136826
:1046300023F00201116013F0010F04D084F31188FC
:10464000BFF36F8F10BD11F07BF8F7E7BC120020AD
:1046500070B582B00546012807D14FF05023D3F83A
:104660001C3403F00303022B36D012F073FC044613
:1046700010B92B4B1B7873B9EFF31186202383F30A
:104680001288BFF36F8F012494B94FF05023022298
:10469000C3F808230CE00026F6E7FCB1304610F022
:1046A000B7FD4FF05023D3F81835DBB2012B19D0EA
:1046B0000DF1070200214FF0502010F046FF0028B6
:1046C000EBD09DF80730022B01D0012DE5D104B3CA
:1046D00086F31188BFF36F8F02B070BD012011F017
:1046E00043F8DEE74FF05023D3F80431002BDFD03E
:1046F0004FF050230022C3F80421D3F804210222F2
:10470000C3F81825074A2021C2F8801101229A60B7
:10471000CEE74FF050230222C3F80423DCE700BFAA
:10472000491F002000E100E000B585B0CDF800D0C1
:10473000CDF804D000230293012303936B46074A6C
:1047400010F0DAFF002805DB4FF4804200236846B2
:1047500002F046FB05B05DF804FB00BF9557010071
:1047600070B5064600220121052010F020FD1148F9
:1047700001F0B0F9104B984219D101F0BDF90024B5
:10478000032C12D82146304610F00EFF0546214674
:10479000304610F016FF094910F05BFA002805DBDF
:1047A0000123AB601C44E4B2EAE7002070BD6FF067
:1047B0000400FBE75D4500000000AD0BC41B0200D8
:1047C00010B504460E4B0121D3E8EF2FC3E8E01FDC
:1047D0000028F9D11AB1631E012B0DD910BD09486B
:1047E00010F0EFFE084900234B608B60CB60012383
:1047F0008B6010F04AFAEEE72046FFF729FFEDE75D
:1048000008120020B00A0200F811002010B504467A
:104810000A2806D0E1B206488368DB69984720463B
:1048200010BD03488368DB690D219847F2E700BF9C
:10483000100B020010B5044C2046FFF7F3FC204695
:10484000FDF7DCFC10BD00BF0D48000008B50548B1
:1048500012F071FA18B1FFF7EDFF002008BD6FF0FC
:104860001200FBE7100B0200F0B51C46059F069EE8
:1048700000F01F0C400936D0012836D1284D0CF12C
:10488000800355F8233091B3012092B34FF0020E0C
:1048900040EA0E0084B34FF00C0E40EA0E0077B3EE
:1048A0004FF4706E40EA0E0066B34FF4403E40EAAB
:1048B0000E0023EA000041B30B7842B31278520095
:1048C000134334B322789200134327B33A78120289
:1048D000134316B332781204134303430CF1800CD4
:1048E00045F82C30F0BD0F4DC9E70025C7E7002083
:1048F000CBE74FF0000ECBE74FF0000ECDE74FF0C7
:10490000000ECFE74FF0000ED1E70023D5E70022DD
:10491000D6E70022D8E70022DAE70022DCE700BF72
:10492000002884500025845000F01F03400908D05F
:10493000012808D1054A803352F8230000F0010015
:104940007047034AF7E70022F5E700BF00288450CC
:104950000025845028B1012801D103487047002068
:1049600070470248704700BFD00A0200F00A0200F8
:104970002DE9F04786B0884616469946446801F00E
:104980001F05237B45EA4315204610F07CFF0028D5
:1049900064D0B6F5001F35D00DF10C0A002703973F
:1049A00004974946304610F0A3FF8DF80C0000979D
:1049B00001970297CDF804A0A36823FA08F313F037
:1049C000010F02D1B6F1A07F23D004F110060DF142
:1049D00017022946304612F088F9234B984237D007
:1049E00010346A462946204612F073F91E4B98424D
:1049F00037D101222946204612F08FF9002006B057
:104A0000BDE8F087294604F1100012F08AF9002071
:104A1000F5E72846FFF788FF0028D6D10DF11702E9
:104A2000294604F1100012F060F9104B984203D0AF
:104A30000DF117030493D3E70DF117024146204609
:104A400010F092FF084B9842F2D06FF00B00D6E7BF
:104A50009DF81710304612F058F9C1E76FF0850045
:104A6000CDE76FF01500CAE70000AD0B0400AD0BF9
:104A7000F0B589B00F461446456801F01F062B7B40
:104A800046EA4316104610F003FF8DF81E0040F270
:104A900006332340B3F5837F53D016D8062B4CD072
:104AA00006D9B3F5807F0DD101238DF81D3024E0A8
:104AB00003B3022B03D104238DF81D301DE06FF0EA
:104AC000150038E06FF0150035E040F20222934205
:104AD0003BD0B3F5407F03D103238DF81D300CE0AC
:104AE000B3F5007F03D102238DF81D3005E06FF090
:104AF000150020E000238DF81D3014F4002F28D07D
:104B00006A680123BB409360284610F0BCFE40B3A6
:104B100010350DF11F023146284612F0E6F807461F
:104B200014F4403F36D13146284612F0EAF83C4BA7
:104B30009F426DD0002009B0F0BD06238DF81D30D6
:104B4000DBE707238DF81D30D7E705238DF81D30EF
:104B5000D3E714F4802FD7D06A680123BB40D36019
:104B6000D2E7C4F340438DF8083014F4803F0CBF03
:104B7000012300238DF81030002401940DF11D0352
:104B800000930DF11E0304AA02A93046FFF76CFE44
:104B90002046D0E702AA00230293039304930593CF
:104BA0000693059204AA3146284612F092F81C4B4F
:104BB00098421DD114F4003F1DD09DF81D308DF892
:104BC000103014F4803F0CBF012300238DF8113006
:104BD0009DF81E308DF81230002304AA3146284675
:104BE00012F07BF80E4B9842A1D06FF01500A2E7AF
:104BF0006FF015009FE700230493059306930DF1D2
:104C00001E03049304AA3146284612F062F8E9E72D
:104C10009DF81F10284612F078F800208BE700BF9F
:104C20000000AD0B38B504464568284610F02BFE51
:104C300020B91049204610F0D5FD38BD1035284662
:104C400012F05BF80028F4D10021284612F051F848
:104C5000094B98420AD100220849284612F041F82F
:104C6000002205210D2010F0A2FAE2E76FF0040007
:104C7000E3E700BF4F5901000000AD0B29590100C7
:104C800070B400F01F0C400919D0012819D10E4D45
:104C90000CF1800055F820600C4C344041EA420190
:104CA00041EA83039DF80C2043EA02239DF810207B
:104CB00043EA0243234345F8203070BC7047044D5B
:104CC000E6E70025E4E700BF00288450F0F0FCFF91
:104CD0000025845000F01F01400906D0012806D1AC
:104CE000044A01238B4093607047034AF9E700228E
:104CF000F7E700BF002884500025845000F01F0112
:104D0000400906D0012806D1044A01238B40D36014
:104D10007047034AF9E70022F7E700BF00288450F4
:104D2000002584502DE9F04F85B007468B4690460C
:104D3000002423E04FF0FF3535E0C8F80C5501267C
:104D400003963146B5F1FF3F16D0B1F1FF3F40F079
:104D5000138157F80A3013F4004F02D001260022C5
:104D6000039200220192CDF80090C3F34123324612
:104D700003992846FFF784FF0134E4B25C4580F0D4
:104D8000FF804FEA840A57F82430C3F3C322C3F3E9
:104D90000805082A00F2F6807E4911F8029040F2D8
:104DA000FF129542C6D01B0E222B00F2EE8001A20C
:104DB00052F823F03B4D0000414E00004F4E0000E2
:104DC0005B4E0000694E0000774E0000834E0000ED
:104DD0008B4F00008B4F00008B4F00008B4F00006B
:104DE000914E0000A54E00008B4F00008B4F00003D
:104DF0008B4F00008B4F00008B4F00008B4F00004B
:104E00008B4F00008B4F00008B4F0000B94E00000D
:104E1000CB4E0000DD4E0000EF4E00008B4F000037
:104E20008B4F00008B4F0000014F0000114F00001E
:104E30001D4F00002D4F00003D4F00004D4F000062
:104E4000C8F81455002603964FF0FF317AE7C8F8EA
:104E5000085501260396314674E7C8F81055002618
:104E600003964FF0FF316DE7C8F80855002601237F
:104E70000393314666E7C8F80C55012603960021D6
:104E800060E7C8F81055002603964FF0FF3159E748
:104E9000C8F80855B9F1000F5ED0002603964FF010
:104EA000FF314FE7C8F80C55B9F1000F5CD0002670
:104EB00003964FF0FF3145E7C8F8605557F80A10E0
:104EC000C1F30041012603963CE7C8F8645557F842
:104ED0000A10C1F300410126039633E7C8F868556C
:104EE00057F80A10C1F30041012603962AE7C8F8D3
:104EF0006C5557F80A10C1F300410126039621E7CB
:104F0000C8F824550126002303934FF0FF3119E719
:104F1000C8F8285501260396314613E7C8F83055DE
:104F20000126002303934FF0FF310BE7C8F83455F7
:104F30000126002303934FF0FF3103E7C8F83855EB
:104F40000126002303934FF0FF31FBE6C8F83C55E0
:104F5000012603963146F5E64E46CDF80C904FF00B
:104F6000FF314FF00609EDE64E46CDF80C904FF0BC
:104F7000FF314FF00609E5E6284610F014FDE8E69B
:104F8000002004E06FF0150001E06FF0850005B02F
:104F9000BDE8F08F8C1C02002DE9F84305460F4652
:104FA000466811F0D7FF20B9234B1B780BB30023C1
:104FB00000E00123D5F810906A68D2F80080F3B9B8
:104FC000284610F029FE0446736813F0040F03D03E
:104FD0004FF48003C8F80433F36A1F700122F16AAA
:104FE000284610F065FE84F31188BFF36F8FBDE88B
:104FF000F8830123DEE784F31188BFF36F8FEFF3AB
:105000001184202383F31288BFF36F8F284610F09A
:1050100003FD0028EFD0D9F80030002BD4D0D3F80E
:10502000A420002AD0D0D3F8B420002ACCDAD8F8B3
:105030004C25C3F8B420C7E7491F00202DE9F04FE5
:1050400085B09846D0F810B0DBF80040D0F804A046
:10505000DAF800509AF80830002B40F0B58081460D
:105060000F46164694F86130002B40F0B08094F85B
:105070006230002B40F0AE806365B8F1FF3F44D052
:10508000B8F1040F16DDA3F1993383FB08234FEA2F
:10509000E870C0EB6300C117C90341EA5041C00387
:1050A0004E4BC0184E4A4FF0000341F10001FBF790
:1050B0004FF901E000200146A065E16527646664C0
:1050C0000023A364E3642365DAF8043013F0040FCB
:1050D00020D1DAF8043013F0040F02D094F86020E5
:1050E00052BBC5F83475C5F838650020C5F8100105
:1050F000D5F81031C5F84C01D5F84C31012384F8AE
:1051000061302B6005B0BDE8F08F00220023C4E9B8
:105110001623D3E7EFF311830393202383F312883D
:10512000BFF36F8F0221484610F0B6FD039B83F357
:105130001188BFF36F8FCCE7B24228BF3246914649
:10514000DAF82810384619F0B9FA4F44B6EB0906D8
:1051500014D0B8F1FF3FC4D00023C5F80831D5F80A
:10516000083104F10800D4E916234FF000084FF08D
:105170000009CDE9008902F0D3FDB2E794F8602080
:10518000A2EB0902D2B284F86020DAF8280000EB22
:10519000090119F0A0FA0BF10803D3E8EF1F41F061
:1051A0000401C3E8E21F002AF7D145F30735002DBB
:1051B00008DB05F01F026D09012393404035094AC1
:1051C00042F8253000209DE76FF085009AE76FF0E8
:1051D0000F0097E76FF00F0094E700BF3F420F000A
:1051E00040420F0000E100E0F0B583B004461D46E8
:1051F0000669EFF31187202383F31288BFF36F8FC3
:105200003368D3F8A40000BBC3F8A4203368C3F804
:10521000A01001F06043B3F1005F1DD13368C3F803
:10522000A8103368C3F8AC203146204610F05BFD6F
:1052300087F31188BFF36F8F204610F01CFC80B3FA
:10524000B5F1FF3F10D100202CE087F31188BFF3A8
:105250006F8F6FF00F0025E033680022C3F8B02095
:10526000204610F0B1FEDFE73468683425EAE575C2
:10527000E917C90341EA5541ED030B4828180B4AC9
:105280004FF0000341F10001FBF762F802460B46C4
:1052900000200021CDE90001204602F041FD002060
:1052A00000E0002003B0F0BD3F420F0040420F007D
:1052B00070B50446056943681E68286800220A49DB
:1052C000083012F038F82B68DC63286800220749A0
:1052D000683012F030F82B68C3F89C40044BC6F8D5
:1052E0000433002070BD00BF2D610100295F010063
:1052F00014020A0038B505460C4601F10C0000F016
:10530000E1FB0C4B98420DD105F10C0205F59071B3
:10531000207B11F07AF9237B0120984000F0CCFB30
:10532000002038BD044A012104480FF001FE6FF04F
:105330000400F6E70000AD0B981C0200900E02007E
:1053400038B5044645680121E86810F08AFC6368B6
:105350001A682B69C2F824356B7DA97D0B43298B14
:105360000B43297D0B43C2F86C3523691B6823B1BD
:105370002046FFF79DFF002803DB204610F012FFB8
:1053800000B138BD0249204610F015FBF9E700BF17
:105390004D5D010021F07F4100F5A870014B43F8FD
:1053A00020107047005001504FF480338340024A70
:1053B000C2F84433704700BF005001504FF48033AF
:1053C0008340024AC2F84833704700BF0050015082
:1053D000014BD3F804057047005001502DE9F84304
:1053E000054689469046FFF7E9FF284611F00CF87C
:1053F0004E46032710E0FFF7EBFF0446494610F046
:10540000F2FFB0F5000F26D9284610F0FDFFB8F1E5
:10541000000F22D13E19013731462846FFF7BAFF67
:105420002846FFF7C1FFFFF7D3FF0446C11C3046F3
:1054300010F0D9FF0A4B98420AD9284610F0D7FF3E
:105440000028D8D1B8F1000FE4D06FF0150000E0CB
:105450000020BDE8F8830020FBE76FF01500F8E7B7
:10546000FDFF7F00034B044AC3F80823C3F8482319
:10547000704700BF0050015003000F0010B501231A
:1054800083406FEA030C0C4AD2E8EF1F01EA0C0ECE
:10549000C2E8E4EF002CF7D14FF480328240074895
:1054A000C0F80823BFF35F8FBFF36F8F0B4214BFA9
:1054B0000120002010BD00BFEC1200200050015060
:1054C0004FF480338340124AD2F80423134201D1AF
:1054D0000020704710B5044601238340DB430D498B
:1054E000D1E8EF2F02EA0300C1E8EC0FBCF1000F96
:1054F000F6D122FA04F313F0010F03D1204610F085
:1055000076FF18B1204610F07FFF012010BD00BFCC
:1055100000500150E812002001B970470123834078
:105520000D4AD2E8EFCF4CEA030CC2E8E1CF0029E4
:10553000F7D14FF480338340084AC2F80433084B54
:10554000D3E8AF3FC34013F0010FE6D0054B4FF453
:105550000012C3F80021E0E7EC12002000500150D7
:10556000E812002000E100E038B514461046194664
:1055700010F056FF02460D490B68E01A1B184C68E4
:1055800044F100040B604C60A2F50013B3F5400F2A
:1055900009D2074B1B68190A1B06D41841F10005F4
:1055A000044BC3E9004502F0BDFA38BD8009002074
:1055B000F01200208809002038B50D4B1C68250A20
:1055C0002406BFF35F8FFFF703FF0346001945F181
:1055D0000001B3F5801F0AD2064BD3E900239042A5
:1055E00071EB030303D210F1807041F1000138BD6B
:1055F000F0120020880900202DE9F04106461446EB
:105600001D469DF820801046194610F009FF0746F8
:10561000FFF7D2FFA04271EB050319D2201A65EB08
:1056200001011B4B984271F100012BD2194B03EB86
:105630000613D3E90223AB4208BFA24201D10020E6
:1056400014E0424639463046FFF7C8FE70B117E015
:10565000B8F1000F19D10123B3400F4AD2E8EF0F80
:105660001843C2E8E10F0029F8D10020094B3201AC
:1056700003EB0616C6E9024506999950079B73602D
:10568000BDE8F0816FF01500FAE76FF01500F7E75D
:105690000100800070090020E812002030B585B0BC
:1056A000FFF7E0FE00231E4AC2F80835002B25DD77
:1056B0001B4C0225C4F804531A4B4FF40012C3F8D4
:1056C00080210022012115200FF071FD15200FF01F
:1056D00069FD0123A3602360134A13600024029430
:1056E0000194124B0093124A0023204610F0A8FEAA
:1056F0002846FFF765F8204605B030BD0D4A02EB9D
:1057000003124FF0FF304FF0FF31C2E902014FF4B6
:1057100080329A400249C1F804230133C6E700BF32
:105720000050015000E100E0EC120020695500003B
:10573000FFFF7F00700900202DE9F04782B004468A
:10574000FFF7BEFE10B902B0BDE8F087FFF734FFE7
:1057500082460D4610F067FE0646154B03EB041318
:10576000D3E90289C24575EB09050BD20025304605
:1057700010F061FE002DE6D0009742464B462046D1
:10578000A847E0E70A4A230102EB0411D5584F6805
:105790000020D0504FF0FF324FF0FF33C1E9022319
:1057A0002046FFF70BFE204610F02EFEDFE700BF7D
:1057B0007009002010B50D4BD3F8043313F0020F1D
:1057C00003D10024002C0BDD10BD0221074810F08E
:1057D000D4FD0028F5D0064A136801331360F0E7C2
:1057E0002046FFF7A9FF0134ECE700BF005001504D
:1057F000F012002010B584B0B0F1FF3F18D001289E
:105800001BDD154B9842A8BF18460446134B0122D6
:105810001A70FFF7D1FE124B1A685B68801AB0F558
:10582000000F0CD20444B4F5000F09D30A4C07E072
:105830000A4B00221A70084CEBE70124E6E7064CFD
:1058400000201219029001900649009143F10003D3
:1058500010F0F6FD04B010BDFFFF7F00481F0020D0
:10586000800900206955000008B5FFF7A5FE024B2E
:105870001B68C01A08BD00BF800900204FF05023EC
:10588000D3F8582502F00302024BD340024A1360BA
:10589000704700BF0020A1077400002008B510F079
:1058A0006FFE68B15D4BD3F8203A4BB95B4B0D22CC
:1058B000C3F8202A0122C3F81C290022C3F81C299E
:1058C00000220BE002F160034FF47F0151F8331026
:1058D000DB0003F57F035B680B6001321F2A08D8E9
:1058E00002F160034FF47F0151F83330B3F1FF3F11
:1058F000E8D110F01DFE30B1484B2922C3F80C2727
:105900000322C3F83C2710F0C7FD40B1444B454A81
:10591000C3F830254FF050230122C3F8582510F06A
:10592000CFFD18B1404B0022C3F84C2510F0E0FD2C
:1059300068B14FF05023D3F8003413F0010F06D0B4
:105940004FF050230022C3F81421C3F8182110F09F
:10595000E3FD60B14FF05023D3F8003413F0010F92
:1059600005D04FF050236FF00102C3F8002410F06F
:10597000F3FD18B1294B6522C3F80C2710F014FE73
:1059800020B1294BD3F82034002B30DB10F018FE67
:10599000E8B1224B7E22C3F80C27C3F83C29234AE6
:1059A0007F23C2F818311E490023C1F8043EC1F814
:1059B000083E01F54821C1F81031C2F82431C2F87F
:1059C0002C3102F5FF1202F58052C2F8A032184ABB
:1059D000D2F88C3043F44063C2F88C30154A116819
:1059E000154BC3F84415D269C3F84C2508BD4FF0D8
:1059F00050230322C3F8182501229A604FF0502348
:105A0000D3F80431002BF9D04FF050230022C3F813
:105A100004210122DA60C3F81825B7E700400050DE
:105A2000009003504400EFBE0020035000200050BF
:105A300000ED00E00080FF000060005010B5046839
:105A4000ACB1B4FA84F3C3F11F03DBB201229A4074
:105A500024EA0202D0E8EFCFA44504D1C0E8EE2F3B
:105A6000BEF1000FF6D1EAD10B70024810BD02481A
:105A7000FCE700BF0000AD0B0200AD0B0368CB409C
:105A800013F0010F11D100B5026801238B401343BD
:105A9000D0E8EFCF944504D1C0E8EE3FBEF1000F4F
:105AA000F6D1F1D102485DF804FB0248704700BF0F
:105AB0000000AD0B0400AD0B014BC3F804057047AB
:105AC0000070015008B50146014810F044FE08BDC1
:105AD00078000020054B1B792BB9044B186001227C
:105AE0001A71034870470348704700BFF412002042
:105AF0000000AD0B0C00AD0B08B5084B1B680BB1DB
:105B000010F0BEFD10F0BAFD4FF05023C3F8180599
:105B10000122C3F81425C3F8802508BDF412002023
:105B200000B583B0032818D8DFE800F01A026D67CB
:105B300000224FF48073012003F1502300211960EB
:105B4000196802F1502201211160354A1268002AB9
:105B50005FD04FF05023C3F8040303B05DF804FB9B
:105B60004FF05023D3F81824D3F8183403F003036C
:105B70008DF8073012F4803F15D14FF05023D3F841
:105B8000143413F0010F13D110F078FD8DF80700D5
:105B90009DF807204FF05023C3F8182508224FF432
:105BA00082730220C8E70DF1070010F0BBFDEFE79C
:105BB0004FF05023D3F81C3403F003038DF8073063
:105BC0000DF1070010F0AEFD0028E1D0144B1B686A
:105BD0002BB14FF050230222C3F80423BDE74FF04E
:105BE0005023D3F80431002BF9D04FF0502300227A
:105BF000C3F80421D3F80431AFE718224FF49073AF
:105C00004FF4807098E720224FF492734FF40070A5
:105C100092E71A68002AFCD000221A601B689CE7F1
:105C2000F412002010B54FF05023D3F8044302E0E3
:105C3000194B1B68984774B3B4FA84F0C0F11F0085
:105C40000122824083009BB203F580739BB2C0B2F5
:105C500092B224EA020403F1502319680029EAD021
:105C6000002119601B684FF05023C3F80823022A53
:105C7000DED1D3F81814D3F8183403F00303012B42
:105C8000D6D14FF050230221C3F81815C3F80423CE
:105C900001229A60CFE710BDF412002008B5007908
:105CA000024B03EB0010FFF7C9FE08BD8000002087
:105CB00070B400F01F0C400919D0012819D10E4D05
:105CC0000CF1800055F820600C4C344041EA420150
:105CD00041EA83039DF80C2043EA02239DF810203B
:105CE00043EA0243234345F8203070BC7047044D1B
:105CF000E6E70025E4E700BF00288450F0F0FCFF51
:105D000000258450F0B51C46059F069E00F01F0C30
:105D1000400936D0012836D1284D0CF1800355F8C2
:105D2000233091B3012092B34FF0020E40EA0E00EF
:105D300084B34FF00C0E40EA0E0077B34FF4706E50
:105D400040EA0E0066B34FF4403E40EA0E0023EAFC
:105D5000000041B30B7842B312785200134334B3BE
:105D600022789200134327B33A781202134316B3F2
:105D700032781204134303430CF1800C45F82C30A5
:105D8000F0BD0F4DC9E70025C7E70020CBE74FF076
:105D9000000ECBE74FF0000ECDE74FF0000ECFE73F
:105DA0004FF0000ED1E70023D5E70022D6E700220E
:105DB000D8E70022DAE70022DCE700BF00288450A1
:105DC0000025845000F01F02400907D0012807D1A8
:105DD000044B1869D04000F001007047024BF8E70F
:105DE0000023F6E7002884500025845000F01F03AC
:105DF000400908D0012808D1054A803352F8230011
:105E0000C0F301407047034AF7E70022F5E700BFFF
:105E1000002884500025845000B583B084468E4607
:105E20000C4B93E8030002AB03E90300634609E06F
:105E300002A901EB830151F8081C086A42F8040B1F
:105E4000086201330CEB0E009842F1D803B05DF804
:105E500004FB00BFF00E020000F01F01400906D055
:105E6000012806D1044A01238B4013627047034A7C
:105E7000F9E70022F7E700BF00288450002584508E
:105E80004309034AD35C00F01F001844C0B27047B6
:105E90002C1D020000487047FC120020004870478B
:105EA000441D02002DE9F04184B005460C4616461B
:105EB0001F460846FFF7E4FF804656B321462846B2
:105EC00010F02EFD28B12146284610F0E9FC0028EC
:105ED00043D12146284610F0F2FC10B17378012B13
:105EE0003BD001238DF80F30002301930096B31CA3
:105EF000721C0DF10F012046FFF704FF2879FFF710
:105F0000C9FF08F1080230F8123043F0030320F80B
:105F10001230002F3BD02146284610F001FD00280A
:105F200037D13E782B6806F5A272002143F8221083
:105F300043F822102879FFF7ADFF08F1080230F886
:105F4000123023F02003DB04DB0C20F812307B78C6
:105F50002BB9114804B0BDE8F0811048FAE7BA78CF
:105F6000009222463146286810F012FC2879FFF78B
:105F700091FF024608F1080032F810307603B6B2FD
:105F8000334343F0200322F810300348E2E702488D
:105F9000E0E70248DEE700BF0000AD0B0400AD0BF8
:105FA00070B506460D46144610F07AFC68B130799B
:105FB000FFF770FF06462846FFF762FF083036F805
:105FC00010305B0B2370024870BD0248FCE700BF35
:105FD0000000AD0B0400AD0B30B583B00546019158
:105FE000002400E00134012C18D80E4B1B5D03F097
:105FF000070202A901EBD30313F8043CD34013F0CA
:10600000010FEFD005EB840201212046FFF704FFCA
:1060100055F82430002BE5D0012000E0002003B02B
:1060200030BD00BF3C1D020008B50079024B03EBF8
:106030008000FFF703FD08BD900000202DE9F0412E
:1060400082B00546884616461F4610F0A9FDAEB33D
:106050003A463146284610F0BFFC041E20DB287962
:10606000FFF718FF40F834602879FFF713FF00EBC3
:10607000C40047602879FFF70DFF05464046FFF74B
:10608000FFFE083035F81030E4B26402A4B22343B6
:1060900043F4807325F81030094802B0BDE8F08160
:1060A0002879FFF7F7FE0DF107017830FFF7C6FCFE
:1060B000034B9842F1D19DF80740D0E70048ECE748
:1060C0000000AD0B2DE9F04784B006460C46904623
:1060D0000846FFF7D5FE07463079FFF7DBFE054699
:1060E000D8F80090B9F1000F21D02146304610F0C9
:1060F00006FC002843D100238DF80E308DF80F30B8
:10610000019300934B460DF10F020DF10E01204655
:10611000FFF7F8FD07F1080235F8123023F002030B
:106120009BB225F8123043F0010325F81230D8F85D
:106130000430BBB193F80090D3F804A02146304658
:1061400010F0CEFBE8B1BAF1000F61D1083735F895
:10615000173023F01C039BB225F8173043EA89035C
:1061600025F81730D8F80820002A55D0536812684F
:1061700021463046FFF762FF04B0BDE8F0872748AC
:10618000FAE707F1080235F8123023F02003DB04A8
:10619000DB0C25F81230BAF1000FD7D0B9F1030F9C
:1061A00038D8D8F804305B6893F800A0B9F1000F34
:1061B00008D133680AF5A27A002243F82A2043F86E
:1061C0002A20C3E7484610F0B3FB034631680AF5BE
:1061D000A27C51F82C2022F0030241F82C20224608
:1061E0005146306810F0BBFA0AF13C0305EB43035B
:1061F0009C8007F1080235F812304FEA4A3A1FFA3C
:106200008AFA43EA0A0343F0200325F812309DE797
:106210000248B1E70148AFE70148ADE70400AD0B24
:106220000000AD0B38B505460C4610F02AFB08B946
:10623000074838BD2146284610F0ABFB21462846CA
:1062400010F0D9FC204610F000FB0248F1E700BF37
:106250000400AD0B0000AD0B08B50079024B03EB59
:106260008000FFF70BFC08BD90000020F0B583B064
:1062700005460E460079FFF70DFE90F88C3013B1FD
:106280000D4803B0F0BD044660220021103018F024
:106290003CFA2F682879FFF701FE0368009300237A
:1062A00032464FF00041384610F0C7FC012384F815
:1062B0008C30A3670148E4E70C00AD0B0000AD0B88
:1062C0002DE9F04782B081460F46904600230093A7
:1062D000019351686846FFF77FFE4CE094FAA4F4FE
:1062E000B4FA84F404F01F05254B9B5D45EA431581
:1062F0002846FFF7C5FD083037F810A0CAF3820A18
:106300000DEB8603E00804F007041A5C0121A140AC
:1063100022EA01021A542846FFF768FD0346524656
:106320002946384610F006FC2846FFF795FD02ABDB
:1063300003EB860353F8084C002CCFD10136012E15
:106340000DD8104B9B5D08F10402D90803F0070338
:10635000525C22FA03F313F0010FEFD0E7E70022BB
:106360004FF00041484610F04FFAD8F80410684644
:10637000FFF732FE08B10026E1E702B0BDE8F08782
:10638000401D02003C1D0200F8B504460E461148AF
:10639000081A114BA3FB00304009FFF77FFD0746A9
:1063A000D4F80413C9B2026841F00041204610F04D
:1063B0002BFA051E05DB2A463146204610F067FC05
:1063C000F8BD3A4631462046FFF77AFF25F00045F2
:1063D000F1E700BFFC120020398EE33808B502490E
:1063E0000248FFF7D1FF08BDFC12002000D000508A
:1063F000034B00E02033034A9342FBD3704700BFB6
:10640000B00A0200300B020004280CD8DFE800F0CC
:10641000030D0507090006487047064870470648FF
:10642000704706487047064870470648704700BFE7
:106430004C1D0200701D0200801D02008C1D020018
:106440009C1D02005C1D020030B108B510F088FDF3
:1064500020B1037823B108BD024870470148FAE72C
:106460000048F8E7AC1D020010B50446FCF7C4F97B
:10647000034A012103480EF05BFD204610F06BFC3F
:10648000B41D0200800E02002DE9F04782B000AF7B
:1064900005460C46EFF31188202383F31288BFF3DF
:1064A0006F8FDFF8C491D9F80860FFF7ADFF99F856
:1064B0001010E94601233B7103237B718AB0EC463F
:1064C0001CF1100221D04FF0160E5AB17346BEF1E6
:1064D000040F03DDDFF894A1CCF814A0082B01DD34
:1064E000CCF8185001233B7003237B70D2B1734664
:1064F000BEF10C0F01DDCCF81C00102B01DDCCF837
:1065000020100CF1240300210AE06FF0004EDCE7BC
:1065100001F10800384410F8080C03F8010B0131B0
:106520000129F5D9BEF1150F50DD16234AB1052119
:10653000397100217971B9710121F9717868CCF84C
:10654000100000216FF300016FF341016FF382012E
:106550006FF3C501012060F38811C3F30A0363F3ED
:1065600053216FF31F5100234148FCF725FACD4614
:106570001CB1E369C3F308035BBB3046FFF764FF5C
:10658000E94601233B7103237B718AB0EC461CF181
:10659000100224D04FF0120E52B17346BEF1040F18
:1065A00002DD3449CCF81410082B01DDCCF818605A
:1065B00001233B7003237B70F2B1BEF10C0F01DDB0
:1065C000CCF81C000CF12003002113E06FF01B033A
:1065D000ACE7294A012126480EF0AAFCCDE76FF06E
:1065E000004ED9E701F10800384410F8080C03F810
:1065F000010B01310129F5D9BEF1110F31DD122353
:106600004AB10421397100217971B9710121F971FF
:106610007868CCF8100000216FF300016FF341019E
:106620006FF382016FF3C501012060F38811C3F39A
:106630000A0363F353216FF31F5100230C48FCF747
:10664000BBF9CD4621462846FFF70EFF88F3118897
:10665000BFF36F8F3046FDF78DFA0837BD46BDE8B2
:10666000F0876FF01B03CBE78C130020C41D0200E2
:10667000800E0200101E0200EC1D020038B5054617
:106680000B4B53F8204002E02368984708346B1CFA
:10669000074A52F82330A34209D960680028F3D092
:1066A000037F13F0010FF1D110F05DFBEEE738BD71
:1066B000381E020010B5054C01E098470434044B25
:1066C0009C4202D02368002BF7D110BD1C0E0200A3
:1066D000380E020010B586B0B023104C03FB004406
:1066E00000EB800C0E4B03EB8C030E4A059201224B
:1066F00004920F22039200220292019200930A4B0D
:106700004FF4A072094901EB8C11204600F0B0FB58
:10671000637B23F00403637306B010BD900900206F
:106720008C130020281E0200B96E01007032002078
:1067300008B553EA020102D100F086FF08BD024904
:10674000183001F04DF9F9E75F71010010B586B01E
:10675000184C14E0636A0593236A0493E369039376
:10676000A36902936369019323690093E368A268B4
:106770006168206800F07CFB23685C6530340E4B58
:106780009C42E7D300F07AFE0A4C00E030340A4B1A
:106790009C420BD2A26AE36AB3F1FF3F08BFB2F199
:1067A000FF3FF3D02068FFF7C3FFEFE700F07EFE66
:1067B00006B010BD580D0200B80D020008B50C4B14
:1067C00001221A700320FFF759FF0EF063FEFCF759
:1067D00015FCFFF76FFF0420FFF750FFFFF7B6FF30
:1067E0000DF0C8F9034A137B23F00103137308BDAE
:1067F000491F0020400A002008B50146014A02480E
:10680000FDF78CFABD670000400A002008B5034878
:10681000034A121A002110F0BDFA08BD60020020E0
:10682000701F002010B50446FFF754FFB0230A493B
:1068300003FB0411094A04EB840302EB8303D960D0
:106840001C74074B03EBC42303F5006304EB8404BF
:1068500002EB8402536010BD900900208C130020CD
:10686000702A002070B586B000F058FE104D114B14
:106870005D61114B0593012304930024039402945A
:10688000019400940D4B4FF480620D49284600F0AE
:10689000EFFA06466B7B23F004036B73284610F077
:1068A000F6FB2046FFF7BEFF304606B070BD00BFC6
:1068B000400A00208C130020301E0200BD6700003B
:1068C000B033002008B50020FFF7D8FE1B4B03F5BE
:1068D000006282F3088883F30A88194CE02384F865
:1068E00022300023E37723766376A37684F8203082
:1068F000626A42F4E022626284F82330FDF7AEF867
:10690000FDF72EFA4FF0FF33A362E362FDF728FC98
:10691000FDF78EFAFBF7CCFE0A4800F00BFBFFF701
:1069200067FDFDF76BFD0120FFF7A8FE0220FFF7D2
:10693000A5FEFFF797FFFFF75FFF00BF702A00205B
:1069400000ED00E0F00A002010B5064C002000E049
:106950002034054B9C4204D2204610F023FA002834
:10696000F6DA10BDB0010020B001002030B583B0D0
:106970000D46EFF31181202484F31288BFF36F8F4B
:10698000046964B12C6023680361C3690133C36186
:10699000002081F31188BFF36F8F03B030BD00F189
:1069A000080C53EA020404D100232B606FF00B00A3
:1069B000EFE7009201930246604600F071FC002868
:1069C000EBD1024B9B681B692B60E6E78C13002020
:1069D0002DE9F04383B004460D4600F10809EFF3BA
:1069E0001188202181F31288BFF36F8F406A2169DB
:1069F000884244D22768BC421BD03E1E18BF0126E5
:106A0000CFB94EBBE2682946206A17F057FE236AC9
:106A1000E26813442362A26993422DD0636A013372
:106A2000636288F31188BFF36F8F304603B0BDE80F
:106A3000F0830027E1E77A683B6813605A6000231F
:106A40003B607B607A7B22F002027A73BB6007F1C5
:106A5000180010F02EFCD4E7E2682946386917F0D8
:106A60002DFE0026C7F8AC60384610F010FB4146FA
:106A7000484600F0D7FCD8E763692362CEE753EAC3
:106A8000020102D16FF02206CBE7064989680D6149
:106A90000092019322464146484600F001FC06461A
:106AA000C3E700BF8C1300202DE9F04182B00446FB
:106AB000084604F10807EFF31186202585F31288B4
:106AC000BFF36F8F656A65B953EA020160D16FF059
:106AD000220586F31188BFF36F8F284602B0BDE808
:106AE000F081E268E16917F0E9FDE369E2681344C7
:106AF000E361A26993422AD0636A013B6362D4F8DE
:106B00000080444526D0B8F1000518BF0125B8F132
:106B1000000F22D1002DDCD0E268D8F81010206AD6
:106B200017F0CCFD236AE26813442362A269934202
:106B30002BD0636A013363620025C8F8AC5040462D
:106B400010F0A5FA3146384600F06CFCC5E76369E1
:106B5000E361D1E74FF00008D5E7D8F80420D8F872
:106B6000003013605A600023C8F80030C8F80430C1
:106B700098F80D2022F0020288F80D20C8F808309D
:106B800008F1180010F095FBC4E763692362D0E7B1
:106B900005498968086100920193224631463846CA
:106BA00000F07EFB054698E78C1300202DE9F041AC
:106BB00082B00446EFF31187202181F31288BFF3DE
:106BC0006F8FC16899B9002950D1364B9B6893F9F2
:106BD0000E3023610131E160324B9B68A36087F383
:106BE0001188BFF36F8F002002B0BDE8F081164618
:106BF0001D4682682B4B9B689A42E4D055EA0601F9
:106C000036D092F90E80414693F90E0010F061F9EA
:106C1000804534DC4FF00008009601952246394645
:106C2000214800F03DFB0028DED0EFF31185202342
:106C300083F31288BFF36F8FA36843B323689C422A
:106C400023D013B3216993F90E0010F042F90146E5
:106C5000204610F049F9E8B9B8F1000F1AD185F3D0
:106C60001188BFF36F8F6FF00A00BDE72369B0E7AB
:106C700087F31188BFF36F8F6FF00F00B4E7014601
:106C8000204610F031F98046C6E72169E0E7B8F107
:106C9000000FE4D02946044800F0C4FB6FF00A005E
:106CA000A2E700BF8C130020B0130020F8B5836862
:106CB000002B47D00446264A9268934245D1C368C8
:106CC000012B04D9013BC36000252846F8BDEFF332
:106CD0001186202383F31288BFF36F8F016910F0B0
:106CE00003F92768A7420CD03D1E18BF012557B9EC
:106CF000A760CDB90023E36086F31188BFF36F8FDF
:106D0000E3E70027F0E77A683B6813605A600023E6
:106D10003B607B607A7B22F002027A73BB6007F1F2
:106D2000180010F0C6FAE3E797F90E30236100254A
:106D3000C7F8AC50384610F0AAF93146054800F0C3
:106D400071FBC2E76FF01505BFE74FF0FF35BCE7F9
:106D50008C130020B0130020F8B50446EFF3118720
:106D6000202383F31288BFF36F8F0568A84212D0E7
:106D70002E1E18BF012685B906BBA368E2689342A0
:106D800024D001221344A36000230BBB87F3118896
:106D9000BFF36F8FF8BD0025EAE76A682B681360C0
:106DA0005A6000232B606B606A7B22F002026A73D8
:106DB000AB6005F1180010F07CFADDE70023C5F8A0
:106DC000AC30284610F063F90123DEE70022D9E752
:106DD0003946024800F026FBDCE700BFB413002070
:106DE00010B582B0EFF31181202484F31288BFF331
:106DF0006F8F846844B1013C846081F31188BFF3D4
:106E00006F8F002002B010BD53EA020406D000923A
:106E100001930246054800F043FAF3E781F3118835
:106E2000BFF36F8F6FF00F00ECE700BFB4130020CB
:106E300008B553EA020102D100F006FC08BD024980
:106E4000183000F0CDFDF9E75F71010010B5044680
:106E500040B11F2204F1740017F075FC002084F883
:106E6000930010BD014B9C68F3E700BF8C1300201A
:106E70002DE9F04F85B004460F4615461E46DDF855
:106E800038A0DDF83C90DDF84080DDF84CB000F132
:106E900058038365C365129B0422119910F062F8B0
:106EA0002A463946204610F040F80546CDF80880BD
:106EB000CDF80490CDF800A033460246394620466E
:106EC000FCF70AFF002363652666C4F864A0C4F8D3
:106ED0006890C4F86C80EFF31182202383F312884A
:106EE000BFF36F8F124B196A21671C6282F31188FE
:106EF000BFF36F8FBBF1000F13D01F22594604F16F
:106F0000740017F020FC002384F89330084B9B6832
:106F10005BB1D3F8A030C4F8A030284605B0BDE876
:106F2000F08F002384F87430F0E7C4F8A030F4E761
:106F30008C1300200123437303730023C0F89430A3
:106F4000C0F89830C0F8A030014B9860704700BF7F
:106F50008C1300200A4A9368C3F8A8006FF00A0156
:106F6000C3F8AC1007494B6843F080534B600023D3
:106F700083F31188BFF36F8F9368D3F8AC00704729
:106F80008C13002000ED00E0437B90F90D20002AD7
:106F900051DB13F01F0F4ED110B563F07F03437325
:106FA000254A52F8183F93420ED100230CE05A684C
:106FB00042600360106058601EE01A461E49C969AD
:106FC0008A420FD01B687BB173B190F90E1093F910
:106FD0000E209142F1D0521A002AE8DC1A46002B0A
:106FE000ECD1F0E70023EEE7134BDA6903F1180167
:106FF000016042601060D8610F4B53F8184F9C42FB
:107000000ED06CB10C4B9B685A7B12F01F0F0AD14B
:10701000DA897F2A07D9A2692AB9074A536109E0A8
:10702000054BDC68EEE7A34202D0204600F01EFCD0
:10703000014B5C6110BD70478C13002010B5437B81
:1070400090F90D20002A14DB154B9A6853F8184F5D
:107050009C4219D0C4B1824219D0537B13F01F0F48
:1070600015D1D3897F2B12D9A36983B90C4B5A61EF
:1070700014E003F07F0343734268036813605A60AF
:10708000002303604360DFE7054BDC68E3E7A242CF
:1070900002D0204600F0EAFB014B5C6110BD00BF4E
:1070A0008C1300202DE9F84305460C46404B9E68A2
:1070B000737B13F0600F28D013F0200F2AD008271D
:1070C0001F4222D13B43737313F0800F24D1082F4A
:1070D0002DD04FF00009364B53F8188F98454BD000
:1070E000B8F1000F48D0324B9B68434502D0404670
:1070F00000F0BCFB2E4BC3F81480102F05D0304697
:1071000000F014FCB9F1000F3AD184F31188BFF3F9
:107110006F8F46E01027D3E703F07F037373726825
:10712000336813605A60002333607360CFE7B3683D
:107130005BB17268336813605A6000233360736018
:10714000727B22F002027273B36030460FF06BFF65
:1071500006F158000FF06CFF154B9B689E4202D061
:107160004FF00009B7E7EFF3058313B94FF00009BB
:10717000B1E74FF00109AEE70D4BD3F80C80B2E751
:107180000C48FFF7D7FEC0E7EFF31184202383F309
:107190001288BFF36F8F0FF09AFE84F31188BFF34C
:1071A0006F8F6B7B13F0600FEED1BDE8F88300BFEB
:1071B0008C130020F00A0020B3F1FF3F08BFB2F1AA
:1071C000FF3F00D1704708B50249183000F008FCB5
:1071D00008BD00BF5F71010010B5437B90F90D2021
:1071E000002A0ADB437B63F07F0343732B4A52F888
:1071F000183F934219D1002317E003F07F03437334
:107200004268036813605A60002303604360E9E743
:107210005A6842600360106058601EE01A461F49B9
:10722000C9698A420FD01B687BB173B190F90E1007
:1072300093F90E209142F1D0521A002AE8DC1A4646
:10724000002BECD1F0E70023EEE7144BDA6903F1F1
:107250001801016042601060D861104B9A6853F8C1
:10726000184F9C420ED06CB182420ED0537B13F06B
:107270001F0F0AD1D3897F2B07D9A3692BB9074BDD
:107280005A6109E0054BDC68EEE7A24202D02046D5
:1072900000F0ECFA014B5C6110BD00BF8C130020C4
:1072A00010B50C4611460A4882680A4B1A60EFF383
:1072B0001183202383F31288BFF36F8FDDE902234C
:1072C00080680FF0D8FE2046FFF744FE10BD00BFD7
:1072D0008C130020BC1300202DE9F04104460E461B
:1072E0000023EFF31185202282F31288BFF36F8F02
:1072F0001F4650E003F07F036373626823681360E6
:107300005A6000232360636071B2A173637B63F0F2
:107310007F036373424A52F8183F93420ED1002311
:107320000CE05A686260236014605C601CE01A46DE
:107330003B48C06982420DD01B686BB163B193F9C1
:107340000E209142F3D0521A002AEADC1A46002B92
:10735000EED1F2E70023F0E7314BDA6903F11801CF
:10736000216062601460DC612D4B53F8188F9845E2
:1073700020D0B8F1000F1DD0294B9B68984502D052
:10738000404600F073FA264BC3F8148085F3118849
:10739000BFF36F8F0123002B3FD1637B03F01F02EC
:1073A000002A0CBF01270027A4D013F0020F05D13B
:1073B000A673EBE71A4BD3F80C80DDE7A16862688F
:1073C000236813605A6000232360636070B2A07367
:1073D0000B6899420DD100230BE05A68626023606C
:1073E00014605C60D2E79C464A6894450DD01B68E7
:1073F0006BB163B193F90E209042F4D0121A002AB7
:10740000EBDC9C46002BEFD1F2E70023F0E74B6862
:10741000216063601C604C60B8E73846BDE8F081CD
:107420008C13002008B50B4659B9EFF3058242B919
:10743000064A50699268904203D00846FFF78AFDD9
:1074400003E083F31188BFF36F8F08BD8C13002016
:1074500008B5034650B9EFF305823AB9064A5169B7
:107460009268914202D0FFF775FD03E083F3118823
:10747000BFF36F8F08BD00BF8C1300200023EFF314
:107480001181202282F31288BFF36F8F09E0064B2F
:107490009A68D37B013BD37381F31188BFF36F8F5D
:1074A0000123002BF3D070478C13002038B5002344
:1074B000EFF31185202282F31288BFF36F8F0EE065
:1074C000154BDC6817E0A24202D0204600F0CEF94E
:1074D000114B5C6185F31188BFF36F8F0123BBB93A
:1074E0000D4B9A68D17B0131D17353F8184F9C42F0
:1074F000E6D0002CE4D0537B13F01F0FE3D1D389E7
:107500007F2BE0D9A369002BDDD1034B5A61E1E762
:107510000FF050FE38BD00BF8C13002008B50248A4
:107520000FF053FE08BD00BFA013002038B5EFF3E5
:107530001184202383F31288BFF36F8F224B9A6844
:10754000DB699A4205D01368516812680A6051607D
:1075500006E00023F8E71C4AD269934212D01B6868
:1075600093B1194A906890F90E1093F90E20914248
:10757000F1D0521A002AEEDD5A68426003601060B2
:1075800058600AE00023EBE70F4B9A68D96903F1D2
:107590001800106051600A60DA610B4B53F8185FF5
:1075A0009D420DD065B1084B9B689D4202D0284694
:1075B00000F05CF9044B5D612046FFF7CBFC38BD61
:1075C000014BDD68EFE700BF8C130020F8B551EAEE
:1075D000000328D005460C46EFF31187202383F3E0
:1075E0001288BFF36F8F154EB068154B1860FFF708
:1075F00025FDB0682A4623461249183000F0F0F9FC
:107600000446B268537B43F0040353733846FFF7D4
:10761000A1FCB3689A6ADB6AB3F1004F08BF002A85
:1076200005D00020F8BDFFF781FF0020FAE70FF03A
:107630006FFE201A0028F5DC0020F3E78C130020F1
:10764000BC1300205F71010038B5EFF311852023D2
:1076500083F31288BFF36F8F437B13F0040F04D1C1
:1076600085F31188BFF36F8F38BD044618300FF0D3
:1076700020FE637B23F0040363732046FFF784FC42
:1076800029460248FFF7CEFEEEE700BFB813002000
:10769000014B9868704700BF8C1300202DE9F84318
:1076A000037B03F00107EFF31186202383F3128895
:1076B000BFF36F8F457B15F0080F1AD10446B14612
:1076C00000F158080FF07BFC10B345F020056573FE
:1076D000EFF305839BB131462046FFF7E3FC67B12A
:1076E000002383F31188BFF36F8F0423184602DF52
:1076F00003E086F31188BFF36F8FBDE8F88341463E
:107700003D4B98680FF05DFC3046FFF723FCE6E741
:1077100045F00803637313F0800F33D1A3685BB1A6
:107720006268236813605A60002323606360627B91
:1077300022F002026273A36004F118000FF0B9FD99
:1077400040460FF075FC2C4B9A68944227D00026D7
:10775000294B53F8185F9D4228D03DB3AA4202D06E
:10776000284600F083F8244B5D61204600F0DEF8E7
:10777000FEB9214B9B689C421FD089F31188BFF34F
:107780006F8FACE705F07F0545F00805657362680B
:10779000236813605A60002323606360BEE7EFF341
:1077A00005830BB90026D3E70126D1E7124BDD682C
:1077B000D4E71248FFF7BEFBDBE7EFF30583002BAE
:1077C000DBD1237B13F0010F12D089F31188BFF3B3
:1077D0006F8F002383F31188BFF36F8F0423184644
:1077E00002DFEFF31189202383F31288BFF36F8F39
:1077F0004846FFF7AFFB72E78C130020F00A002029
:10780000044BC01AC010044B03FB00F0034B0122D1
:107810001A547047A00B0020ABAAAAAAC0130020DC
:10782000C3897F2B11D80E4B1B687BB190F90E20BA
:107830000C4B1B689A420CDB437B13F01F0F0AD1E1
:10784000094B984209D0012300E0002303F0010016
:1078500070470023FAE70023F8E70023F6E700BFAC
:1078600094000020C41300209009002070B5054644
:107870000D4B1E7C06EB46030C4C04EBC304204668
:107880000FF017FD0A4B00229A552846FFF7C8FF54
:1078900000B970BD074B1A68013AD3170649204654
:1078A00000F09EF8F5E700BF8C130020A00B00202D
:1078B000C0130020940000200178000038B5EFF3D9
:1078C0001185202383F31288BFF36F8F144B9C68BC
:1078D000144B1B68A34217D0124B00221A60104BA6
:1078E0001B7C114AD35C53B12046FFF799FF30B19E
:1078F000637B13F01F0F0FD02046FFF7B7FF85F310
:107900001188BFF36F8F38BD2046FFF7AFFF85F3B7
:107910001188BFF36F8FF6E72046FFF75DFCEBE7BA
:107920008C130020BC130020C0130020EFF3118142
:10793000202383F31288BFF36F8F0A4B1B6A8342A5
:1079400004D11A6F074B1A6207E0134613B11A6F7E
:107950008242FAD10BB1026F1A6781F31188BFF32B
:107960006F8F70478C13002008B50648064A121A1C
:1079700006490FF013FA0648064A121A06490FF094
:107980000DFA08BD0000002060020020244C020017
:107990000000002000000020244C0200034B186867
:1079A000984200D070470020FCE700BF98000020FC
:1079B00030B1044A5268904201D0006870470020FC
:1079C000704700BF9800002008B5044B1B680BB13E
:1079D000002008BDFDF748FFFBE700BFC8130020EB
:1079E0002DE9F04F83B00193B3F1FF3F08BFB2F12F
:1079F000FF3F0DD00446914681600023EFF3118ACA
:107A0000202282F31288BFF36F8F1D461E4635E099
:107A100000252E462846314603B0BDE8F08FFFF71B
:107A2000D3FF80460135019B43F10006451946EB23
:107A3000E07625616661384A13685268ED1846EBB6
:107A400002064FF0010B41E0C91A67EB0202016127
:107A500042614368636020601C60446005E02F4B16
:107A60005A682360626014605C60FFF797FF84428D
:107A700040D08AF31188BFF36F8F0123002BC9D147
:107A80004D46019E6FF00103B3EB09034FF0FF3346
:107A900063EB0603002BC2DB1F4B19685B68691898
:107AA000019A43EB02036FF00102521A4FF0FF31CB
:107AB00061EB030310461946012A73F1000301DA52
:107AC00001200021206161614FF0000BFFF766FF8C
:107AD0000028C4D001694769236962698B4272EB4F
:107AE000070EB1DB5B1A62EB070223616261FFF7ED
:107AF0005FFFEDE70A4B1B68002BBAD1BBF1000F0B
:107B000006D040460FF0BAFB0021FDF773FEB0E748
:107B1000FFF75AFF8046F4E7B80B002098000020DA
:107B2000C813002070B5EFF31186202383F3128869
:107B3000BFF36F8F2A4B1860FFF730FF044623E036
:107B4000284A136851685B1941EBE5711360516075
:107B500000220023C4E9042320460FF078FB86F3BB
:107B60001188BFF36F8FA36820469847EFF3118603
:107B7000202383F31288BFF36F8F194A13685B1BAE
:107B80001360FFF70BFF04463CB125696169144B94
:107B90001A68D317AA428B41D2DA44B123696269C9
:107BA0000F4909685B1A62EBE172236162610D4A59
:107BB0000B4D2868136851681B1841EBE071136086
:107BC000516000242C6020460FF058FB2146FDF741
:107BD00011FE86F31188BFF36F8FFFF76FFE70BD44
:107BE000C8130020B80B002010B50022EFF3118459
:107BF000202383F31288BFF36F8F134611460CE0E6
:107C0000FFF7E2FE074A13685168C31841EBE071C1
:107C100084F31188BFF36F8F0122002AF0D0184639
:107C200010BD00BFB80B0020F8B5EFF31183202280
:107C300082F31288BFF36F8F026822B183F3118839
:107C4000BFF36F8FF8BD04461D46826AC36A52EACD
:107C5000030105D0B3F1FF3F08BFB2F1FF3F27D1C9
:107C6000236B01332363236A6BB185F31188BFF360
:107C70006F8F236A20469847EFF31185202383F303
:107C80001288BFF36F8F04F11803A469A3423FD099
:107C9000002C3DD020460FF015FA0023C4F8AC307C
:107CA00085F31188BFF36F8F20460FF0F0F9C9E715
:107CB00016461F46012A73F1000301DA0126002748
:107CC000013E47F1FF370FF027FB013041F1000182
:107CD000801947EB0101012871F1000108DA6FF00A
:107CE00001024FF0FF330D492046FFF779FEB7E759
:107CF0000FF012FB013041F10001801947EB010345
:107D00006FF00102121A4FF0FF3161EB0303EAE753
:107D100085F31188BFF36F8F94E700BF297C0000C3
:107D2000F8B51D46EFF31187202383F31288BFF3C4
:107D30006F8FB5F1FF3F08BFB2F1FF3F1FD006467E
:107D4000144629466FF00102121B4FF0FF3262EB1E
:107D50000502002A18DB30460FF0ABFADDE90623F6
:107D6000C6E90A230023336322462B460B493046DB
:107D7000FFF736FE87F31188BFF36F8FF8BD87F3E7
:107D80001188BFF36F8FF9E7012C71F1000101DA5F
:107D900001240025013C45F1FF35DCE7297C00008A
:107DA00010B5064C05E0A268616820460FF0E2FAC3
:107DB0001834034B9C42F6D3002010BDB0010020C4
:107DC000B001002010B50A4C23681BB101232360C9
:107DD000002010BD00F0F4F80028F7D00138072883
:107DE00003D8044B53F8200010BD034810BD00BF5A
:107DF000CC130020541E0200FE8FFFFFBFF34F8FF5
:107E00000549064BCA6802F4E0621343CB60BFF336
:107E10004F8F00BFFDE700BF00ED00E00400FA0552
:107E200030B44FF0FE3200250B4B0C4C0C49496826
:107E3000C3F80024C3F80424C3F80824C3F80C24AE
:107E4000C3F81024C3F81424C3F81824C3F81C245E
:107E5000C4F8005530BC084700508450004084509E
:107E6000A0000020024BD0E90012C3E900127047C5
:107E7000A000002010B5044650B1636813F0685F9D
:107E800005D0064A934202D000236260236010BDF1
:107E9000034B04485B689847EFE700BF2C5F5CA981
:107EA000A0000020741E0200C8B143680D4A93422E
:107EB00013D013F0685F0ED0012350E8002F19464D
:107EC00040E8001C9CF0000FF7D1012AF5D0BFF369
:107ED0005F8F0020704704487047044870476FF474
:107EE000E04070472C5F5CA9E98FFFFFEA8FFFFF3E
:107EF000034680B1426809498A420AD012F0685F9D
:107F000005D0BFF35F8F002210461A607047044807
:107F10007047044870476FF4E04070472C5F5CA9DD
:107F2000E98FFFFFEA8FFFFF10B5044620B1002361
:107F3000034A2360626010BD0248FFF771FFF6E755
:107F40003A00003A9C1E020070B5194CD0F804C0EB
:107F50000668C4F804C0D0F808C0C068C4F808C0F7
:107F6000E06026600868134B134D18604868D5F828
:107F700018215860886812F0685F9860C8680969BD
:107F8000D860196112D000230C4A05F58A70C5F833
:107F90001431C5F8B831C5F81821C5F8BC21B0476F
:107FA000236805F5DC70BDE87040184770BD00BF60
:107FB000BC000020A8000020E41300202C5F5CA976
:107FC00008B500F011F830B900F010F838B9054ADA
:107FD000C2F80C0A08BD00F037F8032008BD0420E1
:107FE00008BD00BF005084500020704710B51148F4
:107FF00000F048F800B110BD0F4800F043F8002829
:10800000F9D10E4C204600F03DF80028F3D10C4B7E
:108010000C481C6000F036F801460028EBD100F057
:108020002DF8044608B1204610BD00F03FF8204668
:10803000FAE700BFFC000020F8000020F400002058
:10804000EC000020F000002008B5084800F024F8FB
:10805000074800F021F8074800F01EF8064800F035
:108060001BF8BDE8084000F00BB800BFFC00002082
:10807000F8000020F4000020F000002000207047ED
:10808000704700BF08B5034B02681B68106898472B
:10809000002008BDBC00002008B5034B02685B68E7
:1080A00010689847002008BDBC00002070B5094C3E
:1080B000094D2069AB68984718B1084B08485B68C0
:1080C00098470021074AEB6811602069BDE87040BD
:1080D000184700BFA8000020BC000020A00000201E
:1080E000C01E0200E013002070B5051D04460E46B8
:1080F000284603F095FC0023314628466367A4F820
:108100007830C4E91F33C4E92133074B23601433AB
:10811000636012F0E8FC06E0044B2846636003F05D
:10812000A1FC15F01DFB70BD082C02005C280200AC
:108130002DE9F74FDFF808810190D8F80040631C63
:10814000C8F80030002C77D13E4E01223E4B4FF054
:10815000FF3ADFF8F89006F11C001A70B4613C4D4C
:10816000DFF8F0B03C4FC6E90094C6E90244C6E926
:10817000044400F057FC394A05F11C00C6F800B071
:108180001268C6F824A03262AC61C5E90094C5E962
:108190000244C5E9044400F045FC314A07F11C00E3
:1081A000BC611268C5F800B0C5E9082AC7E90094A7
:1081B000C7E90244C7E9044400F034FC294BC7F87E
:1081C00000B031461B682848C7E9083A274FFFF737
:1081D0008BFF3846A7F1080603F022FC244B294602
:1081E000384647F8083C1433B467A6F87C40C6E923
:1081F0002044C6E92244C6E9014312F074FC06E0BB
:108200001C4B1A48B36003F02DFC15F0A9FA1A4C68
:1082100011492046FFF768FF0F491848FFF764FF30
:108220002369114A43F40053B2672361D8F8003040
:1082300062670133C8F80030019803B0BDE8F08FE1
:10824000001C0020D81C002064010020342C0200F7
:10825000B01C002010280200881C00209C1B02007B
:10826000A01B02009C1B0200181E0020AC1E002058
:10827000A82802005C2802008C1D0020001D0020A0
:108280000B4A1368591E022B10B5044611600DD11C
:10829000084814F091FE084814F08EFE074814F0C8
:1082A0008BFE03E015F0FEFA15F025FB204610BD0D
:1082B000001C0020181E00208C1D0020001D002026
:1082C000044A0B681268036093421EBF1A680132A9
:1082D0001A607047B015002000220249024808F0D9
:1082E0006DBA00BFBE310200A815002010B5034CC6
:1082F00023680BB9FFF7F0FF206810BDA815002018
:1083000000487047BE310200054B10B51B6804469B
:108310000068984201D00FF08DF8204610BD00BFD4
:10832000B0150020094A38B50B680D46116804469F
:1083300000688B421EBF1A6801321A60814201D068
:108340000FF078F82B682046236038BDB015002068
:10835000036823B9034A136801331360036000689C
:1083600001387047A41500202DE9F84F0446174640
:108370000846002A63D0FFF7EBFFA3680546013BE0
:1083800083424DD200F104096FF06043D4F804B089
:10839000994534BF4FEA89084FF0FF38404615F041
:1083A00049FC00230646A068984211D1C0F104029E
:1083B00000212A449200484588BF002206EB800035
:1083C00016F0A3F94046D4F80CA015F033FC06E0F3
:1083D000626852F8232046F823200133E4E7804600
:1083E0000023A06898422CD1C0F1040200212A4445
:1083F0009200484588BF002208EB800016F085F9FE
:10840000C4F80C80C4E90169BBF1000F02D05846E2
:1084100015F039F9BAF1000F02D0504615F033F9D2
:108420007B68666801337B6056F82530002B45D1A8
:1084300046F8257000252E46A368AB4241D8BDE81A
:10844000F88FE26852F8232048F823200133C9E767
:10845000D8F80400FFF77CFFA8420AD10846FFF7CE
:1084600077FF56F8203080461BB3384601F0FAF803
:1084700015E008F10808D8F80010D1B10846FFF758
:1084800067FFA842E4D1D8F804100846FFF760FF60
:1084900056F82030804663B1384603F0B7F8436899
:1084A00081460133436056F828000EF06EFF46F80F
:1084B000289056F825000EF068FFB9E7DFF8308005
:1084C000D9E7E36853F8250020B10EF05EFFE368BA
:1084D00043F825600135AFE715F0E4F9304615F0B3
:1084E000D2F815F063FB15F006FA15F039F900BF64
:1084F000E81E02002DE9F04106460C4615461F4FC6
:10850000D7E8AF3FDB0706D4384608F00FF810B1C4
:10851000384615F082FB1A490F6817B94FF0FF3340
:1085200008E03846FFF714FFA84248680DD1FFF76E
:108530000FFF0346F16851F8252092B1E4B123689A
:1085400020465B68BDE8F0411847FFF701FFA842ED
:1085500005D13846FFF7FCFE2B460546EAE7083111
:10856000DAE76268501C6060581C41F825401EBF65
:108570000232626041F82340BDE8F081B41500206A
:10858000E81E020010B5074CD4E8AF3FDB0708D463
:10859000204607F0CBFF20B12046BDE8104015F083
:1085A0003CBB10BD401B00201A2368222DE9F0437C
:1085B000836085B0B84B0546016000211846B74C72
:1085C00016F0A3F8B64B682200216860184616F032
:1085D0009CF8B44B00211422E860184616F095F878
:1085E000021F40F8044C2A61FFF78AFE002203882C
:1085F0001146AD482380012301F04EFBAA4A2846CC
:10860000AA49FFF7B1FE0121A94808F003F9A84AD9
:108610002846A849FFF7A8FEDFF89C820123A74857
:108620000021A74AC8F804304360A64BC8F80020D0
:1086300088F81010A8F8241088F864100360C0F8B7
:108640000880C8E90211C8E90511C8E9071100F05E
:10865000A7FB0AE004460D4698480EF095FE294611
:10866000013100F0158115F07BF8944A28469649AF
:10867000FFF77AFE954A0124954B284695495460A8
:108680001360FFF771FE944A2846944B9449546056
:108690001360FFF769FE934C01236360924B2360E4
:1086A000FFF724FEA060224690492846FFF75CFEB3
:1086B00003E004460D468B48CFE78D4F01238D4ADA
:1086C0008D483A6000227B60436011468B4B3A82B2
:1086D000BA747A6387F8432003608760C7E902228F
:1086E000C7E90522C7E90722C7E90922C7E90B2222
:1086F00000F0F6F903E004460D467F48ADE77E4AF8
:1087000028467F49FFF730FE7E4E01237E4A7F4890
:10871000326000227360436011467D4B3282B27436
:10872000726386F8432003608660C6E90222C6E9C8
:108730000522C6E90722C6E90922C6E90B2200F094
:108740008BF903E004460D46704886E76F4A2846D9
:108750007049FFF709FE704A0124704B28467049A2
:1087600054601360FFF700FE6E4A28466E4B6F4957
:1087700054601360FFF7F8FD6D4C01226D4B2146EC
:108780006D48236000236260C4E90233C4E9043306
:10879000C4E90633C4E90833C4E90A33C4E90C3335
:1087A000C4E90E33C4E91033C4E91233C4E9143305
:1087B000C4E91633C4E91833C4E91A33C4E91C33D5
:1087C000C4E91E33C4E92033C4E92233C4E92433A5
:1087D000C4E92633C4E92833C4E92A33C4E92C3375
:1087E000C4E92E33C4F8C03084F8C43003F054FB1D
:1087F000514A28465149FFF7B7FD514A4FF0010948
:10880000504B28465049C2F804901360FFF7ACFD66
:108810004E4A28464E4B4F49C2F804901360FFF76A
:10882000A3FD49464C4801F0B1FB4B4A28464B4951
:10883000FFF79AFD4A4A28464A4B4B49C2F8049032
:108840001360FFF791FD494A2846494B4949C2F850
:1088500004901360FFF788FD474A2846474B484974
:10886000C2F804901360FFF77FFD464A2846464B46
:108870004649C2F804901360FFF776FD01A9284627
:108880000396CDE9018700F0E3FC81E00446E7E6CA
:10889000204607F0F3FB00BFA81A00204A1F002063
:1088A000401A0020141B002020180020BC1B0020B0
:1088B000EC170020841C0020081700200818002056
:1088C000581F0200E0240200EC1B002000180020CA
:1088D0003C2A0200601C0020F8170020782A0200C1
:1088E0005C1C002014180020C4240200E01B00209F
:1088F00080160020481F0200D417002038250200EF
:10890000F41B0020C4160020381F0200E0170020CE
:1089100004250200F01B0020CC170020882502004F
:10892000FC1B0020C4170020A0250200F81B00201B
:10893000B8150020A82A0200B0170020441C00200F
:10894000A8170020B8250200E81B0020A01700206F
:10895000A82B0200401C002090170020E41B0020E0
:10896000881700204C200200501B00208017002098
:10897000A42002004C1B002078170020FC200200DD
:10898000481B00207017002054210200441B0020C7
:10899000D5F80C900D48FFF7DBFC49F82080D5F89E
:1089A0000C800B48FFF7D4FC48F82070EF680948AA
:1089B000FFF7CEFC47F82060EE680748FFF7C8FCD9
:1089C00046F82040284605B0BDE8F083EC1B0020A7
:1089D000F41B0020F01B0020441C002038B5094D7A
:1089E0002B686BB9084C02212046FFF7DDFD074BD1
:1089F00021462C601C600648BDE838400EF0DBBC08
:108A000038BD00BFB01500202C1B0020AC15002085
:108A1000281B0020024B1B680BB9FFF7DFBF704714
:108A2000B015002038B500230446094D0360FFF758
:108A3000F1FF084A2B6812682360934206D0FFF7C3
:108A4000A1FD2B681A68236001321A60204638BDE8
:108A5000AC150020B015002038B584680546ACB9C7
:108A6000442007F095FD1A4B04828474446380F817
:108A70004340A860C0E90034C0E90244C0E90544AD
:108A8000C0E90744C0E90944C0E90B44AB682E22A1
:108A900010495A742C22AB689A740023AA6891601A
:108AA000D360D362C2E90513C2E90713C2E909130F
:108AB000094908681063AA685063084A1068AA68E0
:108AC000C15C1A4401330B2B82F83810F7D138BD42
:108AD000381F0200B1400200583F02000C01002084
:108AE00038B584680546ACB9442007F051FD1A4BEF
:108AF00004828474446380F84340A860C0E9003471
:108B0000C0E90244C0E90544C0E90744C0E909449A
:108B1000C0E90B44AB682E2210495A742C22AB6872
:108B20009A740023AA689160D360D362C2E90513E6
:108B3000C2E90713C2E90913094908681063AA6862
:108B40005063084A1068AA68C15C1A4401330B2BB1
:108B500082F83810F7D138BD481F0200B14002003A
:108B6000583F02000C010020094B10B50446036079
:108B7000806840B103685B68984704E020460EF0C7
:108B800003FC14F0EDFD20460EF0FEFB204610BD68
:108B900004250200094B10B504460360806840B10B
:108BA00003685B68984704E020460EF0EDFB14F084
:108BB000D7FD20460EF0E8FB204610BD3825020008
:108BC0000D4B10B50360044690F843307BB18068CC
:108BD00008B114F058FD606908B114F054FDE06963
:108BE00008B114F050FD606A08B114F04CFD204645
:108BF0000EF0CAFB204610BD381F02000D4B10B509
:108C00000360044690F843307BB1806808B114F0EB
:108C10003AFD606908B114F036FDE06908B114F05E
:108C200032FD606A08B114F02EFD20460EF0ACFB58
:108C3000204610BD481F020038B584680546ACB90F
:108C4000442007F0A5FC1A4B04828474446380F826
:108C50004340A860C0E90034C0E90244C0E90544CB
:108C6000C0E90744C0E90944C0E90B44AB682E22BF
:108C700010495A742C22AB689A740023AA68916038
:108C8000D360D362C2E90513C2E90713C2E909132D
:108C9000094908681063AA685063084A1068AA68FE
:108CA000C15C1A4401330B2B82F83810F7D138BD60
:108CB000381F0200B1400200583F02000C010020A2
:108CC00038B584680546ACB9442007F061FC1A4BFE
:108CD00004828474446380F84340A860C0E900348F
:108CE000C0E90244C0E90544C0E90744C0E90944B9
:108CF000C0E90B44AB682E2210495A742C22AB6891
:108D00009A740023AA689160D360D362C2E9051304
:108D1000C2E90713C2E90913094908681063AA6880
:108D20005063084A1068AA68C15C1A4401330B2BCF
:108D300082F83810F7D138BD481F0200B140020058
:108D4000583F02000C010020094B10B50446036097
:108D5000806840B103685B68984704E020460EF0E5
:108D600013FB14F0FDFC20460EF00EFB204610BD58
:108D7000C82A0200094B10B504460360806840B160
:108D800003685B68984704E020460EF0FDFA14F093
:108D9000E7FC20460EF0F8FA204610BDFC2A02003F
:108DA00038B58468054684B9682007F0F1FB1D4B8F
:108DB000446003600474848480F86440A860C0E95F
:108DC0000244C0E90544C0E90744AA682E21164BB5
:108DD00082F824102C2193600023D3601374AA68B6
:108DE00082F82510114A1068AA68C15C1A44013340
:108DF000242B82F82610F7D10D4B18680023AA689F
:108E0000C15C1A4401331A2B82F84A10F7D1AB68BF
:108E1000084A5A6104229A61074ADA6105221A62F5
:108E200038BD00BF581F0200B140020004010020FD
:108E300008010020C0310200C5310200094B10B505
:108E400004460360806840B103685B68984704E0AB
:108E500020460EF099FA14F083FC20460EF094FAA6
:108E6000204610BDE02402000B4B10B50360044601
:108E700090F864305BB1806808B114F004FC60695C
:108E800008B114F000FCE06908B114F0FCFB2046C6
:108E90000EF07AFA204610BD581F020038B58468DB
:108EA000054684B9682007F073FB1D4B44600360DE
:108EB0000474848480F86440A860C0E90244C0E976
:108EC0000544C0E90744AA682E21164B82F82410F5
:108ED0002C2193600023D3601374AA6882F82510B4
:108EE000114A1068AA68C15C1A440133242B82F825
:108EF0002610F7D10D4B18680023AA68C15C1A44EC
:108F000001331A2B82F84A10F7D1AB68084A5A612C
:108F100004229A61074ADA6105221A6238BD00BF4D
:108F2000581F0200B1400200040100200801002087
:108F3000C0310200C5310200094B10B50446036080
:108F4000806840B103685B68984704E020460EF0F3
:108F50001BFA14F005FC20460EF016FA204610BD50
:108F6000182A020037B5069D144600200849CDE9AD
:108F7000002345B1B0F5881F05F1FF3503D26846DF
:108F80000EF003FCF5E70098001B03B030BD00BFF6
:108F9000FFFF10008B070CD5D0E90032D21A022A4D
:108FA00009D9064A1188927819809A7003680333A8
:108FB0000360012070470020704700BFCB310200E2
:108FC0007FB5CDE90223099B04A9094A02A80493AD
:108FD0000A9B0593002300930EF08EFC089B029AD7
:108FE0001A600B9B049A1A6007B05DF804FB00BF7F
:108FF000FFFF10001FB5CDE90023079B02A9084A17
:1090000068460293089B039300230EF0B7FC069B6F
:10901000009A1A60099B029A1A6005B05DF804FB79
:10902000FFFF100038B54B0704460CD5D0E90053BC
:109030005B1B022B07D903220349284615F06DFB61
:1090400008B90335256038BD083302001FB5CDE9E6
:109050000023079B02A9084A68460293089B0393D2
:1090600000230EF0A9FC069B009A1A60099B029A45
:109070001A6005B05DF804FBFFFF100037B5002152
:1090800068461446069DCDE90023FFF7CBFF00207C
:10909000074945B1B0F5881F05F1FF3503D2684691
:1090A0000EF0B7FAF5E70098001B03B030BD00BF23
:1090B000FFFF10007FB5CDE90223099B04A9094AEF
:1090C00002A804930A9B05930023009301230EF04A
:1090D00096FC089B029A1A600B9B049A1A6007B0D0
:1090E0005DF804FBFFFF100013B51446194600237A
:1090F000049A20460093034B0EF0AEFC001B02B016
:1091000010BD00BFFFFF100073B51C461149DDE91B
:109110000765CDE90023009884420ED0B5420CD0FB
:1091200068460EF032FB831C01D1012008E0B0F547
:10913000881F0CD246F8040BEDE7201A18BF012057
:10914000069B009A1A60099B1E6002B070BD022047
:10915000F6E700BFFFFF1000F7B5089E1446002792
:109160000E49CDE900237D1CAE4206D80BD14FF647
:10917000FF7168460EF009FB05E068460EF005FB3E
:10918000B0F5881F03D30098001B03B0F0BDB0F505
:10919000803F38BF3D466F1CE5E700BFFFFF100072
:1091A000F0B585B01C46154F0C9ECDE900230B9BF6
:1091B000CDE90236009D029BAC421DD09E421BD0E1
:1091C000394668460EF0E1FA831C014609D0B1F534
:1091D000881F0FD2012202A80EF042FB0028E9D11D
:1091E000009501200A9B009A1A600D9B029A1A6052
:1091F00005B0F0BD0220F5E70020F3E7FFFF100007
:10920000034B10B5044603600EF0BEF8204610BDB7
:1092100028210200034B10B5044603600EF0B4F899
:10922000204610BD20200200034B10B50446036009
:109230000EF0AAF8204610BD78200200034B10B5AE
:10924000044603600EF0A0F8204610BDD0200200B6
:109250002DE9F0470123564DD1F8088004462846F1
:10926000D1E900766B600021524BAF602B60FFF7B5
:1092700015FE04E04E480EF087F814F071FA6B68A2
:10928000D4F8049001334C486B60FFF761F8012378
:1092900049F82050494D6B60494B2B60FFF726F889
:1092A0006B68D4F804900133A86046486B60FFF700
:1092B0004FF8012349F82050434D00226B601146BE
:1092C000424B2846AE602B60FFF7FAFC03E03B48B8
:1092D000D1E73D48CFE76B68D4F8049001333C48B0
:1092E0006B60FFF735F8012349F82050394D002213
:1092F0006B601146384B2846C5F808802B60FFF795
:109300009BFC01E03348B6E76B68D4F80490013366
:1093100032486B60FFF71CF8D4F804A049F82050DD
:109320004FF002092E4D2F4B2F482B60C5F80490AB
:10933000FFF70EF82D4B4AF82050D4F804A02C4D1E
:109340002C482B60C5F80490FFF702F82A4B4AF826
:1093500020502A4DD4F804A029482B60C5F8049069
:10936000FEF7F6FF4AF820500121264D284602F06C
:10937000ADFD6B68D4F80490013323486B60FEF7B1
:10938000E7FF49F82050E5680B48FEF7E1FF45F894
:109390002070E5680E48FEF7DBFFE46845F82060C2
:1093A0000E48FEF7D5FF44F82080BDE8F08700BFE7
:1093B000941B0020182A0200481C0020A01B00203B
:1093C000FC290200341C00207C1B0020FC2A020027
:1093D000501C0020881B0020C82A02004C1C0020C2
:1093E000741B0020782B0200581C0020902B0200D8
:1093F0006C1B0020541C0020BC2B0200641B0020AE
:109400003C1C0020541B0020381C002088422DE901
:10941000F04104460D4618D0A0B1A1EB0008002190
:10942000404600F0BDFA00F10C07064621463846DA
:109430002A460FF033F84146304600F0A5FA384688
:10944000BDE8F081024802F071FA024FF7E700BF71
:109450000B330200B81B0020836937B504460D4664
:1094600003B198472B68A3F10C0053F8043C002B80
:109470000ADB00F06BFB20602B6853F80C3C636048
:10948000044BA36103B030BD002201A90FF0C1F865
:10949000F1E700BFE37D0100074B002210B5036038
:1094A000044603690C30DA600EF09DFC2046FFF79D
:1094B00043FD204610BD00BF88220200084B002259
:1094C00010B50360044603690C30DA609A611A62D1
:1094D0009A620EF088FC2046FFF736FC204610BD4D
:1094E000C8220200084B002210B50360044603693D
:1094F0000C30DA609A611A629A620EF074FC2046AF
:10950000FFF738FC204610BDFC220200054B10B5C9
:10951000044640F8103B0EF066FC204602F01EFBAD
:10952000204610BD60230200084B10B5044640F8E9
:109530000C3B0EF058FC064B204640F8083B14F05C
:1095400036FE20460DF020FF204610BDAC22020062
:10955000FC290200064B10B5044640F8083B0EF00B
:1095600042FC044B204623600DF00EFF204610BD48
:1095700030230200782B0200064B10B5044640F859
:10958000083B0EF030FC044B204623600DF0FCFE3F
:10959000204610BD48230200902B0200064B10B558
:1095A000044640F8083B0EF01EFC044B20462360A6
:1095B0000DF0EAFE204610BD7C230200BC2B020009
:1095C00082B02DE9F0438BB0054617461A9813ACCC
:1095D000139315AB9DF85C20DDE9181898B1CDE91F
:1095E0000480CDE9022193E803008DE803003946A9
:1095F000284694E80C0011F0CCFC28460BB0BDE8DE
:10960000F04302B07047164809AE0DF118090990F1
:10961000CDE90486CDE9022193E803008DE803003B
:109620003946484694E80C0011F0D2FCD8F80030D6
:1096300099E8030084E803003BB194E8030085E85F
:10964000030030460EF0C4FBD7E731461B98FFF706
:1096500003FFF2E730460EF0BBFB14F081F800BFC9
:10966000B81B002070B56FF001030C468D4A05460B
:109670008D4914F00AF8064610B10468204670BD02
:109680008A4B9C423BD1142006F082FF044668209E
:1096900006F07EFF864B00210646A0600360854BE6
:1096A00041600174818480F8641061602360C0E9C6
:1096B0000211C0E90511C0E907112046FFF7EEFBD2
:1096C00003E020460DF060FE14E06B683246294648
:1096D0004FF000000133E56026616B60764B23603C
:1096E00010F038FECAE704F10C000EF07CFB2046B7
:1096F000FFF722FC204613F0C2FF14F031F86F4B45
:109700009C4211D1102006F043FF6D4B4660044689
:109710000360FEF7EBFD6B6801336B60694BC4E9D6
:1097200002052360AAE7CCE7674B9C420AD10C20D4
:1097300006F02EFF6B6804460133C0E901656B60DB
:10974000624BEEE7624B9C420AD10C2006F020FFF0
:109750006B6804460133C0E901656B605D4BE0E76F
:109760005D4B9C420AD10C2006F012FF6B68044648
:109770000133C0E901656B60584BD2E7584B9C42FE
:109780003AD1142006F004FF0446442006F000FFFE
:10979000544B00220646A06003601146524BC26043
:1097A00002828274426380F8432062602360C0E9D1
:1097B0000122C0E90522C0E90722C0E90922C0E967
:1097C0000B222046FFF738FA00E07AE76B68324652
:1097D00029464FF000000133E56026616B60434B82
:1097E000236010F01CFE49E704F10C000EF0FBFAB8
:1097F0002046FFF7A9FA7DE73D4B9C423AD1142061
:1098000006F0C6FE0446442006F0C2FE394B002294
:109810000646A06003601146374BC2600282827424
:10982000426380F8432062602360C0E90122C0E9FE
:109830000522C0E90722C0E90922C0E90B2220461F
:10984000FFF73EFA00E03CE76B68324629464FF0EE
:1098500000000133E56026616B60284B236010F047
:109860003CFE0BE704F10C000EF0BDFA2046FFF7BA
:1098700081FA3FE7224B9C420CD1142006F088FE6F
:109880003146044602F022FB6B68256101336B60B0
:109890001C4B46E71C4802F049F82BE72AE729E76A
:1098A00028E700BF58220200E01E0200481C0020EA
:1098B000581F0200182A020088220200341C0020CF
:1098C000FC290200AC2202003C1C00207C23020088
:1098D000581C002030230200541C002048230200A2
:1098E0004C1C0020381F0200C82A0200C8220200B7
:1098F000501C0020481F0200FC2A0200FC2202002B
:10990000381C002060230200353302008B6913B538
:10991000044613B9064802F009F8D1E9000101AA8A
:109920000144FFF773FD2060204602B010BD00BF68
:109930006233020008B50346084611461B6853F817
:109940000C3C834203D20246014811F090F808BD56
:109950004B350200F8B5044617460E46094A19462B
:109960001D46FFF7E7FF216851F80C4C641BBC4211
:1099700028BF3C4624B12246294430460EF067FDFC
:109980002046F8BD82350200044B984204D00023E3
:109990000160836008440373704700BFAC1B002064
:1099A000134A904210B5044602D9124801F0D6FF7E
:1099B000884207D804F10D0006F0EAFD0022446059
:1099C000826010BD4B00984238BF1C4604F11D0355
:1099D00004F10D00B3F5805FEED98C42ECD904F5AB
:1099E0008054C3F30B03E41A944228BF1446E1E702
:1099F000FCFFFF3F95350200F8B50F46044680B1E5
:109A00000021FFF7CDFF00F10C0605462146304648
:109A10003A460EF034FD21462846FFF7B5FF3046A2
:109A2000F8BD014EFBE700BFB81B0020054A90427D
:109A300010B506D08268541E002A846001DC0EF046
:109A400056FD10BDAC1B0020036813B50446A3F1FE
:109A50000C0053F8043C002B06DD01A9FFF7E6FFDC
:109A6000034B236002B010BD0021FFF78DFFF9E723
:109A7000B81B002070B504461546094A0E46FFF78C
:109A800059FF23680146204653F80C2C0023921BF3
:109A9000AA4228BF2A460EF02CFD204670BD00BF0A
:109AA000AD350200F8B51C46174605460E460A4B72
:109AB000224639460EF0B0FC23463A463146284647
:109AC0000EF017FD34B1286821469DF81820304467
:109AD0000EF0D5FC2846F8BDC135020073B50E4620
:109AE00001680446184B51F80C1C15460EF094FC06
:109AF000314620460EF09EFC034620681BB950F804
:109B0000043C002B0BDD0095334650F80C2C002153
:109B100020460EF06DFD0446204602B070BD331A9B
:109B20009D4209D82A4631460EF091FC206829460C
:109B30000C38FFF729FFEFE7002BF7D02A46314614
:109B40000EF091FCF2E700BFDE350200054B9842B3
:109B500000F10C001EBF50F8043C013340F8043CF7
:109B6000704700BFAC1B00202DE9F04104460D46B4
:109B700090462AB3184B00210EF04EFC276857F888
:109B80000C6C57F8083C46449E4203D857F8043CF6
:109B9000002B08DD294620460EF04CFC98B13146DA
:109BA00020460EF04FFD23682946424653F80C0C20
:109BB00018440EF04CFC206831460C38FFF7E4FEE8
:109BC0002046BDE8F08131462046EF1B0EF03AFDFD
:109BD00025683D44E7E700BFF3350200F8B50446C9
:109BE00017460D4609B30A46114B00210EF014FC2E
:109BF000236853F80C6C53F8082C2E44964203D873
:109C000053F8043C002B03DD314620460EF01AFDCC
:109C1000236829463A4653F80C0C18440EF02FFCE2
:109C2000206831460C38FFF7AFFE2046F8BD00BF74
:109C3000F3350200F8B503680C4617460A4653F898
:109C40000C6C0546094B31460EF0E6FBB44205D9D3
:109C50003A46A11B2846FFF7C1FFF8BDFDD24FF0E1
:109C6000FF3221462846FFF705FFF6E708360200D7
:109C7000084B10B5044640F8083B14F098FA237BD3
:109C80001BB1A06908B113F0FEFC20460DF07CFB6F
:109C9000204610BDCC23020038B5003B044618BF57
:109CA000012309B90A460E49002563600D4B04F1F2
:109CB0001D0022734FF480722360A1612946C4E91C
:109CC000045514F022FD4FF48072294604F21D1051
:109CD000257714F01AFD204684F81D5238BD00BFC8
:109CE000BA410200CC230200034B10B504460360C6
:109CF0000DF04AFB204610BD88250200034B10B52D
:109D0000044603600DF040FB204610BDA025020074
:109D1000034B10B5044603600DF036FB204610BD22
:109D2000B8250200054B10B5044640F8083B14F076
:109D30003EFA20460DF028FB204610BD6C2502009F
:109D4000054B10B5044640F8083B14F030FA2046A5
:109D50000DF01AFB204610BDC424020008B543686C
:109D6000C3F17F5303F57F1303F57F533F339A42CB
:109D700002D9034801F0F2FDBDE8084013F05CBBD6
:109D8000F3350200F8B506461C48FEF7E1FA054631
:109D90003368DF6857F82030F3B9442006F0F8FB49
:109DA000174B3146044603600023C0E90133C3600A
:109DB00003828374436380F84330C0E90533C0E90C
:109DC0000733C0E90933C0E90B3302F033FA2A46FE
:109DD00021463068FEF78EFB57F82500F8BD13F0DA
:109DE00061FD13F0E3FE13F086FD13F0B9FC13F0F0
:109DF00059FD236820465B689847F2E7F41B002072
:109E0000481F02004368994270B50646154604D9BA
:109E10000A460A480A4910F02AFE6A1C04D103685F
:109E2000002271605A5470BD002DFCD05A1AAA420B
:109E300028BF2A46BDE8704013F071BA4B350200C6
:109E4000AD350200F8B506461C48FEF781FA054616
:109E50003368DF6857F82030F3B9442006F098FBE8
:109E6000174B3146044603600023C0E90133C36049
:109E700003828374436380F84330C0E90533C0E94B
:109E80000733C0E90933C0E90B3302F09FFA2A46D1
:109E900021463068FEF72EFB57F82500F8BD13F079
:109EA00001FD13F083FE13F026FD13F059FC13F0AF
:109EB000F9FC236820465B689847F2E7F01B002016
:109EC000381F020038B500F1080305460C46036050
:109ED00011B9064801F02AFD0846F6F7B3FF2146FE
:109EE00022182846BDE838400EF0AABD38360200D8
:109EF00037B51D464368994204D90A4605480649C4
:109F000010F0B5FD13460022009505F0C3FE03B026
:109F100030BD00BF4B3502006A36020008B42DE99F
:109F2000F7410F4604200021904608F025FA164913
:109F30000546F6F77DFF044678B12846F6F782FF1E
:109F4000461C304613F076FE29463246044614F08D
:109F5000B5FB0D49042008F00FFA0AAB099A4146F7
:109F60003846019309F06EFA054634B121460420C3
:109F700008F002FA204613F086FB284603B0BDE83D
:109F8000F04101B0704700BF7F3602000039094B35
:109F900018BF012110B5416004460360FEF7A6F921
:109FA00004E020460DF0F0F913F0DAFBA060204643
:109FB00010BD00BF6C2502002DE9F04F91B00646A0
:109FC000894604AF07F1080507F1140097F860A06F
:109FD00085E80C0097F858303B60FB6D03F16C018D
:109FE000FEF76EF907F1140001F086FF90B078607B
:109FF0000DF11008FEF77AF9B8614022414607F1E9
:10A000001800D7E91A34CDE9023400230093324B0B
:10A01000FFF784FF3F28044619DD083400F1010BE7
:10A0200024F00704ADEB040D0DF11008FEF75EF906
:10A03000B8615A46414607F11800D7E91A34CDE90C
:10A04000023400230093244BFFF768FF044607F116
:10A0500020030022214607F11800BB6113F000F92C
:10A06000BB6908EB0402414678680EF0C8FC3B6807
:10A0700063B107F1180349463046CDE901A3FB6DF2
:10A08000009395E80C000EF0D2FF17E007F11803DB
:10A0900049463046CDE901A3FB6D009395E80C00DD
:10A0A0000FF0EFF80AE007F1180013F094F807F149
:10A0B0001400FEF729F913F053FBF8E707F1180035
:10A0C00013F089F807F11400FEF71EF93046343713
:10A0D000BD46BDE8F08F00BF813602002DE9F04F8C
:10A0E000ABB08946369D0EA90B9005F16C06DDF8E4
:10A0F000E0A03A9C304681E80C0002F05FF808903E
:10A100003046002601F0F8FE83463998F6F79AFEAD
:10A1100010960A9034A90EA80FF018FADDF84080C6
:10A12000002800F073840A9B9E4280F06F84B8F18F
:10A13000000F00F07F84379B379A1B6843F00403BD
:10A14000136000F06BBC089B0CAF0EAE9B68DA6A24
:10A1500012921A6B13925A6B14929A6B1592DA6BD5
:10A1600016921A6C17925A6C18929A6C1992DA6CB1
:10A170001A921A6D1B925A6D1C929A6D1D92DA6D8D
:10A180001E921B6E1F9310ABCDE905530E23049353
:10A1900012AB039311AB029334AB93E803008DE849
:10A1A00003004946384696E80C000FF01CFA109B55
:10A1B00097E8030086E80300002B3CD1119A07239F
:10A1C00092FBF3F3C3EBC303D21ACAF81820237827
:10A1D00043F00203DDE0089B12AA0CAF0EAE9868B4
:10A1E00011460EF0B6FB1EA90EF0D1FB10ABCDE967
:10A1F00005531823CDE9032311AB029334AB93E845
:10A2000003008DE803004946384696E80C000FF03D
:10A21000EAF9109B97E8030086E803005BB9119BFD
:10A220000C2293FBF2F102FB1133CAF810302388A1
:10A2300043F481632380099E01366BE7089B0CAFD2
:10A2400006949B689B69059310ABCDF810A00EAEE9
:10A25000CDE9025334AB93E803008DE8030049468F
:10A26000384696E80C00FFF739FF109B97E803008B
:10A2700086E80300002BDED1637843F0040376E127
:10A2800010AB02260CAFCDE906536323CDE90436AB
:10A2900000230EAE039311AB029334AB93E803009B
:10A2A0008DE803004946384696E80C000FF055F952
:10A2B000109B97E8030086E80300002BBBD1119B9D
:10A2C0006360238843F49063B4E730460FF01DF9D0
:10A2D000DBF81830C0B21B5C180702D530460EF010
:10A2E00085FB10AB02210CAF0EAECDE906531F2348
:10A2F000CDE904310123039311AB029334AB93E80E
:10A3000003008DE803004946384696E80C000FF03C
:10A3100024F9109B97E8030086E80300002B8AD1FC
:10A32000119BCAF80C30238843F4826382E712AE93
:10A33000B84A58460CAF3346A2F109010EF05FFB54
:10A34000CDE9056480E710AB02220CAF0EAECDE97B
:10A3500006531723CDE904320023039311AB029374
:10A3600034AB93E803008DE803004946384696E88D
:10A370000C000FF0F2F8109A97E8030086E803004B
:10A38000002A7FF458AF119BCAF80830237862F393
:10A39000000323704FE710AB0C270DF130080EAE11
:10A3A000CDE906530223CDE904730123039311ABD6
:10A3B000029334AB93E803008DE80300494640461E
:10A3C00096E80C000FF0C9F8109B98E8030086E8A7
:10A3D0000300002B7FF42FAF119B93FBF7F207FBD9
:10A3E0001233CAF80830237843F00103D1E710ABE9
:10A3F0004FF003080CAF0EAECDE906534FF4B77320
:10A40000CDE904380123039311AB029334AB93E8F5
:10A4100003008DE803004946384696E80C000FF02B
:10A420009CF8109B97E8030086E80300002B7FF45C
:10A4300002AF119B013BCAF81C30237843F00403A0
:10A44000A7E710AB4FF0020E0CAF0EAECDE90653EE
:10A450000C23CDE9043E0123039311AB029334ABEB
:10A4600093E803008DE803004946384696E80C005F
:10A470000FF073F8109B97E8030086E80300002BA9
:10A480007FF4D9AE119B013BCAF81030237843F01A
:10A4900008037EE710AB4FF0020C0CAF0EAECDE917
:10A4A00006533B23CDE9043C0023039311AB0293F5
:10A4B00034AB93E803008DE803004946384696E83C
:10A4C0000C000FF04AF8109B97E8030086E80300A1
:10A4D000002B7FF4B0AE119BCAF80430ABE634A970
:10A4E0000EA80FF033F800283FF4A5AE0EA80FF029
:10A4F0000CF8DBF81830C0B21B5C1E077FF59BAE72
:10A500000EA80EF073FAEAE7089B9B681A6A12928B
:10A510005B6A13931278002A3FF48DAE1B78002BF0
:10A520003FF489AE10AB0CAF0EAECDE9055302235C
:10A53000049312AB039311AB029334AB93E8030083
:10A540008DE803004946384696E80C000FF04BF8BA
:10A55000109B97E8030086E80300002B7FF46BAEA6
:10A56000119B002B3FF467AE637843F001036370E7
:10A5700061E6089B0CAF06949B689B6A059309E013
:10A5800012AE254A3346911F0CAF58460EF037FAEB
:10A59000CDE9056410ABCDF810A00EAECDE90253A5
:10A5A00034AB93E803008DE803004946384696E84B
:10A5B0000C00FFF793FD97E8030086E803003AE6F6
:10A5C00010AB02200CAF0EAECDE906533C23CDE913
:10A5D00004300023039311AB029334AB93E80300E0
:10A5E0008DE803004946384696E80C000EF0B5FFAA
:10A5F000109B97E8030086E80300002B7FF41BAE56
:10A60000119BCAF8003016E612AE044A3346A2F196
:10A610000901B9E790360200963602009F36020023
:10A6200010AB02210CAF0EAECDE906533523CDE9B8
:10A6300004310023039311AB029334AB93E803007E
:10A640008DE803004946384696E80C000EF085FF79
:10A65000109B97E8030086E80300002B7FF4EBAD26
:10A66000119B22681B0422F47C1203F47C1322F059
:10A67000200243F0200313432360DCE510AB0122EA
:10A680000CAF0EAECDE906530623CDE9043200230C
:10A69000039311AB029334AB93E803008DE80300FE
:10A6A0004946384696E80C000EF057FF109B97E895
:10A6B000030086E80300002B7FF4BDAD119BCAF8B0
:10A6C000183084E510AB4FF002080CAF0EAECDE9A8
:10A6D00006533523CDE904380023039311AB0293CD
:10A6E00034AB93E803008DE803004946384696E80A
:10A6F0000C000EF032FF109B97E8030086E8030081
:10A70000002B7FF498AD119B22681B0422F47C126D
:10A7100003F47C1322F0400243F04003ABE7089BB4
:10A720000CAF06949B689B6828E7089B0CAF0694C7
:10A730009B681B6922E710AB4FF0020E0CAF0EAE08
:10A74000CDE906536323CDE9043E0023039311AB07
:10A75000029334AB93E803008DE803004946384682
:10A7600096E80C000EF0F9FE109B97E8030086E8CF
:10A770000300002B7FF45FAD637834A9304623F0EB
:10A78000060343F0060363700EF0E0FE00283BD0A2
:10A7900030460EF0BAFE2A22C1B258460EF086FAB2
:10A7A000A0F130085FFA88F3092B2DD830460A272C
:10A7B0000EF01CF9119B34A9304607FB038311935B
:10A7C0000EF0C4FEA0B130460EF09FFE2A22C1B2A8
:10A7D00058460EF06BFAA0F130085FFA88F3092BA7
:10A7E00006D830460EF002F9119B07FB0383119344
:10A7F000119BA3F26C73119363786FF34103637041
:10A80000119BCAF8143016E5119B442BDCBF64334E
:10A810001193F5E710AB4FF0040C0CAF0EAECDE981
:10A82000065342F20F73CDE9043C0023039311ABAE
:10A83000029334AB93E803008DE8030049463846A1
:10A8400096E80C000EF089FE109B97E8030086E85E
:10A850000300002B7FF4EFAC119BA3F26C73CAF8DA
:10A860001430637823F0060307E530460EF04DFE02
:10A87000DBF81830C0B21B5CDF0740F1828010AB00
:10A880000CAFCDE905530E230493694B039312AB30
:10A89000029334AB93E803008DE803004946384641
:10A8A00096E80C000EF09FFE97E8030086E8030090
:10A8B00034A930460EF04AFE00283FF4BCAC109B91
:10A8C000129A13437FF4B7AC30460EF01EFE0746D3
:10A8D0002D215846FFB20EF0D8F9B84235D11723D2
:10A8E000022110AF00220CAE0DF138080392CDE921
:10A8F000043112A9029134A9CDE9065703C98DE8A4
:10A9000003004946304698E80C000EF026FE3B2333
:10A91000002296E8030088E8030002200392CDE9B4
:10A92000043012AB029334ABCDE9065793E8030031
:10A930008DE803004946304698E80C000EF00DFE05
:10A9400096E8030088E8030075E430460EF0DDFD6C
:10A9500006462B215846F6B20EF097F9B0427FF426
:10A960006AACBCE730460EF0D0FD074625215846BC
:10A97000FFB20EF08AF9B84203D130460EF036F835
:10A9800059E4109B43F00403109354E4399B995D00
:10A99000DBF818305B5C1A0714D534A90EA80EF04A
:10A9A000D5FD00283FF448AC0EA80EF0AEFDDBF854
:10A9B0001830C0B21B5C1B077FF53EAC0EA80EF032
:10A9C00015F8EAE758460EF05DF980460EA80EF03D
:10A9D0009CFDC1B258460EF055F9804512D0397829
:10A9E00058460EF04CF907460EA80EF08EFDC1B287
:10A9F00058460EF044F9874204D0109B43F00403FC
:10AA0000109319E40EA80DF0F1FF15E4B8F1000F52
:10AA10007FF491AB0A9B9E427FF48DAB0EAB93E823
:10AA200003000B9B83E8030018462BB0BDE8F08FB2
:10AA300010010020399B42465846995D9F190EF03F
:10AA400035F92528A2D1731C711C4246584609933A
:10AA5000399B595C0EF02AF94528CDF8448001D085
:10AA60004F2808D1B31C0022584609930999399BF5
:10AA7000595C0EF01BF925380EAE542881D801A37D
:10AA800053F820F065A9000083A9000083A9000005
:10AA900083A9000083A9000083A9000083A9000006
:10AAA00083A9000083A9000083A9000083A90000F6
:10AAB00083A9000083A9000083A9000083A90000E6
:10AAC00083A9000083A9000083A9000083A90000D6
:10AAD00083A9000083A9000083A9000083A90000C6
:10AAE00083A9000083A9000083A9000083A90000B6
:10AAF00083A9000047A10000D7A1000081A20000A7
:10AB00002FA3000083A9000083A9000083A90000EF
:10AB100047A3000097A3000083A9000083A90000B9
:10AB200083A9000095A4000083A9000083A9000068
:10AB300083A9000083A9000081A50000C1A5000031
:10AB400009A6000021A6000083A90000C5A60000F8
:10AB50002BA7000015A800006BA8000083A9000027
:10AB600083A9000083A9000083A9000083A9000035
:10AB700083A9000047A10000D7A100003DA200006A
:10AB8000CBA20000CBA2000083A9000083A9000093
:10AB9000D7A1000083A90000EFA3000083A9000053
:10ABA00083A9000043A40000DFA4000083A90000E3
:10ABB00009A5000083A9000073A5000083A9000077
:10ABC000DFA4000083A9000083A900007DA6000087
:10ABD0001FA7000037A700002DE9F04F99B008A982
:10ABE000059081E80C00DDE9243903F16C0420466E
:10ABF00001F082F904902046FFF724F900F13803B0
:10AC000005460693036A1BB1836A003B18BF012304
:10AC100001930EAB0C9300230D938DF838302B7CF1
:10AC200053B914AB202112A81293002313938DF86B
:10AC3000503012F089FB04E020210CA812F084FBB4
:10AC4000EFE7002605F13903B046079337466B6BF3
:10AC500003960B93009602960BAB9B5D042B41D899
:10AC6000DFE813F00C01F2000C0071000500DFF8C2
:10AC700060A222A908A80EF069FCE0E0249BDB6832
:10AC800098051FD4009B012B1CD8DEB1012E0BD1DF
:10AC9000019BBBB99DF82C30032B13D09DF82E30AF
:10ACA000012B0FD00226D7E7022E40F00B819DF832
:10ACB0002F30042B06D0019A002A00F0FE80032BCF
:10ACC00040F0FD80D5F818B04FF0000A22A908A87E
:10ACD0000EF03CFC02E00AF1010AF7E7044618B95D
:10ACE000DA4510D1012418E0DA4516D008A80EF094
:10ACF0000CFC6B69C0B213F80A30834203D108A878
:10AD00000DF074FEE7E7BAF1000F40F0D280249B0B
:10AD1000DC6884F40074C4F340240136042E40F04F
:10AD2000B180009B012B40F2FB80002C00F0AD8035
:10AD3000029B002B00F0C8806E6A012422A908A89B
:10AD40000EF004FCC6E02B6A33B9AB6ACBB122A982
:10AD500008A80EF0FBFB1AE022A908A80EF0F6FBEB
:10AD600004460028F1D008A80EF0CFFBEB69C0B272
:10AD70001B788342E9D12B6A08A800930DF036FEB8
:10AD8000CBE72B6AA3B9019B83F00104C5E7044616
:10AD90000028F6D008A80EF0B8FB6B6AC0B21B788A
:10ADA0008342EED1AB6A08A800930DF01FFE82E04B
:10ADB000AB6A002BE7D101231C460293ADE708A83C
:10ADC0000EF0A3FB5FFA80FB0DF12B020A2107981E
:10ADD0008DF82BB00DF018FB60B1069BC01ADAF8A5
:10ADE0000030195C12A812F0CDFA013708A80DF056
:10ADF000FDFD3EE76B7C5B4509D1B8F1000F1AD130
:10AE0000EB6A002B12DDA04603970027EEE72B7CB0
:10AE100063B1AA7C5A4508D1B8F1000F0BD167B1D4
:10AE2000F9B20CA812F0AEFAEFE71C46139B002B08
:10AE300008BF002471E74446F8E73C46F6E70446BD
:10AE40000028BCD10124F1E722A908A80EF07EFB5E
:10AE500040B90024032E3FF464AF22A908A80EF0E5
:10AE600075FB0DE008A80EF050FB049BC0B29B6977
:10AE70001B5C1907EDD508A80DF0B8FD0124E9E722
:10AE800050B90136002C7FF4E7AED9F8003043F01A
:10AE90000403C9F8003074E008A80EF036FB049BE8
:10AEA000C0B29B691B5C1A07EBD508A80DF09EFD8C
:10AEB000D3E7002431E702942FE70326CCE6019C78
:10AEC0000326DFE701242CE7EE6936E7013435E796
:10AED0000C010020009BB0B9A342D6D1139B012BDB
:10AEE00021D90022302112A812F03DFB0246D0B138
:10AEF000431C4FF0000112A804BF139A02F1FF3265
:10AF0000FEF780FF0FE0A342E8D008A80EF0FDFA9C
:10AF1000335DC0B28342B8D108A80DF067FDD5E714
:10AF2000002CB2D0DAE7029B53B90D9BFBB1B8F10C
:10AF3000000F0ED09DF80C100CA812F023FA0AE0B6
:10AF400012990B78302BF0D02D2212A812F056FA5D
:10AF5000EBE7F9B2F0E70CAAD5E9020113F03FFAEA
:10AF600028B9D9F8003043F00403C9F80030B8F12B
:10AF7000000F02D0EB6ABB4287D112A9269812F0CB
:10AF80007BFA08AC22A920460EF0CEFA28B1D9F8F7
:10AF9000003043F00203C9F80030059B94E8030039
:10AFA00083E8030012A812F016F90CA812F013F9A6
:10AFB000059819B0BDE8F08F12A812F00CF90CA892
:10AFC00012F009F912F0CCFBF9E700BF2DE9F04FC0
:10AFD00099B008A9059081E80C00DDE9243903F156
:10AFE0006C04204600F088FF04902046FEF7CAFE5D
:10AFF00000F1380305460693036A1BB1836A003BE0
:10B0000018BF012301930EAB0C9300230D938DF811
:10B0100038302B7C53B914AB202112A81293002393
:10B0200013938DF8503012F08FF904E020210CA812
:10B0300012F08AF9EFE7002605F13903B0460793CD
:10B0400037466B6B03960B93009602960BAB9B5D9A
:10B05000042B41D8DFE813F00C01F2000C00710062
:10B060000500DFF860A222A908A80EF06FFAE0E060
:10B07000249BDB6898051FD4009B012B1CD8DEB1F4
:10B08000012E0BD1019BBBB99DF82C30032B13D0A3
:10B090009DF82E30012B0FD00226D7E7022E40F06C
:10B0A0000B819DF82F30042B06D0019A002A00F066
:10B0B000FE80032B40F0FD80D5F818B04FF0000A59
:10B0C00022A908A80EF042FA02E00AF1010AF7E705
:10B0D000044618B9DA4510D1012418E0DA4516D033
:10B0E00008A80EF012FA6B69C0B213F80A30834256
:10B0F00003D108A80DF07AFCE7E7BAF1000F40F0A1
:10B10000D280249BDC6884F40074C4F340240136AC
:10B11000042E40F0B180009B012B40F2FB80002CFC
:10B1200000F0AD80029B002B00F0C8806E6A012405
:10B1300022A908A80EF00AFAC6E02B6A33B9AB6A56
:10B14000CBB122A908A80EF001FA1AE022A908A89A
:10B150000EF0FCF904460028F1D008A80EF0D5F94D
:10B16000EB69C0B21B788342E9D12B6A08A800932F
:10B170000DF03CFCCBE72B6AA3B9019B83F00104E3
:10B18000C5E704460028F6D008A80EF0BEF96B6AA1
:10B19000C0B21B788342EED1AB6A08A800930DF0D1
:10B1A00025FC82E0AB6A002BE7D101231C46029309
:10B1B000ADE708A80EF0A9F95FFA80FB0DF12B02AC
:10B1C0000A2107988DF82BB00DF01EF960B1069B8F
:10B1D000C01ADAF80030195C12A812F0D3F801375F
:10B1E00008A80DF003FC3EE76B7C5B4509D1B8F184
:10B1F000000F1AD1EB6A002B12DDA046039700273F
:10B20000EEE72B7C63B1AA7C5A4508D1B8F1000F58
:10B210000BD167B1F9B20CA812F0B4F8EFE71C46F5
:10B22000139B002B08BF002471E74446F8E73C4617
:10B23000F6E704460028BCD10124F1E722A908A8BA
:10B240000EF084F940B90024032E3FF464AF22A924
:10B2500008A80EF07BF90DE008A80EF056F9049B43
:10B26000C0B29B691B5C1907EDD508A80DF0BEFBA9
:10B270000124E9E750B90136002C7FF4E7AED9F894
:10B28000003043F00403C9F8003074E008A80EF061
:10B290003CF9049BC0B29B691B5C1A07EBD508A85C
:10B2A0000DF0A4FBD3E7002431E702942FE7032637
:10B2B000CCE6019C0326DFE701242CE7EE6936E7A4
:10B2C000013435E70C010020009BB0B9A342D6D170
:10B2D000139B012B21D90022302112A812F043F92F
:10B2E0000246D0B1431C4FF0000112A804BF139ACC
:10B2F00002F1FF32FEF786FD0FE0A342E8D008A876
:10B300000EF003F9335DC0B28342B8D108A80DF046
:10B310006DFBD5E7002CB2D0DAE7029B53B90D9B49
:10B32000FBB1B8F1000F0ED09DF80C100CA812F074
:10B3300029F80AE012990B78302BF0D02D2212A8B0
:10B3400012F05CF8EBE7F9B2F0E70CAAD5E90201DC
:10B3500013F045F828B9D9F8003043F00403C9F8D0
:10B360000030B8F1000F02D0EB6ABB4287D112A9BE
:10B37000269812F081F808AC22A920460EF0D4F8E5
:10B3800028B1D9F8003043F00203C9F80030059B1A
:10B3900094E8030083E8030012A811F01CFF0CA836
:10B3A00011F019FF059819B0BDE8F08F12A811F03F
:10B3B00012FF0CA811F00FFF12F0D2F9F9E700BF4D
:10B3C000184B1A68D1075CBF01221A60164B1A6825
:10B3D000D2075CBF01221A60144B1A68D0075CBF09
:10B3E00001221A60124B1A68D1075CBF01221A6051
:10B3F000104B1A68D2075CBF01221A600E4B1A6804
:10B40000D0075CBF01221A600C4B1A68D1075CBFE1
:10B4100001221A600A4B1A68D2075CBF01221A6027
:10B42000704700BFDC1B0020D81B0020D41B00206D
:10B43000D01B0020CC1B0020C81B0020C41B0020F8
:10B44000C01B002000F1080373B5044615460E46E4
:10B45000036081B912B10E4800F068FA0A46019102
:10B460003146206811F01BFF019B226800216360B8
:10B47000D15402B070BD0F2A019201D87219EFE7C2
:10B48000002201A904F0D6FB019B2060A360F5E730
:10B4900038360200836973B504460D4603B19847F8
:10B4A00004F108032360D5E900630F2B06EB0305C5
:10B4B000019307D9002201A9204604F0BBFB019BA0
:10B4C0002060A3602A463146206811F0E3FE019B0C
:10B4D000226800216360D154014BA36102B070BDAA
:10B4E000F99F0100074B002210B503600446036971
:10B4F0000C30DA600CF077FC2046FDF79FFC20460C
:10B5000010BD00BFE4260200084B002210B5036006
:10B51000044603690C30DA609A611A629A620CF090
:10B5200062FC2046FDF720FB204610BD24270200C8
:10B53000084B002210B50360044603690C30DA6042
:10B540009A611A629A620CF04EFC2046FDF722FBCB
:10B55000204610BD58270200054B10B5044640F8A0
:10B56000103B0CF040FC2046FEF7DCFB204610BDF3
:10B57000BC270200084B10B5044640F80C3B0CF009
:10B5800032FC064B204640F8083B12F010FE2046E5
:10B590000BF0FAFE204610BD08270200C42402006A
:10B5A000064B10B5044640F8083B0CF01CFC044B5D
:10B5B000204623600BF0E8FE204610BD8C270200D9
:10B5C00088250200064B10B5044640F8083B0CF0F5
:10B5D0000AFC044B204623600BF0D6FE204610BD2B
:10B5E000A4270200A0250200064B10B5044640F82F
:10B5F000083B0CF0F8FB044B204623600BF0C4FE24
:10B60000204610BDD8270200B825020070B56FF0A3
:10B6100001030C468D4A05468D4912F036F8064660
:10B6200010B10468204670BD8A4B9C423BD1142067
:10B6300004F0AEFF0446682004F0AAFF864B002108
:10B640000646A0600360854B41600174818480F8E8
:10B65000641061602360C0E90211C0E90511C0E90E
:10B6600007112046FDF79CFB03E020460BF08CFE03
:10B6700014E06B68324629464FF000000133E56064
:10B6800026616B60764B23600CF039FCCAE704F14D
:10B690000C000CF0A8FB2046FDF7D0FB204611F073
:10B6A000EEFF12F05DF86F4B9C4211D1102004F0B8
:10B6B0006FFF6D4B466004460360FCF717FE6B6836
:10B6C00001336B60694BC4E902052360AAE7CCE74C
:10B6D000674B9C420AD10C2004F05AFF6B68044669
:10B6E0000133C0E901656B60624BEEE7624B9C423F
:10B6F0000AD10C2004F04CFF6B6804460133C0E90A
:10B7000001656B605D4BE0E75D4B9C420AD10C200C
:10B7100004F03EFF6B6804460133C0E901656B60CD
:10B72000584BD2E7584B9C423AD1142004F030FFDA
:10B730000446442004F02CFF544B00220646A0602F
:10B7400003601146524BC26002828274426380F8E9
:10B75000432062602360C0E90122C0E90522C0E9FC
:10B760000722C0E90922C0E90B222046FDF774F93F
:10B7700000E07AE76B68324629464FF0000001335B
:10B78000E56026616B60434B23600CF01BFC49E7CE
:10B7900004F10C000CF027FB2046FDF7E5F97DE7EE
:10B7A0003D4B9C423AD1142004F0F2FE0446442062
:10B7B00004F0EEFE394B00220646A06003601146FD
:10B7C000374BC26002828274426380F84320626019
:10B7D0002360C0E90122C0E90522C0E90722C0E9CF
:10B7E0000922C0E90B222046FDF77AF900E03CE788
:10B7F0006B68324629464FF000000133E560266150
:10B800006B60284B23600CF03AFC0BE704F10C0052
:10B810000CF0E9FA2046FDF7BDF93FE7224B9C42C8
:10B820000CD1142004F0B4FE31460446FEF7AEFB02
:10B830006B68256101336B601C4B46E71C4800F0C8
:10B8400075F82BE72AE729E728E700BF582202000E
:10B85000E01E0200EC1B0020581F0200E024020042
:10B86000E4260200E01B0020C42402000827020096
:10B87000E81B0020D8270200FC1B00208C270200B8
:10B88000F81B0020A4270200F01B0020381F020034
:10B890000425020024270200F41B0020481F020098
:10B8A0003825020058270200E41B0020BC270200B4
:10B8B000353302008B6910B5044613B9044800F013
:10B8C00035F8D1E90012FFF7BDFD204610BD00BFDD
:10B8D00062330200044B10B5044640F81C3BFCF7F1
:10B8E00013FD204610BD00BF342C020008B5042013
:10B8F00011F020FF024B034A0349036012F03CF9A8
:10B90000802C02007DFE00006C2C020008B5042093
:10B9100011F010FF024B034A0349036012F02CF9A7
:10B92000A02C020099FE00008C2C020038B50546C0
:10B93000082011F0FFFE0446294605F0F7F9054AF4
:10B940002046054912F018F9204604F013FB11F0C7
:10B9500007FF00BF950A0100EC2D020038B505462F
:10B96000082011F0E7FE0446294605F0F3F9054AE0
:10B970002046054912F000F9204604F0FBFA11F0C8
:10B98000EFFE00BFB90A0100F82D020038B50546E8
:10B99000082011F0CFFE0446294605F0E5F9054AD6
:10B9A0002046054912F0E8F8204604F0E3FA11F0C9
:10B9B000D7FE00BFCD0A0100042E020038B50546AF
:10B9C000082011F0B7FE0446294605F0D7F9054ACC
:10B9D0002046054912F0D0F8204604F0CBFA11F0C9
:10B9E000BFFE00BF710A0100102E0200034B10B50C
:10B9F0000446036000F036F8204610BD5C280200C3
:10BA000008B5836F0BB941F0010103694161194227
:10BA100002D0024805F05EFA08BD00BF133A0200EA
:10BA20000F4B00F1240110B50360002304460A46C1
:10BA3000C0E90133C0E90333C0E90533C0E9073386
:10BA40006430C2E9003308328242FAD1082304F19B
:10BA50006C00C4E91931FCF7E5FF204610BD00BFBA
:10BA6000742802000C4B002110B5044603600FF04F
:10BA70004FF820460FF064F8A06E04F124039842BA
:10BA800004D008B111F0FFFD0023A36604F16C009F
:10BA9000FCF73AFC204610BD74280200064B10B596
:10BAA0000360002304464360044B40F8083FFFF75F
:10BAB000D9FF204610BD00BFA82802005C28020064
:10BAC000D0F800C0ACF10C0CDCF800C06044E5E735
:10BAD000034B10B5044603600BF056FC204610BD26
:10BAE0003C2A0200034B10B5044603600BF04CFCEB
:10BAF000204610BD782A0200034B10B504460360AF
:10BB00000BF042FC204610BD782B0200034B10B511
:10BB1000044603600BF038FC204610BD902B020059
:10BB2000034B10B5044603600BF02EFC204610BDFD
:10BB3000A82A0200034B10B5044603600BF024FC56
:10BB4000204610BDA82B0200034B10B5044603602D
:10BB50000BF01AFC204610BDBC2B0200054B10B5A3
:10BB6000044640F8083B12F022FB20460BF00CFC88
:10BB7000204610BD302B0200054B10B5044640F89E
:10BB8000083B12F014FB20460BF0FEFB204610BDD4
:10BB9000FC29020038B50D4B044605690360FCF72B
:10BBA000AFFB854203D015B1284611F06CFDA068AB
:10BBB00010B103685B68984704F10C0012F0F7FAC3
:10BBC00020460BF0E1FB204638BD00BFB82A02003A
:10BBD00088422DE9F04104460D4618D0A0B1A1EBF2
:10BBE000000800214046FDF7DBFE00F10C07064689
:10BBF000214638462A460CF051FC41463046FDF7B6
:10BC0000C3FE3846BDE8F0810248FFF78FFE024FC1
:10BC1000F7E700BF0B330200B81B0020036853F89E
:10BC20000C3C994210B504D90A46064806490EF064
:10BC30001EFF5C1A0023A24228BF2246BDE8104026
:10BC40000CF057BC4B350200AD3502002DE9F7432F
:10BC500015461C462F4B074688466A460360214618
:10BC60002846FFF7B5FF641B50F80C3C06460190D0
:10BC7000640000EB0309204611F0DCFF0546324664
:10BC800023462946404612F0D4FA844202460ED892
:10BC9000441C284611F0F7FC204611F0CBFF324639
:10BCA000014605462346404612F0C3FA024629469D
:10BCB0003846FDF759FF10E011F0F4FD284611F069
:10BCC000E2FC11F073FF11F016FE01A80FF0F1F87D
:10BCD00038460FF0EEF811F043FD3046F5F7B2F8B4
:10BCE000304481450BD0461C002138460CF0F0FC56
:10BCF000C5E7E1E711F0D6FDE3E7E6E7E8E7284628
:10BD000011F0C1FC01A80FF0D4F8384603B0BDE82B
:10BD1000F08300BFB81B002010B504460A48FCF7AA
:10BD200017FB2368D3E90123834202D952F820008C
:10BD300008B9FFF7EBFD0023044A054911F0A5FC03
:10BD400008B904F08BF910BD601C0020DC2802004B
:10BD5000E01E020010B504460A48FCF7F9FA236811
:10BD6000D3E90123834202D952F8200008B9FFF732
:10BD7000CDFD0023044A054911F087FC08B904F001
:10BD80006DF910BD5C1C0020E8280200E01E0200D6
:10BD900010B504460A48FCF7DBFA23689A68824229
:10BDA0000CD95B6853F8200038B10023054A0649D6
:10BDB00011F06BFC003818BF012010BD0020FCE71B
:10BDC000601C0020DC280200E01E020010B50446C2
:10BDD0000A48FCF7BDFA23689A6882420CD95B686E
:10BDE00053F8200038B10023054A064911F04DFCF4
:10BDF000003818BF012010BD0020FCE75C1C0020AB
:10BE0000E8280200E01E020000390B4A18BF012199
:10BE100002600022416002828274426380F8432003
:10BE2000C0E90222C0E90522C0E90722C0E90922CF
:10BE3000C0E90B22704700BF481F020000390B4ABF
:10BE400018BF0121026000224160028282744263B5
:10BE500080F84320C0E90222C0E90522C0E9072298
:10BE6000C0E90922C0E90B22704700BF381F020059
:10BE70000039084A18BF01210260002241600274A3
:10BE8000828480F86420C0E90222C0E90522C0E96A
:10BE900007227047581F0200003A0B4B18BF0122BF
:10BEA00010B50446816042600360FCF729FA002166
:10BEB0002061204604F014FE04E020460BF064FAF2
:10BEC00011F04EFC204610BDB82A02000039094B83
:10BED00018BF012110B5416004460360FCF706FA63
:10BEE00004E020460BF050FA11F03AFCA060204626
:10BEF00010BD00BF302B020010B504460A48FCF705
:10BF000027FA2368D3E90123834202D952F820009B
:10BF100008B9FFF7FBFC0023044A054911F0B5FB03
:10BF200008B904F09BF810BDBC1B0020A42302003C
:10BF3000E01E020010B504460A48FCF709FA23681F
:10BF4000D3E90123834202D952F8200008B9FFF750
:10BF5000DDFC0023044A054911F097FB08B904F001
:10BF60007DF810BD481C0020D0280200E01E020011
:10BF70002DE9F04385B0044608468946FFF7DAFF0D
:10BF80008046014601A80FF0D8F8019B53F80C0C2D
:10BF9000E06011F04FFE054601460023E26801A86B
:10BFA000FDF7D8FCE3682BB195F90030002BD4BF26
:10BFB00000230123414602A823740FF0C5F8029B19
:10BFC00053F80C0CA06111F035FE06460146002323
:10BFD000A26902A8FDF7BEFC19E0002704463E4610
:10BFE00002A80EF066FF01A80EF063FF204611F0D4
:10BFF00059FC284611F047FB16B1304611F043FBBF
:10C00000002F63D0384656E004460027E8E7414653
:10C0100003A80FF0A0F800E0F6E7039B53F80C0C20
:10C02000206211F007FE074601460023226A03A89A
:10C03000FDF790FC40460FF07AF884F82400404663
:10C040000FF078F884F825004846FFF755FF234B9A
:10C050008046196804F1260301F124020EF032FF34
:10C060001F4B4046196804F14A0301F11A020EF011
:10C0700029FF012303A8A56084F864306661E761A5
:10C080000EF017FF02A80EF014FF01A80EF011FF2A
:10C0900005B0BDE8F0830446002703A80EF009FFB1
:10C0A0009EE70446F9E7044601A80EF002FF204689
:10C0B00011F0F8FB284611F0E6FA07E0F3E7044632
:10C0C00001A80EF0F6FE204611F0ECFB11F06EFD1B
:10C0D00011F011FC11F044FBF6E700BF0401002051
:10C0E00008010020F8B506461548FCF731F9054669
:10C0F0003368DF6857F820307BB9682004F048FACD
:10C1000004460021FFF7B4FE31462046FFF730FF1A
:10C110002A4621463068FCF7EDF957F82500F8BDAE
:10C1200011F0C0FB11F042FD11F0E5FB11F018FB1E
:10C1300011F0B8FB236820465B689847F2E700BF20
:10C14000481C002010B504460A48FCF701F9236892
:10C15000D3E90123834202D952F8200008B9FFF73E
:10C16000D5FB0023044A054911F08FFA08B903F002
:10C1700075FF10BD4C1C00200C290200E01E0200BF
:10C1800010B504460A48FCF7E3F82368D3E9012315
:10C19000834202D952F8200008B9FFF7B7FB002309
:10C1A000044A054911F071FA08B903F057FF10BDB0
:10C1B000501C00202C290200E01E020010B504468D
:10C1C0000A48FCF7C5F82368D3E90123834202D962
:10C1D00052F8200008B9FFF799FB0023044A0549EB
:10C1E00011F053FA08B903F039FF10BD441C0020C8
:10C1F00000290200E01E020010B504460A48FCF7C0
:10C20000A7F823689A6882420CD95B6853F820002B
:10C2100038B10023054A064911F037FA003818BF33
:10C22000012010BD0020FCE7BC1B0020A42302005D
:10C23000E01E02002DE9F04188B004460846884619
:10C24000FFF79EFF0146054606A80EF01FFF06A950
:10C2500002A80FF02AFA06A80EF02BFE294606A81F
:10C260000EF01BFF06A904A80FF01FFA06A80EF097
:10C2700020FE294601A80EF017FF01A906A80FF01D
:10C2800014FA01A80EF015FE294601A80EF0F7FEDB
:10C29000019B53F80C6C304611F0CCFC074601466C
:10C2A0000023324601A8FDF755FBC4E902762EB102
:10C2B00097F90060002ED4BF002601262846267478
:10C2C0000EF0D7FE607428460EF0D6FE059A039B4A
:10C2D000E261049A63612262079A029B6262069A93
:10C2E000A3610023A0742846A262039305930793D9
:10C2F0000EF0E1FEE06228460EF0E0FE20632846E4
:10C300000EF0E1FE60634046FFF7F6FD164B19683C
:10C3100004F1380301F10B020EF0D4FD012301A852
:10C3200084F843300EF0C5FD08B0BDE8F08106A8E2
:10C330000EF0BFFD11F014FA06A80EF0BAFD02A827
:10C340000FF0C5F9F6E701A80EF0B3FD04A80FF051
:10C35000BEF9F4E701A80EF0ACFD06A80FF0B7F99E
:10C36000F4E7FAE7F2E7EAE70C010020F8B5064641
:10C370001548FBF7EDFF05463368DF6857F82030B6
:10C380007BB9442004F004F904460021FFF73CFD8A
:10C3900031462046FFF74EFF2A4621463068FCF71B
:10C3A000A9F857F82500F8BD11F07CFA11F0FEFB52
:10C3B00011F0A1FA11F0D4F911F074FA23682046B3
:10C3C0005B689847F2E700BF501C00202DE9F04160
:10C3D00088B0044608468846FFF7B4FE0146054685
:10C3E00006A80EF082FE06A902A80FF078F906A8AA
:10C3F0000EF05FFD294606A80EF07EFE06A904A8F1
:10C400000FF06DF906A80EF054FD294601A80EF0B4
:10C410007AFE01A906A80FF062F901A80EF049FD05
:10C42000294601A80EF05AFE019B53F80C6C3046C9
:10C4300011F000FC074601460023324601A8FDF733
:10C4400089FAC4E902762EB197F90060002ED4BFB4
:10C4500000260126284626740EF03AFE607428460F
:10C460000EF039FE059A039BE261049A6361226231
:10C47000079A029B6262069AA3610023A074284671
:10C48000A2620393059307930EF044FEE0622846F0
:10C490000EF043FE206328460EF044FE60634046E3
:10C4A000FFF72AFD164B196804F1380301F10B025E
:10C4B0000EF008FD012301A884F843300EF0F9FCCA
:10C4C00008B0BDE8F08106A80EF0F3FC11F048F9C1
:10C4D00006A80EF0EEFC02A80FF013F9F6E701A88B
:10C4E0000EF0E7FC04A80FF00CF9F4E701A80EF039
:10C4F000E0FC06A80FF005F9F4E7FAE7F2E7EAE74F
:10C500000C010020F8B506461548FBF721FF05464B
:10C510003368DF6857F820307BB9442004F038F8DE
:10C5200004460021FFF78AFC31462046FFF74EFF04
:10C530002A4621463068FBF7DDFF57F82500F8BD95
:10C5400011F0B0F911F032FB11F0D5F911F008F942
:10C5500011F0A8F9236820465B689847F2E700BF0E
:10C560004C1C00202DE9F04F8FB0189F06A90590B4
:10C5700007F16C049DF86480204681E80C00FFF709
:10C58000BBFC82462046FFF7BDFF1A9B04461D6890
:10C5900090F838302A7855F80C1C9A421DD0026B5E
:10C5A000C369D0F820900992039329442B469942FD
:10C5B0001E4606D930780133DAF81820125C52078B
:10C5C000F5D4761BB346002E00F0EC80804B710052
:10C5D0000AA80A930CF036F809E0426B436AD0F8D7
:10C5E0002890099203930029DFD00135DDE7E36A43
:10C5F000A6EB030ABAF1000F27DD16EA230638BFBF
:10C600005646E3684BB300210A9A73000AA80091CA
:10C6100052F80C2CFDF746FA0AA80BF0C8FFAB192C
:10C62000A17C0A98CDE90053D4E902230EF0C5FE9F
:10C6300082460AA80BF0BBFF0A994FF0FF320AA806
:10C64000AAEB0101FFF7EAFAB246E36A002B1EDD0E
:10C65000617C0AA80CF03CF805E0324629460AA89D
:10C66000FDF73CFAF0E7BAF1000F06DBE26A05EBF2
:10C670000A010AA8FDF778FA09E094F83920CAF10E
:10C6800000010AA8FDF7AAFA5A462946F1E7FD6813
:10C690000BA805F0B00315F4007504930A9B18BFAE
:10C6A000A56953F80C3C4B441D44494B69000B935E
:10C6B0000BF0C8FF049BBE68102B11D1B5422CBFF4
:10C6C0004FF0000B4FF0010B4FF0000A09AB13F8CD
:10C6D0000A30042B2CD8DFE803F0281D060F1800C1
:10C6E0004FF0000BF0E7FB689B0521D50BA8D4E9C0
:10C6F0000512FDF739FA1BE0B9F1000F18D0039BC2
:10C7000019780BA80BF0E4FF12E00AA90BA80BF0B4
:10C71000B4FF0DE0BBF1000F05D04246711B0BA822
:10C72000FDF75CFA04E04146EBE7BBF1000FF4D102
:10C730000AF1010ABAF1040FC8D1B9F1010F06D903
:10C74000039909F1FF320BA80131FDF70DFA0B9B9C
:10C7500053F80C3C9E4209D9049AF31A202A0ED1B0
:10C76000424619460BA8FDF739FA33460CAC06AA27
:10C77000009320460B9B06CA0CF03FFC07E000220A
:10C780000BA8CDF800801146FDF78CF9EDE794E891
:10C79000030006900BA88DF81C100EF08AFB0AA867
:10C7A0000EF087FB0023BB6006AB93E80300059BFC
:10C7B00083E8030018460FB0BDE8F08F0BA80EF019
:10C7C00078FB0AA80EF075FB10F0CAFFF9E700BF6E
:10C7D000B81B00202DE9F04F8FB0189F06A90590D7
:10C7E00007F16C049DF86480204681E80C00FFF797
:10C7F00083FB82462046FFF7B9FD1A9B04461D685D
:10C8000090F838302A7855F80C1C9A421DD0026BEB
:10C81000C369D0F820900992039329442B4699428A
:10C820001E4606D930780133DAF81820125C520718
:10C83000F5D4761BB346002E00F0EC80804B7100DF
:10C840000AA80A930BF0FEFE09E0426B436AD0F897
:10C850002890099203930029DFD00135DDE7E36AD0
:10C86000A6EB030ABAF1000F27DD16EA230638BF4C
:10C870005646E3684BB300210A9A73000AA8009158
:10C8800052F80C2CFDF70EF90AA80BF090FEAB192C
:10C89000A17C0A98CDE90053D4E902230EF08DFD66
:10C8A00082460AA80BF083FE0A994FF0FF320AA8CD
:10C8B000AAEB0101FFF7B2F9B246E36A002B1EDDD5
:10C8C000617C0AA80BF004FF05E0324629460AA85D
:10C8D000FDF704F9F0E7BAF1000F06DBE26A05EBB9
:10C8E0000A010AA8FDF740F909E094F83920CAF1D5
:10C8F00000010AA8FDF772F95A462946F1E7FD68DA
:10C900000BA805F0B00315F4007504930A9B18BF3B
:10C91000A56953F80C3C4B441D44494B69000B93EB
:10C920000BF090FE049BBE68102B11D1B5422CBFBA
:10C930004FF0000B4FF0010B4FF0000A09AB13F85A
:10C940000A30042B2CD8DFE803F0281D060F18004E
:10C950004FF0000BF0E7FB689B0521D50BA8D4E94D
:10C960000512FDF701F91BE0B9F1000F18D0039B88
:10C9700019780BA80BF0ACFE12E00AA90BA80BF07B
:10C980007CFE0DE0BBF1000F05D04246711B0BA8E9
:10C99000FDF724F904E04146EBE7BBF1000FF4D1C9
:10C9A0000AF1010ABAF1040FC8D1B9F1010F06D991
:10C9B000039909F1FF320BA80131FDF7D5F80B9B64
:10C9C00053F80C3C9E4209D9049AF31A202A0ED13E
:10C9D000424619460BA8FDF701F933460CAC06AAEE
:10C9E000009320460B9B06CA0CF007FB07E00022D1
:10C9F0000BA8CDF800801146FDF754F8EDE794E858
:10CA0000030006900BA88DF81C100EF052FA0AA82D
:10CA10000EF04FFA0023BB6006AB93E80300059BC2
:10CA200083E8030018460FB0BDE8F08F0BA80EF0A6
:10CA300040FA0AA80EF03DFA10F092FEF9E700BFA6
:10CA4000B81B00202DE9F04F8DB00646894604AF93
:10CA500007F1080507F1180097F850A085E80C00C9
:10CA600097F848303B60FB6C03F16C01FBF728FC46
:10CA700007F11800FFF740FA90B078600DF1100848
:10CA8000FBF734FCF8614022414607F11C00D7E96E
:10CA90001634CDE9023400230093334BFDF73EFA00
:10CAA0003F28044619DD083400F1010B24F0070487
:10CAB000ADEB040D0DF11008FBF718FCF8615A46B8
:10CAC000414607F11C00D7E91634CDE902340023B2
:10CAD0000093254BFDF722FA044607F114020021CA
:10CAE0002046FCF789FFF86107F11C0044440BF075
:10CAF0005EFDFB692246414678680EF0E3F93B682B
:10CB000063B107F11C0349463046CDE901A3FB6C34
:10CB1000009395E80C00FFF725FD17E007F11C03D3
:10CB200049463046CDE901A3FB6C009395E80C0023
:10CB3000FFF750FE0AE007F11C000EF0BAF907F10A
:10CB40001800FBF7E1FB10F00BFEF8E707F11C0003
:10CB50000EF0AFF907F11800FBF7D6FB304624378B
:10CB6000BD46BDE8F08F00BF813602002DE9F04FD1
:10CB7000ADB08946389D0EA90B9005F16C06DDF825
:10CB8000E8A03C9C304681E80C00FFF717FB0890BA
:10CB900030460026FFF7B0F983463B98F4F752F988
:10CBA00010960A9036A90EA80CF0D0FCDDF8408053
:10CBB000002800F060840A9B9E4280F05C84B8F1FB
:10CBC000000F00F06D84399B399A1B6843F0040311
:10CBD000136000F058BC14AE08980CAF31460EF04C
:10CBE000D9FA1BA908980EF0E5FA10ABCDE9055368
:10CBF0000E23CDE9036311AB0EAE029336AB93E87F
:10CC000003008DE803004946384696E80C000FF013
:10CC1000BEFB109B97E8030086E80300002B3CD185
:10CC2000119A072392FBF3F3C3EBC303D21ACAF89A
:10CC30001820237843F00203DFE014AE08980CAF0D
:10CC400031460EF0C7FA20A908980EF0E2FA10ABB0
:10CC5000CDE905531823CDE9036311AB0EAE029362
:10CC600036AB93E803008DE803004946384696E862
:10CC70000C000FF08CFB109B97E8030086E8030084
:10CC80005BB9119B0C2293FBF2F102FB1133CAF842
:10CC90001030238843F481632380099E013681E7A5
:10CCA00012A908980EF06AFA0CAF129B069405932D
:10CCB00010ABCDF810A00EAECDE9025336AB93E821
:10CCC00003008DE803004946384696E80C00FFF75C
:10CCD0004DFF109B97E8030086E80300002BDCD192
:10CCE000637843F0040376E110AB02260CAFCDE984
:10CCF00006536323CDE9043600230EAE039311AB34
:10CD0000029336AB93E803008DE8030049463846AA
:10CD100096E80C000FF0F5FA109B97E8030086E800
:10CD20000300002BB9D1119B6360238843F4906307
:10CD3000B2E730460CF0E9FBDBF81830C0B21B5C00
:10CD4000180702D530460EF02BF810AB02210CAFBD
:10CD50000EAECDE906531F23CDE904310123039321
:10CD600011AB029336AB93E803008DE8030049460C
:10CD7000384696E80C000FF0C4FA109B97E80300C1
:10CD800086E80300002B88D1119BCAF80C30238859
:10CD900043F4826380E714AEB84A58460CAF33467A
:10CDA000A2F109010EF08EF8CDE9056480E710AB21
:10CDB00002220CAF0EAECDE906531723CDE90432A3
:10CDC0000023039311AB029336AB93E803008DE885
:10CDD00003004946384696E80C000FF092FA109A84
:10CDE00097E8030086E80300002A7FF456AF119B02
:10CDF000CAF80830237862F3000323704DE710ABC4
:10CE00000C270DF130080EAECDE906530223CDE913
:10CE100004730123039311AB029336AB93E8030031
:10CE20008DE803004946404696E80C000FF069FA89
:10CE3000109B98E8030086E80300002B7FF42DAFD9
:10CE4000119B93FBF7F207FB1233CAF808302378E3
:10CE500043F00103D1E710AB4FF003080CAF0EAE67
:10CE6000CDE906534FF4B773CDE90438012303939A
:10CE700011AB029336AB93E803008DE803004946FB
:10CE8000384696E80C000FF03CFA109B97E8030038
:10CE900086E80300002B7FF400AF119B013BCAF82A
:10CEA0001C30237843F00403A7E710AB4FF0020EC9
:10CEB0000CAF0EAECDE906530C23CDE9043E0123A1
:10CEC000039311AB029336AB93E803008DE80300A4
:10CED0004946384696E80C000FF013FA109B97E885
:10CEE000030086E80300002B7FF4D7AE119B013BC3
:10CEF000CAF81030237843F008037EE710AB4FF0F8
:10CF0000020C0CAF0EAECDE906533B23CDE9043C39
:10CF10000023039311AB029336AB93E803008DE833
:10CF200003004946384696E80C000FF0EAF9109BDA
:10CF300097E8030086E80300002B7FF4AEAE119B58
:10CF4000CAF80430A9E636A90EA80CF0FFFA0028AA
:10CF50003FF4A3AE0EA80CF0D8FADBF81830C0B23C
:10CF60001B5C1E077FF599AE0EA80DF019FFEAE7CE
:10CF700014AE089831460EF007F9149B1B78002B6D
:10CF80003FF48BAE159B1B78002B3FF486AE10ABA5
:10CF90000CAFCDE905530223CDE9036311AB0EAE0F
:10CFA000029336AB93E803008DE803004946384608
:10CFB00096E80C000FF0EBF9109B97E8030086E869
:10CFC0000300002B7FF469AE119B002B3FF465AE8C
:10CFD000637843F0010363705FE6089B0CAF06942F
:10CFE0009B689B6A059309E014AE254A3346911F5E
:10CFF0000CAF58460DF066FFCDE9056410ABCDF8D7
:10D0000010A00EAECDE9025336AB93E803008DE8D5
:10D0100003004946384696E80C00FFF7A7FD97E85D
:10D02000030086E8030038E610AB02200CAF0EAE1A
:10D03000CDE906533C23CDE904300023039311AB23
:10D04000029336AB93E803008DE803004946384667
:10D0500096E80C000FF055F9109B97E8030086E85E
:10D060000300002B7FF419AE119BCAF8003014E6C0
:10D0700014AE044A3346A2F10901B9E79036020022
:10D08000963602009F36020010AB02210CAF0EAEA6
:10D09000CDE906533523CDE904310023039311ABC9
:10D0A000029336AB93E803008DE803004946384607
:10D0B00096E80C000FF025F9109B97E8030086E82E
:10D0C0000300002B7FF4E9AD119B22681B0422F4BE
:10D0D0007C1203F47C1322F0200243F0200313435C
:10D0E0002360DAE510AB01220CAF0EAECDE906539A
:10D0F0000623CDE904320023039311AB029336AB30
:10D1000093E803008DE803004946384696E80C0092
:10D110000FF0F7F8109B97E8030086E80300002B58
:10D120007FF4BBAD119BCAF8183082E510AB4FF00D
:10D1300002080CAF0EAECDE906533523CDE9043815
:10D140000023039311AB029336AB93E803008DE801
:10D1500003004946384696E80C000FF0D2F8109BC1
:10D1600097E8030086E80300002B7FF496AD119B3F
:10D1700022681B0422F47C1203F47C1322F0400288
:10D1800043F04003ABE714A908980DF0EBFF0CAF98
:10D19000149B069426E714A908980DF0E9FFF6E71A
:10D1A00010AB4FF0020E0CAF0EAECDE90653632369
:10D1B000CDE9043E0023039311AB029336AB93E811
:10D1C00003008DE803004946384696E80C000FF04E
:10D1D00098F8109B97E8030086E80300002B7FF483
:10D1E0005CAD637836A9304623F0060343F00603AE
:10D1F00063700CF0ABF900283BD030460CF085F999
:10D200002A22C1B258460BF051FDA0F130085FFA56
:10D2100088F3092B2DD830460A270DF0C1FD119B4C
:10D2200036A9304607FB038311930CF08FF9A0B1A8
:10D2300030460CF06AF92A22C1B258460BF036FD8E
:10D24000A0F130085FFA88F3092B06D830460DF0BC
:10D25000A7FD119B07FB03831193119BA3F26C7332
:10D26000119363786FF341036370119BCAF8143014
:10D2700013E5119B442BDCBF64331193F5E710AB2E
:10D280004FF0040C0CAF0EAECDE9065342F20F7313
:10D29000CDE9043C0023039311AB029336AB93E832
:10D2A00003008DE803004946384696E80C000FF06D
:10D2B00028F8109B97E8030086E80300002B7FF412
:10D2C000ECAC119BA3F26C73CAF81430637823F0B2
:10D2D000060306E530460CF018F9DBF81830C0B24A
:10D2E0001B5CDF0740F1828010AB0CAFCDE905532A
:10D2F0000E230493694B039314AB029336AB93E86C
:10D3000003008DE803004946384696E80C000FF00C
:10D310003EF897E8030086E8030036A930460CF093
:10D3200015F900283FF4B9AC109B149A13437FF40D
:10D33000B4AC30460CF0E9F807462D215846FFB250
:10D340000BF0A3FCB84235D11723022110AF002205
:10D350000CAE0DF138080392CDE9043114A9029105
:10D3600036A9CDE9065703C98DE803004946304682
:10D3700098E80C000EF0C5FF3B23002296E803005E
:10D3800088E8030002200392CDE9043014AB029335
:10D3900036ABCDE9065793E803008DE80300494614
:10D3A000304698E80C000EF0ACFF96E8030088E8E1
:10D3B000030072E430460CF0A8F806462B215846CC
:10D3C000F6B20BF062FCB0427FF467ACBCE73046CB
:10D3D0000CF09BF8074625215846FFB20BF055FC90
:10D3E000B84203D130460DF0DBFC56E4109B43F00D
:10D3F0000403109351E43B9B995DDBF818305B5CB0
:10D400001A0714D536A90EA80CF0A0F800283FF48E
:10D4100045AC0EA80CF079F8DBF81830C0B21B5CF4
:10D420001B077FF53BAC0EA80DF0BAFCEAE75846A7
:10D430000BF028FC80460EA80CF067F8C1B25846E5
:10D440000BF020FC804512D0397858460BF017FCC1
:10D4500007460EA80CF059F8C1B258460BF00FFC65
:10D46000874204D0109B43F00403109316E40EA8E7
:10D470000DF096FC12E4B8F1000F7FF4A4AB0A9B08
:10D480009E427FF4A0AB0EAB93E803000B9B83E8B6
:10D49000030018462DB0BDE8F08F00BF100100203A
:10D4A0003B9B42465846995D9F190BF0FFFB252890
:10D4B000A1D1731C711C4246584609933B9B595C91
:10D4C0000BF0F4FB4528CDF8448001D04F2808D15B
:10D4D000B31C00225846099309993B9B595C0BF0F9
:10D4E000E5FB25380EAE542880D801A353F820F070
:10D4F000CFD30000EDD30000EDD30000EDD300004A
:10D50000EDD30000EDD30000EDD30000EDD300001B
:10D51000EDD30000EDD30000EDD30000EDD300000B
:10D52000EDD30000EDD30000EDD30000EDD30000FB
:10D53000EDD30000EDD30000EDD30000EDD30000EB
:10D54000EDD30000EDD30000EDD30000EDD30000DB
:10D55000EDD30000EDD30000EDD30000EDD30000CB
:10D56000D7CB00003BCC0000E9CC000097CD0000F9
:10D57000EDD30000EDD30000EDD30000AFCD0000EF
:10D58000FFCD0000EDD30000EDD30000EDD300008F
:10D59000FDCE0000EDD30000EDD30000EDD3000080
:10D5A000EDD30000E9CF000029D0000071D00000C9
:10D5B00089D00000EDD300002DD1000097D10000EC
:10D5C0007FD20000D5D20000EDD30000EDD30000E3
:10D5D000EDD30000EDD30000EDD30000EDD300004B
:10D5E000D7CB00003BCC0000A1CC000033CD000025
:10D5F00033CD0000EDD30000EDD300003BCC0000A4
:10D60000EDD3000057CE0000EDD30000EDD30000B5
:10D61000ABCE000047CF0000EDD3000071CF00007B
:10D62000EDD30000DBCF0000EDD3000047CF0000BA
:10D63000EDD30000EDD30000E5D0000087D100005D
:10D64000A1D100002DE9F04F89B0029004AF1498E9
:10D65000DDF858B06C3087E80C00FEF743FD00237E
:10D66000044612A938468DF81B300BF05DFF0546C5
:10D6700008B34FF00008237C01254646A14A0792D3
:10D68000002B40F0818094F864A0BAF1000F00F004
:10D69000FD8004F14E030193002D00F0FC80079BF8
:10D6A00053F80C3C002B00F093805FFA88F107A838
:10D6B0000BF00EF8B8E138460BF027FF94F84B104A
:10D6C000C0B2237C81428DF81B002ED193BB94F80D
:10D6D00024308B424FD10026237C4FF0FF39B046D7
:10D6E0009DF81B201BB194F825109142C6D094F8E8
:10D6F00024109142C2D094F84E109142BED11EB96E
:10D70000302158460AF0E4FF049808F101080DF0B2
:10D710001DFB12A93846CDF814900BF017FF0646F2
:10D7200058BB0125237C2E46A8E794F84A20824264
:10D73000D1D11BB194F825308342CCD094F8243059
:10D740008342C8D0814214BF2D212B2158460AF0B4
:10D75000BFFF04980DF0FAFA4FF0FF3312A93846D4
:10D7600005930BF0F3FE002883D038460BF0CDFE76
:10D770008DF81B00AFE72B21E8E738460BF0C5FE1C
:10D78000237C8DF81B00ABE7202107A80AF05AFF85
:10D7900079E7554656469DF81B10A1F13003092B39
:10D7A00003D858460AF094FF59E094F824308B428D
:10D7B0001AD1B9F1000F17D125B92E2158460AF018
:10D7C00087FF4FE0079B53F80C3C002B40F02C8167
:10D7D000029B97E8030083E8030007A80DF069FBAC
:10D7E000029809B0BDE8F08F94F85C308B4204D009
:10D7F00094F862308B4240F00B81002D40F008819C
:10D80000002E00F00581652158460AF061FF04985A
:10D810000DF09CFA4FF0FF3312A9384605930BF038
:10D8200095FE8246002800F0F28038460BF06DFE2F
:10D83000C0B294F84B3083428DF81B0008D094F8A6
:10D840004A308342A5D12D2158460AF041FF01E01C
:10D850002B21F9E7554604980DF078FA06E04FF0D1
:10D86000010AF8E7B2464FF00109F4E74FF0FF3341
:10D8700012A9384605930BF069FE002800F0C88015
:10D8800038460BF042FE8DF81B0083E7002D7FF435
:10D8900006AFA9467FE7A94672E05846FCF7D4F8E0
:10D8A000FDE694F824209A4214D1079B53F80C3CCF
:10D8B000B9F1000F40F0AC80002D40F0A98023B1F9
:10D8C0005FFA88F107A80AF003FF2E2158460AF0F4
:10D8D000FFFE8AE00DF11B020A21019803930AF072
:10D8E00093FD039B80B1019BC01A00F130015846A3
:10D8F000C9B20AF0EDFE08F10108564604980DF091
:10D9000025FA74E0B81B002094F85C209A4203D0FA
:10D9100094F862209A427BD1079B53F80C3C002D6F
:10D9200076D1002E74D03BB1B9F1000F04D15FFA6B
:10D9300088F107A80AF0CCFE652158460AF0C8FE17
:10D9400004980DF003FA4FF0FF3312A904A80593D1
:10D950000BF0FCFD0546002859D004A80BF0D5FDBE
:10D96000C0B294F84B10237C81428DF81B001FD16C
:10D970001BBB94F824308B422FD12B462E461D46DC
:10D98000227C9DF81B30002A8BD094F825209A42E7
:10D9900087D1B9F1000F3BD1002D39D1B8F1000F7B
:10D9A0003FF47BAF5FFA88F107A80AF091FE18E018
:10D9B00094F84A208242E0D11BB194F8253083428A
:10D9C000DBD094F824308342D7D0814214BF2D217C
:10D9D0002B2158460AF07CFE01E02B21F9E72E4668
:10D9E0008CE74FF00009C84688E7D14686E74FF03C
:10D9F000FF3312A904A805930BF0A8FD40B104A8B9
:10DA00000BF083FD2B468DF81B003546B6E73546F7
:10DA1000079B53F80C3C002B3FF4DAAEB9F1000F32
:10DA200002D1002D3FF441AE07AAD4E9020110F063
:10DA30009BFC00287FF4CCAE159B04221A60C7E63D
:10DA400007A80DF036FA0FF08BFE00BF2DE9F0436A
:10DA50008DB005468946202108AC0AAE179F304696
:10DA600084E80C001E4B0A930AF0ECFD169B0DF1A6
:10DA70001808029314ABCDE9037693E803008DE810
:10DA800003004946404694E80C00FFF7DBFD98E8A8
:10DA90000300DDF8288084E80300FAF727FC1899D2
:10DAA0000BAB0B903A46404602F0C2FD14A920464B
:10DAB0000BF03AFD18B13B6843F002033B6094E879
:10DAC000030085E8030030460DF0F3F928460DB059
:10DAD000BDE8F08330460DF0ECF90FF041FE00BFD9
:10DAE000B81B00202DE9F0438DB005468946202162
:10DAF00008AC0AAE179F304684E80C001E4B0A9310
:10DB00000AF0A0FD169B0DF11808029314ABCDE9A5
:10DB1000037693E803008DE803004946404694E805
:10DB20000C00FFF78FFD98E80300DDF8288084E8FB
:10DB30000300FAF7DBFB18990BAB0B903A46404613
:10DB400002F0B0FD14A920460BF0EEFC18B13B68C2
:10DB500043F002033B6094E8030085E8030030468D
:10DB60000DF0A7F928460DB0BDE8F08330460DF062
:10DB7000A0F90FF0F5FD00BFB81B00202DE9F04320
:10DB80008DB005468946202108AC0AAE179F304665
:10DB900084E80C001E4B0A930AF054FD169B0DF10D
:10DBA0001808029314ABCDE9037693E803008DE8DF
:10DBB00003004946404694E80C00FFF743FD98E80F
:10DBC0000300DDF8288084E80300FAF78FFB18993A
:10DBD0000BAB0B903A46404602F0AAFD14A9204632
:10DBE0000BF0A2FC18B13B6843F002033B6094E8E1
:10DBF000030085E8030030460DF05BF928460DB0C0
:10DC0000BDE8F08330460DF054F90FF0A9FD00BFD8
:10DC1000B81B00202DE9F04F8DB0189C08AD07907F
:10DC200004F16C0085E80C00FEF75CFAE468002360
:10DC3000064604F04A048DF82B30402C59D0082CAD
:10DC40000CBF4FF0100A4FF00A0A16A928460BF035
:10DC50006BFC8146002840F0918028460BF055FC73
:10DC600096F84A20C0B2337C82428DF82B0003D054
:10DC700096F84B10814256D1111A4A424A410292FB
:10DC8000002B39D096F82530834235D1337C0027DC
:10DC90004FF0FF3BB8469DF82B201BB196F825307E
:10DCA00093426FD096F8243093426BD096F84E3062
:10DCB000934243D1002F39D0BAF10A0F40D1002C42
:10DCC0004ED008F1010808980DF040F816A9284632
:10DCD000CDF824B00BF03AFC002800F08D802846E7
:10DCE0000BF013FC8DF82B00002F00F08880337CA4
:10DCF000D1E74FF0080AA8E796F824308342C5D050
:10DD000008980DF023F84FF0FF3316A92846099321
:10DD10000BF01CFC0746002868D028460BF0F5FBEA
:10DD20008DF82B00B2E7CDF80890B0E7E4B1BAF176
:10DD3000080F1CD008F101080127C4E7002F5ED0AE
:10DD400096F84C30934203D096F84D30934251D11F
:10DD50007CB1BAF1100F54D14FF000084746B2E73A
:10DD6000A0464FF0080AAEE7A0460127F9E7B846FB
:10DD7000E2E7A04627464FF0100AA4E700239846A2
:10DD80001F460293BAF1100F14BF53461623049393
:10DD9000824B0B93337C002B37D1029B03F1004362
:10DDA000013B0193B3FBFAF3059396F864300393B8
:10DDB000002B5AD006F14E030693B9F1000F40F044
:10DDC0009180CB464D46347C9DF82B30002C52D0B0
:10DDD00096F825209A424ED1B8F1000F00F08880C5
:10DDE0005FFA88F10BA80AF073FC66E04FF00109B6
:10DDF0008046C7E70127C5E74FF00109C2E7B946EA
:10DE0000C0E70127CDF810A0C2E720210BA80AF037
:10DE100019FCC2E74FF0010B23E04FF0FF3316A9C6
:10DE200008A809930BF092FB044600285ED008A8CE
:10DE30000BF06BFB8DF82B009DF82B1004980CF069
:10DE40008FFF431C50D0059BAB42E3D3019B05FBE6
:10DE50000AF508F101081B1AAB4238BF4BF0010B61
:10DE6000054408980CF072FFD7E7B9F1000F49D1CB
:10DE7000CB464D46E0E796F824209A4234D00DF187
:10DE80002B02049906980AF0BFFA68B3069BC01AE1
:10DE9000059B0F28C8BF0638AB4211D3019B05FB79
:10DEA0000AF508F101081B1AAB4238BF4BF0010B11
:10DEB000054408980CF04AFF05E04FF00008F8E729
:10DEC000DDF80CB0F5E74FF0FF3316A908A8099369
:10DED0000BF03CFB0446D0B108A80BF016FB8DF804
:10DEE0002B0070E70025AB46002401E04FF001094C
:10DEF0000B9B53F80C3CB3B15FFA88F10BA80AF006
:10DF0000E7FB07E0DDF80CB05C465D46F0E7DDF8C6
:10DF10000C90EDE70BAAD6E9020110F025FA10B932
:10DF20000423199A1360B8F1000F04D11FB90B9B99
:10DF300053F80C3C4BB144B9BBF1000F20D1029B0C
:10DF400003B16D421A9B1D6005E000231A9A13600D
:10DF50000423199A1360B9F1000F05D0199B199A7F
:10DF60001B6843F002031360079BDDE9080183E8A7
:10DF700003000BA80CF09DFF07980DB0BDE8F08FD3
:10DF8000029B002B0CBF6FF000434FF00043DDE716
:10DF90000BA80CF08EFF0FF0E3FB00BFB81B0020B6
:10DFA0002DE9F04F8BB0169C06AD059004F16C0086
:10DFB00085E80C00FEF796F8E4680023064604F0B6
:10DFC0004A048DF82330402C59D0082C0CBF4FF058
:10DFD000100A4FF00A0A14A928460BF0A5FA814648
:10DFE000002840F0918028460BF08FFA96F84A20DE
:10DFF000C0B2337C82428DF8230003D096F84B10D8
:10E00000814256D1111A4A424A410192002B39D01D
:10E0100096F82530834235D1337C00274FF0FF3B03
:10E02000B8469DF823201BB196F8253093426FD057
:10E0300096F8243093426BD096F84E30934243D1F9
:10E04000002F39D0BAF10A0F40D1002C4ED008F180
:10E05000010806980CF07AFE14A92846CDF81CB0E9
:10E060000BF074FA002800F0898028460BF04DFA76
:10E070008DF82300002F00F08480337CD1E74FF02F
:10E08000080AA8E796F824308342C5D006980CF019
:10E090005DFE4FF0FF3314A9284607930BF056FAA4
:10E0A0000746002864D028460BF02FFA8DF823008D
:10E0B000B2E7CDF80490B0E7E4B1BAF1080F1CD094
:10E0C00008F101080127C4E7002F5AD096F84C3018
:10E0D000934203D096F84D3093424DD17CB1BAF1C2
:10E0E000100F50D14FF000084746B2E7A0464FF05E
:10E0F000080AAEE7A0460127F9E7B846E2E7A046DE
:10E1000027464FF0100AA4E7002398461F460193C4
:10E11000BAF1100F14BF534616230293814B099393
:10E12000337CA3BB4FF6FF73B3FBFAF3039396F86C
:10E1300064300093002B5DD006F14E030493B9F1D7
:10E14000000F40F09780CB464C46357C9DF823303D
:10E15000002D55D096F825209A4251D1B8F1000FE4
:10E1600000F08E805FFA88F109A80AF0B1FA6CE03D
:10E170004FF001098046CBE70127C9E74FF00109BD
:10E18000C6E7B946C4E70127CDF808A0C6E72021B5
:10E1900009A80AF057FAC5E74FF0010B26E04FF047
:10E1A000FF3314A906A807930BF0D0F90546002801
:10E1B00064D006A80BF0A9F98DF823009DF8231070
:10E1C00002980CF0CDFD431C56D0039BA342E3D331
:10E1D0000AFB04F4C0F57F4308F10108A4B2FF3341
:10E1E0009C42C8BF4BF0010B0444A4B206980CF04B
:10E1F000ADFDD4E7B9F1000F4CD1CB464C46DDE77D
:10E2000096F824209A4237D00DF1230202990498FF
:10E210000AF0FAF880B3049BC01A039B0F28C8BF0A
:10E220000638A34214D30AFB04F4C0F57F4308F177
:10E230000108A4B2FF339C42C8BF4BF0010B044459
:10E24000A4B206980CF082FD05E04FF00008F8E754
:10E25000DDF800B0F5E74FF0FF3314A906A80793E7
:10E260000BF074F90546D0B106A80BF04EF98DF805
:10E2700023006AE70024A346002501E04FF00109CE
:10E28000099B53F80C3CB3B15FFA88F109A80AF076
:10E290001FFA07E0DDF800B05D465C46F0E7DDF808
:10E2A0000090EDE709AAD6E9020110F05DF810B977
:10E2B0000423179A1360B8F1000F04D11FB9099B0A
:10E2C00053F80C3C53B14DB9BBF1000F21D1019B68
:10E2D0000BB16442A4B2189B1C8005E00023189A7D
:10E2E00013800423179A1360B9F1000F05D0179B10
:10E2F000179A1B6843F002031360059BDDE90601D2
:10E3000083E8030009A80CF0D4FD05980BB0BDE824
:10E31000F08F4FF6FF73E2E709A80CF0CAFD0FF08B
:10E320001FFA00BFB81B00202DE9F04F8BB0169CE0
:10E330000DF11808059004F16C0088E80C00FDF759
:10E34000D1FEE4680023054604F04A048DF823302A
:10E35000402C57D0082C0CBF4FF0100A4FF00A0A7F
:10E3600014A940460BF0E0F88146002840F08D806B
:10E3700040460BF0CAF895F84A20C0B22B7C824286
:10E380008DF8230003D095F84B10814254D1111A17
:10E390004A424A410192002B37D095F825308342FA
:10E3A00033D12B7C00264FF0FF3B37469DF82320CE
:10E3B0001BB195F8253093426BD095F824309342E9
:10E3C00067D095F84E30934240D1002E37D0BAF145
:10E3D0000A0F3DD1002C4AD0013706980CF0B6FC4C
:10E3E00014A94046CDF81CB00BF0B0F8002800F09E
:10E3F000848040460BF089F88DF82300002E7FD0F2
:10E400002B7CD3E74FF0080AAAE795F82430834223
:10E41000C7D006980CF09AFC4FF0FF3314A9404681
:10E4200007930BF093F80646002860D040460BF0A7
:10E430006CF88DF82300B4E7CDF80490B2E7D4B1BE
:10E44000BAF1080F1AD001370126C6E7002E57D0BF
:10E4500095F84C30934203D095F84D3093424AD111
:10E4600074B1BAF1100F4DD100273E46B5E72746EB
:10E470004FF0080AB1E727460126F9E73746E3E7F8
:10E48000274626464FF0100AA7E700231F461E46E0
:10E490000193BAF1100F14BF5346162302937A4B1F
:10E4A00009932B7C93BB4FF0FF33B3FBFAF3039339
:10E4B00095F864300093002B56D005F14E03049379
:10E4C000B9F1000F40F08A80CB46C8462C7C9DF8FD
:10E4D0002330002C4ED095F825209A424AD1002FA7
:10E4E00000F08380F9B209A80AF0F2F862E04FF078
:10E4F00001090746CDE70126CBE74FF00109C8E740
:10E50000B146C6E70126CDF808A0C8E7202109A832
:10E510000AF098F8C7E74FF0010B21E04FF0FF3306
:10E5200014A906A807930BF011F8044600285AD046
:10E5300006A80AF0EAFF8DF823009DF82310029840
:10E540000CF00EFC431C4CD0039B4345E3D308FB6B
:10E550000AF8013710EB080028BF4BF0010B80468A
:10E5600006980CF0F3FBD9E7B9F1000F46D1CB4682
:10E57000C846E2E795F824209A4232D00DF12302F2
:10E580000299049809F040FF58B3049BC01A039BFA
:10E590000F28C8BF063843450ED308FB0AF80137D9
:10E5A00010EB080028BF4BF0010B804606980CF0DA
:10E5B000CDFB04E00027F9E7DDF800B0F6E74FF007
:10E5C000FF3314A906A807930AF0C0FF0446D0B190
:10E5D00006A80AF09AFF8DF8230077E74FF00008AD
:10E5E000C346002401E04FF00109099B53F80C3C9D
:10E5F000ABB1F9B209A80AF06BF807E0DDF800B09A
:10E600005C46D846F1E7DDF80090EEE709AAD5E9C7
:10E6100002010FF0A9FE10B90423179A136027B95D
:10E620001EB9099B53F80C3C5BB154B9BBF1000F08
:10E6300022D1019B0BB1C8F10008189BC3F80080E0
:10E6400005E00023189A13600423179A1360B9F1A8
:10E65000000F05D0179B179A1B6843F00203136045
:10E66000059BDDE9060183E8030009A80CF021FC05
:10E6700005980BB0BDE8F08F4FF0FF33E2E709A833
:10E680000CF017FC0FF06CF8B81B00202DE9F04FD0
:10E690008BB0169C0DF11808059004F16C0088E809
:10E6A0000C00FDF71FFDE4680023054604F04A0452
:10E6B0008DF82330402C57D0082C0CBF4FF0100A97
:10E6C0004FF00A0A14A940460AF02EFF814600289E
:10E6D00040F08D8040460AF018FF95F84A20C0B2FD
:10E6E0002B7C82428DF8230003D095F84B10814299
:10E6F00054D1111A4A424A410192002B37D095F861
:10E700002530834233D12B7C00264FF0FF3B374628
:10E710009DF823201BB195F8253093426BD095F8D6
:10E720002430934267D095F84E30934240D1002E6A
:10E7300037D0BAF10A0F3DD1002C4AD001370698E4
:10E740000CF004FB14A94046CDF81CB00AF0FEFE04
:10E75000002800F0848040460AF0D7FE8DF82300A0
:10E76000002E7FD02B7CD3E74FF0080AAAE795F85C
:10E7700024308342C7D006980CF0E8FA4FF0FF33FC
:10E7800014A9404607930AF0E1FE0646002860D02F
:10E7900040460AF0BAFE8DF82300B4E7CDF80490A5
:10E7A000B2E7D4B1BAF1080F1AD001370126C6E793
:10E7B000002E57D095F84C30934203D095F84D3049
:10E7C00093424AD174B1BAF1100F4DD100273E46A1
:10E7D000B5E727464FF0080AB1E727460126F9E7D3
:10E7E0003746E3E7274626464FF0100AA7E70023FF
:10E7F0001F461E460193BAF1100F14BF534616234D
:10E8000002937A4B09932B7C93BB4FF0FF33B3FBFE
:10E81000FAF3039395F864300093002B56D005F17A
:10E820004E030493B9F1000F40F08A80CB46C846EE
:10E830002C7C9DF82330002C4ED095F825209A4250
:10E840004AD1002F00F08380F9B209A809F040FFF7
:10E8500062E04FF001090746CDE70126CBE74FF014
:10E860000109C8E7B146C6E70126CDF808A0C8E708
:10E87000202109A809F0E6FEC7E74FF0010B21E0CF
:10E880004FF0FF3314A906A807930AF05FFE044671
:10E8900000285AD006A80AF038FE8DF823009DF80B
:10E8A000231002980CF05CFA431C4CD0039B4345A8
:10E8B000E3D308FB0AF8013710EB080028BF4BF040
:10E8C000010B804606980CF041FAD9E7B9F1000F28
:10E8D00046D1CB46C846E2E795F824209A4232D08A
:10E8E0000DF123020299049809F08EFD58B3049BA0
:10E8F000C01A039B0F28C8BF063843450ED308FB38
:10E900000AF8013710EB080028BF4BF0010B8046D6
:10E9100006980CF01BFA04E00027F9E7DDF800B0D8
:10E92000F6E74FF0FF3314A906A807930AF00EFE8E
:10E930000446D0B106A80AF0E8FD8DF8230077E779
:10E940004FF00008C346002401E04FF00109099B85
:10E9500053F80C3CABB1F9B209A809F0B9FE07E0D5
:10E96000DDF800B05C46D846F1E7DDF80090EEE750
:10E9700009AAD5E902010FF0F7FC10B90423179A90
:10E98000136027B91EB9099B53F80C3C5BB154B90D
:10E99000BBF1000F22D1019B0BB1C8F10008189BFD
:10E9A000C3F8008005E00023189A13600423179A27
:10E9B0001360B9F1000F05D0179B179A1B6843F03D
:10E9C00002031360059BDDE9060183E8030009A843
:10E9D0000CF06FFA05980BB0BDE8F08F4FF0FF33E5
:10E9E000E2E709A80CF065FA0EF0BAFEB81B0020A9
:10E9F0002DE9F04F8FB01A9C0AAD079004F16C001E
:10EA000085E80C00FDF76EFBE4680023064604F081
:10EA10004A048DF83330402C59D0082C0CBF4FF0ED
:10EA2000100A4FF00A0A18A928460AF07DFD81460F
:10EA3000002840F0918028460AF067FD96F84A20A9
:10EA4000C0B2337C82428DF8330003D096F84B106D
:10EA5000814256D1111A4A424A410192002B39D0C3
:10EA600096F82530834235D1337C00274FF0FF3BA9
:10EA7000B8469DF833201BB196F8253093426FD0ED
:10EA800096F8243093426BD096F84E30934243D19F
:10EA9000002F39D0BAF10A0F40D1002C4ED008F126
:10EAA00001080A980CF052F918A92846CDF82CB0A4
:10EAB0000AF04CFD002800F0988028460AF025FD59
:10EAC0008DF83300002F00F09380337CD1E74FF0B6
:10EAD000080AA8E796F824308342C5D00A980CF0BB
:10EAE00035F94FF0FF3318A928460B930AF02EFD95
:10EAF0000746002873D028460AF007FD8DF833003A
:10EB0000B2E7CDF80490B0E7E4B1BAF1080F1CD039
:10EB100008F101080127C4E7002F69D096F84C30AE
:10EB2000934203D096F84D3093425CD17CB1BAF158
:10EB3000100F5FD14FF000084746B2E7A0464FF0F4
:10EB4000080AAEE7A0460127F9E7B846E2E7A04683
:10EB500027464FF0100AA4E7002398461F4601936A
:10EB6000BAF1100F14BF5346162304939C4B0D9318
:10EB7000337C002B42D1019B5246013B0593019B04
:10EB8000059803F10043013B02934FEAEA730299AF
:10EB9000F1F7DEFB96F86430CDE908010393002B12
:10EBA00068D006F14E030693B9F1000F40F0AE8035
:10EBB000CB464D46CDF80090347C9DF83330002C88
:10EBC00060D096F825209A425CD1B8F1000F00F091
:10EBD000A4805FFA88F10DA809F07AFD81E04FF07A
:10EBE00001098046BCE70127BAE74FF00109B7E702
:10EBF000B946B5E70127CDF810A0B7E720210DA849
:10EC000009F020FDB7E74FF0010B2FE04FF0FF3385
:10EC100018A90AA80B930AF099FC044600287AD098
:10EC20000AA80AF072FC8DF833009DF8331004989E
:10EC30000CF096F8431C6CD0089B009AAB42099BE1
:10EC40009341E0D3AAFB055308F101080AFB023304
:10EC5000059A111A029A62EBE072A9429A4138BFF2
:10EC60004BF0010B451943EBE07300930A980CF04D
:10EC70006DF8CBE7B9F1000F59D1CB464D46CDF831
:10EC80000090D2E796F824209A4242D00DF1330248
:10EC90000499069809F0B8FB00283AD0069B009A20
:10ECA000C01A089B0F28C8BF0638AB42099B934186
:10ECB0001AD3AAFB055308F101080AFB0233059A8F
:10ECC000111A029A62EBE072A9429A4138BF4BF0E6
:10ECD000010B451943EBE07300930A980CF036F8EA
:10ECE00005E04FF00008F8E7DDF80CB0F5E74FF06D
:10ECF000FF3318A90AA80B930AF028FC0446E8B1D0
:10ED00000AA80AF002FC8DF8330055E70025AB464F
:10ED10000095002401E04FF001090D9B53F80C3CD5
:10ED2000C3B15FFA88F10DA809F0D2FC09E0DDF863
:10ED30000CB05C465D46CDF800B0EEE7DDF80C9017
:10ED4000EBE70DAAD6E902010FF00EFB10B9042380
:10ED50001B9A1360B8F1000F04D11FB90D9B53F833
:10ED60000C3C7BB174B9BBF1000F28D1019B23B1DE
:10ED7000009B6D4263EB430300931C9B009A1D6054
:10ED80005A6007E0002200231C99C1E900230423F4
:10ED90001B9A1360B9F1000F05D01B9B1B9A1B68CF
:10EDA00043F002031360079BDDE90A0183E80300D7
:10EDB0000DA80CF07EF807980FB0BDE8F08F019B0E
:10EDC0001BB100224FF00043DEE74FF0FF326FF03F
:10EDD0000043D9E70DA80CF06CF80EF0C1FC00BFA1
:10EDE000B81B00202DE9F04F8DB0189C08AD0590A0
:10EDF00004F16C0085E80C00FDF774F9E468002369
:10EE0000064604F04A048DF82B30402C59D0082CCB
:10EE10000CBF4FF0100B4FF00A0B16A928460AF052
:10EE200083FB8246002840F0918028460AF06DFB63
:10EE300096F84A20C0B2337C82428DF82B0003D072
:10EE400096F84B10814256D1111A4A424A41029219
:10EE5000002B39D096F82530834235D1337C0027FA
:10EE60004FF0FF39B8469DF82B201BB196F825309E
:10EE700093426FD096F8243093426BD096F84E3080
:10EE8000934243D1002F39D0BBF10A0F40D1002C5F
:10EE90004ED008F1010808980BF058FF16A9284633
:10EEA000CDF824900AF052FB002800F0928028460A
:10EEB0000AF02BFB8DF82B00002F00F08D80337CA7
:10EEC000D1E74FF0080BA8E796F824308342C5D06D
:10EED00008980BF03BFF4FF0FF3316A92846099323
:10EEE0000AF034FB074600286DD028460AF00DFBD7
:10EEF0008DF82B00B2E7CDF808A0B0E7E4B1BBF184
:10EF0000080F1CD008F101080127C4E7002F63D0C7
:10EF100096F84C30934203D096F84D30934256D138
:10EF20007CB1BBF1100F59D14FF000084746B2E752
:10EF3000A0464FF0080BAEE7A0460127F9E7B84618
:10EF4000E2E7A04627464FF0100BA4E700239846BF
:10EF50001F460293BBF1100F14BF5B4616230393A9
:10EF6000944B0B93337C002B3CD14FEAEB735A4606
:10EF70004FF0FF304FF0FF31F1F7EAF996F86430C7
:10EF8000CDE906010193002B69D006F14E030493ED
:10EF9000BAF1000F40F0B0805546D146CDF800A040
:10EFA000347C9DF82B30002C61D096F825209A42B5
:10EFB0005DD1B8F1000F00F0A6805FFA88F10BA8D0
:10EFC00009F086FB83E04FF0010A8046C2E7012783
:10EFD000C0E74FF0010ABDE7BA46BBE70127CDF80D
:10EFE0000CB0BDE720210BA809F02CFBBDE70123E5
:10EFF000009330E04FF0FF3316A908A809930AF0F8
:10F00000A5FA044600287CD008A80AF07EFA8DF8FC
:10F010002B009DF82B1003980BF0A2FE431C6ED022
:10F02000069BAB42079B73EB0903E0D3ABFB055395
:10F03000002208F101080BFB093341194FEAE0797E
:10F0400059EB0301009928BF0122451941EA020149
:10F0500049EB0309009108980BF078FECAE7BAF172
:10F06000000F5AD15546D146CDF800A0D1E796F809
:10F0700024209A4243D00DF12B02DDE9031009F060
:10F08000C3F900283BD0049BC01A069B0F28C8BFB9
:10F090000638AB42079B73EB09031BD3ABFB05534D
:10F0A000002208F101080BFB093341194FEAE0790E
:10F0B00059EB0301009928BF0122451941EA0201D9
:10F0C00049EB0309009108980BF040FE05E04FF072
:10F0D0000008F8E7019B0093F5E74FF0FF3316A90E
:10F0E00008A809930AF032FA0446E0B108A80AF029
:10F0F0000CFA8DF82B0053E70025A9460095002453
:10F1000001E04FF0010A0B9B53F80C3CBBB15FFAD6
:10F1100088F10BA809F0DCFA08E0019B1C461D46AB
:10F1200099460093EFE7DDF804A0ECE70BAAD6E9D7
:10F1300002010FF019F910B90423199A1360B8F1FC
:10F14000000F04D11FB90B9B53F80C3C5BB154B9B1
:10F15000009B2BBB029B13B16D4269EB49091A9BC3
:10F16000C3E9005907E0002200231A99C1E90023EE
:10F170000423199A1360BAF1000F05D0199B199A4C
:10F180001B6843F002031360059BDDE9080183E877
:10F1900003000BA80BF08DFE05980DB0BDE8F08FB5
:10F1A0004FF0FF324FF0FF33DFE70BA80BF081FE8B
:10F1B0000EF0D6FAB81B00202DE9F04F8FB008A949
:10F1C000059081E80C00DDE91A3903F16C04204652
:10F1D000FCF792FE04902046FDF794F900F1380305
:10F1E00005460693036A1BB1836A003B18BF0123DF
:10F1F000984C01932B7C0B942BB920210CA80C94D8
:10F2000009F020FA04E020210BA809F01BFAF4E72A
:10F21000002605F13903B046079337466B6B03961A
:10F220000D93009602960DAB9B5D042B41D8DFE851
:10F2300013F00E01F4000C0071000500DFF818A2B5
:10F2400018A908A80AF082F9E2E01A9BDB68980581
:10F250001FD4009B012B1CD8DEB1012E0BD1019BCA
:10F26000BBB99DF83430032B13D09DF83630012BF9
:10F270000FD00226D7E7022E40F012819DF83730DA
:10F28000042B06D0019A002A00F00581032B40F0E0
:10F290000481D5F818B04FF0000A18A908A80AF0A0
:10F2A00055F902E00AF1010AF7E7044618B9DA4510
:10F2B00010D1012418E0DA4516D008A80AF025F983
:10F2C0006B69C0B213F80A30834203D108A80BF06F
:10F2D00067FDE7E7BAF1000F40F0D9801A9BDC68C0
:10F2E00084F40074C4F340240136042E40F0B88046
:10F2F000009B012B40F20581002C00F0B480029BA2
:10F30000002B00F0CF806E6A012418A908A80AF02B
:10F310001DF9CBE02B6A33B9AB6ACBB118A908A8A9
:10F320000AF014F91AE018A908A80AF00FF904461F
:10F330000028F1D008A80AF0E8F8EB69C0B21B7801
:10F340008342E9D12B6A08A800930BF029FDCBE793
:10F350002B6AA3B9019B83F00104C5E7044600288A
:10F36000F6D008A80AF0D1F86B6AC0B21B788342C5
:10F37000EED1AB6A08A800930BF012FD89E0AB6AEE
:10F38000002BE7D101231C460293ADE708A80AF041
:10F39000BCF85FFA80FB0DF12B020A2107988DF86B
:10F3A0002BB009F031F860B1069BC01ADAF80030D2
:10F3B000195C0CA809F08CF9013708A80BF0F0FCD7
:10F3C0003EE76B7C5B4509D1B8F1000F1CD1EB6ABD
:10F3D000002B12DDA04603970027EEE72B7C63B1DC
:10F3E000AA7C5A4508D1B8F1000F0DD177B1F9B216
:10F3F0000BA809F06DF9EFE71C460C9B53F80C3C89
:10F40000002B08BF00246FE74446F6E73C46F4E7CC
:10F4100004460028BAD10124EFE718A908A80AF089
:10F4200095F840B90024032E3FF462AF18A908A84C
:10F430000AF08CF812E008A80AF067F8049BC0B242
:10F440009B691B5C1907EDD508A80BF0A9FC0124EA
:10F45000E9E700BFB81B00200C01002050B90136BD
:10F46000002C7FF4E0AED9F8003043F00403C9F873
:10F4700000305DE008A80AF048F8049BC0B29B6920
:10F480001B5C1A07EBD508A80BF08AFCCEE700241A
:10F490002AE7029428E70326C5E6019C0326DFE756
:10F4A000012425E7EE692FE701342EE7009BD8B948
:10F4B000A342D8D10C9B53F80C3C012B24D930210A
:10F4C00000220DEB010009F003F80246E0B1431CF5
:10F4D0004FF000010CA802BF0C9B53F80C2C02F15A
:10F4E000FF32FCF79BFB0FE0A342E3D008A80AF031
:10F4F0000CF8335DC0B28342B5D108A80BF050FCC4
:10F50000D2E7002CAFD0D5E7029B1BB10CA809F0C5
:10F510004EF813E00B9B53F80C3CE3B9B8F1000F25
:10F5200002D0EB6ABB429ED10CA91C9808F0BBFF2D
:10F5300008AC18A9204609F0F7FF25E00C9B1B78C2
:10F54000302BE7D00CA809F03BF801462D220CA87F
:10F5500009F03CF8DEE7B8F1000F05D09DF80C107B
:10F560000BA809F0B5F801E0F9B2F9E70BAAD5E963
:10F5700002010EF0F9FE0028D0D1D9F8003043F096
:10F580000403C9F80030C9E728B1D9F8003043F0C6
:10F590000203C9F80030059B94E8030083E80300E8
:10F5A0000CA80BF086FC0BA80BF083FC05980FB0A1
:10F5B000BDE8F08F0CA80BF07CFC0BA80BF079FCDD
:10F5C0000EF0CEF8F9E700BF2DE9F04F8FB008A993
:10F5D000059081E80C00DDE91A3903F16C0420463E
:10F5E000FCF78AFC04902046FCF7C0FE00F13803CB
:10F5F00005460693036A1BB1836A003B18BF0123CB
:10F60000984C01932B7C0B942BB920210CA80C94C3
:10F6100009F018F804E020210BA809F013F8F4E72A
:10F62000002605F13903B046079337466B6B039606
:10F630000D93009602960DAB9B5D042B41D8DFE83D
:10F6400013F00E01F4000C0071000500DFF818A2A1
:10F6500018A908A809F07AFFE2E01A9BDB68980570
:10F660001FD4009B012B1CD8DEB1012E0BD1019BB6
:10F67000BBB99DF83430032B13D09DF83630012BE5
:10F680000FD00226D7E7022E40F012819DF83730C6
:10F69000042B06D0019A002A00F00581032B40F0CC
:10F6A0000481D5F818B04FF0000A18A908A809F08D
:10F6B0004DFF02E00AF1010AF7E7044618B9DA45FE
:10F6C00010D1012418E0DA4516D008A809F01DFF72
:10F6D0006B69C0B213F80A30834203D108A80BF05B
:10F6E0005FFBE7E7BAF1000F40F0D9801A9BDC68B6
:10F6F00084F40074C4F340240136042E40F0B88032
:10F70000009B012B40F20581002C00F0B480029B8D
:10F71000002B00F0CF806E6A012418A908A809F018
:10F7200015FFCBE02B6A33B9AB6ACBB118A908A897
:10F7300009F00CFF1AE018A908A809F007FF044611
:10F740000028F1D008A809F0E0FEEB69C0B21B78F0
:10F750008342E9D12B6A08A800930BF021FBCBE789
:10F760002B6AA3B9019B83F00104C5E70446002876
:10F77000F6D008A809F0C9FE6B6AC0B21B788342B4
:10F78000EED1AB6A08A800930BF00AFB89E0AB6AE4
:10F79000002BE7D101231C460293ADE708A809F02E
:10F7A000B4FE5FFA80FB0DF12B020A2107988DF859
:10F7B0002BB008F029FE60B1069BC01ADAF80030C1
:10F7C000195C0CA808F084FF013708A80BF0E8FAD0
:10F7D0003EE76B7C5B4509D1B8F1000F1CD1EB6AA9
:10F7E000002B12DDA04603970027EEE72B7C63B1C8
:10F7F000AA7C5A4508D1B8F1000F0DD177B1F9B202
:10F800000BA808F065FFEFE71C460C9B53F80C3C77
:10F81000002B08BF00246FE74446F6E73C46F4E7B8
:10F8200004460028BAD10124EFE718A908A809F076
:10F830008DFE40B90024032E3FF462AF18A908A83A
:10F8400009F084FE12E008A809F05FFE049BC0B234
:10F850009B691B5C1907EDD508A80BF0A1FA0124E0
:10F86000E9E700BFB81B00200C01002050B90136A9
:10F87000002C7FF4E0AED9F8003043F00403C9F85F
:10F8800000305DE008A809F040FE049BC0B29B690F
:10F890001B5C1A07EBD508A80BF082FACEE7002410
:10F8A0002AE7029428E70326C5E6019C0326DFE742
:10F8B000012425E7EE692FE701342EE7009BD8B934
:10F8C000A342D8D10C9B53F80C3C012B24D93021F6
:10F8D00000220DEB010008F0FBFD0246E0B1431CE5
:10F8E0004FF000010CA802BF0C9B53F80C2C02F146
:10F8F000FF32FCF793F90FE0A342E3D008A809F028
:10F9000004FE335DC0B28342B5D108A80BF048FABB
:10F91000D2E7002CAFD0D5E7029B1BB10CA808F0B2
:10F9200046FE13E00B9B53F80C3CE3B9B8F1000F13
:10F9300002D0EB6ABB429ED10CA91C9808F0B3FD23
:10F9400008AC18A9204609F0EFFD25E00C9B1B78B8
:10F95000302BE7D00CA808F033FE01462D220CA86E
:10F9600008F034FEDEE7B8F1000F05D09DF80C106A
:10F970000BA808F0ADFE01E0F9B2F9E70BAAD5E952
:10F9800002010EF0F1FC0028D0D1D9F8003043F08C
:10F990000403C9F80030C9E728B1D9F8003043F0B2
:10F9A0000203C9F80030059B94E8030083E80300D4
:10F9B0000CA80BF07EFA0BA80BF07BFA05980FB0A1
:10F9C000BDE8F08F0CA80BF074FA0BA80BF071FADD
:10F9D0000DF0C6FEF9E700BF2DE9F0418CB00F46EF
:10F9E0002449064608AC06AD0A9184E80C009DF84F
:10F9F0005020DDE91538B2B102930AAA12ABCDE965
:10FA0000038293E803008DE803003946284694E812
:10FA10000C00FFF7D1FB95E803000A9D84E8030082
:10FA2000F8F764FC14E002930AAA12ABCDE9038252
:10FA300093E803008DE803003946284694E80C005B
:10FA4000FFF7C2FDE7E70AA80BF033FA0DF088FED6
:10FA50000BAB424617990B90284600F069FE94E8DC
:10FA6000030086E803000AA80BF023FA30460CB026
:10FA7000BDE8F081B81B00202DE9F04F8DB006469F
:10FA80000F46DDF864A008AC9DF860B006AD0AF141
:10FA90006C00DDF86C9084E80C00FCF72DFA0BABE1
:10FAA000204A804604931A9B0B92CDE902A316AB21
:10FAB00093E803008DE803003946284694E80C00DB
:10FAC000BBF1000F14D0FFF777FB0B9B95E8030009
:10FAD00053F80C5C84E803006DB994E8030086E8F1
:10FAE00003000BA80BF0E5F930460DB0BDE8F08F30
:10FAF000FFF76AFDE9E72946484608F0E4FD0B9F59
:10FB000048463D4408F053FDD9F800302A463946AE
:10FB100040460BF0D7F9E0E70BA80BF0CAF90DF05F
:10FB20001FFE00BFB81B0020244B1A68D0075CBF23
:10FB300001221A60224B1A68D1075CBF01221A60A9
:10FB4000204B1A68D2075CBF01221A601E4B1A684C
:10FB5000D0075CBF01221A601C4B1A68D1075CBF3A
:10FB600001221A601A4B1A68D2075CBF01221A6080
:10FB7000184B1A68D0075CBF01221A60164B1A682E
:10FB8000D1075CBF01221A60144B1A68D2075CBF10
:10FB900001221A60124B1A68D0075CBF01221A605A
:10FBA000104B1A68D1075CBF01221A600E4B1A680D
:10FBB000D2075CBF01221A60704700BF301C0020D2
:10FBC0002C1C0020281C0020241C0020201C0020AD
:10FBD0001C1C0020181C0020141C0020101C0020DD
:10FBE0000C1C0020081C0020041C0020054B10B534
:10FBF00003600446044B40F8043FFBF733FF204604
:10FC000010BD00BF082C02005C280200D0F800C024
:10FC1000ACF10C0CDCF800C06044E7E7044B10B515
:10FC2000044640F81C3BF8F76FFB204610BD00BFB0
:10FC3000342C020008B50B68B3F1804F02D30D4895
:10FC4000FBF78CFE93420BD9B3EB420F4FEA420015
:10FC500006D2B0F1804F2ABF6FF0404308600B60BE
:10FC60000868013001D5FBF741FEBDE8084000F00F
:10FC70008FBC00BFE73C020008B5034608461146AA
:10FC80005B68984203D9024601480AF0F0FE08BDBD
:10FC90004B3502002DE9F34116461D4604461B4B29
:10FCA0002A460F463146A5EB06080DF09CFA23467E
:10FCB000626853F8080B9044984214BFA3680F235E
:10FCC00043451BD3F319D21A06D0AE4204D03844B0
:10FCD000811928440DF0A9FA35B1206829469DF80C
:10FCE000202038440DF0ADFA236800222046C4F8E5
:10FCF000048003F8082002B0BDE8F08100233246FA
:10FD00003946204600950DF0CFFAE5E7C1350200EF
:10FD10002DE9F74F0C9D1446804689462A461F461A
:10FD20002146394B0DF05FFA4246D8F80430A5EB76
:10FD3000040B52F8086B03EB0B0A964214BFD8F879
:10FD400008200F22524556D34E44A144394640461E
:10FD5000A3EB09090DF053FA80B1B9F1000F06D0F9
:10FD6000AC4204D04A46311970190DF05EFA95B1D3
:10FD70002A46394630460DF04EFA0CE0B5B9B9F1D5
:10FD8000000F08D0AC4206D04A46311970190DF068
:10FD90004CFAAC420FD3D8F8003000224046C8F8E5
:10FDA00004A003F80A2003B0BDE8F08FAC420CD2E7
:10FDB000B9F1000FE8D134447B199C420BD32A4699
:10FDC000394630460DF031FAE5E72A4639463046E5
:10FDD0000DF02BFAD3E7BC4203D82A4607EB0B0100
:10FDE000C8E7E41B3946304622460DF01EFA2A1BAE
:10FDF00071193019BFE73B462246494640460095F7
:10FE00000DF052FAC7E700BF153D0200F7B50446F2
:10FE10001546094A0F461E46FFF72EFF6268014647
:10FE2000089B2046D21B00933346AA4228BF2A468D
:10FE3000FFF76EFF03B0F0BDFF3C02002DE9F0417B
:10FE4000064690460F460A4A19461D46FFF714FF1C
:10FE50007468641B444528BF44462CB1316822466F
:10FE6000384629440DF0D7F92046BDE8F08100BF9F
:10FE700082350200004870472E3D0200034B10B54A
:10FE8000044603600DF063FD204610BD802C020087
:10FE9000004870474A3D0200034B10B5044603601A
:10FEA0000DF055FD204610BDA02C0200034B10B5EF
:10FEB000044603600DF041FF204610BDC02C020037
:10FEC000194A50F8081C536870B5A0F1080413B122
:10FED0006518AB4203D940F8043C546070BD5E68BD
:10FEE0001FD11B680B4440E90236F6E71A1D334662
:10FEF0005E6836B1B542F9D301BF2E686D688919C5
:10FF00005D6013681D685E19B44217BF5B686D18A9
:10FF100040F8081C40F8043C16BF13681D605C6084
:10FF2000DCE70432E4E700BF641C00200830104A1C
:10FF3000082838BF0820073020F0070352F8040FC4
:10FF400030B598B101688B4206D8CD1A4468072DA8
:10FF500005D80160214607E0021D4068F1E7C1189D
:10FF60004C60C550106803600830116030BD00BFA0
:10FF7000641C0020064A80389368984205D9D268EC
:10FF80001344984201D2FFF79BBFF4F7A1B900BF19
:10FF9000641C002038B54FF41E65074C2846E56008
:10FFA000F4F778F9A06010B9E060606038BD002314
:10FFB000606005604360F9E7641C00202DE9F341AF
:10FFC0001E46037804460F46472B13D143784E2B29
:10FFD00010D18378552B0DD1C378432B0AD10379E7
:10FFE000462B07D143794F2B04D18379522B01D172
:10FFF000C2793AB320460DF0B9FB024620B3E3794B
:020000040001F9
:1000000054F8202C012B16BF154652F8785C04F1E9
:1000100058022B68284601929B689847B0B1019B13
:1000200002241B6801933B6801AA29463846D3F88D
:1000300010800123C04758B1019B3360204602B0B5
:10004000BDE8F081034DE4E7034DE2E70124EAE770
:100050000446F3E7F82C0200002D020008B5042046
:100060000DF068FB024B034A034903600DF084FD69
:10007000A02C020099FE00008C2C02002DE9F04F0C
:1000800085B002460DF0C5FB50B31046D2F828A04B
:1000900052E90653D2E90C4601930DF003FC2846C1
:1000A0000DF043FD0DF0FEFB00F058F8036893F8E7
:1000B000272003F12009012A1BD11B68002524F009
:1000C000030802932F46574515DB002D34D004203A
:1000D0000DF030FB1A4B1B4A1B4903600DF04CFD21
:1000E00010460DF0DFFB0DF024FD0DF0DBFB0DF0F5
:1000F00017FD7833E2E7346804B1344402AB0022E0
:1001000021464846FFF75AFF38B10DF04FFD0DF07C
:10011000F2FB0DF0F0FB0DF023FB236803AA039024
:100120002046D3F810B001230749D8470137464489
:10013000002818BF0546C6E701980DF0E9FC00BF8E
:10014000102D020051D90100EC2C0200004870472C
:10015000863D020000487047953D02000048704708
:10016000741C002000487047741C0020024A034998
:10017000034804F0E9BF00BF1C0C002061D9010056
:10018000741C00202DE9F04F002393B006460C4666
:10019000079300F003031546012B10D0022B03D068
:1001A000002B5DD103075DD529462046F1F7EFF816
:1001B00018B1092013B0BDE8F08F0820FAE707074F
:1001C00045D5022306F008060C2228460C941E434F
:1001D0000CAB009300231946F0F796FA062E43D194
:1001E000D4F83080D4E90A73B8F1000F00F03F81F1
:1001F0009946002FC0F23E81032600230DF12C0901
:1002000028460B941A461946CDF80090F0F77CFA70
:100210000023012228461946CDF800900B97F0F7ED
:1002200073FA0F2128460DF067FC00F0010000234F
:100230000F2240EA0800CDF8009019460B9028469E
:10024000F0F762FA022E00F02F810720B2E70F6A62
:1002500010460D210DF050FC8742B2D10623B1E7C4
:10026000F3F7ECFF0123ADE72846F1F7AAF8814642
:10027000002899D00CAA014628460DF00EFC9DF8E6
:1002800044B02946029058460DF0D6FB0F2103904A
:100290000E9028460DF030FC20F00108029A08F17B
:1002A000FF38109F97420DD800270123B846F10769
:1002B00000F1C580320740F1D780012B40F0CC809F
:1002C0000DF02EFC9DF845A008AB002051460DF026
:1002D000D4FB09AB0246514600200DF0CEFB0AAB21
:1002E0000246514600200DF0C8FB0BA90DF039FB6A
:1002F0000C9B089902460B44434553D809990B447B
:100300004345CED9DDE90A30002B3FF44DAF0D9ABD
:1003100003EB020800283BD001383844B8F1000F45
:100320003FF442AF16F0080304933DD047232370F7
:100330004E2363705523A3704323E3704623237138
:100340004F2363715223A3710023E37100230293AF
:1003500009A90DF014FB0AA905900DF010FB099FE7
:10036000002F69D043DDBBF1FF0F3CD00BF007033A
:10037000042B3FF675AF01A252F823F0EB03010006
:1003800061020100BB030100EB030100E303010074
:10039000B8F1000F3FF408AFF0073FF505AF0027B5
:1003A00002262AE73A467CE7E379012B0CBF54F892
:1003B000203C04F158030793C8E702220F990BABC6
:1003C000584602FB171203990DF0F0FA0B9931B160
:1003D00034B307AB00222046FFF7F0FD00B3032340
:1003E00065E70822EAE70022E8E70422E6E76FF083
:1003F00040420F9BD21B03EB820AC4B10499B1B9EE
:10040000079BAAF1040A0B935AF8041F0029E6D0AF
:100410000BAB002251442046FFF7D0FD0028F3D05B
:100420000A98002844D0059B0344184690E753F8E7
:100430002230002BF4D1D2E701230293F0E7079E8C
:100440000D2128460DF058FBC4F83080C4E9080699
:10045000C4E90A790620ADE6002FBFF6CDAE0DF057
:1004600068FB0DF01FFA2BE7012B7FF4C2AE20468C
:100470000DF0ECF90CAA494628460DF00EFB294672
:100480009DF844000DF0D8FAFA430F9B03EB82036A
:10049000002253F8221029B9C4E90A200422C4E931
:1004A0000C23A9E60132F4E720460DF07CF9CCE6F6
:1004B000029B002B7FF470AF76E600BF014BD3E8C0
:1004C000AF0F704754010020014BD3E8AF0F7047C6
:1004D0000001002038B50025044640E91E1240F80E
:1004E000805CFFF7F1FF44F8700CFFF7E7FF47234C
:1004F00044F86C0CA4F1800004F8583C4E2304F836
:10050000515C04F8573C552304F8563C432304F847
:10051000553C04F8543C2B2304F8533C04F8523C5B
:10052000014B44F8503C38BD3DDB010002680346F6
:10053000D20710B50FD4427852B104200DF0FAF86A
:10054000044600F019F8054A054920460DF014FB51
:100550000120587010BD0020FCE700BF65050100B8
:100560001C2D0200034B10B5044603600DF0EFF99B
:10057000204610BD302D0200014B0360704700BFC4
:10058000302D0200014BD3E8AF0F7047801C0020D4
:10059000012838BF012010B504462046F3F77AFE43
:1005A00000B110BDFFF7EEFF40B904200DF0C2F816
:1005B000034B044A044903600DF0DEFA8047ECE780
:1005C000802C02007DFE00006C2C0200034B10B555
:1005D00004460360FFF76AFC204610BD502D020060
:1005E000034B10B504460360FFF760FC204610BDC6
:1005F000902D0200002170B5084601F0BDFE0646B0
:10060000F0F720FC451C084928460DF015FB044670
:1006100038B131462A460EF051F80449002001F065
:10062000ABFE204670BD00BF2E3E02007F360200AA
:100630002DE9F34180460E461546FFF7DBFF0446E1
:1006400020B904232B6002B0BDE8F08101A9404627
:1006500002F0EEF8019B07463060434501D01B785D
:100660005BB10023336004232B602146002001F09E
:1006700083FE20460DF007F8E5E74FF0FF41EFF766
:1006800035FE40B905493846EFF730FE0028ECD07A
:100690006FF40003E6E7024BE4E700BF000080FFD1
:1006A000FFFF7F7F2DE9F74307460E461546FFF70C
:1006B000A1FF044620B904232B6003B0BDE8F083FA
:1006C00001A9384601F0FAFE019B80468946BB42EB
:1006D0004FF00002C6E9008901D01B7863B1002306
:1006E000C6E9002304232B602146002001F044FECC
:1006F00020460CF0C8FFE0E70A4BEFF781FD60B938
:100700000022094B40464946EFF77AFD0028EBD01E
:100710004FF0FF326FF48013E2E74FF0FF32034BEC
:10072000DEE700BF0000F07F0000F0FFFFFFEF7F7B
:100730002DE9F84307460C461646FFF75BFF0546D2
:1007400018B904233360BDE8F883224617493846B8
:1007500001F094FE013001280ED800220023C4E9E4
:100760000023042333602946002001F005FE2846BB
:10077000BDE8F8430CF087BFD4E9008900220C4B98
:1007800040464946EFF73CFD60B90022094B404620
:100790004946EFF735FD0028E5D04FF0FF326FF402
:1007A0008013DCE74FF0FF32034BD8E7873E0200AF
:1007B0000000F07F0000F0FFFFFFEF7F08B5002290
:1007C0000346084604491A60F0F732FB10B10348AB
:1007D000FBF7F4F808BD00BF7F3602008B3E020035
:1007E00038B50A4B04460A4D40F8083B0DF0DFFCD3
:1007F00005E02046256006F0C7FD0CF0B1FF20465D
:10080000256006F0C1FD204638BD00BFC82D02009E
:100810004C2B020000390A4B18BF012110B5416072
:1008200004460360F7F762FD06E0064B20462360AE
:1008300006F0AAFD0CF094FFA060204610BD00BF9A
:10084000C82D02004C2B020070B5A0F1460300F247
:100850006C7440F26D100129D8BF013C43436FF422
:10086000EC70002C264603446FF06300B8BFE61C12
:1008700094FBF0F003EBA603B5100344192095FB9D
:10088000F0F600FB16554FF4C87094FBF0F403EB40
:10089000D5730A48234430F8111007200B44134441
:1008A000013B93FBF0F2C2EBC2029B1A0344B3FB81
:1008B000F0F0C0EBC000181A70BD00BF7831020024
:1008C00040F201130288934304BF8B680C332DE977
:1008D000F04108BF8B60054690F900300C46067861
:1008E000002B0FDA437813F002031FBF4B6964211A
:1008F00093FBF1F001FB103369686420133900FBAE
:100900000133636122F47F7222F001025205520D1D
:10091000B2F5806F36D106F01803182B27D0700778
:1009200025D56069514F00F26C700DF09DFC1A21C5
:10093000E269002301FB007131F802CB944540F3DA
:10094000918031075CBF03F1FF312161F60608D4C5
:10095000013B0D2101FB003037F81030D21A013273
:10096000E2602B7823F0180343F018032B702B78E8
:100970002169180701D40B2904D8E2686069FFF7E0
:1009800063FFA0612B882E7823F47E7323F003038A
:100990005B055B0DB3F5806F13D13207276901D476
:1009A0000B2F0ED8606900F26C700DF05DFC0D220B
:1009B000E36802FB00772D4A013B32F8172013440D
:1009C000E36116F0600F4BD0B30749D516F0040170
:1009D000676923D186F0200801223846C8F3401801
:1009E000FFF732FF0722A0EB0800C0F1070090FBE1
:1009F000F2F3C3EBC303C01AAB7803F03F03013B30
:100A0000C3EBC3031844A369A3EB0803134493FB8C
:100A1000F2F2C2EBC2029B1A1844E06106F018031E
:100A2000182B1DD007F26C70104D0DF01DFC1A2113
:100A3000E269002301FB005131F8027B974213DD8C
:100A400037075CBF03F1FF312161F10608D4013B98
:100A50000D2101FB003035F81030D21A0132E2606E
:100A6000BDE8F081013367E70133E5E77831020043
:100A7000074B13B504460360406801A90C38F8F72A
:100A8000D5FF20460CF063FF204602B010BD00BF2A
:100A9000602E0200074B13B504460360406801A9AD
:100AA0000C38F8F7C3FF20460CF051FF204602B087
:100AB00010BD00BF242E0200034B10B50446036096
:100AC000FFF7E8FF204610BD382E0200034B10B59B
:100AD00004460360FFF7DEFF204610BD4C2E0200E7
:100AE00038B584680546C4BBC820FFF751FD504B9C
:100AF00044600360C0E90244C0E90444C0E906441C
:100B0000C0E90844C0E90A44C0E90C44C0E90E4405
:100B1000C0E91044C0E91244C0E91444C0E91644D5
:100B2000C0E91844C0E91A44C0E91C44C0E91E44A5
:100B3000C0E92044C0E92244C0E92444C0E9264475
:100B4000C0E92844C0E92A44C0E92C44C0E92E4445
:100B5000C0F8C04080F8C440A860AB68354A364948
:100B6000C3E90222354A99673549C3E90422354A67
:100B7000D9673549C3E90622344AC3F880101A629E
:100B8000334A34495A62344A9A62344ADA62344AFD
:100B90001A63344A5A63344A9A63344ADA63344AE9
:100BA0001A64344A5A64344A9A64344ADA64344AD5
:100BB0001A65344A5A65344A9A65344ADA65344AC1
:100BC0001A66344A5A66344A9A66344ADA66344AAD
:100BD0001A67344A5A67C3F884103349C3F8881037
:100BE0003249C3F88C103249C3F890103149C3F828
:100BF00094103149C3F898103049C3F89C1030491B
:100C0000C3E928122F4AC3F8A8202F4AC3F8AC2002
:100C10002E4AC3F8B0202E4AC3F8B4202D4AC3F898
:100C2000B8202D4AC3F8BC202C4AC3F8C02038BDD8
:100C3000A82A0200873602002840020096360200E9
:100C40002D400200B140020032400200A03F0200ED
:100C5000A33F020039400200A63F0200B23F02005B
:100C6000B93F0200C03F0200C83F0200D23F02006D
:100C7000DB3F0200E23F0200EB3F0200EF3F0200D9
:100C8000F33F0200F73F0200FB3F0200FF3F02007C
:100C900003400200074002000F400200184002001B
:100CA0001E40020024400200434002004B4002006C
:100CB000544002005D4002006140020065400200B5
:100CC000694002006D400200714002007540020060
:100CD000794002007D400200814002008540020010
:100CE00088422DE9F04104460D4618D0A0B1A1EB91
:100CF000000800214046F8F753FE00F10C070646B5
:100D0000214638462A4607F0C9FB41463046F8F7E7
:100D10003BFE3846BDE8F0810248FAF707FE024F75
:100D2000F7E700BF0B330200B81B0020084B13B5D8
:100D3000044601AA40F8043B0DF0B7FB04E020464E
:100D40000CF005FE0CF00CFD204602B010BD00BFFB
:100D5000242E020010B50446FFF7E8FF014B2046A1
:100D6000236010BD382E020010B50446FFF7DEFFE9
:100D7000014B2046236010BD4C2E0200084B13B5DA
:100D8000044601AA40F8043B0DF08FFB04E0204626
:100D90000CF0DDFD0CF0E4FC204602B010BD00BFFD
:100DA000602E02000048704789400200034B10B5D6
:100DB000044603600DF065FC204610BDC42E020001
:100DC000034B10B50446036000F00CF9204610BD3B
:100DD000B02E0200034B10B504460360FFF7F6FB8C
:100DE000204610BD002F0200054B10B5044640F808
:100DF000103B0DF052FC2046FFF7E2FF204610BDED
:100E0000EC2E0200134600F10802012B13B508BFB7
:100E10000E23026018BF0D234FF00002044642600B
:100E2000114602720BBF00930093064B064BFEF770
:100E30006FFF04E020460CF0CEF90CF091FC204648
:100E400002B010BD92400200A1400200F0B5D2E90C
:100E5000007593B004462B683A4668460E461B69F7
:100E600029469847194A002168460CF0D5FA0146F0
:100E700006A80DF072FB3246002106A80CF0CCFA51
:100E800001460CA80DF069FB0CA9204600F05EF8A5
:100E90000CE00CA80CF09FF906A80CF09CF9684631
:100EA0000CF099F90CF05CFCF6E7F8E70CA80CF0F4
:100EB00092F906A80CF08FF968460CF08CF9044BF7
:100EC00020462360C4E9027513B0F0BDAF400200B4
:100ED000B02E020037B5054618200CF02BFC01237C
:100EE0006A462946009304460E4B0193FFF7AEFF76
:100EF0000D4B204623600DF07FFA014604F11000EF
:100F000000F0F4F807E02046FFF75AFF2046FFF70D
:100F100031F80CF025FC054A204605490CF02CFE62
:100F2000F4E700BF48010020EC2E0200E90D0100AB
:100F3000842E0200024A0349034804F005B900BFA9
:100F40001C0C0020E7E4010048010020074B10B50D
:100F5000044640F8043B0DF01BFB04E020460CF077
:100F6000F6FC0CF0FDFB204610BD00BF602E020019
:100F7000004870471E41020000487047AB45020020
:100F8000742A10B51ADC572A0CDC4D2A07DC3B2AE0
:100F90000CDC242A0EDC0F2A18DC0E2A16D9C0E934
:100FA000002116E0A2F158040A4B0CE0A2F13C0427
:100FB000094B08E0A2F12D03012BEFE7A2F1760423
:100FC000182CECD8054BE340DB07E8D5044B026056
:100FD000436010BD9D00BF1F8F080200BF07F101D5
:100FE00050010020034B10B504460360FFF740FD9D
:100FF000204610BD582F020073B5044610460DF070
:101000009EFB054604F10803236010B90F48FAF768
:101010008DFCEFF717FF0F2805EB0006019007D9AD
:10102000002201A92046FEF705FE019B2060A36077
:101030003246294620680CF032F9019B22680021D3
:1010400020466360D15402B070BD00BF3836020044
:1010500010B5064C06492246064804F075F82246AB
:1010600005490648BDE8104004F06EB81C0C00208D
:10107000FDE5010050010020FFE501004C010020CA
:10108000074B13B504460360406801A90C38F8F714
:10109000CDFC20460CF05BFC204602B010BD00BF2A
:1010A000C82F0200104B73B5036004460B68A3F110
:1010B0000C0053F8043C002B05DBF8F747FD60609B
:1010C000204602B070BD002201A907F0A2FAF6E79F
:1010D0000E46054620460CF03AFC013601D00CF0D5
:1010E0003FFB2846FEF7CAFFC82F02002DE9F04358
:1010F000804685B00C4621B30846EFF7A3FE04EB0B
:10110000000907464C451FD001AA0021F8F748FC0A
:1011100000F10C050646214628464A4607F0BEF96E
:1011200039463046F8F730FC03A940460395FFF7EF
:10113000B9FF02A9A5F10C00F8F778FC05B0BDE8ED
:10114000F0830248FAF7F2FB014DEDE70B330200A2
:10115000B81B002001490CF0F3BD00BFB42F020002
:1011600008B503468F2B00F24E81DFE813F09000A4
:101170005C0192009400960098009A009C009E00EA
:10118000A200A400A800AA00AC00AE00B000B2000B
:10119000B400B600B800BA00C000C200C800CA005F
:1011A000CC00CE00D000D400D800DA00DC00DE0095
:1011B000E000E200E400E6004C014C014C014C016F
:1011C0004C014C014C014C01EA00EE004C014C0179
:1011D0004C014C014C014C014C014C014C014C01A7
:1011E0004C014C014C01F0002001F200F400F6002B
:1011F000F800FA00FC00FE000001020104014C01AD
:101200004C0108014C014C010A014C014C014C01FC
:101210004C014C010C010E011001120114011601C8
:101220004C0118011A011C014C014C0144014C01F4
:101230004C014C014C014C014C014C014C012E0164
:101240001E0122012401260128012A012C0130015E
:101250003401EC00C4004A01BC00D200BE00A00072
:10126000A6004801060138013201C6003A013601E4
:101270004C014C014C014C014C01D6004C014C017D
:101280004C01E80046013C013E0140014201674833
:1012900008BD6748FCE76748FAE76748F8E767482A
:1012A000F6E76748F4E76748F2E76748F0E767481A
:1012B000EEE76748ECE76748EAE76748E8E767482A
:1012C000E6E76748E4E76748E2E76748E0E767483A
:1012D000DEE76748DCE76748DAE76748D8E767484A
:1012E000D6E76748D4E76748D2E76748D0E767485A
:1012F000CEE76748CCE76748CAE76748C8E767486A
:10130000C6E76748C4E76748C2E76748C0E7674879
:10131000BEE76748BCE76748BAE76748B8E7674889
:10132000B6E76748B4E76748B2E76748B0E7674899
:10133000AEE76748ACE76748AAE76748A8E76748A9
:10134000A6E76748A4E76748A2E76748A0E76748B9
:101350009EE767489CE767489AE7674898E76748C9
:1013600096E7674894E7674892E7674890E76748D9
:101370008EE767488CE767488AE7674888E76748E9
:1013800086E7674884E7674882E7674880E76748F9
:101390007EE767487CE767487AE7674878E7674809
:1013A00076E7674874E7674872E7674870E7674819
:1013B0006EE767486CE767486AE7674868E7674829
:1013C00066E7674864E7674862E7674860E7674839
:1013D0005EE767485CE767485AE7674858E7674849
:1013E00056E7674854E7674852E7674850E7674859
:1013F0004EE767484CE767484AE7674848E7674869
:1014000046E7674844E71AB9664A0DF067FC0244AC
:10141000654808B965483BE71846AFF300800028E7
:101420007FF436AFF6E7624832E700BFBA42020007
:10143000CC420200E6420200F64202000E430200E5
:1014400018430200324302004443020056430200A4
:101450006F4302007F4302008B430200A843020057
:10146000BA430200CB430200DD430200E94302001D
:10147000FF430200174402002344020035440200E7
:1014800044440200544402006144020080440200CB
:101490008F440200A0440200C4440200E24402005F
:1014A0000045020020450200374502004645020083
:1014B0005545020069450200814502008F45020042
:1014C0009C450200B2450200C1450200CD45020024
:1014D000FC4502000D460200284602003B46020081
:1014E000514602005A460200714602007946020047
:1014F000864602009B460200AF460200CD4602002F
:10150000D8460200EB4602000347020013470200E0
:1015100021470200354702004447020055470200B8
:1015200068470200744702009A470200BF47020062
:10153000DF4702001D480200434802005C480200E9
:10154000704802008B480200A3480200BD48020018
:10155000C5480200F5480200144902003349020060
:101560004A4902006B4902007E4902009749020085
:10157000AE490200C4490200E5490200FD490200EB
:10158000174A0200334A0200464A02005C4A02003F
:10159000704A0200834A0200A54A0200CB4A0200B8
:1015A000DC4A02000C00000000000000B140020014
:1015B000C2420200426940F26C73002AA8BF6FF079
:1015C0006303134492071FD1642193FBF1F201FBE3
:1015D0001232DAB94FF4C87293FBF2F102FB113305
:1015E000B3FA83F35B09D0E90602400000EB021076
:1015F000184441F2A263984229D013DC01280CDC84
:10160000C043C00F404270470023ECE70123EAE7E4
:10161000104BC34043F3000070470A381728F7D92E
:101620000020704741F2B463984206DC41F2B16396
:101630009842D4BF002001207047A0F5B650023870
:101640001528EDD8044BC34003F00100704701207A
:10165000704700BFCF00CC001F002A002DE9F04FDB
:101660004FF000098FB007460D461E464C461378D2
:10167000002B00F08684252B1DD15378302B22D0EF
:101680002B2B20D002F10108002398F80020313ADA
:10169000082A1BD80A22404606A9029301F062FAE2
:1016A000DDF818800246029B98F8001045290FD1FA
:1016B00008F101080EE0691EA14240F247813B5546
:1016C00001320134D3E702F10208DEE70022EBE742
:1016D0004F29EDD098F80010A1F12500552800F20F
:1016E0003581DFE810F04804330133013301330161
:1016F000330133013301330133013301330133014A
:101700003301330133013301330133013301330139
:1017100033013301330133013301330133017400E9
:10172000A000D1001801330140018F0130023702BF
:101730003301330133014F023301330159023301C5
:1017400086020F03170329033103AD03CD00C6033F
:101750001C043301330133013301330133015600DB
:101760008B00B6000D010D01330160018B003301C8
:101770004802300237024C025102330159027F0203
:10178000C5008F0211031E037B03A603C900B50326
:10179000E103B369B94A183352F823A050460AF15D
:1017A000FF3AEFF74FFB6B1E2044A04207D198F899
:1017B0000030002B00F0E58308F1010257E7A34257
:1017C00040F2C4801AF8012F3A550134EDE7B269AE
:1017D000AA4B03EB8203D3F87CA050460AF1FF3AF0
:1017E000EFF730FB6B1E2044A042E0D0A34240F252
:1017F000AD801AF8012F3A550134F5E79F4B326955
:1018000053F822A050460AF1FF3AEFF71BFB6B1E7C
:101810002044A042CBD0A34240F298801AF8012F76
:101820003A550134F5E73369944A0C3352F823A052
:1018300050460AF1FF3AEFF705FB6B1E2044A04229
:10184000B5D0A34240F282801AF8012F3A550134F4
:10185000F5E78A4BD3F8A0201378002BA7D03346A6
:10186000291B3819FFF7FAFE00286FDD04449EE7B4
:10187000824BD3F8E420EFE7804BD3F89C20EBE7D2
:101880007E4BD3F89820E7E77D496420D6F814E032
:101890008E45ACBF4FF0000A4FF0010ABEF1000FB9
:1018A000B5BF0EF26C719EFBF0F081EAE17C00F1B5
:1018B0001301BCBFACEBE17CBCFBF0F153B163297D
:1018C0001CDDDFF8C0C170482B2B08BF6046DFF875
:1018D000BCC102E06C48DFF8B8C16E4B0191022A2E
:1018E0002CBFCAEB0201CAF10201654A009196457C
:1018F000A8BF03466246291B38191FE06248E6E785
:101900006548664AF368642918BF0246291B3819DE
:1019100000F088FD14E0726938193369291B002A28
:10192000D6F80CE003F101034FF0640C13DB92FBDB
:10193000FCFA0CFB1A22CDE900E2594A00F072FDD4
:10194000002803DB0444A5423FF631AF00242046C3
:101950000FB0BDE8F08F02F26C72002AB8BF52429D
:10196000B2FBFCFAE5E725218DF8181043B1052AF2
:101970008DF8193001D9931F06D10DF11A000CE032
:101980002B238DF819300423464A1E210DF11A002D
:1019900000F048FD0DF11A0318444349EFF75AFAD5
:1019A000334606AA5CE73046FFF704FE71696423FC
:1019B000002910DB91FBF3F203FB1213184464239C
:1019C00090FBF3F203FB12001844B0FBF3F203FBAD
:1019D0001203324A9AE701F26C72002AB8BF5242EF
:1019E0000028B2FBF3FC03FB1C2304DA2F4A9142CC
:1019F000B8BF0120E2E7E1D0214A9142B8BF4FF0E1
:101A0000FF30DBE7CDE90432D6F814A030461C4B9A
:101A10009A45ACBF002301230393FFF7CBFDBAF136
:101A2000000F4FF0640E0290DDE904320FDB002856
:101A30009AFBFEF101F1130C0EFB11A153DC02988D
:101A40000144481C35D10CF1FF3C632131E00AF21E
:101A50006C710029B8BF4942B1FBFEFC0EFB0CF0D3
:101A6000091A04900298002822DADFF840E0F245D3
:101A7000E5DA01200131039037E000BFD42F0200E6
:101A800094F8FFFF004B0200B1400200F84A020048
:101A9000F14A0200024B0200044B0200124B02000A
:101AA000084B0200174B02001B4B020095F8FFFF8A
:101AB00021D14FF0640A0AFB0C1A039921BB2B2B8E
:101AC00040F0F08142F20F718A454FF0250140F25B
:101AD000DE818DF81830002A40F0E0818DF8191071
:101AE0000DF11901D6E102980144642904BF0CF1FB
:101AF000010C0021DDE7DFF8B8B2DA45F3DA01F1D5
:101B0000FF3AC9B104998A442D218DF81810002A92
:101B100040F0C6810DF1190125200870002B40F01E
:101B2000B981481CA3490292EFF794F9029ACDF8C3
:101B300000A0134606AA60E00CF1FF3A0EFB0AFA79
:101B40000AF1630AE0E79C489C4AB3686B2918BF16
:101B50000246DBE6B36863B10C2B04D00C2293FB86
:101B6000F2F002FB10339548934A492918BF024608
:101B7000CCE60C23F7E7F369914A0133C6E63369F3
:101B8000013326E7736824E76B1E9C42BFF4DEAE88
:101B90000A233B5501340AE6B3680B2B894BD4BFAB
:101BA0000022012203EB8203D3F8A4A050460AF1DD
:101BB000FF3AEFF747F96A1E2044A0423FF4F7AD21
:101BC000A2427FF6C3AE98F800101AF8013F5029E0
:101BD00005D1A3F14101192998BF2033DBB23B5550
:101BE0000134EAE70322336993FBF2F3764A0133C7
:101BF0008CE67368754A0093B368291B381900F0A6
:101C000011FC9DE6336A002B79DB714803F025FC5B
:101C1000B9F1000F01D100F0C9F901F0A9FE336A52
:101C20004FF00109002B4FF02803D4BF00220122FE
:101C300002FB0333C3586648C3F1000A03F015FCE6
:101C40007269291B3819B2F145034FEAE27C6CF145
:101C5000000CBCF1000F02DA03334CF1000C02F16E
:101C6000FF3E4FF0640B9B089EFBFBFE43EA8C7328
:101C70004FF4C87B4FEAAC0CB3EB0E036CEBEE7C7D
:101C800002F22B1E463A9EFBFBFE13EB0E03D6F828
:101C900004B04CEBEE7C40F26D1E0EFB02F24FF0F6
:101CA000180E9B184CEBE27CF2699B184CEBE27C23
:101CB000A3FB0E230EFB0C33D6F808C012EB0C026C
:101CC00043EBEC734FF03C0CA2FB0C2E0CFB03EE31
:101CD00012EB0B034EEBEB72A3FB0CE30CFB02339A
:101CE00032681EEB020E43EBE273BEEB0A0263EBBB
:101CF000EA73CDE90023374A00F094FB20E64FF069
:101D0000000A9DE7336864E66B1E9C42BFF41EAE7A
:101D100009233EE73368304A019373680093B36840
:101D2000E9E56B1E9C42BFF411AEB3690BB93723D2
:101D30002FE73033DBB22CE7F369B26907339B1A24
:101D4000072293FBF2F344E63046FFF733FCB26917
:101D500032B1013A0028F36928DC03D10A33EEE7F7
:101D60000622F7E7D21A736940F26B71002BA8BF05
:101D70006FF064010B44990714D1642093FBF0F1D8
:101D800000FB113181B94FF4C87193FBF1F001FBF5
:101D90001033B3FA83F35B09D21A042ACCBF34237D
:101DA000352316E60023F7E70123F5E7012310E6C4
:101DB00094F8FFFF234B0200124B0200044B020079
:101DC000274B0200D42F02002C4B02003B4B020099
:101DD000B0010020314B0200364B02006C4906A8CE
:101DE000CDE90232EFF736F806A8EFF72BF806AB8D
:101DF00003EB000A029B0AF1010AD3464BB106AA83
:101E00001354039A052A01D9931F06D161495846F4
:101E1000C4E52B2306AA135404230EA95E4A504698
:101E2000A1EB0A0100F0FEFA0028C8BF0AEB000B84
:101E3000ECE76B1E9C42BFF489ADB3693033A8E672
:101E4000B2691AB1013AF369073378E70622FAE773
:101E500072696423002A04DB92FBF3F103FB112374
:101E6000B7E502F26C72002AB8BF5242B2FBF3F13E
:101E7000F4E771694948814206DA4FF02D0CA0EB76
:101E8000010A8DF818C042E601F26C7A17E68DF867
:101E9000181006A93023881C4B7043E6013A1DE652
:101EA000013A37E606A937E6336A002BFFF67FAC26
:101EB0003B4803F0D2FAB9F1000F01D100F076F8F7
:101EC00001F056FD336A002B4FF02803D4BF0022E7
:101ED000012202FB0333C3583148C3F1000903F068
:101EE000C4FA3C21381999FBF1F2002AB8BF5242DA
:101EF000B2FBF1F301FB13224FF46163291B009243
:101F0000284A99FBF3F300F08DFA0028FFF61EAD86
:101F10000444A5427FF61AAD4FF0010947E4336A45
:101F2000002BFFF644AC1E4803F097FAB9F1000FFE
:101F300001D100F03BF8336A1B4A002BD4BF0023C9
:101F4000012352F82390484609F1FF39EEF77AFF52
:101F50006B1E2044A04203D1114803F086FADBE750
:101F6000A34204D919F8012F3A550134F2E70C487D
:101F700003F07BFAEAE46B1E9C42BFF4E7AC252336
:101F800007E6002D3FF4E3AC00233B55DFE400BF40
:101F9000454B0200BC4B0200174B020094F8FFFFB8
:101FA000B00100204D4B0200580100202DE9F04FF8
:101FB0008DB0DFF8D8A201F0DBFC0446B4480CF089
:101FC0004FFEB44F0546D8B9B34BCAF800001860AD
:101FD000B24BC7E900334A2100220023A5622172D7
:101FE00084F830102565C4E90355C4E90555C4E9F2
:101FF0000823C4E90D55C4E90F55C4E912238AE04A
:102000000023A54A002000211360A54ACAF8003029
:10201000A3622365C7E900224A22C4E9033322727E
:1020200084F83020C4E90533C4E90801C4E90D335C
:10203000C4E90F33C4E912012B783A2B08BF0135EC
:102040002B783C2B5BD16E1C0AAB964A96493046E6
:1020500000F014FA00285EDD0A9BDA1E072A5AD81F
:10206000F35C3E2B57D102350A9B05EB0308EB5C72
:102070002D2B53D108F101084FF0FF39002308AD93
:1020800007AA8A49ADF81E304046ADF820300AABA9
:102090000393CDE901350DF11E0300930AAB00F067
:1020A000EDF9002837DDBDF81E303C22BDF8206078
:1020B00002FB0366BDF81C304FF4616202FB03664D
:1020C0000A9B09FB06F608EB030918F803303C2BC2
:1020D00040F0F68009F101080AAB754A72494046A2
:1020E00000F0CCF9002820DC99F801303E2B1CD1FF
:1020F0006C4BA662CAF80060C7E900330BE00AAB7C
:10210000684A6C49284600F0B9F9002803DD0A9BAB
:10211000033B072BA8D90DB0BDE8F08F2B2B4FF058
:10212000010908BF08F10108A8E70A9BDA1E072A7F
:10213000F1D818F803303E2BEDD109F102090A9BC2
:1021400009EB030819F803302D2B40F0C88008F183
:1021500001084FF0FF39002307AA54494046ADF863
:102160001C30ADF81E30ADF820300A930AABCDE933
:10217000025301930DF11E0300930AAB00F07EF9A8
:10218000002800F3B380A6F5616304934FF0000BC1
:102190000A9B08EB0305A0462B782C2B08BF0135C2
:1021A00095F80090B9F14D0F40F0B3800AAB0DF1F6
:1021B0002602414928460393CDE9013209AA00923B
:1021C0000DF1220200F05AF90328A4D1BDF8221023
:1021D0004B1E0B2B9FD8BDF82420531E042B9AD8DE
:1021E000BDF82630062B96D888F80890C8F8143029
:1021F000C8E903120A9B05EB030900254FF002030F
:10220000ADF81E50ADF81C30ADF820500A9599F885
:1022100000302F2B0FD10AAB08AA28494846039358
:10222000CDE901320DF11E02009207AA00F026F955
:10223000A8427FF7D0AEBDF81E203C21BDF820306B
:1022400008F1280801FB0233BDF81C204FF461613E
:1022500001FB023348F8103C0A9D4D44BBF1000FCE
:1022600054D0049B606823650E4BA6623B60104B04
:102270007B6001F081FBA26A236DCAF800209B1AE3
:10228000054A18BF0123136045E700BF341F002033
:10229000594B020058010020381F0020233F020044
:1022A000B1400200621F00205C4B0200914B020013
:1022B000561F00206F4B02007D4B0200904B020026
:1022C0000AAB2B4A2B49484600F0D8F800287FF784
:1022D0000FAF0A9B033B072B7FF631AF1BE72B2B7E
:1022E0004FF0010908BF08F1010834E7BDF81E20CE
:1022F0003C21BDF8203001FB0233BDF81C204FF417
:10230000616101FB023309FB03F33EE74FF0010B70
:1023100042E7B9F14A0F4FF00A020BA906BF013597
:102320004B4644232846059300F01CFCDDF82C9016
:10233000059BA945ADF8260014D14D23BBF1000F34
:1023400007D1032123720223C4F814B0C4E9031394
:1023500053E70B2284F830300123C4E90D23002316
:10236000E3634AE780B288F80830C8F8140044E70D
:10237000561F00206F4B020010B50C4679B1094979
:102380002046EEF755FD50B107492046EEF750FDC7
:1023900028B123780448002B18BF002010BD024844
:1023A000FCE700BFA34B02007F36020010B5837824
:1023B00004469B0612D5436983B19847002812DB77
:1023C000A37823F00803A3704FF00003D4E85F2F35
:1023D000C4E8513F0029F9D1002010BD034B1D2254
:1023E0000CF07CFC1A504FF0FF30F6E70C000000B8
:1023F00010B5837804469B060AD5436943B1012290
:1024000000219847D4E89F3F9BB203B1013810BD2B
:10241000034B1D220CF062FC1A504FF0FF30F6E720
:102420000C0000000CB430B589B005460C461C22E7
:10243000002101A80CF069F9022305958DF80630FA
:102440000D4B029323462CB1B4F1004F28BF4FF03F
:102450000043013B1D440DAA0C9901A8069500926A
:1024600000F0E6FB14B1059B00221A7009B0BDE82C
:10247000304002B0704700BFC1EC01000EB470B52F
:1024800089B005461C2200210DAC01A854F8046B4C
:102490000CF03BF9012301A8224631468DF80630A5
:1024A000054B05950393009400F01CFE09B0BDE8B0
:1024B000704003B0704700BFADEC01002DE9F84F4C
:1024C00000228046894618F80230511C202B00F06B
:1024D0009E81A3F10900042840F299812B2B0D461F
:1024E00033D02D2B36D01846042440F02003692B1E
:1024F00032D06E2B60D000224FF00A0A96469446E6
:102500001346114614F400666BD040F02007A7F183
:10251000610BBBF1050F64D8573FFFB2BA4540F3DA
:10252000F28044F08006E005B6B268D5F40506F402
:10253000007079D5002F18BF4CF0010C00B90132A2
:1025400018F8050034460135DCE7042418F80100CA
:10255000951CCAE74424F9E7AE4B0026AE4F13F8AA
:10256000011B49B118F80520681C42F020028A427C
:1025700026D0AA4A934230D132463B4630463946AD
:10258000EDF73EFE48B918F80530282B05D1013586
:1025900018F805300135292B14D1630602D507F14F
:1025A00000431F46B9F1000F02D04544C9F800505E
:1025B00030463946BDE8F88F994B0026994FCEE753
:1025C0000546CCE723F02002413A192AE0D9A3F1CD
:1025D0003002092ADCD95F2BDAD00026002700253B
:1025E000E0E7A0F13007FFB257452DDA44F080064E
:1025F00014F48070B6B299D1BAF10A0F06D0BEF1C8
:102600000F0F93DD44F4C076B6B28FE7BEF1100F22
:102610008CDD44F4C076042FB6B287D9052F4FF075
:10262000020C08BF074681E700B1013AAAFB033458
:10263000FB180AFB014444F1000153EA01003FF496
:102640007FAF0EF1010E7BE7FE2F5CD1A70556D5BB
:102650002006C2D5002E40F0968053EA010005F115
:10266000FF3500F0D180200540F1B2803632B1F55F
:10267000800FC0F091806C4FB1F5000F80F0918019
:10268000BA42C0F28E804CEA0303084603F0030608
:10269000032E04D003F00606062E40F08B80043390
:1026A00041F10000B0F5000FC0F084800132B2F5B6
:1026B000806F80F2A68000234FF4801102F2FF3277
:1026C00021F4801141EA025718461E46394601F0AE
:1026D000D3F80138022804D8544B22220CF0FEFA19
:1026E0001A503046394601F0C7F8013802283FF643
:1026F00054AF4E4B22220CF0F1FA1A504DE744F43D
:102700000076B6B21CE740F0200004F0800778287D
:1027100009D147B153EA010A05D144F400664FF0EC
:10272000100AB6B20CE7002F3FF457AF6EB3920019
:102730007026864291D118F805006E1C2B2804D013
:102740002D2824D144F48064A4B218F80600A0F126
:102750003006092E81D8AE1C354640F2D34A0026F9
:102760004FF00A0B5645DCBF30380BFB060618F855
:1027700005000135A0F13007092FF3D9670548BFDF
:102780007642324469E72E20D1E76526D1E7A0F1F1
:102790003007092FE0D960E7DB1802F1FF32494129
:1027A00065E75E0803F00103013246EAC176490895
:1027B000334361E7B2F5806F23DA9B08B0F5800FF1
:1027C0004FEA900143EA8073BFF478AF002279E7C3
:1027D0000EEB020010F5A27F10DDB0F59B7F10DA42
:1027E00003F0010040EA0C0001308008181841F1A4
:1027F000000100F04FFE06460F4672E70026002754
:102800006FE70026044F6CE700260027C5E60A465E
:1028100059E600BFDC4B02000000F07FDF4B0200F6
:10282000D94B02000000F87F02FCFFFF0C00000003
:102830002DE9F047002280460F4618F80230511C5F
:10284000202B00F08281A3F10900042840F27D8151
:102850002B2B0E4636D02D2B39D09946002549F02A
:102860002003692B35D06E2B5CD000214FF00A0C71
:1028700008460C460A4615F4006A66D049F0200E58
:10288000AEF16103052B60D8AEF1570E5FFA8EFEF4
:10289000F44540F3DB8045F0800315F4807F9BB264
:1028A00062D013F4807F03F4007572D0BEF1000F84
:1028B00018BF44F0010405B9013118F806901D460F
:1028C0000136D8E7002518F80190961CC7E7402587
:1028D000F9E79F4B4FF0FF4413F8011B49B118F87B
:1028E0000620701C42F020028A421ED0994A934270
:1028F00028D121462046EDF7F9FC48B918F80630F2
:10290000282B05D1013618F806300136292B0ED1B7
:102910006B0601D504F100440FB146443E602046E9
:10292000BDE8F0878C4B8D4CD6E70646D4E723F004
:102930002002413A192AE6D9A3F13002092AE2D944
:102940005F2BE0D000240026E6E7A9F1300E5FFA05
:102950008EFEE64525DA45F0800315F480799BB2BA
:102960009FD1BCF10A0F05D007289ADD45F4C0734A
:102970009BB296E7082894DD45F4C073BEF1040FBE
:102980009BB28ED9BEF1050F4FF0020408BFCE46B0
:1029900087E705B1013902FB0CE2002A8DD0013036
:1029A0008BE7BEF1FE0F51D1AB054BD52B06C9D538
:1029B000BAF1000F40F09480013E002A00F0C3807D
:1029C0002B0540F1AB801931B2F1007FC0F093804C
:1029D000B2F1806F80F0928011F17E0FC0F28E8094
:1029E00042EA040303F00302032A04D003F00602C0
:1029F000062A40F089800433B3F1806FC0F08480F0
:102A000001317F2900F39C80DC087F3124F400042D
:102A100044EAC154204600F053FF0138022804D88C
:102A20004F4B22220CF05AF91A50204600F048FF72
:102A3000013802283FF66CAF494B22220CF04EF9C8
:102A40001A5065E745F400739BB236E749F020035E
:102A500005F0800C782BE64609D1BCF1000F06D0BA
:102A60002AB945F400634FF0100C9BB225E7BCF186
:102A7000000F3FF467AFBAF1000F33D089004FF079
:102A8000700C9C4598D118F8063006F1010C2B2BE0
:102A900004D02D2B29D145F48065ADB218F80C3047
:102AA000A3F1300CBCF1090F86D806F1020C664682
:102AB0004FF00A094FF0000CBCF1DF0FDCBF303BD8
:102AC00009FB0C3C18F806300136A3F1300EBEF1BC
:102AD000090FF1D96B0548BFCCF1000C61446BE7DD
:102AE0002E23CBE74FF0650CCBE7A3F1300EBEF100
:102AF000090FDCD960E75200013965E702F00103F4
:102B0000013143EA520263E77F2919DCB3F1007F08
:102B10004FEA9304BFF479AF002179E7084410F13C
:102B20002D0F0BDB27280BDC02F0010020430130C6
:102B300002EB90000BF092FF044676E7002474E766
:102B40004FF0FF4471E70024E2E60A4675E600BF55
:102B5000E74B0200EA4B0200E44B02000000C07F9A
:102B60000C000000242AF0B5044601D8012A40D107
:102B70002E4B16220CF0B2F81A5001B10C60002056
:102B8000F0BD2F463D4615F8010B2028F9D0A0F1E5
:102B900009060346042EF4D92B282CD02D282CD13D
:102BA0000126BD1C7B78302B2DD1287840F02000E9
:102BB000782824D132F0100021D16B782C461022D5
:102BC00002350020392B82BF03F1FF3343F020038D
:102BD000263B303B9A421AD9A0FB02040CB9C0181C
:102BE00001D346F002062F462C4617F8013B3D461E
:102BF000E8E70746C6E70026D3E70026D3E7002A22
:102C000008BF0822DDE7002A08BF0A22D9E701B180
:102C10000C60F20748BF4042B307B1D5034B2222F4
:102C20000CF05CF81A504FF0FF30A9E70C000000E0
:102C30002DE9F04F43688DB01546804602938378A6
:102C40009A0740F10D8100240E78002E00F00A81D1
:102C5000252E0BD04B1C0393013441463046029B7A
:102C600098470028C0F2F6800399EDE74E788B1C58
:102C7000252E0393F0D00027B946BB46BBF11F0FAA
:102C800038D8A6F12003102B0AD8DFE803F02A0970
:102C900009300909092109090928092D09091F0015
:102CA000A6F13003092B33D92A2E37D11BF0400F60
:102CB00055F8043B40F08280002BA7BF4BF0200B5F
:102CC0009946C3F100094BF0280B01E04BF0010BD2
:102CD000039B13F8016B0393002ECFD130E04BF030
:102CE000020B4BF0040BF3E74BF0080BF0E74BF053
:102CF000100BEDE7BBF17F0F19D8A6F13003092BBC
:102D0000D2D81BF0400F03D00A2101FB0737DFE7C1
:102D10000A214BF0200B01FB0939D9E72E2E06D1F1
:102D20001BF0400F40F09E804BF0400BD0E76C2E24
:102D300031D02BD8682E36D06A2E3CD04C2E3AD0CB
:102D4000002F46F02003B8BF2BF04002A3F165012D
:102D5000BCBF00271FFA82FB022901D9612B2FD1AA
:102D600007350727DFF8ACA225F0070508351BF06B
:102D7000080F66D00AEB070B56465E4563D1A4EBFD
:102D80000A0AA9EB070906EB0A026FE1742E9FD02D
:102D90007A2E9DD0D4E71BF0800F18BF4BF4007B38
:102DA0004BF0800B94E71BF4807F18BF4BF4007B43
:102DB0004BF4807B8CE74BF4207B89E71F4687E749
:102DC000A6F16301122900F2F080DFE811F0130090
:102DD0004F00EE00EE00EE00EE004F00EE00EE00C1
:102DE000EE00EE00EE00FE00E900EE00EE001B003B
:102DF000EE00AF0055F8043B01270DF1180A8DF8DD
:102E00001830B4E755F804AB834BBAF1000F08BF94
:102E10009A461BF0400F504614BF39464FF0FF3121
:102E20000BF0A1FC0746A2E741462020029B9847F1
:102E300000280FDB013EB742F6D34C44B146A41B39
:102E400098E74E46F7E7414616F8010B029B984774
:102E5000002892DA98F8023043F0040388F8023030
:102E60004FF0FF3420460DB0BDE8F08F1BF0800F0F
:102E700034D01BF4007F2CD0073525F00705AA4677
:102E800069685AF8080B2BF010050029ADB237DA43
:102E9000404245F4806561EB41010DF1180B0A23B6
:102EA0005A460BF018FDA0EB0B0301936B0662D59D
:102EB000019B25F001019F4289B240F3A180002EC1
:102EC00000F0998015F0100240F09C80BB460D4642
:102ED00023E0AA465AF8040BC117D4E7AA461BF40C
:102EE000807F5AF8041B01D10846F5E71BF4007FE8
:102EF00019BF48B241F3C01108B241F3C031C2E773
:102F000050EA0103C9D11BF0400FC6D0002FC4D135
:102F10002BF01102BB46019795B240F2064115EA2B
:102F200001021CBF0BF1010B00222CE02BF0100260
:102F30000A231FFA82FB1BF0800C49D01BF400719E
:102F400015BF0735AA4625F007055AF8040B1EBF22
:102F5000AA4669685AF8080B50EA010545D12BF0DA
:102F600016051BF0400FADB242D0002F40D12BF020
:102F70001702019795B215F0100248D0019B002E60
:102F800042D103F1010B29075AD4EB0706D5D945E5
:102F90006FDDA9EB0B030199CB465F185B4649E057
:102FA0004BF0100B10237826C5E7782B04D1C6F11F
:102FB000780343F01003BEE741462520029B984763
:102FC0000028FFF647AF023447E608230026B2E7A1
:102FD000AA461BF480715AF8040BBDD01BF4007193
:102FE0001ABFC0B2614680B2B6E72BF0060295B2B6
:102FF0000DF1180B54E725F01105BB46ADB28CE777
:103000000D46B8E73B460D4603F1020BBBE7DDF882
:1030100004B082E7F64B0200EF4B0200CDE9043228
:1030200041462020029B98470028FFF613AF049BDF
:10303000059A01339945F1DCA4EB0B019B46CC18B2
:103040000AB341463020029B98470028FFF602AFA2
:103050008EB901342744391B019B994224DC1D465B
:1030600055BB019AA9EB0B095546224414469144DD
:1030700033E0019F92E7023441463046029B984775
:103080000028E7DAE6E640F206410D42E2D015F00C
:10309000020F04F10104414614BF2B20202015F437
:1030A000806F18BF2D20E9E741463020029B013494
:1030B00098470028CFDACDE606AB013D4146585D82
:1030C000029B98470028CBDAC4E641462020029BA9
:1030D000013498470028FFF6BDAEA9EB0403002B8E
:1030E000F3DCC1E52DE9F04F8046002089B082462F
:1030F000029207900D4615F8014BACB1202C17D069
:10310000A4F10903042B13D9252C17D007A9404695
:103110000BF037FC031EC0F2CD80DBB2A3420BD014
:1031200007AA41460BF037FC504609B0BDE8F08FC6
:1031300007A940460BF037FC2946DBE74C788D1C8D
:10314000252CE3D02A2C20D1CD1C8C7801260027F9
:1031500006E00A2246F0020615F8014B02FB07378B
:10316000A4F13003DBB2092BF3D916F0020F08BF2C
:103170004FF0FF376C2C33D009D8682C24D06A2C40
:103180003CD04C2C35D034B9CEE70026DFE7742C88
:1031900031D07A2C2FD021469E480BF068FD0028B4
:1031A000C2D016F00103039311BF4FF00009029B38
:1031B00053F8049B02936E2C23D1079A00234846B0
:1031C00000960BF005FCB7E72C78682C03D046F08E
:1031D00020060135D7E746F030066C780235D2E795
:1031E0002C786C2C02D046F00406F2E746F00C0670
:1031F000F3E746F00C0615F8014BC4E746F0080665
:10320000F9E7632C18D116F0020F08BF012707A9B0
:1032100040460BF0B6FB00284CDBB9F1000F01D0A3
:1032200009F8010B013FF2D1039B002B84D10AF175
:10323000010A5FFA8AFA7FE75B2C54D12B780024CD
:103240005E2B06BF01354FF0010B4FF0000B07A9B5
:1032500040460BF096FB00222E4605F1010E9446E7
:10326000114616F8013BFBB1764508D05D2B12D014
:103270002D2B04D132B90B4601221946F1E7002A61
:1032800008BF194688424FF00002F6DB9842D8BFCB
:103290004FF0010CF1E7002805DBE34511D107AA47
:1032A00041460BF078FBACB998F8023013F00C0FE4
:1032B0003FF43AAFBAF1000F14BF50464FF0FF3061
:1032C00033E7B9F1000F01D009F8010B013F4FF0CE
:1032D0000104BCD1B9F1000F01D13546A4E70023A8
:1032E00089F80030F9E707A940460BF05CFB00289D
:1032F000E0DB6F2C58D031D8642C57D0693C18BF14
:103300000124240107A940460BF03BFB2B2803D0E6
:103310002D2809D146F04006013FC5D007A94046F7
:103320000BF02FFB0028BFDB30286ED17B1E0493EF
:1033300006D007A940460BF024FB0028049B37DA8F
:103340000027BB46730602D57F426BEB4B0B3A4618
:103350005B46484600960BF03BFB65E7732C0BD0B1
:10336000752C0CBF0A241024CCE7B9F1000F01D052
:1033700009F8010B013F0FD007A940460BF001FBF4
:10338000002809DB202803D0A0F10903042BECD886
:1033900007AA41460BF0FFFAB9F1000F3FF444AF22
:1033A000002389F800303FE70824ABE70A24A9E7A7
:1033B00040F0200246F08006782A0ED134F0100248
:1033C0000ED1BB1E0493BBD007A940460BF0D9FA1F
:1033D0000028049BB4DB102402E0002C08BF082462
:1033E0000027BB463928024682BF00F1FF3242F077
:1033F0002002263A303A94420ED807AA41460BF0F2
:10340000CAFA32067FF550AF9CE73B46002CE7D165
:103410000A24E5E7FE4B0200A4FB077146F0800694
:10342000D71904FB0B1141F1000B013BCDE904332B
:1034300088D007A940460BF0A4FA0028049BD1DAF3
:1034400080E700BFF0B589B005460C46164600215E
:103450001C2201A81F460BF058F9022320460595AF
:103460008DF806300A4B02932CB1B4F1004F28BFFF
:103470004FF00040013805443A46314601A8069510
:10348000FFF7D6FB14B1059B00221A7009B0F0BDFE
:10349000C1EC01002DE9FF47804616460F46002982
:1034A00000F09E80B1FA81F4341B002E04F10A046E
:1034B000C0F29E80304600F0CBF80444304600F065
:1034C000CDF8A4EB060905466946304600F0E6F85B
:1034D000A9EB05036A4640467D3339460BF08EFA68
:1034E000A64282460D467FDCB9F13F0F7EDC4FF0ED
:1034F000FF33A9F12000C9F1200103FA00F003FA1B
:1035000009F223FA01F103FA09F3024328EA03035B
:103510000A4327EA020213430CBF01200020002DBA
:1035200000F08880B5FA85F3E31A40F2FE7203F2E8
:103530003E43934200F38780002B23EAE376D4BF17
:1035400001223246121BA2F23341A2F23447A2F208
:103550005344C1F1200C2AFA01F325FA04F4C7F10F
:10356000200E05FA0CFC25FA01F105FA0EFE43EADD
:103570000C03A2F2544CA2F2544223432AFA07F459
:1035800025FA0CFC44EA0E0444EA0C04C7F1200CB2
:1035900014F0010F52D0A8B14FF0FF3000FA02F240
:1035A00000FA07F4144320FA0CF2B840144303F075
:1035B00001022AEA000A25EA04054AEA020A5AEA4E
:1035C000050A3BD0013341F10002C2F3130253EA72
:1035D000020136D0184642EA065104B0BDE8F08731
:1035E000B0FA80F420345FE7012098E7002096E7E6
:1035F000C6F10009484600F031F8241A484600F0A8
:103600002DF8A61B0546694648462E4400F0B8F83A
:103610006A46404606F17C0339460BF0EFF98246D4
:103620000D464046394600F021F881458CBF002008
:10363000012074E7BAFA8AF3203375E7C1F3130265
:10364000C8E70136C6E700200049C6E70000F07F62
:10365000014B5843C00C70474F931200024B584324
:10366000C00C0130704700BF4F93120070B5034685
:10367000094A00204FF0CC364FF0333506FB03F4F7
:1036800002FB0144A3FB023121449D4275EB01047E
:1036900001D30130F2E770BDCDCCCCCC1A232DE99B
:1036A000F04FB0FBF3FA334E03FB1A0389B0044624
:1036B0000D4606EB0A1653B9D6E90023C1E90023EB
:1036C000D6E90201C5E9020109B0BDE8F08F2A4A36
:1036D00002EBC303D3E9008904AB4046494600939B
:1036E000D6E902230BF082FA06AB83460F4640462A
:1036F00049460093D6E900230BF078FA002381466F
:10370000DDE9066216EB0B0652EB070828BF012322
:1037100033B1049B059A013342F10002CDE9043232
:103720002046039100F0E4F907461A2000FB0AF056
:1037300000F0DEF93F1A32464346484603990097A7
:103740000BF06FFA0D4A4FEA141C640004F01E03DC
:1037500052F82C40DC4004F003042418304641F1B8
:103760000001DDE90423C5E90041414600970BF063
:1037700058FAA7E7D80F0200080F0200D030020065
:103780002DE9F04F1A2700F11905DFF8E0A089B004
:1037900004460E46B5FBF7F56F434FEA051B0AEBEF
:1037A00005153A1A0AD1D5E90023C1E90023D5E964
:1037B0000201C6E9020109B0BDE8F08F2C4B03EB12
:1037C000C203D3E9008904AB404649460093D5E9DA
:1037D00002230BF00BFA5AF80B206B68013ACDE983
:1037E000020106A963F100034046009149460BF02F
:1037F000FDF98A46029900238146DDE906526D18DB
:10380000039952EB010828BF012333B1049B059AA9
:10381000013342F10002CDE90432384600F068F984
:103820000746204600F064F93F1A2A4643464846B8
:10383000514600970BF0F5F90E4A4FEA141C64004C
:1038400004F01E0352F82C40DC4004F00304013461
:103850002418284641F10001DDE90423C6E90041AE
:10386000414600970BF0DDF9A3E700BFA810020066
:10387000080F0200243102000B4631F0004107D14D
:1038800090B10D4A1A40002A14BF0420032070474B
:10389000094A13420AD0094B994209D9914209D1E8
:1038A000B0FA80F04009704702207047032070474B
:1038B00004207047002070470000F07FFFFFEF7F7B
:1038C00030F000400DD0A0F50003B3F1FE4F0AD355
:1038D000421E074B9A4208D9A0F1FF435842584173
:1038E000704702207047042070470320704700BFD4
:1038F000FEFF7F002DE9F84F05461B48894601F081
:10390000ACFD1A4BD3F800B0BBF1000F06D02B462C
:103910001C4613F8012B3AB13D2AF9D1124801F0A7
:10392000A4FD0020BDE8F88F641BDA4656465AF81D
:10393000048BB8F1000FF1D02246294640460BF027
:10394000A3F90028F2D118F8043008EB04073D2B46
:10395000ECD1A6EB0B060448B610C9F8006001F0E4
:1039600084FD781CDEE700BFB0010020600100206C
:1039700000487047C00B00202DE9F0470446FFF7D0
:10398000F7FF40F2B1739C4240F3AC806FF4F662F3
:10399000A4F2B2736FF4C86500F15007A11840F2A9
:1039A0006D12514E8910446002FB03116FF06302E7
:1039B000A4F26D7393FBF2F34FF4C87219446319C8
:1039C000B3FBF2F302461944137A55694A2B3CD1F2
:1039D00014F0030F01EB050334D14FF0640E94FB98
:1039E000FEFC0EFB1C4CBCF1000F08D14FF4C87854
:1039F00094FBF8FE08FB1E4EBEF1000F05D13B2DD7
:103A0000D4BF4FF0000C4FF0010C6344013B9569AB
:103A10004FEAE57CC3FB065C936AED184CEBE3735D
:103A2000C2E9085328329742CED1D0E90843D0E901
:103A300012128C429341B4BF012300230360012082
:103A4000BDE8F0874FF0000CDFE7442B01D14B19A4
:103A5000DDE7A3073DD14FF0640C94FBFCF30CFBB6
:103A60001343C3BB4FF4C87C94FBFCF30CFB134320
:103A7000B3FA83F35B094FF00C0CDFF87080D2F8D7
:103A80000C900CFB03880B4608F1FF3C9CF801E00E
:103A90000CF1010A0CF1020CACEB080CE1451CDC4A
:103AA00003F104084FF0070C98FBFCFCCCEBCC0CAA
:103AB000A8EB0C0CB5EB0C0C156905F1FF3548BFF4
:103AC0000CF1070CC5EBC5056544754508DA2B44B8
:103AD0009DE70023CFE70123CDE77344D446D5E724
:103AE000073DF2E70020ABE7805101000A4C0200DD
:103AF000024B5843C00C0130704700BF4F93120077
:103B0000704708B520EAE070C117C90341EA504187
:103B1000C00340F2E733C0184FF47A724FF000034D
:103B200041F10001ECF714FC03F053FB08BD10B5A4
:103B3000044603F0F1FB8E464A0142EAD06243019B
:103B40001B1A62EB0102920042EA93729B001B185F
:103B500042EB0101C90041EA5371C3F3103343EA58
:103B60004143C90B20686268181A2360616061EBE9
:103B7000020110BD08B5EDF723FEEDF735FEEDF7B8
:103B80006DFEEDF775FE002008BD08B54FF6FF711C
:103B90000120EDF71FFC08BD38B5134685680469A0
:103BA00012F4801F07D012F4402F04D012F0010F3E
:103BB00001D082F4402323F4801213F0010F0AD0C5
:103BC00023684FF0010C0CFA01FC43EA0C0323605C
:103BD0002B68984738BD23684FF0010C0CFA01FCA4
:103BE00023EA0C032360F3E708B503468C4600681C
:103BF0001979DA8842EA0C02FFF7CEFF08BD08B552
:103C000032B1012303FA01F18368DB68984708BDEC
:103C1000012303FA01F183681B699847F7E710B5A0
:103C200003691C6801238B401C4202D0B2FA82F265
:103C30005209FFF7E4FF10BD0020704700EBC101FF
:103C40008368B3F5004F0AD322B14B6843F00103F8
:103C50004B6070474B6823F001034B60704722B103
:103C60004B8843F001034B8070474B8823F00103DE
:103C70004B807047C9008368B3F5004F03D3082316
:103C80001944084470470423FAE710B400EBC10C50
:103C90008468B4F5004F19D3DCF80C30994218D081
:103CA000B4F5004F21D3DCF80810043240F822307C
:103CB00000EBC102B4F5004F1AD3D36000EBC3038D
:103CC0008268B2F5004F15D399600CE0BCF806305D
:103CD000E4E7C3680121914023EA0103C360043291
:103CE000002340F8223010BC7047BCF80410DCE719
:103CF000D380E3E79980F6E7131D50F82330DBB952
:103D0000C3684FF0010C0CFA02FC43EA0C03C360D9
:103D1000043240F8221000EBC1038268B2F5004F74
:103D200006D399608268B2F5004F03D3D96070471B
:103D30009980F7E7D980704710B500EBC30C846811
:103D4000B4F5004F1CD3DCF8082000EBC10EB4F52D
:103D5000004F18D3CEF808208468B4F5004F15D36F
:103D6000CEF80C3000EBC2028368B3F5004F10D3DD
:103D7000D1608368B3F5004F0DD3CCF8081010BDA7
:103D8000BCF80420E1E7AEF80420E5E7AEF8063021
:103D9000E8E7D180EDE7ACF80410F0E730B400EBD1
:103DA000C10C8468B4F5004F29D3DCF80450531AD1
:103DB000891A01EB55015D00B4F5004F22D3CCF810
:103DC00004504C0000EBC20C8568B5F5004F1CD3C5
:103DD000CCF804408468B4F5004F19D340F8323071
:103DE0008368B3F5004F16D3DCF8044002EB5402AD
:103DF000B3F5004F12D340F8321030BC7047BCF816
:103E00000250D4E7ACF80250DBE7ACF80240E1E73F
:103E100020F83230E4E7BCF80240E7E720F832103F
:103E2000EBE730B400EBC1018468B4F5004F1ED35A
:103E30004B685B0800EBC20CB4F5004F19D3DCF8FB
:103E4000045003EB55035D00B4F5004F14D34D60EF
:103E50008168B1F5004F11D3DCF8044002EB540245
:103E6000B1F5004F0DD340F8323030BC70474B886D
:103E7000DFE7BCF80250E4E74D80E9E7BCF8024018
:103E8000ECE720F83230F0E78368B3F5004F04D355
:103E90000823C91A081AC00870470423F9E708B5AF
:103EA0008368B3F5004F07D300EBC1025268520894
:103EB000012A02D0002200E00022A2B900EBC102D8
:103EC000B3F5004F10D352685208B3F5004F0DD32D
:103ED00008230833A2EBD3020132B2FA82F2C2F114
:103EE0001F02FFF7D2FE08BD5288EDE70423F0E77A
:103EF00008B58368B3F5004F07D300EBC1025268E1
:103F00005208012A02D0002200E00022A2B900EBF0
:103F1000C102B3F5004F10D352685208B3F5004FF9
:103F20000DD308230833A2EBD3020132B2FA82F296
:103F3000C2F11F02FFF7E0FE08BD5288EDE704233F
:103F4000F0E7F8B504460D46CE0000EBC1078368E4
:103F5000B3F5004F1FD3796805EB510104EBC102A3
:103F6000B3F5004F19D3536813F0010F17D0A368AE
:103F7000B3F5004F24D3A159691A04EBC102B3F57C
:103F8000004F1FD3536813F0010F1DD02946204660
:103F9000FFF7AEFFF8BD7988DEE75388E4E72046F7
:103FA000FFF77DFFA368B3F5004F07D37A6805EBF1
:103FB000520229462046FFF734FFD8E77A88F6E711
:103FC000A15BD9E75388DEE72046FFF768FFA368C7
:103FD000B3F5004F0CD3A1592A46691A2046FFF7C2
:103FE00020FFA368B3F5004F04D3A359ED1ACDE722
:103FF000A15BF1E7A35BF9E7F8B58568B5F5004F7C
:1040000010D308230833A1EBD3030133B3FA83F3AE
:10401000C3F11F02C3F1230450F8246046B34FF0EC
:10402000030C12E00423EDE7BEF8027017E021460E
:10403000FFF72BFE24E0BEF80640171D40F827408E
:10404000BCF1010C14D0A64212D0141D50F824402B
:1040500000EBC40EB5F5004FE6D3DEF80470B1EB0B
:10406000570FE4D9B5F5004FE5D3DEF80C40E4E78F
:10407000C468C3F12002012393405B421C4001D17C
:104080002046F8BD94FAA4F2B2FA82F2131D50F859
:1040900023402146FFF7F9FDF2E779B138B505680D
:1040A0002846FFF7F1FE0446002201462846FFF7A6
:1040B000C5FD21462846FFF744FF38BD704770B55F
:1040C0000568A1B30B46AA68B2EBD10F31D9B2F59E
:1040D000004F1DD308229C180734E40821462846C7
:1040E000FFF78AFF064630B305EBC003AA68B2F5B6
:1040F000004F0FD35B68B4EB530F0DD30122314651
:104100002846FFF79BFD31462846FFF7B3FD70BDFB
:104110000422E0E75B88EEE7344422463146284635
:10412000FFF73CFE21462846FFF7E2FEE6E70020C7
:10413000EDE70020EBE70020E9E72DE9F041144628
:1041400006684B420B4001F1FF3818EA01080CD019
:10415000B268B2F5004F06D30822934257D21A46EE
:104160004546984609E00422F7E70D46B368B3F5E3
:10417000004F45D30822954244D9002C62D0B36841
:10418000B3EBD40F60D92919891AB3F5004F41D385
:10419000082319440731C9083046FFF72DFF0746A9
:1041A000002853D001463046FFF764FD00EB0803BA
:1041B0002B44013BB3FBF5F303FB05F5A5EB080529
:1041C0002C44073424F0070429463046FFF75CFEF0
:1041D0008046A41BE41087421ED306EBC803B268D6
:1041E000B2F5004F22D35B6808EB53039C421FD308
:1041F000012241463046FFF721FD2846BDE8F08107
:104200000422B8E72146FFF75AFF0546F5E7454681
:104210009846B2E70423BCE7024639463046FFF72A
:10422000BDFD39463046FFF763FED6E75B88DBE726
:10423000224641463046FFF7B1FD21463046FFF7A2
:1042400057FED5E70025D8E70025D6E70025D4E7B7
:10425000F8B5B2F5802F23D30823D21ACC1D24F051
:10426000070401EB020C2CF0070CACEB040C4FEA3A
:10427000DC010460A1600023E360BCF5802F11D352
:1042800008230833A1EBD3030133B3FA83F3C3F15B
:10429000200EC3F124039B00DE1DF508002308E077
:1042A0000423DAE70423ECE71A1D002044F8220077
:1042B00001337345F8DB6B00BCF5802F32D36360AC
:1042C000BCF5802F30D300232360BCF5802F2ED384
:1042D000636843F0010363604A1B570026F007033D
:1042E000E018BCF5802F27D34760A068B0F5004FD9
:1042F00024D3E5502CF00703A444A068B0F5004F88
:104300001ED30020CCF80400A068B0F5004F1BD3EA
:10431000E25001222046FFF791FC29462046FFF794
:10432000E7FDF8BD6380CBE700232380CDE76388FA
:1043300043F001036380CFE74780D6E7E552D9E732
:104340000020ACF80200DFE7E252E2E710B50C46CD
:1043500011461A46029BA04710BD4038C0B23A2809
:104360008CBF002001207047F8B5064603784578D9
:10437000847804EB83040444002706E001342046DB
:10438000ECF760FD013004440137AF42F6D3A01BC7
:10439000F8BD70B5144668B10D46194606462BB9EE
:1043A0001046ECF74FFD83B2013399B22A462046FE
:1043B000B04770BD1046ECF745FD0130F9E75BB33F
:1043C0002DE9F04782B00746884691461D461A7887
:1043D0005E789C78DB7804EB820404EB43042C4485
:1043E0004FF0000A0AE014F8013B45F8234020464C
:1043F000ECF728FD013004440AF1010AB245F2D37A
:1044000005F1080300936B684A4641463846FFF7BA
:104410009DFF02B0BDE8F0876FF0150070472DE9F1
:10442000F0410446884600273E4607E0702D18D02C
:104430002846FFF792FFB8B9252D0ED014F8015B7E
:1044400075B1002EF8D04745F0D02846FFF785FF1C
:104450000028F1D001370026EEE786F00106EDE7EF
:1044600000263046BDE8F0810026FAE700207047BC
:1044700008B500F0D4FC08BD0FB400B583B004A9A2
:1044800051F8040B0191FFF7F3FF03B05DF804EB63
:1044900004B07047036913F0080F08D1C3680268BD
:1044A000934207D8436A9B1A0B6001207047002093
:1044B000086070479B1A0B6000207047036913F077
:1044C000080F07D1826843689A4203D89B1A0B6091
:1044D00000207047436A82689B1A0B600120704776
:1044E00010B582B0044601A9FFF7D4FF20B1E368FC
:1044F000019A1344013B0193606A019BC01A013881
:1045000002B010BD38B5036913F0040F00D138BDF7
:104510000446856AFFF7E4FF854202D9A06AA062DB
:10452000F5E72046FFF7DCFFF9E7C36819440369A4
:1045300013F0010F04D1426A914204D3891A02E0B8
:10454000426A013A1140C16023F0080303617047D9
:1045500010B400236FF3000343F0020361F39F03E1
:10456000026A046842F8243003680B44026912F0BE
:10457000010F04D1446AA34204D31B1B02E0446A26
:10458000013C23400360C4689C420AD0436819443C
:10459000036913F0010F08D1436A994208D3C91A7D
:1045A00006E042F008020261F0E7436A013B19406D
:1045B000416010BC70472DE9F04F83B00446019173
:1045C00017469846056AC66805EB860B15F826302F
:1045D00003F00303022B24D0002100233B60C8F822
:1045E000003019BB236913F0020F75D0E3695846F8
:1045F0009847824615F8269019F001096ED015F8F3
:10460000263013F0020F3BD0019BBBB962685244C5
:10461000236913F0010016D1616A8A4216D3521A37
:1046200014E055F82610C1F39D01D6E72046FFF7A8
:104630007CFFE368A3604FF001094FE01946204674
:10464000FFF786FFE2E7616A01390A406260E168CC
:10465000A268914206D0A2682260E26043F008039B
:1046600023613BE0524420B9616A8A4204D3521A62
:1046700002E0616A01390A40A2604FF00009EAE7EE
:1046800001462046FFF751FFE368A360019B23B179
:10469000236A2268002143F82210019B5344C8F882
:1046A000003022681344226912F0010F04D1616ABC
:1046B0008B4204D35B1A02E0616A01390B4023602C
:1046C00042F00802226115F826306FF3000305F866
:1046D0002630C7F800B001E04FF00009484603B0AB
:1046E000BDE8F08F30B45318046914F0010F04D101
:1046F000456AAB4204D35B1B02E0456A013D2B4097
:1047000005689D4214D000236FF3000343F00203B9
:1047100062F39F03046A44F821304368134402693A
:1047200012F0010F09D1426A934209D39B1A07E0A4
:10473000016024F00804046103E0426A013A134076
:10474000436030BC704738B504460D462022002136
:1047500009F0DBFFEB68E361AB68A3612B682362C0
:104760006B6863620022A2622A6922612BB1591E22
:104770000B4202D142F00102226104F12C0001221D
:10478000002102F0C3FB38BD2DE9F04F87B09A46F7
:10479000002305930393436A8B42C0F0898004464B
:1047A00089469346002301930126009341E0019935
:1047B0002046FFF797FF0023039345E0236A226812
:1047C00003EB8201009113F822106FF3000103F84C
:1047D0002210C9B26FF3410103F8221023684B4441
:1047E000226912F0010F04D1616A8B4204D35B1A73
:1047F00002E0616A01390B402360E168994201D00F
:10480000002608E042F008022261002603E020466C
:10481000FFF79EFE2E4688F31188BFF36F8F059930
:1048200029B1A3690BB12046984700230593002EB8
:1048300040D0EFF31187202383F31288BFF36F8FEB
:10484000B846039A002AB2D104A92046FFF722FEF7
:10485000054604994945B1D20028D8D15AEA0B033C
:104860000BD1002ED7D02368019303AB05AA04997E
:104870002046FFF7A0FE0646CDE702F06BFB0028BE
:10488000EFD1002FEDD187F31188BFF36F8F04F1C3
:104890002C005A465346F2F7A3FAEFF3118820236F
:1048A00083F31288BFF36F8FB0FA80F67609B2E710
:1048B00000230093009807B0BDE8F08F70B5044660
:1048C0000D46C36908469847EFF31186202383F30A
:1048D0001288BFF36F8F2B7843F001032B7063684E
:1048E0001844236913F0010F04D1636A984204D37A
:1048F000C01A02E0636A013B184060602046FFF77F
:1049000001FE86F31188BFF36F8F70BDF0B583B0E1
:1049100004462EE053F8220080084DD143E0626A3D
:10492000013A1340A3602046FFF7FFFD01231BE07F
:1049300013F8221041F0020103F82210A768E3697E
:10494000304698473844236913F0010F04D1636A55
:10495000984204D3C01A02E0636A013B1840A06089
:10496000002301E000231E4685F31188BFF36F8FFB
:104970008BB3EFF31185202383F31288BFF36F8F7E
:1049800001A92046FFF79AFD236AA26803EB82067D
:1049900001990029E6D013F8221011F0030117D075
:1049A0000229B7D0002013F8221011F0010FBFD157
:1049B00010B9E36930469847A36801460344226969
:1049C00012F0010FABD1626A9342ABD39B1AA9E7F5
:1049D00000231E46C8E7304603B0F0BD70B504465C
:1049E0000D46C369084698470146EFF31186202318
:1049F00083F31288BFF36F8F2B786FF300032B7054
:104A0000236913F0020F0AD0236AE26803EB8203E2
:104A1000AB4204D02B6860F39F032B600AE02B7835
:104A20006FF341032B70E268A3689A420BD02046D3
:104A3000FFF77BFD86F31188BFF36F8F04F12C0025
:104A4000F2F78AF970BD0B44226912F0010F04D10C
:104A5000626A934204D39B1A02E0626A013A1340ED
:104A6000A360E4E710B582B0EFF31184202383F351
:104A70001288BFF36F8F01A9FFF720FD84F311881F
:104A8000BFF36F8F0198003818BF012002B010BD2E
:104A900001F00701838B23F007030B4383837047E7
:104AA0002DE9F04106460F469046816821B10C6819
:104AB0003CB131B90C4604E00C4602E023462146E5
:104AC0001C4669B14D6843463A463046A847002C1B
:104AD000F4D02368002BF2D0002CF0D12346EEE76F
:104AE000BDE8F081838B13F0070303D102680AB19C
:104AF00003207047022B03D0012B06D00020704703
:104B0000C28B002AF8D10420704703680BB105203E
:104B100070470020704710B504468C46838B002AEE
:104B200007DB03F007035A1F012A0ED9042B36D0E6
:104B300010BDD0E900018CE803000023236063600E
:104B400001212046FFF7A4FFF2E7D0E900018CE83D
:104B50000300002222606260062B1BD1DCF80030CB
:104B600053B1E28B0132E2831A461B68002BF7D067
:104B7000002AF5D11346F3E702212046FFF788FF0C
:104B80002046FFF7AFFF0028D2D0A38B43F02003CD
:104B9000A383CDE700212046FFF77AFFF0E700214D
:104BA000FFF776FF2046FFF79DFF0028C0D0A38BBC
:104BB00043F02003A383BBE750B110B50C4651B1BD
:104BC000081D00F0C1F810B9A368032B06D810BD6A
:104BD0006FF0150070476FF01500F8E76FF01500E3
:104BE000F5E72DE9F04107460C4616461D461946E5
:104BF000201D00F0C0F828B180462B4632462146E1
:104C00003846C047BDE8F0812DE9F04180460C46AA
:104C100017461E4604E033463A464046FFF7E1FF9A
:104C2000216831B10D68256063688B42F3D16560FE
:104C3000F1E7BDE8F08108B5EFF311824FF0200CE9
:104C40008CF31288BFF36F8F81610121EDF7F6FAC3
:104C500008BD70B138B50C46054669B10B6873B133
:104C60004B687BB12022002109F04FFD2C61002010
:104C700038BD6FF0150070476FF01500F8E76FF062
:104C80001500F5E76FF01500F2E770B505460E4622
:104C9000FFF792FF041E2EDBEFF31182202383F334
:104CA0001288BFF36F8FB5F81CC00CF0070CEB8BAC
:104CB0004FF6FF718B422CD06446BCF1020F08D036
:104CC000BCF1060F19D8DFE80CF01E1818181E2AC0
:104CD0001E000133EB8301230021084628B1002088
:104CE0003060686808B306606E6009BB82F31188A3
:104CF000BFF36F8F0BBB204670BD6FF00404002321
:104D000019461846EAE7BCFA8CF14909002301204C
:104D1000E4E76FF00A04002319461846DEE76FF057
:104D20008504002319461846D8E76E602E60DCE73C
:104D300002212846EDF782FADDE70023624631467C
:104D40002846FFF74EFFD6E7024658B1436803F006
:104D50000303012B03D0032B07D1036843B10020C9
:104D6000906070476FF0150070476FF01500704746
:104D70006FF0150070470346426802F0030281603D
:104D8000032A03D1006800225A6070470020FAE726
:104D90007047037813F0040F01D0002070470368B8
:104DA000C3F34A2000EB1350173020F007008008AF
:104DB000704710B504460368DB6803B19847636821
:104DC00001229A7110BD002070470120704708B57C
:104DD00001F052FB08BD08B520EAE070C117C90315
:104DE00041EA5041C00340F2E733C0184FF47A72F1
:104DF0004FF0000341F10001EBF7AAFA02F0E9F9E4
:104E000008BD08B500220023FFF7BEFC08BD08B5A9
:104E1000FFF7E4FD08BD08B5FFF724FE08BD00B5A7
:104E200085B0039102900020019000900346024655
:104E30000146EDF76DFE05B05DF804FB08B50120F5
:104E4000EDF7D2FB08BD08B5EDF762FC08BD08B56B
:104E5000FFF734FDEDF7F6FC08BD0020704708B5FC
:104E60004368DA7143681960436801225A71EDF7AB
:104E7000ABFB08BD70B5536896689B1B8B420CD387
:104E80000C46154613680A460146981909F016FCA7
:104E9000AB682344AB60204670BD6FF01B00FBE79E
:104EA00070B588B10E4614461946054633B1103028
:104EB000C2F34A23120D184409F000FC2C606E6006
:104EC0002846EDF7FDFC70BDEDF78EFBFBE72DE905
:104ED000F04383B006460F4615461C4603F1010910
:104EE0004FEA890808F1170020F007008008EDF765
:104EF00007FC002201928DF8049068B100F1140CB7
:104F0000019B0361964605E055F82E304CF8043BB2
:104F10000EF1010EA645F7D3002267F3881268F35D
:104F2000532200233146FFF7BBFF03B0BDE8F083F7
:104F300000B583B00192012301AAFFF7C8FF03B0B7
:104F40005DF804FB00B583B00092019302236A462A
:104F5000FFF7BDFF03B05DF804FB08B5EDF72CFDCE
:104F600008BD2DE9F04180460768856843681C68E4
:104F70005E6805E0324621462846B847241A0544B3
:104F8000002CF7D1D8F8043000221A60BDE8F08177
:104F900038B505460C464B681A68CB689A420BD068
:104FA0006368D3E8EF2F511CC3E8E01F0028F8D155
:104FB000A3689D54002038BD0846FFF7D2FFEFE7F5
:104FC00038B504460D460A2805D029462046FFF785
:104FD000DFFF002038BD0D20FFF7DAFFF5E708B549
:104FE00013460122EDF74EFE08BD08B51346002218
:104FF000EDF748FE08BD38B505460C4601F0010145
:10500000FFF7F3FF21462846EDF7CEFE38BD2DE928
:10501000F04383B080460E4615461F46DDF82890C3
:105020002C46102D28BF1024CDF800903B46224678
:1050300031464046EDF7CCFE26442D1BF0D103B09F
:10504000BDE8F0832DE9F04387B006460C46904654
:10505000D1F808900F88C7F382170878C0F3C2050B
:105060000846EDF7ABFD011E1ADA0023214651F880
:10507000105BC5F34A256288C2F30B12481905B9C3
:105080000021CDF814800492039002910197002230
:10509000009249463046EDF7FDFE07B0BDE8F083CB
:1050A0002846EDF763FC0346E0E72DE9F041804632
:1050B0000768856843681C685E6805E032462146DB
:1050C0002846B847241A0544002CF7D1D8F80430F4
:1050D00000221A60BDE8F08143681B685B681961B3
:1050E0000020704743681B681A6852685360704715
:1050F00008B543681B685A68012111751868FFF7E5
:10510000D4FF08BD08B543681B681868EDF706FFB3
:1051100008BD38B50C4643681D686B681869EDF723
:105120003BFA03460F2221462868984738BDFEE720
:1051300008B501460068EEF747F908BD08B5EEF777
:105140005FF9EEF789F908BD08B50B460146184628
:10515000FEF772FD08BD0020704708B500231370EC
:10516000CB1E092B1AD8DFE803F005090D11191918
:10517000191919141146EEF7C5FB08BD0021EEF709
:10518000AFFAFAE70021EEF735FBF6E7EEF7B6F9EE
:10519000F3E71146EEF72AFA0020EEE7EEF734FACD
:1051A0000020EAE708B540B2EEF744FD08BD08B5B7
:1051B000013140B2EEF74CFD08BD08B500210120D9
:1051C000EEF702F908BDD0F8943083F30B887047EE
:1051D00061B662B680F31188BFF36F8F704708B570
:1051E00072B6002383F31188BFF36F8F00F04EF97E
:1051F00050B1BFF34F8F30BF00BF00BF00BF00BF33
:1052000000BF00BF00BF00BF62B6BFF36F8F08BD15
:1052100010B5044672B6002383F31188BFF36F8F75
:1052200000F034F950B1BFF34F8F20BF00BF00BF73
:1052300000BF00BF00BF00BF00BF00BF84F31188E4
:10524000BFF36F8F62B610BD30B4D1E90045D0E92D
:105250000001201A002130BC704738B54A0142EAEB
:10526000D06243011B1A62EB0102920042EA937280
:105270009B001B1841EB0201CD0045EA5375DC0091
:10528000EEF7CCFD0246002320462946EBF760F8F6
:1052900038BD40E800F010F4803F01D0C0B2704744
:1052A0006FF01500704708B50B6823F01F0C0B7AE0
:1052B00003F01F0ECA6822F01F025B0942EA430294
:1052C00042F001024CEA0E01EEF7DCFD08BD436836
:1052D0001F2B08D913F01F0F07D1036813F01F0FFE
:1052E00005D0002070470020704700207047012043
:1052F000704770B504460E46FFF7CBFF05463444B1
:10530000601EFFF7C6FF854201D1284670BD6FF0D1
:105310001505FAE710B584B00B6800934C68B1F836
:1053200008C09DF808206CF304028DF80820498914
:10533000D2B261F347128DF8082023F01F032344F3
:10534000013B23F01F0303936946EEF7F5FD04B01C
:1053500010BDF0B587B0054605A8EDF749FE064635
:10536000002422E05768095827F01F03926813446D
:10537000013B23F01F03019702919DF80C200121AE
:1053800061F304028DF80C20D2B2022161F34712BE
:105390008DF80C20049301A92878EEF7CDFD0028A4
:1053A00047DB2B7801332B700134B44244D2200107
:1053B000059901EB0412D3681B0D1B05B3F5001F03
:1053C000D0D0B3F5800F1BD0B3F5801FECD1576858
:1053D000095827F01F0392681344013B23F01F0371
:1053E000019702919DF80C20012161F304028DF8D0
:1053F0000C20D2B261F347128DF80C200493CAE757
:105400005768095827F01F0392681344013B23F0A3
:105410001F03019702919DF80C20062161F30402FD
:105420008DF80C20D2B26FF347128DF80C20049344
:10543000B1E76FF0150000E0002007B0F0BD08B53F
:10544000EEF76EFE08BD08B5EEF746FD08BD08B5DF
:105450000B6949699847002008BD08B54FF0FF3235
:105460004FF0FF33F1F7A2FB08BD08B5F1F71EFCC2
:1054700008BD08B5EEF7CEFE002008BD08B5F1F76F
:1054800095FB08BD08B5EEF787FF08BD08B5EEF738
:1054900045FF08BD08B5FFF7F5FF08BD08B5EEF7F5
:1054A00027FF08BD4FF47F03D3F83021D3F8343100
:1054B000072A01D000207047042B03D8022B03D306
:1054C00000207047012070470120704738B505461D
:1054D0000C464FF050230122C3F814260020EEF7AB
:1054E000D1FF00212846A04738BD70B5044619B148
:1054F0000123C0F8143670BDFFF7D4FF18B900239C
:10550000C4F81436F7E70126C4F818660025C4F875
:105510001456052001F06BF8C4F81466304601F00B
:1055200066F8C4F81456C4F81856E4E738B50546CA
:105530000C460120EEF7A6FF00214FF05020FFF7A8
:10554000D4FF00212846A04738BD0346032929D8A7
:10555000DFE801F0020D1823D3F81804C0F300406F
:105560000AB3D3F8183403F0030313707047D3F869
:105570000C04C0F30040B2B1D3F80C3403F00103C3
:1055800013707047D3F85C04C0F300405AB1D3F8ED
:105590005C3403F0010313707047D3F85404C0F374
:1055A0000040704700207047006901EB410189000D
:1055B000803108447047406801EB410100EB8100F5
:1055C0007047006900EB4110704708B5C9B2FFF79A
:1055D000EBFF806800F0070008BDEFF31182202385
:1055E00083F31288BFF36F8F036813F0C00301D0F9
:1055F0008B4207D101230360002082F31188BFF39F
:105600006F8F70474FF0FF30F7E7EFF311822023E1
:1056100083F31288BFF36F8F036803F0C00C03F0AD
:105620000703012B08D08C4509D04FF0FF3082F3DF
:105630001188BFF36F8F704701600020F7E76FF0AC
:105640007700F4E7EFF31182202383F31288BFF38E
:105650006F8F036803F0C00343F00203036082F31B
:105660001188BFF36F8F7047F8B506460C46FFF7F9
:105670009BFF05684768002340F8083BFFF7E2FFFF
:105680001DB13A4621463046A847F8BD70B50646DA
:105690001546CCB22146FFF787FF29460830FFF7B1
:1056A0009CFF002806DB21463046FFF784FF436855
:1056B0009847002070BD08B58022FFF7E7FF08BDBE
:1056C0002DE9F041064690461F46CDB22946FFF728
:1056D0006BFF044606990830FFF797FF002809DBA7
:1056E000C4F80080676029463046FFF764FF03680E
:1056F00098470020BDE8F08110B582B08024009466
:10570000FFF7DEFF02B010BD10B51446C9B2FFF7B7
:1057100058FF0021A04710BD08B50120F0F700FA9E
:1057200008BD08B50320F0F7FBF908BD08B5022055
:10573000F0F7F6F908BD08B50020F0F7F1F908BD5B
:1057400008B5012001F003F808BD08B5032000F0FA
:10575000FEFF08BD08B5022000F0F9FF08BD08B53E
:10576000002000F0F4FF08BD08B520EAE070C11782
:10577000C90341EA5041C00340F2E733C0184FF477
:105780007A724FF0000341F10001EAF7E1FD01F008
:1057900020FD08BD08B51046F1F7DEFA08BD0B463E
:1057A00039B11168196041688A4209D00023136039
:1057B00070471368036041688A42F7D14360F5E798
:1057C0004360F3E708B50A460368002101E0194683
:1057D0001B682BB19342FAD1FFF7E1FF012000E0F3
:1057E000002008BD38B505460C460321A047002817
:1057F00006DB01212846A047002800DB002038BD39
:1058000010F1860FFBD1F4E770B504460D4616463D
:10581000036833B1FFF7D6FF70B91EB96FF01500FA
:1058200006E032B123682B602560636843B1002035
:1058300070BD6FF01500FBE7002EF3D10020F7E7F5
:1058400065600020F4E770B50E461546016821B189
:105850000C683CB131B90C4604E00C4602E023462A
:1058600021461C4671B18A682A4002D04B683046F6
:105870009847002CF3D02368002BF1D0002CEFD1F7
:105880002346EDE770BD0069003818BF012070475E
:1058900010F0100F04D110F0200F03D1002070473A
:1058A000032070470120704743685B681B690B60E9
:1058B0000020704743685B6802EA010021EA0201A8
:1058C0009860D9600020704743685B689960002049
:1058D000704743685B68D9600020704743685A6826
:1058E000536821EA03000B409060D36000207047AA
:1058F000B0F5800F07D0B1F1C06F0DD0B1F1007FCE
:1059000008D001207047B1F1007F01D00520704719
:1059100004207047022070470320704708B50069D3
:105920000430FFF771FF08BD10B500F01F044009F7
:10593000EFF710F830B1014600690122A2400430AF
:10594000FFF781FF10BD002070470020704708B5A9
:1059500021B1012905D06FF0850008BDFFF7F3FFE5
:10596000FBE7FFF7F2FFF8E708B51146103001F04A
:10597000D0F908BD00B54368136001E00833136037
:10598000136890F808C0D0F804E00EEBCC0C634527
:1059900005D293F805C08C45F0D1002001E06FF0EE
:1059A00001005DF804FB08B511B9EFF7A7F908BDD0
:1059B000EFF790F9FBE738B505460C460321A04701
:1059C000002806DB01212846A047002800DB002034
:1059D00038BD10F1860FFBD1F4E743681B68EFF385
:1059E0001182202181F31288BFF36F8FD3F8201129
:1059F00031B10021C3F82011D3F820110121D96061
:105A000082F31188BFF36F8F704743681B68D3F828
:105A10008004C3F88004704743681A685B6803F029
:105A20000103D2F8581129B933B9D2F820312BB972
:105A30000020704701207047002070470120704708
:105A400008B503691A6813680BB15268984708BD16
:105A500000B587B000230193029303930493059349
:105A600004238DF8043002910DEB0301FFF7E8FFEA
:105A700007B05DF804FB4368187D012814BF0020BF
:105A80000120704700B587B002690023019302939B
:105A900003930493059302238DF8043013681B6C61
:105AA000029313689B6C0393049101A9FFF7C8FF4D
:105AB00007B05DF804FB10B503691B684068006817
:105AC000EFF3118C4FF0200E8EF31288BFF36F8F1F
:105AD0001C6CACB1DC6CB4B9D9641A65C0F834156F
:105AE000C0F83825042A11D9D0F8003243EA0E0351
:105AF000C0F8003200208CF31188BFF36F8F10BD07
:105B00006FF00C00F7E76FF00F00F4E70020F2E70A
:105B10000369186820B101601B685A600020704753
:105B20006FF08500704700B587B0002301930293A2
:105B300003930493059303238DF8043003691A68D3
:105B400043681968936DD26D134302D00423C1F8E2
:105B5000043301A9FFF774FF07B05DF804FB436845
:105B60001A689B6AC2F834350523C2F83835012318
:105B7000D362D2F81031002BFBD00023C2F81031D1
:105B8000D2F81031D2F84C0130B10023C2F84C31B8
:105B9000D2F84C31D2F83C05C0B2704710B444582A
:105BA00044B11A4201D1002005E00023435043587C
:105BB000012000E0002010BC7047426813680069B3
:105BC000006868B9D3F8100168B1126B12780A70D6
:105BD0000020C3F81001D3F8102101221A60704789
:105BE0006FF0850070474FF0FF30704708B520EA2E
:105BF000E070C117C90341EA5041C00340F2E733E6
:105C0000C0184FF47A724FF0000341F10001EAF737
:105C10009FFB01F0DEFA08BD70B5064612E075B1D3
:105C2000EFF31184202383F31288BFF36F8F304684
:105C3000FFF7F2FE98B984F31188BFF36F8F01204C
:105C4000FFF7D4FF64243046FFF7E6FE0546002840
:105C5000E5D1012000F0CBFC013CF4D1DFE7204688
:105C600070BD10B582B0044601AAFFF783FE00287C
:105C700005DB019B226819791868EFF753F802B029
:105C800010BD10B543681C680021D868FFF7E9FF14
:105C90000823C4F8003510BD08B50269936819439C
:105CA000916013F0030F00D008BDFFF7EAFFFBE798
:105CB00010B543681C68C4F84415C4F84825002290
:105CC000C4F82021D4F82011C4F85821D4F8582160
:105CD0005B6813F0040F02D10123A36010BD012102
:105CE000FFF7DAFFF8E738B505460C4643681B684E
:105CF0004FF48002C3F80423FFF78EFE20B9236817
:105D0000012283F8B82038BD2368002283F8B82028
:105D100023684FF0FF32C3F8B4202368D3F8AC20D7
:105D2000D3F8A8102846FFF7C3FFECE743685A688A
:105D300012F0040F00D0704710B504460021D86857
:105D4000FFF78FFF2046FFF79CFF10BD012904D10C
:105D500008B5FFF7EBFF002008BD6FF08500704726
:105D600010B502694468936823EA0101916011F05B
:105D7000030F00D010BD43681B680022C3F8002544
:105D80000121E068FFF76DFFF4E730B587B0044606
:105D900042680369196800230193029303930493F3
:105DA000059305208DF8040081F86130536813F0E5
:105DB000040F05D101A92046FFF742FE07B030BD10
:105DC000EFF31185202383F31288BFF36F8F022135
:105DD0002046FFF7C5FF85F31188BFF36F8FE9E712
:105DE00070B50446466803691D68296C19B1FFF750
:105DF0002FFE00232B6495F862306BB1002385F8E9
:105E0000623063681B680022C3F80821D3F80831A8
:105E10002046FFF7BAFF70BD736813F0040FF0D08F
:105E20002046FFF79CFE85F86000EAE770B50E4655
:105E300003691D6843681C6805F1080001F087FAD2
:105E4000EFF31182202383F31288BFF36F8FEB6C83
:105E500053B1D4F8003223F02003C4F800320023F9
:105E6000C4F84C31D4F84C31002385F8613016B1B8
:105E7000012385F862300123636082F31188BFF348
:105E80006F8F002070BD08B503691B681B6C1BB1C8
:105E90000121FFF7CBFF08BD6FF00D00FBE710B548
:105EA00086B0044643681968D1F880240023019322
:105EB000029303930493059306238DF8043012F0A4
:105EC000010F08D112F0020F14D112F0040F13D1F8
:105ED00002F0080300E001238DF80830C1F88024A7
:105EE00001A92046FFF7ACFD00212046FFF79EFFE9
:105EF00006B010BD0223EFE70423EDE738B50369D0
:105F0000426815681A68D2F8A01051B1002482F8CE
:105F1000B8401868683001F01AFA0123EB60204697
:105F200038BD6FF00D00FBE708B5406BFFF7E6FFEB
:105F300008BD70B5054603691C6843681E6804F116
:105F4000080001F004FAD6F83C3594F860101944C2
:105F5000002384F86030A36CC91A01D400292CDC1A
:105F6000216C2846FFF774FDE36C2364236D6364A2
:105F70000023E3642365A36494F86130E3B1EFF395
:105F80001182202383F31288BFF36F8F236CC3B178
:105F9000D6F84C3133B9012333600023C6F84431BD
:105FA000D6F84431D6F8003223F02003C6F8003288
:105FB00082F31188BFF36F8F70BD2846FFF762FD33
:105FC000CEE701237360F3E710B5046940682368E6
:105FD000D3F8A420D3F8B010521A01D1002010BD7C
:105FE000082A28BF0822C3F8AC202368406AC3F8F7
:105FF000A8002368D3F8A010D3F8B030194408F0F3
:106000005DFB0120EBE72DE9F04186B005464368D2
:1060100004691F68EFF31188202282F31288BFF30E
:106020006F8F2268D2F8B410002946DBD2F8B46032
:106030005B6813F0040F43D188F31188BFF36F8FAF
:106040002368D3F8A020002A34D093F8B810002990
:106050003FD1D3F8A8108A4206D0D3F8AC2096429C
:1060600047D0D3F8B0301E442068683001F06FF993
:106070000023019302930393049305932368D3F8B9
:10608000A030029303962368D3F8A4309E4202D036
:1060900001238DF804304FF48003C7F808332268D9
:1060A0000023C2F8A0302268C2F8A43001A9284613
:1060B000FFF7C6FC06B0BDE8F081D7F84C65B7E73E
:1060C0004FF48003C7F8083301212846FFF748FE44
:1060D000B2E7EFF31186202383F31288BFF36F8FAB
:1060E00021462846FFF7FFFD86F31188BFF36F8F27
:1060F000E0E7D3F8B0203244C3F8B0202846FFF7D9
:1061000063FF18B92368D3F8B060ADE7EFF31186E9
:10611000202383F31288BFF36F8F21462846FFF7B1
:10612000E2FD86F31188BFF36F8FC3E7436B5A68B4
:1061300012681B691B68D2F8081199B10021C2F8D6
:106140000811D2F80821596530B583B003F1080071
:10615000D3E9162300240025CDE90045F1F7E0FD41
:1061600003B030BD596D013159650429ECD10123CB
:1061700053607047D0B582B00369426814681A68EA
:10618000002151651B6803F10800D3E9162300269E
:106190000027CDE90067F1F7C3FD0423C4F80833F5
:1061A00002B0D0BD38B545682C686B6813F0010F9C
:1061B00023D100220823C4F80035EB6AC4F8443523
:1061C0000023C4F848350123A36072B9D4F8203104
:1061D000002BFBD00023C4F82031D4F82031012358
:1061E000E3604FF48073C4F80433D4F85831002BC3
:1061F000FBD00020C4F8000538BD01692046EFF748
:1062000079F80028F8DB0122D4E710B50446002213
:1062100001210820FEF7CBFF0820FEF7C3FF002175
:106220002046EFF78DF810BD2DE9F0410646436892
:106230001C680769D7F80080D4F804532B46042261
:106240004FF484712046FFF7A9FCE8BB2B464FF4BE
:1062500000724FF492712046FFF7A0FCC0BB2B46A2
:1062600010224FF488712046FFF798FCA0BB15F46C
:10627000002F05D0D4F84C3113B1D4F81031A3B3AA
:1062800015F4003F05D0D4F8443113B1D4F81031DF
:106290009BB315F4807F02D0D4F82031ABBB15F44A
:1062A000800F02D0D4F858319BBB07F10803D3E824
:1062B000EF2F22F00401C3E8E01F0028F7D112F00D
:1062C000040F2AD1BDE8F0813046FFF753FFBDE748
:1062D0003046FFF7E4FDC2E70023C4F81031D4F8DC
:1062E00010313046FFF725FEC1E7C4F84C31D4F831
:1062F0004C313046FFF717FCC2E7C4F84431D4F8FC
:1063000044313046FFF76CFDC3E73046FFF765FBCD
:10631000C5E73046FFF777FEC7E7D8F844103046A8
:10632000FFF7B0FBD8F840103046FFF791FB002391
:10633000C8F84430C8F840303046FFF726FDC1E7C2
:1063400000B5A2F5807E4FEA9E0E4FF0010C0CFACC
:106350000EFC1CEA010F0DD0815809B900200AE09B
:106360000021815082581BB11A684CEA02021A605F
:10637000012000E000205DF804FB70B582B0064605
:106380000D460024019409E0A20001AB02F5A072C1
:1063900029463046FFF7D4FF0134E4B2032CF3D989
:1063A00015F0010F02D0D6F8003143B915F0020FF5
:1063B00002D0D6F8043163B9019802B070BD002351
:1063C000C6F80031D6F80031019B43F00103019378
:1063D000ECE70023C6F80431D6F80431019B43F002
:1063E00002030193E8E7401A20F07F40704700F174
:1063F00050039B009BB203F1502303F580331868D0
:10640000003818BF0120704700F150039B009BB279
:1064100003F1502303F5803300221A601B68704794
:1064200020F07F407047EFF31180202383F3128820
:10643000BFF36F8F704780F31188BFF36F8F704782
:10644000F0B585B0044617461D46EFF717F8064627
:106450009DF8303002930B9B01930A9B00933A46C0
:106460002B462046EFF7C8F8054631462046EFF7A1
:1064700053F8284605B0F0BD08B5EFF79DF808BD04
:1064800008B5F1F79FFC08BD08B5ECF7C3FDECF7C4
:10649000D7FEFFF7F5FF08BD4FF47F03D3F8302197
:1064A000D3F83431072A01D000207047023B002B7B
:1064B00004D8DFE803F00100012070470020704796
:1064C0004FF47F03D3F83021D3F83431072A01D0B9
:1064D00000207047042B07D008D8023B012B01D8BD
:1064E000012070470020704700207047002070474F
:1064F0004FF47F03D3F83021D3F83431072A01D089
:1065000000207047023B002B04D8DFE803F00100B5
:1065100001207047002070474FF47F03D3F83021EB
:10652000D3F83431072A01D000207047012070478A
:106530004FF47F03D3F83021D3F83431072A01D048
:1065400000207047023B002B04D8DFE803F0010075
:1065500001207047002070474FF47F03D3F83021AB
:10656000D3F83431072A01D000207047023B002BBA
:1065700004D8DFE803F001000120704700207047D5
:106580004FF47F03D3F83021D3F83431072A01D0F8
:1065900000207047023B002B04D8DFE803F0010025
:1065A00001207047002070474FF47F03D3F830215B
:1065B000D3F83431072A01D00020704701207047FA
:1065C0004FF47F03D3F83021D3F83431072A01D0B8
:1065D00000207047042B03D8022B03D30020704700
:1065E000012070470120704708B5804708BD08B5F5
:1065F00000F09BFB08BD40F00040C1F880007047F0
:1066000040F00040C1F88000704738B50446154698
:10661000FFF7F1FF29462046FFF7F2FF38BD03469A
:10662000032929D8DFE801F0020D1823D3F8180454
:10663000C0F300400AB3D3F8183403F00303137017
:106640007047D3F80C04C0F30040B2B1D3F80C3457
:1066500003F0010313707047D3F85C04C0F30040EB
:106660005AB1D3F85C3403F0010313707047D3F8C8
:106670005404C0F300407047002070470120704769
:1066800008B50520EDF7F8FA00B108BD0520FEF7C2
:1066900089FDFAE770B582B00646032840D8DFE8E6
:1066A00000F00225191F0C224FF4827302214FF0D3
:1066B0005020C0F808130244012111600344002255
:1066C0001A601B688DF807108E4214D0002542F224
:1066D000107418E024224FF492734FF40071E6E72F
:1066E0001C224FF490734FF48071E0E704224FF4C2
:1066F00080730121DBE70DF10705E8E70120FFF7D3
:1067000076FF013C0CD02A4631464FF05020FFF76F
:1067100086FF28B1002DF1D09DF80730012BEDD078
:1067200002B070BD38B504460378022B06D0012BA9
:1067300000D000231D461BB1284638BD0123F9E7D0
:106740000020FFF7A7FFFFF799FF2070F4E708B5D7
:10675000FFF7A0FF08BD08B5EFF7A0FA08BD10B419
:1067600001F5A27150F8214024F44F3424F4407410
:1067700040F8214050F82140120202F47C521B04E0
:1067800003F440331A43144340F8214010BC7047CF
:1067900010B401F5A27150F8214024F4991424F4A6
:1067A000F85440F8214050F82140120202F47C5283
:1067B0001B0403F440331A439DF804301B0503F413
:1067C00080131A43144340F8214010BC704700B5B1
:1067D000A2F5807E4FEA9E0E4FF0010C0CFA0EFCE3
:1067E0001CEA010F0DD0815809B900200AE00021F0
:1067F000815082581BB11A684CEA02021A600120CB
:1068000000E000205DF804FBF0B583B007460D46BC
:1068100016460024019409E0E2B2920001AB02F5B1
:10682000807229463846FFF7D2FF0134B442F3D3D1
:10683000002D02DB019803B0F0BD01AB4FF4BE7236
:1068400029463846FFF7C3FFF4E700B583B00021BF
:10685000019100910B460122EFF72AFA03B05DF88F
:1068600004FB00B585B08DF80F100DF10F030193F7
:10687000002100910B460A46EFF744FA05B05DF897
:1068800004FB38B50D460079EFF704FB04462846B3
:10689000EFF7F6FA083034F8100000F0010038BDC8
:1068A00038B50D460079EFF7F5FA04462846EFF7BC
:1068B000E7FA083034F81000C0F3401038BD38B59E
:1068C0000D460079EFF7E6FA04462846EFF7D8FAC6
:1068D000083034F8100010F01C0018BF012038BD3B
:1068E00038B50D460079EFF7D5FA04462846EFF79C
:1068F000C7FA083034F81000C0F3400038BD38B58E
:1069000004460D46FFF7ECFF30B129462046FFF75D
:10691000C7FF18B1012000E0002038BD0020FCE7CF
:1069200008B5FFF7DDFF80F00100C0B208BD704779
:10693000704738B50D460079EFF7ACFA04462846A3
:10694000EFF79EFA083034F81000400B38BD0328EA
:1069500094BF00200120704770B506460D46002404
:1069600004E04FF0FF33AB4211D001342F2C0CD890
:106970003079EFF78FFA04F1080330F8133013F48D
:10698000807FEED0C3F34323EDE7002000E0012039
:1069900070BD38B504460D46FFF782FFB8B12946F1
:1069A0002046FFF7BDFF90B129462046FFF7C1FF03
:1069B000226801238340C2F80833226800F5A270E0
:1069C00052F8203023F0030342F8203003E0002186
:1069D0002846FFF746FF38BDF8B506460F46154670
:1069E0000024002C03DD4FF0FF342046F8BD307941
:1069F000EFF750FA50F83430BB4201D00134F0E7E1
:106A000000EBC4035B68AB42F8D1EEE738B50C4647
:106A10000079EFF73FFA05462046EFF731FA0830E4
:106A200035F81030C3F38203042B09D0052B01D1B4
:106A3000022006E02046EFF7C5F918B1032000E078
:106A4000032038BD0220FCE710B504460846EFF7E6
:106A500017FA083034F8103013F4807F04D0C3F3F1
:106A6000432304EBC30010BD0020FCE770B50446CF
:106A70000E4615460079EFF70DFA86602079EFF79C
:106A800009FAC56070BD08B50079EFF703FA90F810
:106A90008C00003818BF012008BD70B504460D46B3
:106AA0001646FFF7FDFE00B329462046FFF738FFE4
:106AB000D8B129462046FFF73CFF2268830003F542
:106AC00080739BB2002199509B58226800F5A271F7
:106AD00052F8213043F0010342F82130B6B1226868
:106AE00001238340C2F8043310E02368D3F8042361
:106AF000002A03DB4FF00042C3F804232946204656
:106B0000FFF784FF01462846FFF7ABFE70BDF8B5DE
:106B100004460D461646FFF797FF20B10768426806
:106B200031462846B847A3681BB1E268314628467B
:106B30009847F8BDF8B507460E4614461D46104660
:106B4000FFF705FF60B9022D1DD002213046FFF787
:106B500088FE032C1BD0022D17D0032D1DD0F8BDAD
:106B6000224631463846FFF7D2FF3046EFF73EF96E
:106B7000A842F4D100213046FFF773FE2946304683
:106B8000FFF76FFEEBE70321E0E7012CE5D122469A
:106B900031463846FFF7BBFFE1E7022CDFD1F6E7CD
:106BA00070B505460846EFF76BF904462879EFF70C
:106BB00071F904F1080330F8133013F4807F0BD01F
:106BC000C3F34326083423F4F85320F81430314635
:106BD0002846FFF7C1FE00B170BD2879EFF75AF9DA
:106BE000002340F836302879EFF754F931467830F1
:106BF000EEF744FFF0E770B504460D46FFF750FE90
:106C000058B1266829462046FFF793FE00F5A2708A
:106C1000002346F8203046F8203029462046FFF76A
:106C2000BFFF2079EFF736F904462846EFF728F939
:106C30000830002324F8103070BD70B504460D46AE
:106C40001E4604984FF0000C01E00CF1010C844545
:106C50000ED25FFA8CF2920002F580719208012345
:106C600003FA02F21542F0D0002363506358ECE7B8
:106C7000002D04DA0023C4F87C31D4F87C3144F3CD
:106C80000730FEF78FFA0EB1C4F8045370BDF8B5A3
:106C900006460D46144619E094FAA4F3B3FA83F3BA
:106CA00001229A4024EA020403F13C0205EB42026D
:106CB000978803F5A27356F82300C0F30140FFF74D
:106CC00036FE024639462846FFF721FF002CE3D165
:106CD000F8BD08B5EFF7F6F908BD08B5EFF7E2F82B
:106CE00008BD08B5FFF7C2FE08BD08B5EFF758F9B3
:106CF00008BD08B5EFF7BAFA08BD08B5FFF7C3FE3F
:106D000008BD08B5EFF78EFA08BD08B5EFF7A4FA8D
:106D100008BD08B5EFF788F908BD08B5FFF7BDFE57
:106D200008BD08B5FFF735FE08BD00B9704708B5C6
:106D3000FEF7B4FB08BD60B1C3685A7812F0010FCA
:106D400003D01B781BB10020704700207047012042
:106D5000704700207047EFF31183202383F31288DC
:106D6000BFF36F8FFEE710B50446436983B19847C0
:106D700030B100280ADBFF2800DDFF20E36818702F
:106D8000E268537843F00103537010BD4042F2E7CC
:106D90000020F5E708B507F0B8FC08BD08B507F016
:106DA0008DFC08BD8169C36841EA030212F0030F3C
:106DB00010D1002202614269013A02FB013304E072
:106DC00002691A60036182699B1AC2689A42F7D904
:106DD000002070476FF0150070470120704710B514
:106DE000044643618261C1600023C3610372FFF7FF
:106DF000D9FF002801DB2460646010BD2DE9F84351
:106E000004460D46FFF7E9FFB0B104F10807EFF3C0
:106E10001186202383F31288BFF36F8F2369A3B1F8
:106E200023692B602561E369013BE36186F31188E7
:106E3000BFF36F8FBDE8F883002383F31188BFF39E
:106E40006F8F0423184602DFF4E7D4F8008044452E
:106E500017D0B8F1000918BF4FF00109B8F1000FC1
:106E600012D1B9F1000FDBD00023C8F8AC30C8F85C
:106E70001050404600F00BF931463846F0F7D2FA90
:106E8000D8E74FF00008E4E7D8F80420D8F800303D
:106E900013605A600023C8F80030C8F8043098F82E
:106EA0000D2022F0020288F80D20C8F8083008F101
:106EB000180000F0FEF9D4E708B5EFF311832023A2
:106EC00083F31288BFF36F8FFEF789F9F5E700BFF0
:106ED0007047884200DA014611F17F0F01DB084656
:106EE00070476FF07E00704708B5806890F90E30EB
:106EF0008B4201D1002008BDF0F7EEF9FBE7034615
:106F000000209860D8601B605B6070473AB18A428D
:106F100008D38160C26000604060002070476FF05D
:106F2000150070476FF015007047F8B505460E461E
:106F3000D41D24F007040F193946ECF779FA07300D
:106F400020F00700C5F89460C5F89840C5F89C008B
:106F5000381AF8BDEFF30580003818BF01207047DC
:106F60007430704710B400248460037342738173DB
:106F7000C4738461C46110BC7047F0B587B0044627
:106F8000129E139D00270597109F04970F9F03974C
:106F90000E9F02970D9F01970C9F0097EFF768FFD8
:106FA000B5F1FF3F08BFB6F1FF3F02D1204607B061
:106FB000F0BD32462B462046EFF73AFFF6E70020B9
:106FC000704738B504460D46F0F738F8637B43F058
:106FD0000203637335B3A5602B689D420DD1002376
:106FE0000BE05A686260236014605C601AE01A4625
:106FF00069688A420FD01B687BB173B194F90E1097
:1070000093F90E209142F2D0521A002AE9DC1A4676
:10701000002BEDD1F0E70023EEE76B68256063609D
:107020001C606C6038BD08B5183000F042F908BD2E
:1070300070B50646046884421AD0DCB162682368E1
:1070400013605A60002525606560637B23F00203AE
:107050006373A56004F1180000F02BF9C4F8AC507C
:107060002046EFF791FF3468A642E6D12C46E4E7CC
:107070000024E2E770BD70B5044616461D46FFF7D2
:10708000A0FF32462B462046F0F796F870BD38B583
:1070900004460023EFF31185202282F31288BFF308
:1070A0006F8F04E085F31188BFF36F8F012343B91D
:1070B0002046FFF784FF0028F4D12046EFF764FF55
:1070C000F0E738BD0023EFF31181202282F312880C
:1070D000BFF36F8F10E04268036813605A600023AB
:1070E00003604360427B22F002024273836081F3BB
:1070F0001188BFF36F8F01231BB98368002BEAD17E
:10710000F5E7704738B504460023EFF311852022D8
:1071100082F31288BFF36F8F0BE0637B23F00403CD
:1071200063732046EFF730FF85F31188BFF36F8F4D
:1071300001239BB9637B13F0280FF5D1A368002BC3
:10714000EBD06268236813605A6000232360636099
:10715000627B22F002026273A360DEE738BD08B5ED
:1071600001211838FFF7CEFF08BD01460023EFF3D9
:10717000118C202282F31288BFF36F8F184605E02E
:1071800000208CF31188BFF36F8F01238BB908683F
:107190008142F5D00028F4D04268036813605A6039
:1071A000002303604360427B22F00202427383604B
:1071B000E7E7704708B5EFF31180202383F31288C7
:1071C000BFF36F8FF0F744F908BD031D4360836080
:1071D000704738B504460D46F0F7F8F98446204666
:1071E000B5F1FF3F08BFB4F1FF3F2CD04FEAEC727E
:1071F000510141EADC614FEA4C13B3EB0C0361EB44
:107200000201890041EA93719B0013EB0C0042EBF1
:107210000103DB0043EA5073C00047F6FF72801899
:1072200043F10003B0F5004F73F100020AD36FF48D
:107230000042824243F6FF729A4105D3C00B40EAF6
:10724000434000E0002038BD6FF00040FBE710B580
:107250000446F0F7ADFB48B1024603694169206975
:107260001B18606941EB000113615161626823687A
:1072700013605A6000232360636010BD10B504469C
:10728000F0F78CFB78B1036942691B1B62EBE47277
:10729000B3F1004F72F1000108DA002A01DB184651
:1072A00010BD0023FBE76FF00040F9E76FF00040EE
:1072B000F6E7F8B504460023EFF31187202282F3A6
:1072C0001288BFF36F8F6FF015000CE0F0F77CFBB6
:1072D000FFF7D4FF0021EEF78DFA304687F31188CF
:1072E000BFF36F8F01231E468BB92368002BF5D0A7
:1072F000F0F754FB05462046FFF7A9FF00224FF0A8
:107300000043C4E90423A542E0D03046E6E7F8BDD7
:1073100008B5F0F769FC08BD08B5F0F765FC08BDD5
:1073200008B5EFF31180202383F31288BFF36F8F2A
:10733000F0F78EF808BD016242620023036300F19A
:1073400018028261C261036043604363704710B5F5
:107350000446FFF7AEFF60B9636A0BB12046984759
:1073600004F11800FFF701FF18B1FFF790FEFFF7D7
:10737000D7FF10BD10B500F10C04C46004610024F7
:107380000475FCF765FF10BD70474268511E012A65
:1073900008B541600ED103685B6898470AE006F0C3
:1073A00081FA06F0A8FA05E0013101D006F0D8F91B
:1073B000F8F764FE08BD0160704738B543680446BD
:1073C000B3B96068B0B9E36813BBE06810BB236968
:1073D0001BBB206958BB204638BD52F8250008B1B8
:1073E000FFF7D3FF0135D4E90123AB42F5D8E8E735
:1073F0000025F8E706F047F9E5E752F8250008B15F
:10740000FFF7C3FF0135D4E90232AB42F5D8DCE720
:107410000025F8E706F037F9D9E700252369585920
:1074200008B106F030F90435182DF7D1D1E706F090
:107430002AF9D0E703685A1E012B10B504460260F2
:1074400006D1FFF7BAFF2046BDE8104006F017B995
:1074500010BD10B50446F1F787FB04E0204606F0A6
:107460000EF906F07DF9204606F009F9204610BD18
:1074700010B50446F1F78EFB04E0204606F0FFF855
:1074800006F06EF9204606F0FAF8204610BD10B559
:107490000446F1F795FB04E0204606F0F0F806F00C
:1074A0005FF9204606F0EBF8204610BD10B5044603
:1074B000F1F7A4FB04E0204606F0E1F806F050F9ED
:1074C000204606F0DCF8204610BD10B50446F1F762
:1074D0003BFC04E0204606F0D2F806F041F92046D5
:1074E00006F0CDF8204610BD10B50446F1F742FC79
:1074F00004E0204606F0C3F806F032F9204606F014
:10750000BEF8204610BD10B50446F1F797FC04E024
:10751000204606F0B4F806F023F9204606F0AFF84E
:10752000204610BD10B50446F1F79EFC04E020464D
:1075300006F0A5F806F014F9204606F0A0F820465B
:1075400010BD10B50446F1F7F7FC04E0204606F044
:1075500096F806F005F9204606F091F8204610BD91
:10756000009B03201A60704700207047002070477E
:1075700004207047009B03201A6070477F2908D8B9
:10758000D0E900329A4242D05A1C026001201970A0
:107590007047B1F5006F10D2D0E90032D21A012A3B
:1075A00035D95A1C02608A09403A1A70036801F002
:1075B0003F015A1C80390260E8E7B1F5803F11D2E3
:1075C000D0E90032D21A022A21D95A1C02600A0BD1
:1075D000203A1A700268531C0360C1F38513803B84
:1075E0001370E3E7B1F5881F11D2D0E90032D21A47
:1075F000032A0CD95A1C02608A0C103A1A700268CD
:10760000531C0360C1F30533803B1370E2E7002095
:107610007047D0E90032F0B5D21A044661D018782C
:107620007F2802D801332360F0BDC1283AD9DF2872
:107630000ED8012A55D05A7802F0C005802D31D1DC
:10764000A2F5425202EB80108142EDD30233EAE709
:10765000EF281AD8022A44D95D7805F0C002802AA2
:1076600020D1E02801D19F2D1CD99A7802F0C006C4
:10767000802E17D1A2F56222803A02EB003202EB93
:1076800085108142D0D30333CDE7F4280AD8032AEA
:1076900027D95D7805F0C002802A03D1F02804D1F3
:1076A0008F2D06D84FF0FF30BEE7F42801D18F2D83
:1076B000F8D89E7806F0C002802AF3D1DA7802F07A
:1076C000C007802FEED1A2F17272A2F5025202EB36
:1076D000804202EB053202EB86108842A4D80433C4
:1076E000A1E76FF001009FE77F2910B508D8D0E926
:1076F00000329A4247D05A1C02601970012010BD16
:10770000B1F5006F0FD2D0E90032D21A012A3AD96E
:107710008C0901F03F011A46403C803902F8024BC7
:1077200002605970EAE7B1F5803F12D2D0E9003229
:10773000D21A022A27D90A0B203A1A70C1F38512ED
:1077400001F03F01803A80395A70DA1C026099706A
:10775000D4E7B1F5881F16D2D0E90032D21A032A35
:1077600011D98A0C103A1A70C1F30532803A5A7056
:10777000C1F3851201F03F01803A80399A701A1DD9
:107780000260D970BAE70020B9E7D0E90032F0B55D
:10779000D21A044661D018787F2802D801332360BA
:1077A000F0BDC1283AD9DF280ED8012A55D05A7821
:1077B00002F0C005802D31D1A2F5425202EB8010BB
:1077C0008142EDD30233EAE7EF281AD8022A44D9DE
:1077D0005D7805F0C002802A20D1E02801D19F2DDC
:1077E0001CD99A7802F0C006802E17D1A2F5622229
:1077F000803A02EB003202EB85108142D0D3033392
:10780000CDE7F4280AD8032A27D95D7805F0C0020D
:10781000802A03D1F02804D18F2D06D84FF0FF30F5
:10782000BEE7F42801D18F2DF8D89E7806F0C0026B
:10783000802AF3D1DA7802F0C007802FEED1A2F1CE
:107840007272A2F5025202EB804202EB053202EBA9
:1078500086108842A4D80433A1E76FF001009FE7A7
:10786000B1F5803F10B5D0E900430BD29C4221D046
:10787000D30789B201D449BA89B2A31C036021801D
:10788000012010BD1B1B022B14D98B0AC1F3090167
:10789000D207A3F52153A1F510519BB289B203D4AD
:1078A0005BBA49BA9BB289B2224622F8043B026015
:1078B0006180E5E70020E4E773B51E46079B1446A8
:1078C0000093089B0193A642254607D10020069B02
:1078D000009A1D60099B1A6002B070BD21682C1DC2
:1078E000B1F5881F06D26846FFF7FEFE0028EAD1F0
:1078F0000120ECE70220EAE72DE9F0410E460446BC
:10790000194617463046069DF1F744FB30BB01206F
:10791000BDE8F0811988A1F55840B0F5806F23D2F9
:10792000012D29D0D21A022A1CD95B88A3F55C420A
:10793000B2F5806F20D2A3F157734FF00208A3F580
:10794000773303EB8121B94216D83046FFF716FE94
:107950000028DCD0236803EB48032360D4E900321D
:107960009A42D7D10020D3E7A1F55C43B3F5806FED
:1079700002D34FF00108E6E70220C9E770B50D46D3
:107980000446194616462846F1F704FB60B9012063
:1079900070BD19688E420DD32846FFF7EFFD002811
:1079A000F5D0236804332360D4E900329A42F0D141
:1079B0000020EDE70220EBE7F8B50D461946044636
:1079C0001646F1F72FFBD4E90030984211D0D5E9E3
:1079D0000072BA420DD031462046FFF71AFE831CD2
:1079E00001D1012008E0864207D33B1D2B6038609F
:1079F000E9E7C01A18BF0120F8BD0220FCE72DE915
:107A0000F8430D461946044616461F46F1F70AFB91
:107A1000D4E90089C8451DD0D5E900329A4219D071
:107A200031462046FFF7F5FD831C014604D1089836
:107A30000130C0B2BDE8F8838E4209D33A462846E9
:107A4000FFF70EFF0028E3D10120C4E90089F1E728
:107A50000220EFE70020EDE7F7B5002716461C46A9
:107A6000CDE900019DF820106846F1F7DBFA7D1C96
:107A7000B54209D30ED14FF6FF716846A14228BF27
:107A80002146FFF7C6FD05E021466846FFF7C1FD28
:107A9000844202D2009803B0F0BDB0F5803F38BFF9
:107AA0003D466F1CE3E773B51D46079B14460093E4
:107AB000089B0193AC4207D10020069B009A1C60F2
:107AC000099B1A6002B070BD2188A1F55843B3F537
:107AD000806F16D22B1B022BEED96288A2F55C4375
:107AE000B3F5806F14D2A2F157720226A2F5773255
:107AF00002EB81216846FFF7F7FD58B104EB46041D
:107B0000D8E7A1F55C43B3F5806F01D30126F1E717
:107B10000220D2E70120D0E710B50446F1F770FB50
:107B2000204605F0ACFD204610BD10B50446F1F727
:107B300071FB204605F0A3FD204610BD10B504469C
:107B4000F1F772FB204605F09AFD204610BD10B5F6
:107B50000446F1F773FB204605F091FD204610BD69
:107B6000F8B50B680E46074653F80C5C681C06F027
:107B700061F80023044601462A463046F1F7EAFE42
:107B8000002328463C606355F8BD13B5049CCDE93D
:107B9000003413460A46C1684FF0000002F01FFC93
:107BA00002B010BD30B58BB00D4604460AA901E9FC
:107BB0000C0079230EAA0693129B0593119B049344
:107BC000109B039301AB92E8030083E80300099B39
:107BD00020464FF000010093089BAA6802F025FDA3
:107BE00020460BB030BD30B58BB00D4604460AA917
:107BF00001E90C006D230EAA0693129B0593119BBD
:107C00000493109B039301AB92E8030083E8030005
:107C1000099B20464FF000010093089BAA6802F0E0
:107C200004FD20460BB030BD30B58BB00D46044688
:107C30000AA901E90C0077230EAA0693129B05936B
:107C4000119B0493109B039301AB92E8030083E81C
:107C50000300099B20464FF000010093089BAA688F
:107C600002F0E3FC20460BB030BD30B58BB00D46C2
:107C700004460AA901E90C0064230EAA0693129B8C
:107C80000593119B0493109B039301AB92E80300AF
:107C900083E80300099B20464FF000010093089BF6
:107CA000AA6802F0C2FC20460BB030BD30B58BB0E4
:107CB0000D4604460AA901E90C0074230EAA069396
:107CC000129B0593119B0493109B039301AB92E8C5
:107CD000030083E80300099B20464FF00001009356
:107CE000089BAA6802F0A1FC20460BB030BD816859
:107CF0004FF0000002F096BCF0B591B00F4605467B
:107D00000AAC08AE84E80C00002316AA07930D9372
:107D10000EAB06930DAB0593199B04939DF8603051
:107D2000039301AB92E8030083E803000B9B4FF041
:107D3000000130460093BA680A9B02F0D0FC0D9B0C
:107D400096E8030084E803005BB91B99DDE90E2384
:107D5000C1E9002394E8030085E80300284611B038
:107D6000F0BD1A9A1360F5E710B58AB004460DF11C
:107D7000280C0CE90C0000230693DDE91023CDE963
:107D800004239DF8383003930D9B02939DF8303007
:107D90000193099B0093089B8A684FF0000102F051
:107DA000F1FC20460AB010BD0A4601694FF0000000
:107DB00002F034BC07B513460A68009301694FF01E
:107DC000000052F80C3C02F0E6FB03B05DF804FB47
:107DD00007B5006801A90C38F1F728FE03B05DF87B
:107DE00004FBFFF7F5BF10B50446006843685A1E50
:107DF000012B426002D103685B689847204610BDA2
:107E000010B50446F1F748FB204605F038FC204643
:107E100010BD10B50446F1F751FB204605F02FFCCC
:107E2000204610BD10B50446F1F75CFB204605F076
:107E300026FC204610BD10B50446F1F767FB20462E
:107E400005F01DFC204610BD10B50446F1F76CFB93
:107E5000204605F014FC204610BD10B50446F1F78D
:107E600079FB204605F00BFC204610BD10B50446FA
:107E7000F1F782FB204605F002FC204610BD10B54C
:107E80000446F1F78BFB204605F0F9FB204610BDB8
:107E9000836910B5044603B19847204610BD70B5FC
:107EA00092B00E46044608A90BAD81E80C000023F1
:107EB000199928461193F1F7CFFA0022002306956D
:107EC0004FF000012046CDE904239DF86030039374
:107ED000179B02939DF858300193099B0093089BD0
:107EE000B26802F04FFC04E02846FFF7D1FF05F02E
:107EF00037FC2846FFF7CCFF204612B070BD37B5DF
:107F000014460D46084603F012F984F8240028466A
:107F100003F010F90023294684F82500A36001A886
:107F20006361E361012384F8643003F006F901A979
:107F300004F10800FFF714FEE06001A8FFF748FF16
:107F4000294601A803F000F901A904F11400FFF784
:107F500007FEA06101A8FFF73BFF294601A803F037
:107F6000FAF801A904F11C00FFF7FAFD206201A84C
:107F7000FFF72EFF03B030BD01A8FFF729FF05F082
:107F8000EFFBF9E7F8E710B4084611461A46DDE9B9
:107F90000134019410BC03F003BA13B5144601A8D0
:107FA0001A46049B03F002FA01A92046F1F754FA9D
:107FB00001A8FFF70DFF02B010BD01A8FFF708FFF1
:107FC00005F0CEFB37B514460D46084603F080F8A1
:107FD0006074284603F07FF8A074284603F09AF8EE
:107FE00000232946E062A36001A86361E361636244
:107FF000012384F8433003F071F801A904F108006B
:10800000FFF7AEFDE06001A8FFF7E2FE294601A8F8
:1080100003F06BF801A904F11400FFF7A1FDA061C2
:1080200001A8FFF7D5FE294601A803F065F801A9CC
:1080300004F11C00FFF794FD206201A8FFF7C8FEC1
:10804000294601A803F05FF801A904F12400FFF715
:1080500087FDA06201A8FFF7BBFE284603F05DF88C
:108060002063284603F05EF8606303B030BD01A8CA
:10807000FFF7AEFE05F074FBF9E7F8E7F7E737B571
:1080800014460D46084602F0F4FF6074284602F0DC
:10809000F3FFA074284603F00EF800232946E0629F
:1080A000A36001A86361E3616362012384F8433044
:1080B00002F0E5FF01A904F10800FFF751FDE060BF
:1080C00001A8FFF785FE294601A802F0DFFF01A9FC
:1080D00004F11400FFF744FDA06101A8FFF778FE4A
:1080E000294601A802F0D9FF01A904F11C00FFF7FD
:1080F00037FD206201A8FFF76BFE294601A802F0B8
:10810000D3FF01A904F12400FFF72AFDA06201A812
:10811000FFF75EFE284602F0D1FF2063284602F0FA
:10812000D2FF606303B030BD01A8FFF751FE05F038
:1081300017FBF9E7F8E7F7E713B510460C466A4670
:10814000C118F1F763F9049A019001A9204603F0E0
:1081500015F904E001A8FFF73BFE05F001FB04461A
:1081600001A8FFF735FE204602B010BDF0B587B07C
:108170000E4615461F460E9803AA0F9904AC0144FB
:10818000F1F744F90D9B04903A46009331460C9B5D
:1081900005A8019403F0F5F805A92846F1F75CF964
:1081A00005A8FFF715FE2046FFF712FE07B0F0BD49
:1081B00005A8FFF70DFE2046FFF70AFE05F0D0FAEE
:1081C000F9E70846114603F0E8B8084603F047B857
:1081D00082B0F0B587B0054616469DF850700FACDA
:1081E0000D930DAB742F1398DDE911211ED00ED81D
:1081F000642F2DD00292CDE9031094E803008DE89E
:108200000300314628460CCB03F080F81AE0772FA4
:108210002BD00292CDE9031094E803008DE803000F
:10822000314628460CCB03F08DF80BE0CDE9031066
:10823000029294E803008DE80300314628460CCBF7
:1082400003F010F8284607B0BDE8F04002B07047D0
:10825000CDE90310029294E803008DE80300314653
:1082600028460CCB03F01AF8ECE7CDE90310029294
:1082700094E803008DE80300314628460CCB03F058
:1082800029F8DFE782B02DE9F04788B004461646AA
:10829000189911AF9DF84C80DDF850909DF854A0CE
:1082A0001193B1B107AD2846F1F730FB31462046B6
:1082B000CDE902A5CDE9008997E80C0002F0C1FEE6
:1082C0002846FFF785FD204608B0BDE8F04702B01C
:1082D0007047DDE91623CDE9019ACDE90423CDF8F5
:1082E0000080314697E80C0002F091FEEBE728464B
:1082F000FFF76EFD05F034FA10B58AB00446002091
:1083000000931346C96803AA099002F072F803A902
:108310002046F1F7FBFA04E003A8FFF7B9FD05F0EA
:108320001FFA03A8FFF7B4FD20460AB010BDF0B550
:1083300097B08C4605460AAC0FAE08AF84E80C0037
:1083400000231CAACDE9063615930D930DAB0593BA
:108350001F9B04939DF87830039301AB92E80300D0
:1083600083E803000B9B4FF00001384600930A9B03
:10837000DCF8082002F0B3F90D9B97E8030084E8CD
:108380000300A3B931460EA8F1F7C0FA21980EA94F
:1083900000F089F80EA8FFF71BFD94E8030085E8BC
:1083A00003003046FFF774FD284617B0F0BD209A51
:1083B0001360F2E73046FFF76BFD05F0D1F930B5F9
:1083C00004468DB000200B901198006850F80C5CAA
:1083D000CDE902051098CDE900301346096905AAD8
:1083E0004FF0000002F0F1F805A92046F1F78EFAEF
:1083F00004E005A8FFF74CFD05F0B2F905A8FFF76A
:1084000047FD20460DB030BD13460A4611B119781C
:1084100006F046B90846704701F18041006804390A
:1084200050F80C0C091A914208B502D21846F3F71D
:1084300095FA08BD03688B4207D853F80C2C1344F7
:10844000994294BF00200120704701207047012A03
:1084500030B403D10B78037030BC7047002AFBD0D6
:1084600030BC06F02BB9012A30B403D10B7803706D
:1084700030BC7047002AFBD030BC06F02CB90B464C
:108480001146012B10B4044602D1227010BC704773
:10849000002BFBD01A4610BC06F037B9521A08B5AB
:1084A000FFF7D5FF08BD036853F8042C002AB8BFB6
:1084B000002210B5B8BF43F8042C0A6852F8044CE7
:1084C000002CBCBF002442F8044C02600B6010BDBD
:1084D0000368104610B553F80C4CA04202D34FF07D
:1084E000FF3010BD1A5C8A42FBD10130F5E705F080
:1084F000C6B82DE9F74F05460068A3EB020802EB6A
:10850000010950F80C7C0C4650F8081C1E46B84473
:10851000A7EB0907884503D850F8043C002B1EDD63
:1085200001AA4046F1F73CFA824600F10C0B24B157
:10853000224629685846FFF78AFF47B104F10C002C
:1085400029683A46304449445044FFF780FF286880
:1085500001A90C38F1F76AFAC5F800B000E03FB99C
:10856000286841460C38F1F70FFA03B0BDE8F08FE8
:108570009642F5D0264400EB09013A463044FFF715
:1085800072FFEDE7036853F80C2C10B504466AB18E
:1085900053F8043C002B04DD00231A461946FFF76C
:1085A000A8FF23684FF0FF3243F8042C10BD08B534
:1085B000036853F8043C002B01DBFFF7E3FF08BD21
:1085C00010B50446FFF7F3FF206810BD036837B508
:1085D000CC1A05460092012300222146F1F762FAE7
:1085E00028684FF0FF3340F8043C204403B030BD0E
:1085F000F8B5069F1E4604460D463B46FFF779FF39
:108600002FB120683A4631462844FFF720FF204624
:10861000F8BD70B5044610460A46236861681844E0
:10862000F1F7BEF92268054600F10C0622B104F10B
:108630000C013046FFF70BFF28462168F1F7A4F93B
:10864000304670BD37B50446006850F8083C994282
:1086500004D850F8042C002A0DDD194650F80C2DD2
:108660008A1A01A9FFF7D5FF0546206801A90C3831
:10867000F1F7DCF9256003B030BDF8B50B680446AE
:108680000E4653F80C7CE7B1036853F80C5C53F8C2
:10869000082C3D44954203D853F8043C002B03DDDD
:1086A00029462046FFF7CEFF23683A46316853F843
:1086B0000C0C1844FFF7CBFE206829460C38F1F764
:1086C00063F92046F8BD002208B5F1F7B3FA08BDFA
:1086D000036870B553F80C5C044653F8082C0E463A
:1086E0000135954203D853F8043C002B03DD29469D
:1086F0002046FFF7A7FF2368294653F80C2C9E5409
:1087000020680C38F1F740F970BD084670470846FC
:10871000704710B50446F1F7ABFA204604F0AFFFFE
:10872000204610BD8A4210B5144603D0521A029852
:1087300005F0C4FF204610BD8A42184638B51446DD
:1087400002D0521A05F0BAFF204638BD2DE9F0419B
:10875000C0B0044600256B461F4603F8015B013597
:10876000B5F5807FF9D1264640AA3946204656F80D
:108770001D3BD3F81C803346C0472A463146384655
:1087800005F0CBFF00280CBF01230223237740B064
:10879000BDE8F08183695B5C9B0744BF2039C9B2A7
:1087A0000846704770B506460C461546AC4201D3E4
:1087B000284670BD3368304621789B68984704F896
:1087C000010BF3E783695B5CDB0744BF2031C9B26F
:1087D0000846704770B506460C461546AC4201D3B4
:1087E000284670BD3368304621781B69984704F8E5
:1087F000010BF3E78368587C70478368987C704767
:108800008368D86A70478368002082B01B6BDAB235
:1088100062F30700C3F3072262F30F20C3F307429A
:108820001B0E62F3174063F31F6002B0704783684A
:10883000002082B05B6BDAB262F30700C3F3072259
:1088400062F30F20C3F307421B0E62F3174063F37A
:108850001F6002B070478368587C70478368987CBB
:1088600070478368D86A70478368002082B01B6BAA
:10887000DAB262F30700C3F3072262F30F20C3F3F7
:1088800007421B0E62F3174063F31F6002B070478C
:108890008368002082B05B6BDAB262F30700C3F337
:1088A000072262F30F20C3F307421B0E62F3174047
:1088B00063F31F6002B07047836893F82400704729
:1088C000836893F8250070470020704700207047A8
:1088D00070470020914200D3704711F8013B03EB31
:1088E0007060F7E710B50446F1F7FEF9204604F092
:1088F000C6FE204610BD10B50446F1F7FFF920462C
:1089000004F0BDFE204610BD10B50446F1F700FA94
:10891000204604F0B4FE204610BD10B50446F1F721
:1089200001FA204604F0ABFE204610BD10B5044607
:10893000F1F706FA204604F0A2FE204610BDD0E969
:1089400002218A4202D201328260704703689B6A28
:108950001847436E0B60836E4B60C36E8B60036F72
:10896000CB60436F0B61836F4B61C36F8B61D0F83A
:108970008030CB61D0F884300B62D0F888304B6205
:10898000D0F88C308B62D0F89030CB627047D0F842
:1089900094300B60D0F898304B60D0F89C308B60EE
:1089A000D0F8A030CB60D0F8A4300B61D0F8A8305C
:1089B0004B61D0F8AC308B61D0F8B030CB61D0F8DF
:1089C000B4300B62D0F8B8304B62D0F8BC308B6258
:1089D000D0F8C030CB62704707B50B46009200223A
:1089E0004168F7F757F903B05DF804FB10B504468A
:1089F0000068FFF7A4FF4FF0FF33636010BD2DE95F
:108A0000F0411F46037F04460D46012B164607D151
:108A1000914213D03846521ABDE8F04105F04EBEDF
:108A20000BB9FFF793FE2368324629462046D3F858
:108A30001CE03B46F446BDE8F0416047BDE8F081EC
:108A4000531A0F2B73B504460D461646019306D9EB
:108A5000002201A9F7F7EEF8019B2060A3603246DF
:108A60002946206804F01BFC019B226800216360FA
:108A7000D15402B070BD8B6810B50446D969F1F7C6
:108A800021FA204610BD8B6810B504465969F1F7EC
:108A900019FA204610BD8B6810B504469968F1F7A5
:108AA00011FA204610BD8B6810B50446596AF1F7DB
:108AB00009FA204610BD8B6810B50446D969F1F754
:108AC00001FA204610BD8B6810B504465969F1F7CC
:108AD000F9F9204610BD8B6810B504469968F1F786
:108AE000F1F9204610BD8B6810B50446596AF1F7BC
:108AF000E9F9204610BD8B6810B50446D969F1F735
:108B0000E1F9204610BD8B6810B504465969F1F7AC
:108B1000D9F9204610BD8B6810B504469968F1F765
:108B2000D1F9204610BD2DE9F0431C4600F10803A1
:108B300087B01546036000230646884643602246F8
:108B4000037202AB294668460093FFF779FF641B66
:108B50006400DDE90073204607EB030905F06AF8BD
:108B600005463A4623462946404605F052FB8442D4
:108B700002460ED8441C284604F085FD204605F028
:108B800059F83A46014605462346404605F041FB62
:108B9000024629463046F1F7E1F810E004F082FE83
:108BA000284604F070FD05F001F804F0A4FE6846C4
:108BB00004F011FB304604F00EFB04F0D1FD384602
:108BC000E8F740F9384481450BD0471C0021304676
:108BD00004F0D8FBC5E7E1E704F064FEE3E7E6E76D
:108BE000E8E7284604F04FFD684604F0F4FA304602
:108BF00007B0BDE8F0832DE9F0438DB01C468046F8
:108C000002AB68460093FFF71BFF08AB149A21469E
:108C100006A80693FFF714FFDDE90097DDE9065685
:108C20004F442E442A464946404605F0E7FA04469A
:108C300070B94846E8F706F981442846E8F702F992
:108C40004F4505EB00040DD1341B18BF4FF0FF3426
:108C500006A804F0C0FA684604F0BDFA20460DB03C
:108C6000BDE8F083A64203D009F10109651CD9E7EC
:108C70000124EDE7684604F0AEFA04F071FD0368E4
:108C80009B68184703681B69184770B5037F044643
:108C90000D4643B9FFF75AFD2368294620469B69D4
:108CA000BDE8704018470C44607F70BD70B5441833
:108CB000164694F81D313BB903681B6A98478642F3
:108CC000034618BF84F81D01184670BDF0B589B081
:108CD00004460D4606AE86E80C00139A0B68059212
:108CE000129A0492119A03929DF8402002920EAAC1
:108CF00092E803008DE8030020469F68294696E825
:108D00000C00B847204609B0F0BDF0B589B0044664
:108D10000D4606AE86E80C00139A0B680592129A6F
:108D20000492119A03929DF8402002920EAA92E8B2
:108D300003008DE803002046DF68294696E80C0012
:108D4000B847204609B0F0BD70B588B00E6805463A
:108D500006AC84E80C00DDE91023CDE904239DF87E
:108D6000383002930D9B01939DF830300093B66824
:108D700094E80C00B047284608B070BD70B586B0C6
:108D8000054604AC84E80C000D9A0B6803929DF82C
:108D9000302002920B9A01929DF828200092DE6802
:108DA00094E80C00B047284606B070BD03689B6885
:108DB00018470368DB6818470B6810B504461B6941
:108DC0009847204610BD0B6810B504465B6998476C
:108DD000204610BD0B6810B504469B699847204695
:108DE00010BD0B6810B50446DB699847204610BDDE
:108DF00003681B6A1847036882B05B6A02B01847B1
:108E0000036882B09B6A02B0184703689B681847E2
:108E10000368DB6818470B6810B504461B69984760
:108E2000204610BD0B6810B504465B699847204684
:108E300010BD0B6810B504469B699847204610BDCD
:108E40000B6810B50446DB699847204610BD0368DF
:108E50001B6A1847036882B05B6A02B01847036850
:108E600082B09B6A02B0184703689B681847036882
:108E7000DB6818470B6810B504461B699847204605
:108E800010BD0B6810B504465B699847204610BDBD
:108E90000B6810B504469B699847204610BD0368CF
:108EA0009B681847F0B589B004460D4606AE86E8C3
:108EB0000C00129A0B680492119A0392109A029273
:108EC0000EAA92E803008DE803002046DF682946D9
:108ED00096E80C00B847204609B0F0BDF0B589B05F
:108EE00004460D4606AE86E80C00129A0B68049202
:108EF000119A0392109A02920EAA92E803008DE84A
:108F0000030020461F69294696E80C00B847204612
:108F100009B0F0BDF0B589B004460D4606AE86E84E
:108F20000C00129A0B680492119A0392109A029202
:108F30000EAA92E803008DE8030020465F692946E7
:108F400096E80C00B847204609B0F0BDF0B589B0EE
:108F500004460D4606AE86E80C00129A0B68049291
:108F6000119A0392109A02920EAA92E803008DE8D9
:108F7000030020469F69294696E80C00B847204622
:108F800009B0F0BDF0B589B004460D4606AE86E8DE
:108F90000C00129A0B680492119A0392109A029292
:108FA0000EAA92E803008DE803002046DF692946F7
:108FB00096E80C00B847204609B0F0BD03689B68EE
:108FC000184773B5079E04460D680196069E0096E5
:108FD000ED68A847204602B070BD03681B691847BA
:108FE00010B40468A468A44610BC604738B50D6886
:108FF0000446ED68A847204638BDF7B56D460446DF
:10900000089F85E806009DF80460194636B93A467F
:10901000009804F0D9F8874218BF01268DF8046043
:1090200095E8030084E80300204603B0F0BD2DE975
:10903000F04F99B0229F06A9249D07F16C0405907A
:109040009DF88C80204681E80C00F2F755FF82469F
:109050002046F0F7F7FE2E6890F838300446327854
:1090600069689A4221D0026BC369D0F820900992B6
:1090700003933144334699421D4606D9287801337B
:10908000DAF81820125C5207F5D4AD1BAB46002D60
:1090900000F0E2800EAB69000CA80C9300230D9346
:1090A0008DF8383004F050F909E0426B436AD0F88B
:1090B0002890099203930029DBD00136D9E7E36AAF
:1090C000A5EB030ABAF1000F1DDDE16815EA2305DF
:1090D00038BF55460D9AF1B100216B000CA80091E4
:1090E000F6F7D8FD7319A17C0C98CDE90063D4E99B
:1090F000022302F062F90C994FF0FF32411A0CA8DA
:10910000F0F780FEAA46E36A002B1EDD617C0CA806
:1091100004F038F905E033460CA80095F6F7F8FDA1
:10912000F0E7BAF1000F06DBE26A06EB0A010CA8D1
:10913000F0F714FE09E094F83920CAF100010CA8F8
:10914000FFF74AFC5A463146F1E7FD6812A805F0E0
:10915000B00315F4007504930D9B18BFA5694B442B
:109160001D4414AB12930023690013938DF8503003
:1091700004F0EAF8049BBE68102B11D1B5422CBF55
:109180004FF0000B4FF0010B4FF0000A09AB13F842
:109190000A30042B2AD8DFE803F0261B060F18003C
:1091A0004FF0000BF0E7FB689B051FD5D4E90512D3
:1091B00012A8F0F7D3FD19E0B9F1000F16D0039B08
:1091C000197812A804F0DEF810E0DDE90C12EFE7E0
:1091D000BBF1000F05D04246711B12A8FFF7FCFB44
:1091E00004E04146EDE7BBF1000FF4D10AF1010ABA
:1091F000BAF1040FCAD1B9F1010F06D9039909F1E7
:10920000FF3212A80131F0F7A9FD13998E4208D957
:10921000049B711A202B0DD1424612A8FFF7DCFBEC
:1092200031460AAC06AA0091129B204606CAFFF7F7
:10923000E4FE06E00A464346002112A8F0F758FE75
:10924000EEE794E80300069012A88DF81C1003F0D6
:10925000C2FF0CA803F0BFFF0023BB6006AB93E87E
:109260000300059B83E80300184619B0BDE8F08FA2
:1092700012A803F0B0FF0CA803F0ADFF04F070FAE1
:10928000F9E72DE9F04F99B0229F06A9249D07F137
:109290006C0405909DF88C80204681E80C00F2F764
:1092A0002BFE82462046F0F76DFD2E6890F8383090
:1092B0000446327869689A4221D0026BC369D0F8BB
:1092C0002090099203933144334699421D4606D9B2
:1092D00028780133DAF81820125C5207F5D4AD1B58
:1092E000AB46002D00F0E2800EAB69000CA80C9399
:1092F00000230D938DF8383004F026F809E0426B16
:10930000436AD0F82890099203930029DBD00136F4
:10931000D9E7E36AA5EB030ABAF1000F1DDDE168A6
:1093200015EA230538BF55460D9AF1B100216B00AF
:109330000CA80091F6F7AEFC7319A17C0C98CDE94E
:109340000063D4E9022302F038F80C994FF0FF32A1
:10935000411A0CA8F0F756FDAA46E36A002B1EDD61
:10936000617C0CA804F00EF805E033460CA80095CB
:10937000F6F7CEFCF0E7BAF1000F06DBE26A06EB87
:109380000A010CA8F0F7EAFC09E094F83920CAF1C8
:1093900000010CA8FFF720FB5A463146F1E7FD68B3
:1093A00012A805F0B00315F4007504930D9B18BFC7
:1093B000A5694B441D4414AB129300236900139319
:1093C0008DF8503003F0C0FF049BBE68102B11D104
:1093D000B5422CBF4FF0000B4FF0010B4FF0000ACD
:1093E00009AB13F80A30042B2AD8DFE803F0261B58
:1093F000060F18004FF0000BF0E7FB689B051FD528
:10940000D4E9051212A8F0F7A9FC19E0B9F1000F90
:1094100016D0039B197812A803F0B4FF10E0DDE921
:109420000C12EFE7BBF1000F05D04246711B12A8EA
:10943000FFF7D2FA04E04146EDE7BBF1000FF4D1AB
:109440000AF1010ABAF1040FCAD1B9F1010F06D924
:10945000039909F1FF3212A80131F0F77FFC13994B
:109460008E4208D9049B711A202B0DD1424612A8B6
:10947000FFF7B2FA31460AAC06AA0091129B2046C9
:1094800006CAFFF7BAFD06E00A464346002112A8C5
:10949000F0F72EFDEEE794E80300069012A88DF891
:1094A0001C1003F098FE0CA803F095FE0023BB608F
:1094B00006AB93E80300059B83E80300184619B048
:1094C000BDE8F08F12A803F086FE0CA803F083FE1F
:1094D00004F046F9F9E7F0B587B0054604AC0F9EF5
:1094E0009DF8307084E80C000D9B9DF838200093A7
:1094F000CDE9012694E80C0027B1FFF798FD284636
:1095000007B0F0BDFFF7BDFEF9E710B50446D0E99E
:10951000003043B1421C06D1184603F04CFE431CF8
:1095200004BF0023236010BD38B50D46FFF7EDFFE3
:1095300004462846FFF7E9FF431C621C5842584185
:1095400054425441011B4842484138BD08B5FFF719
:10955000EBFF80F00100C0B208BD2DE9F74F0546D2
:109560006C464FF00009DDF840A04FF00A0B4E4664
:10957000DDE9120784E80C006C30F2F7BDFC804690
:109580000CA92046FFF7E2FF70B1119B9E420BD061
:109590002046FFF7BAFF2A22C1B24046FFF786FBFA
:1095A0003038C2B2092A10D9C6B10F9A914515DBDD
:1095B000D14513DC0E9AC2F8009094E8030085E8C8
:1095C0000300284603B0BDE8F08F0BFB0909D14525
:1095D000EADC20460136FFF709FAD1E73B6843F0A1
:1095E00004033B60E9E72DE9F04F8DB000AFF8616F
:1095F00007F12004F86E6C3084E80C00F2F77CFC74
:109600006B46BA6E054607F158012046A3EBC2032C
:109610009D46DB08E846BB61FFF798FF002800F095
:109620007281BB6E20464FF0000B9B007B61BB6ECE
:1096300008EB8309FFF769FFC4B228462146FFF70C
:1096400021FB214606462846FFF719FB5C46824669
:10965000BB6E9B450BD10026012C2BD8012C40F072
:10966000528107F120000136FFF7C0F9E2E07B6E7E
:10967000284653F82B301978FFF704FB86420FD1A8
:10968000A3003B617B6E53F82B00E7F7DBFB3B69E4
:1096900049F82400013448F803B00BF1010BD7E777
:1096A0007B6E284653F82B301978FFF7E8FA82458D
:1096B000F3D1E5E7CB4609EB84005BF8043BFB62A2
:1096C0005B461A46F96A0433D2F800C08C4507F1AC
:1096D0002C0128BF0A469842D2F800A0C7F82CA057
:1096E000EFD1013607F12000FFF780F9B24547D1ED
:1096F00007F1580107F12000FFF728FF824600B369
:1097000007F12000FFF701FFC1B22846FFF7BAFAC0
:10971000386107F12000FFF7F8FEC1B22846FFF7D5
:10972000AEFA0023F860796E58F8232051F8222011
:1097300059F82310B1425AD801339C42F3D14FF06B
:10974000000A002359F82320911B4A424A415245FE
:1097500009BF04F1FF34013358F8242048F82320CE
:1097600004BF59F8242049F823209C42EAD8BAF1D2
:10977000000F5BD0D9F8003001218C42FB6249D840
:10978000FB6AB3427FF66AAF07F1580107F1200088
:10979000FFF7DCFE00283FF461AF07F120004FF037
:1097A000000AFFF7B2FEC1B22846FFF76BFA386134
:1097B00007F12000FFF7A9FEC1B22846FFF75FFAC4
:1097C000F86054457FF648AF7B6E284658F82A204B
:1097D0004FEA8A0B53F82220915DBA60FFF752FAE4
:1097E0003B69BA6883426DD10AF1010AE9E7915DEC
:1097F00028467B60BA60FFF745FA3B698342A0D0F8
:10980000BA682846915DFFF73AFAFB6883427B68A5
:1098100092D196E75A4601310BF1040B106883424E
:1098200007F12C0398BF1A461368A6E7022C2CD028
:10983000012C68D1D8F80040D7E9053253F83280BE
:109840007B6E53F8243003EB0609464562D207F1DC
:10985000580107F12000FFF779FE002853D019F8CE
:10986000011B2846FFF70EFA824607F12000FFF79A
:109870004CFEC1B22846FFF705FA824533D107F105
:1098800020000136FFF7B2F8DFE7BB6EDB073AD402
:10989000D8F80030B86EBA6EB3EB500F4FEA5201F1
:1098A000D8F8042002D20B449342C2E75B1A9342D9
:1098B00029D1C8F80030D9F80430D7E9052142F899
:1098C0003130B7E7915D2846FFF7D9F9FB6883424D
:1098D0008AD0013C58F8242048F80B2059F824205D
:1098E00049F80B206DE719F8011C2846FFF7C7F966
:1098F000824607F12000FFF708FEC1B22846FFF7B5
:10990000BEF98245BBD03B6F3A6F1B6843F004033E
:10991000136002E0F7D13B6E1C60FB69D7E90801D8
:10992000343783E803001846BD46BDE8F08F2DE9C3
:10993000F04F87B0814600AF786D07F110066C30AC
:10994000D7E913AB86E80C00F2F7D6FA6B46F8605D
:1099500007F14001A3EBCB0330469D46E846FFF7F5
:10996000F5FD002800F0838000243046FFF7CDFD90
:109970002546C3B24FEA4B02A24237D1002D76D022
:1099800030460024FFF732F8AB00073323F007031B
:10999000ADEB030D6E4658F824305AF82300E7F774
:1099A00051FA46F824000134A542F4D1012507F10B
:1099B000400107F11000FFF7C9FD58BB012C5AD137
:1099C0003368AB425ED1D8F80030BA6C5B45A8BFB3
:1099D000A3EB0B03136007F118031C3713E9030013
:1099E00089E803004846BD46BDE8F08F5AF82410C8
:1099F0000978994204D148F8254001350134BBE784
:109A0000F868C7E90132FFF73AF97B68BA6898420B
:109A1000F4D1F0E707F11000FFF777FD0023C0B2A3
:109A200019469C4207D88C42C8D007F11000013576
:109A3000FEF7DCFFBBE756F823204FEA830E06EB68
:109A4000830CAA4202D801310133EAE758F82320F7
:109A50005AF82220525D8242F6D0013C58F8242068
:109A600048F80E2056F82420CCF80020D9E700242E
:109A7000254626469BE7022C04D13368AB42A2D090
:109A800073689EE7BB6DBA6D1B6843F00403A1E7E2
:109A90002DE9F04F8FB04FF0000A064688460AAC19
:109AA000CDF834A008ADDDE91AB784E80C000BF15D
:109AB0006C00F2F721FA0DAB0222CDF80CA0814622
:109AC000CDE906B36323CDE904320CAB029318ABA6
:109AD00093E803008DE803004146284694E80C0013
:109AE000FFF73BFD0D9B95E8030084E80300002B86
:109AF00051D118A92046FFF729FD002846D020465D
:109B0000FFF703FD2A22C1B24846FFF7CFF8A0F1C4
:109B10003005EBB2092B39D820464FF00A08FEF782
:109B200065FF0C9B18A9204608FB03550C95FFF711
:109B30000DFD98B12046FFF7E8FC2A22C1B2484645
:109B4000FFF7B4F8A0F13005EBB2092B06D8204698
:109B5000FEF74CFF0C9B08FB03550C950C9BA3F2E6
:109B60006C730C931C9B0C9A5A6118A92046FFF742
:109B7000DBFC18B13B6843F002033B6094E8030050
:109B800086E8030030460FB0BDE8F08F0C9B442BF5
:109B9000E8DC6433E5E73B6843F004033B60E4E75B
:109BA0002DE9F0439DB0054688460AAC08AFDDE9D3
:109BB000269684E80C0009F16C00F2F7FFFA83683E
:109BC0009A6C0E92DA6C0F921A6D10925A6D119275
:109BD0009A6D1292DA6D13921A6E1492DA6A1592D5
:109BE0001A6B16925A6B17929A6B1892DA6B19923B
:109BF0001A6C5B6C1A921B9300230D930DABCDE98D
:109C00000593072304930EAB03930CAB029324AB91
:109C100093E803008DE803004146384694E80C00C1
:109C2000FFF785FE0D9B97E8030084E803009BB9CE
:109C3000289B0C9A9A6124A92046FFF775FC18B15D
:109C4000336843F00203336094E8030085E80300BF
:109C500028461DB0BDE8F083336843F00403336049
:109C6000E9E72DE9F043A7B0054688460AAC08AFFE
:109C7000DDE9309684E80C0009F16C00F2F79EFAF9
:109C80000EAA80681146FEF782FE1AA9FEF761FE51
:109C900000230D930DABCDE905930C23CDE90323F0
:109CA0000CAB02932EAB93E803008DE80300414612
:109CB000384694E80C00FFF73AFE0D9B97E8030046
:109CC00084E803009BB9329B0C9A1A612EA92046A6
:109CD000FFF72AFC18B1336843F00203336094E8BD
:109CE000030085E80300284627B0BDE8F083336809
:109CF00043F004033360E9E72DE9F04F91B00546E6
:109D000089460AACDDF878A00DAE0DF12008DDE93A
:109D10001CB784E80C000BF16C00F2F74FFA836873
:109D20001A690023CDF808B00F93CDE90D331AABB3
:109D3000CDE90526CDE9037A93E803008DE8030019
:109D40004946404694E80C00F0F7C8F998E803004B
:109D500084E8030051463046F6F7B2FD1AA92046C2
:109D6000FFF7E2FB18B13B6843F002033B6094E865
:109D7000030085E80300284611B0BDE8F08F2DE907
:109D8000F04F91B0054689460AACDDF878A00DAEDB
:109D90000DF12008DDE91CB784E80C000BF16C0024
:109DA000F2F70CFA83689A680023CDF808B00F9395
:109DB000CDE90D331AABCDE90526CDE9037A93E859
:109DC00003008DE803004946404694E80C00F0F794
:109DD00085F998E8030084E8030051463046F6F719
:109DE0006FFD1AA92046FFF79FFB18B13B6843F0AF
:109DF00002033B6094E8030085E80300284611B0A5
:109E0000BDE8F08F2DE9F04F91B04FF00008054606
:109E100089460AAC9DF880709DF87CA0DDE91CB6EF
:109E200084E80C000BF16C00F2F766F82521C6F807
:109E30000080FEF72AFF8DF83000002F36D18DF814
:109E400031A08DF8327000230DAFCDF808B00DF1C0
:109E500020080F930697CDE90D330CAB05931E9B9D
:109E6000CDE903631AAB93E803008DE8030049468C
:109E7000404694E80C00F0F731F998E8030084E8D4
:109E800003001E993846F6F71BFD1AA92046FFF776
:109E90004BFB18B1336843F00203336094E80300CE
:109EA00085E80300284611B0BDE8F08F8DF83170C9
:109EB0008DF832A08DF83380C5E72DE9F04192B0DE
:109EC0000F46064608AC9DF8681006AD84E80C0005
:109ED0000EAA0C920022DDE91B380D928DF8382075
:109EE0000CAA029318ABCDE9038289B193E8030071
:109EF0008DE803003946284694E80C00F0F76CFE24
:109F000095E803000C9D84E80300EEF7EFF90FE0FD
:109F100093E803008DE803003946284694E80C00D6
:109F2000F1F754F8ECE70CA803F055F903F018FC2E
:109F30000BAB42461D990B902846F6F7F9FB94E8C7
:109F4000030086E803000CA803F045F9304612B080
:109F5000BDE8F0812DE9F04F91B006460F46DDF8DF
:109F6000749008AC9DF870B006AD09F16C00DDF896
:109F70007CA084E80C00F1F7BFFF0CAB80460A938D
:109F800000230B938DF830300AAB04931E9BCDE970
:109F900002931AAB93E803008DE803003946284684
:109FA00094E80C00BBF1000F12D0F0F715FE95E815
:109FB00003000B9D84E803006DB994E8030086E874
:109FC00003000AA803F007F9304611B0BDE8F08F8E
:109FD000F0F7FCFFEBE72946504603F00AFA0A992E
:109FE0004046DAF800304A19FEF709FDE5E70AA80D
:109FF00003F0F1F803F0B4FB03F0EDB8F8B54D68E9
:10A000000E460746681C03F015FE00230446014671
:10A010002A463046F5F712FF002328463C60635578
:10A02000F8BD13B5049CCDE9003413460A46C16857
:10A030004FF00000FDF7A7FF02B010BD30B58BB0A8
:10A040000D4604460AA901E90C0079230EAA0693DD
:10A05000129B0593119B0493109B039301AB92E811
:10A06000030083E80300099B20464FF000010093A2
:10A07000089BAA68FEF7ACF820460BB030BD30B59F
:10A080008BB00D4604460AA901E90C006D230EAA07
:10A090000693129B0593119B0493109B039301ABB2
:10A0A00092E8030083E80300099B20464FF000017B
:10A0B0000093089BAA68FEF78BF820460BB030BDD2
:10A0C00030B58BB00D4604460AA901E90C00772390
:10A0D0000EAA0693129B0593119B0493109B039366
:10A0E00001AB92E8030083E80300099B20464FF090
:10A0F00000010093089BAA68FEF76AF820460BB09F
:10A1000030BD30B58BB00D4604460AA901E90C00FC
:10A1100064230EAA0693129B0593119B0493109B34
:10A12000039301AB92E8030083E80300099B2046F8
:10A130004FF000010093089BAA68FEF749F82046FB
:10A140000BB030BD30B58BB00D4604460AA901E90D
:10A150000C0074230EAA0693129B0593119B049383
:10A16000109B039301AB92E8030083E80300099B73
:10A1700020464FF000010093089BAA68FEF728F8DC
:10A1800020460BB030BD81684FF00000FEF71DB8CF
:10A19000F0B591B00F4605460AAC08AE84E80C0055
:10A1A000002316AA07930D930EAB06930DAB0593F0
:10A1B000199B04939DF86030039301AB92E8030070
:10A1C00083E803000B9B4FF0000130460093BA6810
:10A1D0000A9BEFF7F5F90D9B96E8030084E803006E
:10A1E0005BB91B99DDE90E23C1E9002394E8030064
:10A1F00085E80300284611B0F0BD1A9A1360F5E710
:10A2000010B58AB004460DF1280C0CE90C000023AF
:10A210000693DDE91023CDE904239DF8383003933C
:10A220000D9B02939DF830300193099B0093089B8E
:10A230008A684FF00001FEF725F820460AB010BDED
:10A240000A4601694FF00000FDF7BBBF07B5009259
:10A25000D1E9002301694FF00000FDF76DFF03B065
:10A260005DF804FB10B50446F1F73CF9204603F015
:10A2700006FA204610BD10B50446F1F745F9204610
:10A2800003F0FDF9204610BD10B50446F1F750F972
:10A29000204603F0F4F9204610BD10B50446F1F74E
:10A2A0005BF9204603F0EBF9204610BD10B50446DB
:10A2B000F1F760F9204603F0E2F9204610BD10B531
:10A2C0000446F1F76DF9204603F0D9F9204610BD98
:10A2D00010B50446F1F776F9204603F0D0F9204690
:10A2E00010BD10B50446F1F77FF9204603F0C7F919
:10A2F000204610BD70B592B00E46044608A90BADBD
:10A3000081E80C000023199928461193F1F7C2F84F
:10A310000022002306954FF000012046CDE90423DA
:10A320009DF860300393179B02939DF8583001937A
:10A33000099B0093089BB268FDF7A4FF04E0284640
:10A34000FDF7A6FD03F00CFA2846FDF7A1FD204617
:10A3500012B070BD30B514460D4687B00846FEF702
:10A3600083FD84F824002846FEF781FD002329465A
:10A3700084F82500A36068466361E361012384F8E3
:10A380006430FEF777FD694604F10800FFF736FEFA
:10A39000E060684602F01FFF29466846FEF771FD3F
:10A3A000694604F11400FFF729FEA061684602F037
:10A3B00012FF29466846FEF76BFD694604F11C0052
:10A3C000FFF71CFE2062684602F005FF07B030BDB3
:10A3D000684602F000FF03F0C3F9F9E7F8E710B4AC
:10A3E000084611461A46DDE90134019410BCFEF717
:10A3F000F7BD10B586B014461A466846089BFEF7AE
:10A40000F5FD69462046F1F745F8684602F0E3FE9F
:10A4100006B010BD684602F0DEFE03F0A1F930B5CB
:10A4200014460D4687B00846FEF7EFFC60742846D8
:10A43000FEF7EEFCA0742846FEF709FD002329462E
:10A44000E062A36068466361E3616362012384F8AC
:10A450004330FEF7E0FC694604F10800FFF7CEFD4B
:10A46000E060684602F0B7FE29466846FEF7DAFC6F
:10A47000694604F11400FFF7C1FDA061684602F0CF
:10A48000AAFE29466846FEF7D4FC694604F11C0082
:10A49000FFF7B4FD2062684602F09DFE294668463B
:10A4A000FEF7CEFC694604F12400FFF7A7FDA06289
:10A4B000684602F090FE2846FEF7CCFC2063284652
:10A4C000FEF7CDFC606307B030BD684602F083FE46
:10A4D00003F046F9F9E7F8E7F7E730B514460D461B
:10A4E00087B00846FEF762FC60742846FEF761FC00
:10A4F000A0742846FEF77CFC00232946E062A36096
:10A5000068466361E3616362012384F84330FEF7C8
:10A5100053FC694604F10800FFF770FDE0606846EF
:10A5200002F059FE29466846FEF74DFC694604F1E3
:10A530001400FFF763FDA061684602F04CFE294657
:10A540006846FEF747FC694604F11C00FFF756FD1C
:10A550002062684602F03FFE29466846FEF741FC4D
:10A56000694604F12400FFF749FDA062684602F045
:10A5700032FE2846FEF73FFC20632846FEF740FCEB
:10A58000606307B030BD684602F025FE03F0E8F8CE
:10A59000F9E7F8E7F7E710B586B00C4611461A461A
:10A5A0006846F0F74FFF089A69462046FEF706FD19
:10A5B00004E0684602F00FFE03F0D2F80446684655
:10A5C00002F009FE204606B010BDF0B58FB00E4671
:10A5D00015461F4602ACDDE916122046F0F732FFA1
:10A5E000159B3A463146009308A8149B0194FEF748
:10A5F000E8FC08A92846F0F74DFF08A802F0EBFD9B
:10A60000204602F0E8FD0FB0F0BD08A802F0E3FD1F
:10A61000204602F0E0FD03F0A3F8F9E708461146F2
:10A62000FEF7DBBC0846FEF73ABC82B0F0B587B057
:10A63000054616469DF850700FAC0D930DAB742F68
:10A640001398DDE911211ED00ED8642F2DD002926F
:10A65000CDE9031094E803008DE803003146284655
:10A660000CCBFEF773FC1AE0772F2BD00292CDE9CA
:10A67000031094E803008DE80300314628460CCB14
:10A68000FEF780FC0BE0CDE90310029294E8030092
:10A690008DE80300314628460CCBFEF703FC284624
:10A6A00007B0BDE8F04002B07047CDE90310029258
:10A6B00094E803008DE80300314628460CCBFEF7F2
:10A6C0000DFCECE7CDE90310029294E803008DE85D
:10A6D0000300314628460CCBFEF71CFCDFE782B0B6
:10A6E0002DE9F0438FB0174605461E9A17AC179315
:10A6F00019AB9DF86C10DDE91C089AB1CDE9048214
:10A70000CDE9021093E803008DE80300394628469E
:10A7100094E80C00FEF7DAFA28460FB0BDE8F043E3
:10A7200002B0704708AE0DF1280C0DF118098DF834
:10A730002820CDE90486CDE9021093E80300CDE995
:10A7400008C28DE803003946484694E80C00FEF73D
:10A75000DCFAD8F8003099E8030084E803003BB144
:10A7600094E8030085E80300304602F034FDD3E7A7
:10A7700031461F98F0F78EFEF2E7304602F02BFDCF
:10A7800002F0EEFF82B02DE9F0478CB00446164689
:10A790001C9915AF9DF85C80DDF860909DF864A071
:10A7A0001593B1B106AD2846F1F784F8314620463D
:10A7B000CDE902A5CDE9008997E80C00FEF7DEFAA5
:10A7C000284602F008FD20460CB0BDE8F04702B074
:10A7D0007047DDE91A23CDE9019ACDE90423CDF8CC
:10A7E0000080314697E80C00FEF7AEFAEBE728460A
:10A7F00002F0F1FC02F0B4FF10B58AB0044600206C
:10A8000000931346C96803AA0990FDF7C6FB03A984
:10A810002046F1F74FF804E003A8FDF739FB02F0FA
:10A820009FFF03A8FDF734FB20460AB010BD2DE9B9
:10A83000F0419AB08C4606460AAD13AF259C0DF147
:10A84000200885E80C00002320AACDE906371993DB
:10A850000C930CAB0593239B04939DF888300393D2
:10A8600001AB92E8030083E803000B9B4FF000016B
:10A87000404600930A9BDCF80820EEF7A1FE0C9BF3
:10A8800098E8030085E80300002B3BD139460DA86A
:10A89000F1F710F80D990FAB206899420E9A19D173
:10A8A0000AB102F0B8FC0E9B002122686360D1540B
:10A8B00000230D9A0DA80E93137002F08CFC95E8FE
:10A8C000030086E803003846FDF7E2FA30461AB086
:10A8D000BDE8F08104F1080C6045DDF83CC005D10D
:10A8E000C4F808C0C4E900120D93E1E7D4F808E009
:10A8F000C4F808C0C4E900120028F5D00D90CDF8C6
:10A900003CE0D5E7249A1360D9E73846FDF7C0FA52
:10A9100002F026FF30B58DB00025044611980B9546
:10A9200045680395006802901098CDE90030134601
:10A93000096905AA4FF00000FDF718FC05A920469B
:10A94000F0F7B8FF04E005A8FDF7A2FA02F008FF4F
:10A9500005A8FDF79DFA20460DB030BD82B037B591
:10A9600006AD044685E80C000A9A0B6801920022A5
:10A9700000921D69DDE90623A847204603B0BDE823
:10A98000304002B07047006A03F012BFF8B50D46C0
:10A990004FF0FF3611464FF0FF370023069A04466A
:10A9A000C0E90067C0E902331AB1012A14BF0222CC
:10A9B0000122286AF7F7FAFC28B9286AF7F718FD88
:10A9C000C317C4E900032046F8BD03460846012129
:10A9D0001B6A03F048BF38B50C46036A05460121DF
:10A9E000204603F021FF0028CABF24184FF0FF3390
:10A9F00014F8013C6B6238BD08B50B46016A5A1C5D
:10AA000004D01846BDE8084003F0FABE084603F03B
:10AA1000CFFE003818BF0120404208BD10B50446E3
:10AA2000F0F758FF204602F02AFE204610BD10B570
:10AA30000446006A03F0C1FE606210BD10B5044612
:10AA4000006A03F0BAFE216ABDE8104003F02ABF95
:10AA50004A1C10B50446084602D1606A431C02D065
:10AA6000216A03F01FFF4FF0FF33636210BD0FB484
:10AA700008B50298F0F78AFF10B50446F0F7B6FF64
:10AA8000204602F0FCFD204610BD08B5436919437D
:10AA9000F0F7B6FF08BD08B543690B43436103698E
:10AAA000194201D003F082F808BD38B504460846C3
:10AAB0000D46F1F7A1FB10B12846F1F71DFAE0674A
:10AAC0002846F1F783F910B12846F1F743F9C4F8A5
:10AAD00080002846F1F75CF910B12846F1F71CF91F
:10AAE000C4F8840038BD38B504460D4603F0A6FB13
:10AAF00004F16C012046FFF7D8FFA567B5FA85F58C
:10AB000000236D092367A4F874302361656138BDA3
:10AB100070B505460E46846904B970BDD4E90132AA
:10AB20002946304698472468F6E702F0BBFE02F05B
:10AB3000E2FEF8E7013101D002F012FEF5F79EFACD
:10AB400038B50446806910B90023A36138BDC368D5
:10AB50005A1EC260002BF7D1056802F090FD28460E
:10AB6000F1E710B50446F0F77DFF204602F087FDBF
:10AB7000204610BD10B50446F0F790FF204602F0C5
:10AB80007EFD204610BDD0F800C0ACF10C0CDCF806
:10AB900000C06044EEE70A68026052F80C2C496875
:10ABA00081500022426070478368587C70478368F8
:10ABB000987C70478368D86A70478368002082B0A9
:10ABC0001B6BDAB262F30700C3F3072262F30F20B4
:10ABD000C3F307421B0E62F3174063F31F6002B01A
:10ABE00070478368002082B05B6BDAB262F30700C3
:10ABF000C3F3072262F30F20C3F307421B0E62F375
:10AC0000174063F31F6002B070478368587C704739
:10AC10008368987C70478368D86A7047836800208F
:10AC200082B01B6BDAB262F30700C3F3072262F350
:10AC30000F20C3F307421B0E62F3174063F31F603C
:10AC400002B070478368002082B05B6BDAB262F3B7
:10AC50000700C3F3072262F30F20C3F307421B0E62
:10AC600062F3174063F31F6002B07047836893F884
:10AC700024007047836893F82500704700207047D0
:10AC80000020704770470020914200D3704711F8B0
:10AC9000013B03EB7060F7E710B50446F0F718FFCF
:10ACA000204602F0ECFC204610BD10B50446F0F73B
:10ACB00019FF204602F0E3FC204610BD10B5044603
:10ACC000F0F71AFF204602F0DAFC204610BD10B55E
:10ACD0000446F0F71BFF204602F0D1FC204610BDD1
:10ACE00010B50446F0F71CFF204602F0C8FC2046D1
:10ACF00010BD10B50446F0F71DFF204602F0BFFC62
:10AD0000204610BD10B50446F0F71EFF204602F0A5
:10AD1000B6FC204610BD10B50446F0F71FFF2046D4
:10AD200002F0ADFC204610BD10B50446F0F724FF3C
:10AD3000204602F0A4FC204610BD10B50446F0F7F2
:10AD400029FF204602F09BFC204610BDD0E90221DD
:10AD50008A4202D201328260704703689B6A1847B8
:10AD60000A2808D82F2918D93030C0B2814214D20D
:10AD7000A1F130007047A1F13003092BF8D9A1F1FE
:10AD80006103052B02D8A1F157007047A1F14103DF
:10AD9000052B02D8A1F1370070474FF0FF30704704
:10ADA00010B504460068FFF7D1FF4FF0FF33636032
:10ADB00010BD70B5054616460C4649B10846E6F783
:10ADC00041F8211832462046F0F702FF286070BD96
:10ADD0004FF0FF31F6E78B6813B5044601AAD96935
:10ADE000FFF7E7FF204602B010BD8B6813B504469D
:10ADF00001AA5969FFF7DDFF204602B010BD8B683C
:10AE000013B5044601AA9968FFF7D3FF204602B0A4
:10AE100010BD8B6813B5044601AA596AFFF7C9FF34
:10AE2000204602B010BD8B6813B5044601AAD9694B
:10AE3000FFF7BFFF204602B010BD8B6813B5044674
:10AE400001AA5969FFF7B5FF204602B010BD8B6813
:10AE500013B5044601AA9968FFF7ABFF204602B07C
:10AE600010BD8B6813B5044601AA596AFFF7A1FF0C
:10AE7000204602B010BD8B6813B5044601AAD969FB
:10AE8000FFF797FF204602B010BD8B6813B504464C
:10AE900001AA5969FFF78DFF204602B010BD8B68EB
:10AEA00013B5044601AA9968FFF783FF204602B054
:10AEB00010BD07B5006801A90C38EEF7B7FD03B067
:10AEC0005DF804FB2DE9F0411F46037F04460D4663
:10AED000012B164607D1914213D03846521ABDE8CD
:10AEE000F04103F0EBBB0BB9FDF730FC23683246B1
:10AEF00029462046D3F81CE03B46F446BDE8F04125
:10AF00006047BDE8F0812DE9F04385B01C468046DE
:10AF10000846114603AAF0F75BFE01AA814602909B
:10AF20000C992046F0F754FE59F80C7C054650F871
:10AF30000C6C4F44039006442A464946404603F0B1
:10AF40006DF9044670B94846E5F77CFF8144284610
:10AF5000E5F778FF4F4505EB00040DD1341B18BF12
:10AF60004FF0FF3403A8FFF7A4FF02A8FFF7A1FFEB
:10AF7000204605B0BDE8F083A64203D009F10109DF
:10AF8000651CD9E70124EDE702A8FFF792FF02F064
:10AF9000E7FBF0B589B004460D4606AE86E80C0026
:10AFA000139A0B680592129A0492119A03929DF8D3
:10AFB000402002920EAA92E803008DE8030020468A
:10AFC0009F68294696E80C00B847204609B0F0BDB6
:10AFD000F0B589B004460D4606AE86E80C00139A1B
:10AFE0000B680592129A0492119A03929DF84020E0
:10AFF00002920EAA92E803008DE803002046DF6863
:10B00000294696E80C00B847204609B0F0BD70B557
:10B0100088B00E68054606AC84E80C00DDE9102314
:10B02000CDE904239DF8383002930D9B01939DF8E0
:10B0300030300093B66894E80C00B047284608B05A
:10B0400070BD70B586B0054604AC84E80C000D9A5E
:10B050000B6803929DF8302002920B9A01929DF8A2
:10B0600028200092DE6894E80C00B047284606B01D
:10B0700070BD03689B6818470368DB6818470B6856
:10B0800010B504461B699847204610BD0B6810B5E3
:10B0900004465B699847204610BD0B6810B504460E
:10B0A0009B699847204610BD0B6810B50446DB69C4
:10B0B0009847204610BD03681B6A1847036882B092
:10B0C0005B6A02B01847036882B09B6A02B01847F7
:10B0D00003689B6818470368DB6818470B6810B55E
:10B0E00004461B699847204610BD0B6810B50446FE
:10B0F0005B699847204610BD0B6810B504469B69F4
:10B100009847204610BD0B6810B50446DB69984788
:10B11000204610BD03681B6A1847036882B05B6A4B
:10B1200002B01847036882B09B6A02B018470368F0
:10B130009B6818470368DB6818470B6810B504461E
:10B140001B699847204610BD0B6810B504465B6923
:10B150009847204610BD0B6810B504469B69984778
:10B16000204610BD83689A680A60DB684B607047B0
:10B1700083681A690A605B694B60704783689A69E3
:10B180000A60DB694B60704783681A6A0A605B6A11
:10B190004B6070478368DA6A0A601A6B4A605A6BC0
:10B1A0008A609A6BCA60DA6B0A611A6C4A615B6CDE
:10B1B0008B61704783689A6C0A60DA6C4A601A6D1A
:10B1C0008A605A6DCA609A6D0A61DA6D4A611B6EB7
:10B1D0008B61704783685A6E0A609A6E4A60DA6EB5
:10B1E0008A601A6FCA605A6F0A619A6F4A61DA6F91
:10B1F0008A61D3F88020CA61D3F884200A62D3F828
:10B2000088204A62D3F88C208A62D3F89030CB62CF
:10B2100070478368D3F894200A60D3F898204A6076
:10B22000D3F89C208A60D3F8A020CA60D3F8A42069
:10B230000A61D3F8A8204A61D3F8AC208A61D3F818
:10B24000B020CA61D3F8B4200A62D3F8B8204A62A9
:10B25000D3F8BC208A62D3F8C030CB627047036851
:10B260009B681847F0B589B004460D4606AE86E8DF
:10B270000C00129A0B680492119A0392109A02928F
:10B280000EAA92E803008DE803002046DF682946F5
:10B2900096E80C00B847204609B0F0BDF0B589B07B
:10B2A00004460D4606AE86E80C00129A0B6804921E
:10B2B000119A0392109A02920EAA92E803008DE866
:10B2C000030020461F69294696E80C00B84720462F
:10B2D00009B0F0BDF0B589B004460D4606AE86E86B
:10B2E0000C00129A0B680492119A0392109A02921F
:10B2F0000EAA92E803008DE8030020465F69294604
:10B3000096E80C00B847204609B0F0BDF0B589B00A
:10B3100004460D4606AE86E80C00129A0B680492AD
:10B32000119A0392109A02920EAA92E803008DE8F5
:10B33000030020469F69294696E80C00B84720463E
:10B3400009B0F0BDF0B589B004460D4606AE86E8FA
:10B350000C00129A0B680492119A0392109A0292AE
:10B360000EAA92E803008DE803002046DF69294613
:10B3700096E80C00B847204609B0F0BD03689B680A
:10B38000184773B5079E04460D680196069E009601
:10B39000ED68A847204602B070BD03681B691847D6
:10B3A00010B40468A468A44610BC604738B50D68A2
:10B3B0000446ED68A847204638BD2DE9F043002536
:10B3C00003F1FF3EDDE907642F4612F807C0A4EB46
:10B3D0000608D319E04509DC471EA64212D14044B5
:10B3E000013D14D2934221D1BDE8F0834FFA8CF98C
:10B3F000B9F1000FF0DDBE45A4EB0C048CBF0137A2
:10B400000135E2E716F801CB07F801CFE5E7017057
:10B4100007461E7804EB060C644502D10136304421
:10B42000DEE714F801EB07F801EFF5E701700646D7
:10B4300013F8015D6719BC4202D101352844D1E7F8
:10B4400014F801CB06F801CFF5E7F7B5DDE908748C
:10B4500008461946DDE90A36BFB1FD1A03EB050CB3
:10B46000CDE9003C134602462046FFF7A6FF041B29
:10B4700047B13268521B02D0394603F01FF93368D6
:10B480005B1B1C44346003B0F0BD3568E6E773B560
:10B49000099C0E4619462368DDE907500344CDE9AF
:10B4A0000003134628463246FFF787FF401B206003
:10B4B00002B070BD2DE9F0471D46C36889461446A9
:10B4C00003F0B003DDE90867202BA6EB0706BA46B8
:10B4D0000ED127B13A462946204603F0EFF8002E58
:10B4E0005AD032464946E019BDE8F04703F00DB99D
:10B4F000102B0ED04FF00008002E45D1B7EB080AF4
:10B500004AD0524605EB0801A019BDE8F04703F008
:10B51000D5B86C30F0F7F0FC2D218046FDF7B5FB77
:10B520002B78834205D12B784FF0010804F8013BBA
:10B53000E2E72B214046FDF7A8FB2B788342F2D0AF
:10B5400030214046FDF7A1FB2B788342D2D1012F59
:10B55000D0DD78214046FDF798FB6B78834209D116
:10B560002B7802344FF0020804F8023C6B7804F8A0
:10B57000013CC1E758214046FDF787FB6B788342C9
:10B58000EED03EB14FF0000832464946204603F067
:10B59000BCF8B3E7B046B4E7BDE8F08737B5089D1F
:10B5A000184614462B68CDE90023DDE90623FFF792
:10B5B00081FF2C6003B030BD70B59DF810407CB1A8
:10B5C00003460A26B1FBF6F506FB1514144424794C
:10B5D00003F8014D0C462946092CF3D8C01A70BD5A
:10B5E00003F04A04402C09D1034601F00704C908BE
:10B5F0001444247903F8014DF7D1EFE713F4804F99
:10B6000003460CBF04241424224401F00F0409094A
:10B61000145D03F8014DF8D1E0E72DE9F04114463F
:10B620009DF820201D460746DDE90683AAB106469F
:10B63000204629460A220023E4F78AFE4244137971
:10B64000224604460A2A06F8013D2B460D4673F1B0
:10B650000003EDD2B81BBDE8F08103F04A02402A96
:10B660000ED1064604F00703E408434444EA457457
:10B67000ED081B7906F8013D54EA0503F2D1E9E72C
:10B6800013F4804F06460CBF04231423984404F09F
:10B690000F03240918F8033044EA05742D0906F84D
:10B6A000013D54EA0503F2D1D4E738B50B680446EE
:10B6B0000D4653F80C0C206002F0BCFA0023014642
:10B6C000606022682846EEF745F9204638BD10B57F
:10B6D0000446406808B101F0D6FF204610BD38B5D9
:10B6E0000B6804460D4653F80C0C206002F0A2FAD9
:10B6F00000230146606022682846EEF72BF92046B9
:10B7000038BD10B50446406808B101F0BCFF2046C2
:10B7100010BD2DE9F04F8DB004AFBE6CD7F850804E
:10B72000C7E9021007F1100106F16C0081E80C0076
:10B73000F0F7D8FCF56800F1260386B005F04A0A58
:10B7400004460DF1100B4146BAF1400F7B600AD060
:10B75000BAF1080F07D0B8F1000F01DCC8F1000101
:10B760004FF0010901E04FF000092B4604F12602D9
:10B770000BF11400CDF80090FFF71EFF227CC0F102
:10B780001403F8615B44B2B1400094F8252007F13E
:10B790001C01093020F00700ADEB000D0DF1120B7C
:10B7A000CDE90231CDE9006B1346B868D4E9021245
:10B7B000FFF76DFE5B46FA69B9F1000F32D0B8F1C0
:10B7C000000F2CDB280506D594F82710013203F86A
:10B7D000011C013BFA61B268F969914211DAD11D8D
:10B7E00021F00701ADEB010D07F11C0104AC009441
:10B7F000CDE90131334697F84C10B868FFF7CEFE1B
:10B8000023460022B260FA690092F868D7E9041270
:10B81000FDF7F3FBF8682437BD46BDE8F08F94F8D8
:10B820002610D3E7A905D6D5B8F1000FD3D0BAF1C9
:10B83000400F02D194F82A10C8E7C5F3803504F10F
:10B8400026010232023B29448978FA61597094F842
:10B850002A101970BFE730B587B0054604AC84E8FC
:10B860000C000C9B02939DF82C3001930A9B0093D3
:10B8700094E80C00FFF74DFF284607B030BD2DE9D6
:10B88000F04F8DB004AF07F11005D7F8489097F846
:10B89000506007F11804B86085E80C00D9F80C2056
:10B8A00097F84C3012F0010FFA6016D1CDF80090E5
:10B8B0002046CDE9013695E80C00FFF72AFFBB686A
:10B8C00094E8030038613975243795E8030083E86C
:10B8D00003001846BD46BDE8F08F09F16C007B609F
:10B8E000F0F700FC7B687EB3D0E905A8D9F80860C2
:10B8F000B0453BDAA6EB08061946F21D22F0070216
:10B90000ADEB020D32460DF1100B584602F0FDFE74
:10B910000023C9F80830FB6803F0B003202B16D1D0
:10B9200053462046CDF8008095E80600FDF765FBFC
:10B930005B4694E80300386139750096204695E827
:10B940000600FDF75AFBBAE7D0E907A8CEE7204684
:10B9500000965B4695E80600FDF74FFB94E8030070
:10B96000386139755346CDF80080E7E70023C9F800
:10B970000830F7E72DE9F04F8BB004AF3D6CC7E915
:10B98000001007F1080105F16C0081E80C00F0F7E8
:10B99000A9FBEE6886B0044606F04A0900F12608C5
:10B9A0000DF1100BB9F1400F5FD0B9F1080A18BFC3
:10B9B0004FF0010ACDF800A033464246B96C0BF1B6
:10B9C0001400FFF7F9FD227CC0F1140378615B4499
:10B9D000B2B1400094F8252007F11401093020F09D
:10B9E0000700ADEB000D0DF1120BCDE90231CDE9F1
:10B9F000005B13463868D4E90212FFF748FD5B4646
:10BA0000BAF1000F0DD1B2050BD5BA6C4AB1B9F13C
:10BA1000400F7A692CD194F82A100132013B197039
:10BA20007A61AA687969914211DAD11D21F0070182
:10BA3000ADEB010D07F1140104AC0094CDE9013127
:10BA40002B4697F844103868FFF7A8FD23460022DC
:10BA5000AA607A6900927868D7E90212FDF7CDFAF8
:10BA600078681C37BD46BDE8F08F4FF0000AA1E7AB
:10BA7000C6F380360232023B08EB060189787A6110
:10BA8000597094F82A101970CBE730B587B0054685
:10BA900004AC84E80C000C9B02939DF82C300193BD
:10BAA0000A9B009394E80C00FFF764FF284607B058
:10BAB00030BD2DE9F04188B005460E9E04AC06AFBE
:10BAC000D6F80C80384684E80C0028F4804323F034
:10BAD0004A0343F40273F360109B02939DF83C30D9
:10BAE000CDE9006394E80C00FFF744FFC6F80C8032
:10BAF00097E8030004908DF8141094E8030085E89B
:10BB00000300284608B0BDE8F0812DE9F04F8DB064
:10BB100004AFBE6CC7E9021007F1100106F16C001A
:10BB200081E80C00D7E91498F0F7DCFAF5688AB0E0
:10BB3000044605F04A0105F04A030DF1100B4A4690
:10BB400040297B6043460DD008290BD0B9F1010F85
:10BB500078F1000103DAD9F1000268EB48034FF0F5
:10BB6000010A01E04FF0000A04F126010BF1280060
:10BB7000CDE9015A0091FFF750FD227CC0F1280366
:10BB8000F8615B44B2B1400094F8252007F11C0134
:10BB9000093020F00700ADEB000D0DF1120BCDE9DF
:10BBA0000231CDE9006B1346B868D4E90212FFF701
:10BBB0006EFC5B46FA69BAF1000F32D0B8F1000FA3
:10BBC0002CDB280506D594F82710013203F8011C58
:10BBD000013BFA61B268F969914211DAD11D21F095
:10BBE0000701ADEB010D07F11C0104AC0094CDE998
:10BBF0000131334697F84C10B868FFF7CFFC234665
:10BC00000022B260FA690092F868D7E90412FDF7E1
:10BC1000F4F9F8682437BD46BDE8F08F94F8261093
:10BC2000D3E7A905D6D559EA0808D3D005F04A01CB
:10BC3000402902D194F82A10C7E7C5F3803504F1F2
:10BC400026010232023B29448978FA61597094F83E
:10BC50002A101970BEE730B587B0054604AC84E8F9
:10BC60000C00DDE90C23CDE902239DF82C30019373
:10BC70000A9B009394E80C00FFF747FF284607B0A3
:10BC800030BD2DE9F04F8DB004AFC7E9021007F1C8
:10BC90001001BD6C81E80C003B6D05F16C007B6010
:10BCA0007B6D3B60F0F71EFAEE688AB0044600F147
:10BCB000260806F04A090DF1100BB9F1400F62D0C9
:10BCC000B9F1080A18BF4FF0010ACDF800800BF156
:10BCD0002800CDE9016AD7E90032FFF79EFC227CFB
:10BCE000C0F12803F8615B44B2B1400094F825200C
:10BCF00007F11C01093020F00700ADEB000D0DF13C
:10BD0000120BCDE90231CDE9005B1346B868D4E9E6
:10BD10000212FFF7BCFB5B46BAF1000F0FD1B20570
:10BD20000DD5D7E900120A4309D0B9F1400FFA69DD
:10BD30002CD194F82A100132013B1970FA61AA68DB
:10BD4000F969914211DAD11D21F00701ADEB010D26
:10BD500007F11C0104AC0094CDE901312B4697F8A2
:10BD60004C10B868FFF71AFC23460022AA60FA6953
:10BD70000092F868D7E90412FDF73FF9F868243714
:10BD8000BD46BDE8F08F4FF0000A9EE7C6F380364F
:10BD90000232023B08EB06018978FA61597094F887
:10BDA0002A101970CBE730B587B0054604AC84E89B
:10BDB0000C00DDE90C23CDE902239DF82C30019322
:10BDC0000A9B009394E80C00FFF75BFF284607B03E
:10BDD00030BD2DE9F04F8FB08A46814604AF3E6DED
:10BDE00007F1080106F16C0B584681E80C00F0F7EA
:10BDF00079F9D6F80480054697F85820B8F1000F75
:10BE000007F118013046B8BF4FF0060802F040FABB
:10BE1000F3688CB003F4827304ACB3F5827F7CD0FA
:10BE2000ECF764FA2146786107F11400D7E918238A
:10BE3000CDF80080CDE9022307F118032D22EEF79B
:10BE40006DF82C28386119DD421C083020F00700FD
:10BE50007A60ADEB000DECF749FA786104AC07F1BC
:10BE60001400D7E91823CDF800802146CDE902233C
:10BE70007A6807F11803EEF751F838615846F0F781
:10BE80003BF83A692146D31D224423F00703ADEB6A
:10BE9000030D0DF117084FEAD80B28F007084346A9
:10BEA000FFF710F82E23396907F1140220463B757D
:10BEB0007960FCF7A9FA7968002858D0031B95F837
:10BEC000242008EB030003F83B202B7C002B5CD1E3
:10BED000B2683B69934211DAD31D504623F0070341
:10BEE000ADEB030D07F1100304ACCDE90183A046CF
:10BEF0000094334697F85410FFF750FB0023484650
:10BF0000B3603B6900934346D7E90212FDF775F829
:10BF100048462C37BD46BDE8F08FECF7E7F92146DF
:10BF2000786107F11400D7E91823CDE9002307F160
:10BF300018032D22EDF7F2FF2C2838619EDD00F169
:10BF40000108083020F00700ADEB000DECF7CEF94A
:10BF5000786104AC07F11400D7E918232146CDE934
:10BF6000002307F118034246EDF7D8FF85E72B7C45
:10BF7000002BADD0022908DD6278392AA8D8A37831
:10BF8000303B092BA4D82F2AA2D94B00073323F02A
:10BF90000703ADEB030D23782D2B0DF1100B01D012
:10BFA0002B2B1CD198F80030013901248BF800307C
:10BFB000396107F1100295F82530039208EB04026D
:10BFC000D84602920BEB0402CDE900025046D5E9B7
:10BFD0000212FFF73AFA3B6923443B6178E70024F9
:10BFE000E7E730B589B0054606AC84E80C00DDE92A
:10BFF0000E23CDE90423002302939DF834300193EE
:10C000000C9B009394E80C00FFF7E3FE284609B070
:10C0100030BD2DE9F04F8FB08A46814604AF3E6DAA
:10C0200007F1080106F16C0B584681E80C00F0F7A7
:10C0300059F8D6F80480054697F85820B8F1000F53
:10C0400007F118013046B8BF4FF0060802F020F99A
:10C05000F3688CB003F4827304ACB3F5827F7CD0B8
:10C06000ECF744F92146786107F11400D7E9182369
:10C07000CDF80080CDE9022307F118032D22EDF75A
:10C080004DFF2C28386119DD421C083020F00700D4
:10C090007A60ADEB000DECF729F9786104AC07F19B
:10C0A0001400D7E91823CDF800802146CDE90223FA
:10C0B0007A6807F11803EDF731FF38615846EFF75A
:10C0C0001BFF3A692146D31D224423F00703ADEB41
:10C0D000030D0DF117084FEAD80B28F00708434667
:10C0E000FEF7F0FE2E23396907F1140220463B7556
:10C0F0007960FCF789F97968002858D0031B95F816
:10C10000242008EB030003F83B202B7C002B5CD1A0
:10C11000B2683B69934211DAD31D504623F00703FE
:10C12000ADEB030D07F1100304ACCDE90183A0468C
:10C130000094334697F85410FFF730FA002348462E
:10C14000B3603B6900934346D7E90212FCF755FF01
:10C1500048462C37BD46BDE8F08FECF7C7F82146BE
:10C16000786107F11400D7E91823CDE9002307F11E
:10C1700018032D22EDF7D2FE2C2838619EDD00F148
:10C180000108083020F00700ADEB000DECF7AEF829
:10C19000786104AC07F11400D7E918232146CDE9F2
:10C1A000002307F118034246EDF7B8FE85E72B7C24
:10C1B000002BADD0022908DD6278392AA8D8A378EF
:10C1C000303B092BA4D82F2AA2D94B00073323F0E8
:10C1D0000703ADEB030D23782D2B0DF1100B01D0D0
:10C1E0002B2B1CD198F80030013901248BF800303A
:10C1F000396107F1100295F82530039208EB04022B
:10C20000D84602920BEB0402CDE900025046D5E974
:10C210000212FFF71AF93B6923443B6178E70024D7
:10C22000E7E730B589B0054606AC84E80C00DDE9E7
:10C230000E23CDE904234C2302939DF8343001935F
:10C240000C9B009394E80C00FFF7E3FE284609B02E
:10C2500030BDF0B587B0054604AC0F9E9DF8307038
:10C2600084E80C000D9B9DF838200093CDE9012651
:10C2700094E80C0027B1F0F775F9284607B0F0BD37
:10C28000F0F7A8FAF9E72DE9F043A7B004462E9E8F
:10C2900002AD9DF8C4906C369DF8C870304685E8B4
:10C2A0000C00EFF729FE80463046EFF787FF252187
:10C2B00006464046FCF7E9FC8DF81400CFB98DF82E
:10C2C00015908DF81670309B06A980223046009399
:10C2D00005AB02F0B7F806A8E4F7B4FD06AB009092
:10C2E000204695E80600FCF788FE204627B0BDE80A
:10C2F000F08300238DF815708DF816908DF81730A7
:10C30000E1E72DE9F74F05466C464FF00009DDF8EF
:10C3100040A04FF00A0B4E46DDE9120784E80C00FE
:10C320006C30EFF7E9FD80460CA92046FDF70EF9C9
:10C3300070B1119B9E420BD02046FDF7E6F82A22F1
:10C34000C1B24046FCF7B2FC3038C2B2092A10D95B
:10C35000C6B10F9A914515DBD14513DC0E9AC2F890
:10C36000009094E8030085E80300284603B0BDE888
:10C37000F08F0BFB0909D145EADC20460136FEF7B8
:10C380000FFDD1E73B6843F004033B60E9E72DE98B
:10C39000F04F8DB000AFF86107F12004F86E6C30FB
:10C3A00084E80C00EFF7A8FD6B46BA6E054607F16E
:10C3B00058012046A3EBC2039D46DB08E846BB615B
:10C3C000FDF7C4F8002800F07281BB6E20464FF0E4
:10C3D000000B9B007B61BB6E08EB8309FDF795F8B2
:10C3E000C4B228462146FCF74DFC214606462846A5
:10C3F000FCF745FC5C468246BB6E9B450BD1002694
:10C40000012C2BD8012C40F0528107F1200001367D
:10C41000FEF7C6FCE2E07B6E284653F82B30197815
:10C42000FCF730FC86420FD1A3003B617B6E53F8D2
:10C430002B00E4F707FD3B6949F82400013448F874
:10C4400003B00BF1010BD7E77B6E284653F82B3076
:10C450001978FCF714FC8245F3D1E5E7CB4609EBEC
:10C4600084005BF8043BFB625B461A46F96A0433BE
:10C47000D2F800C08C4507F12C0128BF0A4698422B
:10C48000D2F800A0C7F82CA0EFD1013607F12000A8
:10C49000FEF786FCB24547D107F1580107F12000AD
:10C4A000FDF754F8824600B307F12000FDF72DF8A0
:10C4B000C1B22846FCF7E6FB386107F12000FDF722
:10C4C00024F8C1B22846FCF7DAFB0023F860796E45
:10C4D00058F8232051F8222059F82310B1425AD895
:10C4E00001339C42F3D14FF0000A002359F8232076
:10C4F000911B4A424A41524509BF04F1FF340133BE
:10C5000058F8242048F8232004BF59F8242049F87B
:10C5100023209C42EAD8BAF1000F5BD0D9F8003052
:10C5200001218C42FB6249D8FB6AB3427FF66AAFB5
:10C5300007F1580107F12000FDF708F800283FF443
:10C5400061AF07F120004FF0000AFCF7DEFFC1B237
:10C550002846FCF797FB386107F12000FCF7D5FF70
:10C56000C1B22846FCF78BFBF86054457FF648AF14
:10C570007B6E284658F82A204FEA8A0B53F822206F
:10C58000915DBA60FCF77EFB3B69BA6883426DD16E
:10C590000AF1010AE9E7915D28467B60BA60FCF781
:10C5A00071FB3B698342A0D0BA682846915DFCF7D5
:10C5B00066FBFB6883427B6892D196E75A4601315D
:10C5C0000BF1040B1068834207F12C0398BF1A4645
:10C5D0001368A6E7022C2CD0012C68D1D8F80040B3
:10C5E000D7E9053253F832807B6E53F8243003EBE1
:10C5F0000609464562D207F1580107F12000FCF711
:10C60000A5FF002853D019F8011B2846FCF73AFB78
:10C61000824607F12000FCF778FFC1B22846FCF7FC
:10C6200031FB824533D107F120000136FEF7B8FB1C
:10C63000DFE7BB6EDB073AD4D8F80030B86EBA6ECD
:10C64000B3EB500F4FEA5201D8F8042002D20B444A
:10C650009342C2E75B1A934229D1C8F80030D9F857
:10C660000430D7E9052142F83130B7E7915D28461B
:10C67000FCF705FBFB6883428AD0013C58F8242074
:10C6800048F80B2059F8242049F80B206DE719F8D9
:10C69000011C2846FCF7F3FA824607F12000FCF75C
:10C6A00034FFC1B22846FCF7EAFA8245BBD03B6FA3
:10C6B0003A6F1B6843F00403136002E0F7D13B6E4E
:10C6C0001C60FB69D7E90801343783E8030018468A
:10C6D000BD46BDE8F08F2DE9F04F87B0814600AF31
:10C6E000786D07F110066C30D7E913AB86E80C00C3
:10C6F000EFF702FC6B46F86007F14001A3EBCB03B8
:10C7000030469D46E846FCF721FF002800F0838074
:10C7100000243046FCF7F9FE2546C3B24FEA4B022F
:10C72000A24237D1002D76D030460024FEF738FBE8
:10C73000AB00073323F00703ADEB030D6E4658F84B
:10C7400024305AF82300E4F77DFB46F82400013436
:10C75000A542F4D1012507F1400107F11000FCF7D3
:10C76000F5FE58BB012C5AD13368AB425ED1D8F8E4
:10C770000030BA6C5B45A8BFA3EB0B03136007F155
:10C7800018031C3713E9030089E803004846BD4637
:10C79000BDE8F08F5AF824100978994204D148F87E
:10C7A000254001350134BBE7F868C7E90132FCF7E1
:10C7B00066FA7B68BA689842F4D1F0E707F1100096
:10C7C000FCF7A3FE0023C0B219469C4207D88C4256
:10C7D000C8D007F110000135FEF7E2FABBE756F8C2
:10C7E00023204FEA830E06EB830CAA4202D80131C4
:10C7F0000133EAE758F823205AF82220525D82429A
:10C80000F6D0013C58F8242048F80E2056F8242091
:10C81000CCF80020D9E70024254626469BE7022CC9
:10C8200004D13368AB42A2D073689EE7BB6DBA6D8A
:10C830001B6843F00403A1E770B588B004460E46B8
:10C8400006AD85E80C00109B04930F9B03930E9B91
:10C8500002930CAB93E803008DE8030020463146B9
:10C8600095E80C00F1F7D6F9204608B070BD2DE927
:10C87000F04F91B00D460CAF0690DDF87890DDE9F1
:10C880001C0B87E80C00C368DB0739D44FF0FF337B
:10C8900002900AAC0F930FABCDE903B31AAB93E848
:10C8A00003008DE803002946204697E80C00F1F7C5
:10C8B000B1F90F9B94E80300012B87E803000CD823
:10C8C00003F0010389F80030069B97E8030083E832
:10C8D0000300184611B0BDE8F08F01231AA93846AD
:10C8E00089F800300423CBF80030FCF71DFE002847
:10C8F000EAD0DBF8003043F00203CBF80030E3E786
:10C900006C304FF0010AEFF7EDFB056A84690646CB
:10C91000B5FA85F55346B4FA84F452466D096409B4
:10C920000AF1FF38BDB1B4B10021002A00F09B80AC
:10C93000326A424540F09780B8F1000F00F09F80C6
:10C94000002289F8002013B1B36943456AD0490039
:10C95000CBF80010B8E71AA93846CDE90723FCF751
:10C96000E3FD0146DDE907230028DED109903846C2
:10C97000FCF7CBFDC0B2DDE9083175B1079A8AB189
:10C98000002C37D0002B3AD03846FEF709FA356A2A
:10C9900055458CBF002501252AE0F26912F80820D0
:10C9A000824209D0002C33D01BB1B36998455ED0C8
:10C9B000002389F8003035E06CB1002BE4D1384613
:10C9C0000793FEF7EDF9356A2146079BAA4534BF68
:10C9D000002501253EE0736913F8083093422ED1FB
:10C9E0003846FEF7DDF9356AAA4534BF0025012532
:10C9F00001241DE0736913F808308342F0D0336AD4
:10CA000098453CD1B8F1000F29D189F8008009E0A0
:10CA1000736913F80830834206D0002D08BF2C46F6
:10CA200089F80040042368E701253846FEF7B8F985
:10CA3000B169012351458CBF002101210AE038462C
:10CA4000FEF7AEF9356A23460124AA45214634BFD4
:10CA50000025012522460AF1010A0C4660E7002361
:10CA600089F8003073E753B1B369434507D1B8F192
:10CA7000000F04D00123994089F8003068E70023B3
:10CA800089F800300029CDD0062336E770B588B08C
:10CA900004460E4606AD85E80C00109B04930F9BE0
:10CAA00003930E9B02930CAB93E803008DE8030005
:10CAB0002046314695E80C00F1F772FA204608B09E
:10CAC00070BD70B588B004460E4606AD85E80C0012
:10CAD000109B04930F9B03930E9B02930CAB93E864
:10CAE00003008DE803002046314695E80C00F1F77D
:10CAF0001BFC204608B070BD70B588B004460E46D9
:10CB000006AD85E80C00109B04930F9B03930E9BCE
:10CB100002930CAB93E803008DE8030020463146F6
:10CB200095E80C00F1F7B2FD204608B070BD2DE984
:10CB3000F0418CB005468C46149E08AC06AFD6F882
:10CB40000C8084E80C0028F04A0343F00803F360EB
:10CB50000BAB0493159BCDE9026312AB93E8030082
:10CB60008DE803006146384694E80C00F1F78EFD2D
:10CB7000169B0B9A97E80300C6F80C801A6084E8AD
:10CB8000030085E8030028460CB0BDE8F08170B5CD
:10CB900088B004460E4606AD85E80C00109B049351
:10CBA0000F9B03930E9B02930CAB93E803008DE85D
:10CBB00003002046314695E80C00F1F719FF2046A6
:10CBC00008B070BD70B588B004460E4606AD85E865
:10CBD0000C00109B04930F9B03930E9B02930CABD2
:10CBE00093E803008DE803002046314695E80C00E9
:10CBF000F2F7F8F8204608B070BD2DE9F04F8FB07D
:10CC00004FF0000A064688460AACCDF834A008ADBD
:10CC1000DDE91AB784E80C000BF16C00EFF76CF952
:10CC20000DAB0222CDF80CA08146CDE906B36323FB
:10CC3000CDE904320CAB029318AB93E803008DE806
:10CC400003004146284694E80C00FFF75AFB0D9B71
:10CC500095E8030084E80300002B51D118A9204671
:10CC6000FCF774FC002846D02046FCF74EFC2A2234
:10CC7000C1B24846FCF71AF8A0F13005EBB2092B17
:10CC800039D820464FF00A08FEF78AF80C9B18A9FD
:10CC9000204608FB03550C95FCF758FC98B120463C
:10CCA000FCF733FC2A22C1B24846FBF7FFFFA0F194
:10CCB0003005EBB2092B06D82046FEF771F80C9B25
:10CCC00008FB03550C950C9BA3F26C730C931C9BF7
:10CCD0000C9A5A6118A92046FCF726FC18B13B684B
:10CCE00043F002033B6094E8030086E8030030460B
:10CCF0000FB0BDE8F08F0C9B442BE8DC6433E5E714
:10CD00003B6843F004033B60E4E72DE9F0479CB047
:10CD1000054688460AAC0DF1380ADDE9269684E816
:10CD20000C0009F16C00EFF749FA07465146FEF78F
:10CD300041FA384615A908AFFEF72CFA00230D93E7
:10CD40000DABCDE905930723CDE903A30CAB02930B
:10CD500024AB93E803008DE803004146384694E88D
:10CD60000C00FFF7B8FC0D9B97E8030084E8030074
:10CD70009BB9289B0C9A9A6124A92046FCF7D4FB06
:10CD800018B1336843F00203336094E8030085E888
:10CD9000030028461CB0BDE8F087336843F0040365
:10CDA0003360E9E72DE9F047A6B0054688460AACAE
:10CDB0000DF1380ADDE9309684E80C0009F16C00C9
:10CDC000EFF7FCF907465146FEF723FA38461AA951
:10CDD00008AFFEF7FFF900230D930DABCDE90593E6
:10CDE0000C23CDE903A30CAB02932EAB93E8030015
:10CDF0008DE803004146384694E80C00FFF76BFCD1
:10CE00000D9B97E8030084E803009BB9329B0C9AC2
:10CE10001A612EA92046FCF787FB18B1336843F04E
:10CE20000203336094E8030085E80300284626B037
:10CE3000BDE8F087336843F004033360E9E72DE988
:10CE4000F04F93B0054689460AACDDF880A00FAEDE
:10CE50000DF12008DDE91EB784E80C000BF16C0031
:10CE6000EFF7ACF90DA9FEF783F9002306961193AD
:10CE7000CDE90F330D9BCDE904A31CABCDE902B77F
:10CE800093E803008DE803004946404694E80C000F
:10CE9000EFF76CFE98E8030084E803005146304643
:10CEA000F3F70EFD1CA92046FCF73EFB18B13B68CA
:10CEB00043F002033B6094E8030085E80300284642
:10CEC00013B0BDE8F08F2DE9F04F93B005468946C9
:10CED0000AACDDF880A00FAE0DF12008DDE91EB729
:10CEE00084E80C000BF16C00EFF768F90DA9FEF770
:10CEF00039F9002306961193CDE90F330D9BCDE947
:10CF000004A31CABCDE902B793E803008DE803004E
:10CF10004946404694E80C00EFF728FE98E80300E5
:10CF200084E8030051463046F3F7CAFC1CA92046AA
:10CF3000FCF7FAFA18B13B6843F002033B6094E84F
:10CF4000030085E80300284613B0BDE8F08F10B554
:10CF50000446F2F74BFE204600F091FB204610BD40
:10CF6000D0F800C0ACF10C0CDCF800C06044EEE777
:10CF70000A68026052F80C2C49688150704738B535
:10CF8000456804462B6853F80C3C1D44EB689B0431
:10CF900010D500F0D4FC68B9A86F58B100F008F9BA
:10CFA000013007D1636801211A6852F80C0C18444B
:10CFB000FDF76BFD204638BD036853F80C3C034475
:10CFC0009B6F37B504464BB10146684600F03FF809
:10CFD0009DF800302BB96846FFF7D1FF204603B01B
:10CFE00030BD236853F80C3C2344986F00F0E0F800
:10CFF0000130F0D12368012153F80C0C2044FDF7D7
:10D0000044FDE8E701290D4611D100F04BFC2368EF
:10D01000294653F80C0C2044FDF73DFD00F0C6FDF9
:10D0200000F069FC6846FFF7AAFF00F099FB00F0EA
:10D0300039FC2368012153F80C0C2044FDF72BFD2B
:10D0400000F059FCC7E700F056FCEBE7EAE738B51B
:10D050000023054641600C4603700B6853F80C3CF6
:10D060000B44186F18B15B690BB9FFF7A5FF236874
:10D0700053F80C0C204443691BB901232B7028463C
:10D0800038BDDB07FBD50421FDF7FFFCF7E7704750
:10D09000704730B500224FF0FF344FF0FF35C0E944
:10D0A0000222C0E9004530BD82B08DE80C004FF08F
:10D0B000FF334FF0FF3202B0C0E900230023C0E984
:10D0C0000233704700207047002070474FF0FF3058
:10D0D0007047036810B55B6A04469847431C1EBF3F
:10D0E000A36813F8010BA36010BD4FF0FF30704729
:10D0F0004FF0FF30704710B50446F2F78FFD204621
:10D1000000F0BDFA204610BD2DE9F84306460F4653
:10D1100090460025454502DB2846BDE8F883D6E960
:10D120000504241A10D0A8EB05093946A145B4BF5F
:10D130004C46A14622464D4401F0C0FA7369A84509
:10D14000274423447361E5DD3368304639785B6BEF
:10D1500098470130E0D001350137DBE72DE9F8438E
:10D1600007460C4690460026464502DB3046BDE8A1
:10D17000F883D7E902156D1A10D0A8EB06092046EE
:10D18000A945B4BF4D46A9462A464E4401F096FA39
:10D19000BB68B0452C442B44BB60E5DD3B6838469A
:10D1A0009B6A9847431CE1D0013604F8010BDBE78A
:10D1B00003689B691847D0E902218A4202D30368B9
:10D1C0005B6A18471078704703681B6B18470AB1F1
:10D1D00001F074BA7047034653F8080B984201D027
:10D1E00000F04DBA704701F1804140680139091AD9
:10D1F000914208B502D21846EEF7B0FB08BD0368AD
:10D200008B4206D842681344994294BF0020012003
:10D21000704701207047012A10B403D10A7810BC6E
:10D220000270704710BCFFF7D2BF012A30B403D19F
:10D230000B78037030BC7047002AFBD030BC01F083
:10D240004ABA0B461146012B10B4044602D1227093
:10D2500010BC7047002BFBD01A4610BC01F055BA29
:10D260000F2937B504461546019106D9002201A9B8
:10D27000F2F7E0FC019B2060A360019919B12A46F6
:10D280002068FFF7DEFF019B002122686360D15414
:10D2900003B030BD521A08B5FFF7BDFF08BD521AE2
:10D2A00008B5FFF7B8FF08BD2DE9F3470A9E01EB6B
:10D2B00002081F464368B21A0D46A3EB080901A9EC
:10D2C0001A4403460446019253F8082B9A4214BFAD
:10D2D00082680F22F2F7AEFC82461DB12A46216811
:10D2E000FFF799FF37B12EB1324639460AEB0500F8
:10D2F000FFF791FFB9F1000F07D0216835444A4686
:10D3000041440AEB0500FFF786FF2046FFF763FF65
:10D31000019BC4F800A0A36002B0BDE8F08738B557
:10D3200004461546084611446268521A05D025B1D4
:10D33000236819441844FFF778FF636800212268C6
:10D340005B1B6360D15438BD034637B553F8082BD7
:10D35000044601919A42019B14BF82680F229342B6
:10D360000ED901A9F2F766FC626821680546013210
:10D37000FFF751FF2046FFF72EFF019B2560A360BA
:10D3800003B030BD0346F7B553F8082B0446466892
:10D390000F469A4206F1010514BF83680F239D4290
:10D3A00006D901233146009300231A46FFF77CFF7C
:10D3B000236800229F55236865605A5503B0F0BD6D
:10D3C00007B50B46009200224168F2F763FC03B0F8
:10D3D0005DF804FB10B5446803468C4203D2091B78
:10D3E000FFF7EEFF10BD81BF0368002241605A5471
:10D3F000F8E7002208B5FFF7EDFF08BD036837B571
:10D40000CC1A05460092012300222146F2F742FC85
:10D410002868204403B030BD73B514460E46054657
:10D420001046E3F70FFD23460022314600902846C0
:10D43000F2F7ECFC02B070BD73B5044640682346B9
:10D44000851853F8086B9E4214BFA3680F239D42B2
:10D450000AD812B13044FFF7DEFE236800222046CE
:10D4600065605A5502B070BD0B460092014600221D
:10D470002046FFF719FFF0E788422DE9FF470546F0
:10D480000C4648D007460E4657F8089B56F8088BBE
:10D490004F4551D14645D0F804903FD1D1F8048092
:10D4A000B9F1000F1AD009F10109B8F1000F26D027
:10D4B00008F10108314668464246FFF788FE4A46B1
:10D4C00039463046FFF783FE424669463846FFF745
:10D4D0007EFE6B6862686A6063601CE0B8F1000FF2
:10D4E000F7D008F1010231463846FFF770FE636855
:10D4F0006B602368C4F8049083F800900BE04A4600
:10D5000039463046FFF763FE6B6863602B68C5F8E9
:10D51000048083F8008004B0BDE8F087D1F808A04B
:10D5200009F1010239463046FFF751FEC5F8008087
:10D530002660C5F808A0CCE74645D0F808A00BD176
:10D540004A68384631460132FFF741FEC4F8009080
:10D550002F60C4F808A0BCE7C0F800808B68C1F851
:10D5600000908360F5E7034610B544681046A0427A
:10D5700002D34FF0FF3010BD1A68125C8A42FAD114
:10D580000130F4E710B50446F2F778FC0421204698
:10D5900000F077F8204610BD10B50446F2F77CFC89
:10D5A0000421204600F06DF8204610BD7FB5002410
:10D5B000102315461268CDE902340368CDE9004412
:10D5C0009E696B46B0479DF8043003F00603062BB6
:10D5D00005BF009B012020462B6004B070BD009861
:10D5E00090420CBF06200120704710B50446F2F7A8
:10D5F0005DFC0821204600F044F8204610BD2DE9CE
:10D60000F041DDF818801F4606461546DDE908346E
:10D61000984507D1079900F093FB18B16571002078
:10D62000BDE8F0813946304600F08AFB0028F6D08C
:10D630000123C4F800802571A371F0E738B51546C1
:10D640001C4600F07DFB20B108232560E360062323
:10D65000237138BD2DE9F04105460C4616461F469C
:10D6600000F06EFB48B9032F07D8236832462946DD
:10D6700020465B69BDE8F0411847BDE8F081E6F758
:10D6800027BEFFF7FCBFFFF7FABF2DE9F0410F46B9
:10D6900088B016461D46044618B9002008B0BDE8FB
:10D6A000F081026852F8083C52F804CC0022C118FC
:10D6B000C358CDE9052253F8040C102260450792A7
:10D6C000EBD1036805AACDE90017CDE9024229464E
:10D6D000D3F81C8006223346C04705980028DCD0CA
:10D6E0009DF81A1001F00603062BD7D09DF81930CB
:10D6F0009DF818201A4002F00602062ACED003F048
:10D700000503042BC9D00029C7D1002D04DB284410
:10D710008442C2D10598C1E7AB1CBED03368024633
:10D72000009429461C6A30463B46A04700F006009C
:10D730000628EEE710B500F180042046E6F7AAFDC2
:10D74000034630B92046F2F7F1FB034608B900F072
:10D75000E7F980220021184600F0D7FF803010BD85
:10D760001EB400F03DF81EBCE3F718FB0378472B0E
:10D7700017D143784E2B14D18378552B11D1C37810
:10D78000432B0ED10379432B0BD143792B2B08D19B
:10D7900083792B2B05D1C07901288CBF0020012073
:10D7A00070470020704710B50446F2F7DBFC0246D4
:10D7B0002046A4F12001FFF7D9FF60B154F8043CE2
:10D7C0000133012B44F8043C03D1936844F8083C2E
:10D7D0009160012010BD9368002BF9D000F0A0F9F2
:10D7E00010B5F2F7BFFC826801460AB900F098F95B
:10D7F00002F120042046FFF7B9FF40B1D369013B95
:10D80000D36113B9906988609361204610BD886028
:10D81000FBE70378472B17D143784E2B14D183783D
:10D82000552B11D1C378432B0ED10379432B0BD148
:10D8300043792B2B08D183792B2B05D1C079012873
:10D840008CBF0020012070470020704710B50446AF
:10D8500048B100F027F82046FFF7DBFF18B154F875
:10D86000140C00F055F900F05BF90378472B17D141
:10D8700043784E2B14D18378552B11D1C378432B89
:10D880000ED10379432B0BD143792B2B08D183790C
:10D890002B2B05D1C07901288CBF002001207047B7
:10D8A0000020704738B50446F2F75CFC0246056874
:10D8B0002046A4F12001FFF7D8FF28B90DB100F0F0
:10D8C0002FF91160284638BD54F80C3C2046002B37
:10D8D000B4BFC3F1010301338D4244F80C3C5368DB
:10D8E00003F1FF3353601CBF44F8105C1160656A9C
:10D8F000E2F7DFFEE6E710B5F2F730FC026801461A
:10D900009AB102F120042046FFF7AFFF28B9086062
:10D910002046BDE81040E2F7CDBE5369002B05DA82
:10D92000013301D110690860536110BD013B02D180
:10D9300013690B60ECE7591CF6D100F0F1F808B55B
:10D94000F2F710FC4068003818BF012008BD70478E
:10D95000704710B504460421FFF793FE204610BD22
:10D96000704700231A4630B510F8015B05F07F04BC
:10D970009440073223432C06F6D40B6030BD0023BD
:10D980001A4630B510F8014B04F07F059540073278
:10D990002B432506F6D41F2A06D8640642BF4FF053
:10D9A000FF3404FA02F213430B6030BD50282DE916
:10D9B000F3410646884615461F4608D1D01C20F084
:10D9C000030050F8044B3C6002B0BDE8F08100F069
:10D9D0000F030C2B2ED8DFE803F025071D25292D7A
:10D9E0002D2D2D182125290001A92846FFF7B9FF63
:10D9F000019C002CE7D006F07003102B08BFA8464E
:10DA00003306444448BF2468DDE701A92846FFF7F0
:10DA1000B6FFEDE7284630F8024BEAE7284630F932
:10DA2000024BE6E7284650F8044BE2E7284650F858
:10DA3000084BDEE7E6F702FC08B503460846FF2B75
:10DA40000DD003F07003302B0FD004D8202B08D05A
:10DA500005D9E6F7F3FB402B0BD0502BF9D1002072
:10DA600008BDBDE8084001F036B9BDE8084001F046
:10DA70002FB9BDE80840E3F79FBC70B50C461546CA
:10DA80001E4601462046FFF7D7FF334601462A4689
:10DA90002046BDE87040FFF789BF73B50C461546B8
:10DAA000064608B1E3F788FC2246286012F8011BFD
:10DAB000FF291CD02B1D3046FFF7DFFF0246104622
:10DAC00010F8013BFF2B14D0102301A92B75FFF791
:10DAD00048FF019B0344EB6001A910F8013B6B7503
:10DAE000FFF73FFF019B03442B6102B070BD6860EC
:10DAF000E5E72B750023EEE71FB503AB0A4600935D
:10DB000000231946E2F7DCFD039805B05DF804FB3D
:10DB100008B58047E6F792FBFFF7C4FEE6F78EFBF9
:10DB200008B5F2F7CBFCFFF7F3FF08B58047FFF726
:10DB3000F7FF08B5F2F7C8FCFFF7F7FF012810B5AB
:10DB400003D951F8140CFFF7E3FFA1F12803D3E840
:10DB5000EF2F013AC3E8E02F0028F8D15AB951F865
:10DB60001C3C01F158040BB1204698472046BDE803
:10DB70001040F2F7FFB910BD70B504460D461646C9
:10DB8000F2F7F0FA436829463246013343602046F3
:10DB9000F2F7A0FC0123044644F8283B2046E3F7B3
:10DBA000EBF82046FFF77EFEFFF7BAFF10B5F2F75D
:10DBB000D9FAD0E90042013242604CB394F82020F7
:10DBC000472A27D194F821204E2A23D194F82220E5
:10DBD000552A1FD194F82320432A1BD194F82420DE
:10DBE000432A17D194F825202B2A13D194F8262004
:10DBF0002B2A0FD194F82720012A0BD862695242B0
:10DC0000626120342046E3F7DBF82046FFF74AFE46
:10DC1000FFF786FF00220260F3E7012303607047ED
:10DC200010B50446F2F79EFC04212046FFF729FDBB
:10DC3000204610BDF2F7ACBC08B5FFF7FBFF04E0CF
:10DC4000FFF730FEFFF757FE002008BD10B5044671
:10DC5000F2F7BCFC0C212046FFF713FD204610BD57
:10DC60002DE9F041DDF8188006460F46154690452F
:10DC70001C460BD0B0682A4639460368CDF8188098
:10DC80001E6A2346B446BDE8F0416047194600F0DD
:10DC900057F80028EED00620BDE8F0812DE9F14FBD
:10DCA0000D461946814617469846DDE90A4BDDE9DF
:10DCB0000CA600F045F890B1002D3460377109DBF7
:10DCC0002C44A24514BF01240624B471002001B0E5
:10DCD000BDE8F08F0235F9D10123B371F6E7544561
:10DCE00006D15946484600F02BF808B17771EDE7A8
:10DCF000D9F808003A4629460368CDE90CA6CDE9D3
:10DD00000A4BDC694346A44601B0BDE8F04F6047CA
:10DD10002DE9F04107460C4615461E46FFF78EFCDE
:10DD200048B9B8682A46214603689F693346BC460D
:10DD3000BDE8F0416047BDE8F081704700207047C2
:10DD4000814208B50ED0406803782A2B0CD0496870
:10DD50000B782A2B08BF0131E3F76AF8B0FA80F09C
:10DD6000400908BD0120FCE70020FAE710B5044691
:10DD7000F2F736FC18212046FFF783FC204610BD41
:10DD80002DE9F74FDDF830A0044688461646524587
:10DD9000994605D0E76804EBC70447B9012022E0A3
:10DDA0001946FFF7CDFF0028F4D006201BE0E568F8
:10DDB000AB071BD52A1215F0010504D018F1030F8B
:10DDC00014D033689A58A068324441460368CDF8AD
:10DDD00000A0D3F820B04B46D847032806D915B188
:10DDE00040F00100C0B203B0BDE8F08F013F083C35
:10DDF000D3E7F0B40D1E1646049C06DB2E44B44255
:10DE000014BF01200620F0BC7047023505D005681C
:10DE100004942C6AA446F0BC60470120F3E72DE986
:10DE2000F04F91B081460F461D9DCDE90523AB68AB
:10DE30001C9ADB0644BF8368AB601A9B934208D1EF
:10DE40001B99FFF77DFF20B1059B6B714FF0000818
:10DE500083E006994846FFF773FF98B11A9B002F9D
:10DE60002B60059B2B7108DB1A9B1F441C9BBB423C
:10DE700014BF01270627AF71E8E70237E6D1012377
:10DE8000AB71E3E7002F4FF0020C4FF00008AABF80
:10DE90001C9B0790DB1BCDF82880A8BF07930123AC
:10DEA000CDE908C3059B43F001030B93D9F80CA0FF
:10DEB00009EBCA0BBAF1000F09D10A9B002B4CD019
:10DEC000089B012B49D00123CDE9083AEEE7002356
:10DED000AC68CDE90D33DBF80C300F94DE074FEA68
:10DEE000232143BF1A980B9A0068059A48BF4158EE
:10DEF0001A980144079838B18842099E2CBF002027
:10DF00000120B04200F0BB80980706D4BB1C02D1B0
:10DF1000A60700F0B68002F0FD02DBF808000DACA9
:10DF2000036803941C9C02941B9CCDE900143946A1
:10DF3000DC69069BA0476B799DF839209DF83A6013
:10DF400013430D99062E6B7101D0022E09D19DF855
:10DF5000383029602B71AE718046404611B0BDE863
:10DF6000F08F2A68B8F1000F13D1B2B99DF83820AC
:10DF700029602A7121B11BB1D9F80830DC07EBD533
:10DF80006B79042BE8D00AF1FF3AABF1080B80461D
:10DF900090E712B969B90120F2E7914206D12B79D5
:10DFA0009DF8382013432B714046E9E709B9002852
:10DFB000FAD0032BAC7904D9D90712D5AB689B07EB
:10DFC0000FD5002C31D1032E27D9F40721D486F0A8
:10DFD0000103DBB2032B13D800232B600123AB71A9
:10DFE000D9E7012C38BF0124012E38BF0126E4B245
:10DFF000F6B286EA0403DBB2032B36D9032E1FD90F
:10E000000D9B34464FF000082B609DF838302B7183
:10E0100016E0D9F808309807D9D51C9B39460698E0
:10E0200000931B9BFFF7E5FE0446002EE1D1032C75
:10E0300011D9E1070BD484F00103DBB2032BCBD958
:10E04000A307AC711FD414F00100ADD184E7D9F857
:10E0500008309A07EFD51C9B39460D9A0093069815
:10E060001B9BFFF7C6FE0646C3E72640F6B2032E0B
:10E07000B2D9002301202B600223AB716CE701238E
:10E080000A9340467FE7002066E72DE9F04F89B00C
:10E09000054616461C460291FFF7D0FA002860D1CB
:10E0A000D4F808904FF0000AD5F80C800DF1100B51
:10E0B00019F0100F05EBC80718BFD5F8089009F044
:10E0C00001030393B8F1000F04D12079003818BF81
:10E0D000012047E0FA68CDF810A002F0010302F039
:10E0E00002018DF814A0009302F002030193039B38
:10E0F0000B43CDE9069A03D108F1FF38083FE1E769
:10E10000002E32D0009B12120BB133689A58324461
:10E11000B868029903689B699C465B46E047002803
:10E12000EAD0079B082B03D1009B0BB1BB68079378
:10E130009DF81430032B05D9019A1AB923F0020374
:10E140008DF81430E168C1B99BE80F0084E80F0036
:10E150002379032B05D99A0709D5AB6813F0010F72
:10E16000CAD1012009B0BDE8F08F3246D0E7DB0705
:10E17000F7D5AB6813F0020FF2E72368049A9342D5
:10E1800004D00023236002232371EAE72BB1237913
:10E190009DF8142013432371AEE707980828F2D0A6
:10E1A0000829F0D0FFF7CCFD0028F0D1EBE70023E1
:10E1B00003607047009B03201A60019A039B1A605A
:10E1C0007047009B03201A607047012070470120B0
:10E1D0007047981A009B984228BF1846704710B5A0
:10E1E0000446F2F7FDFA04E02046FFF748FAFFF78D
:10E1F000B7FA2046FFF743FA204610BD08B5084697
:10E20000114600F09AFA031E18BF012343EAA070DA
:10E2100008BD084611461A4600F0B1BA08B50846CE
:10E22000114600F08AFA031E18BF012343EAA070CA
:10E2300008BD084611461A4600F0A1BA062200237E
:10E2400013B5C0E9012341F202030446C36001A8EB
:10E25000EAF7E8FB01A904F16C00EAF763F801A80A
:10E26000EAF752F802B010BD6421024690FBF1F3C8
:10E2700001FB130030B94FF4C87192FBF1F301FBBD
:10E28000132323B912F0030F0CBF012000207047A5
:10E29000C068252310B504050B7045BF2B248B1CCB
:10E2A0004B1C4C70410544BF232103F8011B00F4B3
:10E2B0008271B1F5827F08D10AB103F8012B10F405
:10E2C000804F0CBF6122412209E02E241C702A24B9
:10E2D0005C704AB99C1C042909D16622234603F8C4
:10E2E000012B00221A7010BDDC1C9A70F3E7B1F507
:10E2F000807F00F4804004D100280CBF65224522B5
:10E30000ECE700280CBF67224722E7E70139013B11
:10E31000994228BF1946F0B5054606460F18012058
:10E32000B74200D010B91344695C0FE016F8010B36
:10E33000D45C013BA4EB000CDCF1000040EB0C00D2
:10E34000EEE713F80109441A60426041934201D09C
:10E350000028F6D14BB2002B05DD13788B428CBF21
:10E36000002000F00100F0BD126852F80C3CFFF7ED
:10E37000CDBF73B5079B00F1080204460260D3E9E4
:10E3800000530F2B05EB0306019306D9002201A9C8
:10E39000F1F750FC019B2060A360324629462068BB
:10E3A000FEF778FF019B2268002120466360D1546C
:10E3B00002B070BD13B5059B04461B68A3F10C00A9
:10E3C00053F8043C002B05DBEBF7C0FB2060204634
:10E3D00002B010BD002201A9FAF71BF9F6E708B553
:10E3E000D2E90023FFF792FF05E0013101D0FFF7EA
:10E3F000B7F9F1F743FE08BD4068704710B5044611
:10E40000F2F736FB2046FFF73AF9204610BD10B56B
:10E410000446F2F73FFB2046FFF731F9204610BDD6
:10E4200010B50446F2F748FB2046FFF728F92046CE
:10E4300010BD10B50446F2F749FB2046FFF71FF95F
:10E44000204610BD2DE9F0470C46002181461746B5
:10E4500008469846F3F790FF8246E2F7F3FC451C26
:10E460002846FFF7E7FB2A465146064600F026F904
:10E47000D9F810100020F3F77FFF089B4246394679
:10E48000204600F093F9314605460020F3F774FF6B
:10E490003046FFF7F8F805B92570BDE8F08701317F
:10E4A00001D0FFF75DF9F1F7E9FD70B505461646B5
:10E4B0000C4649B10846E2F7C5FC21183246204611
:10E4C000F2F70EFC286070BD4FF0FF31F6E713B590
:10E4D00004460846114601AA0144F2F701FC2060F7
:10E4E000204602B010BD704710B50446F2F75EFC3E
:10E4F0002046FFF7C4F8204610BDFFF77DBF10B5DA
:10E500000446F2F75DFC2046FFF7B9F8204610BD3F
:10E5100010B50446F2F75EFC2046FFF7B0F820463F
:10E5200010BD70B5064608460D461446F2F712FEB9
:10E5300030B9224629463046BDE87040FFF736B86C
:10E5400023681033236070BD10B50446F2F74CFC0D
:10E550002046FFF794F8204610BD70B505460E46DC
:10E5600008300C464A68286056F8083BB3420BD185
:10E57000013202D0314600F0A1F8636826606B607A
:10E5800000236360237270BD2B608B68AB60F4E77F
:10E5900010B50446D1E90012FFF799FF204610BDDF
:10E5A0001368994204D153681B1A58425841704766
:10E5B00000207047C0E900217047036813B5144676
:10E5C0005B690A460146684698476368019A9A4221
:10E5D00006D100982368C31A5842584102B010BDB2
:10E5E0000020FBE74B68834204D10868831A584235
:10E5F0005841704700207047704770477047704718
:10E6000010B50446FFF73BF8204610BD10B5044690
:10E61000FFF735F8204610BD10B50446F2F7E2FCCE
:10E620002046FFF72CF8204610BD0B6810B586B0C9
:10E6300004461B69684698472046DDE90012FFF74B
:10E6400046FF04E06846FEF7C6FDFFF789F8684616
:10E65000FEF7C1FD204606B010BD13B514460A46AC
:10E6600001466846F2F78CFC6368019A9A4206D12B
:10E6700000982368C31A5842584102B010BD0020C8
:10E68000FBE770474068704710B50446F2F7F8FCA6
:10E690002046FEF7F4FF204610BD03681B681847AC
:10E6A000C9B20346024410B59342184601D1002076
:10E6B00003E0047801338C42F6D110BD0A44431EB6
:10E6C000914200D1704710B511F8014B914203F807
:10E6D000014FF9D110BD884210B501EB020402D9F7
:10E6E0008442234607D8431EA14208D011F8012BCB
:10E6F00003F8012FF8E7024401468A4200D110BD19
:10E7000013F8014D02F8014DF7E702440346934226
:10E7100000D1704703F8011BF9E70139024410B535
:10E72000904201D1002005E0037811F8014FA34287
:10E7300001D0181B10BD0130F2E7E2F779BB0022CF
:10E740001146F2F70DBD10B50139044632B111F88A
:10E75000013F013A00F8013B002BF7D10021FFF700
:10E76000D4FF204610BD0246014410B58A4213462C
:10E7700003D01C780132002CF8D1181A10BD30B526
:10E78000044600200B46904213F8015B08D10B466B
:10E790001C781A460133002CFAD1401A104430BDBF
:10E7A0002554002DFBD001301946EBE7F2F756BF98
:10E7B000C36803B118471846704710B583780446FC
:10E7C000DA0705D443F004034FF0FF30A37010BD07
:10E7D0004FF00002D4E85F3FC4E8512F0029F9D17F
:10E7E0009BB213B1581EC0B2F1E7A3689847002846
:10E7F000F9DA0130A37814BF082204221343E3E7B7
:10E8000038B58B780D469B0709D5C4B24B682046B6
:10E810009847002806DAAB7843F00403AB704FF05A
:10E82000FF3038BD2046FCE72DE9F8439C780546CB
:10E830000E46904614F001041F4611D079B1002411
:10E8400044450DD005EB06093846FFF7B6FF431CDB
:10E8500006D005F8010B4D45F6D10134F0E70C4622
:10E860002046BDE8F8832DE9F8439C7805460E461E
:10E87000904614F002041F4611D079B1002444459B
:10E880000DD005EB06097B68394615F8010B984752
:10E89000002804DB4D45F6D10134F0E70C46204654
:10E8A000BDE8F8838B78DA0702D44FF0FF30704769
:10E8B000431CFAD0C0B2431CD1E8DF2F002A04D198
:10E8C000C1E8DC3FBCF1000FF6D1EED18B7823F02C
:10E8D00008038B707047F0B5C3F13707044603F0A7
:10E8E0001F031046FFB2082BE6B232D0102B3DD0EA
:10E8F0006508A40845EAC17544EA81748A082D199F
:10E9000042EB5102290941EA02716D1842EB1212E1
:10E91000290A41EA02616D1842EB1222290C41EAF0
:10E9200002416D1842EB1242AD1842F10002EC08B0
:10E9300044EA4274D10804EB8402A6EB4205EDB22E
:10E94000092D0CD90134A5F10A0541F10001EDB200
:10E9500012E0E40806F0070544EA4174C9083035BE
:10E9600054EA010200F8015BBDD1F0BD240906F0B4
:10E970000F0544EA01740909092D84BFED19EDB2B0
:10E98000EDE710B50C46FFF718FF0028A2BF23687B
:10E990000133236010BD0028A2BF136803F1FF33C9
:10E9A0001360FFF77FBF70B505460E463146284617
:10E9B000FFF7E7FF041E09DB202CF7D0A4F10903C1
:10E9C000042BF3D932462946FFF7E5FF204670BDF8
:10E9D000BDF8001068B111F0100F01D0027070473F
:10E9E00011F0080F02D0C0E9002370474B0701D592
:10E9F000026070478B06FBD5028070472DE9F0431B
:10EA000087B01C461746814602AB88460093D2E980
:10EA1000022300F0EBF804AB06460D46009348468F
:10EA20004146D7E9002300F0E1F80027DDE904239F
:10EA3000901953EB050128BF012737B1029B039AB8
:10EA4000013342F10002CDE90232403CDDE902230C
:10EA5000009400F0E6F807B0BDE8F0832DE9F84334
:10EA6000B0FA80F6002980460F46A1EB060606F1B3
:10EA7000070625DB0846F4F7EBFD06443846F41B91
:10EA8000F4F7ECFD3946221A40463D3200F09EF87C
:10EA9000B74213DC1F2C68DC4FF0FF33A34038EA89
:10EAA00003030CBF01240024B0FA80F33546F31AA7
:10EAB0009E33FE2B27DD4FF0FF4044E00124F3E7B7
:10EAC0004C422046F4F7CAFD351A2046A5EB07094B
:10EAD000F4F7C4FD21462E4609EB000240463C32C5
:10EAE00000F061F8AF4230DCB9F11F0F3DDC4FF0B0
:10EAF000FF3303FA09F338EA030327D0B0FA80F3AF
:10EB00000024EB1A9E33002B23EAE372D4BF0123C7
:10EB100013465B1BA3F19705963B20FA05F120FAFB
:10EB200003F3C90723D544B14FF0FF31A94020EAD0
:10EB3000010003F00101084319D0581CC0F316006E
:10EB4000C0B140EAC250BDE8F88300230521B8FBFC
:10EB5000F1F202EB8205A84502D101339046F6E7B7
:10EB60009C428CBF002401249EE700249CE7C3F351
:10EB70001600E6E70132E4E710B5A3FB0043029973
:10EB8000A2FB0020001943F100033F29DBBFA1F1E4
:10EB90002002C1F1400140398B40D6BFD04023FA5A
:10EBA00001F0184310BD30B587B00446084615463D
:10EBB00002A9F4F7E5FD049B204600955A1C059B2D
:10EBC00043F10003FFF7D8FF07B030BD30B587B081
:10EBD00015460446084602A9F4F760FD2046009554
:10EBE000DDE90423FFF7C8FF07B030BDF0B50F46DD
:10EBF0000446A0FB0201059EA7FB02524919A3FB94
:10EC00000445A7FB037342F10002611845F10004BB
:10EC1000D21943F10003121943F10003C6E900239E
:10EC2000F0BDF0B5059CC4F14007C4F12006A4F185
:10EC30002005E04002FA06F6BB4022FA05F5BA408C
:10EC40003343C4F120062B4301FA06F6A4F1200554
:10EC5000304321FA05F5E140284319431043F0BD44
:10EC600007B501A9F4F746FE03B05DF804FBC9B28D
:10EC70000346184613F8012B12B18A42F9D17047A6
:10EC8000002918BF0020704710B56AB101398418F7
:10EC900010F8012B11F8013F9A4203D1A04201D094
:10ECA000002AF5D1D01A10BD1046FCE702690346D0
:10ECB000107810B101321A6170476FF0010070478F
:10ECC000D1E9043293421EBF5A1C0A611870704782
:10ECD00008B5E5F7B3FA08B5FFF7FAFF0148006891
:10ECE00070470000881100209D14FF7FB0B0AA007B
:10ECF000FFFF01082A0430003A0400008914FF7F56
:10ED0000B0AF0200FFFF01109E01040000CA010421
:10ED1000D00100DA011600006D14FF7FB0B0A8002A
:10ED2000FF10110108121024012804000001000046
:10ED3000000000005114FF7F8408B101B0B0B000A2
:10ED4000FF1019010C1002140118041E0322080000
:10ED50000001007F00000000000000000000000033
:10ED60002514FF7FAF08B100FF1021011936040000
:10ED7000006204F002018402320000FA0204FE0282
:10ED8000008203040000010000000000F913FF7F6F
:10ED9000B0AD0400FF104901405020E40501A60178
:10EDA00004AC0103BE01040000C80126E40501F81B
:10EDB00001048A0203840204E40501C80204CE02AD
:10EDC00003DC0204E405019603049C0303AA03B8D0
:10EDD00002E40501EA050400007F00007D00000058
:10EDE00000000000A113FF7FB0B0A800FFFF0108E2
:10EDF000100214001A0A00008D13FF7FB0B0A800A3
:10EE0000FFFF010804040A00100400007913FF7FCB
:10EE1000B0B0A800FFFF0108100214001A0A000099
:10EE20006513FF7FB0B0A800FFFF010804040A00CB
:10EE3000100400005113FF7FB0B0A800FFFF0108CD
:10EE400004040A00100400003D13FF7FB0B0A800C6
:10EE5000FFFF010804040A00100400002913FF7FCB
:10EE6000B0B0A800FFFF0108100214001A0A000049
:10EE70001513FF7FB0B0A800FFFF010804040A00CB
:10EE8000100400000113FF7FB0B0A800FFFF0108CD
:10EE9000100214001A0A0000ED12FF7FB0B0A800A3
:10EEA000FFFF010804040A0010040000D912FF7FCC
:10EEB000B0B0A800FFFF0108100214001A0A0000F9
:10EEC000C512FF7FB0B0A800FFFF010804040A00CC
:10EED00010040000B112FF7FB0B0A800FFFF0108CE
:10EEE00004040A00100400009D12FF7FB0B0A800C7
:10EEF000FFFF0108100214001A0A00008912FF7FA8
:10EF0000B0B0A800FFFF010804040A0010040000CC
:10EF10007512FF7FB0B0AE00FFFF011C1E0424007D
:10EF20002A0400004C047E007804820100AE010433
:10EF3000B401009E020400004D12FF7FB0B0A80093
:10EF4000FFFF01004112FF7FB0B0A800FFFF0100EA
:10EF50003512FF7FB0AA1100FFFF010818304A00E8
:10EF6000500400002112FF7FB0A90200FFFF011F23
:10EF70000828000036047A0046040000500484018A
:10EF800000600400006A04860100800104000000A3
:10EF9000F511FF7FB0A80100FFFF010C0A0400007B
:10EFA0001204200026040000DD11FF7FB0A902003A
:10EFB000FFFF012B082E00003C04AA01004C0400B6
:10EFC000005604B40100660400007004B60100801D
:10EFD000010400008A0104B8010098011C0000002F
:10EFE000A511FF7FB0A90200FFFF012B082E000032
:10EFF0003C04AA01004C0400005604B4010066045D
:10F0000000007004B6010080010400008A0104B809
:10F01000010098011C0000006D11FF7FB0A80100E5
:10F02000FFFF010C0A04000016041C00220400006B
:10F030005511FF7FB0AB0600FFFF01101404000064
:10F040002804540030044400500400003911FF7FAC
:10F0500001AD0A00FFFF010E36040000682A94018A
:10F06000009A0104000000001D11FF7FB0B0AA004B
:10F07000FFFF015B240400002C04B6040058045E6A
:10F08000007C048201009601100000AE0104C20160
:10F0900000CC01580000A80204B80400E00204E615
:10F0A0000200FE02048403009C03040000A4030485
:10F0B000BA0400DC0304E20300FA030480040098AD
:10F0C00004040000A00404BC0400B2040400000016
:10F0D000B510FF7F01AE0700FFFF010C2404000004
:10F0E00038046A00641000009D10FF7FB0A809007A
:10F0F000FFFF0108120C2000260400008910FF7F8A
:10F10000B0AB1600FFFF010A46188601008C01040F
:10F11000000000007110FF7FB0A90C00FFFF010884
:10F12000260C34003A04000008B10181B0B000841C
:10F130000000000008B10181B0B0008400000000B0
:10F1400008B10181B0B000840000000008B1018165
:10F15000B0B00084000000002D10FF7FB0B0A80008
:10F16000FFFF01002110FF7FB0B0A800FFFF0100EA
:10F170001510FF7FB0B0A800FFFF010008B10181AA
:10F18000B0B0008400000000FD0FFF7FAB08B100AD
:10F19000FF101D011418045A0146046A01500400AE
:10F1A000005E046200660400000100000000000030
:10F1B000D50FFF7FAB08B100FF101D011418045AD2
:10F1C0000146046A01500400005E04620066040007
:10F1D0000001000000000000AD0FFF7FB0AD060091
:10F1E000FF102D01242404BA01003604B801005890
:10F1F00004B20101700476018001048401009401CD
:10F20000040000AA0104B001010100000000000098
:10F21000750FFF7FB0AD0C00FFFF010D1004000063
:10F220001E047E008401040000000000AC02018185
:10F23000B0B008B1000000004D0FFF7FB0B0A800D3
:10F24000FFFF0108100416001C040000390FFF7FA7
:10F25000B0AF1800FFFF01161C0C000076A001D211
:10F260000400C202D001C20400CE04040000000069
:10F27000150FFF7FB0AF1800FFFF01161C0C000038
:10F2800076A001D20400C202D001C20400CE040460
:10F2900000000000F10EFF7FAF0C9700FFFF011090
:10F2A0003078820200B2013AEE0100FE0104000053
:10F2B00008B10181B0B0008400000000C90EFF7FDA
:10F2C000B0AF1800FFFF011A180C00005A04E00745
:10F2D000006404F007009E019606E00700EC0704B6
:10F2E00000000000A10EFF7FB0AF1800FFFF011A61
:10F2F000180C00005A04E007006404F007009E01A7
:10F300009606E00700EC070400000000790EFF7F7E
:10F31000B0AC1100FFFF010842286C00720400002D
:10F32000650EFF7FB0AF1000FFFF010E220400004A
:10F3300056429A0100A0010400000000490EFF7F20
:10F34000B0B0A800FFFF01003D0EFF7FB0AA110082
:10F35000FFFF010818304A0050040000290EFF7F0B
:10F36000B0A90600FFFF011F0A28000038047C0036
:10F37000480400005204860100620400006C048806
:10F380000100820104000000FD0DFF7FB0A8050010
:10F39000FFFF010C0C0400001404220028040000EC
:10F3A000E50DFF7FB0A90600FFFF012B0A2E00002C
:10F3B0003E04AC01004E0400005804B6010068048D
:10F3C00000007204B8010082010400008C0104BA3C
:10F3D00001009A011C000000AD0DFF7FB0A90600DE
:10F3E000FFFF012B0A2E00003E04AC01004E04007A
:10F3F000005804B60100680400007204B8010082DD
:10F40000010400008C0104BA01009A011C000000F4
:10F41000750DFF7FB0A80500FFFF010C0C04000074
:10F4200016041C00220400005D0DFF7FB0AB0E002F
:10F43000FFFF011012040000240450002C044000BF
:10F440004C040000410DFF7F01AD0E00FFFF010ED7
:10F4500036040000702A9C0100A201040000000094
:10F46000250DFF7FB0B0AA00FFFF015B2404000060
:10F470002C04B6040058045E007C0482010096014E
:10F48000100000AE0104C20100CC01580000A80227
:10F4900004B80400E00204E60200FE020484030053
:10F4A0009C03040000A40304BA0400DC0304E20388
:10F4B00000FA03048004009804040000A00404BCC3
:10F4C0000400B20404000000BD0CFF7F01AE0B007D
:10F4D000FFFF010C2404000038046A0064100000DF
:10F4E000A50CFF7FB0A80900FFFF0108120C200047
:10F4F00026040000910CFF7FB0AC1900FFFF010A49
:10F500004C1ADC0100E2010400000000790CFF7FCE
:10F51000B0A90C00FFFF0108240C320038040000E1
:10F5200008B10181B0B000840000000008B1018181
:10F53000B0B000840000000008B10181B0B00084C8
:10F5400000000000410CFF7FA908B100FFFF010887
:10F550000E041C00180E00002D0CFF7FA908B1003E
:10F56000FFFF01080E041C00180E0000190CFF7F9D
:10F57000A908B100FFFF01080E041C00180E0000CE
:10F5800008B101810FB1008400000000F90BFF7F7A
:10F59000A908B100FFFF01080E041C00180E0000AE
:10F5A00008B10181B0B000840000000008B1018101
:10F5B000B0B000840000000008B10181B0B0008448
:10F5C00000000000C10BFF7FB0B0AA00FF101901BE
:10F5D0000C14021A011E0424032808000001007FF5
:10F5E000000000000000000000000000990BFF7FF9
:10F5F000B0B0A800FFFF01008D0BFF7FB0B0A800E6
:10F60000FFFF0100810BFF7FA908B100FFFF010090
:10F61000750BFF7FB0AD0200FF102D01221604B064
:10F6200001002C04AE01004E04A8010166046C0127
:10F6300076047A008A01040000A00104A6010101F9
:10F6400000000000000000003D0BFF7FB0AD040093
:10F65000FFFF010E100400001E0482010088010457
:10F6600000000000210BFF7FB0B0A800FFFF0108E1
:10F670001C042200280400000D0BFF7FB0B0A8007E
:10F68000FFFF0108100416001C040000F90AFF7FA8
:10F69000B0AD0400FF1049013E0C0400001604E860
:10F6A00002012204CE02033004B602034A04CC0253
:10F6B0000356046A036404980103A20104A8010329
:10F6C000B20104A60203C00142B20203DC0204E05C
:10F6D0000200E4020400000100007D0000000000C0
:10F6E000A50AFF7FAB08B100FF101D011418043CF0
:10F6F0000128044C01320400004004440048040086
:10F7000000010000000000007D0AFF7FB0AC070090
:10F71000FFFF012D0C0E00001E04FA01002C04B2A4
:10F72000020034048402004204B002004A0492023F
:10F73000005804AE0200648401A0020080020400AC
:10F7400000000000410AFF7FAB08B100FF101D015F
:10F750001418043C0128044C013204000040044405
:10F76000004804000001000000000000190AFF7FAB
:10F77000B0AC0700FFFF012D0C0E00001E04FA01C3
:10F78000002C04B2020034048402004204B00200DF
:10F790004A049202005804AE0200648401A00200F0
:10F7A0008002040000000000DD09FF7FAB08B1000B
:10F7B000FF101D011418043C0128044C0132040000
:10F7C0000040044400480400000100000000000064
:10F7D000B509FF7FB0AF0E00FFFF01161A0C000045
:10F7E00070B401E80400CC02DC01D80400E4040495
:10F7F000000000009109FF7FB0AF0E00FFFF01166F
:10F800001A0C000070B401E80400CC02DC01D8043A
:10F8100000E40404000000006D09FF7FAF089700BA
:10F82000FFFF01103072860200AA0146F201008239
:10F83000020400005109FF7FB0AF0800FFFF011A6A
:10F84000161400006C04FC070074C8010000C80214
:10F85000F804FC0700820804000000002909FF7F6B
:10F86000B0AD0C00FFFF010A1C4C8801008E0104A2
:10F87000000000001109FF7FB0AD0C00FFFF010A7E
:10F880001C4C8801008E010400000000F908FF7F75
:10F89000B0AD0C00FFFF010A1C4C8801008E010472
:10F8A00000000000E108FF7FB0AF0C00FFFF011176
:10F8B00014F8010000D2039C02FC06008207040039
:10F8C00000000000C108FF7FB0AF0A00FFFF011178
:10F8D00014F8010000CA03A802F80600FE0604009E
:10F8E00000000000A108FF7FB0AF0A00FFFF011178
:10F8F00016F4010000C0039202D60600DC060400E4
:10F90000000000008108FF7FB0AF0A00FFFF011177
:10F9100016F4010000C0039202D60600DC060400C3
:10F92000000000006108FF7FB0AF0E00FFFF011173
:10F9300014F8010000E803D402E40700EA07040019
:10F94000000000004108FF7FB0AF0C00FFFF011175
:10F9500014F8010000DC03D802C60700CC0704003D
:10F96000000000002108FF7FB0AF0E00FFFF011A6A
:10F97000180C00004804FC070052048C08008C019D
:10F98000A206FC070088080400000000F907FF7FBA
:10F99000B0AF0E00FFFF011A180C00004804FC076E
:10F9A0000052048C08008C01A206FC0700880804A1
:10F9B00000000000D107FF7FB0AC0B00FFFF010883
:10F9C0003A326E0074040000BD07FF7FB0AF0C0038
:10F9D000FFFF010E220400004E50A00100A601040A
:10F9E00000000000A107FF7FA908B100FFFF010090
:10F9F0009507FF7FB0A90200FF1031012114040018
:10FA00000034044C0346049401006008680072044A
:10FA100000008401048E01008801049401000200AA
:10FA2000017D000000000000D032000008B101811B
:10FA3000B0B000840000000008B10181B0B00084C3
:10FA40000000000008B10181B0B000840000000097
:10FA500008B10181B0B000840000000008B101814C
:10FA6000B0B00084000000001D07FF7FB0AF0400AD
:10FA7000FF1029011E2404280160049201006A0479
:10FA80006E0188010A9201009A01040000AE010291
:10FA9000920100010000000000000000E906FF7F65
:10FAA000A908B100FFFF010008B10181B0B00084D6
:10FAB00000000000D106FF7FB0AF1200FF10190157
:10FAC00010289C050000DA0504DE0501F605340067
:10FAD0000001000000000000AD06FF7F8408B101B6
:10FAE000B0B0B000FF100D010402060801010000D3
:10FAF0000000000008B10181B0B0008400000000E7
:10FB000008B10181B0B00084000000007906FF7FD9
:10FB10008408B101B0B0B000FF100D010402040868
:10FB2000010100000000000008B10181B0B00084B4
:10FB3000000000005106FF7FA908B100FFFF010887
:10FB40000C0412001A0C00003D06FF7FB0B0A800A4
:10FB5000FFFF010804040A00100400002906FF7FCB
:10FB6000B0B0A800FFFF0108100416002004000038
:10FB70001506FF7F8408B101B0B0B000FF100D0181
:10FB80000806040C01100800007F000000000000BF
:10FB9000F505FF7FB0B0AE00FF100D01081E045A3E
:10FBA000015E0800007F000000000000D905FF7F13
:10FBB000B0A80100FFFF01080C04120018040000A7
:10FBC000C505FF7FB0A80100FFFF01080C0412006B
:10FBD00018040000B105FF7FB0B0A800FFFF0100CE
:10FBE000A505FF7FB0A80100FFFF01082A0430002F
:10FBF000360400009105FF7FB0AB1200FFFF011437
:10FC0000160200001E045E0030045C004004460042
:10FC1000580400007105FF7FB0A90200FFFF010C2E
:10FC200018044C002C0432003E0E00005905FF7FE2
:10FC3000B0B0A800FFFF01080A041000160400007D
:10FC40004505FF7FB0A80500FFFF010C0C02000076
:10FC500014041A00200400002D05FF7FB0AA010043
:10FC6000FF1011010826042C033A0A00007F00004F
:10FC70007D0000000000000008B10181B0B00084E8
:10FC80000000000008B10181B0B000840000000055
:10FC9000F006FE7F010000008007FE7FB0A9028011
:10FCA0000408FE7FB0B0A8804808FE7F0100000075
:10FCB0005008FE7FB0B0AA808208FE7FAE71B2808D
:10FCC0003409FE7F010000003009FE7FAB3F388021
:10FCD0008209FE7F010000008C09FE7FB0B0AA807F
:10FCE000C409FE7F01000000680AFE7FAB0EB280EF
:10FCF000CC0AFE7FB0AF0680140DFE7F010000002D
:10FD0000180DFE7FAC3F0180780FFE7F01000000E0
:10FD10002014FE7F008404803014FE7F0100000068
:10FD20002A14FE7FB0AD04806616FE7F0084048036
:10FD30008816FE7F44FFFF7F8A16FE7F48FFFF7F05
:10FD40009416FE7F01000000A083FE7F9CEFFF7FE2
:10FD5000E083FE7FA8EFFF7F2885FE7FBCEFFF7F5B
:10FD60006085FE7F010000008485FE7FB0B0A88022
:10FD70009085FE7F01000000F085FE7FE4EFFF7FAD
:10FD80007487FE7F010000002088FE7F00F0FF7F67
:10FD90004C8CFE7F01000000C08CFE7FA908B18062
:10FDA000C88DFE7F40F0FF7FEC8DFE7F60F0FF7F0F
:10FDB000108EFE7FB0B0A880808EFE7FA908B18033
:10FDC000888FFE7F98F0FF7FAC8FFE7FB8F0FF7FBB
:10FDD000D08FFE7FA908B1806490FE7FD0F0FF7FB6
:10FDE0008890FE7FB0B0A880B490FE7FA908B18053
:10FDF0004891FE7FF4F0FF7F6C91FE7F01000000D0
:10FE00005094FE7F0CF1FF7F0496FE7FB0B0AC8073
:10FE10004896FE7FB0A902808096FE7F0100000018
:10FE20000897FE7F14F1FF7F2C97FE7F01000000F2
:10FE30009097FE7F18F2FF7F2C98FE7F2CF2FF7FB9
:10FE4000CC9AFE7FB0A80180EC9AFE7FDCF2FF7FA7
:10FE5000049BFE7FAB08B180309BFE7F0100000059
:10FE6000409BFE7FB0B0A880909BFE7FAB08B18026
:10FE7000BC9BFE7F01000000FC9BFE7FB0B0AA800F
:10FE8000249CFE7FAB08B180549CFE7FB0AA018009
:10FE9000BC9CFE7F01000000D09CFE7FB0B0AC8017
:10FEA0003C9DFE7FAB08B180C89DFE7FACF2FF7F1A
:10FEB000E89DFE7F010000006C9EFE7FA8F2FF7FA0
:10FEC000809EFE7FACF2FF7F949EFE7FB0F2FF7FAC
:10FED000B49EFE7FB4F2FF7F2C9FFE7FB0B0AA805D
:10FEE000649FFE7FCCF2FF7FDC9FFE7FA908B1807C
:10FEF00000A0FE7FB0A9028024A0FE7F30F3FF7F28
:10FF00008CA0FE7F34F3FF7FB0A0FE7F88F3FF7FDD
:10FF1000CCA1FE7FB0AF2A80C0ACFE7FA0F3FF7FF4
:10FF2000ACB0FE7FC0F3FF7F98B4FE7F01000000FD
:10FF300014B5FE7FB0AA0180ACB5FE7F01000000C1
:10FF400034B6FE7FF8F3FF7F58B6FE7F0100000055
:10FF5000BCB6FE7F0CF5FF7F5CB9FE7FB0B0A88019
:10FF600074B9FE7F0100000084B9FE7FC0F5FF7FF9
:10FF70009CB9FE7FC4F5FF7FB4B9FE7FC8F5FF7F53
:10FF8000DCB9FE7FD4F5FF7F04BAFE7FE0F5FF7F8A
:10FF90002CBAFE7FF8F5FF7F54BAFE7F0100000007
:10FFA00060BAFE7FFCF5FF7F78BAFE7F010000009B
:10FFB000ACBBFE7F38F6FF7FC0BBFE7F3CF6FF7F09
:10FFC000D4BBFE7F40F6FF7F08BCFE7FB0B0AC80A4
:10FFD0004CBCFE7FB0B0A88074BCFE7F34F6FF7FBF
:10FFE00038BDFE7FB0B0A880A8BDFE7F0100000034
:10FFF000A8BEFE7F70F6FF7FD4BEFE7F7CF6FF7F3B
:020000040002F8
:10000000F8BEFE7FB0B0A88068BFFE7F80F6FF7F9D
:10001000D4C0FE7FCCF6FF7F2CC1FE7FB0B0A8809D
:10002000D8C1FE7F010000000CC2FE7FDCF6FF7F1E
:100030003CC3FE7F10F7FF7F94C3FE7F30F7FF7F46
:10004000C4C4FE7F64F7FF7F1CC5FE7F84F7FF7F7B
:1000500084C7FE7FA0F7FF7FECC9FE7FBCF7FF7F60
:100060000CCBFE7FB0AF2C80DCD5FE7FC8F7FF7FC6
:10007000DCD9FE7FE8F7FF7F6CDAFE7FF8F7FF7FC1
:10008000FCDAFE7F08F8FF7F8CDBFE7F18F8FF7F2D
:1000900010DFFE7F30F8FF7F90E2FE7F48F8FF7FA1
:1000A000ECE5FE7F60F8FF7F48E9FE7F78F8FF7F90
:1000B00034EDFE7F90F8FF7F00F1FE7FA8F8FF7F10
:1000C00008F5FE7FC8F8FF7F10F9FE7FE8F8FF7F94
:1000D000A8F9FE7FF4F8FF7F50FAFE7F01000000D0
:1000E00054FBFE7F48F9FF7F90FBFE7F4CF9FF7FBA
:1000F000A4FBFE7FB0AC018018FCFE7FB0AF028095
:100100000CFDFE7FB0AB028034FDFE7FB0B0AC8052
:1001100064FDFE7F01000000A4FEFE7FB0AC018004
:100120003CFFFE7F38F9FF7F54FFFE7F3CF9FF7FE5
:100130001C00FF7F010000004C00FF7F78F9FF7F6B
:100140007C03FF7F01000000E403FF7FB0B0A880C4
:100150001404FF7F010000003804FF7FB0B0A880C6
:100160006C04FF7F010000005406FF7FBCF9FF7F95
:100170007006FF7FC0F9FF7F9C06FF7FE0F9FF7FDD
:10018000C806FF7F010000005809FF7FA908B18061
:10019000500BFF7FB0B0AC80940BFF7F10FAFF7F55
:1001A000B40BFF7FB0B0A880D40BFF7F14FAFF7FA1
:1001B000F40BFF7F01000000300CFF7F18FAFF7F77
:1001C000440CFF7F1CFAFF7F840CFF7F28FAFF7F1F
:1001D000040DFF7F40FAFF7F5C0DFF7F01000000F0
:1001E0006C0DFF7F48FAFF7F880DFF7F0100000044
:1001F000080EFF7FB0AA0180580EFF7F01000000AB
:10020000A40EFF7F54FAFF7FE40EFF7FB0AD0480A1
:10021000440FFF7F010000007271FF7F18EBFF7F2A
:100220009671FF7F010000002A72FF7FCCEBFF7FF9
:100230004072FF7FECEBFF7F5672FF7FF8EBFF7F92
:100240006C72FF7F04ECFF7F8272FF7F24ECFF7FE4
:100250009872FF7F44ECFF7FAE72FF7F64ECFF7FFC
:10026000C472FF7F70ECFF7FDA72FF7F90ECFF7F3C
:10027000F072FF7F01000000E878FF7FAB08B180DB
:100280000A79FF7FB0A801801C79FF7FB0A90A809E
:100290005E7AFF7F01000000607AFF7FB0AB1080C4
:1002A000C87AFF7FB0A80980007BFF7F01000000B3
:1002B000047BFF7F00840280187BFF7F0100000029
:1002C000D07BFF7F80ECFF7FD67BFF7F84ECFF7FBE
:1002D0002E7CFF7F90ECFF7FAE7CFF7F0100000053
:1002E000BA7CFF7FACECFF7FDC7CFF7FBCECFF7F48
:1002F0008E7DFF7FECECFF7F407EFF7F1CEDFF7F5C
:100300006C7EFF7F2CEDFF7FBA7EFF7F0100000037
:10031000C07EFF7F01AB06806C7FFF7FB4EDFF7F67
:10032000D87FFF7FC4EDFF7F0680FF7FD0EDFF7F8A
:100330008E80FF7FE0EDFF7FD080FF7F0100000017
:10034000D880FF7FF0EDFF7FEC80FF7F0100000091
:10035000A281FF7FB0AF02802C82FF7FB0B0A88067
:100360004E82FF7FDCEDFF7F5882FF7FB0B0A88018
:100370005C82FF7FB0A902807882FF7FAB08B180EA
:100380009282FF7FB0B0AA80BC82FF7FB0A90280BA
:10039000EA82FF7FAB08B1802E83FF7FB0EDFF7F45
:1003A0003083FF7FB0B0AA806283FF7F010000002E
:1003B0009C83FF7FB0AC3F80DC83FF7F01000000A7
:1003C000E483FF7FB0B0AA80FC83FF7F01000000C0
:1003D0000484FF7FB0B0AA801C84FF7F010000006E
:1003E000F885FF7F008402800486FF7FB0B0A8807C
:1003F0000E86FF7FB0B0AC804886FF7FB0AA018038
:100400007686FF7FB0B0A8801E87FF7FCCEDFF7F90
:10041000E687FF7FFCEDFF7F6688FF7F010000001D
:100420006A88FF7FB0B0AA80A488FF7FB0AB088045
:100430001889FF7FB0AA07804489FF7FB0AA058092
:100440006C89FF7F010000007089FF7FB0B0A88039
:10045000A089FF7F01000000BE89FF7FB0B0A880A7
:10046000EE89FF7F010000000C8AFF7FB0B0A880FA
:100470002E8AFF7F010000002C8AFF7FB0AB08802E
:100480003C8BFF7F010000003A8BFF7FB0AA018008
:100490004A8BFF7F01000000548BFF7FA908B180C9
:1004A0005A8BFF7FB0AB0280868BFF7FA0EDFF7F72
:1004B000D28DFF7FBCEDFF7F1E90FF7FB0AB06802B
:1004C0004A90FF7FB0B0A8806090FF7FA908B180FC
:1004D0007C90FF7FDCEDFF7F8290FF7FB0AF0280DA
:1004E0000691FF7FAF0C97804694FF7FAF06978001
:1004F000A095FF7FB0AF0E80A896FF7FB0AD1C80A7
:100500006297FF7FB0AD2680F097FF7FB0AF10807D
:10051000AA99FF7FF8EDFF7F3C9AFF7F04EEFF7FF3
:10052000D89AFF7F01000000D49AFF7FAB08B1800A
:10053000F29AFF7FB0A80180049BFF7FB0A90A80D8
:10054000469CFF7F01000000489CFF7FB0AB1080FD
:10055000B09CFF7FB0A80980E89CFF7F01000000ED
:10056000EC9CFF7F00840280FC9CFF7F0100000068
:10057000849DFF7FD4EDFF7FDC9DFF7FE0EDFF7F5B
:100580005E9EFF7F010000006A9EFF7FFCEDFF7F03
:100590008E9EFF7F0CEEFF7F429FFF7F3CEEFF7F32
:1005A000F69FFF7F6CEEFF7F22A0FF7F7CEEFF7F38
:1005B0006CA0FF7F0100000072A0FF7F01AB0680EE
:1005C0001EA1FF7F80EEFF7FBCA1FF7FFCEEFF7FBF
:1005D00028A2FF7F0CEFFF7F56A2FF7F18EFFF7F5F
:1005E00034A3FF7F28EFFF7F74A3FF7F01A9028060
:1005F00096A3FF7F0100000094A3FF7FAB08B180AA
:10060000CAA3FF7F01000000CEA3FF7FA908B1802D
:10061000E8A3FF7F0CEFFF7F04A4FF7F0100000031
:100620000EA4FF7FB0B0A88046A4FF7F54EFFF7FE9
:1006300048A4FF7F0100000052A4FF7F70EFFF7FFE
:1006400056A4FF7F74EFFF7F62A4FF7FA908B180EB
:10065000C0A4FF7F70EFFF7FE8A4FF7F01000000D0
:1006600040A7FF7FB0B0A8804AA7FF7FB0B0AA80A4
:1006700066A7FF7FB0A801803AA8FF7F01000000B5
:1006800044A8FF7FB0B0AC807EA8FF7FBCEFFF7FA7
:1006900002A9FF7FB0AB088076A9FF7FB0AA0780D0
:1006A000A2A9FF7FB0AA0580CAA9FF7F01000000B0
:1006B000CEA9FF7FB0B0A880FEA9FF7F0100000097
:1006C0001CAAFF7FB0B0A8804CAAFF7F01000000E9
:1006D0006AAAFF7FB0B0A8808CAAFF7F010000004B
:1006E00084ABFF7FB0AB088094ACFF7F01000000BB
:1006F00092ACFF7FB0AA0180A2ACFF7F0100000096
:10070000ACACFF7FA908B180B2ACFF7F0100000054
:100710003AADFF7FB0AB028076ADFF7FB0AA01801B
:1007200094ADFF7FB0B0AE8074AEFF7FB0A9028001
:1007300088AEFF7F0100000072AFFF7FA908B18083
:100740008EAFFF7F0100000096AFFF7FA908B18048
:10075000B2AFFF7F01000000BAAFFF7FAF08978004
:10076000F6B0FF7FB0A9068016B1FF7FAF08978073
:1007700004B2FF7FAF06978012B3FF7FB0A9068057
:1007800032B3FF7FB0AC078082B3FF7FAF089780A2
:10079000C6B4FF7FB0A90680EAB4FF7FAF08978098
:1007A00006B6FF7FB0A906802AB6FF7FAF0A978002
:1007B00032B8FF7FB0A908805AB8FF7FAF0A978090
:1007C00062BAFF7FB0A908808ABAFF7FB0AB06800B
:1007D000B6BAFF7FB0AD26802ABBFF7FB0AF0280E4
:1007E000AEBBFF7FAF0C9780EEBEFF7FAF0697805A
:1007F00048C0FF7FB0AA078076C0FF7FB0AF1080EF
:100800008CC2FF7FB0AA078026C3FF7FB0AC0B80ED
:100810007EC3FF7FB0AA0780E2C3FF7FB0AF0E8028
:10082000EAC4FF7FB0AE1B807CC5FF7FB0AE2580E1
:100830000EC6FF7FB0AF128016C7FF7F0100000019
:100840003EC7FF7FA0F1FF7F70C7FF7FA4F1FF7F4E
:10085000FEC7FF7FA908B18036C8FF7F01000000F6
:1008600072C8FF7FB0B0A88082C8FF7F010000007F
:1008700098C8FF7FAD08B18038C9FF7F0100000034
:1008800066C9FF7FC0F1FF7F76C9FF7F01000000CE
:10089000D0C9FF7FB0A90280FCC9FF7F0100000022
:1008A00008CAFF7FB0AE018076CAFF7F010000005A
:1008B00098CAFF7FB0A90280CCCAFF7FB0AB02808C
:1008C00000CBFF7F008402800CCBFF7FB0B0A880FC
:1008D00022CBFF7F7CF1FF7F24CBFF7FB0A902807A
:1008E00038CBFF7FB0AA018090CBFF7F01000000D2
:1008F000BCCCFF7FB0AA0380E6CCFF7F01000000E4
:100900008ACDFF7FB0AC07802CCEFF7F01000000B6
:1009100094CFFF7F88F1FF7FDECFFF7F01000000D3
:100920008CD0FF7FB0AC018010D1FF7F7CF1FF7FC6
:100930004AD1FF7FB0B0AA8062D1FF7FB0AA018008
:10094000B8D1FF7F00840480C8D1FF7F8CF1FF7F86
:10095000D0D1FF7F01000000D2D1FF7F98F1FF7F4F
:10096000D2D1FF7F9CF1FF7FD4D1FF7FB0B0A880B0
:1009700008D2FF7FB0B0AA8034D2FF7FB0B0A88089
:100980009AD2FF7F01000000B0D2FF7F80F1FF7F8D
:10099000BCD2FF7F0100000078D3FF7FB0B0AC80F5
:1009A0009AD3FF7F01000000D8D3FF7FB0AF028051
:1009B00042D4FF7F0100000066D4FF7FB0AF1080FB
:1009C000CAD6FF7FB0AF0880E6D7FF7F01000000E6
:1009D0000ED8FF7F74F1FF7F24D8FF7F0100000055
:1009E00092D9FF7FB0AA0180CCD9FF7FB0A8018047
:1009F000EED9FF7F7CF1FF7F00DAFF7F010000006E
:100A000044DAFF7F8CF1FF7FA2DAFF7FB0B0AA80CB
:100A1000BEDAFF7FB0A80180CEDAFF7F01000000C0
:100A200002DBFF7FB0B0AA8020DBFF7F0100000067
:100A300060DBFF7FB0B0A88068DBFF7F01000000B3
:100A4000EADBFF7FFCF1FF7F12DCFF7F010000008B
:100A500000000000B00A0200496900000000000028
:100A6000A17D00000000000000000000F00A02006C
:100A700000000000D00A02008164010000000000B4
:100A800000000000100B02004D48000000000000B4
:100A90009D560000000000003D2500000000000001
:100AA00071420000000000008964010000000000A5
:100AB000D01B0200141C0200DC0D020068010020A3
:100AC0000C12002061470000000000000000000040
:100AD000441C02005C1C0200B80D02006A010020E8
:100AE000C0120020254C00000000000000000000A3
:100AF000501C0200741C0200B80D02006C010020A2
:100B0000CC120020254C0000000000000000000076
:100B1000B81C0200D41C0200F80D02006E01002077
:100B2000640000200B6201000000000000000000D3
:100B300000000000BB51010000000000BB5101009B
:100B400000000000BB51010000000000BB5101008B
:100B500000000000BB510100255C0000E9650100B8
:100B600000000000BB51010000000000BB5101006B
:100B7000100B02002962010000000000BB510100BF
:100B800000000000BB51010000000000BB5101004B
:100B900000000000BB510100DD630000E9650100B9
:100BA00000000000BB51010000000000BB5101002B
:100BB00000000000BB51010000000000BB5101001B
:100BC00000000000BB51010000000000BB5101000B
:100BD00000000000BB51010000000000B5570000FC
:100BE00000000000BB51010000000000BB510100EB
:100BF00000000000BB51010000000000BB510100DB
:100C000000000000BB51010000000000BB510100CA
:100C100000000000BB51010000000000BB510100BA
:100C200000000000BB51010000000000BB510100AA
:100C300000000000BB51010000000000BB5101009A
:100C400000000000BB51010000000000BB5101008A
:100C500000000000BB51010000000000BB5101007A
:100C600000000000BB51010000000000BB5101006A
:100C700000000000BB51010000000000BB5101005A
:100C800000000000BB51010000000000BB5101004A
:100C900000000000BB51010000000000BB5101003A
:100CA00000000000BB51010000000000BB5101002A
:100CB00000000000BB51010000000000BB5101001A
:100CC00000000000BB51010000000000BB5101000A
:100CD00000000000BB51010000000000BB510100FA
:100CE00000000000BB51010000000000BB510100EA
:100CF00000000000BB51010000000000BB510100DA
:100D000000000000BB51010000000000BB510100C9
:100D100000000000BB51010000000000BB510100B9
:100D200000000000BB51010000000000BB510100A9
:100D300000000000BB51010000000000BB51010099
:100D400000000000BB51010000000000BB51010089
:100D500000000000BB51010060020020701F002055
:100D600000040000851500000000000000000000E5
:100D700000000000070000000000000084120200D4
:100D8000000000000000000010030020702300207D
:100D900000040000591400000000000000000000E2
:100DA0000000000006000000000000009412020095
:100DB0000000000000000000714A0000A958010076
:100DC000B5580100C9580100D3580100DD58010091
:100DD000714900001D590100000000002947000072
:100DE000B7560100F956010000000000CB55010084
:100DF0000000000000000000115B0100E95100004C
:100E0000FD5E01003D500000B75A0100875E010001
:100E1000BB5B0100994F00000B5A01008B3B0100A6
:100E2000C1B3000029FB000095FF00006D01010027
:100E3000350F0100511001000013020003000000F3
:100E4000A012020003000000BC1202000300000018
:100E5000BC13020003000000041C02000300000099
:100E6000FC13020003000000001402000300000055
:100E70006C15020003000000F01A020003000000DD
:100E8000501E020003000000B01B0200030000001F
:100E9000C41C02000300000090150200180000208E
:100EA0005815020001000000040000000F000000BF
:100EB00001000000080000002000000060000000A9
:100EC000700000000D0000000C0000000E0000008B
:100ED0005000000074000000A8000000FFFFFFFFAA
:0C0EE000FFFFFFFFFFFFFFFFFFFFFFFF12
:100EF00000258450002884500000000000000000FD
:100F00000338FDD870470000010000000000000019
:100F100005000000000000001900000000000000B3
:100F20007D000000000000007102000000000000D1
:100F3000350C000000000000093D0000000000002A
:100F40002D31010000000000E1F505000000000067
:100F500065CD1D0000000000F902950000000000B2
:100F6000DD0EE90200000000514A8D0E0000000075
:100F70009573C24800000000E941CC6B01000000FD
:100F80008D49FD1A07000000C16FF28623000000A2
:100F9000C52EBCA2B1000000D9E9AC2D7803000039
:100FA0003D9160E45811000031D6E275BC56000056
:100FB000F52E6E4DAEB10100C9EA268367780800B0
:100FC000ED95C28F055A2A00A1EDCCCE1BC2D300ED
:100FD00025A4000A8BCA22040000000000000000C3
:100FE00000000000000000100000000000000000F1
:100FF000B9340332B7F4AD1410DB1AB30892540EAF
:101000000D307D951447BA1A66088F4D26ADC66D12
:10101000F598BF85E2B74511CA96853D92BD1DEB97
:10102000FCA11860DCEF52163C92AE220BB8C1B4A2
:10103000839D2D5B0562DA1C304C7E8F4E8BB25B3C
:1010400016F4529F8B56A512FBD4827643ED8AF09C
:101050008FE7F9311565191850F19BD94A13EEB491
:10106000284CF0A686C1251F035FC270CB9E49168F
:10107000E642889C44EB2014B0650836AD6EA58529
:1010800085F0CA14E2FD031A0B899979D5B13D099F
:10109000D8DA973A35EBCF10AC363F5E73BB38CF1A
:1010A0003E6752FA44AFBA1501000000000000008C
:1010B0000000000000000020345065C05FC9A65247
:1010C000BB13CBAEC440C21806C8DF7100D5A87CE4
:1010D000F56F0FDA58FC27136E4756357D242065CF
:1010E00002C7E768E48CA41DE9E60268D7CD396140
:1010F0007977FCC2405BEF16798CDE43FFA751F98C
:1011000091F3B278F5BDBE11E857E9D6E8BEE87BA9
:10111000B054AC8F848D751BEA23A499E9F9D38B65
:10112000B7A3714061DA3E15CEE33ECB73F94808B0
:101130008C97B427D51B7010A2BFEFB9EB85321581
:101140004DB44DB49BBB6F1996B6076CF8E7EEAD86
:1011500036D9B4F59135AE13222218AF4E6A684DD8
:1011600091DAAA3D4F40741E9FBD9EE006A1C09833
:1011700057C2A7FDA40E90170E7D497173E3208F0F
:10118000B220D87605143B12853D7434811343B0E8
:10119000AD297A5F27F4351C53656D6170686F72F5
:1011A000652054616B656E2C20436F756E74203D15
:1011B0002025690A0000000053656D6170686F7238
:1011C0006520476976656E2C20436F756E74203DEF
:1011D0002025690A0000000052657475726E207641
:1011E000616C75652066726F6D206B5F6D736771E2
:1011F0005F707574203D20256400000050726F649C
:101200007563657220657865637574696F6E2074A7
:10121000696D65203D20256C6C64206D73000000B5
:1012200052657475726E2076616C75652066726F9A
:101230006D206B5F6D7367715F676574203D20255E
:1012400064000000436F6E73756D6572206578658C
:10125000637574696F6E2074696D65203D20256C1F
:101260006C64206D7300000058203D202564202C04
:101270002059203D202564202C205A203D20256423
:1012800000000000636F6E73756D5F746872656156
:101290006400000070726F645F746872656164005E
:1012A0004D41494E5F43000055415254204953205F
:1012B0004E4F542052454144590A00005541525462
:1012C0005F4300004C4544275320415245204E4F78
:1012D00054205245414459004C454430204E4F540F
:1012E00020434F4E46494755524544004C454431F2
:1012F000204E4F5420434F4E4649475552454400D7
:101300004C45445F43000000D00A02000700000083
:10131000D00A02000600000028756E7369676E65CA
:1013200064292063686172202A20757365642066D1
:101330006F722025257020617267756D656E742E41
:101340002049742773207265636F6D6D656E6465E7
:101350006420746F206361737420697420746F203B
:10136000766F6964202A2062656361757365206900
:1013700074206D6179206361757365206D69736296
:1013800065686176696F7220696E20636572746149
:10139000696E20636F6E66696775726174696F6EDE
:1013A000732E20537472696E673A2225732220616E
:1013B0007267756D656E743A2564000063627072C1
:1013C000696E74665F7061636B6167650000000041
:1013D0006C6F6767696E6700700400200001000091
:1013E0003D4E0100934D01000200000045500100F8
:1013F0000000000000000000000000006C6F6700AB
:101400006C6F675F6D676D74000000004D657373EE
:10141000616765202822257322292064726F70700D
:101420006564206265636175736520697420657801
:1014300063656564732073697A65206C696D69748E
:101440006174696F6E202825752900004D657373DE
:101450006167652064726F707065642062656361A6
:10146000757365206974206578636565647320739E
:10147000697A65206C696D69746174696F6E202882
:10148000257529005B2530386C755D200000000053
:101490005B253032753A253032753A253032752E5B
:1014A000253033752C253033755D20001B5B306D86
:1014B000000000002573000025732E0025733A20DC
:1014C000000000003C25733E2000000025732F0023
:1014D00025732000253032782000000020202000D5
:1014E0007C00000025630000206D657373616765F3
:1014F000732064726F70706564202D2D2D0D0A1B92
:101500005B306D001B5B313B33316D2D2D2D200089
:101510001B5B313B33316D001B5B313B33336D0063
:101520006572720077726E00696E660064626700B1
:101530000000000010150200181502000000000055
:101540000000000000000000201502002415020029
:10155000281502002C1502006C6F675F6261636BD7
:10156000656E645F75617274000000006C6F675F88
:10157000756172740000000080150200400C0020AC
:10158000CD2F0000580C0020640C0020010000004A
:101590001351010005510100F1500100E550010017
:1015A00000000000D9500100000000002A2A2A2073
:1015B000426F6F74696E67206E524620436F6E6E85
:1015C0006563742053444B2076332E312E312D65C4
:1015D0003261393766653235373861202A2A2A0A5E
:1015E000000000002A2A2A205573696E67205A6578
:1015F00070687972204F532076342E312E39392D70
:10160000666638663063353739656562202A2A2A6E
:101610000A000000000000002F5101006D75746584
:10162000785F696E69742063616C6C6564207769AA
:101630007468204E554C4C20706172616D65746504
:1016400072000000436F756C64206E6F7420616CD3
:101650006C6F63617465206D757465782062656672
:101660006F726520696E697469616C697A696E6709
:10167000000000003800002030000020280000207A
:101680000000000020000020B93100005D310000A2
:10169000E13000007530000072302F61313A2020B7
:1016A000307825303878202072312F61323A20206E
:1016B000307825303878202072322F61333A20205C
:1016C000307825303878000072332F61343A20208A
:1016D000307825303878207231322F69703A2020E6
:1016E000307825303878207231342F6C723A2020CF
:1016F000307825303878000020787073723A2020D6
:1017000030782530387800004661756C74696E67F2
:1017100020696E737472756374696F6E206164649E
:101720007265737320287231352F7063293A203027
:101730007825303878000000556E68616E646C65FD
:1017400064204952516E3A2025640000535053459D
:101750004C20696E20746872656164206D6F6465E9
:1017600020646F6573206E6F7420696E64696361B5
:1017700074652050535000002A2A2A2A2A205553E3
:10178000414745204641554C54202A2A2A2A2A00FE
:1017900020204469766973696F6E206279207A65CA
:1017A000726F00002020556E616C69676E65642061
:1017B0006D656D6F727920616363657373000000FE
:1017C0002020537461636B206F766572666C6F774F
:1017D0002028636F6E746578742061726561206E75
:1017E0006F742076616C69642900000020204E6FC0
:1017F00020636F70726F636573736F7220696E73AD
:101800007472756374696F6E730000002020496CF8
:101810006C6567616C206C6F6164206F6620455851
:10182000435F52455455524E20696E746F205043A9
:10183000000000002020496C6C6567616C207573A6
:1018400065206F6620746865204550535200000083
:101850002020417474656D707420746F2065786504
:101860006375746520756E646566696E656420696C
:101870006E737472756374696F6E00002A2A2A2A67
:101880002A204465627567206D6F6E69746F7220DF
:10189000657863657074696F6E202A2A2A2A2A0087
:1018A0005265736572766564204578636570746906
:1018B0006F6E20280000000053707572696F757399
:1018C00020696E74657272757074202849525120B7
:1018D000000000002A2A2A2A2A20257320256429AC
:1018E000202A2A2A2A2A00002A2A2A2A2A204D5077
:1018F00055204641554C54202A2A2A2A2A00000005
:101900002020537461636B696E67206572726F7219
:101910002028636F6E746578742061726561206D34
:1019200069676874206265206E6F742076616C69E7
:10193000642900002020556E737461636B696E67C3
:10194000206572726F720000202044617461204132
:1019500063636573732056696F6C6174696F6E00A1
:1019600020204D4D46415220416464726573733AA4
:1019700020307825780000002020496E737472753D
:101980006374696F6E204163636573732056696F7A
:101990006C6174696F6E00002020466C6F61746921
:1019A0006E672D706F696E74206C617A7920737424
:1019B00061746520707265736572766174696F6EAB
:1019C000206572726F7200002A2A2A2A2A20425544
:1019D00053204641554C54202A2A2A2A2A00000026
:1019E0002020537461636B696E67206572726F7239
:1019F00000000000202050726563697365206461F7
:101A0000746120627573206572726F72000000004D
:101A100020204246415220416464726573733A202B
:101A200030782578000000002020496D70726563D1
:101A300069736520646174612062757320657272D8
:101A40006F7200002020496E737472756374696F41
:101A50006E20627573206572726F72002A2A2A2ABC
:101A60002A2048415244204641554C54202A2A2AD3
:101A70002A2A00002020427573206661756C74204C
:101A80006F6E20766563746F72207461626C65207E
:101A90007265616400000000202044656275672063
:101AA0006576656E7400000020204661756C7420B8
:101AB000657363616C6174696F6E2028736565205E
:101AC00062656C6F77290000415243485F45584377
:101AD000455054207769746820726561736F6E2079
:101AE00025780A0000000020000000000600010028
:101AF0006D7075004661696C656420746F20616C5F
:101B00006C6F63617465206E6577204D505520724F
:101B10006567696F6E2025750A0000005061727458
:101B20006974696F6E2025753A2073616E697479E6
:101B300020636865636B206661696C65642E0000D4
:101B4000496E76616C696420756E6465726C796942
:101B50006E6720726567696F6E20696E64657820B4
:101B600025750000020000007C1B0200464C41531A
:101B7000485F30005352414D5F30000000000000CC
:101B80006C1B020006000000E0FF0F0000000020B8
:101B9000741B020021000000E0FF0620400000202E
:101BA000A011002061626F727428290A00000000F1
:101BB000736F6300212025242D550100CD540100B1
:101BC0000000000029450000094500000000000059
:101BD000636C6F636B403530303000006866636C57
:101BE0006B0000006C66636C6B0000006866636CE1
:101BF0006B3139326D0000006866636C6B6175642F
:101C0000696F0000636C6F636B5F636F6E74726FFC
:101C10006C000000AD4500001D460000DC1B02000A
:101C2000375701005F570100E41B02002D570100E8
:101C300055570100EC1B0200235701004B570100D0
:101C4000F81B02006770696F40383432383030005A
:101C50006770696F4038343235303000FFFF000064
:101C600000288450000000000100000000D0005057
:101C700000000000FFFFFFFF00258450000000006F
:101C80000000000000D0005000000000000102032E
:101C9000040506070B0000004661696C656420744A
:101CA0006F20616C6C6F63617465205050492043F4
:101CB00068616E6E656C000075617274403830301A
:101CC00030000000756172745F6E7266785F7561D6
:101CD00072746500008000500500000000000000E4
:101CE000081D02000000D6010000000000000000F6
:101CF0000000000000000000E0120020D8120020C8
:101D0000471F0020461F002000800050141D0200C5
:101D1000010000001C1D020004000000140000006F
:101D200013000002160600011506000300203030E3
:101D30003030303030303030303030300001000062
:101D4000000100000800000003000000435055207F
:101D5000657863657074696F6E000000556E686128
:101D60006E646C656420696E74657272757074005F
:101D7000537461636B206F766572666C6F770000D9
:101D80004B65726E656C206F6F7073004B65726E81
:101D9000656C2070616E696300000000556E6B6EAB
:101DA0006F776E206572726F72000000756E6B6ED9
:101DB0006F776E0048616C74696E67207379737415
:101DC000656D00003E3E3E205A455048595220461F
:101DD0004154414C204552524F522025643A20250F
:101DE00073206F6E20435055202564004661756C4A
:101DF0007420647572696E6720696E74657272759D
:101E000070742068616E646C696E670A000000007F
:101E100043757272656E74207468726561643A20ED
:101E2000257020282573290069646C650000000076
:101E30006D61696E00000000500A0200500A020045
:101E4000900A0200980A0200B00A0200B00A0200DA
:101E50006F730000FF8FFFFFFF8FFFFFFE8FFFFFFD
:101E6000FE8FFFFFFD8FFFFFFC8FFFFFFC8FFFFF4B
:101E7000FB8FFFFF6D757465785F66726565206323
:101E8000616C6C65642077697468204E554C4C20F9
:101E9000706172616D6574657200000043616E2748
:101EA0007420696E697469616C697A65206D7574F6
:101EB00065782C20776173204E554C4C0D0A00003C
:101EC000436F756C64206E6F74206C6F636B207051
:101ED0006F7765722073617665206D757465780023
:101EE000C02C0200AC310200481C0020EC1B00207A
:101EF000341C0020E01B00203C1C0020E81B0020BC
:101F0000581C0020FC1B0020541C0020F81B002043
:101F1000501C0020F41B00204C1C0020F01B002053
:101F2000381C0020E41B002000000000000000001E
:101F300000000000DC290200C18B00008F7401004A
:101F400000000000D0290200FD8B0000AD740100EC
:101F500000000000E8290200698E000025750100DC
:101F6000C02C0200CF310200902D0200E0310200AF
:101F70000000000002000000E01E0200020000005D
:101F8000601F020002000000502D02000D3202000E
:101F9000681F0200902D020029320200000000009C
:101FA00002000000E01E020002000000601F0200AC
:101FB00002000000502D020056320200941F020061
:101FC000902D0200723202000000000002000000AA
:101FD000E01E020002000000601F0200020000007C
:101FE000502D0200A0320200C01F0200902D0200FE
:101FF000BD3202000000000002000000E01E0200EE
:1020000002000000601F020002000000502D0200CC
:10201000EB320200EC1F020000000000681F02000B
:1020200000000000000000000000000000000000B0
:1020300000000000000000000000000000000000A0
:102040000000000000000000881F02001592000040
:102050002B7B0100C18F000061750100B59000006D
:10206000697501006D750100E9900000717501004E
:1020700000000000941F02000000000000000000AB
:102080000000000000000000000000000000000050
:102090000000000000000000000000000000000040
:1020A000B41F0200299200003D7B0100F58F000063
:1020B000617501004D900000697501006D750100AA
:1020C0007D9000007175010000000000C01F02003B
:1020D0000000000000000000000000000000000000
:1020E00000000000000000000000000000000000F0
:1020F0000000000000000000E01F02003D92000010
:102100004F7B0100A77A010075750100A1910000C5
:10211000697501006D75010059910000717501002C
:1021200000000000EC1F02000000000000000000A2
:10213000000000000000000000000000000000009F
:10214000000000000000000000000000000000008F
:102150000C20020001920000197B0100B9780100F7
:102160007575010009910000697501006D75010028
:10217000658F000071750100902D02007D33020013
:102180000000000002000000D02802000200000051
:1021900058220200020C0000902D0200B23302000F
:1021A0000000000002000000C4280200020000003D
:1021B00058220200020C0000902D0200E6330200BB
:1021C00000000000020000000C29020002000000D4
:1021D00058220200020C0000902D0200213402005F
:1021E00000000000020000002C2902000200000094
:1021F00058220200020C0000902D02005C34020004
:1022000000000000020000008C2902000200000013
:102210005822020002080000902D020092340200B1
:1022200000000000020000009829020002000000E7
:102230005822020002080000902D0200C83402005B
:1022400000000000020000004C2902000200000013
:102250005822020002100000C02C0200FD340200CF
:10226000902D020016350200000000000200000060
:10227000B0290200020000005822020002080000FB
:10228000000000007821020099940000017E010006
:102290006DAC010075AC0100FFAD0100EBAD0100BC
:1022A000D7AD010000000000982102002995000030
:1022B000497E01008B7B0100F982010087AC01009F
:1022C00000000000B8210200BD940000137E010050
:1022D0000BAC010011AC01004FAE01003BAE0100A0
:1022E00027AE010013AE010017AC01001DAC0100C8
:1022F00045AC010000000000D8210200E594000078
:10230000257E0100A9AB0100AFAB01009FAE01002B
:102310008BAE010077AE010063AE0100B5AB0100EA
:10232000BBAB0100E3AB010000000000F82102009C
:10233000559500005B7E0100F97C01002F830100B0
:102340000000000018220200799500006D7E010057
:10235000697D01009F7E010000000000382202001C
:102360000D950000377E0100B57D0100BF8301009F
:10237000A97D010000000000602202009D95000080
:102380007F7E0100EF7C0100AD7C01006B7C0100D1
:10239000297C0100E77B0100A57B0100C02C020025
:1023A0001D360200902D02002C36020000000000B5
:1023B00002000000E01E0200020000009C23020058
:1023C0000200000000000000A4230200719C000035
:1023D0001387010095870100A5870100C5870100CB
:1023E000D58701000B870100398701000F870100A5
:1023F00025870100C02C02009F360200C02C02007D
:10240000AC360200C02C0200BB360200502D020088
:10241000CD360200E01E0200502D0200E53602001B
:10242000E01E0200902D0200FE36020000000000B7
:1024300002000000E01E020002000000FC23020077
:1024400002000000902D02001E3702000000000074
:1024500002000000E01E020002000000FC23020057
:1024600002000000902D02003E3702000000000034
:1024700002000000E01E020002000000042402002E
:1024800002000000502D020057370200E01E02003B
:10249000502D02009D370200E01E0200902D020028
:1024A000E33702000000000002000000E01E02000E
:1024B00002000000F42302000200000000000000FF
:1024C0000C240200419D00002D890100F78B0100C2
:1024D000278B0100D38801000000000018240200AF
:1024E0003D8E000007750100B9880100C188010018
:1024F000978A0100878A0100778A010000000000A6
:1025000024240200698B00005374010057880100E5
:102510005D880100D78A0100C78A0100B78A0100DF
:10252000A78A010063880100698801009188010081
:102530000000000044240200958B0000717401002B
:10254000F5870100FB870100178B0100078B010055
:10255000F78A0100E78A010001880100078801006D
:102560002F8801000000000064240200259D000067
:102570001B890100CD88010073E30100D1880100AF
:102580000000000084240200E99C0000E5880100AE
:10259000BB9E0100559F0100000000009024020036
:1025A000FD9C0000F7880100B99F0000D79401004E
:1025B000000000009C240200119D00000989010018
:1025C000C9880100F99C01007F9D0100A19B0100C9
:1025D000639C0100919A0100059E0100902D02006C
:1025E0002838020000000000020000001824020049
:1025F0000200000058220200020C0000902D020090
:102600005D38020000000000020000000C240200FF
:102610000200000058220200020C0000902D02006F
:102620009138020000000000020000002424020093
:102630000200000058220200020C0000902D02004F
:10264000CC38020000000000020000004424020018
:102650000200000058220200020C0000902D02002F
:10266000073902000000000002000000842402007C
:10267000020000005822020002080000902D020013
:102680003D3902000000000002000000902402001A
:10269000020000005822020002080000902D0200F3
:1026A00073390200000000000200000064240200F0
:1026B000020000005822020002100000902D0200CB
:1026C000A839020000000000020000009C24020063
:1026D0000200000058220200020800000000000072
:1026E000DC250200E5B4000065A20100B988010004
:1026F000C1880100978A0100878A0100778A01005A
:1027000000000000FC25020075B50000ADA201002C
:1027100023A00100F9A70100D388010000000000F8
:102720001C26020009B5000077A2010057880100AD
:102730005D880100D78A0100C78A0100B78A0100BD
:10274000A78A01006388010069880100918801005F
:10275000000000003C26020031B5000089A2010003
:10276000F5870100FB870100178B0100078B010033
:10277000F78A0100E78A010001880100078801004B
:102780002F880100000000005C260200A1B50000B7
:10279000BFA2010091A101002FA8010000000000CC
:1027A0007C260200C5B50000D1A2010001A20100F3
:1027B000F5A20100000000009C26020059B50000AF
:1027C0009BA201004DA2010015A9010041A2010038
:1027D00000000000BC260200E9B50000E3A20100F1
:1027E00087A1010045A1010003A10100C1A00100D2
:1027F0007FA001003DA00100059E0100502D0200B8
:10280000DD390200242C020000000000FC27020039
:10281000D5B800001DAA01008FD0010091D00100A1
:102820008DA901005DA9010087A90100C9D001009F
:10283000D7A901003DAA01002FAA010051AA010059
:10284000CBA90100F9A90100502D0200243A020091
:10285000642802000000000048280200EDB90000D2
:1028600079AA0100C02C0200463A020000000000D4
:102870006428020065BA000063AB0100902D0200DD
:10288000523A020000000000010000004828020047
:1028900003F4FFFFA8280200BC2802000800000083
:1028A000000000007C2802009DBA000075AB01000A
:1028B000F8FFFFFFF8FFFFFF7C280200C1BA00000D
:1028C00087AB0100502D0200553A0200E01E0200C5
:1028D000502D0200633A0200E01E0200502D02005B
:1028E000723A0200E01E0200502D0200AC3A0200D3
:1028F000E01E0200502D0200E63A0200E01E020037
:10290000502D0200FF3A0200E01E0200902D02004E
:10291000123B02000000000002000000E01E020066
:1029200002000000FC23020002000000902D0200C3
:10293000283B02000000000002000000E01E020030
:1029400002000000FC23020002000000902D0200A3
:102950003E3B02000000000002000000E01E0200FA
:10296000020000000424020002000000902D02007A
:102970004D3B02000000000002000000E01E0200CB
:1029800002000000601F020002000000502D020043
:10299000793B0200E01E0200502D0200B53B020010
:1029A000E01E0200502D0200F13B0200E01E02007A
:1029B000902D02002C3C02000000000002000000EC
:1029C000E01E020002000000F423020002000000EA
:1029D000502D0200673C0200E01E0200502D020054
:1029E000853C0200E01E0200502D0200A33C0200C4
:1029F000E01E020000000000C428020079BB0000B5
:102A000029AD010007AF01004DBC000087AC0100FB
:102A100000000000D0280200398F0000437501003B
:102A20006DAC010075AC0100FFAD0100EBAD010024
:102A3000D7AD010000000000DC280200D1BA000080
:102A400099AC01006FC8010039C801008DCA0100AE
:102A5000C3CA0100F9CA01008FCB0100C5CB010038
:102A60004DDA0000E5DA00007DDB00002FCB01002D
:102A700000000000E8280200E5BA0000ABAC01004D
:102A80007FB8010057B801008BBA010057BC0100A4
:102A9000A7BD0100E3BF010023C20100B3BA0100DA
:102AA00000000000F428020021BB0000E1AC01009E
:102AB000000000000029020095BB00003BAD0100B2
:102AC000000000000C290200498D0000CB740100B9
:102AD0000BAC010011AC01004FAE01003BAE010098
:102AE00027AE010013AE010017AC01001DAC0100C0
:102AF00045AC0100000000002C290200758D00008B
:102B0000E9740100A9AB0100AFAB01009FAE010069
:102B10008BAE010077AE010063AE0100B5AB0100E2
:102B2000BBAB0100E3AB0100000000004C29020038
:102B30005DBB000017AD010081AC0100B5E30100F1
:102B400085AC0100000000006C29020000000000BC
:102B50000000000000000000000000000000000075
:102B60000000000000000000000000000000000065
:102B7000000000008C290200F9BA0000BDAC010081
:102B8000D9F9000079FA000000000000982902003D
:102B90000DBB0000CFAC010045CA000053C20100CC
:102BA00000000000A429020035BB0000F3AC0100C6
:102BB00087C2010000000000B029020049BB0000EC
:102BC00005AD01007DAC01003FCE0100C7CE010084
:102BD0000BCD0100A5CD0100FBCB0100902D020023
:102BE000BB3C020000000000010000004828020079
:102BF00003F4FFFF082C02001C2C0200040000005C
:102C000000000000DC2B0200EDFB00004FCF0100B4
:102C1000FCFFFFFFFCFFFFFFDC2B02000DFC0000B0
:102C200061CF0100C02C0200BE3C02000000000089
:102C3000242C02001DFC0000F7D001008FD0010001
:102C400091D0010093D00100A9D00100C5D00100AE
:102C5000C9D001005DD10100CDD00100D3D0010069
:102C6000EBD0010009D10100F1D00100502D02008C
:102C70003D3D0200E42C0200000000006C2C02002C
:102C80007DFE000085D5010075FE0000502D02007C
:102C9000583D0200E42C0200000000008C2C0200D1
:102CA00099FE000099D5010091FE0000502D020010
:102CB000643D0200742D020000000000AC2C0200F4
:102CC000ADFE0000EBD501003DDD01003DDD010062
:102CD00055D60100ADD501003DD60100FFD501005C
:102CE000DFD50100C02C0200A83D0200502D0200DB
:102CF000B53D0200E42C0200C02C0200C73D0200DA
:102D0000C02C0200E73D020000000000EC2C020095
:102D100051D9010053D9010055010100502D020085
:102D20000B3E0200E42C0200000000001C2D0200FB
:102D30006505010021DC01004D010100502D02005C
:102D40002F3E0200AC2C0200000000003C2D0200CF
:102D5000CD0501004DDC01003DDD01003DDD010040
:102D600055D60100ADD5010011DD01009DDC01004B
:102D700061DC0100C02C0200543E0200502D020014
:102D8000613E0200AC2C0200000000007C2D02001D
:102D9000E10501006DDD01003DDD01003DDD0100CB
:102DA00055D60100ADD501008BE001001FDE01000A
:102DB00081DD0100502D0200BC3E02006C290200A2
:102DC00000000000B42D0200E1070100DFE1010076
:102DD000B5E10100C3E10100B5E10100CBE1010073
:102DE000CFE10100D3E10100CBE10100502D020051
:102DF0005C3F0200E42C0200502D02006C3F0200F8
:102E0000EC2D0200502D02007D3F0200EC2D02004F
:102E1000502D02008E3F0200E42C02000000000052
:102E2000EC2D0200950A01000FE40100F9E3010016
:102E300000000000F82D0200B90A010021E40100A1
:102E4000F9E3010000000000042E0200CD0A010099
:102E500033E40100F9E3010000000000102E02003D
:102E6000710A0100FDE30100F9E30100502D0200A9
:102E7000B24002002C2F0200502D0200CF40020071
:102E8000242F0200002F0200F44002006C2E0200EA
:102E9000902D020006410200000000000100000029
:102EA0003C2D020000000000000000006C2E02001B
:102EB000C10D0100FFE40100FBE40100000000007F
:102EC000782E0200AD0D0100E9E40100A50D01001E
:102ED0002BE60100050E0100B5E50100BBE5010090
:102EE000E5E5010000000000842E0200E90D01006C
:102EF00049E50100FBE4010000000000902E020003
:102F0000D50D010011E501003DDD01003DDD0100B1
:102F100055D6010023E5010011DD01009DDC010013
:102F200061DC0100C02C020026410200502D02008D
:102F30003F410200102E0200502D020050410200BD
:102F4000242F0200502D02007A410200242F02009B
:102F5000000000002C2F0200E50F010019E601001F
:102F6000F9E3010000000000382F0200FBE501003A
:102F700001E60100710F01002BE60100F90F0100CD
:102F8000B5E50100A1E50100E5E501000000000054
:102F9000442F0200F9E501000DE60100790F010060
:102FA0002BE60100F90F0100810F01005BE6010033
:102FB000E5E50100502D0200A3410200E42C0200CF
:102FC00000000000B42F02008110010089E601001A
:102FD00085E601005D40020061400200654002009C
:102FE00069400200244002006D400200714002006E
:102FF00075400200794002007D40020081400200DD
:1030000085400200074002000F4002001840020005
:103010001E40020024400200284002002D40020011
:103020003240020039400200434002004B4002009F
:1030300054400200EB3F0200EF3F0200F33F02006A
:10304000F73F0200FB3F0200FF3F02000340020087
:10305000B23F0200B93F0200C03F0200C83F020079
:10306000D23F0200DB3F0200E23F02009636020040
:1030700087360200A94B0200A03F0200A33F0200D6
:10308000BE4B0200074002000F4002001840020041
:103090001E40020024400200284002002D40020091
:1030A0003240020039400200434002004B4002001F
:1030B00054400200D64B0200A63F0200B14002007D
:1030C000B1400200B1400200B1400200B140020034
:1030D00000000000000000000000000000000000F0
:1030E0000000004095596959555554551555555688
:1030F0000405154110545540455155444045504430
:10310000505555450040004040044496655556557D
:1031100045404554514115405591555555554051DF
:103120000501000054455454455505040010041091
:10313000140440000000014055551541540400009E
:10314000440001000000004041000044504445504C
:103150005400555554556551004000400100000190
:10316000000501001154515154555505000000004F
:10317000000000000000000000001F003B005A009B
:1031800078009700B500D400F300110130014E0122
:103190006D0100001F003C005B0079009800B60044
:1031A000D500F400120131014F016E014E53743607
:1031B0006C6F63616C6535666163657445004300DF
:1031C000747275650066616C736500EFBBBF005378
:1031D000743132636F64656376745F626173650036
:1031E000537432335F5F636F64656376745F6162EB
:1031F0007374726163745F626173654944736331B0
:10320000305F6D6273746174655F74450053743729
:10321000636F64656376744944736331305F6D62D4
:1032200073746174655F744500537432335F5F6318
:103230006F64656376745F61627374726163745FF7
:10324000626173654944696331305F6D62737461B3
:1032500074655F744500537437636F646563767497
:103260004944696331305F6D6273746174655F7482
:103270004500537432335F5F636F64656376745FD8
:1032800061627374726163745F62617365494473F0
:10329000447531305F6D6273746174655F744500AD
:1032A000537437636F64656376744944734475314E
:1032B000305F6D6273746174655F7445005374327E
:1032C000335F5F636F64656376745F6162737472AA
:1032D0006163745F62617365494469447531305F4D
:1032E0006D6273746174655F744500537437636F06
:1032F0006465637674494469447531305F6D627307
:10330000746174655F744500EFBBBF62617369638C
:103310005F737472696E673A3A5F535F636F6E737F
:103320007472756374206E756C6C206E6F74207689
:10333000616C69640063616E6E6F742063726561B5
:103340007465207368696D20666F7220756E6B6E90
:103350006F776E206C6F63616C653A3A6661636586
:103360007400756E696E697469616C697A65642050
:103370005F5F616E795F737472696E67002A4E5386
:103380007431335F5F66616365745F7368696D7321
:1033900031325F474C4F42414C5F5F4E5F313133BA
:1033A0006E756D70756E63745F7368696D496345A2
:1033B00045002A4E537431335F5F66616365745F05
:1033C0007368696D7331325F474C4F42414C5F5FA8
:1033D0004E5F313132636F6C6C6174655F73686925
:1033E0006D49634545002A4E537431335F5F666112
:1033F0006365745F7368696D7331325F474C4F4228
:10340000414C5F5F4E5F3131356D6F6E6579707520
:103410006E63745F7368696D49634C6231454545FD
:10342000002A4E537431335F5F66616365745F7366
:1034300068696D7331325F474C4F42414C5F5F4E5C
:103440005F3131356D6F6E657970756E63745F7362
:1034500068696D49634C6230454545002A4E537496
:1034600031335F5F66616365745F7368696D733183
:10347000325F474C4F42414C5F5F4E5F3131346D9C
:103480006F6E65795F6765745F7368696D496345E1
:1034900045002A4E537431335F5F66616365745F24
:1034A0007368696D7331325F474C4F42414C5F5FC7
:1034B0004E5F3131346D6F6E65795F7075745F7317
:1034C00068696D49634545002A4E537431335F5F27
:1034D00066616365745F7368696D7331325F474C11
:1034E0004F42414C5F5F4E5F3131336D65737361A5
:1034F0006765735F7368696D49634545004E537432
:10350000366C6F63616C65356661636574365F5FE9
:103510007368696D45002A4E537431335F5F66618D
:103520006365745F7368696D7331325F474C4F42F6
:10353000414C5F5F4E5F31313374696D655F676524
:10354000745F7368696D496345450025733A205F70
:103550005F706F732028776869636820697320251E
:103560007A7529203E20746869732D3E73697A65E7
:1035700028292028776869636820697320257A756F
:10358000290062617369635F737472696E673A3AA6
:10359000636F70790062617369635F737472696EDF
:1035A000673A3A5F535F6372656174650062617385
:1035B00069635F737472696E673A3A6572617365C5
:1035C0000062617369635F737472696E673A3A5F30
:1035D0004D5F7265706C6163655F617578006261F3
:1035E0007369635F737472696E673A3A6173736982
:1035F000676E0062617369635F737472696E673AC4
:103600003A617070656E640062617369635F7374C0
:1036100072696E673A3A726573697A6500537431FC
:103620003063747970655F626173650053743563EC
:10363000747970654963450062617369635F73748F
:1036400072696E673A20636F6E7374727563746922
:103650006F6E2066726F6D206E756C6C20697320C2
:103660006E6F742076616C69640062617369635F78
:10367000737472696E673A3A696E73657274004367
:1036800000252E2A4C6600256D2F25642F257900F4
:1036900025483A254D0025483A254D3A25530053F3
:1036A000743974696D655F6261736500537431309C
:1036B0006D6F6E65795F6261736500537431336D50
:1036C000657373616765735F62617365004E537400
:1036D000375F5F637878313137636F6C6C61746525
:1036E00049634545004E5374375F5F6378783131E5
:1036F000386E756D70756E637449634545004E5341
:1037000074375F5F637878313131306D6F6E657912
:1037100070756E637449634C6231454545004E5384
:1037200074375F5F637878313131306D6F6E6579F2
:1037300070756E637449634C6230454545004E5365
:1037400074375F5F6378783131386D6573736167A3
:10375000657349634545004E5374375F5F637878FE
:103760003131396D6F6E65795F6765744963537484
:1037700031396973747265616D6275665F6974650C
:103780007261746F72496353743131636861725F3F
:10379000747261697473496345454545004E5374BD
:1037A000375F5F6378783131396D6F6E65795F703F
:1037B00075744963537431396F73747265616D62E6
:1037C00075665F6974657261746F724963537431B1
:1037D00031636861725F74726169747349634545EE
:1037E0004545004E5374375F5F63787831313874E4
:1037F000696D655F676574496353743139697374C2
:103800007265616D6275665F6974657261746F720D
:10381000496353743131636861725F7472616974B2
:1038200073496345454545002A4E537431335F5F04
:1038300066616365745F7368696D7331325F474CAD
:103840004F42414C5F5F4E5F3131336E756D707525
:103850006E63745F7368696D49634545002A4E5312
:103860007431335F5F66616365745F7368696D733C
:1038700031325F474C4F42414C5F5F4E5F313132D6
:10388000636F6C6C6174655F7368696D496345450E
:10389000002A4E537431335F5F66616365745F73F2
:1038A00068696D7331325F474C4F42414C5F5F4EE8
:1038B0005F3131356D6F6E657970756E63745F73EE
:1038C00068696D49634C6231454545002A4E537421
:1038D00031335F5F66616365745F7368696D73310F
:1038E000325F474C4F42414C5F5F4E5F3131356D27
:1038F0006F6E657970756E63745F7368696D496327
:103900004C6230454545002A4E537431335F5F6643
:10391000616365745F7368696D7331325F474C4FE3
:1039200042414C5F5F4E5F3131346D6F6E65795F40
:103930006765745F7368696D49634545002A4E5336
:103940007431335F5F66616365745F7368696D735B
:1039500031325F474C4F42414C5F5F4E5F313134F3
:103960006D6F6E65795F7075745F7368696D4963BB
:103970004545002A4E537431335F5F666163657459
:103980005F7368696D7331325F474C4F42414C5FE2
:103990005F4E5F3131336D657373616765735F735C
:1039A00068696D49634545002A4E537431335F5F42
:1039B00066616365745F7368696D7331325F474C2C
:1039C0004F42414C5F5F4E5F31313374696D655FCB
:1039D0006765745F7368696D49634545004E395F7B
:1039E0005F676E755F6378783138737464696F5F91
:1039F00073796E635F66696C65627566496353745B
:103A00003131636861725F747261697473496345CF
:103A100045450062617369635F696F733A3A636C2D
:103A20006561720053743962617369635F696F73B2
:103A3000496353743131636861725F747261697490
:103A4000734963454500537438696F735F626173EE
:103A50006500536900537437636F6C6C617465491A
:103A60006345005374386E756D70756E6374496389
:103A700045005374376E756D5F67657449635374A1
:103A800031396973747265616D6275665F697465F9
:103A90007261746F72496353743131636861725F2C
:103AA0007472616974734963454545005374376E98
:103AB000756D5F7075744963537431396F737472C7
:103AC00065616D6275665F6974657261746F724974
:103AD0006353743131636861725F747261697473C6
:103AE000496345454500537431375F5F74696D65BF
:103AF00070756E63745F6361636865496345005305
:103B00007431315F5F74696D6570756E637449639C
:103B10004500537431306D6F6E657970756E6374E6
:103B200049634C6231454500537431306D6F6E65A9
:103B30007970756E637449634C6230454500537407
:103B4000386D6573736167657349634500537432FB
:103B5000335F5F636F64656376745F616273747211
:103B60006163745F6261736549636331305F6D6285
:103B700073746174655F7445005374396D6F6E655D
:103B8000795F676574496353743139697374726519
:103B9000616D6275665F6974657261746F724963A5
:103BA00053743131636861725F747261697473490F
:103BB00063454545005374396D6F6E65795F707567
:103BC000744963537431396F73747265616D6275D2
:103BD000665F6974657261746F72496353743131E1
:103BE000636861725F7472616974734963454545C6
:103BF0000053743874696D655F70757449635374EC
:103C000031396F73747265616D6275665F69746571
:103C10007261746F72496353743131636861725FAA
:103C2000747261697473496345454500537438740F
:103C3000696D655F6765744963537431396973747D
:103C40007265616D6275665F6974657261746F72C9
:103C5000496353743131636861725F74726169746E
:103C600073496345454500537431385F5F6D6F6E2E
:103C7000657970756E63745F636163686549634CF1
:103C80006230454500537431385F5F6D6F6E657902
:103C900070756E63745F636163686549634C62311C
:103CA000454500537431365F5F6E756D70756E6398
:103CB000745F636163686549634500536F005374C3
:103CC000313562617369635F73747265616D6275CA
:103CD00066496353743131636861725F74726169FC
:103CE0007473496345450062617369635F737472FD
:103CF000696E673A3A5F4D5F637265617465006231
:103D0000617369635F737472696E673A3A72657062
:103D10006C6163650062617369635F737472696E7D
:103D2000673A3A5F4D5F7265706C616365007374EA
:103D3000643A3A6261645F616C6C6F63005374391A
:103D40006261645F616C6C6F63007374643A3A62C1
:103D500061645F63617374005374386261645F63AC
:103D6000617374004E31305F5F63787861626976A9
:103D70003131375F5F636C6173735F747970655F56
:103D8000696E666F45007374643A3A65786365706E
:103D900074696F6E007374643A3A6261645F657847
:103DA00063657074696F6E0053743965786365700C
:103DB00074696F6E00537431336261645F65786358
:103DC000657074696F6E004E31305F5F6378786143
:103DD0006269763131355F5F666F726365645F7506
:103DE0006E77696E6445004E31305F5F637878614D
:103DF0006269763131395F5F666F726569676E5FE0
:103E0000657863657074696F6E45004E395F5F67F2
:103E10006E755F6378783230726563757273697638
:103E2000655F696E69745F6572726F724500004EFE
:103E300031305F5F637878616269763132305F5F1D
:103E400073695F636C6173735F747970655F696ECA
:103E5000666F4500537439747970655F696E666F7B
:103E6000004E31305F5F637878616269763132315C
:103E70005F5F766D695F636C6173735F74797065A2
:103E80005F696E666F4500254C66006C6F63616C00
:103E9000653A3A66616365743A3A5F535F63726587
:103EA0006174655F635F6C6F63616C65206E616DEB
:103EB00065206E6F742076616C696400537437639B
:103EC0006F646563767449636331305F6D627374E8
:103ED0006174655F7445002D2B785830313233346E
:103EE0003536373839616263646566303132333470
:103EF0003536373839414243444546002D2B7858F2
:103F0000303132333435363738396162636465664F
:103F1000414243444546002D303132333435363743
:103F2000383900474D540048535400414B53540016
:103F3000505354004D5354004353540045535400C0
:103F4000415354004E5354004345540049535400C8
:103F5000454554004A535400020300045374313160
:103F60006C6F6769635F6572726F72005374313290
:103F70006C656E6774685F6572726F72005374313E
:103F8000326F75745F6F665F72616E676500537440
:103F9000313372756E74696D655F6572726F720030
:103FA000414D00504D0025493A254D3A25532025D5
:103FB000700053756E646179004D6F6E64617900B5
:103FC00054756573646179005765646E65736461E7
:103FD000790054687572736461790046726964612E
:103FE000790053617475726461790053756E004D88
:103FF0006F6E00547565005765640054687500461F
:10400000726900536174004A616E7561727900468D
:1040100065627275617279004D617263680041700A
:1040200072696C004D6179004A756E65004A756C65
:1040300079004175677573740053657074656D62BE
:104040006572004F63746F626572004E6F76656DC6
:1040500062657200446563656D626572004A616EF7
:1040600000466562004D617200417072004A756ED3
:10407000004A756C0041756700536570004F6374AA
:10408000004E6F760044656300696F7374726561FA
:104090006D00696F73747265616D206572726F7205
:1040A00000556E6B6E6F776E206572726F72003A9C
:1040B00020004E537438696F735F626173653766B1
:1040C00061696C7572654235637878313145002AD3
:1040D0004E31325F474C4F42414C5F5F4E5F313152
:1040E00037696F5F6572726F725F63617465676F66
:1040F00072794500537431335F5F696F735F666136
:10410000696C75726500537431395F5F696F7366EE
:1041100061696C5F747970655F696E666F00676571
:104120006E65726963004E5374335F563231346585
:1041300072726F725F63617465676F727945005365
:1041400074313273797374656D5F6572726F72006A
:104150002A4E31325F474C4F42414C5F5F4E5F31D8
:10416000323267656E657269635F6572726F725F26
:1041700063617465676F727945002A4E31325F471B
:104180004C4F42414C5F5F4E5F31323173797374F3
:10419000656D5F6572726F725F63617465676F7280
:1041A0007945004E537438696F735F626173653788
:1041B0006661696C75726545000020202020202012
:1041C00020202028282828282020202020202020C7
:1041D00020202020202020202020881010101010C7
:1041E0001010101010101010101004040404040417
:1041F00004040404101010101010104141414141FA
:10420000410101010101010101010101010101015E
:1042100001010101011010101010104242424242EF
:10422000420202020202020202020202020202022E
:104230000202020202101010102000000000000014
:10424000000000000000000000000000000000006E
:10425000000000000000000000000000000000005E
:10426000000000000000000000000000000000004E
:10427000000000000000000000000000000000003E
:10428000000000000000000000000000000000002E
:10429000000000000000000000000000000000001E
:1042A000000000000000000000000000000000000E
:1042B0000000000000000000000053756363657398
:1042C00073004E6F74206F776E6572004E6F2073AF
:1042D0007563682066696C65206F72206469726519
:1042E00063746F7279004E6F20737563682070720B
:1042F0006F6365737300496E74657272757074656F
:10430000642073797374656D2063616C6C00492F50
:104310004F206572726F72004E6F20737563682054
:10432000646576696365206F722061646472657389
:104330007300417267206C69737420746F6F206C16
:104340006F6E67004578656320666F726D617420DB
:104350006572726F7200536F636B657420616C726B
:104360006561647920636F6E6E6563746564004295
:1043700061642066696C65206E756D626572004EC1
:104380006F206368696C6472656E0044657374695C
:104390006E6174696F6E20616464726573732072FC
:1043A00065717569726564004E6F206D6F7265206E
:1043B00070726F636573736573004E6F7420656E02
:1043C0006F756768207370616365005065726D6911
:1043D0007373696F6E2064656E6965640042616421
:1043E000206164647265737300426C6F636B206458
:1043F00065766963652072657175697265640044EC
:104400006576696365206F72207265736F7572637C
:104410006520627573790046696C652065786973FB
:1044200074730043726F73732D64657669636520DE
:104430006C696E6B004E6F207375636820646576DF
:10444000696365004E6F74206120646972656374EE
:104450006F727900486F737420697320646F776E90
:1044600000436F6E6E656374696F6E20616C726578
:1044700061647920696E2070726F67726573730072
:1044800049732061206469726563746F72790049B1
:104490006E76616C696420617267756D656E74001B
:1044A0004E6574776F726B20696E746572666163B6
:1044B00065206973206E6F7420636F6E666967751F
:1044C00072656400436F6E6E656374696F6E206120
:1044D000626F72746564206279206E6574776F72A2
:1044E0006B00546F6F206D616E79206F70656E2068
:1044F00066696C657320696E2073797374656D00ED
:1045000046696C652064657363726970746F7220AC
:1045100076616C756520746F6F206C6172676500E1
:104520004E6F7420612063686172616374657220EC
:1045300064657669636500546578742066696C65A6
:1045400020627573790046696C6520746F6F206C0A
:104550006172676500486F737420697320756E72AD
:104560006561636861626C65004E6F2073706163A2
:1045700065206C656674206F6E206465766963657E
:10458000004E6F7420737570706F727465640049AB
:104590006C6C6567616C207365656B005265616466
:1045A0002D6F6E6C792066696C6520737973746504
:1045B0006D00546F6F206D616E79206C696E6B7346
:1045C0000042726F6B656E2070697065004D61749A
:1045D00068656D617469637320617267756D656E7E
:1045E00074206F7574206F6620646F6D61696E2032
:1045F0006F662066756E6374696F6E0052657375C1
:104600006C7420746F6F206C61726765004E6F2050
:104610006D657373616765206F6620646573697289
:1046200065642074797065004964656E74696669B3
:1046300065722072656D6F76656400496C6C6567A4
:10464000616C20627974652073657175656E636550
:1046500000446561646C6F636B004E6574776F72C4
:104660006B20697320756E726561636861626C6549
:10467000004E6F206C6F636B004E6F74206120736F
:10468000747265616D0053747265616D20696F634A
:10469000746C2074696D656F7574004E6F2073744F
:1046A0007265616D207265736F7572636573004D1D
:1046B000616368696E65206973206E6F74206F6E28
:1046C00020746865206E6574776F726B004E6F2082
:1046D0007061636B616765005265736F75726365C6
:1046E0002069732072656D6F746500566972747508
:1046F000616C206369726375697420697320676FE8
:104700006E650041647665727469736520657272C6
:104710006F720053726D6F756E74206572726F7276
:1047200000436F6D6D756E69636174696F6E2065AE
:1047300072726F720050726F746F636F6C2065726B
:10474000726F7200556E6B6E6F776E2070726F7441
:104750006F636F6C004D756C7469686F7020617465
:1047600074656D7074656400426164206D65737377
:104770006167650043616E6E6F742061636365738A
:10478000732061206E65656465642073686172657D
:1047900064206C696272617279004163636573734E
:1047A000696E67206120636F727275707465642032
:1047B000736861726564206C696272617279002E3F
:1047C0006C69622073656374696F6E20696E206125
:1047D0002E6F757420636F7272757074656400411A
:1047E0007474656D7074696E6720746F206C696E87
:1047F0006B20696E206D6F726520736861726564ED
:10480000206C6962726172696573207468616E20E0
:1048100073797374656D206C696D69740043616EA2
:104820006E6F7420657865632061207368617265BE
:1048300064206C6962726172792064697265637464
:104840006C790046756E6374696F6E206E6F7420AC
:10485000696D706C656D656E746564004469726540
:1048600063746F7279206E6F7420656D7074790057
:1048700046696C65206F722070617468206E616D8E
:104880006520746F6F206C6F6E6700546F6F206DC2
:10489000616E792073796D626F6C6963206C696EEB
:1048A0006B73004E6F20627566666572207370616F
:1048B000636520617661696C61626C65004E6F2092
:1048C0006461746100416464726573732066616D34
:1048D000696C79206E6F7420737570706F72746577
:1048E000642062792070726F746F636F6C206661F0
:1048F0006D696C790050726F746F636F6C207772A2
:104900006F6E67207479706520666F7220736F63B5
:104910006B657400536F636B6574206F70657261B3
:1049200074696F6E206F6E206E6F6E2D736F636B88
:1049300065740050726F746F636F6C206E6F7420BB
:10494000617661696C61626C650043616E277420F9
:1049500073656E6420616674657220736F636B6546
:10496000742073687574646F776E00436F6E6E6544
:104970006374696F6E207265667573656400436F5A
:104980006E6E656374696F6E207265736574206204
:10499000792070656572004164647265737320618B
:1049A0006C726561647920696E207573650041647D
:1049B0006472657373206E6F7420617661696C61D7
:1049C000626C6500536F6674776172652063617510
:1049D00073656420636F6E6E656374696F6E2061CA
:1049E000626F727400536F636B6574206973206E1D
:1049F0006F7420636F6E6E656374656400536F63DC
:104A00006B65742074797065206E6F742073757097
:104A1000706F7274656400536F636B6574206973A3
:104A200020616C726561647920636F6E6E6563747A
:104A30006564004F7065726174696F6E2063616EAA
:104A400063656C6564005374617465206E6F7420D7
:104A50007265636F76657261626C6500507265762F
:104A6000696F7573206F776E657220646965640085
:104A700053747265616D7320706970652065727220
:104A80006F72004F7065726174696F6E206E6F7423
:104A900020737570706F72746564206F6E20736F11
:104AA000636B65740056616C756520746F6F206C64
:104AB0006172676520666F7220646566696E656401
:104AC00020646174612074797065004D6573736151
:104AD000676520746F6F206C6F6E6700436F6E6E3A
:104AE000656374696F6E2074696D6564206F757499
:104AF000002573252E2A6400257325302E2A640094
:104B00002B002D0025326400252E32642F252E32F5
:104B1000642F252E326400256C7500592D256D2DCE
:104B20002564002E2A7500252E336400252E31645D
:104B300000256C6C6400252E32643A252E32643ACE
:104B4000252E32640025652D25622D2500252B306C
:104B5000336C64252E326C6400545A002531315B6D
:104B60002D2B302D39412D5A612D7A5D256E002572
:104B700031315B412D5A612D7A5D256E004D2568DE
:104B800075256E2E256875256E2E256875256E0097
:104B90002F256875256E3A256875256E3A25687546
:104BA000256E00504F53495800256120256220256D
:104BB000652025483A254D3A255320255900256181
:104BC0002025622025652025483A254D3A25532089
:104BD000255A202559006D6400616E006E66696E6D
:104BE00069747900616E006E66696E697479002877
:104BF0006E756C6C29002A666C6F61742A006364A0
:104C0000696E6F70737578585B001F1C1F1E1F1E26
:104C10001F1F1E1F1E1F1F1D1F1E1F1E1F1F1E1FAB
:104C20001E1F00000A000000140000001E0000000B
:104C3000100B02006D440100C74D01007815020001
:104C400000000000D80100203A000000EC01002024
:104C50003A000000C40100203A00000000020020D9
:104C60003A00000000000000735401000000000042
:104C70000000000050000020500000200000000054
:104C8000000000000E000000B0080020000000003E
:104C900000000000000000000090D00300700150F0
:104CA00000000000FFFFFFFF3F000000FFFFFFFFCD
:104CB0003F000000FF00000090020000980000206C
:104CC0009800002000000000FD7D0000E4000020AE
:104CD000DC000020D400002000000000CC000020F8
:104CE000297F0000757E0000A97E0000F17E000093
:104CF000D01300203A00003AD41300203A00003AC2
:104D0000D81300203A00003ADC1300203A00003AA1
:104D1000F4000020B8000020B0000020AC0000200B
:104D2000A800002021DB0100D73E0200FC3E02006B
:104D3000173F0200233F0200273F02002B3F0200E3
:104D4000303F0200343F0200383F02003C3F020087
:104D5000403F0200443F0200483F02004C3F020037
:104D6000503F0200383F0200543F0200C42E0200B0
:104D7000942F02006C2F02003D420000233F0200EE
:104D8000233F02003C1F0020010000000000000043
:104D90000000000000000000000000000000000013
:104DA0000000000000000000000000000000000003
:104DB00000000000000000000000000000000000F3
:104DC00000000000000000000000000000000000E3
:104DD00000000000B0010020B00100200000000031
:104DE000000000000E000000C4010020C4010020EB
:104DF00000000000000000000E000000D8010020AC
:104E0000D801002000000000000000000E0000009B
:104E1000EC010020EC010020000000000000000078
:104E20000E00000000020020000200200000000030
:104E3000000000000E0000001402002014020020F8
:104E4000000000000C00000010000000B03700203F
:104E500070380020B0370020B0370020000000007C
:104E6000000000004002002040020020000000007E
:104E7000010000005002002050020020000000004D
:084E80000A00000015E015E036
:00000001FF
