:10000000B0370020913A00003D5101007D3A0000D8
:100010007D3A00007D3A00007D3A00007D3A000004
:10002000000000000000000000000000113C000083
:100030007D3A000000000000A93B00007D3A00006E
:10004000A13D0000A13D0000A13D0000A13D000038
:10005000A13D0000A13D0000A13D0000A13D000028
:10006000A13D0000A13D0000A13D0000A13D000018
:10007000A13D0000A13D0000A13D0000A13D000008
:10008000A13D0000A13D0000A13D0000A13D0000F8
:10009000A13D0000A13D0000A13D0000A13D0000E8
:1000A000A13D0000A13D0000A13D0000A13D0000D8
:1000B000A13D0000A13D0000A13D0000A13D0000C8
:1000C000A13D0000A13D0000A13D0000A13D0000B8
:1000D000A13D0000A13D0000A13D0000A13D0000A8
:1000E000A13D0000A13D0000A13D0000A13D000098
:1000F000A13D0000A13D0000A13D0000A13D000088
:10010000A13D0000A13D0000A13D0000A13D000077
:10011000A13D0000A13D0000A13D0000A13D000067
:10012000A13D0000A13D0000A13D0000A13D000057
:10013000A13D0000A13D0000A13D0000A13D000047
:10014000A13D0000A13D0000A13D0000A13D000037
:04015000A13D0000CD
:100154004FF0FF3C06E000BF4FF0010C02E000BF8F
:100164004FF0010C4DF804CD4FEA410C7FEA6C5C72
:100174004FEA430C18BF7FEA6C5C1BD001B050EA15
:10018400410C0CBF52EA430C91EA030F02BF90EA00
:10019400020F0020704710F1000F91EA030F58BFBF
:1001A400994208BF90422CBFD8176FEAE37040F021
:1001B400010070474FEA410C7FEA6C5C02D150EABF
:1001C400013C07D14FEA430C7FEA6C5CD6D152EA7A
:1001D400033CD3D05DF8040B704700BF844610463F
:1001E40062468C461946634600E000BF01B5FFF73E
:1001F400B7FF002848BF10F1000F01BD4DF808ED0E
:10020400FFF7F4FF0CBF012000205DF808FB00BFDE
:100214004DF808EDFFF7EAFF34BF012000205DF838
:1002240008FB00BF4DF808EDFFF7E0FF94BF012085
:1002340000205DF808FB00BF4DF808EDFFF7CEFF86
:1002440094BF012000205DF808FB00BF4DF808EDC5
:10025400FFF7C4FF34BF012000205DF808FB00BF96
:100264004FF0FF3C06E000BF4FF0010C02E000BF7E
:100274004FF0010C4DF804CD4FEA40024FEA410320
:100284007FEA226C18BF7FEA236C11D001B052EAD6
:10029400530C18BF90EA010F58BFB2EB030088BF9C
:1002A400C81738BF6FEAE17018BF40F0010070470B
:1002B4007FEA226C02D15FEA402C05D17FEA236CED
:1002C400E4D15FEA412CE1D05DF8040B704700BF34
:1002D400844608466146FFE70FB5FFF7C9FF0028CB
:1002E40048BF10F1000F0FBD4DF808EDFFF7F4FF04
:1002F4000CBF012000205DF808FB00BF4DF808ED9D
:10030400FFF7EAFF34BF012000205DF808FB00BFBF
:100314004DF808EDFFF7E0FF94BF012000205DF8E1
:1003240008FB00BF4DF808EDFFF7D2FF94BF012092
:1003340000205DF808FB00BF4DF808EDFFF7C8FF8B
:1003440034BF012000205DF808FB00BF53B94AB94F
:10035400002908BF00281CBF4FF0FF314FF0FF30C9
:1003640000F062BDADF1080C6DE904CE00F078FD3B
:10037400DDF804E0DDE9022304B0704703685A00A5
:100384004CBF43F0004323F00043184470472DE969
:10039400F0470646174641B301394FF00009884635
:1003A40009EB080404EBD474641006EBC4054FEAAB
:1003B400C40A2846FFF7E2FFA14204D1B84204D898
:1003C4002846BDE8F087B84204D9A1450DD004F110
:1003D400FF38E5E70AF108003044FFF7CFFF0138A2
:1003E400B842EDD204F10109DAE70025E8E7012873
:1003F40006D0022806D00028034818BF0020704702
:1004040002487047024870470D0A0000110A0000B4
:10041400150A00001F4B37B504468D1E4BB101A9C8
:100424002846AFF3008048B900230920236103B0B4
:1004340030BD1948194B1B1ADB10019301992A4648
:10044400FFF7A5FF01460028EED0FFF797FF4B68A2
:10045400A064012B1AD0002B01F1040010DBFFF77C
:100464008DFF0023C4E913030368002B0ADAC3F3E6
:100474000360FFF7BCFF03460028D5D00020D5E772
:100484000123EFE7FFF77AFF0346F7E70023052090
:10049400CCE700BF0000000090FC0100500A0200FD
:1004A4000368DA0710B5044605D49B0700F1480039
:1004B40018D500F0F7FB2368590703D404F1D000E2
:1004C40000F0F8FB23681A0703D404F5A87000F0C1
:1004D400F9FB2368DB0608D404F5E870BDE8104096
:1004E40000F034BC00F0D6FBE5E710BD09207047EE
:1004F4000346006800B118447047704770B505465C
:100504000C46216C2846FFF785FF064608B103F028
:1005140093FE236C2246294601206B612B69984780
:100524000828EED00728F2D13046216CFFF7E5FF0A
:10053400201D00F0A3FB2DE9F0470C1DADF5727DE5
:10054400D0F80C900746D0F818A0164603AD0DF16C
:1005540008080FCC0FC50FCC0FC50FCC0FC594E8FE
:100564000F0085E80F000025C8F800500936D8F8B8
:1005740040103846FFF74EFF0446F6B268BBD8F881
:1005840040304FF4F07241467AA87B611EF094F833
:100594003B697AAA394630469847889B0546C8F88D
:1005A40044303A463B4631460120CDE9008AC847EB
:1005B400C0B9C4B94FF4F0727AA9404626461EF079
:1005C4007BF8082DD2D0072D0CD12046D8F8401046
:1005D400FFF793FF03A800F051FB46F01006D8F88C
:1005E4003830DCE7092420460DF5727DBDE8F0873C
:1005F400406C7047F0B5CB6BF9B00D1D06460B642B
:100604000F4601AC0FCD0FC40FCD0FC40FCD0FC4D7
:1006140095E80F0084E80F004FF0FF330093109922
:100624003046FFF7F7FE78B933696A463146984792
:1006340008280446F3D06846FFF732FF062C03D19E
:1006440039463046FFF75AFF092079B0F0BD10B49F
:100654008261DA6BC16019461A64002210BC6AE731
:1006640070B543690446C6680D460B6426B1012281
:10067400FFF761FF03F0E0FD03690A46014602202B
:100684009847072805D00828F4D129462046FFF7C3
:1006940035FF3046296CFFF730FF281D00F0EEFAD5
:1006A400C26802B9A6E7CA6B0A64002243E770472E
:1006B400836801460BB1012018477047012910B522
:1006C4000446084605D005D9C81E01288CBF02205F
:1006D400012010BD43B90F2A06D804EB8204029A04
:1006E400184661681160F4E70220F2E71FB503AB16
:1006F4000A46009300231946FFF7E0FF039805B06C
:100704005DF804FB012910B50446084605D005D957
:10071400C81E01288CBF0220012010BD43B90F2A36
:1007240006D8029904EB8204184609686160F4E76C
:100734000220F2E71FB503AB03920A46009300239D
:100744001946FFF7DFFF05B05DF804FBF0B5D36B86
:10075400ADF50F7D141D064613640F4617AD0FCC7F
:100764000FC50FCC0FC50FCC0FC594E80F0085E85B
:100774000F004FF0FF33169326996846FFF74AFEA1
:1007840090B90C2116A86A46FFF7D4FF394616A87B
:10079400B04748B9049B16AA69460820984705281B
:1007A400044602D00928E7D1092416A8FFF778FEE9
:1007B40020460DF50F7DF0BD2DE9F04FCD6C87B0CF
:1007C40017460C4655F8042B00F003099A46049585
:1007D4003BBB12028DF8153003230392B9F1020FCB
:1007E4008DF81430236D08BFA56B13F0010322D1DB
:1007F40000F0080800932B6843BB03A9384600F0B7
:10080400A2FC002840F0FB80009BDBB10F2138469E
:10081400FFF76CFF0E2102463846FFF78BFF794A3B
:1008240055E0130C12048DF81530DBB2039205EB7E
:1008340083050223D2E703A9384600F084FC00288C
:1008440040F0DD80082007B0BDE8F08FBAF1020F58
:10085400A26C4FF00F01384607BFD5F804B005F17C
:100864000806B5F802B02E1D18BF2B882BF0010521
:1008740001931544FFF73AFF019B854229D823F0E1
:1008840001022A44824294BF002201224FEA4B0013
:1008940003F0010300F0020040EA0305012D1AD021
:1008A400022D5ED0002D40F0AA80351DB9F1000F55
:1008B400A1D0002A9FD03046FFF760FDA56306460D
:1008C40020461CF06EFF002800F0998032460F216C
:1008D4003FE00022DAE7B9F1000F26D1002A3DD02B
:1008E40073683268991C4FEAD27200F0888004F170
:1008F40058010133029109D0301DFFF7F9FD02AB15
:10090400014620460FF058FB054638B30D21384602
:10091400FFF7ECFE022D029B206202D1E36204F198
:100924002C030620C4E909368DE7256A0D213846D3
:10093400FFF7DCFE854211D1A36A9E420ED13046F8
:10094400FFF71CFD0F2102463846FFF7F3FE22464F
:1009540000213846FFF7EEFE072074E706F108058C
:1009640049E7356825F00045B9F1000F2AD1A2B155
:10097400B8F1000F19D085B9CB4617E00BF1010B84
:10098400019B002206EB8B000293FFF7B1FD02AB43
:10099400014620460FF010FB58B13368002B00DAF3
:1009A4000436013506EB850525E7C34604F15803F3
:1009B4000193AB45E2D10D213846FFF797FE029B28
:1009C4002062AEE7D4F820B00D213846FFF78EFE42
:1009D4008345E2D1A36A9E42DFD14FF0000B04238A
:1009E400A562C4E90BB3F318636333685B4503DAA8
:1009F400681C06EB8000A3E701230093D1E70920DC
:100A040021E700BF7D0001000023D5E60123D3E6E2
:100A14000223D1E62DE9F0410546C2B014461E4634
:100A2400042925D8DFE811F005001C002400D600B5
:100A34000301EEB9836B92B20121043001FA06F787
:100A440017421CBF53F8047B40F826700136102E61
:100A5400F4D1A60400D4AB63002042B0BDE8F08119
:100A6400012E4FEA124794B204D13B19102B41D9FD
:100A74000220F2E7052EFBD107EB0408B8F1200FA2
:100A8400F6D80F2F4DD9002CE6D00368A04658079E
:100A940008D523F00403284640F8D03B00F00EF9B3
:100AA4000F2F48D9684600F009F9AB6B102F3A466E
:100AB40042A94FEA480838BF10221C4608F1FF3803
:100AC40001EBC2024FEA8801A2F5C472101F02EBC7
:100AD400880254F804CB40F804CF8242F9D10A1DAD
:100AE400012E134417D00F2FAB636FD9684600F063
:100AF400E1F8B1E7102FBBD00368DA0705D523F07E
:100B0400030340F8483B00F0C9F820A800F0C6F8F9
:100B1400AB6B002C3FD1043320A8AB6300F0BAF8D0
:100B24009AE7B8F1100F03682DD9DC07A8F1100873
:100B340042D45807ADD420A8C7F1100400F0B6F889
:100B4400684600F0BBF820AA6400AB6B02EBC70256
:100B5400013C101FA10002EB84021C4654F804CB94
:100B640040F804CF9042F9D10A1D1344B8F1000FA4
:100B74009CD1012ECFD00F2FAB633FF66DAF20A8D1
:100B840000F090F868E7D9070DD420A800F08EF89B
:100B9400AB6B002CF3D0640020AA4FF0000802EBEA
:100BA400C702013CD5E723F0010343F0020340F8F8
:100BB400483B00F07BF8E8E723F0010343F002032D
:100BC40040F8483B00F072F82B68B2E720A800F028
:100BD40069F88BE7032E7FF44BAF97B2160C07EB43
:100BE4001244102C3FF644AF0368190706D523F0CE
:100BF4000803036000F5A87000F086F820A800F050
:100C040083F820ABAA6BF90003EBC60303EBC70719
:100C1400D41ABB4203EB040005D10A4420A8AA63FA
:100C240000F050F818E7006843F8040BF1E7002ED1
:100C34007FF41EAF102A3FF61BAF0368DA0606D511
:100C440023F01003036000F5E87000F089F820AE8B
:100C5400304600F085F8AB6B0022012101FA02F066
:100C640020421CBF53F8040B46F822000132042A28
:100C7400F4D13046AB6300F069F8EDE600F13401DD
:100C840091E838009C46A6464CF8045D90E8FF0FB6
:100C9400E54600BD90EC210B704700BF80EC210BB2
:100CA400704700BF90EC200B704700BF80EC200B16
:100CB400704700BFD0EC200B704700BFC0EC200B86
:100CC400704700BFF0EC0201F0EC0211F0EC0221DD
:100CD400F0EC0231F0EC0241F0EC0251F0EC026174
:100CE400F0EC0271F0EC0281F0EC0291F0EC02A164
:100CF400F0EC02B1F0EC02C1F0EC02D1F0EC02E154
:100D0400F0EC02F1704700BFE0EC0201E0EC0211EC
:100D1400E0EC0221E0EC0231E0EC0241E0EC0251B3
:100D2400E0EC0261E0EC0271E0EC0281E0EC0291A3
:100D3400E0EC02A1E0EC02B1E0EC02C1E0EC02D193
:100D4400E0EC02E1E0EC02F1704700BFB0FC01818D
:100D5400B0FC0191B0FC01A1B0FC01B1704700BF2F
:100D6400A0FC0181A0FC0191A0FC01A1A0FC01B1A7
:100D7400704700BFEC4600B52DE900502DE9FF1F78
:100D84004FF000032DE90C0001A9FFF733FCDDF857
:100D940040E012B0704700BFEC4600B52DE90050AA
:100DA4002DE9FF1F4FF000032DE90C0001A9FFF707
:100DB40057FCDDF840E012B0704700BFEC4600B5C8
:100DC4002DE900502DE9FF1F4FF000032DE90C0021
:100DD40001A9FFF765FCDDF840E012B0704700BFE1
:100DE400EC4600B52DE900502DE9FF1F4FF000033C
:100DF4002DE90C0001ABFFF72AFCDDF840E012B04E
:100E0400704700BFEC4600B52DE900502DE9FF1FE7
:100E14004FF000032DE90C0001AAFFF797FCDDF861
:100E240040E012B0704700BF704700BF10F8012BBC
:100E340011F8013B012A28BF9A42F7D0D01A704713
:100E4400034613F8012B002AFBD1181A0138704706
:100E5400034611F8012B03F8012B002AF9D170473E
:100E64002DE9F04786468C460846089E154674468A
:100E74001946002B40F0C1808542B2FA82F245D96E
:100E84004AB1C2F1200300FA02FC954094402EFAC4
:100E940003F343EA0C0C4FEA154EA8B2230CBCFB37
:100EA400FEF80EFB18CC08FB00F943EA0C43994505
:100EB40028D9EB1808F1FF3704D2994502D9A8F1D3
:100EC40002072B44A3EB0903A4B2B3FBFEFC0EFB05
:100ED4001C330CFB00F044EA0344A04214D92C193F
:100EE4000CF1FF3304D2A04202D9ACF102032C442A
:100EF400241A43EA07401EB1D440002334607360CF
:100F0400BDE8F0874746DDE76346F1E792BB431B44
:100F140001214FEA154EAFB2200CB3FBFEFC0EFBD1
:100F24001C330CFB07F840EA0343984561D9EB18DE
:100F34000CF1FF3004D2984502D9ACF102002B44E5
:100F4400A3EB0803A4B2B3FBFEFC0EFB1C330CFBA7
:100F540007F744EA0344A7424DD92C190CF1FF3397
:100F640004D2A74202D9ACF102032C44E41B43EAA5
:100F74000040C0E7C2F120039540944020FA03F1F9
:100F84002EFA03F34FEA154E9040AFB20343B1FB80
:100F9400FEFC0EFB1C10190C0CFB07F841EA004187
:100FA400884522D969180CF1FF3004D2884502D94A
:100FB400ACF102002944A1EB08019BB2B1FBFEFC99
:100FC4000EFB1C110CFB07F743EA01439F420ED9A9
:100FD400EB180CF1FF3104D29F4202D9ACF10201AB
:100FE4002B44DB1B41EA004193E76046E3E761469B
:100FF400F7E76046A4E76346B8E7834206D916B923
:10100400002108467CE7C6E900E0F9E7B3FA83F774
:101014008FB9834201D3724508D8BEEB020460EB5A
:10102400030301209C461EB9002169E73846FAE70C
:10103400C6E9004CF8E7C7F1200CBB400EFA07F5EF
:1010440022FA0CF42EFA0CF1BA401C4320FA0CF3E9
:10105400B8404FEA144901431FFA84FEB3FBF9F880
:1010640009FB18300B0C08FB0EFA43EA00439A45BF
:1010740040D9E31808F1FF3004D29A4502D9A8F107
:1010840002002344A3EB0A0389B2B3FBF9F809FB7A
:10109400183308FB0EFE41EA03418E452CD9611832
:1010A40008F1FF3304D28E4502D9A8F1020321448A
:1010B40043EA0040A1EB0E01A0FB02984145CE4655
:1010C400434602D306D14D4504D20138B9EB020E92
:1010D40068EB0403002EA7D0B5EB0E0261EB03010D
:1010E40001FA0CFC22FA07F3F9404CEA0303C6E9BF
:1010F400003199E74046C5E74346D9E7027A0346FB
:101104007AB9427A82B1013A42724268111D126878
:101114000260032241601A721A68100E12021A60E9
:101124007047013AD2B2F6E7B02070471FB503AB5F
:101134000C22009300231946FFF7C0FA039805B068
:101144005DF804FBF2E72DE9F043054685B00E4651
:101154004FF000083046FFF7D1FFB028044615D100
:10116400B8F1000F0ED103AC43460E224146284687
:101174000094FFF7A3FA43460F2241462846009401
:10118400FFF7C0FA002005B0BDE8F08302061DD4C5
:101194004FEA8009002303AF0D225FFA89F919464B
:1011A40028460097FFF78AFA09F10409039B14F013
:1011B400400F14BFA3EB09034B4403930023009790
:1011C4000D2219462846FFF79DFAC3E700F0F00305
:1011D400802B18D104023046FFF790FF0443B4F586
:1011E400004F01D10920CEE7240100232846A2B2F2
:1011F4001946FFF70FFC0028F4D114F4004F18BF70
:101204004FF00108A6E7902B0DD100F00D030D2B34
:10121400E8D003AF002300F00F02284619460097D8
:10122400FFF74CFACAE7A02B13D1C3434FF47F62F4
:1012340003F007031A41030702F47F6201D542F465
:101244008042002319462846FFF7E4FB002881D09A
:10125400C8E7B02B46D1B12808D13046FFF74EFF7E
:10126400431E0246DBB20E2BEBD9BBE7B22820D1DA
:10127400002303AC0D222846194600940227FFF7E9
:101284001DFA3046FFF73AFF00F07F0110F08003AB
:10129400039A01FA07F105D102F5017200940A4498
:1012A40003928DE70A44304607370392FFF726FF7F
:1012B400EAE7B3280BD13046FFF720FF01230203EE
:1012C40000F00F0002F4702201300243BAE700F08C
:1012D400FC03B42B86D000F007020123013242F450
:1012E4000022AFE7C02B44D1C6280AD13046FFF70D
:1012F40005FF0323020300F00F0002F47022013003
:10130400E3E7C7280BD13046FFF7F8FE431E024639
:10131400DBB20E2B3FF666AF0023042193E700F007
:10132400F803C02B06D100F00F020323013242F46C
:10133400202287E7C8280DD13046FFF7DFFE00F0F2
:10134400F00200F00F0005231032013040EA0232AF
:10135400012178E7C9287FF445AF3046FFF7CEFE78
:101364000523020300F00F0002F47022013002434F
:10137400EEE700F0F803D02B7FF434AF00F007025F
:101384000523013242F40022E2E71FB50346084672
:10139400DA6C53680832190202921B0E032201917F
:1013A40001A98DF80C208DF80D30FFF7CCFE05B0A7
:1013B4005DF804FB08B5FFF7C5FE806C08BD08B5F1
:1013C400FFF7C0FEC06CC379023300EB830008BD95
:1013D400012800D070474FF6FF739942FAD110B537
:1013E400044C204606F0A2FE034A0449204613F0AA
:1013F400A9FE10BD180C00201C0C002081820000E6
:1014040010B5074C00220023204605F0E7FCA36832
:10141400DBB2044A0321044813F092FD10BD00BF5F
:101424005002002098110200400E020010B5064C34
:10143400204605F08FFCA368DBB2044A032104486C
:1014440013F07EFD10BD00BF50020020B811020051
:10145400400E02002DE9F04186B000AF43E00346A0
:10146400424A0121424813F06BFD50E06FF0004006
:1014740071E0404B3B61002509E0AB0003F114012E
:1014840018333B4453F8083C4CF801300135002D27
:10149400F3D064E0C7F810807E61002109E08B007E
:1014A40003F118052B463B4453F8083C4CF805302F
:1014B40001310129F3D955E06FF01B0332B100214A
:1014C4003961042139743869CCF8100000210320F3
:1014D40060F38811C3F30A0363F353210023244800
:1014E40001F068FAA54602F0E5FF02F0F1FF02F010
:1014F40083FCC7E90001FFF783FF4FF0FF324FF091
:10150400FF331D491D4805F061FA0028A7D11A4B85
:101514001A6801321A605A6801325A609A680132B4
:101524009A60FFF783FF02F067FCC7E9020107F145
:101534000801384613F086FE13F08DFE80460E46F1
:1015440044F6206012F0DBFA6C4688B0EC461CF1DD
:1015540010028BD010202AB18646042889DCBEF103
:10156400080F97DC0F28A7DD1023A7E7D811020086
:10157400400E0200FC1102000000002014020020B2
:101584002DE9F04389B000AF8FE00346864A01217C
:10159400864813F0D5FCB4E06FF0004CBFE0844BF8
:1015A400BB60002609E0B30003F1140E20333B4472
:1015B40053F8183C44F80E300136002EF3D0B4E052
:1015C400B860F960002108E08B0003F118002033B3
:1015D4003B4453F8183C235001310129F4D9A8E0C5
:1015E4006FF01B03AAE06FF0004CC8E07149B960CA
:1015F4004FF0000E0BE04FEA8E0101F11408203188
:10160400394451F8181C43F808100EF1010EBEF1CC
:10161400000FF0D0B9E0C7F808904FF0000E0BE0CF
:101624004FEA8E0101F118082031394451F8181C91
:1016340043F808100EF1010EBEF1000FF0D0A7E040
:10164400BE60002609E0B10001F11C0E20313944CE
:1016540051F8181C43F80E100136002EF3D09AE00E
:10166400BD60002008E0810001F1200529463944CD
:1016740051F8181C595101300028F4D08EE06FF055
:101684001B052AB10021B96005213972B8681861B7
:101694000021032363F38811C5F30A0565F353217D
:1016A4000023424801F086F9A54615F033FE4A01AD
:1016B40042EAD06243011B1A62EB0102920042EA41
:1016C40093729B001B1842EB0102D20042EA537250
:1016D400C3F3103343EA4243D20B3B607A60FFF713
:1016E4008FFE00237B61BB61FB614FF0FF324FF043
:1016F400FF3307F11401304805F0D4F900287FF4D2
:1017040044AFFFF793FE384612F00FFA6D4688B0E7
:101714006C4614F110023FF43FAF4FF0100C42B18D
:10172400E046BCF1040F3FF73AAFB8F1080F3FF7BA
:1017340047AFBCF10F0F7FF753AF10232AB100213D
:10174400B96004213972B86820610021032060F374
:101754008811C3F30A0363F353210023134801F0F0
:1017640029F9AD46D7F81490BE69FD696C468AB074
:101774006B4613F110023FF436AF4FF0140C6AB10C
:101784006046BCF1040F3FF731AF08283FF743AF81
:101794000C283FF755AF10283FF762AFBCF1130F89
:1017A4007FF76DAF14256CE720120200400E020093
:1017B40044120200681202001402002008B5064B0D
:1017C400186815F0B6FA00B108BD044A03210448AC
:1017D40013F0ACFBF8E700BF0C000020A8120200D5
:1017E400480E020008B5154815F0A3FA78B14FF475
:1017F400D011134812F0F6F9002813DB4FF4D0117E
:10180400104812F0EFF9002812DB012008BD0B4844
:1018140015F08FFA0028EAD10B4A03210B4813F084
:1018240085FBE4E70A4A0321084813F07FFBE5E758
:10183400084A0321054813F079FBE6E7D00A0200C1
:101844001013020008130200C4120200380E020032
:10185400D8120200EC12020008B500220621024848
:1018640012F0DBF908BD00BFD00A020008B500225F
:101874000721024812F0D1F908BD00BFD00A0200C6
:101884002DE9F04F91B005920293134602F0040241
:101894000092C3F3C20210F00303019340F02B82C1
:1018A40080468A460132041D00284FD0B8F1000F4B
:1018B40005D0A4EB08030433534500F21F82029BB6
:1018C4005D1E019B04930693039300264FF0FF3B98
:1018D4000427B946B8F1000F01D0029B2360531EC0
:1018E4000793002A40F35D81059B13F0020228D080
:1018F4000120A4EB08018B081AB1B1F5007F80F038
:10190400038203990F2900F20282B8F1000F00F05C
:101914006081DBB201F140026A4402F8103C02F833
:1019240020BC002800F0518163F07F0301F14002E4
:101934006A4402F8103C049B01330493039B013373
:10194400039304340022CC4640463DE001F0070AEC
:101954005444CAF1080AA9E7002634E0002632E01C
:10196400002630E00827BC462DE025292BD10BF1B9
:10197400010B01260427BC4625E04729EED82A2975
:1019840014D32A39C9B24FF0010E0EFA01F14FF601
:10199400DA7E11EA0E0F16D111F0625F40F0C080BA
:1019A40011F0010F40F08C8000260CE0252903D1B2
:1019B4000BF1FF3B002606E001D9002603E02029B5
:1019C40001D02329CCD11D466B1C6978002900F075
:1019D4001981002EC9D07A29BED84C29CDD34C39CF
:1019E4002E2961D80FF2040E5EF821F0CB19000005
:1019F400AD1A0000AD1A0000AD1A0000AD1A0000C7
:101A0400AD1A0000AD1A0000AD1A0000AD1A0000B6
:101A1400AD1A0000AD1A0000AD1A0000BD1A000096
:101A2400AD1A0000AD1A0000AD1A0000AD1A000096
:101A3400AD1A0000AD1A0000AD1A0000AD1A000086
:101A4400251B0000AD1A0000BD1A0000BD1A0000DD
:101A5400251B0000251B0000251B0000CB190000DE
:101A6400BD1A000069190000AD1A0000CB1900006E
:101A7400AD1A0000811B0000BD1A0000811B00008C
:101A8400AD1A0000AD1A0000891B0000B71A00004F
:101A9400BD1A0000AD1A0000AD1A0000BD1A000006
:101AA400AD1A0000B11A000000268CE70427BC46DA
:101AB40089E70427BC4686E729786C2924D00026C8
:101AC4003C44013CB4FBF7F407FB04F420B1211AB5
:101AD4006144514500F21581002A58D1BCF1040F2C
:101AE40000F08880BCF1080F40F014811A99073186
:101AF40021F0070101F108051A95D1E9008908B11F
:101B0400C4E9008908345EE713F8021C6C2903D089
:101B140000260427BC46D3E700260827BC46CFE7A7
:101B240029784C291AD01A99073121F0070101F1BB
:101B340008061A96D1E90067073424F0070440B177
:101B4400211A0831514513D829784C2913D0C4E9F6
:101B54000067083400260827BC4634E71A99073181
:101B640021F0070101F108061A96D1E90067E3E7BD
:101B74006FF01B00BCE0C4E90067EAE70026042715
:101B8400BC469DE7324600260427BC4698E7E1465A
:101B940080461A9A111D1A9112680292079A1D46DC
:101BA40098E6624B029A9A4204D3614B9A420AD352
:101BB400002300E00023002B7FF496AE059B03F086
:101BC4000202002095E60123F5E7069B0133069304
:101BD400B4E610B10AF1010AB0E6009B13B10AF1B0
:101BE400020AABE60298FFF72BF90AEB000303F1B4
:101BF400020AA3E61A990D1D1A95096800B121601D
:101C04000434E0E68046231AB3F5806F80F08580C3
:101C140090B1002202609B080370009B83B1069B75
:101C2400C370049B88F802301BBB019DDDF80C9047
:101C3400DDF810B0029F3DE05344A3F1080057E0E3
:101C4400069B4370EDE701339842EED903F140025D
:101C54006A4412F8101C12F9102C002AF3DA01F06D
:101C64007F01A4EB08020132524559D804F8011B44
:101C7400E9E7019B0398E7E7009B43B305F14003C1
:101C84006B4413F8203C04F8013B019EA4EB0803C9
:101C940033440133534546D805F140036B4413F8EC
:101CA400103C04F8013B3246394620461CF004FD42
:101CB40034440135A94519D9BBF1000FDCD005F135
:101CC40040036B4413F9103C002BD5DAF1E705F11E
:101CD40040036B4413F8103C58F82370002248F872
:101CE40023203846FFF7ACF8461CCFE7A4EB0800E6
:101CF40011B0BDE8F08F6FF00D00F9E76FF01B0035
:101D0400F6E76FF01B00F3E76FF01500F0E76FF0F4
:101D14001500EDE76FF01500EAE76FF01500E7E74F
:101D24006FF01B00E4E76FF01B00E1E7500A0200CC
:101D3400244C02002DE9F04F97B000AF8346BA61FE
:101D44003B61D7F88030C3F3C0033B62F96011B93B
:101D540012F008FBF8609BF80260B14636B1D7F880
:101D6400803013F0010F0DD1002300E000239BF815
:101D740003207A6242B1D7F8802012F0020F22D1F8
:101D8400002202E00123F2E7002202B9EBB19BF842
:101D94000050AA00BA60DBF804207A610BEB8505D9
:101DA400BA69F2B1002B40F00481B9F1000F00F0E0
:101DB4000F81D7F8803013F0040F40F00D8100201C
:101DC400F8610646F9E00122DFE7BB691BB13A6915
:101DD400F96858469847FC6820465C37BD46BDE81C
:101DE400F08FFC68E3B94D4400233B6123E00444D5
:101DF400013501364E451AD22A7800235BF8222099
:101E04001946B86912F0C3FABAF1000FEFD0D7F847
:101E140088309845EBD22AF8180008F10108E6E763
:101E24000026C7F81C80B046D7F884A0E2E7C7F8BC
:101E34001080D7F81C80D7F8803003F00503FB60CE
:101E44004FF0000AA146C7F81CB09CE000253B6A8D
:101E54007BB9002D79D0D7F8803013F0010F79D1F8
:101E6400FB68002B6FD10223A9EB030988E001254D
:101E7400EDE75946786912F0D0FA0028E9D06C46AB
:101E8400002387F82C30022387F82D308AB0694666
:101E940011F1100237D012251AB1042D01DDB34B14
:101EA4004B61002387F82830022387F829306ABB66
:101EB400112D45DD122362B1042087F82C00002087
:101EC40087F82D0087F82E00012087F82F00F86A84
:101ED40008616FF300086FF341086FF382086FF332
:101EE400C508022161F38818C3F30A0363F3532876
:101EF4006FF31F58002341469D4800F05BFDA54643
:101F0400A9F102093CE06FF00045C5E72B46082D16
:101F140001DD786988610C2B01DDC1F81CB001F189
:101F24002003002009E000F1300C07F1280EF444EE
:101F34001CF830CC03F801CB01300128F3D9B7E702
:101F44006FF01B03B7E701238EE7D7F8803013F057
:101F5400020F15D0002322461946B86912F017FA69
:101F6400D7F8843053B13B69D7F88820934205D21F
:101F7400D7F8842022F8130001333B6101388144EF
:101F84000AF1010A35467B6A9A4510D22E4616F8A4
:101F940002BB6B78FA6952F82340764B9C42FFF4FB
:101FA40055AF754B9C42FFF462AF00254FE74C469A
:101FB40012E707F144000023FB6118B14A462946A1
:101FC4001CF07AFB4D444FF00008C7F804901EE063
:101FD4000020F8610646F0E7FE6107F134000026B0
:101FE400EBE700253B6A33BB002D3BD0D7F88030AC
:101FF40013F0010F26D0731C06F1300207F12801FB
:10200400561806F8149CDEB208F1010825467B6ACE
:1020140098454AD22C4614F802AB95F801905BF827
:102024002930544A9342DCD3534A934201D30025C6
:10203400D8E70125D6E75146786912F0EEF9002871
:10204400D2D0E1E7D7F8803013F0040FDCD0FA697E
:10205400531C303207F128010A4402F8249CDBB2F5
:10206400FB61D1E7D7F8803013F0020F09D0731C5D
:1020740006F1300207F12801561806F8149CDEB266
:10208400C2E7F869431C00F1300107F128028A18FD
:1020940002F824AC02460232D2B2FA6107F15802C5
:1020A40052FA83F303F8249CAEE7D7F804909BF824
:1020B400003087F854309BF80130334487F85530AA
:1020C400D7F8803013F0020F0ED1FB69C3F3470336
:1020D40087F85730D7F8803013F0010F06D113F08A
:1020E400040F3ED1002302E00023F1E7002387F828
:1020F4005630DBF800003863786DCBF80000D7F871
:1021040010804246B9685846D7F818A0D047041E34
:10211400FFF662AE386BCBF80000C7F81080424679
:10212400F96907F13400D04700285EDB04EB0008AE
:10213400B96849447B6A01EB4301D7F810904A46D9
:10214400FB68591A2846D047041EFFF645AE08EB33
:1021540004054FF00008C7F824B0B3465446CA46F5
:1021640021E0FB69C3E74FF0000909E018130200FE
:10217400500E0200500A0200244C02004FF00009E5
:102184005246012107F12C00A04700282FDB05440B
:102194004B4632465146204612F0F9F8002828DB17
:1021A400054408F10108D84518D208F1300307F1B5
:1021B4002802134413F8143C87F82C307A6A52F836
:1021C4002360D7F88430002BCDD0D7F888309845D9
:1021D400D4D2D7F8843033F81890D1E73A69002183
:1021E4000846BB6998472C46F6E50446F4E50446E0
:1021F400F2E50446F0E500BF014B1860704700BFEC
:102204001000002080B505460E461746984605F096
:102214003DFA03461CF060FD0446DFF8189049F8C7
:102224000030424639463046A84754F8090001F0C8
:102234009FFC00BF080000002DE9F04383B0044672
:1022440008461546A38B13F0080F05D103F00706C3
:1022540000230093019354E0012909D043F02003A3
:10226400A38385F31188BFF36F8F03B0BDE8F083B8
:1022740043F01003A383F4E7204612F031FC42E05C
:10228400D4F818904A466946204612F042FC4FF0B2
:102294000008A38B03F00707B74269D0A268002A9D
:1022A40066D0012243F00803A38385F31188BFF3AA
:1022B4006F8F002A64D1009B2BB14B463A46694686
:1022C400204612F09FFCB8F1000F02D0344920469A
:1022D400C047EFF31185202383F31288BFF36F8F78
:1022E400A38B23F00803A383A38B13F0100F4DD00B
:1022F40023F01003A3830120A68B06F00706002811
:10230400AFD00228B8D00028ABD0013804282BD88D
:1023140001A353F820F000BF852200006D230000C4
:102324003123000045230000592300002369D3F81A
:1023340000800621204612F0A9FB4FF00009A8E70F
:102344002369D3F804800421204612F09FFB4FF048
:1023540000099EE72369D3F808800521204612F07E
:1023640095FB4FF0000994E74FF00008C14690E751
:10237400009A0AB1002295E7B8F1000F92D1B3E7B1
:102384004A463946204612F089FB94E713F0200FA1
:1023940004D023F02003A3830220ADE70020ABE7A1
:1023A400374C010038B505460B4C00E010340B4B9C
:1023B4009C420FD263685B79002BF7D029462046F4
:1023C40012F001FD0028F1D023681B68294620463D
:1023D4009847EBE738BD00BF980E0200A80E020034
:1023E40070B506460D46084C04E02A4631462046A0
:1023F40098471034054B9C4204D223689B69002BF8
:10240400F3D1F6E770BD00BF980E0200A80E0200DB
:102414002DE9F041074605460AE007EA0807144B90
:1024240003EB06135B6804221968204612F015FDBD
:10243400D5B195FAA5F6B6FA86F60D4C04EB06145A
:102444000123B3406FEA030825EA0305237B002B2D
:10245400EED03301064AD3581B69002BDDD0204649
:1024640098470028E4D1D8E73846BDE8F08100BF9A
:10247400980E02002DE9F04180460F461D4BD3E82B
:10248400EF5F6A1CC3E8E12F0029F8D16DBB1A4C39
:10249400002607E0636804221968204612F0DDFC78
:1024A40001361034154B9C4211D2237B002BF7D0FC
:1024B400204612F07CFC23681B69002BEAD02046DE
:1024C40098470028E6D00123B3401D43E8E7B8F15C
:1024D400000F0BD055B12846FFF79AFF0546002F91
:1024E400F8D00A2012F075FCF4E700252846BDE870
:1024F400F08100BF340C0020980E0200A80E0200E8
:1025040008B5064B186018B1054B1B68092B00DC95
:1025140008BD044804F01EFCFAE700BF280C0020A4
:10252400300C00204002002008B5024804F012FCE0
:1025340008BD00BF4002002030B589B000220F4919
:102544000F4814F0F6FE0F4D00220023CDE90623B8
:10255400002404940E2303930294019400940A4BE0
:102564004FF440720949284614F005FD08492846ED
:1025740004F06AFC204609B030BD00BF2D250000E0
:1025840078080020C0030020E12800007027002004
:10259400D0130200014B53F820007047EC130200E3
:1025A40048B108B5054A1060054B1960084600F0AB
:1025B400F5FC002008BD6FF01500704714000020E2
:1025C400240C002008B5054B1B781BB1034B0122DA
:1025D4001A7008BD024804F0BDFBF7E7401F002055
:1025E4004002002008B50C4BD3E8EF1F0131C3E8CB
:1025F400E21F002AF8D130B9084814F0A6FE0848B2
:1026040004F0A8FB08BD074BD3E8EF1F0139C3E86A
:10261400E21F002AF0D0F7E72C0C002078080020F5
:1026240040020020300C0020044B00200146D3E877
:10263400EF0FC3E8E21F002AF9D170472C0C0020E9
:1026440038B5FFF7F1FF0546094C00E01034094B9B
:102654009C420BD263685B79002BF7D023685B68DC
:10266400002BF3D0294620469847EFE738BD00BF3A
:10267400980E0200A80E0200034B18680028D4BF6D
:1026840000200120704700BF2C0C002010B5044C22
:102694000449204612F055F8034B1C6010BD00BFDE
:1026A40070010020D8130200200C002008B500237C
:1026B4000C4A13700C4A13600C4A13604FF4004127
:1026C4000B48FFF76DFFFFF7E1FF0A4A06E0094BED
:1026D400D31A1B11013351680B711032064B9A4205
:1026E400F5D308BD411F00202C0C0020300C002025
:1026F400CF4D0100980E0200A80E020008B5014655
:10270400014812F07CFB08BD7001002008B50248A6
:1027140012F0FAF808BD00BF7001002008B50146A8
:10272400024B186812F071FB08BD00BF200C00209A
:1027340008B5024812F06DFB08BD00BF700100200F
:1027440010B582B000220023CDE90023264B18786F
:1027540008B902B010BD684612F073FB044660B1BC
:10276400FFF720FE2046FFF7D9FF204BD3E8EF1FE9
:102774000139C3E8E21F002AF8D1FFF77DFF58B9F9
:102784001B4A1368516813F57A7341F10001136011
:102794005160FFF7CDFFDCE714F0BCFD4A0142EACB
:1027A400D06243011B1A62EB0102920042EA937267
:1027B4009B001B1842EB0102D20042EA5372C3F39E
:1027C400103343EA4243D20B0948016840685B1A5C
:1027D40062EB000240F2E9318B4272F10002CFD386
:1027E400FFF72EFFCCE700BF401F0020300C002075
:1027F400700800200F4B1B7803B1704710B50021FF
:102804000120FFF737FE0C4C00E010340B4B9C42C8
:1028140008D263685B79002BF7D023689B68204655
:102824009847F2E7FFF78CFF0028FBD1014B012208
:102834001A7010BD411F0020980E0200A80E02005D
:1028440010B582B0184BD3E8EF2F511CC3E8E01F3A
:102854000028F8D1154B1B7863B9154B1B68B3B12D
:10286400BAB1092A13D1134814F06FFD124804F0C9
:1028740071FA0CE0EFF31184202383F31288BFF381
:102884006F8FFFF75DFF84F31188BFF36F8F02B082
:1028940010BD00220023CDE900234FF400420023A1
:1028A400044805F03BFAF2E7300C0020411F0020F9
:1028B400280C0020780800204002002010B50446AF
:1028C400044B1B689847A0602146034812F0BDFAE8
:1028D40010BD00BF14000020700100202DE9F0415C
:1028E40000210846FFF7C6FD804650B140F26766F6
:1028F40000271CF0F1F9154B1858FFF701FE0025CD
:1029040015E04FF0FF364FF0FF37F2E74046FFF790
:102914007FFD804670B94FF0FF364FF0FF3709E076
:102924002C4632463B460A4804F058FA2546B8F18C
:10293400000FEBD1FFF704FF04460028F6D1002D69
:10294400EED000210846FFF74BFDEAE7080000003F
:10295400400200200248034BC01AC008704700BF61
:10296400980E0200380E020010B50C46FFF7F2FF75
:10297400A04203D9024B53F8340010BD0020FCE7F9
:10298400380E020000B589B0059206930023079320
:1029940062B1074A0C9B02930B9B01930A9B009321
:1029A40005ABFFF7C7F909B05DF804FB0022F1E7B6
:1029B400754E01002DE9F04F8BB004AF05461E465D
:1029C4008846C1F34A24002C00F0898091460022F5
:1029D400FA603A617A6104230293FB1801930A2393
:1029E400009307F10C0321464846FFF7A3F9B0F51D
:1029F400006F58D3D9F804106D4600233B730223AB
:102A04007B738AB004AC14F1100217D012201AB1EF
:102A1400042801DD3B4B636100233B7002237B7080
:102A2400CAB10346082800DDA1610C2B02DD40F287
:102A3400FF73E36104F1200300210AE06FF000401A
:102A4400E5E701F118063E4416F8186C03F8016B2B
:102A540001310129F5D9112822DD122342B10421C3
:102A6400397300217973B9730121F973F86820610E
:102A740000216FF300016FF341016FF382016FF3E3
:102A8400C501022060F38811C3F30A0363F35321E1
:102A94000023C1F313011C4812F05DFAAD462DE08A
:102AA4006FF01B03DAE760F35328C0F30A0A0AEB5A
:102AB4001850173020F007008008FFF71FFE8346E8
:102AC400B0B104230293FB1801930A2300935346E5
:102AD40000F1100221464846FFF754FF08E004EBDA
:102AE4001154173424F00704A008FFF707FE8346A7
:102AF400334642462946584612F0D0F91C37BD46A3
:102B0400BDE8F08F0C140200600E02002DE9F04FB6
:102B140085B080460D4617461E46DDF838B0DDF810
:102B24004090B9F1000F41D0119B039300934B46A1
:102B34000F9A10210020FEF7A3FEB0F5006F2DD2EE
:102B440082460BEB0003173323F0070300246FF3D3
:102B540000046FF341046FF3820468F3C50467F360
:102B6400881460F353246BF31F549808FFF7C6FDD1
:102B7400074650B11030B9F1000F06D0119B0093F5
:102B84004B460F9A5146FEF77BFE334622462946B2
:102B9400384612F083F905B0BDE8F08F40F2FF73B8
:102BA400034A0221034812F0CBF9F4E70020C7E7F7
:102BB4004C140200600E0200406820B1034BC01A9E
:102BC40040F3CF0070474FF0FF307047380E0200DB
:102BD4000EB400B582B0014603AB53F8042B019345
:102BE400034801F0FBFA02B05DF804EB03B0704750
:102BF400914F010010B584B011F0440F05D01A4B69
:102C04001B6833B9002004B010BD1849FFF7E0FF7A
:102C1400F9E717490968B2FBF1F2B2FBF3FC03FBD5
:102C24001C224FF47A7E0EFB02F2B2FBF3F403FB98
:102C340014210EFB01F1B1FBF3F10E4AA2FB0C329D
:102C4400D20A4FF4616303FB12CC0B4BA3FB0CE3DE
:102C54005B0902910194C3EB0311ACEB8101009178
:102C64000649FFF7B5FFCEE73C0C002084140200B0
:102C7400380C0020C5B3A29189888888901402007A
:102C840061B108B52AB1064A52F8232012B9054A9F
:102C940000E0044A0449FFF79BFF08BD704700BFEA
:102CA40030150200AC140200B41402002DE9F04106
:102CB40005461746069EDDF81C8081B900242EB116
:102CC400324611492846FFF783FF0444B8F1000F48
:102CD40014D06FB1099B042B13D00C4909E00C4BA1
:102CE400099A53F822200B49FFF772FF0446E6E7DE
:102CF400064942462846FFF76BFF04442046BDE8D8
:102D0400F0810549F5E700BFCC140200BC140200B1
:102D140044150200C4140200B81402002DE9F04F57
:102D240087B005460C46049205939DF84C7001F05B
:102D3400020B01F0010AC1F3C00801F4807912F01A
:102D44008AF818B3024616492846FFF741FF06469B
:102D5400BBF1000F1CD13A465146284612F03DF90A
:102D6400B9F1000F01D0002311930397129B029332
:102D7400119B0193109B00930023049A414628461B
:102D8400FFF794FF304407B0BDE8F08F0026DFE77B
:102D9400059A21462846FFF72DFF0644DBE700BFCE
:102DA400D014020011F0100F0BD108B511F0200F50
:102DB40003D00449FFF70CFF08BD0349FFF708FFE0
:102DC400FAE7704710160200BC1E02002DE9F0411C
:102DD40005460F46164698460699FFF7E3FF00247A
:102DE400444505DA24492846FFF7F2FE0134F7E7A3
:102DF400002409E020492846FFF7EAFE0BE01F49BA
:102E04002846FFF7E5FE01340F2C0CDC002C02DD14
:102E140014F0070FEED0B442F1D23A5D18492846B7
:102E2400FFF7D6FEEFE717492846FFF7D1FE002447
:102E340009E011492846FFF7CBFE0BE0124928466A
:102E4400FFF7C6FE01340F2C13DC002C02DD14F056
:102E5400070FEED0B44207D23A5D0C4B9B5C13F0E3
:102E6400970FEBD12E22E9E703492846FFF7B0FE7E
:102E7400E8E7BDE8F08100BFC8140200DC140200DA
:102E8400D4140200E0140200E4140200BA41020067
:102E94002DE9F04184B004469DF82C500C9F0E9E01
:102EA40095B9012B1ED019484FF0000827B13B46B5
:102EB4002246174911F081FAC6B905BB204612F023
:102EC4004EF804B0BDE8F08103950A98029001938E
:102ED40000920B4600220F992046FFF71FFF804601
:102EE4000C48E3E70B484FF00008DFE70F9B009323
:102EF400434632460D99204612F087F8DDE72A460C
:102F04000F99204612F075F8D8E700BFC14F0100B1
:102F1400E1410000914F01002DE9F04383B00646E2
:102F2400056842F20F738B4228BF0B46184A0521ED
:102F340068460FF075FA04467368D3F804900B27BB
:102F4400DFF8508005E04A4639464046A8473F1A14
:102F54008044002FF7D17368D3F804806F4605E0EE
:102F6400424621463846A847241A0744002CF7D184
:102F740073685F681B24084E05E03A4621463046D4
:102F8400A847241A0644002CF7D103B0BDE8F08307
:102F94004817020004150200E8140200074B01223E
:102FA4001A6004E04008054A13685B001360044B90
:102FB4009842F7D8034B1860704700BF380C0020C4
:102FC40040420F003C0C002070B506460D4600241C
:102FD40005E0315D04488368DB6998470134AC42FD
:102FE400F7D3284670BD00BF100B0200014B0360ED
:102FF40000207047AC15020008B5034811F03AFAF6
:10300400024811F037FA08BDAC150200E4150200BD
:1030140008B5024804F024FF08BD00BF14160200DE
:10302400B0F5680F17D00CD840F6BA63984214D0A4
:10303400B0F5683F13D03A2801D001207047002032
:103044007047094B98420CD0084B984201D001209C
:103054007047002070470020704700207047002010
:1030640070470020704700BF3A00003A2C5F5CA90B
:1030740028B308B54368B3F5683F0AD0B3F5680FC1
:1030840014D012498B421FD0006803F00DFE0020BB
:1030940014E003680022D3E8EF1F012903D1C3E839
:1030A400E02F0028F7D10DD1104607E003681B7804
:1030B40003F580730020064A42F8230008BD6FF42C
:1030C400E04070470348F9E70348F7E72C5F5CA941
:1030D40000000350E98FFFFFEA8FFFFF88B308B5B4
:1030E4004368B3F5683F0FD0B3F5680F19D016499C
:1030F4008B4224D000684FF0FF324FF0FF3303F0CF
:1031040053FD68B111480BE003680122D3E8EF1FB7
:10311400002903D1C3E8E02F0028F7D10BD1002008
:1031240008BD03681B7803F58073094A52F82330FD
:103134001BB90020F4E70548F2E70448F0E7054826
:10314400EEE76FF4E04070472C5F5CA9E98FFFFF66
:1031540000000350EA8FFFFF10B50446A8B163686E
:10316400B3F5683F10D0B3F5680F0DD00D4A934204
:103174000AD013F4686F0DD021680B4813F03CFE9D
:1031840000232360074B636010BD084B5B6808484D
:103194009847E4E7236800221A605A609A60DA606C
:1031A4001A61EFE72C5F5CA968110020A0000020E1
:1031B4001C16020010B5044668B36068B0F5683F99
:1031C40028D0B0F5680F25D0174B984228D0FFF7C8
:1031D40027FFC0B14FF0FF324FF0FF3321461348B1
:1031E40003F0C2FB08B923681BB9114B5B68114893
:1031F4009847236800221A605A609A60DA601A615C
:103204004FF468636360206813F077FE636843F0EB
:103214003A03636010BD064B5B6807489847CCE7E8
:103224002368002BD3D1D5E72C5F5CA9681100205B
:10323400A0000020441602001C16020008B540231A
:1032440014220449044813F0C8FD0449044804F056
:1032540079FE08BD680C0020681100207416020075
:10326400881602002DE9F04182B000AF0446D0F880
:1032740000E0D0F804C085686E468AB06B4613F14E
:10328400100200F0888014218AB10846042903DD65
:10329400DFF81C81C3F81480082801DDC3F818E0A6
:1032A4000C2801DDC3F81CC0102800DD1D621329A1
:1032B40074DD14253AB10521397100217971B97190
:1032C400F9717868186100216FF300016FF341010F
:1032D4006FF382016FF3C501012363F38811C5F312
:1032E4000A0565F353216FF31F5100233148FFF79B
:1032F40061FBB546D4F80CC026696569E8468AB016
:103304006B4613F110024CD0142182B108460429F3
:1033140003DDDFF8A4E0C3F814E0082801DDC3F8F6
:1033240018C00C2800DDDE61102800DD1D621329A1
:103334003ADD14253AB10521397100217971B97149
:10334400F9717868186100216FF300016FF341018E
:103354006FF382016FF3C501012666F38811C5F38B
:103364000A0565F353216FF31F51124D00232846BC
:10337400FFF720FBC546E369104A3146284611F0A1
:10338400DFFDA3690E4A3146284611F0D9FD0837FE
:10339400BD46BDE8F0816FF0004175E76FF01B0595
:1033A40088E76FF00041B0E76FF01B05C2E700BF8C
:1033B40098160200800E0200C8160200F8160200D9
:1033C4000817020038B504460D4611B10846FFF748
:1033D40049FF012C04D02946204603F053F838BD98
:1033E400EFF30583103B034A0121034811F0A8FDC4
:1033F400F1E700BF38170200800E020030BFFFF76C
:10340400FDBF00BF38B50446054D2A4605491BF0EB
:1034140053F9054A002160191BF075F938BD00BF46
:1034240000000000EC0E02000800000070B5064623
:10343400064D074B1D444C1B2046FFF7E3FF083C99
:10344400C6F8A44005F1080070BD00BF00000000EC
:1034540008000000054B5A699B689A4204D0044A4C
:10346400536843F080535360704700BF8C130020AF
:1034740000ED00E081690D4B5A6942F480725A6193
:10348400BFF34F8FBFF36F8F31F8021C5A6922F4D8
:1034940080725A61BFF34F8FBFF36F8F4DF6027383
:1034A400994201D0002070470120704700ED00E0F0
:1034B4004FF0000C83F800C002F07F4CBCF17F4F4A
:1034C40014D102F00C0CBCF1080F04D012F0080F58
:1034D40009D00846704708B5054A0121054811F08E
:1034E40025FD002008BD01221A7070470020704796
:1034F4004C170200800E020008B5314A0121314800
:1035040011F014FD304B9B6A13F0007F26D11D206F
:103514002D4B9B6A13F0807F27D12B4B9B6A13F4AE
:10352400801F29D1284B9B6A13F4002F2BD1264BE3
:103534009B6A13F4802F2DD1234B9B6A13F4003F15
:103544002FD1214B9B6A13F4803F31D11E4A936AD9
:103554006FEA03436FEA1343936208BD1B4A0121D8
:10356400184811F0E3FC1E20D2E7194A012115483E
:1035740011F0DCFC1F20D0E7164A0121114811F09C
:10358400D5FC0220CEE7144A01210E4811F0CEFCEE
:103594002120CCE7114A01210A4811F0C7FC22205E
:1035A400CAE70F4A0121074811F0C0FC2320C8E7ED
:1035B4000C4A0121034811F0B9FC2420C6E700BFDE
:1035C40078170200800E020000ED00E09017020060
:1035D400A4170200C0170200EC1702000C18020026
:1035E400341802005018020008B500230B70034A77
:1035F4000121034811F09AFC08BD00BF7C180200A9
:10360400800E020090B583B000AF0F2923DC2F4C4D
:10361400103900233B7102237B718AB0EC461CF104
:1036240010021AD0122022B1042802DD284BCCF853
:10363400143000233B7002237B70E2B10346082858
:1036440001DDCCF818400C2B01DDCCF81C100CF17A
:10365400200300210DE01F4CDAE76FF00040E2E7A1
:1036640001F1080404EB070E1EF808EC03F801EB63
:1036740001310129F4D9112824DD12234AB104218E
:10368400397100217971B9710121F9717868CCF827
:10369400100000216FF300016FF341016FF3820109
:1036A4006FF3C501012060F38811C3F30A0363F3C8
:1036B40053216FF31F5100230748FFF77BF90C37A1
:1036C400BD4690BD6FF01B03D8E700BFA0180200F1
:1036D400D4180200B8180200800E0200F8B505469E
:1036E4000F461446394A0121394811F01FFC394B61
:1036F4009B6A13F0100F31D11026364B9B6A13F0DE
:10370400080F32D1334B9B6A13F0020F34D1314B83
:103714009B6A13F0010F4BD12E4B9B6A13F0200FC1
:103724004DD12C4B9B6A13F0100F01D1294B9B6A8E
:10373400284B9B6A13F0200F04D0264A536A23F4C3
:1037440000535362234A936A43F0FF0393620121B7
:10375400284611F0FEFC20703046F8BD1E4A0121B7
:103764001B4811F0E3FB1126C7E71C4A0121184846
:1037740011F0DCFB1226C5E7194A0121144811F0A7
:10378400D5FB144A536B926A12F0800F01D11326B1
:10379400BDE7144A01210E4811F0D2FB37B10D4A9E
:1037A400936A23F0800393621326B0E71326AEE7EF
:1037B4000D4A0121064811F0B9FB1426ACE70B4A67
:1037C4000121034811F0B2FB1526AAE7E81802000C
:1037D400800E020000ED00E000190200341902001E
:1037E40048190200601902007819020098190200B1
:1037F400F8B505460F461446374A0121374811F0FB
:1038040095FB374B9B6A13F4805F25D11626344B06
:103814009B6A13F4006F26D1314B9B6A13F4007F2B
:1038240028D12F4B9B6A13F4806F3FD12C4B9B6A9A
:1038340013F4807F41D12A4B9B6A13F4005F43D178
:10384400274A936A43F47F4393620121284611F087
:1038540080FC20703046F8BD224A01211F4811F037
:1038640065FB1726D3E7204A01211C4811F05EFBB3
:103874001826D1E71D4A0121184811F057FB184AB0
:10388400936B926A12F4004F01D11926C9E7184AC2
:103894000121124811F054FB37B1114A936A23F401
:1038A400004393621926BCE71926BAE7114A01219D
:1038B4000A4811F03BFB1A26B8E70F4A01210748D2
:1038C40011F034FB1B26BBE70C4A0121034811F01D
:1038D4002DFB1C26B4E700BFC8190200800E0200AD
:1038E40000ED00E0E019020034190200F4190200AE
:1038F400101A0200281A0200441A02009819020041
:1039040070B506460D462B4A01212B4811F00EFBDB
:1039140000232B70294BDC6A14F002040AD1274BD4
:10392400DB6A002B0DDB254BDC6A14F080440ED1DE
:10393400204670BD224A01211F4811F0F7FA0024E5
:10394400F6E7204A01211C4811F0F0FAF0E71E4A7C
:103954000121194811F0EAFA3046FFF78BFD98B9B6
:10396400164B9B6A13F0FF0F16D1144B9C6A14F488
:103974007F4418D1114B9B6AB3F5803FD8D33046AE
:10398400FFF7BAFD0446D3E73368104A01210A4819
:1039940011F0D6FA3468CBE72A4601213046FFF706
:1039A4009DFE0446C4E72A4601213046FFF720FF66
:1039B4000446BDE75C1A0200800E020000ED00E040
:1039C400741A0200981A0200A81A0200C81A020007
:1039D40030B58BB01F4B5D68C5F30805002383F336
:1039E4001188BFF36F8F0DF12603FFF761FD0446C5
:1039F4000DF12702294611F0AEFB9DF827300BB1DB
:103A04000BB030BD05460DF1040C20686168A26856
:103A1400E368ACE80F0020696169A269E369ACE876
:103A24000F009DF826304BB1089BC3F308025AB926
:103A34006FEA53236FEA4323089305E0089B23F4BA
:103A4400FF7323F00103089301A92846FFF7BAFC8A
:103A5400D6E700BF00ED00E0064B5A6942F01002C1
:103A64005A615A6942F480625A615A6922F0080222
:103A74005A61704700ED00E0EFF30880EFF309812D
:103A840001B57246FFF7A4FF01BD00BF002080F31B
:103A94001488BFF36F8F002080F30A8880F30B88AB
:103AA400104880F3088800200F49087001F0F4FEE4
:103AB40000200E490860BFF34F8F00F02FF820203C
:103AC40080F311880A484FF40061401880F3098894
:103AD400EFF314800221084380F31488BFF36F8F3F
:103AE40000F0E4F8B0370020491F002094ED00E016
:103AF400702A0020084BD3F89000C0F3072000235D
:103B040006E0054AC2F898300021C2F8A01001333B
:103B14008342F6DB704700BF00ED00E010B572B6DB
:103B2400002484F31388FFF7E5FF234608E003F13C
:103B340020010E4A4FF0FF3042F821000133DBB27E
:103B44000F2BF4D9002308E003F16001074A4FF07A
:103B5400FF3042F821000133DBB20F2BF4D962B6F7
:103B6400BFF34F8FBFF36F8F10BD00BF00E100E0C4
:103B740008B50A4B9B68834202D003F08DFD08BD53
:103B8400EFF30583002BF8D0054B5A6842F08052BE
:103B94005A605A6A22F400425A62EEE78C130020FB
:103BA40000ED00E016498A684FF030001044EFF34E
:103BB400098C80E8F01F202080F31288BFF36F8FF8
:103BC400104F4FF000664A698A603E60D2F8A40044
:103BD4000D4C2060D2F8A8000023C2F8A83080F36E
:103BE400118802F1300090E8F01F8CF3098802F18B
:103BF400000004B511F0E5FABDE804407047000088
:103C04008C13002004ED00E0881100201EF0040F46
:103C14000CBFEFF30880EFF30980816911F8021CEF
:103C24000229FFD001B5724611F080FA01BD00BF30
:103C3400002807DB00F01F02400901239340024AD9
:103C440042F82030704700BF00E100E0002808DBA4
:103C54004901C9B200F1604000F5614080F80013E9
:103C6400704700F00F004901C9B2014B1954704765
:103C740014ED00E04209054B53F8222000F01F0028
:103C8400012303FA00F01040704700BF00E100E098
:103C9400044B23F07F03044A9360BFF34F8FBFF3B9
:103CA4006F8F70470000000000ED00E008B5FFF7DB
:103CB400EFFF074AD2F8883023F47003C2F8883043
:103CC40002F0A2FD03F04EFE00F04EF802F0F8FD03
:103CD40000ED00E010B4A2F120040E4942F8081CE3
:103CE40021F0010142F8081C42F8203C019B42F8F3
:103CF4001C3C029B42F8183C039B42F8143C4FF0D6
:103D0400807342F8043C04650023C0F8A83010BC5A
:103D1400704700BF0922000000B50E4615460B4B44
:103D24009860D0F8A4200A4B1A60D0F8943083F33A
:103D34000B882C4686F309880020064B98472046BA
:103D4400002100220023044C204700BF8C130020D4
:103D540088110020D151010009220000014B1022DA
:103D64001A61704700ED00E0002207E003F16043B0
:103D740003F56143202183F800130132442A09DC4E
:103D840053B2002BF2DA03F00F0303491944202342
:103D94000B76F2E7704700BFFCEC00E008B5EFF3E8
:103DA4000583103B044A02EBC301496852F833000F
:103DB4008847FFF74FFB08BD300B0200074AD2F8D3
:103DC400FC3043F08073C2F8FC30054B00225A608B
:103DD4001A6842F001021A60704700BF00ED00E06B
:103DE400001000E0034B00225A601A6842F00102FE
:103DF4001A607047001000E0014B586800217047BA
:103E0400001000E008B501F037FD024B18680021EE
:103E140008BD00BF7400002008B5FFF7F3FF024A95
:103E24000023FCF793FA08BD40420F0010B584B09C
:103E34000A4C23460A4A01210A4811F0FEFA0023DB
:103E4400019302930393084B0193E41A0294012112
:103E540001A811F0F6FA04B010BD00BF000007205D
:103E640000000020E41A020060020020024B034A12
:103E7400C3F8C020704700BF00ED00E0AAFF440073
:103E8400034BC3F89800C3F89C10C3F8A0207047F4
:103E940000ED00E00E4BC3F89800C3F89800D3F887
:103EA4009C000A7A60F304020A72D3F8A020C2F3D9
:103EB4004202087A62F347100872D3F89C2022F079
:103EC4001F020A60D3F8A03023F01F03CB607047B1
:103ED40000ED00E070B505460E46002400E0013414
:103EE400A6421EDD04EB44039A0005EB83035968E4
:103EF4000029F4D0A85811F0FAF904EB84030B4A12
:103F040042F8230010F1160F0CD0094B1B7898428D
:103F140009DA04EB840302EB83010431FFF7BAFFEF
:103F2400DDE7002070BD6FF01500FBE78C11002069
:103F3400421F002010B504460A4BD3F89030C3F357
:103F44000723013B984203D811F0ABF9204610BD7A
:103F54000346054A0121054810F0F2FF6FF01500F1
:103F6400F5E700BF00ED00E0F41A0200780E02004D
:103F74002DE9F04F87B08146009101931446002645
:103F840048E03346614A0121614810F0D9FF6FF0DF
:103F9400150407E03B465F4A01215D4810F0D0FF5D
:103FA4006FF01504204607B0BDE8F08FD84564D102
:103FB4002946C0B211F0ACF92BE0574AC2F8987008
:103FC400D2F89C3003F01F0321F01F010B43C2F809
:103FD4009C302946E0B211F09BF9044610F1160F0B
:103FE400E0D0013415E0013B4B49C1F89870D1F899
:103FF400A02002F01F0223F01F031343C1F8A030D6
:104004002946E0B211F084F9044610F1160FC9D024
:1040140001340136009B9E42C4DA06EB46054FEAA2
:10402400850A09EB85056F68002FF2D0019B23B147
:10403400284611F04AF90028A3D0394659F80A0055
:1040440011F055F9074610F1160FA3D08442A1DDF3
:10405400314BC3F89800D3F89C2022F01F02C3F818
:104064009800D3F8A03043F01F0859F80A30696863
:10407400194401F1FF3B934298D093429DD0D84517
:10408400B1D0013B2449C1F89870D1F8A02002F0C6
:104094001F0223F01F031343C1F8A0302946E0B2E6
:1040A40011F036F9044610F1160F3FF47BAF0130DE
:1040B400194BC3F89870D3F89C109DF8102061F345
:1040C40004028DF81020D3F8A030C3F34203D2B217
:1040D40063F347128DF8102059F80A306A681344C4
:1040E400029323F01F03A8EB0B084344013B23F086
:1040F4001F03059302A9C0B2FFF71CFF044610F189
:10410400160F3FF44FAF013483E700BF1C1B0200BE
:10411400780E0200401B020000ED00E010B5034CD5
:1041240001232278FFF724FF207010BD421F0020D6
:10413400044B0522C3F89420BFF34F8FBFF36F8F56
:10414400704700BF00ED00E0BFF35F8F024B002219
:10415400C3F89420704700BF00ED00E038B51C4B55
:104164001D681C4BD3F89030C3F307239D422BD812
:10417400FFF7EAFFFFF77AFE002407E0144B5968C3
:1041840001EB0411204611F08CF80134A542F5D856
:104194001148057011F0DBF810F1160F13D00E4B17
:1041A4001A780C4BD3F89030C3F307239A4207DAFA
:1041B400084BC3F898200021C3F8A0100132F0E79F
:1041C400FFF7B6FF002038BD4FF0FF30FBE700BF1C
:1041D400641B020000ED00E0421F002030B587B0F0
:1041E4000D4611460024009401940294039404940F
:1041F400059402228DF80220044A01920490059548
:104204001A4668460EF012FD07B030BD4F54010047
:1042140008B5024B1B689847002008BDB011002068
:10422400034B1860034A937843F00203937070477A
:10423400B01100204000002008B5054810F01AF91C
:10424400002383F31188BFF36F8F0423184602DF22
:10425400A41B020008B54FF0FF324FF0FF330248B1
:1042640011F00AF908BD00BF5000002008B5064946
:1042740021F00701C1F1005202F5E02203480FF0DA
:10428400E5FF002008BD00BF77380020B4110020EE
:1042940038B50446FFF7DEFF2246082108480FF030
:1042A4004AFF054620B1074802F0FEFC284638BD07
:1042B400002CF8D01AF010FD034B0C221A50F2E730
:1042C400B4110020500000200C00000010B504467A
:1042D400FFF7C0FF214603480FF0DDFE024802F05D
:1042E400E3FC10BDB41100205000002068B108B5F3
:1042F400064A074B1B680749A1FB03139B0C00FBF1
:1043040003F042F00103984708BD7047000F020014
:104314007400002083DE1B4338B51A4B1B7801332D
:10432400194AA2FB031202F4FE7101EB92029C1AD9
:10433400E5B212F09FF8154B1B782BB1144A52F8D2
:104344002530C01A07281AD94FF05023D3F8143156
:1043540063B14FF050230022C3F81421D3F8143171
:10436400084B1D7015B9094B01221A70054B1C78B6
:1043740012F080F8064B43F82400012038BD0020D9
:10438400FCE700BF441F0020CDCCCCCC431F002051
:10439400C011002000B583B00DF1070001F090FBBF
:1043A400114B98421CD1114B4FF48062C3F8B825CD
:1043B4004FF40062C3F83C250D499DF8070012F044
:1043C4001DF90C499DF8070012F013F99DF8073008
:1043D4000120984001F06EFB002003B05DF804FB5F
:1043E4006FF00B00F9E700BF0000AD0B00A0025016
:1043F4002CA0025028A1025008B50121104BC3F88B
:104404000015104A0223C2F8D0360F48D0F8003203
:1044140023F0E04343F04053C0F80032D0F80432B4
:1044240023F0E04343F04053C0F80432C2F80417C9
:10443400C2F80419C2F8001B00F032F808BD00BF2E
:1044440000100050004000500025845000F01F026E
:1044540040090CD001280CD10748803250F8223092
:1044640023F0E04343EA017140F822107047034807
:10447400F3E70020F1E700BF0028845000258450B2
:1044840038B50546002405E02946044B185DFFF7BE
:10449400DDFF0134032CF7D938BD00BFB41B020083
:1044A40008B50249024810F0D2FB08BDB81B02004F
:1044B400D411002008B5054B1B7803B108BDFFF7E4
:1044C4007DFC024B01221A70F8E700BF451F002053
:1044D40008B5064BD3E8EF2F511CC3E8E01F0028B2
:1044E400F8D102B108BDFFF77DFCFBE7F411002011
:1044F4000048704794120020014BC01A40117047C5
:104504000C12002038B505460C46FFF7F5FF0146AE
:104514004022034811F0B8F801462846A04738BDA8
:10452400B00A020030B583B005460C46FFF7E4FF3D
:104534000146402300932346054A064811F0BEF87D
:10454400011E01DB03B030BD2846A047FAE700BFD7
:1045540009570100B00A020008B5092817D8DFE896
:1045640000F0051C161616161616171200210D4813
:1045740011F018F8836813F0070F08D100210948D7
:1045840011F070F803E00221064811F06BF808BD41
:104594000321044811F066F8F9E70121014811F0FC
:1045A40061F8F4E7B00A020010B582B0EFF31184A9
:1045B400202383F31288BFF36F8F154A136843F0E7
:1045C4000201116013F0010F09D1002384F3118853
:1045D400BFF36F8FB3B911F09DF802B010BD0DF1A8
:1045E400070201214FF0502010F0ADFF9DF8073075
:1045F400012B01D00023E9E7FFF77AFF11F020F83F
:104604000123E3E70021034811F02CF8E5E700BF9C
:10461400BC120020B00A020010B5EFF3118420236D
:1046240083F31288BFF36F8F074A136823F00201E4
:10463400116013F0010F04D084F31188BFF36F8F5E
:1046440010BD11F07BF8F7E7BC12002070B582B002
:104654000546012807D14FF05023D3F81C3403F04A
:104664000303022B36D012F073FC044610B92B4B13
:104674001B7873B9EFF31186202383F31288BFF3F9
:104684006F8F012494B94FF050230222C3F80823FA
:104694000CE00026F6E7FCB1304610F0B7FD4FF011
:1046A4005023D3F81835DBB2012B19D00DF10702D2
:1046B40000214FF0502010F046FF0028EBD09DF869
:1046C4000730022B01D0012DE5D104B386F3118804
:1046D400BFF36F8F02B070BD012011F043F8DEE725
:1046E4004FF05023D3F80431002BDFD04FF0502388
:1046F4000022C3F80421D3F804210222C3F81825A8
:10470400074A2021C2F8801101229A60CEE74FF0B7
:1047140050230222C3F80423DCE700BF491F002012
:1047240000E100E000B585B0CDF800D0CDF804D0AC
:1047340000230293012303936B46074A10F0DAFF28
:10474400002805DB4FF480420023684602F046FB54
:1047540005B05DF804FB00BF9557010070B506462F
:1047640000220121052010F020FD114801F0B0F9CC
:10477400104B984219D101F0BDF90024032C12D832
:104784002146304610F00EFF05462146304610F013
:1047940016FF094910F05BFA002805DB0123AB6022
:1047A4001C44E4B2EAE7002070BD6FF00400FBE7AC
:1047B4005D4500000000AD0BC41B020010B50446AB
:1047C4000E4B0121D3E8EF2FC3E8E01F0028F9D1F5
:1047D4001AB1631E012B0DD910BD094810F0EFFE6C
:1047E400084900234B608B60CB6001238B6010F081
:1047F4004AFAEEE72046FFF729FFEDE7081200200A
:10480400B00A0200F811002010B504460A2806D0A8
:10481400E1B206488368DB699847204610BD034827
:104824008368DB690D219847F2E700BF100B020093
:1048340010B5044C2046FFF7F3FC2046FDF7DCFCE2
:1048440010BD00BF0D48000008B5054812F071FA0C
:1048540018B1FFF7EDFF002008BD6FF01200FBE771
:10486400100B0200F0B51C46059F069E00F01F0CBD
:10487400400936D0012836D1284D0CF1800355F873
:10488400233091B3012092B34FF0020E40EA0E00A0
:1048940084B34FF00C0E40EA0E0077B34FF4706E01
:1048A40040EA0E0066B34FF4403E40EA0E0023EAAD
:1048B400000041B30B7842B312785200134334B36F
:1048C40022789200134327B33A781202134316B3A3
:1048D40032781204134303430CF1800C45F82C3056
:1048E400F0BD0F4DC9E70025C7E70020CBE74FF027
:1048F400000ECBE74FF0000ECDE74FF0000ECFE7F0
:104904004FF0000ED1E70023D5E70022D6E70022BE
:10491400D8E70022DAE70022DCE700BF0028845051
:104924000025845000F01F03400908D0012808D155
:10493400054A803352F8230000F001007047034A0F
:10494400F7E70022F5E700BF0028845000258450D3
:1049540028B1012801D1034870470020704702485C
:10496400704700BFD00A0200F00A02002DE9F047A8
:1049740086B0884616469946446801F01F05237B95
:1049840045EA4315204610F07CFF002864D0B6F5B4
:10499400001F35D00DF10C0A0027039704974946F0
:1049A400304610F0A3FF8DF80C0000970197029792
:1049B400CDF804A0A36823FA08F313F0010F02D181
:1049C400B6F1A07F23D004F110060DF11702294699
:1049D400304612F088F9234B984237D010346A4697
:1049E4002946204612F073F91E4B984237D1012212
:1049F4002946204612F08FF9002006B0BDE8F08762
:104A0400294604F1100012F08AF90020F5E728463F
:104A1400FFF788FF0028D6D10DF11702294604F1CB
:104A2400100012F060F9104B984203D00DF11703F7
:104A34000493D3E70DF117024146204610F092FF8C
:104A4400084B9842F2D06FF00B00D6E79DF8171090
:104A5400304612F058F9C1E76FF08500CDE76FF0EA
:104A64001500CAE70000AD0B0400AD0BF0B589B02A
:104A74000F461446456801F01F062B7B46EA431691
:104A8400104610F003FF8DF81E0040F20633234059
:104A9400B3F5837F53D016D8062B4CD006D9B3F583
:104AA400807F0DD101238DF81D3024E003B3022B48
:104AB40003D104238DF81D301DE06FF0150038E09C
:104AC4006FF0150035E040F2022293423BD0B3F57B
:104AD400407F03D103238DF81D300CE0B3F5007F34
:104AE40003D102238DF81D3005E06FF0150020E09E
:104AF40000238DF81D3014F4002F28D06A68012398
:104B0400BB409360284610F0BCFE40B310350DF155
:104B14001F023146284612F0E6F8074614F4403FD7
:104B240036D13146284612F0EAF83C4B9F426DD00C
:104B3400002009B0F0BD06238DF81D30DBE7072304
:104B44008DF81D30D7E705238DF81D30D3E714F415
:104B5400802FD7D06A680123BB40D360D2E7C4F367
:104B640040438DF8083014F4803F0CBF0123002328
:104B74008DF81030002401940DF11D0300930DF104
:104B84001E0304AA02A93046FFF76CFE2046D0E7B4
:104B940002AA0023029303930493059306930592B8
:104BA40004AA3146284612F092F81C4B98421DD1B3
:104BB40014F4003F1DD09DF81D308DF8103014F40E
:104BC400803F0CBF012300238DF811309DF81E3067
:104BD4008DF81230002304AA3146284612F07BF8DF
:104BE4000E4B9842A1D06FF01500A2E76FF01500AC
:104BF4009FE700230493059306930DF11E0304938A
:104C040004AA3146284612F062F8E9E79DF81F101D
:104C1400284612F078F800208BE700BF0000AD0BA7
:104C240038B504464568284610F02BFE20B91049D3
:104C3400204610F0D5FD38BD1035284612F05BF83B
:104C44000028F4D10021284612F051F8094B98426B
:104C54000AD100220849284612F041F80022052111
:104C64000D2010F0A2FAE2E76FF00400E3E700BFC2
:104C74004F5901000000AD0B2959010070B400F038
:104C84001F0C400919D0012819D10E4D0CF18000D8
:104C940055F820600C4C344041EA420141EA830358
:104CA4009DF80C2043EA02239DF8102043EA0243B6
:104CB400234345F8203070BC7047044DE6E70025D7
:104CC400E4E700BF00288450F0F0FCFF0025845086
:104CD40000F01F01400906D0012806D1044A01232F
:104CE4008B4093607047034AF9E70022F7E700BF5F
:104CF400002884500025845000F01F01400906D08C
:104D0400012806D1044A01238B40D3607047034A2B
:104D1400F9E70022F7E700BF0028845000258450FB
:104D24002DE9F04F85B007468B469046002423E0DA
:104D34004FF0FF3535E0C8F80C550126039631468F
:104D4400B5F1FF3F16D0B1F1FF3F40F0138157F8A2
:104D54000A3013F4004F02D00126002203920022ED
:104D64000192CDF80090C3F34123324603992846BB
:104D7400FFF784FF0134E4B25C4580F0FF804FEA22
:104D8400840A57F82430C3F3C322C3F30805082A5E
:104D940000F2F6807E4911F8029040F2FF1295422B
:104DA400C6D01B0E222B00F2EE8001A252F823F093
:104DB4003B4D0000414E00004F4E00005B4E000092
:104DC400694E0000774E0000834E00008B4F0000B8
:104DD4008B4F00008B4F00008B4F0000914E000062
:104DE400A54E00008B4F00008B4F00008B4F00003E
:104DF4008B4F00008B4F00008B4F00008B4F000047
:104E04008B4F00008B4F0000B94E0000CB4E0000CA
:104E1400DD4E0000EF4E00008B4F00008B4F000072
:104E24008B4F0000014F0000114F00001D4F000088
:104E34002D4F00003D4F00004D4F0000C8F81455A1
:104E4400002603964FF0FF317AE7C8F8085501268B
:104E54000396314674E7C8F81055002603964FF0C0
:104E6400FF316DE7C8F80855002601230393314646
:104E740066E7C8F80C5501260396002160E7C8F8D8
:104E84001055002603964FF0FF3159E7C8F808552E
:104E9400B9F1000F5ED0002603964FF0FF314FE7C3
:104EA400C8F80C55B9F1000F5CD0002603964FF0FA
:104EB400FF3145E7C8F8605557F80A10C1F30041BF
:104EC400012603963CE7C8F8645557F80A10C1F365
:104ED40000410126039633E7C8F8685557F80A10CD
:104EE400C1F30041012603962AE7C8F86C5557F828
:104EF4000A10C1F300410126039621E7C8F824559E
:104F04000126002303934FF0FF3119E7C8F8285511
:104F140001260396314613E7C8F8305501260023CD
:104F240003934FF0FF310BE7C8F8345501260023F3
:104F340003934FF0FF3103E7C8F8385501260023E7
:104F440003934FF0FF31FBE6C8F83C550126039666
:104F54003146F5E64E46CDF80C904FF0FF314FF058
:104F64000609EDE64E46CDF80C904FF0FF314FF0B8
:104F74000609E5E6284610F014FDE8E6002004E002
:104F84006FF0150001E06FF0850005B0BDE8F08F0B
:104F94008C1C02002DE9F84305460F46466811F0C3
:104FA400D7FF20B9234B1B780BB3002300E0012368
:104FB400D5F810906A68D2F80080F3B9284610F04A
:104FC40029FE0446736813F0040F03D04FF48003E2
:104FD400C8F80433F36A1F700122F16A284610F0FE
:104FE40065FE84F31188BFF36F8FBDE8F883012356
:104FF400DEE784F31188BFF36F8FEFF3118420236E
:1050040083F31288BFF36F8F284610F003FD002846
:10501400EFD0D9F80030002BD4D0D3F8A420002A44
:10502400D0D0D3F8B420002ACCDAD8F84C25C3F871
:10503400B420C7E7491F00202DE9F04F85B09846FA
:10504400D0F810B0DBF80040D0F804A0DAF8005033
:105054009AF80830002B40F0B58081460F4616467A
:1050640094F86130002B40F0B08094F86230002B4B
:1050740040F0AE806365B8F1FF3F44D0B8F1040F4F
:1050840016DDA3F1993383FB08234FEAE870C0EBE4
:105094006300C117C90341EA5041C0034E4BC01815
:1050A4004E4A4FF0000341F10001FBF74FF901E0D4
:1050B40000200146A065E165276466640023A364BB
:1050C400E3642365DAF8043013F0040F20D1DAF82E
:1050D400043013F0040F02D094F8602052BBC5F8DA
:1050E4003475C5F838650020C5F81001D5F81031BD
:1050F400C5F84C01D5F84C31012384F861302B609C
:1051040005B0BDE8F08F00220023C4E91623D3E7DD
:10511400EFF311830393202383F31288BFF36F8F7C
:105124000221484610F0B6FD039B83F31188BFF3B8
:105134006F8FCCE7B24228BF32469146DAF8281086
:10514400384619F0B9FA4F44B6EB090614D0B8F151
:10515400FF3FC4D00023C5F80831D5F8083104F165
:105164000800D4E916234FF000084FF00009CDE9F8
:10517400008902F0D3FDB2E794F86020A2EB0902A3
:10518400D2B284F86020DAF8280000EB090119F0A3
:10519400A0FA0BF10803D3E8EF1F41F00401C3E8C0
:1051A400E21F002AF7D145F30735002D08DB05F08F
:1051B4001F026D09012393404035094A42F8253006
:1051C40000209DE76FF085009AE76FF00F0097E7E6
:1051D4006FF00F0094E700BF3F420F0040420F0002
:1051E40000E100E0F0B583B004461D460669EFF324
:1051F4001187202383F31288BFF36F8F3368D3F8AA
:10520400A40000BBC3F8A4203368C3F8A01001F0C5
:105214006043B3F1005F1DD13368C3F8A81033684D
:10522400C3F8AC203146204610F05BFD87F31188AB
:10523400BFF36F8F204610F01CFC80B3B5F1FF3F25
:1052440010D100202CE087F31188BFF36F8F6FF02B
:105254000F0025E033680022C3F8B020204610F088
:10526400B1FEDFE73468683425EAE575E917C90358
:1052740041EA5541ED030B4828180B4A4FF000034F
:1052840041F10001FBF762F802460B4600200021C1
:10529400CDE90001204602F041FD002000E000209D
:1052A40003B0F0BD3F420F0040420F0070B504460A
:1052B400056943681E68286800220A49083012F00C
:1052C40038F82B68DC63286800220749683012F03C
:1052D40030F82B68C3F89C40044BC6F80433002014
:1052E40070BD00BF2D610100295F010014020A0096
:1052F40038B505460C4601F10C0000F0E1FB0C4BFF
:1053040098420DD105F10C0205F59071207B11F046
:105314007AF9237B0120984000F0CCFB002038BDB3
:10532400044A012104480FF001FE6FF00400F6E77F
:105334000000AD0B981C0200900E020038B5044624
:1053440045680121E86810F08AFC63681A682B69D3
:10535400C2F824356B7DA97D0B43298B0B43297D32
:105364000B43C2F86C3523691B6823B12046FFF751
:105374009DFF002803DB204610F012FF00B138BD6A
:105384000249204610F015FBF9E700BF4D5D01000E
:1053940021F07F4100F5A870014B43F820107047BD
:1053A400005001504FF480338340024AC2F8443322
:1053B400704700BF005001504FF480338340024ACD
:1053C400C2F84833704700BF00500150014BD3F876
:1053D40004057047005001502DE9F84305468946FD
:1053E4009046FFF7E9FF284611F00CF84E460327D4
:1053F40010E0FFF7EBFF0446494610F0F2FFB0F56A
:10540400000F26D9284610F0FDFFB8F1000F22D175
:105414003E19013731462846FFF7BAFF2846FFF701
:10542400C1FFFFF7D3FF0446C11C304610F0D9FF7B
:105434000A4B98420AD9284610F0D7FF0028D8D141
:10544400B8F1000FE4D06FF0150000E00020BDE8D3
:10545400F8830020FBE76FF01500F8E7FDFF7F00FD
:10546400034B044AC3F80823C3F84823704700BF1A
:105474000050015003000F0010B5012383406FEA70
:10548400030C0C4AD2E8EF1F01EA0C0EC2E8E4EF69
:10549400002CF7D14FF4803282400748C0F808232B
:1054A400BFF35F8FBFF36F8F0B4214BF0120002047
:1054B40010BD00BFEC120020005001504FF48033A7
:1054C4008340124AD2F80423134201D100207047CA
:1054D40010B5044601238340DB430D49D1E8EF2F87
:1054E40002EA0300C1E8EC0FBCF1000FF6D122FA86
:1054F40004F313F0010F03D1204610F076FF18B126
:10550400204610F07FFF012010BD00BF0050015065
:10551400E812002001B97047012383400D4AD2E804
:10552400EFCF4CEA030CC2E8E1CF0029F7D14FF4E6
:1055340080338340084AC2F80433084BD3E8AF3FB2
:10554400C34013F0010FE6D0054B4FF40012C3F82B
:105554000021E0E7EC12002000500150E812002086
:1055640000E100E038B514461046194610F056FF25
:1055740002460D490B68E01A1B184C6844F10004FC
:105584000B604C60A2F50013B3F5400F09D2074B32
:105594001B68190A1B06D41841F10005044BC3E922
:1055A400004502F0BDFA38BD80090020F012002049
:1055B4008809002038B50D4B1C68250A2406BFF362
:1055C4005F8FFFF703FF0346001945F10001B3F5B0
:1055D400801F0AD2064BD3E90023904271EB0303E8
:1055E40003D210F1807041F1000138BDF0120020A7
:1055F400880900202DE9F041064614461D469DF811
:1056040020801046194610F009FF0746FFF7D2FF25
:10561400A04271EB050319D2201A65EB01011B4B63
:10562400984271F100012BD2194B03EB0613D3E915
:105634000223AB4208BFA24201D1002014E042463B
:1056440039463046FFF7C8FE70B117E0B8F1000FD5
:1056540019D10123B3400F4AD2E8EF0F1843C2E82F
:10566400E10F0029F8D10020094B320103EB0616A3
:10567400C6E9024506999950079B7360BDE8F0811D
:105684006FF01500FAE76FF01500F7E701008000EE
:1056940070090020E812002030B585B0FFF7E0FE65
:1056A40000231E4AC2F80835002B25DD1B4C0225B9
:1056B400C4F804531A4B4FF40012C3F8802100229B
:1056C400012115200FF071FD15200FF069FD012354
:1056D400A3602360134A1360002402940194124BC4
:1056E4000093124A0023204610F0A8FE2846FFF734
:1056F40065F8204605B030BD0D4A02EB03124FF0A9
:10570400FF304FF0FF31C2E902014FF480329A407A
:105714000249C1F804230133C6E700BF0050015019
:1057240000E100E0EC12002069550000FFFF7F005B
:10573400700900202DE9F04782B00446FFF7BEFE51
:1057440010B902B0BDE8F087FFF734FF82460D467A
:1057540010F067FE0646154B03EB0413D3E90289E8
:10576400C24575EB09050BD20025304610F061FEE9
:10577400002DE6D0009742464B462046A847E0E776
:105784000A4A230102EB0411D5584F680020D05077
:105794004FF0FF324FF0FF33C1E902232046FFF7F9
:1057A4000BFE204610F02EFEDFE700BF700900203C
:1057B40010B50D4BD3F8043313F0020F03D10024BA
:1057C400002C0BDD10BD0221074810F0D4FD002889
:1057D400F5D0064A136801331360F0E72046FFF75B
:1057E400A9FF0134ECE700BF00500150F012002083
:1057F40010B584B0B0F1FF3F18D001281BDD154B64
:105804009842A8BF18460446134B01221A70FFF7AA
:10581400D1FE124B1A685B68801AB0F5000F0CD2E7
:105824000444B4F5000F09D30A4C07E00A4B0022E4
:105834001A70084CEBE70124E6E7064C0020121925
:10584400029001900649009143F1000310F0F6FD27
:1058540004B010BDFFFF7F00481F00208009002016
:105864006955000008B5FFF7A5FE024B1B68C01A76
:1058740008BD00BF800900204FF05023D3F85825FD
:1058840002F00302024BD340024A1360704700BF88
:105894000020A1077400002008B510F06FFE68B165
:1058A4005D4BD3F8203A4BB95B4B0D22C3F8202A49
:1058B4000122C3F81C290022C3F81C2900220BE092
:1058C40002F160034FF47F0151F83310DB0003F55C
:1058D4007F035B680B6001321F2A08D802F1600362
:1058E4004FF47F0151F83330B3F1FF3FE8D110F0AA
:1058F4001DFE30B1484B2922C3F80C270322C3F8FC
:105904003C2710F0C7FD40B1444B454AC3F830254D
:105914004FF050230122C3F8582510F0CFFD18B1E1
:10592400404B0022C3F84C2510F0E0FD68B14FF065
:105934005023D3F8003413F0010F06D04FF0502356
:105944000022C3F81421C3F8182110F0E3FD60B15C
:105954004FF05023D3F8003413F0010F05D04FF06B
:1059640050236FF00102C3F8002410F0F3FD18B1C6
:10597400294B6522C3F80C2710F014FE20B1294BE3
:10598400D3F82034002B30DB10F018FEE8B1224BA2
:105994007E22C3F80C27C3F83C29234A7F23C2F88C
:1059A40018311E490023C1F8043EC1F8083E01F530
:1059B4004821C1F81031C2F82431C2F82C3102F563
:1059C400FF1202F58052C2F8A032184AD2F88C3085
:1059D40043F44063C2F88C30154A1168154BC3F880
:1059E4004415D269C3F84C2508BD4FF05023032257
:1059F400C3F8182501229A604FF05023D3F80431DC
:105A0400002BF9D04FF050230022C3F804210122C7
:105A1400DA60C3F81825B7E700400050009003503F
:105A24004400EFBE002003500020005000ED00E0D1
:105A34000080FF000060005010B50468ACB1B4FAF7
:105A440084F3C3F11F03DBB201229A4024EA020269
:105A5400D0E8EFCFA44504D1C0E8EE2FBEF1000F8B
:105A6400F6D1EAD10B70024810BD0248FCE700BF32
:105A74000000AD0B0200AD0B0368CB4013F0010F27
:105A840011D100B5026801238B401343D0E8EFCF56
:105A9400944504D1C0E8EE3FBEF1000FF6D1F1D138
:105AA40002485DF804FB0248704700BF0000AD0BDC
:105AB4000400AD0B014BC3F804057047007001509E
:105AC40008B50146014810F044FE08BD78000020E6
:105AD400054B1B792BB9044B186001221A7103483A
:105AE40070470348704700BFF41200200000AD0B5C
:105AF4000C00AD0B08B5084B1B680BB110F0BEFDD4
:105B040010F0BAFD4FF05023C3F818050122C3F872
:105B14001425C3F8802508BDF412002000B583B015
:105B2400032818D8DFE800F01A026D6700224FF44A
:105B34008073012003F1502300211960196802F1D8
:105B4400502201211160354A1268002A5FD04FF0BB
:105B54005023C3F8040303B05DF804FB4FF0502353
:105B6400D3F81824D3F8183403F003038DF807305E
:105B740012F4803F15D14FF05023D3F8143413F0AE
:105B8400010F13D110F078FD8DF807009DF8072060
:105B94004FF05023C3F8182508224FF482730220D3
:105BA400C8E70DF1070010F0BBFDEFE74FF05023FD
:105BB400D3F81C3403F003038DF807300DF107000C
:105BC40010F0AEFD0028E1D0144B1B682BB14FF050
:105BD40050230222C3F80423BDE74FF05023D3F827
:105BE4000431002BF9D04FF050230022C3F80421D4
:105BF400D3F80431AFE718224FF490734FF4807058
:105C040098E720224FF492734FF4007092E71A68D9
:105C1400002AFCD000221A601B689CE7F4120020C2
:105C240010B54FF05023D3F8044302E0194B1B681E
:105C3400984774B3B4FA84F0C0F11F000122824083
:105C440083009BB203F580739BB2C0B292B224EA84
:105C5400020403F1502319680029EAD000211960D5
:105C64001B684FF05023C3F80823022ADED1D3F86F
:105C74001814D3F8183403F00303012BD6D14FF0D2
:105C840050230221C3F81815C3F8042301229A6093
:105C9400CFE710BDF412002008B50079024B03EBE6
:105CA4000010FFF7C9FE08BD8000002070B400F0AA
:105CB4001F0C400919D0012819D10E4D0CF1800098
:105CC40055F820600C4C344041EA420141EA830318
:105CD4009DF80C2043EA02239DF8102043EA024376
:105CE400234345F8203070BC7047044DE6E7002597
:105CF400E4E700BF00288450F0F0FCFF0025845046
:105D0400F0B51C46059F069E00F01F0C400936D0D6
:105D1400012836D1284D0CF1800355F8233091B376
:105D2400012092B34FF0020E40EA0E0084B34FF00C
:105D34000C0E40EA0E0077B34FF4706E40EA0E008A
:105D440066B34FF4403E40EA0E0023EA000041B33C
:105D54000B7842B312785200134334B32278920082
:105D6400134327B33A781202134316B3327812045A
:105D7400134303430CF1800C45F82C30F0BD0F4D58
:105D8400C9E70025C7E70020CBE74FF0000ECBE7BB
:105D94004FF0000ECDE74FF0000ECFE74FF0000EAE
:105DA400D1E70023D5E70022D6E70022D8E7002276
:105DB400DAE70022DCE700BF002884500025845085
:105DC40000F01F02400907D0012807D1044B1869CD
:105DD400D04000F001007047024BF8E70023F6E7DB
:105DE400002884500025845000F01F03400908D087
:105DF400012808D1054A803352F82300C0F301403A
:105E04007047034AF7E70022F5E700BF00288450F3
:105E14000025845000B583B084468E460C4B93E82D
:105E2400030002AB03E90300634609E002A901EBA6
:105E3400830151F8081C086A42F8040B0862013314
:105E44000CEB0E009842F1D803B05DF804FB00BFE0
:105E5400F00E020000F01F01400906D0012806D10F
:105E6400044A01238B4013627047034AF9E7002276
:105E7400F7E700BF00288450002584504309034AF3
:105E8400D35C00F01F001844C0B270472C1D020000
:105E940000487047FC12002000487047441D02006F
:105EA4002DE9F04184B005460C4616461F460846C7
:105EB400FFF7E4FF804656B32146284610F02EFD36
:105EC40028B12146284610F0E9FC002843D1214698
:105ED400284610F0F2FC10B17378012B3BD001235B
:105EE4008DF80F30002301930096B31C721C0DF142
:105EF4000F012046FFF704FF2879FFF7C9FF08F1D7
:105F0400080230F8123043F0030320F81230002F57
:105F14003BD02146284610F001FD002837D13E78B9
:105F24002B6806F5A272002143F8221043F82210D0
:105F34002879FFF7ADFF08F1080230F8123023F09A
:105F44002003DB04DB0C20F812307B782BB91148DA
:105F540004B0BDE8F0811048FAE7BA78009222460E
:105F64003146286810F012FC2879FFF791FF0246A9
:105F740008F1080032F810307603B6B2334343F028
:105F8400200322F810300348E2E70248E0E7024821
:105F9400DEE700BF0000AD0B0400AD0B70B5064694
:105FA4000D46144610F07AFC68B13079FFF770FFA3
:105FB40006462846FFF762FF083036F810305B0BC0
:105FC4002370024870BD0248FCE700BF0000AD0B1F
:105FD4000400AD0B30B583B005460191002400E008
:105FE4000134012C18D80E4B1B5D03F0070202A9E3
:105FF40001EBD30313F8043CD34013F0010FEFD0AB
:1060040005EB840201212046FFF704FF55F82430F4
:10601400002BE5D0012000E0002003B030BD00BF1C
:106024003C1D020008B50079024B03EB8000FFF72A
:1060340003FD08BD900000202DE9F04182B0054623
:10604400884616461F4610F0A9FDAEB33A463146BF
:10605400284610F0BFFC041E20DB2879FFF718FF48
:1060640040F834602879FFF713FF00EBC400476061
:106074002879FFF70DFF05464046FFF7FFFE08307D
:1060840035F81030E4B26402A4B2234343F48073BD
:1060940025F81030094802B0BDE8F0812879FFF7EF
:1060A400F7FE0DF107017830FFF7C6FC034B984269
:1060B400F1D19DF80740D0E70048ECE70000AD0BB4
:1060C4002DE9F04784B006460C4690460846FFF793
:1060D400D5FE07463079FFF7DBFE0546D8F8009079
:1060E400B9F1000F21D02146304610F006FC0028FB
:1060F40043D100238DF80E308DF80F3001930093B7
:106104004B460DF10F020DF10E012046FFF7F8FD8D
:1061140007F1080235F8123023F002039BB225F888
:10612400123043F0010325F81230D8F80430BBB123
:1061340093F80090D3F804A02146304610F0CEFB2B
:10614400E8B1BAF1000F61D1083735F8173023F000
:106154001C039BB225F8173043EA890325F817304E
:10616400D8F80820002A55D05368126821463046D2
:10617400FFF762FF04B0BDE8F0872748FAE707F1AC
:10618400080235F8123023F02003DB04DB0C25F879
:106194001230BAF1000FD7D0B9F1030F38D8D8F8BC
:1061A40004305B6893F800A0B9F1000F08D133689C
:1061B4000AF5A27A002243F82A2043F82A20C3E7EA
:1061C400484610F0B3FB034631680AF5A27C51F847
:1061D4002C2022F0030241F82C202246514630683C
:1061E40010F0BBFA0AF13C0305EB43039C8007F172
:1061F400080235F812304FEA4A3A1FFA8AFA43EA9B
:106204000A0343F0200325F812309DE70248B1E762
:106214000148AFE70148ADE70400AD0B0000AD0B4A
:1062240038B505460C4610F02AFB08B9074838BDB6
:106234002146284610F0ABFB2146284610F0D9FC35
:10624400204610F000FB0248F1E700BF0400AD0B4C
:106254000000AD0B08B50079024B03EB8000FFF79B
:106264000BFC08BD90000020F0B583B005460E4637
:106274000079FFF70DFE90F88C3013B10D4803B090
:10628400F0BD044660220021103018F03CFA2F685B
:106294002879FFF701FE03680093002332464FF08C
:1062A4000041384610F0C7FC012384F88C30A36702
:1062B4000148E4E70C00AD0B0000AD0B2DE9F047FD
:1062C40082B081460F4690460023009301935168A3
:1062D4006846FFF77FFE4CE094FAA4F4B4FA84F421
:1062E40004F01F05254B9B5D45EA43152846FFF73F
:1062F400C5FD083037F810A0CAF3820A0DEB8603F7
:10630400E00804F007041A5C0121A14022EA01021A
:106314001A542846FFF768FD034652462946384674
:1063240010F006FC2846FFF795FD02AB03EB86034D
:1063340053F8084C002CCFD10136012E0DD8104B48
:106344009B5D08F10402D90803F00703525C22FAAA
:1063540003F313F0010FEFD0E7E700224FF0004101
:10636400484610F04FFAD8F804106846FFF732FE9A
:1063740008B10026E1E702B0BDE8F087401D020045
:106384003C1D0200F8B504460E461148081A114B8C
:10639400A3FB00304009FFF77FFD0746D4F8041340
:1063A400C9B2026841F00041204610F02BFA051EE4
:1063B40005DB2A463146204610F067FCF8BD3A4614
:1063C40031462046FFF77AFF25F00045F1E700BF8C
:1063D400FC120020398EE33808B502490248FFF761
:1063E400D1FF08BDFC12002000D00050034B00E098
:1063F4002033034A9342FBD3704700BFB00A020024
:10640400300B020004280CD8DFE800F0030D050768
:106414000900064870470648704706487047064812
:106424007047064870470648704700BF4C1D02007D
:10643400701D0200801D02008C1D02009C1D0200C4
:106444005C1D020030B108B510F088FD20B103785E
:1064540023B108BD024870470148FAE70048F8E74D
:10646400AC1D020010B50446FCF7C4F9034A01212F
:1064740003480EF05BFD204610F06BFCB41D0200D7
:10648400800E02002DE9F04782B000AF05460C46AD
:10649400EFF31188202383F31288BFF36F8FDFF8A3
:1064A400C491D9F80860FFF7ADFF99F81010E946D8
:1064B40001233B7103237B718AB0EC461CF110026B
:1064C40021D04FF0160E5AB17346BEF1040F03DD0E
:1064D400DFF894A1CCF814A0082B01DDCCF81850F7
:1064E40001233B7003237B70D2B17346BEF10C0FC2
:1064F40001DDCCF81C00102B01DDCCF820100CF1D0
:10650400240300210AE06FF0004EDCE701F10800EB
:10651400384410F8080C03F8010B01310129F5D9AE
:10652400BEF1150F50DD16234AB105213971002142
:106534007971B9710121F9717868CCF810000021E2
:106544006FF300016FF341016FF382016FF3C50133
:10655400012060F38811C3F30A0363F353216FF33B
:106564001F5100234148FCF725FACD461CB1E369CD
:10657400C3F308035BBB3046FFF764FFE94601231E
:106584003B7103237B718AB0EC461CF1100224D0CA
:106594004FF0120E52B17346BEF1040F02DD3449BE
:1065A400CCF81410082B01DDCCF8186001233B70E3
:1065B40003237B70F2B1BEF10C0F01DDCCF81C009B
:1065C4000CF12003002113E06FF01B03ACE7294A10
:1065D400012126480EF0AAFCCDE76FF0004ED9E762
:1065E40001F10800384410F8080C03F8010B0131DC
:1065F4000129F5D9BEF1110F31DD12234AB104216D
:10660400397100217971B9710121F9717868CCF877
:10661400100000216FF300016FF341016FF3820159
:106624006FF3C501012060F38811C3F30A0363F318
:1066340053216FF31F5100230C48FCF7BBF9CD46DF
:1066440021462846FFF70EFF88F31188BFF36F8FAA
:106654003046FDF78DFA0837BD46BDE8F0876FF088
:106664001B03CBE78C130020C41D0200800E020024
:10667400101E0200EC1D020038B505460B4B53F802
:10668400204002E02368984708346B1C074A52F8FC
:106694002330A34209D960680028F3D0037F13F0A4
:1066A400010FF1D110F05DFBEEE738BD381E02009A
:1066B40010B5054C01E098470434044B9C4202D0C9
:1066C4002368002BF7D110BD1C0E0200380E020007
:1066D40010B586B0B023104C03FB004400EB800CD3
:1066E4000E4B03EB8C030E4A0592012204920F22F7
:1066F400039200220292019200930A4B4FF4A0727B
:10670400094901EB8C11204600F0B0FB637B23F0B8
:106714000403637306B010BD900900208C1300209D
:10672400281E0200B96E01007032002008B553EA39
:10673400020102D100F086FF08BD0249183001F0C1
:106744004DF9F9E75F71010010B586B0184C14E0FB
:10675400636A0593236A0493E3690393A369029329
:106764006369019323690093E368A2686168206800
:1067740000F07CFB23685C6530340E4B9C42E7D30D
:1067840000F07AFE0A4C00E030340A4B9C420BD2F3
:10679400A26AE36AB3F1FF3F08BFB2F1FF3FF3D04F
:1067A4002068FFF7C3FFEFE700F07EFE06B010BDE0
:1067B400580D0200B80D020008B50C4B01221A70E6
:1067C4000320FFF759FF0EF063FEFCF715FCFFF7FB
:1067D4006FFF0420FFF750FFFFF7B6FF0DF0C8F975
:1067E400034A137B23F00103137308BD491F0020E0
:1067F400400A002008B50146014A0248FDF78CFA18
:10680400BD670000400A002008B50348034A121A75
:10681400002110F0BDFA08BD60020020701F0020A6
:1068240010B50446FFF754FFB0230A4903FB0411D3
:10683400094A04EB840302EB8303D9601C74074BFD
:1068440003EBC42303F5006304EB840402EB84022A
:10685400536010BD900900208C130020702A002082
:1068640070B586B000F058FE104D114B5D61114BB0
:106874000593012304930024039402940194009447
:106884000D4B4FF480620D49284600F0EFFA06469E
:106894006B7B23F004036B73284610F0F6FB204651
:1068A400FFF7BEFF304606B070BD00BF400A0020AF
:1068B4008C130020301E0200BD670000B03300209E
:1068C40008B50020FFF7D8FE1B4B03F5006282F3E6
:1068D400088883F30A88194CE02384F822300023C3
:1068E400E37723766376A37684F82030626A42F4F1
:1068F400E022626284F82330FDF7AEF8FDF72EFA49
:106904004FF0FF33A362E362FDF728FCFDF78EFA34
:10691400FBF7CCFE0A4800F00BFBFFF767FDFDF721
:106924006BFD0120FFF7A8FE0220FFF7A5FEFFF78D
:1069340097FFFFF75FFF00BF702A002000ED00E023
:10694400F00A002010B5064C002000E02034054B6E
:106954009C4204D2204610F023FA0028F6DA10BD37
:10696400B0010020B001002030B583B00D46EFF334
:106974001181202484F31288BFF36F8F046964B1FA
:106984002C6023680361C3690133C361002081F370
:106994001188BFF36F8F03B030BD00F1080C53EAC8
:1069A400020404D100232B606FF00B00EFE7009288
:1069B40001930246604600F071FC0028EBD1024BC3
:1069C4009B681B692B60E6E78C1300202DE9F043DC
:1069D40083B004460D4600F10809EFF31188202125
:1069E40081F31288BFF36F8F406A2169884244D2D1
:1069F4002768BC421BD03E1E18BF0126CFB94EBB30
:106A0400E2682946206A17F057FE236AE2681344B5
:106A14002362A26993422DD0636A0133636288F3CF
:106A24001188BFF36F8F304603B0BDE8F0830027B1
:106A3400E1E77A683B6813605A6000233B607B603F
:106A44007A7B22F002027A73BB6007F1180010F01F
:106A54002EFCD4E7E2682946386917F02DFE00269B
:106A6400C7F8AC60384610F010FB4146484600F0C9
:106A7400D7FCD8E763692362CEE753EA020102D167
:106A84006FF02206CBE7064989680D6100920193F5
:106A940022464146484600F001FC0646C3E700BFD3
:106AA4008C1300202DE9F04182B00446084604F11D
:106AB4000807EFF31186202585F31288BFF36F8F43
:106AC400656A65B953EA020160D16FF0220586F365
:106AD4001188BFF36F8F284602B0BDE8F081E268E9
:106AE400E16917F0E9FDE369E2681344E361A2692F
:106AF40093422AD0636A013B6362D4F80080444520
:106B040026D0B8F1000518BF0125B8F1000F22D135
:106B1400002DDCD0E268D8F81010206A17F0CCFD04
:106B2400236AE26813442362A26993422BD0636A06
:106B3400013363620025C8F8AC50404610F0A5FA52
:106B44003146384600F06CFCC5E76369E361D1E780
:106B54004FF00008D5E7D8F80420D8F800301360C7
:106B64005A600023C8F80030C8F8043098F80D20A3
:106B740022F0020288F80D20C8F8083008F1180045
:106B840010F095FBC4E763692362D0E7054989687F
:106B940008610092019322463146384600F07EFB9C
:106BA400054698E78C1300202DE9F04182B0044695
:106BB400EFF31187202181F31288BFF36F8FC1682F
:106BC40099B9002950D1364B9B6893F90E30236153
:106BD4000131E160324B9B68A36087F31188BFF3F6
:106BE4006F8F002002B0BDE8F08116461D46826812
:106BF4002B4B9B689A42E4D055EA060136D092F9B1
:106C04000E80414693F90E0010F061F9804534DCA2
:106C14004FF000080096019522463946214800F0BD
:106C24003DFB0028DED0EFF31185202383F3128887
:106C3400BFF36F8FA36843B323689C4223D013B37D
:106C4400216993F90E0010F042F90146204610F034
:106C540049F9E8B9B8F1000F1AD185F31188BFF3E7
:106C64006F8F6FF00A00BDE72369B0E787F31188DF
:106C7400BFF36F8F6FF00F00B4E70146204610F0AA
:106C840031F98046C6E72169E0E7B8F1000FE4D0A6
:106C94002946044800F0C4FB6FF00A00A2E700BFD5
:106CA4008C130020B0130020F8B58368002B47D064
:106CB4000446264A9268934245D1C368012B04D9FD
:106CC400013BC36000252846F8BDEFF3118620235D
:106CD40083F31288BFF36F8F016910F003F92768FB
:106CE400A7420CD03D1E18BF012557B9A760CDB9E6
:106CF4000023E36086F31188BFF36F8FE3E7002777
:106D0400F0E77A683B6813605A6000233B607B605D
:106D14007A7B22F002027A73BB6007F1180010F04C
:106D2400C6FAE3E797F90E3023610025C7F8AC50A3
:106D3400384610F0AAF93146054800F071FBC2E765
:106D44006FF01505BFE74FF0FF35BCE78C1300204B
:106D5400B0130020F8B50446EFF31187202383F322
:106D64001288BFF36F8F0568A84212D02E1E18BF79
:106D7400012685B906BBA368E268934224D00122A8
:106D84001344A36000230BBB87F31188BFF36F8FF9
:106D9400F8BD0025EAE76A682B6813605A6000238F
:106DA4002B606B606A7B22F002026A73AB6005F1B0
:106DB400180010F07CFADDE70023C5F8AC30284653
:106DC40010F063F90123DEE70022D9E739460248CF
:106DD40000F026FBDCE700BFB413002010B582B03E
:106DE400EFF31181202484F31288BFF36F8F84683A
:106DF40044B1013C846081F31188BFF36F8F00209C
:106E040002B010BD53EA020406D000920193024678
:106E1400054800F043FAF3E781F31188BFF36F8F5D
:106E24006FF00F00ECE700BFB413002008B553EA7D
:106E3400020102D100F006FC08BD0249183000F03E
:106E4400CDFDF9E75F71010010B5044640B11F2282
:106E540004F1740017F075FC002084F8930010BD51
:106E6400014B9C68F3E700BF8C1300202DE9F04F21
:106E740085B004460F4615461E46DDF838A0DDF8F9
:106E84003C90DDF84080DDF84CB000F15803836598
:106E9400C365129B0422119910F062F82A46394600
:106EA400204610F040F80546CDF80880CDF804904F
:106EB400CDF800A03346024639462046FCF70AFFC7
:106EC400002363652666C4F864A0C4F86890C4F817
:106ED4006C80EFF31182202383F31288BFF36F8F4A
:106EE400124B196A21671C6282F31188BFF36F8FFA
:106EF400BBF1000F13D01F22594604F1740017F0A0
:106F040020FC002384F89330084B9B685BB1D3F8D2
:106F1400A030C4F8A030284605B0BDE8F08F0023A7
:106F240084F87430F0E7C4F8A030F4E78C13002040
:106F34000123437303730023C0F89430C0F89830DE
:106F4400C0F8A030014B9860704700BF8C1300203C
:106F54000A4A9368C3F8A8006FF00A01C3F8AC109A
:106F640007494B6843F080534B60002383F3118837
:106F7400BFF36F8F9368D3F8AC0070478C13002075
:106F840000ED00E0437B90F90D20002A51DB13F063
:106F94001F0F4ED110B563F07F034373254A52F897
:106FA400183F93420ED100230CE05A6842600360FC
:106FB400106058601EE01A461E49C9698A420FD003
:106FC4001B687BB173B190F90E1093F90E209142B6
:106FD400F1D0521A002AE8DC1A46002BECD1F0E773
:106FE4000023EEE7134BDA6903F1180101604260F4
:106FF4001060D8610F4B53F8184F9C420ED06CB1FF
:107004000C4B9B685A7B12F01F0F0AD1DA897F2A36
:1070140007D9A2692AB9074A536109E0054BDC681C
:10702400EEE7A34202D0204600F01EFC014B5C6157
:1070340010BD70478C13002010B5437B90F90D20D0
:10704400002A14DB154B9A6853F8184F9C4219D048
:10705400C4B1824219D0537B13F01F0F15D1D389C9
:107064007F2B12D9A36983B90C4B5A6114E003F046
:107074007F0343734268036813605A60002303600C
:107084004360DFE7054BDC68E3E7A24202D0204619
:1070940000F0EAFB014B5C6110BD00BF8C130020C3
:1070A4002DE9F84305460C46404B9E68737B13F06C
:1070B400600F28D013F0200F2AD008271F4222D1B6
:1070C4003B43737313F0800F24D1082F2DD04FF05E
:1070D4000009364B53F8188F98454BD0B8F1000F80
:1070E40048D0324B9B68434502D0404600F0BCFB7D
:1070F4002E4BC3F81480102F05D0304600F014FC3A
:10710400B9F1000F3AD184F31188BFF36F8F46E0D1
:107114001027D3E703F07F03737372683368136037
:107124005A60002333607360CFE7B3685BB1726861
:10713400336813605A60002333607360727B22F0FB
:1071440002027273B36030460FF06BFF06F1580011
:107154000FF06CFF154B9B689E4202D04FF0000964
:10716400B7E7EFF3058313B94FF00009B1E74FF028
:107174000109AEE70D4BD3F80C80B2E70C48FFF7DA
:10718400D7FEC0E7EFF31184202383F31288BFF303
:107194006F8F0FF09AFE84F31188BFF36F8F6B7BB0
:1071A40013F0600FEED1BDE8F88300BF8C1300200C
:1071B400F00A0020B3F1FF3F08BFB2F1FF3F00D156
:1071C400704708B50249183000F008FC08BD00BF3C
:1071D4005F71010010B5437B90F90D20002A0ADB92
:1071E400437B63F07F0343732B4A52F8183F934267
:1071F40019D1002317E003F07F0343734268036847
:1072040013605A60002303604360E9E75A684260F0
:107214000360106058601EE01A461F49C9698A421B
:107224000FD01B687BB173B190F90E1093F90E2047
:107234009142F1D0521A002AE8DC1A46002BECD114
:10724400F0E70023EEE7144BDA6903F1180101605B
:1072540042601060D861104B9A6853F8184F9C42F2
:107264000ED06CB182420ED0537B13F01F0F0AD1A3
:10727400D3897F2B07D9A3692BB9074B5A6109E03E
:10728400054BDC68EEE7A24202D0204600F0ECFA9F
:10729400014B5C6110BD00BF8C13002010B50C467F
:1072A40011460A4882680A4B1A60EFF311832023BF
:1072B40083F31288BFF36F8FDDE9022380680FF038
:1072C400D8FE2046FFF744FE10BD00BF8C130020FB
:1072D400BC1300202DE9F04104460E460023EFF3D1
:1072E4001185202282F31288BFF36F8F1F4650E06E
:1072F40003F07F0363736268236813605A6000239A
:107304002360636071B2A173637B63F07F03637373
:10731400424A52F8183F93420ED100230CE05A68B7
:107324006260236014605C601CE01A463B48C069DC
:1073340082420DD01B686BB163B193F90E20914268
:10734400F3D0521A002AEADC1A46002BEED1F2E7F7
:107354000023F0E7314BDA6903F118012160626020
:107364001460DC612D4B53F8188F984520D0B8F188
:10737400000F1DD0294B9B68984502D0404600F071
:1073840073FA264BC3F8148085F31188BFF36F8F0B
:107394000123002B3FD1637B03F01F02002A0CBFA3
:1073A40001270027A4D013F0020F05D1A673EBE741
:1073B4001A4BD3F80C80DDE7A16862682368136078
:1073C4005A6000232360636070B2A0730B68994213
:1073D4000DD100230BE05A686260236014605C6086
:1073E400D2E79C464A6894450DD01B686BB163B1E3
:1073F40093F90E209042F4D0121A002AEBDC9C463A
:10740400002BEFD1F2E70023F0E74B6821606360C3
:107414001C604C60B8E73846BDE8F0818C1300204E
:1074240008B50B4659B9EFF3058242B9064A5069CB
:107434009268904203D00846FFF78AFD03E083F385
:107444001188BFF36F8F08BD8C13002008B5034665
:1074540050B9EFF305823AB9064A516992689142EC
:1074640002D0FFF775FD03E083F31188BFF36F8F3C
:1074740008BD00BF8C1300200023EFF311812022EC
:1074840082F31288BFF36F8F09E0064B9A68D37BAF
:10749400013BD37381F31188BFF36F8F0123002B5A
:1074A400F3D070478C13002038B50023EFF3118517
:1074B400202282F31288BFF36F8F0EE0154BDC6835
:1074C40017E0A24202D0204600F0CEF9114B5C61D5
:1074D40085F31188BFF36F8F0123BBB90D4B9A68F5
:1074E400D17B0131D17353F8184F9C42E6D0002C64
:1074F400E4D0537B13F01F0FE3D1D3897F2BE0D962
:10750400A369002BDDD1034B5A61E1E70FF050FE74
:1075140038BD00BF8C13002008B502480FF053FE9D
:1075240008BD00BFA013002038B5EFF31184202359
:1075340083F31288BFF36F8F224B9A68DB699A42F8
:1075440005D01368516812680A60516006E0002390
:10755400F8E71C4AD269934212D01B6893B1194AC6
:10756400906890F90E1093F90E209142F1D0521ABE
:10757400002AEEDD5A6842600360106058600AE039
:107584000023EBE70F4B9A68D96903F118001060E8
:1075940051600A60DA610B4B53F8185F9D420DD0BD
:1075A40065B1084B9B689D4202D0284600F05CF907
:1075B400044B5D612046FFF7CBFC38BD014BDD6811
:1075C400EFE700BF8C130020F8B551EA000328D080
:1075D40005460C46EFF31187202383F31288BFF38B
:1075E4006F8F154EB068154B1860FFF725FDB06816
:1075F4002A4623461249183000F0F0F90446B268CE
:10760400537B43F0040353733846FFF7A1FCB3687C
:107614009A6ADB6AB3F1004F08BF002A05D0002044
:10762400F8BDFFF781FF0020FAE70FF06FFE201A84
:107634000028F5DC0020F3E78C130020BC130020A5
:107644005F71010038B5EFF31185202383F31288AD
:10765400BFF36F8F437B13F0040F04D185F31188BC
:10766400BFF36F8F38BD044618300FF020FE637BE4
:1076740023F0040363732046FFF784FC2946024881
:10768400FFF7CEFEEEE700BFB8130020014B986869
:10769400704700BF8C1300202DE9F843037B03F0EF
:1076A4000107EFF31186202383F31288BFF36F8F52
:1076B400457B15F0080F1AD10446B14600F158086D
:1076C4000FF07BFC10B345F020056573EFF30583E1
:1076D4009BB131462046FFF7E3FC67B1002383F3F7
:1076E4001188BFF36F8F0423184602DF03E086F38B
:1076F4001188BFF36F8FBDE8F88341463D4B98680E
:107704000FF05DFC3046FFF723FCE6E745F0080385
:10771400637313F0800F33D1A3685BB1626823688D
:1077240013605A60002323606360627B22F00202CC
:107734006273A36004F118000FF0B9FD40460FF026
:1077440075FC2C4B9A68944227D00026294B53F899
:10775400185F9D4228D03DB3AA4202D0284600F0CB
:1077640083F8244B5D61204600F0DEF8FEB9214B1E
:107774009B689C421FD089F31188BFF36F8FACE7DD
:1077840005F07F0545F0080565736268236813609A
:107794005A60002323606360BEE7EFF305830BB9EF
:1077A4000026D3E70126D1E7124BDD68D4E712485F
:1077B400FFF7BEFBDBE7EFF30583002BDBD1237B75
:1077C40013F0010F12D089F31188BFF36F8F0023D8
:1077D40083F31188BFF36F8F0423184602DFEFF39E
:1077E4001189202383F31288BFF36F8F4846FFF774
:1077F400AFFB72E78C130020F00A0020044BC01A80
:10780400C010044B03FB00F0034B01221A547047D1
:10781400A00B0020ABAAAAAAC0130020C3897F2B07
:1078240011D80E4B1B687BB190F90E200C4B1B68D2
:107834009A420CDB437B13F01F0F0AD1094B984289
:1078440009D0012300E0002303F001007047002366
:10785400FAE70023F8E70023F6E700BF94000020CE
:10786400C41300209009002070B505460D4B1E7C02
:1078740006EB46030C4C04EBC30420460FF017FD43
:107884000A4B00229A552846FFF7C8FF00B970BD7D
:10789400074B1A68013AD3170649204600F09EF8B0
:1078A400F5E700BF8C130020A00B0020C0130020BC
:1078B400940000200178000038B5EFF311852023EF
:1078C40083F31288BFF36F8F144B9C68144B1B68AF
:1078D400A34217D0124B00221A60104B1B7C114A92
:1078E400D35C53B12046FFF799FF30B1637B13F0AB
:1078F4001F0F0FD02046FFF7B7FF85F31188BFF3A2
:107904006F8F38BD2046FFF7AFFF85F31188BFF3B3
:107914006F8FF6E72046FFF75DFCEBE78C13002042
:10792400BC130020C0130020EFF31181202383F344
:107934001288BFF36F8F0A4B1B6A834204D11A6FFC
:10794400074B1A6207E0134613B11A6F8242FAD149
:107954000BB1026F1A6781F31188BFF36F8F704701
:107964008C13002008B50648064A121A06490FF07F
:1079740013FA0648064A121A06490FF00DFA08BD12
:107984000000002060020020244C020000000020BF
:1079940000000020244C0200034B1868984200D0D9
:1079A40070470020FCE700BF9800002030B1044A73
:1079B4005268904201D0006870470020704700BFB1
:1079C4009800002008B5044B1B680BB1002008BDCB
:1079D400FDF748FFFBE700BFC81300202DE9F04F77
:1079E40083B00193B3F1FF3F08BFB2F1FF3F0DD065
:1079F4000446914681600023EFF3118A202282F32A
:107A04001288BFF36F8F1D461E4635E000252E46B3
:107A14002846314603B0BDE8F08FFFF7D3FF804618
:107A24000135019B43F10006451946EBE0762561DB
:107A34006661384A13685268ED1846EB02064FF047
:107A4400010B41E0C91A67EB02020161426143681C
:107A5400636020601C60446005E02F4B5A6823601B
:107A6400626014605C60FFF797FF844240D08AF341
:107A74001188BFF36F8F0123002BC9D14D46019E9E
:107A84006FF00103B3EB09034FF0FF3363EB06031D
:107A9400002BC2DB1F4B19685B686918019A43EB22
:107AA40002036FF00102521A4FF0FF3161EB03033E
:107AB40010461946012A73F1000301DA012000215E
:107AC400206161614FF0000BFFF766FF0028C4D00E
:107AD40001694769236962698B4272EB070EB1DB66
:107AE4005B1A62EB070223616261FFF75FFFEDE758
:107AF4000A4B1B68002BBAD1BBF1000F06D04046DD
:107B04000FF0BAFB0021FDF773FEB0E7FFF75AFF51
:107B14008046F4E7B80B002098000020C81300202A
:107B240070B5EFF31186202383F31288BFF36F8FB0
:107B34002A4B1860FFF730FF044623E0284A1368F5
:107B440051685B1941EBE571136051600022002319
:107B5400C4E9042320460FF078FB86F31188BFF3B1
:107B64006F8FA36820469847EFF31186202383F391
:107B74001288BFF36F8F194A13685B1B1360FFF7FA
:107B84000BFF04463CB125696169144B1A68D3178D
:107B9400AA428B41D2DA44B1236962690F49096868
:107BA4005B1A62EBE172236162610D4A0B4D286836
:107BB400136851681B1841EBE07113605160002495
:107BC4002C6020460FF058FB2146FDF711FE86F38A
:107BD4001188BFF36F8FFFF76FFE70BDC8130020CD
:107BE400B80B002010B50022EFF31184202383F397
:107BF4001288BFF36F8F134611460CE0FFF7E2FEC5
:107C0400074A13685168C31841EBE07184F3118883
:107C1400BFF36F8F0122002AF0D0184610BD00BFB9
:107C2400B80B0020F8B5EFF31183202282F31288F9
:107C3400BFF36F8F026822B183F31188BFF36F8F94
:107C4400F8BD04461D46826AC36A52EA030105D0A0
:107C5400B3F1FF3F08BFB2F1FF3F27D1236B0133DC
:107C64002363236A6BB185F31188BFF36F8F236A93
:107C740020469847EFF31185202383F31288BFF33E
:107C84006F8F04F11803A469A3423FD0002C3DD0A8
:107C940020460FF015FA0023C4F8AC3085F31188A0
:107CA400BFF36F8F20460FF0F0F9C9E716461F4661
:107CB400012A73F1000301DA01260027013E47F18E
:107CC400FF370FF027FB013041F10001801947EB2A
:107CD4000101012871F1000108DA6FF001024FF08F
:107CE400FF330D492046FFF779FEB7E70FF012FB8B
:107CF400013041F10001801947EB01036FF00102EB
:107D0400121A4FF0FF3161EB0303EAE785F31188A0
:107D1400BFF36F8F94E700BF297C0000F8B51D46C0
:107D2400EFF31187202383F31288BFF36F8FB5F12C
:107D3400FF3F08BFB2F1FF3F1FD006461446294655
:107D44006FF00102121B4FF0FF3262EB0502002AB2
:107D540018DB30460FF0ABFADDE90623C6E90A2347
:107D64000023336322462B460B493046FFF736FE89
:107D740087F31188BFF36F8FF8BD87F31188BFF3C2
:107D84006F8FF9E7012C71F1000101DA012400255C
:107D9400013C45F1FF35DCE7297C000010B5064CB9
:107DA40005E0A268616820460FF0E2FA1834034B3C
:107DB4009C42F6D3002010BDB0010020B001002089
:107DC40010B50A4C23681BB101232360002010BDA9
:107DD40000F0F4F80028F7D00138072803D8044B42
:107DE40053F8200010BD034810BD00BFCC13002081
:107DF400541E0200FE8FFFFFBFF34F8F0549064B51
:107E0400CA6802F4E0621343CB60BFF34F8F00BF34
:107E1400FDE700BF00ED00E00400FA0530B44FF0C8
:107E2400FE3200250B4B0C4C0C494968C3F8002466
:107E3400C3F80424C3F80824C3F80C24C3F810249A
:107E4400C3F81424C3F81824C3F81C24C4F8005538
:107E540030BC08470050845000408450A0000020EB
:107E6400024BD0E90012C3E900127047A0000020C1
:107E740010B5044650B1636813F0685F05D0064A34
:107E8400934202D000236260236010BD034B044878
:107E94005B689847EFE700BF2C5F5CA9A000002057
:107EA400741E0200C8B143680D4A934213D013F004
:107EB400685F0ED0012350E8002F194640E8001CEB
:107EC4009CF0000FF7D1012AF5D0BFF35F8F00209B
:107ED400704704487047044870476FF4E0407047A7
:107EE4002C5F5CA9E98FFFFFEA8FFFFF034680B197
:107EF400426809498A420AD012F0685F05D0BFF38C
:107F04005F8F002210461A60704704487047044887
:107F140070476FF4E04070472C5F5CA9E98FFFFF66
:107F2400EA8FFFFF10B5044620B10023034A236003
:107F3400626010BD0248FFF771FFF6E73A00003AAD
:107F44009C1E020070B5194CD0F804C00668C4F831
:107F540004C0D0F808C0C068C4F808C0E060266057
:107F64000868134B134D18604868D5F818215860F9
:107F7400886812F0685F9860C8680969D8601961F8
:107F840012D000230C4A05F58A70C5F81431C5F8DF
:107F9400B831C5F81821C5F8BC21B047236805F5E8
:107FA400DC70BDE87040184770BD00BFBC00002005
:107FB400A8000020E41300202C5F5CA908B500F0A1
:107FC40011F830B900F010F838B9054AC2F80C0AB3
:107FD40008BD00F037F8032008BD042008BD00BF29
:107FE400005084500020704710B5114800F048F844
:107FF40000B110BD0F4800F043F80028F9D10E4C31
:10800400204600F03DF80028F3D10C4B0C481C60CE
:1080140000F036F801460028EBD100F02DF80446B4
:1080240008B1204610BD00F03FF82046FAE700BF33
:10803400FC000020F8000020F4000020EC000020E8
:10804400F000002008B5084800F024F8074800F0C4
:1080540021F8074800F01EF8064800F01BF8BDE8B8
:10806400084000F00BB800BFFC000020F80000201E
:10807400F4000020F000002000207047704700BF8B
:1080840008B5034B02681B6810689847002008BDB8
:10809400BC00002008B5034B02685B681068984771
:1080A400002008BDBC00002070B5094C094D2069B2
:1080B400AB68984718B1084B08485B68984700219B
:1080C400074AEB6811602069BDE87040184700BF9B
:1080D400A8000020BC000020A0000020C01E020058
:1080E400E013002070B5051D04460E46284603F033
:1080F40095FC0023314628466367A4F87830C4E928
:108104001F33C4E92133074B23601433636012F037
:10811400E8FC06E0044B2846636003F0A1FC15F07C
:108124001DFB70BD082C02005C2802002DE9F74FEE
:10813400DFF808810190D8F80040631CC8F80030CB
:10814400002C77D13E4E01223E4B4FF0FF3ADFF830
:10815400F89006F11C001A70B4613C4DDFF8F0B0E1
:108164003C4FC6E90094C6E90244C6E9044400F061
:1081740057FC394A05F11C00C6F800B01268C6F86D
:1081840024A03262AC61C5E90094C5E90244C5E9A2
:10819400044400F045FC314A07F11C00BC6112683C
:1081A400C5F800B0C5E9082AC7E90094C7E9024444
:1081B400C7E9044400F034FC294BC7F800B0314649
:1081C4001B682848C7E9083A274FFFF78BFF384652
:1081D400A7F1080603F022FC244B2946384647F849
:1081E400083C1433B467A6F87C40C6E92044C6E9C9
:1081F4002244C6E9014312F074FC06E01C4B1A4801
:10820400B36003F02DFC15F0A9FA1A4C114920466D
:10821400FFF768FF0F491848FFF764FF2369114A05
:1082240043F40053B2672361D8F800306267013326
:10823400C8F80030019803B0BDE8F08F001C00209E
:10824400D81C002064010020342C0200B01C002043
:1082540010280200881C00209C1B0200A01B0200A6
:108264009C1B0200181E0020AC1E0020A82802003F
:108274005C2802008C1D0020001D00200B4A13689E
:10828400591E022B10B5044611600DD1084814F094
:1082940091FE084814F08EFE074814F08BFE03E0AC
:1082A40015F0FEFA15F025FB204610BD001C002039
:1082B400181E00208C1D0020001D0020044A0B689D
:1082C4001268036093421EBF1A6801321A60704735
:1082D400B015002000220249024808F06DBA00BF20
:1082E400BE310200A815002010B5034C23680BB959
:1082F400FFF7F0FF206810BDA81500200048704764
:10830400BE310200054B10B51B6804460068984254
:1083140001D00FF08DF8204610BD00BFB01500202D
:10832400094A38B50B680D461168044600688B424B
:108334001EBF1A6801321A60814201D00FF078F82A
:108344002B682046236038BDB0150020036823B98C
:10835400034A1368013313600360006801387047EF
:10836400A41500202DE9F84F044617460846002AB4
:1083740063D0FFF7EBFFA3680546013B83424DD270
:1083840000F104096FF06043D4F804B0994534BF98
:108394004FEA89084FF0FF38404615F049FC0023A6
:1083A4000646A068984211D1C0F1040200212A4473
:1083B4009200484588BF002206EB800016F0A3F91E
:1083C4004046D4F80CA015F033FC06E0626852F87D
:1083D400232046F823200133E4E780460023A068E5
:1083E40098422CD1C0F1040200212A44920048454D
:1083F40088BF002208EB800016F085F9C4F80C80D1
:10840400C4E90169BBF1000F02D0584615F039F9EF
:10841400BAF1000F02D0504615F033F97B68666854
:1084240001337B6056F82530002B45D146F8257082
:1084340000252E46A368AB4241D8BDE8F88FE26818
:1084440052F8232048F823200133C9E7D8F8040060
:10845400FFF77CFFA8420AD10846FFF777FF56F8DA
:10846400203080461BB3384601F0FAF815E008F1D5
:108474000808D8F80010D1B10846FFF767FFA842F2
:10848400E4D1D8F804100846FFF760FF56F820300E
:10849400804663B1384603F0B7F843688146013338
:1084A400436056F828000EF06EFF46F8289056F800
:1084B40025000EF068FFB9E7DFF83080D9E7E368FC
:1084C40053F8250020B10EF05EFFE36843F8256001
:1084D4000135AFE715F0E4F9304615F0D2F815F0A0
:1084E40063FB15F006FA15F039F900BFE81E020027
:1084F4002DE9F04106460C4615461F4FD7E8AF3F1D
:10850400DB0706D4384608F00FF810B1384615F0EA
:1085140082FB1A490F6817B94FF0FF3308E0384659
:10852400FFF714FFA84248680DD1FFF70FFF034679
:10853400F16851F8252092B1E4B1236820465B68C4
:10854400BDE8F0411847FFF701FFA84205D13846BE
:10855400FFF7FCFE2B460546EAE70831DAE76268D6
:10856400501C6060581C41F825401EBF02326260F6
:1085740041F82340BDE8F081B4150020E81E020054
:1085840010B5074CD4E8AF3FDB0708D4204607F00A
:10859400CBFF20B12046BDE8104015F03CBB10BD18
:1085A400401B00201A2368222DE9F043836085B024
:1085B400B84B0546016000211846B74C16F0A3F8E5
:1085C400B64B682200216860184616F09CF8B44B3C
:1085D40000211422E860184616F095F8021F40F8AE
:1085E400044C2A61FFF78AFE002203881146AD4835
:1085F4002380012301F04EFBAA4A2846AA49FFF72B
:10860400B1FE0121A94808F003F9A84A2846A8495F
:10861400FFF7A8FEDFF89C820123A7480021A74AA0
:10862400C8F804304360A64BC8F8002088F810103E
:10863400A8F8241088F864100360C0F80880C8E91A
:108644000211C8E90511C8E9071100F0A7FB0AE007
:1086540004460D4698480EF095FE2946013100F077
:10866400158115F07BF8944A28469649FFF77AFE5F
:10867400954A0124954B2846954954601360FFF7A9
:1086840071FE944A2846944B944954601360FFF752
:1086940069FE934C01236360924B2360FFF724FE31
:1086A400A060224690492846FFF75CFE03E004469A
:1086B4000D468B48CFE78D4F01238D4A8D483A6094
:1086C40000227B60436011468B4B3A82BA747A6312
:1086D40087F8432003608760C7E90222C7E90522BF
:1086E400C7E90722C7E90922C7E90B2200F0F6F916
:1086F40003E004460D467F48ADE77E4A28467F499D
:10870400FFF730FE7E4E01237E4A7F48326000220E
:108714007360436011467D4B3282B274726386F893
:10872400432003608660C6E90222C6E90522C6E941
:108734000722C6E90922C6E90B2200F08BF903E0FF
:1087440004460D46704886E76F4A28467049FFF78D
:1087540009FE704A0124704B284670495460136026
:10876400FFF700FE6E4A28466E4B6F495460136053
:10877400FFF7F8FD6D4C01226D4B21466D482360D7
:1087840000236260C4E90233C4E90433C4E9063354
:10879400C4E90833C4E90A33C4E90C33C4E90E3329
:1087A400C4E91033C4E91233C4E91433C4E91633F9
:1087B400C4E91833C4E91A33C4E91C33C4E91E33C9
:1087C400C4E92033C4E92233C4E92433C4E9263399
:1087D400C4E92833C4E92A33C4E92C33C4E92E3369
:1087E400C4F8C03084F8C43003F054FB514A28461E
:1087F4005149FFF7B7FD514A4FF00109504B284644
:108804005049C2F804901360FFF7ACFD4E4A284665
:108814004E4B4F49C2F804901360FFF7A3FD49463D
:108824004C4801F0B1FB4B4A28464B49FFF79AFDEF
:108834004A4A28464A4B4B49C2F804901360FFF752
:1088440091FD494A2846494B4949C2F804901360AE
:10885400FFF788FD474A2846474B4849C2F8049029
:108864001360FFF77FFD464A2846464B4649C2F847
:1088740004901360FFF776FD01A928460396CDE91D
:10888400018700F0E3FC81E00446E7E6204607F0B8
:10889400F3FB00BFA81A00204A1F0020401A002042
:1088A400141B002020180020BC1B0020EC17002003
:1088B400841C00200817002008180020581F0200FC
:1088C400E0240200EC1B0020001800203C2A0200D7
:1088D400601C0020F8170020782A02005C1C00208D
:1088E40014180020C4240200E01B0020801600207D
:1088F400481F0200D417002038250200F41B002072
:10890400C4160020381F0200E017002004250200CE
:10891400F01B0020CC17002088250200FC1B00203F
:10892400C4170020A0250200F81B0020B815002061
:10893400A82A0200B0170020441C0020A817002019
:10894400B8250200E81B0020A0170020A82B020075
:10895400401C002090170020E41B002088170020F2
:108964004C200200501B002080170020A42002008D
:108974004C1B002078170020FC200200481B00201C
:108984007017002054210200441B0020D5F80C90DD
:108994000D48FFF7DBFC49F82080D5F80C800B4824
:1089A400FFF7D4FC48F82070EF680948FFF7CEFCC5
:1089B40047F82060EE680748FFF7C8FC46F82040F7
:1089C400284605B0BDE8F083EC1B0020F41B002012
:1089D400F01B0020441C002038B5094D2B686BB9EE
:1089E400084C02212046FFF7DDFD074B21462C6091
:1089F4001C600648BDE838400EF0DBBC38BD00BF43
:108A0400B01500202C1B0020AC150020281B0020D2
:108A1400024B1B680BB9FFF7DFBF7047B01500208E
:108A240038B500230446094D0360FFF7F1FF084AF7
:108A34002B6812682360934206D0FFF7A1FD2B68D0
:108A44001A68236001321A60204638BDAC15002034
:108A5400B015002038B584680546ACB9442007F049
:108A640095FD1A4B04828474446380F84340A860E3
:108A7400C0E90034C0E90244C0E90544C0E9074440
:108A8400C0E90944C0E90B44AB682E2210495A746A
:108A94002C22AB689A740023AA689160D360D362D5
:108AA400C2E90513C2E90713C2E9091309490868B1
:108AB4001063AA685063084A1068AA68C15C1A4423
:108AC40001330B2B82F83810F7D138BD381F020060
:108AD400B1400200583F02000C01002038B5846800
:108AE4000546ACB9442007F051FD1A4B0482847446
:108AF400446380F84340A860C0E90034C0E90244FC
:108B0400C0E90544C0E90744C0E90944C0E90B448D
:108B1400AB682E2210495A742C22AB689A74002335
:108B2400AA689160D360D362C2E90513C2E907134E
:108B3400C2E90913094908681063AA685063084A1E
:108B44001068AA68C15C1A4401330B2B82F83810F0
:108B5400F7D138BD481F0200B1400200583F02005F
:108B64000C010020094B10B504460360806840B135
:108B740003685B68984704E020460EF003FC14F099
:108B8400EDFD20460EF0FEFB204610BD042502003C
:108B9400094B10B504460360806840B103685B6804
:108BA400984704E020460EF0EDFB14F0D7FD204674
:108BB4000EF0E8FB204610BD382502000D4B10B521
:108BC4000360044690F843307BB1806808B114F028
:108BD40058FD606908B114F054FDE06908B114F05F
:108BE40050FD606A08B114F04CFD20460EF0CAFB3B
:108BF400204610BD381F02000D4B10B5036004461B
:108C040090F843307BB1806808B114F03AFD606994
:108C140008B114F036FDE06908B114F032FD606A61
:108C240008B114F02EFD20460EF0ACFB204610BD1A
:108C3400481F020038B584680546ACB9442007F0E3
:108C4400A5FC1A4B04828474446380F84340A860F2
:108C5400C0E90034C0E90244C0E90544C0E907445E
:108C6400C0E90944C0E90B44AB682E2210495A7488
:108C74002C22AB689A740023AA689160D360D362F3
:108C8400C2E90513C2E90713C2E9091309490868CF
:108C94001063AA685063084A1068AA68C15C1A4441
:108CA40001330B2B82F83810F7D138BD381F02007E
:108CB400B1400200583F02000C01002038B584681E
:108CC4000546ACB9442007F061FC1A4B0482847455
:108CD400446380F84340A860C0E90034C0E902441A
:108CE400C0E90544C0E90744C0E90944C0E90B44AC
:108CF400AB682E2210495A742C22AB689A74002354
:108D0400AA689160D360D362C2E90513C2E907136C
:108D1400C2E90913094908681063AA685063084A3C
:108D24001068AA68C15C1A4401330B2B82F838100E
:108D3400F7D138BD481F0200B1400200583F02007D
:108D44000C010020094B10B504460360806840B153
:108D540003685B68984704E020460EF013FB14F0A8
:108D6400FDFC20460EF00EFB204610BDC82A020072
:108D7400094B10B504460360806840B103685B6822
:108D8400984704E020460EF0FDFA14F0E7FC204674
:108D94000EF0F8FA204610BDFC2A020038B58468AB
:108DA400054684B9682007F0F1FB1D4B446003605D
:108DB4000474848480F86440A860C0E90244C0E973
:108DC4000544C0E90744AA682E21164B82F82410F2
:108DD4002C2193600023D3601374AA6882F82510B1
:108DE400114A1068AA68C15C1A440133242B82F822
:108DF4002610F7D10D4B18680023AA68C15C1A44E9
:108E040001331A2B82F84A10F7D1AB68084A5A6129
:108E140004229A61074ADA6105221A6238BD00BF4A
:108E2400581F0200B1400200040100200801002084
:108E3400C0310200C5310200094B10B5044603607D
:108E4400806840B103685B68984704E020460EF0F0
:108E540099FA14F083FC20460EF094FA204610BDD3
:108E6400E02402000B4B10B50360044690F8643014
:108E74005BB1806808B114F004FC606908B114F0B7
:108E840000FCE06908B114F0FCFB20460EF07AFA0D
:108E9400204610BD581F020038B58468054684B9C1
:108EA400682007F073FB1D4B4460036004748484E2
:108EB40080F86440A860C0E90244C0E90544C0E900
:108EC4000744AA682E21164B82F824102C219360A3
:108ED4000023D3601374AA6882F82510114A10681D
:108EE400AA68C15C1A440133242B82F82610F7D1F6
:108EF4000D4B18680023AA68C15C1A4401331A2B6D
:108F040082F84A10F7D1AB68084A5A6104229A6180
:108F1400074ADA6105221A6238BD00BF581F0200F1
:108F2400B14002000401002008010020C031020009
:108F3400C5310200094B10B504460360806840B196
:108F440003685B68984704E020460EF01BFA14F0AF
:108F540005FC20460EF016FA204610BD182A020021
:108F640037B5069D144600200849CDE9002345B1D4
:108F7400B0F5881F05F1FF3503D268460EF003FCF7
:108F8400F5E70098001B03B030BD00BFFFFF1000E1
:108F94008B070CD5D0E90032D21A022A09D9064A25
:108FA4001188927819809A70036803330360012052
:108FB40070470020704700BFCB3102007FB5CDE978
:108FC4000223099B04A9094A02A804930A9B059356
:108FD400002300930EF08EFC089B029A1A600B9BF0
:108FE400049A1A6007B05DF804FB00BFFFFF10008D
:108FF4001FB5CDE90023079B02A9084A68460293DE
:10900400089B039300230EF0B7FC069B009A1A609A
:10901400099B029A1A6005B05DF804FBFFFF10007B
:1090240038B54B0704460CD5D0E900535B1B022B23
:1090340007D903220349284615F06DFB08B9033507
:10904400256038BD083302001FB5CDE90023079B16
:1090540002A9084A68460293089B039300230EF072
:10906400A9FC069B009A1A60099B029A1A6005B033
:109074005DF804FBFFFF100037B500216846144675
:10908400069DCDE90023FFF7CBFF0020074945B13A
:10909400B0F5881F05F1FF3503D268460EF0B7FA24
:1090A400F5E70098001B03B030BD00BFFFFF1000C0
:1090B4007FB5CDE90223099B04A9094A02A80493B8
:1090C4000A9B05930023009301230EF096FC089B52
:1090D400029A1A600B9B049A1A6007B05DF804FBAD
:1090E400FFFF100013B5144619460023049A2046C6
:1090F4000093034B0EF0AEFC001B02B010BD00BF8A
:10910400FFFF100073B51C461149DDE90765CDE981
:109114000023009884420ED0B5420CD068460EF06D
:1091240032FB831C01D1012008E0B0F5881F0CD26A
:1091340046F8040BEDE7201A18BF0120069B009A9D
:109144001A60099B1E6002B070BD0220F6E700BFE2
:10915400FFFF1000F7B5089E144600270E49CDE91D
:1091640000237D1CAE4206D80BD14FF6FF71684632
:109174000EF009FB05E068460EF005FBB0F5881F0C
:1091840003D30098001B03B0F0BDB0F5803F38BF97
:109194003D466F1CE5E700BFFFFF1000F0B585B04A
:1091A4001C46154F0C9ECDE900230B9BCDE90236DE
:1091B400009D029BAC421DD09E421BD0394668469E
:1091C4000EF0E1FA831C014609D0B1F5881F0FD2D5
:1091D400012202A80EF042FB0028E9D100950120EB
:1091E4000A9B009A1A600D9B029A1A6005B0F0BDA2
:1091F4000220F5E70020F3E7FFFF1000034B10B552
:10920400044603600EF0BEF8204610BD282102007B
:10921400034B10B5044603600EF0B4F8204610BDAD
:1092240020200200034B10B5044603600EF0AAF898
:10923400204610BD78200200034B10B5044603609D
:109244000EF0A0F8204610BDD02002002DE9F04712
:109254000123564DD1F8088004462846D1E900760A
:109264006B600021524BAF602B60FFF715FE04E0EA
:109274004E480EF087F814F071FA6B68D4F8049035
:1092840001334C486B60FFF761F8012349F8205023
:10929400494D6B60494B2B60FFF726F86B68D4F897
:1092A40004900133A86046486B60FFF74FF8012330
:1092B40049F82050434D00226B601146424B28462A
:1092C400AE602B60FFF7FAFC03E03B48D1E73D4872
:1092D400CFE76B68D4F8049001333C486B60FFF728
:1092E40035F8012349F82050394D00226B601146AE
:1092F400384B2846C5F808802B60FFF79BFC01E03B
:109304003348B6E76B68D4F80490013332486B6095
:10931400FFF71CF8D4F804A049F820504FF00209D4
:109324002E4D2F4B2F482B60C5F80490FFF70EF8F5
:109334002D4B4AF82050D4F804A02C4D2C482B6017
:10934400C5F80490FFF702F82A4B4AF820502A4D3A
:10935400D4F804A029482B60C5F80490FEF7F6FF62
:109364004AF820500121264D284602F0ADFD6B68D5
:10937400D4F80490013323486B60FEF7E7FF49F803
:109384002050E5680B48FEF7E1FF45F82070E568DA
:109394000E48FEF7DBFFE46845F820600E48FEF750
:1093A400D5FF44F82080BDE8F08700BF941B00205F
:1093B400182A0200481C0020A01B0020FC290200DF
:1093C400341C00207C1B0020FC2A0200501C0020BE
:1093D400881B0020C82A02004C1C0020741B00209B
:1093E400782B0200581C0020902B02006C1B0020DC
:1093F400541C0020BC2B0200641B00203C1C0020D9
:10940400541B0020381C002088422DE9F0410446FA
:109414000D4618D0A0B1A1EB00080021404600F091
:10942400BDFA00F10C070646214638462A460FF0DD
:1094340033F84146304600F0A5FA3846BDE8F081DD
:10944400024802F071FA024FF7E700BF0B33020043
:10945400B81B0020836937B504460D4603B198470D
:109464002B68A3F10C0053F8043C002B0ADB00F03A
:109474006BFB20602B6853F80C3C6360044BA361C6
:1094840003B030BD002201A90FF0C1F8F1E700BF1D
:10949400E37D0100074B002210B503600446036915
:1094A4000C30DA600EF09DFC2046FFF743FD2046A9
:1094B40010BD00BF88220200084B002210B50360D3
:1094C400044603690C30DA609A611A629A620EF0FB
:1094D40088FC2046FFF736FC204610BDC822020057
:1094E400084B002210B50360044603690C30DA60AF
:1094F4009A611A629A620EF074FC2046FFF738FCF7
:10950400204610BDFC220200054B10B5044640F86D
:10951400103B0EF066FC204602F01EFB204610BDF8
:1095240060230200084B10B5044640F80C3B0EF0D3
:1095340058FC064B204640F8083B14F036FE204603
:109544000DF020FF204610BDAC220200FC290200D1
:10955400064B10B5044640F8083B0EF042FC044BA1
:10956400204623600DF00EFF204610BD302302007C
:10957400782B0200064B10B5044640F8083B0EF069
:1095840030FC044B204623600DF0FCFE204610BD49
:1095940048230200902B0200064B10B5044640F805
:1095A400083B0EF01EFC044B204623600DF0EAFE3F
:1095B400204610BD7C230200BC2B020082B02DE9A2
:1095C400F0438BB0054617461A9813AC139315ABAA
:1095D4009DF85C20DDE9181898B1CDE90480CDE947
:1095E400022193E803008DE803003946284694E8F5
:1095F4000C0011F0CCFC28460BB0BDE8F04302B0DF
:109604007047164809AE0DF118090990CDE9048692
:10961400CDE9022193E803008DE80300394648466A
:1096240094E80C0011F0D2FCD8F8003099E803005B
:1096340084E803003BB194E8030085E80300304666
:109644000EF0C4FBD7E731461B98FFF703FFF2E7A0
:1096540030460EF0BBFB14F081F800BFB81B0020AD
:1096640070B56FF001030C468D4A05468D4914F020
:109674000AF8064610B10468204670BD8A4B9C4225
:109684003BD1142006F082FF0446682006F07EFFDA
:10969400864B00210646A0600360854B416001743F
:1096A400818480F8641061602360C0E90211C0E91C
:1096B4000511C0E907112046FFF7EEFB03E0204641
:1096C4000DF060FE14E06B68324629464FF000004E
:1096D4000133E56026616B60764B236010F038FE41
:1096E400CAE704F10C000EF07CFB2046FFF722FCD5
:1096F400204613F0C2FF14F031F86F4B9C4211D195
:10970400102006F043FF6D4B466004460360FEF7ED
:10971400EBFD6B6801336B60694BC4E902052360A0
:10972400AAE7CCE7674B9C420AD10C2006F02EFF37
:109734006B6804460133C0E901656B60624BEEE778
:10974400624B9C420AD10C2006F020FF6B68044651
:109754000133C0E901656B605D4BE0E75D4B9C4202
:109764000AD10C2006F012FF6B6804460133C0E9ED
:1097740001656B60584BD2E7584B9C423AD1142098
:1097840006F004FF0446442006F000FF544B002278
:109794000646A06003601146524BC2600282827486
:1097A400426380F8432062602360C0E90122C0E97B
:1097B4000522C0E90722C0E90922C0E90B2220469C
:1097C400FFF738FA00E07AE76B68324629464FF033
:1097D40000000133E56026616B60434B236010F0A9
:1097E4001CFE49E704F10C000EF0FBFA2046FFF7DB
:1097F400A9FA7DE73D4B9C423AD1142006F0C6FEFF
:109804000446442006F0C2FE394B00220646A060FE
:1098140003601146374BC26002828274426380F84F
:10982400432062602360C0E90122C0E90522C0E947
:109834000722C0E90922C0E90B222046FFF73EFABD
:1098440000E03CE76B68324629464FF000000133E4
:10985400E56026616B60284B236010F03CFE0BE74B
:1098640004F10C000EF0BDFA2046FFF781FA3FE741
:10987400224B9C420CD1142006F088FE314604464B
:1098840002F022FB6B68256101336B601C4B46E7D9
:109894001C4802F049F82BE72AE729E728E700BF2C
:1098A40058220200E01E0200481C0020581F02003B
:1098B400182A020088220200341C0020FC2902001D
:1098C400AC2202003C1C00207C230200581C002017
:1098D40030230200541C0020482302004C1C0020AA
:1098E400381F0200C82A0200C8220200501C0020AF
:1098F400481F0200FC2A0200FC220200381C00203F
:1099040060230200353302008B6913B5044613B992
:10991400064802F009F8D1E9000101AA0144FFF761
:1099240073FD2060204602B010BD00BF6233020008
:1099340008B50346084611461B6853F80C3C83429D
:1099440003D20246014811F090F808BD4B350200DD
:10995400F8B5044617460E46094A19461D46FFF750
:10996400E7FF216851F80C4C641BBC4228BF3C46FD
:1099740024B12246294430460EF067FD2046F8BD46
:1099840082350200044B984204D0002301608360B6
:1099940008440373704700BFAC1B0020134A904275
:1099A40010B5044602D9124801F0D6FF884207D800
:1099B40004F10D0006F0EAFD00224460826010BD4F
:1099C4004B00984238BF1C4604F11D0304F10D00FE
:1099D400B3F5805FEED98C42ECD904F58054C3F31F
:1099E4000B03E41A944228BF1446E1E7FCFFFF3F4F
:1099F40095350200F8B50F46044680B10021FFF703
:109A0400CDFF00F10C060546214630463A460EF0DD
:109A140034FD21462846FFF7B5FF3046F8BD014E18
:109A2400FBE700BFB81B0020054A904210B506D0E2
:109A34008268541E002A846001DC0EF056FD10BDBD
:109A4400AC1B0020036813B50446A3F10C0053F8C3
:109A5400043C002B06DD01A9FFF7E6FF034B23605E
:109A640002B010BD0021FFF78DFFF9E7B81B0020FD
:109A740070B504461546094A0E46FFF759FF236898
:109A84000146204653F80C2C0023921BAA4228BFFF
:109A94002A460EF02CFD204670BD00BFAD350200F5
:109AA400F8B51C46174605460E460A4B224639466B
:109AB4000EF0B0FC23463A46314628460EF017FD18
:109AC40034B1286821469DF8182030440EF0D5FCA6
:109AD4002846F8BDC135020073B50E460168044638
:109AE400184B51F80C1C15460EF094FC31462046D8
:109AF4000EF09EFC034620681BB950F8043C002B72
:109B04000BDD0095334650F80C2C002120460EF056
:109B14006DFD0446204602B070BD331A9D4209D83B
:109B24002A4631460EF091FC206829460C38FFF78E
:109B340029FFEFE7002BF7D02A4631460EF091FCBF
:109B4400F2E700BFDE350200054B984200F10C003D
:109B54001EBF50F8043C013340F8043C704700BF7A
:109B6400AC1B00202DE9F04104460D4690462AB373
:109B7400184B00210EF04EFC276857F80C6C57F870
:109B8400083C46449E4203D857F8043C002B08DDA9
:109B9400294620460EF04CFC98B1314620460EF082
:109BA4004FFD23682946424653F80C0C18440EF026
:109BB4004CFC206831460C38FFF7E4FE2046BDE833
:109BC400F08131462046EF1B0EF03AFD25683D44F6
:109BD400E7E700BFF3350200F8B5044617460D4623
:109BE40009B30A46114B00210EF014FC236853F804
:109BF4000C6C53F8082C2E44964203D853F8043CBA
:109C0400002B03DD314620460EF01AFD2368294659
:109C14003A4653F80C0C18440EF02FFC20683146D9
:109C24000C38FFF7AFFE2046F8BD00BFF335020045
:109C3400F8B503680C4617460A4653F80C6C0546FB
:109C4400094B31460EF0E6FBB44205D93A46A11B56
:109C54002846FFF7C1FFF8BDFDD24FF0FF32214681
:109C64002846FFF705FFF6E708360200084B10B553
:109C7400044640F8083B14F098FA237B1BB1A06912
:109C840008B113F0FEFC20460DF07CFB204610BD0D
:109C9400CC23020038B5003B044618BF012309B9A0
:109CA4000A460E49002563600D4B04F11D00227322
:109CB4004FF480722360A1612946C4E9045514F06D
:109CC40022FD4FF48072294604F21D10257714F00A
:109CD4001AFD204684F81D5238BD00BFBA41020067
:109CE400CC230200034B10B5044603600DF04AFB7D
:109CF400204610BD88250200034B10B504460360BE
:109D04000DF040FB204610BDA0250200034B10B50A
:109D1400044603600DF036FB204610BDB825020052
:109D2400054B10B5044640F8083B14F03EFA2046B3
:109D34000DF028FB204610BD6C250200054B10B524
:109D4400044640F8083B14F030FA20460DF01AFBA4
:109D5400204610BDC424020008B54368C3F17F53F4
:109D640003F57F1303F57F533F339A4202D9034827
:109D740001F0F2FDBDE8084013F05CBBF3350200CE
:109D8400F8B506461C48FEF7E1FA05463368DF6875
:109D940057F82030F3B9442006F0F8FB174B31464E
:109DA400044603600023C0E90133C3600382837463
:109DB400436380F84330C0E90533C0E90733C0E9A1
:109DC4000933C0E90B3302F033FA2A4621463068DE
:109DD400FEF78EFB57F82500F8BD13F061FD13F074
:109DE400E3FE13F086FD13F0B9FC13F059FD23686C
:109DF40020465B689847F2E7F41B0020481F0200E6
:109E04004368994270B50646154604D90A460A487D
:109E14000A4910F02AFE6A1C04D10368002271600A
:109E24005A5470BD002DFCD05A1AAA4228BF2A46A3
:109E3400BDE8704013F071BA4B350200AD35020035
:109E4400F8B506461C48FEF781FA05463368DF6814
:109E540057F82030F3B9442006F098FB174B3146ED
:109E6400044603600023C0E90133C36003828374A2
:109E7400436380F84330C0E90533C0E90733C0E9E0
:109E84000933C0E90B3302F09FFA2A4621463068B1
:109E9400FEF72EFB57F82500F8BD13F001FD13F073
:109EA40083FE13F026FD13F059FC13F0F9FC23682C
:109EB40020465B689847F2E7F01B0020381F020039
:109EC40038B500F1080305460C46036011B906488D
:109ED40001F02AFD0846F6F7B3FF2146221828466A
:109EE400BDE838400EF0AABD3836020037B51D462D
:109EF4004368994204D90A460548064910F0B5FD5D
:109F040013460022009505F0C3FE03B030BD00BF28
:109F14004B3502006A36020008B42DE9F7410F46BA
:109F240004200021904608F025FA16490546F6F764
:109F34007DFF044678B12846F6F782FF461C30467A
:109F440013F076FE29463246044614F0B5FB0D495B
:109F5400042008F00FFA0AAB099A414638460193E7
:109F640009F06EFA054634B12146042008F002FADD
:109F7400204613F086FB284603B0BDE8F04101B04B
:109F8400704700BF7F3602000039094B18BF01211A
:109F940010B5416004460360FEF7A6F904E02046CC
:109FA4000DF0F0F913F0DAFBA060204610BD00BFFD
:109FB4006C2502002DE9F04F91B00646894604AFA6
:109FC40007F1080507F1140097F860A085E80C0074
:109FD40097F858303B60FB6D03F16C01FEF76EF9A6
:109FE40007F1140001F086FF90B078600DF11008BD
:109FF400FEF77AF9B8614022414607F11800D7E923
:10A004001A34CDE9023400230093324BFFF784FF66
:10A014003F28044619DD083400F1010B24F007043D
:10A02400ADEB040D0DF11008FEF75EF9B8615A4668
:10A03400414607F11800D7E91A34CDE90234002368
:10A044000093244BFFF768FF044607F12003002226
:10A05400214607F11800BB6113F000F9BB6908EB56
:10A064000402414678680EF0C8FC3B6863B107F10E
:10A07400180349463046CDE901A3FB6D009395E8EA
:10A084000C000EF0D2FF17E007F1180349463046E2
:10A09400CDE901A3FB6D009395E80C000FF0EFF8F8
:10A0A4000AE007F1180013F094F807F11400FEF722
:10A0B40029F913F053FBF8E707F1180013F089F8B6
:10A0C40007F11400FEF71EF930463437BD46BDE8EB
:10A0D400F08F00BF813602002DE9F04FABB0894606
:10A0E400369D0EA90B9005F16C06DDF8E0A03A9CB4
:10A0F400304681E80C0002F05FF8089030460026F4
:10A1040001F0F8FE83463998F6F79AFE10960A9005
:10A1140034A90EA80FF018FADDF84080002800F0EA
:10A1240073840A9B9E4280F06F84B8F1000F00F0A4
:10A134007F84379B379A1B6843F00403136000F055
:10A144006BBC089B0CAF0EAE9B68DA6A12921A6B5A
:10A1540013925A6B14929A6B1592DA6B16921A6CCC
:10A1640017925A6C18929A6C1992DA6C1A921A6DA8
:10A174001B925A6D1C929A6D1D92DA6D1E921B6E83
:10A184001F9310ABCDE905530E23049312AB039335
:10A1940011AB029334AB93E803008DE80300494606
:10A1A400384696E80C000FF01CFA109B97E8030061
:10A1B40086E80300002B3CD1119A072392FBF3F3AA
:10A1C400C3EBC303D21ACAF81820237843F002035E
:10A1D400DDE0089B12AA0CAF0EAE986811460EF093
:10A1E400B6FB1EA90EF0D1FB10ABCDE90553182325
:10A1F400CDE9032311AB029334AB93E803008DE85C
:10A2040003004946384696E80C000FF0EAF9109B23
:10A2140097E8030086E803005BB9119B0C2293FBCB
:10A22400F2F102FB1133CAF81030238843F481633E
:10A234002380099E01366BE7089B0CAF06949B684C
:10A244009B69059310ABCDF810A00EAECDE9025377
:10A2540034AB93E803008DE803004946384696E89A
:10A264000C00FFF739FF109B97E8030086E8030012
:10A27400002BDED1637843F0040376E110AB0226B1
:10A284000CAFCDE906536323CDE9043600230EAEAB
:10A29400039311AB029334AB93E803008DE80300FE
:10A2A4004946384696E80C000FF055F9109B97E89C
:10A2B400030086E80300002BBBD1119B6360238855
:10A2C40043F49063B4E730460FF01DF9DBF818301F
:10A2D400C0B21B5C180702D530460EF085FB10ABEC
:10A2E40002210CAF0EAECDE906531F23CDE9043194
:10A2F4000123039311AB029334AB93E803008DE87D
:10A3040003004946384696E80C000FF024F9109BE8
:10A3140097E8030086E80300002B8AD1119BCAF852
:10A324000C30238843F4826382E712AEB84A58465D
:10A334000CAF3346A2F109010EF05FFBCDE90564D1
:10A3440080E710AB02220CAF0EAECDE90653172303
:10A35400CDE904320023039311AB029334AB93E8A9
:10A3640003008DE803004946384696E80C000FF0D8
:10A37400F2F8109A97E8030086E80300002A7FF4B5
:10A3840058AF119BCAF80830237862F30003237096
:10A394004FE710AB0C270DF130080EAECDE9065394
:10A3A4000223CDE904730123039311AB029334AB6D
:10A3B40093E803008DE803004946404696E80C0004
:10A3C4000FF0C9F8109B98E8030086E80300002BFF
:10A3D4007FF42FAF119B93FBF7F207FB1233CAF8FC
:10A3E4000830237843F00103D1E710AB4FF00308A2
:10A3F4000CAF0EAECDE906534FF4B773CDE9043874
:10A404000123039311AB029334AB93E803008DE86B
:10A4140003004946384696E80C000FF09CF8109B60
:10A4240097E8030086E80300002B7FF402AF119B3A
:10A43400013BCAF81C30237843F00403A7E710ABB0
:10A444004FF0020E0CAF0EAECDE906530C23CDE94E
:10A45400043E0123039311AB029334AB93E803004E
:10A464008DE803004946384696E80C000FF073F86F
:10A47400109B97E8030086E80300002B7FF4D9AE15
:10A48400119B013BCAF81030237843F008037EE7A0
:10A4940010AB4FF0020C0CAF0EAECDE906533B23CC
:10A4A400CDE9043C0023039311AB029334AB93E84E
:10A4B40003008DE803004946384696E80C000FF087
:10A4C4004AF8109B97E8030086E80300002B7FF40A
:10A4D400B0AE119BCAF80430ABE634A90EA80FF055
:10A4E40033F800283FF4A5AE0EA80FF00CF8DBF803
:10A4F4001830C0B21B5C1E077FF59BAE0EA80EF091
:10A5040073FAEAE7089B9B681A6A12925B6A1393D0
:10A514001278002A3FF48DAE1B78002B3FF489AEED
:10A5240010AB0CAF0EAECDE905530223049312AB6E
:10A53400039311AB029334AB93E803008DE803005B
:10A544004946384696E80C000FF04BF8109B97E804
:10A55400030086E80300002B7FF46BAE119B002BF5
:10A564003FF467AE637843F00103637061E6089BD0
:10A574000CAF06949B689B6A059309E012AE254ACA
:10A584003346911F0CAF58460EF037FACDE90564F7
:10A5940010ABCDF810A00EAECDE9025334AB93E866
:10A5A40003008DE803004946384696E80C00FFF79F
:10A5B40093FD97E8030086E803003AE610AB022017
:10A5C4000CAF0EAECDE906533C23CDE90430002395
:10A5D400039311AB029334AB93E803008DE80300BB
:10A5E4004946384696E80C000EF0B5FF109B97E8F4
:10A5F400030086E80300002B7FF41BAE119BCAF80E
:10A60400003016E612AE044A3346A2F10901B9E756
:10A6140090360200963602009F36020010AB0221EB
:10A624000CAF0EAECDE906533523CDE9043100233A
:10A63400039311AB029334AB93E803008DE803005A
:10A644004946384696E80C000EF085FF109B97E8C3
:10A65400030086E80300002B7FF4EBAD119B226816
:10A664001B0422F47C1203F47C1322F0200243F036
:10A67400200313432360DCE510AB01220CAF0EAEC4
:10A68400CDE906530623CDE904320023039311AB2D
:10A69400029334AB93E803008DE80300494638463F
:10A6A40096E80C000EF057FF109B97E8030086E82D
:10A6B4000300002B7FF4BDAD119BCAF8183084E56C
:10A6C40010AB4FF002080CAF0EAECDE906533523A4
:10A6D400CDE904380023039311AB029334AB93E820
:10A6E40003008DE803004946384696E80C000EF056
:10A6F40032FF109B97E8030086E80300002B7FF4E9
:10A7040098AD119B22681B0422F47C1203F47C1381
:10A7140022F0400243F04003ABE7089B0CAF0694E1
:10A724009B689B6828E7089B0CAF06949B681B6991
:10A7340022E710AB4FF0020E0CAF0EAECDE906537C
:10A744006323CDE9043E0023039311AB029334AB9E
:10A7540093E803008DE803004946384696E80C0068
:10A764000EF0F9FE109B97E8030086E80300002B27
:10A774007FF45FAD637834A9304623F0060343F0D9
:10A78400060363700EF0E0FE00283BD030460EF066
:10A79400BAFE2A22C1B258460EF086FAA0F1300859
:10A7A4005FFA88F3092B2DD830460A270EF01CF9DE
:10A7B400119B34A9304607FB038311930EF0C4FEAA
:10A7C400A0B130460EF09FFE2A22C1B258460EF0C8
:10A7D4006BFAA0F130085FFA88F3092B06D83046EB
:10A7E4000EF002F9119B07FB03831193119BA3F253
:10A7F4006C73119363786FF341036370119BCAF810
:10A80400143016E5119B442BDCBF64331193F5E738
:10A8140010AB4FF0040C0CAF0EAECDE9065342F270
:10A824000F73CDE9043C0023039311AB029334ABC3
:10A8340093E803008DE803004946384696E80C0087
:10A844000EF089FE109B97E8030086E80300002BB6
:10A854007FF4EFAC119BA3F26C73CAF814306378E5
:10A8640023F0060307E530460EF04DFEDBF8183002
:10A87400C0B21B5CDF0740F1828010AB0CAFCDE9A6
:10A8840005530E230493694B039312AB029334AB29
:10A8940093E803008DE803004946384696E80C0027
:10A8A4000EF09FFE97E8030086E8030034A93046C3
:10A8B4000EF04AFE00283FF4BCAC109B129A1343DE
:10A8C4007FF4B7AC30460EF01EFE07462D215846E5
:10A8D400FFB20EF0D8F9B84235D11723022110AFD8
:10A8E40000220CAE0DF138080392CDE9043112A90F
:10A8F400029134A9CDE9065703C98DE803004946FE
:10A90400304698E80C000EF026FE3B23002296E821
:10A91400030088E8030002200392CDE9043012AB5F
:10A92400029334ABCDE9065793E803008DE80300A6
:10A934004946304698E80C000EF00DFE96E80300F8
:10A9440088E8030075E430460EF0DDFD06462B2151
:10A954005846F6B20EF097F9B0427FF46AACBCE701
:10A9640030460EF0D0FD074625215846FFB20EF0C2
:10A974008AF9B84203D130460EF036F859E4109BF8
:10A9840043F00403109354E4399B995DDBF81830C9
:10A994005B5C1A0714D534A90EA80EF0D5FD002867
:10A9A4003FF448AC0EA80EF0AEFDDBF81830C0B290
:10A9B4001B5C1B077FF53EAC0EA80EF015F8EAE70A
:10A9C40058460EF05DF980460EA80EF09CFDC1B20B
:10A9D40058460EF055F9804512D0397858460EF095
:10A9E4004CF907460EA80EF08EFDC1B258460EF083
:10A9F40044F9874204D0109B43F00403109319E4F4
:10AA04000EA80DF0F1FF15E4B8F1000F7FF491AB3F
:10AA14000A9B9E427FF48DAB0EAB93E803000B9B25
:10AA240083E8030018462BB0BDE8F08F1001002026
:10AA3400399B42465846995D9F190EF035F92528F1
:10AA4400A2D1731C711C424658460993399B595C28
:10AA54000EF02AF94528CDF8448001D04F2808D1BA
:10AA6400B31C0022584609930999399B595C0EF08E
:10AA74001BF925380EAE542881D801A353F820F0D1
:10AA840065A9000083A9000083A9000083A9000030
:10AA940083A9000083A9000083A9000083A9000002
:10AAA40083A9000083A9000083A9000083A90000F2
:10AAB40083A9000083A9000083A9000083A90000E2
:10AAC40083A9000083A9000083A9000083A90000D2
:10AAD40083A9000083A9000083A9000083A90000C2
:10AAE40083A9000083A9000083A9000083A90000B2
:10AAF40047A10000D7A1000081A200002FA30000FD
:10AB040083A9000083A9000083A9000047A30000D3
:10AB140097A3000083A9000083A9000083A9000073
:10AB240095A4000083A9000083A9000083A9000064
:10AB340083A9000081A50000C1A5000009A60000AA
:10AB440021A6000083A90000C5A600002BA70000D1
:10AB540015A800006BA8000083A9000083A90000C9
:10AB640083A9000083A9000083A9000083A9000031
:10AB740047A10000D7A100003DA20000CBA2000025
:10AB8400CBA2000083A9000083A90000D7A1000084
:10AB940083A90000EFA3000083A9000083A900009B
:10ABA40043A40000DFA4000083A9000009A500005D
:10ABB40083A9000073A5000083A90000DFA400009E
:10ABC40083A9000083A900007DA600001FA7000040
:10ABD40037A700002DE9F04F99B008A9059081E846
:10ABE4000C00DDE9243903F16C04204601F082F9FC
:10ABF40004902046FFF724F900F138030546069334
:10AC0400036A1BB1836A003B18BF012301930EAB97
:10AC14000C9300230D938DF838302B7C53B914AB6F
:10AC2400202112A81293002313938DF8503012F0B0
:10AC340089FB04E020210CA812F084FBEFE7002636
:10AC440005F13903B046079337466B6B03960B93B4
:10AC5400009602960BAB9B5D042B41D8DFE813F002
:10AC64000C01F2000C0071000500DFF860A222A9BB
:10AC740008A80EF069FCE0E0249BDB6898051FD46B
:10AC8400009B012B1CD8DEB1012E0BD1019BBBB95B
:10AC94009DF82C30032B13D09DF82E30012B0FD0B0
:10ACA4000226D7E7022E40F00B819DF82F30042BAB
:10ACB40006D0019A002A00F0FE80032B40F0FD80AC
:10ACC400D5F818B04FF0000A22A908A80EF03CFCF1
:10ACD40002E00AF1010AF7E7044618B9DA4510D18F
:10ACE400012418E0DA4516D008A80EF00CFC6B69B4
:10ACF400C0B213F80A30834203D108A80DF074FEE1
:10AD0400E7E7BAF1000F40F0D280249BDC6884F4BA
:10AD14000074C4F340240136042E40F0B180009B3B
:10AD2400012B40F2FB80002C00F0AD80029B002B35
:10AD340000F0C8806E6A012422A908A80EF004FC61
:10AD4400C6E02B6A33B9AB6ACBB122A908A80EF0CE
:10AD5400FBFB1AE022A908A80EF0F6FB0446002823
:10AD6400F1D008A80EF0CFFBEB69C0B21B78834288
:10AD7400E9D12B6A08A800930DF036FECBE72B6AC5
:10AD8400A3B9019B83F00104C5E704460028F6D06B
:10AD940008A80EF0B8FB6B6AC0B21B788342EED1F0
:10ADA400AB6A08A800930DF01FFE82E0AB6A002B8B
:10ADB400E7D101231C460293ADE708A80EF0A3FBDC
:10ADC4005FFA80FB0DF12B020A2107988DF82BB056
:10ADD4000DF018FB60B1069BC01ADAF80030195C5C
:10ADE40012A812F0CDFA013708A80DF0FDFD3EE7D8
:10ADF4006B7C5B4509D1B8F1000F1AD1EB6A002BCB
:10AE040012DDA04603970027EEE72B7C63B1AA7CF2
:10AE14005A4508D1B8F1000F0BD167B1F9B20CA8AB
:10AE240012F0AEFAEFE71C46139B002B08BF002478
:10AE340071E74446F8E73C46F6E704460028BCD1EF
:10AE44000124F1E722A908A80EF07EFB40B90024F2
:10AE5400032E3FF464AF22A908A80EF075FB0DE0A1
:10AE640008A80EF050FB049BC0B29B691B5C190739
:10AE7400EDD508A80DF0B8FD0124E9E750B9013675
:10AE8400002C7FF4E7AED9F8003043F00403C9F88E
:10AE9400003074E008A80EF036FB049BC0B29B6936
:10AEA4001B5C1A07EBD508A80DF09EFDD3E7002420
:10AEB40031E702942FE70326CCE6019C0326DFE763
:10AEC40001242CE7EE6936E7013435E70C01002054
:10AED400009BB0B9A342D6D1139B012B21D90022E8
:10AEE400302112A812F03DFB0246D0B1431C4FF0B2
:10AEF400000112A804BF139A02F1FF32FEF780FF8B
:10AF04000FE0A342E8D008A80EF0FDFA335DC0B20A
:10AF14008342B8D108A80DF067FDD5E7002CB2D064
:10AF2400DAE7029B53B90D9BFBB1B8F1000F0ED0C9
:10AF34009DF80C100CA812F023FA0AE012990B7871
:10AF4400302BF0D02D2212A812F056FAEBE7F9B20A
:10AF5400F0E70CAAD5E9020113F03FFA28B9D9F8B1
:10AF6400003043F00403C9F80030B8F1000F02D0F8
:10AF7400EB6ABB4287D112A9269812F07BFA08AC7F
:10AF840022A920460EF0CEFA28B1D9F8003043F0B9
:10AF94000203C9F80030059B94E8030083E803002A
:10AFA40012A812F016F90CA812F013F9059819B0AA
:10AFB400BDE8F08F12A812F00CF90CA812F009F9F0
:10AFC40012F0CCFBF9E700BF2DE9F04F99B008A9C6
:10AFD400059081E80C00DDE9243903F16C04204676
:10AFE40000F088FF04902046FEF7CAFE00F1380303
:10AFF40005460693036A1BB1836A003B18BF01230D
:10B0040001930EAB0C9300230D938DF838302B7CF9
:10B0140053B914AB202112A81293002313938DF873
:10B02400503012F08FF904E020210CA812F08AF9B4
:10B03400EFE7002605F13903B046079337466B6BFB
:10B0440003960B93009602960BAB9B5D042B41D8A1
:10B05400DFE813F00C01F2000C0071000500DFF8CA
:10B0640060A222A908A80EF06FFAE0E0249BDB6836
:10B0740098051FD4009B012B1CD8DEB1012E0BD1E7
:10B08400019BBBB99DF82C30032B13D09DF82E30B7
:10B09400012B0FD00226D7E7022E40F00B819DF83A
:10B0A4002F30042B06D0019A002A00F0FE80032BD7
:10B0B40040F0FD80D5F818B04FF0000A22A908A886
:10B0C4000EF042FA02E00AF1010AF7E7044618B961
:10B0D400DA4510D1012418E0DA4516D008A80EF09C
:10B0E40012FA6B69C0B213F80A30834203D108A87C
:10B0F4000DF07AFCE7E7BAF1000F40F0D280249B10
:10B10400DC6884F40074C4F340240136042E40F057
:10B11400B180009B012B40F2FB80002C00F0AD803D
:10B12400029B002B00F0C8806E6A012422A908A8A3
:10B134000EF00AFAC6E02B6A33B9AB6ACBB122A986
:10B1440008A80EF001FA1AE022A908A80EF0FCF9EA
:10B1540004460028F1D008A80EF0D5F9EB69C0B276
:10B164001B788342E9D12B6A08A800930DF03CFCBC
:10B17400CBE72B6AA3B9019B83F00104C5E704461E
:10B184000028F6D008A80EF0BEF96B6AC0B21B788E
:10B194008342EED1AB6A08A800930DF025FC82E04F
:10B1A400AB6A002BE7D101231C460293ADE708A844
:10B1B4000EF0A9F95FFA80FB0DF12B020A21079822
:10B1C4008DF82BB00DF01EF960B1069BC01ADAF8A9
:10B1D4000030195C12A812F0D3F8013708A80DF05A
:10B1E40003FC3EE76B7C5B4509D1B8F1000F1AD133
:10B1F400EB6A002B12DDA04603970027EEE72B7CB9
:10B2040063B1AA7C5A4508D1B8F1000F0BD167B1DC
:10B21400F9B20CA812F0B4F8EFE71C46139B002B0C
:10B2240008BF002471E74446F8E73C46F6E70446C5
:10B234000028BCD10124F1E722A908A80EF084F962
:10B2440040B90024032E3FF464AF22A908A80EF0ED
:10B254007BF90DE008A80EF056F9049BC0B29B6977
:10B264001B5C1907EDD508A80DF0BEFB0124E9E726
:10B2740050B90136002C7FF4E7AED9F8003043F022
:10B284000403C9F8003074E008A80EF03CF9049BEC
:10B29400C0B29B691B5C1A07EBD508A80DF0A4FB90
:10B2A400D3E7002431E702942FE70326CCE6019C80
:10B2B4000326DFE701242CE7EE6936E7013435E79E
:10B2C4000C010020009BB0B9A342D6D1139B012BE3
:10B2D40021D90022302112A812F043F90246D0B13C
:10B2E400431C4FF0000112A804BF139A02F1FF326D
:10B2F400FEF786FD0FE0A342E8D008A80EF003F99C
:10B30400335DC0B28342B8D108A80DF06DFBD5E718
:10B31400002CB2D0DAE7029B53B90D9BFBB1B8F114
:10B32400000F0ED09DF80C100CA812F029F80AE0BA
:10B3340012990B78302BF0D02D2212A812F05CF861
:10B34400EBE7F9B2F0E70CAAD5E9020113F045F8EE
:10B3540028B9D9F8003043F00403C9F80030B8F133
:10B36400000F02D0EB6ABB4287D112A9269812F0D3
:10B3740081F808AC22A920460EF0D4F828B1D9F8F7
:10B38400003043F00203C9F80030059B94E8030041
:10B3940083E8030012A811F01CFF0CA811F019FF98
:10B3A400059819B0BDE8F08F12A811F012FF0CA88F
:10B3B40011F00FFF12F0D2F9F9E700BF184B1A6829
:10B3C400D1075CBF01221A60164B1A68D2075CBF12
:10B3D40001221A60144B1A68D0075CBF01221A605C
:10B3E400124B1A68D1075CBF01221A60104B1A680D
:10B3F400D2075CBF01221A600E4B1A68D0075CBFEB
:10B4040001221A600C4B1A68D1075CBF01221A6032
:10B414000A4B1A68D2075CBF01221A60704700BF4A
:10B42400DC1B0020D81B0020D41B0020D01B0020D4
:10B43400CC1B0020C81B0020C41B0020C01B002004
:10B4440000F1080373B5044615460E46036081B93E
:10B4540012B10E4800F068FA0A460191314620689C
:10B4640011F01BFF019B226800216360D15402B0DC
:10B4740070BD0F2A019201D87219EFE7002201A9C9
:10B4840004F0D6FB019B2060A360F5E73836020088
:10B49400836973B504460D4603B1984704F1080364
:10B4A4002360D5E900630F2B06EB0305019307D94D
:10B4B400002201A9204604F0BBFB019B2060A3608D
:10B4C4002A463146206811F0E3FE019B22680021E0
:10B4D4006360D154014BA36102B070BDF99F0100B8
:10B4E400074B002210B50360044603690C30DA6090
:10B4F4000CF077FC2046FDF79FFC204610BD00BFF2
:10B50400E4260200084B002210B5036004460369D8
:10B514000C30DA609A611A629A620CF062FC20467E
:10B52400FDF720FB204610BD24270200084B002213
:10B5340010B50360044603690C30DA609A611A623C
:10B544009A620CF04EFC2046FDF722FB204610BD0B
:10B5540058270200054B10B5044640F8103B0CF088
:10B5640040FC2046FEF7DCFB204610BDBC27020051
:10B57400084B10B5044640F80C3B0CF032FC064B6B
:10B58400204640F8083B12F010FE20460BF0FAFE6D
:10B59400204610BD08270200C4240200064B10B543
:10B5A400044640F8083B0CF01CFC044B2046236086
:10B5B4000BF0E8FE204610BD8C270200882502000F
:10B5C400064B10B5044640F8083B0CF00AFC044B4B
:10B5D400204623600BF0D6FE204610BDA4270200AF
:10B5E400A0250200064B10B5044640F8083B0CF0B9
:10B5F400F8FB044B204623600BF0C4FE204610BD2C
:10B60400D8270200B825020070B56FF001030C467C
:10B614008D4A05468D4912F036F8064610B1046885
:10B62400204670BD8A4B9C423BD1142004F0AEFFEF
:10B634000446682004F0AAFF864B00210646A06059
:10B644000360854B41600174818480F864106160FB
:10B654002360C0E90211C0E90511C0E907112046C1
:10B66400FDF79CFB03E020460BF08CFE14E06B68B6
:10B67400324629464FF000000133E56026616B60D5
:10B68400764B23600CF039FCCAE704F10C000CF093
:10B69400A8FB2046FDF7D0FB204611F0EEFF12F088
:10B6A4005DF86F4B9C4211D1102004F06FFF6D4B7D
:10B6B400466004460360FCF717FE6B6801336B6059
:10B6C400694BC4E902052360AAE7CCE7674B9C42B7
:10B6D4000AD10C2004F05AFF6B6804460133C0E918
:10B6E40001656B60624BEEE7624B9C420AD10C2011
:10B6F40004F04CFF6B6804460133C0E901656B60DC
:10B704005D4BE0E75D4B9C420AD10C2004F03EFF08
:10B714006B6804460133C0E901656B60584BD2E79E
:10B72400584B9C423AD1142004F030FF0446442084
:10B7340004F02CFF544B00220646A060036011461F
:10B74400524BC26002828274426380F8432062607A
:10B754002360C0E90122C0E90522C0E90722C0E94B
:10B764000922C0E90B222046FDF774F900E07AE7CC
:10B774006B68324629464FF000000133E5602661CC
:10B784006B60434B23600CF01BFC49E704F10C0095
:10B794000CF027FB2046FDF7E5F97DE73D4B9C4285
:10B7A4003AD1142004F0F2FE0446442004F0EEFEE4
:10B7B400394B00220646A06003601146374BC26035
:10B7C40002828274426380F8432062602360C0E98D
:10B7D4000122C0E90522C0E90722C0E90922C0E923
:10B7E4000B222046FDF77AF900E03CE76B6832460D
:10B7F40029464FF000000133E56026616B60284B59
:10B8040023600CF03AFC0BE704F10C000CF0E9FAAD
:10B814002046FDF7BDF93FE7224B9C420CD1142092
:10B8240004F0B4FE31460446FEF7AEFB6B682561B6
:10B8340001336B601C4B46E71C4800F075F82BE79E
:10B844002AE729E728E700BF58220200E01E020089
:10B85400EC1B0020581F0200E0240200E426020032
:10B86400E01B0020C424020008270200E81B00207B
:10B87400D8270200FC1B00208C270200F81B0020A4
:10B88400A4270200F01B0020381F02000425020038
:10B8940024270200F41B0020481F02003825020060
:10B8A40058270200E41B0020BC27020035330200A5
:10B8B4008B6910B5044613B9044800F035F8D1E992
:10B8C4000012FFF7BDFD204610BD00BF6233020029
:10B8D400044B10B5044640F81C3BFCF713FD20460E
:10B8E40010BD00BF342C020008B5042011F020FF65
:10B8F400024B034A0349036012F03CF9802C020016
:10B904007DFE00006C2C020008B5042011F010FF2D
:10B91400024B034A0349036012F02CF9A02C0200E5
:10B9240099FE00008C2C020038B50546082011F061
:10B93400FFFE0446294605F0F7F9054A2046054965
:10B9440012F018F9204604F013FB11F007FF00BFB2
:10B95400950A0100EC2D020038B50546082011F0C7
:10B96400E7FE0446294605F0F3F9054A2046054951
:10B9740012F000F9204604F0FBFA11F0EFFE00BFCC
:10B98400B90A0100F82D020038B50546082011F067
:10B99400CFFE0446294605F0E5F9054A2046054947
:10B9A40012F0E8F8204604F0E3FA11F0D7FE00BFE5
:10B9B400CD0A0100042E020038B50546082011F016
:10B9C400B7FE0446294605F0D7F9054A204605493D
:10B9D40012F0D0F8204604F0CBFA11F0BFFE00BFFD
:10B9E400710A0100102E0200034B10B504460360D7
:10B9F40000F036F8204610BD5C28020008B5836FBD
:10BA04000BB941F0010103694161194202D00248B6
:10BA140005F05EFA08BD00BF133A02000F4B00F1B7
:10BA2400240110B50360002304460A46C0E901332B
:10BA3400C0E90333C0E90533C0E907336430C2E920
:10BA4400003308328242FAD1082304F16C00C4E9BD
:10BA54001931FCF7E5FF204610BD00BF7428020031
:10BA64000C4B002110B5044603600FF04FF820463C
:10BA74000FF064F8A06E04F12403984204D008B1D6
:10BA840011F0FFFD0023A36604F16C00FCF73AFCFF
:10BA9400204610BD74280200064B10B50360002335
:10BAA40004464360044B40F8083FFFF7D9FF2046A3
:10BAB40010BD00BFA82802005C280200D0F800C016
:10BAC400ACF10C0CDCF800C06044E5E7034B10B5A6
:10BAD400044603600BF056FC204610BD3C2A0200CD
:10BAE400034B10B5044603600BF04CFC204610BD1C
:10BAF400782A0200034B10B5044603600BF042FCA5
:10BB0400204610BD782B0200034B10B50446036099
:10BB14000BF038FC204610BD902B0200034B10B5EF
:10BB2400044603600BF02EFC204610BDA82A020038
:10BB3400034B10B5044603600BF024FC204610BDF3
:10BB4400A82B0200034B10B5044603600BF01AFC4B
:10BB5400204610BDBC2B0200054B10B5044640F82E
:10BB6400083B12F022FB20460BF00CFC204610BDD3
:10BB7400302B0200054B10B5044640F8083B12F088
:10BB840014FB20460BF0FEFB204610BDFC290200EE
:10BB940038B50D4B044605690360FCF7AFFB8542DD
:10BBA40003D015B1284611F06CFDA06810B10368EC
:10BBB4005B68984704F10C0012F0F7FA20460BF08A
:10BBC400E1FB204638BD00BFB82A020088422DE9B7
:10BBD400F04104460D4618D0A0B1A1EB00080021A5
:10BBE4004046FDF7DBFE00F10C07064621463846C9
:10BBF4002A460CF051FC41463046FDF7C3FE384658
:10BC0400BDE8F0810248FFF78FFE024FF7E700BF5F
:10BC14000B330200B81B0020036853F80C3C994214
:10BC240010B504D90A46064806490EF01EFF5C1AF0
:10BC34000023A24228BF2246BDE810400CF057BCA6
:10BC44004B350200AD3502002DE9F74315461C467D
:10BC54002F4B074688466A46036021462846FFF76D
:10BC6400B5FF641B50F80C3C06460190640000EBE1
:10BC74000309204611F0DCFF0546324623462946D7
:10BC8400404612F0D4FA844202460ED8441C284698
:10BC940011F0F7FC204611F0CBFF32460146054671
:10BCA4002346404612F0C3FA024629463846FDF7B9
:10BCB40059FF10E011F0F4FD284611F0E2FC11F0F8
:10BCC40073FF11F016FE01A80FF0F1F838460FF0DB
:10BCD400EEF811F043FD3046F5F7B2F830448145F3
:10BCE4000BD0461C002138460CF0F0FCC5E7E1E718
:10BCF40011F0D6FDE3E7E6E7E8E7284611F0C1FCDA
:10BD040001A80FF0D4F8384603B0BDE8F08300BFB3
:10BD1400B81B002010B504460A48FCF717FB23683B
:10BD2400D3E90123834202D952F8200008B9FFF76E
:10BD3400EBFD0023044A054911F0A5FC08B904F001
:10BD44008BF910BD601C0020DC280200E01E0200FC
:10BD540010B504460A48FCF7F9FA2368D3E901232D
:10BD6400834202D952F8200008B9FFF7CDFD002321
:10BD7400044A054911F087FC08B904F06DF910BDB7
:10BD84005C1C0020E8280200E01E020010B50446F6
:10BD94000A48FCF7DBFA23689A6882420CD95B688C
:10BDA40053F8200038B10023054A064911F06BFC12
:10BDB400003818BF012010BD0020FCE7601C0020E3
:10BDC400DC280200E01E020010B504460A48FCF715
:10BDD400BDFA23689A6882420CD95B6853F8200044
:10BDE40038B10023054A064911F04DFC003818BF4C
:10BDF400012010BD0020FCE75C1C0020E8280200A4
:10BE0400E01E020000390B4A18BF01210260002223
:10BE1400416002828274426380F84320C0E90222B6
:10BE2400C0E90522C0E90722C0E90922C0E90B22C2
:10BE3400704700BF481F020000390B4A18BF012198
:10BE440002600022416002828274426380F84320CF
:10BE5400C0E90222C0E90522C0E90722C0E909229B
:10BE6400C0E90B22704700BF381F02000039084A9E
:10BE740018BF01210260002241600274828480F8AC
:10BE84006420C0E90222C0E90522C0E90722704704
:10BE9400581F0200003A0B4B18BF012210B504468C
:10BEA400816042600360FCF729FA0021206120468A
:10BEB40004F014FE04E020460BF064FA11F04EFC8A
:10BEC400204610BDB82A02000039094B18BF0121D1
:10BED40010B5416004460360FCF706FA04E020460E
:10BEE4000BF050FA11F03AFCA060204610BD00BFE0
:10BEF400302B020010B504460A48FCF727FA2368E1
:10BF0400D3E90123834202D952F8200008B9FFF78C
:10BF1400FBFC0023044A054911F0B5FB08B904F001
:10BF24009BF810BDBC1B0020A4230200E01E0200ED
:10BF340010B504460A48FCF709FA2368D3E901233B
:10BF4400834202D952F8200008B9FFF7DDFC002330
:10BF5400044A054911F097FB08B904F07DF810BDB7
:10BF6400481C0020D0280200E01E02002DE9F04306
:10BF740085B0044608468946FFF7DAFF8046014645
:10BF840001A80FF0D8F8019B53F80C0CE06011F0F5
:10BF94004FFE054601460023E26801A8FDF7D8FCE0
:10BFA400E3682BB195F90030002BD4BF00230123A3
:10BFB400414602A823740FF0C5F8029B53F80C0CF9
:10BFC400A06111F035FE064601460023A26902A8CD
:10BFD400FDF7BEFC19E0002704463E4602A80EF019
:10BFE40066FF01A80EF063FF204611F059FC2846B5
:10BFF40011F047FB16B1304611F043FB002F63D01C
:10C00400384656E004460027E8E7414603A80FF007
:10C01400A0F800E0F6E7039B53F80C0C206211F043
:10C0240007FE074601460023226A03A8FDF790FC99
:10C0340040460FF07AF884F8240040460FF078F870
:10C0440084F825004846FFF755FF234B80461968BE
:10C0540004F1260301F124020EF032FF1F4B404687
:10C06400196804F14A0301F11A020EF029FF0123B1
:10C0740003A8A56084F864306661E7610EF017FFD9
:10C0840002A80EF014FF01A80EF011FF05B0BDE8E0
:10C09400F0830446002703A80EF009FF9EE7044638
:10C0A400F9E7044601A80EF002FF204611F0F8FB60
:10C0B400284611F0E6FA07E0F3E7044601A80EF07B
:10C0C400F6FE204611F0ECFB11F06EFD11F011FCB0
:10C0D40011F044FBF6E700BF040100200801002032
:10C0E400F8B506461548FCF731F905463368DF68AC
:10C0F40057F820307BB9682004F048FA0446002140
:10C10400FFF7B4FE31462046FFF730FF2A462146AA
:10C114003068FCF7EDF957F82500F8BD11F0C0FBC5
:10C1240011F042FD11F0E5FB11F018FB11F0B8FB22
:10C13400236820465B689847F2E700BF481C00204C
:10C1440010B504460A48FCF701F92368D3E9012332
:10C15400834202D952F8200008B9FFF7D5FB002327
:10C16400044A054911F08FFA08B903F075FF10BDB0
:10C174004C1C00200C290200E01E020010B50446ED
:10C184000A48FCF7E3F82368D3E90123834202D980
:10C1940052F8200008B9FFF7B7FB0023044A054909
:10C1A40011F071FA08B903F057FF10BD501C0020BC
:10C1B4002C290200E01E020010B504460A48FCF7D0
:10C1C400C5F82368D3E90123834202D952F8200039
:10C1D40008B9FFF799FB0023044A054911F053FA03
:10C1E40008B903F039FF10BD441C002000290200E7
:10C1F400E01E020010B504460A48FCF7A7F82368BD
:10C204009A6882420CD95B6853F8200038B1002345
:10C21400054A064911F037FA003818BF012010BD4D
:10C224000020FCE7BC1B0020A4230200E01E020047
:10C234002DE9F04188B0044608468846FFF79EFF82
:10C244000146054606A80EF01FFF06A902A80FF036
:10C254002AFA06A80EF02BFE294606A80EF01BFFAC
:10C2640006A904A80FF01FFA06A80EF020FE29461E
:10C2740001A80EF017FF01A906A80FF014FA01A8EF
:10C284000EF015FE294601A80EF0F7FE019B53F8A7
:10C294000C6C304611F0CCFC0746014600233246B4
:10C2A40001A8FDF755FBC4E902762EB197F90060A9
:10C2B400002ED4BF00260126284626740EF0D7FE91
:10C2C400607428460EF0D6FE059A039BE261049A38
:10C2D40063612262079A029B6262069AA361002349
:10C2E400A0742846A2620393059307930EF0E1FE1F
:10C2F400E06228460EF0E0FE206328460EF0E1FEE0
:10C3040060634046FFF7F6FD164B196804F13803E5
:10C3140001F10B020EF0D4FD012301A884F843308F
:10C324000EF0C5FD08B0BDE8F08106A80EF0BFFD13
:10C3340011F014FA06A80EF0BAFD02A80FF0C5F920
:10C34400F6E701A80EF0B3FD04A80FF0BEF9F4E778
:10C3540001A80EF0ACFD06A80FF0B7F9F4E7FAE770
:10C36400F2E7EAE70C010020F8B506461548FBF7AA
:10C37400EDFF05463368DF6857F820307BB9442069
:10C3840004F004F904460021FFF73CFD3146204641
:10C39400FFF74EFF2A4621463068FCF7A9F857F804
:10C3A4002500F8BD11F07CFA11F0FEFB11F0A1FAA2
:10C3B40011F0D4F911F074FA236820465B689847A9
:10C3C400F2E700BF501C00202DE9F04188B004467C
:10C3D40008468846FFF7B4FE0146054606A80EF057
:10C3E40082FE06A902A80FF078F906A80EF05FFDF8
:10C3F400294606A80EF07EFE06A904A80FF06DF9E2
:10C4040006A80EF054FD294601A80EF07AFE01A9F3
:10C4140006A80FF062F901A80EF049FD294601A80B
:10C424000EF05AFE019B53F80C6C304611F000FCE0
:10C43400074601460023324601A8FDF789FAC4E9FC
:10C4440002762EB197F90060002ED4BF0026012693
:10C45400284626740EF03AFE607428460EF039FE23
:10C46400059A039BE261049A63612262079A029B24
:10C474006262069AA3610023A0742846A262039311
:10C48400059307930EF044FEE06228460EF043FE47
:10C49400206328460EF044FE60634046FFF72AFD01
:10C4A400164B196804F1380301F10B020EF008FD74
:10C4B400012301A884F843300EF0F9FC08B0BDE86C
:10C4C400F08106A80EF0F3FC11F048F906A80EF06E
:10C4D400EEFC02A80FF013F9F6E701A80EF0E7FC52
:10C4E40004A80FF00CF9F4E701A80EF0E0FC06A88C
:10C4F4000FF005F9F4E7FAE7F2E7EAE70C010020A8
:10C50400F8B506461548FBF721FF05463368DF6892
:10C5140057F820307BB9442004F038F80446002151
:10C52400FFF78AFC31462046FFF74EFF2A46214694
:10C534003068FBF7DDFF57F82500F8BD11F0B0F9BE
:10C5440011F032FB11F0D5F911F008F911F0A8F946
:10C55400236820465B689847F2E700BF4C1C002024
:10C564002DE9F04F8FB0189F06A9059007F16C04D0
:10C574009DF86480204681E80C00FFF7BBFC8246EE
:10C584002046FFF7BDFF1A9B04461D6890F838301B
:10C594002A7855F80C1C9A421DD0026BC369D0F856
:10C5A40020900992039329442B4699421E4606D9AA
:10C5B40030780133DAF81820125C5207F5D4761B70
:10C5C400B346002E00F0EC80804B71000AA80A9359
:10C5D4000CF036F809E0426B436AD0F828900992CF
:10C5E40003930029DFD00135DDE7E36AA6EB030AF4
:10C5F400BAF1000F27DD16EA230638BF5646E36872
:10C604004BB300210A9A73000AA8009152F80C2C2B
:10C61400FDF746FA0AA80BF0C8FFAB19A17C0A98EB
:10C62400CDE90053D4E902230EF0C5FE82460AA8E0
:10C634000BF0BBFF0A994FF0FF320AA8AAEB0101E5
:10C64400FFF7EAFAB246E36A002B1EDD617C0AA812
:10C654000CF03CF805E0324629460AA8FDF73CFAFE
:10C66400F0E7BAF1000F06DBE26A05EB0A010AA85B
:10C67400FDF778FA09E094F83920CAF100010AA814
:10C68400FDF7AAFA5A462946F1E7FD680BA805F01A
:10C69400B00315F4007504930A9B18BFA56953F8F9
:10C6A4000C3C4B441D44494B69000B930BF0C8FFF1
:10C6B400049BBE68102B11D1B5422CBF4FF0000B68
:10C6C4004FF0010B4FF0000A09AB13F80A30042BAA
:10C6D4002CD8DFE803F0281D060F18004FF0000BDC
:10C6E400F0E7FB689B0521D50BA8D4E90512FDF7FB
:10C6F40039FA1BE0B9F1000F18D0039B19780BA885
:10C704000BF0E4FF12E00AA90BA80BF0B4FF0DE054
:10C71400BBF1000F05D04246711B0BA8FDF75CFA74
:10C7240004E04146EBE7BBF1000FF4D10AF1010A42
:10C73400BAF1040FC8D1B9F1010F06D9039909F16F
:10C74400FF320BA80131FDF70DFA0B9B53F80C3C9B
:10C754009E4209D9049AF31A202A0ED14246194658
:10C764000BA8FDF739FA33460CAC06AA0093204611
:10C774000B9B06CA0CF03FFC07E000220BA8CDF887
:10C7840000801146FDF78CF9EDE794E8030006906C
:10C794000BA88DF81C100EF08AFB0AA80EF087FB7C
:10C7A4000023BB6006AB93E80300059B83E803000A
:10C7B40018460FB0BDE8F08F0BA80EF078FB0AA85E
:10C7C4000EF075FB10F0CAFFF9E700BFB81B00209C
:10C7D4002DE9F04F8FB0189F06A9059007F16C045E
:10C7E4009DF86480204681E80C00FFF783FB8246B5
:10C7F4002046FFF7B9FD1A9B04461D6890F83830AF
:10C804002A7855F80C1C9A421DD0026BC369D0F8E3
:10C8140020900992039329442B4699421E4606D937
:10C8240030780133DAF81820125C5207F5D4761BFD
:10C83400B346002E00F0EC80804B71000AA80A93E6
:10C844000BF0FEFE09E0426B436AD0F8289009928F
:10C8540003930029DFD00135DDE7E36AA6EB030A81
:10C86400BAF1000F27DD16EA230638BF5646E368FF
:10C874004BB300210A9A73000AA8009152F80C2CB9
:10C88400FDF70EF90AA80BF090FEAB19A17C0A98EB
:10C89400CDE90053D4E902230EF08DFD82460AA8A7
:10C8A4000BF083FE0A994FF0FF320AA8AAEB0101AC
:10C8B400FFF7B2F9B246E36A002B1EDD617C0AA8D9
:10C8C4000BF004FF05E0324629460AA8FDF704F9F7
:10C8D400F0E7BAF1000F06DBE26A05EB0A010AA8E9
:10C8E400FDF740F909E094F83920CAF100010AA8DB
:10C8F400FDF772F95A462946F1E7FD680BA805F0E1
:10C90400B00315F4007504930A9B18BFA56953F886
:10C914000C3C4B441D44494B69000B930BF090FEB7
:10C92400049BBE68102B11D1B5422CBF4FF0000BF5
:10C934004FF0010B4FF0000A09AB13F80A30042B37
:10C944002CD8DFE803F0281D060F18004FF0000B69
:10C95400F0E7FB689B0521D50BA8D4E90512FDF788
:10C9640001F91BE0B9F1000F18D0039B19780BA84B
:10C974000BF0ACFE12E00AA90BA80BF07CFE0DE054
:10C98400BBF1000F05D04246711B0BA8FDF724F93B
:10C9940004E04146EBE7BBF1000FF4D10AF1010AD0
:10C9A400BAF1040FC8D1B9F1010F06D9039909F1FD
:10C9B400FF320BA80131FDF7D5F80B9B53F80C3C63
:10C9C4009E4209D9049AF31A202A0ED142461946E6
:10C9D4000BA8FDF701F933460CAC06AA00932046D8
:10C9E4000B9B06CA0CF007FB07E000220BA8CDF84E
:10C9F40000801146FDF754F8EDE794E80300069033
:10CA04000BA88DF81C100EF052FA0AA80EF04FFA7B
:10CA14000023BB6006AB93E80300059B83E8030097
:10CA240018460FB0BDE8F08F0BA80EF040FA0AA824
:10CA34000EF03DFA10F092FEF9E700BFB81B00209B
:10CA44002DE9F04F8DB00646894604AF07F108057D
:10CA540007F1180097F850A085E80C0097F84830C3
:10CA64003B60FB6C03F16C01FBF728FC07F1180039
:10CA7400FFF740FA90B078600DF11008FBF734FC32
:10CA8400F8614022414607F11C00D7E91634CDE98C
:10CA9400023400230093334BFDF73EFA3F2804464B
:10CAA40019DD083400F1010B24F00704ADEB040D8B
:10CAB4000DF11008FBF718FCF8615A46414607F1DE
:10CAC4001C00D7E91634CDE9023400230093254B2A
:10CAD400FDF722FA044607F1140200212046FCF770
:10CAE40089FFF86107F11C0044440BF05EFDFB690B
:10CAF4002246414678680EF0E3F93B6863B107F1DA
:10CB04001C0349463046CDE901A3FB6C009395E82C
:10CB14000C00FFF725FD17E007F11C0349463046DA
:10CB2400CDE901A3FB6C009395E80C00FFF750FEE0
:10CB34000AE007F11C000EF0BAF907F11800FBF740
:10CB4400E1FB10F00BFEF8E707F11C000EF0AFF963
:10CB540007F11800FBF7D6FB30462437BD46BDE885
:10CB6400F08F00BF813602002DE9F04FADB0894649
:10CB7400389D0EA90B9005F16C06DDF8E8A03C9CED
:10CB8400304681E80C00FFF717FB0890304600267A
:10CB9400FFF7B0F983463B98F4F752F910960A90E0
:10CBA40036A90EA80CF0D0FCDDF84080002800F077
:10CBB40060840A9B9E4280F05C84B8F1000F00F010
:10CBC4006D84399B399A1B6843F00403136000F0A9
:10CBD40058BC14AE08980CAF31460EF0D9FA1BA914
:10CBE40008980EF0E5FA10ABCDE905530E23CDE914
:10CBF400036311AB0EAE029336AB93E803008DE8EA
:10CC040003004946384696E80C000FF0BEFB109B23
:10CC140097E8030086E80300002B3CD1119A072310
:10CC240092FBF3F3C3EBC303D21ACAF81820237898
:10CC340043F00203DFE014AE08980CAF31460EF067
:10CC4400C7FA20A908980EF0E2FA10ABCDE9055313
:10CC54001823CDE9036311AB0EAE029336AB93E810
:10CC640003008DE803004946384696E80C000FF0AF
:10CC74008CFB109B97E8030086E803005BB9119BCB
:10CC84000C2293FBF2F102FB1133CAF81030238813
:10CC940043F481632380099E013681E712A9089831
:10CCA4000EF06AFA0CAF129B0694059310ABCDF804
:10CCB40010A00EAECDE9025336AB93E803008DE825
:10CCC40003004946384696E80C00FFF74DFF109BD9
:10CCD40097E8030086E80300002BDCD1637843F077
:10CCE400040376E110AB02260CAFCDE906536323AF
:10CCF400CDE9043600230EAE039311AB029336AB99
:10CD040093E803008DE803004946384696E80C0092
:10CD14000FF0F5FA109B97E8030086E80300002B58
:10CD2400B9D1119B6360238843F49063B2E7304622
:10CD34000CF0E9FBDBF81830C0B21B5C180702D515
:10CD440030460EF02BF810AB02210CAF0EAECDE93D
:10CD540006531F23CDE904310123039311AB02933E
:10CD640036AB93E803008DE803004946384696E85D
:10CD74000C000FF0C4FA109B97E8030086E8030048
:10CD8400002B88D1119BCAF80C30238843F48263AA
:10CD940080E714AEB84A58460CAF3346A2F10901F5
:10CDA4000EF08EF8CDE9056480E710AB02220CAFDB
:10CDB4000EAECDE906531723CDE9043200230393C5
:10CDC40011AB029336AB93E803008DE803004946A8
:10CDD400384696E80C000FF092FA109A97E8030090
:10CDE40086E80300002A7FF456AF119BCAF8083086
:10CDF400237862F3000323704DE710AB0C270DF189
:10CE040030080EAECDE906530223CDE904730123A5
:10CE1400039311AB029336AB93E803008DE8030050
:10CE24004946404696E80C000FF069FA109B98E8D2
:10CE3400030086E80300002B7FF42DAF119B93FBC6
:10CE4400F7F207FB1233CAF80830237843F00103E2
:10CE5400D1E710AB4FF003080CAF0EAECDE906538B
:10CE64004FF4B773CDE904380123039311AB029354
:10CE740036AB93E803008DE803004946384696E84C
:10CE84000C000FF03CFA109B97E8030086E80300BF
:10CE9400002B7FF400AF119B013BCAF81C302378B0
:10CEA40043F00403A7E710AB4FF0020E0CAF0EAE35
:10CEB400CDE906530C23CDE9043E0123039311ABC2
:10CEC400029336AB93E803008DE8030049463846E5
:10CED40096E80C000FF013FA109B97E8030086E81D
:10CEE4000300002B7FF4D7AE119B013BCAF810302E
:10CEF400237843F008037EE710AB4FF0020C0CAF2D
:10CF04000EAECDE906533B23CDE9043C0023039345
:10CF140011AB029336AB93E803008DE80300494656
:10CF2400384696E80C000FF0EAF9109B97E80300E6
:10CF340086E80300002B7FF4AEAE119BCAF80430E0
:10CF4400A9E636A90EA80CF0FFFA00283FF4A3AE18
:10CF54000EA80CF0D8FADBF81830C0B21B5C1E0720
:10CF64007FF599AE0EA80DF019FFEAE714AE089804
:10CF740031460EF007F9149B1B78002B3FF48BAE5F
:10CF8400159B1B78002B3FF486AE10AB0CAFCDE99C
:10CF940005530223CDE9036311AB0EAE029336AB06
:10CFA40093E803008DE803004946384696E80C00F0
:10CFB4000FF0EBF9109B97E8030086E80300002BC1
:10CFC4007FF469AE119B002B3FF465AE637843F0A8
:10CFD400010363705FE6089B0CAF06949B689B6A31
:10CFE400059309E014AE254A3346911F0CAF584609
:10CFF4000DF066FFCDE9056410ABCDF810A00EAEC0
:10D00400CDE9025336AB93E803008DE803004946AB
:10D01400384696E80C00FFF7A7FD97E8030086E87A
:10D02400030038E610AB02200CAF0EAECDE9065378
:10D034003C23CDE904300023039311AB029336ABB8
:10D0440093E803008DE803004946384696E80C004F
:10D054000FF055F9109B97E8030086E80300002BB6
:10D064007FF419AE119BCAF8003014E614AE044ADA
:10D074003346A2F10901B9E7903602009636020060
:10D084009F36020010AB02210CAF0EAECDE9065361
:10D094003523CDE904310023039311AB029336AB5E
:10D0A40093E803008DE803004946384696E80C00EF
:10D0B4000FF025F9109B97E8030086E80300002B86
:10D0C4007FF4E9AD119B22681B0422F47C1203F463
:10D0D4007C1322F0200243F0200313432360DAE59B
:10D0E40010AB01220CAF0EAECDE906530623CDE9F9
:10D0F40004320023039311AB029336AB93E803008D
:10D104008DE803004946384696E80C000FF0F7F81E
:10D11400109B97E8030086E80300002B7FF4BBAD67
:10D12400119BCAF8183082E510AB4FF002080CAF1F
:10D134000EAECDE906533523CDE90438002303931D
:10D1440011AB029336AB93E803008DE80300494624
:10D15400384696E80C000FF0D2F8109B97E80300CD
:10D1640086E80300002B7FF496AD119B22681B0414
:10D1740022F47C1203F47C1322F0400243F04003B7
:10D18400ABE714A908980DF0EBFF0CAF149B0694C1
:10D1940026E714A908980DF0E9FFF6E710AB4FF065
:10D1A400020E0CAF0EAECDE906536323CDE9043E67
:10D1B4000023039311AB029336AB93E803008DE88D
:10D1C40003004946384696E80C000FF098F8109B87
:10D1D40097E8030086E80300002B7FF45CAD6378D6
:10D1E40036A9304623F0060343F0060363700CF0BF
:10D1F400ABF900283BD030460CF085F92A22C1B2A5
:10D2040058460BF051FDA0F130085FFA88F3092B62
:10D214002DD830460A270DF0C1FD119B36A93046A2
:10D2240007FB038311930CF08FF9A0B130460CF087
:10D234006AF92A22C1B258460BF036FDA0F1300833
:10D244005FFA88F3092B06D830460DF0A7FD119B31
:10D2540007FB03831193119BA3F26C7311936378FF
:10D264006FF341036370119BCAF8143013E5119BEB
:10D27400442BDCBF64331193F5E710AB4FF0040C7F
:10D284000CAF0EAECDE9065342F20F73CDE9043C68
:10D294000023039311AB029336AB93E803008DE8AC
:10D2A40003004946384696E80C000FF028F8109B16
:10D2B40097E8030086E80300002B7FF4ECAC119B95
:10D2C400A3F26C73CAF81430637823F0060306E5FE
:10D2D40030460CF018F9DBF81830C0B21B5CDF07DD
:10D2E40040F1828010AB0CAFCDE905530E230493BB
:10D2F400694B039314AB029336AB93E803008DE8B8
:10D3040003004946384696E80C000FF03EF897E8CB
:10D31400030086E8030036A930460CF015F900280E
:10D324003FF4B9AC109B149A13437FF4B4AC304669
:10D334000CF0E9F807462D215846FFB20BF0A3FC88
:10D34400B84235D11723022110AF00220CAE0DF1E3
:10D3540038080392CDE9043114A9029136A9CDE924
:10D36400065703C98DE803004946304698E80C0087
:10D374000EF0C5FF3B23002296E8030088E8030073
:10D3840002200392CDE9043014AB029336ABCDE90D
:10D39400065793E803008DE803004946304698E8B1
:10D3A4000C000EF0ACFF96E8030088E8030072E47A
:10D3B40030460CF0A8F806462B215846F6B20BF07E
:10D3C40062FCB0427FF467ACBCE730460CF09BF8DB
:10D3D400074625215846FFB20BF055FCB84203D14D
:10D3E40030460DF0DBFC56E4109B43F0040310932D
:10D3F40051E43B9B995DDBF818305B5C1A0714D54C
:10D4040036A90EA80CF0A0F800283FF445AC0EA8ED
:10D414000CF079F8DBF81830C0B21B5C1B077FF501
:10D424003BAC0EA80DF0BAFCEAE758460BF028FC1A
:10D4340080460EA80CF067F8C1B258460BF020FCE9
:10D44400804512D0397858460BF017FC07460EA8D1
:10D454000CF059F8C1B258460BF00FFC874204D0C7
:10D46400109B43F00403109316E40EA80DF096FCF1
:10D4740012E4B8F1000F7FF4A4AB0A9B9E427FF440
:10D48400A0AB0EAB93E803000B9B83E803001846A4
:10D494002DB0BDE8F08F00BF100100203B9B424639
:10D4A4005846995D9F190BF0FFFB2528A1D1731CE9
:10D4B400711C4246584609933B9B595C0BF0F4FBA4
:10D4C4004528CDF8448001D04F2808D1B31C002250
:10D4D4005846099309993B9B595C0BF0E5FB2538A9
:10D4E4000EAE542880D801A353F820F0CFD3000007
:10D4F400EDD30000EDD30000EDD30000EDD3000028
:10D50400EDD30000EDD30000EDD30000EDD3000017
:10D51400EDD30000EDD30000EDD30000EDD3000007
:10D52400EDD30000EDD30000EDD30000EDD30000F7
:10D53400EDD30000EDD30000EDD30000EDD30000E7
:10D54400EDD30000EDD30000EDD30000EDD30000D7
:10D55400EDD30000EDD30000EDD30000D7CB0000E5
:10D564003BCC0000E9CC000097CD0000EDD30000D7
:10D57400EDD30000EDD30000AFCD0000FFCD0000DF
:10D58400EDD30000EDD30000EDD30000FDCE00008C
:10D59400EDD30000EDD30000EDD30000EDD3000087
:10D5A400E9CF000029D0000071D0000089D000002C
:10D5B400EDD300002DD1000097D100007FD20000F0
:10D5C400D5D20000EDD30000EDD30000EDD3000070
:10D5D400EDD30000EDD30000EDD30000D7CB000065
:10D5E4003BCC0000A1CC000033CD000033CD0000C3
:10D5F400EDD30000EDD300003BCC0000EDD30000E0
:10D6040057CE0000EDD30000EDD30000ABCE0000F8
:10D6140047CF0000EDD3000071CF0000EDD3000030
:10D62400DBCF0000EDD3000047CF0000EDD30000B6
:10D63400EDD30000E5D0000087D10000A1D10000A7
:10D644002DE9F04F89B0029004AF1498DDF858B07A
:10D654006C3087E80C00FEF743FD0023044612A952
:10D6640038468DF81B300BF05DFF054608B34FF0CC
:10D674000008237C01254646A14A0792002B40F06E
:10D68400818094F864A0BAF1000F00F0FD8004F1E9
:10D694004E030193002D00F0FC80079B53F80C3CD3
:10D6A400002B00F093805FFA88F107A80BF00EF8C6
:10D6B400B8E138460BF027FF94F84B10C0B2237C36
:10D6C40081428DF81B002ED193BB94F824308B42F9
:10D6D4004FD10026237C4FF0FF39B0469DF81B2024
:10D6E4001BB194F825109142C6D094F824109142AD
:10D6F400C2D094F84E109142BED11EB93021584682
:10D704000AF0E4FF049808F101080DF01DFB12A9CA
:10D714003846CDF814900BF017FF064658BB012588
:10D72400237C2E46A8E794F84A208242D1D11BB12B
:10D7340094F825308342CCD094F824308342C8D066
:10D74400814214BF2D212B2158460AF0BFFF0498B3
:10D754000DF0FAFA4FF0FF3312A9384605930BF097
:10D76400F3FE002883D038460BF0CDFE8DF81B0065
:10D77400AFE72B21E8E738460BF0C5FE237C8DF894
:10D784001B00ABE7202107A80AF05AFF79E75546AA
:10D7940056469DF81B10A1F13003092B03D85846B7
:10D7A4000AF094FF59E094F824308B421AD1B9F16D
:10D7B400000F17D125B92E2158460AF087FF4FE0F4
:10D7C400079B53F80C3C002B40F02C81029B97E8FC
:10D7D400030083E8030007A80DF069FB029809B071
:10D7E400BDE8F08F94F85C308B4204D094F862303A
:10D7F4008B4240F00B81002D40F00881002E00F098
:10D804000581652158460AF061FF04980DF09CFAE1
:10D814004FF0FF3312A9384605930BF095FE82466C
:10D82400002800F0F28038460BF06DFEC0B294F888
:10D834004B3083428DF81B0008D094F84A30834261
:10D84400A5D12D2158460AF041FF01E02B21F9E72B
:10D85400554604980DF078FA06E04FF0010AF8E70F
:10D86400B2464FF00109F4E74FF0FF3312A93846EE
:10D8740005930BF069FE002800F0C88038460BF0D1
:10D8840042FE8DF81B0083E7002D7FF406AFA94606
:10D894007FE7A94672E05846FCF7D4F8FDE694F811
:10D8A40024209A4214D1079B53F80C3CB9F1000F81
:10D8B40040F0AC80002D40F0A98023B15FFA88F1DC
:10D8C40007A80AF003FF2E2158460AF0FFFE8AE05B
:10D8D4000DF11B020A21019803930AF093FD039BA7
:10D8E40080B1019BC01A00F130015846C9B20AF058
:10D8F400EDFE08F10108564604980DF025FA74E08F
:10D90400B81B002094F85C209A4203D094F862205B
:10D914009A427BD1079B53F80C3C002D76D1002E04
:10D9240074D03BB1B9F1000F04D15FFA88F107A8B4
:10D934000AF0CCFE652158460AF0C8FE04980DF0A2
:10D9440003FA4FF0FF3312A904A805930BF0FCFD72
:10D954000546002859D004A80BF0D5FDC0B294F8B0
:10D964004B10237C81428DF81B001FD11BBB94F804
:10D9740024308B422FD12B462E461D46227C9DF807
:10D984001B30002A8BD094F825209A4287D1B9F114
:10D99400000F3BD1002D39D1B8F1000F3FF47BAF1C
:10D9A4005FFA88F107A80AF091FE18E094F84A207B
:10D9B4008242E0D11BB194F825308342DBD094F845
:10D9C40024308342D7D0814214BF2D212B215846C5
:10D9D4000AF07CFE01E02B21F9E72E468CE74FF09C
:10D9E4000009C84688E7D14686E74FF0FF3312A9FD
:10D9F40004A805930BF0A8FD40B104A80BF083FD27
:10DA04002B468DF81B003546B6E73546079B53F881
:10DA14000C3C002B3FF4DAAEB9F1000F02D1002D1B
:10DA24003FF441AE07AAD4E9020110F09BFC0028A0
:10DA34007FF4CCAE159B04221A60C7E607A80DF04C
:10DA440036FA0FF08BFE00BF2DE9F0438DB005468A
:10DA54008946202108AC0AAE179F304684E80C00A2
:10DA64001E4B0A930AF0ECFD169B0DF11808029365
:10DA740014ABCDE9037693E803008DE8030049462F
:10DA8400404694E80C00FFF7DBFD98E80300DDF85E
:10DA9400288084E80300FAF727FC18990BAB0B9055
:10DAA4003A46404602F0C2FD14A920460BF03AFD66
:10DAB40018B13B6843F002033B6094E8030085E837
:10DAC400030030460DF0F3F928460DB0BDE8F083AD
:10DAD40030460DF0ECF90FF041FE00BFB81B0020FA
:10DAE4002DE9F0438DB005468946202108AC0AAEE5
:10DAF400179F304684E80C001E4B0A930AF0A0FDE1
:10DB0400169B0DF11808029314ABCDE9037693E844
:10DB140003008DE803004946404694E80C00FFF7F3
:10DB24008FFD98E80300DDF8288084E80300FAF705
:10DB3400DBFB18990BAB0B903A46404602F0B0FD64
:10DB440014A920460BF0EEFC18B13B6843F0020325
:10DB54003B6094E8030085E8030030460DF0A7F924
:10DB640028460DB0BDE8F08330460DF0A0F90FF063
:10DB7400F5FD00BFB81B00202DE9F0438DB005462C
:10DB84008946202108AC0AAE179F304684E80C0071
:10DB94001E4B0A930AF054FD169B0DF118080293CC
:10DBA40014ABCDE9037693E803008DE803004946FE
:10DBB400404694E80C00FFF743FD98E80300DDF8C5
:10DBC400288084E80300FAF78FFB18990BAB0B90BD
:10DBD4003A46404602F0AAFD14A920460BF0A2FCE6
:10DBE40018B13B6843F002033B6094E8030085E806
:10DBF400030030460DF05BF928460DB0BDE8F08314
:10DC040030460DF054F90FF0A9FD00BFB81B0020F9
:10DC14002DE9F04F8DB0189C08AD079004F16C000D
:10DC240085E80C00FEF75CFAE4680023064604F07D
:10DC34004A048DF82B30402C59D0082C0CBF4FF0DF
:10DC4400100A4FF00A0A16A928460BF06BFC81460D
:10DC5400002840F0918028460BF055FC96F84A20A5
:10DC6400C0B2337C82428DF82B0003D096F84B105F
:10DC7400814256D1111A4A424A410292002B39D0AC
:10DC840096F82530834235D1337C00274FF0FF3B93
:10DC9400B8469DF82B201BB196F8253093426FD0DF
:10DCA40096F8243093426BD096F84E30934243D189
:10DCB400002F39D0BAF10A0F40D1002C4ED008F110
:10DCC400010808980DF040F816A92846CDF824B0AC
:10DCD4000BF03AFC002800F08D8028460BF013FC72
:10DCE4008DF82B00002F00F08880337CD1E74FF0B3
:10DCF400080AA8E796F824308342C5D008980DF0A6
:10DD040023F84FF0FF3316A9284609930BF01CFCA7
:10DD14000746002868D028460BF0F5FB8DF82B0049
:10DD2400B2E7CDF80890B0E7E4B1BAF1080F1CD01F
:10DD340008F101080127C4E7002F5ED096F84C30A3
:10DD4400934203D096F84D30934251D17CB1BAF14D
:10DD5400100F54D14FF000084746B2E7A0464FF0E9
:10DD6400080AAEE7A0460127F9E7B846E2E7A0466D
:10DD740027464FF0100AA4E7002398461F46029353
:10DD8400BAF1100F14BF534616230493824B0B931E
:10DD9400337C002B37D1029B03F10043013B0193F9
:10DDA400B3FBFAF3059396F864300393002B5AD02F
:10DDB40006F14E030693B9F1000F40F09180CB4673
:10DDC4004D46347C9DF82B30002C52D096F82520FB
:10DDD4009A424ED1B8F1000F00F088805FFA88F1C2
:10DDE4000BA80AF073FC66E04FF001098046C7E710
:10DDF4000127C5E74FF00109C2E7B946C0E701278B
:10DE0400CDF810A0C2E720210BA80AF019FCC2E744
:10DE14004FF0010B23E04FF0FF3316A908A8099334
:10DE24000BF092FB044600285ED008A80BF06BFBB5
:10DE34008DF82B009DF82B1004980CF08FFF431CD9
:10DE440050D0059BAB42E3D3019B05FB0AF508F1D7
:10DE540001081B1AAB4238BF4BF0010B054408986C
:10DE64000CF072FFD7E7B9F1000F49D1CB464D460C
:10DE7400E0E796F824209A4234D00DF12B0204995D
:10DE840006980AF0BFFA68B3069BC01A059B0F28D0
:10DE9400C8BF0638AB4211D3019B05FB0AF508F154
:10DEA40001081B1AAB4238BF4BF0010B054408981C
:10DEB4000CF04AFF05E04FF00008F8E7DDF80CB07D
:10DEC400F5E74FF0FF3316A908A809930BF03CFBC4
:10DED4000446D0B108A80BF016FB8DF82B0070E7B0
:10DEE4000025AB46002401E04FF001090B9B53F8D9
:10DEF4000C3CB3B15FFA88F10BA80AF0E7FB07E02A
:10DF0400DDF80CB05C465D46F0E7DDF80C90EDE71B
:10DF14000BAAD6E9020110F025FA10B90423199AC4
:10DF24001360B8F1000F04D11FB90B9B53F80C3CDC
:10DF34004BB144B9BBF1000F20D1029B03B16D4238
:10DF44001A9B1D6005E000231A9A13600423199A92
:10DF54001360B9F1000F05D0199B199A1B6843F09F
:10DF640002031360079BDDE9080183E803000BA8A3
:10DF74000CF09DFF07980DB0BDE8F08F029B002BBD
:10DF84000CBF6FF000434FF00043DDE70BA80CF02B
:10DF94008EFF0FF0E3FB00BFB81B00202DE9F04F0C
:10DFA4008BB0169C06AD059004F16C0085E80C005E
:10DFB400FEF796F8E4680023064604F04A048DF858
:10DFC4002330402C59D0082C0CBF4FF0100A4FF0CE
:10DFD4000A0A14A928460BF0A5FA8146002840F045
:10DFE400918028460BF08FFA96F84A20C0B2337C11
:10DFF40082428DF8230003D096F84B10814256D10B
:10E00400111A4A424A410192002B39D096F8253020
:10E01400834235D1337C00274FF0FF3BB8469DF84F
:10E0240023201BB196F8253093426FD096F8243004
:10E0340093426BD096F84E30934243D1002F39D09F
:10E04400BAF10A0F40D1002C4ED008F1010806980D
:10E054000CF07AFE14A92846CDF81CB00BF074FA23
:10E06400002800F0898028460BF04DFA8DF8230033
:10E07400002F00F08480337CD1E74FF0080AA8E732
:10E0840096F824308342C5D006980CF05DFE4FF01C
:10E09400FF3314A9284607930BF056FA07460028C5
:10E0A40064D028460BF02FFA8DF82300B2E7CDF8A0
:10E0B4000490B0E7E4B1BAF1080F1CD008F10108EC
:10E0C4000127C4E7002F5AD096F84C30934203D06E
:10E0D40096F84D3093424DD17CB1BAF1100F50D126
:10E0E4004FF000084746B2E7A0464FF0080AAEE7F3
:10E0F400A0460127F9E7B846E2E7A04627464FF0D5
:10E10400100AA4E7002398461F460193BAF1100FA2
:10E1140014BF534616230293814B0993337CA3BB4C
:10E124004FF6FF73B3FBFAF3039396F8643000934E
:10E13400002B5DD006F14E030493B9F1000F40F0BB
:10E144009780CB464C46357C9DF82330002D55D026
:10E1540096F825209A4251D1B8F1000F00F08E8034
:10E164005FFA88F109A80AF0B1FA6CE04FF00109EE
:10E174008046CBE70127C9E74FF00109C6E7B94656
:10E18400C4E70127CDF808A0C6E7202109A80AF0B2
:10E1940057FAC5E74FF0010B26E04FF0FF3314A9FF
:10E1A40006A807930BF0D0F90546002864D006A80A
:10E1B4000BF0A9F98DF823009DF8231002980CF0B8
:10E1C400CDFD431C56D0039BA342E3D30AFB04F4C6
:10E1D400C0F57F4308F10108A4B2FF339C42C8BFD5
:10E1E4004BF0010B0444A4B206980CF0ADFDD4E747
:10E1F400B9F1000F4CD1CB464C46DDE796F824200C
:10E204009A4237D00DF12302029904980AF0FAF8E1
:10E2140080B3049BC01A039B0F28C8BF0638A342CF
:10E2240014D30AFB04F4C0F57F4308F10108A4B237
:10E23400FF339C42C8BF4BF0010B0444A4B20698C0
:10E244000CF082FD05E04FF00008F8E7DDF800B0BF
:10E25400F5E74FF0FF3314A906A807930BF074F900
:10E264000546D0B106A80BF04EF98DF823006AE7F5
:10E274000024A346002501E04FF00109099B53F84F
:10E284000C3CB3B15FFA88F109A80AF01FFA07E061
:10E29400DDF800B05D465C46F0E7DDF80090EDE7A0
:10E2A40009AAD6E9020110F05DF810B90423179AFF
:10E2B4001360B8F1000F04D11FB9099B53F80C3C4B
:10E2C40053B14DB9BBF1000F21D1019B0BB1644295
:10E2D400A4B2189B1C8005E00023189A1380042321
:10E2E400179A1360B9F1000F05D0179B179A1B6892
:10E2F40043F002031360059BDDE9060183E8030094
:10E3040009A80CF0D4FD05980BB0BDE8F08F4FF6CA
:10E31400FF73E2E709A80CF0CAFD0FF01FFA00BF73
:10E32400B81B00202DE9F04F8BB0169C0DF1180896
:10E33400059004F16C0088E80C00FDF7D1FEE46858
:10E344000023054604F04A048DF82330402C57D0AE
:10E35400082C0CBF4FF0100A4FF00A0A14A94046CB
:10E364000BF0E0F88146002840F08D8040460BF029
:10E37400CAF895F84A20C0B22B7C82428DF823005B
:10E3840003D095F84B10814254D1111A4A424A41A4
:10E394000192002B37D095F82530834233D12B7C62
:10E3A40000264FF0FF3B37469DF823201BB195F81C
:10E3B400253093426BD095F82430934267D095F87A
:10E3C4004E30934240D1002E37D0BAF10A0F3DD1DE
:10E3D400002C4AD0013706980CF0B6FC14A940462C
:10E3E400CDF81CB00BF0B0F8002800F08480404653
:10E3F4000BF089F88DF82300002E7FD02B7CD3E717
:10E404004FF0080AAAE795F824308342C7D006984B
:10E414000CF09AFC4FF0FF3314A9404607930BF01D
:10E4240093F80646002860D040460BF06CF88DF84F
:10E434002300B4E7CDF80490B2E7D4B1BAF1080FE1
:10E444001AD001370126C6E7002E57D095F84C3074
:10E45400934203D095F84D3093424AD174B1BAF146
:10E46400100F4DD100273E46B5E727464FF0080A66
:10E47400B1E727460126F9E73746E3E7274626466C
:10E484004FF0100AA7E700231F461E460193BAF176
:10E49400100F14BF5346162302937A4B09932B7C17
:10E4A40093BB4FF0FF33B3FBFAF3039395F8643057
:10E4B4000093002B56D005F14E030493B9F1000FDD
:10E4C40040F08A80CB46C8462C7C9DF82330002C33
:10E4D4004ED095F825209A424AD1002F00F083802F
:10E4E400F9B209A80AF0F2F862E04FF00109074610
:10E4F400CDE70126CBE74FF00109C8E7B146C6E7EF
:10E504000126CDF808A0C8E7202109A80AF098F848
:10E51400C7E74FF0010B21E04FF0FF3314A906A821
:10E5240007930BF011F8044600285AD006A80AF005
:10E53400EAFF8DF823009DF8231002980CF00EFCDE
:10E54400431C4CD0039B4345E3D308FB0AF8013733
:10E5540010EB080028BF4BF0010B804606980CF026
:10E56400F3FBD9E7B9F1000F46D1CB46C846E2E741
:10E5740095F824209A4232D00DF12302029904988E
:10E5840009F040FF58B3049BC01A039B0F28C8BF6F
:10E59400063843450ED308FB0AF8013710EB080090
:10E5A40028BF4BF0010B804606980CF0CDFB04E02D
:10E5B4000027F9E7DDF800B0F6E74FF0FF3314A9C0
:10E5C40006A807930AF0C0FF0446D0B106A80AF0D3
:10E5D4009AFF8DF8230077E74FF00008C346002424
:10E5E40001E04FF00109099B53F80C3CABB1F9B2BF
:10E5F40009A80AF06BF807E0DDF800B05C46D846DD
:10E60400F1E7DDF80090EEE709AAD5E902010FF081
:10E61400A9FE10B90423179A136027B91EB9099BE0
:10E6240053F80C3C5BB154B9BBF1000F22D1019BF0
:10E634000BB1C8F10008189BC3F8008005E0002363
:10E64400189A13600423179A1360B9F1000F05D0C8
:10E65400179B179A1B6843F002031360059BDDE9BF
:10E66400060183E8030009A80CF021FC05980BB00F
:10E67400BDE8F08F4FF0FF33E2E709A80CF017FC78
:10E684000FF06CF8B81B00202DE9F04F8BB0169CEE
:10E694000DF11808059004F16C0088E80C00FDF7F2
:10E6A4001FFDE4680023054604F04A048DF8233076
:10E6B400402C57D0082C0CBF4FF0100A4FF00A0A18
:10E6C40014A940460AF02EFF8146002840F08D80B0
:10E6D40040460AF018FF95F84A20C0B22B7C8242CB
:10E6E4008DF8230003D095F84B10814254D1111AB0
:10E6F4004A424A410192002B37D095F82530834293
:10E7040033D12B7C00264FF0FF3B37469DF8232066
:10E714001BB195F8253093426BD095F82430934281
:10E7240067D095F84E30934240D1002E37D0BAF1DD
:10E734000A0F3DD1002C4AD0013706980CF004FB97
:10E7440014A94046CDF81CB00AF0FEFE002800F0E3
:10E75400848040460AF0D7FE8DF82300002E7FD037
:10E764002B7CD3E74FF0080AAAE795F824308342BC
:10E77400C7D006980CF0E8FA4FF0FF3314A94046CE
:10E7840007930AF0E1FE0646002860D040460AF0EE
:10E79400BAFE8DF82300B4E7CDF80490B2E7D4B103
:10E7A400BAF1080F1AD001370126C6E7002E57D058
:10E7B40095F84C30934203D095F84D3093424AD1AA
:10E7C40074B1BAF1100F4DD100273E46B5E7274684
:10E7D4004FF0080AB1E727460126F9E73746E3E791
:10E7E400274626464FF0100AA7E700231F461E4679
:10E7F4000193BAF1100F14BF5346162302937A4BB8
:10E8040009932B7C93BB4FF0FF33B3FBFAF30393D1
:10E8140095F864300093002B56D005F14E03049311
:10E82400B9F1000F40F08A80CB46C8462C7C9DF895
:10E834002330002C4ED095F825209A424AD1002F3F
:10E8440000F08380F9B209A809F040FF62E04FF0BC
:10E8540001090746CDE70126CBE74FF00109C8E7D8
:10E86400B146C6E70126CDF808A0C8E7202109A8CB
:10E8740009F0E6FEC7E74FF0010B21E04FF0FF334C
:10E8840014A906A807930AF05FFE044600285AD08C
:10E8940006A80AF038FE8DF823009DF8231002988C
:10E8A4000CF05CFA431C4CD0039B4345E3D308FBB8
:10E8B4000AF8013710EB080028BF4BF0010B804623
:10E8C40006980CF041FAD9E7B9F1000F46D1CB46CE
:10E8D400C846E2E795F824209A4232D00DF123028B
:10E8E4000299049809F08EFD58B3049BC01A039B47
:10E8F4000F28C8BF063843450ED308FB0AF8013772
:10E9040010EB080028BF4BF0010B804606980CF072
:10E914001BFA04E00027F9E7DDF800B0F6E74FF052
:10E92400FF3314A906A807930AF00EFE0446D0B1DB
:10E9340006A80AF0E8FD8DF8230077E74FF00008F9
:10E94400C346002401E04FF00109099B53F80C3C35
:10E95400ABB1F9B209A809F0B9FE07E0DDF800B0DF
:10E964005C46D846F1E7DDF80090EEE709AAD5E960
:10E9740002010FF0F7FC10B90423179A136027B9AA
:10E984001EB9099B53F80C3C5BB154B9BBF1000FA1
:10E9940022D1019B0BB1C8F10008189BC3F8008079
:10E9A40005E00023189A13600423179A1360B9F141
:10E9B400000F05D0179B179A1B6843F002031360DE
:10E9C400059BDDE9060183E8030009A80CF06FFA52
:10E9D40005980BB0BDE8F08F4FF0FF33E2E709A8CC
:10E9E4000CF065FA0EF0BAFEB81B00202DE9F04FCA
:10E9F4008FB01A9C0AAD079004F16C0085E80C00F6
:10EA0400FDF76EFBE4680023064604F04A048DF823
:10EA14003330402C59D0082C0CBF4FF0100A4FF063
:10EA24000A0A18A928460AF07DFD8146002840F00C
:10EA3400918028460AF067FD96F84A20C0B2337CDC
:10EA440082428DF8330003D096F84B10814256D1A0
:10EA5400111A4A424A410192002B39D096F82530C6
:10EA6400834235D1337C00274FF0FF3BB8469DF8F5
:10EA740033201BB196F8253093426FD096F824309A
:10EA840093426BD096F84E30934243D1002F39D045
:10EA9400BAF10A0F40D1002C4ED008F101080A98AF
:10EAA4000CF052F918A92846CDF82CB00AF04CFD08
:10EAB400002800F0988028460AF025FD8DF83300E0
:10EAC400002F00F09380337CD1E74FF0080AA8E7C9
:10EAD40096F824308342C5D00A980CF035F94FF0EB
:10EAE400FF3318A928460B930AF02EFD0746002889
:10EAF40073D028460AF007FD8DF83300B2E7CDF84D
:10EB04000490B0E7E4B1BAF1080F1CD008F1010891
:10EB14000127C4E7002F69D096F84C30934203D004
:10EB240096F84D3093425CD17CB1BAF1100F5FD1AD
:10EB34004FF000084746B2E7A0464FF0080AAEE798
:10EB4400A0460127F9E7B846E2E7A04627464FF07A
:10EB5400100AA4E7002398461F460193BAF1100F48
:10EB640014BF5346162304939C4B0D93337C002B04
:10EB740042D1019B5246013B0593019B059803F149
:10EB84000043013B02934FEAEA730299F1F7DEFB7B
:10EB940096F86430CDE908010393002B68D006F1A0
:10EBA4004E030693B9F1000F40F0AE80CB464D46BC
:10EBB400CDF80090347C9DF83330002C60D096F86A
:10EBC40025209A425CD1B8F1000F00F0A4805FFACE
:10EBD40088F10DA809F07AFD81E04FF00109804623
:10EBE400BCE70127BAE74FF00109B7E7B946B5E733
:10EBF4000127CDF810A0B7E720210DA809F020FDCA
:10EC0400B7E74FF0010B2FE04FF0FF3318A90AA824
:10EC14000B930AF099FC044600287AD00AA80AF05B
:10EC240072FC8DF833009DF8331004980CF096F8BC
:10EC3400431C6CD0089B009AAB42099B9341E0D3E0
:10EC4400AAFB055308F101080AFB0233059A111ABD
:10EC5400029A62EBE072A9429A4138BF4BF0010B71
:10EC6400451943EBE07300930A980CF06DF8CBE779
:10EC7400B9F1000F59D1CB464D46CDF80090D2E7FB
:10EC840096F824209A4242D00DF133020499069852
:10EC940009F0B8FB00283AD0069B009AC01A089BDA
:10ECA4000F28C8BF0638AB42099B93411AD3AAFB6D
:10ECB400055308F101080AFB0233059A111A029A56
:10ECC40062EBE072A9429A4138BF4BF0010B45193F
:10ECD40043EBE07300930A980CF036F805E04FF02C
:10ECE4000008F8E7DDF80CB0F5E74FF0FF3318A99A
:10ECF4000AA80B930AF028FC0446E8B10AA80AF013
:10ED040002FC8DF8330055E70025AB46009500243E
:10ED140001E04FF001090D9B53F80C3CC3B15FFABD
:10ED240088F10DA809F0D2FC09E0DDF80CB05C46CE
:10ED34005D46CDF800B0EEE7DDF80C90EBE70DAAE8
:10ED4400D6E902010FF00EFB10B904231B9A1360DD
:10ED5400B8F1000F04D11FB90D9B53F80C3C7BB1E3
:10ED640074B9BBF1000F28D1019B23B1009B6D4204
:10ED740063EB430300931C9B009A1D605A6007E0F9
:10ED8400002200231C99C1E9002304231B9A136069
:10ED9400B9F1000F05D01B9B1B9A1B6843F00203BB
:10EDA4001360079BDDE90A0183E803000DA80CF05A
:10EDB4007EF807980FB0BDE8F08F019B1BB10022CD
:10EDC4004FF00043DEE74FF0FF326FF00043D9E726
:10EDD4000DA80CF06CF80EF0C1FC00BFB81B0020AD
:10EDE4002DE9F04F8DB0189C08AD059004F16C002E
:10EDF40085E80C00FDF774F9E4680023064604F086
:10EE04004A048DF82B30402C59D0082C0CBF4FF0FD
:10EE1400100B4FF00A0B16A928460AF083FB824612
:10EE2400002840F0918028460AF06DFB96F84A20AD
:10EE3400C0B2337C82428DF82B0003D096F84B107D
:10EE4400814256D1111A4A424A410292002B39D0CA
:10EE540096F82530834235D1337C00274FF0FF39B3
:10EE6400B8469DF82B201BB196F8253093426FD0FD
:10EE740096F8243093426BD096F84E30934243D1A7
:10EE8400002F39D0BBF10A0F40D1002C4ED008F12D
:10EE9400010808980BF058FF16A92846CDF82490CD
:10EEA4000AF052FB002800F0928028460AF02BFB5F
:10EEB4008DF82B00002F00F08D80337CD1E74FF0CC
:10EEC400080BA8E796F824308342C5D008980BF0C5
:10EED4003BFF4FF0FF3316A9284609930AF034FB91
:10EEE400074600286DD028460AF00DFB8DF82B004C
:10EEF400B2E7CDF808A0B0E7E4B1BBF1080F1CD02D
:10EF040008F101080127C4E7002F63D096F84C30BC
:10EF1400934203D096F84D30934256D17CB1BBF165
:10EF2400100F59D14FF000084746B2E7A0464FF002
:10EF3400080BAEE7A0460127F9E7B846E2E7A0468A
:10EF440027464FF0100BA4E7002398461F46029370
:10EF5400BBF1100F14BF5B4616230393944B0B9322
:10EF6400337C002B3CD14FEAEB735A464FF0FF3011
:10EF74004FF0FF31F1F7EAF996F86430CDE9060174
:10EF84000193002B69D006F14E030493BAF1000FEC
:10EF940040F0B0805546D146CDF800A0347C9DF8B1
:10EFA4002B30002C61D096F825209A425DD1B8F11F
:10EFB400000F00F0A6805FFA88F10BA809F086FB29
:10EFC40083E04FF0010A8046C2E70127C0E74FF013
:10EFD400010ABDE7BA46BBE70127CDF80CB0BDE78F
:10EFE40020210BA809F02CFBBDE70123009330E09E
:10EFF4004FF0FF3316A908A809930AF0A5FA0446AE
:10F0040000287CD008A80AF07EFA8DF82B009DF821
:10F014002B1003980BF0A2FE431C6ED0069BAB4250
:10F02400079B73EB0903E0D3ABFB0553002208F104
:10F0340001080BFB093341194FEAE07959EB03014D
:10F04400009928BF0122451941EA020149EB03094D
:10F05400009108980BF078FECAE7BAF1000F5AD174
:10F064005546D146CDF800A0D1E796F824209A421F
:10F0740043D00DF12B02DDE9031009F0C3F9002898
:10F084003BD0049BC01A069B0F28C8BF0638AB426E
:10F09400079B73EB09031BD3ABFB0553002208F159
:10F0A40001080BFB093341194FEAE07959EB0301DD
:10F0B400009928BF0122451941EA020149EB0309DD
:10F0C400009108980BF040FE05E04FF00008F8E7C7
:10F0D400019B0093F5E74FF0FF3316A908A80993A5
:10F0E4000AF032FA0446E0B108A80AF00CFA8DF8E6
:10F0F4002B0053E70025A9460095002401E04FF0BA
:10F10400010A0B9B53F80C3CBBB15FFA88F10BA8C6
:10F1140009F0DCFA08E0019B1C461D469946009361
:10F12400EFE7DDF804A0ECE70BAAD6E902010FF043
:10F1340019F910B90423199A1360B8F1000F04D116
:10F144001FB90B9B53F80C3C5BB154B9009B2BBB10
:10F15400029B13B16D4269EB49091A9BC3E900593B
:10F1640007E0002200231A99C1E900230423199A15
:10F174001360BAF1000F05D0199B199A1B6843F06C
:10F1840002031360059BDDE9080183E803000BA873
:10F194000BF08DFE05980DB0BDE8F08F4FF0FF32F7
:10F1A4004FF0FF33DFE70BA80BF081FE0EF0D6FA29
:10F1B400B81B00202DE9F04F8FB008A9059081E815
:10F1C4000C00DDE91A3903F16C042046FCF792FEC9
:10F1D40004902046FDF794F900F1380305460693A0
:10F1E400036A1BB1836A003B18BF0123984C019347
:10F1F4002B7C0B942BB920210CA80C9409F020FA39
:10F2040004E020210BA809F01BFAF4E7002605F11D
:10F214003903B046079337466B6B03960D930096FC
:10F2240002960DAB9B5D042B41D8DFE813F00E0171
:10F23400F4000C0071000500DFF818A218A908A852
:10F244000AF082F9E2E01A9BDB6898051FD4009B60
:10F25400012B1CD8DEB1012E0BD1019BBBB99DF84B
:10F264003430032B13D09DF83630012B0FD00226F7
:10F27400D7E7022E40F012819DF83730042B06D0D8
:10F28400019A002A00F00581032B40F00481D5F88F
:10F2940018B04FF0000A18A908A80AF055F902E0BE
:10F2A4000AF1010AF7E7044618B9DA4510D1012436
:10F2B40018E0DA4516D008A80AF025F96B69C0B23F
:10F2C40013F80A30834203D108A80BF067FDE7E77F
:10F2D400BAF1000F40F0D9801A9BDC6884F4007402
:10F2E400C4F340240136042E40F0B880009B012B67
:10F2F40040F20581002C00F0B480029B002B00F04A
:10F30400CF806E6A012418A908A80AF01DF9CBE081
:10F314002B6A33B9AB6ACBB118A908A80AF014F95F
:10F324001AE018A908A80AF00FF904460028F1D039
:10F3340008A80AF0E8F8EB69C0B21B788342E9D167
:10F344002B6A08A800930BF029FDCBE72B6AA3B91D
:10F35400019B83F00104C5E704460028F6D008A801
:10F364000AF0D1F86B6AC0B21B788342EED1AB6A63
:10F3740008A800930BF012FD89E0AB6A002BE7D1DB
:10F3840001231C460293ADE708A80AF0BCF85FFA13
:10F3940080FB0DF12B020A2107988DF82BB009F0A0
:10F3A40031F860B1069BC01ADAF80030195C0CA879
:10F3B40009F08CF9013708A80BF0F0FC3EE76B7CF0
:10F3C4005B4509D1B8F1000F1CD1EB6A002B12DDAB
:10F3D400A04603970027EEE72B7C63B1AA7C5A452D
:10F3E40008D1B8F1000F0DD177B1F9B20BA809F02B
:10F3F4006DF9EFE71C460C9B53F80C3C002B08BF3F
:10F4040000246FE74446F6E73C46F4E70446002848
:10F41400BAD10124EFE718A908A80AF095F840B971
:10F424000024032E3FF462AF18A908A80AF08CF850
:10F4340012E008A80AF067F8049BC0B29B691B5C41
:10F444001907EDD508A80BF0A9FC0124E9E700BFD2
:10F45400B81B00200C01002050B90136002C7FF4A9
:10F46400E0AED9F8003043F00403C9F800305DE0A1
:10F4740008A80AF048F8049BC0B29B691B5C1A07F1
:10F48400EBD508A80BF08AFCCEE700242AE7029407
:10F4940028E70326C5E6019C0326DFE7012425E7C8
:10F4A400EE692FE701342EE7009BD8B9A342D8D1E7
:10F4B4000C9B53F80C3C012B24D9302100220DEB7A
:10F4C400010009F003F80246E0B1431C4FF00001CB
:10F4D4000CA802BF0C9B53F80C2C02F1FF32FCF772
:10F4E4009BFB0FE0A342E3D008A80AF00CF8335DBD
:10F4F400C0B28342B5D108A80BF050FCD2E7002C6F
:10F50400AFD0D5E7029B1BB10CA809F04EF813E06D
:10F514000B9B53F80C3CE3B9B8F1000F02D0EB6A33
:10F52400BB429ED10CA91C9808F0BBFF08AC18A9DB
:10F53400204609F0F7FF25E00C9B1B78302BE7D021
:10F544000CA809F03BF801462D220CA809F03CF860
:10F55400DEE7B8F1000F05D09DF80C100BA809F0F8
:10F56400B5F801E0F9B2F9E70BAAD5E902010EF00A
:10F57400F9FE0028D0D1D9F8003043F00403C9F8CB
:10F584000030C9E728B1D9F8003043F00203C9F8C4
:10F594000030059B94E8030083E803000CA80BF0FB
:10F5A40086FC0BA80BF083FC05980FB0BDE8F08F28
:10F5B4000CA80BF07CFC0BA80BF079FC0EF0CEF839
:10F5C400F9E700BF2DE9F04F8FB008A9059081E855
:10F5D4000C00DDE91A3903F16C042046FCF78AFCBF
:10F5E40004902046FCF7C0FE00F13803054606935C
:10F5F400036A1BB1836A003B18BF0123984C019333
:10F604002B7C0B942BB920210CA80C9409F018F82E
:10F6140004E020210BA809F013F8F4E7002605F113
:10F624003903B046079337466B6B03960D930096E8
:10F6340002960DAB9B5D042B41D8DFE813F00E015D
:10F64400F4000C0071000500DFF818A218A908A83E
:10F6540009F07AFFE2E01A9BDB6898051FD4009B4F
:10F66400012B1CD8DEB1012E0BD1019BBBB99DF837
:10F674003430032B13D09DF83630012B0FD00226E3
:10F68400D7E7022E40F012819DF83730042B06D0C4
:10F69400019A002A00F00581032B40F00481D5F87B
:10F6A40018B04FF0000A18A908A809F04DFF02E0AD
:10F6B4000AF1010AF7E7044618B9DA4510D1012422
:10F6C40018E0DA4516D008A809F01DFF6B69C0B22E
:10F6D40013F80A30834203D108A80BF05FFBE7E775
:10F6E400BAF1000F40F0D9801A9BDC6884F40074EE
:10F6F400C4F340240136042E40F0B880009B012B53
:10F7040040F20581002C00F0B480029B002B00F035
:10F71400CF806E6A012418A908A809F015FFCBE070
:10F724002B6A33B9AB6ACBB118A908A809F00CFF4E
:10F734001AE018A908A809F007FF04460028F1D028
:10F7440008A809F0E0FEEB69C0B21B788342E9D156
:10F754002B6A08A800930BF021FBCBE72B6AA3B913
:10F76400019B83F00104C5E704460028F6D008A8ED
:10F7740009F0C9FE6B6AC0B21B788342EED1AB6A52
:10F7840008A800930BF00AFB89E0AB6A002BE7D1D1
:10F7940001231C460293ADE708A809F0B4FE5FFA02
:10F7A40080FB0DF12B020A2107988DF82BB008F08D
:10F7B40029FE60B1069BC01ADAF80030195C0CA867
:10F7C40008F084FF013708A80BF0E8FA3EE76B7CE9
:10F7D4005B4509D1B8F1000F1CD1EB6A002B12DD97
:10F7E400A04603970027EEE72B7C63B1AA7C5A4519
:10F7F40008D1B8F1000F0DD177B1F9B20BA808F018
:10F8040065FFEFE71C460C9B53F80C3C002B08BF2C
:10F8140000246FE74446F6E73C46F4E70446002834
:10F82400BAD10124EFE718A908A809F08DFE40B960
:10F834000024032E3FF462AF18A908A809F084FE3F
:10F8440012E008A809F05FFE049BC0B29B691B5C30
:10F854001907EDD508A80BF0A1FA0124E9E700BFC8
:10F86400B81B00200C01002050B90136002C7FF495
:10F87400E0AED9F8003043F00403C9F800305DE08D
:10F8840008A809F040FE049BC0B29B691B5C1A07E0
:10F89400EBD508A80BF082FACEE700242AE70294FD
:10F8A40028E70326C5E6019C0326DFE7012425E7B4
:10F8B400EE692FE701342EE7009BD8B9A342D8D1D3
:10F8C4000C9B53F80C3C012B24D9302100220DEB66
:10F8D400010008F0FBFD0246E0B1431C4FF00001BB
:10F8E4000CA802BF0C9B53F80C2C02F1FF32FCF75E
:10F8F40093F90FE0A342E3D008A809F004FE335DB6
:10F90400C0B28342B5D108A80BF048FAD2E7002C64
:10F91400AFD0D5E7029B1BB10CA808F046FE13E05C
:10F924000B9B53F80C3CE3B9B8F1000F02D0EB6A1F
:10F93400BB429ED10CA91C9808F0B3FD08AC18A9D1
:10F94400204609F0EFFD25E00C9B1B78302BE7D017
:10F954000CA808F033FE01462D220CA808F034FE52
:10F96400DEE7B8F1000F05D09DF80C100BA808F0E5
:10F97400ADFE01E0F9B2F9E70BAAD5E902010EF0F8
:10F98400F1FC0028D0D1D9F8003043F00403C9F8C1
:10F994000030C9E728B1D9F8003043F00203C9F8B0
:10F9A4000030059B94E8030083E803000CA80BF0E7
:10F9B4007EFA0BA80BF07BFA05980FB0BDE8F08F28
:10F9C4000CA80BF074FA0BA80BF071FA0DF0C6FE3C
:10F9D400F9E700BF2DE9F0418CB00F4624490646F3
:10F9E40008AC06AD0A9184E80C009DF85020DDE9CE
:10F9F4001538B2B102930AAA12ABCDE9038293E897
:10FA040003008DE803003946284694E80C00FFF70C
:10FA1400D1FB95E803000A9D84E80300F8F764FC31
:10FA240014E002930AAA12ABCDE9038293E803001F
:10FA34008DE803003946284694E80C00FFF7C2FD20
:10FA4400E7E70AA80BF033FA0DF088FE0BAB424649
:10FA540017990B90284600F069FE94E8030086E8A5
:10FA640003000AA80BF023FA30460CB0BDE8F0817D
:10FA7400B81B00202DE9F04F8DB006460F46DDF887
:10FA840064A008AC9DF860B006AD0AF16C00DDF826
:10FA94006C9084E80C00FCF72DFA0BAB204A8046EE
:10FAA40004931A9B0B92CDE902A316AB93E80300CF
:10FAB4008DE803003946284694E80C00BBF1000F9A
:10FAC40014D0FFF777FB0B9B95E8030053F80C5C0D
:10FAD40084E803006DB994E8030086E803000BA8EA
:10FAE4000BF0E5F930460DB0BDE8F08FFFF76AFD85
:10FAF400E9E72946484608F0E4FD0B9F48463D44A3
:10FB040008F053FDD9F800302A46394640460BF038
:10FB1400D7F9E0E70BA80BF0CAF90DF01FFE00BF00
:10FB2400B81B0020244B1A68D0075CBF01221A605E
:10FB3400224B1A68D1075CBF01221A60204B1A6855
:10FB4400D2075CBF01221A601E4B1A68D0075CBF43
:10FB540001221A601C4B1A68D1075CBF01221A608B
:10FB64001A4B1A68D2075CBF01221A60184B1A6834
:10FB7400D0075CBF01221A60164B1A68D1075CBF1C
:10FB840001221A60144B1A68D2075CBF01221A6062
:10FB9400124B1A68D0075CBF01221A60104B1A6816
:10FBA400D1075CBF01221A600E4B1A68D2075CBFF2
:10FBB40001221A60704700BF301C00202C1C00205A
:10FBC400281C0020241C0020201C00201C1C0020B9
:10FBD400181C0020141C0020101C00200C1C0020E9
:10FBE400081C0020041C0020054B10B503600446CB
:10FBF400044B40F8043FFBF733FF204610BD00BF21
:10FC0400082C02005C280200D0F800C0ACF10C0CF7
:10FC1400DCF800C06044E7E7044B10B5044640F844
:10FC24001C3BF8F76FFB204610BD00BF342C0200CC
:10FC340008B50B68B3F1804F02D30D48FBF78CFE77
:10FC440093420BD9B3EB420F4FEA420006D2B0F114
:10FC5400804F2ABF6FF0404308600B600868013092
:10FC640001D5FBF741FEBDE8084000F08FBC00BFA2
:10FC7400E73C020008B50346084611465B68984213
:10FC840003D9024601480AF0F0FE08BD4B350200D4
:10FC94002DE9F34116461D4604461B4B2A460F46E2
:10FCA4003146A5EB06080DF09CFA2346626853F82A
:10FCB400080B9044984214BFA3680F2343451BD3F9
:10FCC400F319D21A06D0AE4204D03844811928441C
:10FCD4000DF0A9FA35B1206829469DF82020384452
:10FCE4000DF0ADFA236800222046C4F8048003F81E
:10FCF400082002B0BDE8F081002332463946204690
:10FD040000950DF0CFFAE5E7C13502002DE9F74F74
:10FD14000C9D1446804689462A461F462146394B87
:10FD24000DF05FFA4246D8F80430A5EB040B52F804
:10FD3400086B03EB0B0A964214BFD8F808200F2275
:10FD4400524556D34E44A14439464046A3EB0909D3
:10FD54000DF053FA80B1B9F1000F06D0AC4204D0D3
:10FD64004A46311970190DF05EFA95B12A463946A2
:10FD740030460DF04EFA0CE0B5B9B9F1000F08D0D9
:10FD8400AC4206D04A46311970190DF04CFAAC4217
:10FD94000FD3D8F8003000224046C8F804A003F876
:10FDA4000A2003B0BDE8F08FAC420CD2B9F1000FC9
:10FDB400E8D134447B199C420BD32A463946304659
:10FDC4000DF031FAE5E72A46394630460DF02BFAB4
:10FDD400D3E7BC4203D82A4607EB0B01C8E7E41B70
:10FDE4003946304622460DF01EFA2A1B7119301985
:10FDF400BFE73B4622464946404600950DF052FA7D
:10FE0400C7E700BF153D0200F7B504461546094A89
:10FE14000F461E46FFF72EFF62680146089B2046E8
:10FE2400D21B00933346AA4228BF2A46FFF76EFF2F
:10FE340003B0F0BDFF3C02002DE9F04106469046B8
:10FE44000F460A4A19461D46FFF714FF7468641BDF
:10FE5400444528BF44462CB13168224638462944DB
:10FE64000DF0D7F92046BDE8F08100BF82350200CD
:10FE7400004870472E3D0200034B10B50446036052
:10FE84000DF063FD204610BD802C02000048704731
:10FE94004A3D0200034B10B5044603600DF055FDC6
:10FEA400204610BDA02C0200034B10B5044603608D
:10FEB4000DF041FF204610BDC02C0200194A50F835
:10FEC400081C536870B5A0F1080413B16518AB425F
:10FED40003D940F8043C546070BD5E681FD11B68B0
:10FEE4000B4440E90236F6E71A1D33465E6836B124
:10FEF400B542F9D301BF2E686D6889195D60136836
:10FF04001D685E19B44217BF5B686D1840F8081C81
:10FF140040F8043C16BF13681D605C60DCE70432E3
:10FF2400E4E700BF641C00200830104A082838BFEA
:10FF34000820073020F0070352F8040F30B598B1B9
:10FF440001688B4206D8CD1A4468072D05D8016094
:10FF5400214607E0021D4068F1E7C1184C60C55016
:10FF6400106803600830116030BD00BF641C0020BD
:10FF7400064A80389368984205D9D2681344984257
:10FF840001D2FFF79BBFF4F7A1B900BF641C0020A6
:10FF940038B54FF41E65074C2846E560F4F778F948
:10FFA400A06010B9E060606038BD00236060056047
:10FFB4004360F9E7641C00202DE9F3411E460378F1
:10FFC40004460F46472B13D143784E2B10D1837828
:10FFD400552B0DD1C378432B0AD10379462B07D176
:10FFE40043794F2B04D18379522B01D1C2793AB38F
:0CFFF40020460DF0B9FB024620B3E37973
:020000021000EC
:1000000054F8202C012B16BF154652F8785C04F1E9
:1000100058022B68284601929B689847B0B1019B13
:1000200002241B6801933B6801AA29463846D3F88D
:1000300010800123C04758B1019B3360204602B0B5
:10004000BDE8F081034DE4E7034DE2E70124EAE770
:100050000446F3E7F82C0200002D020008B5042046
:100060000DF068FB024B034A034903600DF084FD69
:10007000A02C020099FE00008C2C02002DE9F04F0C
:1000800085B002460DF0C5FB50B31046D2F828A04B
:1000900052E90653D2E90C4601930DF003FC2846C1
:1000A0000DF043FD0DF0FEFB00F058F8036893F8E7
:1000B000272003F12009012A1BD11B68002524F009
:1000C000030802932F46574515DB002D34D004203A
:1000D0000DF030FB1A4B1B4A1B4903600DF04CFD21
:1000E00010460DF0DFFB0DF024FD0DF0DBFB0DF0F5
:1000F00017FD7833E2E7346804B1344402AB0022E0
:1001000021464846FFF75AFF38B10DF04FFD0DF07C
:10011000F2FB0DF0F0FB0DF023FB236803AA039024
:100120002046D3F810B001230749D8470137464489
:10013000002818BF0546C6E701980DF0E9FC00BF8E
:10014000102D020051D90100EC2C0200004870472C
:10015000863D020000487047953D02000048704708
:10016000741C002000487047741C0020024A034998
:10017000034804F0E9BF00BF1C0C002061D9010056
:10018000741C00202DE9F04F002393B006460C4666
:10019000079300F003031546012B10D0022B03D068
:1001A000002B5DD103075DD529462046F1F7EFF816
:1001B00018B1092013B0BDE8F08F0820FAE707074F
:1001C00045D5022306F008060C2228460C941E434F
:1001D0000CAB009300231946F0F796FA062E43D194
:1001E000D4F83080D4E90A73B8F1000F00F03F81F1
:1001F0009946002FC0F23E81032600230DF12C0901
:1002000028460B941A461946CDF80090F0F77CFA70
:100210000023012228461946CDF800900B97F0F7ED
:1002200073FA0F2128460DF067FC00F0010000234F
:100230000F2240EA0800CDF8009019460B9028469E
:10024000F0F762FA022E00F02F810720B2E70F6A62
:1002500010460D210DF050FC8742B2D10623B1E7C4
:10026000F3F7ECFF0123ADE72846F1F7AAF8814642
:10027000002899D00CAA014628460DF00EFC9DF8E6
:1002800044B02946029058460DF0D6FB0F2103904A
:100290000E9028460DF030FC20F00108029A08F17B
:1002A000FF38109F97420DD800270123B846F10769
:1002B00000F1C580320740F1D780012B40F0CC809F
:1002C0000DF02EFC9DF845A008AB002051460DF026
:1002D000D4FB09AB0246514600200DF0CEFB0AAB21
:1002E0000246514600200DF0C8FB0BA90DF039FB6A
:1002F0000C9B089902460B44434553D809990B447B
:100300004345CED9DDE90A30002B3FF44DAF0D9ABD
:1003100003EB020800283BD001383844B8F1000F45
:100320003FF442AF16F0080304933DD047232370F7
:100330004E2363705523A3704323E3704623237138
:100340004F2363715223A3710023E37100230293AF
:1003500009A90DF014FB0AA905900DF010FB099FE7
:10036000002F69D043DDBBF1FF0F3CD00BF007033A
:10037000042B3FF675AF01A252F823F0EB03010006
:1003800061020100BB030100EB030100E303010074
:10039000B8F1000F3FF408AFF0073FF505AF0027B5
:1003A00002262AE73A467CE7E379012B0CBF54F892
:1003B000203C04F158030793C8E702220F990BABC6
:1003C000584602FB171203990DF0F0FA0B9931B160
:1003D00034B307AB00222046FFF7F0FD00B3032340
:1003E00065E70822EAE70022E8E70422E6E76FF083
:1003F00040420F9BD21B03EB820AC4B10499B1B9EE
:10040000079BAAF1040A0B935AF8041F0029E6D0AF
:100410000BAB002251442046FFF7D0FD0028F3D05B
:100420000A98002844D0059B0344184690E753F8E7
:100430002230002BF4D1D2E701230293F0E7079E8C
:100440000D2128460DF058FBC4F83080C4E9080699
:10045000C4E90A790620ADE6002FBFF6CDAE0DF057
:1004600068FB0DF01FFA2BE7012B7FF4C2AE20468C
:100470000DF0ECF90CAA494628460DF00EFB294672
:100480009DF844000DF0D8FAFA430F9B03EB82036A
:10049000002253F8221029B9C4E90A200422C4E931
:1004A0000C23A9E60132F4E720460DF07CF9CCE6F6
:1004B000029B002B7FF470AF76E600BF014BD3E8C0
:1004C000AF0F704754010020014BD3E8AF0F7047C6
:1004D0000001002038B50025044640E91E1240F80E
:1004E000805CFFF7F1FF44F8700CFFF7E7FF47234C
:1004F00044F86C0CA4F1800004F8583C4E2304F836
:10050000515C04F8573C552304F8563C432304F847
:10051000553C04F8543C2B2304F8533C04F8523C5B
:10052000014B44F8503C38BD3DDB010002680346F6
:10053000D20710B50FD4427852B104200DF0FAF86A
:10054000044600F019F8054A054920460DF014FB51
:100550000120587010BD0020FCE700BF65050100B8
:100560001C2D0200034B10B5044603600DF0EFF99B
:10057000204610BD302D0200014B0360704700BFC4
:10058000302D0200014BD3E8AF0F7047801C0020D4
:10059000012838BF012010B504462046F3F77AFE43
:1005A00000B110BDFFF7EEFF40B904200DF0C2F816
:1005B000034B044A044903600DF0DEFA8047ECE780
:1005C000802C02007DFE00006C2C0200034B10B555
:1005D00004460360FFF76AFC204610BD502D020060
:1005E000034B10B504460360FFF760FC204610BDC6
:1005F000902D0200002170B5084601F0BDFE0646B0
:10060000F0F720FC451C084928460DF015FB044670
:1006100038B131462A460EF051F80449002001F065
:10062000ABFE204670BD00BF2E3E02007F360200AA
:100630002DE9F34180460E461546FFF7DBFF0446E1
:1006400020B904232B6002B0BDE8F08101A9404627
:1006500002F0EEF8019B07463060434501D01B785D
:100660005BB10023336004232B602146002001F09E
:1006700083FE20460DF007F8E5E74FF0FF41EFF766
:1006800035FE40B905493846EFF730FE0028ECD07A
:100690006FF40003E6E7024BE4E700BF000080FFD1
:1006A000FFFF7F7F2DE9F74307460E461546FFF70C
:1006B000A1FF044620B904232B6003B0BDE8F083FA
:1006C00001A9384601F0FAFE019B80468946BB42EB
:1006D0004FF00002C6E9008901D01B7863B1002306
:1006E000C6E9002304232B602146002001F044FECC
:1006F00020460CF0C8FFE0E70A4BEFF781FD60B938
:100700000022094B40464946EFF77AFD0028EBD01E
:100710004FF0FF326FF48013E2E74FF0FF32034BEC
:10072000DEE700BF0000F07F0000F0FFFFFFEF7F7B
:100730002DE9F84307460C461646FFF75BFF0546D2
:1007400018B904233360BDE8F883224617493846B8
:1007500001F094FE013001280ED800220023C4E9E4
:100760000023042333602946002001F005FE2846BB
:10077000BDE8F8430CF087BFD4E9008900220C4B98
:1007800040464946EFF73CFD60B90022094B404620
:100790004946EFF735FD0028E5D04FF0FF326FF402
:1007A0008013DCE74FF0FF32034BD8E7873E0200AF
:1007B0000000F07F0000F0FFFFFFEF7F08B5002290
:1007C0000346084604491A60F0F732FB10B10348AB
:1007D000FBF7F4F808BD00BF7F3602008B3E020035
:1007E00038B50A4B04460A4D40F8083B0DF0DFFCD3
:1007F00005E02046256006F0C7FD0CF0B1FF20465D
:10080000256006F0C1FD204638BD00BFC82D02009E
:100810004C2B020000390A4B18BF012110B5416072
:1008200004460360F7F762FD06E0064B20462360AE
:1008300006F0AAFD0CF094FFA060204610BD00BF9A
:10084000C82D02004C2B020070B5A0F1460300F247
:100850006C7440F26D100129D8BF013C43436FF422
:10086000EC70002C264603446FF06300B8BFE61C12
:1008700094FBF0F003EBA603B5100344192095FB9D
:10088000F0F600FB16554FF4C87094FBF0F403EB40
:10089000D5730A48234430F8111007200B44134441
:1008A000013B93FBF0F2C2EBC2029B1A0344B3FB81
:1008B000F0F0C0EBC000181A70BD00BF7831020024
:1008C00040F201130288934304BF8B680C332DE977
:1008D000F04108BF8B60054690F900300C46067861
:1008E000002B0FDA437813F002031FBF4B6964211A
:1008F00093FBF1F001FB103369686420133900FBAE
:100900000133636122F47F7222F001025205520D1D
:10091000B2F5806F36D106F01803182B27D0700778
:1009200025D56069514F00F26C700DF09DFC1A21C5
:10093000E269002301FB007131F802CB944540F3DA
:10094000918031075CBF03F1FF312161F60608D4C5
:10095000013B0D2101FB003037F81030D21A013273
:10096000E2602B7823F0180343F018032B702B78E8
:100970002169180701D40B2904D8E2686069FFF7E0
:1009800063FFA0612B882E7823F47E7323F003038A
:100990005B055B0DB3F5806F13D13207276901D476
:1009A0000B2F0ED8606900F26C700DF05DFC0D220B
:1009B000E36802FB00772D4A013B32F8172013440D
:1009C000E36116F0600F4BD0B30749D516F0040170
:1009D000676923D186F0200801223846C8F3401801
:1009E000FFF732FF0722A0EB0800C0F1070090FBE1
:1009F000F2F3C3EBC303C01AAB7803F03F03013B30
:100A0000C3EBC3031844A369A3EB0803134493FB8C
:100A1000F2F2C2EBC2029B1A1844E06106F018031E
:100A2000182B1DD007F26C70104D0DF01DFC1A2113
:100A3000E269002301FB005131F8027B974213DD8C
:100A400037075CBF03F1FF312161F10608D4013B98
:100A50000D2101FB003035F81030D21A0132E2606E
:100A6000BDE8F081013367E70133E5E77831020043
:100A7000074B13B504460360406801A90C38F8F72A
:100A8000D5FF20460CF063FF204602B010BD00BF2A
:100A9000602E0200074B13B504460360406801A9AD
:100AA0000C38F8F7C3FF20460CF051FF204602B087
:100AB00010BD00BF242E0200034B10B50446036096
:100AC000FFF7E8FF204610BD382E0200034B10B59B
:100AD00004460360FFF7DEFF204610BD4C2E0200E7
:100AE00038B584680546C4BBC820FFF751FD504B9C
:100AF00044600360C0E90244C0E90444C0E906441C
:100B0000C0E90844C0E90A44C0E90C44C0E90E4405
:100B1000C0E91044C0E91244C0E91444C0E91644D5
:100B2000C0E91844C0E91A44C0E91C44C0E91E44A5
:100B3000C0E92044C0E92244C0E92444C0E9264475
:100B4000C0E92844C0E92A44C0E92C44C0E92E4445
:100B5000C0F8C04080F8C440A860AB68354A364948
:100B6000C3E90222354A99673549C3E90422354A67
:100B7000D9673549C3E90622344AC3F880101A629E
:100B8000334A34495A62344A9A62344ADA62344AFD
:100B90001A63344A5A63344A9A63344ADA63344AE9
:100BA0001A64344A5A64344A9A64344ADA64344AD5
:100BB0001A65344A5A65344A9A65344ADA65344AC1
:100BC0001A66344A5A66344A9A66344ADA66344AAD
:100BD0001A67344A5A67C3F884103349C3F8881037
:100BE0003249C3F88C103249C3F890103149C3F828
:100BF00094103149C3F898103049C3F89C1030491B
:100C0000C3E928122F4AC3F8A8202F4AC3F8AC2002
:100C10002E4AC3F8B0202E4AC3F8B4202D4AC3F898
:100C2000B8202D4AC3F8BC202C4AC3F8C02038BDD8
:100C3000A82A0200873602002840020096360200E9
:100C40002D400200B140020032400200A03F0200ED
:100C5000A33F020039400200A63F0200B23F02005B
:100C6000B93F0200C03F0200C83F0200D23F02006D
:100C7000DB3F0200E23F0200EB3F0200EF3F0200D9
:100C8000F33F0200F73F0200FB3F0200FF3F02007C
:100C900003400200074002000F400200184002001B
:100CA0001E40020024400200434002004B4002006C
:100CB000544002005D4002006140020065400200B5
:100CC000694002006D400200714002007540020060
:100CD000794002007D400200814002008540020010
:100CE00088422DE9F04104460D4618D0A0B1A1EB91
:100CF000000800214046F8F753FE00F10C070646B5
:100D0000214638462A4607F0C9FB41463046F8F7E7
:100D10003BFE3846BDE8F0810248FAF707FE024F75
:100D2000F7E700BF0B330200B81B0020084B13B5D8
:100D3000044601AA40F8043B0DF0B7FB04E020464E
:100D40000CF005FE0CF00CFD204602B010BD00BFFB
:100D5000242E020010B50446FFF7E8FF014B2046A1
:100D6000236010BD382E020010B50446FFF7DEFFE9
:100D7000014B2046236010BD4C2E0200084B13B5DA
:100D8000044601AA40F8043B0DF08FFB04E0204626
:100D90000CF0DDFD0CF0E4FC204602B010BD00BFFD
:100DA000602E02000048704789400200034B10B5D6
:100DB000044603600DF065FC204610BDC42E020001
:100DC000034B10B50446036000F00CF9204610BD3B
:100DD000B02E0200034B10B504460360FFF7F6FB8C
:100DE000204610BD002F0200054B10B5044640F808
:100DF000103B0DF052FC2046FFF7E2FF204610BDED
:100E0000EC2E0200134600F10802012B13B508BFB7
:100E10000E23026018BF0D234FF00002044642600B
:100E2000114602720BBF00930093064B064BFEF770
:100E30006FFF04E020460CF0CEF90CF091FC204648
:100E400002B010BD92400200A1400200F0B5D2E90C
:100E5000007593B004462B683A4668460E461B69F7
:100E600029469847194A002168460CF0D5FA0146F0
:100E700006A80DF072FB3246002106A80CF0CCFA51
:100E800001460CA80DF069FB0CA9204600F05EF8A5
:100E90000CE00CA80CF09FF906A80CF09CF9684631
:100EA0000CF099F90CF05CFCF6E7F8E70CA80CF0F4
:100EB00092F906A80CF08FF968460CF08CF9044BF7
:100EC00020462360C4E9027513B0F0BDAF400200B4
:100ED000B02E020037B5054618200CF02BFC01237C
:100EE0006A462946009304460E4B0193FFF7AEFF76
:100EF0000D4B204623600DF07FFA014604F11000EF
:100F000000F0F4F807E02046FFF75AFF2046FFF70D
:100F100031F80CF025FC054A204605490CF02CFE62
:100F2000F4E700BF48010020EC2E0200E90D0100AB
:100F3000842E0200024A0349034804F005B900BFA9
:100F40001C0C0020E7E4010048010020074B10B50D
:100F5000044640F8043B0DF01BFB04E020460CF077
:100F6000F6FC0CF0FDFB204610BD00BF602E020019
:100F7000004870471E41020000487047AB45020020
:100F8000742A10B51ADC572A0CDC4D2A07DC3B2AE0
:100F90000CDC242A0EDC0F2A18DC0E2A16D9C0E934
:100FA000002116E0A2F158040A4B0CE0A2F13C0427
:100FB000094B08E0A2F12D03012BEFE7A2F1760423
:100FC000182CECD8054BE340DB07E8D5044B026056
:100FD000436010BD9D00BF1F8F080200BF07F101D5
:100FE00050010020034B10B504460360FFF740FD9D
:100FF000204610BD582F020073B5044610460DF070
:101000009EFB054604F10803236010B90F48FAF768
:101010008DFCEFF717FF0F2805EB0006019007D9AD
:10102000002201A92046FEF705FE019B2060A36077
:101030003246294620680CF032F9019B22680021D3
:1010400020466360D15402B070BD00BF3836020044
:1010500010B5064C06492246064804F075F82246AB
:1010600005490648BDE8104004F06EB81C0C00208D
:10107000FDE5010050010020FFE501004C010020CA
:10108000074B13B504460360406801A90C38F8F714
:10109000CDFC20460CF05BFC204602B010BD00BF2A
:1010A000C82F0200104B73B5036004460B68A3F110
:1010B0000C0053F8043C002B05DBF8F747FD60609B
:1010C000204602B070BD002201A907F0A2FAF6E79F
:1010D0000E46054620460CF03AFC013601D00CF0D5
:1010E0003FFB2846FEF7CAFFC82F02002DE9F04358
:1010F000804685B00C4621B30846EFF7A3FE04EB0B
:10110000000907464C451FD001AA0021F8F748FC0A
:1011100000F10C050646214628464A4607F0BEF96E
:1011200039463046F8F730FC03A940460395FFF7EF
:10113000B9FF02A9A5F10C00F8F778FC05B0BDE8ED
:10114000F0830248FAF7F2FB014DEDE70B330200A2
:10115000B81B002001490CF0F3BD00BFB42F020002
:1011600008B503468F2B00F24E81DFE813F09000A4
:101170005C0192009400960098009A009C009E00EA
:10118000A200A400A800AA00AC00AE00B000B2000B
:10119000B400B600B800BA00C000C200C800CA005F
:1011A000CC00CE00D000D400D800DA00DC00DE0095
:1011B000E000E200E400E6004C014C014C014C016F
:1011C0004C014C014C014C01EA00EE004C014C0179
:1011D0004C014C014C014C014C014C014C014C01A7
:1011E0004C014C014C01F0002001F200F400F6002B
:1011F000F800FA00FC00FE000001020104014C01AD
:101200004C0108014C014C010A014C014C014C01FC
:101210004C014C010C010E011001120114011601C8
:101220004C0118011A011C014C014C0144014C01F4
:101230004C014C014C014C014C014C014C012E0164
:101240001E0122012401260128012A012C0130015E
:101250003401EC00C4004A01BC00D200BE00A00072
:10126000A6004801060138013201C6003A013601E4
:101270004C014C014C014C014C01D6004C014C017D
:101280004C01E80046013C013E0140014201674833
:1012900008BD6748FCE76748FAE76748F8E767482A
:1012A000F6E76748F4E76748F2E76748F0E767481A
:1012B000EEE76748ECE76748EAE76748E8E767482A
:1012C000E6E76748E4E76748E2E76748E0E767483A
:1012D000DEE76748DCE76748DAE76748D8E767484A
:1012E000D6E76748D4E76748D2E76748D0E767485A
:1012F000CEE76748CCE76748CAE76748C8E767486A
:10130000C6E76748C4E76748C2E76748C0E7674879
:10131000BEE76748BCE76748BAE76748B8E7674889
:10132000B6E76748B4E76748B2E76748B0E7674899
:10133000AEE76748ACE76748AAE76748A8E76748A9
:10134000A6E76748A4E76748A2E76748A0E76748B9
:101350009EE767489CE767489AE7674898E76748C9
:1013600096E7674894E7674892E7674890E76748D9
:101370008EE767488CE767488AE7674888E76748E9
:1013800086E7674884E7674882E7674880E76748F9
:101390007EE767487CE767487AE7674878E7674809
:1013A00076E7674874E7674872E7674870E7674819
:1013B0006EE767486CE767486AE7674868E7674829
:1013C00066E7674864E7674862E7674860E7674839
:1013D0005EE767485CE767485AE7674858E7674849
:1013E00056E7674854E7674852E7674850E7674859
:1013F0004EE767484CE767484AE7674848E7674869
:1014000046E7674844E71AB9664A0DF067FC0244AC
:10141000654808B965483BE71846AFF300800028E7
:101420007FF436AFF6E7624832E700BFBA42020007
:10143000CC420200E6420200F64202000E430200E5
:1014400018430200324302004443020056430200A4
:101450006F4302007F4302008B430200A843020057
:10146000BA430200CB430200DD430200E94302001D
:10147000FF430200174402002344020035440200E7
:1014800044440200544402006144020080440200CB
:101490008F440200A0440200C4440200E24402005F
:1014A0000045020020450200374502004645020083
:1014B0005545020069450200814502008F45020042
:1014C0009C450200B2450200C1450200CD45020024
:1014D000FC4502000D460200284602003B46020081
:1014E000514602005A460200714602007946020047
:1014F000864602009B460200AF460200CD4602002F
:10150000D8460200EB4602000347020013470200E0
:1015100021470200354702004447020055470200B8
:1015200068470200744702009A470200BF47020062
:10153000DF4702001D480200434802005C480200E9
:10154000704802008B480200A3480200BD48020018
:10155000C5480200F5480200144902003349020060
:101560004A4902006B4902007E4902009749020085
:10157000AE490200C4490200E5490200FD490200EB
:10158000174A0200334A0200464A02005C4A02003F
:10159000704A0200834A0200A54A0200CB4A0200B8
:1015A000DC4A02000C00000000000000B140020014
:1015B000C2420200426940F26C73002AA8BF6FF079
:1015C0006303134492071FD1642193FBF1F201FBE3
:1015D0001232DAB94FF4C87293FBF2F102FB113305
:1015E000B3FA83F35B09D0E90602400000EB021076
:1015F000184441F2A263984229D013DC01280CDC84
:10160000C043C00F404270470023ECE70123EAE7E4
:10161000104BC34043F3000070470A381728F7D92E
:101620000020704741F2B463984206DC41F2B16396
:101630009842D4BF002001207047A0F5B650023870
:101640001528EDD8044BC34003F00100704701207A
:10165000704700BFCF00CC001F002A002DE9F04FDB
:101660004FF000098FB007460D461E464C461378D2
:10167000002B00F08684252B1DD15378302B22D0EF
:101680002B2B20D002F10108002398F80020313ADA
:10169000082A1BD80A22404606A9029301F062FAE2
:1016A000DDF818800246029B98F8001045290FD1FA
:1016B00008F101080EE0691EA14240F247813B5546
:1016C00001320134D3E702F10208DEE70022EBE742
:1016D0004F29EDD098F80010A1F12500552800F20F
:1016E0003581DFE810F04804330133013301330161
:1016F000330133013301330133013301330133014A
:101700003301330133013301330133013301330139
:1017100033013301330133013301330133017400E9
:10172000A000D1001801330140018F0130023702BF
:101730003301330133014F023301330159023301C5
:1017400086020F03170329033103AD03CD00C6033F
:101750001C043301330133013301330133015600DB
:101760008B00B6000D010D01330160018B003301C8
:101770004802300237024C025102330159027F0203
:10178000C5008F0211031E037B03A603C900B50326
:10179000E103B369B94A183352F823A050460AF15D
:1017A000FF3AEFF74FFB6B1E2044A04207D198F899
:1017B0000030002B00F0E58308F1010257E7A34257
:1017C00040F2C4801AF8012F3A550134EDE7B269AE
:1017D000AA4B03EB8203D3F87CA050460AF1FF3AF0
:1017E000EFF730FB6B1E2044A042E0D0A34240F252
:1017F000AD801AF8012F3A550134F5E79F4B326955
:1018000053F822A050460AF1FF3AEFF71BFB6B1E7C
:101810002044A042CBD0A34240F298801AF8012F76
:101820003A550134F5E73369944A0C3352F823A052
:1018300050460AF1FF3AEFF705FB6B1E2044A04229
:10184000B5D0A34240F282801AF8012F3A550134F4
:10185000F5E78A4BD3F8A0201378002BA7D03346A6
:10186000291B3819FFF7FAFE00286FDD04449EE7B4
:10187000824BD3F8E420EFE7804BD3F89C20EBE7D2
:101880007E4BD3F89820E7E77D496420D6F814E032
:101890008E45ACBF4FF0000A4FF0010ABEF1000FB9
:1018A000B5BF0EF26C719EFBF0F081EAE17C00F1B5
:1018B0001301BCBFACEBE17CBCFBF0F153B163297D
:1018C0001CDDDFF8C0C170482B2B08BF6046DFF875
:1018D000BCC102E06C48DFF8B8C16E4B0191022A2E
:1018E0002CBFCAEB0201CAF10201654A009196457C
:1018F000A8BF03466246291B38191FE06248E6E785
:101900006548664AF368642918BF0246291B3819DE
:1019100000F088FD14E0726938193369291B002A28
:10192000D6F80CE003F101034FF0640C13DB92FBDB
:10193000FCFA0CFB1A22CDE900E2594A00F072FDD4
:10194000002803DB0444A5423FF631AF00242046C3
:101950000FB0BDE8F08F02F26C72002AB8BF52429D
:10196000B2FBFCFAE5E725218DF8181043B1052AF2
:101970008DF8193001D9931F06D10DF11A000CE032
:101980002B238DF819300423464A1E210DF11A002D
:1019900000F048FD0DF11A0318444349EFF75AFAD5
:1019A000334606AA5CE73046FFF704FE71696423FC
:1019B000002910DB91FBF3F203FB1213184464239C
:1019C00090FBF3F203FB12001844B0FBF3F203FBAD
:1019D0001203324A9AE701F26C72002AB8BF5242EF
:1019E0000028B2FBF3FC03FB1C2304DA2F4A9142CC
:1019F000B8BF0120E2E7E1D0214A9142B8BF4FF0E1
:101A0000FF30DBE7CDE90432D6F814A030461C4B9A
:101A10009A45ACBF002301230393FFF7CBFDBAF136
:101A2000000F4FF0640E0290DDE904320FDB002856
:101A30009AFBFEF101F1130C0EFB11A153DC02988D
:101A40000144481C35D10CF1FF3C632131E00AF21E
:101A50006C710029B8BF4942B1FBFEFC0EFB0CF0D3
:101A6000091A04900298002822DADFF840E0F245D3
:101A7000E5DA01200131039037E000BFD42F0200E6
:101A800094F8FFFF004B0200B1400200F84A020048
:101A9000F14A0200024B0200044B0200124B02000A
:101AA000084B0200174B02001B4B020095F8FFFF8A
:101AB00021D14FF0640A0AFB0C1A039921BB2B2B8E
:101AC00040F0F08142F20F718A454FF0250140F25B
:101AD000DE818DF81830002A40F0E0818DF8191071
:101AE0000DF11901D6E102980144642904BF0CF1FB
:101AF000010C0021DDE7DFF8B8B2DA45F3DA01F1D5
:101B0000FF3AC9B104998A442D218DF81810002A92
:101B100040F0C6810DF1190125200870002B40F01E
:101B2000B981481CA3490292EFF794F9029ACDF8C3
:101B300000A0134606AA60E00CF1FF3A0EFB0AFA79
:101B40000AF1630AE0E79C489C4AB3686B2918BF16
:101B50000246DBE6B36863B10C2B04D00C2293FB86
:101B6000F2F002FB10339548934A492918BF024608
:101B7000CCE60C23F7E7F369914A0133C6E63369F3
:101B8000013326E7736824E76B1E9C42BFF4DEAE88
:101B90000A233B5501340AE6B3680B2B894BD4BFAB
:101BA0000022012203EB8203D3F8A4A050460AF1DD
:101BB000FF3AEFF747F96A1E2044A0423FF4F7AD21
:101BC000A2427FF6C3AE98F800101AF8013F5029E0
:101BD00005D1A3F14101192998BF2033DBB23B5550
:101BE0000134EAE70322336993FBF2F3764A0133C7
:101BF0008CE67368754A0093B368291B381900F0A6
:101C000011FC9DE6336A002B79DB714803F025FC5B
:101C1000B9F1000F01D100F0C9F901F0A9FE336A52
:101C20004FF00109002B4FF02803D4BF00220122FE
:101C300002FB0333C3586648C3F1000A03F015FCE6
:101C40007269291B3819B2F145034FEAE27C6CF145
:101C5000000CBCF1000F02DA03334CF1000C02F16E
:101C6000FF3E4FF0640B9B089EFBFBFE43EA8C7328
:101C70004FF4C87B4FEAAC0CB3EB0E036CEBEE7C7D
:101C800002F22B1E463A9EFBFBFE13EB0E03D6F828
:101C900004B04CEBEE7C40F26D1E0EFB02F24FF0F6
:101CA000180E9B184CEBE27CF2699B184CEBE27C23
:101CB000A3FB0E230EFB0C33D6F808C012EB0C026C
:101CC00043EBEC734FF03C0CA2FB0C2E0CFB03EE31
:101CD00012EB0B034EEBEB72A3FB0CE30CFB02339A
:101CE00032681EEB020E43EBE273BEEB0A0263EBBB
:101CF000EA73CDE90023374A00F094FB20E64FF069
:101D0000000A9DE7336864E66B1E9C42BFF41EAE7A
:101D100009233EE73368304A019373680093B36840
:101D2000E9E56B1E9C42BFF411AEB3690BB93723D2
:101D30002FE73033DBB22CE7F369B26907339B1A24
:101D4000072293FBF2F344E63046FFF733FCB26917
:101D500032B1013A0028F36928DC03D10A33EEE7F7
:101D60000622F7E7D21A736940F26B71002BA8BF05
:101D70006FF064010B44990714D1642093FBF0F1D8
:101D800000FB113181B94FF4C87193FBF1F001FBF5
:101D90001033B3FA83F35B09D21A042ACCBF34237D
:101DA000352316E60023F7E70123F5E7012310E6C4
:101DB00094F8FFFF234B0200124B0200044B020079
:101DC000274B0200D42F02002C4B02003B4B020099
:101DD000B0010020314B0200364B02006C4906A8CE
:101DE000CDE90232EFF736F806A8EFF72BF806AB8D
:101DF00003EB000A029B0AF1010AD3464BB106AA83
:101E00001354039A052A01D9931F06D161495846F4
:101E1000C4E52B2306AA135404230EA95E4A504698
:101E2000A1EB0A0100F0FEFA0028C8BF0AEB000B84
:101E3000ECE76B1E9C42BFF489ADB3693033A8E672
:101E4000B2691AB1013AF369073378E70622FAE773
:101E500072696423002A04DB92FBF3F103FB112374
:101E6000B7E502F26C72002AB8BF5242B2FBF3F13E
:101E7000F4E771694948814206DA4FF02D0CA0EB76
:101E8000010A8DF818C042E601F26C7A17E68DF867
:101E9000181006A93023881C4B7043E6013A1DE652
:101EA000013A37E606A937E6336A002BFFF67FAC26
:101EB0003B4803F0D2FAB9F1000F01D100F076F8F7
:101EC00001F056FD336A002B4FF02803D4BF0022E7
:101ED000012202FB0333C3583148C3F1000903F068
:101EE000C4FA3C21381999FBF1F2002AB8BF5242DA
:101EF000B2FBF1F301FB13224FF46163291B009243
:101F0000284A99FBF3F300F08DFA0028FFF61EAD86
:101F10000444A5427FF61AAD4FF0010947E4336A45
:101F2000002BFFF644AC1E4803F097FAB9F1000FFE
:101F300001D100F03BF8336A1B4A002BD4BF0023C9
:101F4000012352F82390484609F1FF39EEF77AFF52
:101F50006B1E2044A04203D1114803F086FADBE750
:101F6000A34204D919F8012F3A550134F2E70C487D
:101F700003F07BFAEAE46B1E9C42BFF4E7AC252336
:101F800007E6002D3FF4E3AC00233B55DFE400BF40
:101F9000454B0200BC4B0200174B020094F8FFFFB8
:101FA000B00100204D4B0200580100202DE9F04FF8
:101FB0008DB0DFF8D8A201F0DBFC0446B4480CF089
:101FC0004FFEB44F0546D8B9B34BCAF800001860AD
:101FD000B24BC7E900334A2100220023A5622172D7
:101FE00084F830102565C4E90355C4E90555C4E9F2
:101FF0000823C4E90D55C4E90F55C4E912238AE04A
:102000000023A54A002000211360A54ACAF8003029
:10201000A3622365C7E900224A22C4E9033322727E
:1020200084F83020C4E90533C4E90801C4E90D335C
:10203000C4E90F33C4E912012B783A2B08BF0135EC
:102040002B783C2B5BD16E1C0AAB964A96493046E6
:1020500000F014FA00285EDD0A9BDA1E072A5AD81F
:10206000F35C3E2B57D102350A9B05EB0308EB5C72
:102070002D2B53D108F101084FF0FF39002308AD93
:1020800007AA8A49ADF81E304046ADF820300AABA9
:102090000393CDE901350DF11E0300930AAB00F067
:1020A000EDF9002837DDBDF81E303C22BDF8206078
:1020B00002FB0366BDF81C304FF4616202FB03664D
:1020C0000A9B09FB06F608EB030918F803303C2BC2
:1020D00040F0F68009F101080AAB754A72494046A2
:1020E00000F0CCF9002820DC99F801303E2B1CD1FF
:1020F0006C4BA662CAF80060C7E900330BE00AAB7C
:10210000684A6C49284600F0B9F9002803DD0A9BAB
:10211000033B072BA8D90DB0BDE8F08F2B2B4FF058
:10212000010908BF08F10108A8E70A9BDA1E072A7F
:10213000F1D818F803303E2BEDD109F102090A9BC2
:1021400009EB030819F803302D2B40F0C88008F183
:1021500001084FF0FF39002307AA54494046ADF863
:102160001C30ADF81E30ADF820300A930AABCDE933
:10217000025301930DF11E0300930AAB00F07EF9A8
:10218000002800F3B380A6F5616304934FF0000BC1
:102190000A9B08EB0305A0462B782C2B08BF0135C2
:1021A00095F80090B9F14D0F40F0B3800AAB0DF1F6
:1021B0002602414928460393CDE9013209AA00923B
:1021C0000DF1220200F05AF90328A4D1BDF8221023
:1021D0004B1E0B2B9FD8BDF82420531E042B9AD8DE
:1021E000BDF82630062B96D888F80890C8F8143029
:1021F000C8E903120A9B05EB030900254FF002030F
:10220000ADF81E50ADF81C30ADF820500A9599F885
:1022100000302F2B0FD10AAB08AA28494846039358
:10222000CDE901320DF11E02009207AA00F026F955
:10223000A8427FF7D0AEBDF81E203C21BDF820306B
:1022400008F1280801FB0233BDF81C204FF461613E
:1022500001FB023348F8103C0A9D4D44BBF1000FCE
:1022600054D0049B606823650E4BA6623B60104B04
:102270007B6001F081FBA26A236DCAF800209B1AE3
:10228000054A18BF0123136045E700BF341F002033
:10229000594B020058010020381F0020233F020044
:1022A000B1400200621F00205C4B0200914B020013
:1022B000561F00206F4B02007D4B0200904B020026
:1022C0000AAB2B4A2B49484600F0D8F800287FF784
:1022D0000FAF0A9B033B072B7FF631AF1BE72B2B7E
:1022E0004FF0010908BF08F1010834E7BDF81E20CE
:1022F0003C21BDF8203001FB0233BDF81C204FF417
:10230000616101FB023309FB03F33EE74FF0010B70
:1023100042E7B9F14A0F4FF00A020BA906BF013597
:102320004B4644232846059300F01CFCDDF82C9016
:10233000059BA945ADF8260014D14D23BBF1000F34
:1023400007D1032123720223C4F814B0C4E9031394
:1023500053E70B2284F830300123C4E90D23002316
:10236000E3634AE780B288F80830C8F8140044E70D
:10237000561F00206F4B020010B50C4679B1094979
:102380002046EEF755FD50B107492046EEF750FDC7
:1023900028B123780448002B18BF002010BD024844
:1023A000FCE700BFA34B02007F36020010B5837824
:1023B00004469B0612D5436983B19847002812DB77
:1023C000A37823F00803A3704FF00003D4E85F2F35
:1023D000C4E8513F0029F9D1002010BD034B1D2254
:1023E0000CF07CFC1A504FF0FF30F6E70C000000B8
:1023F00010B5837804469B060AD5436943B1012290
:1024000000219847D4E89F3F9BB203B1013810BD2B
:10241000034B1D220CF062FC1A504FF0FF30F6E720
:102420000C0000000CB430B589B005460C461C22E7
:10243000002101A80CF069F9022305958DF80630FA
:102440000D4B029323462CB1B4F1004F28BF4FF03F
:102450000043013B1D440DAA0C9901A8069500926A
:1024600000F0E6FB14B1059B00221A7009B0BDE82C
:10247000304002B0704700BFC1EC01000EB470B52F
:1024800089B005461C2200210DAC01A854F8046B4C
:102490000CF03BF9012301A8224631468DF80630A5
:1024A000054B05950393009400F01CFE09B0BDE8B0
:1024B000704003B0704700BFADEC01002DE9F84F4C
:1024C00000228046894618F80230511C202B00F06B
:1024D0009E81A3F10900042840F299812B2B0D461F
:1024E00033D02D2B36D01846042440F02003692B1E
:1024F00032D06E2B60D000224FF00A0A96469446E6
:102500001346114614F400666BD040F02007A7F183
:10251000610BBBF1050F64D8573FFFB2BA4540F3DA
:10252000F28044F08006E005B6B268D5F40506F402
:10253000007079D5002F18BF4CF0010C00B90132A2
:1025400018F8050034460135DCE7042418F80100CA
:10255000951CCAE74424F9E7AE4B0026AE4F13F8AA
:10256000011B49B118F80520681C42F020028A427C
:1025700026D0AA4A934230D132463B4630463946AD
:10258000EDF73EFE48B918F80530282B05D1013586
:1025900018F805300135292B14D1630602D507F14F
:1025A00000431F46B9F1000F02D04544C9F800505E
:1025B00030463946BDE8F88F994B0026994FCEE753
:1025C0000546CCE723F02002413A192AE0D9A3F1CD
:1025D0003002092ADCD95F2BDAD00026002700253B
:1025E000E0E7A0F13007FFB257452DDA44F080064E
:1025F00014F48070B6B299D1BAF10A0F06D0BEF1C8
:102600000F0F93DD44F4C076B6B28FE7BEF1100F22
:102610008CDD44F4C076042FB6B287D9052F4FF075
:10262000020C08BF074681E700B1013AAAFB033458
:10263000FB180AFB014444F1000153EA01003FF496
:102640007FAF0EF1010E7BE7FE2F5CD1A70556D5BB
:102650002006C2D5002E40F0968053EA010005F115
:10266000FF3500F0D180200540F1B2803632B1F55F
:10267000800FC0F091806C4FB1F5000F80F0918019
:10268000BA42C0F28E804CEA0303084603F0030608
:10269000032E04D003F00606062E40F08B80043390
:1026A00041F10000B0F5000FC0F084800132B2F5B6
:1026B000806F80F2A68000234FF4801102F2FF3277
:1026C00021F4801141EA025718461E46394601F0AE
:1026D000D3F80138022804D8544B22220CF0FEFA19
:1026E0001A503046394601F0C7F8013802283FF643
:1026F00054AF4E4B22220CF0F1FA1A504DE744F43D
:102700000076B6B21CE740F0200004F0800778287D
:1027100009D147B153EA010A05D144F400664FF0EC
:10272000100AB6B20CE7002F3FF457AF6EB3920019
:102730007026864291D118F805006E1C2B2804D013
:102740002D2824D144F48064A4B218F80600A0F126
:102750003006092E81D8AE1C354640F2D34A0026F9
:102760004FF00A0B5645DCBF30380BFB060618F855
:1027700005000135A0F13007092FF3D9670548BFDF
:102780007642324469E72E20D1E76526D1E7A0F1F1
:102790003007092FE0D960E7DB1802F1FF32494129
:1027A00065E75E0803F00103013246EAC176490895
:1027B000334361E7B2F5806F23DA9B08B0F5800FF1
:1027C0004FEA900143EA8073BFF478AF002279E7C3
:1027D0000EEB020010F5A27F10DDB0F59B7F10DA42
:1027E00003F0010040EA0C0001308008181841F1A4
:1027F000000100F04FFE06460F4672E70026002754
:102800006FE70026044F6CE700260027C5E60A465E
:1028100059E600BFDC4B02000000F07FDF4B0200F6
:10282000D94B02000000F87F02FCFFFF0C00000003
:102830002DE9F047002280460F4618F80230511C5F
:10284000202B00F08281A3F10900042840F27D8151
:102850002B2B0E4636D02D2B39D09946002549F02A
:102860002003692B35D06E2B5CD000214FF00A0C71
:1028700008460C460A4615F4006A66D049F0200E58
:10288000AEF16103052B60D8AEF1570E5FFA8EFEF4
:10289000F44540F3DB8045F0800315F4807F9BB264
:1028A00062D013F4807F03F4007572D0BEF1000F84
:1028B00018BF44F0010405B9013118F806901D460F
:1028C0000136D8E7002518F80190961CC7E7402587
:1028D000F9E79F4B4FF0FF4413F8011B49B118F87B
:1028E0000620701C42F020028A421ED0994A934270
:1028F00028D121462046EDF7F9FC48B918F80630F2
:10290000282B05D1013618F806300136292B0ED1B7
:102910006B0601D504F100440FB146443E602046E9
:10292000BDE8F0878C4B8D4CD6E70646D4E723F004
:102930002002413A192AE6D9A3F13002092AE2D944
:102940005F2BE0D000240026E6E7A9F1300E5FFA05
:102950008EFEE64525DA45F0800315F480799BB2BA
:102960009FD1BCF10A0F05D007289ADD45F4C0734A
:102970009BB296E7082894DD45F4C073BEF1040FBE
:102980009BB28ED9BEF1050F4FF0020408BFCE46B0
:1029900087E705B1013902FB0CE2002A8DD0013036
:1029A0008BE7BEF1FE0F51D1AB054BD52B06C9D538
:1029B000BAF1000F40F09480013E002A00F0C3807D
:1029C0002B0540F1AB801931B2F1007FC0F093804C
:1029D000B2F1806F80F0928011F17E0FC0F28E8094
:1029E00042EA040303F00302032A04D003F00602C0
:1029F000062A40F089800433B3F1806FC0F08480F0
:102A000001317F2900F39C80DC087F3124F400042D
:102A100044EAC154204600F053FF0138022804D88C
:102A20004F4B22220CF05AF91A50204600F048FF72
:102A3000013802283FF66CAF494B22220CF04EF9C8
:102A40001A5065E745F400739BB236E749F020035E
:102A500005F0800C782BE64609D1BCF1000F06D0BA
:102A60002AB945F400634FF0100C9BB225E7BCF186
:102A7000000F3FF467AFBAF1000F33D089004FF079
:102A8000700C9C4598D118F8063006F1010C2B2BE0
:102A900004D02D2B29D145F48065ADB218F80C3047
:102AA000A3F1300CBCF1090F86D806F1020C664682
:102AB0004FF00A094FF0000CBCF1DF0FDCBF303BD8
:102AC00009FB0C3C18F806300136A3F1300EBEF1BC
:102AD000090FF1D96B0548BFCCF1000C61446BE7DD
:102AE0002E23CBE74FF0650CCBE7A3F1300EBEF100
:102AF000090FDCD960E75200013965E702F00103F4
:102B0000013143EA520263E77F2919DCB3F1007F08
:102B10004FEA9304BFF479AF002179E7084410F13C
:102B20002D0F0BDB27280BDC02F0010020430130C6
:102B300002EB90000BF092FF044676E7002474E766
:102B40004FF0FF4471E70024E2E60A4675E600BF55
:102B5000E74B0200EA4B0200E44B02000000C07F9A
:102B60000C000000242AF0B5044601D8012A40D107
:102B70002E4B16220CF0B2F81A5001B10C60002056
:102B8000F0BD2F463D4615F8010B2028F9D0A0F1E5
:102B900009060346042EF4D92B282CD02D282CD13D
:102BA0000126BD1C7B78302B2DD1287840F02000E9
:102BB000782824D132F0100021D16B782C461022D5
:102BC00002350020392B82BF03F1FF3343F020038D
:102BD000263B303B9A421AD9A0FB02040CB9C0181C
:102BE00001D346F002062F462C4617F8013B3D461E
:102BF000E8E70746C6E70026D3E70026D3E7002A22
:102C000008BF0822DDE7002A08BF0A22D9E701B180
:102C10000C60F20748BF4042B307B1D5034B2222F4
:102C20000CF05CF81A504FF0FF30A9E70C000000E0
:102C30002DE9F04F43688DB01546804602938378A6
:102C40009A0740F10D8100240E78002E00F00A81D1
:102C5000252E0BD04B1C0393013441463046029B7A
:102C600098470028C0F2F6800399EDE74E788B1C58
:102C7000252E0393F0D00027B946BB46BBF11F0FAA
:102C800038D8A6F12003102B0AD8DFE803F02A0970
:102C900009300909092109090928092D09091F0015
:102CA000A6F13003092B33D92A2E37D11BF0400F60
:102CB00055F8043B40F08280002BA7BF4BF0200B5F
:102CC0009946C3F100094BF0280B01E04BF0010BD2
:102CD000039B13F8016B0393002ECFD130E04BF030
:102CE000020B4BF0040BF3E74BF0080BF0E74BF053
:102CF000100BEDE7BBF17F0F19D8A6F13003092BBC
:102D0000D2D81BF0400F03D00A2101FB0737DFE7C1
:102D10000A214BF0200B01FB0939D9E72E2E06D1F1
:102D20001BF0400F40F09E804BF0400BD0E76C2E24
:102D300031D02BD8682E36D06A2E3CD04C2E3AD0CB
:102D4000002F46F02003B8BF2BF04002A3F165012D
:102D5000BCBF00271FFA82FB022901D9612B2FD1AA
:102D600007350727DFF8ACA225F0070508351BF06B
:102D7000080F66D00AEB070B56465E4563D1A4EBFD
:102D80000A0AA9EB070906EB0A026FE1742E9FD02D
:102D90007A2E9DD0D4E71BF0800F18BF4BF4007B38
:102DA0004BF0800B94E71BF4807F18BF4BF4007B43
:102DB0004BF4807B8CE74BF4207B89E71F4687E749
:102DC000A6F16301122900F2F080DFE811F0130090
:102DD0004F00EE00EE00EE00EE004F00EE00EE00C1
:102DE000EE00EE00EE00FE00E900EE00EE001B003B
:102DF000EE00AF0055F8043B01270DF1180A8DF8DD
:102E00001830B4E755F804AB834BBAF1000F08BF94
:102E10009A461BF0400F504614BF39464FF0FF3121
:102E20000BF0A1FC0746A2E741462020029B9847F1
:102E300000280FDB013EB742F6D34C44B146A41B39
:102E400098E74E46F7E7414616F8010B029B984774
:102E5000002892DA98F8023043F0040388F8023030
:102E60004FF0FF3420460DB0BDE8F08F1BF0800F0F
:102E700034D01BF4007F2CD0073525F00705AA4677
:102E800069685AF8080B2BF010050029ADB237DA43
:102E9000404245F4806561EB41010DF1180B0A23B6
:102EA0005A460BF018FDA0EB0B0301936B0662D59D
:102EB000019B25F001019F4289B240F3A180002EC1
:102EC00000F0998015F0100240F09C80BB460D4642
:102ED00023E0AA465AF8040BC117D4E7AA461BF40C
:102EE000807F5AF8041B01D10846F5E71BF4007FE8
:102EF00019BF48B241F3C01108B241F3C031C2E773
:102F000050EA0103C9D11BF0400FC6D0002FC4D135
:102F10002BF01102BB46019795B240F2064115EA2B
:102F200001021CBF0BF1010B00222CE02BF0100260
:102F30000A231FFA82FB1BF0800C49D01BF400719E
:102F400015BF0735AA4625F007055AF8040B1EBF22
:102F5000AA4669685AF8080B50EA010545D12BF0DA
:102F600016051BF0400FADB242D0002F40D12BF020
:102F70001702019795B215F0100248D0019B002E60
:102F800042D103F1010B29075AD4EB0706D5D945E5
:102F90006FDDA9EB0B030199CB465F185B4649E057
:102FA0004BF0100B10237826C5E7782B04D1C6F11F
:102FB000780343F01003BEE741462520029B984763
:102FC0000028FFF647AF023447E608230026B2E7A1
:102FD000AA461BF480715AF8040BBDD01BF4007193
:102FE0001ABFC0B2614680B2B6E72BF0060295B2B6
:102FF0000DF1180B54E725F01105BB46ADB28CE777
:103000000D46B8E73B460D4603F1020BBBE7DDF882
:1030100004B082E7F64B0200EF4B0200CDE9043228
:1030200041462020029B98470028FFF613AF049BDF
:10303000059A01339945F1DCA4EB0B019B46CC18B2
:103040000AB341463020029B98470028FFF602AFA2
:103050008EB901342744391B019B994224DC1D465B
:1030600055BB019AA9EB0B095546224414469144DD
:1030700033E0019F92E7023441463046029B984775
:103080000028E7DAE6E640F206410D42E2D015F00C
:10309000020F04F10104414614BF2B20202015F437
:1030A000806F18BF2D20E9E741463020029B013494
:1030B00098470028CFDACDE606AB013D4146585D82
:1030C000029B98470028CBDAC4E641462020029BA9
:1030D000013498470028FFF6BDAEA9EB0403002B8E
:1030E000F3DCC1E52DE9F04F8046002089B082462F
:1030F000029207900D4615F8014BACB1202C17D069
:10310000A4F10903042B13D9252C17D007A9404695
:103110000BF037FC031EC0F2CD80DBB2A3420BD014
:1031200007AA41460BF037FC504609B0BDE8F08FC6
:1031300007A940460BF037FC2946DBE74C788D1C8D
:10314000252CE3D02A2C20D1CD1C8C7801260027F9
:1031500006E00A2246F0020615F8014B02FB07378B
:10316000A4F13003DBB2092BF3D916F0020F08BF2C
:103170004FF0FF376C2C33D009D8682C24D06A2C40
:103180003CD04C2C35D034B9CEE70026DFE7742C88
:1031900031D07A2C2FD021469E480BF068FD0028B4
:1031A000C2D016F00103039311BF4FF00009029B38
:1031B00053F8049B02936E2C23D1079A00234846B0
:1031C00000960BF005FCB7E72C78682C03D046F08E
:1031D00020060135D7E746F030066C780235D2E795
:1031E0002C786C2C02D046F00406F2E746F00C0670
:1031F000F3E746F00C0615F8014BC4E746F0080665
:10320000F9E7632C18D116F0020F08BF012707A9B0
:1032100040460BF0B6FB00284CDBB9F1000F01D0A3
:1032200009F8010B013FF2D1039B002B84D10AF175
:10323000010A5FFA8AFA7FE75B2C54D12B780024CD
:103240005E2B06BF01354FF0010B4FF0000B07A9B5
:1032500040460BF096FB00222E4605F1010E9446E7
:10326000114616F8013BFBB1764508D05D2B12D014
:103270002D2B04D132B90B4601221946F1E7002A61
:1032800008BF194688424FF00002F6DB9842D8BFCB
:103290004FF0010CF1E7002805DBE34511D107AA47
:1032A00041460BF078FBACB998F8023013F00C0FE4
:1032B0003FF43AAFBAF1000F14BF50464FF0FF3061
:1032C00033E7B9F1000F01D009F8010B013F4FF0CE
:1032D0000104BCD1B9F1000F01D13546A4E70023A8
:1032E00089F80030F9E707A940460BF05CFB00289D
:1032F000E0DB6F2C58D031D8642C57D0693C18BF14
:103300000124240107A940460BF03BFB2B2803D0E6
:103310002D2809D146F04006013FC5D007A94046F7
:103320000BF02FFB0028BFDB30286ED17B1E0493EF
:1033300006D007A940460BF024FB0028049B37DA8F
:103340000027BB46730602D57F426BEB4B0B3A4618
:103350005B46484600960BF03BFB65E7732C0BD0B1
:10336000752C0CBF0A241024CCE7B9F1000F01D052
:1033700009F8010B013F0FD007A940460BF001FBF4
:10338000002809DB202803D0A0F10903042BECD886
:1033900007AA41460BF0FFFAB9F1000F3FF444AF22
:1033A000002389F800303FE70824ABE70A24A9E7A7
:1033B00040F0200246F08006782A0ED134F0100248
:1033C0000ED1BB1E0493BBD007A940460BF0D9FA1F
:1033D0000028049BB4DB102402E0002C08BF082462
:1033E0000027BB463928024682BF00F1FF3242F077
:1033F0002002263A303A94420ED807AA41460BF0F2
:10340000CAFA32067FF550AF9CE73B46002CE7D165
:103410000A24E5E7FE4B0200A4FB077146F0800694
:10342000D71904FB0B1141F1000B013BCDE904332B
:1034300088D007A940460BF0A4FA0028049BD1DAF3
:1034400080E700BFF0B589B005460C46164600215E
:103450001C2201A81F460BF058F9022320460595AF
:103460008DF806300A4B02932CB1B4F1004F28BFFF
:103470004FF00040013805443A46314601A8069510
:10348000FFF7D6FB14B1059B00221A7009B0F0BDFE
:10349000C1EC01002DE9FF47804616460F46002982
:1034A00000F09E80B1FA81F4341B002E04F10A046E
:1034B000C0F29E80304600F0CBF80444304600F065
:1034C000CDF8A4EB060905466946304600F0E6F85B
:1034D000A9EB05036A4640467D3339460BF08EFA68
:1034E000A64282460D467FDCB9F13F0F7EDC4FF0ED
:1034F000FF33A9F12000C9F1200103FA00F003FA1B
:1035000009F223FA01F103FA09F3024328EA03035B
:103510000A4327EA020213430CBF01200020002DBA
:1035200000F08880B5FA85F3E31A40F2FE7203F2E8
:103530003E43934200F38780002B23EAE376D4BF17
:1035400001223246121BA2F23341A2F23447A2F208
:103550005344C1F1200C2AFA01F325FA04F4C7F10F
:10356000200E05FA0CFC25FA01F105FA0EFE43EADD
:103570000C03A2F2544CA2F2544223432AFA07F459
:1035800025FA0CFC44EA0E0444EA0C04C7F1200CB2
:1035900014F0010F52D0A8B14FF0FF3000FA02F240
:1035A00000FA07F4144320FA0CF2B840144303F075
:1035B00001022AEA000A25EA04054AEA020A5AEA4E
:1035C000050A3BD0013341F10002C2F3130253EA72
:1035D000020136D0184642EA065104B0BDE8F08731
:1035E000B0FA80F420345FE7012098E7002096E7E6
:1035F000C6F10009484600F031F8241A484600F0A8
:103600002DF8A61B0546694648462E4400F0B8F83A
:103610006A46404606F17C0339460BF0EFF98246D4
:103620000D464046394600F021F881458CBF002008
:10363000012074E7BAFA8AF3203375E7C1F3130265
:10364000C8E70136C6E700200049C6E70000F07F62
:10365000014B5843C00C70474F931200024B584324
:10366000C00C0130704700BF4F93120070B5034685
:10367000094A00204FF0CC364FF0333506FB03F4F7
:1036800002FB0144A3FB023121449D4275EB01047E
:1036900001D30130F2E770BDCDCCCCCC1A232DE99B
:1036A000F04FB0FBF3FA334E03FB1A0389B0044624
:1036B0000D4606EB0A1653B9D6E90023C1E90023EB
:1036C000D6E90201C5E9020109B0BDE8F08F2A4A36
:1036D00002EBC303D3E9008904AB4046494600939B
:1036E000D6E902230BF082FA06AB83460F4640462A
:1036F00049460093D6E900230BF078FA002381466F
:10370000DDE9066216EB0B0652EB070828BF012322
:1037100033B1049B059A013342F10002CDE9043232
:103720002046039100F0E4F907461A2000FB0AF056
:1037300000F0DEF93F1A32464346484603990097A7
:103740000BF06FFA0D4A4FEA141C640004F01E03DC
:1037500052F82C40DC4004F003042418304641F1B8
:103760000001DDE90423C5E90041414600970BF063
:1037700058FAA7E7D80F0200080F0200D030020065
:103780002DE9F04F1A2700F11905DFF8E0A089B004
:1037900004460E46B5FBF7F56F434FEA051B0AEBEF
:1037A00005153A1A0AD1D5E90023C1E90023D5E964
:1037B0000201C6E9020109B0BDE8F08F2C4B03EB12
:1037C000C203D3E9008904AB404649460093D5E9DA
:1037D00002230BF00BFA5AF80B206B68013ACDE983
:1037E000020106A963F100034046009149460BF02F
:1037F000FDF98A46029900238146DDE906526D18DB
:10380000039952EB010828BF012333B1049B059AA9
:10381000013342F10002CDE90432384600F068F984
:103820000746204600F064F93F1A2A4643464846B8
:10383000514600970BF0F5F90E4A4FEA141C64004C
:1038400004F01E0352F82C40DC4004F00304013461
:103850002418284641F10001DDE90423C6E90041AE
:10386000414600970BF0DDF9A3E700BFA810020066
:10387000080F0200243102000B4631F0004107D14D
:1038800090B10D4A1A40002A14BF0420032070474B
:10389000094A13420AD0094B994209D9914209D1E8
:1038A000B0FA80F04009704702207047032070474B
:1038B00004207047002070470000F07FFFFFEF7F7B
:1038C00030F000400DD0A0F50003B3F1FE4F0AD355
:1038D000421E074B9A4208D9A0F1FF435842584173
:1038E000704702207047042070470320704700BFD4
:1038F000FEFF7F002DE9F84F05461B48894601F081
:10390000ACFD1A4BD3F800B0BBF1000F06D02B462C
:103910001C4613F8012B3AB13D2AF9D1124801F0A7
:10392000A4FD0020BDE8F88F641BDA4656465AF81D
:10393000048BB8F1000FF1D02246294640460BF027
:10394000A3F90028F2D118F8043008EB04073D2B46
:10395000ECD1A6EB0B060448B610C9F8006001F0E4
:1039600084FD781CDEE700BFB0010020600100206C
:1039700000487047C00B00202DE9F0470446FFF7D0
:10398000F7FF40F2B1739C4240F3AC806FF4F662F3
:10399000A4F2B2736FF4C86500F15007A11840F2A9
:1039A0006D12514E8910446002FB03116FF06302E7
:1039B000A4F26D7393FBF2F34FF4C87219446319C8
:1039C000B3FBF2F302461944137A55694A2B3CD1F2
:1039D00014F0030F01EB050334D14FF0640E94FB98
:1039E000FEFC0EFB1C4CBCF1000F08D14FF4C87854
:1039F00094FBF8FE08FB1E4EBEF1000F05D13B2DD7
:103A0000D4BF4FF0000C4FF0010C6344013B9569AB
:103A10004FEAE57CC3FB065C936AED184CEBE3735D
:103A2000C2E9085328329742CED1D0E90843D0E901
:103A300012128C429341B4BF012300230360012082
:103A4000BDE8F0874FF0000CDFE7442B01D14B19A4
:103A5000DDE7A3073DD14FF0640C94FBFCF30CFBB6
:103A60001343C3BB4FF4C87C94FBFCF30CFB134320
:103A7000B3FA83F35B094FF00C0CDFF87080D2F8D7
:103A80000C900CFB03880B4608F1FF3C9CF801E00E
:103A90000CF1010A0CF1020CACEB080CE1451CDC4A
:103AA00003F104084FF0070C98FBFCFCCCEBCC0CAA
:103AB000A8EB0C0CB5EB0C0C156905F1FF3548BFF4
:103AC0000CF1070CC5EBC5056544754508DA2B44B8
:103AD0009DE70023CFE70123CDE77344D446D5E724
:103AE000073DF2E70020ABE7805101000A4C0200DD
:103AF000024B5843C00C0130704700BF4F93120077
:103B0000704708B520EAE070C117C90341EA504187
:103B1000C00340F2E733C0184FF47A724FF000034D
:103B200041F10001ECF714FC03F053FB08BD10B5A4
:103B3000044603F0F1FB8E464A0142EAD06243019B
:103B40001B1A62EB0102920042EA93729B001B185F
:103B500042EB0101C90041EA5371C3F3103343EA58
:103B60004143C90B20686268181A2360616061EBE9
:103B7000020110BD08B5EDF723FEEDF735FEEDF7B8
:103B80006DFEEDF775FE002008BD08B54FF6FF711C
:103B90000120EDF71FFC08BD38B5134685680469A0
:103BA00012F4801F07D012F4402F04D012F0010F3E
:103BB00001D082F4402323F4801213F0010F0AD0C5
:103BC00023684FF0010C0CFA01FC43EA0C0323605C
:103BD0002B68984738BD23684FF0010C0CFA01FCA4
:103BE00023EA0C032360F3E708B503468C4600681C
:103BF0001979DA8842EA0C02FFF7CEFF08BD08B552
:103C000032B1012303FA01F18368DB68984708BDEC
:103C1000012303FA01F183681B699847F7E710B5A0
:103C200003691C6801238B401C4202D0B2FA82F265
:103C30005209FFF7E4FF10BD0020704700EBC101FF
:103C40008368B3F5004F0AD322B14B6843F00103F8
:103C50004B6070474B6823F001034B60704722B103
:103C60004B8843F001034B8070474B8823F00103DE
:103C70004B807047C9008368B3F5004F03D3082316
:103C80001944084470470423FAE710B400EBC10C50
:103C90008468B4F5004F19D3DCF80C30994218D081
:103CA000B4F5004F21D3DCF80810043240F822307C
:103CB00000EBC102B4F5004F1AD3D36000EBC3038D
:103CC0008268B2F5004F15D399600CE0BCF806305D
:103CD000E4E7C3680121914023EA0103C360043291
:103CE000002340F8223010BC7047BCF80410DCE719
:103CF000D380E3E79980F6E7131D50F82330DBB952
:103D0000C3684FF0010C0CFA02FC43EA0C03C360D9
:103D1000043240F8221000EBC1038268B2F5004F74
:103D200006D399608268B2F5004F03D3D96070471B
:103D30009980F7E7D980704710B500EBC30C846811
:103D4000B4F5004F1CD3DCF8082000EBC10EB4F52D
:103D5000004F18D3CEF808208468B4F5004F15D36F
:103D6000CEF80C3000EBC2028368B3F5004F10D3DD
:103D7000D1608368B3F5004F0DD3CCF8081010BDA7
:103D8000BCF80420E1E7AEF80420E5E7AEF8063021
:103D9000E8E7D180EDE7ACF80410F0E730B400EBD1
:103DA000C10C8468B4F5004F29D3DCF80450531AD1
:103DB000891A01EB55015D00B4F5004F22D3CCF810
:103DC00004504C0000EBC20C8568B5F5004F1CD3C5
:103DD000CCF804408468B4F5004F19D340F8323071
:103DE0008368B3F5004F16D3DCF8044002EB5402AD
:103DF000B3F5004F12D340F8321030BC7047BCF816
:103E00000250D4E7ACF80250DBE7ACF80240E1E73F
:103E100020F83230E4E7BCF80240E7E720F832103F
:103E2000EBE730B400EBC1018468B4F5004F1ED35A
:103E30004B685B0800EBC20CB4F5004F19D3DCF8FB
:103E4000045003EB55035D00B4F5004F14D34D60EF
:103E50008168B1F5004F11D3DCF8044002EB540245
:103E6000B1F5004F0DD340F8323030BC70474B886D
:103E7000DFE7BCF80250E4E74D80E9E7BCF8024018
:103E8000ECE720F83230F0E78368B3F5004F04D355
:103E90000823C91A081AC00870470423F9E708B5AF
:103EA0008368B3F5004F07D300EBC1025268520894
:103EB000012A02D0002200E00022A2B900EBC102D8
:103EC000B3F5004F10D352685208B3F5004F0DD32D
:103ED00008230833A2EBD3020132B2FA82F2C2F114
:103EE0001F02FFF7D2FE08BD5288EDE70423F0E77A
:103EF00008B58368B3F5004F07D300EBC1025268E1
:103F00005208012A02D0002200E00022A2B900EBF0
:103F1000C102B3F5004F10D352685208B3F5004FF9
:103F20000DD308230833A2EBD3020132B2FA82F296
:103F3000C2F11F02FFF7E0FE08BD5288EDE704233F
:103F4000F0E7F8B504460D46CE0000EBC1078368E4
:103F5000B3F5004F1FD3796805EB510104EBC102A3
:103F6000B3F5004F19D3536813F0010F17D0A368AE
:103F7000B3F5004F24D3A159691A04EBC102B3F57C
:103F8000004F1FD3536813F0010F1DD02946204660
:103F9000FFF7AEFFF8BD7988DEE75388E4E72046F7
:103FA000FFF77DFFA368B3F5004F07D37A6805EBF1
:103FB000520229462046FFF734FFD8E77A88F6E711
:103FC000A15BD9E75388DEE72046FFF768FFA368C7
:103FD000B3F5004F0CD3A1592A46691A2046FFF7C2
:103FE00020FFA368B3F5004F04D3A359ED1ACDE722
:103FF000A15BF1E7A35BF9E7F8B58568B5F5004F7C
:1040000010D308230833A1EBD3030133B3FA83F3AE
:10401000C3F11F02C3F1230450F8246046B34FF0EC
:10402000030C12E00423EDE7BEF8027017E021460E
:10403000FFF72BFE24E0BEF80640171D40F827408E
:10404000BCF1010C14D0A64212D0141D50F824402B
:1040500000EBC40EB5F5004FE6D3DEF80470B1EB0B
:10406000570FE4D9B5F5004FE5D3DEF80C40E4E78F
:10407000C468C3F12002012393405B421C4001D17C
:104080002046F8BD94FAA4F2B2FA82F2131D50F859
:1040900023402146FFF7F9FDF2E779B138B505680D
:1040A0002846FFF7F1FE0446002201462846FFF7A6
:1040B000C5FD21462846FFF744FF38BD704770B55F
:1040C0000568A1B30B46AA68B2EBD10F31D9B2F59E
:1040D000004F1DD308229C180734E40821462846C7
:1040E000FFF78AFF064630B305EBC003AA68B2F5B6
:1040F000004F0FD35B68B4EB530F0DD30122314651
:104100002846FFF79BFD31462846FFF7B3FD70BDFB
:104110000422E0E75B88EEE7344422463146284635
:10412000FFF73CFE21462846FFF7E2FEE6E70020C7
:10413000EDE70020EBE70020E9E72DE9F041144628
:1041400006684B420B4001F1FF3818EA01080CD019
:10415000B268B2F5004F06D30822934257D21A46EE
:104160004546984609E00422F7E70D46B368B3F5E3
:10417000004F45D30822954244D9002C62D0B36841
:10418000B3EBD40F60D92919891AB3F5004F41D385
:10419000082319440731C9083046FFF72DFF0746A9
:1041A000002853D001463046FFF764FD00EB0803BA
:1041B0002B44013BB3FBF5F303FB05F5A5EB080529
:1041C0002C44073424F0070429463046FFF75CFEF0
:1041D0008046A41BE41087421ED306EBC803B268D6
:1041E000B2F5004F22D35B6808EB53039C421FD308
:1041F000012241463046FFF721FD2846BDE8F08107
:104200000422B8E72146FFF75AFF0546F5E7454681
:104210009846B2E70423BCE7024639463046FFF72A
:10422000BDFD39463046FFF763FED6E75B88DBE726
:10423000224641463046FFF7B1FD21463046FFF7A2
:1042400057FED5E70025D8E70025D6E70025D4E7B7
:10425000F8B5B2F5802F23D30823D21ACC1D24F051
:10426000070401EB020C2CF0070CACEB040C4FEA3A
:10427000DC010460A1600023E360BCF5802F11D352
:1042800008230833A1EBD3030133B3FA83F3C3F15B
:10429000200EC3F124039B00DE1DF508002308E077
:1042A0000423DAE70423ECE71A1D002044F8220077
:1042B00001337345F8DB6B00BCF5802F32D36360AC
:1042C000BCF5802F30D300232360BCF5802F2ED384
:1042D000636843F0010363604A1B570026F007033D
:1042E000E018BCF5802F27D34760A068B0F5004FD9
:1042F00024D3E5502CF00703A444A068B0F5004F88
:104300001ED30020CCF80400A068B0F5004F1BD3EA
:10431000E25001222046FFF791FC29462046FFF794
:10432000E7FDF8BD6380CBE700232380CDE76388FA
:1043300043F001036380CFE74780D6E7E552D9E732
:104340000020ACF80200DFE7E252E2E710B50C46CD
:1043500011461A46029BA04710BD4038C0B23A2809
:104360008CBF002001207047F8B5064603784578D9
:10437000847804EB83040444002706E001342046DB
:10438000ECF760FD013004440137AF42F6D3A01BC7
:10439000F8BD70B5144668B10D46194606462BB9EE
:1043A0001046ECF74FFD83B2013399B22A462046FE
:1043B000B04770BD1046ECF745FD0130F9E75BB33F
:1043C0002DE9F04782B00746884691461D461A7887
:1043D0005E789C78DB7804EB820404EB43042C4485
:1043E0004FF0000A0AE014F8013B45F8234020464C
:1043F000ECF728FD013004440AF1010AB245F2D37A
:1044000005F1080300936B684A4641463846FFF7BA
:104410009DFF02B0BDE8F0876FF0150070472DE9F1
:10442000F0410446884600273E4607E0702D18D02C
:104430002846FFF792FFB8B9252D0ED014F8015B7E
:1044400075B1002EF8D04745F0D02846FFF785FF1C
:104450000028F1D001370026EEE786F00106EDE7EF
:1044600000263046BDE8F0810026FAE700207047BC
:1044700008B500F0D4FC08BD0FB400B583B004A9A2
:1044800051F8040B0191FFF7F3FF03B05DF804EB63
:1044900004B07047036913F0080F08D1C3680268BD
:1044A000934207D8436A9B1A0B6001207047002093
:1044B000086070479B1A0B6000207047036913F077
:1044C000080F07D1826843689A4203D89B1A0B6091
:1044D00000207047436A82689B1A0B600120704776
:1044E00010B582B0044601A9FFF7D4FF20B1E368FC
:1044F000019A1344013B0193606A019BC01A013881
:1045000002B010BD38B5036913F0040F00D138BDF7
:104510000446856AFFF7E4FF854202D9A06AA062DB
:10452000F5E72046FFF7DCFFF9E7C36819440369A4
:1045300013F0010F04D1426A914204D3891A02E0B8
:10454000426A013A1140C16023F0080303617047D9
:1045500010B400236FF3000343F0020361F39F03E1
:10456000026A046842F8243003680B44026912F0BE
:10457000010F04D1446AA34204D31B1B02E0446A26
:10458000013C23400360C4689C420AD0436819443C
:10459000036913F0010F08D1436A994208D3C91A7D
:1045A00006E042F008020261F0E7436A013B19406D
:1045B000416010BC70472DE9F04F83B00446019173
:1045C00017469846056AC66805EB860B15F826302F
:1045D00003F00303022B24D0002100233B60C8F822
:1045E000003019BB236913F0020F75D0E3695846F8
:1045F0009847824615F8269019F001096ED015F8F3
:10460000263013F0020F3BD0019BBBB962685244C5
:10461000236913F0010016D1616A8A4216D3521A37
:1046200014E055F82610C1F39D01D6E72046FFF7A8
:104630007CFFE368A3604FF001094FE01946204674
:10464000FFF786FFE2E7616A01390A406260E168CC
:10465000A268914206D0A2682260E26043F008039B
:1046600023613BE0524420B9616A8A4204D3521A62
:1046700002E0616A01390A40A2604FF00009EAE7EE
:1046800001462046FFF751FFE368A360019B23B179
:10469000236A2268002143F82210019B5344C8F882
:1046A000003022681344226912F0010F04D1616ABC
:1046B0008B4204D35B1A02E0616A01390B4023602C
:1046C00042F00802226115F826306FF3000305F866
:1046D0002630C7F800B001E04FF00009484603B0AB
:1046E000BDE8F08F30B45318046914F0010F04D101
:1046F000456AAB4204D35B1B02E0456A013D2B4097
:1047000005689D4214D000236FF3000343F00203B9
:1047100062F39F03046A44F821304368134402693A
:1047200012F0010F09D1426A934209D39B1A07E0A4
:10473000016024F00804046103E0426A013A134076
:10474000436030BC704738B504460D462022002136
:1047500009F0DBFFEB68E361AB68A3612B682362C0
:104760006B6863620022A2622A6922612BB1591E22
:104770000B4202D142F00102226104F12C0001221D
:10478000002102F0C3FB38BD2DE9F04F87B09A46F7
:10479000002305930393436A8B42C0F0898004464B
:1047A00089469346002301930126009341E0019935
:1047B0002046FFF797FF0023039345E0236A226812
:1047C00003EB8201009113F822106FF3000103F84C
:1047D0002210C9B26FF3410103F8221023684B4441
:1047E000226912F0010F04D1616A8B4204D35B1A73
:1047F00002E0616A01390B402360E168994201D00F
:10480000002608E042F008022261002603E020466C
:10481000FFF79EFE2E4688F31188BFF36F8F059930
:1048200029B1A3690BB12046984700230593002EB8
:1048300040D0EFF31187202383F31288BFF36F8FEB
:10484000B846039A002AB2D104A92046FFF722FEF7
:10485000054604994945B1D20028D8D15AEA0B033C
:104860000BD1002ED7D02368019303AB05AA04997E
:104870002046FFF7A0FE0646CDE702F06BFB0028BE
:10488000EFD1002FEDD187F31188BFF36F8F04F1C3
:104890002C005A465346F2F7A3FAEFF3118820236F
:1048A00083F31288BFF36F8FB0FA80F67609B2E710
:1048B00000230093009807B0BDE8F08F70B5044660
:1048C0000D46C36908469847EFF31186202383F30A
:1048D0001288BFF36F8F2B7843F001032B7063684E
:1048E0001844236913F0010F04D1636A984204D37A
:1048F000C01A02E0636A013B184060602046FFF77F
:1049000001FE86F31188BFF36F8F70BDF0B583B0E1
:1049100004462EE053F8220080084DD143E0626A3D
:10492000013A1340A3602046FFF7FFFD01231BE07F
:1049300013F8221041F0020103F82210A768E3697E
:10494000304698473844236913F0010F04D1636A55
:10495000984204D3C01A02E0636A013B1840A06089
:10496000002301E000231E4685F31188BFF36F8FFB
:104970008BB3EFF31185202383F31288BFF36F8F7E
:1049800001A92046FFF79AFD236AA26803EB82067D
:1049900001990029E6D013F8221011F0030117D075
:1049A0000229B7D0002013F8221011F0010FBFD157
:1049B00010B9E36930469847A36801460344226969
:1049C00012F0010FABD1626A9342ABD39B1AA9E7F5
:1049D00000231E46C8E7304603B0F0BD70B504465C
:1049E0000D46C369084698470146EFF31186202318
:1049F00083F31288BFF36F8F2B786FF300032B7054
:104A0000236913F0020F0AD0236AE26803EB8203E2
:104A1000AB4204D02B6860F39F032B600AE02B7835
:104A20006FF341032B70E268A3689A420BD02046D3
:104A3000FFF77BFD86F31188BFF36F8F04F12C0025
:104A4000F2F78AF970BD0B44226912F0010F04D10C
:104A5000626A934204D39B1A02E0626A013A1340ED
:104A6000A360E4E710B582B0EFF31184202383F351
:104A70001288BFF36F8F01A9FFF720FD84F311881F
:104A8000BFF36F8F0198003818BF012002B010BD2E
:104A900001F00701838B23F007030B4383837047E7
:104AA0002DE9F04106460F469046816821B10C6819
:104AB0003CB131B90C4604E00C4602E023462146E5
:104AC0001C4669B14D6843463A463046A847002C1B
:104AD000F4D02368002BF2D0002CF0D12346EEE76F
:104AE000BDE8F081838B13F0070303D102680AB19C
:104AF00003207047022B03D0012B06D00020704703
:104B0000C28B002AF8D10420704703680BB105203E
:104B100070470020704710B504468C46838B002AEE
:104B200007DB03F007035A1F012A0ED9042B36D0E6
:104B300010BDD0E900018CE803000023236063600E
:104B400001212046FFF7A4FFF2E7D0E900018CE83D
:104B50000300002222606260062B1BD1DCF80030CB
:104B600053B1E28B0132E2831A461B68002BF7D067
:104B7000002AF5D11346F3E702212046FFF788FF0C
:104B80002046FFF7AFFF0028D2D0A38B43F02003CD
:104B9000A383CDE700212046FFF77AFFF0E700214D
:104BA000FFF776FF2046FFF79DFF0028C0D0A38BBC
:104BB00043F02003A383BBE750B110B50C4651B1BD
:104BC000081D00F0C1F810B9A368032B06D810BD6A
:104BD0006FF0150070476FF01500F8E76FF01500E3
:104BE000F5E72DE9F04107460C4616461D461946E5
:104BF000201D00F0C0F828B180462B4632462146E1
:104C00003846C047BDE8F0812DE9F04180460C46AA
:104C100017461E4604E033463A464046FFF7E1FF9A
:104C2000216831B10D68256063688B42F3D16560FE
:104C3000F1E7BDE8F08108B5EFF311824FF0200CE9
:104C40008CF31288BFF36F8F81610121EDF7F6FAC3
:104C500008BD70B138B50C46054669B10B6873B133
:104C60004B687BB12022002109F04FFD2C61002010
:104C700038BD6FF0150070476FF01500F8E76FF062
:104C80001500F5E76FF01500F2E770B505460E4622
:104C9000FFF792FF041E2EDBEFF31182202383F334
:104CA0001288BFF36F8FB5F81CC00CF0070CEB8BAC
:104CB0004FF6FF718B422CD06446BCF1020F08D036
:104CC000BCF1060F19D8DFE80CF01E1818181E2AC0
:104CD0001E000133EB8301230021084628B1002088
:104CE0003060686808B306606E6009BB82F31188A3
:104CF000BFF36F8F0BBB204670BD6FF00404002321
:104D000019461846EAE7BCFA8CF14909002301204C
:104D1000E4E76FF00A04002319461846DEE76FF057
:104D20008504002319461846D8E76E602E60DCE73C
:104D300002212846EDF782FADDE70023624631467C
:104D40002846FFF74EFFD6E7024658B1436803F006
:104D50000303012B03D0032B07D1036843B10020C9
:104D6000906070476FF0150070476FF01500704746
:104D70006FF0150070470346426802F0030281603D
:104D8000032A03D1006800225A6070470020FAE726
:104D90007047037813F0040F01D0002070470368B8
:104DA000C3F34A2000EB1350173020F007008008AF
:104DB000704710B504460368DB6803B19847636821
:104DC00001229A7110BD002070470120704708B57C
:104DD00001F052FB08BD08B520EAE070C117C90315
:104DE00041EA5041C00340F2E733C0184FF47A72F1
:104DF0004FF0000341F10001EBF7AAFA02F0E9F9E4
:104E000008BD08B500220023FFF7BEFC08BD08B5A9
:104E1000FFF7E4FD08BD08B5FFF724FE08BD00B5A7
:104E200085B0039102900020019000900346024655
:104E30000146EDF76DFE05B05DF804FB08B50120F5
:104E4000EDF7D2FB08BD08B5EDF762FC08BD08B56B
:104E5000FFF734FDEDF7F6FC08BD0020704708B5FC
:104E60004368DA7143681960436801225A71EDF7AB
:104E7000ABFB08BD70B5536896689B1B8B420CD387
:104E80000C46154613680A460146981909F016FCA7
:104E9000AB682344AB60204670BD6FF01B00FBE79E
:104EA00070B588B10E4614461946054633B1103028
:104EB000C2F34A23120D184409F000FC2C606E6006
:104EC0002846EDF7FDFC70BDEDF78EFBFBE72DE905
:104ED000F04383B006460F4615461C4603F1010910
:104EE0004FEA890808F1170020F007008008EDF765
:104EF00007FC002201928DF8049068B100F1140CB7
:104F0000019B0361964605E055F82E304CF8043BB2
:104F10000EF1010EA645F7D3002267F3881268F35D
:104F2000532200233146FFF7BBFF03B0BDE8F083F7
:104F300000B583B00192012301AAFFF7C8FF03B0B7
:104F40005DF804FB00B583B00092019302236A462A
:104F5000FFF7BDFF03B05DF804FB08B5EDF72CFDCE
:104F600008BD2DE9F04180460768856843681C68E4
:104F70005E6805E0324621462846B847241A0544B3
:104F8000002CF7D1D8F8043000221A60BDE8F08177
:104F900038B505460C464B681A68CB689A420BD068
:104FA0006368D3E8EF2F511CC3E8E01F0028F8D155
:104FB000A3689D54002038BD0846FFF7D2FFEFE7F5
:104FC00038B504460D460A2805D029462046FFF785
:104FD000DFFF002038BD0D20FFF7DAFFF5E708B549
:104FE00013460122EDF74EFE08BD08B51346002218
:104FF000EDF748FE08BD38B505460C4601F0010145
:10500000FFF7F3FF21462846EDF7CEFE38BD2DE928
:10501000F04383B080460E4615461F46DDF82890C3
:105020002C46102D28BF1024CDF800903B46224678
:1050300031464046EDF7CCFE26442D1BF0D103B09F
:10504000BDE8F0832DE9F04387B006460C46904654
:10505000D1F808900F88C7F382170878C0F3C2050B
:105060000846EDF7ABFD011E1ADA0023214651F880
:10507000105BC5F34A256288C2F30B12481905B9C3
:105080000021CDF814800492039002910197002230
:10509000009249463046EDF7FDFE07B0BDE8F083CB
:1050A0002846EDF763FC0346E0E72DE9F041804632
:1050B0000768856843681C685E6805E032462146DB
:1050C0002846B847241A0544002CF7D1D8F80430F4
:1050D00000221A60BDE8F08143681B685B681961B3
:1050E0000020704743681B681A6852685360704715
:1050F00008B543681B685A68012111751868FFF7E5
:10510000D4FF08BD08B543681B681868EDF706FFB3
:1051100008BD38B50C4643681D686B681869EDF723
:105120003BFA03460F2221462868984738BDFEE720
:1051300008B501460068EEF747F908BD08B5EEF777
:105140005FF9EEF789F908BD08B50B460146184628
:10515000FEF772FD08BD0020704708B500231370EC
:10516000CB1E092B1AD8DFE803F005090D11191918
:10517000191919141146EEF7C5FB08BD0021EEF709
:10518000AFFAFAE70021EEF735FBF6E7EEF7B6F9EE
:10519000F3E71146EEF72AFA0020EEE7EEF734FACD
:1051A0000020EAE708B540B2EEF744FD08BD08B5B7
:1051B000013140B2EEF74CFD08BD08B500210120D9
:1051C000EEF702F908BDD0F8943083F30B887047EE
:1051D00061B662B680F31188BFF36F8F704708B570
:1051E00072B6002383F31188BFF36F8F00F04EF97E
:1051F00050B1BFF34F8F30BF00BF00BF00BF00BF33
:1052000000BF00BF00BF00BF62B6BFF36F8F08BD15
:1052100010B5044672B6002383F31188BFF36F8F75
:1052200000F034F950B1BFF34F8F20BF00BF00BF73
:1052300000BF00BF00BF00BF00BF00BF84F31188E4
:10524000BFF36F8F62B610BD30B4D1E90045D0E92D
:105250000001201A002130BC704738B54A0142EAEB
:10526000D06243011B1A62EB0102920042EA937280
:105270009B001B1841EB0201CD0045EA5375DC0091
:10528000EEF7CCFD0246002320462946EBF760F8F6
:1052900038BD40E800F010F4803F01D0C0B2704744
:1052A0006FF01500704708B50B6823F01F0C0B7AE0
:1052B00003F01F0ECA6822F01F025B0942EA430294
:1052C00042F001024CEA0E01EEF7DCFD08BD436836
:1052D0001F2B08D913F01F0F07D1036813F01F0FFE
:1052E00005D0002070470020704700207047012043
:1052F000704770B504460E46FFF7CBFF05463444B1
:10530000601EFFF7C6FF854201D1284670BD6FF0D1
:105310001505FAE710B584B00B6800934C68B1F836
:1053200008C09DF808206CF304028DF80820498914
:10533000D2B261F347128DF8082023F01F032344F3
:10534000013B23F01F0303936946EEF7F5FD04B01C
:1053500010BDF0B587B0054605A8EDF749FE064635
:10536000002422E05768095827F01F03926813446D
:10537000013B23F01F03019702919DF80C200121AE
:1053800061F304028DF80C20D2B2022161F34712BE
:105390008DF80C20049301A92878EEF7CDFD0028A4
:1053A00047DB2B7801332B700134B44244D2200107
:1053B000059901EB0412D3681B0D1B05B3F5001F03
:1053C000D0D0B3F5800F1BD0B3F5801FECD1576858
:1053D000095827F01F0392681344013B23F01F0371
:1053E000019702919DF80C20012161F304028DF8D0
:1053F0000C20D2B261F347128DF80C200493CAE757
:105400005768095827F01F0392681344013B23F0A3
:105410001F03019702919DF80C20062161F30402FD
:105420008DF80C20D2B26FF347128DF80C20049344
:10543000B1E76FF0150000E0002007B0F0BD08B53F
:10544000EEF76EFE08BD08B5EEF746FD08BD08B5DF
:105450000B6949699847002008BD08B54FF0FF3235
:105460004FF0FF33F1F7A2FB08BD08B5F1F71EFCC2
:1054700008BD08B5EEF7CEFE002008BD08B5F1F76F
:1054800095FB08BD08B5EEF787FF08BD08B5EEF738
:1054900045FF08BD08B5FFF7F5FF08BD08B5EEF7F5
:1054A00027FF08BD4FF47F03D3F83021D3F8343100
:1054B000072A01D000207047042B03D8022B03D306
:1054C00000207047012070470120704738B505461D
:1054D0000C464FF050230122C3F814260020EEF7AB
:1054E000D1FF00212846A04738BD70B5044619B148
:1054F0000123C0F8143670BDFFF7D4FF18B900239C
:10550000C4F81436F7E70126C4F818660025C4F875
:105510001456052001F06BF8C4F81466304601F00B
:1055200066F8C4F81456C4F81856E4E738B50546CA
:105530000C460120EEF7A6FF00214FF05020FFF7A8
:10554000D4FF00212846A04738BD0346032929D8A7
:10555000DFE801F0020D1823D3F81804C0F300406F
:105560000AB3D3F8183403F0030313707047D3F869
:105570000C04C0F30040B2B1D3F80C3403F00103C3
:1055800013707047D3F85C04C0F300405AB1D3F8ED
:105590005C3403F0010313707047D3F85404C0F374
:1055A0000040704700207047006901EB410189000D
:1055B000803108447047406801EB410100EB8100F5
:1055C0007047006900EB4110704708B5C9B2FFF79A
:1055D000EBFF806800F0070008BDEFF31182202385
:1055E00083F31288BFF36F8F036813F0C00301D0F9
:1055F0008B4207D101230360002082F31188BFF39F
:105600006F8F70474FF0FF30F7E7EFF311822023E1
:1056100083F31288BFF36F8F036803F0C00C03F0AD
:105620000703012B08D08C4509D04FF0FF3082F3DF
:105630001188BFF36F8F704701600020F7E76FF0AC
:105640007700F4E7EFF31182202383F31288BFF38E
:105650006F8F036803F0C00343F00203036082F31B
:105660001188BFF36F8F7047F8B506460C46FFF7F9
:105670009BFF05684768002340F8083BFFF7E2FFFF
:105680001DB13A4621463046A847F8BD70B50646DA
:105690001546CCB22146FFF787FF29460830FFF7B1
:1056A0009CFF002806DB21463046FFF784FF436855
:1056B0009847002070BD08B58022FFF7E7FF08BDBE
:1056C0002DE9F041064690461F46CDB22946FFF728
:1056D0006BFF044606990830FFF797FF002809DBA7
:1056E000C4F80080676029463046FFF764FF03680E
:1056F00098470020BDE8F08110B582B08024009466
:10570000FFF7DEFF02B010BD10B51446C9B2FFF7B7
:1057100058FF0021A04710BD08B50120F0F700FA9E
:1057200008BD08B50320F0F7FBF908BD08B5022055
:10573000F0F7F6F908BD08B50020F0F7F1F908BD5B
:1057400008B5012001F003F808BD08B5032000F0FA
:10575000FEFF08BD08B5022000F0F9FF08BD08B53E
:10576000002000F0F4FF08BD08B520EAE070C11782
:10577000C90341EA5041C00340F2E733C0184FF477
:105780007A724FF0000341F10001EAF7E1FD01F008
:1057900020FD08BD08B51046F1F7DEFA08BD0B463E
:1057A00039B11168196041688A4209D00023136039
:1057B00070471368036041688A42F7D14360F5E798
:1057C0004360F3E708B50A460368002101E0194683
:1057D0001B682BB19342FAD1FFF7E1FF012000E0F3
:1057E000002008BD38B505460C460321A047002817
:1057F00006DB01212846A047002800DB002038BD39
:1058000010F1860FFBD1F4E770B504460D4616463D
:10581000036833B1FFF7D6FF70B91EB96FF01500FA
:1058200006E032B123682B602560636843B1002035
:1058300070BD6FF01500FBE7002EF3D10020F7E7F5
:1058400065600020F4E770B50E461546016821B189
:105850000C683CB131B90C4604E00C4602E023462A
:1058600021461C4671B18A682A4002D04B683046F6
:105870009847002CF3D02368002BF1D0002CEFD1F7
:105880002346EDE770BD0069003818BF012070475E
:1058900010F0100F04D110F0200F03D1002070473A
:1058A000032070470120704743685B681B690B60E9
:1058B0000020704743685B6802EA010021EA0201A8
:1058C0009860D9600020704743685B689960002049
:1058D000704743685B68D9600020704743685A6826
:1058E000536821EA03000B409060D36000207047AA
:1058F000B0F5800F07D0B1F1C06F0DD0B1F1007FCE
:1059000008D001207047B1F1007F01D00520704719
:1059100004207047022070470320704708B50069D3
:105920000430FFF771FF08BD10B500F01F044009F7
:10593000EFF710F830B1014600690122A2400430AF
:10594000FFF781FF10BD002070470020704708B5A9
:1059500021B1012905D06FF0850008BDFFF7F3FFE5
:10596000FBE7FFF7F2FFF8E708B51146103001F04A
:10597000D0F908BD00B54368136001E00833136037
:10598000136890F808C0D0F804E00EEBCC0C634527
:1059900005D293F805C08C45F0D1002001E06FF0EE
:1059A00001005DF804FB08B511B9EFF7A7F908BDD0
:1059B000EFF790F9FBE738B505460C460321A04701
:1059C000002806DB01212846A047002800DB002034
:1059D00038BD10F1860FFBD1F4E743681B68EFF385
:1059E0001182202181F31288BFF36F8FD3F8201129
:1059F00031B10021C3F82011D3F820110121D96061
:105A000082F31188BFF36F8F704743681B68D3F828
:105A10008004C3F88004704743681A685B6803F029
:105A20000103D2F8581129B933B9D2F820312BB972
:105A30000020704701207047002070470120704708
:105A400008B503691A6813680BB15268984708BD16
:105A500000B587B000230193029303930493059349
:105A600004238DF8043002910DEB0301FFF7E8FFEA
:105A700007B05DF804FB4368187D012814BF0020BF
:105A80000120704700B587B002690023019302939B
:105A900003930493059302238DF8043013681B6C61
:105AA000029313689B6C0393049101A9FFF7C8FF4D
:105AB00007B05DF804FB10B503691B684068006817
:105AC000EFF3118C4FF0200E8EF31288BFF36F8F1F
:105AD0001C6CACB1DC6CB4B9D9641A65C0F834156F
:105AE000C0F83825042A11D9D0F8003243EA0E0351
:105AF000C0F8003200208CF31188BFF36F8F10BD07
:105B00006FF00C00F7E76FF00F00F4E70020F2E70A
:105B10000369186820B101601B685A600020704753
:105B20006FF08500704700B587B0002301930293A2
:105B300003930493059303238DF8043003691A68D3
:105B400043681968936DD26D134302D00423C1F8E2
:105B5000043301A9FFF774FF07B05DF804FB436845
:105B60001A689B6AC2F834350523C2F83835012318
:105B7000D362D2F81031002BFBD00023C2F81031D1
:105B8000D2F81031D2F84C0130B10023C2F84C31B8
:105B9000D2F84C31D2F83C05C0B2704710B444582A
:105BA00044B11A4201D1002005E00023435043587C
:105BB000012000E0002010BC7047426813680069B3
:105BC000006868B9D3F8100168B1126B12780A70D6
:105BD0000020C3F81001D3F8102101221A60704789
:105BE0006FF0850070474FF0FF30704708B520EA2E
:105BF000E070C117C90341EA5041C00340F2E733E6
:105C0000C0184FF47A724FF0000341F10001EAF737
:105C10009FFB01F0DEFA08BD70B5064612E075B1D3
:105C2000EFF31184202383F31288BFF36F8F304684
:105C3000FFF7F2FE98B984F31188BFF36F8F01204C
:105C4000FFF7D4FF64243046FFF7E6FE0546002840
:105C5000E5D1012000F0CBFC013CF4D1DFE7204688
:105C600070BD10B582B0044601AAFFF783FE00287C
:105C700005DB019B226819791868EFF753F802B029
:105C800010BD10B543681C680021D868FFF7E9FF14
:105C90000823C4F8003510BD08B50269936819439C
:105CA000916013F0030F00D008BDFFF7EAFFFBE798
:105CB00010B543681C68C4F84415C4F84825002290
:105CC000C4F82021D4F82011C4F85821D4F8582160
:105CD0005B6813F0040F02D10123A36010BD012102
:105CE000FFF7DAFFF8E738B505460C4643681B684E
:105CF0004FF48002C3F80423FFF78EFE20B9236817
:105D0000012283F8B82038BD2368002283F8B82028
:105D100023684FF0FF32C3F8B4202368D3F8AC20D7
:105D2000D3F8A8102846FFF7C3FFECE743685A688A
:105D300012F0040F00D0704710B504460021D86857
:105D4000FFF78FFF2046FFF79CFF10BD012904D10C
:105D500008B5FFF7EBFF002008BD6FF08500704726
:105D600010B502694468936823EA0101916011F05B
:105D7000030F00D010BD43681B680022C3F8002544
:105D80000121E068FFF76DFFF4E730B587B0044606
:105D900042680369196800230193029303930493F3
:105DA000059305208DF8040081F86130536813F0E5
:105DB000040F05D101A92046FFF742FE07B030BD10
:105DC000EFF31185202383F31288BFF36F8F022135
:105DD0002046FFF7C5FF85F31188BFF36F8FE9E712
:105DE00070B50446466803691D68296C19B1FFF750
:105DF0002FFE00232B6495F862306BB1002385F8E9
:105E0000623063681B680022C3F80821D3F80831A8
:105E10002046FFF7BAFF70BD736813F0040FF0D08F
:105E20002046FFF79CFE85F86000EAE770B50E4655
:105E300003691D6843681C6805F1080001F087FAD2
:105E4000EFF31182202383F31288BFF36F8FEB6C83
:105E500053B1D4F8003223F02003C4F800320023F9
:105E6000C4F84C31D4F84C31002385F8613016B1B8
:105E7000012385F862300123636082F31188BFF348
:105E80006F8F002070BD08B503691B681B6C1BB1C8
:105E90000121FFF7CBFF08BD6FF00D00FBE710B548
:105EA00086B0044643681968D1F880240023019322
:105EB000029303930493059306238DF8043012F0A4
:105EC000010F08D112F0020F14D112F0040F13D1F8
:105ED00002F0080300E001238DF80830C1F88024A7
:105EE00001A92046FFF7ACFD00212046FFF79EFFE9
:105EF00006B010BD0223EFE70423EDE738B50369D0
:105F0000426815681A68D2F8A01051B1002482F8CE
:105F1000B8401868683001F01AFA0123EB60204697
:105F200038BD6FF00D00FBE708B5406BFFF7E6FFEB
:105F300008BD70B5054603691C6843681E6804F116
:105F4000080001F004FAD6F83C3594F860101944C2
:105F5000002384F86030A36CC91A01D400292CDC1A
:105F6000216C2846FFF774FDE36C2364236D6364A2
:105F70000023E3642365A36494F86130E3B1EFF395
:105F80001182202383F31288BFF36F8F236CC3B178
:105F9000D6F84C3133B9012333600023C6F84431BD
:105FA000D6F84431D6F8003223F02003C6F8003288
:105FB00082F31188BFF36F8F70BD2846FFF762FD33
:105FC000CEE701237360F3E710B5046940682368E6
:105FD000D3F8A420D3F8B010521A01D1002010BD7C
:105FE000082A28BF0822C3F8AC202368406AC3F8F7
:105FF000A8002368D3F8A010D3F8B030194408F0F3
:106000005DFB0120EBE72DE9F04186B005464368D2
:1060100004691F68EFF31188202282F31288BFF30E
:106020006F8F2268D2F8B410002946DBD2F8B46032
:106030005B6813F0040F43D188F31188BFF36F8FAF
:106040002368D3F8A020002A34D093F8B810002990
:106050003FD1D3F8A8108A4206D0D3F8AC2096429C
:1060600047D0D3F8B0301E442068683001F06FF993
:106070000023019302930393049305932368D3F8B9
:10608000A030029303962368D3F8A4309E4202D036
:1060900001238DF804304FF48003C7F808332268D9
:1060A0000023C2F8A0302268C2F8A43001A9284613
:1060B000FFF7C6FC06B0BDE8F081D7F84C65B7E73E
:1060C0004FF48003C7F8083301212846FFF748FE44
:1060D000B2E7EFF31186202383F31288BFF36F8FAB
:1060E00021462846FFF7FFFD86F31188BFF36F8F27
:1060F000E0E7D3F8B0203244C3F8B0202846FFF7D9
:1061000063FF18B92368D3F8B060ADE7EFF31186E9
:10611000202383F31288BFF36F8F21462846FFF7B1
:10612000E2FD86F31188BFF36F8FC3E7436B5A68B4
:1061300012681B691B68D2F8081199B10021C2F8D6
:106140000811D2F80821596530B583B003F1080071
:10615000D3E9162300240025CDE90045F1F7E0FD41
:1061600003B030BD596D013159650429ECD10123CB
:1061700053607047D0B582B00369426814681A68EA
:10618000002151651B6803F10800D3E9162300269E
:106190000027CDE90067F1F7C3FD0423C4F80833F5
:1061A00002B0D0BD38B545682C686B6813F0010F9C
:1061B00023D100220823C4F80035EB6AC4F8443523
:1061C0000023C4F848350123A36072B9D4F8203104
:1061D000002BFBD00023C4F82031D4F82031012358
:1061E000E3604FF48073C4F80433D4F85831002BC3
:1061F000FBD00020C4F8000538BD01692046EFF748
:1062000079F80028F8DB0122D4E710B50446002213
:1062100001210820FEF7CBFF0820FEF7C3FF002175
:106220002046EFF78DF810BD2DE9F0410646436892
:106230001C680769D7F80080D4F804532B46042261
:106240004FF484712046FFF7A9FCE8BB2B464FF4BE
:1062500000724FF492712046FFF7A0FCC0BB2B46A2
:1062600010224FF488712046FFF798FCA0BB15F46C
:10627000002F05D0D4F84C3113B1D4F81031A3B3AA
:1062800015F4003F05D0D4F8443113B1D4F81031DF
:106290009BB315F4807F02D0D4F82031ABBB15F44A
:1062A000800F02D0D4F858319BBB07F10803D3E824
:1062B000EF2F22F00401C3E8E01F0028F7D112F00D
:1062C000040F2AD1BDE8F0813046FFF753FFBDE748
:1062D0003046FFF7E4FDC2E70023C4F81031D4F8DC
:1062E00010313046FFF725FEC1E7C4F84C31D4F831
:1062F0004C313046FFF717FCC2E7C4F84431D4F8FC
:1063000044313046FFF76CFDC3E73046FFF765FBCD
:10631000C5E73046FFF777FEC7E7D8F844103046A8
:10632000FFF7B0FBD8F840103046FFF791FB002391
:10633000C8F84430C8F840303046FFF726FDC1E7C2
:1063400000B5A2F5807E4FEA9E0E4FF0010C0CFACC
:106350000EFC1CEA010F0DD0815809B900200AE09B
:106360000021815082581BB11A684CEA02021A605F
:10637000012000E000205DF804FB70B582B0064605
:106380000D460024019409E0A20001AB02F5A072C1
:1063900029463046FFF7D4FF0134E4B2032CF3D989
:1063A00015F0010F02D0D6F8003143B915F0020FF5
:1063B00002D0D6F8043163B9019802B070BD002351
:1063C000C6F80031D6F80031019B43F00103019378
:1063D000ECE70023C6F80431D6F80431019B43F002
:1063E00002030193E8E7401A20F07F40704700F174
:1063F00050039B009BB203F1502303F580331868D0
:10640000003818BF0120704700F150039B009BB279
:1064100003F1502303F5803300221A601B68704794
:1064200020F07F407047EFF31180202383F3128820
:10643000BFF36F8F704780F31188BFF36F8F704782
:10644000F0B585B0044617461D46EFF717F8064627
:106450009DF8303002930B9B01930A9B00933A46C0
:106460002B462046EFF7C8F8054631462046EFF7A1
:1064700053F8284605B0F0BD08B5EFF79DF808BD04
:1064800008B5F1F79FFC08BD08B5ECF7C3FDECF7C4
:10649000D7FEFFF7F5FF08BD4FF47F03D3F8302197
:1064A000D3F83431072A01D000207047023B002B7B
:1064B00004D8DFE803F00100012070470020704796
:1064C0004FF47F03D3F83021D3F83431072A01D0B9
:1064D00000207047042B07D008D8023B012B01D8BD
:1064E000012070470020704700207047002070474F
:1064F0004FF47F03D3F83021D3F83431072A01D089
:1065000000207047023B002B04D8DFE803F00100B5
:1065100001207047002070474FF47F03D3F83021EB
:10652000D3F83431072A01D000207047012070478A
:106530004FF47F03D3F83021D3F83431072A01D048
:1065400000207047023B002B04D8DFE803F0010075
:1065500001207047002070474FF47F03D3F83021AB
:10656000D3F83431072A01D000207047023B002BBA
:1065700004D8DFE803F001000120704700207047D5
:106580004FF47F03D3F83021D3F83431072A01D0F8
:1065900000207047023B002B04D8DFE803F0010025
:1065A00001207047002070474FF47F03D3F830215B
:1065B000D3F83431072A01D00020704701207047FA
:1065C0004FF47F03D3F83021D3F83431072A01D0B8
:1065D00000207047042B03D8022B03D30020704700
:1065E000012070470120704708B5804708BD08B5F5
:1065F00000F09BFB08BD40F00040C1F880007047F0
:1066000040F00040C1F88000704738B50446154698
:10661000FFF7F1FF29462046FFF7F2FF38BD03469A
:10662000032929D8DFE801F0020D1823D3F8180454
:10663000C0F300400AB3D3F8183403F00303137017
:106640007047D3F80C04C0F30040B2B1D3F80C3457
:1066500003F0010313707047D3F85C04C0F30040EB
:106660005AB1D3F85C3403F0010313707047D3F8C8
:106670005404C0F300407047002070470120704769
:1066800008B50520EDF7F8FA00B108BD0520FEF7C2
:1066900089FDFAE770B582B00646032840D8DFE8E6
:1066A00000F00225191F0C224FF4827302214FF0D3
:1066B0005020C0F808130244012111600344002255
:1066C0001A601B688DF807108E4214D0002542F224
:1066D000107418E024224FF492734FF40071E6E72F
:1066E0001C224FF490734FF48071E0E704224FF4C2
:1066F00080730121DBE70DF10705E8E70120FFF7D3
:1067000076FF013C0CD02A4631464FF05020FFF76F
:1067100086FF28B1002DF1D09DF80730012BEDD078
:1067200002B070BD38B504460378022B06D0012BA9
:1067300000D000231D461BB1284638BD0123F9E7D0
:106740000020FFF7A7FFFFF799FF2070F4E708B5D7
:10675000FFF7A0FF08BD08B5EFF7A0FA08BD10B419
:1067600001F5A27150F8214024F44F3424F4407410
:1067700040F8214050F82140120202F47C521B04E0
:1067800003F440331A43144340F8214010BC7047CF
:1067900010B401F5A27150F8214024F4991424F4A6
:1067A000F85440F8214050F82140120202F47C5283
:1067B0001B0403F440331A439DF804301B0503F413
:1067C00080131A43144340F8214010BC704700B5B1
:1067D000A2F5807E4FEA9E0E4FF0010C0CFA0EFCE3
:1067E0001CEA010F0DD0815809B900200AE00021F0
:1067F000815082581BB11A684CEA02021A600120CB
:1068000000E000205DF804FBF0B583B007460D46BC
:1068100016460024019409E0E2B2920001AB02F5B1
:10682000807229463846FFF7D2FF0134B442F3D3D1
:10683000002D02DB019803B0F0BD01AB4FF4BE7236
:1068400029463846FFF7C3FFF4E700B583B00021BF
:10685000019100910B460122EFF72AFA03B05DF88F
:1068600004FB00B585B08DF80F100DF10F030193F7
:10687000002100910B460A46EFF744FA05B05DF897
:1068800004FB38B50D460079EFF704FB04462846B3
:10689000EFF7F6FA083034F8100000F0010038BDC8
:1068A00038B50D460079EFF7F5FA04462846EFF7BC
:1068B000E7FA083034F81000C0F3401038BD38B59E
:1068C0000D460079EFF7E6FA04462846EFF7D8FAC6
:1068D000083034F8100010F01C0018BF012038BD3B
:1068E00038B50D460079EFF7D5FA04462846EFF79C
:1068F000C7FA083034F81000C0F3400038BD38B58E
:1069000004460D46FFF7ECFF30B129462046FFF75D
:10691000C7FF18B1012000E0002038BD0020FCE7CF
:1069200008B5FFF7DDFF80F00100C0B208BD704779
:10693000704738B50D460079EFF7ACFA04462846A3
:10694000EFF79EFA083034F81000400B38BD0328EA
:1069500094BF00200120704770B506460D46002404
:1069600004E04FF0FF33AB4211D001342F2C0CD890
:106970003079EFF78FFA04F1080330F8133013F48D
:10698000807FEED0C3F34323EDE7002000E0012039
:1069900070BD38B504460D46FFF782FFB8B12946F1
:1069A0002046FFF7BDFF90B129462046FFF7C1FF03
:1069B000226801238340C2F80833226800F5A270E0
:1069C00052F8203023F0030342F8203003E0002186
:1069D0002846FFF746FF38BDF8B506460F46154670
:1069E0000024002C03DD4FF0FF342046F8BD307941
:1069F000EFF750FA50F83430BB4201D00134F0E7E1
:106A000000EBC4035B68AB42F8D1EEE738B50C4647
:106A10000079EFF73FFA05462046EFF731FA0830E4
:106A200035F81030C3F38203042B09D0052B01D1B4
:106A3000022006E02046EFF7C5F918B1032000E078
:106A4000032038BD0220FCE710B504460846EFF7E6
:106A500017FA083034F8103013F4807F04D0C3F3F1
:106A6000432304EBC30010BD0020FCE770B50446CF
:106A70000E4615460079EFF70DFA86602079EFF79C
:106A800009FAC56070BD08B50079EFF703FA90F810
:106A90008C00003818BF012008BD70B504460D46B3
:106AA0001646FFF7FDFE00B329462046FFF738FFE4
:106AB000D8B129462046FFF73CFF2268830003F542
:106AC00080739BB2002199509B58226800F5A271F7
:106AD00052F8213043F0010342F82130B6B1226868
:106AE00001238340C2F8043310E02368D3F8042361
:106AF000002A03DB4FF00042C3F804232946204656
:106B0000FFF784FF01462846FFF7ABFE70BDF8B5DE
:106B100004460D461646FFF797FF20B10768426806
:106B200031462846B847A3681BB1E268314628467B
:106B30009847F8BDF8B507460E4614461D46104660
:106B4000FFF705FF60B9022D1DD002213046FFF787
:106B500088FE032C1BD0022D17D0032D1DD0F8BDAD
:106B6000224631463846FFF7D2FF3046EFF73EF96E
:106B7000A842F4D100213046FFF773FE2946304683
:106B8000FFF76FFEEBE70321E0E7012CE5D122469A
:106B900031463846FFF7BBFFE1E7022CDFD1F6E7CD
:106BA00070B505460846EFF76BF904462879EFF70C
:106BB00071F904F1080330F8133013F4807F0BD01F
:106BC000C3F34326083423F4F85320F81430314635
:106BD0002846FFF7C1FE00B170BD2879EFF75AF9DA
:106BE000002340F836302879EFF754F931467830F1
:106BF000EEF744FFF0E770B504460D46FFF750FE90
:106C000058B1266829462046FFF793FE00F5A2708A
:106C1000002346F8203046F8203029462046FFF76A
:106C2000BFFF2079EFF736F904462846EFF728F939
:106C30000830002324F8103070BD70B504460D46AE
:106C40001E4604984FF0000C01E00CF1010C844545
:106C50000ED25FFA8CF2920002F580719208012345
:106C600003FA02F21542F0D0002363506358ECE7B8
:106C7000002D04DA0023C4F87C31D4F87C3144F3CD
:106C80000730FEF78FFA0EB1C4F8045370BDF8B5A3
:106C900006460D46144619E094FAA4F3B3FA83F3BA
:106CA00001229A4024EA020403F13C0205EB42026D
:106CB000978803F5A27356F82300C0F30140FFF74D
:106CC00036FE024639462846FFF721FF002CE3D165
:106CD000F8BD08B5EFF7F6F908BD08B5EFF7E2F82B
:106CE00008BD08B5FFF7C2FE08BD08B5EFF758F9B3
:106CF00008BD08B5EFF7BAFA08BD08B5FFF7C3FE3F
:106D000008BD08B5EFF78EFA08BD08B5EFF7A4FA8D
:106D100008BD08B5EFF788F908BD08B5FFF7BDFE57
:106D200008BD08B5FFF735FE08BD00B9704708B5C6
:106D3000FEF7B4FB08BD60B1C3685A7812F0010FCA
:106D400003D01B781BB10020704700207047012042
:106D5000704700207047EFF31183202383F31288DC
:106D6000BFF36F8FFEE710B50446436983B19847C0
:106D700030B100280ADBFF2800DDFF20E36818702F
:106D8000E268537843F00103537010BD4042F2E7CC
:106D90000020F5E708B507F0B8FC08BD08B507F016
:106DA0008DFC08BD8169C36841EA030212F0030F3C
:106DB00010D1002202614269013A02FB013304E072
:106DC00002691A60036182699B1AC2689A42F7D904
:106DD000002070476FF0150070470120704710B514
:106DE000044643618261C1600023C3610372FFF7FF
:106DF000D9FF002801DB2460646010BD2DE9F84351
:106E000004460D46FFF7E9FFB0B104F10807EFF3C0
:106E10001186202383F31288BFF36F8F2369A3B1F8
:106E200023692B602561E369013BE36186F31188E7
:106E3000BFF36F8FBDE8F883002383F31188BFF39E
:106E40006F8F0423184602DFF4E7D4F8008044452E
:106E500017D0B8F1000918BF4FF00109B8F1000FC1
:106E600012D1B9F1000FDBD00023C8F8AC30C8F85C
:106E70001050404600F00BF931463846F0F7D2FA90
:106E8000D8E74FF00008E4E7D8F80420D8F800303D
:106E900013605A600023C8F80030C8F8043098F82E
:106EA0000D2022F0020288F80D20C8F8083008F101
:106EB000180000F0FEF9D4E708B5EFF311832023A2
:106EC00083F31288BFF36F8FFEF789F9F5E700BFF0
:106ED0007047884200DA014611F17F0F01DB084656
:106EE00070476FF07E00704708B5806890F90E30EB
:106EF0008B4201D1002008BDF0F7EEF9FBE7034615
:106F000000209860D8601B605B6070473AB18A428D
:106F100008D38160C26000604060002070476FF05D
:106F2000150070476FF015007047F8B505460E461E
:106F3000D41D24F007040F193946ECF779FA07300D
:106F400020F00700C5F89460C5F89840C5F89C008B
:106F5000381AF8BDEFF30580003818BF01207047DC
:106F60007430704710B400248460037342738173DB
:106F7000C4738461C46110BC7047F0B587B0044627
:106F8000129E139D00270597109F04970F9F03974C
:106F90000E9F02970D9F01970C9F0097EFF768FFD8
:106FA000B5F1FF3F08BFB6F1FF3F02D1204607B061
:106FB000F0BD32462B462046EFF73AFFF6E70020B9
:106FC000704738B504460D46F0F738F8637B43F058
:106FD0000203637335B3A5602B689D420DD1002376
:106FE0000BE05A686260236014605C601AE01A4625
:106FF00069688A420FD01B687BB173B194F90E1097
:1070000093F90E209142F2D0521A002AE9DC1A4676
:10701000002BEDD1F0E70023EEE76B68256063609D
:107020001C606C6038BD08B5183000F042F908BD2E
:1070300070B50646046884421AD0DCB162682368E1
:1070400013605A60002525606560637B23F00203AE
:107050006373A56004F1180000F02BF9C4F8AC507C
:107060002046EFF791FF3468A642E6D12C46E4E7CC
:107070000024E2E770BD70B5044616461D46FFF7D2
:10708000A0FF32462B462046F0F796F870BD38B583
:1070900004460023EFF31185202282F31288BFF308
:1070A0006F8F04E085F31188BFF36F8F012343B91D
:1070B0002046FFF784FF0028F4D12046EFF764FF55
:1070C000F0E738BD0023EFF31181202282F312880C
:1070D000BFF36F8F10E04268036813605A600023AB
:1070E00003604360427B22F002024273836081F3BB
:1070F0001188BFF36F8F01231BB98368002BEAD17E
:10710000F5E7704738B504460023EFF311852022D8
:1071100082F31288BFF36F8F0BE0637B23F00403CD
:1071200063732046EFF730FF85F31188BFF36F8F4D
:1071300001239BB9637B13F0280FF5D1A368002BC3
:10714000EBD06268236813605A6000232360636099
:10715000627B22F002026273A360DEE738BD08B5ED
:1071600001211838FFF7CEFF08BD01460023EFF3D9
:10717000118C202282F31288BFF36F8F184605E02E
:1071800000208CF31188BFF36F8F01238BB908683F
:107190008142F5D00028F4D04268036813605A6039
:1071A000002303604360427B22F00202427383604B
:1071B000E7E7704708B5EFF31180202383F31288C7
:1071C000BFF36F8FF0F744F908BD031D4360836080
:1071D000704738B504460D46F0F7F8F98446204666
:1071E000B5F1FF3F08BFB4F1FF3F2CD04FEAEC727E
:1071F000510141EADC614FEA4C13B3EB0C0361EB44
:107200000201890041EA93719B0013EB0C0042EBF1
:107210000103DB0043EA5073C00047F6FF72801899
:1072200043F10003B0F5004F73F100020AD36FF48D
:107230000042824243F6FF729A4105D3C00B40EAF6
:10724000434000E0002038BD6FF00040FBE710B580
:107250000446F0F7ADFB48B1024603694169206975
:107260001B18606941EB000113615161626823687A
:1072700013605A6000232360636010BD10B504469C
:10728000F0F78CFB78B1036942691B1B62EBE47277
:10729000B3F1004F72F1000108DA002A01DB184651
:1072A00010BD0023FBE76FF00040F9E76FF00040EE
:1072B000F6E7F8B504460023EFF31187202282F3A6
:1072C0001288BFF36F8F6FF015000CE0F0F77CFBB6
:1072D000FFF7D4FF0021EEF78DFA304687F31188CF
:1072E000BFF36F8F01231E468BB92368002BF5D0A7
:1072F000F0F754FB05462046FFF7A9FF00224FF0A8
:107300000043C4E90423A542E0D03046E6E7F8BDD7
:1073100008B5F0F769FC08BD08B5F0F765FC08BDD5
:1073200008B5EFF31180202383F31288BFF36F8F2A
:10733000F0F78EF808BD016242620023036300F19A
:1073400018028261C261036043604363704710B5F5
:107350000446FFF7AEFF60B9636A0BB12046984759
:1073600004F11800FFF701FF18B1FFF790FEFFF7D7
:10737000D7FF10BD10B500F10C04C46004610024F7
:107380000475FCF765FF10BD70474268511E012A65
:1073900008B541600ED103685B6898470AE006F0C3
:1073A00081FA06F0A8FA05E0013101D006F0D8F91B
:1073B000F8F764FE08BD0160704738B543680446BD
:1073C000B3B96068B0B9E36813BBE06810BB236968
:1073D0001BBB206958BB204638BD52F8250008B1B8
:1073E000FFF7D3FF0135D4E90123AB42F5D8E8E735
:1073F0000025F8E706F047F9E5E752F8250008B15F
:10740000FFF7C3FF0135D4E90232AB42F5D8DCE720
:107410000025F8E706F037F9D9E700252369585920
:1074200008B106F030F90435182DF7D1D1E706F090
:107430002AF9D0E703685A1E012B10B504460260F2
:1074400006D1FFF7BAFF2046BDE8104006F017B995
:1074500010BD10B50446F1F787FB04E0204606F0A6
:107460000EF906F07DF9204606F009F9204610BD18
:1074700010B50446F1F78EFB04E0204606F0FFF855
:1074800006F06EF9204606F0FAF8204610BD10B559
:107490000446F1F795FB04E0204606F0F0F806F00C
:1074A0005FF9204606F0EBF8204610BD10B5044603
:1074B000F1F7A4FB04E0204606F0E1F806F050F9ED
:1074C000204606F0DCF8204610BD10B50446F1F762
:1074D0003BFC04E0204606F0D2F806F041F92046D5
:1074E00006F0CDF8204610BD10B50446F1F742FC79
:1074F00004E0204606F0C3F806F032F9204606F014
:10750000BEF8204610BD10B50446F1F797FC04E024
:10751000204606F0B4F806F023F9204606F0AFF84E
:10752000204610BD10B50446F1F79EFC04E020464D
:1075300006F0A5F806F014F9204606F0A0F820465B
:1075400010BD10B50446F1F7F7FC04E0204606F044
:1075500096F806F005F9204606F091F8204610BD91
:10756000009B03201A60704700207047002070477E
:1075700004207047009B03201A6070477F2908D8B9
:10758000D0E900329A4242D05A1C026001201970A0
:107590007047B1F5006F10D2D0E90032D21A012A3B
:1075A00035D95A1C02608A09403A1A70036801F002
:1075B0003F015A1C80390260E8E7B1F5803F11D2E3
:1075C000D0E90032D21A022A21D95A1C02600A0BD1
:1075D000203A1A700268531C0360C1F38513803B84
:1075E0001370E3E7B1F5881F11D2D0E90032D21A47
:1075F000032A0CD95A1C02608A0C103A1A700268CD
:10760000531C0360C1F30533803B1370E2E7002095
:107610007047D0E90032F0B5D21A044661D018782C
:107620007F2802D801332360F0BDC1283AD9DF2872
:107630000ED8012A55D05A7802F0C005802D31D1DC
:10764000A2F5425202EB80108142EDD30233EAE709
:10765000EF281AD8022A44D95D7805F0C002802AA2
:1076600020D1E02801D19F2D1CD99A7802F0C006C4
:10767000802E17D1A2F56222803A02EB003202EB93
:1076800085108142D0D30333CDE7F4280AD8032AEA
:1076900027D95D7805F0C002802A03D1F02804D1F3
:1076A0008F2D06D84FF0FF30BEE7F42801D18F2D83
:1076B000F8D89E7806F0C002802AF3D1DA7802F07A
:1076C000C007802FEED1A2F17272A2F5025202EB36
:1076D000804202EB053202EB86108842A4D80433C4
:1076E000A1E76FF001009FE77F2910B508D8D0E926
:1076F00000329A4247D05A1C02601970012010BD16
:10770000B1F5006F0FD2D0E90032D21A012A3AD96E
:107710008C0901F03F011A46403C803902F8024BC7
:1077200002605970EAE7B1F5803F12D2D0E9003229
:10773000D21A022A27D90A0B203A1A70C1F38512ED
:1077400001F03F01803A80395A70DA1C026099706A
:10775000D4E7B1F5881F16D2D0E90032D21A032A35
:1077600011D98A0C103A1A70C1F30532803A5A7056
:10777000C1F3851201F03F01803A80399A701A1DD9
:107780000260D970BAE70020B9E7D0E90032F0B55D
:10779000D21A044661D018787F2802D801332360BA
:1077A000F0BDC1283AD9DF280ED8012A55D05A7821
:1077B00002F0C005802D31D1A2F5425202EB8010BB
:1077C0008142EDD30233EAE7EF281AD8022A44D9DE
:1077D0005D7805F0C002802A20D1E02801D19F2DDC
:1077E0001CD99A7802F0C006802E17D1A2F5622229
:1077F000803A02EB003202EB85108142D0D3033392
:10780000CDE7F4280AD8032A27D95D7805F0C0020D
:10781000802A03D1F02804D18F2D06D84FF0FF30F5
:10782000BEE7F42801D18F2DF8D89E7806F0C0026B
:10783000802AF3D1DA7802F0C007802FEED1A2F1CE
:107840007272A2F5025202EB804202EB053202EBA9
:1078500086108842A4D80433A1E76FF001009FE7A7
:10786000B1F5803F10B5D0E900430BD29C4221D046
:10787000D30789B201D449BA89B2A31C036021801D
:10788000012010BD1B1B022B14D98B0AC1F3090167
:10789000D207A3F52153A1F510519BB289B203D4AD
:1078A0005BBA49BA9BB289B2224622F8043B026015
:1078B0006180E5E70020E4E773B51E46079B1446A8
:1078C0000093089B0193A642254607D10020069B02
:1078D000009A1D60099B1A6002B070BD21682C1DC2
:1078E000B1F5881F06D26846FFF7FEFE0028EAD1F0
:1078F0000120ECE70220EAE72DE9F0410E460446BC
:10790000194617463046069DF1F744FB30BB01206F
:10791000BDE8F0811988A1F55840B0F5806F23D2F9
:10792000012D29D0D21A022A1CD95B88A3F55C420A
:10793000B2F5806F20D2A3F157734FF00208A3F580
:10794000773303EB8121B94216D83046FFF716FE94
:107950000028DCD0236803EB48032360D4E900321D
:107960009A42D7D10020D3E7A1F55C43B3F5806FED
:1079700002D34FF00108E6E70220C9E770B50D46D3
:107980000446194616462846F1F704FB60B9012063
:1079900070BD19688E420DD32846FFF7EFFD002811
:1079A000F5D0236804332360D4E900329A42F0D141
:1079B0000020EDE70220EBE7F8B50D461946044636
:1079C0001646F1F72FFBD4E90030984211D0D5E9E3
:1079D0000072BA420DD031462046FFF71AFE831CD2
:1079E00001D1012008E0864207D33B1D2B6038609F
:1079F000E9E7C01A18BF0120F8BD0220FCE72DE915
:107A0000F8430D461946044616461F46F1F70AFB91
:107A1000D4E90089C8451DD0D5E900329A4219D071
:107A200031462046FFF7F5FD831C014604D1089836
:107A30000130C0B2BDE8F8838E4209D33A462846E9
:107A4000FFF70EFF0028E3D10120C4E90089F1E728
:107A50000220EFE70020EDE7F7B5002716461C46A9
:107A6000CDE900019DF820106846F1F7DBFA7D1C96
:107A7000B54209D30ED14FF6FF716846A14228BF27
:107A80002146FFF7C6FD05E021466846FFF7C1FD28
:107A9000844202D2009803B0F0BDB0F5803F38BFF9
:107AA0003D466F1CE3E773B51D46079B14460093E4
:107AB000089B0193AC4207D10020069B009A1C60F2
:107AC000099B1A6002B070BD2188A1F55843B3F537
:107AD000806F16D22B1B022BEED96288A2F55C4375
:107AE000B3F5806F14D2A2F157720226A2F5773255
:107AF00002EB81216846FFF7F7FD58B104EB46041D
:107B0000D8E7A1F55C43B3F5806F01D30126F1E717
:107B10000220D2E70120D0E710B50446F1F770FB50
:107B2000204605F0ACFD204610BD10B50446F1F727
:107B300071FB204605F0A3FD204610BD10B504469C
:107B4000F1F772FB204605F09AFD204610BD10B5F6
:107B50000446F1F773FB204605F091FD204610BD69
:107B6000F8B50B680E46074653F80C5C681C06F027
:107B700061F80023044601462A463046F1F7EAFE42
:107B8000002328463C606355F8BD13B5049CCDE93D
:107B9000003413460A46C1684FF0000002F01FFC93
:107BA00002B010BD30B58BB00D4604460AA901E9FC
:107BB0000C0079230EAA0693129B0593119B049344
:107BC000109B039301AB92E8030083E80300099B39
:107BD00020464FF000010093089BAA6802F025FDA3
:107BE00020460BB030BD30B58BB00D4604460AA917
:107BF00001E90C006D230EAA0693129B0593119BBD
:107C00000493109B039301AB92E8030083E8030005
:107C1000099B20464FF000010093089BAA6802F0E0
:107C200004FD20460BB030BD30B58BB00D46044688
:107C30000AA901E90C0077230EAA0693129B05936B
:107C4000119B0493109B039301AB92E8030083E81C
:107C50000300099B20464FF000010093089BAA688F
:107C600002F0E3FC20460BB030BD30B58BB00D46C2
:107C700004460AA901E90C0064230EAA0693129B8C
:107C80000593119B0493109B039301AB92E80300AF
:107C900083E80300099B20464FF000010093089BF6
:107CA000AA6802F0C2FC20460BB030BD30B58BB0E4
:107CB0000D4604460AA901E90C0074230EAA069396
:107CC000129B0593119B0493109B039301AB92E8C5
:107CD000030083E80300099B20464FF00001009356
:107CE000089BAA6802F0A1FC20460BB030BD816859
:107CF0004FF0000002F096BCF0B591B00F4605467B
:107D00000AAC08AE84E80C00002316AA07930D9372
:107D10000EAB06930DAB0593199B04939DF8603051
:107D2000039301AB92E8030083E803000B9B4FF041
:107D3000000130460093BA680A9B02F0D0FC0D9B0C
:107D400096E8030084E803005BB91B99DDE90E2384
:107D5000C1E9002394E8030085E80300284611B038
:107D6000F0BD1A9A1360F5E710B58AB004460DF11C
:107D7000280C0CE90C0000230693DDE91023CDE963
:107D800004239DF8383003930D9B02939DF8303007
:107D90000193099B0093089B8A684FF0000102F051
:107DA000F1FC20460AB010BD0A4601694FF0000000
:107DB00002F034BC07B513460A68009301694FF01E
:107DC000000052F80C3C02F0E6FB03B05DF804FB47
:107DD00007B5006801A90C38F1F728FE03B05DF87B
:107DE00004FBFFF7F5BF10B50446006843685A1E50
:107DF000012B426002D103685B689847204610BDA2
:107E000010B50446F1F748FB204605F038FC204643
:107E100010BD10B50446F1F751FB204605F02FFCCC
:107E2000204610BD10B50446F1F75CFB204605F076
:107E300026FC204610BD10B50446F1F767FB20462E
:107E400005F01DFC204610BD10B50446F1F76CFB93
:107E5000204605F014FC204610BD10B50446F1F78D
:107E600079FB204605F00BFC204610BD10B50446FA
:107E7000F1F782FB204605F002FC204610BD10B54C
:107E80000446F1F78BFB204605F0F9FB204610BDB8
:107E9000836910B5044603B19847204610BD70B5FC
:107EA00092B00E46044608A90BAD81E80C000023F1
:107EB000199928461193F1F7CFFA0022002306956D
:107EC0004FF000012046CDE904239DF86030039374
:107ED000179B02939DF858300193099B0093089BD0
:107EE000B26802F04FFC04E02846FFF7D1FF05F02E
:107EF00037FC2846FFF7CCFF204612B070BD37B5DF
:107F000014460D46084603F012F984F8240028466A
:107F100003F010F90023294684F82500A36001A886
:107F20006361E361012384F8643003F006F901A979
:107F300004F10800FFF714FEE06001A8FFF748FF16
:107F4000294601A803F000F901A904F11400FFF784
:107F500007FEA06101A8FFF73BFF294601A803F037
:107F6000FAF801A904F11C00FFF7FAFD206201A84C
:107F7000FFF72EFF03B030BD01A8FFF729FF05F082
:107F8000EFFBF9E7F8E710B4084611461A46DDE9B9
:107F90000134019410BC03F003BA13B5144601A8D0
:107FA0001A46049B03F002FA01A92046F1F754FA9D
:107FB00001A8FFF70DFF02B010BD01A8FFF708FFF1
:107FC00005F0CEFB37B514460D46084603F080F8A1
:107FD0006074284603F07FF8A074284603F09AF8EE
:107FE00000232946E062A36001A86361E361636244
:107FF000012384F8433003F071F801A904F108006B
:10800000FFF7AEFDE06001A8FFF7E2FE294601A8F8
:1080100003F06BF801A904F11400FFF7A1FDA061C2
:1080200001A8FFF7D5FE294601A803F065F801A9CC
:1080300004F11C00FFF794FD206201A8FFF7C8FEC1
:10804000294601A803F05FF801A904F12400FFF715
:1080500087FDA06201A8FFF7BBFE284603F05DF88C
:108060002063284603F05EF8606303B030BD01A8CA
:10807000FFF7AEFE05F074FBF9E7F8E7F7E737B571
:1080800014460D46084602F0F4FF6074284602F0DC
:10809000F3FFA074284603F00EF800232946E0629F
:1080A000A36001A86361E3616362012384F8433044
:1080B00002F0E5FF01A904F10800FFF751FDE060BF
:1080C00001A8FFF785FE294601A802F0DFFF01A9FC
:1080D00004F11400FFF744FDA06101A8FFF778FE4A
:1080E000294601A802F0D9FF01A904F11C00FFF7FD
:1080F00037FD206201A8FFF76BFE294601A802F0B8
:10810000D3FF01A904F12400FFF72AFDA06201A812
:10811000FFF75EFE284602F0D1FF2063284602F0FA
:10812000D2FF606303B030BD01A8FFF751FE05F038
:1081300017FBF9E7F8E7F7E713B510460C466A4670
:10814000C118F1F763F9049A019001A9204603F0E0
:1081500015F904E001A8FFF73BFE05F001FB04461A
:1081600001A8FFF735FE204602B010BDF0B587B07C
:108170000E4615461F460E9803AA0F9904AC0144FB
:10818000F1F744F90D9B04903A46009331460C9B5D
:1081900005A8019403F0F5F805A92846F1F75CF964
:1081A00005A8FFF715FE2046FFF712FE07B0F0BD49
:1081B00005A8FFF70DFE2046FFF70AFE05F0D0FAEE
:1081C000F9E70846114603F0E8B8084603F047B857
:1081D00082B0F0B587B0054616469DF850700FACDA
:1081E0000D930DAB742F1398DDE911211ED00ED81D
:1081F000642F2DD00292CDE9031094E803008DE89E
:108200000300314628460CCB03F080F81AE0772FA4
:108210002BD00292CDE9031094E803008DE803000F
:10822000314628460CCB03F08DF80BE0CDE9031066
:10823000029294E803008DE80300314628460CCBF7
:1082400003F010F8284607B0BDE8F04002B07047D0
:10825000CDE90310029294E803008DE80300314653
:1082600028460CCB03F01AF8ECE7CDE90310029294
:1082700094E803008DE80300314628460CCB03F058
:1082800029F8DFE782B02DE9F04788B004461646AA
:10829000189911AF9DF84C80DDF850909DF854A0CE
:1082A0001193B1B107AD2846F1F730FB31462046B6
:1082B000CDE902A5CDE9008997E80C0002F0C1FEE6
:1082C0002846FFF785FD204608B0BDE8F04702B01C
:1082D0007047DDE91623CDE9019ACDE90423CDF8F5
:1082E0000080314697E80C0002F091FEEBE728464B
:1082F000FFF76EFD05F034FA10B58AB00446002091
:1083000000931346C96803AA099002F072F803A902
:108310002046F1F7FBFA04E003A8FFF7B9FD05F0EA
:108320001FFA03A8FFF7B4FD20460AB010BDF0B550
:1083300097B08C4605460AAC0FAE08AF84E80C0037
:1083400000231CAACDE9063615930D930DAB0593BA
:108350001F9B04939DF87830039301AB92E80300D0
:1083600083E803000B9B4FF00001384600930A9B03
:10837000DCF8082002F0B3F90D9B97E8030084E8CD
:108380000300A3B931460EA8F1F7C0FA21980EA94F
:1083900000F089F80EA8FFF71BFD94E8030085E8BC
:1083A00003003046FFF774FD284617B0F0BD209A51
:1083B0001360F2E73046FFF76BFD05F0D1F930B5F9
:1083C00004468DB000200B901198006850F80C5CAA
:1083D000CDE902051098CDE900301346096905AAD8
:1083E0004FF0000002F0F1F805A92046F1F78EFAEF
:1083F00004E005A8FFF74CFD05F0B2F905A8FFF76A
:1084000047FD20460DB030BD13460A4611B119781C
:1084100006F046B90846704701F18041006804390A
:1084200050F80C0C091A914208B502D21846F3F71D
:1084300095FA08BD03688B4207D853F80C2C1344F7
:10844000994294BF00200120704701207047012A03
:1084500030B403D10B78037030BC7047002AFBD0D6
:1084600030BC06F02BB9012A30B403D10B7803706D
:1084700030BC7047002AFBD030BC06F02CB90B464C
:108480001146012B10B4044602D1227010BC704773
:10849000002BFBD01A4610BC06F037B9521A08B5AB
:1084A000FFF7D5FF08BD036853F8042C002AB8BFB6
:1084B000002210B5B8BF43F8042C0A6852F8044CE7
:1084C000002CBCBF002442F8044C02600B6010BDBD
:1084D0000368104610B553F80C4CA04202D34FF07D
:1084E000FF3010BD1A5C8A42FBD10130F5E705F080
:1084F000C6B82DE9F74F05460068A3EB020802EB6A
:10850000010950F80C7C0C4650F8081C1E46B84473
:10851000A7EB0907884503D850F8043C002B1EDD63
:1085200001AA4046F1F73CFA824600F10C0B24B157
:10853000224629685846FFF78AFF47B104F10C002C
:1085400029683A46304449445044FFF780FF286880
:1085500001A90C38F1F76AFAC5F800B000E03FB99C
:10856000286841460C38F1F70FFA03B0BDE8F08FE8
:108570009642F5D0264400EB09013A463044FFF715
:1085800072FFEDE7036853F80C2C10B504466AB18E
:1085900053F8043C002B04DD00231A461946FFF76C
:1085A000A8FF23684FF0FF3243F8042C10BD08B534
:1085B000036853F8043C002B01DBFFF7E3FF08BD21
:1085C00010B50446FFF7F3FF206810BD036837B508
:1085D000CC1A05460092012300222146F1F762FAE7
:1085E00028684FF0FF3340F8043C204403B030BD0E
:1085F000F8B5069F1E4604460D463B46FFF779FF39
:108600002FB120683A4631462844FFF720FF204624
:10861000F8BD70B5044610460A46236861681844E0
:10862000F1F7BEF92268054600F10C0622B104F10B
:108630000C013046FFF70BFF28462168F1F7A4F93B
:10864000304670BD37B50446006850F8083C994282
:1086500004D850F8042C002A0DDD194650F80C2DD2
:108660008A1A01A9FFF7D5FF0546206801A90C3831
:10867000F1F7DCF9256003B030BDF8B50B680446AE
:108680000E4653F80C7CE7B1036853F80C5C53F8C2
:10869000082C3D44954203D853F8043C002B03DDDD
:1086A00029462046FFF7CEFF23683A46316853F843
:1086B0000C0C1844FFF7CBFE206829460C38F1F764
:1086C00063F92046F8BD002208B5F1F7B3FA08BDFA
:1086D000036870B553F80C5C044653F8082C0E463A
:1086E0000135954203D853F8043C002B03DD29469D
:1086F0002046FFF7A7FF2368294653F80C2C9E5409
:1087000020680C38F1F740F970BD084670470846FC
:10871000704710B50446F1F7ABFA204604F0AFFFFE
:10872000204610BD8A4210B5144603D0521A029852
:1087300005F0C4FF204610BD8A42184638B51446DD
:1087400002D0521A05F0BAFF204638BD2DE9F0419B
:10875000C0B0044600256B461F4603F8015B013597
:10876000B5F5807FF9D1264640AA3946204656F80D
:108770001D3BD3F81C803346C0472A463146384655
:1087800005F0CBFF00280CBF01230223237740B064
:10879000BDE8F08183695B5C9B0744BF2039C9B2A7
:1087A0000846704770B506460C461546AC4201D3E4
:1087B000284670BD3368304621789B68984704F896
:1087C000010BF3E783695B5CDB0744BF2031C9B26F
:1087D0000846704770B506460C461546AC4201D3B4
:1087E000284670BD3368304621781B69984704F8E5
:1087F000010BF3E78368587C70478368987C704767
:108800008368D86A70478368002082B01B6BDAB235
:1088100062F30700C3F3072262F30F20C3F307429A
:108820001B0E62F3174063F31F6002B0704783684A
:10883000002082B05B6BDAB262F30700C3F3072259
:1088400062F30F20C3F307421B0E62F3174063F37A
:108850001F6002B070478368587C70478368987CBB
:1088600070478368D86A70478368002082B01B6BAA
:10887000DAB262F30700C3F3072262F30F20C3F3F7
:1088800007421B0E62F3174063F31F6002B070478C
:108890008368002082B05B6BDAB262F30700C3F337
:1088A000072262F30F20C3F307421B0E62F3174047
:1088B00063F31F6002B07047836893F82400704729
:1088C000836893F8250070470020704700207047A8
:1088D00070470020914200D3704711F8013B03EB31
:1088E0007060F7E710B50446F1F7FEF9204604F092
:1088F000C6FE204610BD10B50446F1F7FFF920462C
:1089000004F0BDFE204610BD10B50446F1F700FA94
:10891000204604F0B4FE204610BD10B50446F1F721
:1089200001FA204604F0ABFE204610BD10B5044607
:10893000F1F706FA204604F0A2FE204610BDD0E969
:1089400002218A4202D201328260704703689B6A28
:108950001847436E0B60836E4B60C36E8B60036F72
:10896000CB60436F0B61836F4B61C36F8B61D0F83A
:108970008030CB61D0F884300B62D0F888304B6205
:10898000D0F88C308B62D0F89030CB627047D0F842
:1089900094300B60D0F898304B60D0F89C308B60EE
:1089A000D0F8A030CB60D0F8A4300B61D0F8A8305C
:1089B0004B61D0F8AC308B61D0F8B030CB61D0F8DF
:1089C000B4300B62D0F8B8304B62D0F8BC308B6258
:1089D000D0F8C030CB62704707B50B46009200223A
:1089E0004168F7F757F903B05DF804FB10B504468A
:1089F0000068FFF7A4FF4FF0FF33636010BD2DE95F
:108A0000F0411F46037F04460D46012B164607D151
:108A1000914213D03846521ABDE8F04105F04EBEDF
:108A20000BB9FFF793FE2368324629462046D3F858
:108A30001CE03B46F446BDE8F0416047BDE8F081EC
:108A4000531A0F2B73B504460D461646019306D9EB
:108A5000002201A9F7F7EEF8019B2060A3603246DF
:108A60002946206804F01BFC019B226800216360FA
:108A7000D15402B070BD8B6810B50446D969F1F7C6
:108A800021FA204610BD8B6810B504465969F1F7EC
:108A900019FA204610BD8B6810B504469968F1F7A5
:108AA00011FA204610BD8B6810B50446596AF1F7DB
:108AB00009FA204610BD8B6810B50446D969F1F754
:108AC00001FA204610BD8B6810B504465969F1F7CC
:108AD000F9F9204610BD8B6810B504469968F1F786
:108AE000F1F9204610BD8B6810B50446596AF1F7BC
:108AF000E9F9204610BD8B6810B50446D969F1F735
:108B0000E1F9204610BD8B6810B504465969F1F7AC
:108B1000D9F9204610BD8B6810B504469968F1F765
:108B2000D1F9204610BD2DE9F0431C4600F10803A1
:108B300087B01546036000230646884643602246F8
:108B4000037202AB294668460093FFF779FF641B66
:108B50006400DDE90073204607EB030905F06AF8BD
:108B600005463A4623462946404605F052FB8442D4
:108B700002460ED8441C284604F085FD204605F028
:108B800059F83A46014605462346404605F041FB62
:108B9000024629463046F1F7E1F810E004F082FE83
:108BA000284604F070FD05F001F804F0A4FE6846C4
:108BB00004F011FB304604F00EFB04F0D1FD384602
:108BC000E8F740F9384481450BD0471C0021304676
:108BD00004F0D8FBC5E7E1E704F064FEE3E7E6E76D
:108BE000E8E7284604F04FFD684604F0F4FA304602
:108BF00007B0BDE8F0832DE9F0438DB01C468046F8
:108C000002AB68460093FFF71BFF08AB149A21469E
:108C100006A80693FFF714FFDDE90097DDE9065685
:108C20004F442E442A464946404605F0E7FA04469A
:108C300070B94846E8F706F981442846E8F702F992
:108C40004F4505EB00040DD1341B18BF4FF0FF3426
:108C500006A804F0C0FA684604F0BDFA20460DB03C
:108C6000BDE8F083A64203D009F10109651CD9E7EC
:108C70000124EDE7684604F0AEFA04F071FD0368E4
:108C80009B68184703681B69184770B5037F044643
:108C90000D4643B9FFF75AFD2368294620469B69D4
:108CA000BDE8704018470C44607F70BD70B5441833
:108CB000164694F81D313BB903681B6A98478642F3
:108CC000034618BF84F81D01184670BDF0B589B081
:108CD00004460D4606AE86E80C00139A0B68059212
:108CE000129A0492119A03929DF8402002920EAAC1
:108CF00092E803008DE8030020469F68294696E825
:108D00000C00B847204609B0F0BDF0B589B0044664
:108D10000D4606AE86E80C00139A0B680592129A6F
:108D20000492119A03929DF8402002920EAA92E8B2
:108D300003008DE803002046DF68294696E80C0012
:108D4000B847204609B0F0BD70B588B00E6805463A
:108D500006AC84E80C00DDE91023CDE904239DF87E
:108D6000383002930D9B01939DF830300093B66824
:108D700094E80C00B047284608B070BD70B586B0C6
:108D8000054604AC84E80C000D9A0B6803929DF82C
:108D9000302002920B9A01929DF828200092DE6802
:108DA00094E80C00B047284606B070BD03689B6885
:108DB00018470368DB6818470B6810B504461B6941
:108DC0009847204610BD0B6810B504465B6998476C
:108DD000204610BD0B6810B504469B699847204695
:108DE00010BD0B6810B50446DB699847204610BDDE
:108DF00003681B6A1847036882B05B6A02B01847B1
:108E0000036882B09B6A02B0184703689B681847E2
:108E10000368DB6818470B6810B504461B69984760
:108E2000204610BD0B6810B504465B699847204684
:108E300010BD0B6810B504469B699847204610BDCD
:108E40000B6810B50446DB699847204610BD0368DF
:108E50001B6A1847036882B05B6A02B01847036850
:108E600082B09B6A02B0184703689B681847036882
:108E7000DB6818470B6810B504461B699847204605
:108E800010BD0B6810B504465B699847204610BDBD
:108E90000B6810B504469B699847204610BD0368CF
:108EA0009B681847F0B589B004460D4606AE86E8C3
:108EB0000C00129A0B680492119A0392109A029273
:108EC0000EAA92E803008DE803002046DF682946D9
:108ED00096E80C00B847204609B0F0BDF0B589B05F
:108EE00004460D4606AE86E80C00129A0B68049202
:108EF000119A0392109A02920EAA92E803008DE84A
:108F0000030020461F69294696E80C00B847204612
:108F100009B0F0BDF0B589B004460D4606AE86E84E
:108F20000C00129A0B680492119A0392109A029202
:108F30000EAA92E803008DE8030020465F692946E7
:108F400096E80C00B847204609B0F0BDF0B589B0EE
:108F500004460D4606AE86E80C00129A0B68049291
:108F6000119A0392109A02920EAA92E803008DE8D9
:108F7000030020469F69294696E80C00B847204622
:108F800009B0F0BDF0B589B004460D4606AE86E8DE
:108F90000C00129A0B680492119A0392109A029292
:108FA0000EAA92E803008DE803002046DF692946F7
:108FB00096E80C00B847204609B0F0BD03689B68EE
:108FC000184773B5079E04460D680196069E0096E5
:108FD000ED68A847204602B070BD03681B691847BA
:108FE00010B40468A468A44610BC604738B50D6886
:108FF0000446ED68A847204638BDF7B56D460446DF
:10900000089F85E806009DF80460194636B93A467F
:10901000009804F0D9F8874218BF01268DF8046043
:1090200095E8030084E80300204603B0F0BD2DE975
:10903000F04F99B0229F06A9249D07F16C0405907A
:109040009DF88C80204681E80C00F2F755FF82469F
:109050002046F0F7F7FE2E6890F838300446327854
:1090600069689A4221D0026BC369D0F820900992B6
:1090700003933144334699421D4606D9287801337B
:10908000DAF81820125C5207F5D4AD1BAB46002D60
:1090900000F0E2800EAB69000CA80C9300230D9346
:1090A0008DF8383004F050F909E0426B436AD0F88B
:1090B0002890099203930029DBD00136D9E7E36AAF
:1090C000A5EB030ABAF1000F1DDDE16815EA2305DF
:1090D00038BF55460D9AF1B100216B000CA80091E4
:1090E000F6F7D8FD7319A17C0C98CDE90063D4E99B
:1090F000022302F062F90C994FF0FF32411A0CA8DA
:10910000F0F780FEAA46E36A002B1EDD617C0CA806
:1091100004F038F905E033460CA80095F6F7F8FDA1
:10912000F0E7BAF1000F06DBE26A06EB0A010CA8D1
:10913000F0F714FE09E094F83920CAF100010CA8F8
:10914000FFF74AFC5A463146F1E7FD6812A805F0E0
:10915000B00315F4007504930D9B18BFA5694B442B
:109160001D4414AB12930023690013938DF8503003
:1091700004F0EAF8049BBE68102B11D1B5422CBF55
:109180004FF0000B4FF0010B4FF0000A09AB13F842
:109190000A30042B2AD8DFE803F0261B060F18003C
:1091A0004FF0000BF0E7FB689B051FD5D4E90512D3
:1091B00012A8F0F7D3FD19E0B9F1000F16D0039B08
:1091C000197812A804F0DEF810E0DDE90C12EFE7E0
:1091D000BBF1000F05D04246711B12A8FFF7FCFB44
:1091E00004E04146EDE7BBF1000FF4D10AF1010ABA
:1091F000BAF1040FCAD1B9F1010F06D9039909F1E7
:10920000FF3212A80131F0F7A9FD13998E4208D957
:10921000049B711A202B0DD1424612A8FFF7DCFBEC
:1092200031460AAC06AA0091129B204606CAFFF7F7
:10923000E4FE06E00A464346002112A8F0F758FE75
:10924000EEE794E80300069012A88DF81C1003F0D6
:10925000C2FF0CA803F0BFFF0023BB6006AB93E87E
:109260000300059B83E80300184619B0BDE8F08FA2
:1092700012A803F0B0FF0CA803F0ADFF04F070FAE1
:10928000F9E72DE9F04F99B0229F06A9249D07F137
:109290006C0405909DF88C80204681E80C00F2F764
:1092A0002BFE82462046F0F76DFD2E6890F8383090
:1092B0000446327869689A4221D0026BC369D0F8BB
:1092C0002090099203933144334699421D4606D9B2
:1092D00028780133DAF81820125C5207F5D4AD1B58
:1092E000AB46002D00F0E2800EAB69000CA80C9399
:1092F00000230D938DF8383004F026F809E0426B16
:10930000436AD0F82890099203930029DBD00136F4
:10931000D9E7E36AA5EB030ABAF1000F1DDDE168A6
:1093200015EA230538BF55460D9AF1B100216B00AF
:109330000CA80091F6F7AEFC7319A17C0C98CDE94E
:109340000063D4E9022302F038F80C994FF0FF32A1
:10935000411A0CA8F0F756FDAA46E36A002B1EDD61
:10936000617C0CA804F00EF805E033460CA80095CB
:10937000F6F7CEFCF0E7BAF1000F06DBE26A06EB87
:109380000A010CA8F0F7EAFC09E094F83920CAF1C8
:1093900000010CA8FFF720FB5A463146F1E7FD68B3
:1093A00012A805F0B00315F4007504930D9B18BFC7
:1093B000A5694B441D4414AB129300236900139319
:1093C0008DF8503003F0C0FF049BBE68102B11D104
:1093D000B5422CBF4FF0000B4FF0010B4FF0000ACD
:1093E00009AB13F80A30042B2AD8DFE803F0261B58
:1093F000060F18004FF0000BF0E7FB689B051FD528
:10940000D4E9051212A8F0F7A9FC19E0B9F1000F90
:1094100016D0039B197812A803F0B4FF10E0DDE921
:109420000C12EFE7BBF1000F05D04246711B12A8EA
:10943000FFF7D2FA04E04146EDE7BBF1000FF4D1AB
:109440000AF1010ABAF1040FCAD1B9F1010F06D924
:10945000039909F1FF3212A80131F0F77FFC13994B
:109460008E4208D9049B711A202B0DD1424612A8B6
:10947000FFF7B2FA31460AAC06AA0091129B2046C9
:1094800006CAFFF7BAFD06E00A464346002112A8C5
:10949000F0F72EFDEEE794E80300069012A88DF891
:1094A0001C1003F098FE0CA803F095FE0023BB608F
:1094B00006AB93E80300059B83E80300184619B048
:1094C000BDE8F08F12A803F086FE0CA803F083FE1F
:1094D00004F046F9F9E7F0B587B0054604AC0F9EF5
:1094E0009DF8307084E80C000D9B9DF838200093A7
:1094F000CDE9012694E80C0027B1FFF798FD284636
:1095000007B0F0BDFFF7BDFEF9E710B50446D0E99E
:10951000003043B1421C06D1184603F04CFE431CF8
:1095200004BF0023236010BD38B50D46FFF7EDFFE3
:1095300004462846FFF7E9FF431C621C5842584185
:1095400054425441011B4842484138BD08B5FFF719
:10955000EBFF80F00100C0B208BD2DE9F74F0546D2
:109560006C464FF00009DDF840A04FF00A0B4E4664
:10957000DDE9120784E80C006C30F2F7BDFC804690
:109580000CA92046FFF7E2FF70B1119B9E420BD061
:109590002046FFF7BAFF2A22C1B24046FFF786FBFA
:1095A0003038C2B2092A10D9C6B10F9A914515DBDD
:1095B000D14513DC0E9AC2F8009094E8030085E8C8
:1095C0000300284603B0BDE8F08F0BFB0909D14525
:1095D000EADC20460136FFF709FAD1E73B6843F0A1
:1095E00004033B60E9E72DE9F04F8DB000AFF8616F
:1095F00007F12004F86E6C3084E80C00F2F77CFC74
:109600006B46BA6E054607F158012046A3EBC2032C
:109610009D46DB08E846BB61FFF798FF002800F095
:109620007281BB6E20464FF0000B9B007B61BB6ECE
:1096300008EB8309FFF769FFC4B228462146FFF70C
:1096400021FB214606462846FFF719FB5C46824669
:10965000BB6E9B450BD10026012C2BD8012C40F072
:10966000528107F120000136FFF7C0F9E2E07B6E7E
:10967000284653F82B301978FFF704FB86420FD1A8
:10968000A3003B617B6E53F82B00E7F7DBFB3B69E4
:1096900049F82400013448F803B00BF1010BD7E777
:1096A0007B6E284653F82B301978FFF7E8FA82458D
:1096B000F3D1E5E7CB4609EB84005BF8043BFB62A2
:1096C0005B461A46F96A0433D2F800C08C4507F1AC
:1096D0002C0128BF0A469842D2F800A0C7F82CA057
:1096E000EFD1013607F12000FFF780F9B24547D1ED
:1096F00007F1580107F12000FFF728FF824600B369
:1097000007F12000FFF701FFC1B22846FFF7BAFAC0
:10971000386107F12000FFF7F8FEC1B22846FFF7D5
:10972000AEFA0023F860796E58F8232051F8222011
:1097300059F82310B1425AD801339C42F3D14FF06B
:10974000000A002359F82320911B4A424A415245FE
:1097500009BF04F1FF34013358F8242048F82320CE
:1097600004BF59F8242049F823209C42EAD8BAF1D2
:10977000000F5BD0D9F8003001218C42FB6249D840
:10978000FB6AB3427FF66AAF07F1580107F1200088
:10979000FFF7DCFE00283FF461AF07F120004FF037
:1097A000000AFFF7B2FEC1B22846FFF76BFA386134
:1097B00007F12000FFF7A9FEC1B22846FFF75FFAC4
:1097C000F86054457FF648AF7B6E284658F82A204B
:1097D0004FEA8A0B53F82220915DBA60FFF752FAE4
:1097E0003B69BA6883426DD10AF1010AE9E7915DEC
:1097F00028467B60BA60FFF745FA3B698342A0D0F8
:10980000BA682846915DFFF73AFAFB6883427B68A5
:1098100092D196E75A4601310BF1040B106883424E
:1098200007F12C0398BF1A461368A6E7022C2CD028
:10983000012C68D1D8F80040D7E9053253F83280BE
:109840007B6E53F8243003EB0609464562D207F1DC
:10985000580107F12000FFF779FE002853D019F8CE
:10986000011B2846FFF70EFA824607F12000FFF79A
:109870004CFEC1B22846FFF705FA824533D107F105
:1098800020000136FFF7B2F8DFE7BB6EDB073AD402
:10989000D8F80030B86EBA6EB3EB500F4FEA5201F1
:1098A000D8F8042002D20B449342C2E75B1A9342D9
:1098B00029D1C8F80030D9F80430D7E9052142F899
:1098C0003130B7E7915D2846FFF7D9F9FB6883424D
:1098D0008AD0013C58F8242048F80B2059F824205D
:1098E00049F80B206DE719F8011C2846FFF7C7F966
:1098F000824607F12000FFF708FEC1B22846FFF7B5
:10990000BEF98245BBD03B6F3A6F1B6843F004033E
:10991000136002E0F7D13B6E1C60FB69D7E90801D8
:10992000343783E803001846BD46BDE8F08F2DE9C3
:10993000F04F87B0814600AF786D07F110066C30AC
:10994000D7E913AB86E80C00F2F7D6FA6B46F8605D
:1099500007F14001A3EBCB0330469D46E846FFF7F5
:10996000F5FD002800F0838000243046FFF7CDFD90
:109970002546C3B24FEA4B02A24237D1002D76D022
:1099800030460024FFF732F8AB00073323F007031B
:10999000ADEB030D6E4658F824305AF82300E7F774
:1099A00051FA46F824000134A542F4D1012507F10B
:1099B000400107F11000FFF7C9FD58BB012C5AD137
:1099C0003368AB425ED1D8F80030BA6C5B45A8BFB3
:1099D000A3EB0B03136007F118031C3713E9030013
:1099E00089E803004846BD46BDE8F08F5AF82410C8
:1099F0000978994204D148F8254001350134BBE784
:109A0000F868C7E90132FFF73AF97B68BA6898420B
:109A1000F4D1F0E707F11000FFF777FD0023C0B2A3
:109A200019469C4207D88C42C8D007F11000013576
:109A3000FEF7DCFFBBE756F823204FEA830E06EB68
:109A4000830CAA4202D801310133EAE758F82320F7
:109A50005AF82220525D8242F6D0013C58F8242068
:109A600048F80E2056F82420CCF80020D9E700242E
:109A7000254626469BE7022C04D13368AB42A2D090
:109A800073689EE7BB6DBA6D1B6843F00403A1E7E2
:109A90002DE9F04F8FB04FF0000A064688460AAC19
:109AA000CDF834A008ADDDE91AB784E80C000BF15D
:109AB0006C00F2F721FA0DAB0222CDF80CA0814622
:109AC000CDE906B36323CDE904320CAB029318ABA6
:109AD00093E803008DE803004146284694E80C0013
:109AE000FFF73BFD0D9B95E8030084E80300002B86
:109AF00051D118A92046FFF729FD002846D020465D
:109B0000FFF703FD2A22C1B24846FFF7CFF8A0F1C4
:109B10003005EBB2092B39D820464FF00A08FEF782
:109B200065FF0C9B18A9204608FB03550C95FFF711
:109B30000DFD98B12046FFF7E8FC2A22C1B2484645
:109B4000FFF7B4F8A0F13005EBB2092B06D8204698
:109B5000FEF74CFF0C9B08FB03550C950C9BA3F2E6
:109B60006C730C931C9B0C9A5A6118A92046FFF742
:109B7000DBFC18B13B6843F002033B6094E8030050
:109B800086E8030030460FB0BDE8F08F0C9B442BF5
:109B9000E8DC6433E5E73B6843F004033B60E4E75B
:109BA0002DE9F0439DB0054688460AAC08AFDDE9D3
:109BB000269684E80C0009F16C00F2F7FFFA83683E
:109BC0009A6C0E92DA6C0F921A6D10925A6D119275
:109BD0009A6D1292DA6D13921A6E1492DA6A1592D5
:109BE0001A6B16925A6B17929A6B1892DA6B19923B
:109BF0001A6C5B6C1A921B9300230D930DABCDE98D
:109C00000593072304930EAB03930CAB029324AB91
:109C100093E803008DE803004146384694E80C00C1
:109C2000FFF785FE0D9B97E8030084E803009BB9CE
:109C3000289B0C9A9A6124A92046FFF775FC18B15D
:109C4000336843F00203336094E8030085E80300BF
:109C500028461DB0BDE8F083336843F00403336049
:109C6000E9E72DE9F043A7B0054688460AAC08AFFE
:109C7000DDE9309684E80C0009F16C00F2F79EFAF9
:109C80000EAA80681146FEF782FE1AA9FEF761FE51
:109C900000230D930DABCDE905930C23CDE90323F0
:109CA0000CAB02932EAB93E803008DE80300414612
:109CB000384694E80C00FFF73AFE0D9B97E8030046
:109CC00084E803009BB9329B0C9A1A612EA92046A6
:109CD000FFF72AFC18B1336843F00203336094E8BD
:109CE000030085E80300284627B0BDE8F083336809
:109CF00043F004033360E9E72DE9F04F91B00546E6
:109D000089460AACDDF878A00DAE0DF12008DDE93A
:109D10001CB784E80C000BF16C00F2F74FFA836873
:109D20001A690023CDF808B00F93CDE90D331AABB3
:109D3000CDE90526CDE9037A93E803008DE8030019
:109D40004946404694E80C00F0F7C8F998E803004B
:109D500084E8030051463046F6F7B2FD1AA92046C2
:109D6000FFF7E2FB18B13B6843F002033B6094E865
:109D7000030085E80300284611B0BDE8F08F2DE907
:109D8000F04F91B0054689460AACDDF878A00DAEDB
:109D90000DF12008DDE91CB784E80C000BF16C0024
:109DA000F2F70CFA83689A680023CDF808B00F9395
:109DB000CDE90D331AABCDE90526CDE9037A93E859
:109DC00003008DE803004946404694E80C00F0F794
:109DD00085F998E8030084E8030051463046F6F719
:109DE0006FFD1AA92046FFF79FFB18B13B6843F0AF
:109DF00002033B6094E8030085E80300284611B0A5
:109E0000BDE8F08F2DE9F04F91B04FF00008054606
:109E100089460AAC9DF880709DF87CA0DDE91CB6EF
:109E200084E80C000BF16C00F2F766F82521C6F807
:109E30000080FEF72AFF8DF83000002F36D18DF814
:109E400031A08DF8327000230DAFCDF808B00DF1C0
:109E500020080F930697CDE90D330CAB05931E9B9D
:109E6000CDE903631AAB93E803008DE8030049468C
:109E7000404694E80C00F0F731F998E8030084E8D4
:109E800003001E993846F6F71BFD1AA92046FFF776
:109E90004BFB18B1336843F00203336094E80300CE
:109EA00085E80300284611B0BDE8F08F8DF83170C9
:109EB0008DF832A08DF83380C5E72DE9F04192B0DE
:109EC0000F46064608AC9DF8681006AD84E80C0005
:109ED0000EAA0C920022DDE91B380D928DF8382075
:109EE0000CAA029318ABCDE9038289B193E8030071
:109EF0008DE803003946284694E80C00F0F76CFE24
:109F000095E803000C9D84E80300EEF7EFF90FE0FD
:109F100093E803008DE803003946284694E80C00D6
:109F2000F1F754F8ECE70CA803F055F903F018FC2E
:109F30000BAB42461D990B902846F6F7F9FB94E8C7
:109F4000030086E803000CA803F045F9304612B080
:109F5000BDE8F0812DE9F04F91B006460F46DDF8DF
:109F6000749008AC9DF870B006AD09F16C00DDF896
:109F70007CA084E80C00F1F7BFFF0CAB80460A938D
:109F800000230B938DF830300AAB04931E9BCDE970
:109F900002931AAB93E803008DE803003946284684
:109FA00094E80C00BBF1000F12D0F0F715FE95E815
:109FB00003000B9D84E803006DB994E8030086E874
:109FC00003000AA803F007F9304611B0BDE8F08F8E
:109FD000F0F7FCFFEBE72946504603F00AFA0A992E
:109FE0004046DAF800304A19FEF709FDE5E70AA80D
:109FF00003F0F1F803F0B4FB03F0EDB8F8B54D68E9
:10A000000E460746681C03F015FE00230446014671
:10A010002A463046F5F712FF002328463C60635578
:10A02000F8BD13B5049CCDE9003413460A46C16857
:10A030004FF00000FDF7A7FF02B010BD30B58BB0A8
:10A040000D4604460AA901E90C0079230EAA0693DD
:10A05000129B0593119B0493109B039301AB92E811
:10A06000030083E80300099B20464FF000010093A2
:10A07000089BAA68FEF7ACF820460BB030BD30B59F
:10A080008BB00D4604460AA901E90C006D230EAA07
:10A090000693129B0593119B0493109B039301ABB2
:10A0A00092E8030083E80300099B20464FF000017B
:10A0B0000093089BAA68FEF78BF820460BB030BDD2
:10A0C00030B58BB00D4604460AA901E90C00772390
:10A0D0000EAA0693129B0593119B0493109B039366
:10A0E00001AB92E8030083E80300099B20464FF090
:10A0F00000010093089BAA68FEF76AF820460BB09F
:10A1000030BD30B58BB00D4604460AA901E90C00FC
:10A1100064230EAA0693129B0593119B0493109B34
:10A12000039301AB92E8030083E80300099B2046F8
:10A130004FF000010093089BAA68FEF749F82046FB
:10A140000BB030BD30B58BB00D4604460AA901E90D
:10A150000C0074230EAA0693129B0593119B049383
:10A16000109B039301AB92E8030083E80300099B73
:10A1700020464FF000010093089BAA68FEF728F8DC
:10A1800020460BB030BD81684FF00000FEF71DB8CF
:10A19000F0B591B00F4605460AAC08AE84E80C0055
:10A1A000002316AA07930D930EAB06930DAB0593F0
:10A1B000199B04939DF86030039301AB92E8030070
:10A1C00083E803000B9B4FF0000130460093BA6810
:10A1D0000A9BEFF7F5F90D9B96E8030084E803006E
:10A1E0005BB91B99DDE90E23C1E9002394E8030064
:10A1F00085E80300284611B0F0BD1A9A1360F5E710
:10A2000010B58AB004460DF1280C0CE90C000023AF
:10A210000693DDE91023CDE904239DF8383003933C
:10A220000D9B02939DF830300193099B0093089B8E
:10A230008A684FF00001FEF725F820460AB010BDED
:10A240000A4601694FF00000FDF7BBBF07B5009259
:10A25000D1E9002301694FF00000FDF76DFF03B065
:10A260005DF804FB10B50446F1F73CF9204603F015
:10A2700006FA204610BD10B50446F1F745F9204610
:10A2800003F0FDF9204610BD10B50446F1F750F972
:10A29000204603F0F4F9204610BD10B50446F1F74E
:10A2A0005BF9204603F0EBF9204610BD10B50446DB
:10A2B000F1F760F9204603F0E2F9204610BD10B531
:10A2C0000446F1F76DF9204603F0D9F9204610BD98
:10A2D00010B50446F1F776F9204603F0D0F9204690
:10A2E00010BD10B50446F1F77FF9204603F0C7F919
:10A2F000204610BD70B592B00E46044608A90BADBD
:10A3000081E80C000023199928461193F1F7C2F84F
:10A310000022002306954FF000012046CDE90423DA
:10A320009DF860300393179B02939DF8583001937A
:10A33000099B0093089BB268FDF7A4FF04E0284640
:10A34000FDF7A6FD03F00CFA2846FDF7A1FD204617
:10A3500012B070BD30B514460D4687B00846FEF702
:10A3600083FD84F824002846FEF781FD002329465A
:10A3700084F82500A36068466361E361012384F8E3
:10A380006430FEF777FD694604F10800FFF736FEFA
:10A39000E060684602F01FFF29466846FEF771FD3F
:10A3A000694604F11400FFF729FEA061684602F037
:10A3B00012FF29466846FEF76BFD694604F11C0052
:10A3C000FFF71CFE2062684602F005FF07B030BDB3
:10A3D000684602F000FF03F0C3F9F9E7F8E710B4AC
:10A3E000084611461A46DDE90134019410BCFEF717
:10A3F000F7BD10B586B014461A466846089BFEF7AE
:10A40000F5FD69462046F1F745F8684602F0E3FE9F
:10A4100006B010BD684602F0DEFE03F0A1F930B5CB
:10A4200014460D4687B00846FEF7EFFC60742846D8
:10A43000FEF7EEFCA0742846FEF709FD002329462E
:10A44000E062A36068466361E3616362012384F8AC
:10A450004330FEF7E0FC694604F10800FFF7CEFD4B
:10A46000E060684602F0B7FE29466846FEF7DAFC6F
:10A47000694604F11400FFF7C1FDA061684602F0CF
:10A48000AAFE29466846FEF7D4FC694604F11C0082
:10A49000FFF7B4FD2062684602F09DFE294668463B
:10A4A000FEF7CEFC694604F12400FFF7A7FDA06289
:10A4B000684602F090FE2846FEF7CCFC2063284652
:10A4C000FEF7CDFC606307B030BD684602F083FE46
:10A4D00003F046F9F9E7F8E7F7E730B514460D461B
:10A4E00087B00846FEF762FC60742846FEF761FC00
:10A4F000A0742846FEF77CFC00232946E062A36096
:10A5000068466361E3616362012384F84330FEF7C8
:10A5100053FC694604F10800FFF770FDE0606846EF
:10A5200002F059FE29466846FEF74DFC694604F1E3
:10A530001400FFF763FDA061684602F04CFE294657
:10A540006846FEF747FC694604F11C00FFF756FD1C
:10A550002062684602F03FFE29466846FEF741FC4D
:10A56000694604F12400FFF749FDA062684602F045
:10A5700032FE2846FEF73FFC20632846FEF740FCEB
:10A58000606307B030BD684602F025FE03F0E8F8CE
:10A59000F9E7F8E7F7E710B586B00C4611461A461A
:10A5A0006846F0F74FFF089A69462046FEF706FD19
:10A5B00004E0684602F00FFE03F0D2F80446684655
:10A5C00002F009FE204606B010BDF0B58FB00E4671
:10A5D00015461F4602ACDDE916122046F0F732FFA1
:10A5E000159B3A463146009308A8149B0194FEF748
:10A5F000E8FC08A92846F0F74DFF08A802F0EBFD9B
:10A60000204602F0E8FD0FB0F0BD08A802F0E3FD1F
:10A61000204602F0E0FD03F0A3F8F9E708461146F2
:10A62000FEF7DBBC0846FEF73ABC82B0F0B587B057
:10A63000054616469DF850700FAC0D930DAB742F68
:10A640001398DDE911211ED00ED8642F2DD002926F
:10A65000CDE9031094E803008DE803003146284655
:10A660000CCBFEF773FC1AE0772F2BD00292CDE9CA
:10A67000031094E803008DE80300314628460CCB14
:10A68000FEF780FC0BE0CDE90310029294E8030092
:10A690008DE80300314628460CCBFEF703FC284624
:10A6A00007B0BDE8F04002B07047CDE90310029258
:10A6B00094E803008DE80300314628460CCBFEF7F2
:10A6C0000DFCECE7CDE90310029294E803008DE85D
:10A6D0000300314628460CCBFEF71CFCDFE782B0B6
:10A6E0002DE9F0438FB0174605461E9A17AC179315
:10A6F00019AB9DF86C10DDE91C089AB1CDE9048214
:10A70000CDE9021093E803008DE80300394628469E
:10A7100094E80C00FEF7DAFA28460FB0BDE8F043E3
:10A7200002B0704708AE0DF1280C0DF118098DF834
:10A730002820CDE90486CDE9021093E80300CDE995
:10A7400008C28DE803003946484694E80C00FEF73D
:10A75000DCFAD8F8003099E8030084E803003BB144
:10A7600094E8030085E80300304602F034FDD3E7A7
:10A7700031461F98F0F78EFEF2E7304602F02BFDCF
:10A7800002F0EEFF82B02DE9F0478CB00446164689
:10A790001C9915AF9DF85C80DDF860909DF864A071
:10A7A0001593B1B106AD2846F1F784F8314620463D
:10A7B000CDE902A5CDE9008997E80C00FEF7DEFAA5
:10A7C000284602F008FD20460CB0BDE8F04702B074
:10A7D0007047DDE91A23CDE9019ACDE90423CDF8CC
:10A7E0000080314697E80C00FEF7AEFAEBE728460A
:10A7F00002F0F1FC02F0B4FF10B58AB0044600206C
:10A8000000931346C96803AA0990FDF7C6FB03A984
:10A810002046F1F74FF804E003A8FDF739FB02F0FA
:10A820009FFF03A8FDF734FB20460AB010BD2DE9B9
:10A83000F0419AB08C4606460AAD13AF259C0DF147
:10A84000200885E80C00002320AACDE906371993DB
:10A850000C930CAB0593239B04939DF888300393D2
:10A8600001AB92E8030083E803000B9B4FF000016B
:10A87000404600930A9BDCF80820EEF7A1FE0C9BF3
:10A8800098E8030085E80300002B3BD139460DA86A
:10A89000F1F710F80D990FAB206899420E9A19D173
:10A8A0000AB102F0B8FC0E9B002122686360D1540B
:10A8B00000230D9A0DA80E93137002F08CFC95E8FE
:10A8C000030086E803003846FDF7E2FA30461AB086
:10A8D000BDE8F08104F1080C6045DDF83CC005D10D
:10A8E000C4F808C0C4E900120D93E1E7D4F808E009
:10A8F000C4F808C0C4E900120028F5D00D90CDF8C6
:10A900003CE0D5E7249A1360D9E73846FDF7C0FA52
:10A9100002F026FF30B58DB00025044611980B9546
:10A9200045680395006802901098CDE90030134601
:10A93000096905AA4FF00000FDF718FC05A920469B
:10A94000F0F7B8FF04E005A8FDF7A2FA02F008FF4F
:10A9500005A8FDF79DFA20460DB030BD82B037B591
:10A9600006AD044685E80C000A9A0B6801920022A5
:10A9700000921D69DDE90623A847204603B0BDE823
:10A98000304002B07047006A03F012BFF8B50D46C0
:10A990004FF0FF3611464FF0FF370023069A04466A
:10A9A000C0E90067C0E902331AB1012A14BF0222CC
:10A9B0000122286AF7F7FAFC28B9286AF7F718FD88
:10A9C000C317C4E900032046F8BD03460846012129
:10A9D0001B6A03F048BF38B50C46036A05460121DF
:10A9E000204603F021FF0028CABF24184FF0FF3390
:10A9F00014F8013C6B6238BD08B50B46016A5A1C5D
:10AA000004D01846BDE8084003F0FABE084603F03B
:10AA1000CFFE003818BF0120404208BD10B50446E3
:10AA2000F0F758FF204602F02AFE204610BD10B570
:10AA30000446006A03F0C1FE606210BD10B5044612
:10AA4000006A03F0BAFE216ABDE8104003F02ABF95
:10AA50004A1C10B50446084602D1606A431C02D065
:10AA6000216A03F01FFF4FF0FF33636210BD0FB484
:10AA700008B50298F0F78AFF10B50446F0F7B6FF64
:10AA8000204602F0FCFD204610BD08B5436919437D
:10AA9000F0F7B6FF08BD08B543690B43436103698E
:10AAA000194201D003F082F808BD38B504460846C3
:10AAB0000D46F1F7A1FB10B12846F1F71DFAE0674A
:10AAC0002846F1F783F910B12846F1F743F9C4F8A5
:10AAD00080002846F1F75CF910B12846F1F71CF91F
:10AAE000C4F8840038BD38B504460D4603F0A6FB13
:10AAF00004F16C012046FFF7D8FFA567B5FA85F58C
:10AB000000236D092367A4F874302361656138BDA3
:10AB100070B505460E46846904B970BDD4E90132AA
:10AB20002946304698472468F6E702F0BBFE02F05B
:10AB3000E2FEF8E7013101D002F012FEF5F79EFACD
:10AB400038B50446806910B90023A36138BDC368D5
:10AB50005A1EC260002BF7D1056802F090FD28460E
:10AB6000F1E710B50446F0F77DFF204602F087FDBF
:10AB7000204610BD10B50446F0F790FF204602F0C5
:10AB80007EFD204610BDD0F800C0ACF10C0CDCF806
:10AB900000C06044EEE70A68026052F80C2C496875
:10ABA00081500022426070478368587C70478368F8
:10ABB000987C70478368D86A70478368002082B0A9
:10ABC0001B6BDAB262F30700C3F3072262F30F20B4
:10ABD000C3F307421B0E62F3174063F31F6002B01A
:10ABE00070478368002082B05B6BDAB262F30700C3
:10ABF000C3F3072262F30F20C3F307421B0E62F375
:10AC0000174063F31F6002B070478368587C704739
:10AC10008368987C70478368D86A7047836800208F
:10AC200082B01B6BDAB262F30700C3F3072262F350
:10AC30000F20C3F307421B0E62F3174063F31F603C
:10AC400002B070478368002082B05B6BDAB262F3B7
:10AC50000700C3F3072262F30F20C3F307421B0E62
:10AC600062F3174063F31F6002B07047836893F884
:10AC700024007047836893F82500704700207047D0
:10AC80000020704770470020914200D3704711F8B0
:10AC9000013B03EB7060F7E710B50446F0F718FFCF
:10ACA000204602F0ECFC204610BD10B50446F0F73B
:10ACB00019FF204602F0E3FC204610BD10B5044603
:10ACC000F0F71AFF204602F0DAFC204610BD10B55E
:10ACD0000446F0F71BFF204602F0D1FC204610BDD1
:10ACE00010B50446F0F71CFF204602F0C8FC2046D1
:10ACF00010BD10B50446F0F71DFF204602F0BFFC62
:10AD0000204610BD10B50446F0F71EFF204602F0A5
:10AD1000B6FC204610BD10B50446F0F71FFF2046D4
:10AD200002F0ADFC204610BD10B50446F0F724FF3C
:10AD3000204602F0A4FC204610BD10B50446F0F7F2
:10AD400029FF204602F09BFC204610BDD0E90221DD
:10AD50008A4202D201328260704703689B6A1847B8
:10AD60000A2808D82F2918D93030C0B2814214D20D
:10AD7000A1F130007047A1F13003092BF8D9A1F1FE
:10AD80006103052B02D8A1F157007047A1F14103DF
:10AD9000052B02D8A1F1370070474FF0FF30704704
:10ADA00010B504460068FFF7D1FF4FF0FF33636032
:10ADB00010BD70B5054616460C4649B10846E6F783
:10ADC00041F8211832462046F0F702FF286070BD96
:10ADD0004FF0FF31F6E78B6813B5044601AAD96935
:10ADE000FFF7E7FF204602B010BD8B6813B504469D
:10ADF00001AA5969FFF7DDFF204602B010BD8B683C
:10AE000013B5044601AA9968FFF7D3FF204602B0A4
:10AE100010BD8B6813B5044601AA596AFFF7C9FF34
:10AE2000204602B010BD8B6813B5044601AAD9694B
:10AE3000FFF7BFFF204602B010BD8B6813B5044674
:10AE400001AA5969FFF7B5FF204602B010BD8B6813
:10AE500013B5044601AA9968FFF7ABFF204602B07C
:10AE600010BD8B6813B5044601AA596AFFF7A1FF0C
:10AE7000204602B010BD8B6813B5044601AAD969FB
:10AE8000FFF797FF204602B010BD8B6813B504464C
:10AE900001AA5969FFF78DFF204602B010BD8B68EB
:10AEA00013B5044601AA9968FFF783FF204602B054
:10AEB00010BD07B5006801A90C38EEF7B7FD03B067
:10AEC0005DF804FB2DE9F0411F46037F04460D4663
:10AED000012B164607D1914213D03846521ABDE8CD
:10AEE000F04103F0EBBB0BB9FDF730FC23683246B1
:10AEF00029462046D3F81CE03B46F446BDE8F04125
:10AF00006047BDE8F0812DE9F04385B01C468046DE
:10AF10000846114603AAF0F75BFE01AA814602909B
:10AF20000C992046F0F754FE59F80C7C054650F871
:10AF30000C6C4F44039006442A464946404603F0B1
:10AF40006DF9044670B94846E5F77CFF8144284610
:10AF5000E5F778FF4F4505EB00040DD1341B18BF12
:10AF60004FF0FF3403A8FFF7A4FF02A8FFF7A1FFEB
:10AF7000204605B0BDE8F083A64203D009F10109DF
:10AF8000651CD9E70124EDE702A8FFF792FF02F064
:10AF9000E7FBF0B589B004460D4606AE86E80C0026
:10AFA000139A0B680592129A0492119A03929DF8D3
:10AFB000402002920EAA92E803008DE8030020468A
:10AFC0009F68294696E80C00B847204609B0F0BDB6
:10AFD000F0B589B004460D4606AE86E80C00139A1B
:10AFE0000B680592129A0492119A03929DF84020E0
:10AFF00002920EAA92E803008DE803002046DF6863
:10B00000294696E80C00B847204609B0F0BD70B557
:10B0100088B00E68054606AC84E80C00DDE9102314
:10B02000CDE904239DF8383002930D9B01939DF8E0
:10B0300030300093B66894E80C00B047284608B05A
:10B0400070BD70B586B0054604AC84E80C000D9A5E
:10B050000B6803929DF8302002920B9A01929DF8A2
:10B0600028200092DE6894E80C00B047284606B01D
:10B0700070BD03689B6818470368DB6818470B6856
:10B0800010B504461B699847204610BD0B6810B5E3
:10B0900004465B699847204610BD0B6810B504460E
:10B0A0009B699847204610BD0B6810B50446DB69C4
:10B0B0009847204610BD03681B6A1847036882B092
:10B0C0005B6A02B01847036882B09B6A02B01847F7
:10B0D00003689B6818470368DB6818470B6810B55E
:10B0E00004461B699847204610BD0B6810B50446FE
:10B0F0005B699847204610BD0B6810B504469B69F4
:10B100009847204610BD0B6810B50446DB69984788
:10B11000204610BD03681B6A1847036882B05B6A4B
:10B1200002B01847036882B09B6A02B018470368F0
:10B130009B6818470368DB6818470B6810B504461E
:10B140001B699847204610BD0B6810B504465B6923
:10B150009847204610BD0B6810B504469B69984778
:10B16000204610BD83689A680A60DB684B607047B0
:10B1700083681A690A605B694B60704783689A69E3
:10B180000A60DB694B60704783681A6A0A605B6A11
:10B190004B6070478368DA6A0A601A6B4A605A6BC0
:10B1A0008A609A6BCA60DA6B0A611A6C4A615B6CDE
:10B1B0008B61704783689A6C0A60DA6C4A601A6D1A
:10B1C0008A605A6DCA609A6D0A61DA6D4A611B6EB7
:10B1D0008B61704783685A6E0A609A6E4A60DA6EB5
:10B1E0008A601A6FCA605A6F0A619A6F4A61DA6F91
:10B1F0008A61D3F88020CA61D3F884200A62D3F828
:10B2000088204A62D3F88C208A62D3F89030CB62CF
:10B2100070478368D3F894200A60D3F898204A6076
:10B22000D3F89C208A60D3F8A020CA60D3F8A42069
:10B230000A61D3F8A8204A61D3F8AC208A61D3F818
:10B24000B020CA61D3F8B4200A62D3F8B8204A62A9
:10B25000D3F8BC208A62D3F8C030CB627047036851
:10B260009B681847F0B589B004460D4606AE86E8DF
:10B270000C00129A0B680492119A0392109A02928F
:10B280000EAA92E803008DE803002046DF682946F5
:10B2900096E80C00B847204609B0F0BDF0B589B07B
:10B2A00004460D4606AE86E80C00129A0B6804921E
:10B2B000119A0392109A02920EAA92E803008DE866
:10B2C000030020461F69294696E80C00B84720462F
:10B2D00009B0F0BDF0B589B004460D4606AE86E86B
:10B2E0000C00129A0B680492119A0392109A02921F
:10B2F0000EAA92E803008DE8030020465F69294604
:10B3000096E80C00B847204609B0F0BDF0B589B00A
:10B3100004460D4606AE86E80C00129A0B680492AD
:10B32000119A0392109A02920EAA92E803008DE8F5
:10B33000030020469F69294696E80C00B84720463E
:10B3400009B0F0BDF0B589B004460D4606AE86E8FA
:10B350000C00129A0B680492119A0392109A0292AE
:10B360000EAA92E803008DE803002046DF69294613
:10B3700096E80C00B847204609B0F0BD03689B680A
:10B38000184773B5079E04460D680196069E009601
:10B39000ED68A847204602B070BD03681B691847D6
:10B3A00010B40468A468A44610BC604738B50D68A2
:10B3B0000446ED68A847204638BD2DE9F043002536
:10B3C00003F1FF3EDDE907642F4612F807C0A4EB46
:10B3D0000608D319E04509DC471EA64212D14044B5
:10B3E000013D14D2934221D1BDE8F0834FFA8CF98C
:10B3F000B9F1000FF0DDBE45A4EB0C048CBF0137A2
:10B400000135E2E716F801CB07F801CFE5E7017057
:10B4100007461E7804EB060C644502D10136304421
:10B42000DEE714F801EB07F801EFF5E701700646D7
:10B4300013F8015D6719BC4202D101352844D1E7F8
:10B4400014F801CB06F801CFF5E7F7B5DDE908748C
:10B4500008461946DDE90A36BFB1FD1A03EB050CB3
:10B46000CDE9003C134602462046FFF7A6FF041B29
:10B4700047B13268521B02D0394603F01FF93368D6
:10B480005B1B1C44346003B0F0BD3568E6E773B560
:10B49000099C0E4619462368DDE907500344CDE9AF
:10B4A0000003134628463246FFF787FF401B206003
:10B4B00002B070BD2DE9F0471D46C36889461446A9
:10B4C00003F0B003DDE90867202BA6EB0706BA46B8
:10B4D0000ED127B13A462946204603F0EFF8002E58
:10B4E0005AD032464946E019BDE8F04703F00DB99D
:10B4F000102B0ED04FF00008002E45D1B7EB080AF4
:10B500004AD0524605EB0801A019BDE8F04703F008
:10B51000D5B86C30F0F7F0FC2D218046FDF7B5FB77
:10B520002B78834205D12B784FF0010804F8013BBA
:10B53000E2E72B214046FDF7A8FB2B788342F2D0AF
:10B5400030214046FDF7A1FB2B788342D2D1012F59
:10B55000D0DD78214046FDF798FB6B78834209D116
:10B560002B7802344FF0020804F8023C6B7804F8A0
:10B57000013CC1E758214046FDF787FB6B788342C9
:10B58000EED03EB14FF0000832464946204603F067
:10B59000BCF8B3E7B046B4E7BDE8F08737B5089D1F
:10B5A000184614462B68CDE90023DDE90623FFF792
:10B5B00081FF2C6003B030BD70B59DF810407CB1A8
:10B5C00003460A26B1FBF6F506FB1514144424794C
:10B5D00003F8014D0C462946092CF3D8C01A70BD5A
:10B5E00003F04A04402C09D1034601F00704C908BE
:10B5F0001444247903F8014DF7D1EFE713F4804F99
:10B6000003460CBF04241424224401F00F0409094A
:10B61000145D03F8014DF8D1E0E72DE9F04114463F
:10B620009DF820201D460746DDE90683AAB106469F
:10B63000204629460A220023E4F78AFE4244137971
:10B64000224604460A2A06F8013D2B460D4673F1B0
:10B650000003EDD2B81BBDE8F08103F04A02402A96
:10B660000ED1064604F00703E408434444EA457457
:10B67000ED081B7906F8013D54EA0503F2D1E9E72C
:10B6800013F4804F06460CBF04231423984404F09F
:10B690000F03240918F8033044EA05742D0906F84D
:10B6A000013D54EA0503F2D1D4E738B50B680446EE
:10B6B0000D4653F80C0C206002F0BCFA0023014642
:10B6C000606022682846EEF745F9204638BD10B57F
:10B6D0000446406808B101F0D6FF204610BD38B5D9
:10B6E0000B6804460D4653F80C0C206002F0A2FAD9
:10B6F00000230146606022682846EEF72BF92046B9
:10B7000038BD10B50446406808B101F0BCFF2046C2
:10B7100010BD2DE9F04F8DB004AFBE6CD7F850804E
:10B72000C7E9021007F1100106F16C0081E80C0076
:10B73000F0F7D8FCF56800F1260386B005F04A0A58
:10B7400004460DF1100B4146BAF1400F7B600AD060
:10B75000BAF1080F07D0B8F1000F01DCC8F1000101
:10B760004FF0010901E04FF000092B4604F12602D9
:10B770000BF11400CDF80090FFF71EFF227CC0F102
:10B780001403F8615B44B2B1400094F8252007F13E
:10B790001C01093020F00700ADEB000D0DF1120B7C
:10B7A000CDE90231CDE9006B1346B868D4E9021245
:10B7B000FFF76DFE5B46FA69B9F1000F32D0B8F1C0
:10B7C000000F2CDB280506D594F82710013203F86A
:10B7D000011C013BFA61B268F969914211DAD11D8D
:10B7E00021F00701ADEB010D07F11C0104AC009441
:10B7F000CDE90131334697F84C10B868FFF7CEFE1B
:10B8000023460022B260FA690092F868D7E9041270
:10B81000FDF7F3FBF8682437BD46BDE8F08F94F8D8
:10B820002610D3E7A905D6D5B8F1000FD3D0BAF1C9
:10B83000400F02D194F82A10C8E7C5F3803504F10F
:10B8400026010232023B29448978FA61597094F842
:10B850002A101970BFE730B587B0054604AC84E8FC
:10B860000C000C9B02939DF82C3001930A9B0093D3
:10B8700094E80C00FFF74DFF284607B030BD2DE9D6
:10B88000F04F8DB004AF07F11005D7F8489097F846
:10B89000506007F11804B86085E80C00D9F80C2056
:10B8A00097F84C3012F0010FFA6016D1CDF80090E5
:10B8B0002046CDE9013695E80C00FFF72AFFBB686A
:10B8C00094E8030038613975243795E8030083E86C
:10B8D00003001846BD46BDE8F08F09F16C007B609F
:10B8E000F0F700FC7B687EB3D0E905A8D9F80860C2
:10B8F000B0453BDAA6EB08061946F21D22F0070216
:10B90000ADEB020D32460DF1100B584602F0FDFE74
:10B910000023C9F80830FB6803F0B003202B16D1D0
:10B9200053462046CDF8008095E80600FDF765FBFC
:10B930005B4694E80300386139750096204695E827
:10B940000600FDF75AFBBAE7D0E907A8CEE7204684
:10B9500000965B4695E80600FDF74FFB94E8030070
:10B96000386139755346CDF80080E7E70023C9F800
:10B970000830F7E72DE9F04F8BB004AF3D6CC7E915
:10B98000001007F1080105F16C0081E80C00F0F7E8
:10B99000A9FBEE6886B0044606F04A0900F12608C5
:10B9A0000DF1100BB9F1400F5FD0B9F1080A18BFC3
:10B9B0004FF0010ACDF800A033464246B96C0BF1B6
:10B9C0001400FFF7F9FD227CC0F1140378615B4499
:10B9D000B2B1400094F8252007F11401093020F09D
:10B9E0000700ADEB000D0DF1120BCDE90231CDE9F1
:10B9F000005B13463868D4E90212FFF748FD5B4646
:10BA0000BAF1000F0DD1B2050BD5BA6C4AB1B9F13C
:10BA1000400F7A692CD194F82A100132013B197039
:10BA20007A61AA687969914211DAD11D21F0070182
:10BA3000ADEB010D07F1140104AC0094CDE9013127
:10BA40002B4697F844103868FFF7A8FD23460022DC
:10BA5000AA607A6900927868D7E90212FDF7CDFAF8
:10BA600078681C37BD46BDE8F08F4FF0000AA1E7AB
:10BA7000C6F380360232023B08EB060189787A6110
:10BA8000597094F82A101970CBE730B587B0054685
:10BA900004AC84E80C000C9B02939DF82C300193BD
:10BAA0000A9B009394E80C00FFF764FF284607B058
:10BAB00030BD2DE9F04188B005460E9E04AC06AFBE
:10BAC000D6F80C80384684E80C0028F4804323F034
:10BAD0004A0343F40273F360109B02939DF83C30D9
:10BAE000CDE9006394E80C00FFF744FFC6F80C8032
:10BAF00097E8030004908DF8141094E8030085E89B
:10BB00000300284608B0BDE8F0812DE9F04F8DB064
:10BB100004AFBE6CC7E9021007F1100106F16C001A
:10BB200081E80C00D7E91498F0F7DCFAF5688AB0E0
:10BB3000044605F04A0105F04A030DF1100B4A4690
:10BB400040297B6043460DD008290BD0B9F1010F85
:10BB500078F1000103DAD9F1000268EB48034FF0F5
:10BB6000010A01E04FF0000A04F126010BF1280060
:10BB7000CDE9015A0091FFF750FD227CC0F1280366
:10BB8000F8615B44B2B1400094F8252007F11C0134
:10BB9000093020F00700ADEB000D0DF1120BCDE9DF
:10BBA0000231CDE9006B1346B868D4E90212FFF701
:10BBB0006EFC5B46FA69BAF1000F32D0B8F1000FA3
:10BBC0002CDB280506D594F82710013203F8011C58
:10BBD000013BFA61B268F969914211DAD11D21F095
:10BBE0000701ADEB010D07F11C0104AC0094CDE998
:10BBF0000131334697F84C10B868FFF7CFFC234665
:10BC00000022B260FA690092F868D7E90412FDF7E1
:10BC1000F4F9F8682437BD46BDE8F08F94F8261093
:10BC2000D3E7A905D6D559EA0808D3D005F04A01CB
:10BC3000402902D194F82A10C7E7C5F3803504F1F2
:10BC400026010232023B29448978FA61597094F83E
:10BC50002A101970BEE730B587B0054604AC84E8F9
:10BC60000C00DDE90C23CDE902239DF82C30019373
:10BC70000A9B009394E80C00FFF747FF284607B0A3
:10BC800030BD2DE9F04F8DB004AFC7E9021007F1C8
:10BC90001001BD6C81E80C003B6D05F16C007B6010
:10BCA0007B6D3B60F0F71EFAEE688AB0044600F147
:10BCB000260806F04A090DF1100BB9F1400F62D0C9
:10BCC000B9F1080A18BF4FF0010ACDF800800BF156
:10BCD0002800CDE9016AD7E90032FFF79EFC227CFB
:10BCE000C0F12803F8615B44B2B1400094F825200C
:10BCF00007F11C01093020F00700ADEB000D0DF13C
:10BD0000120BCDE90231CDE9005B1346B868D4E9E6
:10BD10000212FFF7BCFB5B46BAF1000F0FD1B20570
:10BD20000DD5D7E900120A4309D0B9F1400FFA69DD
:10BD30002CD194F82A100132013B1970FA61AA68DB
:10BD4000F969914211DAD11D21F00701ADEB010D26
:10BD500007F11C0104AC0094CDE901312B4697F8A2
:10BD60004C10B868FFF71AFC23460022AA60FA6953
:10BD70000092F868D7E90412FDF73FF9F868243714
:10BD8000BD46BDE8F08F4FF0000A9EE7C6F380364F
:10BD90000232023B08EB06018978FA61597094F887
:10BDA0002A101970CBE730B587B0054604AC84E89B
:10BDB0000C00DDE90C23CDE902239DF82C30019322
:10BDC0000A9B009394E80C00FFF75BFF284607B03E
:10BDD00030BD2DE9F04F8FB08A46814604AF3E6DED
:10BDE00007F1080106F16C0B584681E80C00F0F7EA
:10BDF00079F9D6F80480054697F85820B8F1000F75
:10BE000007F118013046B8BF4FF0060802F040FABB
:10BE1000F3688CB003F4827304ACB3F5827F7CD0FA
:10BE2000ECF764FA2146786107F11400D7E918238A
:10BE3000CDF80080CDE9022307F118032D22EEF79B
:10BE40006DF82C28386119DD421C083020F00700FD
:10BE50007A60ADEB000DECF749FA786104AC07F1BC
:10BE60001400D7E91823CDF800802146CDE902233C
:10BE70007A6807F11803EEF751F838615846F0F781
:10BE80003BF83A692146D31D224423F00703ADEB6A
:10BE9000030D0DF117084FEAD80B28F007084346A9
:10BEA000FFF710F82E23396907F1140220463B757D
:10BEB0007960FCF7A9FA7968002858D0031B95F837
:10BEC000242008EB030003F83B202B7C002B5CD1E3
:10BED000B2683B69934211DAD31D504623F0070341
:10BEE000ADEB030D07F1100304ACCDE90183A046CF
:10BEF0000094334697F85410FFF750FB0023484650
:10BF0000B3603B6900934346D7E90212FDF775F829
:10BF100048462C37BD46BDE8F08FECF7E7F92146DF
:10BF2000786107F11400D7E91823CDE9002307F160
:10BF300018032D22EDF7F2FF2C2838619EDD00F169
:10BF40000108083020F00700ADEB000DECF7CEF94A
:10BF5000786104AC07F11400D7E918232146CDE934
:10BF6000002307F118034246EDF7D8FF85E72B7C45
:10BF7000002BADD0022908DD6278392AA8D8A37831
:10BF8000303B092BA4D82F2AA2D94B00073323F02A
:10BF90000703ADEB030D23782D2B0DF1100B01D012
:10BFA0002B2B1CD198F80030013901248BF800307C
:10BFB000396107F1100295F82530039208EB04026D
:10BFC000D84602920BEB0402CDE900025046D5E9B7
:10BFD0000212FFF73AFA3B6923443B6178E70024F9
:10BFE000E7E730B589B0054606AC84E80C00DDE92A
:10BFF0000E23CDE90423002302939DF834300193EE
:10C000000C9B009394E80C00FFF7E3FE284609B070
:10C0100030BD2DE9F04F8FB08A46814604AF3E6DAA
:10C0200007F1080106F16C0B584681E80C00F0F7A7
:10C0300059F8D6F80480054697F85820B8F1000F53
:10C0400007F118013046B8BF4FF0060802F020F99A
:10C05000F3688CB003F4827304ACB3F5827F7CD0B8
:10C06000ECF744F92146786107F11400D7E9182369
:10C07000CDF80080CDE9022307F118032D22EDF75A
:10C080004DFF2C28386119DD421C083020F00700D4
:10C090007A60ADEB000DECF729F9786104AC07F19B
:10C0A0001400D7E91823CDF800802146CDE90223FA
:10C0B0007A6807F11803EDF731FF38615846EFF75A
:10C0C0001BFF3A692146D31D224423F00703ADEB41
:10C0D000030D0DF117084FEAD80B28F00708434667
:10C0E000FEF7F0FE2E23396907F1140220463B7556
:10C0F0007960FCF789F97968002858D0031B95F816
:10C10000242008EB030003F83B202B7C002B5CD1A0
:10C11000B2683B69934211DAD31D504623F00703FE
:10C12000ADEB030D07F1100304ACCDE90183A0468C
:10C130000094334697F85410FFF730FA002348462E
:10C14000B3603B6900934346D7E90212FCF755FF01
:10C1500048462C37BD46BDE8F08FECF7C7F82146BE
:10C16000786107F11400D7E91823CDE9002307F11E
:10C1700018032D22EDF7D2FE2C2838619EDD00F148
:10C180000108083020F00700ADEB000DECF7AEF829
:10C19000786104AC07F11400D7E918232146CDE9F2
:10C1A000002307F118034246EDF7B8FE85E72B7C24
:10C1B000002BADD0022908DD6278392AA8D8A378EF
:10C1C000303B092BA4D82F2AA2D94B00073323F0E8
:10C1D0000703ADEB030D23782D2B0DF1100B01D0D0
:10C1E0002B2B1CD198F80030013901248BF800303A
:10C1F000396107F1100295F82530039208EB04022B
:10C20000D84602920BEB0402CDE900025046D5E974
:10C210000212FFF71AF93B6923443B6178E70024D7
:10C22000E7E730B589B0054606AC84E80C00DDE9E7
:10C230000E23CDE904234C2302939DF8343001935F
:10C240000C9B009394E80C00FFF7E3FE284609B02E
:10C2500030BDF0B587B0054604AC0F9E9DF8307038
:10C2600084E80C000D9B9DF838200093CDE9012651
:10C2700094E80C0027B1F0F775F9284607B0F0BD37
:10C28000F0F7A8FAF9E72DE9F043A7B004462E9E8F
:10C2900002AD9DF8C4906C369DF8C870304685E8B4
:10C2A0000C00EFF729FE80463046EFF787FF252187
:10C2B00006464046FCF7E9FC8DF81400CFB98DF82E
:10C2C00015908DF81670309B06A980223046009399
:10C2D00005AB02F0B7F806A8E4F7B4FD06AB009092
:10C2E000204695E80600FCF788FE204627B0BDE80A
:10C2F000F08300238DF815708DF816908DF81730A7
:10C30000E1E72DE9F74F05466C464FF00009DDF8EF
:10C3100040A04FF00A0B4E46DDE9120784E80C00FE
:10C320006C30EFF7E9FD80460CA92046FDF70EF9C9
:10C3300070B1119B9E420BD02046FDF7E6F82A22F1
:10C34000C1B24046FCF7B2FC3038C2B2092A10D95B
:10C35000C6B10F9A914515DBD14513DC0E9AC2F890
:10C36000009094E8030085E80300284603B0BDE888
:10C37000F08F0BFB0909D145EADC20460136FEF7B8
:10C380000FFDD1E73B6843F004033B60E9E72DE98B
:10C39000F04F8DB000AFF86107F12004F86E6C30FB
:10C3A00084E80C00EFF7A8FD6B46BA6E054607F16E
:10C3B00058012046A3EBC2039D46DB08E846BB615B
:10C3C000FDF7C4F8002800F07281BB6E20464FF0E4
:10C3D000000B9B007B61BB6E08EB8309FDF795F8B2
:10C3E000C4B228462146FCF74DFC214606462846A5
:10C3F000FCF745FC5C468246BB6E9B450BD1002694
:10C40000012C2BD8012C40F0528107F1200001367D
:10C41000FEF7C6FCE2E07B6E284653F82B30197815
:10C42000FCF730FC86420FD1A3003B617B6E53F8D2
:10C430002B00E4F707FD3B6949F82400013448F874
:10C4400003B00BF1010BD7E77B6E284653F82B3076
:10C450001978FCF714FC8245F3D1E5E7CB4609EBEC
:10C4600084005BF8043BFB625B461A46F96A0433BE
:10C47000D2F800C08C4507F12C0128BF0A4698422B
:10C48000D2F800A0C7F82CA0EFD1013607F12000A8
:10C49000FEF786FCB24547D107F1580107F12000AD
:10C4A000FDF754F8824600B307F12000FDF72DF8A0
:10C4B000C1B22846FCF7E6FB386107F12000FDF722
:10C4C00024F8C1B22846FCF7DAFB0023F860796E45
:10C4D00058F8232051F8222059F82310B1425AD895
:10C4E00001339C42F3D14FF0000A002359F8232076
:10C4F000911B4A424A41524509BF04F1FF340133BE
:10C5000058F8242048F8232004BF59F8242049F87B
:10C5100023209C42EAD8BAF1000F5BD0D9F8003052
:10C5200001218C42FB6249D8FB6AB3427FF66AAFB5
:10C5300007F1580107F12000FDF708F800283FF443
:10C5400061AF07F120004FF0000AFCF7DEFFC1B237
:10C550002846FCF797FB386107F12000FCF7D5FF70
:10C56000C1B22846FCF78BFBF86054457FF648AF14
:10C570007B6E284658F82A204FEA8A0B53F822206F
:10C58000915DBA60FCF77EFB3B69BA6883426DD16E
:10C590000AF1010AE9E7915D28467B60BA60FCF781
:10C5A00071FB3B698342A0D0BA682846915DFCF7D5
:10C5B00066FBFB6883427B6892D196E75A4601315D
:10C5C0000BF1040B1068834207F12C0398BF1A4645
:10C5D0001368A6E7022C2CD0012C68D1D8F80040B3
:10C5E000D7E9053253F832807B6E53F8243003EBE1
:10C5F0000609464562D207F1580107F12000FCF711
:10C60000A5FF002853D019F8011B2846FCF73AFB78
:10C61000824607F12000FCF778FFC1B22846FCF7FC
:10C6200031FB824533D107F120000136FEF7B8FB1C
:10C63000DFE7BB6EDB073AD4D8F80030B86EBA6ECD
:10C64000B3EB500F4FEA5201D8F8042002D20B444A
:10C650009342C2E75B1A934229D1C8F80030D9F857
:10C660000430D7E9052142F83130B7E7915D28461B
:10C67000FCF705FBFB6883428AD0013C58F8242074
:10C6800048F80B2059F8242049F80B206DE719F8D9
:10C69000011C2846FCF7F3FA824607F12000FCF75C
:10C6A00034FFC1B22846FCF7EAFA8245BBD03B6FA3
:10C6B0003A6F1B6843F00403136002E0F7D13B6E4E
:10C6C0001C60FB69D7E90801343783E8030018468A
:10C6D000BD46BDE8F08F2DE9F04F87B0814600AF31
:10C6E000786D07F110066C30D7E913AB86E80C00C3
:10C6F000EFF702FC6B46F86007F14001A3EBCB03B8
:10C7000030469D46E846FCF721FF002800F0838074
:10C7100000243046FCF7F9FE2546C3B24FEA4B022F
:10C72000A24237D1002D76D030460024FEF738FBE8
:10C73000AB00073323F00703ADEB030D6E4658F84B
:10C7400024305AF82300E4F77DFB46F82400013436
:10C75000A542F4D1012507F1400107F11000FCF7D3
:10C76000F5FE58BB012C5AD13368AB425ED1D8F8E4
:10C770000030BA6C5B45A8BFA3EB0B03136007F155
:10C7800018031C3713E9030089E803004846BD4637
:10C79000BDE8F08F5AF824100978994204D148F87E
:10C7A000254001350134BBE7F868C7E90132FCF7E1
:10C7B00066FA7B68BA689842F4D1F0E707F1100096
:10C7C000FCF7A3FE0023C0B219469C4207D88C4256
:10C7D000C8D007F110000135FEF7E2FABBE756F8C2
:10C7E00023204FEA830E06EB830CAA4202D80131C4
:10C7F0000133EAE758F823205AF82220525D82429A
:10C80000F6D0013C58F8242048F80E2056F8242091
:10C81000CCF80020D9E70024254626469BE7022CC9
:10C8200004D13368AB42A2D073689EE7BB6DBA6D8A
:10C830001B6843F00403A1E770B588B004460E46B8
:10C8400006AD85E80C00109B04930F9B03930E9B91
:10C8500002930CAB93E803008DE8030020463146B9
:10C8600095E80C00F1F7D6F9204608B070BD2DE927
:10C87000F04F91B00D460CAF0690DDF87890DDE9F1
:10C880001C0B87E80C00C368DB0739D44FF0FF337B
:10C8900002900AAC0F930FABCDE903B31AAB93E848
:10C8A00003008DE803002946204697E80C00F1F7C5
:10C8B000B1F90F9B94E80300012B87E803000CD823
:10C8C00003F0010389F80030069B97E8030083E832
:10C8D0000300184611B0BDE8F08F01231AA93846AD
:10C8E00089F800300423CBF80030FCF71DFE002847
:10C8F000EAD0DBF8003043F00203CBF80030E3E786
:10C900006C304FF0010AEFF7EDFB056A84690646CB
:10C91000B5FA85F55346B4FA84F452466D096409B4
:10C920000AF1FF38BDB1B4B10021002A00F09B80AC
:10C93000326A424540F09780B8F1000F00F09F80C6
:10C94000002289F8002013B1B36943456AD0490039
:10C95000CBF80010B8E71AA93846CDE90723FCF751
:10C96000E3FD0146DDE907230028DED109903846C2
:10C97000FCF7CBFDC0B2DDE9083175B1079A8AB189
:10C98000002C37D0002B3AD03846FEF709FA356A2A
:10C9900055458CBF002501252AE0F26912F80820D0
:10C9A000824209D0002C33D01BB1B36998455ED0C8
:10C9B000002389F8003035E06CB1002BE4D1384613
:10C9C0000793FEF7EDF9356A2146079BAA4534BF68
:10C9D000002501253EE0736913F8083093422ED1FB
:10C9E0003846FEF7DDF9356AAA4534BF0025012532
:10C9F00001241DE0736913F808308342F0D0336AD4
:10CA000098453CD1B8F1000F29D189F8008009E0A0
:10CA1000736913F80830834206D0002D08BF2C46F6
:10CA200089F80040042368E701253846FEF7B8F985
:10CA3000B169012351458CBF002101210AE038462C
:10CA4000FEF7AEF9356A23460124AA45214634BFD4
:10CA50000025012522460AF1010A0C4660E7002361
:10CA600089F8003073E753B1B369434507D1B8F192
:10CA7000000F04D00123994089F8003068E70023B3
:10CA800089F800300029CDD0062336E770B588B08C
:10CA900004460E4606AD85E80C00109B04930F9BE0
:10CAA00003930E9B02930CAB93E803008DE8030005
:10CAB0002046314695E80C00F1F772FA204608B09E
:10CAC00070BD70B588B004460E4606AD85E80C0012
:10CAD000109B04930F9B03930E9B02930CAB93E864
:10CAE00003008DE803002046314695E80C00F1F77D
:10CAF0001BFC204608B070BD70B588B004460E46D9
:10CB000006AD85E80C00109B04930F9B03930E9BCE
:10CB100002930CAB93E803008DE8030020463146F6
:10CB200095E80C00F1F7B2FD204608B070BD2DE984
:10CB3000F0418CB005468C46149E08AC06AFD6F882
:10CB40000C8084E80C0028F04A0343F00803F360EB
:10CB50000BAB0493159BCDE9026312AB93E8030082
:10CB60008DE803006146384694E80C00F1F78EFD2D
:10CB7000169B0B9A97E80300C6F80C801A6084E8AD
:10CB8000030085E8030028460CB0BDE8F08170B5CD
:10CB900088B004460E4606AD85E80C00109B049351
:10CBA0000F9B03930E9B02930CAB93E803008DE85D
:10CBB00003002046314695E80C00F1F719FF2046A6
:10CBC00008B070BD70B588B004460E4606AD85E865
:10CBD0000C00109B04930F9B03930E9B02930CABD2
:10CBE00093E803008DE803002046314695E80C00E9
:10CBF000F2F7F8F8204608B070BD2DE9F04F8FB07D
:10CC00004FF0000A064688460AACCDF834A008ADBD
:10CC1000DDE91AB784E80C000BF16C00EFF76CF952
:10CC20000DAB0222CDF80CA08146CDE906B36323FB
:10CC3000CDE904320CAB029318AB93E803008DE806
:10CC400003004146284694E80C00FFF75AFB0D9B71
:10CC500095E8030084E80300002B51D118A9204671
:10CC6000FCF774FC002846D02046FCF74EFC2A2234
:10CC7000C1B24846FCF71AF8A0F13005EBB2092B17
:10CC800039D820464FF00A08FEF78AF80C9B18A9FD
:10CC9000204608FB03550C95FCF758FC98B120463C
:10CCA000FCF733FC2A22C1B24846FBF7FFFFA0F194
:10CCB0003005EBB2092B06D82046FEF771F80C9B25
:10CCC00008FB03550C950C9BA3F26C730C931C9BF7
:10CCD0000C9A5A6118A92046FCF726FC18B13B684B
:10CCE00043F002033B6094E8030086E8030030460B
:10CCF0000FB0BDE8F08F0C9B442BE8DC6433E5E714
:10CD00003B6843F004033B60E4E72DE9F0479CB047
:10CD1000054688460AAC0DF1380ADDE9269684E816
:10CD20000C0009F16C00EFF749FA07465146FEF78F
:10CD300041FA384615A908AFFEF72CFA00230D93E7
:10CD40000DABCDE905930723CDE903A30CAB02930B
:10CD500024AB93E803008DE803004146384694E88D
:10CD60000C00FFF7B8FC0D9B97E8030084E8030074
:10CD70009BB9289B0C9A9A6124A92046FCF7D4FB06
:10CD800018B1336843F00203336094E8030085E888
:10CD9000030028461CB0BDE8F087336843F0040365
:10CDA0003360E9E72DE9F047A6B0054688460AACAE
:10CDB0000DF1380ADDE9309684E80C0009F16C00C9
:10CDC000EFF7FCF907465146FEF723FA38461AA951
:10CDD00008AFFEF7FFF900230D930DABCDE90593E6
:10CDE0000C23CDE903A30CAB02932EAB93E8030015
:10CDF0008DE803004146384694E80C00FFF76BFCD1
:10CE00000D9B97E8030084E803009BB9329B0C9AC2
:10CE10001A612EA92046FCF787FB18B1336843F04E
:10CE20000203336094E8030085E80300284626B037
:10CE3000BDE8F087336843F004033360E9E72DE988
:10CE4000F04F93B0054689460AACDDF880A00FAEDE
:10CE50000DF12008DDE91EB784E80C000BF16C0031
:10CE6000EFF7ACF90DA9FEF783F9002306961193AD
:10CE7000CDE90F330D9BCDE904A31CABCDE902B77F
:10CE800093E803008DE803004946404694E80C000F
:10CE9000EFF76CFE98E8030084E803005146304643
:10CEA000F3F70EFD1CA92046FCF73EFB18B13B68CA
:10CEB00043F002033B6094E8030085E80300284642
:10CEC00013B0BDE8F08F2DE9F04F93B005468946C9
:10CED0000AACDDF880A00FAE0DF12008DDE91EB729
:10CEE00084E80C000BF16C00EFF768F90DA9FEF770
:10CEF00039F9002306961193CDE90F330D9BCDE947
:10CF000004A31CABCDE902B793E803008DE803004E
:10CF10004946404694E80C00EFF728FE98E80300E5
:10CF200084E8030051463046F3F7CAFC1CA92046AA
:10CF3000FCF7FAFA18B13B6843F002033B6094E84F
:10CF4000030085E80300284613B0BDE8F08F10B554
:10CF50000446F2F74BFE204600F091FB204610BD40
:10CF6000D0F800C0ACF10C0CDCF800C06044EEE777
:10CF70000A68026052F80C2C49688150704738B535
:10CF8000456804462B6853F80C3C1D44EB689B0431
:10CF900010D500F0D4FC68B9A86F58B100F008F9BA
:10CFA000013007D1636801211A6852F80C0C18444B
:10CFB000FDF76BFD204638BD036853F80C3C034475
:10CFC0009B6F37B504464BB10146684600F03FF809
:10CFD0009DF800302BB96846FFF7D1FF204603B01B
:10CFE00030BD236853F80C3C2344986F00F0E0F800
:10CFF0000130F0D12368012153F80C0C2044FDF7D7
:10D0000044FDE8E701290D4611D100F04BFC2368EF
:10D01000294653F80C0C2044FDF73DFD00F0C6FDF9
:10D0200000F069FC6846FFF7AAFF00F099FB00F0EA
:10D0300039FC2368012153F80C0C2044FDF72BFD2B
:10D0400000F059FCC7E700F056FCEBE7EAE738B51B
:10D050000023054641600C4603700B6853F80C3CF6
:10D060000B44186F18B15B690BB9FFF7A5FF236874
:10D0700053F80C0C204443691BB901232B7028463C
:10D0800038BDDB07FBD50421FDF7FFFCF7E7704750
:10D09000704730B500224FF0FF344FF0FF35C0E944
:10D0A0000222C0E9004530BD82B08DE80C004FF08F
:10D0B000FF334FF0FF3202B0C0E900230023C0E984
:10D0C0000233704700207047002070474FF0FF3058
:10D0D0007047036810B55B6A04469847431C1EBF3F
:10D0E000A36813F8010BA36010BD4FF0FF30704729
:10D0F0004FF0FF30704710B50446F2F78FFD204621
:10D1000000F0BDFA204610BD2DE9F84306460F4653
:10D1100090460025454502DB2846BDE8F883D6E960
:10D120000504241A10D0A8EB05093946A145B4BF5F
:10D130004C46A14622464D4401F0C0FA7369A84509
:10D14000274423447361E5DD3368304639785B6BEF
:10D1500098470130E0D001350137DBE72DE9F8438E
:10D1600007460C4690460026464502DB3046BDE8A1
:10D17000F883D7E902156D1A10D0A8EB06092046EE
:10D18000A945B4BF4D46A9462A464E4401F096FA39
:10D19000BB68B0452C442B44BB60E5DD3B6838469A
:10D1A0009B6A9847431CE1D0013604F8010BDBE78A
:10D1B00003689B691847D0E902218A4202D30368B9
:10D1C0005B6A18471078704703681B6B18470AB1F1
:10D1D00001F074BA7047034653F8080B984201D027
:10D1E00000F04DBA704701F1804140680139091AD9
:10D1F000914208B502D21846EEF7B0FB08BD0368AD
:10D200008B4206D842681344994294BF0020012003
:10D21000704701207047012A10B403D10A7810BC6E
:10D220000270704710BCFFF7D2BF012A30B403D19F
:10D230000B78037030BC7047002AFBD030BC01F083
:10D240004ABA0B461146012B10B4044602D1227093
:10D2500010BC7047002BFBD01A4610BC01F055BA29
:10D260000F2937B504461546019106D9002201A9B8
:10D27000F2F7E0FC019B2060A360019919B12A46F6
:10D280002068FFF7DEFF019B002122686360D15414
:10D2900003B030BD521A08B5FFF7BDFF08BD521AE2
:10D2A00008B5FFF7B8FF08BD2DE9F3470A9E01EB6B
:10D2B00002081F464368B21A0D46A3EB080901A9EC
:10D2C0001A4403460446019253F8082B9A4214BFAD
:10D2D00082680F22F2F7AEFC82461DB12A46216811
:10D2E000FFF799FF37B12EB1324639460AEB0500F8
:10D2F000FFF791FFB9F1000F07D0216835444A4686
:10D3000041440AEB0500FFF786FF2046FFF763FF65
:10D31000019BC4F800A0A36002B0BDE8F08738B557
:10D3200004461546084611446268521A05D025B1D4
:10D33000236819441844FFF778FF636800212268C6
:10D340005B1B6360D15438BD034637B553F8082BD7
:10D35000044601919A42019B14BF82680F229342B6
:10D360000ED901A9F2F766FC626821680546013210
:10D37000FFF751FF2046FFF72EFF019B2560A360BA
:10D3800003B030BD0346F7B553F8082B0446466892
:10D390000F469A4206F1010514BF83680F239D4290
:10D3A00006D901233146009300231A46FFF77CFF7C
:10D3B000236800229F55236865605A5503B0F0BD6D
:10D3C00007B50B46009200224168F2F763FC03B0F8
:10D3D0005DF804FB10B5446803468C4203D2091B78
:10D3E000FFF7EEFF10BD81BF0368002241605A5471
:10D3F000F8E7002208B5FFF7EDFF08BD036837B571
:10D40000CC1A05460092012300222146F2F742FC85
:10D410002868204403B030BD73B514460E46054657
:10D420001046E3F70FFD23460022314600902846C0
:10D43000F2F7ECFC02B070BD73B5044640682346B9
:10D44000851853F8086B9E4214BFA3680F239D42B2
:10D450000AD812B13044FFF7DEFE236800222046CE
:10D4600065605A5502B070BD0B460092014600221D
:10D470002046FFF719FFF0E788422DE9FF470546F0
:10D480000C4648D007460E4657F8089B56F8088BBE
:10D490004F4551D14645D0F804903FD1D1F8048092
:10D4A000B9F1000F1AD009F10109B8F1000F26D027
:10D4B00008F10108314668464246FFF788FE4A46B1
:10D4C00039463046FFF783FE424669463846FFF745
:10D4D0007EFE6B6862686A6063601CE0B8F1000FF2
:10D4E000F7D008F1010231463846FFF770FE636855
:10D4F0006B602368C4F8049083F800900BE04A4600
:10D5000039463046FFF763FE6B6863602B68C5F8E9
:10D51000048083F8008004B0BDE8F087D1F808A04B
:10D5200009F1010239463046FFF751FEC5F8008087
:10D530002660C5F808A0CCE74645D0F808A00BD176
:10D540004A68384631460132FFF741FEC4F8009080
:10D550002F60C4F808A0BCE7C0F800808B68C1F851
:10D5600000908360F5E7034610B544681046A0427A
:10D5700002D34FF0FF3010BD1A68125C8A42FAD114
:10D580000130F4E710B50446F2F778FC0421204698
:10D5900000F077F8204610BD10B50446F2F77CFC89
:10D5A0000421204600F06DF8204610BD7FB5002410
:10D5B000102315461268CDE902340368CDE9004412
:10D5C0009E696B46B0479DF8043003F00603062BB6
:10D5D00005BF009B012020462B6004B070BD009861
:10D5E00090420CBF06200120704710B50446F2F7A8
:10D5F0005DFC0821204600F044F8204610BD2DE9CE
:10D60000F041DDF818801F4606461546DDE908346E
:10D61000984507D1079900F093FB18B16571002078
:10D62000BDE8F0813946304600F08AFB0028F6D08C
:10D630000123C4F800802571A371F0E738B51546C1
:10D640001C4600F07DFB20B108232560E360062323
:10D65000237138BD2DE9F04105460C4616461F469C
:10D6600000F06EFB48B9032F07D8236832462946DD
:10D6700020465B69BDE8F0411847BDE8F081E6F758
:10D6800027BEFFF7FCBFFFF7FABF2DE9F0410F46B9
:10D6900088B016461D46044618B9002008B0BDE8FB
:10D6A000F081026852F8083C52F804CC0022C118FC
:10D6B000C358CDE9052253F8040C102260450792A7
:10D6C000EBD1036805AACDE90017CDE9024229464E
:10D6D000D3F81C8006223346C04705980028DCD0CA
:10D6E0009DF81A1001F00603062BD7D09DF81930CB
:10D6F0009DF818201A4002F00602062ACED003F048
:10D700000503042BC9D00029C7D1002D04DB284410
:10D710008442C2D10598C1E7AB1CBED03368024633
:10D72000009429461C6A30463B46A04700F006009C
:10D730000628EEE710B500F180042046E6F7AAFDC2
:10D74000034630B92046F2F7F1FB034608B900F072
:10D75000E7F980220021184600F0D7FF803010BD85
:10D760001EB400F03DF81EBCE3F718FB0378472B0E
:10D7700017D143784E2B14D18378552B11D1C37810
:10D78000432B0ED10379432B0BD143792B2B08D19B
:10D7900083792B2B05D1C07901288CBF0020012073
:10D7A00070470020704710B50446F2F7DBFC0246D4
:10D7B0002046A4F12001FFF7D9FF60B154F8043CE2
:10D7C0000133012B44F8043C03D1936844F8083C2E
:10D7D0009160012010BD9368002BF9D000F0A0F9F2
:10D7E00010B5F2F7BFFC826801460AB900F098F95B
:10D7F00002F120042046FFF7B9FF40B1D369013B95
:10D80000D36113B9906988609361204610BD886028
:10D81000FBE70378472B17D143784E2B14D183783D
:10D82000552B11D1C378432B0ED10379432B0BD148
:10D8300043792B2B08D183792B2B05D1C079012873
:10D840008CBF0020012070470020704710B50446AF
:10D8500048B100F027F82046FFF7DBFF18B154F875
:10D86000140C00F055F900F05BF90378472B17D141
:10D8700043784E2B14D18378552B11D1C378432B89
:10D880000ED10379432B0BD143792B2B08D183790C
:10D890002B2B05D1C07901288CBF002001207047B7
:10D8A0000020704738B50446F2F75CFC0246056874
:10D8B0002046A4F12001FFF7D8FF28B90DB100F0F0
:10D8C0002FF91160284638BD54F80C3C2046002B37
:10D8D000B4BFC3F1010301338D4244F80C3C5368DB
:10D8E00003F1FF3353601CBF44F8105C1160656A9C
:10D8F000E2F7DFFEE6E710B5F2F730FC026801461A
:10D900009AB102F120042046FFF7AFFF28B9086062
:10D910002046BDE81040E2F7CDBE5369002B05DA82
:10D92000013301D110690860536110BD013B02D180
:10D9300013690B60ECE7591CF6D100F0F1F808B55B
:10D94000F2F710FC4068003818BF012008BD70478E
:10D95000704710B504460421FFF793FE204610BD22
:10D96000704700231A4630B510F8015B05F07F04BC
:10D970009440073223432C06F6D40B6030BD0023BD
:10D980001A4630B510F8014B04F07F059540073278
:10D990002B432506F6D41F2A06D8640642BF4FF053
:10D9A000FF3404FA02F213430B6030BD50282DE916
:10D9B000F3410646884615461F4608D1D01C20F084
:10D9C000030050F8044B3C6002B0BDE8F08100F069
:10D9D0000F030C2B2ED8DFE803F025071D25292D7A
:10D9E0002D2D2D182125290001A92846FFF7B9FF63
:10D9F000019C002CE7D006F07003102B08BFA8464E
:10DA00003306444448BF2468DDE701A92846FFF7F0
:10DA1000B6FFEDE7284630F8024BEAE7284630F932
:10DA2000024BE6E7284650F8044BE2E7284650F858
:10DA3000084BDEE7E6F702FC08B503460846FF2B75
:10DA40000DD003F07003302B0FD004D8202B08D05A
:10DA500005D9E6F7F3FB402B0BD0502BF9D1002072
:10DA600008BDBDE8084001F036B9BDE8084001F046
:10DA70002FB9BDE80840E3F79FBC70B50C461546CA
:10DA80001E4601462046FFF7D7FF334601462A4689
:10DA90002046BDE87040FFF789BF73B50C461546B8
:10DAA000064608B1E3F788FC2246286012F8011BFD
:10DAB000FF291CD02B1D3046FFF7DFFF0246104622
:10DAC00010F8013BFF2B14D0102301A92B75FFF791
:10DAD00048FF019B0344EB6001A910F8013B6B7503
:10DAE000FFF73FFF019B03442B6102B070BD6860EC
:10DAF000E5E72B750023EEE71FB503AB0A4600935D
:10DB000000231946E2F7DCFD039805B05DF804FB3D
:10DB100008B58047E6F792FBFFF7C4FEE6F78EFBF9
:10DB200008B5F2F7CBFCFFF7F3FF08B58047FFF726
:10DB3000F7FF08B5F2F7C8FCFFF7F7FF012810B5AB
:10DB400003D951F8140CFFF7E3FFA1F12803D3E840
:10DB5000EF2F013AC3E8E02F0028F8D15AB951F865
:10DB60001C3C01F158040BB1204698472046BDE803
:10DB70001040F2F7FFB910BD70B504460D461646C9
:10DB8000F2F7F0FA436829463246013343602046F3
:10DB9000F2F7A0FC0123044644F8283B2046E3F7B3
:10DBA000EBF82046FFF77EFEFFF7BAFF10B5F2F75D
:10DBB000D9FAD0E90042013242604CB394F82020F7
:10DBC000472A27D194F821204E2A23D194F82220E5
:10DBD000552A1FD194F82320432A1BD194F82420DE
:10DBE000432A17D194F825202B2A13D194F8262004
:10DBF0002B2A0FD194F82720012A0BD862695242B0
:10DC0000626120342046E3F7DBF82046FFF74AFE46
:10DC1000FFF786FF00220260F3E7012303607047ED
:10DC200010B50446F2F79EFC04212046FFF729FDBB
:10DC3000204610BDF2F7ACBC08B5FFF7FBFF04E0CF
:10DC4000FFF730FEFFF757FE002008BD10B5044671
:10DC5000F2F7BCFC0C212046FFF713FD204610BD57
:10DC60002DE9F041DDF8188006460F46154690452F
:10DC70001C460BD0B0682A4639460368CDF8188098
:10DC80001E6A2346B446BDE8F0416047194600F0DD
:10DC900057F80028EED00620BDE8F0812DE9F14FBD
:10DCA0000D461946814617469846DDE90A4BDDE9DF
:10DCB0000CA600F045F890B1002D3460377109DBF7
:10DCC0002C44A24514BF01240624B471002001B0E5
:10DCD000BDE8F08F0235F9D10123B371F6E7544561
:10DCE00006D15946484600F02BF808B17771EDE7A8
:10DCF000D9F808003A4629460368CDE90CA6CDE9D3
:10DD00000A4BDC694346A44601B0BDE8F04F6047CA
:10DD10002DE9F04107460C4615461E46FFF78EFCDE
:10DD200048B9B8682A46214603689F693346BC460D
:10DD3000BDE8F0416047BDE8F081704700207047C2
:10DD4000814208B50ED0406803782A2B0CD0496870
:10DD50000B782A2B08BF0131E3F76AF8B0FA80F09C
:10DD6000400908BD0120FCE70020FAE710B5044691
:10DD7000F2F736FC18212046FFF783FC204610BD41
:10DD80002DE9F74FDDF830A0044688461646524587
:10DD9000994605D0E76804EBC70447B9012022E0A3
:10DDA0001946FFF7CDFF0028F4D006201BE0E568F8
:10DDB000AB071BD52A1215F0010504D018F1030F8B
:10DDC00014D033689A58A068324441460368CDF8AD
:10DDD00000A0D3F820B04B46D847032806D915B188
:10DDE00040F00100C0B203B0BDE8F08F013F083C35
:10DDF000D3E7F0B40D1E1646049C06DB2E44B44255
:10DE000014BF01200620F0BC7047023505D005681C
:10DE100004942C6AA446F0BC60470120F3E72DE986
:10DE2000F04F91B081460F461D9DCDE90523AB68AB
:10DE30001C9ADB0644BF8368AB601A9B934208D1EF
:10DE40001B99FFF77DFF20B1059B6B714FF0000818
:10DE500083E006994846FFF773FF98B11A9B002F9D
:10DE60002B60059B2B7108DB1A9B1F441C9BBB423C
:10DE700014BF01270627AF71E8E70237E6D1012377
:10DE8000AB71E3E7002F4FF0020C4FF00008AABF80
:10DE90001C9B0790DB1BCDF82880A8BF07930123AC
:10DEA000CDE908C3059B43F001030B93D9F80CA0FF
:10DEB00009EBCA0BBAF1000F09D10A9B002B4CD019
:10DEC000089B012B49D00123CDE9083AEEE7002356
:10DED000AC68CDE90D33DBF80C300F94DE074FEA68
:10DEE000232143BF1A980B9A0068059A48BF4158EE
:10DEF0001A980144079838B18842099E2CBF002027
:10DF00000120B04200F0BB80980706D4BB1C02D1B0
:10DF1000A60700F0B68002F0FD02DBF808000DACA9
:10DF2000036803941C9C02941B9CCDE900143946A1
:10DF3000DC69069BA0476B799DF839209DF83A6013
:10DF400013430D99062E6B7101D0022E09D19DF855
:10DF5000383029602B71AE718046404611B0BDE863
:10DF6000F08F2A68B8F1000F13D1B2B99DF83820AC
:10DF700029602A7121B11BB1D9F80830DC07EBD533
:10DF80006B79042BE8D00AF1FF3AABF1080B80461D
:10DF900090E712B969B90120F2E7914206D12B79D5
:10DFA0009DF8382013432B714046E9E709B9002852
:10DFB000FAD0032BAC7904D9D90712D5AB689B07EB
:10DFC0000FD5002C31D1032E27D9F40721D486F0A8
:10DFD0000103DBB2032B13D800232B600123AB71A9
:10DFE000D9E7012C38BF0124012E38BF0126E4B245
:10DFF000F6B286EA0403DBB2032B36D9032E1FD90F
:10E000000D9B34464FF000082B609DF838302B7183
:10E0100016E0D9F808309807D9D51C9B39460698E0
:10E0200000931B9BFFF7E5FE0446002EE1D1032C75
:10E0300011D9E1070BD484F00103DBB2032BCBD958
:10E04000A307AC711FD414F00100ADD184E7D9F857
:10E0500008309A07EFD51C9B39460D9A0093069815
:10E060001B9BFFF7C6FE0646C3E72640F6B2032E0B
:10E07000B2D9002301202B600223AB716CE701238E
:10E080000A9340467FE7002066E72DE9F04F89B00C
:10E09000054616461C460291FFF7D0FA002860D1CB
:10E0A000D4F808904FF0000AD5F80C800DF1100B51
:10E0B00019F0100F05EBC80718BFD5F8089009F044
:10E0C00001030393B8F1000F04D12079003818BF81
:10E0D000012047E0FA68CDF810A002F0010302F039
:10E0E00002018DF814A0009302F002030193039B38
:10E0F0000B43CDE9069A03D108F1FF38083FE1E769
:10E10000002E32D0009B12120BB133689A58324461
:10E11000B868029903689B699C465B46E047002803
:10E12000EAD0079B082B03D1009B0BB1BB68079378
:10E130009DF81430032B05D9019A1AB923F0020374
:10E140008DF81430E168C1B99BE80F0084E80F0036
:10E150002379032B05D99A0709D5AB6813F0010F72
:10E16000CAD1012009B0BDE8F08F3246D0E7DB0705
:10E17000F7D5AB6813F0020FF2E72368049A9342D5
:10E1800004D00023236002232371EAE72BB1237913
:10E190009DF8142013432371AEE707980828F2D0A6
:10E1A0000829F0D0FFF7CCFD0028F0D1EBE70023E1
:10E1B00003607047009B03201A60019A039B1A605A
:10E1C0007047009B03201A607047012070470120B0
:10E1D0007047981A009B984228BF1846704710B5A0
:10E1E0000446F2F7FDFA04E02046FFF748FAFFF78D
:10E1F000B7FA2046FFF743FA204610BD08B5084697
:10E20000114600F09AFA031E18BF012343EAA070DA
:10E2100008BD084611461A4600F0B1BA08B50846CE
:10E22000114600F08AFA031E18BF012343EAA070CA
:10E2300008BD084611461A4600F0A1BA062200237E
:10E2400013B5C0E9012341F202030446C36001A8EB
:10E25000EAF7E8FB01A904F16C00EAF763F801A80A
:10E26000EAF752F802B010BD6421024690FBF1F3C8
:10E2700001FB130030B94FF4C87192FBF1F301FBBD
:10E28000132323B912F0030F0CBF012000207047A5
:10E29000C068252310B504050B7045BF2B248B1CCB
:10E2A0004B1C4C70410544BF232103F8011B00F4B3
:10E2B0008271B1F5827F08D10AB103F8012B10F405
:10E2C000804F0CBF6122412209E02E241C702A24B9
:10E2D0005C704AB99C1C042909D16622234603F8C4
:10E2E000012B00221A7010BDDC1C9A70F3E7B1F507
:10E2F000807F00F4804004D100280CBF65224522B5
:10E30000ECE700280CBF67224722E7E70139013B11
:10E31000994228BF1946F0B5054606460F18012058
:10E32000B74200D010B91344695C0FE016F8010B36
:10E33000D45C013BA4EB000CDCF1000040EB0C00D2
:10E34000EEE713F80109441A60426041934201D09C
:10E350000028F6D14BB2002B05DD13788B428CBF21
:10E36000002000F00100F0BD126852F80C3CFFF7ED
:10E37000CDBF73B5079B00F1080204460260D3E9E4
:10E3800000530F2B05EB0306019306D9002201A9C8
:10E39000F1F750FC019B2060A360324629462068BB
:10E3A000FEF778FF019B2268002120466360D1546C
:10E3B00002B070BD13B5059B04461B68A3F10C00A9
:10E3C00053F8043C002B05DBEBF7C0FB2060204634
:10E3D00002B010BD002201A9FAF71BF9F6E708B553
:10E3E000D2E90023FFF792FF05E0013101D0FFF7EA
:10E3F000B7F9F1F743FE08BD4068704710B5044611
:10E40000F2F736FB2046FFF73AF9204610BD10B56B
:10E410000446F2F73FFB2046FFF731F9204610BDD6
:10E4200010B50446F2F748FB2046FFF728F92046CE
:10E4300010BD10B50446F2F749FB2046FFF71FF95F
:10E44000204610BD2DE9F0470C46002181461746B5
:10E4500008469846F3F790FF8246E2F7F3FC451C26
:10E460002846FFF7E7FB2A465146064600F026F904
:10E47000D9F810100020F3F77FFF089B4246394679
:10E48000204600F093F9314605460020F3F774FF6B
:10E490003046FFF7F8F805B92570BDE8F08701317F
:10E4A00001D0FFF75DF9F1F7E9FD70B505461646B5
:10E4B0000C4649B10846E2F7C5FC21183246204611
:10E4C000F2F70EFC286070BD4FF0FF31F6E713B590
:10E4D00004460846114601AA0144F2F701FC2060F7
:10E4E000204602B010BD704710B50446F2F75EFC3E
:10E4F0002046FFF7C4F8204610BDFFF77DBF10B5DA
:10E500000446F2F75DFC2046FFF7B9F8204610BD3F
:10E5100010B50446F2F75EFC2046FFF7B0F820463F
:10E5200010BD70B5064608460D461446F2F712FEB9
:10E5300030B9224629463046BDE87040FFF736B86C
:10E5400023681033236070BD10B50446F2F74CFC0D
:10E550002046FFF794F8204610BD70B505460E46DC
:10E5600008300C464A68286056F8083BB3420BD185
:10E57000013202D0314600F0A1F8636826606B607A
:10E5800000236360237270BD2B608B68AB60F4E77F
:10E5900010B50446D1E90012FFF799FF204610BDDF
:10E5A0001368994204D153681B1A58425841704766
:10E5B00000207047C0E900217047036813B5144676
:10E5C0005B690A460146684698476368019A9A4221
:10E5D00006D100982368C31A5842584102B010BDB2
:10E5E0000020FBE74B68834204D10868831A584235
:10E5F0005841704700207047704770477047704718
:10E6000010B50446FFF73BF8204610BD10B5044690
:10E61000FFF735F8204610BD10B50446F2F7E2FCCE
:10E620002046FFF72CF8204610BD0B6810B586B0C9
:10E6300004461B69684698472046DDE90012FFF74B
:10E6400046FF04E06846FEF7C6FDFFF789F8684616
:10E65000FEF7C1FD204606B010BD13B514460A46AC
:10E6600001466846F2F78CFC6368019A9A4206D12B
:10E6700000982368C31A5842584102B010BD0020C8
:10E68000FBE770474068704710B50446F2F7F8FCA6
:10E690002046FEF7F4FF204610BD03681B681847AC
:10E6A000C9B20346024410B59342184601D1002076
:10E6B00003E0047801338C42F6D110BD0A44431EB6
:10E6C000914200D1704710B511F8014B914203F807
:10E6D000014FF9D110BD884210B501EB020402D9F7
:10E6E0008442234607D8431EA14208D011F8012BCB
:10E6F00003F8012FF8E7024401468A4200D110BD19
:10E7000013F8014D02F8014DF7E702440346934226
:10E7100000D1704703F8011BF9E70139024410B535
:10E72000904201D1002005E0037811F8014FA34287
:10E7300001D0181B10BD0130F2E7E2F779BB0022CF
:10E740001146F2F70DBD10B50139044632B111F88A
:10E75000013F013A00F8013B002BF7D10021FFF700
:10E76000D4FF204610BD0246014410B58A4213462C
:10E7700003D01C780132002CF8D1181A10BD30B526
:10E78000044600200B46904213F8015B08D10B466B
:10E790001C781A460133002CFAD1401A104430BDBF
:10E7A0002554002DFBD001301946EBE7F2F756BF98
:10E7B000C36803B118471846704710B583780446FC
:10E7C000DA0705D443F004034FF0FF30A37010BD07
:10E7D0004FF00002D4E85F3FC4E8512F0029F9D17F
:10E7E0009BB213B1581EC0B2F1E7A3689847002846
:10E7F000F9DA0130A37814BF082204221343E3E7B7
:10E8000038B58B780D469B0709D5C4B24B682046B6
:10E810009847002806DAAB7843F00403AB704FF05A
:10E82000FF3038BD2046FCE72DE9F8439C780546CB
:10E830000E46904614F001041F4611D079B1002411
:10E8400044450DD005EB06093846FFF7B6FF431CDB
:10E8500006D005F8010B4D45F6D10134F0E70C4622
:10E860002046BDE8F8832DE9F8439C7805460E461E
:10E87000904614F002041F4611D079B1002444459B
:10E880000DD005EB06097B68394615F8010B984752
:10E89000002804DB4D45F6D10134F0E70C46204654
:10E8A000BDE8F8838B78DA0702D44FF0FF30704769
:10E8B000431CFAD0C0B2431CD1E8DF2F002A04D198
:10E8C000C1E8DC3FBCF1000FF6D1EED18B7823F02C
:10E8D00008038B707047F0B5C3F13707044603F0A7
:10E8E0001F031046FFB2082BE6B232D0102B3DD0EA
:10E8F0006508A40845EAC17544EA81748A082D199F
:10E9000042EB5102290941EA02716D1842EB1212E1
:10E91000290A41EA02616D1842EB1222290C41EAF0
:10E9200002416D1842EB1242AD1842F10002EC08B0
:10E9300044EA4274D10804EB8402A6EB4205EDB22E
:10E94000092D0CD90134A5F10A0541F10001EDB200
:10E9500012E0E40806F0070544EA4174C9083035BE
:10E9600054EA010200F8015BBDD1F0BD240906F0B4
:10E970000F0544EA01740909092D84BFED19EDB2B0
:10E98000EDE710B50C46FFF718FF0028A2BF23687B
:10E990000133236010BD0028A2BF136803F1FF33C9
:10E9A0001360FFF77FBF70B505460E463146284617
:10E9B000FFF7E7FF041E09DB202CF7D0A4F10903C1
:10E9C000042BF3D932462946FFF7E5FF204670BDF8
:10E9D000BDF8001068B111F0100F01D0027070473F
:10E9E00011F0080F02D0C0E9002370474B0701D592
:10E9F000026070478B06FBD5028070472DE9F0431B
:10EA000087B01C461746814602AB88460093D2E980
:10EA1000022300F0EBF804AB06460D46009348468F
:10EA20004146D7E9002300F0E1F80027DDE904239F
:10EA3000901953EB050128BF012737B1029B039AB8
:10EA4000013342F10002CDE90232403CDDE902230C
:10EA5000009400F0E6F807B0BDE8F0832DE9F84334
:10EA6000B0FA80F6002980460F46A1EB060606F1B3
:10EA7000070625DB0846F4F7EBFD06443846F41B91
:10EA8000F4F7ECFD3946221A40463D3200F09EF87C
:10EA9000B74213DC1F2C68DC4FF0FF33A34038EA89
:10EAA00003030CBF01240024B0FA80F33546F31AA7
:10EAB0009E33FE2B27DD4FF0FF4044E00124F3E7B7
:10EAC0004C422046F4F7CAFD351A2046A5EB07094B
:10EAD000F4F7C4FD21462E4609EB000240463C32C5
:10EAE00000F061F8AF4230DCB9F11F0F3DDC4FF0B0
:10EAF000FF3303FA09F338EA030327D0B0FA80F3AF
:10EB00000024EB1A9E33002B23EAE372D4BF0123C7
:10EB100013465B1BA3F19705963B20FA05F120FAFB
:10EB200003F3C90723D544B14FF0FF31A94020EAD0
:10EB3000010003F00101084319D0581CC0F316006E
:10EB4000C0B140EAC250BDE8F88300230521B8FBFC
:10EB5000F1F202EB8205A84502D101339046F6E7B7
:10EB60009C428CBF002401249EE700249CE7C3F351
:10EB70001600E6E70132E4E710B5A3FB0043029973
:10EB8000A2FB0020001943F100033F29DBBFA1F1E4
:10EB90002002C1F1400140398B40D6BFD04023FA5A
:10EBA00001F0184310BD30B587B00446084615463D
:10EBB00002A9F4F7E5FD049B204600955A1C059B2D
:10EBC00043F10003FFF7D8FF07B030BD30B587B081
:10EBD00015460446084602A9F4F760FD2046009554
:10EBE000DDE90423FFF7C8FF07B030BDF0B50F46DD
:10EBF0000446A0FB0201059EA7FB02524919A3FB94
:10EC00000445A7FB037342F10002611845F10004BB
:10EC1000D21943F10003121943F10003C6E900239E
:10EC2000F0BDF0B5059CC4F14007C4F12006A4F185
:10EC30002005E04002FA06F6BB4022FA05F5BA408C
:10EC40003343C4F120062B4301FA06F6A4F1200554
:10EC5000304321FA05F5E140284319431043F0BD44
:10EC600007B501A9F4F746FE03B05DF804FBC9B28D
:10EC70000346184613F8012B12B18A42F9D17047A6
:10EC8000002918BF0020704710B56AB101398418F7
:10EC900010F8012B11F8013F9A4203D1A04201D094
:10ECA000002AF5D1D01A10BD1046FCE702690346D0
:10ECB000107810B101321A6170476FF0010070478F
:10ECC000D1E9043293421EBF5A1C0A611870704782
:10ECD00008B5E5F7B3FA08B5FFF7FAFF0148006891
:08ECE0007047000088110020BC
:10ECE8009D14FF7FB0B0AA00FFFF01082A0430007E
:10ECF8003A0400008914FF7FB0AF0200FFFF011043
:10ED08009E01040000CA0104D00100DA01160000C7
:10ED18006D14FF7FB0B0A800FF1011010812102475
:10ED28000128040000010000000000005114FF7FCA
:10ED38008408B101B0B0B000FF1019010C10021422
:10ED48000118041E032208000001007F00000000D3
:10ED580000000000000000002514FF7FAF08B1008C
:10ED6800FF10210119360400006204F00201840238
:10ED7800320000FA0204FE020082030400000100CF
:10ED880000000000F913FF7FB0AD0400FF10490137
:10ED9800405020E40501A60104AC0103BE010400B3
:10EDA80000C80126E40501F801048A02038402046C
:10EDB800E40501C80204CE0203DC0204E40501965E
:10EDC80003049C0303AA03B802E40501EA0504004E
:10EDD800007F00007D00000000000000A113FF7FFD
:10EDE800B0B0A800FFFF0108100214001A0A0000C2
:10EDF8008D13FF7FB0B0A800FFFF010804040A00CC
:10EE0800100400007913FF7FB0B0A800FFFF0108CD
:10EE1800100214001A0A00006513FF7FB0B0A800A2
:10EE2800FFFF010804040A00100400005113FF7FCB
:10EE3800B0B0A800FFFF010804040A001004000095
:10EE48003D13FF7FB0B0A800FFFF010804040A00CB
:10EE5800100400002913FF7FB0B0A800FFFF0108CD
:10EE6800100214001A0A00001513FF7FB0B0A800A2
:10EE7800FFFF010804040A00100400000113FF7FCB
:10EE8800B0B0A800FFFF0108100214001A0A000021
:10EE9800ED12FF7FB0B0A800FFFF010804040A00CC
:10EEA80010040000D912FF7FB0B0A800FFFF0108CE
:10EEB800100214001A0A0000C512FF7FB0B0A800A3
:10EEC800FFFF010804040A0010040000B112FF7FCC
:10EED800B0B0A800FFFF010804040A0010040000F5
:10EEE8009D12FF7FB0B0A800FFFF010810021400B8
:10EEF8001A0A00008912FF7FB0B0A800FFFF0108BE
:10EF080004040A00100400007512FF7FB0B0AE00C0
:10EF1800FFFF011C1E0424002A0400004C047E008C
:10EF28007804820100AE0104B401009E02040000CE
:10EF38004D12FF7FB0B0A800FFFF01004112FF7F14
:10EF4800B0B0A800FFFF01003512FF7FB0AA110082
:10EF5800FFFF010818304A00500400002112FF7F0B
:10EF6800B0A90200FFFF011F0828000036047A003C
:10EF7800460400005004840100600400006A04860E
:10EF88000100800104000000F511FF7FB0A8010016
:10EF9800FFFF010C0A0400001204200026040000F0
:10EFA800DD11FF7FB0A90200FFFF012B082E000032
:10EFB8003C04AA01004C0400005604B40100660495
:10EFC80000007004B6010080010400008A0104B842
:10EFD800010098011C000000A511FF7FB0A90200E4
:10EFE800FFFF012B082E00003C04AA01004C04007E
:10EFF800005604B40100660400007004B6010080E5
:10F00800010400008A0104B8010098011C000000F6
:10F018006D11FF7FB0A80100FFFF010C0A0400007A
:10F0280016041C00220400005511FF7FB0AB060037
:10F03800FFFF0110140400002804540030044400A9
:10F04800500400003911FF7F01AD0A00FFFF010ED7
:10F0580036040000682A9401009A010400000000A8
:10F068001D11FF7FB0B0AA00FFFF015B2404000060
:10F078002C04B6040058045E007C0482010096014A
:10F08800100000AE0104C20100CC01580000A80223
:10F0980004B80400E00204E60200FE02048403004F
:10F0A8009C03040000A40304BA0400DC0304E20384
:10F0B80000FA03048004009804040000A00404BCBF
:10F0C8000400B20404000000B510FF7F01AE070081
:10F0D800FFFF010C2404000038046A0064100000DB
:10F0E8009D10FF7FB0A80900FFFF0108120C200047
:10F0F800260400008910FF7FB0AB1600FFFF010A4D
:10F1080046188601008C0104000000007110FF7F82
:10F11800B0A90C00FFFF0108260C34003A040000D7
:10F1280008B10181B0B000840000000008B101817D
:10F13800B0B000840000000008B10181B0B00084C4
:10F148000000000008B10181B0B000840000000098
:10F158002D10FF7FB0B0A800FFFF01002110FF7F36
:10F16800B0B0A800FFFF01001510FF7FB0B0A800E5
:10F17800FFFF010008B10181B0B000840000000069
:10F18800FD0FFF7FAB08B100FF101D011418045AD2
:10F198000146046A01500400005E0462006604002F
:10F1A8000001000000000000D50FFF7FAB08B10090
:10F1B800FF101D011418045A0146046A0150040086
:10F1C800005E046200660400000100000000000008
:10F1D800AD0FFF7FB0AD0600FF102D01242404BA47
:10F1E80001003604B801005804B201017004760128
:10F1F8008001048401009401040000AA0104B00104
:10F208000101000000000000750FFF7FB0AD0C0089
:10F21800FFFF010D100400001E047E00840104009D
:10F2280000000000AC020181B0B008B1000000008D
:10F238004D0FFF7FB0B0A800FFFF010810041600B3
:10F248001C040000390FFF7FB0AF1800FFFF011644
:10F258001C0C000076A001D20400C202D001C20436
:10F2680000CE040400000000150FFF7FB0AF1800A7
:10F27800FFFF01161C0C000076A001D20400C20298
:10F28800D001C20400CE040400000000F10EFF7F8C
:10F29800AF0C9700FFFF01103078820200B2013AEC
:10F2A800EE0100FE0104000008B10181B0B0008445
:10F2B80000000000C90EFF7FB0AF1800FFFF011A61
:10F2C800180C00005A04E007006404F007009E01CF
:10F2D8009606E00700EC070400000000A10EFF7F7F
:10F2E800B0AF1800FFFF011A180C00005A04E0071D
:10F2F800006404F007009E019606E00700EC07048E
:10F3080000000000790EFF7FB0AC1100FFFF01087C
:10F3180042286C0072040000650EFF7FB0AF100039
:10F32800FFFF010E2204000056429A0100A00104CA
:10F3380000000000490EFF7FB0B0A800FFFF0100E9
:10F348003D0EFF7FB0AA1100FFFF010818304A00E8
:10F3580050040000290EFF7FB0A90600FFFF011F1F
:10F368000A28000038047C00480400005204860182
:10F3780000620400006C048801008201040000009F
:10F38800FD0DFF7FB0A80500FFFF010C0C04000075
:10F398001404220028040000E50DFF7FB0A9060030
:10F3A800FFFF012B0A2E00003E04AC01004E0400B2
:10F3B800005804B60100680400007204B801008215
:10F3C800010400008C0104BA01009A011C0000002D
:10F3D800AD0DFF7FB0A90600FFFF012B0A2E00002C
:10F3E8003E04AC01004E0400005804B60100680455
:10F3F80000007204B8010082010400008C0104BA04
:10F4080001009A011C000000750DFF7FB0A80500DF
:10F41800FFFF010C0C04000016041C00220400006D
:10F428005D0DFF7FB0AB0E00FFFF0110120400005E
:10F43800240450002C0440004C040000410DFF7FC0
:10F4480001AD0E00FFFF010E36040000702A9C017A
:10F4580000A2010400000000250DFF7FB0B0AA0043
:10F46800FFFF015B240400002C04B6040058045E6E
:10F47800007C048201009601100000AE0104C20164
:10F4880000CC01580000A80204B80400E00204E619
:10F498000200FE02048403009C03040000A4030489
:10F4A800BA0400DC0304E20300FA030480040098B1
:10F4B80004040000A00404BC0400B204040000001A
:10F4C800BD0CFF7F01AE0B00FFFF010C2404000000
:10F4D80038046A0064100000A50CFF7FB0A809007A
:10F4E800FFFF0108120C200026040000910CFF7F8A
:10F4F800B0AC1900FFFF010A4C1ADC0100E201045C
:10F5080000000000790CFF7FB0A90C00FFFF010884
:10F51800240C32003804000008B10181B0B0008426
:10F528000000000008B10181B0B0008400000000B4
:10F5380008B10181B0B0008400000000410CFF7FD9
:10F54800A908B100FFFF01080E041C00180E0000F6
:10F558002D0CFF7FA908B100FFFF01080E041C0055
:10F56800180E0000190CFF7FA908B100FFFF010861
:10F578000E041C00180E000008B101810FB10084B0
:10F5880000000000F90BFF7FA908B100FFFF010888
:10F598000E041C00180E000008B10181B0B00084F0
:10F5A8000000000008B10181B0B000840000000034
:10F5B80008B10181B0B0008400000000C10BFF7FDA
:10F5C800B0B0AA00FF1019010C14021A011E04247D
:10F5D800032808000001007F000000000000000070
:10F5E80000000000990BFF7FB0B0A800FFFF0100EA
:10F5F8008D0BFF7FB0B0A800FFFF0100810BFF7FDC
:10F60800A908B100FFFF0100750BFF7FB0AD020034
:10F61800FF102D01221604B001002C04AE01004E8B
:10F6280004A8010166046C0176047A008A010400CA
:10F6380000A00104A6010101000000000000000074
:10F648003D0BFF7FB0AD0400FFFF010E100400006A
:10F658001E0482010088010400000000210BFF7FC6
:10F66800B0B0A800FFFF01081C0422002804000015
:10F678000D0BFF7FB0B0A800FFFF010810041600B3
:10F688001C040000F90AFF7FB0AD0400FF10490117
:10F698003E0C0400001604E802012204CE020330E6
:10F6A80004B602034A04CC020356046A03640498AD
:10F6B8000103A20104A80103B20104A60203C001C8
:10F6C80042B20203DC0204E00200E402040000018A
:10F6D80000007D0000000000A50AFF7FAB08B10014
:10F6E800FF101D011418043C0128044C01320400C9
:10F6F800004004440048040000010000000000002D
:10F708007D0AFF7FB0AC0700FFFF012D0C0E000043
:10F718001E04FA01002C04B20200340484020042E0
:10F7280004B002004A049202005804AE0200648445
:10F7380001A002008002040000000000410AFF7FCF
:10F74800AB08B100FF101D011418043C0128044C3B
:10F758000132040000400444004804000001000095
:10F7680000000000190AFF7FB0AC0700FFFF012D61
:10F778000C0E00001E04FA01002C04B2020034042E
:10F788008402004204B002004A049202005804AE07
:10F798000200648401A0020080020400000000004E
:10F7A800DD09FF7FAB08B100FF101D011418043CF0
:10F7B8000128044C013204000040044400480400BD
:10F7C8000001000000000000B509FF7FB0AF0E0087
:10F7D800FFFF01161A0C000070B401E80400CC0207
:10F7E800DC01D80400E40404000000009109FF7F54
:10F7F800B0AF0E00FFFF01161A0C000070B401E84C
:10F808000400CC02DC01D80400E404040000000079
:10F818006D09FF7FAF089700FFFF01103072860265
:10F8280000AA0146F2010082020400005109FF7F8C
:10F83800B0AF0800FFFF011A161400006C04FC07A3
:10F848000074C8010000C802F804FC07008208041C
:10F85800000000002909FF7FB0AD0C00FFFF010A7E
:10F868001C4C8801008E0104000000001109FF7F74
:10F87800B0AD0C00FFFF010A1C4C8801008E01048A
:10F8880000000000F908FF7FB0AD0C00FFFF010A7F
:10F898001C4C8801008E010400000000E108FF7F75
:10F8A800B0AF0C00FFFF011114F8010000D2039C57
:10F8B80002FC06008207040000000000C108FF7F68
:10F8C800B0AF0A00FFFF011114F8010000CA03A835
:10F8D80002F80600FE06040000000000A108FF7FF1
:10F8E800B0AF0A00FFFF011116F4010000C0039237
:10F8F80002D60600DC060400000000008108FF7F35
:10F90800B0AF0A00FFFF011116F4010000C0039216
:10F9180002D60600DC060400000000006108FF7F34
:10F92800B0AF0E00FFFF011114F8010000E803D486
:10F9380002E40700EA070400000000004108FF7F16
:10F94800B0AF0C00FFFF011114F8010000DC03D870
:10F9580002C60700CC070400000000002108FF7F52
:10F96800B0AF0E00FFFF011A180C00004804FC0796
:10F978000052048C08008C01A206FC0700880804C9
:10F9880000000000F907FF7FB0AF0E00FFFF011A6B
:10F99800180C00004804FC070052048C08008C0175
:10F9A800A206FC070088080400000000D107FF7FBA
:10F9B800B0AC0B00FFFF01083A326E00740400007F
:10F9C800BD07FF7FB0AF0C00FFFF010E220400004F
:10F9D8004E50A00100A6010400000000A107FF7F0F
:10F9E800A908B100FFFF01009507FF7FB0A9020039
:10F9F800FF103101211404000034044C0346049420
:10FA0800010060086800720400008401048E01008F
:10FA18008801049401000200017D0000000000003C
:10FA2800D032000008B10181B0B0008400000000AD
:10FA380008B10181B0B000840000000008B1018164
:10FA4800B0B000840000000008B10181B0B00084AB
:10FA58000000000008B10181B0B00084000000007F
:10FA68001D07FF7FB0AF0400FF1029011E240428E2
:10FA78000160049201006A046E0188010A92010083
:10FA88009A01040000AE010292010001000000008A
:10FA980000000000E906FF7FA908B100FFFF010090
:10FAA80008B10181B0B0008400000000D106FF7FDA
:10FAB800B0AF1200FF10190110289C050000DA05EC
:10FAC80004DE0501F6053400000100000000000016
:10FAD800AD06FF7F8408B101B0B0B000FF100D0182
:10FAE80004020608010100000000000008B10181BD
:10FAF800B0B000840000000008B10181B0B00084FB
:10FB0800000000007906FF7F8408B101B0B0B000A2
:10FB1800FF100D01040204080101000000000000AC
:10FB280008B10181B0B00084000000005106FF7FD9
:10FB3800A908B100FFFF01080C0412001A0C00000C
:10FB48003D06FF7FB0B0A800FFFF010804040A00CB
:10FB5800100400002906FF7FB0B0A800FFFF0108CD
:10FB680010041600200400001506FF7F8408B10168
:10FB7800B0B0B000FF100D010806040C0110080019
:10FB8800007F000000000000F505FF7FB0B0AE0068
:10FB9800FF100D01081E045A015E0800007F0000D6
:10FBA80000000000D905FF7FB0A80100FFFF010891
:10FBB8000C04120018040000C505FF7FB0A801005E
:10FBC800FFFF01080C04120018040000B105FF7FB4
:10FBD800B0B0A800FFFF0100A505FF7FB0A8010095
:10FBE800FFFF01082A043000360400009105FF7F5A
:10FBF800B0AB1200FFFF0114160200001E045E00E5
:10FC080030045C0040044600580400007105FF7F82
:10FC1800B0A90200FFFF010C18044C002C043200AC
:10FC28003E0E00005905FF7FB0B0A800FFFF010895
:10FC38000A041000160400004505FF7FB0A805005F
:10FC4800FFFF010C0C02000014041A00200400003D
:10FC58002D05FF7FB0AA0100FF1011010826042C12
:10FC6800033A0A00007F00007D0000000000000049
:10FC780008B10181B0B000840000000008B1018122
:08FC8800B0B000840000000090
:10FC9000F006FE7F010000008007FE7FB0A9028011
:10FCA0000408FE7FB0B0A8804808FE7F0100000075
:10FCB0005008FE7FB0B0AA808208FE7FAE71B2808D
:10FCC0003409FE7F010000003009FE7FAB3F388021
:10FCD0008209FE7F010000008C09FE7FB0B0AA807F
:10FCE000C409FE7F01000000680AFE7FAB0EB280EF
:10FCF000CC0AFE7FB0AF0680140DFE7F010000002D
:10FD0000180DFE7FAC3F0180780FFE7F01000000E0
:10FD10002014FE7F008404803014FE7F0100000068
:10FD20002A14FE7FB0AD04806616FE7F0084048036
:10FD30008816FE7F44FFFF7F8A16FE7F48FFFF7F05
:10FD40009416FE7F01000000A083FE7F9CEFFF7FE2
:10FD5000E083FE7FA8EFFF7F2885FE7FBCEFFF7F5B
:10FD60006085FE7F010000008485FE7FB0B0A88022
:10FD70009085FE7F01000000F085FE7FE4EFFF7FAD
:10FD80007487FE7F010000002088FE7F00F0FF7F67
:10FD90004C8CFE7F01000000C08CFE7FA908B18062
:10FDA000C88DFE7F40F0FF7FEC8DFE7F60F0FF7F0F
:10FDB000108EFE7FB0B0A880808EFE7FA908B18033
:10FDC000888FFE7F98F0FF7FAC8FFE7FB8F0FF7FBB
:10FDD000D08FFE7FA908B1806490FE7FD0F0FF7FB6
:10FDE0008890FE7FB0B0A880B490FE7FA908B18053
:10FDF0004891FE7FF4F0FF7F6C91FE7F01000000D0
:10FE00005094FE7F0CF1FF7F0496FE7FB0B0AC8073
:10FE10004896FE7FB0A902808096FE7F0100000018
:10FE20000897FE7F14F1FF7F2C97FE7F01000000F2
:10FE30009097FE7F18F2FF7F2C98FE7F2CF2FF7FB9
:10FE4000CC9AFE7FB0A80180EC9AFE7FDCF2FF7FA7
:10FE5000049BFE7FAB08B180309BFE7F0100000059
:10FE6000409BFE7FB0B0A880909BFE7FAB08B18026
:10FE7000BC9BFE7F01000000FC9BFE7FB0B0AA800F
:10FE8000249CFE7FAB08B180549CFE7FB0AA018009
:10FE9000BC9CFE7F01000000D09CFE7FB0B0AC8017
:10FEA0003C9DFE7FAB08B180C89DFE7FACF2FF7F1A
:10FEB000E89DFE7F010000006C9EFE7FA8F2FF7FA0
:10FEC000809EFE7FACF2FF7F949EFE7FB0F2FF7FAC
:10FED000B49EFE7FB4F2FF7F2C9FFE7FB0B0AA805D
:10FEE000649FFE7FCCF2FF7FDC9FFE7FA908B1807C
:10FEF00000A0FE7FB0A9028024A0FE7F30F3FF7F28
:10FF00008CA0FE7F34F3FF7FB0A0FE7F88F3FF7FDD
:10FF1000CCA1FE7FB0AF2A80C0ACFE7FA0F3FF7FF4
:10FF2000ACB0FE7FC0F3FF7F98B4FE7F01000000FD
:10FF300014B5FE7FB0AA0180ACB5FE7F01000000C1
:10FF400034B6FE7FF8F3FF7F58B6FE7F0100000055
:10FF5000BCB6FE7F0CF5FF7F5CB9FE7FB0B0A88019
:10FF600074B9FE7F0100000084B9FE7FC0F5FF7FF9
:10FF70009CB9FE7FC4F5FF7FB4B9FE7FC8F5FF7F53
:10FF8000DCB9FE7FD4F5FF7F04BAFE7FE0F5FF7F8A
:10FF90002CBAFE7FF8F5FF7F54BAFE7F0100000007
:10FFA00060BAFE7FFCF5FF7F78BAFE7F010000009B
:10FFB000ACBBFE7F38F6FF7FC0BBFE7F3CF6FF7F09
:10FFC000D4BBFE7F40F6FF7F08BCFE7FB0B0AC80A4
:10FFD0004CBCFE7FB0B0A88074BCFE7F34F6FF7FBF
:10FFE00038BDFE7FB0B0A880A8BDFE7F0100000034
:10FFF000A8BEFE7F70F6FF7FD4BEFE7F7CF6FF7F3B
:020000022000DC
:10000000F8BEFE7FB0B0A88068BFFE7F80F6FF7F9D
:10001000D4C0FE7FCCF6FF7F2CC1FE7FB0B0A8809D
:10002000D8C1FE7F010000000CC2FE7FDCF6FF7F1E
:100030003CC3FE7F10F7FF7F94C3FE7F30F7FF7F46
:10004000C4C4FE7F64F7FF7F1CC5FE7F84F7FF7F7B
:1000500084C7FE7FA0F7FF7FECC9FE7FBCF7FF7F60
:100060000CCBFE7FB0AF2C80DCD5FE7FC8F7FF7FC6
:10007000DCD9FE7FE8F7FF7F6CDAFE7FF8F7FF7FC1
:10008000FCDAFE7F08F8FF7F8CDBFE7F18F8FF7F2D
:1000900010DFFE7F30F8FF7F90E2FE7F48F8FF7FA1
:1000A000ECE5FE7F60F8FF7F48E9FE7F78F8FF7F90
:1000B00034EDFE7F90F8FF7F00F1FE7FA8F8FF7F10
:1000C00008F5FE7FC8F8FF7F10F9FE7FE8F8FF7F94
:1000D000A8F9FE7FF4F8FF7F50FAFE7F01000000D0
:1000E00054FBFE7F48F9FF7F90FBFE7F4CF9FF7FBA
:1000F000A4FBFE7FB0AC018018FCFE7FB0AF028095
:100100000CFDFE7FB0AB028034FDFE7FB0B0AC8052
:1001100064FDFE7F01000000A4FEFE7FB0AC018004
:100120003CFFFE7F38F9FF7F54FFFE7F3CF9FF7FE5
:100130001C00FF7F010000004C00FF7F78F9FF7F6B
:100140007C03FF7F01000000E403FF7FB0B0A880C4
:100150001404FF7F010000003804FF7FB0B0A880C6
:100160006C04FF7F010000005406FF7FBCF9FF7F95
:100170007006FF7FC0F9FF7F9C06FF7FE0F9FF7FDD
:10018000C806FF7F010000005809FF7FA908B18061
:10019000500BFF7FB0B0AC80940BFF7F10FAFF7F55
:1001A000B40BFF7FB0B0A880D40BFF7F14FAFF7FA1
:1001B000F40BFF7F01000000300CFF7F18FAFF7F77
:1001C000440CFF7F1CFAFF7F840CFF7F28FAFF7F1F
:1001D000040DFF7F40FAFF7F5C0DFF7F01000000F0
:1001E0006C0DFF7F48FAFF7F880DFF7F0100000044
:1001F000080EFF7FB0AA0180580EFF7F01000000AB
:10020000A40EFF7F54FAFF7FE40EFF7FB0AD0480A1
:10021000440FFF7F010000007271FF7F18EBFF7F2A
:100220009671FF7F010000002A72FF7FCCEBFF7FF9
:100230004072FF7FECEBFF7F5672FF7FF8EBFF7F92
:100240006C72FF7F04ECFF7F8272FF7F24ECFF7FE4
:100250009872FF7F44ECFF7FAE72FF7F64ECFF7FFC
:10026000C472FF7F70ECFF7FDA72FF7F90ECFF7F3C
:10027000F072FF7F01000000E878FF7FAB08B180DB
:100280000A79FF7FB0A801801C79FF7FB0A90A809E
:100290005E7AFF7F01000000607AFF7FB0AB1080C4
:1002A000C87AFF7FB0A80980007BFF7F01000000B3
:1002B000047BFF7F00840280187BFF7F0100000029
:1002C000D07BFF7F80ECFF7FD67BFF7F84ECFF7FBE
:1002D0002E7CFF7F90ECFF7FAE7CFF7F0100000053
:1002E000BA7CFF7FACECFF7FDC7CFF7FBCECFF7F48
:1002F0008E7DFF7FECECFF7F407EFF7F1CEDFF7F5C
:100300006C7EFF7F2CEDFF7FBA7EFF7F0100000037
:10031000C07EFF7F01AB06806C7FFF7FB4EDFF7F67
:10032000D87FFF7FC4EDFF7F0680FF7FD0EDFF7F8A
:100330008E80FF7FE0EDFF7FD080FF7F0100000017
:10034000D880FF7FF0EDFF7FEC80FF7F0100000091
:10035000A281FF7FB0AF02802C82FF7FB0B0A88067
:100360004E82FF7FDCEDFF7F5882FF7FB0B0A88018
:100370005C82FF7FB0A902807882FF7FAB08B180EA
:100380009282FF7FB0B0AA80BC82FF7FB0A90280BA
:10039000EA82FF7FAB08B1802E83FF7FB0EDFF7F45
:1003A0003083FF7FB0B0AA806283FF7F010000002E
:1003B0009C83FF7FB0AC3F80DC83FF7F01000000A7
:1003C000E483FF7FB0B0AA80FC83FF7F01000000C0
:1003D0000484FF7FB0B0AA801C84FF7F010000006E
:1003E000F885FF7F008402800486FF7FB0B0A8807C
:1003F0000E86FF7FB0B0AC804886FF7FB0AA018038
:100400007686FF7FB0B0A8801E87FF7FCCEDFF7F90
:10041000E687FF7FFCEDFF7F6688FF7F010000001D
:100420006A88FF7FB0B0AA80A488FF7FB0AB088045
:100430001889FF7FB0AA07804489FF7FB0AA058092
:100440006C89FF7F010000007089FF7FB0B0A88039
:10045000A089FF7F01000000BE89FF7FB0B0A880A7
:10046000EE89FF7F010000000C8AFF7FB0B0A880FA
:100470002E8AFF7F010000002C8AFF7FB0AB08802E
:100480003C8BFF7F010000003A8BFF7FB0AA018008
:100490004A8BFF7F01000000548BFF7FA908B180C9
:1004A0005A8BFF7FB0AB0280868BFF7FA0EDFF7F72
:1004B000D28DFF7FBCEDFF7F1E90FF7FB0AB06802B
:1004C0004A90FF7FB0B0A8806090FF7FA908B180FC
:1004D0007C90FF7FDCEDFF7F8290FF7FB0AF0280DA
:1004E0000691FF7FAF0C97804694FF7FAF06978001
:1004F000A095FF7FB0AF0E80A896FF7FB0AD1C80A7
:100500006297FF7FB0AD2680F097FF7FB0AF10807D
:10051000AA99FF7FF8EDFF7F3C9AFF7F04EEFF7FF3
:10052000D89AFF7F01000000D49AFF7FAB08B1800A
:10053000F29AFF7FB0A80180049BFF7FB0A90A80D8
:10054000469CFF7F01000000489CFF7FB0AB1080FD
:10055000B09CFF7FB0A80980E89CFF7F01000000ED
:10056000EC9CFF7F00840280FC9CFF7F0100000068
:10057000849DFF7FD4EDFF7FDC9DFF7FE0EDFF7F5B
:100580005E9EFF7F010000006A9EFF7FFCEDFF7F03
:100590008E9EFF7F0CEEFF7F429FFF7F3CEEFF7F32
:1005A000F69FFF7F6CEEFF7F22A0FF7F7CEEFF7F38
:1005B0006CA0FF7F0100000072A0FF7F01AB0680EE
:1005C0001EA1FF7F80EEFF7FBCA1FF7FFCEEFF7FBF
:1005D00028A2FF7F0CEFFF7F56A2FF7F18EFFF7F5F
:1005E00034A3FF7F28EFFF7F74A3FF7F01A9028060
:1005F00096A3FF7F0100000094A3FF7FAB08B180AA
:10060000CAA3FF7F01000000CEA3FF7FA908B1802D
:10061000E8A3FF7F0CEFFF7F04A4FF7F0100000031
:100620000EA4FF7FB0B0A88046A4FF7F54EFFF7FE9
:1006300048A4FF7F0100000052A4FF7F70EFFF7FFE
:1006400056A4FF7F74EFFF7F62A4FF7FA908B180EB
:10065000C0A4FF7F70EFFF7FE8A4FF7F01000000D0
:1006600040A7FF7FB0B0A8804AA7FF7FB0B0AA80A4
:1006700066A7FF7FB0A801803AA8FF7F01000000B5
:1006800044A8FF7FB0B0AC807EA8FF7FBCEFFF7FA7
:1006900002A9FF7FB0AB088076A9FF7FB0AA0780D0
:1006A000A2A9FF7FB0AA0580CAA9FF7F01000000B0
:1006B000CEA9FF7FB0B0A880FEA9FF7F0100000097
:1006C0001CAAFF7FB0B0A8804CAAFF7F01000000E9
:1006D0006AAAFF7FB0B0A8808CAAFF7F010000004B
:1006E00084ABFF7FB0AB088094ACFF7F01000000BB
:1006F00092ACFF7FB0AA0180A2ACFF7F0100000096
:10070000ACACFF7FA908B180B2ACFF7F0100000054
:100710003AADFF7FB0AB028076ADFF7FB0AA01801B
:1007200094ADFF7FB0B0AE8074AEFF7FB0A9028001
:1007300088AEFF7F0100000072AFFF7FA908B18083
:100740008EAFFF7F0100000096AFFF7FA908B18048
:10075000B2AFFF7F01000000BAAFFF7FAF08978004
:10076000F6B0FF7FB0A9068016B1FF7FAF08978073
:1007700004B2FF7FAF06978012B3FF7FB0A9068057
:1007800032B3FF7FB0AC078082B3FF7FAF089780A2
:10079000C6B4FF7FB0A90680EAB4FF7FAF08978098
:1007A00006B6FF7FB0A906802AB6FF7FAF0A978002
:1007B00032B8FF7FB0A908805AB8FF7FAF0A978090
:1007C00062BAFF7FB0A908808ABAFF7FB0AB06800B
:1007D000B6BAFF7FB0AD26802ABBFF7FB0AF0280E4
:1007E000AEBBFF7FAF0C9780EEBEFF7FAF0697805A
:1007F00048C0FF7FB0AA078076C0FF7FB0AF1080EF
:100800008CC2FF7FB0AA078026C3FF7FB0AC0B80ED
:100810007EC3FF7FB0AA0780E2C3FF7FB0AF0E8028
:10082000EAC4FF7FB0AE1B807CC5FF7FB0AE2580E1
:100830000EC6FF7FB0AF128016C7FF7F0100000019
:100840003EC7FF7FA0F1FF7F70C7FF7FA4F1FF7F4E
:10085000FEC7FF7FA908B18036C8FF7F01000000F6
:1008600072C8FF7FB0B0A88082C8FF7F010000007F
:1008700098C8FF7FAD08B18038C9FF7F0100000034
:1008800066C9FF7FC0F1FF7F76C9FF7F01000000CE
:10089000D0C9FF7FB0A90280FCC9FF7F0100000022
:1008A00008CAFF7FB0AE018076CAFF7F010000005A
:1008B00098CAFF7FB0A90280CCCAFF7FB0AB02808C
:1008C00000CBFF7F008402800CCBFF7FB0B0A880FC
:1008D00022CBFF7F7CF1FF7F24CBFF7FB0A902807A
:1008E00038CBFF7FB0AA018090CBFF7F01000000D2
:1008F000BCCCFF7FB0AA0380E6CCFF7F01000000E4
:100900008ACDFF7FB0AC07802CCEFF7F01000000B6
:1009100094CFFF7F88F1FF7FDECFFF7F01000000D3
:100920008CD0FF7FB0AC018010D1FF7F7CF1FF7FC6
:100930004AD1FF7FB0B0AA8062D1FF7FB0AA018008
:10094000B8D1FF7F00840480C8D1FF7F8CF1FF7F86
:10095000D0D1FF7F01000000D2D1FF7F98F1FF7F4F
:10096000D2D1FF7F9CF1FF7FD4D1FF7FB0B0A880B0
:1009700008D2FF7FB0B0AA8034D2FF7FB0B0A88089
:100980009AD2FF7F01000000B0D2FF7F80F1FF7F8D
:10099000BCD2FF7F0100000078D3FF7FB0B0AC80F5
:1009A0009AD3FF7F01000000D8D3FF7FB0AF028051
:1009B00042D4FF7F0100000066D4FF7FB0AF1080FB
:1009C000CAD6FF7FB0AF0880E6D7FF7F01000000E6
:1009D0000ED8FF7F74F1FF7F24D8FF7F0100000055
:1009E00092D9FF7FB0AA0180CCD9FF7FB0A8018047
:1009F000EED9FF7F7CF1FF7F00DAFF7F010000006E
:100A000044DAFF7F8CF1FF7FA2DAFF7FB0B0AA80CB
:100A1000BEDAFF7FB0A80180CEDAFF7F01000000C0
:100A200002DBFF7FB0B0AA8020DBFF7F0100000067
:100A300060DBFF7FB0B0A88068DBFF7F01000000B3
:100A4000EADBFF7FFCF1FF7F12DCFF7F010000008B
:100A500000000000B00A0200496900000000000028
:100A6000A17D00000000000000000000F00A02006C
:100A700000000000D00A02008164010000000000B4
:100A800000000000100B02004D48000000000000B4
:100A90009D560000000000003D2500000000000001
:100AA00071420000000000008964010000000000A5
:100AB000D01B0200141C0200DC0D020068010020A3
:100AC0000C12002061470000000000000000000040
:100AD000441C02005C1C0200B80D02006A010020E8
:100AE000C0120020254C00000000000000000000A3
:100AF000501C0200741C0200B80D02006C010020A2
:100B0000CC120020254C0000000000000000000076
:100B1000B81C0200D41C0200F80D02006E01002077
:100B2000640000200B6201000000000000000000D3
:100B300000000000BB51010000000000BB5101009B
:100B400000000000BB51010000000000BB5101008B
:100B500000000000BB510100255C0000E9650100B8
:100B600000000000BB51010000000000BB5101006B
:100B7000100B02002962010000000000BB510100BF
:100B800000000000BB51010000000000BB5101004B
:100B900000000000BB510100DD630000E9650100B9
:100BA00000000000BB51010000000000BB5101002B
:100BB00000000000BB51010000000000BB5101001B
:100BC00000000000BB51010000000000BB5101000B
:100BD00000000000BB51010000000000B5570000FC
:100BE00000000000BB51010000000000BB510100EB
:100BF00000000000BB51010000000000BB510100DB
:100C000000000000BB51010000000000BB510100CA
:100C100000000000BB51010000000000BB510100BA
:100C200000000000BB51010000000000BB510100AA
:100C300000000000BB51010000000000BB5101009A
:100C400000000000BB51010000000000BB5101008A
:100C500000000000BB51010000000000BB5101007A
:100C600000000000BB51010000000000BB5101006A
:100C700000000000BB51010000000000BB5101005A
:100C800000000000BB51010000000000BB5101004A
:100C900000000000BB51010000000000BB5101003A
:100CA00000000000BB51010000000000BB5101002A
:100CB00000000000BB51010000000000BB5101001A
:100CC00000000000BB51010000000000BB5101000A
:100CD00000000000BB51010000000000BB510100FA
:100CE00000000000BB51010000000000BB510100EA
:100CF00000000000BB51010000000000BB510100DA
:100D000000000000BB51010000000000BB510100C9
:100D100000000000BB51010000000000BB510100B9
:100D200000000000BB51010000000000BB510100A9
:100D300000000000BB51010000000000BB51010099
:100D400000000000BB51010000000000BB51010089
:080D500000000000BB5101008E
:100D580060020020701F00200004000085150000BC
:100D68000000000000000000000000000700000074
:100D780000000000841202000000000000000000D3
:100D88001003002070230020000400005914000004
:100D98000000000000000000000000000600000045
:100DA8000000000094120200000000000000000093
:100DB800714A0000A9580100B5580100C95801003E
:100DC800D3580100DD580100714900001D59010088
:040DD8000000000017
:100DDC0029470000B7560100F95601000000000039
:0C0DEC00CB5501000000000000000000DA
:100DF800115B0100E9510000FD5E01003D5000005B
:100E0800B75A0100875E0100BB5B0100994F0000E3
:040E18000B5A010070
:100E1C008B3B0100C1B3000029FB000095FF0000D3
:0C0E2C006D010100350F010051100100A4
:100E38000013020003000000A012020003000000DB
:100E4800BC12020003000000BC13020003000000F3
:100E5800041C020003000000FC1302000300000051
:100E680000140200030000006C15020003000000DB
:100E7800F01A020003000000501E020003000000E8
:100E8800B01B020003000000C41C020003000000A5
:100E980090150200180000205815020001000000FB
:100EA800040000000F00000001000000080000001E
:100EB8002000000060000000700000000D0000002D
:100EC8000C0000000E00000050000000740000003C
:100ED800A8000000FFFFFFFFFFFFFFFFFFFFFFFF6E
:040EE800FFFFFFFF0A
:100EF00000258450002884500000000000000000FD
:100F00000338FDD870470000010000000000000019
:100F100005000000000000001900000000000000B3
:100F20007D000000000000007102000000000000D1
:100F3000350C000000000000093D0000000000002A
:100F40002D31010000000000E1F505000000000067
:100F500065CD1D0000000000F902950000000000B2
:100F6000DD0EE90200000000514A8D0E0000000075
:100F70009573C24800000000E941CC6B01000000FD
:100F80008D49FD1A07000000C16FF28623000000A2
:100F9000C52EBCA2B1000000D9E9AC2D7803000039
:100FA0003D9160E45811000031D6E275BC56000056
:100FB000F52E6E4DAEB10100C9EA268367780800B0
:100FC000ED95C28F055A2A00A1EDCCCE1BC2D300ED
:100FD00025A4000A8BCA22040000000000000000C3
:100FE00000000000000000100000000000000000F1
:100FF000B9340332B7F4AD1410DB1AB30892540EAF
:101000000D307D951447BA1A66088F4D26ADC66D12
:10101000F598BF85E2B74511CA96853D92BD1DEB97
:10102000FCA11860DCEF52163C92AE220BB8C1B4A2
:10103000839D2D5B0562DA1C304C7E8F4E8BB25B3C
:1010400016F4529F8B56A512FBD4827643ED8AF09C
:101050008FE7F9311565191850F19BD94A13EEB491
:10106000284CF0A686C1251F035FC270CB9E49168F
:10107000E642889C44EB2014B0650836AD6EA58529
:1010800085F0CA14E2FD031A0B899979D5B13D099F
:10109000D8DA973A35EBCF10AC363F5E73BB38CF1A
:1010A0003E6752FA44AFBA1501000000000000008C
:1010B0000000000000000020345065C05FC9A65247
:1010C000BB13CBAEC440C21806C8DF7100D5A87CE4
:1010D000F56F0FDA58FC27136E4756357D242065CF
:1010E00002C7E768E48CA41DE9E60268D7CD396140
:1010F0007977FCC2405BEF16798CDE43FFA751F98C
:1011000091F3B278F5BDBE11E857E9D6E8BEE87BA9
:10111000B054AC8F848D751BEA23A499E9F9D38B65
:10112000B7A3714061DA3E15CEE33ECB73F94808B0
:101130008C97B427D51B7010A2BFEFB9EB85321581
:101140004DB44DB49BBB6F1996B6076CF8E7EEAD86
:1011500036D9B4F59135AE13222218AF4E6A684DD8
:1011600091DAAA3D4F40741E9FBD9EE006A1C09833
:1011700057C2A7FDA40E90170E7D497173E3208F0F
:10118000B220D87605143B12853D7434811343B0E8
:10119000AD297A5F27F4351C53656D6170686F72F5
:1011A000652054616B656E2C20436F756E74203D15
:1011B0002025690A0000000053656D6170686F7238
:1011C0006520476976656E2C20436F756E74203DEF
:1011D0002025690A0000000052657475726E207641
:1011E000616C75652066726F6D206B5F6D736771E2
:1011F0005F707574203D20256400000050726F649C
:101200007563657220657865637574696F6E2074A7
:10121000696D65203D20256C6C64206D73000000B5
:1012200052657475726E2076616C75652066726F9A
:101230006D206B5F6D7367715F676574203D20255E
:1012400064000000436F6E73756D6572206578658C
:10125000637574696F6E2074696D65203D20256C1F
:101260006C64206D7300000058203D202564202C04
:101270002059203D202564202C205A203D20256423
:1012800000000000636F6E73756D5F746872656156
:101290006400000070726F645F746872656164005E
:1012A0004D41494E5F43000055415254204953205F
:1012B0004E4F542052454144590A00005541525462
:1012C0005F4300004C4544275320415245204E4F78
:1012D00054205245414459004C454430204E4F540F
:1012E00020434F4E46494755524544004C454431F2
:1012F000204E4F5420434F4E4649475552454400D7
:101300004C45445F43000000D00A02000700000083
:10131000D00A02000600000028756E7369676E65CA
:1013200064292063686172202A20757365642066D1
:101330006F722025257020617267756D656E742E41
:101340002049742773207265636F6D6D656E6465E7
:101350006420746F206361737420697420746F203B
:10136000766F6964202A2062656361757365206900
:1013700074206D6179206361757365206D69736296
:1013800065686176696F7220696E20636572746149
:10139000696E20636F6E66696775726174696F6EDE
:1013A000732E20537472696E673A2225732220616E
:1013B0007267756D656E743A2564000063627072C1
:1013C000696E74665F7061636B6167650000000041
:1013D0006C6F6767696E6700700400200001000091
:1013E0003D4E0100934D01000200000045500100F8
:1013F0000000000000000000000000006C6F6700AB
:101400006C6F675F6D676D74000000004D657373EE
:10141000616765202822257322292064726F70700D
:101420006564206265636175736520697420657801
:1014300063656564732073697A65206C696D69748E
:101440006174696F6E202825752900004D657373DE
:101450006167652064726F707065642062656361A6
:10146000757365206974206578636565647320739E
:10147000697A65206C696D69746174696F6E202882
:10148000257529005B2530386C755D200000000053
:101490005B253032753A253032753A253032752E5B
:1014A000253033752C253033755D20001B5B306D86
:1014B000000000002573000025732E0025733A20DC
:1014C000000000003C25733E2000000025732F0023
:1014D00025732000253032782000000020202000D5
:1014E0007C00000025630000206D657373616765F3
:1014F000732064726F70706564202D2D2D0D0A1B92
:101500005B306D001B5B313B33316D2D2D2D200089
:101510001B5B313B33316D001B5B313B33336D0063
:101520006572720077726E00696E660064626700B1
:101530000000000010150200181502000000000055
:101540000000000000000000201502002415020029
:10155000281502002C1502006C6F675F6261636BD7
:10156000656E645F75617274000000006C6F675F88
:10157000756172740000000080150200400C0020AC
:10158000CD2F0000580C0020640C0020010000004A
:101590001351010005510100F1500100E550010017
:1015A00000000000D9500100000000002A2A2A2073
:1015B000426F6F74696E67206E524620436F6E6E85
:1015C0006563742053444B2076332E312E312D65C4
:1015D0003261393766653235373861202A2A2A0A5E
:1015E000000000002A2A2A205573696E67205A6578
:1015F00070687972204F532076342E312E39392D70
:10160000666638663063353739656562202A2A2A6E
:101610000A000000000000002F5101006D75746584
:10162000785F696E69742063616C6C6564207769AA
:101630007468204E554C4C20706172616D65746504
:1016400072000000436F756C64206E6F7420616CD3
:101650006C6F63617465206D757465782062656672
:101660006F726520696E697469616C697A696E6709
:10167000000000003800002030000020280000207A
:101680000000000020000020B93100005D310000A2
:10169000E13000007530000072302F61313A2020B7
:1016A000307825303878202072312F61323A20206E
:1016B000307825303878202072322F61333A20205C
:1016C000307825303878000072332F61343A20208A
:1016D000307825303878207231322F69703A2020E6
:1016E000307825303878207231342F6C723A2020CF
:1016F000307825303878000020787073723A2020D6
:1017000030782530387800004661756C74696E67F2
:1017100020696E737472756374696F6E206164649E
:101720007265737320287231352F7063293A203027
:101730007825303878000000556E68616E646C65FD
:1017400064204952516E3A2025640000535053459D
:101750004C20696E20746872656164206D6F6465E9
:1017600020646F6573206E6F7420696E64696361B5
:1017700074652050535000002A2A2A2A2A205553E3
:10178000414745204641554C54202A2A2A2A2A00FE
:1017900020204469766973696F6E206279207A65CA
:1017A000726F00002020556E616C69676E65642061
:1017B0006D656D6F727920616363657373000000FE
:1017C0002020537461636B206F766572666C6F774F
:1017D0002028636F6E746578742061726561206E75
:1017E0006F742076616C69642900000020204E6FC0
:1017F00020636F70726F636573736F7220696E73AD
:101800007472756374696F6E730000002020496CF8
:101810006C6567616C206C6F6164206F6620455851
:10182000435F52455455524E20696E746F205043A9
:10183000000000002020496C6C6567616C207573A6
:1018400065206F6620746865204550535200000083
:101850002020417474656D707420746F2065786504
:101860006375746520756E646566696E656420696C
:101870006E737472756374696F6E00002A2A2A2A67
:101880002A204465627567206D6F6E69746F7220DF
:10189000657863657074696F6E202A2A2A2A2A0087
:1018A0005265736572766564204578636570746906
:1018B0006F6E20280000000053707572696F757399
:1018C00020696E74657272757074202849525120B7
:1018D000000000002A2A2A2A2A20257320256429AC
:1018E000202A2A2A2A2A00002A2A2A2A2A204D5077
:1018F00055204641554C54202A2A2A2A2A00000005
:101900002020537461636B696E67206572726F7219
:101910002028636F6E746578742061726561206D34
:1019200069676874206265206E6F742076616C69E7
:10193000642900002020556E737461636B696E67C3
:10194000206572726F720000202044617461204132
:1019500063636573732056696F6C6174696F6E00A1
:1019600020204D4D46415220416464726573733AA4
:1019700020307825780000002020496E737472753D
:101980006374696F6E204163636573732056696F7A
:101990006C6174696F6E00002020466C6F61746921
:1019A0006E672D706F696E74206C617A7920737424
:1019B00061746520707265736572766174696F6EAB
:1019C000206572726F7200002A2A2A2A2A20425544
:1019D00053204641554C54202A2A2A2A2A00000026
:1019E0002020537461636B696E67206572726F7239
:1019F00000000000202050726563697365206461F7
:101A0000746120627573206572726F72000000004D
:101A100020204246415220416464726573733A202B
:101A200030782578000000002020496D70726563D1
:101A300069736520646174612062757320657272D8
:101A40006F7200002020496E737472756374696F41
:101A50006E20627573206572726F72002A2A2A2ABC
:101A60002A2048415244204641554C54202A2A2AD3
:101A70002A2A00002020427573206661756C74204C
:101A80006F6E20766563746F72207461626C65207E
:101A90007265616400000000202044656275672063
:101AA0006576656E7400000020204661756C7420B8
:101AB000657363616C6174696F6E2028736565205E
:101AC00062656C6F77290000415243485F45584377
:101AD000455054207769746820726561736F6E2079
:101AE00025780A0000000020000000000600010028
:101AF0006D7075004661696C656420746F20616C5F
:101B00006C6F63617465206E6577204D505520724F
:101B10006567696F6E2025750A0000005061727458
:101B20006974696F6E2025753A2073616E697479E6
:101B300020636865636B206661696C65642E0000D4
:101B4000496E76616C696420756E6465726C796942
:101B50006E6720726567696F6E20696E64657820B4
:101B600025750000020000007C1B0200464C41531A
:101B7000485F30005352414D5F30000000000000CC
:101B80006C1B020006000000E0FF0F0000000020B8
:101B9000741B020021000000E0FF0620400000202E
:101BA000A011002061626F727428290A00000000F1
:101BB000736F6300212025242D550100CD540100B1
:101BC0000000000029450000094500000000000059
:101BD000636C6F636B403530303000006866636C57
:101BE0006B0000006C66636C6B0000006866636CE1
:101BF0006B3139326D0000006866636C6B6175642F
:101C0000696F0000636C6F636B5F636F6E74726FFC
:101C10006C000000AD4500001D460000DC1B02000A
:101C2000375701005F570100E41B02002D570100E8
:101C300055570100EC1B0200235701004B570100D0
:101C4000F81B02006770696F40383432383030005A
:101C50006770696F4038343235303000FFFF000064
:101C600000288450000000000100000000D0005057
:101C700000000000FFFFFFFF00258450000000006F
:101C80000000000000D0005000000000000102032E
:101C9000040506070B0000004661696C656420744A
:101CA0006F20616C6C6F63617465205050492043F4
:101CB00068616E6E656C000075617274403830301A
:101CC00030000000756172745F6E7266785F7561D6
:101CD00072746500008000500500000000000000E4
:101CE000081D02000000D6010000000000000000F6
:101CF0000000000000000000E0120020D8120020C8
:101D0000471F0020461F002000800050141D0200C5
:101D1000010000001C1D020004000000140000006F
:101D200013000002160600011506000300203030E3
:101D30003030303030303030303030300001000062
:101D4000000100000800000003000000435055207F
:101D5000657863657074696F6E000000556E686128
:101D60006E646C656420696E74657272757074005F
:101D7000537461636B206F766572666C6F770000D9
:101D80004B65726E656C206F6F7073004B65726E81
:101D9000656C2070616E696300000000556E6B6EAB
:101DA0006F776E206572726F72000000756E6B6ED9
:101DB0006F776E0048616C74696E67207379737415
:101DC000656D00003E3E3E205A455048595220461F
:101DD0004154414C204552524F522025643A20250F
:101DE00073206F6E20435055202564004661756C4A
:101DF0007420647572696E6720696E74657272759D
:101E000070742068616E646C696E670A000000007F
:101E100043757272656E74207468726561643A20ED
:101E2000257020282573290069646C650000000076
:101E30006D61696E00000000500A0200500A020045
:101E4000900A0200980A0200B00A0200B00A0200DA
:101E50006F730000FF8FFFFFFF8FFFFFFE8FFFFFFD
:101E6000FE8FFFFFFD8FFFFFFC8FFFFFFC8FFFFF4B
:101E7000FB8FFFFF6D757465785F66726565206323
:101E8000616C6C65642077697468204E554C4C20F9
:101E9000706172616D6574657200000043616E2748
:101EA0007420696E697469616C697A65206D7574F6
:101EB00065782C20776173204E554C4C0D0A00003C
:101EC000436F756C64206E6F74206C6F636B207051
:101ED0006F7765722073617665206D757465780023
:101EE000C02C0200AC310200481C0020EC1B00207A
:101EF000341C0020E01B00203C1C0020E81B0020BC
:101F0000581C0020FC1B0020541C0020F81B002043
:101F1000501C0020F41B00204C1C0020F01B002053
:101F2000381C0020E41B002000000000000000001E
:101F300000000000DC290200C18B00008F7401004A
:101F400000000000D0290200FD8B0000AD740100EC
:101F500000000000E8290200698E000025750100DC
:101F6000C02C0200CF310200902D0200E0310200AF
:101F70000000000002000000E01E0200020000005D
:101F8000601F020002000000502D02000D3202000E
:101F9000681F0200902D020029320200000000009C
:101FA00002000000E01E020002000000601F0200AC
:101FB00002000000502D020056320200941F020061
:101FC000902D0200723202000000000002000000AA
:101FD000E01E020002000000601F0200020000007C
:101FE000502D0200A0320200C01F0200902D0200FE
:101FF000BD3202000000000002000000E01E0200EE
:1020000002000000601F020002000000502D0200CC
:10201000EB320200EC1F020000000000681F02000B
:1020200000000000000000000000000000000000B0
:1020300000000000000000000000000000000000A0
:102040000000000000000000881F02001592000040
:102050002B7B0100C18F000061750100B59000006D
:10206000697501006D750100E9900000717501004E
:1020700000000000941F02000000000000000000AB
:102080000000000000000000000000000000000050
:102090000000000000000000000000000000000040
:1020A000B41F0200299200003D7B0100F58F000063
:1020B000617501004D900000697501006D750100AA
:1020C0007D9000007175010000000000C01F02003B
:1020D0000000000000000000000000000000000000
:1020E00000000000000000000000000000000000F0
:1020F0000000000000000000E01F02003D92000010
:102100004F7B0100A77A010075750100A1910000C5
:10211000697501006D75010059910000717501002C
:1021200000000000EC1F02000000000000000000A2
:10213000000000000000000000000000000000009F
:10214000000000000000000000000000000000008F
:102150000C20020001920000197B0100B9780100F7
:102160007575010009910000697501006D75010028
:10217000658F000071750100902D02007D33020013
:102180000000000002000000D02802000200000051
:1021900058220200020C0000902D0200B23302000F
:1021A0000000000002000000C4280200020000003D
:1021B00058220200020C0000902D0200E6330200BB
:1021C00000000000020000000C29020002000000D4
:1021D00058220200020C0000902D0200213402005F
:1021E00000000000020000002C2902000200000094
:1021F00058220200020C0000902D02005C34020004
:1022000000000000020000008C2902000200000013
:102210005822020002080000902D020092340200B1
:1022200000000000020000009829020002000000E7
:102230005822020002080000902D0200C83402005B
:1022400000000000020000004C2902000200000013
:102250005822020002100000C02C0200FD340200CF
:10226000902D020016350200000000000200000060
:10227000B0290200020000005822020002080000FB
:10228000000000007821020099940000017E010006
:102290006DAC010075AC0100FFAD0100EBAD0100BC
:1022A000D7AD010000000000982102002995000030
:1022B000497E01008B7B0100F982010087AC01009F
:1022C00000000000B8210200BD940000137E010050
:1022D0000BAC010011AC01004FAE01003BAE0100A0
:1022E00027AE010013AE010017AC01001DAC0100C8
:1022F00045AC010000000000D8210200E594000078
:10230000257E0100A9AB0100AFAB01009FAE01002B
:102310008BAE010077AE010063AE0100B5AB0100EA
:10232000BBAB0100E3AB010000000000F82102009C
:10233000559500005B7E0100F97C01002F830100B0
:102340000000000018220200799500006D7E010057
:10235000697D01009F7E010000000000382202001C
:102360000D950000377E0100B57D0100BF8301009F
:10237000A97D010000000000602202009D95000080
:102380007F7E0100EF7C0100AD7C01006B7C0100D1
:10239000297C0100E77B0100A57B0100C02C020025
:1023A0001D360200902D02002C36020000000000B5
:1023B00002000000E01E0200020000009C23020058
:1023C0000200000000000000A4230200719C000035
:1023D0001387010095870100A5870100C5870100CB
:1023E000D58701000B870100398701000F870100A5
:1023F00025870100C02C02009F360200C02C02007D
:10240000AC360200C02C0200BB360200502D020088
:10241000CD360200E01E0200502D0200E53602001B
:10242000E01E0200902D0200FE36020000000000B7
:1024300002000000E01E020002000000FC23020077
:1024400002000000902D02001E3702000000000074
:1024500002000000E01E020002000000FC23020057
:1024600002000000902D02003E3702000000000034
:1024700002000000E01E020002000000042402002E
:1024800002000000502D020057370200E01E02003B
:10249000502D02009D370200E01E0200902D020028
:1024A000E33702000000000002000000E01E02000E
:1024B00002000000F42302000200000000000000FF
:1024C0000C240200419D00002D890100F78B0100C2
:1024D000278B0100D38801000000000018240200AF
:1024E0003D8E000007750100B9880100C188010018
:1024F000978A0100878A0100778A010000000000A6
:1025000024240200698B00005374010057880100E5
:102510005D880100D78A0100C78A0100B78A0100DF
:10252000A78A010063880100698801009188010081
:102530000000000044240200958B0000717401002B
:10254000F5870100FB870100178B0100078B010055
:10255000F78A0100E78A010001880100078801006D
:102560002F8801000000000064240200259D000067
:102570001B890100CD88010073E30100D1880100AF
:102580000000000084240200E99C0000E5880100AE
:10259000BB9E0100559F0100000000009024020036
:1025A000FD9C0000F7880100B99F0000D79401004E
:1025B000000000009C240200119D00000989010018
:1025C000C9880100F99C01007F9D0100A19B0100C9
:1025D000639C0100919A0100059E0100902D02006C
:1025E0002838020000000000020000001824020049
:1025F0000200000058220200020C0000902D020090
:102600005D38020000000000020000000C240200FF
:102610000200000058220200020C0000902D02006F
:102620009138020000000000020000002424020093
:102630000200000058220200020C0000902D02004F
:10264000CC38020000000000020000004424020018
:102650000200000058220200020C0000902D02002F
:10266000073902000000000002000000842402007C
:10267000020000005822020002080000902D020013
:102680003D3902000000000002000000902402001A
:10269000020000005822020002080000902D0200F3
:1026A00073390200000000000200000064240200F0
:1026B000020000005822020002100000902D0200CB
:1026C000A839020000000000020000009C24020063
:1026D0000200000058220200020800000000000072
:1026E000DC250200E5B4000065A20100B988010004
:1026F000C1880100978A0100878A0100778A01005A
:1027000000000000FC25020075B50000ADA201002C
:1027100023A00100F9A70100D388010000000000F8
:102720001C26020009B5000077A2010057880100AD
:102730005D880100D78A0100C78A0100B78A0100BD
:10274000A78A01006388010069880100918801005F
:10275000000000003C26020031B5000089A2010003
:10276000F5870100FB870100178B0100078B010033
:10277000F78A0100E78A010001880100078801004B
:102780002F880100000000005C260200A1B50000B7
:10279000BFA2010091A101002FA8010000000000CC
:1027A0007C260200C5B50000D1A2010001A20100F3
:1027B000F5A20100000000009C26020059B50000AF
:1027C0009BA201004DA2010015A9010041A2010038
:1027D00000000000BC260200E9B50000E3A20100F1
:1027E00087A1010045A1010003A10100C1A00100D2
:1027F0007FA001003DA00100059E0100502D0200B8
:10280000DD390200242C020000000000FC27020039
:10281000D5B800001DAA01008FD0010091D00100A1
:102820008DA901005DA9010087A90100C9D001009F
:10283000D7A901003DAA01002FAA010051AA010059
:10284000CBA90100F9A90100502D0200243A020091
:10285000642802000000000048280200EDB90000D2
:1028600079AA0100C02C0200463A020000000000D4
:102870006428020065BA000063AB0100902D0200DD
:10288000523A020000000000010000004828020047
:1028900003F4FFFFA8280200BC2802000800000083
:1028A000000000007C2802009DBA000075AB01000A
:1028B000F8FFFFFFF8FFFFFF7C280200C1BA00000D
:1028C00087AB0100502D0200553A0200E01E0200C5
:1028D000502D0200633A0200E01E0200502D02005B
:1028E000723A0200E01E0200502D0200AC3A0200D3
:1028F000E01E0200502D0200E63A0200E01E020037
:10290000502D0200FF3A0200E01E0200902D02004E
:10291000123B02000000000002000000E01E020066
:1029200002000000FC23020002000000902D0200C3
:10293000283B02000000000002000000E01E020030
:1029400002000000FC23020002000000902D0200A3
:102950003E3B02000000000002000000E01E0200FA
:10296000020000000424020002000000902D02007A
:102970004D3B02000000000002000000E01E0200CB
:1029800002000000601F020002000000502D020043
:10299000793B0200E01E0200502D0200B53B020010
:1029A000E01E0200502D0200F13B0200E01E02007A
:1029B000902D02002C3C02000000000002000000EC
:1029C000E01E020002000000F423020002000000EA
:1029D000502D0200673C0200E01E0200502D020054
:1029E000853C0200E01E0200502D0200A33C0200C4
:1029F000E01E020000000000C428020079BB0000B5
:102A000029AD010007AF01004DBC000087AC0100FB
:102A100000000000D0280200398F0000437501003B
:102A20006DAC010075AC0100FFAD0100EBAD010024
:102A3000D7AD010000000000DC280200D1BA000080
:102A400099AC01006FC8010039C801008DCA0100AE
:102A5000C3CA0100F9CA01008FCB0100C5CB010038
:102A60004DDA0000E5DA00007DDB00002FCB01002D
:102A700000000000E8280200E5BA0000ABAC01004D
:102A80007FB8010057B801008BBA010057BC0100A4
:102A9000A7BD0100E3BF010023C20100B3BA0100DA
:102AA00000000000F428020021BB0000E1AC01009E
:102AB000000000000029020095BB00003BAD0100B2
:102AC000000000000C290200498D0000CB740100B9
:102AD0000BAC010011AC01004FAE01003BAE010098
:102AE00027AE010013AE010017AC01001DAC0100C0
:102AF00045AC0100000000002C290200758D00008B
:102B0000E9740100A9AB0100AFAB01009FAE010069
:102B10008BAE010077AE010063AE0100B5AB0100E2
:102B2000BBAB0100E3AB0100000000004C29020038
:102B30005DBB000017AD010081AC0100B5E30100F1
:102B400085AC0100000000006C29020000000000BC
:102B50000000000000000000000000000000000075
:102B60000000000000000000000000000000000065
:102B7000000000008C290200F9BA0000BDAC010081
:102B8000D9F9000079FA000000000000982902003D
:102B90000DBB0000CFAC010045CA000053C20100CC
:102BA00000000000A429020035BB0000F3AC0100C6
:102BB00087C2010000000000B029020049BB0000EC
:102BC00005AD01007DAC01003FCE0100C7CE010084
:102BD0000BCD0100A5CD0100FBCB0100902D020023
:102BE000BB3C020000000000010000004828020079
:102BF00003F4FFFF082C02001C2C0200040000005C
:102C000000000000DC2B0200EDFB00004FCF0100B4
:102C1000FCFFFFFFFCFFFFFFDC2B02000DFC0000B0
:102C200061CF0100C02C0200BE3C02000000000089
:102C3000242C02001DFC0000F7D001008FD0010001
:102C400091D0010093D00100A9D00100C5D00100AE
:102C5000C9D001005DD10100CDD00100D3D0010069
:102C6000EBD0010009D10100F1D00100502D02008C
:102C70003D3D0200E42C0200000000006C2C02002C
:102C80007DFE000085D5010075FE0000502D02007C
:102C9000583D0200E42C0200000000008C2C0200D1
:102CA00099FE000099D5010091FE0000502D020010
:102CB000643D0200742D020000000000AC2C0200F4
:102CC000ADFE0000EBD501003DDD01003DDD010062
:102CD00055D60100ADD501003DD60100FFD501005C
:102CE000DFD50100C02C0200A83D0200502D0200DB
:102CF000B53D0200E42C0200C02C0200C73D0200DA
:102D0000C02C0200E73D020000000000EC2C020095
:102D100051D9010053D9010055010100502D020085
:102D20000B3E0200E42C0200000000001C2D0200FB
:102D30006505010021DC01004D010100502D02005C
:102D40002F3E0200AC2C0200000000003C2D0200CF
:102D5000CD0501004DDC01003DDD01003DDD010040
:102D600055D60100ADD5010011DD01009DDC01004B
:102D700061DC0100C02C0200543E0200502D020014
:102D8000613E0200AC2C0200000000007C2D02001D
:102D9000E10501006DDD01003DDD01003DDD0100CB
:102DA00055D60100ADD501008BE001001FDE01000A
:102DB00081DD0100502D0200BC3E02006C290200A2
:102DC00000000000B42D0200E1070100DFE1010076
:102DD000B5E10100C3E10100B5E10100CBE1010073
:102DE000CFE10100D3E10100CBE10100502D020051
:102DF0005C3F0200E42C0200502D02006C3F0200F8
:102E0000EC2D0200502D02007D3F0200EC2D02004F
:102E1000502D02008E3F0200E42C02000000000052
:102E2000EC2D0200950A01000FE40100F9E3010016
:102E300000000000F82D0200B90A010021E40100A1
:102E4000F9E3010000000000042E0200CD0A010099
:102E500033E40100F9E3010000000000102E02003D
:102E6000710A0100FDE30100F9E30100502D0200A9
:102E7000B24002002C2F0200502D0200CF40020071
:102E8000242F0200002F0200F44002006C2E0200EA
:102E9000902D020006410200000000000100000029
:102EA0003C2D020000000000000000006C2E02001B
:102EB000C10D0100FFE40100FBE40100000000007F
:102EC000782E0200AD0D0100E9E40100A50D01001E
:102ED0002BE60100050E0100B5E50100BBE5010090
:102EE000E5E5010000000000842E0200E90D01006C
:102EF00049E50100FBE4010000000000902E020003
:102F0000D50D010011E501003DDD01003DDD0100B1
:102F100055D6010023E5010011DD01009DDC010013
:102F200061DC0100C02C020026410200502D02008D
:102F30003F410200102E0200502D020050410200BD
:102F4000242F0200502D02007A410200242F02009B
:102F5000000000002C2F0200E50F010019E601001F
:102F6000F9E3010000000000382F0200FBE501003A
:102F700001E60100710F01002BE60100F90F0100CD
:102F8000B5E50100A1E50100E5E501000000000054
:102F9000442F0200F9E501000DE60100790F010060
:102FA0002BE60100F90F0100810F01005BE6010033
:102FB000E5E50100502D0200A3410200E42C0200CF
:102FC00000000000B42F02008110010089E601001A
:102FD00085E601005D40020061400200654002009C
:102FE00069400200244002006D400200714002006E
:102FF00075400200794002007D40020081400200DD
:1030000085400200074002000F4002001840020005
:103010001E40020024400200284002002D40020011
:103020003240020039400200434002004B4002009F
:1030300054400200EB3F0200EF3F0200F33F02006A
:10304000F73F0200FB3F0200FF3F02000340020087
:10305000B23F0200B93F0200C03F0200C83F020079
:10306000D23F0200DB3F0200E23F02009636020040
:1030700087360200A94B0200A03F0200A33F0200D6
:10308000BE4B0200074002000F4002001840020041
:103090001E40020024400200284002002D40020091
:1030A0003240020039400200434002004B4002001F
:1030B00054400200D64B0200A63F0200B14002007D
:1030C000B1400200B1400200B1400200B140020034
:1030D00000000000000000000000000000000000F0
:1030E0000000004095596959555554551555555688
:1030F0000405154110545540455155444045504430
:10310000505555450040004040044496655556557D
:1031100045404554514115405591555555554051DF
:103120000501000054455454455505040010041091
:10313000140440000000014055551541540400009E
:10314000440001000000004041000044504445504C
:103150005400555554556551004000400100000190
:10316000000501001154515154555505000000004F
:10317000000000000000000000001F003B005A009B
:1031800078009700B500D400F300110130014E0122
:103190006D0100001F003C005B0079009800B60044
:1031A000D500F400120131014F016E014E53743607
:1031B0006C6F63616C6535666163657445004300DF
:1031C000747275650066616C736500EFBBBF005378
:1031D000743132636F64656376745F626173650036
:1031E000537432335F5F636F64656376745F6162EB
:1031F0007374726163745F626173654944736331B0
:10320000305F6D6273746174655F74450053743729
:10321000636F64656376744944736331305F6D62D4
:1032200073746174655F744500537432335F5F6318
:103230006F64656376745F61627374726163745FF7
:10324000626173654944696331305F6D62737461B3
:1032500074655F744500537437636F646563767497
:103260004944696331305F6D6273746174655F7482
:103270004500537432335F5F636F64656376745FD8
:1032800061627374726163745F62617365494473F0
:10329000447531305F6D6273746174655F744500AD
:1032A000537437636F64656376744944734475314E
:1032B000305F6D6273746174655F7445005374327E
:1032C000335F5F636F64656376745F6162737472AA
:1032D0006163745F62617365494469447531305F4D
:1032E0006D6273746174655F744500537437636F06
:1032F0006465637674494469447531305F6D627307
:10330000746174655F744500EFBBBF62617369638C
:103310005F737472696E673A3A5F535F636F6E737F
:103320007472756374206E756C6C206E6F74207689
:10333000616C69640063616E6E6F742063726561B5
:103340007465207368696D20666F7220756E6B6E90
:103350006F776E206C6F63616C653A3A6661636586
:103360007400756E696E697469616C697A65642050
:103370005F5F616E795F737472696E67002A4E5386
:103380007431335F5F66616365745F7368696D7321
:1033900031325F474C4F42414C5F5F4E5F313133BA
:1033A0006E756D70756E63745F7368696D496345A2
:1033B00045002A4E537431335F5F66616365745F05
:1033C0007368696D7331325F474C4F42414C5F5FA8
:1033D0004E5F313132636F6C6C6174655F73686925
:1033E0006D49634545002A4E537431335F5F666112
:1033F0006365745F7368696D7331325F474C4F4228
:10340000414C5F5F4E5F3131356D6F6E6579707520
:103410006E63745F7368696D49634C6231454545FD
:10342000002A4E537431335F5F66616365745F7366
:1034300068696D7331325F474C4F42414C5F5F4E5C
:103440005F3131356D6F6E657970756E63745F7362
:1034500068696D49634C6230454545002A4E537496
:1034600031335F5F66616365745F7368696D733183
:10347000325F474C4F42414C5F5F4E5F3131346D9C
:103480006F6E65795F6765745F7368696D496345E1
:1034900045002A4E537431335F5F66616365745F24
:1034A0007368696D7331325F474C4F42414C5F5FC7
:1034B0004E5F3131346D6F6E65795F7075745F7317
:1034C00068696D49634545002A4E537431335F5F27
:1034D00066616365745F7368696D7331325F474C11
:1034E0004F42414C5F5F4E5F3131336D65737361A5
:1034F0006765735F7368696D49634545004E537432
:10350000366C6F63616C65356661636574365F5FE9
:103510007368696D45002A4E537431335F5F66618D
:103520006365745F7368696D7331325F474C4F42F6
:10353000414C5F5F4E5F31313374696D655F676524
:10354000745F7368696D496345450025733A205F70
:103550005F706F732028776869636820697320251E
:103560007A7529203E20746869732D3E73697A65E7
:1035700028292028776869636820697320257A756F
:10358000290062617369635F737472696E673A3AA6
:10359000636F70790062617369635F737472696EDF
:1035A000673A3A5F535F6372656174650062617385
:1035B00069635F737472696E673A3A6572617365C5
:1035C0000062617369635F737472696E673A3A5F30
:1035D0004D5F7265706C6163655F617578006261F3
:1035E0007369635F737472696E673A3A6173736982
:1035F000676E0062617369635F737472696E673AC4
:103600003A617070656E640062617369635F7374C0
:1036100072696E673A3A726573697A6500537431FC
:103620003063747970655F626173650053743563EC
:10363000747970654963450062617369635F73748F
:1036400072696E673A20636F6E7374727563746922
:103650006F6E2066726F6D206E756C6C20697320C2
:103660006E6F742076616C69640062617369635F78
:10367000737472696E673A3A696E73657274004367
:1036800000252E2A4C6600256D2F25642F257900F4
:1036900025483A254D0025483A254D3A25530053F3
:1036A000743974696D655F6261736500537431309C
:1036B0006D6F6E65795F6261736500537431336D50
:1036C000657373616765735F62617365004E537400
:1036D000375F5F637878313137636F6C6C61746525
:1036E00049634545004E5374375F5F6378783131E5
:1036F000386E756D70756E637449634545004E5341
:1037000074375F5F637878313131306D6F6E657912
:1037100070756E637449634C6231454545004E5384
:1037200074375F5F637878313131306D6F6E6579F2
:1037300070756E637449634C6230454545004E5365
:1037400074375F5F6378783131386D6573736167A3
:10375000657349634545004E5374375F5F637878FE
:103760003131396D6F6E65795F6765744963537484
:1037700031396973747265616D6275665F6974650C
:103780007261746F72496353743131636861725F3F
:10379000747261697473496345454545004E5374BD
:1037A000375F5F6378783131396D6F6E65795F703F
:1037B00075744963537431396F73747265616D62E6
:1037C00075665F6974657261746F724963537431B1
:1037D00031636861725F74726169747349634545EE
:1037E0004545004E5374375F5F63787831313874E4
:1037F000696D655F676574496353743139697374C2
:103800007265616D6275665F6974657261746F720D
:10381000496353743131636861725F7472616974B2
:1038200073496345454545002A4E537431335F5F04
:1038300066616365745F7368696D7331325F474CAD
:103840004F42414C5F5F4E5F3131336E756D707525
:103850006E63745F7368696D49634545002A4E5312
:103860007431335F5F66616365745F7368696D733C
:1038700031325F474C4F42414C5F5F4E5F313132D6
:10388000636F6C6C6174655F7368696D496345450E
:10389000002A4E537431335F5F66616365745F73F2
:1038A00068696D7331325F474C4F42414C5F5F4EE8
:1038B0005F3131356D6F6E657970756E63745F73EE
:1038C00068696D49634C6231454545002A4E537421
:1038D00031335F5F66616365745F7368696D73310F
:1038E000325F474C4F42414C5F5F4E5F3131356D27
:1038F0006F6E657970756E63745F7368696D496327
:103900004C6230454545002A4E537431335F5F6643
:10391000616365745F7368696D7331325F474C4FE3
:1039200042414C5F5F4E5F3131346D6F6E65795F40
:103930006765745F7368696D49634545002A4E5336
:103940007431335F5F66616365745F7368696D735B
:1039500031325F474C4F42414C5F5F4E5F313134F3
:103960006D6F6E65795F7075745F7368696D4963BB
:103970004545002A4E537431335F5F666163657459
:103980005F7368696D7331325F474C4F42414C5FE2
:103990005F4E5F3131336D657373616765735F735C
:1039A00068696D49634545002A4E537431335F5F42
:1039B00066616365745F7368696D7331325F474C2C
:1039C0004F42414C5F5F4E5F31313374696D655FCB
:1039D0006765745F7368696D49634545004E395F7B
:1039E0005F676E755F6378783138737464696F5F91
:1039F00073796E635F66696C65627566496353745B
:103A00003131636861725F747261697473496345CF
:103A100045450062617369635F696F733A3A636C2D
:103A20006561720053743962617369635F696F73B2
:103A3000496353743131636861725F747261697490
:103A4000734963454500537438696F735F626173EE
:103A50006500536900537437636F6C6C617465491A
:103A60006345005374386E756D70756E6374496389
:103A700045005374376E756D5F67657449635374A1
:103A800031396973747265616D6275665F697465F9
:103A90007261746F72496353743131636861725F2C
:103AA0007472616974734963454545005374376E98
:103AB000756D5F7075744963537431396F737472C7
:103AC00065616D6275665F6974657261746F724974
:103AD0006353743131636861725F747261697473C6
:103AE000496345454500537431375F5F74696D65BF
:103AF00070756E63745F6361636865496345005305
:103B00007431315F5F74696D6570756E637449639C
:103B10004500537431306D6F6E657970756E6374E6
:103B200049634C6231454500537431306D6F6E65A9
:103B30007970756E637449634C6230454500537407
:103B4000386D6573736167657349634500537432FB
:103B5000335F5F636F64656376745F616273747211
:103B60006163745F6261736549636331305F6D6285
:103B700073746174655F7445005374396D6F6E655D
:103B8000795F676574496353743139697374726519
:103B9000616D6275665F6974657261746F724963A5
:103BA00053743131636861725F747261697473490F
:103BB00063454545005374396D6F6E65795F707567
:103BC000744963537431396F73747265616D6275D2
:103BD000665F6974657261746F72496353743131E1
:103BE000636861725F7472616974734963454545C6
:103BF0000053743874696D655F70757449635374EC
:103C000031396F73747265616D6275665F69746571
:103C10007261746F72496353743131636861725FAA
:103C2000747261697473496345454500537438740F
:103C3000696D655F6765744963537431396973747D
:103C40007265616D6275665F6974657261746F72C9
:103C5000496353743131636861725F74726169746E
:103C600073496345454500537431385F5F6D6F6E2E
:103C7000657970756E63745F636163686549634CF1
:103C80006230454500537431385F5F6D6F6E657902
:103C900070756E63745F636163686549634C62311C
:103CA000454500537431365F5F6E756D70756E6398
:103CB000745F636163686549634500536F005374C3
:103CC000313562617369635F73747265616D6275CA
:103CD00066496353743131636861725F74726169FC
:103CE0007473496345450062617369635F737472FD
:103CF000696E673A3A5F4D5F637265617465006231
:103D0000617369635F737472696E673A3A72657062
:103D10006C6163650062617369635F737472696E7D
:103D2000673A3A5F4D5F7265706C616365007374EA
:103D3000643A3A6261645F616C6C6F63005374391A
:103D40006261645F616C6C6F63007374643A3A62C1
:103D500061645F63617374005374386261645F63AC
:103D6000617374004E31305F5F63787861626976A9
:103D70003131375F5F636C6173735F747970655F56
:103D8000696E666F45007374643A3A65786365706E
:103D900074696F6E007374643A3A6261645F657847
:103DA00063657074696F6E0053743965786365700C
:103DB00074696F6E00537431336261645F65786358
:103DC000657074696F6E004E31305F5F6378786143
:103DD0006269763131355F5F666F726365645F7506
:103DE0006E77696E6445004E31305F5F637878614D
:103DF0006269763131395F5F666F726569676E5FE0
:103E0000657863657074696F6E45004E395F5F67F2
:103E10006E755F6378783230726563757273697638
:103E2000655F696E69745F6572726F724500004EFE
:103E300031305F5F637878616269763132305F5F1D
:103E400073695F636C6173735F747970655F696ECA
:103E5000666F4500537439747970655F696E666F7B
:103E6000004E31305F5F637878616269763132315C
:103E70005F5F766D695F636C6173735F74797065A2
:103E80005F696E666F4500254C66006C6F63616C00
:103E9000653A3A66616365743A3A5F535F63726587
:103EA0006174655F635F6C6F63616C65206E616DEB
:103EB00065206E6F742076616C696400537437639B
:103EC0006F646563767449636331305F6D627374E8
:103ED0006174655F7445002D2B785830313233346E
:103EE0003536373839616263646566303132333470
:103EF0003536373839414243444546002D2B7858F2
:103F0000303132333435363738396162636465664F
:103F1000414243444546002D303132333435363743
:103F2000383900474D540048535400414B53540016
:103F3000505354004D5354004353540045535400C0
:103F4000415354004E5354004345540049535400C8
:103F5000454554004A535400020300045374313160
:103F60006C6F6769635F6572726F72005374313290
:103F70006C656E6774685F6572726F72005374313E
:103F8000326F75745F6F665F72616E676500537440
:103F9000313372756E74696D655F6572726F720030
:103FA000414D00504D0025493A254D3A25532025D5
:103FB000700053756E646179004D6F6E64617900B5
:103FC00054756573646179005765646E65736461E7
:103FD000790054687572736461790046726964612E
:103FE000790053617475726461790053756E004D88
:103FF0006F6E00547565005765640054687500461F
:10400000726900536174004A616E7561727900468D
:1040100065627275617279004D617263680041700A
:1040200072696C004D6179004A756E65004A756C65
:1040300079004175677573740053657074656D62BE
:104040006572004F63746F626572004E6F76656DC6
:1040500062657200446563656D626572004A616EF7
:1040600000466562004D617200417072004A756ED3
:10407000004A756C0041756700536570004F6374AA
:10408000004E6F760044656300696F7374726561FA
:104090006D00696F73747265616D206572726F7205
:1040A00000556E6B6E6F776E206572726F72003A9C
:1040B00020004E537438696F735F626173653766B1
:1040C00061696C7572654235637878313145002AD3
:1040D0004E31325F474C4F42414C5F5F4E5F313152
:1040E00037696F5F6572726F725F63617465676F66
:1040F00072794500537431335F5F696F735F666136
:10410000696C75726500537431395F5F696F7366EE
:1041100061696C5F747970655F696E666F00676571
:104120006E65726963004E5374335F563231346585
:1041300072726F725F63617465676F727945005365
:1041400074313273797374656D5F6572726F72006A
:104150002A4E31325F474C4F42414C5F5F4E5F31D8
:10416000323267656E657269635F6572726F725F26
:1041700063617465676F727945002A4E31325F471B
:104180004C4F42414C5F5F4E5F31323173797374F3
:10419000656D5F6572726F725F63617465676F7280
:1041A0007945004E537438696F735F626173653788
:1041B0006661696C75726545000020202020202012
:1041C00020202028282828282020202020202020C7
:1041D00020202020202020202020881010101010C7
:1041E0001010101010101010101004040404040417
:1041F00004040404101010101010104141414141FA
:10420000410101010101010101010101010101015E
:1042100001010101011010101010104242424242EF
:10422000420202020202020202020202020202022E
:104230000202020202101010102000000000000014
:10424000000000000000000000000000000000006E
:10425000000000000000000000000000000000005E
:10426000000000000000000000000000000000004E
:10427000000000000000000000000000000000003E
:10428000000000000000000000000000000000002E
:10429000000000000000000000000000000000001E
:1042A000000000000000000000000000000000000E
:1042B0000000000000000000000053756363657398
:1042C00073004E6F74206F776E6572004E6F2073AF
:1042D0007563682066696C65206F72206469726519
:1042E00063746F7279004E6F20737563682070720B
:1042F0006F6365737300496E74657272757074656F
:10430000642073797374656D2063616C6C00492F50
:104310004F206572726F72004E6F20737563682054
:10432000646576696365206F722061646472657389
:104330007300417267206C69737420746F6F206C16
:104340006F6E67004578656320666F726D617420DB
:104350006572726F7200536F636B657420616C726B
:104360006561647920636F6E6E6563746564004295
:1043700061642066696C65206E756D626572004EC1
:104380006F206368696C6472656E0044657374695C
:104390006E6174696F6E20616464726573732072FC
:1043A00065717569726564004E6F206D6F7265206E
:1043B00070726F636573736573004E6F7420656E02
:1043C0006F756768207370616365005065726D6911
:1043D0007373696F6E2064656E6965640042616421
:1043E000206164647265737300426C6F636B206458
:1043F00065766963652072657175697265640044EC
:104400006576696365206F72207265736F7572637C
:104410006520627573790046696C652065786973FB
:1044200074730043726F73732D64657669636520DE
:104430006C696E6B004E6F207375636820646576DF
:10444000696365004E6F74206120646972656374EE
:104450006F727900486F737420697320646F776E90
:1044600000436F6E6E656374696F6E20616C726578
:1044700061647920696E2070726F67726573730072
:1044800049732061206469726563746F72790049B1
:104490006E76616C696420617267756D656E74001B
:1044A0004E6574776F726B20696E746572666163B6
:1044B00065206973206E6F7420636F6E666967751F
:1044C00072656400436F6E6E656374696F6E206120
:1044D000626F72746564206279206E6574776F72A2
:1044E0006B00546F6F206D616E79206F70656E2068
:1044F00066696C657320696E2073797374656D00ED
:1045000046696C652064657363726970746F7220AC
:1045100076616C756520746F6F206C6172676500E1
:104520004E6F7420612063686172616374657220EC
:1045300064657669636500546578742066696C65A6
:1045400020627573790046696C6520746F6F206C0A
:104550006172676500486F737420697320756E72AD
:104560006561636861626C65004E6F2073706163A2
:1045700065206C656674206F6E206465766963657E
:10458000004E6F7420737570706F727465640049AB
:104590006C6C6567616C207365656B005265616466
:1045A0002D6F6E6C792066696C6520737973746504
:1045B0006D00546F6F206D616E79206C696E6B7346
:1045C0000042726F6B656E2070697065004D61749A
:1045D00068656D617469637320617267756D656E7E
:1045E00074206F7574206F6620646F6D61696E2032
:1045F0006F662066756E6374696F6E0052657375C1
:104600006C7420746F6F206C61726765004E6F2050
:104610006D657373616765206F6620646573697289
:1046200065642074797065004964656E74696669B3
:1046300065722072656D6F76656400496C6C6567A4
:10464000616C20627974652073657175656E636550
:1046500000446561646C6F636B004E6574776F72C4
:104660006B20697320756E726561636861626C6549
:10467000004E6F206C6F636B004E6F74206120736F
:10468000747265616D0053747265616D20696F634A
:10469000746C2074696D656F7574004E6F2073744F
:1046A0007265616D207265736F7572636573004D1D
:1046B000616368696E65206973206E6F74206F6E28
:1046C00020746865206E6574776F726B004E6F2082
:1046D0007061636B616765005265736F75726365C6
:1046E0002069732072656D6F746500566972747508
:1046F000616C206369726375697420697320676FE8
:104700006E650041647665727469736520657272C6
:104710006F720053726D6F756E74206572726F7276
:1047200000436F6D6D756E69636174696F6E2065AE
:1047300072726F720050726F746F636F6C2065726B
:10474000726F7200556E6B6E6F776E2070726F7441
:104750006F636F6C004D756C7469686F7020617465
:1047600074656D7074656400426164206D65737377
:104770006167650043616E6E6F742061636365738A
:10478000732061206E65656465642073686172657D
:1047900064206C696272617279004163636573734E
:1047A000696E67206120636F727275707465642032
:1047B000736861726564206C696272617279002E3F
:1047C0006C69622073656374696F6E20696E206125
:1047D0002E6F757420636F7272757074656400411A
:1047E0007474656D7074696E6720746F206C696E87
:1047F0006B20696E206D6F726520736861726564ED
:10480000206C6962726172696573207468616E20E0
:1048100073797374656D206C696D69740043616EA2
:104820006E6F7420657865632061207368617265BE
:1048300064206C6962726172792064697265637464
:104840006C790046756E6374696F6E206E6F7420AC
:10485000696D706C656D656E746564004469726540
:1048600063746F7279206E6F7420656D7074790057
:1048700046696C65206F722070617468206E616D8E
:104880006520746F6F206C6F6E6700546F6F206DC2
:10489000616E792073796D626F6C6963206C696EEB
:1048A0006B73004E6F20627566666572207370616F
:1048B000636520617661696C61626C65004E6F2092
:1048C0006461746100416464726573732066616D34
:1048D000696C79206E6F7420737570706F72746577
:1048E000642062792070726F746F636F6C206661F0
:1048F0006D696C790050726F746F636F6C207772A2
:104900006F6E67207479706520666F7220736F63B5
:104910006B657400536F636B6574206F70657261B3
:1049200074696F6E206F6E206E6F6E2D736F636B88
:1049300065740050726F746F636F6C206E6F7420BB
:10494000617661696C61626C650043616E277420F9
:1049500073656E6420616674657220736F636B6546
:10496000742073687574646F776E00436F6E6E6544
:104970006374696F6E207265667573656400436F5A
:104980006E6E656374696F6E207265736574206204
:10499000792070656572004164647265737320618B
:1049A0006C726561647920696E207573650041647D
:1049B0006472657373206E6F7420617661696C61D7
:1049C000626C6500536F6674776172652063617510
:1049D00073656420636F6E6E656374696F6E2061CA
:1049E000626F727400536F636B6574206973206E1D
:1049F0006F7420636F6E6E656374656400536F63DC
:104A00006B65742074797065206E6F742073757097
:104A1000706F7274656400536F636B6574206973A3
:104A200020616C726561647920636F6E6E6563747A
:104A30006564004F7065726174696F6E2063616EAA
:104A400063656C6564005374617465206E6F7420D7
:104A50007265636F76657261626C6500507265762F
:104A6000696F7573206F776E657220646965640085
:104A700053747265616D7320706970652065727220
:104A80006F72004F7065726174696F6E206E6F7423
:104A900020737570706F72746564206F6E20736F11
:104AA000636B65740056616C756520746F6F206C64
:104AB0006172676520666F7220646566696E656401
:104AC00020646174612074797065004D6573736151
:104AD000676520746F6F206C6F6E6700436F6E6E3A
:104AE000656374696F6E2074696D6564206F757499
:104AF000002573252E2A6400257325302E2A640094
:104B00002B002D0025326400252E32642F252E32F5
:104B1000642F252E326400256C7500592D256D2DCE
:104B20002564002E2A7500252E336400252E31645D
:104B300000256C6C6400252E32643A252E32643ACE
:104B4000252E32640025652D25622D2500252B306C
:104B5000336C64252E326C6400545A002531315B6D
:104B60002D2B302D39412D5A612D7A5D256E002572
:104B700031315B412D5A612D7A5D256E004D2568DE
:104B800075256E2E256875256E2E256875256E0097
:104B90002F256875256E3A256875256E3A25687546
:104BA000256E00504F53495800256120256220256D
:104BB000652025483A254D3A255320255900256181
:104BC0002025622025652025483A254D3A25532089
:104BD000255A202559006D6400616E006E66696E6D
:104BE00069747900616E006E66696E697479002877
:104BF0006E756C6C29002A666C6F61742A006364A0
:104C0000696E6F70737578585B001F1C1F1E1F1E26
:104C10001F1F1E1F1E1F1F1D1F1E1F1E1F1F1E1FAB
:044C20001E1F000053
:104C24000A000000140000001E000000100B020027
:104C34006D440100C74D010078150200000000001A
:104C4400D80100203A000000EC0100203A000000E6
:104C5400C40100203A000000000200203A000000D5
:104C64000000000073540100000000000000000078
:104C74005000002050000020000000000000000050
:104C84000E000000B008002000000000000000003A
:104C9400000000000090D0030070015000000000EC
:104CA400FFFFFFFF3F000000FFFFFFFF3F0000008A
:104CB400FF000000900200009800002098000020EF
:104CC40000000000FD7D0000E4000020DC00002066
:104CD400D400002000000000CC000020297F000048
:104CE400757E0000A97E0000F17E0000D013002034
:104CF4003A00003AD41300203A00003AD8130020B6
:104D04003A00003ADC1300203A00003AF400002094
:104D1400B8000020B0000020AC000020A800002053
:104D240021DB0100D73E0200FC3E0200173F0200D7
:104D3400233F0200273F02002B3F0200303F0200C6
:104D4400343F0200383F02003C3F0200403F020073
:104D5400443F0200483F02004C3F0200503F020023
:104D6400383F0200543F0200C42E0200942F020078
:104D74006C2F02003D420000233F0200233F02004B
:054D84003C1F002001AE
:0B4D890000000000000000000000001F
:104D9400000000000000000000000000000000000F
:104DA40000000000000000000000000000000000FF
:104DB40000000000000000000000000000000000EF
:0C4DC400000000000000000000000000E3
:044DD00000000000DF
:104DD400B0010020B001002000000000000000002D
:104DE4000E000000C4010020C401002000000000E7
:104DF400000000000E000000D8010020D8010020AF
:104E040000000000000000000E000000EC01002083
:104E1400EC01002000000000000000000E00000073
:104E2400000200200002002000000000000000003A
:044E34000E0000006C
:104E38001402002014020020000000000C000000F2
:104E480010000000B037002070380020B037002074
:0C4E5800B0370020000000000000000047
:104E64004002002040020020000000000100000079
:104E74005002002050020020000000000A00000040
:044E840015E015E040
:0400000300003A912E
:00000001FF
