:020000040000FA
:10000000E8370020ED3A000097510100D93A00008E
:10001000D93A0000D93A0000D93A0000D93A000094
:100020000000000000000000000000006D3C000027
:10003000D93A000000000000053C0000D93A000059
:10004000FD3D0000FD3D0000FD3D0000FD3D0000C8
:10005000FD3D0000FD3D0000FD3D0000FD3D0000B8
:10006000FD3D0000FD3D0000FD3D0000FD3D0000A8
:10007000FD3D0000FD3D0000FD3D0000FD3D000098
:10008000FD3D0000FD3D0000FD3D0000FD3D000088
:10009000FD3D0000FD3D0000FD3D0000FD3D000078
:1000A000FD3D0000FD3D0000FD3D0000FD3D000068
:1000B000FD3D0000FD3D0000FD3D0000FD3D000058
:1000C000FD3D0000FD3D0000FD3D0000FD3D000048
:1000D000FD3D0000FD3D0000FD3D0000FD3D000038
:1000E000FD3D0000FD3D0000FD3D0000FD3D000028
:1000F000FD3D0000FD3D0000FD3D0000FD3D000018
:10010000FD3D0000FD3D0000FD3D0000FD3D000007
:10011000FD3D0000FD3D0000FD3D0000FD3D0000F7
:10012000FD3D0000FD3D0000FD3D0000FD3D0000E7
:10013000FD3D0000FD3D0000FD3D0000FD3D0000D7
:10014000FD3D0000FD3D0000FD3D0000FD3D0000C7
:10015000FD3D00004FF0FF3C06E000BF4FF0010CFA
:1001600002E000BF4FF0010C4DF804CD4FEA410C06
:100170007FEA6C5C4FEA430C18BF7FEA6C5C1BD0D3
:1001800001B050EA410C0CBF52EA430C91EA030F54
:1001900002BF90EA020F0020704710F1000F91EAB1
:1001A000030F58BF994208BF90422CBFD8176FEA7F
:1001B000E37040F0010070474FEA410C7FEA6C5C4D
:1001C00002D150EA013C07D14FEA430C7FEA6C5C54
:1001D000D6D152EA033CD3D05DF8040B704700BF80
:1001E0008446104662468C461946634600E000BFCE
:1001F00001B5FFF7B7FF002848BF10F1000F01BDA0
:100200004DF808EDFFF7F4FF0CBF012000205DF86A
:1002100008FB00BF4DF808EDFFF7EAFF34BF0120EF
:1002200000205DF808FB00BF4DF808EDFFF7E0FF88
:1002300094BF012000205DF808FB00BF4DF808EDD9
:10024000FFF7CEFF94BF012000205DF808FB00BF40
:100250004DF808EDFFF7C4FF34BF012000205DF822
:1002600008FB00BF4FF0FF3C06E000BF4FF0010C61
:1002700002E000BF4FF0010C4DF804CD4FEA400200
:100280004FEA41037FEA226C18BF7FEA236C11D04A
:1002900001B052EA530C18BF90EA010F58BFB2EBFD
:1002A000030088BFC81738BF6FEAE17018BF40F07D
:1002B000010070477FEA226C02D15FEA402C05D131
:1002C0007FEA236CE4D15FEA412CE1D05DF8040BB6
:1002D000704700BF844608466146FFE70FB5FFF749
:1002E000C9FF002848BF10F1000F0FBD4DF808ED01
:1002F000FFF7F4FF0CBF012000205DF808FB00BFF2
:100300004DF808EDFFF7EAFF34BF012000205DF84B
:1003100008FB00BF4DF808EDFFF7E0FF94BF012098
:1003200000205DF808FB00BF4DF808EDFFF7D2FF95
:1003300094BF012000205DF808FB00BF4DF808EDD8
:10034000FFF7C8FF34BF012000205DF808FB00BFA5
:1003500053B94AB9002908BF00281CBF4FF0FF312C
:100360004FF0FF3000F062BDADF1080C6DE904CE36
:1003700000F078FDDDF804E0DDE9022304B0704709
:1003800003685A004CBF43F0004323F00043184475
:1003900070472DE9F0470646174641B301394FF043
:1003A0000009884609EB080404EBD474641006EBDA
:1003B000C4054FEAC40A2846FFF7E2FFA14204D170
:1003C000B84204D82846BDE8F087B84204D9A14510
:1003D0000DD004F1FF38E5E70AF108003044FFF7DB
:1003E000CFFF0138B842EDD204F10109DAE7002568
:1003F000E8E7012806D0022806D00028034818BFE5
:100400000020704702487047024870470D0A0000FC
:10041000110A0000150A00001F4B37B504468D1E57
:100420004BB101A92846AFF3008048B90023092049
:10043000236103B030BD1948194B1B1ADB1001931F
:1004400001992A46FFF7A5FF01460028EED0FFF7E5
:1004500097FF4B68A064012B1AD0002B01F1040018
:1004600010DBFFF78DFF0023C4E913030368002BA3
:100470000ADAC3F30360FFF7BCFF03460028D5D0B8
:100480000020D5E70123EFE7FFF77AFF0346F7E700
:1004900000230520CCE700BF00000000ECFC0100B9
:1004A000AC0A02000368DA0710B5044605D49B07BE
:1004B00000F1480018D500F0F7FB2368590703D472
:1004C00004F1D00000F0F8FB23681A0703D404F508
:1004D000A87000F0F9FB2368DB0608D404F5E87087
:1004E000BDE8104000F034BC00F0D6FBE5E710BDDD
:1004F000092070470346006800B1184470477047F0
:1005000070B505460C46216C2846FFF785FF064668
:1005100008B103F0C1FE236C2246294601206B611D
:100520002B6998470828EED00728F2D13046216C75
:10053000FFF7E5FF201D00F0A3FB2DE9F0470C1DA0
:10054000ADF5727DD0F80C900746D0F818A016468D
:1005500003AD0DF108080FCC0FC50FCC0FC50FCCA4
:100560000FC594E80F0085E80F000025C8F800507B
:100570000936D8F840103846FFF74EFF0446F6B269
:1005800068BBD8F840304FF4F07241467AA87B61DE
:100590001EF0C1F83B697AAA394630469847889BD5
:1005A0000546C8F844303A463B4631460120CDE97D
:1005B000008AC847C0B9C4B94FF4F0727AA940465E
:1005C00026461EF0A8F8082DD2D0072D0CD12046C3
:1005D000D8F84010FFF793FF03A800F051FB46F056
:1005E0001006D8F83830DCE7092420460DF5727D76
:1005F000BDE8F087406C7047F0B5CB6BF9B00D1DCE
:1006000006460B640F4601AC0FCD0FC40FCD0FC4CF
:100610000FCD0FC495E80F0084E80F004FF0FF33B3
:10062000009310993046FFF7F7FE78B933696A46B0
:100630003146984708280446F3D06846FFF732FF52
:10064000062C03D139463046FFF75AFF092079B00E
:10065000F0BD10B48261DA6BC16019461A640022E1
:1006600010BC6AE770B543690446C6680D460B6462
:1006700026B10122FFF761FF03F00EFE03690A466F
:10068000014602209847072805D00828F4D12946BA
:100690002046FFF735FF3046296CFFF730FF281D55
:1006A00000F0EEFAC26802B9A6E7CA6B0A6400223B
:1006B00043E77047836801460BB101201847704734
:1006C000012910B50446084605D005D9C81E0128E1
:1006D0008CBF0220012010BD43B90F2A06D804EBBD
:1006E0008204029A184661681160F4E70220F2E77A
:1006F0001FB503AB0A46009300231946FFF7E0FF3E
:10070000039805B05DF804FB012910B504460846BE
:1007100005D005D9C81E01288CBF0220012010BDBC
:1007200043B90F2A06D8029904EB820418460968D7
:100730006160F4E70220F2E71FB503AB03920A46BB
:10074000009300231946FFF7DFFF05B05DF804FBB7
:10075000F0B5D36BADF50F7D141D064613640F463F
:1007600017AD0FCC0FC50FCC0FC50FCC0FC594E83C
:100770000F0085E80F004FF0FF3316932699684667
:10078000FFF74AFE90B90C2116A86A46FFF7D4FF7E
:10079000394616A8B04748B9049B16AA69460820EE
:1007A00098470528044602D00928E7D1092416A84D
:1007B000FFF778FE20460DF50F7DF0BD2DE9F04FD7
:1007C000CD6C87B017460C4655F8042B00F0030992
:1007D0009A4604953BBB12028DF815300323039211
:1007E000B9F1020F8DF81430236D08BFA56B13F01B
:1007F000010322D100F0080800932B6843BB03A932
:10080000384600F0A2FC002840F0FB80009BDBB1E2
:100810000F213846FFF76CFF0E2102463846FFF7DE
:100820008BFF794A55E0130C12048DF81530DBB2BA
:10083000039205EB83050223D2E703A9384600F0B3
:1008400084FC002840F0DD80082007B0BDE8F08F70
:10085000BAF1020FA26C4FF00F01384607BFD5F86E
:1008600004B005F10806B5F802B02E1D18BF2B889C
:100870002BF0010501931544FFF73AFF019B8542D8
:1008800029D823F001022A44824294BF0022012287
:100890004FEA4B0003F0010300F0020040EA0305B9
:1008A000012D1AD0022D5ED0002D40F0AA80351DFA
:1008B000B9F1000FA1D0002A9FD03046FFF760FDAC
:1008C000A563064620461CF09BFF002800F0998097
:1008D00032460F213FE00022DAE7B9F1000F26D1BE
:1008E000002A3DD073683268991C4FEAD27200F03A
:1008F000888004F158010133029109D0301DFFF7BF
:10090000F9FD02AB014620460FF086FB054638B3E1
:100910000D213846FFF7ECFE022D029B206202D12A
:10092000E36204F12C030620C4E909368DE7256A49
:100930000D213846FFF7DCFE854211D1A36A9E42A5
:100940000ED13046FFF71CFD0F2102463846FFF757
:10095000F3FE224600213846FFF7EEFE072074E73B
:1009600006F1080549E7356825F00045B9F1000FA3
:100970002AD1A2B1B8F1000F19D085B9CB4617E042
:100980000BF1010B019B002206EB8B000293FFF79A
:10099000B1FD02AB014620460FF03EFB58B1336873
:1009A000002B00DA0436013506EB850525E7C34642
:1009B00004F158030193AB45E2D10D213846FFF70E
:1009C00097FE029B2062AEE7D4F820B00D21384696
:1009D000FFF78EFE8345E2D1A36A9E42DFD14FF03E
:1009E000000B0423A562C4E90BB3F31863633368F7
:1009F0005B4503DA681C06EB8000A3E70123009344
:100A0000D1E7092021E700BFD90001000023D5E686
:100A10000123D3E60223D1E62DE9F0410546C2B019
:100A200014461E46042925D8DFE811F005001C00F5
:100A30002400D6000301EEB9836B92B20121043089
:100A400001FA06F717421CBF53F8047B40F82670E2
:100A50000136102EF4D1A60400D4AB63002042B0BE
:100A6000BDE8F081012E4FEA124794B204D13B1940
:100A7000102B41D90220F2E7052EFBD107EB040829
:100A8000B8F1200FF6D80F2F4DD9002CE6D003680F
:100A9000A046580708D523F00403284640F8D03B69
:100AA00000F00EF90F2F48D9684600F009F9AB6B3A
:100AB000102F3A4642A94FEA480838BF10221C4678
:100AC00008F1FF3801EBC2024FEA8801A2F5C472B7
:100AD000101F02EB880254F804CB40F804CF824286
:100AE000F9D10A1D012E134417D00F2FAB636FD914
:100AF000684600F0E1F8B1E7102FBBD00368DA07D1
:100B000005D523F0030340F8483B00F0C9F820A8BE
:100B100000F0C6F8AB6B002C3FD1043320A8AB63C8
:100B200000F0BAF89AE7B8F1100F03682DD9DC0786
:100B3000A8F1100842D45807ADD420A8C7F110047A
:100B400000F0B6F8684600F0BBF820AA6400AB6B72
:100B500002EBC702013C101FA10002EB84021C46FD
:100B600054F804CB40F804CF9042F9D10A1D134445
:100B7000B8F1000F9CD1012ECFD00F2FAB633FF601
:100B80006DAF20A800F090F868E7D9070DD420A831
:100B900000F08EF8AB6B002CF3D0640020AA4FF06D
:100BA000000802EBC702013CD5E723F0010343F044
:100BB000020340F8483B00F07BF8E8E723F001032C
:100BC00043F0020340F8483B00F072F82B68B2E7AC
:100BD00020A800F069F88BE7032E7FF44BAF97B2A3
:100BE000160C07EB1244102C3FF644AF03681907AC
:100BF00006D523F00803036000F5A87000F086F81E
:100C000020A800F083F820ABAA6BF90003EBC60321
:100C100003EBC707D41ABB4203EB040005D10A4417
:100C200020A8AA6300F050F818E7006843F8040B06
:100C3000F1E7002E7FF41EAF102A3FF61BAF0368CA
:100C4000DA0606D523F01003036000F5E87000F023
:100C500089F820AE304600F085F8AB6B0022012108
:100C600001FA02F020421CBF53F8040B46F82200A0
:100C70000132042AF4D13046AB6300F069F8EDE6A6
:100C800000F1340191E838009C46A6464CF8045D1A
:100C900090E8FF0FE54600BD90EC210B704700BFC8
:100CA00080EC210B704700BF90EC200B704700BF19
:100CB00080EC200B704700BFD0EC200B704700BFCA
:100CC000C0EC200B704700BFF0EC0201F0EC021109
:100CD000F0EC0221F0EC0231F0EC0241F0EC0251B8
:100CE000F0EC0261F0EC0271F0EC0281F0EC0291A8
:100CF000F0EC02A1F0EC02B1F0EC02C1F0EC02D198
:100D0000F0EC02E1F0EC02F1704700BFE0EC020110
:100D1000E0EC0211E0EC0221E0EC0231E0EC0241F7
:100D2000E0EC0251E0EC0261E0EC0271E0EC0281E7
:100D3000E0EC0291E0EC02A1E0EC02B1E0EC02C1D7
:100D4000E0EC02D1E0EC02E1E0EC02F1704700BF20
:100D5000B0FC0181B0FC0191B0FC01A1B0FC01B17B
:100D6000704700BFA0FC0181A0FC0191A0FC01A183
:100D7000A0FC01B1704700BFEC4600B52DE9005062
:100D80002DE9FF1F4FF000032DE90C0001A9FFF72B
:100D900033FCDDF840E012B0704700BFEC4600B510
:100DA0002DE900502DE9FF1F4FF000032DE90C0045
:100DB00001A9FFF757FCDDF840E012B0704700BF13
:100DC000EC4600B52DE900502DE9FF1F4FF0000360
:100DD0002DE90C0001A9FFF765FCDDF840E012B039
:100DE000704700BFEC4600B52DE900502DE9FF1F0C
:100DF0004FF000032DE90C0001ABFFF72AFCDDF8F2
:100E000040E012B0704700BFEC4600B52DE900503D
:100E10002DE9FF1F4FF000032DE90C0001AAFFF799
:100E200097FCDDF840E012B0704700BF704700BF8C
:100E300010F8012B11F8013B012A28BF9A42F7D084
:100E4000D01A7047034613F8012B002AFBD1181A59
:100E500001387047034611F8012B03F8012B002AD3
:100E6000F9D170472DE9F04786468C460846089E22
:100E7000154674461946002B40F0C1808542B2FAEF
:100E800082F245D94AB1C2F1200300FA02FC954032
:100E900094402EFA03F343EA0C0C4FEA154EA8B225
:100EA000230CBCFBFEF80EFB18CC08FB00F943EA50
:100EB0000C43994528D9EB1808F1FF3704D299451E
:100EC00002D9A8F102072B44A3EB0903A4B2B3FB98
:100ED000FEFC0EFB1C330CFB00F044EA0344A04272
:100EE00014D92C190CF1FF3304D2A04202D9ACF171
:100EF00002032C44241A43EA07401EB1D4400023C5
:100F000034607360BDE8F0874746DDE76346F1E78C
:100F100092BB431B01214FEA154EAFB2200CB3FB2D
:100F2000FEFC0EFB1C330CFB07F840EA034398451C
:100F300061D9EB180CF1FF3004D2984502D9ACF11D
:100F400002002B44A3EB0803A4B2B3FBFEFC0EFB90
:100F50001C330CFB07F744EA0344A7424DD92C1974
:100F60000CF1FF3304D2A74202D9ACF102032C44A6
:100F7000E41B43EA0040C0E7C2F1200395409440DF
:100F800020FA03F12EFA03F34FEA154E9040AFB268
:100F90000343B1FBFEFC0EFB1C10190C0CFB07F805
:100FA00041EA0041884522D969180CF1FF3004D28A
:100FB000884502D9ACF102002944A1EB08019BB29B
:100FC000B1FBFEFC0EFB1C110CFB07F743EA0143CF
:100FD0009F420ED9EB180CF1FF3104D29F4202D987
:100FE000ACF102012B44DB1B41EA004193E7604670
:100FF000E3E76146F7E76046A4E76346B8E7834264
:1010000006D916B9002108467CE7C6E900E0F9E7F1
:10101000B3FA83F78FB9834201D3724508D8BEEB88
:10102000020460EB030301209C461EB9002169E71E
:101030003846FAE7C6E9004CF8E7C7F1200CBB4098
:101040000EFA07F522FA0CF42EFA0CF1BA401C4302
:1010500020FA0CF3B8404FEA144901431FFA84FE0A
:10106000B3FBF9F809FB18300B0C08FB0EFA43EA46
:1010700000439A4540D9E31808F1FF3004D29A455D
:1010800002D9A8F102002344A3EB0A0389B2B3FBFF
:10109000F9F809FB183308FB0EFE41EA03418E45BF
:1010A0002CD9611808F1FF3304D28E4502D9A8F17A
:1010B0000203214443EA0040A1EB0E01A0FB029889
:1010C0004145CE46434602D306D14D4504D20138B0
:1010D000B9EB020E68EB0403002EA7D0B5EB0E02AD
:1010E00061EB030101FA0CFC22FA07F3F9404CEA28
:1010F0000303C6E9003199E74046C5E74346D9E70F
:10110000027A03467AB9427A82B1013A427242685F
:10111000111D12680260032241601A721A68100ED3
:1011200012021A607047013AD2B2F6E7B020704757
:101130001FB503AB0C22009300231946FFF7C0FA3A
:10114000039805B05DF804FBF2E72DE9F04305468E
:1011500085B00E464FF000083046FFF7D1FFB028AB
:10116000044615D1B8F1000F0ED103AC43460E2250
:10117000414628460094FFF7A3FA43460F22414612
:1011800028460094FFF7C0FA002005B0BDE8F083C0
:1011900002061DD44FEA8009002303AF0D225FFA37
:1011A00089F9194628460097FFF78AFA09F10409D8
:1011B000039B14F0400F14BFA3EB09034B440393AC
:1011C000002300970D2219462846FFF79DFAC3E732
:1011D00000F0F003802B18D104023046FFF790FF97
:1011E0000443B4F5004F01D10920CEE724010023C8
:1011F0002846A2B21946FFF70FFC0028F4D114F4D8
:10120000004F18BF4FF00108A6E7902B0DD100F05A
:101210000D030D2BE8D003AF002300F00F0228468A
:1012200019460097FFF74CFACAE7A02B13D1C34326
:101230004FF47F6203F007031A41030702F47F6251
:1012400001D542F48042002319462846FFF7E4FB0B
:10125000002881D0C8E7B02B46D1B12808D130464C
:10126000FFF74EFF431E0246DBB20E2BEBD9BBE766
:10127000B22820D1002303AC0D2228461946009441
:101280000227FFF71DFA3046FFF73AFF00F07F0113
:1012900010F08003039A01FA07F105D102F50172FB
:1012A00000940A4403928DE70A44304607370392BC
:1012B000FFF726FFEAE7B3280BD13046FFF720FF00
:1012C0000123020300F00F0002F4702201300243F8
:1012D000BAE700F0FC03B42B86D000F0070201232C
:1012E000013242F40022AFE7C02B44D1C6280AD114
:1012F0003046FFF705FF0323020300F00F0002F45E
:1013000070220130E3E7C7280BD13046FFF7F8FE23
:10131000431E0246DBB20E2B3FF666AF00230421CC
:1013200093E700F0F803C02B06D100F00F0203236F
:10133000013242F4202287E7C8280DD13046FFF75A
:10134000DFFE00F0F00200F00F0005231032013044
:1013500040EA0232012178E7C9287FF445AF3046E0
:10136000FFF7CEFE0523020300F00F0002F4702207
:1013700001300243EEE700F0F803D02B7FF434AFE6
:1013800000F007020523013242F40022E2E71FB514
:1013900003460846DA6C53680832190202921B0EA3
:1013A0000322019101A98DF80C208DF80D30FFF773
:1013B000CCFE05B05DF804FB08B5FFF7C5FE806CF8
:1013C00008BD08B5FFF7C0FEC06CC379023300EB5F
:1013D000830008BD10B5074812F0C1FB064C20463B
:1013E00015F0D0FC054812F0BAFB204615F0CAFCF7
:1013F00010BD00BF1013020020A107000813020057
:10140000012800D070474FF6FF739942FAD110B50A
:10141000044C204606F0BAFE034A0449204613F065
:10142000C0FE10BD500C0020540C0020DD820000D6
:1014300010B5074C00220023204605F0FFFCA368EE
:10144000DBB2044A0321044813F0A9FD10BD00BF1C
:1014500088020020F8110200A00E020010B5064C10
:10146000204605F0A7FCA368DBB2044A0321044828
:1014700013F095FD10BD00BF880200201812020075
:10148000A00E02002DE9F04186B000AF43E0034614
:10149000424A0121424813F082FD50E06FF00040C3
:1014A00071E0404B3B61002509E0AB0003F1140102
:1014B00018333B4453F8083C4CF801300135002DFB
:1014C000F3D064E0C7F810807E61002109E08B0052
:1014D00003F118052B463B4453F8083C4CF8053003
:1014E00001310129F3D955E06FF01B0332B100211E
:1014F0003961042139743869CCF8100000210320C7
:1015000060F38811C3F30A0363F3532100232448D3
:1015100001F080FAA54602F0FDFF03F009F802F0A1
:101520009BFCC7E90001FFF783FF4FF0FF324FF04C
:10153000FF331D491D4805F079FA0028A7D11A4B41
:101540001A6801321A605A6801325A609A68013288
:101550009A60FFF783FF02F07FFCC7E9020107F101
:101560000801384613F09DFE13F0A4FE80460E4697
:1015700044F6206012F0FDFA6C4688B0EC461CF18F
:1015800010028BD010202AB18646042889DCBEF1D7
:10159000080F97DC0F28A7DD1023A7E738120200F9
:1015A000A00E02005C120200000000204C0200208D
:1015B0002DE9F04389B000AF8FE00346864A012150
:1015C000864813F0ECFCB4E06FF0004CBFE0844BB5
:1015D000BB60002609E0B30003F1140E20333B4446
:1015E00053F8183C44F80E300136002EF3D0B4E026
:1015F000B860F960002108E08B0003F11800203387
:101600003B4453F8183C235001310129F4D9A8E098
:101610006FF01B03AAE06FF0004CC8E07149B9609D
:101620004FF0000E0BE04FEA8E0101F1140820315B
:10163000394451F8181C43F808100EF1010EBEF1A0
:10164000000FF0D0B9E0C7F808904FF0000E0BE0A3
:101650004FEA8E0101F118082031394451F8181C65
:1016600043F808100EF1010EBEF1000FF0D0A7E014
:10167000BE60002609E0B10001F11C0E20313944A2
:1016800051F8181C43F80E100136002EF3D09AE0E2
:10169000BD60002008E0810001F1200529463944A1
:1016A00051F8181C595101300028F4D08EE06FF029
:1016B0001B052AB10021B96005213972B86818618B
:1016C0000021032363F38811C5F30A0565F3532151
:1016D0000023424801F09EF9A54615F04AFE4A0152
:1016E00042EAD06243011B1A62EB0102920042EA15
:1016F00093729B001B1842EB0102D20042EA537224
:10170000C3F3103343EA4243D20B3B607A60FFF7E6
:101710008FFE00237B61BB61FB614FF0FF324FF016
:10172000FF3307F11401304805F0ECF900287FF48D
:1017300044AFFFF793FE384612F031FA6D4688B099
:101740006C4614F110023FF43FAF4FF0100C42B161
:10175000E046BCF1040F3FF73AAFB8F1080F3FF78E
:1017600047AFBCF10F0F7FF753AF10232AB1002111
:10177000B96004213972B86820610021032060F348
:101780008811C3F30A0363F353210023134801F0C4
:1017900041F9AD46D7F81490BE69FD696C468AB030
:1017A0006B4613F110023FF436AF4FF0140C6AB1E0
:1017B0006046BCF1040F3FF731AF08283FF743AF55
:1017C0000C283FF755AF10283FF762AFBCF1130F5D
:1017D0007FF76DAF14256CE780120200A00E0200A7
:1017E000A4120200C81202004C02002000B583B00F
:1017F00000F014F800F026F800F05EF800F066F84B
:101800004FF480420023CDE90023034806F0B6FAE6
:10181000002003B05DF804FBB001002008B5064BC2
:10182000186815F0B5FA00B108BD044A0321044850
:1018300013F0ABFBF8E700BF0C0000201813020008
:10184000A80E020008B5154815F0A2FA78B14FF4B9
:10185000D011134812F0F5F9002813DB4FF4D01122
:10186000104812F0EEF9002812DB012008BD0B48E9
:1018700015F08EFA0028EAD10B4A03210B4813F029
:1018800084FBE4E70A4A0321084813F07EFBE5E7FE
:10189000084A0321054813F078FBE6E72C0B020009
:1018A000801302007813020034130200980E020025
:1018B000481302005C13020008B50022062102480A
:1018C00012F0DAF908BD00BF2C0B020008B50022A7
:1018D0000721024812F0D0F908BD00BF2C0B02000E
:1018E0002DE9F04F91B005920293134602F00402E5
:1018F0000092C3F3C20210F00303019340F02B8265
:1019000080468A460132041D00284FD0B8F1000FEE
:1019100005D0A4EB08030433534500F21F82029B59
:101920005D1E019B04930693039300264FF0FF3B3B
:101930000427B946B8F1000F01D0029B2360531E63
:101940000793002A40F35D81059B13F0020228D023
:101950000120A4EB08018B081AB1B1F5007F80F0DB
:10196000038203990F2900F20282B8F1000F00F000
:101970006081DBB201F140026A4402F8103C02F8D7
:1019800020BC002800F0518163F07F0301F1400288
:101990006A4402F8103C049B01330493039B013317
:1019A000039304340022CC4640463DE001F0070A90
:1019B0005444CAF1080AA9E7002634E0002632E0C0
:1019C000002630E00827BC462DE025292BD10BF15D
:1019D000010B01260427BC4625E04729EED82A2919
:1019E00014D32A39C9B24FF0010E0EFA01F14FF6A5
:1019F000DA7E11EA0E0F16D111F0625F40F0C0805E
:101A000011F0010F40F08C8000260CE0252903D155
:101A10000BF1FF3B002606E001D9002603E0202958
:101A200001D02329CCD11D466B1C6978002900F018
:101A30001981002EC9D07A29BED84C29CDD34C3972
:101A40002E2961D80FF2040E5EF821F0271A00004B
:101A5000091B0000091B0000091B0000091B0000F6
:101A6000091B0000091B0000091B0000091B0000E6
:101A7000091B0000091B0000091B0000191B0000C6
:101A8000091B0000091B0000091B0000091B0000C6
:101A9000091B0000091B0000091B0000091B0000B6
:101AA000811B0000091B0000191B0000191B00000E
:101AB000811B0000811B0000811B0000271A000011
:101AC000191B0000C5190000091B0000271A00009F
:101AD000091B0000DD1B0000191B0000DD1B0000BE
:101AE000091B0000091B0000E51B0000131B000080
:101AF000191B0000091B0000091B0000191B000036
:101B0000091B00000D1B000000268CE70427BC46C3
:101B100089E70427BC4686E729786C2924D000266B
:101B20003C44013CB4FBF7F407FB04F420B1211A58
:101B30006144514500F21581002A58D1BCF1040FCF
:101B400000F08880BCF1080F40F014811A99073129
:101B500021F0070101F108051A95D1E9008908B1C2
:101B6000C4E9008908345EE713F8021C6C2903D02D
:101B700000260427BC46D3E700260827BC46CFE74B
:101B800029784C291AD01A99073121F0070101F15F
:101B900008061A96D1E90067073424F0070440B11B
:101BA000211A0831514513D829784C2913D0C4E99A
:101BB0000067083400260827BC4634E71A99073125
:101BC00021F0070101F108061A96D1E90067E3E761
:101BD0006FF01B00BCE0C4E90067EAE700260427B9
:101BE000BC469DE7324600260427BC4698E7E146FE
:101BF00080461A9A111D1A9112680292079A1D4680
:101C000098E6624B029A9A4204D3614B9A420AD3F5
:101C1000002300E00023002B7FF496AE059B03F029
:101C20000202002095E60123F5E7069B01330693A7
:101C3000B4E610B10AF1010AB0E6009B13B10AF153
:101C4000020AABE60298FFF7FDF80AEB000303F186
:101C5000020AA3E61A990D1D1A95096800B12160C0
:101C60000434E0E68046231AB3F5806F80F0858067
:101C700090B1002202609B080370009B83B1069B19
:101C8000C370049B88F802301BBB019DDDF80C90EB
:101C9000DDF810B0029F3DE05344A3F1080057E087
:101CA000069B4370EDE701339842EED903F1400201
:101CB0006A4412F8101C12F9102C002AF3DA01F011
:101CC0007F01A4EB08020132524559D804F8011BE8
:101CD000E9E7019B0398E7E7009B43B305F1400365
:101CE0006B4413F8203C04F8013B019EA4EB08036D
:101CF00033440133534546D805F140036B4413F890
:101D0000103C04F8013B3246394620461CF003FDE6
:101D100034440135A94519D9BBF1000FDCD005F1D8
:101D200040036B4413F9103C002BD5DAF1E705F1C1
:101D300040036B4413F8103C58F82370002248F815
:101D400023203846FFF77EF8461CCFE7A4EB0800B7
:101D500011B0BDE8F08F6FF00D00F9E76FF01B00D8
:101D6000F6E76FF01B00F3E76FF01500F0E76FF098
:101D70001500EDE76FF01500EAE76FF01500E7E7F3
:101D80006FF01B00E4E76FF01B00E1E7AC0A020014
:101D9000944C02002DE9F04F97B000AF8346BA6132
:101DA0003B61D7F88030C3F3C0033B62F96011B9DF
:101DB00012F007FBF8609BF80260B14636B1D7F825
:101DC000803013F0010F0DD1002300E000239BF8B9
:101DD00003207A6242B1D7F8802012F0020F22D19C
:101DE000002202E00123F2E7002202B9EBB19BF8E6
:101DF0000050AA00BA60DBF804207A610BEB85057D
:101E0000BA69F2B1002B40F00481B9F1000F00F083
:101E10000F81D7F8803013F0040F40F00D810020BF
:101E2000F8610646F9E00122DFE7BB691BB13A69B8
:101E3000F96858469847FC6820465C37BD46BDE8BF
:101E4000F08FFC68E3B94D4400233B6123E0044478
:101E5000013501364E451AD22A7800235BF822203C
:101E60001946B86912F0C2FABAF1000FEFD0D7F8EC
:101E700088309845EBD22AF8180008F10108E6E707
:101E80000026C7F81C80B046D7F884A0E2E7C7F860
:101E90001080D7F81C80D7F8803003F00503FB6072
:101EA0004FF0000AA146C7F81CB09CE000253B6A31
:101EB0007BB9002D79D0D7F8803013F0010F79D19C
:101EC000FB68002B6FD10223A9EB030988E00125F1
:101ED000EDE75946786912F0CFFA0028E9D06C4650
:101EE000002387F82C30022387F82D308AB069460A
:101EF00011F1100237D012251AB1042D01DDB34BB8
:101F00004B61002387F82830022387F829306ABB09
:101F1000112D45DD122362B1042087F82C0000202A
:101F200087F82D0087F82E00012087F82F00F86A27
:101F300008616FF300086FF341086FF382086FF3D5
:101F4000C508022161F38818C3F30A0363F3532819
:101F50006FF31F58002341469D4800F05BFDA546E6
:101F6000A9F102093CE06FF00045C5E72B46082DBA
:101F700001DD786988610C2B01DDC1F81CB001F12D
:101F80002003002009E000F1300C07F1280EF44492
:101F90001CF830CC03F801CB01300128F3D9B7E7A6
:101FA0006FF01B03B7E701238EE7D7F8803013F0FB
:101FB000020F15D0002322461946B86912F016FA0E
:101FC000D7F8843053B13B69D7F88820934205D2C3
:101FD000D7F8842022F8130001333B610138814493
:101FE0000AF1010A35467B6A9A4510D22E4616F848
:101FF00002BB6B78FA6952F82340764B9C42FFF49F
:1020000055AF754B9C42FFF462AF00254FE74C463D
:1020100012E707F144000023FB6118B14A46294644
:102020001CF079FB4D444FF00008C7F804901EE007
:102030000020F8610646F0E7FE6107F13400002653
:10204000EBE700253B6A33BB002D3BD0D7F880304F
:1020500013F0010F26D0731C06F1300207F128019E
:10206000561806F8149CDEB208F1010825467B6A72
:1020700098454AD22C4614F802AB95F801905BF8CB
:102080002930544A9342DCD3534A934201D300256A
:10209000D8E70125D6E75146786912F0EDF9002816
:1020A000D2D0E1E7D7F8803013F0040FDCD0FA6922
:1020B000531C303207F128010A4402F8249CDBB299
:1020C000FB61D1E7D7F8803013F0020F09D0731C01
:1020D00006F1300207F12801561806F8149CDEB20A
:1020E000C2E7F869431C00F1300107F128028A18A1
:1020F00002F824AC02460232D2B2FA6107F1580269
:1021000052FA83F303F8249CAEE7D7F804909BF8C7
:10211000003087F854309BF80130334487F855304D
:10212000D7F8803013F0020F0ED1FB69C3F34703D9
:1021300087F85730D7F8803013F0010F06D113F02D
:10214000040F3ED1002302E00023F1E7002387F8CB
:102150005630DBF800003863786DCBF80000D7F814
:1021600010804246B9685846D7F818A0D047041ED8
:10217000FFF662AE386BCBF80000C7F8108042461D
:10218000F96907F13400D04700285EDB04EB000852
:10219000B96849447B6A01EB4301D7F810904A467D
:1021A000FB68591A2846D047041EFFF645AE08EBD7
:1021B00004054FF00008C7F824B0B3465446CA4699
:1021C00021E0FB69C3E74FF0000909E08813020032
:1021D000B00E0200AC0A0200944C02004FF000095D
:1021E0005246012107F12C00A04700282FDB0544AF
:1021F0004B4632465146204612F0F8F8002828DBBC
:10220000054408F10108D84518D208F1300307F158
:102210002802134413F8143C87F82C307A6A52F8D9
:102220002360D7F88430002BCDD0D7F8883098457C
:10223000D4D2D7F8843033F81890D1E73A69002126
:102240000846BB6998472C46F6E50446F4E5044683
:10225000F2E50446F0E500BF014B1860704700BF8F
:102260001000002080B505460E461746984605F03A
:102270003DFA03461CF060FD0446DFF8189049F86B
:102280000030424639463046A84754F8090001F06C
:102290009FFC00BF080000002DE9F04383B0044616
:1022A00008461546A38B13F0080F05D103F0070667
:1022B00000230093019354E0012909D043F0200347
:1022C000A38385F31188BFF36F8F03B0BDE8F0835C
:1022D00043F01003A383F4E7204612F030FC42E001
:1022E000D4F818904A466946204612F041FC4FF057
:1022F0000008A38B03F00707B74269D0A268002A41
:1023000066D0012243F00803A38385F31188BFF34D
:102310006F8F002A64D1009B2BB14B463A46694629
:10232000204612F09EFCB8F1000F02D0344920463E
:10233000C047EFF31185202383F31288BFF36F8F1B
:10234000A38B23F00803A383A38B13F0100F4DD0AE
:1023500023F01003A3830120A68B06F007060028B4
:10236000AFD00228B8D00028ABD0013804282BD831
:1023700001A353F820F000BFE1220000C9230000B0
:102380008D230000A1230000B52300002369D3F8AA
:1023900000800621204612F0A8FB4FF00009A8E7B4
:1023A0002369D3F804800421204612F09EFB4FF0ED
:1023B00000099EE72369D3F808800521204612F022
:1023C00094FB4FF0000994E74FF00008C14690E7F6
:1023D000009A0AB1002295E7B8F1000F92D1B3E755
:1023E0004A463946204612F088FB94E713F0200F46
:1023F00004D023F02003A3830220ADE70020ABE745
:10240000914C010038B505460B4C00E010340B4BE5
:102410009C420FD263685B79002BF7D02946204697
:1024200012F000FD0028F1D023681B6829462046E1
:102430009847EBE738BD00BFF80E0200080F020016
:1024400070B506460D46084C04E02A463146204643
:1024500098471034054B9C4204D223689B69002B9B
:10246000F3D1F6E770BD00BFF80E0200080F0200BE
:102470002DE9F041074605460AE007EA0807144B34
:1024800003EB06135B6804221968204612F014FD62
:10249000D5B195FAA5F6B6FA86F60D4C04EB0614FE
:1024A0000123B3406FEA030825EA0305237B002BD1
:1024B000EED03301064AD3581B69002BDDD02046ED
:1024C00098470028E4D1D8E73846BDE8F08100BF3E
:1024D000F80E02002DE9F04180460F461D4BD3E86F
:1024E000EF5F6A1CC3E8E12F0029F8D16DBB1A4CDD
:1024F000002607E0636804221968204612F0DCFC1D
:1025000001361034154B9C4211D2237B002BF7D09F
:10251000204612F07BFC23681B69002BEAD0204682
:1025200098470028E6D00123B3401D43E8E7B8F1FF
:10253000000F0BD055B12846FFF79AFF0546002F34
:10254000F8D00A2012F074FCF4E700252846BDE814
:10255000F08100BF6C0C0020F80E0200080F020092
:1025600008B5064B186018B1054B1B68092B00DC39
:1025700008BD044804F01EFCFAE700BF600C002010
:10258000680C00207802002008B5024804F012FC14
:1025900008BD00BF7802002030B589B000220F4985
:1025A0000F4814F0F5FE0F4D00220023CDE906235D
:1025B000002404940E2303930294019400940A4B84
:1025C0004FF440720949284614F004FD0849284692
:1025D00004F06AFC204609B030BD00BF8925000028
:1025E000B0080020F80300203D290000A8270020A3
:1025F00040140200014B53F8200070475C140200A5
:1026000048B108B5054A1060054B1960084600F04E
:10261000F5FC002008BD6FF0150070471400002085
:102620005C0C002008B5054B1B781BB1034B012245
:102630001A7008BD024804F0BDFBF7E7781F0020C0
:102640007802002008B50C4BD3E8EF1F0131C3E836
:10265000E21F002AF8D130B9084814F0A5FE084856
:1026600004F0A8FB08BD074BD3E8EF1F0139C3E80E
:10267000E21F002AF0D0F7E7640C0020B008002029
:1026800078020020680C0020044B00200146D3E8AB
:10269000EF0FC3E8E21F002AF9D17047640C002055
:1026A00038B5FFF7F1FF0546094C00E01034094B3F
:1026B0009C420BD263685B79002BF7D023685B6880
:1026C000002BF3D0294620469847EFE738BD00BFDE
:1026D000F80E0200080F0200034B18680028D4BF50
:1026E00000200120704700BF640C002010B5044C8E
:1026F0000449204612F054F8034B1C6010BD00BF83
:102700007001002048140200580C002008B5002376
:102710000C4A13700C4A13600C4A13604FF40041CA
:102720000B48FFF76DFFFFF7E1FF0A4A06E0094B90
:10273000D31A1B11013351680B711032064B9A42A8
:10274000F5D308BD791F0020640C0020680C002020
:10275000294E0100F80E0200080F020008B50146DC
:10276000014812F07BFB08BD7001002008B502484B
:1027700012F0F9F808BD00BF7001002008B501464D
:10278000024B186812F070FB08BD00BF580C002007
:1027900008B5024812F06CFB08BD00BF70010020B4
:1027A00010B582B000220023CDE90023264B187813
:1027B00008B902B010BD684612F072FB044660B161
:1027C000FFF720FE2046FFF7D9FF204BD3E8EF1F8D
:1027D0000139C3E8E21F002AF8D1FFF77DFF58B99D
:1027E0001B4A1368516813F57A7341F100011360B5
:1027F0005160FFF7CDFFDCE714F0BBFD4A0142EA70
:10280000D06243011B1A62EB0102920042EA93720A
:102810009B001B1842EB0102D20042EA5372C3F341
:10282000103343EA4243D20B0948016840685B1AFF
:1028300062EB000240F2E9318B4272F10002CFD329
:10284000FFF72EFFCCE700BF781F0020680C0020A8
:10285000A80800200F4B1B7803B1704710B500216A
:102860000120FFF737FE0C4C00E010340B4B9C426C
:1028700008D263685B79002BF7D023689B682046F9
:102880009847F2E7FFF78CFF0028FBD1014B0122AC
:102890001A7010BD791F0020F80E0200080F020008
:1028A00010B582B0184BD3E8EF2F511CC3E8E01FDE
:1028B0000028F8D1154B1B7863B9154B1B68B3B1D1
:1028C000BAB1092A13D1134814F06EFD124804F06E
:1028D00071FA0CE0EFF31184202383F31288BFF325
:1028E0006F8FFFF75DFF84F31188BFF36F8F02B026
:1028F00010BD00220023CDE900234FF40042002345
:10290000044805F03BFAF2E7680C0020791F00202C
:10291000600C0020B00800207802002010B50446AA
:10292000044B1B689847A0602146034812F0BCFA8C
:1029300010BD00BF14000020700100202DE9F041FF
:1029400000210846FFF7C6FD804650B140F2676699
:1029500000271CF0F1F9154B1858FFF701FE002570
:1029600015E04FF0FF364FF0FF37F2E74046FFF734
:102970007FFD804670B94FF0FF364FF0FF3709E01A
:102980002C4632463B460A4804F058FA2546B8F130
:10299000000FEBD1FFF704FF04460028F6D1002D0D
:1029A000EED000210846FFF74BFDEAE708000000E3
:1029B000780200200248034BC01AC008704700BFCD
:1029C000F80E0200980E020010B50C46FFF7F2FF59
:1029D000A04203D9024B53F8340010BD0020FCE79D
:1029E000980E020000B589B0059206930023079364
:1029F00062B1074A0C9B02930B9B01930A9B0093C5
:102A000005ABFFF7C7F909B05DF804FB0022F1E759
:102A1000CF4E01002DE9F04F8BB004AF05461E46A6
:102A20008846C1F34A24002C00F089809146002298
:102A3000FA603A617A6104230293FB1801930A2336
:102A4000009307F10C0321464846FFF7A3F9B0F5C0
:102A5000006F58D3D9F804106D4600233B7302234E
:102A60007B738AB004AC14F1100217D012201AB193
:102A7000042801DD3B4B636100233B7002237B7024
:102A8000CAB10346082800DDA1610C2B02DD40F22B
:102A9000FF73E36104F1200300210AE06FF00040BE
:102AA000E5E701F118063E4416F8186C03F8016BCF
:102AB00001310129F5D9112822DD122342B1042167
:102AC000397300217973B9730121F973F8682061B2
:102AD00000216FF300016FF341016FF382016FF387
:102AE000C501022060F38811C3F30A0363F3532185
:102AF0000023C1F313011C4812F05CFAAD462DE02F
:102B00006FF01B03DAE760F35328C0F30A0A0AEBFD
:102B10001850173020F007008008FFF71FFE83468B
:102B2000B0B104230293FB1801930A230093534688
:102B300000F1100221464846FFF754FF08E004EB7D
:102B40001154173424F00704A008FFF707FE83464A
:102B5000334642462946584612F0CFF91C37BD4647
:102B6000BDE8F08F7C140200C00E02002DE9F04F8A
:102B700085B080460D4617461E46DDF838B0DDF8B4
:102B80004090B9F1000F41D0119B039300934B4645
:102B90000F9A10210020FEF7A3FEB0F5006F2DD292
:102BA00082460BEB0003173323F0070300246FF377
:102BB00000046FF341046FF3820468F3C50467F304
:102BC000881460F353246BF31F549808FFF7C6FD75
:102BD000074650B11030B9F1000F06D0119B009399
:102BE0004B460F9A5146FEF77BFE33462246294656
:102BF000384612F082F905B0BDE8F08F40F2FF735D
:102C0000034A0221034812F0CAF9F4E70020C7E79B
:102C1000BC140200C00E0200406820B1034BC01A71
:102C200040F3CF0070474FF0FF307047980E02001E
:102C30000EB400B582B0014603AB53F8042B0193E8
:102C4000034801F0FBFA02B05DF804EB03B07047F3
:102C5000EB4F010010B584B011F0440F05D01A4BB2
:102C60001B6833B9002004B010BD1849FFF7E0FF1E
:102C7000F9E717490968B2FBF1F2B2FBF3FC03FB79
:102C80001C224FF47A7E0EFB02F2B2FBF3F403FB3C
:102C900014210EFB01F1B1FBF3F10E4AA2FB0C3241
:102CA000D20A4FF4616303FB12CC0B4BA3FB0CE382
:102CB0005B0902910194C3EB0311ACEB810100911C
:102CC0000649FFF7B5FFCEE7740C0020F4140200AC
:102CD000700C0020C5B3A291898888880015020075
:102CE00061B108B52AB1064A52F8232012B9054A43
:102CF00000E0044A0449FFF79BFF08BD704700BF8E
:102D0000A01502001C150200241502002DE9F04157
:102D100005461746069EDDF81C8081B900242EB1B9
:102D2000324611492846FFF783FF0444B8F1000FEB
:102D300014D06FB1099B042B13D00C4909E00C4B44
:102D4000099A53F822200B49FFF772FF0446E6E781
:102D5000064942462846FFF76BFF04442046BDE87B
:102D6000F0810549F5E700BF3C1502002C15020073
:102D7000B415020034150200281502002DE9F04FA9
:102D800087B005460C46049205939DF84C7001F0FF
:102D9000020B01F0010AC1F3C00801F4807912F0BE
:102DA00089F818B3024616492846FFF741FF064640
:102DB000BBF1000F1CD13A465146284612F03CF9AF
:102DC000B9F1000F01D0002311930397129B0293D6
:102DD000119B0193109B00930023049A41462846BF
:102DE000FFF794FF304407B0BDE8F08F0026DFE71F
:102DF000059A21462846FFF72DFF0644DBE700BF72
:102E00004015020011F0100F0BD108B511F0200F82
:102E100003D00449FFF70CFF08BD0349FFF708FF83
:102E2000FAE77047801602002C1F02002DE9F041DE
:102E300005460F46164698460699FFF7E3FF00241D
:102E4000444505DA24492846FFF7F2FE0134F7E746
:102E5000002409E020492846FFF7EAFE0BE01F495D
:102E60002846FFF7E5FE01340F2C0CDC002C02DDB8
:102E700014F0070FEED0B442F1D23A5D184928465B
:102E8000FFF7D6FEEFE717492846FFF7D1FE0024EB
:102E900009E011492846FFF7CBFE0BE0124928460E
:102EA000FFF7C6FE01340F2C13DC002C02DD14F0FA
:102EB000070FEED0B44207D23A5D0C4B9B5C13F087
:102EC000970FEBD12E22E9E703492846FFF7B0FE22
:102ED000E8E7BDE8F08100BF381502004C1502009C
:102EE0004415020050150200541502002A42020047
:102EF0002DE9F04184B004469DF82C500C9F0E9EA5
:102F000095B9012B1ED019484FF0000827B13B4658
:102F10002246174911F080FAC6B905BB204612F0C7
:102F20004DF804B0BDE8F08103950A980290019332
:102F300000920B4600220F992046FFF71FFF8046A4
:102F40000C48E3E70B484FF00008DFE70F9B0093C6
:102F5000434632460D99204612F086F8DDE72A46B0
:102F60000F99204612F074F8D8E700BF1B500100FB
:102F70003D420000EB4F01002DE9F04383B00646CF
:102F8000056842F20F738B4228BF0B46184A052191
:102F900068460FF075FA04467368D3F804900B275F
:102FA000DFF8508005E04A4639464046A8473F1AB8
:102FB0008044002FF7D17368D3F804806F4605E092
:102FC000424621463846A847241A0744002CF7D128
:102FD00073685F681B24084E05E03A462146304678
:102FE000A847241A0644002CF7D103B0BDE8F083AB
:102FF000B81702007415020058150200074B012291
:103000001A6004E04008054A13685B001360044B33
:103010009842F7D8034B1860704700BF700C00202F
:1030200040420F00740C002070B506460D46002487
:1030300005E0315D04488368DB6998470134AC42A0
:10304000F7D3284670BD00BF6C0B0200014B036034
:10305000002070471C16020008B5034811F039FA29
:10306000024811F036FA08BD1C1602005416020080
:1030700008B5024804F024FF08BD00BF8416020012
:10308000B0F5680F17D00CD840F6BA63984214D048
:10309000B0F5683F13D03A2801D0012070470020D6
:1030A0007047094B98420CD0084B984201D0012040
:1030B00070470020704700207047002070470020B4
:1030C00070470020704700BF3A00003A2C5F5CA9AF
:1030D00028B308B54368B3F5683F0AD0B3F5680F65
:1030E00014D012498B421FD0006803F00DFE00205F
:1030F00014E003680022D3E8EF1F012903D1C3E8DD
:10310000E02F0028F7D10DD1104607E003681B78A7
:1031100003F580730020064A42F8230008BD6FF4CF
:10312000E04070470348F9E70348F7E72C5F5CA9E4
:1031300000000350E98FFFFFEA8FFFFF88B308B557
:103140004368B3F5683F0FD0B3F5680F19D016493F
:103150008B4224D000684FF0FF324FF0FF3303F072
:1031600053FD68B111480BE003680122D3E8EF1F5B
:10317000002903D1C3E8E02F0028F7D10BD10020AC
:1031800008BD03681B7803F58073094A52F82330A1
:103190001BB90020F4E70548F2E70448F0E70548CA
:1031A000EEE76FF4E04070472C5F5CA9E98FFFFF0A
:1031B00000000350EA8FFFFF10B50446A8B1636812
:1031C000B3F5683F10D0B3F5680F0DD00D4A9342A8
:1031D0000AD013F4686F0DD021680B4813F03BFE42
:1031E00000232360074B636010BD084B5B680848F1
:1031F0009847E4E7236800221A605A609A60DA6010
:103200001A61EFE72C5F5CA9A0110020A00000204C
:103210008C16020010B5044668B36068B0F5683FCC
:1032200028D0B0F5680F25D0174B984228D0FFF76B
:1032300027FFC0B14FF0FF324FF0FF332146134854
:1032400003F0C2FB08B923681BB9114B5B68114836
:103250009847236800221A605A609A60DA601A61FF
:103260004FF468636360206813F076FE636843F090
:103270003A03636010BD064B5B6807489847CCE78C
:103280002368002BD3D1D5E72C5F5CA9A0110020C7
:10329000A0000020B41602008C16020008B54023DE
:1032A00014220449044813F0C7FD0449044804F0FB
:1032B00079FE08BDA00C0020A0110020E416020039
:1032C000F81602002DE9F04182B000AF0446D0F8B4
:1032D00000E0D0F804C085686E468AB06B4613F1F2
:1032E000100200F0888014218AB10846042903DD09
:1032F000DFF81C81C3F81480082801DDC3F818E04A
:103300000C2801DDC3F81CC0102800DD1D62132944
:1033100074DD14253AB10521397100217971B97133
:10332000F9717868186100216FF300016FF34101B2
:103330006FF382016FF3C501012363F38811C5F3B5
:103340000A0565F353216FF31F5100233148FFF73E
:1033500061FBB546D4F80CC026696569E8468AB0B9
:103360006B4613F110024CD0142182B10846042997
:1033700003DDDFF8A4E0C3F814E0082801DDC3F89A
:1033800018C00C2800DDDE61102800DD1D62132945
:103390003ADD14253AB10521397100217971B971ED
:1033A000F9717868186100216FF300016FF3410132
:1033B0006FF382016FF3C501012666F38811C5F32F
:1033C0000A0565F353216FF31F51124D0023284660
:1033D000FFF720FBC546E369104A3146284611F045
:1033E000DEFDA3690E4A3146284611F0D8FD0837A4
:1033F000BD46BDE8F0816FF0004175E76FF01B0539
:1034000088E76FF00041B0E76FF01B05C2E700BF2F
:1034100008170200E00E02003817020068170200C9
:103420007817020038B504460D4611B10846FFF77B
:1034300049FF012C04D02946204603F053F838BD3B
:10344000EFF30583103B034A0121034811F0A7FD68
:10345000F1E700BFA8170200E00E020030BFFFF73F
:10346000FDBF00BF38B50446054D2A4605491BF08F
:1034700052F9054A002160191BF074F938BD00BFEC
:10348000000000004C0F02000800000070B5064666
:10349000064D074B1D444C1B2046FFF7E3FF083C3D
:1034A000C6F8A44005F1080070BD00BF0000000090
:1034B00008000000054B5A699B689A4204D0044AF0
:1034C000536843F080535360704700BFC41300201B
:1034D00000ED00E081690D4B5A6942F480725A6137
:1034E000BFF34F8FBFF36F8F31F8021C5A6922F47C
:1034F00080725A61BFF34F8FBFF36F8F4DF6027327
:10350000994201D0002070470120704700ED00E093
:103510004FF0000C83F800C002F07F4CBCF17F4FED
:1035200014D102F00C0CBCF1080F04D012F0080FFB
:1035300009D00846704708B5054A0121054811F031
:1035400024FD002008BD01221A707047002070473A
:10355000BC170200E00E020008B5314A01213148D3
:1035600011F013FD304B9B6A13F0007F26D11D2014
:103570002D4B9B6A13F0807F27D12B4B9B6A13F452
:10358000801F29D1284B9B6A13F4002F2BD1264B87
:103590009B6A13F4802F2DD1234B9B6A13F4003FB9
:1035A0002FD1214B9B6A13F4803F31D11E4A936A7D
:1035B0006FEA03436FEA1343936208BD1B4A01217C
:1035C000184811F0E2FC1E20D2E7194A01211548E3
:1035D00011F0DBFC1F20D0E7164A0121114811F041
:1035E000D4FC0220CEE7144A01210E4811F0CDFC94
:1035F0002120CCE7114A01210A4811F0C6FC222003
:10360000CAE70F4A0121074811F0BFFC2320C8E791
:103610000C4A0121034811F0B8FC2420C6E700BF82
:10362000E8170200E00E020000ED00E000180200C2
:1036300014180200301802005C1802007C18020006
:10364000A4180200C018020008B500230B70034A3A
:103650000121034811F099FC08BD00BFEC180200DD
:10366000E00E020090B583B000AF0F2923DC2F4C91
:10367000103900233B7102237B718AB0EC461CF1A8
:1036800010021AD0122022B1042802DD284BCCF8F7
:10369000143000233B7002237B70E2B103460828FC
:1036A00001DDCCF818400C2B01DDCCF81C100CF11E
:1036B000200300210DE01F4CDAE76FF00040E2E745
:1036C00001F1080404EB070E1EF808EC03F801EB07
:1036D00001310129F4D9112824DD12234AB1042132
:1036E000397100217971B9710121F9717868CCF8CB
:1036F000100000216FF300016FF341016FF38201AD
:103700006FF3C501012060F38811C3F30A0363F36B
:1037100053216FF31F5100230748FFF77BF90C3744
:10372000BD4690BD6FF01B03D8E700BF1019020023
:103730004419020028190200E00E0200F8B50546FF
:103740000F461446394A0121394811F01EFC394B05
:103750009B6A13F0100F31D11026364B9B6A13F081
:10376000080F32D1334B9B6A13F0020F34D1314B27
:103770009B6A13F0010F4BD12E4B9B6A13F0200F65
:103780004DD12C4B9B6A13F0100F01D1294B9B6A32
:10379000284B9B6A13F0200F04D0264A536A23F467
:1037A00000535362234A936A43F0FF03936201215B
:1037B000284611F0FDFC20703046F8BD1E4A01215C
:1037C0001B4811F0E2FB1126C7E71C4A01211848EB
:1037D00011F0DBFB1226C5E7194A0121144811F04C
:1037E000D4FB144A536B926A12F0800F01D1132656
:1037F000BDE7144A01210E4811F0D1FB37B10D4A43
:10380000936A23F0800393621326B0E71326AEE792
:103810000D4A0121064811F0B8FB1426ACE70B4A0B
:103820000121034811F0B1FB1526AAE7581902003F
:10383000E00E020000ED00E070190200A419020081
:10384000B8190200D0190200E8190200081A020093
:10385000F8B505460F461446374A0121374811F09E
:1038600094FB374B9B6A13F4805F25D11626344BAB
:103870009B6A13F4006F26D1314B9B6A13F4007FCF
:1038800028D12F4B9B6A13F4806F3FD12C4B9B6A3E
:1038900013F4807F41D12A4B9B6A13F4005F43D11C
:1038A000274A936A43F47F4393620121284611F02B
:1038B0007FFC20703046F8BD224A01211F4811F0DC
:1038C00064FB1726D3E7204A01211C4811F05DFB59
:1038D0001826D1E71D4A0121184811F056FB184A55
:1038E000936B926A12F4004F01D11926C9E7184A66
:1038F0000121124811F053FB37B1114A936A23F4A6
:10390000004393621926BCE71926BAE7114A012140
:103910000A4811F03AFB1A26B8E70F4A0121074876
:1039200011F033FB1B26BBE70C4A0121034811F0C1
:103930002CFB1C26B4E700BF381A0200E00E020080
:1039400000ED00E0501A0200A4190200641A0200FF
:10395000801A0200981A0200B41A0200081A020023
:1039600070B506460D462B4A01212B4811F00DFB80
:1039700000232B70294BDC6A14F002040AD1274B78
:10398000DB6A002B0DDB254BDC6A14F080440ED182
:10399000204670BD224A01211F4811F0F6FA00248A
:1039A000F6E7204A01211C4811F0EFFAF0E71E4A21
:1039B0000121194811F0E9FA3046FFF78BFD98B95B
:1039C000164B9B6A13F0FF0F16D1144B9C6A14F42C
:1039D0007F4418D1114B9B6AB3F5803FD8D3304652
:1039E000FFF7BAFD0446D3E73368104A01210A48BD
:1039F00011F0D5FA3468CBE72A4601213046FFF7AB
:103A00009DFE0446C4E72A4601213046FFF720FF09
:103A10000446BDE7CC1A0200E00E020000ED00E013
:103A2000E41A0200081B0200181B0200381B0200E7
:103A300030B58BB01F4B5D68C5F30805002383F3D9
:103A40001188BFF36F8F0DF12603FFF761FD044668
:103A50000DF12702294611F0ADFB9DF827300BB17F
:103A60000BB030BD05460DF1040C20686168A268FA
:103A7000E368ACE80F0020696169A269E369ACE81A
:103A80000F009DF826304BB1089BC3F308025AB9CA
:103A90006FEA53236FEA4323089305E0089B23F45E
:103AA000FF7323F00103089301A92846FFF7BAFC2E
:103AB000D6E700BF00ED00E0064B5A6942F0100265
:103AC0005A615A6942F480625A615A6922F00802C6
:103AD0005A61704700ED00E0EFF30880EFF30981D1
:103AE00001B57246FFF7A4FF01BD00BF002080F3BF
:103AF0001488BFF36F8F002080F30A8880F30B884F
:103B0000104880F3088800200F49087001F0F4FE87
:103B100000200E490860BFF34F8F00F02FF82020DF
:103B200080F311880A484FF40061401880F3098837
:103B3000EFF314800221084380F31488BFF36F8FE2
:103B400000F0E4F8E8370020811F002094ED00E049
:103B5000A82A0020084BD3F89000C0F307200023C8
:103B600006E0054AC2F898300021C2F8A0100133DF
:103B70008342F6DB704700BF00ED00E010B572B67F
:103B8000002484F31388FFF7E5FF234608E003F1E0
:103B900020010E4A4FF0FF3042F821000133DBB222
:103BA0000F2BF4D9002308E003F16001074A4FF01E
:103BB000FF3042F821000133DBB20F2BF4D962B69B
:103BC000BFF34F8FBFF36F8F10BD00BF00E100E068
:103BD00008B50A4B9B68834202D003F08DFD08BDF7
:103BE000EFF30583002BF8D0054B5A6842F0805262
:103BF0005A605A6A22F400425A62EEE7C413002067
:103C000000ED00E016498A684FF030001044EFF3F1
:103C1000098C80E8F01F202080F31288BFF36F8F9B
:103C2000104F4FF000664A698A603E60D2F8A400E7
:103C30000D4C2060D2F8A8000023C2F8A83080F311
:103C4000118802F1300090E8F01F8CF3098802F12E
:103C5000000004B511F0E4FABDE80440704700002C
:103C6000C413002004ED00E0C01100201EF0040F7A
:103C70000CBFEFF30880EFF30980816911F8021C93
:103C80000229FFD001B5724611F07FFA01BD00BFD5
:103C9000002807DB00F01F02400901239340024A7D
:103CA00042F82030704700BF00E100E0002808DB48
:103CB0004901C9B200F1604000F5614080F800138D
:103CC000704700F00F004901C9B2014B1954704709
:103CD00014ED00E04209054B53F8222000F01F00CC
:103CE000012303FA00F01040704700BF00E100E03C
:103CF000044B23F07F03044A9360BFF34F8FBFF35D
:103D00006F8F70470000000000ED00E008B5FFF77E
:103D1000EFFF074AD2F8883023F47003C2F88830E6
:103D200002F0A2FD03F04EFE00F04EF802F0F8FDA6
:103D300000ED00E010B4A2F120040E4942F8081C86
:103D400021F0010142F8081C42F8203C019B42F896
:103D50001C3C029B42F8183C039B42F8143C4FF079
:103D6000807342F8043C04650023C0F8A83010BCFE
:103D7000704700BF6522000000B50E4615460B4B8C
:103D80009860D0F8A4200A4B1A60D0F8943083F3DE
:103D90000B882C4686F309880020064B984720465E
:103DA000002100220023044C204700BFC413002040
:103DB000C01100202B52010065220000014B10228F
:103DC0001A61704700ED00E0002207E003F1604354
:103DD00003F56143202183F800130132442A09DCF2
:103DE00053B2002BF2DA03F00F03034919442023E6
:103DF0000B76F2E7704700BFFCEC00E008B5EFF38C
:103E00000583103B044A02EBC301496852F83300B2
:103E10008847FFF74FFB08BD8C0B0200074AD2F81A
:103E2000FC3043F08073C2F8FC30054B00225A602E
:103E30001A6842F001021A60704700BF00ED00E00E
:103E4000001000E0034B00225A601A6842F00102A1
:103E50001A607047001000E0014B5868002170475D
:103E6000001000E008B501F037FD024B1868002192
:103E700008BD00BF7400002008B5FFF7F3FF024A39
:103E80000023FCF765FA08BD40420F0010B584B06E
:103E90000A4C23460A4A01210A4811F0FDFA002380
:103EA000019302930393084B0193E41A02940121B6
:103EB00001A811F0F5FA04B010BD00BF0000072002
:103EC00000000020541B020098020020024B034A0D
:103ED000C3F8C020704700BF00ED00E0AAFF440017
:103EE000034BC3F89800C3F89C10C3F8A020704798
:103EF00000ED00E00E4BC3F89800C3F89800D3F82B
:103F00009C000A7A60F304020A72D3F8A020C2F37C
:103F10004202087A62F347100872D3F89C2022F01C
:103F20001F020A60D3F8A03023F01F03CB60704754
:103F300000ED00E070B505460E46002400E00134B7
:103F4000A6421EDD04EB44039A0005EB8303596887
:103F50000029F4D0A85811F0F9F904EB84030B4AB6
:103F600042F8230010F1160F0CD0094B1B78984231
:103F700009DA04EB840302EB83010431FFF7BAFF93
:103F8000DDE7002070BD6FF01500FBE7C4110020D5
:103F90007A1F002010B504460A4BD3F89030C3F3C3
:103FA0000723013B984203D811F0AAF9204610BD1F
:103FB0000346054A0121054810F0F1FF6FF0150096
:103FC000F5E700BF00ED00E0641B0200D80E020020
:103FD0002DE9F04F87B081460091019314460026E9
:103FE00048E03346614A0121614810F0D8FF6FF084
:103FF000150407E03B465F4A01215D4810F0CFFF02
:104000006FF01504204607B0BDE8F08FD84564D1A5
:104010002946C0B211F0ABF92BE0574AC2F89870AC
:10402000D2F89C3003F01F0321F01F010B43C2F8AC
:104030009C302946E0B211F09AF9044610F1160FAF
:10404000E0D0013415E0013B4B49C1F89870D1F83C
:10405000A02002F01F0223F01F031343C1F8A03079
:104060002946E0B211F083F9044610F1160FC9D0C9
:1040700001340136009B9E42C4DA06EB46054FEA46
:10408000850A09EB85056F68002FF2D0019B23B1EB
:10409000284611F049F90028A3D0394659F80A00FA
:1040A00011F054F9074610F1160FA3D08442A1DD98
:1040B000314BC3F89800D3F89C2022F01F02C3F8BC
:1040C0009800D3F8A03043F01F0859F80A30696807
:1040D000194401F1FF3B934298D093429DD0D845BB
:1040E000B1D0013B2449C1F89870D1F8A02002F06A
:1040F0001F0223F01F031343C1F8A0302946E0B28A
:1041000011F035F9044610F1160F3FF47BAF013082
:10411000194BC3F89870D3F89C109DF8102061F3E8
:1041200004028DF81020D3F8A030C3F34203D2B2BA
:1041300063F347128DF8102059F80A306A68134467
:10414000029323F01F03A8EB0B084344013B23F029
:104150001F03059302A9C0B2FFF71CFF044610F12C
:10416000160F3FF44FAF013483E700BF8C1B0200F2
:10417000D80E0200B01B020000ED00E010B5034CA9
:1041800001232278FFF724FF207010BD7A1F002042
:10419000044B0522C3F89420BFF34F8FBFF36F8FFA
:1041A000704700BF00ED00E0BFF35F8F024B0022BD
:1041B000C3F89420704700BF00ED00E038B51C4BF9
:1041C0001D681C4BD3F89030C3F307239D422BD8B6
:1041D000FFF7EAFFFFF77AFE002407E0144B596867
:1041E00001EB0411204611F08BF80134A542F5D8FB
:1041F0001148057011F0DAF810F1160F13D00E4BBC
:104200001A780C4BD3F89030C3F307239A4207DA9D
:10421000084BC3F898200021C3F8A0100132F0E742
:10422000FFF7B6FF002038BD4FF0FF30FBE700BFBF
:10423000D41B020000ED00E07A1F002030B587B0EB
:104240000D461146002400940194029403940494B2
:10425000059402228DF80220044A019204900595EB
:104260001A4668460EF012FD07B030BDA954010091
:1042700008B5024B1B689847002008BDE8110020D4
:10428000034B1860034A937843F00203937070471E
:10429000E81100204000002008B5054810F019F989
:1042A000002383F31188BFF36F8F0423184602DFC6
:1042B000141C020008B54FF0FF324FF0FF330248E4
:1042C00011F009F908BD00BF5000002008B50649EB
:1042D00021F00701C1F1005202F5E02203480FF07E
:1042E000E4FF002008BD00BFAF380020EC11002023
:1042F00038B50446FFF7DEFF2246082108480FF0D4
:1043000049FF054620B1074802F0FEFC284638BDAB
:10431000002CF8D01AF010FD034B0C221A50F2E7D3
:10432000EC110020500000200C00000010B50446E5
:10433000FFF7C0FF214603480FF0DCFE024802F001
:10434000E3FC10BDEC1100205000002068B108B55E
:10435000064A074B1B680749A1FB03139B0C00FB94
:1043600003F042F00103984708BD7047600F020058
:104370007400002083DE1B4338B51A4B1B780133D1
:10438000194AA2FB031202F4FE7101EB92029C1A7D
:10439000E5B212F09EF8154B1B782BB1144A52F877
:1043A0002530C01A07281AD94FF05023D3F81431FA
:1043B00063B14FF050230022C3F81421D3F8143115
:1043C000084B1D7015B9094B01221A70054B1C785A
:1043D00012F07FF8064B43F82400012038BD00207E
:1043E000FCE700BF7C1F0020CDCCCCCC7B1F002085
:1043F000F811002000B583B00DF1070001F090FB2B
:10440000114B98421CD1114B4FF48062C3F8B82570
:104410004FF40062C3F83C250D499DF8070012F0E7
:104420001CF90C499DF8070012F012F99DF80730AD
:104430000120984001F06EFB002003B05DF804FB02
:104440006FF00B00F9E700BF0000AD0B00A00250B9
:104450002CA0025028A1025008B50121104BC3F82E
:104460000015104A0223C2F8D0360F48D0F80032A7
:1044700023F0E04343F04053C0F80032D0F8043258
:1044800023F0E04343F04053C0F80432C2F804176D
:10449000C2F80419C2F8001B00F032F808BD00BFD2
:1044A00000100050004000500025845000F01F0212
:1044B00040090CD001280CD10748803250F8223036
:1044C00023F0E04343EA017140F8221070470348AB
:1044D000F3E70020F1E700BF002884500025845056
:1044E00038B50546002405E02946044B185DFFF762
:1044F000DDFF0134032CF7D938BD00BF241C0200B6
:1045000008B50249024810F0D1FB08BD281C020082
:104510000C12002008B5054B1B7803B108BDFFF74E
:104520007DFC024B01221A70F8E700BF7D1F0020BE
:1045300008B5064BD3E8EF2F511CC3E8E01F002855
:10454000F8D102B108BDFFF77DFCFBE72C1200207B
:1045500000487047CC120020014BC01A4011704730
:104560004412002038B505460C46FFF7F5FF01461A
:104570004022034811F0B7F801462846A04738BD4D
:104580000C0B020030B583B005460C46FFF7E4FF84
:104590000146402300932346054A064811F0BDF822
:1045A000011E01DB03B030BD2846A047FAE700BF7B
:1045B000635701000C0B020008B5092817D8DFE883
:1045C00000F0051C161616161616171200210D48B7
:1045D00011F017F8836813F0070F08D1002109487C
:1045E00011F06FF803E00221064811F06AF808BDE7
:1045F0000321044811F065F8F9E70121014811F0A1
:1046000060F8F4E70C0B020010B582B0EFF31184F0
:10461000202383F31288BFF36F8F154A136843F08A
:104620000201116013F0010F09D1002384F31188F6
:10463000BFF36F8FB3B911F09CF802B010BD0DF14C
:10464000070201214FF0502010F0ACFF9DF8073019
:10465000012B01D00023E9E7FFF77AFF11F01FF8E3
:104660000123E3E70021034811F02BF8E5E700BF41
:10467000F41200200C0B020010B5EFF3118420237C
:1046800083F31288BFF36F8F074A136823F0020188
:10469000116013F0010F04D084F31188BFF36F8F02
:1046A00010BD11F07AF8F7E7F412002070B582B06F
:1046B0000546012807D14FF05023D3F81C3403F0EE
:1046C0000303022B36D012F072FC044610B92B4BB8
:1046D0001B7873B9EFF31186202383F31288BFF39D
:1046E0006F8F012494B94FF050230222C3F808239E
:1046F0000CE00026F6E7FCB1304610F0B6FD4FF0B6
:104700005023D3F81835DBB2012B19D00DF1070275
:1047100000214FF0502010F045FF0028EBD09DF80D
:104720000730022B01D0012DE5D104B386F31188A7
:10473000BFF36F8F02B070BD012011F042F8DEE7C9
:104740004FF05023D3F80431002BDFD04FF050232B
:104750000022C3F80421D3F804210222C3F818254B
:10476000074A2021C2F8801101229A60CEE74FF05B
:1047700050230222C3F80423DCE700BF811F00207E
:1047800000E100E000B585B0CDF800D0CDF804D050
:1047900000230293012303936B46074A10F0D9FFCD
:1047A000002805DB4FF480420023684602F046FBF8
:1047B00005B05DF804FB00BFEF57010070B5064679
:1047C00000220121052010F01FFD114801F0B0F971
:1047D000104B984219D101F0BDF90024032C12D8D6
:1047E0002146304610F00DFF05462146304610F0B8
:1047F00015FF094910F05AFA002805DB0123AB60C8
:104800001C44E4B2EAE7002070BD6FF00400FBE74F
:10481000B94500000000AD0B341C020010B5044681
:104820000E4B0121D3E8EF2FC3E8E01F0028F9D198
:104830001AB1631E012B0DD910BD094810F0EEFE10
:10484000084900234B608B60CB6001238B6010F024
:1048500049FAEEE72046FFF729FFEDE74012002076
:104860000C0B02003012002010B504460A2806D0B6
:10487000E1B206488368DB699847204610BD0348CB
:104880008368DB690D219847F2E700BF6C0B0200DB
:1048900010B5044C2046FFF7F3FC2046FDF7DCFC86
:1048A00010BD00BF6948000008B5054812F070FA55
:1048B00018B1FFF7EDFF002008BD6FF01200FBE715
:1048C0006C0B0200F0B51C46059F069E00F01F0C05
:1048D000400936D0012836D1284D0CF1800355F817
:1048E000233091B3012092B34FF0020E40EA0E0044
:1048F00084B34FF00C0E40EA0E0077B34FF4706EA5
:1049000040EA0E0066B34FF4403E40EA0E0023EA50
:10491000000041B30B7842B312785200134334B312
:1049200022789200134327B33A781202134316B346
:1049300032781204134303430CF1800C45F82C30F9
:10494000F0BD0F4DC9E70025C7E70020CBE74FF0CA
:10495000000ECBE74FF0000ECDE74FF0000ECFE793
:104960004FF0000ED1E70023D5E70022D6E7002262
:10497000D8E70022DAE70022DCE700BF00288450F5
:104980000025845000F01F03400908D0012808D1F9
:10499000054A803352F8230000F001007047034AB3
:1049A000F7E70022F5E700BF002884500025845077
:1049B00028B1012801D10348704700207047024800
:1049C000704700BF2C0B02004C0B02002DE9F04792
:1049D00086B0884616469946446801F01F05237B39
:1049E00045EA4315204610F07BFF002864D0B6F559
:1049F000001F35D00DF10C0A002703970497494694
:104A0000304610F0A2FF8DF80C0000970197029736
:104A1000CDF804A0A36823FA08F313F0010F02D124
:104A2000B6F1A07F23D004F110060DF1170229463C
:104A3000304612F087F9234B984237D010346A463B
:104A40002946204612F072F91E4B984237D10122B6
:104A50002946204612F08EF9002006B0BDE8F08706
:104A6000294604F1100012F089F90020F5E72846E4
:104A7000FFF788FF0028D6D10DF11702294604F16F
:104A8000100012F05FF9104B984203D00DF117039C
:104A90000493D3E70DF117024146204610F091FF31
:104AA000084B9842F2D06FF00B00D6E79DF8171034
:104AB000304612F057F9C1E76FF08500CDE76FF08F
:104AC0001500CAE70000AD0B0400AD0BF0B589B0CE
:104AD0000F461446456801F01F062B7B46EA431635
:104AE000104610F002FF8DF81E0040F206332340FE
:104AF000B3F5837F53D016D8062B4CD006D9B3F527
:104B0000807F0DD101238DF81D3024E003B3022BEB
:104B100003D104238DF81D301DE06FF0150038E03F
:104B20006FF0150035E040F2022293423BD0B3F51E
:104B3000407F03D103238DF81D300CE0B3F5007FD7
:104B400003D102238DF81D3005E06FF0150020E041
:104B500000238DF81D3014F4002F28D06A6801233B
:104B6000BB409360284610F0BBFE40B310350DF1FA
:104B70001F023146284612F0E5F8074614F4403F7C
:104B800036D13146284612F0E9F83C4B9F426DD0B1
:104B9000002009B0F0BD06238DF81D30DBE70723A8
:104BA0008DF81D30D7E705238DF81D30D3E714F4B9
:104BB000802FD7D06A680123BB40D360D2E7C4F30B
:104BC00040438DF8083014F4803F0CBF01230023CC
:104BD0008DF81030002401940DF11D0300930DF1A8
:104BE0001E0304AA02A93046FFF76CFE2046D0E758
:104BF00002AA00230293039304930593069305925C
:104C000004AA3146284612F091F81C4B98421DD157
:104C100014F4003F1DD09DF81D308DF8103014F4B1
:104C2000803F0CBF012300238DF811309DF81E300A
:104C30008DF81230002304AA3146284612F07AF883
:104C40000E4B9842A1D06FF01500A2E76FF015004F
:104C50009FE700230493059306930DF11E0304932D
:104C600004AA3146284612F061F8E9E79DF81F10C2
:104C7000284612F077F800208BE700BF0000AD0B4C
:104C800038B504464568284610F02AFE20B9104978
:104C9000204610F0D4FD38BD1035284612F05AF8E1
:104CA0000028F4D10021284612F050F8094B984210
:104CB0000AD100220849284612F040F800220521B6
:104CC0000D2010F0A1FAE2E76FF00400E3E700BF67
:104CD000A95901000000AD0B8359010070B400F028
:104CE0001F0C400919D0012819D10E4D0CF180007C
:104CF00055F820600C4C344041EA420141EA8303FC
:104D00009DF80C2043EA02239DF8102043EA024359
:104D1000234345F8203070BC7047044DE6E700257A
:104D2000E4E700BF00288450F0F0FCFF0025845029
:104D300000F01F01400906D0012806D1044A0123D2
:104D40008B4093607047034AF9E70022F7E700BF02
:104D5000002884500025845000F01F01400906D02F
:104D6000012806D1044A01238B40D3607047034ACF
:104D7000F9E70022F7E700BF00288450002584509F
:104D80002DE9F04F85B007468B469046002423E07E
:104D90004FF0FF3535E0C8F80C5501260396314633
:104DA000B5F1FF3F16D0B1F1FF3F40F0138157F846
:104DB0000A3013F4004F02D0012600220392002291
:104DC0000192CDF80090C3F341233246039928465F
:104DD000FFF784FF0134E4B25C4580F0FF804FEAC6
:104DE000840A57F82430C3F3C322C3F30805082A02
:104DF00000F2F6807E4911F8029040F2FF129542CF
:104E0000C6D01B0E222B00F2EE8001A252F823F036
:104E1000974D00009D4E0000AB4E0000B74E0000C5
:104E2000C54E0000D34E0000DF4E0000E74F0000EB
:104E3000E74F0000E74F0000E74F0000ED4E000095
:104E4000014F0000E74F0000E74F0000E74F000070
:104E5000E74F0000E74F0000E74F0000E74F00007A
:104E6000E74F0000E74F0000154F0000274F0000FC
:104E7000394F00004B4F0000E74F0000E74F0000A4
:104E8000E74F00005D4F00006D4F0000794F0000BC
:104E9000894F0000994F0000A94F0000C8F8145531
:104EA000002603964FF0FF317AE7C8F8085501262F
:104EB0000396314674E7C8F81055002603964FF064
:104EC000FF316DE7C8F808550026012303933146EA
:104ED00066E7C8F80C5501260396002160E7C8F87C
:104EE0001055002603964FF0FF3159E7C8F80855D2
:104EF000B9F1000F5ED0002603964FF0FF314FE767
:104F0000C8F80C55B9F1000F5CD0002603964FF09D
:104F1000FF3145E7C8F8605557F80A10C1F3004162
:104F2000012603963CE7C8F8645557F80A10C1F308
:104F300000410126039633E7C8F8685557F80A1070
:104F4000C1F30041012603962AE7C8F86C5557F8CB
:104F50000A10C1F300410126039621E7C8F8245541
:104F60000126002303934FF0FF3119E7C8F82855B5
:104F700001260396314613E7C8F830550126002371
:104F800003934FF0FF310BE7C8F834550126002397
:104F900003934FF0FF3103E7C8F83855012600238B
:104FA00003934FF0FF31FBE6C8F83C55012603960A
:104FB0003146F5E64E46CDF80C904FF0FF314FF0FC
:104FC0000609EDE64E46CDF80C904FF0FF314FF05C
:104FD0000609E5E6284610F013FDE8E6002004E0A7
:104FE0006FF0150001E06FF0850005B0BDE8F08FAF
:104FF000FC1C02002DE9F84305460F46466811F0F7
:10500000D6FF20B9234B1B780BB3002300E001230C
:10501000D5F810906A68D2F80080F3B9284610F0ED
:1050200028FE0446736813F0040F03D04FF4800386
:10503000C8F80433F36A1F700122F16A284610F0A1
:1050400064FE84F31188BFF36F8FBDE8F8830123FA
:10505000DEE784F31188BFF36F8FEFF31184202311
:1050600083F31288BFF36F8F284610F002FD0028EB
:10507000EFD0D9F80030002BD4D0D3F8A420002AE8
:10508000D0D0D3F8B420002ACCDAD8F84C25C3F815
:10509000B420C7E7811F00202DE9F04F85B0984666
:1050A000D0F810B0DBF80040D0F804A0DAF80050D7
:1050B0009AF80830002B40F0B58081460F4616461E
:1050C00094F86130002B40F0B08094F86230002BEF
:1050D00040F0AE806365B8F1FF3F44D0B8F1040FF3
:1050E00016DDA3F1993383FB08234FEAE870C0EB88
:1050F0006300C117C90341EA5041C0034E4BC018B9
:105100004E4A4FF0000341F10001FBF721F901E0A5
:1051100000200146A065E165276466640023A3645E
:10512000E3642365DAF8043013F0040F20D1DAF8D1
:10513000043013F0040F02D094F8602052BBC5F87D
:105140003475C5F838650020C5F81001D5F8103160
:10515000C5F84C01D5F84C31012384F861302B603F
:1051600005B0BDE8F08F00220023C4E91623D3E781
:10517000EFF311830393202383F31288BFF36F8F20
:105180000221484610F0B5FD039B83F31188BFF35D
:105190006F8FCCE7B24228BF32469146DAF828102A
:1051A000384619F0B8FA4F44B6EB090614D0B8F1F6
:1051B000FF3FC4D00023C5F80831D5F8083104F109
:1051C0000800D4E916234FF000084FF00009CDE99C
:1051D000008902F0D3FDB2E794F86020A2EB090247
:1051E000D2B284F86020DAF8280000EB090119F047
:1051F0009FFA0BF10803D3E8EF1F41F00401C3E865
:10520000E21F002AF7D145F30735002D08DB05F032
:105210001F026D09012393404035094A42F82530A9
:1052200000209DE76FF085009AE76FF00F0097E789
:105230006FF00F0094E700BF3F420F0040420F00A5
:1052400000E100E0F0B583B004461D460669EFF3C7
:105250001187202383F31288BFF36F8F3368D3F84D
:10526000A40000BBC3F8A4203368C3F8A01001F069
:105270006043B3F1005F1DD13368C3F8A8103368F1
:10528000C3F8AC203146204610F05AFD87F3118850
:10529000BFF36F8F204610F01BFC80B3B5F1FF3FCA
:1052A00010D100202CE087F31188BFF36F8F6FF0CF
:1052B0000F0025E033680022C3F8B020204610F02C
:1052C000B0FEDFE73468683425EAE575E917C903FD
:1052D00041EA5541ED030B4828180B4A4FF00003F3
:1052E00041F10001FBF734F802460B460020002193
:1052F000CDE90001204602F041FD002000E0002041
:1053000003B0F0BD3F420F0040420F0070B50446AD
:10531000056943681E68286800220A49083012F0AF
:1053200037F82B68DC63286800220749683012F0E0
:105330002FF82B68C3F89C40044BC6F804330020B8
:1053400070BD00BF87610100835F010014020A0085
:1053500038B505460C4601F10C0000F0E1FB0C4BA2
:1053600098420DD105F10C0205F59071207B11F0EA
:1053700079F9237B0120984000F0CCFB002038BD58
:10538000044A012104480FF000FE6FF00400F6E724
:105390000000AD0B081D0200F00E020038B50446F7
:1053A00045680121E86810F089FC63681A682B6978
:1053B000C2F824356B7DA97D0B43298B0B43297DD6
:1053C0000B43C2F86C3523691B6823B12046FFF7F5
:1053D0009DFF002803DB204610F011FF00B138BD0F
:1053E0000249204610F014FBF9E700BFA75D010059
:1053F00021F07F4100F5A870014B43F82010704761
:10540000005001504FF480338340024AC2F84433C5
:10541000704700BF005001504FF480338340024A70
:10542000C2F84833704700BF00500150014BD3F819
:1054300004057047005001502DE9F84305468946A0
:105440009046FFF7E9FF284611F00BF84E46032778
:1054500010E0FFF7EBFF0446494610F0F1FFB0F50E
:10546000000F26D9284610F0FCFFB8F1000F22D11A
:105470003E19013731462846FFF7BAFF2846FFF7A5
:10548000C1FFFFF7D3FF0446C11C304610F0D8FF20
:105490000A4B98420AD9284610F0D6FF0028D8D1E6
:1054A000B8F1000FE4D06FF0150000E00020BDE877
:1054B000F8830020FBE76FF01500F8E7FDFF7F00A1
:1054C000034B044AC3F80823C3F84823704700BFBE
:1054D0000050015003000F0010B5012383406FEA14
:1054E000030C0C4AD2E8EF1F01EA0C0EC2E8E4EF0D
:1054F000002CF7D14FF4803282400748C0F80823CF
:10550000BFF35F8FBFF36F8F0B4214BF01200020EA
:1055100010BD00BF24130020005001504FF4803311
:105520008340124AD2F80423134201D1002070476D
:1055300010B5044601238340DB430D49D1E8EF2F2A
:1055400002EA0300C1E8EC0FBCF1000FF6D122FA29
:1055500004F313F0010F03D1204610F075FF18B1CA
:10556000204610F07EFF012010BD00BF005001500A
:105570002013002001B97047012383400D4AD2E86F
:10558000EFCF4CEA030CC2E8E1CF0029F7D14FF48A
:1055900080338340084AC2F80433084BD3E8AF3F56
:1055A000C34013F0010FE6D0054B4FF40012C3F8CF
:1055B0000021E0E7241300200050015020130020B8
:1055C00000E100E038B514461046194610F055FFCA
:1055D00002460D490B68E01A1B184C6844F10004A0
:1055E0000B604C60A2F50013B3F5400F09D2074BD6
:1055F0001B68190A1B06D41841F10005044BC3E9C6
:10560000004502F0BDFA38BDB8090020281300207B
:10561000C009002038B50D4B1C68250A2406BFF3CD
:105620005F8FFFF703FF0346001945F10001B3F553
:10563000801F0AD2064BD3E90023904271EB03038B
:1056400003D210F1807041F1000138BD2813002011
:10565000C00900202DE9F041064614461D469DF87C
:1056600020801046194610F008FF0746FFF7D2FFCA
:10567000A04271EB050319D2201A65EB01011B4B07
:10568000984271F100012BD2194B03EB0613D3E9B9
:105690000223AB4208BFA24201D1002014E04246DF
:1056A00039463046FFF7C8FE70B117E0B8F1000F79
:1056B00019D10123B3400F4AD2E8EF0F1843C2E8D3
:1056C000E10F0029F8D10020094B320103EB061647
:1056D000C6E9024506999950079B7360BDE8F081C1
:1056E0006FF01500FAE76FF01500F7E70100800092
:1056F000A80900202013002030B585B0FFF7E0FE98
:1057000000231E4AC2F80835002B25DD1B4C02255C
:10571000C4F804531A4B4FF40012C3F8802100223E
:10572000012115200FF070FD15200FF068FD0123F9
:10573000A3602360134A1360002402940194124B67
:105740000093124A0023204610F0A7FE2846FFF7D8
:1057500065F8204605B030BD0D4A02EB03124FF04C
:10576000FF304FF0FF31C2E902014FF480329A401E
:105770000249C1F804230133C6E700BF00500150BD
:1057800000E100E024130020C5550000FFFF7F006A
:10579000A80900202DE9F04782B00446FFF7BEFEBD
:1057A00010B902B0BDE8F087FFF734FF82460D461E
:1057B00010F066FE0646154B03EB0413D3E902898D
:1057C000C24575EB09050BD20025304610F060FE8E
:1057D000002DE6D0009742464B462046A847E0E71A
:1057E0000A4A230102EB0411D5584F680020D0501B
:1057F0004FF0FF324FF0FF33C1E902232046FFF79D
:105800000BFE204610F02DFEDFE700BFA8090020A8
:1058100010B50D4BD3F8043313F0020F03D100245D
:10582000002C0BDD10BD0221074810F0D3FD00282D
:10583000F5D0064A136801331360F0E72046FFF7FE
:10584000A9FF0134ECE700BF0050015028130020ED
:1058500010B584B0B0F1FF3F18D001281BDD154B07
:105860009842A8BF18460446134B01221A70FFF74E
:10587000D1FE124B1A685B68801AB0F5000F0CD28B
:105880000444B4F5000F09D30A4C07E00A4B002288
:105890001A70084CEBE70124E6E7064C00201219C9
:1058A000029001900649009143F1000310F0F5FDCC
:1058B00004B010BDFFFF7F00801F0020B80900204A
:1058C000C555000008B5FFF7A5FE024B1B68C01ABE
:1058D00008BD00BFB80900204FF05023D3F8582569
:1058E00002F00302024BD340024A1360704700BF2C
:1058F0000020A1077400002008B510F06EFE68B10A
:105900005D4BD3F8203A4BB95B4B0D22C3F8202AEC
:105910000122C3F81C290022C3F81C2900220BE035
:1059200002F160034FF47F0151F83310DB0003F5FF
:105930007F035B680B6001321F2A08D802F1600305
:105940004FF47F0151F83330B3F1FF3FE8D110F04D
:105950001CFE30B1484B2922C3F80C270322C3F8A0
:105960003C2710F0C6FD40B1444B454AC3F83025F2
:105970004FF050230122C3F8582510F0CEFD18B186
:10598000404B0022C3F84C2510F0DFFD68B14FF00A
:105990005023D3F8003413F0010F06D04FF05023FA
:1059A0000022C3F81421C3F8182110F0E2FD60B101
:1059B0004FF05023D3F8003413F0010F05D04FF00F
:1059C00050236FF00102C3F8002410F0F2FD18B16B
:1059D000294B6522C3F80C2710F013FE20B1294B88
:1059E000D3F82034002B30DB10F017FEE8B1224B47
:1059F0007E22C3F80C27C3F83C29234A7F23C2F830
:105A000018311E490023C1F8043EC1F8083E01F5D3
:105A10004821C1F81031C2F82431C2F82C3102F506
:105A2000FF1202F58052C2F8A032184AD2F88C3028
:105A300043F44063C2F88C30154A1168154BC3F823
:105A40004415D269C3F84C2508BD4FF050230322FA
:105A5000C3F8182501229A604FF05023D3F804317F
:105A6000002BF9D04FF050230022C3F8042101226B
:105A7000DA60C3F81825B7E70040005000900350E3
:105A80004400EFBE002003500020005000ED00E075
:105A90000080FF000060005010B50468ACB1B4FA9B
:105AA00084F3C3F11F03DBB201229A4024EA02020D
:105AB000D0E8EFCFA44504D1C0E8EE2FBEF1000F2F
:105AC000F6D1EAD10B70024810BD0248FCE700BFD6
:105AD0000000AD0B0200AD0B0368CB4013F0010FCB
:105AE00011D100B5026801238B401343D0E8EFCFFA
:105AF000944504D1C0E8EE3FBEF1000FF6D1F1D1DC
:105B000002485DF804FB0248704700BF0000AD0B7F
:105B10000400AD0B014BC3F8040570470070015041
:105B200008B50146014810F043FE08BD780000208A
:105B3000054B1B792BB9044B186001221A710348DD
:105B400070470348704700BF2C1300200000AD0BC6
:105B50000C00AD0B08B5084B1B680BB110F0BDFD78
:105B600010F0B9FD4FF05023C3F818050122C3F817
:105B70001425C3F8802508BD2C13002000B583B080
:105B8000032818D8DFE800F01A026D6700224FF4EE
:105B90008073012003F1502300211960196802F17C
:105BA000502201211160354A1268002A5FD04FF05F
:105BB0005023C3F8040303B05DF804FB4FF05023F7
:105BC000D3F81824D3F8183403F003038DF8073002
:105BD00012F4803F15D14FF05023D3F8143413F052
:105BE000010F13D110F077FD8DF807009DF8072005
:105BF0004FF05023C3F8182508224FF48273022077
:105C0000C8E70DF1070010F0BAFDEFE74FF05023A1
:105C1000D3F81C3403F003038DF807300DF10700AF
:105C200010F0ADFD0028E1D0144B1B682BB14FF0F4
:105C300050230222C3F80423BDE74FF05023D3F8CA
:105C40000431002BF9D04FF050230022C3F8042177
:105C5000D3F80431AFE718224FF490734FF48070FB
:105C600098E720224FF492734FF4007092E71A687D
:105C7000002AFCD000221A601B689CE72C1300202D
:105C800010B54FF05023D3F8044302E0194B1B68C2
:105C9000984774B3B4FA84F0C0F11F000122824027
:105CA00083009BB203F580739BB2C0B292B224EA28
:105CB000020403F1502319680029EAD00021196079
:105CC0001B684FF05023C3F80823022ADED1D3F813
:105CD0001814D3F8183403F00303012BD6D14FF076
:105CE00050230221C3F81815C3F8042301229A6037
:105CF000CFE710BD2C13002008B50079024B03EB51
:105D00000010FFF7C9FE08BD8000002070B400F04D
:105D10001F0C400919D0012819D10E4D0CF180003B
:105D200055F820600C4C344041EA420141EA8303BB
:105D30009DF80C2043EA02239DF8102043EA024319
:105D4000234345F8203070BC7047044DE6E700253A
:105D5000E4E700BF00288450F0F0FCFF00258450E9
:105D6000F0B51C46059F069E00F01F0C400936D07A
:105D7000012836D1284D0CF1800355F8233091B31A
:105D8000012092B34FF0020E40EA0E0084B34FF0B0
:105D90000C0E40EA0E0077B34FF4706E40EA0E002E
:105DA00066B34FF4403E40EA0E0023EA000041B3E0
:105DB0000B7842B312785200134334B32278920026
:105DC000134327B33A781202134316B332781204FE
:105DD000134303430CF1800C45F82C30F0BD0F4DFC
:105DE000C9E70025C7E70020CBE74FF0000ECBE75F
:105DF0004FF0000ECDE74FF0000ECFE74FF0000E52
:105E0000D1E70023D5E70022D6E70022D8E7002219
:105E1000DAE70022DCE700BF002884500025845028
:105E200000F01F02400907D0012807D1044B186970
:105E3000D04000F001007047024BF8E70023F6E77E
:105E4000002884500025845000F01F03400908D02A
:105E5000012808D1054A803352F82300C0F30140DD
:105E60007047034AF7E70022F5E700BF0028845097
:105E70000025845000B583B084468E460C4B93E8D1
:105E8000030002AB03E90300634609E002A901EB4A
:105E9000830151F8081C086A42F8040B08620133B8
:105EA0000CEB0E009842F1D803B05DF804FB00BF84
:105EB000500F020000F01F01400906D0012806D152
:105EC000044A01238B4013627047034AF9E700221A
:105ED000F7E700BF00288450002584504309034A97
:105EE000D35C00F01F001844C0B270479C1D020034
:105EF000004870473413002000487047B41D02006A
:105F00002DE9F04184B005460C4616461F4608466A
:105F1000FFF7E4FF804656B32146284610F02DFDDA
:105F200028B12146284610F0E8FC002843D121463C
:105F3000284610F0F1FC10B17378012B3BD00123FF
:105F40008DF80F30002301930096B31C721C0DF1E5
:105F50000F012046FFF704FF2879FFF7C9FF08F17A
:105F6000080230F8123043F0030320F81230002FFB
:105F70003BD02146284610F000FD002837D13E785E
:105F80002B6806F5A272002143F8221043F8221074
:105F90002879FFF7ADFF08F1080230F8123023F03E
:105FA0002003DB04DB0C20F812307B782BB911487E
:105FB00004B0BDE8F0811048FAE7BA7800922246B2
:105FC0003146286810F011FC2879FFF791FF02464E
:105FD00008F1080032F810307603B6B2334343F0CC
:105FE000200322F810300348E2E70248E0E70248C5
:105FF000DEE700BF0000AD0B0400AD0B70B5064638
:106000000D46144610F079FC68B13079FFF770FF47
:1060100006462846FFF762FF083036F810305B0B63
:106020002370024870BD0248FCE700BF0000AD0BC2
:106030000400AD0B30B583B005460191002400E0AB
:106040000134012C18D80E4B1B5D03F0070202A986
:1060500001EBD30313F8043CD34013F0010FEFD04E
:1060600005EB840201212046FFF704FF55F8243098
:10607000002BE5D0012000E0002003B030BD00BFC0
:10608000AC1D020008B50079024B03EB8000FFF75E
:1060900003FD08BD900000202DE9F04182B00546C7
:1060A000884616461F4610F0A8FDAEB33A46314664
:1060B000284610F0BEFC041E20DB2879FFF718FFED
:1060C00040F834602879FFF713FF00EBC400476005
:1060D0002879FFF70DFF05464046FFF7FFFE083021
:1060E00035F81030E4B26402A4B2234343F4807361
:1060F00025F81030094802B0BDE8F0812879FFF793
:10610000F7FE0DF107017830FFF7C6FC034B98420C
:10611000F1D19DF80740D0E70048ECE70000AD0B57
:106120002DE9F04784B006460C4690460846FFF736
:10613000D5FE07463079FFF7DBFE0546D8F800901C
:10614000B9F1000F21D02146304610F005FC00289F
:1061500043D100238DF80E308DF80F30019300935A
:106160004B460DF10F020DF10E012046FFF7F8FD31
:1061700007F1080235F8123023F002039BB225F82C
:10618000123043F0010325F81230D8F80430BBB1C7
:1061900093F80090D3F804A02146304610F0CDFBD0
:1061A000E8B1BAF1000F61D1083735F8173023F0A4
:1061B0001C039BB225F8173043EA890325F81730F2
:1061C000D8F80820002A55D0536812682146304676
:1061D000FFF762FF04B0BDE8F0872748FAE707F150
:1061E000080235F8123023F02003DB04DB0C25F81D
:1061F0001230BAF1000FD7D0B9F1030F38D8D8F860
:1062000004305B6893F800A0B9F1000F08D133683F
:106210000AF5A27A002243F82A2043F82A20C3E78D
:10622000484610F0B2FB034631680AF5A27C51F8EB
:106230002C2022F0030241F82C20224651463068DF
:1062400010F0BAFA0AF13C0305EB43039C8007F116
:10625000080235F812304FEA4A3A1FFA8AFA43EA3E
:106260000A0343F0200325F812309DE70248B1E706
:106270000148AFE70148ADE70400AD0B0000AD0BEE
:1062800038B505460C4610F029FB08B9074838BD5B
:106290002146284610F0AAFB2146284610F0D8FCDB
:1062A000204610F0FFFA0248F1E700BF0400AD0BF2
:1062B0000000AD0B08B50079024B03EB8000FFF73F
:1062C0000BFC08BD90000020F0B583B005460E46DB
:1062D0000079FFF70DFE90F88C3013B10D4803B034
:1062E000F0BD044660220021103018F03BFA2F6800
:1062F0002879FFF701FE03680093002332464FF030
:106300000041384610F0C6FC012384F88C30A367A6
:106310000148E4E70C00AD0B0000AD0B2DE9F047A0
:1063200082B081460F469046002300930193516846
:106330006846FFF77FFE4CE094FAA4F4B4FA84F4C4
:1063400004F01F05254B9B5D45EA43152846FFF7E2
:10635000C5FD083037F810A0CAF3820A0DEB86039A
:10636000E00804F007041A5C0121A14022EA0102BE
:106370001A542846FFF768FD034652462946384618
:1063800010F005FC2846FFF795FD02AB03EB8603F2
:1063900053F8084C002CCFD10136012E0DD8104BEC
:1063A0009B5D08F10402D90803F00703525C22FA4E
:1063B00003F313F0010FEFD0E7E700224FF00041A5
:1063C000484610F04EFAD8F804106846FFF732FE3F
:1063D00008B10026E1E702B0BDE8F087B01D020079
:1063E000AC1D0200F8B504460E461148081A114BC0
:1063F000A3FB00304009FFF77FFD0746D4F80413E4
:10640000C9B2026841F00041204610F02AFA051E88
:1064100005DB2A463146204610F066FCF8BD3A46B8
:1064200031462046FFF77AFF25F00045F1E700BF2F
:1064300034130020398EE33808B502490248FFF7CB
:10644000D1FF08BD3413002000D00050034B00E002
:106450002033034A9342FBD3704700BF0C0B02006A
:106460008C0B020004280CD8DFE800F0030D0507B0
:1064700009000648704706487047064870470648B6
:106480007047064870470648704700BFBC1D0200B1
:10649000E01D0200F01D0200FC1D02000C1E0200A7
:1064A000CC1D020030B108B510F087FD20B1037893
:1064B00023B108BD024870470148FAE70048F8E7F1
:1064C0001C1E020010B50446FCF7C4F9034A012162
:1064D00003480EF05AFD204610F06AFC241E02000C
:1064E000E00E02002DE9F04782B000AF05460C46F1
:1064F000EFF31188202383F31288BFF36F8FDFF847
:10650000C491D9F80860FFF7ADFF99F81010E9467B
:1065100001233B7103237B718AB0EC461CF110020E
:1065200021D04FF0160E5AB17346BEF1040F03DDB1
:10653000DFF894A1CCF814A0082B01DDCCF818509A
:1065400001233B7003237B70D2B17346BEF10C0F65
:1065500001DDCCF81C00102B01DDCCF820100CF173
:10656000240300210AE06FF0004EDCE701F108008F
:10657000384410F8080C03F8010B01310129F5D952
:10658000BEF1150F50DD16234AB1052139710021E6
:106590007971B9710121F9717868CCF81000002186
:1065A0006FF300016FF341016FF382016FF3C501D7
:1065B000012060F38811C3F30A0363F353216FF3DF
:1065C0001F5100234148FCF725FACD461CB1E36971
:1065D000C3F308035BBB3046FFF764FFE9460123C2
:1065E0003B7103237B718AB0EC461CF1100224D06E
:1065F0004FF0120E52B17346BEF1040F02DD344962
:10660000CCF81410082B01DDCCF8186001233B7086
:1066100003237B70F2B1BEF10C0F01DDCCF81C003E
:106620000CF12003002113E06FF01B03ACE7294AB3
:10663000012126480EF0A9FCCDE76FF0004ED9E706
:1066400001F10800384410F8080C03F8010B01317F
:106650000129F5D9BEF1110F31DD12234AB1042110
:10666000397100217971B9710121F9717868CCF81B
:10667000100000216FF300016FF341016FF38201FD
:106680006FF3C501012060F38811C3F30A0363F3BC
:1066900053216FF31F5100230C48FCF7BBF9CD4683
:1066A00021462846FFF70EFF88F31188BFF36F8F4E
:1066B0003046FDF78DFA0837BD46BDE8F0876FF02C
:1066C0001B03CBE7C4130020341E0200E00E0200BF
:1066D000801E02005C1E020038B505460B4B53F8C5
:1066E000204002E02368984708346B1C074A52F8A0
:1066F0002330A34209D960680028F3D0037F13F048
:10670000010FF1D110F05CFBEEE738BDA81E0200CE
:1067100010B5054C01E098470434044B9C4202D06C
:106720002368002BF7D110BD7C0E0200980E0200EA
:1067300010B586B0B023104C03FB004400EB800C76
:106740000E4B03EB8C030E4A0592012204920F229A
:10675000039200220292019200930A4B4FF4A0721E
:10676000094901EB8C11204600F0B0FB637B23F05C
:106770000403637306B010BDC8090020C4130020D1
:10678000981E0200136F0100A832002008B553EADA
:10679000020102D100F086FF08BD0249183001F065
:1067A0004DF9F9E7B971010010B586B0184C14E045
:1067B000636A0593236A0493E3690393A3690293CD
:1067C0006369019323690093E368A26861682068A4
:1067D00000F07CFB23685C6530340E4B9C42E7D3B1
:1067E00000F07AFE0A4C00E030340A4B9C420BD297
:1067F000A26AE36AB3F1FF3F08BFB2F1FF3FF3D0F3
:106800002068FFF7C3FFEFE700F07EFE06B010BD83
:10681000B80D0200180E020008B50C4B01221A70C8
:106820000320FFF759FF0EF062FEFCF715FCFFF79F
:106830006FFF0420FFF750FFFFF7B6FFFAF7D6FF10
:10684000034A137B23F00103137308BD811F00204B
:10685000780A002008B50146014A0248FDF78CFA83
:1068600019680000780A002008B50348034A121A84
:10687000002110F0BCFA08BD98020020A81F0020DB
:1068800010B50446FFF754FFB0230A4903FB041177
:10689000094A04EB840302EB8303D9601C74074BA1
:1068A00003EBC42303F5006304EB840402EB8402CE
:1068B000536010BDC8090020C4130020A82A00207E
:1068C00070B586B000F058FE104D114B5D61114B54
:1068D00005930123049300240394029401940094EB
:1068E0000D4B4FF480620D49284600F0EFFA064642
:1068F0006B7B23F004036B73284610F0F5FB2046F6
:10690000FFF7BEFF304606B070BD00BF780A00201A
:10691000C4130020A01E020019680000E833002004
:1069200008B50020FFF7D8FE1B4B03F5006282F389
:10693000088883F30A88194CE02384F82230002366
:10694000E37723766376A37684F82030626A42F494
:10695000E022626284F82330FDF7AEF8FDF72EFAEC
:106960004FF0FF33A362E362FDF728FCFDF78EFAD8
:10697000FBF7CCFE0A4800F00BFBFFF767FDFDF7C5
:106980006BFD0120FFF7A8FE0220FFF7A5FEFFF731
:1069900097FFFFF75FFF00BFA82A002000ED00E08F
:1069A000280B002010B5064C002000E02034054BD9
:1069B0009C4204D2204610F022FA0028F6DA10BDDC
:1069C000E8010020E801002030B583B00D46EFF368
:1069D0001181202484F31288BFF36F8F046964B19E
:1069E0002C6023680361C3690133C361002081F314
:1069F0001188BFF36F8F03B030BD00F1080C53EA6C
:106A0000020404D100232B606FF00B00EFE700922B
:106A100001930246604600F071FC0028EBD1024B66
:106A20009B681B692B60E6E7C41300202DE9F04347
:106A300083B004460D4600F10809EFF311882021C8
:106A400081F31288BFF36F8F406A2169884244D274
:106A50002768BC421BD03E1E18BF0126CFB94EBBD3
:106A6000E2682946206A17F056FE236AE26813445A
:106A70002362A26993422DD0636A0133636288F373
:106A80001188BFF36F8F304603B0BDE8F083002755
:106A9000E1E77A683B6813605A6000233B607B60E3
:106AA0007A7B22F002027A73BB6007F1180010F0C3
:106AB0002DFCD4E7E2682946386917F02CFE002641
:106AC000C7F8AC60384610F00FFB4146484600F06E
:106AD000D7FCD8E763692362CEE753EA020102D10B
:106AE0006FF02206CBE7064989680D610092019399
:106AF00022464146484600F001FC0646C3E700BF77
:106B0000C41300202DE9F04182B00446084604F188
:106B10000807EFF31186202585F31288BFF36F8FE6
:106B2000656A65B953EA020160D16FF0220586F308
:106B30001188BFF36F8F284602B0BDE8F081E2688C
:106B4000E16917F0E8FDE369E2681344E361A269D3
:106B500093422AD0636A013B6362D4F800804445C3
:106B600026D0B8F1000518BF0125B8F1000F22D1D9
:106B7000002DDCD0E268D8F81010206A17F0CBFDA9
:106B8000236AE26813442362A26993422BD0636AAA
:106B9000013363620025C8F8AC50404610F0A4FAF7
:106BA0003146384600F06CFCC5E76369E361D1E724
:106BB0004FF00008D5E7D8F80420D8F8003013606B
:106BC0005A600023C8F80030C8F8043098F80D2047
:106BD00022F0020288F80D20C8F8083008F11800E9
:106BE00010F094FBC4E763692362D0E70549896824
:106BF00008610092019322463146384600F07EFB40
:106C0000054698E7C41300202DE9F04182B0044600
:106C1000EFF31187202181F31288BFF36F8FC168D2
:106C200099B9002950D1364B9B6893F90E302361F6
:106C30000131E160324B9B68A36087F31188BFF399
:106C40006F8F002002B0BDE8F08116461D468268B5
:106C50002B4B9B689A42E4D055EA060136D092F954
:106C60000E80414693F90E0010F060F9804534DC47
:106C70004FF000080096019522463946214800F061
:106C80003DFB0028DED0EFF31185202383F312882B
:106C9000BFF36F8FA36843B323689C4223D013B321
:106CA000216993F90E0010F041F90146204610F0D9
:106CB00048F9E8B9B8F1000F1AD185F31188BFF38C
:106CC0006F8F6FF00A00BDE72369B0E787F3118883
:106CD000BFF36F8F6FF00F00B4E70146204610F04E
:106CE00030F98046C6E72169E0E7B8F1000FE4D04B
:106CF0002946044800F0C4FB6FF00A00A2E700BF79
:106D0000C4130020E8130020F8B58368002B47D097
:106D10000446264A9268934245D1C368012B04D9A0
:106D2000013BC36000252846F8BDEFF31186202300
:106D300083F31288BFF36F8F016910F002F927689F
:106D4000A7420CD03D1E18BF012557B9A760CDB989
:106D50000023E36086F31188BFF36F8FE3E700271A
:106D6000F0E77A683B6813605A6000233B607B6001
:106D70007A7B22F002027A73BB6007F1180010F0F0
:106D8000C5FAE3E797F90E3023610025C7F8AC5048
:106D9000384610F0A9F93146054800F071FBC2E70A
:106DA0006FF01505BFE74FF0FF35BCE7C4130020B7
:106DB000E8130020F8B50446EFF31187202383F38E
:106DC0001288BFF36F8F0568A84212D02E1E18BF1D
:106DD000012685B906BBA368E268934224D001224C
:106DE0001344A36000230BBB87F31188BFF36F8F9D
:106DF000F8BD0025EAE76A682B6813605A60002333
:106E00002B606B606A7B22F002026A73AB6005F153
:106E1000180010F07BFADDE70023C5F8AC302846F7
:106E200010F062F90123DEE70022D9E73946024873
:106E300000F026FBDCE700BFEC13002010B582B0A9
:106E4000EFF31181202484F31288BFF36F8F8468DD
:106E500044B1013C846081F31188BFF36F8F00203F
:106E600002B010BD53EA020406D00092019302461C
:106E7000054800F043FAF3E781F31188BFF36F8F01
:106E80006FF00F00ECE700BFEC13002008B553EAE9
:106E9000020102D100F006FC08BD0249183000F0E2
:106EA000CDFDF9E7B971010010B5044640B11F22CC
:106EB00004F1740017F074FC002084F8930010BDF6
:106EC000014B9C68F3E700BFC41300202DE9F04F8D
:106ED00085B004460F4615461E46DDF838A0DDF89D
:106EE0003C90DDF84080DDF84CB000F1580383653C
:106EF000C365129B0422119910F061F82A463946A5
:106F0000204610F03FF80546CDF80880CDF80490F3
:106F1000CDF800A03346024639462046FCF70AFF6A
:106F2000002363652666C4F864A0C4F86890C4F8BA
:106F30006C80EFF31182202383F31288BFF36F8FED
:106F4000124B196A21671C6282F31188BFF36F8F9D
:106F5000BBF1000F13D01F22594604F1740017F043
:106F60001FFC002384F89330084B9B685BB1D3F877
:106F7000A030C4F8A030284605B0BDE8F08F00234B
:106F800084F87430F0E7C4F8A030F4E7C4130020AC
:106F90000123437303730023C0F89430C0F8983082
:106FA000C0F8A030014B9860704700BFC4130020A8
:106FB0000A4A9368C3F8A8006FF00A01C3F8AC103E
:106FC00007494B6843F080534B60002383F31188DB
:106FD000BFF36F8F9368D3F8AC007047C4130020E1
:106FE00000ED00E0437B90F90D20002A51DB13F007
:106FF0001F0F4ED110B563F07F034373254A52F83B
:10700000183F93420ED100230CE05A68426003609F
:10701000106058601EE01A461E49C9698A420FD0A6
:107020001B687BB173B190F90E1093F90E20914259
:10703000F1D0521A002AE8DC1A46002BECD1F0E716
:107040000023EEE7134BDA6903F118010160426097
:107050001060D8610F4B53F8184F9C420ED06CB1A2
:107060000C4B9B685A7B12F01F0F0AD1DA897F2ADA
:1070700007D9A2692AB9074A536109E0054BDC68C0
:10708000EEE7A34202D0204600F01EFC014B5C61FB
:1070900010BD7047C413002010B5437B90F90D203C
:1070A000002A14DB154B9A6853F8184F9C4219D0EC
:1070B000C4B1824219D0537B13F01F0F15D1D3896D
:1070C0007F2B12D9A36983B90C4B5A6114E003F0EA
:1070D0007F0343734268036813605A6000230360B0
:1070E0004360DFE7054BDC68E3E7A24202D02046BD
:1070F00000F0EAFB014B5C6110BD00BFC41300202F
:107100002DE9F84305460C46404B9E68737B13F00F
:10711000600F28D013F0200F2AD008271F4222D159
:107120003B43737313F0800F24D1082F2DD04FF001
:107130000009364B53F8188F98454BD0B8F1000F23
:1071400048D0324B9B68434502D0404600F0BCFB20
:107150002E4BC3F81480102F05D0304600F014FCDD
:10716000B9F1000F3AD184F31188BFF36F8F46E075
:107170001027D3E703F07F037373726833681360DB
:107180005A60002333607360CFE7B3685BB1726805
:10719000336813605A60002333607360727B22F09F
:1071A00002027273B36030460FF06AFF06F15800B6
:1071B0000FF06BFF154B9B689E4202D04FF0000909
:1071C000B7E7EFF3058313B94FF00009B1E74FF0CC
:1071D0000109AEE70D4BD3F80C80B2E70C48FFF77E
:1071E000D7FEC0E7EFF31184202383F31288BFF3A7
:1071F0006F8F0FF099FE84F31188BFF36F8F6B7B55
:1072000013F0600FEED1BDE8F88300BFC413002077
:10721000280B0020B3F1FF3F08BFB2F1FF3F00D1C0
:10722000704708B50249183000F008FC08BD00BFDF
:10723000B971010010B5437B90F90D20002A0ADBDB
:10724000437B63F07F0343732B4A52F8183F93420A
:1072500019D1002317E003F07F03437342680368EA
:1072600013605A60002303604360E9E75A68426094
:107270000360106058601EE01A461F49C9698A42BF
:107280000FD01B687BB173B190F90E1093F90E20EB
:107290009142F1D0521A002AE8DC1A46002BECD1B8
:1072A000F0E70023EEE7144BDA6903F118010160FF
:1072B00042601060D861104B9A6853F8184F9C4296
:1072C0000ED06CB182420ED0537B13F01F0F0AD147
:1072D000D3897F2B07D9A3692BB9074B5A6109E0E2
:1072E000054BDC68EEE7A24202D0204600F0ECFA43
:1072F000014B5C6110BD00BFC413002010B50C46EB
:1073000011460A4882680A4B1A60EFF31183202362
:1073100083F31288BFF36F8FDDE9022380680FF0DB
:10732000D7FE2046FFF744FE10BD00BFC413002067
:10733000F41300202DE9F04104460E460023EFF33C
:107340001185202282F31288BFF36F8F1F4650E011
:1073500003F07F0363736268236813605A6000233D
:107360002360636071B2A173637B63F07F03637317
:10737000424A52F8183F93420ED100230CE05A685B
:107380006260236014605C601CE01A463B48C06980
:1073900082420DD01B686BB163B193F90E2091420C
:1073A000F3D0521A002AEADC1A46002BEED1F2E79B
:1073B0000023F0E7314BDA6903F1180121606260C4
:1073C0001460DC612D4B53F8188F984520D0B8F12C
:1073D000000F1DD0294B9B68984502D0404600F015
:1073E00073FA264BC3F8148085F31188BFF36F8FAF
:1073F0000123002B3FD1637B03F01F02002A0CBF47
:1074000001270027A4D013F0020F05D1A673EBE7E4
:107410001A4BD3F80C80DDE7A1686268236813601B
:107420005A6000232360636070B2A0730B689942B6
:107430000DD100230BE05A686260236014605C6029
:10744000D2E79C464A6894450DD01B686BB163B186
:1074500093F90E209042F4D0121A002AEBDC9C46DD
:10746000002BEFD1F2E70023F0E74B682160636067
:107470001C604C60B8E73846BDE8F081C4130020BA
:1074800008B50B4659B9EFF3058242B9064A50696F
:107490009268904203D00846FFF78AFD03E083F329
:1074A0001188BFF36F8F08BDC413002008B50346D1
:1074B00050B9EFF305823AB9064A51699268914290
:1074C00002D0FFF775FD03E083F31188BFF36F8FE0
:1074D00008BD00BFC41300200023EFF31181202258
:1074E00082F31288BFF36F8F09E0064B9A68D37B53
:1074F000013BD37381F31188BFF36F8F0123002BFE
:10750000F3D07047C413002038B50023EFF3118582
:10751000202282F31288BFF36F8F0EE0154BDC68D8
:1075200017E0A24202D0204600F0CEF9114B5C6178
:1075300085F31188BFF36F8F0123BBB90D4B9A6898
:10754000D17B0131D17353F8184F9C42E6D0002C07
:10755000E4D0537B13F01F0FE3D1D3897F2BE0D905
:10756000A369002BDDD1034B5A61E1E70FF04FFE19
:1075700038BD00BFC413002008B502480FF052FE0A
:1075800008BD00BFD813002038B5EFF311842023C5
:1075900083F31288BFF36F8F224B9A68DB699A429C
:1075A00005D01368516812680A60516006E0002334
:1075B000F8E71C4AD269934212D01B6893B1194A6A
:1075C000906890F90E1093F90E209142F1D0521A62
:1075D000002AEEDD5A6842600360106058600AE0DD
:1075E0000023EBE70F4B9A68D96903F1180010608C
:1075F00051600A60DA610B4B53F8185F9D420DD061
:1076000065B1084B9B689D4202D0284600F05CF9AA
:10761000044B5D612046FFF7CBFC38BD014BDD68B4
:10762000EFE700BFC4130020F8B551EA000328D0EB
:1076300005460C46EFF31187202383F31288BFF32E
:107640006F8F154EB068154B1860FFF725FDB068B9
:107650002A4623461249183000F0F0F90446B26871
:10766000537B43F0040353733846FFF7A1FCB36820
:107670009A6ADB6AB3F1004F08BF002A05D00020E8
:10768000F8BDFFF781FF0020FAE70FF06EFE201A29
:107690000028F5DC0020F3E7C4130020F4130020D9
:1076A000B971010038B5EFF31185202383F31288F7
:1076B000BFF36F8F437B13F0040F04D185F3118860
:1076C000BFF36F8F38BD044618300FF01FFE637B89
:1076D00023F0040363732046FFF784FC2946024825
:1076E000FFF7CEFEEEE700BFF0130020014B9868D5
:1076F000704700BFC41300202DE9F843037B03F05B
:107700000107EFF31186202383F31288BFF36F8FF5
:10771000457B15F0080F1AD10446B14600F1580810
:107720000FF07AFC10B345F020056573EFF3058385
:107730009BB131462046FFF7E3FC67B1002383F39A
:107740001188BFF36F8F0423184602DF03E086F32E
:107750001188BFF36F8FBDE8F88341463D4B9868B1
:107760000FF05CFC3046FFF723FCE6E745F008032A
:10777000637313F0800F33D1A3685BB16268236831
:1077800013605A60002323606360627B22F0020270
:107790006273A36004F118000FF0B8FD40460FF0CB
:1077A00074FC2C4B9A68944227D00026294B53F83E
:1077B000185F9D4228D03DB3AA4202D0284600F06F
:1077C00083F8244B5D61204600F0DEF8FEB9214BC2
:1077D0009B689C421FD089F31188BFF36F8FACE781
:1077E00005F07F0545F0080565736268236813603E
:1077F0005A60002323606360BEE7EFF305830BB993
:107800000026D3E70126D1E7124BDD68D4E7124802
:10781000FFF7BEFBDBE7EFF30583002BDBD1237B18
:1078200013F0010F12D089F31188BFF36F8F00237B
:1078300083F31188BFF36F8F0423184602DFEFF341
:107840001189202383F31288BFF36F8F4846FFF717
:10785000AFFB72E7C4130020280B0020044BC01AB2
:10786000C010044B03FB00F0034B01221A54704775
:10787000D80B0020ABAAAAAAF8130020C3897F2B3B
:1078800011D80E4B1B687BB190F90E200C4B1B6876
:107890009A420CDB437B13F01F0F0AD1094B98422D
:1078A00009D0012300E0002303F00100704700230A
:1078B000FAE70023F8E70023F6E700BF9400002072
:1078C000FC130020C809002070B505460D4B1E7C36
:1078D00006EB46030C4C04EBC30420460FF016FDE8
:1078E0000A4B00229A552846FFF7C8FF00B970BD21
:1078F000074B1A68013AD3170649204600F09EF854
:10790000F5E700BFC4130020D80B0020F8130020B7
:10791000940000205D78000038B5EFF31185202336
:1079200083F31288BFF36F8F144B9C68144B1B6852
:10793000A34217D0124B00221A60104B1B7C114A35
:10794000D35C53B12046FFF799FF30B1637B13F04E
:107950001F0F0FD02046FFF7B7FF85F31188BFF345
:107960006F8F38BD2046FFF7AFFF85F31188BFF357
:107970006F8FF6E72046FFF75DFCEBE7C4130020AE
:10798000F4130020F8130020EFF31181202383F378
:107990001288BFF36F8F0A4B1B6A834204D11A6FA0
:1079A000074B1A6207E0134613B11A6F8242FAD1ED
:1079B0000BB1026F1A6781F31188BFF36F8F7047A5
:1079C000C413002008B50648064A121A06490FF0EB
:1079D00012FA0648064A121A06490FF00CFA08BDB8
:1079E0000000002098020020944C020000000020BB
:1079F00000000020944C0200034B1868984200D00D
:107A000070470020FCE700BF9800002030B1044A16
:107A10005268904201D0006870470020704700BF54
:107A20009800002008B5044B1B680BB1002008BD6E
:107A3000FDF748FFFBE700BF001400202DE9F04FE1
:107A400083B00193B3F1FF3F08BFB2F1FF3F0DD008
:107A50000446914681600023EFF3118A202282F3CD
:107A60001288BFF36F8F1D461E4635E000252E4657
:107A70002846314603B0BDE8F08FFFF7D3FF8046BC
:107A80000135019B43F10006451946EBE07625617F
:107A90006661384A13685268ED1846EB02064FF0EB
:107AA000010B41E0C91A67EB0202016142614368C0
:107AB000636020601C60446005E02F4B5A682360BF
:107AC000626014605C60FFF797FF844240D08AF3E5
:107AD0001188BFF36F8F0123002BC9D14D46019E42
:107AE0006FF00103B3EB09034FF0FF3363EB0603C1
:107AF000002BC2DB1F4B19685B686918019A43EBC6
:107B000002036FF00102521A4FF0FF3161EB0303E1
:107B100010461946012A73F1000301DA0120002101
:107B2000206161614FF0000BFFF766FF0028C4D0B1
:107B300001694769236962698B4272EB070EB1DB09
:107B40005B1A62EB070223616261FFF75FFFEDE7FB
:107B50000A4B1B68002BBAD1BBF1000F06D0404680
:107B60000FF0B9FB0021FDF773FEB0E7FFF75AFFF6
:107B70008046F4E7F00B002098000020001400205D
:107B800070B5EFF31186202383F31288BFF36F8F54
:107B90002A4B1860FFF730FF044623E0284A136899
:107BA00051685B1941EBE5711360516000220023BD
:107BB000C4E9042320460FF077FB86F31188BFF356
:107BC0006F8FA36820469847EFF31186202383F335
:107BD0001288BFF36F8F194A13685B1B1360FFF79E
:107BE0000BFF04463CB125696169144B1A68D31731
:107BF000AA428B41D2DA44B1236962690F4909680C
:107C00005B1A62EBE172236162610D4A0B4D2868D9
:107C1000136851681B1841EBE07113605160002438
:107C20002C6020460FF057FB2146FDF711FE86F32E
:107C30001188BFF36F8FFFF76FFE70BD0014002037
:107C4000F00B002010B50022EFF31184202383F302
:107C50001288BFF36F8F134611460CE0FFF7E2FE68
:107C6000074A13685168C31841EBE07184F3118827
:107C7000BFF36F8F0122002AF0D0184610BD00BF5D
:107C8000F00B0020F8B5EFF31183202282F3128865
:107C9000BFF36F8F026822B183F31188BFF36F8F38
:107CA000F8BD04461D46826AC36A52EA030105D044
:107CB000B3F1FF3F08BFB2F1FF3F27D1236B013380
:107CC0002363236A6BB185F31188BFF36F8F236A37
:107CD00020469847EFF31185202383F31288BFF3E2
:107CE0006F8F04F11803A469A3423FD0002C3DD04C
:107CF00020460FF014FA0023C4F8AC3085F3118845
:107D0000BFF36F8F20460FF0EFF9C9E716461F4605
:107D1000012A73F1000301DA01260027013E47F131
:107D2000FF370FF026FB013041F10001801947EBCE
:107D30000101012871F1000108DA6FF001024FF032
:107D4000FF330D492046FFF779FEB7E70FF011FB2F
:107D5000013041F10001801947EB01036FF001028E
:107D6000121A4FF0FF3161EB0303EAE785F3118844
:107D7000BFF36F8F94E700BF857C0000F8B51D4608
:107D8000EFF31187202383F31288BFF36F8FB5F1D0
:107D9000FF3F08BFB2F1FF3F1FD0064614462946F9
:107DA0006FF00102121B4FF0FF3262EB0502002A56
:107DB00018DB30460FF0AAFADDE90623C6E90A23EC
:107DC0000023336322462B460B493046FFF736FE2D
:107DD00087F31188BFF36F8FF8BD87F31188BFF366
:107DE0006F8FF9E7012C71F1000101DA0124002500
:107DF000013C45F1FF35DCE7857C000010B5064C01
:107E000005E0A268616820460FF0E1FA1834034BE0
:107E10009C42F6D3002010BDE8010020E8010020BC
:107E200010B50A4C23681BB101232360002010BD4C
:107E300000F0F4F80028F7D00138072803D8044BE5
:107E400053F8200010BD034810BD00BF04140020EB
:107E5000C41E0200FE8FFFFFBFF34F8F0549064B84
:107E6000CA6802F4E0621343CB60BFF34F8F00BFD8
:107E7000FDE700BF00ED00E00400FA0530B44FF06C
:107E8000FE3200250B4B0C4C0C494968C3F800240A
:107E9000C3F80424C3F80824C3F80C24C3F810243E
:107EA000C3F81424C3F81824C3F81C24C4F80055DC
:107EB00030BC08470050845000408450A00000208F
:107EC000024BD0E90012C3E900127047A000002065
:107ED00010B5044650B1636813F0685F05D0064AD8
:107EE000934202D000236260236010BD034B04481C
:107EF0005B689847EFE700BF2C5F5CA9A0000020FB
:107F0000E41E0200C8B143680D4A934213D013F037
:107F1000685F0ED0012350E8002F194640E8001C8E
:107F20009CF0000FF7D1012AF5D0BFF35F8F00203E
:107F3000704704487047044870476FF4E04070474A
:107F40002C5F5CA9E98FFFFFEA8FFFFF034680B13A
:107F5000426809498A420AD012F0685F05D0BFF32F
:107F60005F8F002210461A6070470448704704482B
:107F700070476FF4E04070472C5F5CA9E98FFFFF0A
:107F8000EA8FFFFF10B5044620B10023034A2360A7
:107F9000626010BD0248FFF771FFF6E73A00003A51
:107FA0000C1F020070B5194CD0F804C00668C4F864
:107FB00004C0D0F808C0C068C4F808C0E0602660FB
:107FC0000868134B134D18604868D5F8182158609D
:107FD000886812F0685F9860C8680969D86019619C
:107FE00012D000230C4A05F58A70C5F81431C5F883
:107FF000B831C5F81821C5F8BC21B047236805F58C
:10800000DC70BDE87040184770BD00BFBC000020A8
:10801000A80000201C1400202C5F5CA908B500F00B
:1080200011F830B900F010F838B9054AC2F80C0A56
:1080300008BD00F037F8032008BD042008BD00BFCC
:10804000005084500020704710B5114800F048F8E7
:1080500000B110BD0F4800F043F80028F9D10E4CD4
:10806000204600F03DF80028F3D10C4B0C481C6072
:1080700000F036F801460028EBD100F02DF8044658
:1080800008B1204610BD00F03FF82046FAE700BFD7
:10809000FC000020F8000020F4000020EC0000208C
:1080A000F000002008B5084800F024F8074800F068
:1080B00021F8074800F01EF8064800F01BF8BDE85C
:1080C000084000F00BB800BFFC000020F8000020C2
:1080D000F4000020F000002000207047704700BF2F
:1080E00008B5034B02681B6810689847002008BD5C
:1080F000BC00002008B5034B02685B681068984715
:10810000002008BDBC00002070B5094C094D206955
:10811000AB68984718B1084B08485B68984700213E
:10812000074AEB6811602069BDE87040184700BF3E
:10813000A8000020BC000020A0000020301F02008A
:108140001814002070B5051D04460E46284603F09D
:1081500095FC0023314628466367A4F87830C4E9CB
:108160001F33C4E92133074B23601433636012F0DB
:10817000E7FC06E0044B2846636003F0A1FC15F021
:108180001CFB70BD782C0200CC2802002DE9F74FB3
:10819000DFF808810190D8F80040631CC8F800306F
:1081A000002C77D13E4E01223E4B4FF0FF3ADFF8D4
:1081B000F89006F11C001A70B4613C4DDFF8F0B085
:1081C0003C4FC6E90094C6E90244C6E9044400F005
:1081D00057FC394A05F11C00C6F800B01268C6F811
:1081E00024A03262AC61C5E90094C5E90244C5E946
:1081F000044400F045FC314A07F11C00BC611268E0
:10820000C5F800B0C5E9082AC7E90094C7E90244E7
:10821000C7E9044400F034FC294BC7F800B03146EC
:108220001B682848C7E9083A274FFFF78BFF3846F5
:10823000A7F1080603F022FC244B2946384647F8EC
:10824000083C1433B467A6F87C40C6E92044C6E96C
:108250002244C6E9014312F073FC06E01C4B1A48A5
:10826000B36003F02DFC15F0A8FA1A4C1149204612
:10827000FFF768FF0F491848FFF764FF2369114AA9
:1082800043F40053B2672361D8F8003062670133CA
:10829000C8F80030019803B0BDE8F08F381C00200A
:1082A000101D002064010020A42C0200E81C002006
:1082B00080280200C01C00200C1C0200101C0200C0
:1082C0000C1C0200501E0020E41E00201829020091
:1082D000CC280200C41D0020381D00200B4A136862
:1082E000591E022B10B5044611600DD1084814F038
:1082F00090FE084814F08DFE074814F08AFE03E053
:1083000015F0FDFA15F024FB204610BD381C0020A6
:10831000501E0020C41D0020381D0020044A0B6898
:108320001268036093421EBF1A6801321A607047D8
:10833000E815002000220249024808F06DBA00BF8B
:108340002E320200E015002010B5034C23680BB953
:10835000FFF7F0FF206810BDE015002000487047CF
:108360002E320200054B10B51B6804460068984287
:1083700001D00FF08CF8204610BD00BFE81500209A
:10838000094A38B50B680D461168044600688B42EF
:108390001EBF1A6801321A60814201D00FF077F8CF
:1083A0002B682046236038BDE8150020036823B9F8
:1083B000034A136801331360036000680138704793
:1083C000DC1500202DE9F84F044617460846002A20
:1083D00063D0FFF7EBFFA3680546013B83424DD214
:1083E00000F104096FF06043D4F804B0994534BF3C
:1083F0004FEA89084FF0FF38404615F048FC00234B
:108400000646A068984211D1C0F1040200212A4416
:108410009200484588BF002206EB800016F0A2F9C2
:108420004046D4F80CA015F032FC06E0626852F821
:10843000232046F823200133E4E780460023A06888
:1084400098422CD1C0F1040200212A4492004845F0
:1084500088BF002208EB800016F084F9C4F80C8075
:10846000C4E90169BBF1000F02D0584615F038F994
:10847000BAF1000F02D0504615F032F97B686668F9
:1084800001337B6056F82530002B45D146F8257026
:1084900000252E46A368AB4241D8BDE8F88FE268BC
:1084A00052F8232048F823200133C9E7D8F8040004
:1084B000FFF77CFFA8420AD10846FFF777FF56F87E
:1084C000203080461BB3384601F0FAF815E008F179
:1084D0000808D8F80010D1B10846FFF767FFA84296
:1084E000E4D1D8F804100846FFF760FF56F82030B2
:1084F000804663B1384603F0B7F8436881460133DC
:10850000436056F828000EF06DFF46F8289056F8A4
:1085100025000EF067FFB9E7DFF83080D9E7E368A0
:1085200053F8250020B10EF05DFFE36843F82560A5
:108530000135AFE715F0E3F9304615F0D1F815F045
:1085400062FB15F005FA15F038F900BF581F02005C
:108550002DE9F04106460C4615461F4FD7E8AF3FC0
:10856000DB0706D4384608F00FF810B1384615F08E
:1085700081FB1A490F6817B94FF0FF3308E03846FE
:10858000FFF714FFA84248680DD1FFF70FFF03461D
:10859000F16851F8252092B1E4B1236820465B6868
:1085A000BDE8F0411847FFF701FFA84205D1384662
:1085B000FFF7FCFE2B460546EAE70831DAE762687A
:1085C000501C6060581C41F825401EBF023262609A
:1085D00041F82340BDE8F081EC150020581F02004F
:1085E00010B5074CD4E8AF3FDB0708D4204607F0AE
:1085F000CBFF20B12046BDE8104015F03BBB10BDBD
:10860000781B00201A2368222DE9F043836085B08F
:10861000B84B0546016000211846B74C16F0A2F889
:10862000B64B682200216860184616F09BF8B44BE0
:1086300000211422E860184616F094F8021F40F852
:10864000044C2A61FFF78AFE002203881146AD48D8
:108650002380012301F04EFBAA4A2846AA49FFF7CE
:10866000B1FE0121A94808F003F9A84A2846A84903
:10867000FFF7A8FEDFF89C820123A7480021A74A44
:10868000C8F804304360A64BC8F8002088F81010E2
:10869000A8F8241088F864100360C0F80880C8E9BE
:1086A0000211C8E90511C8E9071100F0A7FB0AE0AB
:1086B00004460D4698480EF094FE2946013100F01C
:1086C000158115F07AF8944A28469649FFF77AFE04
:1086D000954A0124954B2846954954601360FFF74D
:1086E00071FE944A2846944B944954601360FFF7F6
:1086F00069FE934C01236360924B2360FFF724FED5
:10870000A060224690492846FFF75CFE03E004463D
:108710000D468B48CFE78D4F01238D4A8D483A6037
:1087200000227B60436011468B4B3A82BA747A63B5
:1087300087F8432003608760C7E90222C7E9052262
:10874000C7E90722C7E90922C7E90B2200F0F6F9B9
:1087500003E004460D467F48ADE77E4A28467F4940
:10876000FFF730FE7E4E01237E4A7F4832600022B2
:108770007360436011467D4B3282B274726386F837
:10878000432003608660C6E90222C6E90522C6E9E5
:108790000722C6E90922C6E90B2200F08BF903E0A3
:1087A00004460D46704886E76F4A28467049FFF731
:1087B00009FE704A0124704B2846704954601360CA
:1087C000FFF700FE6E4A28466E4B6F4954601360F7
:1087D000FFF7F8FD6D4C01226D4B21466D4823607B
:1087E00000236260C4E90233C4E90433C4E90633F8
:1087F000C4E90833C4E90A33C4E90C33C4E90E33CD
:10880000C4E91033C4E91233C4E91433C4E916339C
:10881000C4E91833C4E91A33C4E91C33C4E91E336C
:10882000C4E92033C4E92233C4E92433C4E926333C
:10883000C4E92833C4E92A33C4E92C33C4E92E330C
:10884000C4F8C03084F8C43003F054FB514A2846C1
:108850005149FFF7B7FD514A4FF00109504B2846E7
:108860005049C2F804901360FFF7ACFD4E4A284609
:108870004E4B4F49C2F804901360FFF7A3FD4946E1
:108880004C4801F0B1FB4B4A28464B49FFF79AFD93
:108890004A4A28464A4B4B49C2F804901360FFF7F6
:1088A00091FD494A2846494B4949C2F80490136052
:1088B000FFF788FD474A2846474B4849C2F80490CD
:1088C0001360FFF77FFD464A2846464B4649C2F8EB
:1088D00004901360FFF776FD01A928460396CDE9C1
:1088E000018700F0E3FC81E00446E7E6204607F05C
:1088F000F3FB00BFE01A0020821F0020781A00203E
:108900004C1B002058180020F41B002024180020C5
:10891000BC1C00204017002040180020C81F020087
:1089200050250200241C002038180020AC2A020028
:10893000981C002030180020E82A0200941C002017
:108940004C18002034250200181C0020B816002006
:10895000B81F02000C180020A82502002C1C0020C3
:10896000FC160020A81F0200181800207425020021
:10897000281C002004180020F8250200341C0020C8
:10898000FC17002010260200301C0020F0150020EB
:10899000182B0200E81700207C1C0020E0170020A4
:1089A00028260200201C0020D8170020182C0200C6
:1089B000781C0020C81700201C1C0020C0170020B5
:1089C000BC200200881B0020B817002014210200E0
:1089D000841B0020B01700206C210200801B0020A7
:1089E000A8170020C42102007C1B0020D5F80C90A1
:1089F0000D48FFF7DBFC49F82080D5F80C800B48C8
:108A0000FFF7D4FC48F82070EF680948FFF7CEFC68
:108A100047F82060EE680748FFF7C8FC46F820409A
:108A2000284605B0BDE8F083241C00202C1C002043
:108A3000281C00207C1C002038B5094D2B686BB920
:108A4000084C02212046FFF7DDFD074B21462C6034
:108A50001C600648BDE838400EF0DABC38BD00BFE7
:108A6000E8150020641B0020E4150020601B002096
:108A7000024B1B680BB9FFF7DFBF7047E8150020FA
:108A800038B500230446094D0360FFF7F1FF084A9B
:108A90002B6812682360934206D0FFF7A1FD2B6874
:108AA0001A68236001321A60204638BDE4150020A0
:108AB000E815002038B584680546ACB9442007F0B5
:108AC00095FD1A4B04828474446380F84340A86087
:108AD000C0E90034C0E90244C0E90544C0E90744E4
:108AE000C0E90944C0E90B44AB682E2210495A740E
:108AF0002C22AB689A740023AA689160D360D36279
:108B0000C2E90513C2E90713C2E909130949086854
:108B10001063AA685063084A1068AA68C15C1A44C6
:108B200001330B2B82F83810F7D138BDA81F020093
:108B300021410200C83F02000C01002038B58468C2
:108B40000546ACB9442007F051FD1A4B04828474E9
:108B5000446380F84340A860C0E90034C0E902449F
:108B6000C0E90544C0E90744C0E90944C0E90B4431
:108B7000AB682E2210495A742C22AB689A740023D9
:108B8000AA689160D360D362C2E90513C2E90713F2
:108B9000C2E90913094908681063AA685063084AC2
:108BA0001068AA68C15C1A4401330B2B82F8381094
:108BB000F7D138BDB81F020021410200C83F0200B2
:108BC0000C010020094B10B504460360806840B1D9
:108BD00003685B68984704E020460EF002FC14F03E
:108BE000ECFD20460EF0FDFB204610BD7425020072
:108BF000094B10B504460360806840B103685B68A8
:108C0000984704E020460EF0ECFB14F0D6FD204619
:108C10000EF0E7FB204610BDA82502000D4B10B555
:108C20000360044690F843307BB1806808B114F0CB
:108C300057FD606908B114F053FDE06908B114F004
:108C40004FFD606A08B114F04BFD20460EF0C9FBE1
:108C5000204610BDA81F02000D4B10B5036004464E
:108C600090F843307BB1806808B114F039FD606939
:108C700008B114F035FDE06908B114F031FD606A07
:108C800008B114F02DFD20460EF0ABFB204610BDC0
:108C9000B81F020038B584680546ACB9442007F017
:108CA000A5FC1A4B04828474446380F84340A86096
:108CB000C0E90034C0E90244C0E90544C0E9074402
:108CC000C0E90944C0E90B44AB682E2210495A742C
:108CD0002C22AB689A740023AA689160D360D36297
:108CE000C2E90513C2E90713C2E909130949086873
:108CF0001063AA685063084A1068AA68C15C1A44E5
:108D000001330B2B82F83810F7D138BDA81F0200B1
:108D100021410200C83F02000C01002038B58468E0
:108D20000546ACB9442007F061FC1A4B04828474F8
:108D3000446380F84340A860C0E90034C0E90244BD
:108D4000C0E90544C0E90744C0E90944C0E90B444F
:108D5000AB682E2210495A742C22AB689A740023F7
:108D6000AA689160D360D362C2E90513C2E9071310
:108D7000C2E90913094908681063AA685063084AE0
:108D80001068AA68C15C1A4401330B2B82F83810B2
:108D9000F7D138BDB81F020021410200C83F0200D0
:108DA0000C010020094B10B504460360806840B1F7
:108DB00003685B68984704E020460EF012FB14F04D
:108DC000FCFC20460EF00DFB204610BD382B0200A7
:108DD000094B10B504460360806840B103685B68C6
:108DE000984704E020460EF0FCFA14F0E6FC20461A
:108DF0000EF0F7FA204610BD6C2B020038B58468DF
:108E0000054684B9682007F0F1FB1D4B4460036000
:108E10000474848480F86440A860C0E90244C0E916
:108E20000544C0E90744AA682E21164B82F8241095
:108E30002C2193600023D3601374AA6882F8251054
:108E4000114A1068AA68C15C1A440133242B82F8C5
:108E50002610F7D10D4B18680023AA68C15C1A448C
:108E600001331A2B82F84A10F7D1AB68084A5A61CD
:108E700004229A61074ADA6105221A6238BD00BFEE
:108E8000C81F020021410200040100200801002047
:108E90003032020035320200094B10B5044603603F
:108EA000806840B103685B68984704E020460EF094
:108EB00098FA14F082FC20460EF093FA204610BD7A
:108EC000502502000B4B10B50360044690F8643047
:108ED0005BB1806808B114F003FC606908B114F05C
:108EE000FFFBE06908B114F0FBFB20460EF079FAB5
:108EF000204610BDC81F020038B58468054684B9F5
:108F0000682007F073FB1D4B446003600474848485
:108F100080F86440A860C0E90244C0E90544C0E9A3
:108F20000744AA682E21164B82F824102C21936046
:108F30000023D3601374AA6882F82510114A1068C0
:108F4000AA68C15C1A440133242B82F82610F7D199
:108F50000D4B18680023AA68C15C1A4401331A2B10
:108F600082F84A10F7D1AB68084A5A6104229A6124
:108F7000074ADA6105221A6238BD00BFC81F020025
:108F800021410200040100200801002030320200CB
:108F900035320200094B10B504460360806840B1C9
:108FA00003685B68984704E020460EF01AFA14F054
:108FB00004FC20460EF015FA204610BD882A020057
:108FC00037B5069D144600200849CDE9002345B178
:108FD000B0F5881F05F1FF3503D268460EF002FC9C
:108FE000F5E70098001B03B030BD00BFFFFF100085
:108FF0008B070CD5D0E90032D21A022A09D9064AC9
:109000001188927819809A700368033303600120F5
:1090100070470020704700BF3B3202007FB5CDE9AA
:109020000223099B04A9094A02A804930A9B0593F9
:10903000002300930EF08DFC089B029A1A600B9B94
:10904000049A1A6007B05DF804FB00BFFFFF100030
:109050001FB5CDE90023079B02A9084A6846029381
:10906000089B039300230EF0B6FC069B009A1A603F
:10907000099B029A1A6005B05DF804FBFFFF10001F
:1090800038B54B0704460CD5D0E900535B1B022BC7
:1090900007D903220349284615F06CFB08B90335AC
:1090A000256038BD783302001FB5CDE90023079B4A
:1090B00002A9084A68460293089B039300230EF016
:1090C000A8FC069B009A1A60099B029A1A6005B0D8
:1090D0005DF804FBFFFF100037B500216846144619
:1090E000069DCDE90023FFF7CBFF0020074945B1DE
:1090F000B0F5881F05F1FF3503D268460EF0B6FAC9
:10910000F5E70098001B03B030BD00BFFFFF100063
:109110007FB5CDE90223099B04A9094A02A804935B
:109120000A9B05930023009301230EF095FC089BF6
:10913000029A1A600B9B049A1A6007B05DF804FB50
:10914000FFFF100013B5144619460023049A204669
:109150000093034B0EF0ADFC001B02B010BD00BF2E
:10916000FFFF100073B51C461149DDE90765CDE925
:109170000023009884420ED0B5420CD068460EF011
:1091800031FB831C01D1012008E0B0F5881F0CD20F
:1091900046F8040BEDE7201A18BF0120069B009A41
:1091A0001A60099B1E6002B070BD0220F6E700BF86
:1091B000FFFF1000F7B5089E144600270E49CDE9C1
:1091C00000237D1CAE4206D80BD14FF6FF716846D6
:1091D0000EF008FB05E068460EF004FBB0F5881FB2
:1091E00003D30098001B03B0F0BDB0F5803F38BF3B
:1091F0003D466F1CE5E700BFFFFF1000F0B585B0EE
:109200001C46154F0C9ECDE900230B9BCDE9023681
:10921000009D029BAC421DD09E421BD03946684641
:109220000EF0E0FA831C014609D0B1F5881F0FD279
:10923000012202A80EF041FB0028E9D1009501208F
:109240000A9B009A1A600D9B029A1A6005B0F0BD45
:109250000220F5E70020F3E7FFFF1000034B10B5F5
:10926000044603600EF0BDF8204610BD98210200B0
:10927000034B10B5044603600EF0B3F8204610BD52
:1092800090200200034B10B5044603600EF0A9F8CD
:10929000204610BDE8200200034B10B504460360D1
:1092A0000EF09FF8204610BD402102002DE9F04746
:1092B0000123564DD1F8088004462846D1E90076AE
:1092C0006B600021524BAF602B60FFF715FE04E08E
:1092D0004E480EF086F814F070FA6B68D4F80490DB
:1092E00001334C486B60FFF761F8012349F82050C7
:1092F000494D6B60494B2B60FFF726F86B68D4F83B
:1093000004900133A86046486B60FFF74FF80123D3
:1093100049F82050434D00226B601146424B2846CD
:10932000AE602B60FFF7FAFC03E03B48D1E73D4815
:10933000CFE76B68D4F8049001333C486B60FFF7CB
:1093400035F8012349F82050394D00226B60114651
:10935000384B2846C5F808802B60FFF79BFC01E0DE
:109360003348B6E76B68D4F80490013332486B6039
:10937000FFF71CF8D4F804A049F820504FF0020978
:109380002E4D2F4B2F482B60C5F80490FFF70EF899
:109390002D4B4AF82050D4F804A02C4D2C482B60BB
:1093A000C5F80490FFF702F82A4B4AF820502A4DDE
:1093B000D4F804A029482B60C5F80490FEF7F6FF06
:1093C0004AF820500121264D284602F0ADFD6B6879
:1093D000D4F80490013323486B60FEF7E7FF49F8A7
:1093E0002050E5680B48FEF7E1FF45F82070E5687E
:1093F0000E48FEF7DBFFE46845F820600E48FEF7F4
:10940000D5FF44F82080BDE8F08700BFCC1B0020CA
:10941000882A0200801C0020D81B00206C2A020031
:109420006C1C0020B41B00206C2B0200881C002048
:10943000C01B0020382B0200841C0020AC1B002025
:10944000E82B0200901C0020002C0200A41B00202E
:109450008C1C00202C2C02009C1B0020741C002063
:109460008C1B0020701C002088422DE9F04104462E
:109470000D4618D0A0B1A1EB00080021404600F035
:10948000BDFA00F10C070646214638462A460FF081
:1094900032F84146304600F0A5FA3846BDE8F08182
:1094A000024802F071FA024FF7E700BF7B33020077
:1094B000F01B0020836937B504460D4603B1984779
:1094C0002B68A3F10C0053F8043C002B0ADB00F0DE
:1094D0006BFB20602B6853F80C3C6360044BA3616A
:1094E00003B030BD002201A90FF0C0F8F1E700BFC2
:1094F0003D7E0100074B002210B50360044603695E
:109500000C30DA600EF09CFC2046FFF743FD20464D
:1095100010BD00BFF8220200084B002210B5036006
:10952000044603690C30DA609A611A629A620EF09E
:1095300087FC2046FFF736FC204610BD382302008A
:10954000084B002210B50360044603690C30DA6052
:109550009A611A629A620EF073FC2046FFF738FC9B
:10956000204610BD6C230200054B10B5044640F8A0
:10957000103B0EF065FC204602F01EFB204610BD9D
:10958000D0230200084B10B5044640F80C3B0EF007
:1095900057FC064B204640F8083B14F035FE2046A9
:1095A0000DF01FFF204610BD1C2302006C2A020094
:1095B000064B10B5044640F8083B0EF041FC044B46
:1095C000204623600DF00DFF204610BDA0230200B1
:1095D000E82B0200064B10B5044640F8083B0EF09D
:1095E0002FFC044B204623600DF0FBFE204610BDEF
:1095F000B8230200002C0200064B10B5044640F8C8
:10960000083B0EF01DFC044B204623600DF0E9FEE4
:10961000204610BDEC2302002C2C020082B02DE964
:10962000F0438BB0054617461A9813AC139315AB4D
:109630009DF85C20DDE9181898B1CDE90480CDE9EA
:10964000022193E803008DE803003946284694E898
:109650000C0011F0CBFC28460BB0BDE8F04302B083
:109660007047164809AE0DF118090990CDE9048636
:10967000CDE9022193E803008DE80300394648460E
:1096800094E80C0011F0D1FCD8F8003099E8030000
:1096900084E803003BB194E8030085E8030030460A
:1096A0000EF0C3FBD7E731461B98FFF703FFF2E745
:1096B00030460EF0BAFB14F080F800BFF01B00201B
:1096C00070B56FF001030C468D4A05468D4914F0C4
:1096D00009F8064610B10468204670BD8A4B9C42CA
:1096E0003BD1142006F082FF0446682006F07EFF7E
:1096F000864B00210646A0600360854B41600174E3
:10970000818480F8641061602360C0E90211C0E9BF
:109710000511C0E907112046FFF7EEFB03E02046E4
:109720000DF05FFE14E06B68324629464FF00000F2
:109730000133E56026616B60764B236010F037FEE5
:10974000CAE704F10C000EF07BFB2046FFF722FC79
:10975000204613F0C1FF14F030F86F4B9C4211D13A
:10976000102006F043FF6D4B466004460360FEF791
:10977000EBFD6B6801336B60694BC4E90205236044
:10978000AAE7CCE7674B9C420AD10C2006F02EFFDB
:109790006B6804460133C0E901656B60624BEEE71C
:1097A000624B9C420AD10C2006F020FF6B680446F5
:1097B0000133C0E901656B605D4BE0E75D4B9C42A6
:1097C0000AD10C2006F012FF6B6804460133C0E991
:1097D00001656B60584BD2E7584B9C423AD114203C
:1097E00006F004FF0446442006F000FF544B00221C
:1097F0000646A06003601146524BC260028282742A
:10980000426380F8432062602360C0E90122C0E91E
:109810000522C0E90722C0E90922C0E90B2220463F
:10982000FFF738FA00E07AE76B68324629464FF0D6
:1098300000000133E56026616B60434B236010F04C
:109840001BFE49E704F10C000EF0FAFA2046FFF780
:10985000A9FA7DE73D4B9C423AD1142006F0C6FEA2
:109860000446442006F0C2FE394B00220646A060A2
:1098700003601146374BC26002828274426380F8F3
:10988000432062602360C0E90122C0E90522C0E9EB
:109890000722C0E90922C0E90B222046FFF73EFA61
:1098A00000E03CE76B68324629464FF00000013388
:1098B000E56026616B60284B236010F03BFE0BE7F0
:1098C00004F10C000EF0BCFA2046FFF781FA3FE7E6
:1098D000224B9C420CD1142006F088FE31460446EF
:1098E00002F022FB6B68256101336B601C4B46E77D
:1098F0001C4802F049F82BE72AE729E728E700BFD0
:10990000C8220200501F0200801C0020C81F020055
:10991000882A0200F82202006C1C00206C2A020037
:109920001C230200741C0020EC230200901C002069
:10993000A02302008C1C0020B8230200841C0020FD
:10994000A81F0200382B020038230200881C0020C8
:10995000B81F02006C2B02006C230200701C002058
:10996000D0230200A53302008B6913B5044613B956
:10997000064802F009F8D1E9000101AA0144FFF705
:1099800073FD2060204602B010BD00BFD23302003C
:1099900008B50346084611461B6853F80C3C834241
:1099A00003D20246014811F08FF808BDBB35020012
:1099B000F8B5044617460E46094A19461D46FFF7F4
:1099C000E7FF216851F80C4C641BBC4228BF3C46A1
:1099D00024B12246294430460EF066FD2046F8BDEB
:1099E000F2350200044B984204D0002301608360EA
:1099F00008440373704700BFE41B0020134A9042E1
:109A000010B5044602D9124801F0D6FF884207D8A3
:109A100004F10D0006F0EAFD00224460826010BDF2
:109A20004B00984238BF1C4604F11D0304F10D00A1
:109A3000B3F5805FEED98C42ECD904F58054C3F3C2
:109A40000B03E41A944228BF1446E1E7FCFFFF3FF2
:109A500005360200F8B50F46044680B10021FFF735
:109A6000CDFF00F10C060546214630463A460EF081
:109A700033FD21462846FFF7B5FF3046F8BD014EBD
:109A8000FBE700BFF01B0020054A904210B506D04E
:109A90008268541E002A846001DC0EF055FD10BD62
:109AA000E41B0020036813B50446A3F10C0053F82F
:109AB000043C002B06DD01A9FFF7E6FF034B236002
:109AC00002B010BD0021FFF78DFFF9E7F01B002069
:109AD00070B504461546094A0E46FFF759FF23683C
:109AE0000146204653F80C2C0023921BAA4228BFA3
:109AF0002A460EF02BFD204670BD00BF1D36020029
:109B0000F8B51C46174605460E460A4B224639460E
:109B10000EF0AFFC23463A46314628460EF016FDBD
:109B200034B1286821469DF8182030440EF0D4FC4A
:109B30002846F8BD3136020073B50E46016804466A
:109B4000184B51F80C1C15460EF093FC314620467C
:109B50000EF09DFC034620681BB950F8043C002B16
:109B60000BDD0095334650F80C2C002120460EF0FA
:109B70006CFD0446204602B070BD331A9D4209D8E0
:109B80002A4631460EF090FC206829460C38FFF733
:109B900029FFEFE7002BF7D02A4631460EF090FC64
:109BA000F2E700BF4E360200054B984200F10C0070
:109BB0001EBF50F8043C013340F8043C704700BF1E
:109BC000E41B00202DE9F04104460D4690462AB3DF
:109BD000184B00210EF04DFC276857F80C6C57F815
:109BE000083C46449E4203D857F8043C002B08DD4D
:109BF000294620460EF04BFC98B1314620460EF027
:109C00004EFD23682946424653F80C0C18440EF0CA
:109C10004BFC206831460C38FFF7E4FE2046BDE8D7
:109C2000F08131462046EF1B0EF039FD25683D449A
:109C3000E7E700BF63360200F8B5044617460D4655
:109C400009B30A46114B00210EF013FC236853F8A8
:109C50000C6C53F8082C2E44964203D853F8043C5D
:109C6000002B03DD314620460EF019FD23682946FE
:109C70003A4653F80C0C18440EF02EFC206831467E
:109C80000C38FFF7AFFE2046F8BD00BF6336020078
:109C9000F8B503680C4617460A4653F80C6C05469F
:109CA000094B31460EF0E5FBB44205D93A46A11BFB
:109CB0002846FFF7C1FFF8BDFDD24FF0FF32214625
:109CC0002846FFF705FFF6E778360200084B10B587
:109CD000044640F8083B14F097FA237B1BB1A069B7
:109CE00008B113F0FDFC20460DF07BFB204610BDB3
:109CF0003C24020038B5003B044618BF012309B9D3
:109D00000A460E49002563600D4B04F11D002273C5
:109D10004FF480722360A1612946C4E9045514F010
:109D200021FD4FF48072294604F21D10257714F0AE
:109D300019FD204684F81D5238BD00BF2A4202009A
:109D40003C240200034B10B5044603600DF049FBB0
:109D5000204610BDF8250200034B10B504460360F1
:109D60000DF03FFB204610BD10260200034B10B53E
:109D7000044603600DF035FB204610BD2826020086
:109D8000054B10B5044640F8083B14F03DFA204658
:109D90000DF027FB204610BDDC250200054B10B559
:109DA000044640F8083B14F02FFA20460DF019FB4A
:109DB000204610BD3425020008B54368C3F17F5327
:109DC00003F57F1303F57F533F339A4202D90348CB
:109DD00001F0F2FDBDE8084013F05BBB6336020002
:109DE000F8B506461C48FEF7E1FA05463368DF6819
:109DF00057F82030F3B9442006F0F8FB174B3146F2
:109E0000044603600023C0E90133C3600382837406
:109E1000436380F84330C0E90533C0E90733C0E944
:109E20000933C0E90B3302F033FA2A462146306881
:109E3000FEF78EFB57F82500F8BD13F060FD13F018
:109E4000E2FE13F085FD13F0B8FC13F058FD236813
:109E500020465B689847F2E72C1C0020B81F0200E0
:109E60004368994270B50646154604D90A460A4821
:109E70000A4910F029FE6A1C04D1036800227160AF
:109E80005A5470BD002DFCD05A1AAA4228BF2A4647
:109E9000BDE8704013F070BABB3502001D360200F9
:109EA000F8B506461C48FEF781FA05463368DF68B8
:109EB00057F82030F3B9442006F098FB174B314691
:109EC000044603600023C0E90133C3600382837446
:109ED000436380F84330C0E90533C0E90733C0E984
:109EE0000933C0E90B3302F09FFA2A462146306855
:109EF000FEF72EFB57F82500F8BD13F000FD13F018
:109F000082FE13F025FD13F058FC13F0F8FC2368D3
:109F100020465B689847F2E7281C0020A81F020033
:109F200038B500F1080305460C46036011B9064830
:109F300001F02AFD0846F6F785FF2146221828463B
:109F4000BDE838400EF0A9BDA836020037B51D4661
:109F50004368994204D90A460548064910F0B4FD01
:109F600013460022009505F0C3FE03B030BD00BFCC
:109F7000BB350200DA36020008B42DE9F7410F467E
:109F800004200021904608F025FA16490546F6F708
:109F90004FFF044678B12846F6F754FF461C30467A
:109FA00013F075FE29463246044614F0B4FB0D4901
:109FB000042008F00FFA0AAB099A4146384601938B
:109FC00009F06EFA054634B12146042008F002FA81
:109FD000204613F085FB284603B0BDE8F04101B0F0
:109FE000704700BFEF3602000039094B18BF01214E
:109FF00010B5416004460360FEF7A6F904E0204670
:10A000000DF0EFF913F0D9FBA060204610BD00BFA2
:10A01000DC2502002DE9F04F91B00646894604AFD9
:10A0200007F1080507F1140097F860A085E80C0017
:10A0300097F858303B60FB6D03F16C01FEF76EF949
:10A0400007F1140001F086FF90B078600DF1100860
:10A05000FEF77AF9B8614022414607F11800D7E9C6
:10A060001A34CDE9023400230093324BFFF784FF0A
:10A070003F28044619DD083400F1010B24F00704E1
:10A08000ADEB040D0DF11008FEF75EF9B8615A460C
:10A09000414607F11800D7E91A34CDE9023400230C
:10A0A0000093244BFFF768FF044607F120030022CA
:10A0B000214607F11800BB6113F0FFF8BB6908EBFC
:10A0C0000402414678680EF0C7FC3B6863B107F1B3
:10A0D000180349463046CDE901A3FB6D009395E88E
:10A0E0000C000EF0D1FF17E007F118034946304687
:10A0F000CDE901A3FB6D009395E80C000FF0EEF89D
:10A100000AE007F1180013F093F807F11400FEF7C6
:10A1100029F913F052FBF8E707F1180013F088F85B
:10A1200007F11400FEF71EF930463437BD46BDE88E
:10A13000F08F00BFF13602002DE9F04FABB0894639
:10A14000369D0EA90B9005F16C06DDF8E0A03A9C57
:10A15000304681E80C0002F05FF808903046002697
:10A1600001F0F8FE83463998F6F76CFE10960A90D7
:10A1700034A90EA80FF017FADDF84080002800F08F
:10A1800073840A9B9E4280F06F84B8F1000F00F048
:10A190007F84379B379A1B6843F00403136000F0F9
:10A1A0006BBC089B0CAF0EAE9B68DA6A12921A6BFE
:10A1B00013925A6B14929A6B1592DA6B16921A6C70
:10A1C00017925A6C18929A6C1992DA6C1A921A6D4C
:10A1D0001B925A6D1C929A6D1D92DA6D1E921B6E27
:10A1E0001F9310ABCDE905530E23049312AB0393D9
:10A1F00011AB029334AB93E803008DE803004946AA
:10A20000384696E80C000FF01BFA109B97E8030005
:10A2100086E80300002B3CD1119A072392FBF3F34D
:10A22000C3EBC303D21ACAF81820237843F0020301
:10A23000DDE0089B12AA0CAF0EAE986811460EF036
:10A24000B5FB1EA90EF0D0FB10ABCDE905531823CA
:10A25000CDE9032311AB029334AB93E803008DE8FF
:10A2600003004946384696E80C000FF0E9F9109BC8
:10A2700097E8030086E803005BB9119B0C2293FB6F
:10A28000F2F102FB1133CAF81030238843F48163E2
:10A290002380099E01366BE7089B0CAF06949B68F0
:10A2A0009B69059310ABCDF810A00EAECDE902531B
:10A2B00034AB93E803008DE803004946384696E83E
:10A2C0000C00FFF739FF109B97E8030086E80300B6
:10A2D000002BDED1637843F0040376E110AB022655
:10A2E0000CAFCDE906536323CDE9043600230EAE4F
:10A2F000039311AB029334AB93E803008DE80300A2
:10A300004946384696E80C000FF054F9109B97E840
:10A31000030086E80300002BBBD1119B63602388F8
:10A3200043F49063B4E730460FF01CF9DBF81830C3
:10A33000C0B21B5C180702D530460EF084FB10AB90
:10A3400002210CAF0EAECDE906531F23CDE9043137
:10A350000123039311AB029334AB93E803008DE820
:10A3600003004946384696E80C000FF023F9109B8D
:10A3700097E8030086E80300002B8AD1119BCAF8F6
:10A380000C30238843F4826382E712AEB84A584601
:10A390000CAF3346A2F109010EF05EFBCDE9056476
:10A3A00080E710AB02220CAF0EAECDE906531723A7
:10A3B000CDE904320023039311AB029334AB93E84D
:10A3C00003008DE803004946384696E80C000FF07C
:10A3D000F1F8109A97E8030086E80300002A7FF45A
:10A3E00058AF119BCAF80830237862F3000323703A
:10A3F0004FE710AB0C270DF130080EAECDE9065338
:10A400000223CDE904730123039311AB029334AB10
:10A4100093E803008DE803004946404696E80C00A7
:10A420000FF0C8F8109B98E8030086E80300002BA3
:10A430007FF42FAF119B93FBF7F207FB1233CAF89F
:10A440000830237843F00103D1E710AB4FF0030845
:10A450000CAF0EAECDE906534FF4B773CDE9043817
:10A460000123039311AB029334AB93E803008DE80F
:10A4700003004946384696E80C000FF09BF8109B05
:10A4800097E8030086E80300002B7FF402AF119BDE
:10A49000013BCAF81C30237843F00403A7E710AB54
:10A4A0004FF0020E0CAF0EAECDE906530C23CDE9F2
:10A4B000043E0123039311AB029334AB93E80300F2
:10A4C0008DE803004946384696E80C000FF072F814
:10A4D000109B97E8030086E80300002B7FF4D9AEB9
:10A4E000119B013BCAF81030237843F008037EE744
:10A4F00010AB4FF0020C0CAF0EAECDE906533B2370
:10A50000CDE9043C0023039311AB029334AB93E8F1
:10A5100003008DE803004946384696E80C000FF02A
:10A5200049F8109B97E8030086E80300002B7FF4AE
:10A53000B0AE119BCAF80430ABE634A90EA80FF0F8
:10A5400032F800283FF4A5AE0EA80FF00BF8DBF8A8
:10A550001830C0B21B5C1E077FF59BAE0EA80EF034
:10A5600072FAEAE7089B9B681A6A12925B6A139375
:10A570001278002A3FF48DAE1B78002B3FF489AE91
:10A5800010AB0CAF0EAECDE905530223049312AB12
:10A59000039311AB029334AB93E803008DE80300FF
:10A5A0004946384696E80C000FF04AF8109B97E8A9
:10A5B000030086E80300002B7FF46BAE119B002B99
:10A5C0003FF467AE637843F00103637061E6089B74
:10A5D0000CAF06949B689B6A059309E012AE254A6E
:10A5E0003346911F0CAF58460EF036FACDE905649C
:10A5F00010ABCDF810A00EAECDE9025334AB93E80A
:10A6000003008DE803004946384696E80C00FFF742
:10A6100093FD97E8030086E803003AE610AB0220BA
:10A620000CAF0EAECDE906533C23CDE90430002338
:10A63000039311AB029334AB93E803008DE803005E
:10A640004946384696E80C000EF0B4FF109B97E898
:10A65000030086E80300002B7FF41BAE119BCAF8B1
:10A66000003016E612AE044A3346A2F10901B9E7FA
:10A6700000370200063702000F37020010AB02213C
:10A680000CAF0EAECDE906533523CDE904310023DE
:10A69000039311AB029334AB93E803008DE80300FE
:10A6A0004946384696E80C000EF084FF109B97E868
:10A6B000030086E80300002B7FF4EBAD119B2268BA
:10A6C0001B0422F47C1203F47C1322F0200243F0DA
:10A6D000200313432360DCE510AB01220CAF0EAE68
:10A6E000CDE906530623CDE904320023039311ABD1
:10A6F000029334AB93E803008DE8030049463846E3
:10A7000096E80C000EF056FF109B97E8030086E8D1
:10A710000300002B7FF4BDAD119BCAF8183084E50F
:10A7200010AB4FF002080CAF0EAECDE90653352347
:10A73000CDE904380023039311AB029334AB93E8C3
:10A7400003008DE803004946384696E80C000EF0F9
:10A7500031FF109B97E8030086E80300002B7FF48D
:10A7600098AD119B22681B0422F47C1203F47C1325
:10A7700022F0400243F04003ABE7089B0CAF069485
:10A780009B689B6828E7089B0CAF06949B681B6935
:10A7900022E710AB4FF0020E0CAF0EAECDE9065320
:10A7A0006323CDE9043E0023039311AB029334AB42
:10A7B00093E803008DE803004946384696E80C000C
:10A7C0000EF0F8FE109B97E8030086E80300002BCC
:10A7D0007FF45FAD637834A9304623F0060343F07D
:10A7E000060363700EF0DFFE00283BD030460EF00B
:10A7F000B9FE2A22C1B258460EF085FAA0F13008FF
:10A800005FFA88F3092B2DD830460A270EF01BF982
:10A81000119B34A9304607FB038311930EF0C3FE4E
:10A82000A0B130460EF09EFE2A22C1B258460EF06C
:10A830006AFAA0F130085FFA88F3092B06D830468F
:10A840000EF001F9119B07FB03831193119BA3F2F7
:10A850006C73119363786FF341036370119BCAF8B3
:10A86000143016E5119B442BDCBF64331193F5E7DC
:10A8700010AB4FF0040C0CAF0EAECDE9065342F214
:10A880000F73CDE9043C0023039311AB029334AB67
:10A8900093E803008DE803004946384696E80C002B
:10A8A0000EF088FE109B97E8030086E80300002B5B
:10A8B0007FF4EFAC119BA3F26C73CAF81430637889
:10A8C00023F0060307E530460EF04CFEDBF81830A7
:10A8D000C0B21B5CDF0740F1828010AB0CAFCDE94A
:10A8E00005530E230493694B039312AB029334ABCD
:10A8F00093E803008DE803004946384696E80C00CB
:10A900000EF09EFE97E8030086E8030034A9304667
:10A910000EF049FE00283FF4BCAC109B129A134382
:10A920007FF4B7AC30460EF01DFE07462D21584689
:10A93000FFB20EF0D7F9B84235D11723022110AF7C
:10A9400000220CAE0DF138080392CDE9043112A9B2
:10A95000029134A9CDE9065703C98DE803004946A1
:10A96000304698E80C000EF025FE3B23002296E8C6
:10A97000030088E8030002200392CDE9043012AB03
:10A98000029334ABCDE9065793E803008DE803004A
:10A990004946304698E80C000EF00CFE96E803009D
:10A9A00088E8030075E430460EF0DCFD06462B21F6
:10A9B0005846F6B20EF096F9B0427FF46AACBCE7A6
:10A9C00030460EF0CFFD074625215846FFB20EF067
:10A9D00089F9B84203D130460EF035F859E4109B9E
:10A9E00043F00403109354E4399B995DDBF818306D
:10A9F0005B5C1A0714D534A90EA80EF0D4FD00280C
:10AA00003FF448AC0EA80EF0ADFDDBF81830C0B234
:10AA10001B5C1B077FF53EAC0EA80EF014F8EAE7AE
:10AA200058460EF05CF980460EA80EF09BFDC1B2B0
:10AA300058460EF054F9804512D0397858460EF039
:10AA40004BF907460EA80EF08DFDC1B258460EF028
:10AA500043F9874204D0109B43F00403109319E498
:10AA60000EA80DF0F0FF15E4B8F1000F7FF491ABE4
:10AA70000A9B9E427FF48DAB0EAB93E803000B9BC9
:10AA800083E8030018462BB0BDE8F08F10010020CA
:10AA9000399B42465846995D9F190EF034F9252896
:10AAA000A2D1731C711C424658460993399B595CCC
:10AAB0000EF029F94528CDF8448001D04F2808D15F
:10AAC000B31C0022584609930999399B595C0EF032
:10AAD0001AF925380EAE542881D801A353F820F076
:10AAE000C1A90000DFA90000DFA90000DFA9000064
:10AAF000DFA90000DFA90000DFA90000DFA9000036
:10AB0000DFA90000DFA90000DFA90000DFA9000025
:10AB1000DFA90000DFA90000DFA90000DFA9000015
:10AB2000DFA90000DFA90000DFA90000DFA9000005
:10AB3000DFA90000DFA90000DFA90000DFA90000F5
:10AB4000DFA90000DFA90000DFA90000DFA90000E5
:10AB5000A3A1000033A20000DDA200008BA300002F
:10AB6000DFA90000DFA90000DFA90000A3A3000007
:10AB7000F3A30000DFA90000DFA90000DFA90000A7
:10AB8000F1A40000DFA90000DFA90000DFA9000098
:10AB9000DFA90000DDA500001DA6000065A60000DD
:10ABA0007DA60000DFA9000021A7000087A7000004
:10ABB00071A80000C7A80000DFA90000DFA90000FD
:10ABC000DFA90000DFA90000DFA90000DFA9000065
:10ABD000A3A1000033A2000099A2000027A3000057
:10ABE00027A30000DFA90000DFA9000033A20000B6
:10ABF000DFA900004BA40000DFA90000DFA90000CE
:10AC00009FA400003BA50000DFA9000065A500008F
:10AC1000DFA90000CFA50000DFA900003BA50000D0
:10AC2000DFA90000DFA90000D9A600007BA7000073
:10AC300093A700002DE9F04F99B008A9059081E88D
:10AC40000C00DDE9243903F16C04204601F082F99F
:10AC500004902046FFF724F900F1380305460693D7
:10AC6000036A1BB1836A003B18BF012301930EAB3B
:10AC70000C9300230D938DF838302B7C53B914AB13
:10AC8000202112A81293002313938DF8503012F054
:10AC900088FB04E020210CA812F083FBEFE70026DC
:10ACA00005F13903B046079337466B6B03960B9358
:10ACB000009602960BAB9B5D042B41D8DFE813F0A6
:10ACC0000C01F2000C0071000500DFF860A222A95F
:10ACD00008A80EF068FCE0E0249BDB6898051FD410
:10ACE000009B012B1CD8DEB1012E0BD1019BBBB9FF
:10ACF0009DF82C30032B13D09DF82E30012B0FD054
:10AD00000226D7E7022E40F00B819DF82F30042B4E
:10AD100006D0019A002A00F0FE80032B40F0FD804F
:10AD2000D5F818B04FF0000A22A908A80EF03BFC95
:10AD300002E00AF1010AF7E7044618B9DA4510D132
:10AD4000012418E0DA4516D008A80EF00BFC6B6958
:10AD5000C0B213F80A30834203D108A80DF073FE85
:10AD6000E7E7BAF1000F40F0D280249BDC6884F45E
:10AD70000074C4F340240136042E40F0B180009BDF
:10AD8000012B40F2FB80002C00F0AD80029B002BD9
:10AD900000F0C8806E6A012422A908A80EF003FC06
:10ADA000C6E02B6A33B9AB6ACBB122A908A80EF072
:10ADB000FAFB1AE022A908A80EF0F5FB04460028C9
:10ADC000F1D008A80EF0CEFBEB69C0B21B7883422D
:10ADD000E9D12B6A08A800930DF035FECBE72B6A6A
:10ADE000A3B9019B83F00104C5E704460028F6D00F
:10ADF00008A80EF0B7FB6B6AC0B21B788342EED195
:10AE0000AB6A08A800930DF01EFE82E0AB6A002B2F
:10AE1000E7D101231C460293ADE708A80EF0A2FB80
:10AE20005FFA80FB0DF12B020A2107988DF82BB0F9
:10AE30000DF017FB60B1069BC01ADAF80030195C00
:10AE400012A812F0CCFA013708A80DF0FCFD3EE77D
:10AE50006B7C5B4509D1B8F1000F1AD1EB6A002B6E
:10AE600012DDA04603970027EEE72B7C63B1AA7C96
:10AE70005A4508D1B8F1000F0BD167B1F9B20CA84F
:10AE800012F0ADFAEFE71C46139B002B08BF00241D
:10AE900071E74446F8E73C46F6E704460028BCD193
:10AEA0000124F1E722A908A80EF07DFB40B9002497
:10AEB000032E3FF464AF22A908A80EF074FB0DE046
:10AEC00008A80EF04FFB049BC0B29B691B5C1907DE
:10AED000EDD508A80DF0B7FD0124E9E750B901361A
:10AEE000002C7FF4E7AED9F8003043F00403C9F832
:10AEF000003074E008A80EF035FB049BC0B29B69DB
:10AF00001B5C1A07EBD508A80DF09DFDD3E70024C4
:10AF100031E702942FE70326CCE6019C0326DFE706
:10AF200001242CE7EE6936E7013435E70C010020F7
:10AF3000009BB0B9A342D6D1139B012B21D900228B
:10AF4000302112A812F03CFB0246D0B1431C4FF056
:10AF5000000112A804BF139A02F1FF32FEF780FF2E
:10AF60000FE0A342E8D008A80EF0FCFA335DC0B2AF
:10AF70008342B8D108A80DF066FDD5E7002CB2D009
:10AF8000DAE7029B53B90D9BFBB1B8F1000F0ED06D
:10AF90009DF80C100CA812F022FA0AE012990B7816
:10AFA000302BF0D02D2212A812F055FAEBE7F9B2AF
:10AFB000F0E70CAAD5E9020113F03EFA28B9D9F856
:10AFC000003043F00403C9F80030B8F1000F02D09C
:10AFD000EB6ABB4287D112A9269812F07AFA08AC24
:10AFE00022A920460EF0CDFA28B1D9F8003043F05E
:10AFF0000203C9F80030059B94E8030083E80300CE
:10B0000012A812F015F90CA812F012F9059819B04F
:10B01000BDE8F08F12A812F00BF90CA812F008F995
:10B0200012F0CBFBF9E700BF2DE9F04F99B008A96A
:10B03000059081E80C00DDE9243903F16C04204619
:10B0400000F088FF04902046FEF7CAFE00F13803A6
:10B0500005460693036A1BB1836A003B18BF0123B0
:10B0600001930EAB0C9300230D938DF838302B7C9D
:10B0700053B914AB202112A81293002313938DF817
:10B08000503012F08EF904E020210CA812F089F95A
:10B09000EFE7002605F13903B046079337466B6B9F
:10B0A00003960B93009602960BAB9B5D042B41D845
:10B0B000DFE813F00C01F2000C0071000500DFF86E
:10B0C00060A222A908A80EF06EFAE0E0249BDB68DB
:10B0D00098051FD4009B012B1CD8DEB1012E0BD18B
:10B0E000019BBBB99DF82C30032B13D09DF82E305B
:10B0F000012B0FD00226D7E7022E40F00B819DF8DE
:10B100002F30042B06D0019A002A00F0FE80032B7A
:10B1100040F0FD80D5F818B04FF0000A22A908A829
:10B120000EF041FA02E00AF1010AF7E7044618B905
:10B13000DA4510D1012418E0DA4516D008A80EF03F
:10B1400011FA6B69C0B213F80A30834203D108A820
:10B150000DF079FCE7E7BAF1000F40F0D280249BB4
:10B16000DC6884F40074C4F340240136042E40F0FB
:10B17000B180009B012B40F2FB80002C00F0AD80E1
:10B18000029B002B00F0C8806E6A012422A908A847
:10B190000EF009FAC6E02B6A33B9AB6ACBB122A92B
:10B1A00008A80EF000FA1AE022A908A80EF0FBF990
:10B1B00004460028F1D008A80EF0D4F9EB69C0B21B
:10B1C0001B788342E9D12B6A08A800930DF03BFC61
:10B1D000CBE72B6AA3B9019B83F00104C5E70446C2
:10B1E0000028F6D008A80EF0BDF96B6AC0B21B7833
:10B1F0008342EED1AB6A08A800930DF024FC82E0F4
:10B20000AB6A002BE7D101231C460293ADE708A8E7
:10B210000EF0A8F95FFA80FB0DF12B020A210798C6
:10B220008DF82BB00DF01DF960B1069BC01ADAF84D
:10B230000030195C12A812F0D2F8013708A80DF0FE
:10B2400002FC3EE76B7C5B4509D1B8F1000F1AD1D7
:10B25000EB6A002B12DDA04603970027EEE72B7C5C
:10B2600063B1AA7C5A4508D1B8F1000F0BD167B180
:10B27000F9B20CA812F0B3F8EFE71C46139B002BB1
:10B2800008BF002471E74446F8E73C46F6E7044669
:10B290000028BCD10124F1E722A908A80EF083F907
:10B2A00040B90024032E3FF464AF22A908A80EF091
:10B2B0007AF90DE008A80EF055F9049BC0B29B691D
:10B2C0001B5C1907EDD508A80DF0BDFB0124E9E7CB
:10B2D00050B90136002C7FF4E7AED9F8003043F0C6
:10B2E0000403C9F8003074E008A80EF03BF9049B91
:10B2F000C0B29B691B5C1A07EBD508A80DF0A3FB35
:10B30000D3E7002431E702942FE70326CCE6019C23
:10B310000326DFE701242CE7EE6936E7013435E741
:10B320000C010020009BB0B9A342D6D1139B012B86
:10B3300021D90022302112A812F042F90246D0B1E0
:10B34000431C4FF0000112A804BF139A02F1FF3210
:10B35000FEF786FD0FE0A342E8D008A80EF002F940
:10B36000335DC0B28342B8D108A80DF06CFBD5E7BD
:10B37000002CB2D0DAE7029B53B90D9BFBB1B8F1B8
:10B38000000F0ED09DF80C100CA812F028F80AE05F
:10B3900012990B78302BF0D02D2212A812F05BF806
:10B3A000EBE7F9B2F0E70CAAD5E9020113F044F893
:10B3B00028B9D9F8003043F00403C9F80030B8F1D7
:10B3C000000F02D0EB6ABB4287D112A9269812F077
:10B3D00080F808AC22A920460EF0D3F828B1D9F89D
:10B3E000003043F00203C9F80030059B94E80300E5
:10B3F00083E8030012A811F01BFF0CA811F018FF3E
:10B40000059819B0BDE8F08F12A811F011FF0CA833
:10B4100011F00EFF12F0D1F9F9E700BF184B1A68CE
:10B42000D1075CBF01221A60164B1A68D2075CBFB5
:10B4300001221A60144B1A68D0075CBF01221A60FF
:10B44000124B1A68D1075CBF01221A60104B1A68B0
:10B45000D2075CBF01221A600E4B1A68D0075CBF8E
:10B4600001221A600C4B1A68D1075CBF01221A60D6
:10B470000A4B1A68D2075CBF01221A60704700BFEE
:10B48000141C0020101C00200C1C0020081C002094
:10B49000041C0020001C0020FC1B0020F81B0020C6
:10B4A00000F1080373B5044615460E46036081B9E2
:10B4B00012B10E4800F068FA0A4601913146206840
:10B4C00011F01AFF019B226800216360D15402B081
:10B4D00070BD0F2A019201D87219EFE7002201A96D
:10B4E00004F0D6FB019B2060A360F5E7A8360200BC
:10B4F000836973B504460D4603B1984704F1080308
:10B500002360D5E900630F2B06EB0305019307D9F0
:10B51000002201A9204604F0BBFB019B2060A36030
:10B520002A463146206811F0E2FE019B2268002184
:10B530006360D154014BA36102B070BD53A0010000
:10B54000074B002210B50360044603690C30DA6033
:10B550000CF076FC2046FDF79FFC204610BD00BF96
:10B5600054270200084B002210B50360044603690B
:10B570000C30DA609A611A629A620CF061FC204623
:10B58000FDF720FB204610BD94270200084B002247
:10B5900010B50360044603690C30DA609A611A62E0
:10B5A0009A620CF04DFC2046FDF722FB204610BDB0
:10B5B000C8270200054B10B5044640F8103B0CF0BC
:10B5C0003FFC2046FEF7DCFB204610BD2C28020085
:10B5D000084B10B5044640F80C3B0CF031FC064B10
:10B5E000204640F8083B12F00FFE20460BF0F9FE13
:10B5F000204610BD7827020034250200064B10B506
:10B60000044640F8083B0CF01BFC044B204623602A
:10B610000BF0E7FE204610BDFC270200F8250200D3
:10B62000064B10B5044640F8083B0CF009FC044BEF
:10B63000204623600BF0D5FE204610BD14280200E2
:10B6400010260200064B10B5044640F8083B0CF0EB
:10B65000F7FB044B204623600BF0C3FE204610BDD1
:10B66000482802002826020070B56FF001030C463E
:10B670008D4A05468D4912F035F8064610B104682A
:10B68000204670BD8A4B9C423BD1142004F0AEFF93
:10B690000446682004F0AAFF864B00210646A060FD
:10B6A0000360854B41600174818480F8641061609F
:10B6B0002360C0E90211C0E90511C0E90711204665
:10B6C000FDF79CFB03E020460BF08BFE14E06B685B
:10B6D000324629464FF000000133E56026616B6079
:10B6E000764B23600CF038FCCAE704F10C000CF038
:10B6F000A7FB2046FDF7D0FB204611F0EDFF12F02E
:10B700005CF86F4B9C4211D1102004F06FFF6D4B21
:10B71000466004460360FCF717FE6B6801336B60FC
:10B72000694BC4E902052360AAE7CCE7674B9C425A
:10B730000AD10C2004F05AFF6B6804460133C0E9BB
:10B7400001656B60624BEEE7624B9C420AD10C20B4
:10B7500004F04CFF6B6804460133C0E901656B607F
:10B760005D4BE0E75D4B9C420AD10C2004F03EFFAC
:10B770006B6804460133C0E901656B60584BD2E742
:10B78000584B9C423AD1142004F030FF0446442028
:10B7900004F02CFF544B00220646A06003601146C3
:10B7A000524BC26002828274426380F8432062601E
:10B7B0002360C0E90122C0E90522C0E90722C0E9EF
:10B7C0000922C0E90B222046FDF774F900E07AE770
:10B7D0006B68324629464FF000000133E560266170
:10B7E0006B60434B23600CF01AFC49E704F10C003A
:10B7F0000CF026FB2046FDF7E5F97DE73D4B9C422A
:10B800003AD1142004F0F2FE0446442004F0EEFE87
:10B81000394B00220646A06003601146374BC260D8
:10B8200002828274426380F8432062602360C0E930
:10B830000122C0E90522C0E90722C0E90922C0E9C6
:10B840000B222046FDF77AF900E03CE76B683246B0
:10B8500029464FF000000133E56026616B60284BFC
:10B8600023600CF039FC0BE704F10C000CF0E8FA53
:10B870002046FDF7BDF93FE7224B9C420CD1142036
:10B8800004F0B4FE31460446FEF7AEFB6B6825615A
:10B8900001336B601C4B46E71C4800F075F82BE742
:10B8A0002AE729E728E700BFC8220200501F02004C
:10B8B000241C0020C81F020050250200542702004B
:10B8C000181C00203425020078270200201C0020CC
:10B8D00048280200341C0020FC270200301C0020F5
:10B8E00014280200281C0020A81F02007425020052
:10B8F000942702002C1C0020B81F0200A82502007B
:10B90000C82702001C1C00202C280200A5330200BE
:10B910008B6910B5044613B9044800F035F8D1E935
:10B920000012FFF7BDFD204610BD00BFD23302005C
:10B93000044B10B5044640F81C3BFCF713FD2046B1
:10B9400010BD00BFA42C020008B5042011F01FFF99
:10B95000024B034A0349036012F03BF9F02C02004A
:10B96000D9FE0000DC2C020008B5042011F00FFF06
:10B97000024B034A0349036012F02BF9102D020019
:10B98000F5FE0000FC2C020038B50546082011F039
:10B99000FEFE0446294605F0F7F9054A204605490A
:10B9A00012F017F9204604F013FB11F006FF00BF58
:10B9B000F10A01005C2E020038B50546082011F09E
:10B9C000E6FE0446294605F0F3F9054A20460549F6
:10B9D00012F0FFF8204604F0FBFA11F0EEFE00BF73
:10B9E000150B0100682E020038B50546082011F03D
:10B9F000CEFE0446294605F0E5F9054A20460549EC
:10BA000012F0E7F8204604F0E3FA11F0D6FE00BF8A
:10BA1000290B0100742E020038B50546082011F0EC
:10BA2000B6FE0446294605F0D7F9054A20460549E1
:10BA300012F0CFF8204604F0CBFA11F0BEFE00BFA2
:10BA4000CD0A0100802E0200034B10B504460360AE
:10BA500000F036F8204610BDCC28020008B5836FF0
:10BA60000BB941F0010103694161194202D002485A
:10BA700005F05EFA08BD00BF833A02000F4B00F1EB
:10BA8000240110B50360002304460A46C0E90133CF
:10BA9000C0E90333C0E90533C0E907336430C2E9C4
:10BAA000003308328242FAD1082304F16C00C4E961
:10BAB0001931FCF7E5FF204610BD00BFE428020065
:10BAC0000C4B002110B5044603600FF04EF82046E1
:10BAD0000FF063F8A06E04F12403984204D008B17B
:10BAE00011F0FEFD0023A36604F16C00FCF73AFCA4
:10BAF000204610BDE4280200064B10B50360002369
:10BB000004464360044B40F8083FFFF7D9FF204646
:10BB100010BD00BF18290200CC280200D0F800C0D8
:10BB2000ACF10C0CDCF800C06044E5E7034B10B549
:10BB3000044603600BF055FC204610BDAC2A020001
:10BB4000034B10B5044603600BF04BFC204610BDC0
:10BB5000E82A0200034B10B5044603600BF041FCD9
:10BB6000204610BDE82B0200034B10B504460360CD
:10BB70000BF037FC204610BD002C0200034B10B523
:10BB8000044603600BF02DFC204610BD182B02006C
:10BB9000034B10B5044603600BF023FC204610BD98
:10BBA000182C0200034B10B5044603600BF019FC7F
:10BBB000204610BD2C2C0200054B10B5044640F861
:10BBC000083B12F021FB20460BF00BFC204610BD79
:10BBD000A02B0200054B10B5044640F8083B12F0BC
:10BBE00013FB20460BF0FDFB204610BD6C2A020023
:10BBF00038B50D4B044605690360FCF7AFFB854281
:10BC000003D015B1284611F06BFDA06810B1036890
:10BC10005B68984704F10C0012F0F6FA20460BF02E
:10BC2000E0FB204638BD00BF282B020088422DE9EA
:10BC3000F04104460D4618D0A0B1A1EB0008002148
:10BC40004046FDF7DBFE00F10C070646214638466C
:10BC50002A460CF050FC41463046FDF7C3FE3846FC
:10BC6000BDE8F0810248FFF78FFE024FF7E700BF03
:10BC70007B330200F01B0020036853F80C3C994210
:10BC800010B504D90A46064806490EF01DFF5C1A95
:10BC90000023A24228BF2246BDE810400CF056BC4B
:10BCA000BB3502001D3602002DE9F74315461C4640
:10BCB0002F4B074688466A46036021462846FFF711
:10BCC000B5FF641B50F80C3C06460190640000EB85
:10BCD0000309204611F0DBFF05463246234629467C
:10BCE000404612F0D3FA844202460ED8441C28463D
:10BCF00011F0F6FC204611F0CAFF32460146054617
:10BD00002346404612F0C2FA024629463846FDF75D
:10BD100059FF10E011F0F3FD284611F0E1FC11F09D
:10BD200072FF11F015FE01A80FF0F0F838460FF081
:10BD3000EDF811F042FD3046F5F784F830448145C6
:10BD40000BD0461C002138460CF0EFFCC5E7E1E7BC
:10BD500011F0D5FDE3E7E6E7E8E7284611F0C0FC7F
:10BD600001A80FF0D3F8384603B0BDE8F08300BF58
:10BD7000F01B002010B504460A48FCF717FB2368A7
:10BD8000D3E90123834202D952F8200008B9FFF712
:10BD9000EBFD0023044A054911F0A4FC08B904F0A6
:10BDA0008BF910BD981C00204C290200501F020086
:10BDB00010B504460A48FCF7F9FA2368D3E90123D1
:10BDC000834202D952F8200008B9FFF7CDFD0023C5
:10BDD000044A054911F086FC08B904F06DF910BD5C
:10BDE000941C002058290200501F020010B5044680
:10BDF0000A48FCF7DBFA23689A6882420CD95B6830
:10BE000053F8200038B10023054A064911F06AFCB6
:10BE1000003818BF012010BD0020FCE7981C00204E
:10BE20004C290200501F020010B504460A48FCF7D6
:10BE3000BDFA23689A6882420CD95B6853F82000E7
:10BE400038B10023054A064911F04CFC003818BFF0
:10BE5000012010BD0020FCE7941C0020582902009E
:10BE6000501F020000390B4A18BF01210260002256
:10BE7000416002828274426380F84320C0E902225A
:10BE8000C0E90522C0E90722C0E90922C0E90B2266
:10BE9000704700BFB81F020000390B4A18BF0121CC
:10BEA00002600022416002828274426380F8432073
:10BEB000C0E90222C0E90522C0E90722C0E909223F
:10BEC000C0E90B22704700BFA81F02000039084AD2
:10BED00018BF01210260002241600274828480F850
:10BEE0006420C0E90222C0E90522C0E907227047A8
:10BEF000C81F0200003A0B4B18BF012210B50446C0
:10BF0000816042600360FCF729FA0021206120462D
:10BF100004F014FE04E020460BF063FA11F04DFC2F
:10BF2000204610BD282B02000039094B18BF012103
:10BF300010B5416004460360FCF706FA04E02046B1
:10BF40000BF04FFA11F039FCA060204610BD00BF85
:10BF5000A02B020010B504460A48FCF727FA236814
:10BF6000D3E90123834202D952F8200008B9FFF730
:10BF7000FBFC0023044A054911F0B4FB08B904F0A6
:10BF80009BF810BDF41B002014240200501F020077
:10BF900010B504460A48FCF709FA2368D3E90123DF
:10BFA000834202D952F8200008B9FFF7DDFC0023D4
:10BFB000044A054911F096FB08B904F07DF810BD5C
:10BFC000801C002040290200501F02002DE9F04390
:10BFD00085B0044608468946FFF7DAFF80460146E9
:10BFE00001A80FF0D7F8019B53F80C0CE06011F09A
:10BFF0004EFE054601460023E26801A8FDF7D8FC85
:10C00000E3682BB195F90030002BD4BF0023012346
:10C01000414602A823740FF0C4F8029B53F80C0C9D
:10C02000A06111F034FE064601460023A26902A871
:10C03000FDF7BEFC19E0002704463E4602A80EF0BC
:10C0400065FF01A80EF062FF204611F058FC28465B
:10C0500011F046FB16B1304611F042FB002F63D0C1
:10C06000384656E004460027E8E7414603A80FF0AB
:10C070009FF800E0F6E7039B53F80C0C206211F0E8
:10C0800006FE074601460023226A03A8FDF790FC3E
:10C0900040460FF079F884F8240040460FF077F816
:10C0A00084F825004846FFF755FF234B8046196862
:10C0B00004F1260301F124020EF031FF1F4B40462C
:10C0C000196804F14A0301F11A020EF028FF012356
:10C0D00003A8A56084F864306661E7610EF016FF7E
:10C0E00002A80EF013FF01A80EF010FF05B0BDE886
:10C0F000F0830446002703A80EF008FF9EE70446DD
:10C10000F9E7044601A80EF001FF204611F0F7FB05
:10C11000284611F0E5FA07E0F3E7044601A80EF01F
:10C12000F5FE204611F0EBFB11F06DFD11F010FC57
:10C1300011F043FBF6E700BF0401002008010020D6
:10C14000F8B506461548FCF731F905463368DF684F
:10C1500057F820307BB9682004F048FA04460021E3
:10C16000FFF7B4FE31462046FFF730FF2A4621464E
:10C170003068FCF7EDF957F82500F8BD11F0BFFB6A
:10C1800011F041FD11F0E4FB11F017FB11F0B7FBCA
:10C19000236820465B689847F2E700BF801C0020B8
:10C1A00010B504460A48FCF701F92368D3E90123D6
:10C1B000834202D952F8200008B9FFF7D5FB0023CB
:10C1C000044A054911F08EFA08B903F075FF10BD55
:10C1D000841C00207C290200501F020010B5044678
:10C1E0000A48FCF7E3F82368D3E90123834202D924
:10C1F00052F8200008B9FFF7B7FB0023044A0549AD
:10C2000011F070FA08B903F057FF10BD881C002028
:10C210009C290200501F020010B504460A48FCF792
:10C22000C5F82368D3E90123834202D952F82000DC
:10C2300008B9FFF799FB0023044A054911F052FAA7
:10C2400008B903F039FF10BD7C1C002070290200E2
:10C25000501F020010B504460A48FCF7A7F82368EF
:10C260009A6882420CD95B6853F8200038B10023E9
:10C27000054A064911F036FA003818BF012010BDF2
:10C280000020FCE7F41B002014240200501F0200D1
:10C290002DE9F04188B0044608468846FFF79EFF26
:10C2A0000146054606A80EF01EFF06A902A80FF0DB
:10C2B00029FA06A80EF02AFE294606A80EF01AFF53
:10C2C00006A904A80FF01EFA06A80EF01FFE2946C4
:10C2D00001A80EF016FF01A906A80FF013FA01A895
:10C2E0000EF014FE294601A80EF0F6FE019B53F84D
:10C2F0000C6C304611F0CBFC074601460023324659
:10C3000001A8FDF755FBC4E902762EB197F900604C
:10C31000002ED4BF00260126284626740EF0D6FE35
:10C32000607428460EF0D5FE059A039BE261049ADC
:10C3300063612262079A029B6262069AA3610023EC
:10C34000A0742846A2620393059307930EF0E0FEC3
:10C35000E06228460EF0DFFE206328460EF0E0FE85
:10C3600060634046FFF7F6FD164B196804F1380389
:10C3700001F10B020EF0D3FD012301A884F8433034
:10C380000EF0C4FD08B0BDE8F08106A80EF0BEFDB9
:10C3900011F013FA06A80EF0B9FD02A80FF0C4F9C7
:10C3A000F6E701A80EF0B2FD04A80FF0BDF9F4E71E
:10C3B00001A80EF0ABFD06A80FF0B6F9F4E7FAE716
:10C3C000F2E7EAE70C010020F8B506461548FBF74E
:10C3D000EDFF05463368DF6857F820307BB944200D
:10C3E00004F004F904460021FFF73CFD31462046E5
:10C3F000FFF74EFF2A4621463068FCF7A9F857F8A8
:10C400002500F8BD11F07BFA11F0FDFB11F0A0FA48
:10C4100011F0D3F911F073FA236820465B6898474E
:10C42000F2E700BF881C00202DE9F04188B00446E7
:10C4300008468846FFF7B4FE0146054606A80EF0FA
:10C4400081FE06A902A80FF077F906A80EF05EFD9E
:10C45000294606A80EF07DFE06A904A80FF06CF987
:10C4600006A80EF053FD294601A80EF079FE01A999
:10C4700006A80FF061F901A80EF048FD294601A8B1
:10C480000EF059FE019B53F80C6C304611F0FFFB87
:10C49000074601460023324601A8FDF789FAC4E9A0
:10C4A00002762EB197F90060002ED4BF0026012637
:10C4B000284626740EF039FE607428460EF038FEC9
:10C4C000059A039BE261049A63612262079A029BC8
:10C4D0006262069AA3610023A0742846A2620393B5
:10C4E000059307930EF043FEE06228460EF042FEED
:10C4F000206328460EF043FE60634046FFF72AFDA6
:10C50000164B196804F1380301F10B020EF007FD18
:10C51000012301A884F843300EF0F8FC08B0BDE810
:10C52000F08106A80EF0F2FC11F047F906A80EF013
:10C53000EDFC02A80FF012F9F6E701A80EF0E6FCF8
:10C5400004A80FF00BF9F4E701A80EF0DFFC06A831
:10C550000FF004F9F4E7FAE7F2E7EAE70C0100204C
:10C56000F8B506461548FBF721FF05463368DF6836
:10C5700057F820307BB9442004F038F804460021F5
:10C58000FFF78AFC31462046FFF74EFF2A46214638
:10C590003068FBF7DDFF57F82500F8BD11F0AFF963
:10C5A00011F031FB11F0D4F911F007F911F0A7F9EE
:10C5B000236820465B689847F2E700BF841C002090
:10C5C0002DE9F04F8FB0189F06A9059007F16C0474
:10C5D0009DF86480204681E80C00FFF7BBFC824692
:10C5E0002046FFF7BDFF1A9B04461D6890F83830BF
:10C5F0002A7855F80C1C9A421DD0026BC369D0F8FA
:10C6000020900992039329442B4699421E4606D94D
:10C6100030780133DAF81820125C5207F5D4761B13
:10C62000B346002E00F0EC80804B71000AA80A93FC
:10C630000CF035F809E0426B436AD0F82890099273
:10C6400003930029DFD00135DDE7E36AA6EB030A97
:10C65000BAF1000F27DD16EA230638BF5646E36815
:10C660004BB300210A9A73000AA8009152F80C2CCF
:10C67000FDF746FA0AA80BF0C7FFAB19A17C0A9890
:10C68000CDE90053D4E902230EF0C4FE82460AA885
:10C690000BF0BAFF0A994FF0FF320AA8AAEB01018A
:10C6A000FFF7EAFAB246E36A002B1EDD617C0AA8B6
:10C6B0000CF03BF805E0324629460AA8FDF73CFAA3
:10C6C000F0E7BAF1000F06DBE26A05EB0A010AA8FF
:10C6D000FDF778FA09E094F83920CAF100010AA8B8
:10C6E000FDF7AAFA5A462946F1E7FD680BA805F0BE
:10C6F000B00315F4007504930A9B18BFA56953F89D
:10C700000C3C4B441D44494B69000B930BF0C7FF95
:10C71000049BBE68102B11D1B5422CBF4FF0000B0B
:10C720004FF0010B4FF0000A09AB13F80A30042B4D
:10C730002CD8DFE803F0281D060F18004FF0000B7F
:10C74000F0E7FB689B0521D50BA8D4E90512FDF79E
:10C7500039FA1BE0B9F1000F18D0039B19780BA828
:10C760000BF0E3FF12E00AA90BA80BF0B3FF0DE0FA
:10C77000BBF1000F05D04246711B0BA8FDF75CFA18
:10C7800004E04146EBE7BBF1000FF4D10AF1010AE6
:10C79000BAF1040FC8D1B9F1010F06D9039909F113
:10C7A000FF320BA80131FDF70DFA0B9B53F80C3C3F
:10C7B0009E4209D9049AF31A202A0ED142461946FC
:10C7C0000BA8FDF739FA33460CAC06AA00932046B5
:10C7D0000B9B06CA0CF03EFC07E000220BA8CDF82C
:10C7E00000801146FDF78CF9EDE794E80300069010
:10C7F0000BA88DF81C100EF089FB0AA80EF086FB22
:10C800000023BB6006AB93E80300059B83E80300AD
:10C8100018460FB0BDE8F08F0BA80EF077FB0AA802
:10C820000EF074FB10F0C9FFF9E700BFF01B002009
:10C830002DE9F04F8FB0189F06A9059007F16C0401
:10C840009DF86480204681E80C00FFF783FB824658
:10C850002046FFF7B9FD1A9B04461D6890F8383052
:10C860002A7855F80C1C9A421DD0026BC369D0F887
:10C8700020900992039329442B4699421E4606D9DB
:10C8800030780133DAF81820125C5207F5D4761BA1
:10C89000B346002E00F0EC80804B71000AA80A938A
:10C8A0000BF0FDFE09E0426B436AD0F82890099234
:10C8B00003930029DFD00135DDE7E36AA6EB030A25
:10C8C000BAF1000F27DD16EA230638BF5646E368A3
:10C8D0004BB300210A9A73000AA8009152F80C2C5D
:10C8E000FDF70EF90AA80BF08FFEAB19A17C0A9890
:10C8F000CDE90053D4E902230EF08CFD82460AA84C
:10C900000BF082FE0A994FF0FF320AA8AAEB010150
:10C91000FFF7B2F9B246E36A002B1EDD617C0AA87C
:10C920000BF003FF05E0324629460AA8FDF704F99B
:10C93000F0E7BAF1000F06DBE26A05EB0A010AA88C
:10C94000FDF740F909E094F83920CAF100010AA87E
:10C95000FDF772F95A462946F1E7FD680BA805F084
:10C96000B00315F4007504930A9B18BFA56953F82A
:10C970000C3C4B441D44494B69000B930BF08FFE5C
:10C98000049BBE68102B11D1B5422CBF4FF0000B99
:10C990004FF0010B4FF0000A09AB13F80A30042BDB
:10C9A0002CD8DFE803F0281D060F18004FF0000B0D
:10C9B000F0E7FB689B0521D50BA8D4E90512FDF72C
:10C9C00001F91BE0B9F1000F18D0039B19780BA8EF
:10C9D0000BF0ABFE12E00AA90BA80BF07BFE0DE0FA
:10C9E000BBF1000F05D04246711B0BA8FDF724F9DF
:10C9F00004E04146EBE7BBF1000FF4D10AF1010A74
:10CA0000BAF1040FC8D1B9F1010F06D9039909F1A0
:10CA1000FF320BA80131FDF7D5F80B9B53F80C3C06
:10CA20009E4209D9049AF31A202A0ED14246194689
:10CA30000BA8FDF701F933460CAC06AA009320467B
:10CA40000B9B06CA0CF006FB07E000220BA8CDF8F2
:10CA500000801146FDF754F8EDE794E803000690D6
:10CA60000BA88DF81C100EF051FA0AA80EF04EFA21
:10CA70000023BB6006AB93E80300059B83E803003B
:10CA800018460FB0BDE8F08F0BA80EF03FFA0AA8C9
:10CA90000EF03CFA10F091FEF9E700BFF01B002009
:10CAA0002DE9F04F8DB00646894604AF07F1080521
:10CAB00007F1180097F850A085E80C0097F8483067
:10CAC0003B60FB6C03F16C01FBF728FC07F11800DD
:10CAD000FFF740FA90B078600DF11008FBF734FCD6
:10CAE000F8614022414607F11C00D7E91634CDE930
:10CAF000023400230093334BFDF73EFA3F280446EF
:10CB000019DD083400F1010B24F00704ADEB040D2E
:10CB10000DF11008FBF718FCF8615A46414607F181
:10CB20001C00D7E91634CDE9023400230093254BCD
:10CB3000FDF722FA044607F1140200212046FCF713
:10CB400089FFF86107F11C0044440BF05DFDFB69AF
:10CB50002246414678680EF0E2F93B6863B107F17E
:10CB60001C0349463046CDE901A3FB6C009395E8D0
:10CB70000C00FFF725FD17E007F11C03494630467E
:10CB8000CDE901A3FB6C009395E80C00FFF750FE84
:10CB90000AE007F11C000EF0B9F907F11800FBF7E5
:10CBA000E1FB10F00AFEF8E707F11C000EF0AEF909
:10CBB00007F11800FBF7D6FB30462437BD46BDE829
:10CBC000F08F00BFF13602002DE9F04FADB089467D
:10CBD000389D0EA90B9005F16C06DDF8E8A03C9C91
:10CBE000304681E80C00FFF717FB0890304600261E
:10CBF000FFF7B0F983463B98F4F724F910960A90B2
:10CC000036A90EA80CF0CFFCDDF84080002800F01B
:10CC100060840A9B9E4280F05C84B8F1000F00F0B3
:10CC20006D84399B399A1B6843F00403136000F04C
:10CC300058BC14AE08980CAF31460EF0D8FA1BA9B8
:10CC400008980EF0E4FA10ABCDE905530E23CDE9B8
:10CC5000036311AB0EAE029336AB93E803008DE88D
:10CC600003004946384696E80C000FF0BDFB109BC8
:10CC700097E8030086E80300002B3CD1119A0723B4
:10CC800092FBF3F3C3EBC303D21ACAF8182023783C
:10CC900043F00203DFE014AE08980CAF31460EF00B
:10CCA000C6FA20A908980EF0E1FA10ABCDE90553B9
:10CCB0001823CDE9036311AB0EAE029336AB93E8B4
:10CCC00003008DE803004946384696E80C000FF053
:10CCD0008BFB109B97E8030086E803005BB9119B70
:10CCE0000C2293FBF2F102FB1133CAF810302388B7
:10CCF00043F481632380099E013681E712A90898D5
:10CD00000EF069FA0CAF129B0694059310ABCDF8A8
:10CD100010A00EAECDE9025336AB93E803008DE8C8
:10CD200003004946384696E80C00FFF74DFF109B7C
:10CD300097E8030086E80300002BDCD1637843F01A
:10CD4000040376E110AB02260CAFCDE90653632352
:10CD5000CDE9043600230EAE039311AB029336AB3C
:10CD600093E803008DE803004946384696E80C0036
:10CD70000FF0F4FA109B97E8030086E80300002BFD
:10CD8000B9D1119B6360238843F49063B2E73046C6
:10CD90000CF0E8FBDBF81830C0B21B5C180702D5BA
:10CDA00030460EF02AF810AB02210CAF0EAECDE9E2
:10CDB00006531F23CDE904310123039311AB0293E2
:10CDC00036AB93E803008DE803004946384696E801
:10CDD0000C000FF0C3FA109B97E8030086E80300ED
:10CDE000002B88D1119BCAF80C30238843F482634E
:10CDF00080E714AEB84A58460CAF3346A2F1090199
:10CE00000EF08DF8CDE9056480E710AB02220CAF7F
:10CE10000EAECDE906531723CDE904320023039368
:10CE200011AB029336AB93E803008DE8030049464B
:10CE3000384696E80C000FF091FA109A97E8030034
:10CE400086E80300002A7FF456AF119BCAF8083029
:10CE5000237862F3000323704DE710AB0C270DF12C
:10CE600030080EAECDE906530223CDE90473012349
:10CE7000039311AB029336AB93E803008DE80300F4
:10CE80004946404696E80C000FF068FA109B98E877
:10CE9000030086E80300002B7FF42DAF119B93FB6A
:10CEA000F7F207FB1233CAF80830237843F0010386
:10CEB000D1E710AB4FF003080CAF0EAECDE906532F
:10CEC0004FF4B773CDE904380123039311AB0293F8
:10CED00036AB93E803008DE803004946384696E8F0
:10CEE0000C000FF03BFA109B97E8030086E8030064
:10CEF000002B7FF400AF119B013BCAF81C30237854
:10CF000043F00403A7E710AB4FF0020E0CAF0EAED8
:10CF1000CDE906530C23CDE9043E0123039311AB65
:10CF2000029336AB93E803008DE803004946384688
:10CF300096E80C000FF012FA109B97E8030086E8C1
:10CF40000300002B7FF4D7AE119B013BCAF81030D1
:10CF5000237843F008037EE710AB4FF0020C0CAFD0
:10CF60000EAECDE906533B23CDE9043C00230393E9
:10CF700011AB029336AB93E803008DE803004946FA
:10CF8000384696E80C000FF0E9F9109B97E803008B
:10CF900086E80300002B7FF4AEAE119BCAF8043084
:10CFA000A9E636A90EA80CF0FEFA00283FF4A3AEBD
:10CFB0000EA80CF0D7FADBF81830C0B21B5C1E07C5
:10CFC0007FF599AE0EA80DF018FFEAE714AE0898A9
:10CFD00031460EF006F9149B1B78002B3FF48BAE04
:10CFE000159B1B78002B3FF486AE10AB0CAFCDE940
:10CFF00005530223CDE9036311AB0EAE029336ABAA
:10D0000093E803008DE803004946384696E80C0093
:10D010000FF0EAF9109B97E8030086E80300002B65
:10D020007FF469AE119B002B3FF465AE637843F04B
:10D03000010363705FE6089B0CAF06949B689B6AD4
:10D04000059309E014AE254A3346911F0CAF5846AC
:10D050000DF065FFCDE9056410ABCDF810A00EAE64
:10D06000CDE9025336AB93E803008DE8030049464F
:10D07000384696E80C00FFF7A7FD97E8030086E81E
:10D08000030038E610AB02200CAF0EAECDE906531C
:10D090003C23CDE904300023039311AB029336AB5C
:10D0A00093E803008DE803004946384696E80C00F3
:10D0B0000FF054F9109B97E8030086E80300002B5B
:10D0C0007FF419AE119BCAF8003014E614AE044A7E
:10D0D0003346A2F10901B9E7003702000637020022
:10D0E0000F37020010AB02210CAF0EAECDE9065394
:10D0F0003523CDE904310023039311AB029336AB02
:10D1000093E803008DE803004946384696E80C0092
:10D110000FF024F9109B97E8030086E80300002B2A
:10D120007FF4E9AD119B22681B0422F47C1203F406
:10D130007C1322F0200243F0200313432360DAE53E
:10D1400010AB01220CAF0EAECDE906530623CDE99C
:10D1500004320023039311AB029336AB93E8030030
:10D160008DE803004946384696E80C000FF0F6F8C3
:10D17000109B97E8030086E80300002B7FF4BBAD0B
:10D18000119BCAF8183082E510AB4FF002080CAFC3
:10D190000EAECDE906533523CDE9043800230393C1
:10D1A00011AB029336AB93E803008DE803004946C8
:10D1B000384696E80C000FF0D1F8109B97E8030072
:10D1C00086E80300002B7FF496AD119B22681B04B8
:10D1D00022F47C1203F47C1322F0400243F040035B
:10D1E000ABE714A908980DF0EAFF0CAF149B069466
:10D1F00026E714A908980DF0E8FFF6E710AB4FF00A
:10D20000020E0CAF0EAECDE906536323CDE9043E0A
:10D210000023039311AB029336AB93E803008DE830
:10D2200003004946384696E80C000FF097F8109B2B
:10D2300097E8030086E80300002B7FF45CAD637879
:10D2400036A9304623F0060343F0060363700CF062
:10D25000AAF900283BD030460CF084F92A22C1B24A
:10D2600058460BF050FDA0F130085FFA88F3092B07
:10D270002DD830460A270DF0C0FD119B36A9304647
:10D2800007FB038311930CF08EF9A0B130460CF02C
:10D2900069F92A22C1B258460BF035FDA0F13008D9
:10D2A0005FFA88F3092B06D830460DF0A6FD119BD6
:10D2B00007FB03831193119BA3F26C7311936378A3
:10D2C0006FF341036370119BCAF8143013E5119B8F
:10D2D000442BDCBF64331193F5E710AB4FF0040C23
:10D2E0000CAF0EAECDE9065342F20F73CDE9043C0C
:10D2F0000023039311AB029336AB93E803008DE850
:10D3000003004946384696E80C000FF027F8109BBA
:10D3100097E8030086E80300002B7FF4ECAC119B38
:10D32000A3F26C73CAF81430637823F0060306E5A1
:10D3300030460CF017F9DBF81830C0B21B5CDF0781
:10D3400040F1828010AB0CAFCDE905530E2304935E
:10D35000694B039314AB029336AB93E803008DE85B
:10D3600003004946384696E80C000FF03DF897E870
:10D37000030086E8030036A930460CF014F90028B3
:10D380003FF4B9AC109B149A13437FF4B4AC30460D
:10D390000CF0E8F807462D215846FFB20BF0A2FC2E
:10D3A000B84235D11723022110AF00220CAE0DF187
:10D3B00038080392CDE9043114A9029136A9CDE9C8
:10D3C000065703C98DE803004946304698E80C002B
:10D3D0000EF0C4FF3B23002296E8030088E8030018
:10D3E00002200392CDE9043014AB029336ABCDE9B1
:10D3F000065793E803008DE803004946304698E855
:10D400000C000EF0ABFF96E8030088E8030072E41E
:10D4100030460CF0A7F806462B215846F6B20BF022
:10D4200061FCB0427FF467ACBCE730460CF09AF880
:10D43000074625215846FFB20BF054FCB84203D1F1
:10D4400030460DF0DAFC56E4109B43F004031093D1
:10D4500051E43B9B995DDBF818305B5C1A0714D5EF
:10D4600036A90EA80CF09FF800283FF445AC0EA892
:10D470000CF078F8DBF81830C0B21B5C1B077FF5A6
:10D480003BAC0EA80DF0B9FCEAE758460BF027FCC0
:10D4900080460EA80CF066F8C1B258460BF01FFC8F
:10D4A000804512D0397858460BF016FC07460EA876
:10D4B0000CF058F8C1B258460BF00EFC874204D06D
:10D4C000109B43F00403109316E40EA80DF095FC96
:10D4D00012E4B8F1000F7FF4A4AB0A9B9E427FF4E4
:10D4E000A0AB0EAB93E803000B9B83E80300184648
:10D4F0002DB0BDE8F08F00BF100100203B9B4246DD
:10D500005846995D9F190BF0FEFB2528A1D1731C8D
:10D51000711C4246584609933B9B595C0BF0F3FB48
:10D520004528CDF8448001D04F2808D1B31C0022F3
:10D530005846099309993B9B595C0BF0E4FB25384D
:10D540000EAE542880D801A353F820F02BD400004D
:10D5500049D4000049D4000049D4000049D4000057
:10D5600049D4000049D4000049D4000049D4000047
:10D5700049D4000049D4000049D4000049D4000037
:10D5800049D4000049D4000049D4000049D4000027
:10D5900049D4000049D4000049D4000049D4000017
:10D5A00049D4000049D4000049D4000049D4000007
:10D5B00049D4000049D4000049D4000033CC000015
:10D5C00097CC000045CD0000F3CD000049D4000009
:10D5D00049D4000049D400000BCE00005BCE00000F
:10D5E00049D4000049D4000049D4000059CF0000BC
:10D5F00049D4000049D4000049D4000049D40000B7
:10D6000045D0000085D00000CDD00000E5D000005E
:10D6100049D4000089D10000F3D10000DBD2000022
:10D6200031D3000049D4000049D4000049D400009F
:10D6300049D4000049D4000049D4000033CC000094
:10D6400097CC0000FDCC00008FCD00008FCD0000F6
:10D6500049D4000049D4000097CC000049D4000010
:10D66000B3CE000049D4000049D4000007CF000029
:10D67000A3CF000049D40000CDCF000049D4000062
:10D6800037D0000049D40000A3CF000049D40000E7
:10D6900049D4000041D10000E3D10000FDD10000D9
:10D6A0002DE9F04F89B0029004AF1498DDF858B01E
:10D6B0006C3087E80C00FEF743FD0023044612A9F6
:10D6C00038468DF81B300BF05CFF054608B34FF071
:10D6D0000008237C01254646A14A0792002B40F012
:10D6E000818094F864A0BAF1000F00F0FD8004F18D
:10D6F0004E030193002D00F0FC80079B53F80C3C77
:10D70000002B00F093805FFA88F107A80BF00DF86A
:10D71000B8E138460BF026FF94F84B10C0B2237CDA
:10D7200081428DF81B002ED193BB94F824308B429C
:10D730004FD10026237C4FF0FF39B0469DF81B20C7
:10D740001BB194F825109142C6D094F82410914250
:10D75000C2D094F84E109142BED11EB93021584625
:10D760000AF0E3FF049808F101080DF01CFB12A970
:10D770003846CDF814900BF016FF064658BB01252D
:10D78000237C2E46A8E794F84A208242D1D11BB1CF
:10D7900094F825308342CCD094F824308342C8D00A
:10D7A000814214BF2D212B2158460AF0BEFF049858
:10D7B0000DF0F9FA4FF0FF3312A9384605930BF03C
:10D7C000F2FE002883D038460BF0CCFE8DF81B000B
:10D7D000AFE72B21E8E738460BF0C4FE237C8DF839
:10D7E0001B00ABE7202107A80AF059FF79E755464F
:10D7F00056469DF81B10A1F13003092B03D858465B
:10D800000AF093FF59E094F824308B421AD1B9F111
:10D81000000F17D125B92E2158460AF086FF4FE098
:10D82000079B53F80C3C002B40F02C81029B97E89F
:10D83000030083E8030007A80DF068FB029809B015
:10D84000BDE8F08F94F85C308B4204D094F86230DD
:10D850008B4240F00B81002D40F00881002E00F03B
:10D860000581652158460AF060FF04980DF09BFA87
:10D870004FF0FF3312A9384605930BF094FE824611
:10D88000002800F0F28038460BF06CFEC0B294F82D
:10D890004B3083428DF81B0008D094F84A30834205
:10D8A000A5D12D2158460AF040FF01E02B21F9E7D0
:10D8B000554604980DF077FA06E04FF0010AF8E7B4
:10D8C000B2464FF00109F4E74FF0FF3312A9384692
:10D8D00005930BF068FE002800F0C88038460BF076
:10D8E00041FE8DF81B0083E7002D7FF406AFA946AB
:10D8F0007FE7A94672E05846FCF7D4F8FDE694F8B5
:10D9000024209A4214D1079B53F80C3CB9F1000F24
:10D9100040F0AC80002D40F0A98023B15FFA88F17F
:10D9200007A80AF002FF2E2158460AF0FEFE8AE000
:10D930000DF11B020A21019803930AF092FD039B4B
:10D9400080B1019BC01A00F130015846C9B20AF0FB
:10D95000ECFE08F10108564604980DF024FA74E034
:10D96000F01B002094F85C209A4203D094F86220C7
:10D970009A427BD1079B53F80C3C002D76D1002EA8
:10D9800074D03BB1B9F1000F04D15FFA88F107A858
:10D990000AF0CBFE652158460AF0C7FE04980DF048
:10D9A00002FA4FF0FF3312A904A805930BF0FBFD18
:10D9B0000546002859D004A80BF0D4FDC0B294F855
:10D9C0004B10237C81428DF81B001FD11BBB94F8A8
:10D9D00024308B422FD12B462E461D46227C9DF8AB
:10D9E0001B30002A8BD094F825209A4287D1B9F1B8
:10D9F000000F3BD1002D39D1B8F1000F3FF47BAFC0
:10DA00005FFA88F107A80AF090FE18E094F84A201F
:10DA10008242E0D11BB194F825308342DBD094F8E8
:10DA200024308342D7D0814214BF2D212B21584668
:10DA30000AF07BFE01E02B21F9E72E468CE74FF040
:10DA40000009C84688E7D14686E74FF0FF3312A9A0
:10DA500004A805930BF0A7FD40B104A80BF082FDCC
:10DA60002B468DF81B003546B6E73546079B53F825
:10DA70000C3C002B3FF4DAAEB9F1000F02D1002DBF
:10DA80003FF441AE07AAD4E9020110F09AFC002845
:10DA90007FF4CCAE159B04221A60C7E607A80DF0F0
:10DAA00035FA0FF08AFE00BF2DE9F0438DB0054630
:10DAB0008946202108AC0AAE179F304684E80C0046
:10DAC0001E4B0A930AF0EBFD169B0DF1180802930A
:10DAD00014ABCDE9037693E803008DE803004946D3
:10DAE000404694E80C00FFF7DBFD98E80300DDF802
:10DAF000288084E80300FAF727FC18990BAB0B90F9
:10DB00003A46404602F0C2FD14A920460BF039FD0A
:10DB100018B13B6843F002033B6094E8030085E8DA
:10DB2000030030460DF0F2F928460DB0BDE8F08351
:10DB300030460DF0EBF90FF040FE00BFF01B002067
:10DB40002DE9F0438DB005468946202108AC0AAE88
:10DB5000179F304684E80C001E4B0A930AF09FFD85
:10DB6000169B0DF11808029314ABCDE9037693E8E8
:10DB700003008DE803004946404694E80C00FFF797
:10DB80008FFD98E80300DDF8288084E80300FAF7A9
:10DB9000DBFB18990BAB0B903A46404602F0B0FD08
:10DBA00014A920460BF0EDFC18B13B6843F00203CA
:10DBB0003B6094E8030085E8030030460DF0A6F9C9
:10DBC00028460DB0BDE8F08330460DF09FF90FF008
:10DBD000F4FD00BFF01B00202DE9F0438DB0054699
:10DBE0008946202108AC0AAE179F304684E80C0015
:10DBF0001E4B0A930AF053FD169B0DF11808029371
:10DC000014ABCDE9037693E803008DE803004946A1
:10DC1000404694E80C00FFF743FD98E80300DDF868
:10DC2000288084E80300FAF78FFB18990BAB0B9060
:10DC30003A46404602F0AAFD14A920460BF0A1FC8A
:10DC400018B13B6843F002033B6094E8030085E8A9
:10DC5000030030460DF05AF928460DB0BDE8F083B8
:10DC600030460DF053F90FF0A8FD00BFF01B002067
:10DC70002DE9F04F8DB0189C08AD079004F16C00B1
:10DC800085E80C00FEF75CFAE4680023064604F021
:10DC90004A048DF82B30402C59D0082C0CBF4FF083
:10DCA000100A4FF00A0A16A928460BF06AFC8146B2
:10DCB000002840F0918028460BF054FC96F84A204A
:10DCC000C0B2337C82428DF82B0003D096F84B1003
:10DCD000814256D1111A4A424A410292002B39D050
:10DCE00096F82530834235D1337C00274FF0FF3B37
:10DCF000B8469DF82B201BB196F8253093426FD083
:10DD000096F8243093426BD096F84E30934243D12C
:10DD1000002F39D0BAF10A0F40D1002C4ED008F1B3
:10DD2000010808980DF03FF816A92846CDF824B050
:10DD30000BF039FC002800F08D8028460BF012FC17
:10DD40008DF82B00002F00F08880337CD1E74FF056
:10DD5000080AA8E796F824308342C5D008980DF049
:10DD600022F84FF0FF3316A9284609930BF01BFC4D
:10DD70000746002868D028460BF0F4FB8DF82B00EE
:10DD8000B2E7CDF80890B0E7E4B1BAF1080F1CD0C3
:10DD900008F101080127C4E7002F5ED096F84C3047
:10DDA000934203D096F84D30934251D17CB1BAF1F1
:10DDB000100F54D14FF000084746B2E7A0464FF08D
:10DDC000080AAEE7A0460127F9E7B846E2E7A04611
:10DDD00027464FF0100AA4E7002398461F460293F7
:10DDE000BAF1100F14BF534616230493824B0B93C2
:10DDF000337C002B37D1029B03F10043013B01939D
:10DE0000B3FBFAF3059396F864300393002B5AD0D2
:10DE100006F14E030693B9F1000F40F09180CB4616
:10DE20004D46347C9DF82B30002C52D096F825209E
:10DE30009A424ED1B8F1000F00F088805FFA88F165
:10DE40000BA80AF072FC66E04FF001098046C7E7B4
:10DE50000127C5E74FF00109C2E7B946C0E701272E
:10DE6000CDF810A0C2E720210BA80AF018FCC2E7E9
:10DE70004FF0010B23E04FF0FF3316A908A80993D8
:10DE80000BF091FB044600285ED008A80BF06AFB5B
:10DE90008DF82B009DF82B1004980CF08EFF431C7E
:10DEA00050D0059BAB42E3D3019B05FB0AF508F17B
:10DEB00001081B1AAB4238BF4BF0010B0544089810
:10DEC0000CF071FFD7E7B9F1000F49D1CB464D46B1
:10DED000E0E796F824209A4234D00DF12B02049901
:10DEE00006980AF0BEFA68B3069BC01A059B0F2875
:10DEF000C8BF0638AB4211D3019B05FB0AF508F1F8
:10DF000001081B1AAB4238BF4BF0010B05440898BF
:10DF10000CF049FF05E04FF00008F8E7DDF80CB021
:10DF2000F5E74FF0FF3316A908A809930BF03BFB68
:10DF30000446D0B108A80BF015FB8DF82B0070E754
:10DF40000025AB46002401E04FF001090B9B53F87C
:10DF50000C3CB3B15FFA88F10BA80AF0E6FB07E0CE
:10DF6000DDF80CB05C465D46F0E7DDF80C90EDE7BF
:10DF70000BAAD6E9020110F024FA10B90423199A69
:10DF80001360B8F1000F04D11FB90B9B53F80C3C80
:10DF90004BB144B9BBF1000F20D1029B03B16D42DC
:10DFA0001A9B1D6005E000231A9A13600423199A36
:10DFB0001360B9F1000F05D0199B199A1B6843F043
:10DFC00002031360079BDDE9080183E803000BA847
:10DFD0000CF09CFF07980DB0BDE8F08F029B002B62
:10DFE0000CBF6FF000434FF00043DDE70BA80CF0CF
:10DFF0008DFF0FF0E2FB00BFF01B00202DE9F04F7A
:10E000008BB0169C06AD059004F16C0085E80C0001
:10E01000FEF796F8E4680023064604F04A048DF8FB
:10E020002330402C59D0082C0CBF4FF0100A4FF071
:10E030000A0A14A928460BF0A4FA8146002840F0E9
:10E04000918028460BF08EFA96F84A20C0B2337CB5
:10E0500082428DF8230003D096F84B10814256D1AE
:10E06000111A4A424A410192002B39D096F82530C4
:10E07000834235D1337C00274FF0FF3BB8469DF8F3
:10E0800023201BB196F8253093426FD096F82430A8
:10E0900093426BD096F84E30934243D1002F39D043
:10E0A000BAF10A0F40D1002C4ED008F101080698B1
:10E0B0000CF079FE14A92846CDF81CB00BF073FAC9
:10E0C000002800F0898028460BF04CFA8DF82300D8
:10E0D000002F00F08480337CD1E74FF0080AA8E7D6
:10E0E00096F824308342C5D006980CF05CFE4FF0C1
:10E0F000FF3314A9284607930BF055FA074600286A
:10E1000064D028460BF02EFA8DF82300B2E7CDF844
:10E110000490B0E7E4B1BAF1080F1CD008F101088F
:10E120000127C4E7002F5AD096F84C30934203D011
:10E1300096F84D3093424DD17CB1BAF1100F50D1C9
:10E140004FF000084746B2E7A0464FF0080AAEE796
:10E15000A0460127F9E7B846E2E7A04627464FF078
:10E16000100AA4E7002398461F460193BAF1100F46
:10E1700014BF534616230293814B0993337CA3BBF0
:10E180004FF6FF73B3FBFAF3039396F864300093F2
:10E19000002B5DD006F14E030493B9F1000F40F05F
:10E1A0009780CB464C46357C9DF82330002D55D0CA
:10E1B00096F825209A4251D1B8F1000F00F08E80D8
:10E1C0005FFA88F109A80AF0B0FA6CE04FF0010993
:10E1D0008046CBE70127C9E74FF00109C6E7B946FA
:10E1E000C4E70127CDF808A0C6E7202109A80AF056
:10E1F00056FAC5E74FF0010B26E04FF0FF3314A9A4
:10E2000006A807930BF0CFF90546002864D006A8AE
:10E210000BF0A8F98DF823009DF8231002980CF05C
:10E22000CCFD431C56D0039BA342E3D30AFB04F46A
:10E23000C0F57F4308F10108A4B2FF339C42C8BF78
:10E240004BF0010B0444A4B206980CF0ACFDD4E7EB
:10E25000B9F1000F4CD1CB464C46DDE796F82420AF
:10E260009A4237D00DF12302029904980AF0F9F886
:10E2700080B3049BC01A039B0F28C8BF0638A34273
:10E2800014D30AFB04F4C0F57F4308F10108A4B2DB
:10E29000FF339C42C8BF4BF0010B0444A4B2069864
:10E2A0000CF081FD05E04FF00008F8E7DDF800B064
:10E2B000F5E74FF0FF3314A906A807930BF073F9A5
:10E2C0000546D0B106A80BF04DF98DF823006AE79A
:10E2D0000024A346002501E04FF00109099B53F8F3
:10E2E0000C3CB3B15FFA88F109A80AF01EFA07E006
:10E2F000DDF800B05D465C46F0E7DDF80090EDE744
:10E3000009AAD6E9020110F05CF810B90423179AA3
:10E310001360B8F1000F04D11FB9099B53F80C3CEE
:10E3200053B14DB9BBF1000F21D1019B0BB1644238
:10E33000A4B2189B1C8005E00023189A13800423C4
:10E34000179A1360B9F1000F05D0179B179A1B6835
:10E3500043F002031360059BDDE9060183E8030037
:10E3600009A80CF0D3FD05980BB0BDE8F08F4FF66F
:10E37000FF73E2E709A80CF0C9FD0FF01EFA00BF19
:10E38000F01B00202DE9F04F8BB0169C0DF1180802
:10E39000059004F16C0088E80C00FDF7D1FEE468FC
:10E3A0000023054604F04A048DF82330402C57D052
:10E3B000082C0CBF4FF0100A4FF00A0A14A940466F
:10E3C0000BF0DFF88146002840F08D8040460BF0CE
:10E3D000C9F895F84A20C0B22B7C82428DF8230000
:10E3E00003D095F84B10814254D1111A4A424A4148
:10E3F0000192002B37D095F82530834233D12B7C06
:10E4000000264FF0FF3B37469DF823201BB195F8BF
:10E41000253093426BD095F82430934267D095F81D
:10E420004E30934240D1002E37D0BAF10A0F3DD181
:10E43000002C4AD0013706980CF0B5FC14A94046D0
:10E44000CDF81CB00BF0AFF8002800F084804046F7
:10E450000BF088F88DF82300002E7FD02B7CD3E7BB
:10E460004FF0080AAAE795F824308342C7D00698EF
:10E470000CF099FC4FF0FF3314A9404607930BF0C2
:10E4800092F80646002860D040460BF06BF88DF8F5
:10E490002300B4E7CDF80490B2E7D4B1BAF1080F85
:10E4A0001AD001370126C6E7002E57D095F84C3018
:10E4B000934203D095F84D3093424AD174B1BAF1EA
:10E4C000100F4DD100273E46B5E727464FF0080A0A
:10E4D000B1E727460126F9E73746E3E72746264610
:10E4E0004FF0100AA7E700231F461E460193BAF11A
:10E4F000100F14BF5346162302937A4B09932B7CBB
:10E5000093BB4FF0FF33B3FBFAF3039395F86430FA
:10E510000093002B56D005F14E030493B9F1000F80
:10E5200040F08A80CB46C8462C7C9DF82330002CD6
:10E530004ED095F825209A424AD1002F00F08380D2
:10E54000F9B209A80AF0F1F862E04FF001090746B4
:10E55000CDE70126CBE74FF00109C8E7B146C6E792
:10E560000126CDF808A0C8E7202109A80AF097F8ED
:10E57000C7E74FF0010B21E04FF0FF3314A906A8C5
:10E5800007930BF010F8044600285AD006A80AF0AA
:10E59000E9FF8DF823009DF8231002980CF00DFC84
:10E5A000431C4CD0039B4345E3D308FB0AF80137D7
:10E5B00010EB080028BF4BF0010B804606980CF0CA
:10E5C000F2FBD9E7B9F1000F46D1CB46C846E2E7E6
:10E5D00095F824209A4232D00DF123020299049832
:10E5E00009F03FFF58B3049BC01A039B0F28C8BF14
:10E5F000063843450ED308FB0AF8013710EB080034
:10E6000028BF4BF0010B804606980CF0CCFB04E0D1
:10E610000027F9E7DDF800B0F6E74FF0FF3314A963
:10E6200006A807930AF0BFFF0446D0B106A80AF077
:10E6300099FF8DF8230077E74FF00008C3460024C8
:10E6400001E04FF00109099B53F80C3CABB1F9B262
:10E6500009A80AF06AF807E0DDF800B05C46D84681
:10E66000F1E7DDF80090EEE709AAD5E902010FF025
:10E67000A8FE10B90423179A136027B91EB9099B85
:10E6800053F80C3C5BB154B9BBF1000F22D1019B94
:10E690000BB1C8F10008189BC3F8008005E0002307
:10E6A000189A13600423179A1360B9F1000F05D06C
:10E6B000179B179A1B6843F002031360059BDDE963
:10E6C000060183E8030009A80CF020FC05980BB0B4
:10E6D000BDE8F08F4FF0FF33E2E709A80CF016FC1D
:10E6E0000FF06BF8F01B00202DE9F04F8BB0169C5B
:10E6F0000DF11808059004F16C0088E80C00FDF796
:10E700001FFDE4680023054604F04A048DF8233019
:10E71000402C57D0082C0CBF4FF0100A4FF00A0ABB
:10E7200014A940460AF02DFF8146002840F08D8054
:10E7300040460AF017FF95F84A20C0B22B7C82426F
:10E740008DF8230003D095F84B10814254D1111A53
:10E750004A424A410192002B37D095F82530834236
:10E7600033D12B7C00264FF0FF3B37469DF823200A
:10E770001BB195F8253093426BD095F82430934225
:10E7800067D095F84E30934240D1002E37D0BAF181
:10E790000A0F3DD1002C4AD0013706980CF003FB3C
:10E7A00014A94046CDF81CB00AF0FDFE002800F088
:10E7B000848040460AF0D6FE8DF82300002E7FD0DC
:10E7C0002B7CD3E74FF0080AAAE795F82430834260
:10E7D000C7D006980CF0E7FA4FF0FF3314A9404673
:10E7E00007930AF0E0FE0646002860D040460AF093
:10E7F000B9FE8DF82300B4E7CDF80490B2E7D4B1A8
:10E80000BAF1080F1AD001370126C6E7002E57D0FB
:10E8100095F84C30934203D095F84D3093424AD14D
:10E8200074B1BAF1100F4DD100273E46B5E7274627
:10E830004FF0080AB1E727460126F9E73746E3E734
:10E84000274626464FF0100AA7E700231F461E461C
:10E850000193BAF1100F14BF5346162302937A4B5B
:10E8600009932B7C93BB4FF0FF33B3FBFAF3039375
:10E8700095F864300093002B56D005F14E030493B5
:10E88000B9F1000F40F08A80CB46C8462C7C9DF839
:10E890002330002C4ED095F825209A424AD1002FE3
:10E8A00000F08380F9B209A809F03FFF62E04FF061
:10E8B00001090746CDE70126CBE74FF00109C8E77C
:10E8C000B146C6E70126CDF808A0C8E7202109A86F
:10E8D00009F0E5FEC7E74FF0010B21E04FF0FF33F1
:10E8E00014A906A807930AF05EFE044600285AD031
:10E8F00006A80AF037FE8DF823009DF82310029831
:10E900000CF05BFA431C4CD0039B4345E3D308FB5C
:10E910000AF8013710EB080028BF4BF0010B8046C6
:10E9200006980CF040FAD9E7B9F1000F46D1CB4672
:10E93000C846E2E795F824209A4232D00DF123022E
:10E940000299049809F08DFD58B3049BC01A039BEB
:10E950000F28C8BF063843450ED308FB0AF8013715
:10E9600010EB080028BF4BF0010B804606980CF016
:10E970001AFA04E00027F9E7DDF800B0F6E74FF0F7
:10E98000FF3314A906A807930AF00DFE0446D0B180
:10E9900006A80AF0E7FD8DF8230077E74FF000089E
:10E9A000C346002401E04FF00109099B53F80C3CD9
:10E9B000ABB1F9B209A809F0B8FE07E0DDF800B084
:10E9C0005C46D846F1E7DDF80090EEE709AAD5E904
:10E9D00002010FF0F6FC10B90423179A136027B94F
:10E9E0001EB9099B53F80C3C5BB154B9BBF1000F45
:10E9F00022D1019B0BB1C8F10008189BC3F800801D
:10EA000005E00023189A13600423179A1360B9F1E4
:10EA1000000F05D0179B179A1B6843F00203136081
:10EA2000059BDDE9060183E8030009A80CF06EFAF6
:10EA300005980BB0BDE8F08F4FF0FF33E2E709A86F
:10EA40000CF064FA0EF0B9FEF01B00202DE9F04F37
:10EA50008FB01A9C0AAD079004F16C0085E80C0099
:10EA6000FDF76EFBE4680023064604F04A048DF8C7
:10EA70003330402C59D0082C0CBF4FF0100A4FF007
:10EA80000A0A18A928460AF07CFD8146002840F0B1
:10EA9000918028460AF066FD96F84A20C0B2337C81
:10EAA00082428DF8330003D096F84B10814256D144
:10EAB000111A4A424A410192002B39D096F825306A
:10EAC000834235D1337C00274FF0FF3BB8469DF899
:10EAD00033201BB196F8253093426FD096F824303E
:10EAE00093426BD096F84E30934243D1002F39D0E9
:10EAF000BAF10A0F40D1002C4ED008F101080A9853
:10EB00000CF051F918A92846CDF82CB00AF04BFDAD
:10EB1000002800F0988028460AF024FD8DF8330084
:10EB2000002F00F09380337CD1E74FF0080AA8E76C
:10EB300096F824308342C5D00A980CF034F94FF08F
:10EB4000FF3318A928460B930AF02DFD074600282D
:10EB500073D028460AF006FD8DF83300B2E7CDF8F1
:10EB60000490B0E7E4B1BAF1080F1CD008F1010835
:10EB70000127C4E7002F69D096F84C30934203D0A8
:10EB800096F84D3093425CD17CB1BAF1100F5FD151
:10EB90004FF000084746B2E7A0464FF0080AAEE73C
:10EBA000A0460127F9E7B846E2E7A04627464FF01E
:10EBB000100AA4E7002398461F460193BAF1100FEC
:10EBC00014BF5346162304939C4B0D93337C002BA8
:10EBD00042D1019B5246013B0593019B059803F1ED
:10EBE0000043013B02934FEAEA730299F1F7B0FB4D
:10EBF00096F86430CDE908010393002B68D006F144
:10EC00004E030693B9F1000F40F0AE80CB464D465F
:10EC1000CDF80090347C9DF83330002C60D096F80D
:10EC200025209A425CD1B8F1000F00F0A4805FFA71
:10EC300088F10DA809F079FD81E04FF001098046C7
:10EC4000BCE70127BAE74FF00109B7E7B946B5E7D6
:10EC50000127CDF810A0B7E720210DA809F01FFD6E
:10EC6000B7E74FF0010B2FE04FF0FF3318A90AA8C8
:10EC70000B930AF098FC044600287AD00AA80AF000
:10EC800071FC8DF833009DF8331004980CF095F862
:10EC9000431C6CD0089B009AAB42099B9341E0D384
:10ECA000AAFB055308F101080AFB0233059A111A61
:10ECB000029A62EBE072A9429A4138BF4BF0010B15
:10ECC000451943EBE07300930A980CF06CF8CBE71E
:10ECD000B9F1000F59D1CB464D46CDF80090D2E79F
:10ECE00096F824209A4242D00DF1330204990698F6
:10ECF00009F0B7FB00283AD0069B009AC01A089B7F
:10ED00000F28C8BF0638AB42099B93411AD3AAFB10
:10ED1000055308F101080AFB0233059A111A029AF9
:10ED200062EBE072A9429A4138BF4BF0010B4519E2
:10ED300043EBE07300930A980CF035F805E04FF0D0
:10ED40000008F8E7DDF80CB0F5E74FF0FF3318A93D
:10ED50000AA80B930AF027FC0446E8B10AA80AF0B7
:10ED600001FC8DF8330055E70025AB4600950024E3
:10ED700001E04FF001090D9B53F80C3CC3B15FFA61
:10ED800088F10DA809F0D1FC09E0DDF80CB05C4673
:10ED90005D46CDF800B0EEE7DDF80C90EBE70DAA8C
:10EDA000D6E902010FF00DFB10B904231B9A136082
:10EDB000B8F1000F04D11FB90D9B53F80C3C7BB187
:10EDC00074B9BBF1000F28D1019B23B1009B6D42A8
:10EDD00063EB430300931C9B009A1D605A6007E09D
:10EDE000002200231C99C1E9002304231B9A13600D
:10EDF000B9F1000F05D01B9B1B9A1B6843F002035F
:10EE00001360079BDDE90A0183E803000DA80CF0FD
:10EE10007DF807980FB0BDE8F08F019B1BB1002271
:10EE20004FF00043DEE74FF0FF326FF00043D9E7C9
:10EE30000DA80CF06BF80EF0C0FC00BFF01B00201A
:10EE40002DE9F04F8DB0189C08AD059004F16C00D1
:10EE500085E80C00FDF774F9E4680023064604F029
:10EE60004A048DF82B30402C59D0082C0CBF4FF0A1
:10EE7000100B4FF00A0B16A928460AF082FB8246B7
:10EE8000002840F0918028460AF06CFB96F84A2052
:10EE9000C0B2337C82428DF82B0003D096F84B1021
:10EEA000814256D1111A4A424A410292002B39D06E
:10EEB00096F82530834235D1337C00274FF0FF3957
:10EEC000B8469DF82B201BB196F8253093426FD0A1
:10EED00096F8243093426BD096F84E30934243D14B
:10EEE000002F39D0BBF10A0F40D1002C4ED008F1D1
:10EEF000010808980BF057FF16A92846CDF8249072
:10EF00000AF051FB002800F0928028460AF02AFB04
:10EF10008DF82B00002F00F08D80337CD1E74FF06F
:10EF2000080BA8E796F824308342C5D008980BF068
:10EF30003AFF4FF0FF3316A9284609930AF033FB36
:10EF4000074600286DD028460AF00CFB8DF82B00F0
:10EF5000B2E7CDF808A0B0E7E4B1BBF1080F1CD0D0
:10EF600008F101080127C4E7002F63D096F84C3060
:10EF7000934203D096F84D30934256D17CB1BBF109
:10EF8000100F59D14FF000084746B2E7A0464FF0A6
:10EF9000080BAEE7A0460127F9E7B846E2E7A0462E
:10EFA00027464FF0100BA4E7002398461F46029314
:10EFB000BBF1100F14BF5B4616230393944B0B93C6
:10EFC000337C002B3CD14FEAEB735A464FF0FF30B5
:10EFD0004FF0FF31F1F7BCF996F86430CDE9060146
:10EFE0000193002B69D006F14E030493BAF1000F90
:10EFF00040F0B0805546D146CDF800A0347C9DF855
:10F000002B30002C61D096F825209A425DD1B8F1C2
:10F01000000F00F0A6805FFA88F10BA809F085FBCD
:10F0200083E04FF0010A8046C2E70127C0E74FF0B6
:10F03000010ABDE7BA46BBE70127CDF80CB0BDE732
:10F0400020210BA809F02BFBBDE70123009330E042
:10F050004FF0FF3316A908A809930AF0A4FA044652
:10F0600000287CD008A80AF07DFA8DF82B009DF8C6
:10F070002B1003980BF0A1FE431C6ED0069BAB42F5
:10F08000079B73EB0903E0D3ABFB0553002208F1A8
:10F0900001080BFB093341194FEAE07959EB0301F1
:10F0A000009928BF0122451941EA020149EB0309F1
:10F0B000009108980BF077FECAE7BAF1000F5AD119
:10F0C0005546D146CDF800A0D1E796F824209A42C3
:10F0D00043D00DF12B02DDE9031009F0C2F900283D
:10F0E0003BD0049BC01A069B0F28C8BF0638AB4212
:10F0F000079B73EB09031BD3ABFB0553002208F1FD
:10F1000001080BFB093341194FEAE07959EB030180
:10F11000009928BF0122451941EA020149EB030980
:10F12000009108980BF03FFE05E04FF00008F8E76B
:10F13000019B0093F5E74FF0FF3316A908A8099348
:10F140000AF031FA0446E0B108A80AF00BFA8DF88B
:10F150002B0053E70025A9460095002401E04FF05D
:10F16000010A0B9B53F80C3CBBB15FFA88F10BA86A
:10F1700009F0DBFA08E0019B1C461D469946009306
:10F18000EFE7DDF804A0ECE70BAAD6E902010FF0E7
:10F1900018F910B90423199A1360B8F1000F04D1BB
:10F1A0001FB90B9B53F80C3C5BB154B9009B2BBBB4
:10F1B000029B13B16D4269EB49091A9BC3E90059DF
:10F1C00007E0002200231A99C1E900230423199AB9
:10F1D0001360BAF1000F05D0199B199A1B6843F010
:10F1E00002031360059BDDE9080183E803000BA817
:10F1F0000BF08CFE05980DB0BDE8F08F4FF0FF329C
:10F200004FF0FF33DFE70BA80BF080FE0EF0D5FACE
:10F21000F01B00202DE9F04F8FB008A9059081E880
:10F220000C00DDE91A3903F16C042046FCF792FE6C
:10F2300004902046FDF794F900F138030546069343
:10F24000036A1BB1836A003B18BF0123984C0193EA
:10F250002B7C0B942BB920210CA80C9409F01FFADD
:10F2600004E020210BA809F01AFAF4E7002605F1C2
:10F270003903B046079337466B6B03960D930096A0
:10F2800002960DAB9B5D042B41D8DFE813F00E0115
:10F29000F4000C0071000500DFF818A218A908A8F6
:10F2A0000AF081F9E2E01A9BDB6898051FD4009B05
:10F2B000012B1CD8DEB1012E0BD1019BBBB99DF8EF
:10F2C0003430032B13D09DF83630012B0FD002269B
:10F2D000D7E7022E40F012819DF83730042B06D07C
:10F2E000019A002A00F00581032B40F00481D5F833
:10F2F00018B04FF0000A18A908A80AF054F902E063
:10F300000AF1010AF7E7044618B9DA4510D10124D9
:10F3100018E0DA4516D008A80AF024F96B69C0B2E3
:10F3200013F80A30834203D108A80BF066FDE7E723
:10F33000BAF1000F40F0D9801A9BDC6884F40074A5
:10F34000C4F340240136042E40F0B880009B012B0A
:10F3500040F20581002C00F0B480029B002B00F0ED
:10F36000CF806E6A012418A908A80AF01CF9CBE026
:10F370002B6A33B9AB6ACBB118A908A80AF013F904
:10F380001AE018A908A80AF00EF904460028F1D0DE
:10F3900008A80AF0E7F8EB69C0B21B788342E9D10C
:10F3A0002B6A08A800930BF028FDCBE72B6AA3B9C2
:10F3B000019B83F00104C5E704460028F6D008A8A5
:10F3C0000AF0D0F86B6AC0B21B788342EED1AB6A08
:10F3D00008A800930BF011FD89E0AB6A002BE7D180
:10F3E00001231C460293ADE708A80AF0BBF85FFAB8
:10F3F00080FB0DF12B020A2107988DF82BB009F044
:10F4000030F860B1069BC01ADAF80030195C0CA81D
:10F4100009F08BF9013708A80BF0EFFC3EE76B7C95
:10F420005B4509D1B8F1000F1CD1EB6A002B12DD4E
:10F43000A04603970027EEE72B7C63B1AA7C5A45D0
:10F4400008D1B8F1000F0DD177B1F9B20BA809F0CE
:10F450006CF9EFE71C460C9B53F80C3C002B08BFE3
:10F4600000246FE74446F6E73C46F4E704460028EC
:10F47000BAD10124EFE718A908A80AF094F840B916
:10F480000024032E3FF462AF18A908A80AF08BF8F5
:10F4900012E008A80AF066F8049BC0B29B691B5CE6
:10F4A0001907EDD508A80BF0A8FC0124E9E700BF77
:10F4B000F01B00200C01002050B90136002C7FF415
:10F4C000E0AED9F8003043F00403C9F800305DE045
:10F4D00008A80AF047F8049BC0B29B691B5C1A0796
:10F4E000EBD508A80BF089FCCEE700242AE70294AC
:10F4F00028E70326C5E6019C0326DFE7012425E76C
:10F50000EE692FE701342EE7009BD8B9A342D8D18A
:10F510000C9B53F80C3C012B24D9302100220DEB1D
:10F52000010009F002F80246E0B1431C4FF000016F
:10F530000CA802BF0C9B53F80C2C02F1FF32FCF715
:10F540009BFB0FE0A342E3D008A80AF00BF8335D61
:10F55000C0B28342B5D108A80BF04FFCD2E7002C13
:10F56000AFD0D5E7029B1BB10CA809F04DF813E012
:10F570000B9B53F80C3CE3B9B8F1000F02D0EB6AD7
:10F58000BB429ED10CA91C9808F0BAFF08AC18A980
:10F59000204609F0F6FF25E00C9B1B78302BE7D0C6
:10F5A0000CA809F03AF801462D220CA809F03BF806
:10F5B000DEE7B8F1000F05D09DF80C100BA809F09C
:10F5C000B4F801E0F9B2F9E70BAAD5E902010EF0AF
:10F5D000F8FE0028D0D1D9F8003043F00403C9F870
:10F5E0000030C9E728B1D9F8003043F00203C9F868
:10F5F0000030059B94E8030083E803000CA80BF09F
:10F6000085FC0BA80BF082FC05980FB0BDE8F08FCD
:10F610000CA80BF07BFC0BA80BF078FC0EF0CDF8DF
:10F62000F9E700BF2DE9F04F8FB008A9059081E8F8
:10F630000C00DDE91A3903F16C042046FCF78AFC62
:10F6400004902046FCF7C0FE00F1380305460693FF
:10F65000036A1BB1836A003B18BF0123984C0193D6
:10F660002B7C0B942BB920210CA80C9409F017F8D3
:10F6700004E020210BA809F012F8F4E7002605F1B8
:10F680003903B046079337466B6B03960D9300968C
:10F6900002960DAB9B5D042B41D8DFE813F00E0101
:10F6A000F4000C0071000500DFF818A218A908A8E2
:10F6B00009F079FFE2E01A9BDB6898051FD4009BF4
:10F6C000012B1CD8DEB1012E0BD1019BBBB99DF8DB
:10F6D0003430032B13D09DF83630012B0FD0022687
:10F6E000D7E7022E40F012819DF83730042B06D068
:10F6F000019A002A00F00581032B40F00481D5F81F
:10F7000018B04FF0000A18A908A809F04CFF02E051
:10F710000AF1010AF7E7044618B9DA4510D10124C5
:10F7200018E0DA4516D008A809F01CFF6B69C0B2D2
:10F7300013F80A30834203D108A80BF05EFBE7E719
:10F74000BAF1000F40F0D9801A9BDC6884F4007491
:10F75000C4F340240136042E40F0B880009B012BF6
:10F7600040F20581002C00F0B480029B002B00F0D9
:10F77000CF806E6A012418A908A809F014FFCBE015
:10F780002B6A33B9AB6ACBB118A908A809F00BFFF3
:10F790001AE018A908A809F006FF04460028F1D0CD
:10F7A00008A809F0DFFEEB69C0B21B788342E9D1FB
:10F7B0002B6A08A800930BF020FBCBE72B6AA3B9B8
:10F7C000019B83F00104C5E704460028F6D008A891
:10F7D00009F0C8FE6B6AC0B21B788342EED1AB6AF7
:10F7E00008A800930BF009FB89E0AB6A002BE7D176
:10F7F00001231C460293ADE708A809F0B3FE5FFAA7
:10F8000080FB0DF12B020A2107988DF82BB008F030
:10F8100028FE60B1069BC01ADAF80030195C0CA80B
:10F8200008F083FF013708A80BF0E7FA3EE76B7C8E
:10F830005B4509D1B8F1000F1CD1EB6A002B12DD3A
:10F84000A04603970027EEE72B7C63B1AA7C5A45BC
:10F8500008D1B8F1000F0DD177B1F9B20BA808F0BB
:10F8600064FFEFE71C460C9B53F80C3C002B08BFD1
:10F8700000246FE74446F6E73C46F4E704460028D8
:10F88000BAD10124EFE718A908A809F08CFE40B905
:10F890000024032E3FF462AF18A908A809F083FEE4
:10F8A00012E008A809F05EFE049BC0B29B691B5CD5
:10F8B0001907EDD508A80BF0A0FA0124E9E700BF6D
:10F8C000F01B00200C01002050B90136002C7FF401
:10F8D000E0AED9F8003043F00403C9F800305DE031
:10F8E00008A809F03FFE049BC0B29B691B5C1A0785
:10F8F000EBD508A80BF081FACEE700242AE70294A2
:10F9000028E70326C5E6019C0326DFE7012425E757
:10F91000EE692FE701342EE7009BD8B9A342D8D176
:10F920000C9B53F80C3C012B24D9302100220DEB09
:10F93000010008F0FAFD0246E0B1431C4FF000015F
:10F940000CA802BF0C9B53F80C2C02F1FF32FCF701
:10F9500093F90FE0A342E3D008A809F003FE335D5A
:10F96000C0B28342B5D108A80BF047FAD2E7002C09
:10F97000AFD0D5E7029B1BB10CA808F045FE13E001
:10F980000B9B53F80C3CE3B9B8F1000F02D0EB6AC3
:10F99000BB429ED10CA91C9808F0B2FD08AC18A976
:10F9A000204609F0EEFD25E00C9B1B78302BE7D0BC
:10F9B0000CA808F032FE01462D220CA808F033FEF8
:10F9C000DEE7B8F1000F05D09DF80C100BA808F089
:10F9D000ACFE01E0F9B2F9E70BAAD5E902010EF09D
:10F9E000F0FC0028D0D1D9F8003043F00403C9F866
:10F9F0000030C9E728B1D9F8003043F00203C9F854
:10FA00000030059B94E8030083E803000CA80BF08A
:10FA10007DFA0BA80BF07AFA05980FB0BDE8F08FCD
:10FA20000CA80BF073FA0BA80BF070FA0DF0C5FEE2
:10FA3000F9E700BF2DE9F0418CB00F462449064696
:10FA400008AC06AD0A9184E80C009DF85020DDE971
:10FA50001538B2B102930AAA12ABCDE9038293E83A
:10FA600003008DE803003946284694E80C00FFF7B0
:10FA7000D1FB95E803000A9D84E80300F8F764FCD5
:10FA800014E002930AAA12ABCDE9038293E80300C3
:10FA90008DE803003946284694E80C00FFF7C2FDC4
:10FAA000E7E70AA80BF032FA0DF087FE0BAB4246EF
:10FAB00017990B90284600F069FE94E8030086E849
:10FAC00003000AA80BF022FA30460CB0BDE8F08122
:10FAD000F01B00202DE9F04F8DB006460F46DDF8F3
:10FAE00064A008AC9DF860B006AD0AF16C00DDF8CA
:10FAF0006C9084E80C00FCF72DFA0BAB204A804692
:10FB000004931A9B0B92CDE902A316AB93E8030072
:10FB10008DE803003946284694E80C00BBF1000F3D
:10FB200014D0FFF777FB0B9B95E8030053F80C5CB0
:10FB300084E803006DB994E8030086E803000BA88D
:10FB40000BF0E4F930460DB0BDE8F08FFFF76AFD29
:10FB5000E9E72946484608F0E3FD0B9F48463D4447
:10FB600008F052FDD9F800302A46394640460BF0DD
:10FB7000D6F9E0E70BA80BF0C9F90DF01EFE00BFA7
:10FB8000F01B0020244B1A68D0075CBF01221A60CA
:10FB9000224B1A68D1075CBF01221A60204B1A68F9
:10FBA000D2075CBF01221A601E4B1A68D0075CBFE7
:10FBB00001221A601C4B1A68D1075CBF01221A602F
:10FBC0001A4B1A68D2075CBF01221A60184B1A68D8
:10FBD000D0075CBF01221A60164B1A68D1075CBFC0
:10FBE00001221A60144B1A68D2075CBF01221A6006
:10FBF000124B1A68D0075CBF01221A60104B1A68BA
:10FC0000D1075CBF01221A600E4B1A68D2075CBF95
:10FC100001221A60704700BF681C0020641C00208D
:10FC2000601C00205C1C0020581C0020541C00207C
:10FC3000501C00204C1C0020481C0020441C0020AC
:10FC4000401C00203C1C0020054B10B503600446FE
:10FC5000044B40F8043FFBF733FF204610BD00BFC4
:10FC6000782C0200CC280200D0F800C0ACF10C0CBB
:10FC7000DCF800C06044E7E7044B10B5044640F8E8
:10FC80001C3BF8F76FFB204610BD00BFA42C020000
:10FC900008B50B68B3F1804F02D30D48FBF78CFE1B
:10FCA00093420BD9B3EB420F4FEA420006D2B0F1B8
:10FCB000804F2ABF6FF0404308600B600868013036
:10FCC00001D5FBF741FEBDE8084000F08FBC00BF46
:10FCD000573D020008B50346084611465B68984246
:10FCE00003D9024601480AF0EFFE08BDBB35020009
:10FCF0002DE9F34116461D4604461B4B2A460F4686
:10FD00003146A5EB06080DF09BFA2346626853F8CE
:10FD1000080B9044984214BFA3680F2343451BD39C
:10FD2000F319D21A06D0AE4204D0384481192844BF
:10FD30000DF0A8FA35B1206829469DF820203844F6
:10FD40000DF0ACFA236800222046C4F8048003F8C2
:10FD5000082002B0BDE8F081002332463946204633
:10FD600000950DF0CEFAE5E7313602002DE9F74FA8
:10FD70000C9D1446804689462A461F462146394B2B
:10FD80000DF05EFA4246D8F80430A5EB040B52F8A9
:10FD9000086B03EB0B0A964214BFD8F808200F2219
:10FDA000524556D34E44A14439464046A3EB090977
:10FDB0000DF052FA80B1B9F1000F06D0AC4204D078
:10FDC0004A46311970190DF05DFA95B12A46394647
:10FDD00030460DF04DFA0CE0B5B9B9F1000F08D07E
:10FDE000AC4206D04A46311970190DF04BFAAC42BC
:10FDF0000FD3D8F8003000224046C8F804A003F81A
:10FE00000A2003B0BDE8F08FAC420CD2B9F1000F6C
:10FE1000E8D134447B199C420BD32A4639463046FC
:10FE20000DF030FAE5E72A46394630460DF02AFA59
:10FE3000D3E7BC4203D82A4607EB0B01C8E7E41B13
:10FE40003946304622460DF01DFA2A1B7119301929
:10FE5000BFE73B4622464946404600950DF051FA21
:10FE6000C7E700BF853D0200F7B504461546094ABD
:10FE70000F461E46FFF72EFF62680146089B20468C
:10FE8000D21B00933346AA4228BF2A46FFF76EFFD3
:10FE900003B0F0BD6F3D02002DE9F04106469046EB
:10FEA0000F460A4A19461D46FFF714FF7468641B83
:10FEB000444528BF44462CB131682246384629447F
:10FEC0000DF0D6F92046BDE8F08100BFF235020002
:10FED000004870479E3D0200034B10B50446036086
:10FEE0000DF062FD204610BDF02C02000048704766
:10FEF000BA3D0200034B10B5044603600DF054FDFB
:10FF0000204610BD102D0200034B10B504460360BF
:10FF10000DF040FF204610BD302D0200194A50F868
:10FF2000081C536870B5A0F1080413B16518AB4202
:10FF300003D940F8043C546070BD5E681FD11B6853
:10FF40000B4440E90236F6E71A1D33465E6836B1C7
:10FF5000B542F9D301BF2E686D6889195D601368D9
:10FF60001D685E19B44217BF5B686D1840F8081C25
:10FF700040F8043C16BF13681D605C60DCE7043287
:10FF8000E4E700BF9C1C00200830104A082838BF56
:10FF90000820073020F0070352F8040F30B598B15D
:10FFA00001688B4206D8CD1A4468072D05D8016038
:10FFB000214607E0021D4068F1E7C1184C60C550BA
:10FFC000106803600830116030BD00BF9C1C002029
:10FFD000064A80389368984205D9D26813449842FB
:10FFE00001D2FFF79BBFF4F7A1B900BF9C1C002012
:10FFF00038B54FF41E65074C2846E560F4F778F9EC
:020000040001F9
:10000000A06010B9E060606038BD002360600560EA
:100010004360F9E79C1C00202DE9F3411E4603785C
:1000200004460F46472B13D143784E2B10D18378CB
:10003000552B0DD1C378432B0AD10379462B07D119
:1000400043794F2B04D18379522B01D1C2793AB332
:1000500020460DF0B8FB024620B3E37954F8202C7B
:10006000012B16BF154652F8785C04F158022B6834
:10007000284601929B689847B0B1019B02241B68F7
:1000800001933B6801AA29463846D3F81080012322
:10009000C04758B1019B3360204602B0BDE8F081F3
:1000A000034DE4E7034DE2E70124EAE70446F3E702
:1000B000682D0200702D020008B504200DF067FBCA
:1000C000024B034A034903600DF083FD102D02002B
:1000D000F5FE0000FC2C02002DE9F04F85B0024631
:1000E0000DF0C4FB50B31046D2F828A052E90653D5
:1000F000D2E90C4601930DF002FC28460DF042FDBA
:100100000DF0FDFB00F058F8036893F8272003F189
:100110002009012A1BD11B68002524F00308029343
:100120002F46574515DB002D34D004200DF02FFB52
:100130001A4B1B4A1B4903600DF04BFD10460DF096
:10014000DEFB0DF023FD0DF0DAFB0DF016FD78332C
:10015000E2E7346804B1344402AB00222146484649
:10016000FFF75AFF38B10DF04EFD0DF0F1FB0DF029
:10017000EFFB0DF022FB236803AA03902046D3F87F
:1001800010B001230749D84701374644002818BF5B
:100190000546C6E701980DF0E8FC00BF802D02007F
:1001A000ABD901005C2D020000487047F63D02000B
:1001B00000487047053E020000487047AC1C002014
:1001C00000487047AC1C0020024A0349034804F071
:1001D000E8BF00BF540C0020BBD90100AC1C0020BC
:1001E0002DE9F04F002393B006460C46079300F02C
:1001F00003031546012B10D0022B03D0002B5DD139
:1002000003075DD529462046F1F7C1F818B109204A
:1002100013B0BDE8F08F0820FAE7070745D50223A1
:1002200006F008060C2228460C941E430CAB0093E3
:1002300000231946F0F768FA062E43D1D4F830802F
:10024000D4E90A73B8F1000F00F03F819946002FFE
:10025000C0F23E81032600230DF12C0928460B94A1
:100260001A461946CDF80090F0F74EFA0023012205
:1002700028461946CDF800900B97F0F745FA0F2164
:1002800028460DF066FC00F0010000230F2240EA32
:100290000800CDF8009019460B902846F0F734FA84
:1002A000022E00F02F810720B2E70F6A10460D21C1
:1002B0000DF04FFC8742B2D10623B1E7F3F7ECFF14
:1002C0000123ADE72846F1F77CF88146002899D054
:1002D0000CAA014628460DF00DFC9DF844B02946B5
:1002E000029058460DF0D5FB0F2103900E90284642
:1002F0000DF02FFC20F00108029A08F1FF38109F42
:1003000097420DD800270123B846F10700F1C580B8
:10031000320740F1D780012B40F0CC800DF02DFC4E
:100320009DF845A008AB002051460DF0D3FB09AB6A
:100330000246514600200DF0CDFB0AAB0246514665
:1003400000200DF0C7FB0BA90DF038FB0C9B0899A2
:1003500002460B44434553D809990B444345CED933
:10036000DDE90A30002B3FF44DAF0D9A03EB020894
:1003700000283BD001383844B8F1000F3FF442AFB9
:1003800016F0080304933DD0472323704E23637077
:100390005523A3704323E370462323714F236371D6
:1003A0005223A3710023E3710023029309A90DF0E6
:1003B00013FB0AA905900DF00FFB099F002F69D0D0
:1003C00043DDBBF1FF0F3CD00BF00703042B3FF6DE
:1003D00075AF01A252F823F047040100BD020100ED
:1003E00017040100470401003F040100B8F1000FA9
:1003F0003FF408AFF0073FF505AF002702262AE7D4
:100400003A467CE7E379012B0CBF54F8203C04F119
:1004100058030793C8E702220F990BAB584602FB1B
:10042000171203990DF0EFFA0B9931B134B307AB02
:1004300000222046FFF7F0FD00B3032365E7082202
:10044000EAE70022E8E70422E6E76FF040420F9B6C
:10045000D21B03EB820AC4B10499B1B9079BAAF17C
:10046000040A0B935AF8041F0029E6D00BAB0022B4
:1004700051442046FFF7D0FD0028F3D00A98002809
:1004800044D0059B0344184690E753F82230002BD4
:10049000F4D1D2E701230293F0E7079E0D2128460D
:1004A0000DF057FBC4F83080C4E90806C4E90A79A6
:1004B0000620ADE6002FBFF6CDAE0DF067FB0DF0C8
:1004C0001EFA2BE7012B7FF4C2AE20460DF0EBF9AC
:1004D0000CAA494628460DF00DFB29469DF844001C
:1004E0000DF0D7FAFA430F9B03EB8203002253F877
:1004F000221029B9C4E90A200422C4E90C23A9E680
:100500000132F4E720460DF07BF9CCE6029B002B8C
:100510007FF470AF76E600BF014BD3E8AF0F7047B2
:1005200054010020014BD3E8AF0F704700010020B9
:1005300038B50025044640E91E1240F8805CFFF7FC
:10054000F1FF44F8700CFFF7E7FF472344F86C0C09
:10055000A4F1800004F8583C4E2304F8515C04F8E0
:10056000573C552304F8563C432304F8553C04F803
:10057000543C2B2304F8533C04F8523C014B44F800
:10058000503C38BD97DB010002680346D20710B526
:100590000FD4427852B104200DF0F9F8044600F06F
:1005A00019F8054A054920460DF013FB0120587043
:1005B00010BD0020FCE700BFC10501008C2D02002A
:1005C000034B10B5044603600DF0EEF9204610BD54
:1005D000A02D0200014B0360704700BFA02D020058
:1005E000014BD3E8AF0F7047B81C0020012838BF7B
:1005F000012010B504462046F3F77AFE00B110BD85
:10060000FFF7EEFF40B904200DF0C1F8034B044A98
:10061000044903600DF0DDFA8047ECE7F02C02009E
:10062000D9FE0000DC2C0200034B10B50446036029
:10063000FFF76AFC204610BDC02D0200034B10B529
:1006400004460360FFF760FC204610BD002E020048
:10065000002170B5084601F0BDFE0646F0F7F2FB3A
:10066000451C084928460DF014FB044638B13146B4
:100670002A460EF050F80449002001F0ABFE204657
:1006800070BD00BF9E3E0200EF3602002DE9F3412F
:1006900080460E461546FFF7DBFF044620B90423CB
:1006A0002B6002B0BDE8F08101A9404602F0EEF8EF
:1006B000019B07463060434501D01B785BB10023A6
:1006C000336004232B602146002001F083FE204686
:1006D0000DF006F8E5E74FF0FF41EFF707FE40B9F0
:1006E00005493846EFF702FE0028ECD06FF400030E
:1006F000E6E7024BE4E700BF000080FFFFFF7F7FDB
:100700002DE9F74307460E461546FFF7A1FF0446BD
:1007100020B904232B6003B0BDE8F08301A938465B
:1007200001F0FAFE019B80468946BB424FF0000271
:10073000C6E9008901D01B7863B10023C6E9002314
:1007400004232B602146002001F044FE20460CF0DB
:10075000C7FFE0E70A4BEFF753FD60B90022094BF2
:1007600040464946EFF74CFD0028EBD04FF0FF32F2
:100770006FF48013E2E74FF0FF32034BDEE700BF78
:100780000000F07F0000F0FFFFFFEF7F2DE9F8434E
:1007900007460C461646FFF75BFF054618B90423CB
:1007A0003360BDE8F88322461749384601F094FECD
:1007B000013001280ED800220023C4E900230423BD
:1007C00033602946002001F005FE2846BDE8F843C5
:1007D0000CF086BFD4E9008900220C4B4046494604
:1007E000EFF70EFD60B90022094B40464946EFF78E
:1007F00007FD0028E5D04FF0FF326FF48013DCE7EF
:100800004FF0FF32034BD8E7F73E02000000F07FC5
:100810000000F0FFFFFFEF7F08B500220346084607
:1008200004491A60F0F704FB10B10348FBF7F4F831
:1008300008BD00BFEF360200FB3E020038B50A4B90
:1008400004460A4D40F8083B0DF0DEFC05E020466A
:10085000256006F0C6FD0CF0B0FF2046256006F0CE
:10086000C0FD204638BD00BF382E0200BC2B020060
:1008700000390A4B18BF012110B5416004460360DE
:10088000F7F762FD06E0064B2046236006F0A9FD5F
:100890000CF093FFA060204610BD00BF382E020070
:1008A000BC2B020070B5A0F1460300F26C7440F25C
:1008B0006D100129D8BF013C43436FF4EC70002C4C
:1008C000264603446FF06300B8BFE61C94FBF0F0CB
:1008D00003EBA603B5100344192095FBF0F600FBCB
:1008E00016554FF4C87094FBF0F403EBD5730A4827
:1008F000234430F8111007200B441344013B93FBB1
:10090000F0F2C2EBC2029B1A0344B3FBF0F0C0EB5F
:10091000C000181A70BD00BFE831020040F2011398
:100920000288934304BF8B680C332DE9F04108BF64
:100930008B60054690F900300C460678002B0FDAE4
:10094000437813F002031FBF4B69642193FBF1F05E
:1009500001FB103369686420133900FB01336361C4
:1009600022F47F7222F001025205520DB2F5806F1F
:1009700036D106F01803182B27D0700725D56069EB
:10098000514F00F26C700DF09CFC1A21E2690023BB
:1009900001FB007131F802CB944540F3918031079F
:1009A0005CBF03F1FF312161F60608D4013B0D2144
:1009B00001FB003037F81030D21A0132E2602B7898
:1009C00023F0180343F018032B702B7821691807C4
:1009D00001D40B2904D8E2686069FFF763FFA061C6
:1009E0002B882E7823F47E7323F003035B055B0DC5
:1009F000B3F5806F13D13207276901D40B2F0ED8BE
:100A0000606900F26C700DF05CFC0D22E36802FB83
:100A100000772D4A013B32F817201344E36116F0AA
:100A2000600F4BD0B30749D516F00401676923D195
:100A300086F0200801223846C8F34018FFF732FF3D
:100A40000722A0EB0800C0F1070090FBF2F3C3EB14
:100A5000C303C01AAB7803F03F03013BC3EBC303EE
:100A60001844A369A3EB0803134493FBF2F2C2EB0F
:100A7000C2029B1A1844E06106F01803182B1DD01F
:100A800007F26C70104D0DF01CFC1A21E269002376
:100A900001FB005131F8027B974213DD37075CBF41
:100AA00003F1FF312161F10608D4013B0D2101FB67
:100AB000003035F81030D21A0132E260BDE8F08122
:100AC000013367E70133E5E7E8310200074B13B56F
:100AD00004460360406801A90C38F8F7D5FF2046AA
:100AE0000CF062FF204602B010BD00BFD02E020005
:100AF000074B13B504460360406801A90C38F8F7AA
:100B0000C3FF20460CF050FF204602B010BD00BFCE
:100B1000942E0200034B10B504460360FFF7E8FF74
:100B2000204610BDA82E0200034B10B504460360FA
:100B3000FFF7DEFF204610BDBC2E020038B58468EA
:100B40000546C4BBC820FFF751FD504B446003600D
:100B5000C0E90244C0E90444C0E90644C0E90844CD
:100B6000C0E90A44C0E90C44C0E90E44C0E910449D
:100B7000C0E91244C0E91444C0E91644C0E918446D
:100B8000C0E91A44C0E91C44C0E91E44C0E920443D
:100B9000C0E92244C0E92444C0E92644C0E928440D
:100BA000C0E92A44C0E92C44C0E92E44C0F8C04042
:100BB00080F8C440A860AB68354A3649C3E90222D0
:100BC000354A99673549C3E90422354AD967354919
:100BD000C3E90622344AC3F880101A62334A344902
:100BE0005A62344A9A62344ADA62344A1A63344A9C
:100BF0005A63344A9A63344ADA63344A1A64344A88
:100C00005A64344A9A64344ADA64344A1A65344A73
:100C10005A65344A9A65344ADA65344A1A66344A5F
:100C20005A66344A9A66344ADA66344A1A67344A4B
:100C30005A67C3F884103349C3F888103249C3F89F
:100C40008C103249C3F890103149C3F894103149DF
:100C5000C3F898103049C3F89C103049C3E92812F2
:100C60002F4AC3F8A8202F4AC3F8AC202E4AC3F855
:100C7000B0202E4AC3F8B4202D4AC3F8B8202D4A1C
:100C8000C3F8BC202C4AC3F8C02038BD182B020082
:100C9000F736020098400200063702009D4002002D
:100CA00021410200A2400200104002001340020055
:100CB000A940020016400200224002002940020022
:100CC0003040020038400200424002004B40020027
:100CD000524002005B4002005F400200634002009D
:100CE000674002006B4002006F4002007340020048
:100CF000774002007F400200884002008E400200E0
:100D000094400200B3400200BB400200C440020015
:100D1000CD400200D1400200D5400200D94002007F
:100D2000DD400200E1400200E5400200E94002002F
:100D3000ED400200F1400200F540020088422DE93A
:100D4000F04104460D4618D0A0B1A1EB00080021E7
:100D50004046F8F753FE00F10C0706462146384698
:100D60002A4607F0C8FB41463046F8F73BFE3846B6
:100D7000BDE8F0810248FAF707FE024FF7E700BF2F
:100D80007B330200F01B0020084B13B5044601AA78
:100D900040F8043B0DF0B6FB04E020460CF004FEE6
:100DA0000CF00BFD204602B010BD00BF942E0200D7
:100DB00010B50446FFF7E8FF014B2046236010BD45
:100DC000A82E020010B50446FFF7DEFF014B2046B7
:100DD000236010BDBC2E0200084B13B5044601AAC7
:100DE00040F8043B0DF08EFB04E020460CF0DCFDE7
:100DF0000CF0E3FC204602B010BD00BFD02E020074
:100E000000487047F9400200034B10B504460360E8
:100E10000DF064FC204610BD342F0200034B10B5CA
:100E20000446036000F00CF9204610BD202F02009C
:100E3000034B10B504460360FFF7F6FB204610BDD8
:100E4000702F0200054B10B5044640F8103B0DF022
:100E500051FC2046FFF7E2FF204610BD5C2F020048
:100E6000134600F10802012B13B508BF0E230260E0
:100E700018BF0D234FF00002044642601146027273
:100E80000BBF00930093064B064BFEF76FFF04E089
:100E900020460CF0CDF90CF090FC204602B010BDBD
:100EA0000241020011410200F0B5D2E9007593B091
:100EB00004462B683A4668460E461B692946984701
:100EC000194A002168460CF0D4FA014606A80DF034
:100ED00071FB3246002106A80CF0CBFA01460CA8A3
:100EE0000DF068FB0CA9204600F05EF80CE00CA8A1
:100EF0000CF09EF906A80CF09BF968460CF098F9E6
:100F00000CF05BFCF6E7F8E70CA80CF091F906A8EA
:100F10000CF08EF968460CF08BF9044B20462360E8
:100F2000C4E9027513B0F0BD1F410200202F02007A
:100F300037B5054618200CF02AFC01236A462946DD
:100F4000009304460E4B0193FFF7AEFF0D4B204676
:100F500023600DF07EFA014604F1100000F0F4F871
:100F600007E02046FFF75AFF2046FFF731F80CF064
:100F700024FC054A204605490CF02BFEF4E700BF8F
:100F8000480100205C2F0200450E0100F42E0200F3
:100F9000024A0349034804F004B900BF540C00207E
:100FA00041E5010048010020074B10B5044640F818
:100FB000043B0DF01AFB04E020460CF0F5FC0CF0AD
:100FC000FCFB204610BD00BFD02E02000048704739
:100FD0008E410200004870471B460200742A10B57B
:100FE0001ADC572A0CDC4D2A07DC3B2A0CDC242AAD
:100FF0000EDC0F2A18DC0E2A16D9C0E9002116E0F3
:10100000A2F158040A4B0CE0A2F13C04094B08E0A1
:10101000A2F12D03012BEFE7A2F17604182CECD8F6
:10102000054BE340DB07E8D5044B0260436010BD8D
:101030009D00BF1F8F080200BF07F1015001002073
:10104000034B10B504460360FFF740FD204610BD7A
:10105000C82F020073B5044610460DF09DFB0546EF
:1010600004F10803236010B90F48FAF78DFCEFF77D
:10107000E9FE0F2805EB0006019007D9002201A91F
:101080002046FEF705FE019B2060A36032462946FC
:1010900020680CF031F9019B226800212046636032
:1010A000D15402B070BD00BFA836020010B5064C86
:1010B00006492246064804F074F8224605490648C7
:1010C000BDE8104004F06DB8540C002057E6010054
:1010D0005001002059E601004C010020074B13B5D8
:1010E00004460360406801A90C38F8F7CDFC20469F
:1010F0000CF05AFC204602B010BD00BF3830020090
:10110000104B73B5036004460B68A3F10C0053F851
:10111000043C002B05DBF8F747FD6060204602B079
:1011200070BD002201A907F0A1FAF6E70E460546B8
:1011300020460CF039FC013601D00CF03EFB28466D
:10114000FEF7CAFF383002002DE9F043804685B033
:101150000C4621B30846EFF775FE04EB000907467D
:101160004C451FD001AA0021F8F748FC00F10C05FE
:101170000646214628464A4607F0BDF9394630461C
:10118000F8F730FC03A940460395FFF7B9FF02A921
:10119000A5F10C00F8F778FC05B0BDE8F083024833
:1011A000FAF7F2FB014DEDE77B330200F01B002064
:1011B00001490CF0F2BD00BF2430020008B503461F
:1011C0008F2B00F24E81DFE813F090005C0192005B
:1011D0009400960098009A009C009E00A200A40033
:1011E000A800AA00AC00AE00B000B200B400B60087
:1011F000B800BA00C000C200C800CA00CC00CE00CF
:10120000D000D400D800DA00DC00DE00E000E2000C
:10121000E400E6004C014C014C014C014C014C0136
:101220004C014C01EA00EE004C014C014C014C0118
:101230004C014C014C014C014C014C014C014C0146
:101240004C01F0002001F200F400F600F800FA0072
:10125000FC00FE000001020104014C014C010801E8
:101260004C014C010A014C014C014C014C014C0158
:101270000C010E0110011201140116014C0118019C
:101280001A011C014C014C0144014C014C014C0160
:101290004C014C014C014C014C012E011E0122015C
:1012A0002401260128012A012C0130013401EC001F
:1012B000C4004A01BC00D200BE00A000A600480144
:1012C000060138013201C6003A0136014C014C01D9
:1012D0004C014C014C01D6004C014C014C01E80082
:1012E00046013C013E0140014201674808BD674894
:1012F000FCE76748FAE76748F8E76748F6E76748B2
:10130000F4E76748F2E76748F0E76748EEE76748C1
:10131000ECE76748EAE76748E8E76748E6E76748D1
:10132000E4E76748E2E76748E0E76748DEE76748E1
:10133000DCE76748DAE76748D8E76748D6E76748F1
:10134000D4E76748D2E76748D0E76748CEE7674801
:10135000CCE76748CAE76748C8E76748C6E7674811
:10136000C4E76748C2E76748C0E76748BEE7674821
:10137000BCE76748BAE76748B8E76748B6E7674831
:10138000B4E76748B2E76748B0E76748AEE7674841
:10139000ACE76748AAE76748A8E76748A6E7674851
:1013A000A4E76748A2E76748A0E767489EE7674861
:1013B0009CE767489AE7674898E7674896E7674871
:1013C00094E7674892E7674890E767488EE7674881
:1013D0008CE767488AE7674888E7674886E7674891
:1013E00084E7674882E7674880E767487EE76748A1
:1013F0007CE767487AE7674878E7674876E76748B1
:1014000074E7674872E7674870E767486EE76748C0
:101410006CE767486AE7674868E7674866E76748D0
:1014200064E7674862E7674860E767485EE76748E0
:101430005CE767485AE7674858E7674856E76748F0
:1014400054E7674852E7674850E767484EE7674800
:101450004CE767484AE7674848E7674846E7674810
:1014600044E71AB9664A0DF067FC0244654808B9BA
:1014700065483BE71846AFF3008000287FF436AF9D
:10148000F6E7624832E700BF2A4302003C4302000D
:1014900056430200664302007E4302008843020076
:1014A000A2430200B4430200C6430200DF4302002D
:1014B000EF430200FB430200184402002A440200EA
:1014C0003B4402004D440200594402006F440200B4
:1014D0008744020093440200A5440200B444020081
:1014E000C4440200D1440200F0440200FF44020060
:1014F00010450200344502005245020070450200CA
:1015000090450200A7450200B6450200C54502000D
:10151000D9450200F1450200FF4502000C460200D9
:1015200022460200314602003D4602006C4602009F
:101530007D46020098460200AB460200C14602000A
:10154000CA460200E1460200E9460200F6460200F1
:101550000B4702001F4702003D47020048470200B8
:101560005B47020073470200834702009147020075
:10157000A5470200B4470200C5470200D847020051
:10158000E44702000A4802002F4802004F480200C8
:101590008D480200B3480200CC480200E048020037
:1015A000FB480200134902002D49020035490200A0
:1015B0006549020084490200A3490200BA490200B9
:1015C000DB490200EE490200074A02001E4A0200FF
:1015D000344A0200554A02006D4A0200874A02005E
:1015E000A34A0200B64A0200CC4A0200E04A0200C6
:1015F000F34A0200154B02003B4B02004C4B020029
:101600000C000000000000002141020032430200F3
:10161000426940F26C73002AA8BF6FF06303134461
:1016200092071FD1642193FBF1F201FB1232DAB968
:101630004FF4C87293FBF2F102FB1133B3FA83F358
:101640005B09D0E90602400000EB0210184441F2A9
:10165000A263984229D013DC01280CDCC043C00FE0
:10166000404270470023ECE70123EAE7104BC340F8
:1016700043F3000070470A381728F7D90020704755
:1016800041F2B463984206DC41F2B1639842D4BFA0
:10169000002001207047A0F5B65002381528EDD87B
:1016A000044BC34003F0010070470120704700BFA6
:1016B000CF00CC001F002A002DE9F04F4FF00009A9
:1016C0008FB007460D461E464C461378002B00F09F
:1016D0008684252B1DD15378302B22D02B2B20D064
:1016E00002F10108002398F80020313A082A1BD89B
:1016F0000A22404606A9029301F062FADDF818803A
:101700000246029B98F8001045290FD108F1010804
:101710000EE0691EA14240F247813B55013201347F
:10172000D3E702F10208DEE70022EBE74F29EDD014
:1017300098F80010A1F12500552800F23581DFE866
:1017400010F0480433013301330133013301330115
:1017500033013301330133013301330133013301E9
:1017600033013301330133013301330133013301D9
:10177000330133013301330133017400A000D10080
:101780001801330140018F01300237023301330168
:1017900033014F02330133015902330186020F0333
:1017A000170329033103AD03CD00C6031C04330125
:1017B0003301330133013301330156008B00B6008E
:1017C0000D010D01330160018B003301480230022D
:1017D00037024C025102330159027F02C5008F02C9
:1017E00011031E037B03A603C900B503E103B3691C
:1017F000B94A183352F823A050460AF1FF3AEFF7DE
:1018000021FB6B1E2044A04207D198F80030002B2A
:1018100000F0E58308F1010257E7A34240F2C480DB
:101820001AF8012F3A550134EDE7B269AA4B03EBE0
:101830008203D3F87CA050460AF1FF3AEFF702FB8F
:101840006B1E2044A042E0D0A34240F2AD801AF8C3
:10185000012F3A550134F5E79F4B326953F822A026
:1018600050460AF1FF3AEFF7EDFA6B1E2044A04212
:10187000CBD0A34240F298801AF8012F3A55013498
:10188000F5E73369944A0C3352F823A050460AF125
:10189000FF3AEFF7D7FA6B1E2044A042B5D0A3421F
:1018A00040F282801AF8012F3A550134F5E78A4B4D
:1018B000D3F8A0201378002BA7D03346291B381962
:1018C000FFF7FAFE00286FDD04449EE7824BD3F851
:1018D000E420EFE7804BD3F89C20EBE77E4BD3F876
:1018E0009820E7E77D496420D6F814E08E45ACBF28
:1018F0004FF0000A4FF0010ABEF1000FB5BF0EF223
:101900006C719EFBF0F081EAE17C00F11301BCBF39
:10191000ACEBE17CBCFBF0F153B163291CDDDFF8DB
:10192000C0C170482B2B08BF6046DFF8BCC102E085
:101930006C48DFF8B8C16E4B0191022A2CBFCAEB8C
:101940000201CAF10201654A00919645A8BF03460B
:101950006246291B38191FE06248E6E76548664A77
:10196000F368642918BF0246291B381900F088FD66
:1019700014E0726938193369291B002AD6F80CE083
:1019800003F101034FF0640C13DB92FBFCFA0CFB38
:101990001A22CDE900E2594A00F072FD002803DB6B
:1019A0000444A5423FF631AF002420460FB0BDE805
:1019B000F08F02F26C72002AB8BF5242B2FBFCFAFE
:1019C000E5E725218DF8181043B1052A8DF8193067
:1019D00001D9931F06D10DF11A000CE02B238DF8CD
:1019E00019300423464A1E210DF11A0000F048FD6B
:1019F0000DF11A0318444349EFF72CFA334606AAAF
:101A00005CE73046FFF704FE71696423002910DBB0
:101A100091FBF3F203FB12131844642390FBF3F2DF
:101A200003FB12001844B0FBF3F203FB1203324A2B
:101A30009AE701F26C72002AB8BF52420028B2FB4A
:101A4000F3FC03FB1C2304DA2F4A9142B8BF0120A8
:101A5000E2E7E1D0214A9142B8BF4FF0FF30DBE727
:101A6000CDE90432D6F814A030461C4B9A45ACBFE1
:101A7000002301230393FFF7CBFDBAF1000F4FF0D2
:101A8000640E0290DDE904320FDB00289AFBFEF1C0
:101A900001F1130C0EFB11A153DC02980144481C08
:101AA00035D10CF1FF3C632131E00AF26C71002961
:101AB000B8BF4942B1FBFEFC0EFB0CF0091A0490C2
:101AC0000298002822DADFF840E0F245E5DA01204A
:101AD0000131039037E000BF4430020094F8FFFF6B
:101AE000704B020021410200684B0200614B020072
:101AF000724B0200744B0200824B0200784B0200D2
:101B0000874B02008B4B020095F8FFFF21D14FF06D
:101B1000640A0AFB0C1A039921BB2B2B40F0F081BD
:101B200042F20F718A454FF0250140F2DE818DF8B7
:101B30001830002A40F0E0818DF819100DF11901DC
:101B4000D6E102980144642904BF0CF1010C002184
:101B5000DDE7DFF8B8B2DA45F3DA01F1FF3AC9B1EF
:101B600004998A442D218DF81810002A40F0C6816E
:101B70000DF1190125200870002B40F0B981481C97
:101B8000A3490292EFF766F9029ACDF800A0134636
:101B900006AA60E00CF1FF3A0EFB0AFA0AF1630AAA
:101BA000E0E79C489C4AB3686B2918BF0246DBE615
:101BB000B36863B10C2B04D00C2293FBF2F002FB50
:101BC00010339548934A492918BF0246CCE60C23A6
:101BD000F7E7F369914A0133C6E63369013326E733
:101BE000736824E76B1E9C42BFF4DEAE0A233B55AC
:101BF00001340AE6B3680B2B894BD4BF00220122C3
:101C000003EB8203D3F8A4A050460AF1FF3AEFF7A2
:101C100019F96A1E2044A0423FF4F7ADA2427FF6B4
:101C2000C3AE98F800101AF8013F502905D1A3F16E
:101C30004101192998BF2033DBB23B550134EAE753
:101C40000322336993FBF2F3764A01338CE673681F
:101C5000754A0093B368291B381900F011FC9DE602
:101C6000336A002B79DB714803F024FCB9F1000FD3
:101C700001D100F0C9F901F0A9FE336A4FF0010962
:101C8000002B4FF02803D4BF0022012202FB0333B4
:101C9000C3586648C3F1000A03F014FC7269291B9B
:101CA0003819B2F145034FEAE27C6CF1000CBCF14B
:101CB000000F02DA03334CF1000C02F1FF3E4FF04B
:101CC000640B9B089EFBFBFE43EA8C734FF4C87BBE
:101CD0004FEAAC0CB3EB0E036CEBEE7C02F22B1E66
:101CE000463A9EFBFBFE13EB0E03D6F804B04CEB1A
:101CF000EE7C40F26D1E0EFB02F24FF0180E9B18A8
:101D00004CEBE27CF2699B184CEBE27CA3FB0E23CC
:101D10000EFB0C33D6F808C012EB0C0243EBEC734D
:101D20004FF03C0CA2FB0C2E0CFB03EE12EB0B0352
:101D30004EEBEB72A3FB0CE30CFB023332681EEBA1
:101D4000020E43EBE273BEEB0A0263EBEA73CDE9EA
:101D50000023374A00F094FB20E64FF0000A9DE78D
:101D6000336864E66B1E9C42BFF41EAE09233EE757
:101D70003368304A019373680093B368E9E56B1EDA
:101D80009C42BFF411AEB3690BB937232FE7303350
:101D9000DBB22CE7F369B26907339B1A072293FB86
:101DA000F2F344E63046FFF733FCB26932B1013A50
:101DB0000028F36928DC03D10A33EEE70622F7E7AF
:101DC000D21A736940F26B71002BA8BF6FF06401E7
:101DD0000B44990714D1642093FBF0F100FB1131FF
:101DE00081B94FF4C87193FBF1F001FB1033B3FAE2
:101DF00083F35B09D21A042ACCBF3423352316E6B9
:101E00000023F7E70123F5E7012310E694F8FFFF2D
:101E1000934B0200824B0200744B0200974B02006E
:101E2000443002009C4B0200AB4B0200E801002052
:101E3000A14B0200A64B02006C4906A8CDE9023274
:101E4000EFF708F806A8EEF7FDFF06AB03EB000A74
:101E5000029B0AF1010AD3464BB106AA1354039A16
:101E6000052A01D9931F06D161495846C4E52B23A1
:101E700006AA135404230EA95E4A5046A1EB0A0198
:101E800000F0FEFA0028C8BF0AEB000BECE76B1E5F
:101E90009C42BFF489ADB3693033A8E6B2691AB188
:101EA000013AF369073378E70622FAE77269642397
:101EB000002A04DB92FBF3F103FB1123B7E502F2E6
:101EC0006C72002AB8BF5242B2FBF3F1F4E77169B9
:101ED0004948814206DA4FF02D0CA0EB010A8DF83B
:101EE00018C042E601F26C7A17E68DF8181006A9C0
:101EF0003023881C4B7043E6013A1DE6013A37E671
:101F000006A937E6336A002BFFF67FAC3B4803F0A7
:101F1000D1FAB9F1000F01D100F076F801F056FDC9
:101F2000336A002B4FF02803D4BF0022012202FBAA
:101F30000333C3583148C3F1000903F0C3FA3C210D
:101F4000381999FBF1F2002AB8BF5242B2FBF1F303
:101F500001FB13224FF46163291B0092284A99FB6D
:101F6000F3F300F08DFA0028FFF61EAD0444A542FD
:101F70007FF61AAD4FF0010947E4336A002BFFF6F4
:101F800044AC1E4803F096FAB9F1000F01D100F0FD
:101F90003BF8336A1B4A002BD4BF0023012352F8BD
:101FA0002390484609F1FF39EEF74CFF6B1E2044A1
:101FB000A04203D1114803F085FADBE7A34204D91C
:101FC00019F8012F3A550134F2E70C4803F07AFA78
:101FD000EAE46B1E9C42BFF4E7AC252307E6002D24
:101FE0003FF4E3AC00233B55DFE400BFB54B0200F8
:101FF0002C4C0200874B020094F8FFFFE801002000
:10200000BD4B0200580100202DE9F04F8DB0DFF8E4
:10201000D8A201F0DBFC0446B4480CF04EFEB44FED
:102020000546D8B9B34BCAF800001860B24BC7E9EF
:1020300000334A2100220023A562217284F8301067
:102040002565C4E90355C4E90555C4E90823C4E975
:102050000D55C4E90F55C4E912238AE00023A54AAF
:10206000002000211360A54ACAF80030A36223654E
:10207000C7E900224A22C4E90333227284F83020DF
:10208000C4E90533C4E90801C4E90D33C4E90F33D9
:10209000C4E912012B783A2B08BF01352B783C2B71
:1020A0005BD16E1C0AAB964A9649304600F014FA92
:1020B00000285EDD0A9BDA1E072A5AD8F35C3E2B05
:1020C00057D102350A9B05EB0308EB5C2D2B53D14E
:1020D00008F101084FF0FF39002308AD07AA8A492B
:1020E000ADF81E304046ADF820300AAB0393CDE981
:1020F00001350DF11E0300930AAB00F0EDF9002845
:1021000037DDBDF81E303C22BDF8206002FB0366BF
:10211000BDF81C304FF4616202FB03660A9B09FBA9
:1021200006F608EB030918F803303C2B40F0F68064
:1021300009F101080AAB754A7249404600F0CCF932
:10214000002820DC99F801303E2B1CD16C4BA66294
:10215000CAF80060C7E900330BE00AAB684A6C4973
:10216000284600F0B9F9002803DD0A9B033B072B42
:10217000A8D90DB0BDE8F08F2B2B4FF0010908BF97
:1021800008F10108A8E70A9BDA1E072AF1D818F817
:1021900003303E2BEDD109F102090A9B09EB03083C
:1021A00019F803302D2B40F0C88008F101084FF0DA
:1021B000FF39002307AA54494046ADF81C30ADF85A
:1021C0001E30ADF820300A930AABCDE902530193DB
:1021D0000DF11E0300930AAB00F07EF9002800F316
:1021E000B380A6F5616304934FF0000B0A9B08EBE4
:1021F0000305A0462B782C2B08BF013595F80090DD
:10220000B9F14D0F40F0B3800AAB0DF12602414900
:1022100028460393CDE9013209AA00920DF122026A
:1022200000F05AF90328A4D1BDF822104B1E0B2B45
:102230009FD8BDF82420531E042B9AD8BDF8263011
:10224000062B96D888F80890C8F81430C8E903120D
:102250000A9B05EB030900254FF00203ADF81E5061
:10226000ADF81C30ADF820500A9599F800302F2BAE
:102270000FD10AAB08AA284948460393CDE9013299
:102280000DF11E02009207AA00F026F9A8427FF77E
:10229000D0AEBDF81E203C21BDF8203008F1280842
:1022A00001FB0233BDF81C204FF4616101FB0233D6
:1022B00048F8103C0A9D4D44BBF1000F54D0049BDC
:1022C000606823650E4BA6623B60104B7B6001F09B
:1022D00081FBA26A236DCAF800209B1A054A18BF29
:1022E0000123136045E700BF6C1F0020C94B0200AB
:1022F00058010020701F0020933F0200214102007E
:102300009A1F0020CC4B0200014C02008E1F0020BF
:10231000DF4B0200ED4B0200004C02000AAB2B4ADF
:102320002B49484600F0D8F800287FF70FAF0A9BEA
:10233000033B072B7FF631AF1BE72B2B4FF0010937
:1023400008BF08F1010834E7BDF81E203C21BDF8A4
:10235000203001FB0233BDF81C204FF4616101FB0A
:10236000023309FB03F33EE74FF0010B42E7B9F1FB
:102370004A0F4FF00A020BA906BF01354B46442312
:102380002846059300F01CFCDDF82C90059BA94520
:10239000ADF8260014D14D23BBF1000F07D1032166
:1023A00023720223C4F814B0C4E9031353E70B22C9
:1023B00084F830300123C4E90D230023E3634AE7A6
:1023C00080B288F80830C8F8140044E78E1F002057
:1023D000DF4B020010B50C4679B109492046EEF7F3
:1023E00027FD50B107492046EEF722FD28B123789A
:1023F0000448002B18BF002010BD0248FCE700BFB6
:10240000134C0200EF36020010B5837804469B0699
:1024100012D5436983B19847002812DBA37823F0D3
:102420000803A3704FF00003D4E85F2FC4E8513FC6
:102430000029F9D1002010BD034B1D220CF07CFCBB
:102440001A504FF0FF30F6E70C00000010B583780B
:1024500004469B060AD5436943B1012200219847EF
:10246000D4E89F3F9BB203B1013810BD034B1D223E
:102470000CF062FC1A504FF0FF30F6E70C00000041
:102480000CB430B589B005460C461C22002101A8C9
:102490000CF068F9022305958DF806300D4B029378
:1024A00023462CB1B4F1004F28BF4FF00043013B4D
:1024B0001D440DAA0C9901A80695009200F0E6FBB8
:1024C00014B1059B00221A7009B0BDE8304002B07B
:1024D000704700BF1BED01000EB470B589B0054612
:1024E0001C2200210DAC01A854F8046B0CF03AF941
:1024F000012301A8224631468DF80630054B05958B
:102500000393009400F01CFE09B0BDE8704003B0D6
:10251000704700BF07ED01002DE9F84F002280460B
:10252000894618F80230511C202B00F09E81A3F13F
:102530000900042840F299812B2B0D4633D02D2B16
:1025400036D01846042440F02003692B32D06E2B7D
:1025500060D000224FF00A0A964694461346114670
:1025600014F400666BD040F02007A7F1610BBBF1BB
:10257000050F64D8573FFFB2BA4540F3F28044F0EC
:102580008006E005B6B268D5F40506F4007079D58A
:10259000002F18BF4CF0010C00B9013218F80500EB
:1025A00034460135DCE7042418F80100951CCAE71D
:1025B0004424F9E7AE4B0026AE4F13F8011B49B196
:1025C00018F80520681C42F020028A4226D0AA4A48
:1025D000934230D132463B4630463946EDF710FE45
:1025E00048B918F80530282B05D1013518F8053001
:1025F0000135292B14D1630602D507F100431F468C
:10260000B9F1000F02D04544C9F8005030463946B0
:10261000BDE8F88F994B0026994FCEE70546CCE7E9
:1026200023F02002413A192AE0D9A3F13002092A05
:10263000DCD95F2BDAD0002600270025E0E7A0F1E7
:102640003007FFB257452DDA44F0800614F480704D
:10265000B6B299D1BAF10A0F06D0BEF10F0F93DDD1
:1026600044F4C076B6B28FE7BEF1100F8CDD44F4AF
:10267000C076042FB6B287D9052F4FF0020C08BFE1
:10268000074681E700B1013AAAFB0334FB180AFBB5
:10269000014444F1000153EA01003FF47FAF0EF121
:1026A000010E7BE7FE2F5CD1A70556D52006C2D5CB
:1026B000002E40F0968053EA010005F1FF3500F04E
:1026C000D180200540F1B2803632B1F5800FC0F0E4
:1026D00091806C4FB1F5000F80F09180BA42C0F24A
:1026E0008E804CEA0303084603F00306032E04D051
:1026F00003F00606062E40F08B80043341F1000003
:10270000B0F5000FC0F084800132B2F5806F80F226
:10271000A68000234FF4801102F2FF3221F48011D1
:1027200041EA025718461E46394601F0D3F80138EF
:10273000022804D8544B22220CF0FEFA1A503046DC
:10274000394601F0C7F8013802283FF654AF4E4B26
:1027500022220CF0F1FA1A504DE744F40076B6B29A
:102760001CE740F0200004F08007782809D147B129
:1027700053EA010A05D144F400664FF0100AB6B2DC
:102780000CE7002F3FF457AF6EB3920070268642DD
:1027900091D118F805006E1C2B2804D02D2824D1C7
:1027A00044F48064A4B218F80600A0F13006092EA3
:1027B00081D8AE1C354640F2D34A00264FF00A0BB2
:1027C0005645DCBF30380BFB060618F8050001350E
:1027D000A0F13007092FF3D9670548BF764232448C
:1027E00069E72E20D1E76526D1E7A0F13007092F50
:1027F000E0D960E7DB1802F1FF32494165E75E0886
:1028000003F00103013246EAC1764908334361E728
:10281000B2F5806F23DA9B08B0F5800F4FEA900184
:1028200043EA8073BFF478AF002279E70EEB020031
:1028300010F5A27F10DDB0F59B7F10DA03F00100E8
:1028400040EA0C0001308008181841F1000100F046
:102850004FFE06460F4672E7002600276FE7002668
:10286000044F6CE700260027C5E60A4659E600BF7C
:102870004C4C02000000F07F4F4C0200494C02001B
:102880000000F87F02FCFFFF0C0000002DE9F0477C
:10289000002280460F4618F80230511C202B00F011
:1028A0008281A3F10900042840F27D812B2B0E4682
:1028B00036D02D2B39D09946002549F02003692BBD
:1028C00035D06E2B5CD000214FF00A0C08460C4628
:1028D0000A4615F4006A66D049F0200EAEF1610395
:1028E000052B60D8AEF1570E5FFA8EFEF44540F32B
:1028F000DB8045F0800315F4807F9BB262D013F437
:10290000807F03F4007572D0BEF1000F18BF44F051
:10291000010405B9013118F806901D460136D8E7C3
:10292000002518F80190961CC7E74025F9E79F4B52
:102930004FF0FF4413F8011B49B118F80620701C32
:1029400042F020028A421ED0994A934228D1214661
:102950002046EDF7CBFC48B918F80630282B05D1F6
:10296000013618F806300136292B0ED16B0601D539
:1029700004F100440FB146443E602046BDE8F087B4
:102980008C4B8D4CD6E70646D4E723F02002413A23
:10299000192AE6D9A3F13002092AE2D95F2BE0D047
:1029A00000240026E6E7A9F1300E5FFA8EFEE64528
:1029B00025DA45F0800315F480799BB29FD1BCF1F4
:1029C0000A0F05D007289ADD45F4C0739BB296E73D
:1029D000082894DD45F4C073BEF1040F9BB28ED974
:1029E000BEF1050F4FF0020408BFCE4687E705B1E0
:1029F000013902FB0CE2002A8DD001308BE7BEF1D9
:102A0000FE0F51D1AB054BD52B06C9D5BAF1000F3E
:102A100040F09480013E002A00F0C3802B0540F175
:102A2000AB801931B2F1007FC0F09380B2F1806FBA
:102A300080F0928011F17E0FC0F28E8042EA040392
:102A400003F00302032A04D003F00602062A40F032
:102A500089800433B3F1806FC0F0848001317F2915
:102A600000F39C80DC087F3124F4000444EAC15464
:102A7000204600F053FF0138022804D84F4B222291
:102A80000CF05AF91A50204600F048FF013802288D
:102A90003FF66CAF494B22220CF04EF91A5065E715
:102AA00045F400739BB236E749F0200305F0800C33
:102AB000782BE64609D1BCF1000F06D02AB945F4BF
:102AC00000634FF0100C9BB225E7BCF1000F3FF400
:102AD00067AFBAF1000F33D089004FF0700C9C45FE
:102AE00098D118F8063006F1010C2B2B04D02D2BB1
:102AF00029D145F48065ADB218F80C30A3F1300C43
:102B0000BCF1090F86D806F1020C66464FF00A099F
:102B10004FF0000CBCF1DF0FDCBF303B09FB0C3C7D
:102B200018F806300136A3F1300EBEF1090FF1D9C5
:102B30006B0548BFCCF1000C61446BE72E23CBE75B
:102B40004FF0650CCBE7A3F1300EBEF1090FDCD9D5
:102B500060E75200013965E702F00103013143EA01
:102B6000520263E77F2919DCB3F1007F4FEA930437
:102B7000BFF479AF002179E7084410F12D0F0BDB8A
:102B800027280BDC02F001002043013002EB90000B
:102B90000BF091FF044676E7002474E74FF0FF4402
:102BA00071E70024E2E60A4675E600BF574C0200D2
:102BB0005A4C0200544C02000000C07F0C00000080
:102BC000242AF0B5044601D8012A40D12E4B162202
:102BD0000CF0B2F81A5001B10C600020F0BD2F4685
:102BE0003D4615F8010B2028F9D0A0F1090603464F
:102BF000042EF4D92B282CD02D282CD10126BD1C35
:102C00007B78302B2DD1287840F02000782824D1F3
:102C100032F0100021D16B782C46102202350020B2
:102C2000392B82BF03F1FF3343F02003263B303BB7
:102C30009A421AD9A0FB02040CB9C01801D346F07D
:102C400002062F462C4617F8013B3D46E8E70746AB
:102C5000C6E70026D3E70026D3E7002A08BF0822EC
:102C6000DDE7002A08BF0A22D9E701B10C60F207AC
:102C700048BF4042B307B1D5034B22220CF05CF8A9
:102C80001A504FF0FF30A9E70C0000002DE9F04F7B
:102C900043688DB015468046029383789A0740F1C9
:102CA0000D8100240E78002E00F00A81252E0BD015
:102CB0004B1C0393013441463046029B9847002841
:102CC000C0F2F6800399EDE74E788B1C252E039316
:102CD000F0D00027B946BB46BBF11F0F38D8A6F18C
:102CE0002003102B0AD8DFE803F02A09093009096C
:102CF000092109090928092D09091F00A6F1300336
:102D0000092B33D92A2E37D11BF0400F55F8043B3D
:102D100040F08280002BA7BF4BF0200B9946C3F1F7
:102D200000094BF0280B01E04BF0010B039B13F85B
:102D3000016B0393002ECFD130E04BF0020B4BF030
:102D4000040BF3E74BF0080BF0E74BF0100BEDE74B
:102D5000BBF17F0F19D8A6F13003092BD2D81BF095
:102D6000400F03D00A2101FB0737DFE70A214BF0B0
:102D7000200B01FB0939D9E72E2E06D11BF0400F9D
:102D800040F09E804BF0400BD0E76C2E31D02BD81A
:102D9000682E36D06A2E3CD04C2E3AD0002F46F00A
:102DA0002003B8BF2BF04002A3F16501BCBF002790
:102DB0001FFA82FB022901D9612B2FD10735072782
:102DC000DFF8ACA225F0070508351BF0080F66D028
:102DD0000AEB070B56465E4563D1A4EB0A0AA9EB42
:102DE000070906EB0A026FE1742E9FD07A2E9DD060
:102DF000D4E71BF0800F18BF4BF4007B4BF0800B27
:102E000094E71BF4807F18BF4BF4007B4BF4807B6E
:102E10008CE74BF4207B89E71F4687E7A6F1630127
:102E2000122900F2F080DFE811F013004F00EE00ED
:102E3000EE00EE00EE004F00EE00EE00EE00EE00C1
:102E4000EE00FE00E900EE00EE001B00EE00AF0019
:102E500055F8043B01270DF1180A8DF81830B4E736
:102E600055F804AB834BBAF1000F08BF9A461BF02C
:102E7000400F504614BF39464FF0FF310BF0A0FC15
:102E80000746A2E741462020029B984700280FDB17
:102E9000013EB742F6D34C44B146A41B98E74E46D8
:102EA000F7E7414616F8010B029B9847002892DA93
:102EB00098F8023043F0040388F802304FF0FF34F2
:102EC00020460DB0BDE8F08F1BF0800F34D01BF40E
:102ED000007F2CD0073525F00705AA4669685AF807
:102EE000080B2BF010050029ADB237DA404245F44B
:102EF000806561EB41010DF1180B0A235A460BF076
:102F000017FDA0EB0B0301936B0662D5019B25F027
:102F100001019F4289B240F3A180002E00F0998008
:102F200015F0100240F09C80BB460D4623E0AA46F7
:102F30005AF8040BC117D4E7AA461BF4807F5AF84D
:102F4000041B01D10846F5E71BF4007F19BF48B206
:102F500041F3C01108B241F3C031C2E750EA0103A6
:102F6000C9D11BF0400FC6D0002FC4D12BF01102E5
:102F7000BB46019795B240F2064115EA01021CBF1B
:102F80000BF1010B00222CE02BF010020A231FFA98
:102F900082FB1BF0800C49D01BF4007115BF073574
:102FA000AA4625F007055AF8040B1EBFAA46696811
:102FB0005AF8080B50EA010545D12BF016051BF015
:102FC000400FADB242D0002F40D12BF01702019735
:102FD00095B215F0100248D0019B002E42D103F1AA
:102FE000010B29075AD4EB0706D5D9456FDDA9EBAC
:102FF0000B030199CB465F185B4649E04BF0100B81
:1030000010237826C5E7782B04D1C6F1780343F066
:103010001003BEE741462520029B98470028FFF693
:1030200047AF023447E608230026B2E7AA461BF45E
:1030300080715AF8040BBDD01BF400711ABFC0B2E6
:10304000614680B2B6E72BF0060295B20DF1180B7F
:1030500054E725F01105BB46ADB28CE70D46B8E745
:103060003B460D4603F1020BBBE7DDF804B082E7F7
:10307000664C02005F4C0200CDE90432414620203C
:10308000029B98470028FFF613AF049B059A013373
:103090009945F1DCA4EB0B019B46CC180AB34146E1
:1030A0003020029B98470028FFF602AF8EB901340A
:1030B0002744391B019B994224DC1D4655BB019ACC
:1030C000A9EB0B09554622441446914433E0019F75
:1030D00092E7023441463046029B98470028E7DADF
:1030E000E6E640F206410D42E2D015F0020F04F18F
:1030F0000104414614BF2B20202015F4806F18BF17
:103100002D20E9E741463020029B013498470028F2
:10311000CFDACDE606AB013D4146585D029B9847AC
:103120000028CBDAC4E641462020029B01349847B0
:103130000028FFF6BDAEA9EB0403002BF3DCC1E5CC
:103140002DE9F04F8046002089B082460292079018
:103150000D4615F8014BACB1202C17D0A4F1090392
:10316000042B13D9252C17D007A940460BF036FCA9
:10317000031EC0F2CD80DBB2A3420BD007AA4146AA
:103180000BF036FC504609B0BDE8F08F07A9404669
:103190000BF036FC2946DBE74C788D1C252CE3D060
:1031A0002A2C20D1CD1C8C780126002706E00A228B
:1031B00046F0020615F8014B02FB0737A4F1300375
:1031C000DBB2092BF3D916F0020F08BF4FF0FF371F
:1031D0006C2C33D009D8682C24D06A2C3CD04C2CD1
:1031E00035D034B9CEE70026DFE7742C31D07A2C05
:1031F0002FD021469E480BF067FD0028C2D016F064
:103200000103039311BF4FF00009029B53F8049B85
:1032100002936E2C23D1079A0023484600960BF0A8
:1032200004FCB7E72C78682C03D046F02006013563
:10323000D7E746F030066C780235D2E72C786C2C54
:1032400002D046F00406F2E746F00C06F3E746F03B
:103250000C0615F8014BC4E746F00806F9E7632CA5
:1032600018D116F0020F08BF012707A940460BF03E
:10327000B5FB00284CDBB9F1000F01D009F8010BB8
:10328000013FF2D1039B002B84D10AF1010A5FFABE
:103290008AFA7FE75B2C54D12B7800245E2B06BF83
:1032A00001354FF0010B4FF0000B07A940460BF022
:1032B00095FB00222E4605F1010E9446114616F8A4
:1032C000013BFBB1764508D05D2B12D02D2B04D1EC
:1032D00032B90B4601221946F1E7002A08BF194608
:1032E00088424FF00002F6DB9842D8BF4FF0010C45
:1032F000F1E7002805DBE34511D107AA41460BF0B1
:1033000077FBACB998F8023013F00C0F3FF43AAFEA
:10331000BAF1000F14BF50464FF0FF3033E7B9F158
:10332000000F01D009F8010B013F4FF00104BCD19F
:10333000B9F1000F01D13546A4E7002389F8003028
:10334000F9E707A940460BF05BFB0028E0DB6F2C98
:1033500058D031D8642C57D0693C18BF01242401BF
:1033600007A940460BF03AFB2B2803D02D2809D1A2
:1033700046F04006013FC5D007A940460BF02EFBA2
:103380000028BFDB30286ED17B1E049306D007A92E
:1033900040460BF023FB0028049B37DA0027BB468E
:1033A000730602D57F426BEB4B0B3A465B464846B1
:1033B00000960BF03AFB65E7732C0BD0752C0CBF15
:1033C0000A241024CCE7B9F1000F01D009F8010B51
:1033D000013F0FD007A940460BF000FB002809DB96
:1033E000202803D0A0F10903042BECD807AA4146FA
:1033F0000BF0FEFAB9F1000F3FF444AF002389F857
:1034000000303FE70824ABE70A24A9E740F0200298
:1034100046F08006782A0ED134F010020ED1BB1E81
:103420000493BBD007A940460BF0D8FA0028049BB0
:10343000B4DB102402E0002C08BF08240027BB46A0
:103440003928024682BF00F1FF3242F02002263ABC
:10345000303A94420ED807AA41460BF0C9FA320618
:103460007FF550AF9CE73B46002CE7D10A24E5E707
:103470006E4C0200A4FB077146F08006D71904FBCE
:103480000B1141F1000B013BCDE9043388D007A9B2
:1034900040460BF0A3FA0028049BD1DA80E700BF76
:1034A000F0B589B005460C46164600211C2201A83D
:1034B0001F460BF057F90223204605958DF806307C
:1034C0000A4B02932CB1B4F1004F28BF4FF00040DB
:1034D000013805443A46314601A80695FFF7D6FB68
:1034E00014B1059B00221A7009B0F0BD1BED01005C
:1034F0002DE9FF47804616460F46002900F09E80C2
:10350000B1FA81F4341B002E04F10A04C0F29E804B
:10351000304600F0CBF80444304600F0CDF8A4EB80
:10352000060905466946304600F0E6F8A9EB0503B2
:103530006A4640467D3339460BF08DFAA6428246F4
:103540000D467FDCB9F13F0F7EDC4FF0FF33A9F170
:103550002000C9F1200103FA00F003FA09F223FA6E
:1035600001F103FA09F3024328EA03030A4327EAB5
:10357000020213430CBF01200020002D00F08880C0
:10358000B5FA85F3E31A40F2FE7203F23E4393422A
:1035900000F38780002B23EAE376D4BF0122324672
:1035A000121BA2F23341A2F23447A2F25344C1F1FA
:1035B000200C2AFA01F325FA04F4C7F1200E05FACB
:1035C0000CFC25FA01F105FA0EFE43EA0C03A2F207
:1035D000544CA2F2544223432AFA07F425FA0CFC75
:1035E00044EA0E0444EA0C04C7F1200C14F0010F65
:1035F00052D0A8B14FF0FF3000FA02F200FA07F4FF
:10360000144320FA0CF2B840144303F001022AEAF2
:10361000000A25EA04054AEA020A5AEA050A3BD0EA
:10362000013341F10002C2F3130253EA020136D022
:10363000184642EA065104B0BDE8F087B0FA80F4BB
:1036400020345FE7012098E7002096E7C6F10009E3
:10365000484600F031F8241A484600F02DF8A61B21
:103660000546694648462E4400F0B8F86A4640468A
:1036700006F17C0339460BF0EEF982460D464046D2
:10368000394600F021F881458CBF0020012074E705
:10369000BAFA8AF3203375E7C1F31302C8E701369B
:1036A000C6E700200049C6E70000F07F014B584301
:1036B000C00C70474F931200024B5843C00C0130AE
:1036C000704700BF4F93120070B50346094A0020AF
:1036D0004FF0CC364FF0333506FB03F402FB0144C8
:1036E000A3FB023121449D4275EB010401D301305B
:1036F000F2E770BDCDCCCCCC1A232DE9F04FB0FB56
:10370000F3FA334E03FB1A0389B004460D4606EB69
:103710000A1653B9D6E90023C1E90023D6E902010C
:10372000C5E9020109B0BDE8F08F2A4A02EBC303E4
:10373000D3E9008904AB404649460093D6E9022309
:103740000BF081FA06AB83460F464046494600938C
:10375000D6E900230BF077FA00238146DDE9066203
:1037600016EB0B0652EB070828BF012333B1049B6D
:10377000059A013342F10002CDE90432204603915B
:1037800000F0E4F907461A2000FB0AF000F0DEF929
:103790003F1A324643464846039900970BF06EFAAB
:1037A0000D4A4FEA141C640004F01E0352F82C402A
:1037B000DC4004F003042418304641F10001DDE947
:1037C0000423C5E90041414600970BF057FAA7E7EB
:1037D00038100200680F0200403102002DE9F04F5E
:1037E0001A2700F11905DFF8E0A089B004460E465B
:1037F000B5FBF7F56F434FEA051B0AEB05153A1ABF
:103800000AD1D5E90023C1E90023D5E90201C6E9BF
:10381000020109B0BDE8F08F2C4B03EBC203D3E9E2
:10382000008904AB404649460093D5E902230BF0DA
:103830000AFA5AF80B206B68013ACDE9020106A991
:1038400063F100034046009149460BF0FCF98A46BB
:10385000029900238146DDE906526D18039952EB67
:10386000010828BF012333B1049B059A013342F1BB
:103870000002CDE90432384600F068F907462046D8
:1038800000F064F93F1A2A464346484651460097DD
:103890000BF0F4F90E4A4FEA141C640004F01E0306
:1038A00052F82C40DC4004F003040134241828466C
:1038B00041F10001DDE90423C6E9004141460097DA
:1038C0000BF0DCF9A3E700BF08110200680F02004B
:1038D000943102000B4631F0004107D190B10D4AFE
:1038E0001A40002A14BF042003207047094A1342DB
:1038F0000AD0094B994209D9914209D1B0FA80F016
:103900004009704702207047032070470420704729
:10391000002070470000F07FFFFFEF7F30F0004095
:103920000DD0A0F50003B3F1FE4F0AD3421E074BA2
:103930009A4208D9A0F1FF435842584170470220EB
:103940007047042070470320704700BFFEFF7F00D0
:103950002DE9F84F05461B48894601F0ABFD1A4B8F
:10396000D3F800B0BBF1000F06D02B461C4613F86D
:10397000012B3AB13D2AF9D1124801F0A3FD0020F4
:10398000BDE8F88F641BDA4656465AF8048BB8F146
:10399000000FF1D02246294640460BF0A2F900283C
:1039A000F2D118F8043008EB04073D2BECD1A6EB5C
:1039B0000B060448B610C9F8006001F083FD781CBE
:1039C000DEE700BFE80100206001002000487047EA
:1039D000F80B00202DE9F0470446FFF7F7FF40F20F
:1039E000B1739C4240F3AC806FF4F662A4F2B27300
:1039F0006FF4C86500F15007A11840F26D12514EE6
:103A00008910446002FB03116FF06302A4F26D732E
:103A100093FBF2F34FF4C87219446319B3FBF2F34A
:103A200002461944137A55694A2B3CD114F0030F0E
:103A300001EB050334D14FF0640E94FBFEFC0EFB4A
:103A40001C4CBCF1000F08D14FF4C87894FBF8FE71
:103A500008FB1E4EBEF1000F05D13B2DD4BF4FF029
:103A6000000C4FF0010C6344013B95694FEAE57C83
:103A7000C3FB065C936AED184CEBE373C2E9085391
:103A800028329742CED1D0E90843D0E912128C42B5
:103A90009341B4BF0123002303600120BDE8F087F8
:103AA0004FF0000CDFE7442B01D14B19DDE7A307F2
:103AB0003DD14FF0640C94FBFCF30CFB1343C3BBF0
:103AC0004FF4C87C94FBFCF30CFB1343B3FA83F371
:103AD0005B094FF00C0CDFF87080D2F80C900CFBF7
:103AE00003880B4608F1FF3C9CF801E00CF1010A49
:103AF0000CF1020CACEB080CE1451CDC03F10408F2
:103B00004FF0070C98FBFCFCCCEBCC0CA8EB0C0C9E
:103B1000B5EB0C0C156905F1FF3548BF0CF1070C2E
:103B2000C5EBC5056544754508DA2B449DE70023C0
:103B3000CFE70123CDE77344D446D5E7073DF2E74D
:103B40000020ABE7805101007A4C0200024B584341
:103B5000C00C0130704700BF4F931200704708B58A
:103B6000034600681B790121994083685B69984787
:103B700008BD08B520EAE070C117C90341EA504109
:103B8000C00340F2E733C0184FF47A724FF00003DD
:103B900041F10001ECF7DCFB03F048FB08BD10B578
:103BA000044603F0E6FB8E464A0142EAD062430136
:103BB0001B1A62EB0102920042EA93729B001B18EF
:103BC00042EB0101C90041EA5371C3F3103343EAE8
:103BD0004143C90B20686268181A2360616061EB79
:103BE000020110BD08B54FF6FF710120EDF708FC8A
:103BF00008BD38B513468568046912F4801F07D0E4
:103C000012F4402F04D012F0010F01D082F44023AF
:103C100023F4801213F0010F0AD023684FF0010C37
:103C20000CFA01FC43EA0C0323602B68984738BD6B
:103C300023684FF0010C0CFA01FC23EA0C0323600B
:103C4000F3E708B503468C4600681979DA8842EA3A
:103C50000C02FFF7CEFF08BD08B532B1012303FA0D
:103C600001F18368DB68984708BD012303FA01F17D
:103C700083681B699847F7E710B503691C6801233F
:103C80008B401C4202D0B2FA82F25209FFF7E4FFE5
:103C900010BD0020704700EBC1018368B3F5004FF1
:103CA0000AD322B14B6843F001034B6070474B6865
:103CB00023F001034B60704722B14B8843F00103AE
:103CC0004B8070474B8823F001034B807047C9003D
:103CD0008368B3F5004F03D30823194408447047A1
:103CE0000423FAE710B400EBC10C8468B4F5004F6C
:103CF00019D3DCF80C30994218D0B4F5004F21D319
:103D0000DCF80810043240F8223000EBC102B4F5B0
:103D1000004F1AD3D36000EBC3038268B2F5004FA3
:103D200015D399600CE0BCF80630E4E7C3680121C4
:103D3000914023EA0103C3600432002340F822309B
:103D400010BC7047BCF80410DCE7D380E3E799802F
:103D5000F6E7131D50F82330DBB9C3684FF0010CB0
:103D60000CFA02FC43EA0C03C360043240F8221050
:103D700000EBC1038268B2F5004F06D399608268F8
:103D8000B2F5004F03D3D96070479980F7E7D98027
:103D9000704710B500EBC30C8468B4F5004F1CD31A
:103DA000DCF8082000EBC10EB4F5004F18D3CEF8B4
:103DB00008208468B4F5004F15D3CEF80C3000EB22
:103DC000C2028368B3F5004F10D3D1608368B3F5A6
:103DD000004F0DD3CCF8081010BDBCF80420E1E76B
:103DE000AEF80420E5E7AEF80630E8E7D180EDE76D
:103DF000ACF80410F0E730B400EBC10C8468B4F503
:103E0000004F29D3DCF80450531A891A01EB5501ED
:103E10005D00B4F5004F22D3CCF804504C0000EB09
:103E2000C20C8568B5F5004F1CD3CCF804408468FB
:103E3000B4F5004F19D340F832308368B3F5004F22
:103E400016D3DCF8044002EB5402B3F5004F12D352
:103E500040F8321030BC7047BCF80250D4E7ACF8E0
:103E60000250DBE7ACF80240E1E720F83230E4E74B
:103E7000BCF80240E7E720F83210EBE730B400EB83
:103E8000C1018468B4F5004F1ED34B685B0800EB9A
:103E9000C20CB4F5004F19D3DCF8045003EB550302
:103EA0005D00B4F5004F14D34D608168B1F5004F4B
:103EB00011D3DCF8044002EB5402B1F5004F0DD3EE
:103EC00040F8323030BC70474B88DFE7BCF8025016
:103ED000E4E74D80E9E7BCF80240ECE720F8323037
:103EE000F0E78368B3F5004F04D30823C91A081A12
:103EF000C00870470423F9E708B58368B3F5004F9D
:103F000007D300EBC10252685208012A02D00022F6
:103F100000E00022A2B900EBC102B3F5004F10D3BC
:103F200052685208B3F5004F0DD308230833A2EBB3
:103F3000D3020132B2FA82F2C2F11F02FFF7D2FEBF
:103F400008BD5288EDE70423F0E708B58368B3F5B0
:103F5000004F07D300EBC10252685208012A02D079
:103F6000002200E00022A2B900EBC102B3F5004F2D
:103F700010D352685208B3F5004F0DD3082308330D
:103F8000A2EBD3020132B2FA82F2C2F11F02FFF7B2
:103F9000E0FE08BD5288EDE70423F0E7F8B50446DB
:103FA0000D46CE0000EBC1078368B3F5004F1FD369
:103FB000796805EB510104EBC102B3F5004F19D349
:103FC000536813F0010F17D0A368B3F5004F24D343
:103FD000A159691A04EBC102B3F5004F1FD353680E
:103FE00013F0010F1DD029462046FFF7AEFFF8BDA4
:103FF0007988DEE75388E4E72046FFF77DFFA36872
:10400000B3F5004F07D37A6805EB520229462046E4
:10401000FFF734FFD8E77A88F6E7A15BD9E7538842
:10402000DEE72046FFF768FFA368B3F5004F0CD327
:10403000A1592A46691A2046FFF720FFA368B3F565
:10404000004F04D3A359ED1ACDE7A15BF1E7A35BC1
:10405000F9E7F8B58568B5F5004F10D308230833A4
:10406000A1EBD3030133B3FA83F3C3F11F02C3F10E
:10407000230450F8246046B34FF0030C12E00423ED
:10408000EDE7BEF8027017E02146FFF72BFE24E0B3
:10409000BEF80640171D40F82740BCF1010C14D0B3
:1040A000A64212D0141D50F8244000EBC40EB5F502
:1040B000004FE6D3DEF80470B1EB570FE4D9B5F545
:1040C000004FE5D3DEF80C40E4E7C468C3F12002FA
:1040D000012393405B421C4001D12046F8BD94FA75
:1040E000A4F2B2FA82F2131D50F823402146FFF7E2
:1040F000F9FDF2E779B138B505682846FFF7F1FE1A
:104100000446002201462846FFF7C5FD2146284601
:10411000FFF744FF38BD704770B50568A1B30B4683
:10412000AA68B2EBD10F31D9B2F5004F1DD30822E6
:104130009C180734E40821462846FFF78AFF064604
:1041400030B305EBC003AA68B2F5004F0FD35B682C
:10415000B4EB530F0DD3012231462846FFF79BFDE8
:1041600031462846FFF7B3FD70BD0422E0E75B88C7
:10417000EEE73444224631462846FFF73CFE21460E
:104180002846FFF7E2FEE6E70020EDE70020EBE738
:104190000020E9E72DE9F041144606684B420B4048
:1041A00001F1FF3818EA01080CD0B268B2F5004FEF
:1041B00006D30822934257D21A464546984609E04C
:1041C0000422F7E70D46B368B3F5004F45D3082244
:1041D000954244D9002C62D0B368B3EBD40F60D9B8
:1041E0002919891AB3F5004F41D30823194407311F
:1041F000C9083046FFF72DFF0746002853D0014677
:104200003046FFF764FD00EB08032B44013BB3FB92
:10421000F5F303FB05F5A5EB08052C44073424F062
:10422000070429463046FFF75CFE8046A41BE410D5
:1042300087421ED306EBC803B268B2F5004F22D303
:104240005B6808EB53039C421FD301224146304672
:10425000FFF721FD2846BDE8F0810422B8E721469A
:10426000FFF75AFF0546F5E745469846B2E70423AF
:10427000BCE7024639463046FFF7BDFD39463046B9
:10428000FFF763FED6E75B88DBE722464146304610
:10429000FFF7B1FD21463046FFF757FED5E7002571
:1042A000D8E70025D6E70025D4E7F8B5B2F5802F8A
:1042B00023D30823D21ACC1D24F0070401EB020CEF
:1042C0002CF0070CACEB040C4FEADC010460A1609D
:1042D0000023E360BCF5802F11D308230833A1EB42
:1042E000D3030133B3FA83F3C3F1200EC3F12403E4
:1042F0009B00DE1DF508002308E00423DAE7042311
:10430000ECE71A1D002044F8220001337345F8DB66
:104310006B00BCF5802F32D36360BCF5802F30D3A7
:1043200000232360BCF5802F2ED3636843F0010384
:1043300063604A1B570026F00703E018BCF5802F86
:1043400027D34760A068B0F5004F24D3E5502CF088
:104350000703A444A068B0F5004F1ED30020CCF89A
:104360000400A068B0F5004F1BD3E25001222046A4
:10437000FFF791FC29462046FFF7E7FDF8BD638073
:10438000CBE700232380CDE7638843F001036380FC
:10439000CFE74780D6E7E552D9E70020ACF8020026
:1043A000DFE7E252E2E710B50C4611461A46029BDF
:1043B000A04710BD4038C0B23A288CBF0020012071
:1043C0007047F8B5064603784578847804EB830493
:1043D0000444002706E001342046ECF733FD0130A9
:1043E00004440137AF42F6D3A01BF8BD70B51446A4
:1043F00068B10D46194606462BB91046ECF722FD6A
:1044000083B2013399B22A462046B04770BD1046A8
:10441000ECF718FD0130F9E75BB32DE9F04782B006
:104420000746884691461D461A785E789C78DB7868
:1044300004EB820404EB43042C444FF0000A0AE02E
:1044400014F8013B45F823402046ECF7FBFC013013
:1044500004440AF1010AB245F2D305F108030093BE
:104460006B684A4641463846FFF79DFF02B0BDE8FB
:10447000F0876FF0150070472DE9F041044688463B
:1044800000273E4607E0702D18D02846FFF792FF20
:10449000B8B9252D0ED014F8015B75B1002EF8D0F7
:1044A0004745F0D02846FFF785FF0028F1D00137B7
:1044B0000026EEE786F00106EDE700263046BDE86F
:1044C000F0810026FAE70020704708B500F0D4FC20
:1044D00008BD0FB400B583B004A951F8040B0191D5
:1044E000FFF7F3FF03B05DF804EB04B07047036916
:1044F00013F0080F08D1C3680268934207D8436AD3
:104500009B1A0B60012070470020086070479B1ABF
:104510000B6000207047036913F0080F07D1826811
:1045200043689A4203D89B1A0B6000207047436A85
:1045300082689B1A0B600120704710B582B0044658
:1045400001A9FFF7D4FF20B1E368019A1344013BAE
:104550000193606A019BC01A013802B010BD38B5E2
:10456000036913F0040F00D138BD0446856AFFF7D4
:10457000E4FF854202D9A06AA062F5E72046FFF772
:10458000DCFFF9E7C3681944036913F0010F04D194
:10459000426A914204D3891A02E0426A013A114008
:1045A000C16023F008030361704710B400236FF368
:1045B000000343F0020361F39F03026A046842F8B8
:1045C000243003680B44026912F0010F04D1446ADD
:1045D000A34204D31B1B02E0446A013C2340036056
:1045E000C4689C420AD043681944036913F0010F60
:1045F00008D1436A994208D3C91A06E042F008027A
:104600000261F0E7436A013B1940416010BC70470A
:104610002DE9F04F83B00446019117469846056A8C
:10462000C66805EB860B15F8263003F00303022B52
:1046300024D0002100233B60C8F8003019BB236957
:1046400013F0020F75D0E36958469847824615F873
:10465000269019F001096ED015F8263013F0020FDC
:104660003BD0019BBBB962685244236913F001003F
:1046700016D1616A8A4216D3521A14E055F82610F0
:10468000C1F39D01D6E72046FFF77CFFE368A360F6
:104690004FF001094FE019462046FFF786FFE2E799
:1046A000616A01390A406260E168A268914206D0FD
:1046B000A2682260E26043F0080323613BE05244B9
:1046C00020B9616A8A4204D3521A02E0616A013950
:1046D0000A40A2604FF00009EAE701462046FFF7D2
:1046E00051FFE368A360019B23B1236A2268002184
:1046F00043F82210019B5344C8F800302268134449
:10470000226912F0010F04D1616A8B4204D35B1A53
:1047100002E0616A01390B40236042F00802226125
:1047200015F826306FF3000305F82630C7F800B0FF
:1047300001E04FF00009484603B0BDE8F08F30B407
:104740005318046914F0010F04D1456AAB4204D335
:104750005B1B02E0456A013D2B4005689D4214D079
:1047600000236FF3000343F0020362F39F03046A24
:1047700044F8213043681344026912F0010F09D153
:10478000426A934209D39B1A07E0016024F00804AF
:10479000046103E0426A013A1340436030BC704751
:1047A00038B504460D462022002109F0DBFFEB68F6
:1047B000E361AB68A3612B6823626B6863620022CC
:1047C000A2622A6922612BB1591E0B4202D142F02A
:1047D0000102226104F12C000122002102F0C3FB3E
:1047E00038BD2DE9F04F87B09A4600230593039317
:1047F000436A8B42C0F08980044689469346002371
:1048000001930126009341E001992046FFF797FFAD
:104810000023039345E0236A226803EB82010091A1
:1048200013F822106FF3000103F82210C9B26FF3DE
:10483000410103F8221023684B44226912F0010F52
:1048400004D1616A8B4204D35B1A02E0616A0139C8
:104850000B402360E168994201D0002608E042F055
:1048600008022261002603E02046FFF79EFE2E4646
:1048700088F31188BFF36F8F059929B1A3690BB134
:104880002046984700230593002E40D0EFF3118770
:10489000202383F31288BFF36F8FB846039A002A50
:1048A000B2D104A92046FFF722FE054604994945E6
:1048B000B1D20028D8D15AEA0B030BD1002ED7D0A1
:1048C0002368019303AB05AA04992046FFF7A0FED5
:1048D0000646CDE702F06BFB0028EFD1002FEDD1AB
:1048E00087F31188BFF36F8F04F12C005A465346AB
:1048F000F2F7A4FAEFF31188202383F31288BFF3B1
:104900006F8FB0FA80F67609B2E700230093009823
:1049100007B0BDE8F08F70B504460D46C369084680
:104920009847EFF31186202383F31288BFF36F8F2C
:104930002B7843F001032B7063681844236913F04C
:10494000010F04D1636A984204D3C01A02E0636A7B
:10495000013B184060602046FFF701FE86F3118896
:10496000BFF36F8F70BDF0B583B004462EE053F8EF
:10497000220080084DD143E0626A013A1340A360EF
:104980002046FFF7FFFD01231BE013F8221041F042
:10499000020103F82210A768E369304698473844BB
:1049A000236913F0010F04D1636A984204D3C01A3B
:1049B00002E0636A013B1840A060002301E000238D
:1049C0001E4685F31188BFF36F8F8BB3EFF311850C
:1049D000202383F31288BFF36F8F01A92046FFF7CE
:1049E0009AFD236AA26803EB820601990029E6D0AA
:1049F00013F8221011F0030117D00229B7D00020BC
:104A000013F8221011F0010FBFD110B9E36930463D
:104A10009847A36801460344226912F0010FABD105
:104A2000626A9342ABD39B1AA9E700231E46C8E7EC
:104A3000304603B0F0BD70B504460D46C369084664
:104A400098470146EFF31186202383F31288BFF3C2
:104A50006F8F2B786FF300032B70236913F0020F15
:104A60000AD0236AE26803EB8203AB4204D02B68CE
:104A700060F39F032B600AE02B786FF341032B70E8
:104A8000E268A3689A420BD02046FFF77BFD86F3CD
:104A90001188BFF36F8F04F12C00F2F78BF970BD12
:104AA0000B44226912F0010F04D1626A934204D3CD
:104AB0009B1A02E0626A013A1340A360E4E710B572
:104AC00082B0EFF31184202383F31288BFF36F8F3A
:104AD00001A9FFF720FD84F31188BFF36F8F0198C0
:104AE000003818BF012002B010BD01F00701838B10
:104AF00023F007030B43838370472DE9F0410646FB
:104B00000F469046816821B10C683CB131B90C4622
:104B100004E00C4602E0234621461C4669B14D687C
:104B200043463A463046A847002CF4D02368002B71
:104B3000F2D0002CF0D12346EEE7BDE8F081838B64
:104B400013F0070303D102680AB103207047022B58
:104B500003D0012B06D000207047C28B002AF8D169
:104B60000420704703680BB1052070470020704790
:104B700010B504468C46838B002A07DB03F007033D
:104B80005A1F012A0ED9042B36D010BDD0E90001DE
:104B90008CE8030000232360636001212046FFF7B7
:104BA000A4FFF2E7D0E900018CE8030000222260B4
:104BB0006260062B1BD1DCF8003053B1E28B01326E
:104BC000E2831A461B68002BF7D0002AF5D1134662
:104BD000F3E702212046FFF788FF2046FFF7AFFFEB
:104BE0000028D2D0A38B43F02003A383CDE700217C
:104BF0002046FFF77AFFF0E70021FFF776FF204617
:104C0000FFF79DFF0028C0D0A38B43F02003A383B0
:104C1000BBE750B110B50C4651B1081D00F0C1F80A
:104C200010B9A368032B06D810BD6FF015007047AC
:104C30006FF01500F8E76FF01500F5E72DE9F0418A
:104C400007460C4616461D461946201D00F0C0F8C2
:104C500028B180462B46324621463846C047BDE83B
:104C6000F0812DE9F04180460C4617461E4604E0CF
:104C700033463A464046FFF7E1FF216831B10D68FF
:104C8000256063688B42F3D16560F1E7BDE8F08190
:104C900008B5EFF311824FF0200C8CF31288BFF3AC
:104CA0006F8F81610121EDF7F7FA08BD70B138B55A
:104CB0000C46054669B10B6873B14B687BB1202285
:104CC000002109F04FFD2C61002038BD6FF0150068
:104CD00070476FF01500F8E76FF01500F5E76FF01B
:104CE0001500F2E770B505460E46FFF792FF041E69
:104CF0002EDBEFF31182202383F31288BFF36F8F33
:104D0000B5F81CC00CF0070CEB8B4FF6FF718B4213
:104D10002CD06446BCF1020F08D0BCF1060F19D8A4
:104D2000DFE80CF01E1818181E2A1E000133EB8352
:104D300001230021084628B100203060686808B3CC
:104D400006606E6009BB82F31188BFF36F8F0BBBE7
:104D5000204670BD6FF00404002319461846EAE7A8
:104D6000BCFA8CF1490900230120E4E76FF00A0442
:104D7000002319461846DEE76FF085040023194624
:104D80001846D8E76E602E60DCE702212846EDF772
:104D900083FADDE70023624631462846FFF74EFFDF
:104DA000D6E7024658B1436803F00303012B03D052
:104DB000032B07D1036843B10020906070476FF068
:104DC000150070476FF0150070476FF015007047C1
:104DD0000346426802F003028160032A03D100689F
:104DE00000225A6070470020FAE77047037813F0FA
:104DF000040F01D0002070470368C3F34A2000EB82
:104E00001350173020F007008008704710B5044693
:104E10000368DB6803B19847636801229A7110BD8B
:104E2000002070470120704708B501F052FB08BD13
:104E300008B520EAE070C117C90341EA5041C00338
:104E400040F2E733C0184FF47A724FF0000341F19B
:104E50000001EBF77DFA02F0E9F908BD08B5002280
:104E60000023FFF7BEFC08BD08B5FFF7E4FD08BD51
:104E700008B5FFF724FE08BD00B585B00391029088
:104E8000002001900090034602460146EDF76EFEB9
:104E900005B05DF804FB08B50120EDF7D3FB08BDB4
:104EA00008B5EDF763FC08BD08B5FFF734FDEDF775
:104EB000F7FC08BD0020704708B54368DA71436805
:104EC0001960436801225A71EDF7ACFB08BD70B55B
:104ED000536896689B1B8B420CD30C46154613688F
:104EE0000A460146981909F016FCAB682344AB60EA
:104EF000204670BD6FF01B00FBE770B588B10E4611
:104F000014461946054633B11030C2F34A23120D38
:104F1000184409F000FC2C606E602846EDF7FEFC9A
:104F200070BDEDF78FFBFBE72DE9F04383B006463C
:104F30000F4615461C4603F101094FEA890808F19E
:104F4000170020F007008008EDF708FC002201920E
:104F50008DF8049068B100F1140C019B0361964632
:104F600005E055F82E304CF8043B0EF1010EA64535
:104F7000F7D3002267F3881268F3532200233146E7
:104F8000FFF7BBFF03B0BDE8F08300B583B001922B
:104F9000012301AAFFF7C8FF03B05DF804FB00B5C9
:104FA00083B00092019302236A46FFF7BDFF03B06E
:104FB0005DF804FB08B5EDF72DFD08BD2DE9F041C6
:104FC00080460768856843681C685E6805E032466D
:104FD00021462846B847241A0544002CF7D1D8F8B2
:104FE000043000221A60BDE8F08138B505460C4651
:104FF0004B681A68CB689A420BD06368D3E8EF2FEE
:10500000511CC3E8E01F0028F8D1A3689D5400207C
:1050100038BD0846FFF7D2FFEFE738B504460D4626
:105020000A2805D029462046FFF7DFFF002038BDBB
:105030000D20FFF7DAFFF5E708B513460122EDF77B
:105040004FFE08BD08B513460022EDF749FE08BD26
:1050500038B505460C4601F00101FFF7F3FF214684
:105060002846EDF7CFFE38BD2DE9F04383B08046EA
:105070000E4615461F46DDF828902C46102D28BFF9
:105080001024CDF800903B46224631464046EDF7CD
:10509000CDFE26442D1BF0D103B0BDE8F0832DE9F1
:1050A000F04387B006460C469046D1F808900F882A
:1050B000C7F382170878C0F3C2050846EDF7ACFDC8
:1050C000011E1ADA0023214651F8105BC5F34A2568
:1050D0006288C2F30B12481905B90021CDF814807B
:1050E00004920390029101970022009249463046B3
:1050F000EDF7FEFE07B0BDE8F0832846EDF764FC4F
:105100000346E0E72DE9F04180460768856843687B
:105110001C685E6805E0324621462846B847241AD6
:105120000544002CF7D1D8F8043000221A60BDE8FD
:10513000F08143681B685B68196100207047436811
:105140001B681A6852685360704708B543681B684B
:105150005A68012111751868FFF7D4FF08BD08B51A
:1051600043681B681868EDF707FF08BD38B50C46A3
:1051700043681D686B681869EDF73CFA03460F2217
:1051800021462868984738BDFEE708B50146006803
:10519000EEF748F908BD08B5EEF760F9EEF78AF9C1
:1051A00008BD08B50B4601461846FEF772FD08BD5E
:1051B0000020704708B500231370CB1E092B1AD8A6
:1051C000DFE803F005090D11191919191914114611
:1051D000EEF7C6FB08BD0021EEF7B0FAFAE70021B2
:1051E000EEF736FBF6E7EEF7B7F9F3E71146EEF721
:1051F0002BFA0020EEE7EEF735FA0020EAE708B5D3
:1052000040B2EEF745FD08BD08B5013140B2EEF7FA
:105210004DFD08BD08B500210120EEF703F908BDDA
:10522000D0F8943083F30B88704761B662B680F390
:105230001188BFF36F8F704708B572B6002383F3F0
:105240001188BFF36F8F00F04EF950B1BFF34F8F4D
:1052500030BF00BF00BF00BF00BF00BF00BF00BF26
:1052600000BF62B6BFF36F8F08BD10B5044672B6BB
:10527000002383F31188BFF36F8F00F034F950B12E
:10528000BFF34F8F20BF00BF00BF00BF00BF00BFF4
:1052900000BF00BF00BF84F31188BFF36F8F62B6F9
:1052A00010BD30B4D1E90045D0E90001201A002139
:1052B00030BC704738B54A0142EAD06243011B1A3C
:1052C00062EB0102920042EA93729B001B1841EBD1
:1052D0000201CD0045EA5375DC00EEF7CDFD024634
:1052E000002320462946EBF733F838BD40E800F0AC
:1052F00010F4803F01D0C0B270476FF015007047C6
:1053000008B50B6823F01F0C0B7A03F01F0ECA6858
:1053100022F01F025B0942EA430242F001024CEA1A
:105320000E01EEF7DDFD08BD43681F2B08D913F011
:105330001F0F07D1036813F01F0F05D0002070471F
:1053400000207047002070470120704770B5044668
:105350000E46FFF7CBFF05463444601EFFF7C6FF3D
:10536000854201D1284670BD6FF01505FAE710B5EA
:1053700084B00B6800934C68B1F808C09DF8082011
:105380006CF304028DF808204989D2B261F3471208
:105390008DF8082023F01F032344013B23F01F0353
:1053A00003936946EEF7F6FD04B010BDF0B587B083
:1053B000054605A8EDF74AFE0646002422E0576898
:1053C000095827F01F0392681344013B23F01F0381
:1053D000019702919DF80C20012161F304028DF8E0
:1053E0000C20D2B2022161F347128DF80C200493F5
:1053F00001A92878EEF7CEFD002847DB2B78013392
:105400002B700134B44244D22001059901EB0412FF
:10541000D3681B0D1B05B3F5001FD0D0B3F5800F6B
:105420001BD0B3F5801FECD15768095827F01F0334
:1054300092681344013B23F01F03019702919DF8EA
:105440000C20012161F304028DF80C20D2B261F32B
:1054500047128DF80C200493CAE75768095827F0C3
:105460001F0392681344013B23F01F03019702912D
:105470009DF80C20062161F304028DF80C20D2B2B5
:105480006FF347128DF80C200493B1E76FF015000D
:1054900000E0002007B0F0BD08B5EEF76FFE08BDD4
:1054A00008B5EEF747FD08BD08B50B69496998478F
:1054B000002008BD08B54FF0FF324FF0FF33F1F781
:1054C000A3FB08BD08B5F1F71FFC08BD08B5EEF752
:1054D000CFFE002008BD08B5F1F796FB08BD08B562
:1054E000EEF788FF08BD08B5EEF746FF08BD08B522
:1054F000FFF7F5FF08BD08B5EEF728FF08BD4FF42C
:105500007F03D3F83021D3F83431072A01D00020AB
:105510007047042B03D8022B03D3002070470120CF
:1055200070470120704738B505460C464FF05023B0
:105530000122C3F814260020EEF7D2FF00212846EE
:10554000A04738BD70B5044619B10123C0F8143620
:1055500070BDFFF7D4FF18B90023C4F81436F7E77D
:105560000126C4F818660025C4F81456052001F079
:105570006BF8C4F81466304601F066F8C4F81456A7
:10558000C4F81856E4E738B505460C460120EEF796
:10559000A7FF00214FF05020FFF7D4FF002128463D
:1055A000A04738BD0346032929D8DFE801F0020DE2
:1055B0001823D3F81804C0F300400AB3D3F8183402
:1055C00003F0030313707047D3F80C04C0F30040DA
:1055D000B2B1D3F80C3403F0010313707047D3F861
:1055E0005C04C0F300405AB1D3F85C3403F001030B
:1055F00013707047D3F85404C0F300407047002084
:105600007047006901EB410189008031084470470F
:10561000406801EB410100EB81007047006900EB3D
:105620004110704708B5C9B2FFF7EBFF806800F082
:10563000070008BDEFF31182202383F31288BFF324
:105640006F8F036813F0C00301D08B4207D1012391
:105650000360002082F31188BFF36F8F70474FF013
:10566000FF30F7E7EFF31182202383F31288BFF3B3
:105670006F8F036803F0C00C03F00703012B08D001
:105680008C4509D04FF0FF3082F31188BFF36F8F44
:10569000704701600020F7E76FF07700F4E7EFF361
:1056A0001182202383F31288BFF36F8F036803F006
:1056B000C00343F00203036082F31188BFF36F8FCE
:1056C0007047F8B506460C46FFF79BFF056847682C
:1056D000002340F8083BFFF7E2FF1DB13A462146A0
:1056E0003046A847F8BD70B506461546CCB22146EF
:1056F000FFF787FF29460830FFF79CFF002806DBED
:1057000021463046FFF784FF43689847002070BD6C
:1057100008B58022FFF7E7FF08BD2DE9F0410646F6
:1057200090461F46CDB22946FFF76BFF0446069907
:105730000830FFF797FF002809DBC4F80080676096
:1057400029463046FFF764FF036898470020BDE80C
:10575000F08110B582B080240094FFF7DEFF02B024
:1057600010BD10B51446C9B2FFF758FF0021A0477D
:1057700010BD08B50120F0F701FA08BD08B50320F7
:10578000F0F7FCF908BD08B50220F0F7F7F908BDFD
:1057900008B50020F0F7F2F908BD08B5012001F0C6
:1057A00003F808BD08B5032000F0FEFF08BD08B5EA
:1057B000022000F0F9FF08BD08B5002000F0F4FF5A
:1057C00008BD08B520EAE070C117C90341EA50419D
:1057D000C00340F2E733C0184FF47A724FF0000371
:1057E00041F10001EAF7B4FD01F020FD08BD08B564
:1057F0001046F1F7DFFA08BD0B4639B111681960A0
:1058000041688A4209D0002313607047136803601F
:1058100041688A42F7D14360F5E74360F3E708B592
:105820000A460368002101E019461B682BB1934228
:10583000FAD1FFF7E1FF012000E0002008BD38B5F4
:1058400005460C460321A047002806DB0121284617
:10585000A047002800DB002038BD10F1860FFBD1E7
:10586000F4E770B504460D461646036833B1FFF7FA
:10587000D6FF70B91EB96FF0150006E032B123688B
:105880002B602560636843B1002070BD6FF0150088
:10589000FBE7002EF3D10020F7E765600020F4E776
:1058A00070B50E461546016821B10C683CB131B99E
:1058B0000C4604E00C4602E0234621461C4671B12A
:1058C0008A682A4002D04B6830469847002CF3D0B3
:1058D0002368002BF1D0002CEFD12346EDE770BDFB
:1058E0000069003818BF0120704710F0100F04D174
:1058F00010F0200F03D100207047032070470120D3
:10590000704743685B681B690B6000207047436801
:105910005B6802EA010021EA02019860D960002078
:10592000704743685B6899600020704743685B6814
:10593000D9600020704743685A68536821EA030021
:105940000B409060D36000207047B0F5800F07D007
:10595000B1F1C06F0DD0B1F1007F08D001207047C8
:10596000B1F1007F01D0052070470420704702206C
:1059700070470320704708B500690430FFF771FFD6
:1059800008BD10B500F01F044009EFF711F830B161
:10599000014600690122A2400430FFF781FF10BDDB
:1059A000002070470020704708B521B1012905D0BB
:1059B0006FF0850008BDFFF7F3FFFBE7FFF7F2FF8D
:1059C000F8E708B51146103001F0D0F908BD00B570
:1059D0004368136001E008331360136890F808C04F
:1059E000D0F804E00EEBCC0C634505D293F805C06B
:1059F0008C45F0D1002001E06FF001005DF804FB60
:105A000008B511B9EFF7A8F908BDEFF791F9FBE771
:105A100038B505460C460321A047002806DB0121C6
:105A20002846A047002800DB002038BD10F1860F73
:105A3000FBD1F4E743681B68EFF31182202181F367
:105A40001288BFF36F8FD3F8201131B10021C3F852
:105A50002011D3F820110121D96082F31188BFF3FE
:105A60006F8F704743681B68D3F88004C3F88004C5
:105A7000704743681A685B6803F00103D2F8581155
:105A800029B933B9D2F820312BB900207047012051
:105A90007047002070470120704708B503691A68F5
:105AA00013680BB15268984708BD00B587B0002352
:105AB0000193029303930493059304238DF8043018
:105AC00002910DEB0301FFF7E8FF07B05DF804FB5F
:105AD0004368187D012814BF00200120704700B5DD
:105AE00087B0026900230193029303930493059303
:105AF00002238DF8043013681B6C029313689B6CAF
:105B00000393049101A9FFF7C8FF07B05DF804FBF8
:105B100010B503691B6840680068EFF3118C4FF003
:105B2000200E8EF31288BFF36F8F1C6CACB1DC6C4F
:105B3000B4B9D9641A65C0F83415C0F83825042AF8
:105B400011D9D0F8003243EA0E03C0F80032002029
:105B50008CF31188BFF36F8F10BD6FF00C00F7E767
:105B60006FF00F00F4E70020F2E70369186820B136
:105B700001601B685A60002070476FF08500704715
:105B800000B587B000230193029303930493059318
:105B900003238DF8043003691A6843681968936D0C
:105BA000D26D134302D00423C1F8043301A9FFF7D7
:105BB00074FF07B05DF804FB43681A689B6AC2F87B
:105BC00034350523C2F838350123D362D2F81031B9
:105BD000002BFBD00023C2F81031D2F81031D2F8DC
:105BE0004C0130B10023C2F84C31D2F84C31D2F81C
:105BF0003C05C0B2704710B4445844B11A4201D1B8
:105C0000002005E0002343504358012000E000201D
:105C100010BC7047426813680069006868B9D3F81F
:105C2000100168B1126B12780A700020C3F81001DD
:105C3000D3F8102101221A6070476FF08500704779
:105C40004FF0FF30704708B520EAE070C117C90374
:105C500041EA5041C00340F2E733C0184FF47A7272
:105C60004FF0000341F10001EAF772FB01F0DEFAA8
:105C700008BD70B5064612E075B1EFF3118420231C
:105C800083F31288BFF36F8F3046FFF7F2FE98B9A7
:105C900084F31188BFF36F8F0120FFF7D4FF6424D2
:105CA0003046FFF7E6FE05460028E5D1012000F06A
:105CB000CBFC013CF4D1DFE7204670BD10B582B0CB
:105CC000044601AAFFF783FE002805DB019B22683A
:105CD00019791868EFF754F802B010BD10B5436891
:105CE0001C680021D868FFF7E9FF0823C4F80035D5
:105CF00010BD08B5026993681943916013F0030F52
:105D000000D008BDFFF7EAFFFBE710B543681C6849
:105D1000C4F84415C4F848250022C4F82021D4F85A
:105D20002011C4F85821D4F858215B6813F0040FEF
:105D300002D10123A36010BD0121FFF7DAFFF8E7CC
:105D400038B505460C4643681B684FF48002C3F81B
:105D50000423FFF78EFE20B92368012283F8B820C0
:105D600038BD2368002283F8B82023684FF0FF3243
:105D7000C3F8B4202368D3F8AC20D3F8A810284681
:105D8000FFF7C3FFECE743685A6812F0040F00D036
:105D9000704710B504460021D868FFF78FFF2046F2
:105DA000FFF79CFF10BD012904D108B5FFF7EBFFF9
:105DB000002008BD6FF08500704710B50269446887
:105DC000936823EA0101916011F0030F00D010BD28
:105DD00043681B680022C3F800250121E068FFF733
:105DE0006DFFF4E730B587B004464268036919686F
:105DF00000230193029303930493059305208DF8E8
:105E0000040081F86130536813F0040F05D101A933
:105E10002046FFF742FE07B030BDEFF31185202387
:105E200083F31288BFF36F8F02212046FFF7C5FF6F
:105E300085F31188BFF36F8FE9E770B504464668B4
:105E400003691D68296C19B1FFF72FFE00232B642D
:105E500095F862306BB1002385F8623063681B6887
:105E60000022C3F80821D3F808312046FFF7BAFF13
:105E700070BD736813F0040FF0D02046FFF79CFE4E
:105E800085F86000EAE770B50E4603691D6843684F
:105E90001C6805F1080001F087FAEFF31182202356
:105EA00083F31288BFF36F8FEB6C53B1D4F80032D9
:105EB00023F02003C4F800320023C4F84C31D4F896
:105EC0004C31002385F8613016B1012385F862302A
:105ED0000123636082F31188BFF36F8F002070BDD0
:105EE00008B503691B681B6C1BB10121FFF7CBFFD1
:105EF00008BD6FF00D00FBE710B586B0044643689F
:105F00001968D1F88024002301930293039304932A
:105F1000059306238DF8043012F0010F08D112F01A
:105F2000020F14D112F0040F13D102F0080300E0A5
:105F300001238DF80830C1F8802401A92046FFF71D
:105F4000ACFD00212046FFF79EFF06B010BD0223E6
:105F5000EFE70423EDE738B50369426815681A686E
:105F6000D2F8A01051B1002482F8B8401868683007
:105F700001F01AFA0123EB60204638BD6FF00D00E6
:105F8000FBE708B5406BFFF7E6FF08BD70B50546B7
:105F900003691C6843681E6804F1080001F004FAF4
:105FA000D6F83C3594F860101944002384F860302A
:105FB000A36CC91A01D400292CDC216C2846FFF7F8
:105FC00074FDE36C2364236D63640023E364236541
:105FD000A36494F86130E3B1EFF31182202383F3DB
:105FE0001288BFF36F8F236CC3B1D6F84C3133B92D
:105FF000012333600023C6F84431D6F84431D6F883
:10600000003223F02003C6F8003282F31188BFF378
:106010006F8F70BD2846FFF762FDCEE701237360E6
:10602000F3E710B5046940682368D3F8A420D3F8D7
:10603000B010521A01D1002010BD082A28BF082232
:10604000C3F8AC202368406AC3F8A8002368D3F8DB
:10605000A010D3F8B030194408F05DFB0120EBE745
:106060002DE9F04186B00546436804691F68EFF3E7
:106070001188202282F31288BFF36F8F2268D2F832
:10608000B410002946DBD2F8B4605B6813F0040F4B
:1060900043D188F31188BFF36F8F2368D3F8A02012
:1060A000002A34D093F8B81000293FD1D3F8A810B3
:1060B0008A4206D0D3F8AC20964247D0D3F8B0300D
:1060C0001E442068683001F06FF9002301930293A9
:1060D0000393049305932368D3F8A03002930396A7
:1060E0002368D3F8A4309E4202D001238DF80430F7
:1060F0004FF48003C7F8083322680023C2F8A030A9
:106100002268C2F8A43001A92846FFF7C6FC06B0F1
:10611000BDE8F081D7F84C65B7E74FF48003C7F8C6
:10612000083301212846FFF748FEB2E7EFF3118656
:10613000202383F31288BFF36F8F21462846FFF791
:10614000FFFD86F31188BFF36F8FE0E7D3F8B0202F
:106150003244C3F8B0202846FFF763FF18B923681C
:10616000D3F8B060ADE7EFF31186202383F31288F4
:10617000BFF36F8F21462846FFF7E2FD86F31188B3
:10618000BFF36F8FC3E7436B5A6812681B691B68C4
:10619000D2F8081199B10021C2F80811D2F80821EB
:1061A000596530B583B003F10800D3E91623002404
:1061B0000025CDE90045F1F7E1FD03B030BD596D93
:1061C000013159650429ECD1012353607047D0B5E2
:1061D00082B00369426814681A68002151651B681F
:1061E00003F10800D3E9162300260027CDE9006754
:1061F000F1F7C4FD0423C4F8083302B0D0BD38B5AC
:1062000045682C686B6813F0010F23D10022082326
:10621000C4F80035EB6AC4F844350023C4F84835A7
:106220000123A36072B9D4F82031002BFBD00023E6
:10623000C4F82031D4F820310123E3604FF4807397
:10624000C4F80433D4F85831002BFBD00020C4F834
:10625000000538BD01692046EFF77AF80028F8DB21
:106260000122D4E710B50446002201210820FEF7E0
:10627000CBFF0820FEF7C3FF00212046EFF78EF882
:1062800010BD2DE9F041064643681C680769D7F840
:106290000080D4F804532B4604224FF48471204626
:1062A000FFF7A9FCE8BB2B464FF400724FF4927144
:1062B0002046FFF7A0FCC0BB2B4610224FF488718C
:1062C0002046FFF798FCA0BB15F4002F05D0D4F8AA
:1062D0004C3113B1D4F81031A3B315F4003F05D0FD
:1062E000D4F8443113B1D4F810319BB315F4807F46
:1062F00002D0D4F82031ABBB15F4800F02D0D4F813
:1063000058319BBB07F10803D3E8EF2F22F00401BB
:10631000C3E8E01F0028F7D112F0040F2AD1BDE82E
:10632000F0813046FFF753FFBDE73046FFF7E4FD4D
:10633000C2E70023C4F81031D4F810313046FFF71B
:1063400025FEC1E7C4F84C31D4F84C313046FFF794
:1063500017FCC2E7C4F84431D4F844313046FFF7A3
:106360006CFDC3E73046FFF765FBC5E73046FFF736
:1063700077FEC7E7D8F844103046FFF7B0FBD8F8EF
:1063800040103046FFF791FB0023C8F84430C8F8AE
:1063900040303046FFF726FDC1E700B5A2F5807E0C
:1063A0004FEA9E0E4FF0010C0CFA0EFC1CEA010F96
:1063B0000DD0815809B900200AE00021815082588F
:1063C0001BB11A684CEA02021A60012000E00020AA
:1063D0005DF804FB70B582B006460D4600240194BA
:1063E00009E0A20001AB02F5A07229463046FFF792
:1063F000D4FF0134E4B2032CF3D915F0010F02D01D
:10640000D6F8003143B915F0020F02D0D6F80431A6
:1064100063B9019802B070BD0023C6F80031D6F808
:106420000031019B43F001030193ECE70023C6F820
:106430000431D6F80431019B43F002030193E8E7ED
:10644000401A20F07F40704700F150039B009BB240
:1064500003F1502303F580331868003818BF01207A
:10646000704700F150039B009BB203F1502303F5EA
:10647000803300221A601B68704720F07F4070470D
:10648000EFF31180202383F31288BFF36F8F7047DF
:1064900080F31188BFF36F8F7047F0B585B0044665
:1064A00017461D46EFF718F806469DF83030029360
:1064B0000B9B01930A9B00933A462B462046EFF72D
:1064C000C9F8054631462046EFF754F8284605B08E
:1064D000F0BD08B5EFF79EF808BD08B5F1F7A0FCD0
:1064E00008BD08B5ECF7C4FDECF7D8FEFFF7F5FFE3
:1064F00008BD4FF47F03D3F83021D3F83431072A95
:1065000001D000207047023B002B04D8DFE803F0E5
:10651000010001207047002070474FF47F03D3F83B
:106520003021D3F83431072A01D000207047042BE2
:1065300007D008D8023B012B01D80120704700206A
:10654000704700207047002070474FF47F03D3F856
:106550003021D3F83431072A01D000207047023BA4
:10656000002B04D8DFE803F0010001207047002071
:1065700070474FF47F03D3F83021D3F83431072A22
:1065800001D000207047012070474FF47F03D3F8FB
:106590003021D3F83431072A01D000207047023B64
:1065A000002B04D8DFE803F0010001207047002031
:1065B00070474FF47F03D3F83021D3F83431072AE2
:1065C00001D000207047023B002B04D8DFE803F025
:1065D000010001207047002070474FF47F03D3F87B
:1065E0003021D3F83431072A01D000207047023B14
:1065F000002B04D8DFE803F00100012070470020E1
:1066000070474FF47F03D3F83021D3F83431072A91
:1066100001D000207047012070474FF47F03D3F86A
:106620003021D3F83431072A01D000207047042BE1
:1066300003D8022B03D300207047012070470120AC
:10664000704708B5804708BD08B500F09BFB08BD42
:1066500040F00040C1F88000704740F00040C1F8B1
:106660008000704738B504461546FFF7F1FF29460C
:106670002046FFF7F2FF38BD0346032929D8DFE89B
:1066800001F0020D1823D3F81804C0F300400AB338
:10669000D3F8183403F0030313707047D3F80C04D5
:1066A000C0F30040B2B1D3F80C3403F0010313700F
:1066B0007047D3F85C04C0F300405AB1D3F85C349F
:1066C00003F0010313707047D3F85404C0F3004083
:1066D0007047002070470120704708B50520EDF78E
:1066E000F9FA00B108BD0520FEF789FDFAE770B59B
:1066F00082B00646032840D8DFE800F00225191FC3
:106700000C224FF4827302214FF05020C0F808137E
:10671000024401211160034400221A601B688DF8B5
:1067200007108E4214D0002542F2107418E0242283
:106730004FF492734FF40071E6E71C224FF490730C
:106740004FF48071E0E704224FF480730121DBE70E
:106750000DF10705E8E70120FFF776FF013C0CD0BB
:106760002A4631464FF05020FFF786FF28B1002D12
:10677000F1D09DF80730012BEDD002B070BD38B5D7
:1067800004460378022B06D0012B00D000231D46BF
:106790001BB1284638BD0123F9E70020FFF7A7FF0A
:1067A000FFF799FF2070F4E708B5FFF7A0FF08BDD9
:1067B00008B5EFF7A1FA08BD10B401F5A27150F8C1
:1067C000214024F44F3424F4407440F8214050F820
:1067D0002140120202F47C521B0403F440331A439A
:1067E000144340F8214010BC704710B401F5A27169
:1067F00050F8214024F4991424F4F85440F821402E
:1068000050F82140120202F47C521B0403F440337E
:106810001A439DF804301B0503F480131A431443F4
:1068200040F8214010BC704700B5A2F5807E4FEAC9
:106830009E0E4FF0010C0CFA0EFC1CEA010F0DD05D
:10684000815809B900200AE00021815082581BB10B
:106850001A684CEA02021A60012000E000205DF88C
:1068600004FBF0B583B007460D461646002401949C
:1068700009E0E2B2920001AB02F580722946384687
:10688000FFF7D2FF0134B442F3D3002D02DB0198AD
:1068900003B0F0BD01AB4FF4BE7229463846FFF796
:1068A000C3FFF4E700B583B00021019100910B46CE
:1068B0000122EFF72BFA03B05DF804FB00B585B0B9
:1068C0008DF80F100DF10F030193002100910B467D
:1068D0000A46EFF745FA05B05DF804FB38B50D46FA
:1068E0000079EFF705FB04462846EFF7F7FA083082
:1068F00034F8100000F0010038BD38B50D460079BD
:10690000EFF7F6FA04462846EFF7E8FA083034F8CD
:106910001000C0F3401038BD38B50D460079EFF7D0
:10692000E7FA04462846EFF7D9FA083034F81000A1
:1069300010F01C0018BF012038BD38B50D46007995
:10694000EFF7D6FA04462846EFF7C8FA083034F8CD
:106950001000C0F3400038BD38B504460D46FFF7BF
:10696000ECFF30B129462046FFF7C7FF18B10120E0
:1069700000E0002038BD0020FCE708B5FFF7DDFF90
:1069800080F00100C0B208BD7047704738B50D46B1
:106990000079EFF7ADFA04462846EFF79FFA083082
:1069A00034F81000400B38BD032894BF00200120AC
:1069B000704770B506460D46002404E04FF0FF33E3
:1069C000AB4211D001342F2C0CD83079EFF790FA6C
:1069D00004F1080330F8133013F4807FEED0C3F3D2
:1069E0004323EDE7002000E0012070BD38B50446E8
:1069F0000D46FFF782FFB8B129462046FFF7BDFFDD
:106A000090B129462046FFF7C1FF22680123834049
:106A1000C2F80833226800F5A27052F8203023F043
:106A2000030342F8203003E000212846FFF746FF29
:106A300038BDF8B506460F4615460024002C03DD88
:106A40004FF0FF342046F8BD3079EFF751FA50F897
:106A50003430BB4201D00134F0E700EBC4035B6883
:106A6000AB42F8D1EEE738B50C460079EFF740FAC3
:106A700005462046EFF732FA083035F81030C3F3F8
:106A80008203042B09D0052B01D1022006E0204609
:106A9000EFF7C6F918B1032000E0032038BD02204B
:106AA000FCE710B504460846EFF718FA083034F84A
:106AB000103013F4807F04D0C3F3432304EBC300EE
:106AC00010BD0020FCE770B504460E46154600795F
:106AD000EFF70EFA86602079EFF70AFAC56070BD0D
:106AE00008B50079EFF704FA90F88C00003818BF69
:106AF000012008BD70B504460D461646FFF7FDFEA1
:106B000000B329462046FFF738FFD8B12946204672
:106B1000FFF73CFF2268830003F580739BB20021DE
:106B200099509B58226800F5A27152F8213043F029
:106B3000010342F82130B6B1226801238340C2F834
:106B4000043310E02368D3F80423002A03DB4FF05A
:106B50000042C3F8042329462046FFF784FF01467C
:106B60002846FFF7ABFE70BDF8B504460D46164645
:106B7000FFF797FF20B10768426831462846B847BB
:106B8000A3681BB1E268314628469847F8BDF8B5BE
:106B900007460E4614461D461046FFF705FF60B92E
:106BA000022D1DD002213046FFF788FE032C1BD09A
:106BB000022D17D0032D1DD0F8BD22463146384690
:106BC000FFF7D2FF3046EFF73FF9A842F4D100219A
:106BD0003046FFF773FE29463046FFF76FFEEBE7BE
:106BE0000321E0E7012CE5D1224631463846FFF784
:106BF000BBFFE1E7022CDFD1F6E770B5054608469A
:106C0000EFF76CF904462879EFF772F904F10803FD
:106C100030F8133013F4807F0BD0C3F343260834CD
:106C200023F4F85320F8143031462846FFF7C1FE0C
:106C300000B170BD2879EFF75BF9002340F83630DA
:106C40002879EFF755F931467830EEF745FFF0E750
:106C500070B504460D46FFF750FE58B12668294628
:106C60002046FFF793FE00F5A270002346F820307F
:106C700046F8203029462046FFF7BFFF2079EFF77E
:106C800037F904462846EFF729F90830002324F89D
:106C9000103070BD70B504460D461E4604984FF086
:106CA000000C01E00CF1010C84450ED25FFA8CF26D
:106CB000920002F580719208012303FA02F2154254
:106CC000F0D0002363506358ECE7002D04DA002372
:106CD000C4F87C31D4F87C3144F30730FEF78FFAE6
:106CE0000EB1C4F8045370BDF8B506460D461446FF
:106CF00019E094FAA4F3B3FA83F301229A4024EA48
:106D0000020403F13C0205EB4202978803F5A273EB
:106D100056F82300C0F30140FFF736FE024639461D
:106D20002846FFF721FF002CE3D1F8BD08B5EFF7A7
:106D3000F7F908BD08B5EFF7E3F808BD08B5FFF7A8
:106D4000C2FE08BD08B5EFF759F908BD08B5EFF761
:106D5000BBFA08BD08B5FFF7C3FE08BD08B5EFF7DD
:106D60008FFA08BD08B5EFF7A5FA08BD08B5EFF72B
:106D700089F908BD08B5FFF7BDFE08BD08B5FFF7E6
:106D800035FE08BD00B9704708B5FEF7B4FB08BD75
:106D900060B1C3685A7812F0010F03D01B781BB1A1
:106DA0000020704700207047012070470020704786
:106DB000EFF31183202383F31288BFF36F8FFEE775
:106DC00010B50446436983B1984730B100280ADB07
:106DD000FF2800DDFF20E3681870E268537843F075
:106DE0000103537010BD4042F2E70020F5E708B5FB
:106DF00007F0B8FC08BD08B507F08DFC08BD816937
:106E0000C36841EA030212F0030F10D100220261AD
:106E10004269013A02FB013304E002691A6003612E
:106E200082699B1AC2689A42F7D9002070476FF0B6
:106E3000150070470120704710B504464361826118
:106E4000C1600023C3610372FFF7D9FF002801DB93
:106E50002460646010BD2DE9F84304460D46FFF739
:106E6000E9FFB0B104F10807EFF31186202383F3A3
:106E70001288BFF36F8F2369A3B123692B6025614B
:106E8000E369013BE36186F31188BFF36F8FBDE8CF
:106E9000F883002383F31188BFF36F8F0423184610
:106EA00002DFF4E7D4F80080444517D0B8F10009B8
:106EB00018BF4FF00109B8F1000F12D1B9F1000F5E
:106EC000DBD00023C8F8AC30C8F81050404600F0C2
:106ED0000BF931463846F0F7D3FAD8E74FF00008FF
:106EE000E4E7D8F80420D8F8003013605A60002393
:106EF000C8F80030C8F8043098F80D2022F00202DB
:106F000088F80D20C8F8083008F1180000F0FEF9E4
:106F1000D4E708B5EFF31183202383F31288BFF37E
:106F20006F8FFEF789F9F5E700BF7047884200DAF6
:106F3000014611F17F0F01DB084670476FF07E00BC
:106F4000704708B5806890F90E308B4201D100205F
:106F500008BDF0F7EFF9FBE7034600209860D86022
:106F60001B605B6070473AB18A4208D38160C2609F
:106F700000604060002070476FF0150070476FF0B0
:106F800015007047F8B505460E46D41D24F00704D9
:106F90000F193946ECF77AFA073020F00700C5F8E8
:106FA0009460C5F89840C5F89C00381AF8BDEFF316
:106FB0000580003818BF012070477430704710B446
:106FC00000248460037342738173C4738461C46159
:106FD00010BC7047F0B587B00446129E139D002781
:106FE0000597109F04970F9F03970E9F02970D9F81
:106FF00001970C9F0097EFF769FFB5F1FF3F08BFBE
:10700000B6F1FF3F02D1204607B0F0BD32462B4615
:107010002046EFF73BFFF6E70020704738B50446FF
:107020000D46F0F739F8637B43F00203637335B321
:10703000A5602B689D420DD100230BE05A68626069
:10704000236014605C601AE01A4669688A420FD0B7
:107050001B687BB173B194F90E1093F90E20914225
:10706000F2D0521A002AE9DC1A46002BEDD1F0E7E3
:107070000023EEE76B68256063601C606C6038BDC0
:1070800008B5183000F042F908BD70B5064604682E
:1070900084421AD0DCB16268236813605A6000250C
:1070A00025606560637B23F002036373A56004F1D0
:1070B000180000F02BF9C4F8AC502046EFF792FF0F
:1070C0003468A642E6D12C46E4E70024E2E770BD2E
:1070D00070B5044616461D46FFF7A0FF32462B4604
:1070E0002046F0F797F870BD38B504460023EFF35B
:1070F0001185202282F31288BFF36F8F04E085F39D
:107100001188BFF36F8F012343B92046FFF784FF37
:107110000028F4D12046EFF765FFF0E738BD0023E3
:10712000EFF31181202282F31288BFF36F8F10E0FA
:107130004268036813605A60002303604360427B27
:1071400022F002024273836081F31188BFF36F8FD4
:1071500001231BB98368002BEAD1F5E7704738B5E6
:1071600004460023EFF31185202282F31288BFF337
:107170006F8F0BE0637B23F0040363732046EFF70C
:1071800031FF85F31188BFF36F8F01239BB9637BB8
:1071900013F0280FF5D1A368002BEBD062682368A9
:1071A00013605A60002323606360627B22F0020256
:1071B0006273A360DEE738BD08B501211838FFF718
:1071C000CEFF08BD01460023EFF3118C202282F38D
:1071D0001288BFF36F8F184605E000208CF31188EA
:1071E000BFF36F8F01238BB908688142F5D0002867
:1071F000F4D04268036813605A6000230360436060
:10720000427B22F0020242738360E7E7704708B5D1
:10721000EFF31180202383F31288BFF36F8FF0F711
:1072200045F908BD031D43608360704738B50446C7
:107230000D46F0F7F9F984462046B5F1FF3F08BF47
:10724000B4F1FF3F2CD04FEAEC72510141EADC610E
:107250004FEA4C13B3EB0C0361EB0201890041EAE6
:1072600093719B0013EB0C0042EB0103DB0043EA3C
:107270005073C00047F6FF72801843F10003B0F569
:10728000004F73F100020AD36FF40042824243F6CA
:10729000FF729A4105D3C00B40EA434000E0002052
:1072A00038BD6FF00040FBE710B50446F0F7AEFBC9
:1072B00048B102460369416920691B18606941EBC6
:1072C0000001136151616268236813605A600023F2
:1072D0002360636010BD10B50446F0F78DFB78B1F4
:1072E000036942691B1B62EBE472B3F1004F72F158
:1072F000000108DA002A01DB184610BD0023FBE775
:107300006FF00040F9E76FF00040F6E7F8B504468B
:107310000023EFF31187202282F31288BFF36F8FCF
:107320006FF015000CE0F0F77DFBFFF7D4FF0021B4
:10733000EEF78EFA304687F31188BFF36F8F012383
:107340001E468BB92368002BF5D0F0F755FB054698
:107350002046FFF7A9FF00224FF00043C4E90423B1
:10736000A542E0D03046E6E7F8BD08B5F0F76AFC84
:1073700008BD08B5F0F766FC08BD08B5EFF311804D
:10738000202383F31288BFF36F8FF0F78FF808BDC7
:10739000016242620023036300F118028261C2614C
:1073A000036043604363704710B50446FFF7AEFFC8
:1073B00060B9636A0BB12046984704F11800FFF7E3
:1073C00001FF18B1FFF790FEFFF7D7FF10BD10B512
:1073D00000F10C04C460046100240475FCF765FF2F
:1073E00010BD70474268511E012A08B541600ED198
:1073F00003685B6898470AE006F081FA06F0A8FA8D
:1074000005E0013101D006F0D8F9F8F765FE08BDB6
:107410000160704738B543680446B3B96068B0B9D5
:10742000E36813BBE06810BB23691BBB206958BB32
:10743000204638BD52F8250008B1FFF7D3FF0135CB
:10744000D4E90123AB42F5D8E8E70025F8E706F0D8
:1074500047F9E5E752F8250008B1FFF7C3FF01350A
:10746000D4E90232AB42F5D8DCE70025F8E706F0B4
:1074700037F9D9E700252369585908B106F030F9E2
:107480000435182DF7D1D1E706F02AF9D0E70368C3
:107490005A1E012B10B50446026006D1FFF7BAFF51
:1074A0002046BDE8104006F017B910BD10B50446DF
:1074B000F1F788FB04E0204606F00EF906F07DF9AE
:1074C000204606F009F9204610BD10B50446F1F734
:1074D0008FFB04E0204606F0FFF806F06EF9204628
:1074E00006F0FAF8204610BD10B50446F1F796FBF9
:1074F00004E0204606F0F0F806F05FF9204606F0BA
:10750000EBF8204610BD10B50446F1F7A5FB04E0EA
:10751000204606F0E1F806F050F9204606F0DCF8C7
:10752000204610BD10B50446F1F73CFC04E02046AF
:1075300006F0D2F806F041F9204606F0CDF82046D4
:1075400010BD10B50446F1F743FC04E0204606F0F8
:10755000C3F806F032F9204606F0BEF8204610BD0A
:1075600010B50446F1F798FC04E0204606F0B4F8A4
:1075700006F023F9204606F0AFF8204610BD10B5FE
:107580000446F1F79FFC04E0204606F0A5F806F05B
:1075900014F9204606F0A0F8204610BD10B50446A8
:1075A000F1F7F8FC04E0204606F096F806F005F93D
:1075B000204606F091F8204610BD009B03201A607B
:1075C0007047002070470020704704207047009BE0
:1075D00003201A6070477F2908D8D0E900329A4208
:1075E00042D05A1C0260012019707047B1F5006F3B
:1075F00010D2D0E90032D21A012A35D95A1C0260C1
:107600008A09403A1A70036801F03F015A1C803918
:107610000260E8E7B1F5803F11D2D0E90032D21A1A
:10762000022A21D95A1C02600A0B203A1A700268F9
:10763000531C0360C1F38513803B1370E3E7B1F57E
:10764000881F11D2D0E90032D21A032A0CD95A1C51
:1076500002608A0C103A1A700268531C0360C1F36E
:107660000533803B1370E2E700207047D0E9003219
:10767000F0B5D21A044661D018787F2802D80133B9
:107680002360F0BDC1283AD9DF280ED8012A55D091
:107690005A7802F0C005802D31D1A2F5425202EB9A
:1076A00080108142EDD30233EAE7EF281AD8022A8C
:1076B00044D95D7805F0C002802A20D1E02801D1AC
:1076C0009F2D1CD99A7802F0C006802E17D1A2F502
:1076D0006222803A02EB003202EB85108142D0D365
:1076E0000333CDE7F4280AD8032A27D95D7805F0BB
:1076F000C002802A03D1F02804D18F2D06D84FF084
:10770000FF30BEE7F42801D18F2DF8D89E7806F01F
:10771000C002802AF3D1DA7802F0C007802FEED1C0
:10772000A2F17272A2F5025202EB804202EB053224
:1077300002EB86108842A4D80433A1E76FF0010061
:107740009FE77F2910B508D8D0E900329A4247D088
:107750005A1C02601970012010BDB1F5006F0FD2E4
:10776000D0E90032D21A012A3AD98C0901F03F013E
:107770001A46403C803902F8024B02605970EAE731
:10778000B1F5803F12D2D0E90032D21A022A27D9AD
:107790000A0B203A1A70C1F3851201F03F01803ABA
:1077A00080395A70DA1C02609970D4E7B1F5881FED
:1077B00016D2D0E90032D21A032A11D98A0C103A13
:1077C0001A70C1F30532803A5A70C1F3851201F084
:1077D0003F01803A80399A701A1D0260D970BAE769
:1077E0000020B9E7D0E90032F0B5D21A044661D0E2
:1077F00018787F2802D801332360F0BDC1283AD918
:10780000DF280ED8012A55D05A7802F0C005802D05
:1078100031D1A2F5425202EB80108142EDD3023306
:10782000EAE7EF281AD8022A44D95D7805F0C002A9
:10783000802A20D1E02801D19F2D1CD99A7802F00E
:10784000C006802E17D1A2F56222803A02EB0032E8
:1078500002EB85108142D0D30333CDE7F4280AD858
:10786000032A27D95D7805F0C002802A03D1F028C9
:1078700004D18F2D06D84FF0FF30BEE7F42801D198
:107880008F2DF8D89E7806F0C002802AF3D1DA78DE
:1078900002F0C007802FEED1A2F17272A2F502525F
:1078A00002EB804202EB053202EB86108842A4D83C
:1078B0000433A1E76FF001009FE7B1F5803F10B5F9
:1078C000D0E900430BD29C4221D0D30789B201D426
:1078D00049BA89B2A31C03602180012010BD1B1B83
:1078E000022B14D98B0AC1F30901D207A3F5215346
:1078F000A1F510519BB289B203D45BBA49BA9BB2CD
:1079000089B2224622F8043B02606180E5E700204C
:10791000E4E773B51E46079B14460093089B01934A
:10792000A642254607D10020069B009A1D60099BB0
:107930001A6002B070BD21682C1DB1F5881F06D2F7
:107940006846FFF7FEFE0028EAD10120ECE702209E
:10795000EAE72DE9F0410E4604461946174630463F
:10796000069DF1F745FB30BB0120BDE8F081198889
:10797000A1F55840B0F5806F23D2012D29D0D21A3D
:10798000022A1CD95B88A3F55C42B2F5806F20D235
:10799000A3F157734FF00208A3F5773303EB81216E
:1079A000B94216D83046FFF716FE0028DCD023680F
:1079B00003EB48032360D4E900329A42D7D1002078
:1079C000D3E7A1F55C43B3F5806F02D34FF0010814
:1079D000E6E70220C9E770B50D460446194616468B
:1079E0002846F1F705FB60B9012070BD19688E4289
:1079F0000DD32846FFF7EFFD0028F5D023680433A8
:107A00002360D4E900329A42F0D10020EDE7022051
:107A1000EBE7F8B50D46194604461646F1F730FB7C
:107A2000D4E90030984211D0D5E90072BA420DD0A5
:107A300031462046FFF71AFE831C01D1012008E0E1
:107A4000864207D33B1D2B603860E9E7C01A18BF98
:107A50000120F8BD0220FCE72DE9F8430D46194648
:107A6000044616461F46F1F70BFBD4E90089C845CA
:107A70001DD0D5E900329A4219D031462046FFF791
:107A8000F5FD831C014604D108980130C0B2BDE861
:107A9000F8838E4209D33A462846FFF70EFF0028A6
:107AA000E3D10120C4E90089F1E70220EFE70020DB
:107AB000EDE7F7B5002716461C46CDE900019DF815
:107AC00020106846F1F7DCFA7D1CB54209D30ED1CF
:107AD0004FF6FF716846A14228BF2146FFF7C6FD59
:107AE00005E021466846FFF7C1FD844202D20098B6
:107AF00003B0F0BDB0F5803F38BF3D466F1CE3E7F3
:107B000073B51D46079B14460093089B0193AC4236
:107B100007D10020069B009A1C60099B1A6002B0E6
:107B200070BD2188A1F55843B3F5806F16D22B1B89
:107B3000022BEED96288A2F55C43B3F5806F14D2B4
:107B4000A2F157720226A2F5773202EB8121684634
:107B5000FFF7F7FD58B104EB4604D8E7A1F55C4305
:107B6000B3F5806F01D30126F1E70220D2E70120AF
:107B7000D0E710B50446F1F771FB204605F0ACFDE7
:107B8000204610BD10B50446F1F772FB204605F003
:107B9000A3FD204610BD10B50446F1F773FB204647
:107BA00005F09AFD204610BD10B50446F1F774FBB0
:107BB000204605F091FD204610BDF8B50B680E4635
:107BC000074653F80C5C681C06F061F80023044675
:107BD00001462A463046F1F7EBFE002328463C607A
:107BE0006355F8BD13B5049CCDE9003413460A462D
:107BF000C1684FF0000002F01FFC02B010BD30B5AC
:107C00008BB00D4604460AA901E90C0079230EAA9F
:107C10000693129B0593119B0493109B039301AB56
:107C200092E8030083E80300099B20464FF000011F
:107C30000093089BAA6802F025FD20460BB030BDDA
:107C400030B58BB00D4604460AA901E90C006D233E
:107C50000EAA0693129B0593119B0493109B03930A
:107C600001AB92E8030083E80300099B20464FF034
:107C700000010093089BAA6802F004FD20460BB0A7
:107C800030BD30B58BB00D4604460AA901E90C00A1
:107C900077230EAA0693129B0593119B0493109BC6
:107CA000039301AB92E8030083E80300099B20469D
:107CB0004FF000010093089BAA6802F0E3FC204605
:107CC0000BB030BD30B58BB00D4604460AA901E9B2
:107CD0000C0064230EAA0693129B0593119B049338
:107CE000109B039301AB92E8030083E80300099B18
:107CF00020464FF000010093089BAA6802F0C2FCE6
:107D000020460BB030BD30B58BB00D4604460AA9F5
:107D100001E90C0074230EAA0693129B0593119B94
:107D20000493109B039301AB92E8030083E80300E4
:107D3000099B20464FF000010093089BAA6802F0BF
:107D4000A1FC20460BB030BD81684FF0000002F06E
:107D500096BCF0B591B00F4605460AAC08AE84E873
:107D60000C00002316AA07930D930EAB06930DABE0
:107D70000593199B04939DF86030039301AB92E83F
:107D8000030083E803000B9B4FF000013046009393
:107D9000BA680A9B02F0D0FC0D9B96E8030084E8C9
:107DA00003005BB91B99DDE90E23C1E9002394E8C8
:107DB000030085E80300284611B0F0BD1A9A13604D
:107DC000F5E710B58AB004460DF1280C0CE90C005B
:107DD00000230693DDE91023CDE904239DF8383014
:107DE00003930D9B02939DF830300193099B009300
:107DF000089B8A684FF0000102F0F1FC20460AB0AF
:107E000010BD0A4601694FF0000002F034BC07B50E
:107E100013460A68009301694FF0000052F80C3CC9
:107E200002F0E6FB03B05DF804FB07B5006801A9AA
:107E30000C38F1F729FE03B05DF804FBFFF7F5BF3E
:107E400010B50446006843685A1E012B426002D1F7
:107E500003685B689847204610BD10B50446F1F7EB
:107E600049FB204605F038FC204610BD10B50446FD
:107E7000F1F752FB204605F02FFC204610BD10B54F
:107E80000446F1F75DFB204605F026FC204610BDB8
:107E900010B50446F1F768FB204605F01DFC2046AE
:107EA00010BD10B50446F1F76DFB204605F014FC3B
:107EB000204610BD10B50446F1F77AFB204605F0C8
:107EC0000BFC204610BD10B50446F1F783FB20469D
:107ED00005F002FC204610BD10B50446F1F78CFBFE
:107EE000204605F0F9FB204610BD836910B5044615
:107EF00003B19847204610BD70B592B00E460446B7
:107F000008A90BAD81E80C000023199928461193AC
:107F1000F1F7D0FA0022002306954FF00001204629
:107F2000CDE904239DF860300393179B02939DF8DD
:107F300058300193099B0093089BB26802F04FFCF4
:107F400004E02846FFF7D1FF05F037FC2846FFF78D
:107F5000CCFF204612B070BD37B514460D4608461A
:107F600003F012F984F82400284603F010F90023E6
:107F7000294684F82500A36001A86361E361012319
:107F800084F8643003F006F901A904F10800FFF752
:107F900014FEE06001A8FFF748FF294601A803F09E
:107FA00000F901A904F11400FFF707FEA06101A880
:107FB000FFF73BFF294601A803F0FAF801A904F1F5
:107FC0001C00FFF7FAFD206201A8FFF72EFF03B0A7
:107FD00030BD01A8FFF729FF05F0EFFBF9E7F8E74F
:107FE00010B4084611461A46DDE90134019410BC6C
:107FF00003F003BA13B5144601A81A46049B03F014
:1080000002FA01A92046F1F755FA01A8FFF70DFF82
:1080100002B010BD01A8FFF708FF05F0CEFB37B591
:1080200014460D46084603F080F86074284603F0B5
:108030007FF8A074284603F09AF800232946E062EE
:10804000A36001A86361E3616362012384F84330A4
:1080500003F071F801A904F10800FFF7AEFDE0603C
:1080600001A8FFF7E2FE294601A803F06BF801A979
:1080700004F11400FFF7A1FDA06101A8FFF7D5FEF0
:10808000294601A803F065F801A904F11C00FFF7D7
:1080900094FD206201A8FFF7C8FE294601A803F05D
:1080A0005FF801A904F12400FFF787FDA06201A891
:1080B000FFF7BBFE284603F05DF82063284603F077
:1080C0005EF8606303B030BD01A8FFF7AEFE05F0B7
:1080D00074FBF9E7F8E7F7E737B514460D460846AD
:1080E00002F0F4FF6074284602F0F3FFA074284603
:1080F00003F00EF800232946E062A36001A8636143
:10810000E3616362012384F8433002F0E5FF01A9D3
:1081100004F10800FFF751FDE06001A8FFF785FEBC
:10812000294601A802F0DFFF01A904F11400FFF7BE
:1081300044FDA06101A8FFF778FE294601A802F0DE
:10814000D9FF01A904F11C00FFF737FD206201A847
:10815000FFF76BFE294601A802F0D3FF01A904F145
:108160002400FFF72AFDA06201A8FFF75EFE284663
:1081700002F0D1FF2063284602F0D2FF606303B013
:1081800030BD01A8FFF751FE05F017FBF9E7F8E74E
:10819000F7E713B510460C466A46C118F1F764F9C3
:1081A000049A019001A9204603F015F904E001A802
:1081B000FFF73BFE05F001FB044601A8FFF735FE83
:1081C000204602B010BDF0B587B00E4615461F46DA
:1081D0000E9803AA0F9904AC0144F1F745F90D9BE1
:1081E00004903A46009331460C9B05A8019403F095
:1081F000F5F805A92846F1F75DF905A8FFF715FE82
:108200002046FFF712FE07B0F0BD05A8FFF70DFEF0
:108210002046FFF70AFE05F0D0FAF9E708461146B6
:1082200003F0E8B8084603F047B882B0F0B587B06D
:10823000054616469DF850700FAC0D930DAB742F8C
:108240001398DDE911211ED00ED8642F2DD0029293
:10825000CDE9031094E803008DE803003146284679
:108260000CCB03F080F81AE0772F2BD00292CDE9E7
:10827000031094E803008DE80300314628460CCB38
:1082800003F08DF80BE0CDE90310029294E80300AF
:108290008DE80300314628460CCB03F010F8284641
:1082A00007B0BDE8F04002B07047CDE9031002927C
:1082B00094E803008DE80300314628460CCB03F018
:1082C0001AF8ECE7CDE90310029294E803008DE878
:1082D0000300314628460CCB03F029F8DFE782B0D3
:1082E0002DE9F04788B004461646189911AF9DF85D
:1082F0004C80DDF850909DF854A01193B1B107ADBA
:108300002846F1F731FB31462046CDE902A5CDE9FB
:10831000008997E80C0002F0C1FE2846FFF785FDB2
:10832000204608B0BDE8F04702B07047DDE91623EB
:10833000CDE9019ACDE90423CDF80080314697E8D4
:108340000C0002F091FEEBE72846FFF76EFD05F00A
:1083500034FA10B58AB00446002000931346C96869
:1083600003AA099002F072F803A92046F1F7FCFA7B
:1083700004E003A8FFF7B9FD05F01FFA03A8FFF713
:10838000B4FD20460AB010BDF0B597B08C46054646
:108390000AAC0FAE08AF84E80C0000231CAACDE99C
:1083A000063615930D930DAB05931F9B04939DF813
:1083B0007830039301AB92E8030083E803000B9B42
:1083C0004FF00001384600930A9BDCF8082002F0C9
:1083D000B3F90D9B97E8030084E80300A3B9314685
:1083E0000EA8F1F7C1FA21980EA900F089F80EA89D
:1083F000FFF71BFD94E8030085E803003046FFF714
:1084000074FD284617B0F0BD209A1360F2E730469D
:10841000FFF76BFD05F0D1F930B504468DB00020B3
:108420000B901198006850F80C5CCDE9020510988B
:10843000CDE900301346096905AA4FF0000002F0AB
:10844000F1F805A92046F1F78FFA04E005A8FFF737
:108450004CFD05F0B2F905A8FFF747FD20460DB029
:1084600030BD13460A4611B1197806F046B90846E0
:10847000704701F180410068043950F80C0C091A6A
:10848000914208B502D21846F3F796FA08BD036880
:108490008B4207D853F80C2C1344994294BF002008
:1084A0000120704701207047012A30B403D10B78B6
:1084B000037030BC7047002AFBD030BC06F02BB9EB
:1084C000012A30B403D10B78037030BC7047002A06
:1084D000FBD030BC06F02CB90B461146012B10B472
:1084E000044602D1227010BC7047002BFBD01A4604
:1084F00010BC06F037B9521A08B5FFF7D5FF08BD12
:10850000036853F8042C002AB8BF002210B5B8BF86
:1085100043F8042C0A6852F8044C002CBCBF002419
:1085200042F8044C02600B6010BD0368104610B5A1
:1085300053F80C4CA04202D34FF0FF3010BD1A5C30
:108540008A42FBD10130F5E705F0C6B82DE9F74FB7
:1085500005460068A3EB020802EB010950F80C7C09
:108560000C4650F8081C1E46B844A7EB090788457E
:1085700003D850F8043C002B1EDD01AA4046F1F759
:108580003DFA824600F10C0B24B122462968584678
:10859000FFF78AFF47B104F10C0029683A463044DE
:1085A00049445044FFF780FF286801A90C38F1F7CF
:1085B0006BFAC5F800B000E03FB9286841460C38B6
:1085C000F1F710FA03B0BDE8F08F9642F5D02644DB
:1085D00000EB09013A463044FFF772FFEDE703680C
:1085E00053F80C2C10B504466AB153F8043C002B28
:1085F00004DD00231A461946FFF7A8FF23684FF051
:10860000FF3243F8042C10BD08B5036853F8043C4E
:10861000002B01DBFFF7E3FF08BD10B50446FFF7B1
:10862000F3FF206810BD036837B5CC1A05460092E9
:10863000012300222146F1F763FA28684FF0FF3347
:1086400040F8043C204403B030BDF8B5069F1E46F8
:1086500004460D463B46FFF779FF2FB120683A46A6
:1086600031462844FFF720FF2046F8BD70B5044688
:1086700010460A46236861681844F1F7BFF922687A
:10868000054600F10C0622B104F10C013046FFF75B
:108690000BFF28462168F1F7A5F9304670BD37B5C4
:1086A0000446006850F8083C994204D850F8042C5D
:1086B000002A0DDD194650F80C2D8A1A01A9FFF782
:1086C000D5FF0546206801A90C38F1F7DDF92560D2
:1086D00003B030BDF8B50B6804460E4653F80C7C69
:1086E000E7B1036853F80C5C53F8082C3D449542FD
:1086F00003D853F8043C002B03DD29462046FFF73E
:10870000CEFF23683A46316853F80C0C1844FFF743
:10871000CBFE206829460C38F1F764F92046F8BDF5
:10872000002208B5F1F7B4FA08BD036870B553F834
:108730000C5C044653F8082C0E460135954203D8CC
:1087400053F8043C002B03DD29462046FFF7A7FF22
:108750002368294653F80C2C9E5420680C38F1F7F6
:1087600041F970BD084670470846704710B5044689
:10877000F1F7ACFA204604F0AFFF204610BD8A4264
:1087800010B5144603D0521A029805F0C4FF2046D3
:1087900010BD8A42184638B5144602D0521A05F068
:1087A000BAFF204638BD2DE9F041C0B0044600258F
:1087B0006B461F4603F8015B0135B5F5807FF9D1A3
:1087C000264640AA3946204656F81D3BD3F81C8061
:1087D0003346C0472A463146384605F0CBFF0028CD
:1087E0000CBF01230223237740B0BDE8F0818369E9
:1087F0005B5C9B0744BF2039C9B20846704770B51F
:1088000006460C461546AC4201D3284670BD336877
:10881000304621789B68984704F8010BF3E7836999
:108820005B5CDB0744BF2031C9B20846704770B5B6
:1088300006460C461546AC4201D3284670BD336847
:10884000304621781B69984704F8010BF3E78368E9
:10885000587C70478368987C70478368D86A7047F3
:108860008368002082B01B6BDAB262F30700C3F3A7
:10887000072262F30F20C3F307421B0E62F3174077
:1088800063F31F6002B070478368002082B05B6BA7
:10889000DAB262F30700C3F3072262F30F20C3F3D7
:1088A00007421B0E62F3174063F31F6002B070476C
:1088B0008368587C70478368987C70478368D86A5F
:1088C00070478368002082B01B6BDAB262F3070046
:1088D000C3F3072262F30F20C3F307421B0E62F3B8
:1088E000174063F31F6002B070478368002082B0B6
:1088F0005B6BDAB262F30700C3F3072262F30F2067
:10890000C3F307421B0E62F3174063F31F6002B00C
:108910007047836893F824007047836893F82500B4
:108920007047002070470020704770470020914238
:1089300000D3704711F8013B03EB7060F7E710B507
:108940000446F1F7FFF9204604F0C6FE204610BDAC
:1089500010B50446F1F700FA204604F0BDFE2046AB
:1089600010BD10B50446F1F701FA204604F0B4FE3C
:10897000204610BD10B50446F1F702FA204604F077
:10898000ABFE204610BD10B50446F1F707FA2046AD
:1089900004F0A2FE204610BDD0E902218A4202D294
:1089A00001328260704703689B6A1847436E0B6010
:1089B000836E4B60C36E8B60036FCB60436F0B6144
:1089C000836F4B61C36F8B61D0F88030CB61D0F87F
:1089D00084300B62D0F888304B62D0F88C308B62D8
:1089E000D0F89030CB627047D0F894300B60D0F85C
:1089F00098304B60D0F89C308B60D0F8A030CB60C2
:108A0000D0F8A4300B61D0F8A8304B61D0F8AC306E
:108A10008B61D0F8B030CB61D0F8B4300B62D0F8B5
:108A2000B8304B62D0F8BC308B62D0F8C030CB622B
:108A3000704707B50B46009200224168F7F758F9D6
:108A400003B05DF804FB10B504460068FFF7A4FF0F
:108A50004FF0FF33636010BD2DE9F0411F46037FE7
:108A600004460D46012B164607D1914213D03846D5
:108A7000521ABDE8F04105F04EBE0BB9FFF793FE68
:108A80002368324629462046D3F81CE03B46F4468C
:108A9000BDE8F0416047BDE8F081531A0F2B73B574
:108AA00004460D461646019306D9002201A9F7F7A0
:108AB000EFF8019B2060A36032462946206804F04D
:108AC0001BFC019B226800216360D15402B070BD81
:108AD0008B6810B50446D969F1F722FA204610BD1B
:108AE0008B6810B504465969F1F71AFA204610BD93
:108AF0008B6810B504469968F1F712FA204610BD4C
:108B00008B6810B50446596AF1F70AFA204610BD81
:108B10008B6810B50446D969F1F702FA204610BDFA
:108B20008B6810B504465969F1F7FAF9204610BD73
:108B30008B6810B504469968F1F7F2F9204610BD2C
:108B40008B6810B50446596AF1F7EAF9204610BD62
:108B50008B6810B50446D969F1F7E2F9204610BDDB
:108B60008B6810B504465969F1F7DAF9204610BD53
:108B70008B6810B504469968F1F7D2F9204610BD0C
:108B80002DE9F0431C4600F1080387B01546036049
:108B900000230646884643602246037202AB2946FC
:108BA00068460093FFF779FF641B6400DDE90073FA
:108BB000204607EB030905F06AF805463A462346C6
:108BC0002946404605F052FB844202460ED8441C1A
:108BD000284604F085FD204605F059F83A4601463E
:108BE00005462346404605F041FB024629463046ED
:108BF000F1F7E2F810E004F082FE284604F070FD80
:108C000005F001F804F0A4FE684604F011FB3046BC
:108C100004F00EFB04F0D1FD3846E8F713F93844B0
:108C200081450BD0471C0021304604F0D8FBC5E736
:108C3000E1E704F064FEE3E7E6E7E8E7284604F04E
:108C40004FFD684604F0F4FA304607B0BDE8F08303
:108C50002DE9F0438DB01C46804602AB6846009378
:108C6000FFF71BFF08AB149A214606A80693FFF7EF
:108C700014FFDDE90097DDE906564F442E442A46ED
:108C80004946404605F0E7FA044670B94846E8F719
:108C9000D9F881442846E8F7D5F84F4505EB00049C
:108CA0000DD1341B18BF4FF0FF3406A804F0C0FAF2
:108CB000684604F0BDFA20460DB0BDE8F083A64238
:108CC00003D009F10109651CD9E70124EDE76846E5
:108CD00004F0AEFA04F071FD03689B68184703685E
:108CE0001B69184770B5037F04460D4643B9FFF76B
:108CF0005AFD2368294620469B69BDE87040184705
:108D00000C44607F70BD70B54418164694F81D3150
:108D10003BB903681B6A98478642034618BF84F82C
:108D20001D01184670BDF0B589B004460D4606AE6B
:108D300086E80C00139A0B680592129A0492119A15
:108D400003929DF8402002920EAA92E803008DE85B
:108D5000030020469F68294696E80C00B847204645
:108D600009B0F0BDF0B589B004460D4606AE86E800
:108D70000C00139A0B680592129A0492119A0392AE
:108D80009DF8402002920EAA92E803008DE80300AD
:108D90002046DF68294696E80C00B847204609B00F
:108DA000F0BD70B588B00E68054606AC84E80C00CE
:108DB000DDE91023CDE904239DF8383002930D9BA3
:108DC00001939DF830300093B66894E80C00B047EA
:108DD000284608B070BD70B586B0054604AC84E87E
:108DE0000C000D9A0B6803929DF8302002920B9AAA
:108DF00001929DF828200092DE6894E80C00B047AC
:108E0000284606B070BD03689B6818470368DB6896
:108E100018470B6810B504461B699847204610BDDB
:108E20000B6810B504465B699847204610BD0B6877
:108E300010B504469B699847204610BD0B6810B5D5
:108E40000446DB699847204610BD03681B6A184733
:108E5000036882B05B6A02B01847036882B09B6AFD
:108E600002B0184703689B6818470368DB68184717
:108E70000B6810B504461B699847204610BD0B6867
:108E800010B504465B699847204610BD0B6810B5C5
:108E900004469B699847204610BD0B6810B50446F0
:108EA000DB699847204610BD03681B6A18470368B2
:108EB00082B05B6A02B01847036882B09B6A02B056
:108EC000184703689B6818470368DB6818470B68F6
:108ED00010B504461B699847204610BD0B6810B5B5
:108EE00004465B699847204610BD0B6810B50446E0
:108EF0009B699847204610BD03689B681847F0B5EA
:108F000089B004460D4606AE86E80C00129A0B683E
:108F10000492119A0392109A02920EAA92E8030008
:108F20008DE803002046DF68294696E80C00B84724
:108F3000204609B0F0BDF0B589B004460D4606AE36
:108F400086E80C00129A0B680492119A0392109A08
:108F500002920EAA92E803008DE8030020461F69E2
:108F6000294696E80C00B847204609B0F0BDF0B598
:108F700089B004460D4606AE86E80C00129A0B68CE
:108F80000492119A0392109A02920EAA92E8030098
:108F90008DE8030020465F69294696E80C00B84733
:108FA000204609B0F0BDF0B589B004460D4606AEC6
:108FB00086E80C00129A0B680492119A0392109A98
:108FC00002920EAA92E803008DE8030020469F69F2
:108FD000294696E80C00B847204609B0F0BDF0B528
:108FE00089B004460D4606AE86E80C00129A0B685E
:108FF0000492119A0392109A02920EAA92E8030028
:109000008DE803002046DF69294696E80C00B84742
:10901000204609B0F0BD03689B68184773B5079EEA
:1090200004460D680196069E0096ED68A847204606
:1090300002B070BD03681B69184710B40468A468C7
:10904000A44610BC604738B50D680446ED68A847D3
:10905000204638BDF7B56D460446089F85E80600F2
:109060009DF80460194636B93A46009804F0D9F8DC
:10907000874218BF01268DF8046095E8030084E854
:109080000300204603B0F0BD2DE9F04F99B0229FB8
:1090900006A9249D07F16C0405909DF88C8020465C
:1090A00081E80C00F2F756FF82462046F0F7F8FE02
:1090B0002E6890F838300446327869689A4221D098
:1090C000026BC369D0F82090099203933144334670
:1090D00099421D4606D928780133DAF81820125C27
:1090E0005207F5D4AD1BAB46002D00F0E2800EAB6D
:1090F00069000CA80C9300230D938DF8383004F010
:1091000050F909E0426B436AD0F828900992039322
:109110000029DBD00136D9E7E36AA5EB030ABAF1EF
:10912000000F1DDDE16815EA230538BF55460D9A8D
:10913000F1B100216B000CA80091F6F7D9FD73196D
:10914000A17C0C98CDE90063D4E9022302F062F916
:109150000C994FF0FF32411A0CA8F0F781FEAA4695
:10916000E36A002B1EDD617C0CA804F038F905E0F1
:1091700033460CA80095F6F7F9FDF0E7BAF1000FB9
:1091800006DBE26A06EB0A010CA8F0F715FE09E01F
:1091900094F83920CAF100010CA8FFF74AFC5A469E
:1091A0003146F1E7FD6812A805F0B00315F400752B
:1091B00004930D9B18BFA5694B441D4414AB129337
:1091C0000023690013938DF8503004F0EAF8049BF3
:1091D000BE68102B11D1B5422CBF4FF0000B4FF0E1
:1091E000010B4FF0000A09AB13F80A30042B2AD800
:1091F000DFE803F0261B060F18004FF0000BF0E726
:10920000FB689B051FD5D4E9051212A8F0F7D4FD21
:1092100019E0B9F1000F16D0039B197812A804F0D9
:10922000DEF810E0DDE90C12EFE7BBF1000F05D02E
:109230004246711B12A8FFF7FCFB04E04146EDE734
:10924000BBF1000FF4D10AF1010ABAF1040FCAD13F
:10925000B9F1010F06D9039909F1FF3212A80131C2
:10926000F0F7AAFD13998E4208D9049B711A202B9E
:109270000DD1424612A8FFF7DCFB31460AAC06AA24
:109280000091129B204606CAFFF7E4FE06E00A465C
:109290004346002112A8F0F759FEEEE794E80300D8
:1092A000069012A88DF81C1003F0C2FF0CA803F062
:1092B000BFFF0023BB6006AB93E80300059B83E878
:1092C0000300184619B0BDE8F08F12A803F0B0FFF4
:1092D0000CA803F0ADFF04F070FAF9E72DE9F04FA8
:1092E00099B0229F06A9249D07F16C0405909DF872
:1092F0008C80204681E80C00F2F72CFE8246204646
:10930000F0F76EFD2E6890F83830044632786968C0
:109310009A4221D0026BC369D0F82090099203933E
:109320003144334699421D4606D928780133DAF88C
:109330001820125C5207F5D4AD1BAB46002D00F08F
:10934000E2800EAB69000CA80C9300230D938DF8FE
:10935000383004F026F809E0426B436AD0F82890D0
:10936000099203930029DBD00136D9E7E36AA5EB24
:10937000030ABAF1000F1DDDE16815EA230538BFC5
:1093800055460D9AF1B100216B000CA80091F6F73B
:10939000AFFC7319A17C0C98CDE90063D4E90223DA
:1093A00002F038F80C994FF0FF32411A0CA8F0F790
:1093B00057FDAA46E36A002B1EDD617C0CA804F071
:1093C0000EF805E033460CA80095F6F7CFFCF0E761
:1093D000BAF1000F06DBE26A06EB0A010CA8F0F70F
:1093E000EBFC09E094F83920CAF100010CA8FFF762
:1093F00020FB5A463146F1E7FD6812A805F0B0039C
:1094000015F4007504930D9B18BFA5694B441D44CA
:1094100014AB12930023690013938DF8503003F0BE
:10942000C0FF049BBE68102B11D1B5422CBF4FF07A
:10943000000B4FF0010B4FF0000A09AB13F80A3094
:10944000042B2AD8DFE803F0261B060F18004FF084
:10945000000BF0E7FB689B051FD5D4E9051212A8A5
:10946000F0F7AAFC19E0B9F1000F16D0039B1978A8
:1094700012A803F0B4FF10E0DDE90C12EFE7BBF136
:10948000000F05D04246711B12A8FFF7D2FA04E084
:109490004146EDE7BBF1000FF4D10AF1010ABAF140
:1094A000040FCAD1B9F1010F06D9039909F1FF32AE
:1094B00012A80131F0F780FC13998E4208D9049B61
:1094C000711A202B0DD1424612A8FFF7B2FA31468D
:1094D0000AAC06AA0091129B204606CAFFF7BAFD05
:1094E00006E00A464346002112A8F0F72FFDEEE7FA
:1094F00094E80300069012A88DF81C1003F098FE63
:109500000CA803F095FE0023BB6006AB93E80300B4
:10951000059B83E80300184619B0BDE8F08F12A838
:1095200003F086FE0CA803F083FE04F046F9F9E789
:10953000F0B587B0054604AC0F9E9DF8307084E806
:109540000C000D9B9DF838200093CDE9012694E88E
:109550000C0027B1FFF798FD284607B0F0BDFFF7D4
:10956000BDFEF9E710B50446D0E9003043B1421C16
:1095700006D1184603F04CFE431C04BF00232360B1
:1095800010BD38B50D46FFF7EDFF04462846FFF73E
:10959000E9FF431C621C5842584154425441011B8C
:1095A0004842484138BD08B5FFF7EBFF80F00100A5
:1095B000C0B208BD2DE9F74F05466C464FF00009D3
:1095C000DDF840A04FF00A0B4E46DDE9120784E8B3
:1095D0000C006C30F2F7BEFC80460CA92046FFF769
:1095E000E2FF70B1119B9E420BD02046FFF7BAFFFD
:1095F0002A22C1B24046FFF786FB3038C2B2092AA0
:1096000010D9C6B10F9A914515DBD14513DC0E9ADE
:10961000C2F8009094E8030085E80300284603B0F0
:10962000BDE8F08F0BFB0909D145EADC2046013685
:10963000FFF709FAD1E73B6843F004033B60E9E731
:109640002DE9F04F8DB000AFF86107F12004F86EFE
:109650006C3084E80C00F2F77DFC6B46BA6E054670
:1096600007F158012046A3EBC2039D46DB08E846FC
:10967000BB61FFF798FF002800F07281BB6E2046A7
:109680004FF0000B9B007B61BB6E08EB8309FFF77B
:1096900069FFC4B228462146FFF721FB2146064652
:1096A0002846FFF719FB5C468246BB6E9B450BD1F3
:1096B0000026012C2BD8012C40F0528107F120000C
:1096C0000136FFF7C0F9E2E07B6E284653F82B30F5
:1096D0001978FFF704FB86420FD1A3003B617B6E34
:1096E00053F82B00E7F7AEFB3B6949F8240001343F
:1096F00048F803B00BF1010BD7E77B6E284653F80F
:109700002B301978FFF7E8FA8245F3D1E5E7CB462D
:1097100009EB84005BF8043BFB625B461A46F96A7E
:109720000433D2F800C08C4507F12C0128BF0A464B
:109730009842D2F800A0C7F82CA0EFD1013607F16B
:109740002000FFF780F9B24547D107F1580107F132
:109750002000FFF728FF824600B307F12000FFF743
:1097600001FFC1B22846FFF7BAFA386107F12000BD
:10977000FFF7F8FEC1B22846FFF7AEFA0023F86003
:10978000796E58F8232051F8222059F82310B1425D
:109790005AD801339C42F3D14FF0000A002359F804
:1097A0002320911B4A424A41524509BF04F1FF342C
:1097B000013358F8242048F8232004BF59F8242006
:1097C00049F823209C42EAD8BAF1000F5BD0D9F8BF
:1097D000003001218C42FB6249D8FB6AB3427FF61C
:1097E0006AAF07F1580107F12000FFF7DCFE0028FF
:1097F0003FF461AF07F120004FF0000AFFF7B2FE1F
:10980000C1B22846FFF76BFA386107F12000FFF775
:10981000A9FEC1B22846FFF75FFAF86054457FF60B
:1098200048AF7B6E284658F82A204FEA8A0B53F837
:109830002220915DBA60FFF752FA3B69BA68834211
:109840006DD10AF1010AE9E7915D28467B60BA60B3
:10985000FFF745FA3B698342A0D0BA682846915D7C
:10986000FFF73AFAFB6883427B6892D196E75A4643
:1098700001310BF1040B1068834207F12C0398BFF0
:109880001A461368A6E7022C2CD0012C68D1D8F810
:109890000040D7E9053253F832807B6E53F824300C
:1098A00003EB0609464562D207F1580107F1200093
:1098B000FFF779FE002853D019F8011B2846FFF75F
:1098C0000EFA824607F12000FFF74CFEC1B228468F
:1098D000FFF705FA824533D107F120000136FFF783
:1098E000B2F8DFE7BB6EDB073AD4D8F80030B86EC9
:1098F000BA6EB3EB500F4FEA5201D8F8042002D2EF
:109900000B449342C2E75B1A934229D1C8F8003056
:10991000D9F80430D7E9052142F83130B7E7915D35
:109920002846FFF7D9F9FB6883428AD0013C58F8F2
:10993000242048F80B2059F8242049F80B206DE723
:1099400019F8011C2846FFF7C7F9824607F12000E5
:10995000FFF708FEC1B22846FFF7BEF98245BBD02B
:109960003B6F3A6F1B6843F00403136002E0F7D1CA
:109970003B6E1C60FB69D7E90801343783E80300BC
:109980001846BD46BDE8F08F2DE9F04F87B08146FF
:1099900000AF786D07F110066C30D7E913AB86E89D
:1099A0000C00F2F7D7FA6B46F86007F14001A3EB21
:1099B000CB0330469D46E846FFF7F5FD002800F052
:1099C000838000243046FFF7CDFD2546C3B24FEA21
:1099D0004B02A24237D1002D76D030460024FFF74B
:1099E00032F8AB00073323F00703ADEB030D6E46EF
:1099F00058F824305AF82300E7F724FA46F82400F0
:109A00000134A542F4D1012507F1400107F110000E
:109A1000FFF7C9FD58BB012C5AD13368AB425ED168
:109A2000D8F80030BA6C5B45A8BFA3EB0B031360FA
:109A300007F118031C3713E9030089E803004846BF
:109A4000BD46BDE8F08F5AF824100978994204D138
:109A500048F8254001350134BBE7F868C7E9013211
:109A6000FFF73AF97B68BA689842F4D1F0E707F15A
:109A70001000FFF777FD0023C0B219469C4207D8BB
:109A80008C42C8D007F110000135FEF7DCFFBBE7C0
:109A900056F823204FEA830E06EB830CAA4202D825
:109AA00001310133EAE758F823205AF82220525DA9
:109AB0008242F6D0013C58F8242048F80E2056F88F
:109AC0002420CCF80020D9E70024254626469BE731
:109AD000022C04D13368AB42A2D073689EE7BB6D01
:109AE000BA6D1B6843F00403A1E72DE9F04F8FB076
:109AF0004FF0000A064688460AACCDF834A008ADFF
:109B0000DDE91AB784E80C000BF16C00F2F722FAD9
:109B10000DAB0222CDF80CA08146CDE906B363233C
:109B2000CDE904320CAB029318AB93E803008DE847
:109B300003004146284694E80C00FFF73BFD0D9BCF
:109B400095E8030084E80300002B51D118A92046B2
:109B5000FFF729FD002846D02046FFF703FD2A2203
:109B6000C1B24846FFF7CFF8A0F13005EBB2092BA0
:109B700039D820464FF00A08FEF765FF0C9B18A95C
:109B8000204608FB03550C95FFF70DFD98B12046C4
:109B9000FFF7E8FC2A22C1B24846FFF7B4F8A0F16B
:109BA0003005EBB2092B06D82046FEF74CFF0C9B84
:109BB00008FB03550C950C9BA3F26C730C931C9B38
:109BC0000C9A5A6118A92046FFF7DBFC18B13B68D4
:109BD00043F002033B6094E8030086E8030030464C
:109BE0000FB0BDE8F08F0C9B442BE8DC6433E5E755
:109BF0003B6843F004033B60E4E72DE9F0439DB08C
:109C0000054688460AAC08AFDDE9269684E80C00D4
:109C100009F16C00F2F700FB83689A6C0E92DA6C23
:109C20000F921A6D10925A6D11929A6D1292DA6D0E
:109C300013921A6E1492DA6A15921A6B16925A6B74
:109C400017929A6B1892DA6B19921A6C5B6C1A92D3
:109C50001B9300230D930DABCDE9059307230493CC
:109C60000EAB03930CAB029324AB93E803008DE897
:109C700003004146384694E80C00FFF785FE0D9B33
:109C800097E8030084E803009BB9289B0C9A9A612B
:109C900024A92046FFF775FC18B1336843F002038E
:109CA000336094E8030085E8030028461DB0BDE852
:109CB000F083336843F004033360E9E72DE9F043B0
:109CC000A7B0054688460AAC08AFDDE9309684E8BF
:109CD0000C0009F16C00F2F79FFA0EAA8068114699
:109CE000FEF782FE1AA9FEF761FE00230D930DAB6D
:109CF000CDE905930C23CDE903230CAB02932EABE6
:109D000093E803008DE803004146384694E80C00D0
:109D1000FFF73AFE0D9B97E8030084E803009BB928
:109D2000329B0C9A1A612EA92046FFF72AFC18B123
:109D3000336843F00203336094E8030085E80300CE
:109D4000284627B0BDE8F083336843F0040333604E
:109D5000E9E72DE9F04F91B0054689460AACDDF8F8
:109D600078A00DAE0DF12008DDE91CB784E80C00E9
:109D70000BF16C00F2F750FA83681A690023CDF8F2
:109D800008B00F93CDE90D331AABCDE90526CDE927
:109D9000037A93E803008DE803004946404694E8BF
:109DA0000C00F0F7C9F998E8030084E80300514675
:109DB0003046F6F7B3FD1AA92046FFF7E2FB18B1CB
:109DC0003B6843F002033B6094E8030085E803002E
:109DD000284611B0BDE8F08F2DE9F04F91B005464F
:109DE00089460AACDDF878A00DAE0DF12008DDE95A
:109DF0001CB784E80C000BF16C00F2F70DFA8368D5
:109E00009A680023CDF808B00F93CDE90D331AAB53
:109E1000CDE90526CDE9037A93E803008DE8030038
:109E20004946404694E80C00F0F786F998E80300AC
:109E300084E8030051463046F6F770FD1AA9204623
:109E4000FFF79FFB18B13B6843F002033B6094E8C7
:109E5000030085E80300284611B0BDE8F08F2DE926
:109E6000F04F91B04FF00008054689460AAC9DF8C6
:109E700080709DF87CA0DDE91CB684E80C000BF135
:109E80006C00F2F767F82521C6F80080FEF72AFF7C
:109E90008DF83000002F36D18DF831A08DF832705A
:109EA00000230DAFCDF808B00DF120080F930697F1
:109EB000CDE90D330CAB05931E9BCDE903631AABC3
:109EC00093E803008DE803004946404694E80C00FF
:109ED000F0F732F998E8030084E803001E99384649
:109EE000F6F71CFD1AA92046FFF74BFB18B13368A3
:109EF00043F00203336094E8030085E8030028463A
:109F000011B0BDE8F08F8DF831708DF832A08DF86A
:109F10003380C5E72DE9F04192B00F46064608AC04
:109F20009DF8681006AD84E80C000EAA0C92002281
:109F3000DDE91B380D928DF838200CAA029318AB7E
:109F4000CDE9038289B193E803008DE80300394627
:109F5000284694E80C00F0F76DFE95E803000C9D90
:109F600084E80300EEF7F0F90FE093E803008DE8D2
:109F700003003946284694E80C00F1F755F8ECE761
:109F80000CA803F055F903F018FC0BAB42461D99E1
:109F90000B902846F6F7FAFB94E8030086E80300E6
:109FA0000CA803F045F9304612B0BDE8F0812DE968
:109FB000F04F91B006460F46DDF8749008AC9DF85E
:109FC00070B006AD09F16C00DDF87CA084E80C00EF
:109FD000F1F7C0FF0CAB80460A9300230B938DF87A
:109FE00030300AAB04931E9BCDE902931AAB93E881
:109FF00003008DE803003946284694E80C00BBF1C5
:10A00000000F12D0F0F716FE95E803000B9D84E8D0
:10A0100003006DB994E8030086E803000AA803F082
:10A0200007F9304611B0BDE8F08FF0F7FDFFEBE720
:10A030002946504603F00AFA0A994046DAF80030F9
:10A040004A19FEF709FDE5E70AA803F0F1F803F065
:10A05000B4FB03F0EDB8F8B54D680E460746681C32
:10A0600003F015FE0023044601462A463046F5F764
:10A0700013FF002328463C606355F8BD13B5049CCC
:10A08000CDE9003413460A46C1684FF00000FDF7E1
:10A09000A7FF02B010BD30B58BB00D4604460AA92B
:10A0A00001E90C0079230EAA0693129B0593119BDC
:10A0B0000493109B039301AB92E8030083E8030031
:10A0C000099B20464FF000010093089BAA68FEF709
:10A0D000ACF820460BB030BD30B58BB00D46044611
:10A0E0000AA901E90C006D230EAA0693129B0593A1
:10A0F000119B0493109B039301AB92E8030083E848
:10A100000300099B20464FF000010093089BAA68BA
:10A11000FEF78BF820460BB030BD30B58BB00D4646
:10A1200004460AA901E90C0077230EAA0693129BA4
:10A130000593119B0493109B039301AB92E80300DA
:10A1400083E80300099B20464FF000010093089B21
:10A15000AA68FEF76AF820460BB030BD30B58BB068
:10A160000D4604460AA901E90C0064230EAA0693D1
:10A17000129B0593119B0493109B039301AB92E8F0
:10A18000030083E80300099B20464FF00001009381
:10A19000089BAA68FEF749F820460BB030BD30B5E1
:10A1A0008BB00D4604460AA901E90C0074230EAADF
:10A1B0000693129B0593119B0493109B039301AB91
:10A1C00092E8030083E80300099B20464FF000015A
:10A1D0000093089BAA68FEF728F820460BB030BD14
:10A1E00081684FF00000FEF71DB8F0B591B00F4642
:10A1F00005460AAC08AE84E80C00002316AA0793B3
:10A200000D930EAB06930DAB0593199B04939DF82C
:10A210006030039301AB92E8030083E803000B9BDB
:10A220004FF0000130460093BA680A9BEFF7F6F949
:10A230000D9B96E8030084E803005BB91B99DDE9F8
:10A240000E23C1E9002394E8030085E803002846B3
:10A2500011B0F0BD1A9A1360F5E710B58AB0044644
:10A260000DF1280C0CE90C0000230693DDE9102306
:10A27000CDE904239DF8383003930D9B02939DF89C
:10A2800030300193099B0093089B8A684FF00001CE
:10A29000FEF725F820460AB010BD0A4601694FF0C6
:10A2A0000000FDF7BBBF07B50092D1E900230169AB
:10A2B0004FF00000FDF76DFF03B05DF804FB10B533
:10A2C0000446F1F73DF9204603F006FA204610BD9A
:10A2D00010B50446F1F746F9204603F0FDF9204693
:10A2E00010BD10B50446F1F751F9204603F0F4F91A
:10A2F000204610BD10B50446F1F75CF9204603F086
:10A30000EBF9204610BD10B50446F1F761F920467F
:10A3100003F0E2F9204610BD10B50446F1F76EF9DE
:10A32000204603F0D9F9204610BD10B50446F1F7D8
:10A3300077F9204603F0D0F9204610BD10B5044649
:10A34000F1F780F9204603F0C7F9204610BD70B53B
:10A3500092B00E46044608A90BAD81E80C0000231C
:10A36000199928461193F1F7C3F8002200230695A6
:10A370004FF000012046CDE904239DF8603003939F
:10A38000179B02939DF858300193099B0093089BFB
:10A39000B268FDF7A4FF04E02846FDF7A6FD03F030
:10A3A0000CFA2846FDF7A1FD204612B070BD30B56D
:10A3B00014460D4687B00846FEF783FD84F8240056
:10A3C0002846FEF781FD0023294684F82500A36076
:10A3D00068466361E361012384F86430FEF777FD2A
:10A3E000694604F10800FFF736FEE060684602F0B7
:10A3F0001FFF29466846FEF771FD694604F1140007
:10A40000FFF729FEA061684602F012FF2946684660
:10A41000FEF76BFD694604F11C00FFF71CFE20628D
:10A42000684602F005FF07B030BD684602F000FF45
:10A4300003F0C3F9F9E7F8E710B4084611461A46E5
:10A44000DDE90134019410BCFEF7F7BD10B586B00C
:10A4500014461A466846089BFEF7F5FD69462046F5
:10A46000F1F746F8684602F0E3FE06B010BD684614
:10A4700002F0DEFE03F0A1F930B514460D4687B0B8
:10A480000846FEF7EFFC60742846FEF7EEFCA07469
:10A490002846FEF709FD00232946E062A3606846CE
:10A4A0006361E3616362012384F84330FEF7E0FCFB
:10A4B000694604F10800FFF7CEFDE060684602F04F
:10A4C000B7FE29466846FEF7DAFC694604F1140037
:10A4D000FFF7C1FDA061684602F0AAFE2946684662
:10A4E000FEF7D4FC694604F11C00FFF7B4FD2062BE
:10A4F000684602F09DFE29466846FEF7CEFC694696
:10A5000004F12400FFF7A7FDA062684602F090FE68
:10A510002846FEF7CCFC20632846FEF7CDFC60639E
:10A5200007B030BD684602F083FE03F046F9F9E754
:10A53000F8E7F7E730B514460D4687B00846FEF752
:10A5400062FC60742846FEF761FCA0742846FEF7A2
:10A550007CFC00232946E062A36068466361E361F6
:10A560006362012384F84330FEF753FC694604F12B
:10A570000800FFF770FDE060684602F059FE2946CA
:10A580006846FEF74DFC694604F11400FFF763FDD1
:10A59000A061684602F04CFE29466846FEF747FC7B
:10A5A000694604F11C00FFF756FD2062684602F080
:10A5B0003FFE29466846FEF741FC694604F1240047
:10A5C000FFF749FDA062684602F032FE2846FEF71A
:10A5D0003FFC20632846FEF740FC606307B030BDB7
:10A5E000684602F025FE03F0E8F8F9E7F8E7F7E738
:10A5F00010B586B00C4611461A466846F0F750FF73
:10A60000089A69462046FEF706FD04E0684602F017
:10A610000FFE03F0D2F80446684602F009FE204619
:10A6200006B010BDF0B58FB00E4615461F4602AC01
:10A63000DDE916122046F0F733FF159B3A46314606
:10A64000009308A8149B0194FEF7E8FC08A928468B
:10A65000F0F74EFF08A802F0EBFD204602F0E8FDFF
:10A660000FB0F0BD08A802F0E3FD204602F0E0FDC7
:10A6700003F0A3F8F9E708461146FEF7DBBC0846ED
:10A68000FEF73ABC82B0F0B587B0054616469DF895
:10A6900050700FAC0D930DAB742F1398DDE91121A1
:10A6A0001ED00ED8642F2DD00292CDE9031094E86D
:10A6B00003008DE80300314628460CCBFEF773FCFF
:10A6C0001AE0772F2BD00292CDE9031094E8030013
:10A6D0008DE80300314628460CCBFEF780FC0BE0EA
:10A6E000CDE90310029294E803008DE8030031469F
:10A6F00028460CCBFEF703FC284607B0BDE8F04027
:10A7000002B07047CDE90310029294E803008DE88F
:10A710000300314628460CCBFEF70DFCECE7CDE9F3
:10A720000310029294E803008DE8030031462846A6
:10A730000CCBFEF71CFCDFE782B02DE9F0438FB0B5
:10A74000174605461E9A17AC179319AB9DF86C1067
:10A75000DDE91C089AB1CDE90482CDE9021093E845
:10A7600003008DE803003946284694E80C00FEF704
:10A77000DAFA28460FB0BDE8F04302B0704708AEE1
:10A780000DF1280C0DF118098DF82820CDE904866B
:10A79000CDE9021093E80300CDE908C28DE803007B
:10A7A0003946484694E80C00FEF7DCFAD8F8003049
:10A7B00099E8030084E803003BB194E8030085E8CE
:10A7C0000300304602F034FDD3E731461F98F0F71E
:10A7D0008FFEF2E7304602F02BFD02F0EEFF82B072
:10A7E0002DE9F0478CB0044616461C9915AF9DF82C
:10A7F0005C80DDF860909DF864A01593B1B106AD62
:10A800002846F1F785F831462046CDE902A5CDE985
:10A81000008997E80C00FEF7DEFA284602F008FDF2
:10A8200020460CB0BDE8F04702B07047DDE91A23BE
:10A83000CDE9019ACDE90423CDF80080314697E8AF
:10A840000C00FEF7AEFAEBE7284602F0F1FC02F04E
:10A85000B4FF10B58AB00446002000931346C968BF
:10A8600003AA0990FDF7C6FB03A92046F1F750F8AB
:10A8700004E003A8FDF739FB02F09FFF03A8FDF7F2
:10A8800034FB20460AB010BD2DE9F0419AB08C4649
:10A8900006460AAD13AF259C0DF1200885E80C0093
:10A8A000002320AACDE9063719930C930CAB05932E
:10A8B000239B04939DF88830039301AB92E8030037
:10A8C00083E803000B9B4FF00001404600930A9B76
:10A8D000DCF80820EEF7A2FE0C9B98E8030085E860
:10A8E0000300002B3BD139460DA8F1F711F80D9963
:10A8F0000FAB206899420E9A19D10AB102F0B8FC48
:10A900000E9B002122686360D15400230D9A0DA88C
:10A910000E93137002F08CFC95E8030086E80300A8
:10A920003846FDF7E2FA30461AB0BDE8F08104F18E
:10A93000080C6045DDF83CC005D1C4F808C0C4E986
:10A9400000120D93E1E7D4F808E0C4F808C0C4E9A8
:10A9500000120028F5D00D90CDF83CE0D5E7249A00
:10A960001360D9E73846FDF7C0FA02F026FF30B58C
:10A970008DB00025044611980B9545680395006835
:10A9800002901098CDE900301346096905AA4FF0EE
:10A990000000FDF718FC05A92046F0F7B9FF04E018
:10A9A00005A8FDF7A2FA02F008FF05A8FDF79DFA39
:10A9B00020460DB030BD82B037B506AD044685E8FF
:10A9C0000C000A9A0B680192002200921D69DDE9D1
:10A9D0000623A847204603B0BDE8304002B07047C8
:10A9E000006A03F012BFF8B50D464FF0FF3611466E
:10A9F0004FF0FF370023069A0446C0E90067C0E91C
:10AA000002331AB1012A14BF02220122286AF7F781
:10AA1000FBFC28B9286AF7F719FDC317C4E900033E
:10AA20002046F8BD0346084601211B6A03F048BFD3
:10AA300038B50C46036A05460121204603F021FF84
:10AA40000028CABF24184FF0FF3314F8013C6B6292
:10AA500038BD08B50B46016A5A1C04D01846BDE83B
:10AA6000084003F0FABE084603F0CFFE003818BFD6
:10AA70000120404208BD10B50446F0F759FF2046BA
:10AA800002F02AFE204610BD10B50446006A03F00D
:10AA9000C1FE606210BD10B50446006A03F0BAFE44
:10AAA000216ABDE8104003F02ABF4A1C10B50446D5
:10AAB000084602D1606A431C02D0216A03F01FFFDE
:10AAC0004FF0FF33636210BD0FB408B50298F0F782
:10AAD0008BFF10B50446F0F7B7FF204602F0FCFDEF
:10AAE000204610BD08B543691943F0F7B7FF08BD0C
:10AAF00008B543690B4343610369194201D003F070
:10AB000082F808BD38B5044608460D46F1F7A2FBA9
:10AB100010B12846F1F71EFAE0672846F1F784F9EC
:10AB200010B12846F1F744F9C4F880002846F1F73F
:10AB30005DF910B12846F1F71DF9C4F8840038BD5D
:10AB400038B504460D4603F0A6FB04F16C0120461F
:10AB5000FFF7D8FFA567B5FA85F500236D092367D0
:10AB6000A4F874302361656138BD70B505460E46A2
:10AB7000846904B970BDD4E901322946304698474A
:10AB80002468F6E702F0BBFE02F0E2FEF8E70131CE
:10AB900001D002F012FEF5F79FFA38B5044680693D
:10ABA00010B90023A36138BDC3685A1EC260002BD0
:10ABB000F7D1056802F090FD2846F1E710B504468C
:10ABC000F0F77EFF204602F087FD204610BD10B54D
:10ABD0000446F0F791FF204602F07EFD204610BDAE
:10ABE000D0F800C0ACF10C0CDCF800C06044EEE71B
:10ABF0000A68026052F80C2C4968815000224260B9
:10AC000070478368587C70478368987C7047836876
:10AC1000D86A70478368002082B01B6BDAB262F397
:10AC20000700C3F3072262F30F20C3F307421B0E92
:10AC300062F3174063F31F6002B07047836800201F
:10AC400082B05B6BDAB262F30700C3F3072262F3F0
:10AC50000F20C3F307421B0E62F3174063F31F601C
:10AC600002B070478368587C70478368987C70474F
:10AC70008368D86A70478368002082B01B6BDAB2A1
:10AC800062F30700C3F3072262F30F20C3F3074206
:10AC90001B0E62F3174063F31F6002B070478368B6
:10ACA000002082B05B6BDAB262F30700C3F30722C5
:10ACB00062F30F20C3F307421B0E62F3174063F3E6
:10ACC0001F6002B07047836893F824007047836860
:10ACD00093F82500704700207047002070477047A8
:10ACE0000020914200D3704711F8013B03EB7060E4
:10ACF000F7E710B50446F0F719FF204602F0ECFC28
:10AD0000204610BD10B50446F0F71AFF204602F0A9
:10AD1000E3FC204610BD10B50446F0F71BFF2046AB
:10AD200002F0DAFC204610BD10B50446F0F71CFF17
:10AD3000204602F0D1FC204610BD10B50446F0F7C5
:10AD40001DFF204602F0C8FC204610BD10B5044689
:10AD5000F0F71EFF204602F0BFFC204610BD10B5E4
:10AD60000446F0F71FFF204602F0B6FC204610BD57
:10AD700010B50446F0F720FF204602F0ADFC204657
:10AD800010BD10B50446F0F725FF204602F0A4FCE4
:10AD9000204610BD10B50446F0F72AFF204602F009
:10ADA0009BFC204610BDD0E902218A4202D201322A
:10ADB0008260704703689B6A18470A2808D82F29C1
:10ADC00018D93030C0B2814214D2A1F1300070479E
:10ADD000A1F13003092BF8D9A1F16103052B02D8A9
:10ADE000A1F157007047A1F14103052B02D8A1F151
:10ADF000370070474FF0FF30704710B504460068C9
:10AE0000FFF7D1FF4FF0FF33636010BD70B505460B
:10AE100016460C4649B10846E6F714F821183246A2
:10AE20002046F0F703FF286070BD4FF0FF31F6E7D2
:10AE30008B6813B5044601AAD969FFF7E7FF2046DE
:10AE400002B010BD8B6813B5044601AA5969FFF71B
:10AE5000DDFF204602B010BD8B6813B5044601AA81
:10AE60009968FFF7D3FF204602B010BD8B6813B579
:10AE7000044601AA596AFFF7C9FF204602B010BD77
:10AE80008B6813B5044601AAD969FFF7BFFF2046B6
:10AE900002B010BD8B6813B5044601AA5969FFF7CB
:10AEA000B5FF204602B010BD8B6813B5044601AA59
:10AEB0009968FFF7ABFF204602B010BD8B6813B551
:10AEC000044601AA596AFFF7A1FF204602B010BD4F
:10AED0008B6813B5044601AAD969FFF797FF20468E
:10AEE00002B010BD8B6813B5044601AA5969FFF77B
:10AEF0008DFF204602B010BD8B6813B5044601AA31
:10AF00009968FFF783FF204602B010BD07B50068BF
:10AF100001A90C38EEF7B8FD03B05DF804FB2DE98C
:10AF2000F0411F46037F04460D46012B164607D10C
:10AF3000914213D03846521ABDE8F04103F0EBBB02
:10AF40000BB9FDF730FC2368324629462046D3F87A
:10AF50001CE03B46F446BDE8F0416047BDE8F081A7
:10AF60002DE9F04385B01C4680460846114603AAE9
:10AF7000F0F75CFE01AA814602900C992046F0F79A
:10AF800055FE59F80C7C054650F80C6C4F44039064
:10AF900006442A464946404603F06DF9044670B916
:10AFA0004846E5F74FFF81442846E5F74BFF4F45FC
:10AFB00005EB00040DD1341B18BF4FF0FF3403A87C
:10AFC000FFF7A4FF02A8FFF7A1FF204605B0BDE8E8
:10AFD000F083A64203D009F10109651CD9E70124D9
:10AFE000EDE702A8FFF792FF02F0E7FBF0B589B0AA
:10AFF00004460D4606AE86E80C00139A0B680592CF
:10B00000129A0492119A03929DF8402002920EAA7D
:10B0100092E803008DE8030020469F68294696E8E1
:10B020000C00B847204609B0F0BDF0B589B0044621
:10B030000D4606AE86E80C00139A0B680592129A2C
:10B040000492119A03929DF8402002920EAA92E86F
:10B0500003008DE803002046DF68294696E80C00CF
:10B06000B847204609B0F0BD70B588B00E680546F7
:10B0700006AC84E80C00DDE91023CDE904239DF83B
:10B08000383002930D9B01939DF830300093B668E1
:10B0900094E80C00B047284608B070BD70B586B083
:10B0A000054604AC84E80C000D9A0B6803929DF8E9
:10B0B000302002920B9A01929DF828200092DE68BF
:10B0C00094E80C00B047284606B070BD03689B6842
:10B0D00018470368DB6818470B6810B504461B69FE
:10B0E0009847204610BD0B6810B504465B69984729
:10B0F000204610BD0B6810B504469B699847204652
:10B1000010BD0B6810B50446DB699847204610BD9A
:10B1100003681B6A1847036882B05B6A02B018476D
:10B12000036882B09B6A02B0184703689B6818479F
:10B130000368DB6818470B6810B504461B6998471D
:10B14000204610BD0B6810B504465B699847204641
:10B1500010BD0B6810B504469B699847204610BD8A
:10B160000B6810B50446DB699847204610BD03689C
:10B170001B6A1847036882B05B6A02B0184703680D
:10B1800082B09B6A02B0184703689B68184703683F
:10B19000DB6818470B6810B504461B6998472046C2
:10B1A00010BD0B6810B504465B699847204610BD7A
:10B1B0000B6810B504469B699847204610BD83680C
:10B1C0009A680A60DB684B60704783681A690A6096
:10B1D0005B694B60704783689A690A60DB694B6002
:10B1E000704783681A6A0A605B6A4B6070478368BD
:10B1F000DA6A0A601A6B4A605A6B8A609A6BCA6094
:10B20000DA6B0A611A6C4A615B6C8B617047836808
:10B210009A6C0A60DA6C4A601A6D8A605A6DCA606C
:10B220009A6D0A61DA6D4A611B6E8B6170478368A3
:10B230005A6E0A609A6E4A60DA6E8A601A6FCA6045
:10B240005A6F0A619A6F4A61DA6F8A61D3F8802077
:10B25000CA61D3F884200A62D3F888204A62D3F8FE
:10B260008C208A62D3F89030CB6270478368D3F821
:10B2700094200A60D3F898204A60D3F89C208A6012
:10B28000D3F8A020CA60D3F8A4200A61D3F8A8207C
:10B290004A61D3F8AC208A61D3F8B020CA61D3F8F0
:10B2A000B4200A62D3F8B8204A62D3F8BC208A627C
:10B2B000D3F8C030CB62704703689B681847F0B57D
:10B2C00089B004460D4606AE86E80C00129A0B685B
:10B2D0000492119A0392109A02920EAA92E8030025
:10B2E0008DE803002046DF68294696E80C00B84741
:10B2F000204609B0F0BDF0B589B004460D4606AE53
:10B3000086E80C00129A0B680492119A0392109A24
:10B3100002920EAA92E803008DE8030020461F69FE
:10B32000294696E80C00B847204609B0F0BDF0B5B4
:10B3300089B004460D4606AE86E80C00129A0B68EA
:10B340000492119A0392109A02920EAA92E80300B4
:10B350008DE8030020465F69294696E80C00B8474F
:10B36000204609B0F0BDF0B589B004460D4606AEE2
:10B3700086E80C00129A0B680492119A0392109AB4
:10B3800002920EAA92E803008DE8030020469F690E
:10B39000294696E80C00B847204609B0F0BDF0B544
:10B3A00089B004460D4606AE86E80C00129A0B687A
:10B3B0000492119A0392109A02920EAA92E8030044
:10B3C0008DE803002046DF69294696E80C00B8475F
:10B3D000204609B0F0BD03689B68184773B5079E07
:10B3E00004460D680196069E0096ED68A847204623
:10B3F00002B070BD03681B69184710B40468A468E4
:10B40000A44610BC604738B50D680446ED68A847EF
:10B41000204638BD2DE9F043002503F1FF3EDDE96C
:10B4200007642F4612F807C0A4EB0608D319E045BD
:10B4300009DC471EA64212D14044013D14D293427A
:10B4400021D1BDE8F0834FFA8CF9B9F1000FF0DD9E
:10B45000BE45A4EB0C048CBF01370135E2E716F8BA
:10B4600001CB07F801CFE5E7017007461E7804EB32
:10B47000060C644502D101363044DEE714F801EBD6
:10B4800007F801EFF5E70170064613F8015D67194B
:10B49000BC4202D101352844D1E714F801CB06F8AB
:10B4A00001CFF5E7F7B5DDE9087408461946DDE98F
:10B4B0000A36BFB1FD1A03EB050CCDE9003C13467B
:10B4C00002462046FFF7A6FF041B47B13268521B15
:10B4D00002D0394603F01FF933685B1B1C4434600B
:10B4E00003B0F0BD3568E6E773B5099C0E46194612
:10B4F0002368DDE907500344CDE9000313462846DD
:10B500003246FFF787FF401B206002B070BD2DE977
:10B51000F0471D46C3688946144603F0B003DDE9D1
:10B520000867202BA6EB0706BA460ED127B13A468C
:10B530002946204603F0EFF8002E5AD032464946FD
:10B54000E019BDE8F04703F00DB9102B0ED04FF015
:10B550000008002E45D1B7EB080A4AD0524605EB49
:10B560000801A019BDE8F04703F0D5B86C30F0F73A
:10B57000F1FC2D218046FDF7B5FB2B78834205D1E8
:10B580002B784FF0010804F8013BE2E72B214046FD
:10B59000FDF7A8FB2B788342F2D030214046FDF71F
:10B5A000A1FB2B788342D2D1012FD0DD78214046F8
:10B5B000FDF798FB6B78834209D12B7802344FF06A
:10B5C000020804F8023C6B7804F8013CC1E75821FA
:10B5D0004046FDF787FB6B788342EED03EB14FF0DB
:10B5E000000832464946204603F0BCF8B3E7B046AF
:10B5F000B4E7BDE8F08737B5089D184614462B68B8
:10B60000CDE90023DDE90623FFF781FF2C6003B0BD
:10B6100030BD70B59DF810407CB103460A26B1FBE1
:10B62000F6F506FB15141444247903F8014D0C4675
:10B630002946092CF3D8C01A70BD03F04A04402CE7
:10B6400009D1034601F00704C9081444247903F81A
:10B65000014DF7D1EFE713F4804F03460CBF0424EC
:10B660001424224401F00F040909145D03F8014D6C
:10B67000F8D1E0E72DE9F04114469DF820201D4661
:10B680000746DDE90683AAB10646204629460A2276
:10B690000023E4F75DFE42441379224604460A2A59
:10B6A00006F8013D2B460D4673F10003EDD2B81BA1
:10B6B000BDE8F08103F04A02402A0ED1064604F0AC
:10B6C0000703E408434444EA4574ED081B7906F88F
:10B6D000013D54EA0503F2D1E9E713F4804F064631
:10B6E0000CBF04231423984404F00F03240918F812
:10B6F000033044EA05742D0906F8013D54EA0503B8
:10B70000F2D1D4E738B50B6804460D4653F80C0C5B
:10B71000206002F0BCFA00230146606022682846DF
:10B72000EEF746F9204638BD10B50446406808B12A
:10B7300001F0D6FF204610BD38B50B6804460D4613
:10B7400053F80C0C206002F0A2FA0023014660605E
:10B7500022682846EEF72CF9204638BD10B504467D
:10B76000406808B101F0BCFF204610BD2DE9F04F44
:10B770008DB004AFBE6CD7F85080C7E9021007F156
:10B78000100106F16C0081E80C00F0F7D9FCF568B7
:10B7900000F1260386B005F04A0A04460DF1100BAD
:10B7A0004146BAF1400F7B600AD0BAF1080F07D0CA
:10B7B000B8F1000F01DCC8F100014FF0010901E010
:10B7C0004FF000092B4604F126020BF11400CDF8CE
:10B7D0000090FFF71EFF227CC0F11403F8615B4468
:10B7E000B2B1400094F8252007F11C01093020F087
:10B7F0000700ADEB000D0DF1120BCDE90231CDE9E3
:10B80000006B1346B868D4E90212FFF76DFE5B4681
:10B81000FA69B9F1000F32D0B8F1000F2CDB28051E
:10B8200006D594F82710013203F8011C013BFA6198
:10B83000B268F969914211DAD11D21F00701ADEB2F
:10B84000010D07F11C0104AC0094CDE90131334630
:10B8500097F84C10B868FFF7CEFE23460022B2607E
:10B86000FA690092F868D7E90412FDF7F3FBF8686B
:10B870002437BD46BDE8F08F94F82610D3E7A9051C
:10B88000D6D5B8F1000FD3D0BAF1400F02D194F859
:10B890002A10C8E7C5F3803504F126010232023BC5
:10B8A00029448978FA61597094F82A101970BFE711
:10B8B00030B587B0054604AC84E80C000C9B0293BD
:10B8C0009DF82C3001930A9B009394E80C00FFF73D
:10B8D0004DFF284607B030BD2DE9F04F8DB004AFC5
:10B8E00007F11005D7F8489097F8506007F1180451
:10B8F000B86085E80C00D9F80C2097F84C3012F0AD
:10B90000010FFA6016D1CDF800902046CDE901363E
:10B9100095E80C00FFF72AFFBB6894E80300386144
:10B920003975243795E8030083E803001846BD46BF
:10B93000BDE8F08F09F16C007B60F0F701FC7B68DB
:10B940007EB3D0E905A8D9F80860B0453BDAA6EB8C
:10B9500008061946F21D22F00702ADEB020D324631
:10B960000DF1100B584602F0FDFE0023C9F8083017
:10B97000FB6803F0B003202B16D153462046CDF8C8
:10B98000008095E80600FDF765FB5B4694E8030040
:10B99000386139750096204695E80600FDF75AFB98
:10B9A000BAE7D0E907A8CEE7204600965B4695E8BF
:10B9B0000600FDF74FFB94E80300386139755346E4
:10B9C000CDF80080E7E70023C9F80830F7E72DE954
:10B9D000F04F8BB004AF3D6CC7E9001007F10801D0
:10B9E00005F16C0081E80C00F0F7AAFBEE6886B068
:10B9F000044606F04A0900F126080DF1100BB9F1D2
:10BA0000400F5FD0B9F1080A18BF4FF0010ACDF816
:10BA100000A033464246B96C0BF11400FFF7F9FD64
:10BA2000227CC0F1140378615B44B2B1400094F809
:10BA3000252007F11401093020F00700ADEB000DBF
:10BA40000DF1120BCDE90231CDE9005B13463868E8
:10BA5000D4E90212FFF748FD5B46BAF1000F0DD1A1
:10BA6000B2050BD5BA6C4AB1B9F1400F7A692CD145
:10BA700094F82A100132013B19707A61AA68796939
:10BA8000914211DAD11D21F00701ADEB010D07F153
:10BA9000140104AC0094CDE901312B4697F8441011
:10BAA0003868FFF7A8FD23460022AA607A69009251
:10BAB0007868D7E90212FDF7CDFA78681C37BD46E1
:10BAC000BDE8F08F4FF0000AA1E7C6F380360232DE
:10BAD000023B08EB060189787A61597094F82A10C4
:10BAE0001970CBE730B587B0054604AC84E80C008C
:10BAF0000C9B02939DF82C3001930A9B009394E8D1
:10BB00000C00FFF764FF284607B030BD2DE9F04177
:10BB100088B005460E9E04AC06AFD6F80C803846B9
:10BB200084E80C0028F4804323F04A0343F40273B2
:10BB3000F360109B02939DF83C30CDE9006394E8DC
:10BB40000C00FFF744FFC6F80C8097E80300049050
:10BB50008DF8141094E8030085E80300284608B027
:10BB6000BDE8F0812DE9F04F8DB004AFBE6CC7E9A0
:10BB7000021007F1100106F16C0081E80C00D7E912
:10BB80001498F0F7DDFAF5688AB0044605F04A012A
:10BB900005F04A030DF1100B4A4640297B604346ED
:10BBA0000DD008290BD0B9F1010F78F1000103DAAB
:10BBB000D9F1000268EB48034FF0010A01E04FF0B1
:10BBC000000A04F126010BF12800CDE9015A009189
:10BBD000FFF750FD227CC0F12803F8615B44B2B14D
:10BBE000400094F8252007F11C01093020F00700DF
:10BBF000ADEB000D0DF1120BCDE90231CDE9006B7B
:10BC00001346B868D4E90212FFF76EFC5B46FA6986
:10BC1000BAF1000F32D0B8F1000F2CDB280506D5A1
:10BC200094F82710013203F8011C013BFA61B26855
:10BC3000F969914211DAD11D21F00701ADEB010D37
:10BC400007F11C0104AC0094CDE90131334697F8AB
:10BC50004C10B868FFF7CFFC23460022B260FA69A7
:10BC60000092F868D7E90412FDF7F4F9F868243770
:10BC7000BD46BDE8F08F94F82610D3E7A905D6D5C8
:10BC800059EA0808D3D005F04A01402902D194F8B6
:10BC90002A10C7E7C5F3803504F126010232023BC2
:10BCA00029448978FA61597094F82A101970BEE70E
:10BCB00030B587B0054604AC84E80C00DDE90C2300
:10BCC000CDE902239DF82C3001930A9B009394E860
:10BCD0000C00FFF747FF284607B030BD2DE9F04FB5
:10BCE0008DB004AFC7E9021007F11001BD6C81E807
:10BCF0000C003B6D05F16C007B607B6D3B60F0F7E9
:10BD00001FFAEE688AB0044600F1260806F04A09D8
:10BD10000DF1100BB9F1400F62D0B9F1080A18BF4C
:10BD20004FF0010ACDF800800BF12800CDE9016A3F
:10BD3000D7E90032FFF79EFC227CC0F12803F861AE
:10BD40005B44B2B1400094F8252007F11C01093092
:10BD500020F00700ADEB000D0DF1120BCDE9023123
:10BD6000CDE9005B1346B868D4E90212FFF7BCFBCB
:10BD70005B46BAF1000F0FD1B2050DD5D7E900121D
:10BD80000A4309D0B9F1400FFA692CD194F82A106E
:10BD90000132013B1970FA61AA68F969914211DA1E
:10BDA000D11D21F00701ADEB010D07F11C0104AC21
:10BDB0000094CDE901312B4697F84C10B868FFF795
:10BDC0001AFC23460022AA60FA690092F868D7E9B3
:10BDD0000412FDF73FF9F8682437BD46BDE8F08F3F
:10BDE0004FF0000A9EE7C6F380360232023B08EBB2
:10BDF00006018978FA61597094F82A101970CBE716
:10BE000030B587B0054604AC84E80C00DDE90C23AE
:10BE1000CDE902239DF82C3001930A9B009394E80E
:10BE20000C00FFF75BFF284607B030BD2DE9F04F4F
:10BE30008FB08A46814604AF3E6D07F1080106F1D6
:10BE40006C0B584681E80C00F0F77AF9D6F80480BC
:10BE5000054697F85820B8F1000F07F11801304651
:10BE6000B8BF4FF0060802F040FAF3688CB003F454
:10BE7000827304ACB3F5827F7CD0ECF765FA21467F
:10BE8000786107F11400D7E91823CDF80080CDE9D7
:10BE9000022307F118032D22EEF76EF82C283861E3
:10BEA00019DD421C083020F007007A60ADEB000D70
:10BEB000ECF74AFA786104AC07F11400D7E91823CB
:10BEC000CDF800802146CDE902237A6807F11803F6
:10BED000EEF752F838615846F0F73CF83A692146D7
:10BEE000D31D224423F00703ADEB030D0DF117081A
:10BEF0004FEAD80B28F007084346FFF710F82E2327
:10BF0000396907F1140220463B757960FCF7A9FAFC
:10BF10007968002858D0031B95F8242008EB03000B
:10BF200003F83B202B7C002B5CD1B2683B69934229
:10BF300011DAD31D504623F00703ADEB030D07F1D3
:10BF4000100304ACCDE90183A0460094334697F872
:10BF50005410FFF750FB00234846B3603B69009341
:10BF60004346D7E90212FDF775F848462C37BD461F
:10BF7000BDE8F08FECF7E8F92146786107F114008D
:10BF8000D7E91823CDE9002307F118032D22EDF797
:10BF9000F3FF2C2838619EDD00F10108083020F005
:10BFA0000700ADEB000DECF7CFF9786104AC07F1B9
:10BFB0001400D7E918232146CDE9002307F118031F
:10BFC0004246EDF7D9FF85E72B7C002BADD0022947
:10BFD00008DD6278392AA8D8A378303B092BA4D889
:10BFE0002F2AA2D94B00073323F00703ADEB030D33
:10BFF00023782D2B0DF1100B01D02B2B1CD198F891
:10C000000030013901248BF80030396107F110024A
:10C0100095F82530039208EB0402D84602920BEB08
:10C020000402CDE900025046D5E90212FFF73AFAC0
:10C030003B6923443B6178E70024E7E730B589B0EA
:10C04000054606AC84E80C00DDE90E23CDE90423A7
:10C05000002302939DF8343001930C9B009394E8E5
:10C060000C00FFF7E3FE284609B030BD2DE9F04F84
:10C070008FB08A46814604AF3E6D07F1080106F194
:10C080006C0B584681E80C00F0F75AF8D6F804809B
:10C09000054697F85820B8F1000F07F1180130460F
:10C0A000B8BF4FF0060802F020F9F3688CB003F433
:10C0B000827304ACB3F5827F7CD0ECF745F921465E
:10C0C000786107F11400D7E91823CDF80080CDE995
:10C0D000022307F118032D22EDF74EFF2C283861BB
:10C0E00019DD421C083020F007007A60ADEB000D2E
:10C0F000ECF72AF9786104AC07F11400D7E91823AA
:10C10000CDF800802146CDE902237A6807F11803B3
:10C11000EDF732FF38615846EFF71CFF3A692146C8
:10C12000D31D224423F00703ADEB030D0DF11708D7
:10C130004FEAD80B28F007084346FEF7F0FE2E23FF
:10C14000396907F1140220463B757960FCF789F9DB
:10C150007968002858D0031B95F8242008EB0300C9
:10C1600003F83B202B7C002B5CD1B2683B699342E7
:10C1700011DAD31D504623F00703ADEB030D07F191
:10C18000100304ACCDE90183A0460094334697F830
:10C190005410FFF730FA00234846B3603B69009320
:10C1A0004346D7E90212FCF755FF48462C37BD46F7
:10C1B000BDE8F08FECF7C8F82146786107F114006C
:10C1C000D7E91823CDE9002307F118032D22EDF755
:10C1D000D3FE2C2838619EDD00F10108083020F0E4
:10C1E0000700ADEB000DECF7AFF8786104AC07F198
:10C1F0001400D7E918232146CDE9002307F11803DD
:10C200004246EDF7B9FE85E72B7C002BADD0022925
:10C2100008DD6278392AA8D8A378303B092BA4D846
:10C220002F2AA2D94B00073323F00703ADEB030DF0
:10C2300023782D2B0DF1100B01D02B2B1CD198F84E
:10C240000030013901248BF80030396107F1100208
:10C2500095F82530039208EB0402D84602920BEBC6
:10C260000402CDE900025046D5E90212FFF71AF99F
:10C270003B6923443B6178E70024E7E730B589B0A8
:10C28000054606AC84E80C00DDE90E23CDE9042365
:10C290004C2302939DF8343001930C9B009394E857
:10C2A0000C00FFF7E3FE284609B030BDF0B587B0BB
:10C2B000054604AC0F9E9DF8307084E80C000D9B81
:10C2C0009DF838200093CDE9012694E80C0027B1B1
:10C2D000F0F776F9284607B0F0BDF0F7A9FAF9E7CC
:10C2E0002DE9F043A7B004462E9E02AD9DF8C49000
:10C2F0006C369DF8C870304685E80C00EFF72AFED2
:10C3000080463046EFF788FF252106464046FCF779
:10C31000E9FC8DF81400CFB98DF815908DF81670E2
:10C32000309B06A980223046009305AB02F0B7F897
:10C3300006A8E4F787FD06AB0090204695E80600C6
:10C34000FCF788FE204627B0BDE8F08300238DF877
:10C3500015708DF816908DF81730E1E72DE9F74F3D
:10C3600005466C464FF00009DDF840A04FF00A0B7F
:10C370004E46DDE9120784E80C006C30EFF7EAFD69
:10C3800080460CA92046FDF70EF970B1119B9E4224
:10C390000BD02046FDF7E6F82A22C1B24046FCF752
:10C3A000B2FC3038C2B2092A10D9C6B10F9A9145F1
:10C3B00015DBD14513DC0E9AC2F8009094E8030017
:10C3C00085E80300284603B0BDE8F08F0BFB0909A0
:10C3D000D145EADC20460136FEF70FFDD1E73B6888
:10C3E00043F004033B60E9E72DE9F04F8DB000AF67
:10C3F000F86107F12004F86E6C3084E80C00EFF768
:10C40000A9FD6B46BA6E054607F158012046A3EB1D
:10C41000C2039D46DB08E846BB61FDF7C4F800286F
:10C4200000F07281BB6E20464FF0000B9B007B61D9
:10C43000BB6E08EB8309FDF795F8C4B22846214688
:10C44000FCF74DFC214606462846FCF745FC5C46B9
:10C450008246BB6E9B450BD10026012C2BD8012CAC
:10C4600040F0528107F120000136FEF7C6FCE2E001
:10C470007B6E284653F82B301978FCF730FC864247
:10C480000FD1A3003B617B6E53F82B00E4F7DAFC7D
:10C490003B6949F82400013448F803B00BF1010B63
:10C4A000D7E77B6E284653F82B301978FCF714FC3D
:10C4B0008245F3D1E5E7CB4609EB84005BF8043B0A
:10C4C000FB625B461A46F96A0433D2F800C08C4519
:10C4D00007F12C0128BF0A469842D2F800A0C7F8FD
:10C4E0002CA0EFD1013607F12000FEF786FCB24503
:10C4F00047D107F1580107F12000FDF754F88246B3
:10C5000000B307F12000FDF72DF8C1B22846FCF773
:10C51000E6FB386107F12000FDF724F8C1B2284698
:10C52000FCF7DAFB0023F860796E58F8232051F805
:10C53000222059F82310B1425AD801339C42F3D13A
:10C540004FF0000A002359F82320911B4A424A4128
:10C55000524509BF04F1FF34013358F8242048F84C
:10C56000232004BF59F8242049F823209C42EAD80C
:10C57000BAF1000F5BD0D9F8003001218C42FB6288
:10C5800049D8FB6AB3427FF66AAF07F1580107F159
:10C590002000FDF708F800283FF461AF07F1200004
:10C5A0004FF0000AFCF7DEFFC1B22846FCF797FB0C
:10C5B000386107F12000FCF7D5FFC1B22846FCF72F
:10C5C0008BFBF86054457FF648AF7B6E284658F8E1
:10C5D0002A204FEA8A0B53F82220915DBA60FCF7BB
:10C5E0007EFB3B69BA6883426DD10AF1010AE9E733
:10C5F000915D28467B60BA60FCF771FB3B69834222
:10C60000A0D0BA682846915DFCF766FBFB688342C0
:10C610007B6892D196E75A4601310BF1040B106802
:10C62000834207F12C0398BF1A461368A6E7022C31
:10C630002CD0012C68D1D8F80040D7E9053253F846
:10C6400032807B6E53F8243003EB0609464562D2F4
:10C6500007F1580107F12000FCF7A5FF002853D08F
:10C6600019F8011B2846FCF73AFB824607F1200027
:10C67000FCF778FFC1B22846FCF731FB824533D185
:10C6800007F120000136FEF7B8FBDFE7BB6EDB07E2
:10C690003AD4D8F80030B86EBA6EB3EB500F4FEA08
:10C6A0005201D8F8042002D20B449342C2E75B1A2D
:10C6B000934229D1C8F80030D9F80430D7E90521D0
:10C6C00042F83130B7E7915D2846FCF705FBFB687F
:10C6D00083428AD0013C58F8242048F80B2059F8AE
:10C6E000242049F80B206DE719F8011C2846FCF7B7
:10C6F000F3FA824607F12000FCF734FFC1B2284666
:10C70000FCF7EAFA8245BBD03B6F3A6F1B6843F0F7
:10C710000403136002E0F7D13B6E1C60FB69D7E9AC
:10C720000801343783E803001846BD46BDE8F08FA2
:10C730002DE9F04F87B0814600AF786D07F1100604
:10C740006C30D7E913AB86E80C00EFF703FC6B46BF
:10C75000F86007F14001A3EBCB0330469D46E84665
:10C76000FCF721FF002800F0838000243046FCF70E
:10C77000F9FE2546C3B24FEA4B02A24237D1002D43
:10C7800076D030460024FEF738FBAB00073323F0A9
:10C790000703ADEB030D6E4658F824305AF823001A
:10C7A000E4F750FB46F824000134A542F4D10125FA
:10C7B00007F1400107F11000FCF7F5FE58BB012C12
:10C7C0005AD13368AB425ED1D8F80030BA6C5B45C1
:10C7D000A8BFA3EB0B03136007F118031C3713E981
:10C7E000030089E803004846BD46BDE8F08F5AF8CB
:10C7F00024100978994204D148F8254001350134C4
:10C80000BBE7F868C7E90132FCF766FA7B68BA68EB
:10C810009842F4D1F0E707F11000FCF7A3FE0023E3
:10C82000C0B219469C4207D88C42C8D007F110000C
:10C830000135FEF7E2FABBE756F823204FEA830EF4
:10C8400006EB830CAA4202D801310133EAE758F81B
:10C8500023205AF82220525D8242F6D0013C58F83B
:10C86000242048F80E2056F82420CCF80020D9E7E0
:10C870000024254626469BE7022C04D13368AB42B0
:10C88000A2D073689EE7BB6DBA6D1B6843F00403CA
:10C89000A1E770B588B004460E4606AD85E80C00E9
:10C8A000109B04930F9B03930E9B02930CAB93E896
:10C8B00003008DE803002046314695E80C00F1F7AF
:10C8C000D7F9204608B070BD2DE9F04F91B00D4664
:10C8D0000CAF0690DDF87890DDE91C0B87E80C00C2
:10C8E000C368DB0739D44FF0FF3302900AAC0F93D3
:10C8F0000FABCDE903B31AAB93E803008DE8030057
:10C900002946204697E80C00F1F7B2F90F9B94E80E
:10C910000300012B87E803000CD803F0010389F81A
:10C920000030069B97E8030083E80300184611B027
:10C93000BDE8F08F01231AA9384689F80030042396
:10C94000CBF80030FCF71DFE0028EAD0DBF8003001
:10C9500043F00203CBF80030E3E76C304FF0010AFC
:10C96000EFF7EEFB056A84690646B5FA85F553468E
:10C97000B4FA84F452466D0964090AF1FF38BDB176
:10C98000B4B10021002A00F09B80326A424540F099
:10C990009780B8F1000F00F09F80002289F80020F6
:10C9A00013B1B36943456AD04900CBF80010B8E72A
:10C9B0001AA93846CDE90723FCF7E3FD0146DDE976
:10C9C00007230028DED109903846FCF7CBFDC0B222
:10C9D000DDE9083175B1079A8AB1002C37D0002BF8
:10C9E0003AD03846FEF709FA356A55458CBF00251E
:10C9F00001252AE0F26912F80820824209D0002CB1
:10CA000033D01BB1B36998455ED0002389F800305C
:10CA100035E06CB1002BE4D138460793FEF7EDF911
:10CA2000356A2146079BAA4534BF002501253EE013
:10CA3000736913F8083093422ED13846FEF7DDF9BA
:10CA4000356AAA4534BF0025012501241DE073691C
:10CA500013F808308342F0D0336A98453CD1B8F1DE
:10CA6000000F29D189F8008009E0736913F80830B4
:10CA7000834206D0002D08BF2C4689F800400423CD
:10CA800068E701253846FEF7B8F9B1690123514539
:10CA90008CBF002101210AE03846FEF7AEF9356A65
:10CAA00023460124AA45214634BF002501252246FC
:10CAB0000AF1010A0C4660E7002389F8003073E7A9
:10CAC00053B1B369434507D1B8F1000F04D0012336
:10CAD000994089F8003068E7002389F80030002980
:10CAE000CDD0062336E770B588B004460E4606ADB5
:10CAF00085E80C00109B04930F9B03930E9B0293FD
:10CB00000CAB93E803008DE803002046314695E81E
:10CB10000C00F1F773FA204608B070BD70B588B00C
:10CB200004460E4606AD85E80C00109B04930F9B4F
:10CB300003930E9B02930CAB93E803008DE8030074
:10CB40002046314695E80C00F1F71CFC204608B061
:10CB500070BD70B588B004460E4606AD85E80C0081
:10CB6000109B04930F9B03930E9B02930CAB93E8D3
:10CB700003008DE803002046314695E80C00F1F7EC
:10CB8000B3FD204608B070BD2DE9F0418CB00546DC
:10CB90008C46149E08AC06AFD6F80C8084E80C00D6
:10CBA00028F04A0343F00803F3600BAB0493159B92
:10CBB000CDE9026312AB93E803008DE80300614600
:10CBC000384694E80C00F1F78FFD169B0B9A97E816
:10CBD0000300C6F80C801A6084E8030085E80300AF
:10CBE00028460CB0BDE8F08170B588B004460E460A
:10CBF00006AD85E80C00109B04930F9B03930E9BDE
:10CC000002930CAB93E803008DE803002046314605
:10CC100095E80C00F1F71AFF204608B070BD70B51A
:10CC200088B004460E4606AD85E80C00109B0493C0
:10CC30000F9B03930E9B02930CAB93E803008DE8CC
:10CC400003002046314695E80C00F2F7F9F820463B
:10CC500008B070BD2DE9F04F8FB04FF0000A0646C6
:10CC600088460AACCDF834A008ADDDE91AB784E8EF
:10CC70000C000BF16C00EFF76DF90DAB0222CDF853
:10CC80000CA08146CDE906B36323CDE904320CAB99
:10CC9000029318AB93E803008DE803004146284651
:10CCA00094E80C00FFF75AFB0D9B95E8030084E81D
:10CCB0000300002B51D118A92046FCF774FC002872
:10CCC00046D02046FCF74EFC2A22C1B24846FCF76B
:10CCD0001AF8A0F13005EBB2092B39D820464FF0F5
:10CCE0000A08FEF78AF80C9B18A9204608FB035592
:10CCF0000C95FCF758FC98B12046FCF733FC2A222F
:10CD0000C1B24846FBF7FFFFA0F13005EBB2092B9B
:10CD100006D82046FEF771F80C9B08FB03550C95CE
:10CD20000C9BA3F26C730C931C9B0C9A5A6118A970
:10CD30002046FCF726FC18B13B6843F002033B6039
:10CD400094E8030086E8030030460FB0BDE8F08F9A
:10CD50000C9B442BE8DC6433E5E73B6843F00403B9
:10CD60003B60E4E72DE9F0479CB0054688460AACF5
:10CD70000DF1380ADDE9269684E80C0009F16C0013
:10CD8000EFF74AFA07465146FEF741FA384615A929
:10CD900008AFFEF72CFA00230D930DABCDE90593F8
:10CDA0000723CDE903A30CAB029324AB93E8030064
:10CDB0008DE803004146384694E80C00FFF7B8FCC4
:10CDC0000D9B97E8030084E803009BB9289B0C9A0D
:10CDD0009A6124A92046FCF7D4FB18B1336843F0CC
:10CDE0000203336094E8030085E8030028461CB082
:10CDF000BDE8F087336843F004033360E9E72DE9C9
:10CE0000F047A6B0054688460AAC0DF1380ADDE9C0
:10CE1000309684E80C0009F16C00EFF7FDF9074645
:10CE20005146FEF723FA38461AA908AFFEF7FFF974
:10CE300000230D930DABCDE905930C23CDE903A39E
:10CE40000CAB02932EAB93E803008DE80300414640
:10CE5000384694E80C00FFF76BFC0D9B97E8030045
:10CE600084E803009BB9329B0C9A1A612EA92046D4
:10CE7000FCF787FB18B1336843F00203336094E892
:10CE8000030085E80300284626B0BDE8F087336834
:10CE900043F004033360E9E72DE9F04F93B0054612
:10CEA00089460AACDDF880A00FAE0DF12008DDE95F
:10CEB0001EB784E80C000BF16C00EFF7ADF90DA97B
:10CEC000FEF783F9002306961193CDE90F330D9BEE
:10CED000CDE904A31CABCDE902B793E803008DE8CC
:10CEE00003004946404694E80C00EFF76DFE98E8D1
:10CEF000030084E8030051463046F3F70FFD1CA9F8
:10CF00002046FCF73EFB18B13B6843F002033B6050
:10CF100094E8030085E80300284613B0BDE8F08FCD
:10CF20002DE9F04F93B0054689460AACDDF880A0A4
:10CF30000FAE0DF12008DDE91EB784E80C000BF1FF
:10CF40006C00EFF769F90DA9FEF739F90023069691
:10CF50001193CDE90F330D9BCDE904A31CABCDE9B3
:10CF600002B793E803008DE803004946404694E881
:10CF70000C00EFF729FE98E8030084E8030051460F
:10CF80003046F3F7CBFC1CA92046FCF7FAFA18B19F
:10CF90003B6843F002033B6094E8030085E803002C
:10CFA000284613B0BDE8F08F10B50446F2F74CFEEA
:10CFB000204600F091FB204610BDD0F800C0ACF137
:10CFC0000C0CDCF800C06044EEE70A68026052F81E
:10CFD0000C2C49688150704738B5456804462B6869
:10CFE00053F80C3C1D44EB689B0410D500F0D4FCB6
:10CFF00068B9A86F58B100F008F9013007D163682B
:10D0000001211A6852F80C0C1844FDF76BFD2046FC
:10D0100038BD036853F80C3C03449B6F37B5044696
:10D020004BB10146684600F03FF89DF800302BB93F
:10D030006846FFF7D1FF204603B030BD236853F8A0
:10D040000C3C2344986F00F0E0F80130F0D12368E5
:10D05000012153F80C0C2044FDF744FDE8E70129B9
:10D060000D4611D100F04BFC2368294653F80C0CF7
:10D070002044FDF73DFD00F0C6FD00F069FC684668
:10D08000FFF7AAFF00F099FB00F039FC23680121AB
:10D0900053F80C0C2044FDF72BFD00F059FCC7E7BA
:10D0A00000F056FCEBE7EAE738B50023054641609F
:10D0B0000C4603700B6853F80C3C0B44186F18B106
:10D0C0005B690BB9FFF7A5FF236853F80C0C2044EC
:10D0D00043691BB901232B70284638BDDB07FBD5FC
:10D0E0000421FDF7FFFCF7E77047704730B50022D9
:10D0F0004FF0FF344FF0FF35C0E90222C0E9004590
:10D1000030BD82B08DE80C004FF0FF334FF0FF329E
:10D1100002B0C0E900230023C0E9023370470020B9
:10D120007047002070474FF0FF307047036810B51C
:10D130005B6A04469847431C1EBFA36813F8010BA3
:10D14000A36010BD4FF0FF3070474FF0FF307047C5
:10D1500010B50446F2F790FD204600F0BDFA2046D7
:10D1600010BD2DE9F84306460F469046002545457B
:10D1700002DB2846BDE8F883D6E90504241A10D05E
:10D18000A8EB05093946A145B4BF4C46A146224645
:10D190004D4401F0C0FA7369A845274423447361E4
:10D1A000E5DD3368304639785B6B98470130E0D075
:10D1B00001350137DBE72DE9F84307460C46904679
:10D1C0000026464502DB3046BDE8F883D7E9021564
:10D1D0006D1A10D0A8EB06092046A945B4BF4D46EC
:10D1E000A9462A464E4401F096FABB68B0452C4445
:10D1F0002B44BB60E5DD3B6838469B6A9847431C7F
:10D20000E1D0013604F8010BDBE703689B6918479E
:10D21000D0E902218A4202D303685B6A184710787A
:10D22000704703681B6B18470AB101F074BA704766
:10D23000034653F8080B984201D000F04DBA7047EE
:10D2400001F1804140680139091A914208B502D2C2
:10D250001846EEF7B1FB08BD03688B4206D842685A
:10D260001344994294BF0020012070470120704769
:10D27000012A10B403D10A7810BC0270704710BCA8
:10D28000FFF7D2BF012A30B403D10B78037030BC52
:10D290007047002AFBD030BC01F04ABA0B46114659
:10D2A000012B10B4044602D1227010BC7047002B31
:10D2B000FBD01A4610BC01F055BA0F2937B5044609
:10D2C0001546019106D9002201A9F2F7E1FC019B64
:10D2D0002060A360019919B12A462068FFF7DEFF9C
:10D2E000019B002122686360D15403B030BD521A03
:10D2F00008B5FFF7BDFF08BD521A08B5FFF7B8FF24
:10D3000008BD2DE9F3470A9E01EB02081F4643685A
:10D31000B21A0D46A3EB080901A91A4403460446B4
:10D32000019253F8082B9A4214BF82680F22F2F739
:10D33000AFFC82461DB12A462168FFF799FF37B13D
:10D340002EB1324639460AEB0500FFF791FFB9F1DD
:10D35000000F07D0216835444A4641440AEB0500D6
:10D36000FFF786FF2046FFF763FF019BC4F800A08C
:10D37000A36002B0BDE8F08738B5044615460846FC
:10D3800011446268521A05D025B123681944184423
:10D39000FFF778FF6368002122685B1B6360D1544C
:10D3A00038BD034637B553F8082B044601919A421D
:10D3B000019B14BF82680F2293420ED901A9F2F794
:10D3C00067FC6268216805460132FFF751FF20467D
:10D3D000FFF72EFF019B2560A36003B030BD03461D
:10D3E000F7B553F8082B044646680F469A4206F1F3
:10D3F000010514BF83680F239D4206D901233146DE
:10D40000009300231A46FFF77CFF236800229F55F4
:10D41000236865605A5503B0F0BD07B50B4600920E
:10D4200000224168F2F764FC03B05DF804FB10B51C
:10D43000446803468C4203D2091BFFF7EEFF10BD80
:10D4400081BF0368002241605A54F8E7002208B502
:10D45000FFF7EDFF08BD036837B5CC1A054600920B
:10D46000012300222146F2F743FC2868204403B040
:10D4700030BD73B514460E4605461046E3F7E2FC90
:10D4800023460022314600902846F2F7EDFC02B018
:10D4900070BD73B5044640682346851853F8086B81
:10D4A0009E4214BFA3680F239D420AD812B1304494
:10D4B000FFF7DEFE23680022204665605A5502B061
:10D4C00070BD0B460092014600222046FFF719FF6F
:10D4D000F0E788422DE9FF4705460C4648D007464D
:10D4E0000E4657F8089B56F8088B4F4551D14645D4
:10D4F000D0F804903FD1D1F80480B9F1000F1AD0D0
:10D5000009F10109B8F1000F26D008F101083146F0
:10D5100068464246FFF788FE4A4639463046FFF7DE
:10D5200083FE424669463846FFF77EFE6B686268B6
:10D530006A6063601CE0B8F1000FF7D008F10102E7
:10D5400031463846FFF770FE63686B602368C4F8A5
:10D55000049083F800900BE04A4639463046FFF7C6
:10D5600063FE6B6863602B68C5F8048083F80080F5
:10D5700004B0BDE8F087D1F808A009F101023946EE
:10D580003046FFF751FEC5F800802660C5F808A0B8
:10D59000CCE74645D0F808A00BD14A68384631465A
:10D5A0000132FFF741FEC4F800902F60C4F808A0D4
:10D5B000BCE7C0F800808B68C1F800908360F5E795
:10D5C000034610B544681046A04202D34FF0FF3026
:10D5D00010BD1A68125C8A42FAD10130F4E710B526
:10D5E0000446F2F779FC0421204600F077F8204643
:10D5F00010BD10B50446F2F77DFC0421204600F072
:10D600006DF8204610BD7FB5002410231546126822
:10D61000CDE902340368CDE900449E696B46B0470A
:10D620009DF8043003F00603062B05BF009B012084
:10D6300020462B6004B070BD009890420CBF0620BD
:10D640000120704710B50446F2F75EFC0821204621
:10D6500000F044F8204610BD2DE9F041DDF81880B7
:10D660001F4606461546DDE90834984507D1079957
:10D6700000F093FB18B165710020BDE8F0813946D8
:10D68000304600F08AFB0028F6D00123C4F8008061
:10D690002571A371F0E738B515461C4600F07DFBF7
:10D6A00020B108232560E3600623237138BD2DE9EE
:10D6B000F04105460C4616461F4600F06EFB48B981
:10D6C000032F07D823683246294620465B69BDE808
:10D6D000F0411847BDE8F081E6F728BEFFF7FCBF30
:10D6E000FFF7FABF2DE9F0410F4688B016461D46F8
:10D6F000044618B9002008B0BDE8F081026852F86D
:10D70000083C52F804CC0022C118C358CDE90522C8
:10D7100053F8040C102260450792EBD1036805AA68
:10D72000CDE90017CDE902422946D3F81C80062234
:10D730003346C04705980028DCD09DF81A1001F048
:10D740000603062BD7D09DF819309DF818201A40F3
:10D7500002F00602062ACED003F00503042BC9D03E
:10D760000029C7D1002D04DB28448442C2D105988A
:10D77000C1E7AB1CBED033680246009429461C6A40
:10D7800030463B46A04700F006000628EEE710B5FD
:10D7900000F180042046E6F7ABFD034630B9204691
:10D7A000F2F7F2FB034608B900F0E7F98022002106
:10D7B000184600F0D7FF803010BD1EB400F03DF8D1
:10D7C0001EBCE3F7EBFA0378472B17D143784E2BB7
:10D7D00014D18378552B11D1C378432B0ED1037903
:10D7E000432B0BD143792B2B08D183792B2B05D1DC
:10D7F000C07901288CBF00200120704700207047AD
:10D8000010B50446F2F7DCFC02462046A4F12001E4
:10D81000FFF7D9FF60B154F8043C0133012B44F801
:10D82000043C03D1936844F8083C9160012010BD8A
:10D830009368002BF9D000F0A0F910B5F2F7C0FC06
:10D84000826801460AB900F098F902F120042046E6
:10D85000FFF7B9FF40B1D369013BD36113B99069B8
:10D8600088609361204610BD8860FBE70378472BF2
:10D8700017D143784E2B14D18378552B11D1C3780F
:10D88000432B0ED10379432B0BD143792B2B08D19A
:10D8900083792B2B05D1C07901288CBF0020012072
:10D8A00070470020704710B5044648B100F027F8D3
:10D8B0002046FFF7DBFF18B154F8140C00F055F9BF
:10D8C00000F05BF90378472B17D143784E2B14D126
:10D8D0008378552B11D1C378432B0ED10379432B79
:10D8E0000BD143792B2B08D183792B2B05D1C07910
:10D8F00001288CBF0020012070470020704738B5F8
:10D900000446F2F75DFC024605682046A4F12001BA
:10D91000FFF7D8FF28B90DB100F02FF911602846A4
:10D9200038BD54F80C3C2046002BB4BFC3F10103B2
:10D9300001338D4244F80C3C536803F1FF335360CC
:10D940001CBF44F8105C1160656AE2F7B2FEE6E7BE
:10D9500010B5F2F731FC026801469AB102F12004D9
:10D960002046FFF7AFFF28B908602046BDE8104009
:10D97000E2F7A0BE5369002B05DA013301D110692B
:10D980000860536110BD013B02D113690B60ECE7E5
:10D99000591CF6D100F0F1F808B5F2F711FC406817
:10D9A000003818BF012008BD7047704710B5044605
:10D9B0000421FFF793FE204610BD704700231A464E
:10D9C00030B510F8015B05F07F0494400732234323
:10D9D0002C06F6D40B6030BD00231A4630B510F883
:10D9E000014B04F07F05954007322B432506F6D402
:10D9F0001F2A06D8640642BF4FF0FF3404FA02F231
:10DA000013430B6030BD50282DE9F341064688468C
:10DA100015461F4608D1D01C20F0030050F8044BD7
:10DA20003C6002B0BDE8F08100F00F030C2B2ED853
:10DA3000DFE803F025071D25292D2D2D2D18212583
:10DA4000290001A92846FFF7B9FF019C002CE7D067
:10DA500006F07003102B08BFA8463306444448BFA5
:10DA60002468DDE701A92846FFF7B6FFEDE7284661
:10DA700030F8024BEAE7284630F9024BE6E7284641
:10DA800050F8044BE2E7284650F8084BDEE7E6F78B
:10DA900003FC08B503460846FF2B0DD003F07003C6
:10DAA000302B0FD004D8202B08D005D9E6F7F4FB93
:10DAB000402B0BD0502BF9D1002008BDBDE8084009
:10DAC00001F036B9BDE8084001F02FB9BDE80840C3
:10DAD000E3F772BC70B50C4615461E46014620465B
:10DAE000FFF7D7FF334601462A462046BDE870407F
:10DAF000FFF789BF73B50C461546064608B1E3F734
:10DB00005BFC2246286012F8011BFF291CD02B1D4C
:10DB10003046FFF7DFFF0246104610F8013BFF2BAF
:10DB200014D0102301A92B75FFF748FF019B034474
:10DB3000EB6001A910F8013B6B75FFF73FFF019BFC
:10DB400003442B6102B070BD6860E5E72B750023CC
:10DB5000EEE71FB503AB0A46009300231946E2F730
:10DB6000AFFD039805B05DF804FB08B58047E6F704
:10DB700093FBFFF7C4FEE6F78FFB08B5F2F7CCFC8A
:10DB8000FFF7F3FF08B58047FFF7F7FF08B5F2F797
:10DB9000C9FCFFF7F7FF012810B503D951F8140CA1
:10DBA000FFF7E3FFA1F12803D3E8EF2F013AC3E821
:10DBB000E02F0028F8D15AB951F81C3C01F1580463
:10DBC0000BB1204698472046BDE81040F2F700BA56
:10DBD00010BD70B504460D461646F2F7F1FA4368DB
:10DBE00029463246013343602046F2F7A1FC012367
:10DBF000044644F8283B2046E3F7BEF82046FFF7EA
:10DC00007EFEFFF7BAFF10B5F2F7DAFAD0E900426C
:10DC1000013242604CB394F82020472A27D194F86F
:10DC200021204E2A23D194F82220552A1FD194F87E
:10DC30002320432A1BD194F82420432A17D194F897
:10DC400025202B2A13D194F826202B2A0FD194F8C3
:10DC50002720012A0BD86269524262612034204693
:10DC6000E3F7AEF82046FFF74AFEFFF786FF0022F3
:10DC70000260F3E701230360704710B50446F2F732
:10DC80009FFC04212046FFF729FD204610BDF2F736
:10DC9000ADBC08B5FFF7FBFF04E0FFF730FEFFF770
:10DCA00057FE002008BD10B50446F2F7BDFC0C215C
:10DCB0002046FFF713FD204610BD2DE9F041DDF8A9
:10DCC000188006460F46154690451C460BD0B06896
:10DCD0002A4639460368CDF818801E6A2346B446A2
:10DCE000BDE8F0416047194600F057F80028EED033
:10DCF0000620BDE8F0812DE9F14F0D461946814619
:10DD000017469846DDE90A4BDDE90CA600F045F818
:10DD100090B1002D3460377109DB2C44A24514BF4B
:10DD200001240624B471002001B0BDE8F08F023553
:10DD3000F9D10123B371F6E7544506D15946484657
:10DD400000F02BF808B17771EDE7D9F808003A46F2
:10DD500029460368CDE90CA6CDE90A4BDC694346A8
:10DD6000A44601B0BDE8F04F60472DE9F0410746F9
:10DD70000C4615461E46FFF78EFC48B9B8682A4681
:10DD8000214603689F693346BC46BDE8F0416047C1
:10DD9000BDE8F081704700207047814208B50ED081
:10DDA000406803782A2B0CD049680B782A2B08BFCF
:10DDB0000131E3F73DF8B0FA80F0400908BD0120D9
:10DDC000FCE70020FAE710B50446F2F737FC18210B
:10DDD0002046FFF783FC204610BD2DE9F74FDDF804
:10DDE00030A00446884616465245994605D0E76855
:10DDF00004EBC70447B9012022E01946FFF7CDFF25
:10DE00000028F4D006201BE0E568AB071BD52A12DA
:10DE100015F0010504D018F1030F14D033689A5897
:10DE2000A068324441460368CDF800A0D3F820B082
:10DE30004B46D847032806D915B140F00100C0B2BF
:10DE400003B0BDE8F08F013F083CD3E7F0B40D1EEE
:10DE50001646049C06DB2E44B44214BF0120062063
:10DE6000F0BC7047023505D0056804942C6AA446BE
:10DE7000F0BC60470120F3E72DE9F04F91B08146F7
:10DE80000F461D9DCDE90523AB681C9ADB0644BFF8
:10DE90008368AB601A9B934208D11B99FFF77DFF03
:10DEA00020B1059B6B714FF0000883E0069948464E
:10DEB000FFF773FF98B11A9B002F2B60059B2B7106
:10DEC00008DB1A9B1F441C9BBB4214BF012706277B
:10DED000AF71E8E70237E6D10123AB71E3E7002F2A
:10DEE0004FF0020C4FF00008AABF1C9B0790DB1BF1
:10DEF000CDF82880A8BF07930123CDE908C3059B6F
:10DF000043F001030B93D9F80CA009EBCA0BBAF14B
:10DF1000000F09D10A9B002B4CD0089B012B49D044
:10DF20000123CDE9083AEEE70023AC68CDE90D33D3
:10DF3000DBF80C300F94DE074FEA232143BF1A9819
:10DF40000B9A0068059A48BF41581A9801440798EF
:10DF500038B18842099E2CBF00200120B04200F059
:10DF6000BB80980706D4BB1C02D1A60700F0B68080
:10DF700002F0FD02DBF808000DAC036803941C9C62
:10DF800002941B9CCDE900143946DC69069BA0472E
:10DF90006B799DF839209DF83A6013430D99062E50
:10DFA0006B7101D0022E09D19DF8383029602B7198
:10DFB000AE718046404611B0BDE8F08F2A68B8F1D6
:10DFC000000F13D1B2B99DF8382029602A7121B110
:10DFD0001BB1D9F80830DC07EBD56B79042BE8D0FE
:10DFE0000AF1FF3AABF1080B804690E712B969B924
:10DFF0000120F2E7914206D12B799DF83820134396
:10E000002B714046E9E709B90028FAD0032BAC7917
:10E0100004D9D90712D5AB689B070FD5002C31D195
:10E02000032E27D9F40721D486F00103DBB2032B9A
:10E0300013D800232B600123AB71D9E7012C38BF23
:10E040000124012E38BF0126E4B2F6B286EA0403A9
:10E05000DBB2032B36D9032E1FD90D9B34464FF06C
:10E0600000082B609DF838302B7116E0D9F8083085
:10E070009807D9D51C9B3946069800931B9BFFF740
:10E08000E5FE0446002EE1D1032C11D9E1070BD4A3
:10E0900084F00103DBB2032BCBD9A307AC711FD4EF
:10E0A00014F00100ADD184E7D9F808309A07EFD514
:10E0B0001C9B39460D9A009306981B9BFFF7C6FEE2
:10E0C0000646C3E72640F6B2032EB2D9002301204C
:10E0D0002B600223AB716CE701230A9340467FE774
:10E0E000002066E72DE9F04F89B0054616461C462C
:10E0F0000291FFF7D0FA002860D1D4F808904FF0D1
:10E10000000AD5F80C800DF1100B19F0100F05EB7B
:10E11000C80718BFD5F8089009F001030393B8F1B8
:10E12000000F04D12079003818BF012047E0FA68B9
:10E13000CDF810A002F0010302F002018DF814A046
:10E14000009302F002030193039B0B43CDE9069A6F
:10E1500003D108F1FF38083FE1E7002E32D0009BE1
:10E1600012120BB133689A583244B86802990368A6
:10E170009B699C465B46E0470028EAD0079B082B3A
:10E1800003D1009B0BB1BB6807939DF81430032BA0
:10E1900005D9019A1AB923F002038DF81430E16809
:10E1A000C1B99BE80F0084E80F002379032B05D940
:10E1B0009A0709D5AB6813F0010FCAD1012009B045
:10E1C000BDE8F08F3246D0E7DB07F7D5AB6813F038
:10E1D000020FF2E72368049A934204D000232360DD
:10E1E00002232371EAE72BB123799DF8142013430E
:10E1F0002371AEE707980828F2D00829F0D0FFF77E
:10E20000CCFD0028F0D1EBE7002303607047009BB2
:10E2100003201A60019A039B1A607047009B032039
:10E220001A6070470120704701207047981A009BC0
:10E23000984228BF1846704710B50446F2F7FEFA18
:10E2400004E02046FFF748FAFFF7B7FA2046FFF749
:10E2500043FA204610BD08B50846114600F09AFA68
:10E26000031E18BF012343EAA07008BD08461146EB
:10E270001A4600F0B1BA08B50846114600F08AFA0D
:10E28000031E18BF012343EAA07008BD08461146CB
:10E290001A4600F0A1BA0622002313B5C0E90123F3
:10E2A00041F202030446C36001A8EAF7E9FB01A9B1
:10E2B00004F16C00EAF764F801A8EAF753F802B039
:10E2C00010BD6421024690FBF1F301FB130030B94D
:10E2D0004FF4C87192FBF1F301FB132323B912F041
:10E2E000030F0CBF012000207047C068252310B524
:10E2F00004050B7045BF2B248B1C4B1C4C70410537
:10E3000044BF232103F8011B00F48271B1F5827F21
:10E3100008D10AB103F8012B10F4804F0CBF612221
:10E32000412209E02E241C702A245C704AB99C1CEE
:10E33000042909D16622234603F8012B00221A7012
:10E3400010BDDC1C9A70F3E7B1F5807F00F48040CB
:10E3500004D100280CBF65224522ECE700280CBF41
:10E3600067224722E7E70139013B994228BF194656
:10E37000F0B5054606460F180120B74200D010B987
:10E380001344695C0FE016F8010BD45C013BA4EB6D
:10E39000000CDCF1000040EB0C00EEE713F8010983
:10E3A000441A60426041934201D00028F6D14BB23A
:10E3B000002B05DD13788B428CBF002000F001009C
:10E3C000F0BD126852F80C3CFFF7CDBF73B5079B48
:10E3D00000F1080204460260D3E900530F2B05EB5D
:10E3E0000306019306D9002201A9F1F751FC019B14
:10E3F0002060A360324629462068FEF778FF019B23
:10E400002268002120466360D15402B070BD13B56C
:10E41000059B04461B68A3F10C0053F8043C002B39
:10E4200005DBEBF7C1FB2060204602B010BD0022E7
:10E4300001A9FAF71BF9F6E708B5D2E90023FFF7BF
:10E4400092FF05E0013101D0FFF7B7F9F1F744FE83
:10E4500008BD4068704710B50446F2F737FB204608
:10E46000FFF73AF9204610BD10B50446F2F740FB1D
:10E470002046FFF731F9204610BD10B50446F2F7EB
:10E4800049FB2046FFF728F9204610BD10B5044689
:10E49000F2F74AFB2046FFF71FF9204610BD2DE991
:10E4A000F0470C4600218146174608469846F3F788
:10E4B00091FF8246E2F7C6FC451C2846FFF7E7FBC2
:10E4C0002A465146064600F026F9D9F810100020D9
:10E4D000F3F780FF089B42463946204600F093F947
:10E4E000314605460020F3F775FF3046FFF7F8F890
:10E4F00005B92570BDE8F087013101D0FFF75DF95E
:10E50000F1F7EAFD70B5054616460C4649B10846D6
:10E51000E2F798FC211832462046F2F70FFC2860FB
:10E5200070BD4FF0FF31F6E713B5044608461146BB
:10E5300001AA0144F2F702FC2060204602B010BD9F
:10E54000704710B50446F2F75FFC2046FFF7C4F8A9
:10E55000204610BDFFF77DBF10B50446F2F75EFC04
:10E560002046FFF7B9F8204610BD10B50446F2F773
:10E570005FFC2046FFF7B0F8204610BD70B5064698
:10E5800008460D461446F2F713FE30B922462946D6
:10E590003046BDE87040FFF736B82368103323607B
:10E5A00070BD10B50446F2F74DFC2046FFF794F815
:10E5B000204610BD70B505460E4608300C464A6828
:10E5C000286056F8083BB3420BD1013202D03146E5
:10E5D00000F0A1F8636826606B600023636023721B
:10E5E00070BD2B608B68AB60F4E710B50446D1E9D1
:10E5F0000012FFF799FF204610BD1368994204D11D
:10E6000053681B1A58425841704700207047C0E9B0
:10E6100000217047036813B514465B690A4601463A
:10E62000684698476368019A9A4206D10098236821
:10E63000C31A5842584102B010BD0020FBE74B6896
:10E64000834204D10868831A584258417047002019
:10E650007047704770477047704710B50446FFF722
:10E660003BF8204610BD10B50446FFF735F82046AC
:10E6700010BD10B50446F2F7E3FC2046FFF72CF876
:10E68000204610BD0B6810B586B004461B6968466D
:10E6900098472046DDE90012FFF746FF04E0684690
:10E6A000FEF7C6FDFFF789F86846FEF7C1FD204674
:10E6B00006B010BD13B514460A4601466846F2F787
:10E6C0008DFC6368019A9A4206D100982368C31AA8
:10E6D0005842584102B010BD0020FBE77047406827
:10E6E000704710B50446F2F7F9FC2046FEF7F4FF38
:10E6F000204610BD03681B681847C9B20346024490
:10E7000010B59342184601D1002003E0047801338C
:10E710008C42F6D110BD0A44431E914200D170478D
:10E7200010B511F8014B914203F8014FF9D110BD1A
:10E73000884210B501EB020402D98442234607D86F
:10E74000431EA14208D011F8012B03F8012FF8E76E
:10E75000024401468A4200D110BD13F8014D02F86F
:10E76000014DF7E702440346934200D1704703F896
:10E77000011BF9E70139024410B5904201D1002094
:10E7800005E0037811F8014FA34201D0181B10BD1A
:10E790000130F2E7E2F74CBB00221146F2F70EBD62
:10E7A00010B50139044632B111F8013F013A00F8C1
:10E7B000013B002BF7D10021FFF7D4FF204610BD0D
:10E7C0000246014410B58A42134603D01C78013238
:10E7D000002CF8D1181A10BD30B5044600200B46A5
:10E7E000904213F8015B08D10B461C781A4601339E
:10E7F000002CFAD1401A104430BD2554002DFBD016
:10E8000001301946EBE7F2F757BFC36803B1184769
:10E810001846704710B583780446DA0705D443F0EC
:10E8200004034FF0FF30A37010BD4FF00002D4E896
:10E830005F3FC4E8512F0029F9D19BB213B1581E94
:10E84000C0B2F1E7A36898470028F9DA0130A3784D
:10E8500014BF082204221343E3E738B58B780D4632
:10E860009B0709D5C4B24B6820469847002806DAB2
:10E87000AB7843F00403AB704FF0FF3038BD204657
:10E88000FCE72DE9F8439C7805460E46904614F0C7
:10E8900001041F4611D079B1002444450DD005EB89
:10E8A00006093846FFF7B6FF431C06D005F8010BF2
:10E8B0004D45F6D10134F0E70C462046BDE8F8831B
:10E8C0002DE9F8439C7805460E46904614F0020464
:10E8D0001F4611D079B1002444450DD005EB06093F
:10E8E0007B68394615F8010B9847002804DB4D4535
:10E8F000F6D10134F0E70C462046BDE8F8838B786A
:10E90000DA0702D44FF0FF307047431CFAD0C0B290
:10E91000431CD1E8DF2F002A04D1C1E8DC3FBCF161
:10E92000000FF6D1EED18B7823F008038B7070477F
:10E93000F0B5C3F13707044603F01F031046FFB2DA
:10E94000082BE6B232D0102B3DD06508A40845EA6A
:10E95000C17544EA81748A082D1942EB51022909D4
:10E9600041EA02716D1842EB1212290A41EA026172
:10E970006D1842EB1222290C41EA02416D1842EB5C
:10E980001242AD1842F10002EC0844EA4274D10888
:10E9900004EB8402A6EB4205EDB2092D0CD901343B
:10E9A000A5F10A0541F10001EDB212E0E40806F01C
:10E9B000070544EA4174C908303554EA010200F8F9
:10E9C000015BBDD1F0BD240906F00F0544EA0174D6
:10E9D0000909092D84BFED19EDB2EDE710B50C461C
:10E9E000FFF718FF0028A2BF23680133236010BD82
:10E9F0000028A2BF136803F1FF331360FFF77FBF46
:10EA000070B505460E4631462846FFF7E7FF041E5F
:10EA100009DB202CF7D0A4F10903042BF3D93246EB
:10EA20002946FFF7E5FF204670BDBDF8001068B12C
:10EA300011F0100F01D00270704711F0080F02D0D2
:10EA4000C0E9002370474B0701D5026070478B0671
:10EA5000FBD5028070472DE9F04387B01C4617466E
:10EA6000814602AB88460093D2E9022300F0EBF81E
:10EA700004AB06460D46009348464146D7E90023BD
:10EA800000F0E1F80027DDE90423901953EB0501BC
:10EA900028BF012737B1029B039A013342F10002DC
:10EAA000CDE90232403CDDE90223009400F0E6F8B3
:10EAB00007B0BDE8F0832DE9F843B0FA80F60029ED
:10EAC00080460F46A1EB060606F1070625DB084641
:10EAD000F4F7ECFD06443846F41BF4F7EDFD394637
:10EAE000221A40463D3200F09EF8B74213DC1F2C3C
:10EAF00068DC4FF0FF33A34038EA03030CBF012466
:10EB00000024B0FA80F33546F31A9E33FE2B27DD3E
:10EB10004FF0FF4044E00124F3E74C422046F4F775
:10EB2000CBFD351A2046A5EB0709F4F7C5FD2146B4
:10EB30002E4609EB000240463C3200F061F8AF423D
:10EB400030DCB9F11F0F3DDC4FF0FF3303FA09F35E
:10EB500038EA030327D0B0FA80F30024EB1A9E337F
:10EB6000002B23EAE372D4BF012313465B1BA3F1FE
:10EB70009705963B20FA05F120FA03F3C90723D540
:10EB800044B14FF0FF31A94020EA010003F0010138
:10EB9000084319D0581CC0F31600C0B140EAC25057
:10EBA000BDE8F88300230521B8FBF1F202EB8205F2
:10EBB000A84502D101339046F6E79C428CBF002461
:10EBC00001249EE700249CE7C3F31600E6E7013228
:10EBD000E4E710B5A3FB00430299A2FB0020001953
:10EBE00043F100033F29DBBFA1F12002C1F1400145
:10EBF00040398B40D6BFD04023FA01F0184310BDF6
:10EC000030B587B004460846154602A9F4F7E6FD7C
:10EC1000049B204600955A1C059B43F10003FFF717
:10EC2000D8FF07B030BD30B587B01546044608465A
:10EC300002A9F4F761FD20460095DDE90423FFF702
:10EC4000C8FF07B030BDF0B50F460446A0FB020177
:10EC5000059EA7FB02524919A3FB0445A7FB0373BA
:10EC600042F10002611845F10004D21943F100039A
:10EC7000121943F10003C6E90023F0BDF0B5059C6D
:10EC8000C4F14007C4F12006A4F12005E04002FAD7
:10EC900006F6BB4022FA05F5BA403343C4F120061C
:10ECA0002B4301FA06F6A4F12005304321FA05F5BD
:10ECB000E140284319431043F0BD07B501A9F4F71B
:10ECC00047FE03B05DF804FBC9B20346184613F8CB
:10ECD000012B12B18A42F9D17047002918BF0020D8
:10ECE000704710B56AB10139841810F8012B11F87A
:10ECF000013F9A4203D1A04201D0002AF5D1D01A97
:10ED000010BD1046FCE702690346107810B10132CD
:10ED10001A6170476FF001007047D1E904329342E5
:10ED20001EBF5A1C0A611870704708B5E5F7B4FA9F
:10ED300008B5FFF7FAFF00000148006870470000BF
:10ED4000C01100209D14FF7FB0B0AA00FFFF010892
:10ED50002A0430003A0400008914FF7FB0AF02009B
:10ED6000FFFF01109E01040000CA0104D00100DA77
:10ED7000011600006D14FF7FB0B0A800FF10110154
:10ED80000812102401280400000100000000000007
:10ED90005114FF7F8408B101B0B0B000FF10190119
:10EDA0000C1002140118041E032208000001007F49
:10EDB0000000000000000000000000002514FF7F9C
:10EDC000AF08B100FF10210119360400006204F001
:10EDD00002018402320000FA0204FE0200820304EF
:10EDE0000000010000000000F913FF7FB0AD040037
:10EDF000FF104901405020E40501A60104AC0103C5
:10EE0000BE01040000C80126E40501F801048A02DD
:10EE100003840204E40501C80204CE0203DC0204F8
:10EE2000E405019603049C0303AA03B802E4050168
:10EE3000EA050400007F00007D00000000000000E3
:10EE4000A113FF7FB0B0A800FFFF0108100214005B
:10EE50001A0A00008D13FF7FB0B0A800FFFF010861
:10EE600004040A00100400007913FF7FB0B0A8006A
:10EE7000FFFF0108100214001A0A00006513FF7F4B
:10EE8000B0B0A800FFFF010804040A00100400004D
:10EE90005113FF7FB0B0A800FFFF010804040A006F
:10EEA000100400003D13FF7FB0B0A800FFFF010871
:10EEB00004040A00100400002913FF7FB0B0A8006A
:10EEC000FFFF0108100214001A0A00001513FF7F4B
:10EED000B0B0A800FFFF010804040A0010040000FD
:10EEE0000113FF7FB0B0A800FFFF0108100214005B
:10EEF0001A0A0000ED12FF7FB0B0A800FFFF010862
:10EF000004040A0010040000D912FF7FB0B0A8006A
:10EF1000FFFF0108100214001A0A0000C512FF7F4B
:10EF2000B0B0A800FFFF010804040A0010040000AC
:10EF3000B112FF7FB0B0A800FFFF010804040A006F
:10EF4000100400009D12FF7FB0B0A800FFFF010871
:10EF5000100214001A0A00008912FF7FB0B0A80046
:10EF6000FFFF010804040A00100400007512FF7F6F
:10EF7000B0B0AE00FFFF011C1E0424002A040000F4
:10EF80004C047E007804820100AE0104B401009EAE
:10EF9000020400004D12FF7FB0B0A800FFFF010087
:10EFA0004112FF7FB0B0A800FFFF01003512FF7FC4
:10EFB000B0AA1100FFFF010818304A0050040000F9
:10EFC0002112FF7FB0A90200FFFF011F08280000E7
:10EFD00036047A00460400005004840100600400F6
:10EFE000006A04860100800104000000F511FF7F23
:10EFF000B0A80100FFFF010C0A0400001204200069
:10F0000026040000DD11FF7FB0A90200FFFF012BE5
:10F01000082E00003C04AA01004C0400005604B471
:10F020000100660400007004B601008001040000C5
:10F030008A0104B8010098011C000000A511FF7F9F
:10F04000B0A90200FFFF012B082E00003C04AA011A
:10F05000004C0400005604B4010066040000700473
:10F06000B6010080010400008A0104B80100980183
:10F070001C0000006D11FF7FB0A80100FFFF010C14
:10F080000A04000016041C00220400005511FF7F32
:10F09000B0AB0600FFFF0110140400002804540068
:10F0A00030044400500400003911FF7F01AD0A0014
:10F0B000FFFF010E36040000682A9401009A010443
:10F0C000000000001D11FF7FB0B0AA00FFFF015B30
:10F0D000240400002C04B6040058045E007C048262
:10F0E00001009601100000AE0104C20100CC0158DD
:10F0F0000000A80204B80400E00204E60200FE02D8
:10F10000048403009C03040000A40304BA0400DC8C
:10F110000304E20300FA03048004009804040000DE
:10F12000A00404BC0400B20404000000B510FF7F7A
:10F1300001AE0700FFFF010C2404000038046A0040
:10F14000641000009D10FF7FB0A80900FFFF0108B8
:10F15000120C2000260400008910FF7FB0AB1600BF
:10F16000FFFF010A46188601008C01040000000020
:10F170007110FF7FB0A90C00FFFF0108260C3400BE
:10F180003A04000008B10181B0B000840000000022
:10F1900008B10181B0B000840000000008B1018115
:10F1A000B0B000840000000008B10181B0B000845C
:10F1B000000000002D10FF7FB0B0A800FFFF01008D
:10F1C0002110FF7FB0B0A800FFFF01001510FF7FE6
:10F1D000B0B0A800FFFF010008B10181B0B0008409
:10F1E00000000000FD0FFF7FAB08B100FF101D0104
:10F1F0001418045A0146046A01500400005E0462B7
:10F20000006604000001000000000000D50FFF7F31
:10F21000AB08B100FF101D011418045A0146046A1E
:10F2200001500400005E046200660400000100005A
:10F2300000000000AD0FFF7FB0AD0600FF102D01F4
:10F24000242404BA01003604B801005804B20101B4
:10F25000700476018001048401009401040000AA76
:10F260000104B0010101000000000000750FFF7FE4
:10F27000B0AD0C00FFFF010D100400001E047E0065
:10F280008401040000000000AC020181B0B008B1AC
:10F29000000000004D0FFF7FB0B0A800FFFF010885
:10F2A000100416001C040000390FFF7FB0AF1800D7
:10F2B000FFFF01161C0C000076A001D20400C20260
:10F2C000D001C20400CE040400000000150FFF7F2F
:10F2D000B0AF1800FFFF01161C0C000076A001D291
:10F2E0000400C202D001C20400CE040400000000E9
:10F2F000F10EFF7FAF0C9700FFFF01103078820204
:10F3000000B2013AEE0100FE0104000008B10181E3
:10F31000B0B0008400000000C90EFF7FB0AF18003D
:10F32000FFFF011A180C00005A04E007006404F003
:10F3300007009E019606E00700EC070400000000AD
:10F34000A10EFF7FB0AF1800FFFF011A180C0000DC
:10F350005A04E007006404F007009E019606E007E7
:10F3600000EC070400000000790EFF7FB0AC110034
:10F37000FFFF010842286C0072040000650EFF7F49
:10F38000B0AF1000FFFF010E2204000056429A01A8
:10F3900000A0010400000000490EFF7FB0B0A800EB
:10F3A000FFFF01003D0EFF7FB0AA1100FFFF010823
:10F3B00018304A0050040000290EFF7FB0A9060053
:10F3C000FFFF011F0A28000038047C0048040000E9
:10F3D0005204860100620400006C0488010082016E
:10F3E00004000000FD0DFF7FB0A80500FFFF010C29
:10F3F0000C0400001404220028040000E50DFF7F27
:10F40000B0A90600FFFF012B0A2E00003E04AC014C
:10F41000004E0400005804B60100680400007204A5
:10F42000B8010082010400008C0104BA01009A01B5
:10F430001C000000AD0DFF7FB0A90600FFFF012BEF
:10F440000A2E00003E04AC01004E0400005804B631
:10F450000100680400007204B80100820104000089
:10F460008C0104BA01009A011C000000750DFF7F99
:10F47000B0A80500FFFF010C0C04000016041C00DE
:10F48000220400005D0DFF7FB0AB0E00FFFF0110F6
:10F4900012040000240450002C0440004C0400001E
:10F4A000410DFF7F01AD0E00FFFF010E360400008D
:10F4B000702A9C0100A2010400000000250DFF7FBE
:10F4C000B0B0AA00FFFF015B240400002C04B604C6
:10F4D0000058045E007C048201009601100000AE1A
:10F4E0000104C20100CC01580000A80204B80400C5
:10F4F000E00204E60200FE02048403009C03040010
:10F5000000A40304BA0400DC0304E20300FA0304C9
:10F510008004009804040000A00404BC0400B204A9
:10F5200004000000BD0CFF7F01AE0B00FFFF010CCB
:10F530002404000038046A0064100000A50CFF7F5A
:10F54000B0A80900FFFF0108120C200026040000EB
:10F55000910CFF7FB0AC1900FFFF010A4C1ADC01CF
:10F5600000E2010400000000790CFF7FB0A90C004C
:10F57000FFFF0108240C32003804000008B10181AB
:10F58000B0B000840000000008B10181B0B0008478
:10F590000000000008B10181B0B00084000000004C
:10F5A000410CFF7FA908B100FFFF01080E041C00F9
:10F5B000180E00002D0CFF7FA908B100FFFF010805
:10F5C0000E041C00180E0000190CFF7FA908B100E2
:10F5D000FFFF01080E041C00180E000008B1018195
:10F5E0000FB1008400000000F90BFF7FA908B100F3
:10F5F000FFFF01080E041C00180E000008B1018175
:10F60000B0B000840000000008B10181B0B00084F7
:10F610000000000008B10181B0B0008400000000CB
:10F62000C10BFF7FB0B0AA00FF1019010C14021A21
:10F63000011E0424032808000001007F00000000D0
:10F640000000000000000000990BFF7FB0B0A80090
:10F65000FFFF01008D0BFF7FB0B0A800FFFF01008E
:10F66000810BFF7FA908B100FFFF0100750BFF7F31
:10F67000B0AD0200FF102D01221604B001002C04D1
:10F68000AE01004E04A8010166046C0176047A0004
:10F690008A01040000A00104A6010101000000008D
:10F6A000000000003D0BFF7FB0AD0400FFFF010E26
:10F6B000100400001E048201008801040000000004
:10F6C000210BFF7FB0B0A800FFFF01081C0422003F
:10F6D000280400000D0BFF7FB0B0A800FFFF010859
:10F6E000100416001C040000F90AFF7FB0AD0400EE
:10F6F000FF1049013E0C0400001604E80201220438
:10F70000CE02033004B602034A04CC020356046A54
:10F71000036404980103A20104A80103B20104A632
:10F720000203C00142B20203DC0204E00200E40270
:10F730000400000100007D0000000000A50AFF7F1A
:10F74000AB08B100FF101D011418043C0128044C43
:10F75000013204000040044400480400000100009D
:10F76000000000007D0AFF7FB0AC0700FFFF012D05
:10F770000C0E00001E04FA01002C04B20200340436
:10F780008402004204B002004A049202005804AE0F
:10F790000200648401A00200800204000000000056
:10F7A000410AFF7FAB08B100FF101D011418043C93
:10F7B0000128044C013204000040044400480400C5
:10F7C0000001000000000000190AFF7FB0AC070034
:10F7D000FFFF012D0C0E00001E04FA01002C04B2E4
:10F7E000020034048402004204B002004A0492027F
:10F7F000005804AE0200648401A0020080020400EC
:10F8000000000000DD09FF7FAB08B100FF101D0103
:10F810001418043C0128044C013204000040044444
:10F82000004804000001000000000000B509FF7F4F
:10F83000B0AF0E00FFFF01161A0C000070B401E813
:10F840000400CC02DC01D80400E404040000000041
:10F850009109FF7FB0AF0E00FFFF01161A0C0000E8
:10F8600070B401E80400CC02DC01D80400E4040414
:10F87000000000006D09FF7FAF089700FFFF011037
:10F880003072860200AA0146F201008202040000E2
:10F890005109FF7FB0AF0800FFFF011A16140000E6
:10F8A0006C04FC070074C8010000C802F804FC07DF
:10F8B00000820804000000002909FF7FB0AD0C00A1
:10F8C000FFFF010A1C4C8801008E010400000000AB
:10F8D0001109FF7FB0AD0C00FFFF010A1C4C88012D
:10F8E000008E010400000000F908FF7FB0AD0C009D
:10F8F000FFFF010A1C4C8801008E0104000000007B
:10F90000E108FF7FB0AF0C00FFFF011114F8010008
:10F9100000D2039C02FC06008207040000000000E5
:10F92000C108FF7FB0AF0A00FFFF011114F801000A
:10F9300000CA03A802F80600FE060400000000004A
:10F94000A108FF7FB0AF0A00FFFF011116F401000C
:10F9500000C0039202D60600DC060400000000008E
:10F960008108FF7FB0AF0A00FFFF011116F401000C
:10F9700000C0039202D60600DC060400000000006E
:10F980006108FF7FB0AF0E00FFFF011114F8010006
:10F9900000E803D402E40700EA07040000000000C6
:10F9A0004108FF7FB0AF0C00FFFF011114F8010008
:10F9B00000DC03D802C60700CC07040000000000EA
:10F9C0002108FF7FB0AF0E00FFFF011A180C0000E6
:10F9D0004804FC070052048C08008C01A206FC07B6
:10F9E0000088080400000000F907FF7FB0AF0E0098
:10F9F000FFFF011A180C00004804FC070052048C99
:10FA000008008C01A206FC07008808040000000022
:10FA1000D107FF7FB0AC0B00FFFF01083A326E0048
:10FA200074040000BD07FF7FB0AF0C00FFFF010EA4
:10FA3000220400004E50A00100A6010400000000B6
:10FA4000A107FF7FA908B100FFFF01009507FF7F15
:10FA5000B0A90200FF103101211404000034044C4D
:10FA600003460494010060086800720400008401E9
:10FA7000048E01008801049401000200017D000051
:10FA800000000000E432000008B10181B0B0008441
:10FA90000000000008B10181B0B000840000000047
:10FAA00008B10181B0B000840000000008B10181FC
:10FAB000B0B000840000000008B10181B0B0008443
:10FAC000000000001D07FF7FB0AF0400FF102901F8
:10FAD0001E2404280160049201006A046E0188015A
:10FAE0000A9201009A01040000AE01029201000195
:10FAF0000000000000000000E906FF7FA908B10037
:10FB0000FFFF010008B10181B0B0008400000000D7
:10FB1000D106FF7FB0AF1200FF10190110289C051D
:10FB20000000DA0504DE0501F605340000010000DE
:10FB300000000000AD06FF7F8408B101B0B0B00046
:10FB4000FF100D0104020608010100000000000082
:10FB500008B10181B0B000840000000008B101814B
:10FB6000B0B00084000000007906FF7F8408B10176
:10FB7000B0B0B000FF100D01040204080101000044
:10FB80000000000008B10181B0B000840000000056
:10FB90005106FF7FA908B100FFFF01080C04120005
:10FBA0001A0C00003D06FF7FB0B0A800FFFF01085F
:10FBB00004040A00100400002906FF7FB0B0A8006A
:10FBC000FFFF010810041600200400001506FF7F47
:10FBD0008408B101B0B0B000FF100D010806040C9C
:10FBE00001100800007F000000000000F505FF7F05
:10FBF000B0B0AE00FF100D01081E045A015E0800EF
:10FC0000007F000000000000D905FF7FB0A80100C0
:10FC1000FFFF01080C04120018040000C505FF7F57
:10FC2000B0A80100FFFF01080C0412001804000036
:10FC3000B105FF7FB0B0A800FFFF0100A505FF7F61
:10FC4000B0A80100FFFF01082A04300036040000BC
:10FC50009105FF7FB0AB1200FFFF011416020000F8
:10FC60001E045E0030045C0040044600580400009E
:10FC70007105FF7FB0A90200FFFF010C18044C00C2
:10FC80002C0432003E0E00005905FF7FB0B0A800E2
:10FC9000FFFF01080A041000160400004505FF7F5D
:10FCA000B0A80500FFFF010C0C02000014041A00AC
:10FCB000200400002D05FF7FB0AA0100FF101101F4
:10FCC0000826042C033A0A00007F00007D00000093
:10FCD0000000000008B10181B0B000840000000005
:10FCE00008B10181B0B00084000000009406FE7FDE
:10FCF000010000002407FE7FB0A90280A807FE7F54
:10FD0000B0B0A880EC07FE7F01000000F407FE7F82
:10FD1000B0B0AA802608FE7FAE71B280D808FE7F00
:10FD200001000000D408FE7FAB3F38802609FE7F2B
:10FD3000010000003009FE7FB0B0AA806809FE7F94
:10FD4000010000000C0AFE7FAB0EB280700AFE7F3D
:10FD5000B0AF0680B80CFE7F01000000BC0CFE7F37
:10FD6000AC3F01801C0FFE7F01000000C413FE7F2A
:10FD700000840480D413FE7F01000000CE13FE7FB8
:10FD8000B0AD04800A16FE7F008404802C16FE7F2E
:10FD900044FFFF7F2E16FE7F48FFFF7F3816FE7F51
:10FDA00001000000A083FE7F9CEFFF7FE083FE7FC9
:10FDB000A8EFFF7F2885FE7FBCEFFF7F6085FE7F79
:10FDC000010000008485FE7FB0B0A8809085FE7F92
:10FDD00001000000F085FE7FE4EFFF7F7487FE7F67
:10FDE000010000002088FE7F00F0FF7F4C8CFE7F2A
:10FDF00001000000C08CFE7FA908B180C88DFE7F85
:10FE000040F0FF7FEC8DFE7F60F0FF7F108EFE7F65
:10FE1000B0B0A880808EFE7FA908B180888FFE7F59
:10FE200098F0FF7FAC8FFE7FB8F0FF7FD08FFE7F12
:10FE3000A908B1806490FE7FD0F0FF7F8890FE7F9C
:10FE4000B0B0A880B490FE7FA908B1804891FE7F31
:10FE5000F4F0FF7F6C91FE7F010000005094FE7F64
:10FE60000CF1FF7F0496FE7FB0B0AC804896FE7F19
:10FE7000B0A902808096FE7F010000000897FE7FF7
:10FE800014F1FF7F2C97FE7F010000009097FE7F0A
:10FE900018F2FF7F2C98FE7F2CF2FF7FCC9AFE7F1A
:10FEA000B0A80180EC9AFE7FDCF2FF7F049BFE7F0E
:10FEB000AB08B180309BFE7F01000000409BFE7FBD
:10FEC000B0B0A880909BFE7FAB08B180BC9BFE7F4A
:10FED00001000000FC9BFE7FB0B0AA80249CFE7F46
:10FEE000AB08B180549CFE7FB0AA0180BC9CFE7F11
:10FEF00001000000D09CFE7FB0B0AC803C9DFE7F36
:10FF0000AB08B180C89DFE7FACF2FF7FE89DFE7F0D
:10FF1000010000006C9EFE7FA8F2FF7F809EFE7FA6
:10FF2000ACF2FF7F949EFE7FB0F2FF7FB49EFE7F17
:10FF3000B4F2FF7F2C9FFE7FB0B0AA80649FFE7F4B
:10FF4000CCF2FF7FDC9FFE7FA908B18000A0FE7F7E
:10FF5000B0A9028024A0FE7F30F3FF7F8CA0FE7F3B
:10FF600034F3FF7FB0A0FE7F88F3FF7FCCA1FE7F3C
:10FF7000B0AF2A80C0ACFE7FA0F3FF7FACB0FE7FA5
:10FF8000C0F3FF7F98B4FE7F0100000014B5FE7F30
:10FF9000B0AA0180ACB5FE7F0100000034B6FE7F40
:10FFA000F8F3FF7F58B6FE7F01000000BCB6FE7F6D
:10FFB0000CF5FF7F5CB9FE7FB0B0A88074B9FE7FFE
:10FFC0000100000084B9FE7FC0F5FF7F9CB9FE7F71
:10FFD000C4F5FF7FB4B9FE7FC8F5FF7FDCB9FE7FB3
:10FFE000D4F5FF7F04BAFE7FE0F5FF7F2CBAFE7FD9
:10FFF000F8F5FF7F54BAFE7F0100000060BAFE7F73
:020000040002F8
:10000000FCF5FF7F78BAFE7F01000000ACBBFE7FED
:1000100038F6FF7FC0BBFE7F3CF6FF7FD4BBFE7F80
:1000200040F6FF7F08BCFE7FB0B0AC804CBCFE7FCA
:10003000B0B0A88074BCFE7F34F6FF7F38BDFE7F71
:10004000B0B0A880A8BDFE7F01000000A8BEFE7F62
:1000500070F6FF7FD4BEFE7F7CF6FF7FF8BEFE7F8A
:10006000B0B0A88068BFFE7F80F6FF7FD4C0FE7F5F
:10007000CCF6FF7F2CC1FE7FB0B0A880D8C1FE7F38
:10008000010000000CC2FE7FDCF6FF7F3CC3FE7F58
:1000900010F7FF7F94C3FE7F30F7FF7FC4C4FE7F5D
:1000A00064F7FF7F1CC5FE7F84F7FF7F84C7FE7F58
:1000B000A0F7FF7FECC9FE7FBCF7FF7F0CCBFE7F74
:1000C000B0AF2C80DCD5FE7FC8F7FF7FDCD9FE7F88
:1000D000E8F7FF7F6CDAFE7FF8F7FF7FFCDAFE7F40
:1000E00008F8FF7F8CDBFE7F18F8FF7F10DFFE7FB4
:1000F00030F8FF7F90E2FE7F48F8FF7FECE5FE7F5F
:1001000060F8FF7F48E9FE7F78F8FF7F34EDFE7FDF
:1001100090F8FF7F00F1FE7FA8F8FF7F08F5FE7FD3
:10012000C8F8FF7F10F9FE7FE8F8FF7FA8F9FE7F8F
:10013000F4F8FF7F50FAFE7F0100000054FBFE7FC1
:1001400048F9FF7F90FBFE7F4CF9FF7FA4FBFE7F09
:10015000B0AC018018FCFE7FB0AF02800CFDFE7FCA
:10016000B0AB028034FDFE7FB0B0AC8064FDFE7F9A
:1001700001000000A4FEFE7FB0AC01803CFFFE7FCA
:1001800038F9FF7F54FFFE7F3CF9FF7F1C00FF7FA3
:10019000010000004C00FF7F78F9FF7F7C03FF7FA8
:1001A00001000000E403FF7FB0B0A8801404FF7FCB
:1001B000010000003804FF7FB0B0A8806C04FF7F0E
:1001C000010000005406FF7FBCF9FF7F7006FF7F2F
:1001D000C0F9FF7F9C06FF7FE0F9FF7FC806FF7F25
:1001E000010000005809FF7FA908B180500BFF7F74
:1001F000B0B0AC80940BFF7F10FAFF7FB40BFF7F91
:10020000B0B0A880D40BFF7F14FAFF7FF40BFF7F00
:1002100001000000300CFF7F18FAFF7F440CFF7FC5
:100220001CFAFF7F840CFF7F28FAFF7F040DFF7FFD
:1002300040FAFF7F5C0DFF7F010000006C0DFF7F27
:1002400048FAFF7F880DFF7F01000000080EFF7F46
:10025000B0AA0180580EFF7F01000000A40EFF7FAE
:1002600054FAFF7FE40EFF7FB0AD0480440FFF7FA0
:10027000010000007071FF7F18EBFF7F9471FF7F1A
:10028000010000002872FF7FCCEBFF7F3E72FF7FF2
:10029000ECEBFF7F5472FF7FF8EBFF7F6A72FF7F0A
:1002A00004ECFF7F8072FF7F24ECFF7F9672FF7F5C
:1002B00044ECFF7FAC72FF7F64ECFF7FC272FF7F74
:1002C00070ECFF7FD872FF7F90ECFF7FEE72FF7FB4
:1002D00001000000E678FF7FAB08B1800879FF7F5E
:1002E000B0A801801A79FF7FB0A90A805C7AFF7FED
:1002F000010000005E7AFF7FB0AB1080C67AFF7FFE
:10030000B0A80980FE7AFF7F01000000027BFF7F1A
:1003100000840280167BFF7F01000000CE7BFF7F00
:1003200080ECFF7FD47BFF7F84ECFF7F2C7CFF7F02
:1003300090ECFF7FAC7CFF7F01000000B87CFF7F6A
:10034000ACECFF7FDA7CFF7FBCECFF7F8C7DFF7F16
:10035000ECECFF7F3E7EFF7F1CEDFF7F6A7EFF7F20
:100360002CEDFF7FB87EFF7F01000000BE7EFF7F87
:1003700001AB06806A7FFF7FB4EDFF7FD67FFF7FF2
:10038000C4EDFF7F0480FF7FD0EDFF7F8C80FF7F77
:10039000E0EDFF7FCE80FF7F01000000D680FF7F71
:1003A000F0EDFF7FEA80FF7F01000000A081FF7F6A
:1003B000B0AF02802A82FF7FB0B0A8804C82FF7F5E
:1003C000DCEDFF7F5682FF7FB0B0A8805A82FF7FAE
:1003D000B0A902807682FF7FAB08B1809082FF7F58
:1003E000B0B0AA80BA82FF7FB0A90280E882FF7F06
:1003F000AB08B1802C83FF7FB0EDFF7F2E83FF7FA2
:10040000B0B0AA806083FF7F010000009A83FF7F65
:10041000B0AC3F80DA83FF7F01000000E283FF7F02
:10042000B0B0AA80FA83FF7F010000000284FF7F42
:10043000B0B0AA801A84FF7F01000000F685FF7F1C
:10044000008402800286FF7FB0B0A8800C86FF7F08
:10045000B0B0AC804686FF7FB0AA01807486FF7F73
:10046000B0B0A8801C87FF7FCCEDFF7FE487FF7FC3
:10047000FCEDFF7F6488FF7F010000006888FF7F3C
:10048000B0B0AA80A288FF7FB0AB08801689FF7F3A
:10049000B0AA07804289FF7FB0AA05806A89FF7FE2
:1004A000010000006E89FF7FB0B0A8809E89FF7FA9
:1004B00001000000BC89FF7FB0B0A880EC89FF7FFD
:1004C000010000000A8AFF7FB0B0A8802C8AFF7F5D
:1004D000010000002A8AFF7FB0AB08803A8BFF7FC3
:1004E00001000000388BFF7FB0AA0180488BFF7F9E
:1004F00001000000528BFF7FA908B180588BFF7F5D
:10050000B0AB0280848BFF7FA0EDFF7FD08DFF7F9B
:10051000BCEDFF7F1C90FF7FB0AB06804890FF7F53
:10052000B0B0A8805E90FF7FA908B1807A90FF7F6D
:10053000DCEDFF7F8090FF7FB0AF02800491FF7FF2
:10054000AF0C97804494FF7FAF0697809E95FF7F06
:10055000B0AF0E80A696FF7FB0AD1C806097FF7F86
:10056000B0AD2680EE97FF7FB0AF1080A899FF7FD7
:10057000F8EDFF7F3A9AFF7F04EEFF7FD69AFF7F68
:1005800001000000D29AFF7FAB08B180F09AFF7F94
:10059000B0A80180029BFF7FB0A90A80449CFF7F26
:1005A00001000000469CFF7FB0AB1080AE9CFF7F37
:1005B000B0A80980E69CFF7F01000000EA9CFF7F55
:1005C00000840280FA9CFF7F01000000829DFF7F73
:1005D000D4EDFF7FDA9DFF7FE0EDFF7F5C9EFF7F24
:1005E00001000000689EFF7FFCEDFF7F8C9EFF7F77
:1005F0000CEEFF7F409FFF7F3CEEFF7FF49FFF7F6D
:100600006CEEFF7F20A0FF7F7CEEFF7F6AA0FF7F64
:100610000100000070A0FF7F01AB06801CA1FF7FDE
:1006200080EEFF7FBAA1FF7FFCEEFF7F26A2FF7F57
:100630000CEFFF7F54A2FF7F18EFFF7F32A3FF7FF5
:1006400028EFFF7F72A3FF7F01A9028094A3FF7FA1
:100650000100000092A3FF7FAB08B180C8A3FF7F19
:1006600001000000CCA3FF7FA908B180E6A3FF7FB3
:100670000CEFFF7F02A4FF7F010000000CA4FF7FAE
:10068000B0B0A88044A4FF7F54EFFF7F46A4FF7F53
:100690000100000050A4FF7F70EFFF7F54A4FF7F94
:1006A00074EFFF7F60A4FF7FA908B180BEA4FF7F25
:1006B00070EFFF7FE6A4FF7F010000003EA7FF7FF1
:1006C000B0B0A88048A7FF7FB0B0AA8064A7FF7F22
:1006D000B0A8018038A8FF7F0100000042A8FF7F7A
:1006E000B0B0AC807CA8FF7FBCEFFF7F00A9FF7F8C
:1006F000B0AB088074A9FF7FB0AA0780A0A9FF7FD4
:10070000B0AA0580C8A9FF7F01000000CCA9FF7F27
:10071000B0B0A880FCA9FF7F010000001AAAFF7FEB
:10072000B0B0A8804AAAFF7F0100000068AAFF7F3E
:10073000B0B0A8808AAAFF7F0100000082ABFF7FD3
:10074000B0AB088092ACFF7F0100000090ACFF7F4F
:10075000B0AA0180A0ACFF7F01000000AAACFF7F1F
:10076000A908B180B0ACFF7F0100000038ADFF7F69
:10077000B0AB028074ADFF7FB0AA018092ADFF7F65
:10078000B0B0AE8072AEFF7FB0A9028086AEFF7FB0
:100790000100000070AFFF7FA908B1808CAFFF7F20
:1007A0000100000094AFFF7FA908B180B0AFFF7FC8
:1007B00001000000B8AFFF7FAF089780F4B0FF7F63
:1007C000B0A9068014B1FF7FAF08978002B2FF7F07
:1007D000AF06978010B3FF7FB0A9068030B3FF7FCC
:1007E000B0AC078080B3FF7FAF089780C4B4FF7FB1
:1007F000B0A90680E8B4FF7FAF08978004B6FF7FFA
:10080000B0A9068028B6FF7FAF0A978030B8FF7F77
:10081000B0A9088058B8FF7FAF0A978060BAFF7F01
:10082000B0A9088088BAFF7FB0AB0680B4BAFF7F5A
:10083000B0AD268028BBFF7FB0AF0280ACBBFF7F8E
:10084000AF0C9780ECBEFF7FAF06978046C0FF7F5E
:10085000B0AA078074C0FF7FB0AF10808AC2FF7F4C
:10086000B0AA078024C3FF7FB0AC0B807CC3FF7F9E
:10087000B0AA0780E0C3FF7FB0AF0E80E8C4FF7F5F
:10088000B0AE1B807AC5FF7FB0AE25800CC6FF7F5F
:10089000B0AF128014C7FF7F010000003CC7FF7F8C
:1008A000A0F1FF7F6EC7FF7FA4F1FF7FFCC7FF7F32
:1008B000A908B18034C8FF7F0100000070C8FF7F25
:1008C000B0B0A88080C8FF7F0100000096C8FF7FFD
:1008D000AD08B18036C9FF7F0100000064C9FF7F09
:1008E000C0F1FF7F74C9FF7F01000000CEC9FF7F08
:1008F000B0A90280FAC9FF7F0100000006CAFF7F8D
:10090000B0AE018074CAFF7F0100000096CAFF7F6D
:10091000B0A90280CACAFF7FB0AB0280FECAFF7FC7
:10092000008402800ACBFF7FB0B0A88020CBFF7F7D
:100930007CF1FF7F22CBFF7FB0A9028036CBFF7F07
:10094000B0AA01808ECBFF7F01000000BACCFF7FF0
:10095000B0AA0380E4CCFF7F0100000088CDFF7FB8
:10096000B0AC07802ACEFF7F0100000092CFFF7F4E
:1009700088F1FF7FDCCFFF7F010000008AD0FF7F7E
:10098000B0AC01800ED1FF7F7CF1FF7F48D1FF7FAB
:10099000B0B0AA8060D1FF7FB0AA0180B6D1FF7F3E
:1009A00000840480C6D1FF7F8CF1FF7FCED1FF7F12
:1009B00001000000D0D1FF7F98F1FF7FD0D1FF7FF1
:1009C0009CF1FF7FD2D1FF7FB0B0A88006D2FF7F1D
:1009D000B0B0AA8032D2FF7FB0B0A88098D2FF7F9B
:1009E00001000000AED2FF7F80F1FF7FBAD2FF7F0F
:1009F0000100000076D3FF7FB0B0AC8098D3FF7FBA
:100A000001000000D6D3FF7FB0AF028040D4FF7F4B
:100A10000100000064D4FF7FB0AF1080C8D6FF7F14
:100A2000B0AF0880E4D7FF7F010000000CD8FF7F43
:100A300074F1FF7F22D8FF7F0100000090D9FF7F73
:100A4000B0AA0180CAD9FF7FB0A80180ECD9FF7F8E
:100A50007CF1FF7FFED9FF7F0100000042DAFF7FBB
:100A60008CF1FF7FA0DAFF7FB0B0AA80BCDAFF7FF5
:100A7000B0A80180CCDAFF7F0100000000DBFF7F1F
:100A8000B0B0AA801EDBFF7F010000005EDBFF7FAD
:100A9000B0B0A88066DBFF7F01000000E8DBFF7FCD
:100AA000FCF1FF7F10DCFF7F010000000000000070
:100AB0000C0B0200A569000000000000FD7D000095
:100AC00000000000000000004C0B020000000000CD
:100AD0002C0B0200DB64010000000000000000009D
:100AE0006C0B0200A948000000000000F95600004D
:100AF000000000009925000000000000CD42000029
:100B000000000000E364010000000000401C02003F
:100B1000841C02003C0E02006801002044120020E8
:100B2000BD4700000000000000000000B41C0200EF
:100B3000CC1C0200180E02006A010020F8120020EE
:100B4000814C00000000000000000000C01C0200FA
:100B5000E41C0200180E02006C01002004130020A7
:100B6000814C00000000000000000000281D020071
:100B7000441D0200580E02006E0100206400002097
:100B8000656201000000000000000000000000009D
:100B90001552010000000000155201000000000085
:100BA0001552010000000000155201000000000075
:100BB00015520100815C0000436601000000000046
:100BC0001552010000000000155201006C0B0200DC
:100BD00083620100000000001552010000000000C7
:100BE0001552010000000000155201000000000035
:100BF0001552010039640000436601000000000046
:100C00001552010000000000155201000000000014
:100C10001552010000000000155201000000000004
:100C200015520100000000001552010000000000F4
:100C300015520100000000001158000000000000E3
:100C400015520100000000001552010000000000D4
:100C500015520100000000001552010000000000C4
:100C600015520100000000001552010000000000B4
:100C700015520100000000001552010000000000A4
:100C80001552010000000000155201000000000094
:100C90001552010000000000155201000000000084
:100CA0001552010000000000155201000000000074
:100CB0001552010000000000155201000000000064
:100CC0001552010000000000155201000000000054
:100CD0001552010000000000155201000000000044
:100CE0001552010000000000155201000000000034
:100CF0001552010000000000155201000000000024
:100D00001552010000000000155201000000000013
:100D10001552010000000000155201000000000003
:100D200015520100000000001552010000000000F3
:100D300015520100000000001552010000000000E3
:100D400015520100000000001552010000000000D3
:100D500015520100000000001552010000000000C3
:100D600015520100000000001552010000000000B3
:100D700015520100000000001552010000000000A3
:100D80001552010000000000155201000000000093
:100D90001552010000000000155201000000000083
:100DA0001552010000000000155201000000000073
:040DB00015520100D7
:100DB80098020020A81F002000040000B1150000C0
:100DC8000000000000000000000000000700000014
:100DD80000000000E4120200000000000000000013
:100DE80048030020A8230020000400008514000008
:100DF80000000000000000000000000006000000E5
:100E080000000000F41202000000000000000000D2
:100E1800CD4A0000035901000F5901002359010070
:100E28002D59010037590100CD49000077590100BB
:100E380000000000854700001157010053570100CA
:100E4800000000002556010000000000000000001E
:100E58006B5B010045520000575F0100995000008C
:100E6800115B0100E15E0100155C0100F54F000017
:100E7800655A0100E53B01001DB4000085FB000038
:100E8800F1FF0000C9010100910F0100AD10010040
:100E980070130200030000000013020003000000AA
:100EA8002C130200030000002C14020003000000B1
:100EB800741C0200030000006C1402000300000010
:100EC8007014020003000000DC150200030000009B
:100ED800601B020003000000C01E020003000000A7
:100EE800201C020003000000341D02000300000063
:100EF8000016020018000020C815020001000000BA
:100F0800040000000F0000000100000008000000BD
:100F18002000000060000000700000000D000000CC
:100F28000C0000000E0000005000000074000000DB
:100F3800A8000000FFFFFFFFFFFFFFFFFFFFFFFF0D
:040F4800FFFFFFFFA9
:100F5000002584500028845000000000000000009C
:100F60000338FDD8704700000100000000000000B9
:100F70000500000000000000190000000000000053
:100F80007D00000000000000710200000000000071
:100F9000350C000000000000093D000000000000CA
:100FA0002D31010000000000E1F505000000000007
:100FB00065CD1D0000000000F90295000000000052
:100FC000DD0EE90200000000514A8D0E0000000015
:100FD0009573C24800000000E941CC6B010000009D
:100FE0008D49FD1A07000000C16FF2862300000042
:100FF000C52EBCA2B1000000D9E9AC2D78030000D9
:101000003D9160E45811000031D6E275BC560000F5
:10101000F52E6E4DAEB10100C9EA2683677808004F
:10102000ED95C28F055A2A00A1EDCCCE1BC2D3008C
:1010300025A4000A8BCA2204000000000000000062
:101040000000000000000010000000000000000090
:10105000B9340332B7F4AD1410DB1AB30892540E4E
:101060000D307D951447BA1A66088F4D26ADC66DB2
:10107000F598BF85E2B74511CA96853D92BD1DEB37
:10108000FCA11860DCEF52163C92AE220BB8C1B442
:10109000839D2D5B0562DA1C304C7E8F4E8BB25BDC
:1010A00016F4529F8B56A512FBD4827643ED8AF03C
:1010B0008FE7F9311565191850F19BD94A13EEB431
:1010C000284CF0A686C1251F035FC270CB9E49162F
:1010D000E642889C44EB2014B0650836AD6EA585C9
:1010E00085F0CA14E2FD031A0B899979D5B13D093F
:1010F000D8DA973A35EBCF10AC363F5E73BB38CFBA
:101100003E6752FA44AFBA1501000000000000002B
:101110000000000000000020345065C05FC9A652E6
:10112000BB13CBAEC440C21806C8DF7100D5A87C83
:10113000F56F0FDA58FC27136E4756357D2420656E
:1011400002C7E768E48CA41DE9E60268D7CD3961DF
:101150007977FCC2405BEF16798CDE43FFA751F92B
:1011600091F3B278F5BDBE11E857E9D6E8BEE87B49
:10117000B054AC8F848D751BEA23A499E9F9D38B05
:10118000B7A3714061DA3E15CEE33ECB73F9480850
:101190008C97B427D51B7010A2BFEFB9EB85321521
:1011A0004DB44DB49BBB6F1996B6076CF8E7EEAD26
:1011B00036D9B4F59135AE13222218AF4E6A684D78
:1011C00091DAAA3D4F40741E9FBD9EE006A1C098D3
:1011D00057C2A7FDA40E90170E7D497173E3208FAF
:1011E000B220D87605143B12853D7434811343B088
:1011F000AD297A5F27F4351C53656D6170686F7295
:10120000652054616B656E2C20436F756E74203DB4
:101210002025690A0000000053656D6170686F72D7
:101220006520476976656E2C20436F756E74203D8E
:101230002025690A0000000052657475726E2076E0
:10124000616C75652066726F6D206B5F6D73677181
:101250005F707574203D20256400000050726F643B
:101260007563657220657865637574696F6E207447
:10127000696D65203D20256C6C64206D7300000055
:1012800052657475726E2076616C75652066726F3A
:101290006D206B5F6D7367715F676574203D2025FE
:1012A00064000000436F6E73756D6572206578652C
:1012B000637574696F6E2074696D65203D20256CBF
:1012C0006C64206D7300000058203D202564202CA4
:1012D0002059203D202564202C205A203D202564C3
:1012E00000000000636F6E73756D5F7468726561F6
:1012F0006400000070726F645F74687265616400FE
:101300004D41494E5F4300002C0B020007000000D6
:101310002C0B020006000000554152542049532076
:101320004E4F542052454144590A000055415254F1
:101330005F4300004C4544275320415245204E4F07
:1013400054205245414459004C454430204E4F549E
:1013500020434F4E46494755524544004C45443181
:10136000204E4F5420434F4E464947555245440066
:101370004C45445F430000002C0B020007000000B6
:101380002C0B02000600000028756E7369676E65FD
:1013900064292063686172202A2075736564206661
:1013A0006F722025257020617267756D656E742ED1
:1013B0002049742773207265636F6D6D656E646577
:1013C0006420746F206361737420697420746F20CB
:1013D000766F6964202A2062656361757365206990
:1013E00074206D6179206361757365206D69736226
:1013F00065686176696F7220696E206365727461D9
:10140000696E20636F6E66696775726174696F6E6D
:10141000732E20537472696E673A222573222061FD
:101420007267756D656E743A256400006362707250
:10143000696E74665F7061636B61676500000000D0
:101440006C6F6767696E6700A804002000010000E8
:10145000974E0100ED4D0100020000009F50010079
:101460000000000000000000000000006C6F67003A
:101470006C6F675F6D676D74000000004D6573737E
:10148000616765202822257322292064726F70709D
:101490006564206265636175736520697420657891
:1014A00063656564732073697A65206C696D69741E
:1014B0006174696F6E202825752900004D6573736E
:1014C0006167652064726F70706564206265636136
:1014D000757365206974206578636565647320732E
:1014E000697A65206C696D69746174696F6E202812
:1014F000257529005B2530386C755D2000000000E3
:101500005B253032753A253032753A253032752EEA
:10151000253033752C253033755D20001B5B306D15
:10152000000000002573000025732E0025733A206B
:10153000000000003C25733E2000000025732F00B2
:101540002573200025303278200000002020200064
:101550007C00000025630000206D65737361676582
:10156000732064726F70706564202D2D2D0D0A1B21
:101570005B306D001B5B313B33316D2D2D2D200019
:101580001B5B313B33316D001B5B313B33336D00F3
:101590006572720077726E00696E66006462670041
:1015A0000000000080150200881502000000000005
:1015B00000000000000000009015020094150200D9
:1015C000981502009C1502006C6F675F6261636B87
:1015D000656E645F75617274000000006C6F675F18
:1015E0007561727400000000F0150200780C002094
:1015F00029300000900C00209C0C0020010000000D
:101600006D5101005F5101004B5101003F5101003C
:101610000000000033510100000000002A2A2A20A7
:10162000426F6F74696E67206E524620436F6E6E14
:101630006563742053444B2076332E312E312D6553
:101640003261393766653235373861202A2A2A0AED
:10165000000000002A2A2A205573696E67205A6507
:1016600070687972204F532076342E312E39392DFF
:10167000666638663063353739656562202A2A2AFE
:101680000A00000000000000895101006D757465BA
:10169000785F696E69742063616C6C65642077693A
:1016A0007468204E554C4C20706172616D65746594
:1016B00072000000436F756C64206E6F7420616C63
:1016C0006C6F63617465206D757465782062656602
:1016D0006F726520696E697469616C697A696E6799
:1016E000000000003800002030000020280000200A
:1016F000000000002000002015320000B931000079
:101700003D310000D130000072302F61313A20208D
:10171000307825303878202072312F61323A2020FD
:10172000307825303878202072322F61333A2020EB
:10173000307825303878000072332F61343A202019
:10174000307825303878207231322F69703A202075
:10175000307825303878207231342F6C723A20205E
:10176000307825303878000020787073723A202065
:1017700030782530387800004661756C74696E6782
:1017800020696E737472756374696F6E206164642E
:101790007265737320287231352F7063293A2030B7
:1017A0007825303878000000556E68616E646C658D
:1017B00064204952516E3A2025640000535053452D
:1017C0004C20696E20746872656164206D6F646579
:1017D00020646F6573206E6F7420696E6469636145
:1017E00074652050535000002A2A2A2A2A20555373
:1017F000414745204641554C54202A2A2A2A2A008E
:1018000020204469766973696F6E206279207A6559
:10181000726F00002020556E616C69676E656420F0
:101820006D656D6F7279206163636573730000008D
:101830002020537461636B206F766572666C6F77DE
:101840002028636F6E746578742061726561206E04
:101850006F742076616C69642900000020204E6F4F
:1018600020636F70726F636573736F7220696E733C
:101870007472756374696F6E730000002020496C88
:101880006C6567616C206C6F6164206F66204558E1
:10189000435F52455455524E20696E746F20504339
:1018A000000000002020496C6C6567616C20757336
:1018B00065206F6620746865204550535200000013
:1018C0002020417474656D707420746F2065786594
:1018D0006375746520756E646566696E65642069FC
:1018E0006E737472756374696F6E00002A2A2A2AF7
:1018F0002A204465627567206D6F6E69746F72206F
:10190000657863657074696F6E202A2A2A2A2A0016
:101910005265736572766564204578636570746995
:101920006F6E20280000000053707572696F757328
:1019300020696E7465727275707420284952512046
:10194000000000002A2A2A2A2A202573202564293B
:10195000202A2A2A2A2A00002A2A2A2A2A204D5006
:1019600055204641554C54202A2A2A2A2A00000094
:101970002020537461636B696E67206572726F72A9
:101980002028636F6E746578742061726561206DC4
:1019900069676874206265206E6F742076616C6977
:1019A000642900002020556E737461636B696E6753
:1019B000206572726F7200002020446174612041C2
:1019C00063636573732056696F6C6174696F6E0031
:1019D00020204D4D46415220416464726573733A34
:1019E00020307825780000002020496E73747275CD
:1019F0006374696F6E204163636573732056696F0A
:101A00006C6174696F6E00002020466C6F617469B0
:101A10006E672D706F696E74206C617A79207374B3
:101A200061746520707265736572766174696F6E3A
:101A3000206572726F7200002A2A2A2A2A204255D3
:101A400053204641554C54202A2A2A2A2A000000B5
:101A50002020537461636B696E67206572726F72C8
:101A60000000000020205072656369736520646186
:101A7000746120627573206572726F7200000000DD
:101A800020204246415220416464726573733A20BB
:101A900030782578000000002020496D7072656361
:101AA0006973652064617461206275732065727268
:101AB0006F7200002020496E737472756374696FD1
:101AC0006E20627573206572726F72002A2A2A2A4C
:101AD0002A2048415244204641554C54202A2A2A63
:101AE0002A2A00002020427573206661756C7420DC
:101AF0006F6E20766563746F72207461626C65200E
:101B000072656164000000002020446562756720F2
:101B10006576656E7400000020204661756C742047
:101B2000657363616C6174696F6E202873656520ED
:101B300062656C6F77290000415243485F45584306
:101B4000455054207769746820726561736F6E2008
:101B500025780A00000000200000000006000100B7
:101B60006D7075004661696C656420746F20616CEE
:101B70006C6F63617465206E6577204D50552072DF
:101B80006567696F6E2025750A00000050617274E8
:101B90006974696F6E2025753A2073616E69747976
:101BA00020636865636B206661696C65642E000064
:101BB000496E76616C696420756E6465726C7969D2
:101BC0006E6720726567696F6E20696E6465782044
:101BD0002575000002000000EC1B0200464C41533A
:101BE000485F30005352414D5F300000000000005C
:101BF000DC1B020006000000E0FF0F0000000020D8
:101C0000E41B020021000000E0FF0620400000204D
:101C1000D811002061626F727428290A0000000048
:101C2000736F63002120252487550100275501008B
:101C30000000000085450000654500000000000030
:101C4000636C6F636B403530303000006866636CE6
:101C50006B0000006C66636C6B0000006866636C70
:101C60006B3139326D0000006866636C6B617564BE
:101C7000696F0000636C6F636B5F636F6E74726F8C
:101C80006C00000009460000794600004C1C020070
:101C900091570100B9570100541C020087570100F9
:101CA000AF5701005C1C02007D570100A5570100E1
:101CB000681C02006770696F403834323830300079
:101CC0006770696F4038343235303000FFFF0000F4
:101CD00000288450000000000100000000D00050E7
:101CE00000000000FFFFFFFF0025845000000000FF
:101CF0000000000000D000500000000000010203BE
:101D0000040506070B0000004661696C65642074D9
:101D10006F20616C6C6F6361746520505049204383
:101D200068616E6E656C00007561727440383030A9
:101D300030000000756172745F6E7266785F756165
:101D40007274650000800050050000000000000073
:101D5000781D02000000D601000000000000000015
:101D600000000000000000001813002010130020E5
:101D70007F1F00207E1F002000800050841D020075
:101D8000010000008C1D020004000000140000008F
:101D90001300000216060001150600030020303073
:101DA00030303030303030303030303000010000F2
:101DB000000100000800000003000000435055200F
:101DC000657863657074696F6E000000556E6861B8
:101DD0006E646C656420696E7465727275707400EF
:101DE000537461636B206F766572666C6F77000069
:101DF0004B65726E656C206F6F7073004B65726E11
:101E0000656C2070616E696300000000556E6B6E3A
:101E10006F776E206572726F72000000756E6B6E68
:101E20006F776E0048616C74696E672073797374A4
:101E3000656D00003E3E3E205A45504859522046AE
:101E40004154414C204552524F522025643A20259E
:101E500073206F6E20435055202564004661756CD9
:101E60007420647572696E6720696E74657272752C
:101E700070742068616E646C696E670A000000000F
:101E800043757272656E74207468726561643A207D
:101E9000257020282573290069646C650000000006
:101EA0006D61696E00000000AC0A0200AC0A02001D
:101EB000EC0A0200F40A02000C0B02000C0B0200F8
:101EC0006F730000FF8FFFFFFF8FFFFFFE8FFFFF8D
:101ED000FE8FFFFFFD8FFFFFFC8FFFFFFC8FFFFFDB
:101EE000FB8FFFFF6D757465785F667265652063B3
:101EF000616C6C65642077697468204E554C4C2089
:101F0000706172616D6574657200000043616E27D7
:101F10007420696E697469616C697A65206D757485
:101F200065782C20776173204E554C4C0D0A0000CB
:101F3000436F756C64206E6F74206C6F636B2070E0
:101F40006F7765722073617665206D7574657800B2
:101F5000302D02001C320200801C0020241C0020B6
:101F60006C1C0020181C0020741C0020201C002069
:101F7000901C0020341C00208C1C0020301C0020F1
:101F8000881C00202C1C0020841C0020281C002001
:101F9000701C00201C1C002000000000000000003D
:101FA000000000004C2A02001D8C0000E9740100B2
:101FB00000000000402A0200598C00000775010053
:101FC00000000000582A0200C58E00007F75010045
:101FD000302D02003F320200002E0200503202007B
:101FE0000000000002000000501F0200020000007C
:101FF000D01F020002000000C02D02007D3202004E
:10200000D81F0200002E02009932020000000000DA
:1020100002000000501F020002000000D01F02005A
:1020200002000000C02D0200C6320200042002009F
:10203000002E0200E2320200000000000200000058
:10204000501F020002000000D01F0200020000002A
:10205000C02D02001033020030200200002E0200CA
:102060002D3302000000000002000000501F02009B
:1020700002000000D01F020002000000C02D02007C
:102080005B3302005C20020000000000D81F020049
:102090000000000000000000000000000000000040
:1020A0000000000000000000000000000000000030
:1020B0000000000000000000F81F02007192000004
:1020C000857B01001D900000BB750100119100008F
:1020D000C3750100C775010045910000CB75010073
:1020E00000000000042002000000000000000000CA
:1020F00000000000000000000000000000000000E0
:1021000000000000000000000000000000000000CF
:102110002420020085920000977B0100519000006E
:10212000BB750100A9900000C3750100C7750100CF
:10213000D9900000CB7501000000000030200200A3
:10214000000000000000000000000000000000008F
:10215000000000000000000000000000000000007F
:1021600000000000000000005020020099920000D2
:10217000A97B0100017B0100CF750100FD910000EA
:10218000C3750100C7750100B5910000CB75010052
:10219000000000005C2002000000000000000000C1
:1021A000000000000000000000000000000000002F
:1021B000000000000000000000000000000000001F
:1021C0007C2002005D920000737B01001379010006
:1021D000CF75010065910000C3750100C77501004E
:1021E000C18F0000CB750100002E0200ED3302000C
:1021F0000000000002000000402902000200000070
:10220000C8220200020C0000002E0200223402004C
:10221000000000000200000034290200020000005B
:10222000C8220200020C0000002E020056340200F8
:1022300000000000020000007C29020002000000F3
:10224000C8220200020C0000002E0200913402009D
:1022500000000000020000009C29020002000000B3
:10226000C8220200020C0000002E0200CC34020042
:102270000000000002000000FC2902000200000033
:10228000C822020002080000002E020002350200EF
:102290000000000002000000082A02000200000006
:1022A000C822020002080000002E02003835020099
:1022B0000000000002000000BC2902000200000033
:1022C000C822020002100000302D02006D3502000D
:1022D000002E02008635020000000000020000000F
:1022E000202A020002000000C822020002080000AA
:1022F00000000000E8210200F59400005B7E010070
:10230000C7AC0100CFAC010059AE010045AE0100E1
:1023100031AE010000000000082202008595000097
:10232000A37E0100E57B010053830100E1AC0100C5
:102330000000000028220200199500006D7E0100B7
:1023400065AC01006BAC0100A9AE010095AE0100C7
:1023500081AE01006DAE010071AC010077AC0100EF
:102360009FAC0100000000004822020041950000DF
:102370007F7E010003AC010009AC0100F9AE010051
:10238000E5AE0100D1AE0100BDAE01000FAC010011
:1023900015AC01003DAC0100000000006822020005
:1023A000B1950000B57E0100537D010089830100D5
:1023B0000000000088220200D5950000C77E0100C1
:1023C000C37D0100F97E010000000000A822020088
:1023D00069950000917E01000F7E010019840100C3
:1023E000037E010000000000D0220200F9950000E9
:1023F000D97E0100497D0100077D0100C57C0100F7
:10240000837C0100417C0100FF7B0100302D020034
:102410008D360200002E02009C36020000000000F3
:1024200002000000501F0200020000000C24020005
:10243000020000000000000014240200CD9C0000F7
:102440006D870100EF870100FF8701001F880100F1
:102450002F880100658701009387010069870100CB
:102460007F870100302D02000F370200302D02005F
:102470001C370200302D02002B370200C02D020055
:102480003D370200501F0200C02D020055370200E8
:10249000501F0200002E02006E37020000000000F4
:1024A00002000000501F0200020000006C24020025
:1024B00002000000002E02008E3702000000000023
:1024C00002000000501F0200020000006C24020005
:1024D00002000000002E0200AE37020000000000E3
:1024E00002000000501F02000200000074240200DD
:1024F00002000000C02D0200C7370200501F02007A
:10250000C02D02000D380200501F0200002E0200F4
:10251000533802000000000002000000501F0200BB
:10252000020000006424020002000000000000001D
:102530007C2402009D9D000087890100518C0100D0
:10254000818B01002D890100000000008824020019
:10255000998E000061750100138901001B8901003B
:10256000F18A0100E18A0100D18A01000000000027
:1025700094240200C58B0000AD740100B1880100F5
:10258000B7880100318B0100218B0100118B010004
:10259000018B0100BD880100C3880100EB880100A8
:1025A00000000000B4240200F18B0000CB74010095
:1025B0004F88010055880100718B0100618B01007B
:1025C000518B0100418B01005B8801006188010093
:1025D0008988010000000000D4240200819D0000D1
:1025E0007589010027890100CDE301002B890100D5
:1025F00000000000F4240200459D00003F89010016
:10260000159F0100AF9F010000000000002502009F
:10261000599D00005189010015A00000319501006D
:10262000000000000C2502006D9D00006389010080
:1026300023890100539D0100D99D0100FB9B0100EE
:10264000BD9C0100EB9A01005F9E0100002E02007C
:1026500098380200000000000200000088240200F8
:1026600002000000C8220200020C0000002E02003E
:10267000CD38020000000000020000007C240200AF
:1026800002000000C8220200020C0000002E02001E
:102690000139020000000000020000009424020042
:1026A00002000000C8220200020C0000002E0200FE
:1026B0003C3902000000000002000000B4240200C7
:1026C00002000000C8220200020C0000002E0200DE
:1026D000773902000000000002000000F42402002C
:1026E00002000000C822020002080000002E0200C2
:1026F000AD390200000000000200000000250200C9
:1027000002000000C822020002080000002E0200A1
:10271000E33902000000000002000000D42402009F
:1027200002000000C822020002100000002E020079
:10273000183A020000000000020000000C25020010
:1027400002000000C8220200020800000000000091
:102750004C26020041B50000BFA201001389010010
:102760001B890100F18A0100E18A0100D18A010080
:10277000000000006C260200D1B5000007A3010094
:102780007DA0010053A801002D8901000000000078
:102790008C26020065B50000D1A20100B1880100BD
:1027A000B7880100318B0100218B0100118B0100E2
:1027B000018B0100BD880100C3880100EB88010086
:1027C00000000000AC2602008DB50000E3A201006D
:1027D0004F88010055880100718B0100618B010059
:1027E000518B0100418B01005B8801006188010071
:1027F0008988010000000000CC260200FDB5000021
:1028000019A30100EBA1010089A80100000000004C
:10281000EC26020021B600002BA301005BA2010000
:102820004FA30100000000000C270200B5B5000016
:10283000F5A20100A7A201006FA901009BA201005F
:10284000000000002C27020045B600003DA3010057
:10285000E1A101009FA101005DA101001BA10100F8
:10286000D9A0010097A001005F9E0100C02D0200C9
:102870004D3A0200942C0200000000006C28020077
:1028800031B9000077AA0100E9D00100EBD00100C6
:10289000E7A90100B7A90100E1A9010023D10100C6
:1028A00031AA010097AA010089AA0100ABAA010080
:1028B00025AA010053AA0100C02D0200943A02008B
:1028C000D428020000000000B828020049BA000025
:1028D000D3AA0100302D0200B63A02000000000029
:1028E000D4280200C1BA0000BDAB0100002E0200D6
:1028F000C23A02000000000001000000B8280200F7
:1029000003F4FFFF182902002C2902000800000030
:1029100000000000EC280200F9BA0000CFAB010073
:10292000F8FFFFFFF8FFFFFFEC2802001DBB0000CF
:10293000E1AB0100C02D0200C53A0200501F0200A9
:10294000C02D0200D33A0200501F0200C02D020029
:10295000E23A0200501F0200C02D02001C3B0200A0
:10296000501F0200C02D0200563B0200501F020003
:10297000C02D02006F3B0200501F0200002E02001B
:10298000823B02000000000002000000501F020015
:10299000020000006C24020002000000002E020071
:1029A000983B02000000000002000000501F0200DF
:1029B000020000006C24020002000000002E020051
:1029C000AE3B02000000000002000000501F0200A9
:1029D000020000007424020002000000002E020029
:1029E000BD3B02000000000002000000501F02007A
:1029F00002000000D01F020002000000C02D0200F3
:102A0000E93B0200501F0200C02D0200253C0200DD
:102A1000501F0200C02D0200613C0200501F020046
:102A2000002E02009C3C020000000000020000009A
:102A3000501F020002000000642402000200000097
:102A4000C02D0200D73C0200501F0200C02D020022
:102A5000F53C0200501F0200C02D0200133D020091
:102A6000501F02000000000034290200D5BB000006
:102A700083AD010061AF0100A9BC0000E1AC010021
:102A80000000000040290200958F00009D750100A4
:102A9000C7AC0100CFAC010059AE010045AE01004A
:102AA00031AE0100000000004C2902002DBB0000E7
:102AB000F3AC0100C9C8010093C80100E7CA0100D6
:102AC0001DCB010053CB0100E9CB01001FCC01005D
:102AD000A9DA000041DB0000D9DB000089CB01004E
:102AE000000000005829020041BB000005AD0100B4
:102AF000D9B80100B1B80100E5BA0100B1BC0100CC
:102B000001BE01003DC001007DC201000DBB0100FE
:102B100000000000642902007DBB00003BAD010005
:102B20000000000070290200F1BB000095AD01001B
:102B3000000000007C290200A58D00002575010021
:102B400065AC01006BAC0100A9AE010095AE0100BF
:102B500081AE01006DAE010071AC010077AC0100E7
:102B60009FAC0100000000009C290200D18D0000F4
:102B70004375010003AC010009AC0100F9AE01008E
:102B8000E5AE0100D1AE0100BDAE01000FAC010009
:102B900015AC01003DAC010000000000BC290200A2
:102BA000B9BB000071AD0100DBAC01000FE4010016
:102BB000DFAC010000000000DC2902000000000082
:102BC0000000000000000000000000000000000005
:102BD00000000000000000000000000000000000F5
:102BE00000000000FC29020055BB000017AD0100E9
:102BF00035FA0000D5FA000000000000082A0200A3
:102C000069BB000029AD0100A1CA0000ADC20100EE
:102C100000000000142A020091BB00004DAD01002D
:102C2000E1C2010000000000202A0200A5BB000054
:102C30005FAD0100D7AC010099CE010021CF0100AA
:102C400065CD0100FFCD010055CC0100002E020032
:102C50002B3D02000000000001000000B828020027
:102C600003F4FFFF782C02008C2C0200040000000B
:102C7000000000004C2C020049FC0000A9CF01001C
:102C8000FCFFFFFFFCFFFFFF4C2C020069FC000073
:102C9000BBCF0100302D02002E3D020000000000DD
:102CA000942C020079FC000051D10100E9D0010010
:102CB000EBD00100EDD0010003D101001FD10100D4
:102CC00023D10100B7D1010027D101002DD101008E
:102CD00045D1010063D101004BD10100C02D02009C
:102CE000AD3D0200542D020000000000DC2C02006B
:102CF000D9FE0000DFD50100D1FE0000C02D02008A
:102D0000C83D0200542D020000000000FC2C02000F
:102D1000F5FE0000F3D50100EDFE0000C02D02001D
:102D2000D43D0200E42D0200000000001C2D020032
:102D300009FF000045D6010097DD010097DD010085
:102D4000AFD6010007D6010097D6010059D6010081
:102D500039D60100302D0200183E0200C02D0200BD
:102D6000253E0200542D0200302D0200373E0200A5
:102D7000302D0200573E0200000000005C2D0200D2
:102D8000ABD90100ADD90100B1010100C02D020095
:102D90007B3E0200542D0200000000008C2D02003A
:102DA000C10501007BDC0100A9010100C02D02006A
:102DB0009F3E02001C2D020000000000AC2D02000E
:102DC00029060100A7DC010097DD010097DD010065
:102DD000AFD6010007D601006BDD0100F7DC010072
:102DE000BBDC0100302D0200C43E0200C02D0200F9
:102DF000D13E02001C2D020000000000EC2D02005C
:102E00003D060100C7DD010097DD010097DD0100EF
:102E1000AFD6010007D60100E5E0010079DE010030
:102E2000DBDD0100C02D02002C3F0200DC29020086
:102E300000000000242E02003D08010039E20100DC
:102E40000FE201001DE201000FE2010025E2010096
:102E500029E201002DE2010025E20100C02D02005F
:102E6000CC3F0200542D0200C02D0200DC3F0200C6
:102E70005C2E0200C02D0200ED3F02005C2E02001D
:102E8000C02D0200FE3F0200542D02000000000091
:102E90005C2E0200F10A010069E4010053E4010024
:102EA00000000000682E0200150B01007BE4010009
:102EB00053E4010000000000742E0200290B010001
:102EC0008DE4010053E4010000000000802E0200A8
:102ED000CD0A010057E4010053E40100C02D0200B7
:102EE000224102009C2F0200C02D02003F4102003F
:102EF000942F0200702F020064410200DC2E0200B9
:102F0000002E0200764102000000000001000000D7
:102F1000AC2D02000000000000000000DC2E0200CA
:102F20001D0E010059E5010055E5010000000000FB
:102F3000E82E0200090E010043E50100010E010028
:102F400085E60100610E01000FE6010015E60100B3
:102F50003FE6010000000000F42E0200450E0100D3
:102F6000A3E5010055E5010000000000002F02006C
:102F7000310E01006BE5010097DD010097DD0100D6
:102F8000AFD601007DE501006BDD0100F7DC01003B
:102F9000BBDC0100302D020096410200C02D020072
:102FA000AF410200802E0200C02D0200C04102008D
:102FB000942F0200C02D0200EA410200942F02006B
:102FC000000000009C2F02004110010073E6010088
:102FD00053E4010000000000A82F020055E60100A4
:102FE0005BE60100CD0F010085E6010055100100F0
:102FF0000FE60100FBE501003FE6010000000000D4
:10300000B42F020053E6010067E60100D50F01006E
:1030100085E6010055100100DD0F0100B5E6010055
:103020003FE60100C02D020013420200542D0200B1
:103030000000000024300200DD100100E3E6010082
:10304000DFE60100CD400200D1400200D540020081
:10305000D940020094400200DD400200E14002003D
:10306000E5400200E9400200ED400200F1400200AC
:10307000F5400200774002007F40020088400200D5
:103080008E40020094400200984002009D400200E1
:10309000A2400200A9400200B3400200BB4002006F
:1030A000C44002005B4002005F4002006340020037
:1030B000674002006B4002006F4002007340020054
:1030C0002240020029400200304002003840020045
:1030D000424002004B40020052400200063702000C
:1030E000F7360200194C02001040020013400200A3
:1030F0002E4C0200774002007F4002008840020010
:103100008E40020094400200984002009D40020060
:10311000A2400200A9400200B3400200BB400200EE
:10312000C4400200464C0200164002002141020049
:1031300021410200214102002141020021410200FF
:10314000000000000000000000000000000000007F
:103150000000004095596959555554551555555617
:1031600004051541105455404551554440455044BF
:10317000505555450040004040044496655556550D
:10318000454045545141154055915555555540516F
:103190000501000054455454455505040010041021
:1031A000140440000000014055551541540400002E
:1031B00044000100000000404100004450444550DC
:1031C0005400555554556551004000400100000120
:1031D00000050100115451515455550500000000DF
:1031E000000000000000000000001F003B005A002B
:1031F00078009700B500D400F300110130014E01B2
:103200006D0100001F003C005B0079009800B600D3
:10321000D500F400120131014F016E014E53743696
:103220006C6F63616C65356661636574450043006E
:10323000747275650066616C736500EFBBBF005307
:10324000743132636F64656376745F6261736500C5
:10325000537432335F5F636F64656376745F61627A
:103260007374726163745F6261736549447363313F
:10327000305F6D6273746174655F744500537437B9
:10328000636F64656376744944736331305F6D6264
:1032900073746174655F744500537432335F5F63A8
:1032A0006F64656376745F61627374726163745F87
:1032B000626173654944696331305F6D6273746143
:1032C00074655F744500537437636F646563767427
:1032D0004944696331305F6D6273746174655F7412
:1032E0004500537432335F5F636F64656376745F68
:1032F00061627374726163745F6261736549447380
:10330000447531305F6D6273746174655F7445003C
:10331000537437636F6465637674494473447531DD
:10332000305F6D6273746174655F7445005374320D
:10333000335F5F636F64656376745F616273747239
:103340006163745F62617365494469447531305FDC
:103350006D6273746174655F744500537437636F95
:103360006465637674494469447531305F6D627396
:10337000746174655F744500EFBBBF62617369631C
:103380005F737472696E673A3A5F535F636F6E730F
:103390007472756374206E756C6C206E6F74207619
:1033A000616C69640063616E6E6F74206372656145
:1033B0007465207368696D20666F7220756E6B6E20
:1033C0006F776E206C6F63616C653A3A6661636516
:1033D0007400756E696E697469616C697A656420E0
:1033E0005F5F616E795F737472696E67002A4E5316
:1033F0007431335F5F66616365745F7368696D73B1
:1034000031325F474C4F42414C5F5F4E5F31313349
:103410006E756D70756E63745F7368696D49634531
:1034200045002A4E537431335F5F66616365745F94
:103430007368696D7331325F474C4F42414C5F5F37
:103440004E5F313132636F6C6C6174655F736869B4
:103450006D49634545002A4E537431335F5F6661A1
:103460006365745F7368696D7331325F474C4F42B7
:10347000414C5F5F4E5F3131356D6F6E65797075B0
:103480006E63745F7368696D49634C62314545458D
:10349000002A4E537431335F5F66616365745F73F6
:1034A00068696D7331325F474C4F42414C5F5F4EEC
:1034B0005F3131356D6F6E657970756E63745F73F2
:1034C00068696D49634C6230454545002A4E537426
:1034D00031335F5F66616365745F7368696D733113
:1034E000325F474C4F42414C5F5F4E5F3131346D2C
:1034F0006F6E65795F6765745F7368696D49634571
:1035000045002A4E537431335F5F66616365745FB3
:103510007368696D7331325F474C4F42414C5F5F56
:103520004E5F3131346D6F6E65795F7075745F73A6
:1035300068696D49634545002A4E537431335F5FB6
:1035400066616365745F7368696D7331325F474CA0
:103550004F42414C5F5F4E5F3131336D6573736134
:103560006765735F7368696D49634545004E5374C1
:10357000366C6F63616C65356661636574365F5F79
:103580007368696D45002A4E537431335F5F66611D
:103590006365745F7368696D7331325F474C4F4286
:1035A000414C5F5F4E5F31313374696D655F6765B4
:1035B000745F7368696D496345450025733A205F00
:1035C0005F706F73202877686963682069732025AE
:1035D0007A7529203E20746869732D3E73697A6577
:1035E00028292028776869636820697320257A75FF
:1035F000290062617369635F737472696E673A3A36
:10360000636F70790062617369635F737472696E6E
:10361000673A3A5F535F6372656174650062617314
:1036200069635F737472696E673A3A657261736554
:103630000062617369635F737472696E673A3A5FBF
:103640004D5F7265706C6163655F61757800626182
:103650007369635F737472696E673A3A6173736911
:10366000676E0062617369635F737472696E673A53
:103670003A617070656E640062617369635F737450
:1036800072696E673A3A726573697A65005374318C
:103690003063747970655F6261736500537435637C
:1036A000747970654963450062617369635F73741F
:1036B00072696E673A20636F6E73747275637469B2
:1036C0006F6E2066726F6D206E756C6C2069732052
:1036D0006E6F742076616C69640062617369635F08
:1036E000737472696E673A3A696E736572740043F7
:1036F00000252E2A4C6600256D2F25642F25790084
:1037000025483A254D0025483A254D3A2553005382
:10371000743974696D655F6261736500537431302B
:103720006D6F6E65795F6261736500537431336DDF
:10373000657373616765735F62617365004E53748F
:10374000375F5F637878313137636F6C6C617465B4
:1037500049634545004E5374375F5F637878313174
:10376000386E756D70756E637449634545004E53D0
:1037700074375F5F637878313131306D6F6E6579A2
:1037800070756E637449634C6231454545004E5314
:1037900074375F5F637878313131306D6F6E657982
:1037A00070756E637449634C6230454545004E53F5
:1037B00074375F5F6378783131386D657373616733
:1037C000657349634545004E5374375F5F6378788E
:1037D0003131396D6F6E65795F6765744963537414
:1037E00031396973747265616D6275665F6974659C
:1037F0007261746F72496353743131636861725FCF
:10380000747261697473496345454545004E53744C
:10381000375F5F6378783131396D6F6E65795F70CE
:1038200075744963537431396F73747265616D6275
:1038300075665F6974657261746F72496353743140
:1038400031636861725F747261697473496345457D
:103850004545004E5374375F5F6378783131387473
:10386000696D655F67657449635374313969737451
:103870007265616D6275665F6974657261746F729D
:10388000496353743131636861725F747261697442
:1038900073496345454545002A4E537431335F5F94
:1038A00066616365745F7368696D7331325F474C3D
:1038B0004F42414C5F5F4E5F3131336E756D7075B5
:1038C0006E63745F7368696D49634545002A4E53A2
:1038D0007431335F5F66616365745F7368696D73CC
:1038E00031325F474C4F42414C5F5F4E5F31313266
:1038F000636F6C6C6174655F7368696D496345459E
:10390000002A4E537431335F5F66616365745F7381
:1039100068696D7331325F474C4F42414C5F5F4E77
:103920005F3131356D6F6E657970756E63745F737D
:1039300068696D49634C6231454545002A4E5374B0
:1039400031335F5F66616365745F7368696D73319E
:10395000325F474C4F42414C5F5F4E5F3131356DB6
:103960006F6E657970756E63745F7368696D4963B6
:103970004C6230454545002A4E537431335F5F66D3
:10398000616365745F7368696D7331325F474C4F73
:1039900042414C5F5F4E5F3131346D6F6E65795FD0
:1039A0006765745F7368696D49634545002A4E53C6
:1039B0007431335F5F66616365745F7368696D73EB
:1039C00031325F474C4F42414C5F5F4E5F31313483
:1039D0006D6F6E65795F7075745F7368696D49634B
:1039E0004545002A4E537431335F5F6661636574E9
:1039F0005F7368696D7331325F474C4F42414C5F72
:103A00005F4E5F3131336D657373616765735F73EB
:103A100068696D49634545002A4E537431335F5FD1
:103A200066616365745F7368696D7331325F474CBB
:103A30004F42414C5F5F4E5F31313374696D655F5A
:103A40006765745F7368696D49634545004E395F0A
:103A50005F676E755F6378783138737464696F5F20
:103A600073796E635F66696C6562756649635374EA
:103A70003131636861725F7472616974734963455F
:103A800045450062617369635F696F733A3A636CBD
:103A90006561720053743962617369635F696F7342
:103AA000496353743131636861725F747261697420
:103AB000734963454500537438696F735F6261737E
:103AC0006500536900537437636F6C6C61746549AA
:103AD0006345005374386E756D70756E6374496319
:103AE00045005374376E756D5F6765744963537431
:103AF00031396973747265616D6275665F69746589
:103B00007261746F72496353743131636861725FBB
:103B10007472616974734963454545005374376E27
:103B2000756D5F7075744963537431396F73747256
:103B300065616D6275665F6974657261746F724903
:103B40006353743131636861725F74726169747355
:103B5000496345454500537431375F5F74696D654E
:103B600070756E63745F6361636865496345005394
:103B70007431315F5F74696D6570756E637449632C
:103B80004500537431306D6F6E657970756E637476
:103B900049634C6231454500537431306D6F6E6539
:103BA0007970756E637449634C6230454500537497
:103BB000386D65737361676573496345005374328B
:103BC000335F5F636F64656376745F6162737472A1
:103BD0006163745F6261736549636331305F6D6215
:103BE00073746174655F7445005374396D6F6E65ED
:103BF000795F6765744963537431396973747265A9
:103C0000616D6275665F6974657261746F72496334
:103C100053743131636861725F747261697473499E
:103C200063454545005374396D6F6E65795F7075F6
:103C3000744963537431396F73747265616D627561
:103C4000665F6974657261746F7249635374313170
:103C5000636861725F747261697473496345454555
:103C60000053743874696D655F707574496353747B
:103C700031396F73747265616D6275665F69746501
:103C80007261746F72496353743131636861725F3A
:103C9000747261697473496345454500537438749F
:103CA000696D655F6765744963537431396973740D
:103CB0007265616D6275665F6974657261746F7259
:103CC000496353743131636861725F7472616974FE
:103CD00073496345454500537431385F5F6D6F6EBE
:103CE000657970756E63745F636163686549634C81
:103CF0006230454500537431385F5F6D6F6E657992
:103D000070756E63745F636163686549634C6231AB
:103D1000454500537431365F5F6E756D70756E6327
:103D2000745F636163686549634500536F00537452
:103D3000313562617369635F73747265616D627559
:103D400066496353743131636861725F747261698B
:103D50007473496345450062617369635F7374728C
:103D6000696E673A3A5F4D5F6372656174650062C0
:103D7000617369635F737472696E673A3A726570F2
:103D80006C6163650062617369635F737472696E0D
:103D9000673A3A5F4D5F7265706C6163650073747A
:103DA000643A3A6261645F616C6C6F6300537439AA
:103DB0006261645F616C6C6F63007374643A3A6251
:103DC00061645F63617374005374386261645F633C
:103DD000617374004E31305F5F6378786162697639
:103DE0003131375F5F636C6173735F747970655FE6
:103DF000696E666F45007374643A3A6578636570FE
:103E000074696F6E007374643A3A6261645F6578D6
:103E100063657074696F6E0053743965786365709B
:103E200074696F6E00537431336261645F657863E7
:103E3000657074696F6E004E31305F5F63787861D2
:103E40006269763131355F5F666F726365645F7595
:103E50006E77696E6445004E31305F5F63787861DC
:103E60006269763131395F5F666F726569676E5F6F
:103E7000657863657074696F6E45004E395F5F6782
:103E80006E755F63787832307265637572736976C8
:103E9000655F696E69745F6572726F724500004E8E
:103EA00031305F5F637878616269763132305F5FAD
:103EB00073695F636C6173735F747970655F696E5A
:103EC000666F4500537439747970655F696E666F0B
:103ED000004E31305F5F63787861626976313231EC
:103EE0005F5F766D695F636C6173735F7479706532
:103EF0005F696E666F4500254C66006C6F63616C90
:103F0000653A3A66616365743A3A5F535F63726516
:103F10006174655F635F6C6F63616C65206E616D7A
:103F200065206E6F742076616C696400537437632A
:103F30006F646563767449636331305F6D62737477
:103F40006174655F7445002D2B78583031323334FD
:103F500035363738396162636465663031323334FF
:103F60003536373839414243444546002D2B785881
:103F700030313233343536373839616263646566DF
:103F8000414243444546002D3031323334353637D3
:103F9000383900474D540048535400414B535400A6
:103FA000505354004D535400435354004553540050
:103FB000415354004E535400434554004953540058
:103FC000454554004A5354000203000453743131F0
:103FD0006C6F6769635F6572726F72005374313220
:103FE0006C656E6774685F6572726F7200537431CE
:103FF000326F75745F6F665F72616E6765005374D0
:10400000313372756E74696D655F6572726F7200BF
:10401000414D00504D0025493A254D3A2553202564
:10402000700053756E646179004D6F6E6461790044
:1040300054756573646179005765646E6573646176
:1040400079005468757273646179004672696461BD
:10405000790053617475726461790053756E004D17
:104060006F6E0054756500576564005468750046AE
:10407000726900536174004A616E7561727900461D
:1040800065627275617279004D617263680041709A
:1040900072696C004D6179004A756E65004A756CF5
:1040A00079004175677573740053657074656D624E
:1040B0006572004F63746F626572004E6F76656D56
:1040C00062657200446563656D626572004A616E87
:1040D00000466562004D617200417072004A756E63
:1040E000004A756C0041756700536570004F63743A
:1040F000004E6F760044656300696F73747265618A
:104100006D00696F73747265616D206572726F7294
:1041100000556E6B6E6F776E206572726F72003A2B
:1041200020004E537438696F735F62617365376640
:1041300061696C7572654235637878313145002A62
:104140004E31325F474C4F42414C5F5F4E5F3131E1
:1041500037696F5F6572726F725F63617465676FF5
:1041600072794500537431335F5F696F735F6661C5
:10417000696C75726500537431395F5F696F73667E
:1041800061696C5F747970655F696E666F00676501
:104190006E65726963004E5374335F563231346515
:1041A00072726F725F63617465676F7279450053F5
:1041B00074313273797374656D5F6572726F7200FA
:1041C0002A4E31325F474C4F42414C5F5F4E5F3168
:1041D000323267656E657269635F6572726F725FB6
:1041E00063617465676F727945002A4E31325F47AB
:1041F0004C4F42414C5F5F4E5F3132317379737483
:10420000656D5F6572726F725F63617465676F720F
:104210007945004E537438696F735F626173653717
:104220006661696C757265450000202020202020A1
:104230002020202828282828202020202020202056
:104240002020202020202020202088101010101056
:1042500010101010101010101010040404040404A6
:104260000404040410101010101010414141414189
:1042700041010101010101010101010101010101EE
:10428000010101010110101010101042424242427F
:1042900042020202020202020202020202020202BE
:1042A00002020202021010101020000000000000A4
:1042B00000000000000000000000000000000000FE
:1042C00000000000000000000000000000000000EE
:1042D00000000000000000000000000000000000DE
:1042E00000000000000000000000000000000000CE
:1042F00000000000000000000000000000000000BE
:1043000000000000000000000000000000000000AD
:10431000000000000000000000000000000000009D
:104320000000000000000000000053756363657327
:1043300073004E6F74206F776E6572004E6F20733E
:104340007563682066696C65206F722064697265A8
:1043500063746F7279004E6F20737563682070729A
:104360006F6365737300496E7465727275707465FE
:10437000642073797374656D2063616C6C00492FE0
:104380004F206572726F72004E6F207375636820E4
:10439000646576696365206F722061646472657319
:1043A0007300417267206C69737420746F6F206CA6
:1043B0006F6E67004578656320666F726D6174206B
:1043C0006572726F7200536F636B657420616C72FB
:1043D0006561647920636F6E6E6563746564004225
:1043E00061642066696C65206E756D626572004E51
:1043F0006F206368696C6472656E004465737469EC
:104400006E6174696F6E206164647265737320728B
:1044100065717569726564004E6F206D6F726520FD
:1044200070726F636573736573004E6F7420656E91
:104430006F756768207370616365005065726D69A0
:104440007373696F6E2064656E69656400426164B0
:10445000206164647265737300426C6F636B2064E7
:10446000657669636520726571756972656400447B
:104470006576696365206F72207265736F7572630C
:104480006520627573790046696C6520657869738B
:1044900074730043726F73732D646576696365206E
:1044A0006C696E6B004E6F2073756368206465766F
:1044B000696365004E6F742061206469726563747E
:1044C0006F727900486F737420697320646F776E20
:1044D00000436F6E6E656374696F6E20616C726508
:1044E00061647920696E2070726F67726573730002
:1044F00049732061206469726563746F7279004941
:104500006E76616C696420617267756D656E7400AA
:104510004E6574776F726B20696E74657266616345
:1045200065206973206E6F7420636F6E66696775AE
:1045300072656400436F6E6E656374696F6E2061AF
:10454000626F72746564206279206E6574776F7231
:104550006B00546F6F206D616E79206F70656E20F7
:1045600066696C657320696E2073797374656D007C
:1045700046696C652064657363726970746F72203C
:1045800076616C756520746F6F206C617267650071
:104590004E6F74206120636861726163746572207C
:1045A00064657669636500546578742066696C6536
:1045B00020627573790046696C6520746F6F206C9A
:1045C0006172676500486F737420697320756E723D
:1045D0006561636861626C65004E6F207370616332
:1045E00065206C656674206F6E206465766963650E
:1045F000004E6F7420737570706F7274656400493B
:104600006C6C6567616C207365656B0052656164F5
:104610002D6F6E6C792066696C6520737973746593
:104620006D00546F6F206D616E79206C696E6B73D5
:104630000042726F6B656E2070697065004D617429
:1046400068656D617469637320617267756D656E0D
:1046500074206F7574206F6620646F6D61696E20C1
:104660006F662066756E6374696F6E005265737550
:104670006C7420746F6F206C61726765004E6F20E0
:104680006D657373616765206F6620646573697219
:1046900065642074797065004964656E7469666943
:1046A00065722072656D6F76656400496C6C656734
:1046B000616C20627974652073657175656E6365E0
:1046C00000446561646C6F636B004E6574776F7254
:1046D0006B20697320756E726561636861626C65D9
:1046E000004E6F206C6F636B004E6F7420612073FF
:1046F000747265616D0053747265616D20696F63DA
:10470000746C2074696D656F7574004E6F207374DE
:104710007265616D207265736F7572636573004DAC
:10472000616368696E65206973206E6F74206F6EB7
:1047300020746865206E6574776F726B004E6F2011
:104740007061636B616765005265736F7572636555
:104750002069732072656D6F746500566972747597
:10476000616C206369726375697420697320676F77
:104770006E65004164766572746973652065727256
:104780006F720053726D6F756E74206572726F7206
:1047900000436F6D6D756E69636174696F6E20653E
:1047A00072726F720050726F746F636F6C206572FB
:1047B000726F7200556E6B6E6F776E2070726F74D1
:1047C0006F636F6C004D756C7469686F70206174F5
:1047D00074656D7074656400426164206D65737307
:1047E0006167650043616E6E6F742061636365731A
:1047F000732061206E65656465642073686172650D
:1048000064206C69627261727900416363657373DD
:10481000696E67206120636F7272757074656420C1
:10482000736861726564206C696272617279002ECE
:104830006C69622073656374696F6E20696E2061B4
:104840002E6F757420636F727275707465640041A9
:104850007474656D7074696E6720746F206C696E16
:104860006B20696E206D6F7265207368617265647C
:10487000206C6962726172696573207468616E2070
:1048800073797374656D206C696D69740043616E32
:104890006E6F74206578656320612073686172654E
:1048A00064206C69627261727920646972656374F4
:1048B0006C790046756E6374696F6E206E6F74203C
:1048C000696D706C656D656E7465640044697265D0
:1048D00063746F7279206E6F7420656D70747900E7
:1048E00046696C65206F722070617468206E616D1E
:1048F0006520746F6F206C6F6E6700546F6F206D52
:10490000616E792073796D626F6C6963206C696E7A
:104910006B73004E6F2062756666657220737061FE
:10492000636520617661696C61626C65004E6F2021
:104930006461746100416464726573732066616DC3
:10494000696C79206E6F7420737570706F72746506
:10495000642062792070726F746F636F6C2066617F
:104960006D696C790050726F746F636F6C20777231
:104970006F6E67207479706520666F7220736F6345
:104980006B657400536F636B6574206F7065726143
:1049900074696F6E206F6E206E6F6E2D736F636B18
:1049A00065740050726F746F636F6C206E6F74204B
:1049B000617661696C61626C650043616E27742089
:1049C00073656E6420616674657220736F636B65D6
:1049D000742073687574646F776E00436F6E6E65D4
:1049E0006374696F6E207265667573656400436FEA
:1049F0006E6E656374696F6E207265736574206294
:104A0000792070656572004164647265737320611A
:104A10006C726561647920696E207573650041640C
:104A20006472657373206E6F7420617661696C6166
:104A3000626C6500536F667477617265206361759F
:104A400073656420636F6E6E656374696F6E206159
:104A5000626F727400536F636B6574206973206EAC
:104A60006F7420636F6E6E656374656400536F636B
:104A70006B65742074797065206E6F742073757027
:104A8000706F7274656400536F636B657420697333
:104A900020616C726561647920636F6E6E6563740A
:104AA0006564004F7065726174696F6E2063616E3A
:104AB00063656C6564005374617465206E6F742067
:104AC0007265636F76657261626C650050726576BF
:104AD000696F7573206F776E657220646965640015
:104AE00053747265616D73207069706520657272B0
:104AF0006F72004F7065726174696F6E206E6F74B3
:104B000020737570706F72746564206F6E20736FA0
:104B1000636B65740056616C756520746F6F206CF3
:104B20006172676520666F7220646566696E656490
:104B300020646174612074797065004D65737361E0
:104B4000676520746F6F206C6F6E6700436F6E6EC9
:104B5000656374696F6E2074696D6564206F757428
:104B6000002573252E2A6400257325302E2A640023
:104B70002B002D0025326400252E32642F252E3285
:104B8000642F252E326400256C7500592D256D2D5E
:104B90002564002E2A7500252E336400252E3164ED
:104BA00000256C6C6400252E32643A252E32643A5E
:104BB000252E32640025652D25622D2500252B30FC
:104BC000336C64252E326C6400545A002531315BFD
:104BD0002D2B302D39412D5A612D7A5D256E002502
:104BE00031315B412D5A612D7A5D256E004D25686E
:104BF00075256E2E256875256E2E256875256E0027
:104C00002F256875256E3A256875256E3A256875D5
:104C1000256E00504F5349580025612025622025FC
:104C2000652025483A254D3A255320255900256110
:104C30002025622025652025483A254D3A25532018
:104C4000255A202559006D6400616E006E66696EFC
:104C500069747900616E006E66696E697479002806
:104C60006E756C6C29002A666C6F61742A0063642F
:104C7000696E6F70737578585B001F1C1F1E1F1EB6
:104C80001F1F1E1F1E1F1F1D1F1E1F1E1F1F1E1F3B
:104C90001E1F00000A000000140000001E0000009B
:104CA0006C0B0200C7440100214E0100E815020010
:104CB00000000000100200203A0000002402002042
:104CC0003A000000FC0100203A00000038020020F9
:104CD0003A00000000000000CD5401000000000078
:104CE00000000000500000205000002000000000E4
:104CF000000000000E000000E80800200000000096
:104D000000000000000000000090D003007001507F
:104D100000000000FFFFFFFF3F000000FFFFFFFF5C
:104D20003F000000FF0000009002000098000020FB
:104D30009800002000000000597E0000E4000020E0
:104D4000DC000020D400002000000000CC00002087
:104D5000857F0000D17E0000057F00004D7F0000B0
:104D6000081400203A00003A0C1400203A00003ADF
:104D7000101400203A00003A141400203A00003ABF
:104D8000F4000020B8000020B0000020AC0000209B
:104D9000A80000207BDB0100473F02006C3F0200BF
:104DA000873F0200933F0200973F02009B3F0200B3
:104DB000A03F0200A43F0200A83F0200AC3F020057
:104DC000B03F0200B43F0200B83F0200BC3F020007
:104DD000C03F0200A83F0200C43F0200342F02007F
:104DE00004300200DC2F020099420000933F0200D1
:104DF000933F0200741F002001000000000000002B
:104E000000000000000000000000000000000000A2
:104E10000000000000000000000000000000000092
:104E20000000000000000000000000000000000082
:104E30000000000000000000000000000000000072
:104E4000000000000000000000000000857C000061
:104E5000000000000000000000000000C801002069
:104E6000C8010020D5130000000000000000000071
:104E7000000000000000000000000000E801002029
:104E8000E801002000000000000000000E0000000B
:104E9000FC010020FC0100200000000000000000D8
:104EA0000E00000010020020100200200000000090
:104EB000000000000E000000240200202402002058
:104EC00000000000000000000E000000380200207A
:104ED0003802002000000000000000000E0000006A
:104EE0004C0200204C020020000000000C000000DA
:104EF00010000000E8370020A8380020E837002024
:104F0000E8370020000000000000000078020020C8
:104F1000780200200000000001000000880200204C
:104F200088020020000000000A00000015E015E0E3
:00000001FF
