:10000000003A0020252B000095AF0000112B0000C6
:10001000112B0000112B0000112B0000112B0000F0
:10002000000000000000000000000000A52C0000FF
:10003000112B0000000000003D2C0000112B0000DF
:10004000352E0000352E0000352E0000352E000024
:10005000352E0000352E0000352E0000352E000014
:10006000352E0000352E0000352E0000352E000004
:10007000352E0000352E0000352E0000352E0000F4
:10008000352E0000352E0000352E0000352E0000E4
:10009000352E0000352E0000352E0000352E0000D4
:1000A000352E0000352E0000352E0000352E0000C4
:1000B000352E0000352E0000352E0000352E0000B4
:1000C000352E0000352E0000352E0000352E0000A4
:1000D000352E0000352E0000352E0000352E000094
:1000E000352E0000352E0000352E0000352E000084
:1000F000352E0000352E0000352E0000352E000074
:10010000352E0000352E0000352E0000352E000063
:10011000352E0000352E0000352E0000352E000053
:10012000352E0000352E0000352E0000352E000043
:10013000352E0000352E0000352E0000352E000033
:10014000352E0000352E0000352E0000352E000023
:04015000352E000048
:1001540053B94AB9002908BF00281CBF4FF0FF312A
:100164004FF0FF3000F00CB8ADF1080C6DE904CE8F
:1001740000F010F8DDF804E0DDE9022304B0704774
:10018400704700BF034613F8012B002AFBD1181A4D
:10019400013870472DE9F04786468C460846089E8C
:1001A400154674461946002B40F0C1808542B2FAC8
:1001B40082F245D94AB1C2F1200300FA02FC95400B
:1001C40094402EFA03F343EA0C0C4FEA154EA8B2FE
:1001D400230CBCFBFEF80EFB18CC08FB00F943EA29
:1001E4000C43994528D9EB1808F1FF3704D29945F7
:1001F40002D9A8F102072B44A3EB0903A4B2B3FB71
:10020400FEFC0EFB1C330CFB00F044EA0344A0424A
:1002140014D92C190CF1FF3304D2A04202D9ACF149
:1002240002032C44241A43EA07401EB1D44000239D
:1002340034607360BDE8F0874746DDE76346F1E765
:1002440092BB431B01214FEA154EAFB2200CB3FB06
:10025400FEFC0EFB1C330CFB07F840EA03439845F5
:1002640061D9EB180CF1FF3004D2984502D9ACF1F6
:1002740002002B44A3EB0803A4B2B3FBFEFC0EFB69
:100284001C330CFB07F744EA0344A7424DD92C194D
:100294000CF1FF3304D2A74202D9ACF102032C447F
:1002A400E41B43EA0040C0E7C2F1200395409440B8
:1002B40020FA03F12EFA03F34FEA154E9040AFB241
:1002C4000343B1FBFEFC0EFB1C10190C0CFB07F8DE
:1002D40041EA0041884522D969180CF1FF3004D263
:1002E400884502D9ACF102002944A1EB08019BB274
:1002F400B1FBFEFC0EFB1C110CFB07F743EA0143A8
:100304009F420ED9EB180CF1FF3104D29F4202D95F
:10031400ACF102012B44DB1B41EA004193E7604648
:10032400E3E76146F7E76046A4E76346B8E783423C
:1003340006D916B9002108467CE7C6E900E0F9E7CA
:10034400B3FA83F78FB9834201D3724508D8BEEB61
:10035400020460EB030301209C461EB9002169E7F7
:100364003846FAE7C6E9004CF8E7C7F1200CBB4071
:100374000EFA07F522FA0CF42EFA0CF1BA401C43DB
:1003840020FA0CF3B8404FEA144901431FFA84FEE3
:10039400B3FBF9F809FB18300B0C08FB0EFA43EA1F
:1003A40000439A4540D9E31808F1FF3004D29A4536
:1003B40002D9A8F102002344A3EB0A0389B2B3FBD8
:1003C400F9F809FB183308FB0EFE41EA03418E4598
:1003D4002CD9611808F1FF3304D28E4502D9A8F153
:1003E4000203214443EA0040A1EB0E01A0FB029862
:1003F4004145CE46434602D306D14D4504D2013889
:10040400B9EB020E68EB0403002EA7D0B5EB0E0285
:1004140061EB030101FA0CFC22FA07F3F9404CEA00
:100424000303C6E9003199E74046C5E74346D9E7E7
:1004340010B5074809F01FFB064C20460CF0BFFB23
:10044400054809F018FB20460CF0B9FB10BD00BFAD
:10045400CCDB000020A10700C4DB000010B5074C72
:1004640000220023204605F02FFCA368DBB2044AD7
:10047400032104480AF090FC10BD00BFE8010020ED
:1004840078DA0000B4D9000010B5064C204605F017
:10049400D7FBA368DBB2044A032104480AF07CFCBE
:1004A40010BD00BFE801002094DA0000B4D90000B8
:1004B4002DE9F04786B000AFC7E06FF0004C60E074
:1004C4006B4A03216B480AF05DFC23E0BCF1130F77
:1004D4006FDD14213AB10520387400207874B874A3
:1004E400F874386918616FF300056FF341056FF311
:1004F40082056FF3C505032363F38815C1F30A036B
:1005040063F353256FF31F5500232946594801F01F
:100514009BFAB5460134E4B2022C4DD8282006F0EB
:1005240095FA80460028CBD0282200210CF0B5FF94
:10053400042107F110000AF01BFF04EB440608EB4A
:1005440086063B697360042107F110000AF010FF6E
:100554003B69B360042107F110000AF009FF3B690D
:10056400F360414644480CF0C5FC7168B068D6F8A5
:100574000C806E468AB06B4613F110029DD04FF08A
:10058400140C002AA2D0E646BCF1040F03DDDFF808
:10059400EC90C3F81490BEF1080F00DD9961BEF130
:1005A4000C0F00DDD861BEF1100F8FDDC3F8208081
:1005B4008CE76FF01B018DE7FFF766FF02F066FC26
:1005C400C7E9040107F1100107F108000AF05FFD13
:1005D4000AF066FD6C4688B06B4613F1100240D0F9
:1005E40010265AB1B446042E03DDDFF894E0C3F8B4
:1005F40014E0BCF1080F01DD9861D9610F2E33DDE1
:1006040010213AB10420387100207871B871F87162
:10061400786818616FF3000A6FF3410A6FF3820A76
:100624006FF3C50A032363F3881AC1F30A0161F364
:10063400532A6FF31F5A002351460E4801F004FA5F
:10064400A54644F6206009F020FA02F05DFF02F0AE
:1006540069FF02F01BFCC7E90201FFF7FFFE00245B
:100664005AE76FF00046BCE76FF01B01C9E700BF13
:10067400B0DA0000B4D90000F8010020D0DA00009C
:100684000CDB00002DE9F04F85B000AFAAE0674A0B
:10069400012167480AF076FB25E06FF0004148E04D
:1006A40013295CDD14213AB10520387100207871DA
:1006B400B871F871786818616FF300056FF341053C
:1006C4006FF382056FF3C505032363F38815C1F344
:1006D4000A0363F353256FF31F5500232946544837
:1006E40001F0B2F9CD4640460CF081FE0134E4B28B
:1006F400022C37D84FF0FF324FF0FF334D4805F04E
:1007040065FA80460028C2D004EB440300EB83035F
:10071400D3F804C0D3F808E004EB440300EB8303EC
:10072400D3F80CA0E9468AB06B4613F11002B4D09A
:100734001421002AB4D00846042903DDDFF8F8B0F8
:10074400C3F814B0082801DDC3F818C00C2801DD73
:10075400C3F81CE01028A3DDC3F820A0A0E76FF0C5
:100764001B01A0E7FFF790FE07F1080009F0A3F9C9
:100774006C4688B06B4613F1100251D04FF0100C48
:1007840062B1E646BCF1040F03DDDFF8B080C3F8C4
:100794001480BEF1080F01DD9861D961BCF10F0F1F
:1007A40041DD10213AB10420387100207871B8710C
:1007B400F871786818616FF300066FF341066FF300
:1007C40082066FF3C506032363F38816C1F30A0197
:1007D40061F353266FF31F5600233146144801F08A
:1007E40033F9A5460CF0B8FD4A0142EAD062430150
:1007F4001B1A62EB0102920042EA93729B001B18DF
:1008040042EB0102D20042EA5372C3F3103343EACB
:100814004243D20BBB60FA60FFF720FE002467E777
:100824006FF0004CACE76FF01B01BBE730DB00005E
:10083400B4D90000F801002048DB00007CDB000094
:1008440000B583B000F018F800F02AF800F04EF874
:1008540000F056F84FF480320023CDE900234FF422
:1008640080420023034806F099F8002003B05DF8A5
:1008740004FB00BF3801002008B5064B18680CF0D3
:10088400A4F900B108BD044A032104480AF07AFA25
:10089400F8E700BF00000020D4DB0000BCD9000052
:1008A40008B50D480CF091F958B14FF4D0110B482C
:1008B40009F04CF94FF4D011094809F047F9012027
:1008C40008BD05480CF081F90028EED1054A032142
:1008D40005480AF057FAE8E740D6000014DC0000A7
:1008E4000CDC0000F0DB0000ACD9000008B50022ED
:1008F4000621024809F045F908BD00BF40D60000B2
:1009040008B500220721024809F03BF908BD00BFE1
:1009140040D600002DE9F04F91B0059202931346A2
:1009240002F004020092C3F3C20210F00303019325
:1009340040F02B8280468A460132041D00284FD0A5
:10094400B8F1000F05D0A4EB08030433534500F2BB
:100954001F82029B5D1E019B049306930393002652
:100964004FF0FF3B0427B946B8F1000F01D0029BBA
:100974002360531E0793002A40F35D81059B13F007
:10098400020228D00120A4EB08018B081AB1B1F5AA
:10099400007F80F0038203990F2900F20282B8F1EC
:1009A400000F00F06081DBB201F140026A4402F8FA
:1009B400103C02F820BC002800F0518163F07F0352
:1009C40001F140026A4402F8103C049B0133049391
:1009D400039B0133039304340022CC4640463DE09C
:1009E40001F0070A5444CAF1080AA9E7002634E0D2
:1009F400002632E0002630E00827BC462DE02529F9
:100A04002BD10BF1010B01260427BC4625E0472915
:100A1400EED82A2914D32A39C9B24FF0010E0EFA9E
:100A240001F14FF6DA7E11EA0E0F16D111F0625F72
:100A340040F0C08011F0010F40F08C8000260CE0E3
:100A4400252903D10BF1FF3B002606E001D900263E
:100A540003E0202901D02329CCD11D466B1C6978E1
:100A6400002900F01981002EC9D07A29BED84C295A
:100A7400CDD34C392E2961D80FF2040E5EF821F043
:100A84005F0A0000410B0000410B0000410B000015
:100A9400410B0000410B0000410B0000410B000022
:100AA400410B0000410B0000410B0000410B000012
:100AB400510B0000410B0000410B0000410B0000F2
:100AC400410B0000410B0000410B0000410B0000F2
:100AD400410B0000B90B0000410B0000510B00005A
:100AE400510B0000B90B0000B90B0000B90B00005A
:100AF4005F0A0000510B0000FD090000410B0000DB
:100B04005F0A0000410B0000150C0000510B0000AF
:100B1400150C0000410B0000410B00001D0C0000EF
:100B24004B0B0000510B0000410B0000410B000077
:100B3400510B0000410B0000450B000000268CE720
:100B44000427BC4689E70427BC4686E729786C2934
:100B540024D000263C44013CB4FBF7F407FB04F426
:100B640020B1211A6144514500F21581002A58D15F
:100B7400BCF1040F00F08880BCF1080F40F0148130
:100B84001A99073121F0070101F108051A95D1E9F5
:100B9400008908B1C4E9008908345EE713F8021C2F
:100BA4006C2903D000260427BC46D3E70026082777
:100BB400BC46CFE729784C291AD01A99073121F07D
:100BC400070101F108061A96D1E90067073424F0F9
:100BD400070440B1211A0831514513D829784C290A
:100BE40013D0C4E90067083400260827BC4634E75C
:100BF4001A99073121F0070101F108061A96D1E983
:100C04000067E3E76FF01B00BCE0C4E90067EAE7B4
:100C140000260427BC469DE7324600260427BC462E
:100C240098E7E14680461A9A111D1A9112680292B9
:100C3400079A1D4698E6624B029A9A4204D3614B86
:100C44009A420AD3002300E00023002B7FF496AEDF
:100C5400059B03F00202002095E60123F5E7069BBD
:100C640001330693B4E610B10AF1010AB0E6009B21
:100C740013B10AF1020AABE60298FFF783FA0AEB12
:100C8400000303F1020AA3E61A990D1D1A950968D7
:100C940000B121600434E0E68046231AB3F5806F86
:100CA40080F0858090B1002202609B080370009B55
:100CB40083B1069BC370049B88F802301BBB019D63
:100CC400DDF80C90DDF810B0029F3DE05344A3F131
:100CD400080057E0069B4370EDE701339842EED9D4
:100CE40003F140026A4412F8101C12F9102C002A75
:100CF400F3DA01F07F01A4EB08020132524559D81E
:100D040004F8011BE9E7019B0398E7E7009B43B361
:100D140005F140036B4413F8203C04F8013B019EA9
:100D2400A4EB080333440133534546D805F140038B
:100D34006B4413F8103C04F8013B32463946204614
:100D44000CF084FB34440135A94519D9BBF1000FDB
:100D5400DCD005F140036B4413F9103C002BD5DAC9
:100D6400F1E705F140036B4413F8103C58F8237085
:100D7400002248F823203846FFF704FA461CCFE740
:100D8400A4EB080011B0BDE8F08F6FF00D00F9E797
:100D94006FF01B00F6E76FF01B00F3E76FF0150030
:100DA400F0E76FF01500EDE76FF01500EAE76FF07C
:100DB4001500E7E76FF01B00E4E76FF01B00E1E7C5
:100DC400B8D50000F8E900002DE9F04F97B000AF66
:100DD4008346BA613B61D7F88030C3F3C0033B62FA
:100DE400F96011B909F0EAF9F8609BF80260B146BC
:100DF40036B1D7F8803013F0010F0DD1002300E095
:100E040000239BF803207A6242B1D7F8802012F0C5
:100E1400020F22D1002202E00123F2E7002202B9EC
:100E2400EBB19BF80050AA00BA60DBF804207A61A9
:100E34000BEB8505BA69F2B1002B40F00481B9F1DE
:100E4400000F00F00F81D7F8803013F0040F40F04A
:100E54000D810020F8610646F9E00122DFE7BB6955
:100E64001BB13A69F96858469847FC6820465C37D4
:100E7400BD46BDE8F08FFC68E3B94D4400233B61F7
:100E840023E00444013501364E451AD22A78002362
:100E94005BF822201946B86909F0A5F9BAF1000FE8
:100EA400EFD0D7F888309845EBD22AF8180008F12B
:100EB4000108E6E70026C7F81C80B046D7F884A0EE
:100EC400E2E7C7F81080D7F81C80D7F8803003F029
:100ED4000503FB604FF0000AA146C7F81CB09CE074
:100EE40000253B6A7BB9002D79D0D7F8803013F008
:100EF400010F79D1FB68002B6FD10223A9EB030901
:100F040088E00125EDE75946786909F0B2F900282F
:100F1400E9D06C46002387F82C30022387F82D3063
:100F24008AB0694611F1100237D012251AB1042D86
:100F340001DDB34B4B61002387F82830022387F887
:100F440029306ABB112D45DD122362B1042087F8D4
:100F54002C00002087F82D0087F82E00012087F848
:100F64002F00F86A08616FF300086FF341086FF30C
:100F740082086FF3C508022161F38818C3F30A03DA
:100F840063F353286FF31F58002341469D4800F034
:100F94005BFDA546A9F102093CE06FF00045C5E7F9
:100FA4002B46082D01DD786988610C2B01DDC1F821
:100FB4001CB001F12003002009E000F1300C07F11E
:100FC400280EF4441CF830CC03F801CB013001287E
:100FD400F3D9B7E76FF01B03B7E701238EE7D7F820
:100FE400803013F0020F15D0002322461946B86949
:100FF40009F0F9F8D7F8843053B13B69D7F8882061
:10100400934205D2D7F8842022F8130001333B61C0
:10101400013881440AF1010A35467B6A9A4510D2A7
:101024002E4616F802BB6B78FA6952F82340764BC9
:101034009C42FFF455AF754B9C42FFF462AF002510
:101044004FE74C4612E707F144000023FB6118B157
:101054004A4629460CF0FAF94D444FF00008C7F807
:1010640004901EE00020F8610646F0E7FE6107F1F7
:1010740034000026EBE700253B6A33BB002D3BD050
:10108400D7F8803013F0010F26D0731C06F130021C
:1010940007F12801561806F8149CDEB208F101087D
:1010A40025467B6A98454AD22C4614F802AB95F83B
:1010B40001905BF82930544A9342DCD3534A93425B
:1010C40001D30025D8E70125D6E75146786909F010
:1010D400D0F80028D2D0E1E7D7F8803013F0040F1D
:1010E400DCD0FA69531C303207F128010A4402F8B3
:1010F400249CDBB2FB61D1E7D7F8803013F0020FF8
:1011040009D0731C06F1300207F12801561806F8BD
:10111400149CDEB2C2E7F869431C00F1300107F108
:1011240028028A1802F824AC02460232D2B2FA61CA
:1011340007F1580252FA83F303F8249CAEE7D7F878
:1011440004909BF8003087F854309BF80130334406
:1011540087F85530D7F8803013F0020F0ED1FB69B1
:10116400C3F3470387F85730D7F8803013F0010FE3
:1011740006D113F0040F3ED1002302E00023F1E76F
:10118400002387F85630DBF800003863786DCBF81D
:101194000000D7F810804246B9685846D7F818A01E
:1011A400D047041EFFF662AE386BCBF80000C7F8D8
:1011B40010804246F96907F13400D04700285EDB0D
:1011C40004EB0008B96849447B6A01EB4301D7F892
:1011D40010904A46FB68591A2846D047041EFFF669
:1011E40045AE08EB04054FF00008C7F824B0B34639
:1011F4005446CA4621E0FB69C3E74FF0000909E001
:101204001CDC0000C4D90000B8D50000F8E90000D7
:101214004FF000095246012107F12C00A047002895
:101224002FDB05444B4632465146204608F0DBFF8F
:10123400002828DB054408F10108D84518D208F134
:10124400300307F12802134413F8143C87F82C30B8
:101254007A6A52F82360D7F88430002BCDD0D7F8BF
:1012640088309845D4D2D7F8843033F81890D1E731
:101274003A6900210846BB6998472C46F6E50446BE
:10128400F4E50446F2E50446F0E500BF014B1860BE
:10129400704700BF0400002080B505460E4617467F
:1012A400984605F0CFF803460CF07AF90446DFF8C7
:1012B400189049F80030424639463046A84754F859
:1012C400090001F09FFC00BF080000002DE9F04375
:1012D40083B0044608461546A38B13F0080F05D1C6
:1012E40003F0070600230093019354E0012909D079
:1012F40043F02003A38385F31188BFF36F8F03B0FA
:10130400BDE8F08343F01003A383F4E7204609F01B
:1013140013FB42E0D4F818904A466946204609F087
:1013240024FB4FF00008A38B03F00707B74269D0F2
:10133400A268002A66D0012243F00803A38385F340
:101344001188BFF36F8F002A64D1009B2BB14B46E9
:101354003A466946204609F081FBB8F1000F02D0F5
:1013640034492046C047EFF31185202383F31288C4
:10137400BFF36F8FA38B23F00803A383A38B13F016
:10138400100F4DD023F01003A3830120A68B06F089
:1013940007060028AFD00228B8D00028ABD0013807
:1013A40004282BD801A353F820F000BF1913000020
:1013B40001140000C5130000D9130000ED13000050
:1013C4002369D3F800800621204609F08BFA4FF0F8
:1013D4000009A8E72369D3F804800421204609F012
:1013E40081FA4FF000099EE72369D3F808800521AC
:1013F400204609F077FA4FF0000994E74FF000080F
:10140400C14690E7009A0AB1002295E7B8F1000FAF
:1014140092D1B3E74A463946204609F06BFA94E77D
:1014240013F0200F04D023F02003A3830220ADE7A0
:101434000020ABE78FAA000038B505460B4C00E04E
:1014440010340B4B9C420FD263685B79002BF7D0AE
:101454002946204609F0E3FB0028F1D023681B68E5
:10146400294620469847EBE738BD00BF0CDA000058
:101474001CDA000070B506460D46084C04E02A4606
:101484003146204698471034054B9C4204D22368C9
:101494009B69002BF3D1F6E770BD00BF0CDA0000A6
:1014A4001CDA00002DE9F041074605460AE007EA88
:1014B4000807144B03EB06135B68042219682046E3
:1014C40009F0F7FBD5B195FAA5F6B6FA86F60D4CF8
:1014D40004EB06140123B3406FEA030825EA03056D
:1014E400237B002BEED03301064AD3581B69002B13
:1014F400DDD0204698470028E4D1D8E73846BDE837
:10150400F08100BF0CDA00002DE9F04180460F465F
:101514001D4BD3E8EF5F6A1CC3E8E12F0029F8D123
:101524006DBB1A4C002607E0636804221968204644
:1015340009F0BFFB01361034154B9C4211D2237BBA
:10154400002BF7D0204609F05EFB23681B69002BB3
:10155400EAD0204698470028E6D00123B3401D4333
:10156400E8E7B8F1000F0BD055B12846FFF79AFF12
:101574000546002FF8D00A2009F057FBF4E70025B0
:101584002846BDE8F08100BF6C0B00200CDA000097
:101594001CDA000008B5064B186018B1054B1B682F
:1015A400092B00DC08BD044804F04AFBFAE700BF3D
:1015B400600B0020680B0020D801002008B5024809
:1015C40004F03EFB08BD00BFD801002030B589B04F
:1015D40000220F490F480BF0CEFE0F4D00220023CE
:1015E400CDE90623002404940E230393029401946A
:1015F40000940A4B4FF44072094928460BF0BDFC95
:101604000849284604F096FB204609B030BD00BFC7
:10161400C11500002808002070030020751900007F
:10162400C0250020D4DC0000014B53F82000704793
:10163400F0DC000048B108B5054A1060054B19609C
:10164400084600F0F5FC002008BD6FF01500704757
:10165400080000205C0B002008B5054B1B781BB16B
:10166400034B01221A7008BD024804F0E9FAF7E7B7
:10167400B01D0020D801002008B50C4BD3E8EF1FA3
:101684000131C3E8E21F002AF8D130B908480BF051
:101694007EFE084804F0D4FA08BD074BD3E8EF1FD8
:1016A4000139C3E8E21F002AF0D0F7E7640B0020F9
:1016B40028080020D8010020680B0020044B0020DB
:1016C4000146D3E8EF0FC3E8E21F002AF9D17047BF
:1016D400640B002038B5FFF7F1FF0546094C00E024
:1016E4001034094B9C420BD263685B79002BF7D012
:1016F40023685B68002BF3D0294620469847EFE720
:1017040038BD00BF0CDA00001CDA0000034B186877
:101714000028D4BF00200120704700BF640B0020C4
:1017240010B5044C0449204608F037FF034B1C60F5
:1017340010BD00BFF8000020DCDC0000580B0020C6
:1017440008B500230C4A13700C4A13600C4A13604A
:101754004FF400410B48FFF76DFFFFF7E1FF0A4A22
:1017640006E0094BD31A1B11013351680B71103277
:10177400064B9A42F5D308BDB11D0020640B00202E
:10178400680B002027AC00000CDA00001CDA000013
:1017940008B50146014809F05EFA08BDF8000020CA
:1017A40008B5024808F0DCFF08BD00BFF8000020BF
:1017B40008B50146024B186809F053FA08BD00BF8A
:1017C400580B002008B5024809F04FFA08BD00BFC5
:1017D400F800002010B582B000220023CDE90023D8
:1017E400264B187808B902B010BD684609F055FABE
:1017F400044660B1FFF720FE2046FFF7D9FF204BD7
:10180400D3E8EF1F0139C3E8E21F002AF8D1FFF73C
:101814007DFF58B91B4A1368516813F57A7341F177
:10182400000113605160FFF7CDFFDCE70BF094FD7E
:101834004A0142EAD06243011B1A62EB01029200A0
:1018440042EA93729B001B1842EB0102D20042EA67
:101854005372C3F3103343EA4243D20B094801687D
:1018640040685B1A62EB000240F2E9318B4272F18C
:101874000002CFD3FFF72EFFCCE700BFB01D00203E
:10188400680B0020200800200F4B1B7803B1704721
:1018940010B500210120FFF737FE0C4C00E0103496
:1018A4000B4B9C4208D263685B79002BF7D023680A
:1018B4009B6820469847F2E7FFF78CFF0028FBD18E
:1018C400014B01221A7010BDB11D00200CDA00007A
:1018D4001CDA000010B582B0184BD3E8EF2F511C6E
:1018E400C3E8E01F0028F8D1154B1B7863B9154BEA
:1018F4001B68B3B1BAB1092A13D113480BF047FDE1
:10190400124804F09DF90CE0EFF31184202383F3D3
:101914001288BFF36F8FFFF75DFF84F31188BFF365
:101924006F8F02B010BD00220023CDE900234FF4D5
:1019340000420023044805F031F8F2E7680B002068
:10194400B11D0020600B002028080020D8010020D1
:1019540010B50446044B1B689847A0602146034811
:1019640009F09FF910BD00BF08000020F800002016
:101974002DE9F04100210846FFF7C6FD804650B12D
:1019840040F2676600270BF00BFE154B1858FFF763
:1019940001FE002515E04FF0FF364FF0FF37F2E768
:1019A4004046FFF77FFD804670B94FF0FF364FF099
:1019B400FF3709E02C4632463B460A4804F084F9D6
:1019C4002546B8F1000FEBD1FFF704FF04460028C9
:1019D400F6D1002DEED000210846FFF74BFDEAE7D3
:1019E40008000000D80100200248034BC01AC008B8
:1019F400704700BF0CDA0000ACD9000010B50C46EB
:101A0400FFF7F2FFA04203D9024B53F8340010BD94
:101A14000020FCE7ACD9000000B589B0059206931C
:101A24000023079362B1074A0C9B02930B9B01931B
:101A34000A9B009305ABFFF7C7F909B05DF804FBF7
:101A44000022F1E7CDAC00002DE9F04F8BB004AFDC
:101A540005461E468846C1F34A24002C00F08980BE
:101A640091460022FA603A617A6104230293FB18DA
:101A740001930A23009307F10C0321464846FFF71C
:101A8400A3F9B0F5006F58D3D9F804106D460023BC
:101A94003B7302237B738AB004AC14F1100217D099
:101AA40012201AB1042801DD3B4B636100233B7013
:101AB40002237B70CAB10346082800DDA1610C2B08
:101AC40002DD40F2FF73E36104F1200300210AE028
:101AD4006FF00040E5E701F118063E4416F8186C73
:101AE40003F8016B01310129F5D9112822DD1223F4
:101AF40042B10421397300217973B9730121F97357
:101B0400F868206100216FF300016FF341016FF366
:101B140082016FF3C501022060F38811C3F30A0345
:101B240063F353210023C1F313011C4809F03FF967
:101B3400AD462DE06FF01B03DAE760F35328C0F3E2
:101B44000A0A0AEB1850173020F007008008FFF744
:101B54001FFE8346B0B104230293FB1801930A23AA
:101B64000093534600F1100221464846FFF754FF04
:101B740008E004EB1154173424F00704A008FFF71D
:101B840007FE8346334642462946584609F0B2F8D2
:101B94001C37BD46BDE8F08F10DD0000D4D900002D
:101BA4002DE9F04F85B080460D4617461E46DDF8F8
:101BB40038B0DDF84090B9F1000F41D0119B039388
:101BC40000934B460F9A10210020FEF7A3FEB0F5B8
:101BD400006F2DD282460BEB0003173323F007036B
:101BE40000246FF300046FF341046FF3820468F37D
:101BF400C50467F3881460F353246BF31F549808E7
:101C0400FFF7C6FD074650B11030B9F1000F06D0FA
:101C1400119B00934B460F9A5146FEF77BFE3346C9
:101C240022462946384609F065F805B0BDE8F08F2C
:101C340040F2FF73034A0221034809F0ADF8F4E7C8
:101C44000020C7E750DD0000D4D90000406820B16F
:101C5400034BC01A40F3CF0070474FF0FF3070477A
:101C6400ACD900000EB400B582B0014603AB53F802
:101C7400042B0193034801F0FBFA02B05DF804EB76
:101C840003B07047E9AD000010B584B011F0440F03
:101C940005D01A4B1B6833B9002004B010BD184995
:101CA400FFF7E0FFF9E717490968B2FBF1F2B2FB6D
:101CB400F3FC03FB1C224FF47A7E0EFB02F2B2FB10
:101CC400F3F403FB14210EFB01F1B1FBF3F10E4A13
:101CD400A2FB0C32D20A4FF4616303FB12CC0B4B10
:101CE400A3FB0CE35B0902910194C3EB0311ACEB7E
:101CF400810100910649FFF7B5FFCEE7740B002080
:101D040088DD0000700B0020C5B3A2918988888803
:101D140094DD000061B108B52AB1064A52F82320C7
:101D240012B9054A00E0044A0449FFF79BFF08BDC5
:101D3400704700BF34DE0000B0DD0000B8DD0000F5
:101D44002DE9F04105461746069EDDF81C8081B951
:101D540000242EB1324611492846FFF783FF04447C
:101D6400B8F1000F14D06FB1099B042B13D00C49A8
:101D740009E00C4B099A53F822200B49FFF772FF34
:101D84000446E6E7064942462846FFF76BFF04444B
:101D94002046BDE8F0810549F5E700BFD0DD00002D
:101DA400C0DD000048DE0000C8DD0000BCDD00002E
:101DB4002DE9F04F87B005460C46049205939DF833
:101DC4004C7001F0020B01F0010AC1F3C00801F4E8
:101DD400807908F06CFF18B3024616492846FFF7CD
:101DE40041FF0646BBF1000F1CD13A465146284636
:101DF40009F01FF8B9F1000F01D0002311930397E4
:101E0400129B0293119B0193109B00930023049A4D
:101E140041462846FFF794FF304407B0BDE8F08FF1
:101E24000026DFE7059A21462846FFF72DFF0644E2
:101E3400DBE700BFD4DD000011F0100F0BD108B5B3
:101E440011F0200F03D00449FFF70CFF08BD03492C
:101E5400FFF708FFFAE7704714DF0000C4E700004B
:101E64002DE9F04105460F46164698460699FFF7B8
:101E7400E3FF0024444505DA24492846FFF7F2FE2F
:101E84000134F7E7002409E020492846FFF7EAFE79
:101E94000BE01F492846FFF7E5FE01340F2C0CDC4C
:101EA400002C02DD14F0070FEED0B442F1D23A5DFB
:101EB40018492846FFF7D6FEEFE717492846FFF7EB
:101EC400D1FE002409E011492846FFF7CBFE0BE0C0
:101ED40012492846FFF7C6FE01340F2C13DC002CF0
:101EE40002DD14F0070FEED0B44207D23A5D0C4B7A
:101EF4009B5C13F0970FEBD12E22E9E703492846A8
:101F0400FFF7B0FEE8E7BDE8F08100BFCCDD0000DC
:101F1400E0DD0000D8DD0000E4DD0000E8DD0000C5
:101F2400E9E800002DE9F04184B004469DF82C5006
:101F34000C9F0E9E95B9012B1ED019484FF0000836
:101F440027B13B462246174908F063F9C6B905BBD9
:101F5400204608F030FF04B0BDE8F08103950A98EC
:101F64000290019300920B4600220F992046FFF73E
:101F74001FFF80460C48E3E70B484FF00008DFE7FB
:101F84000F9B0093434632460D99204608F069FFA3
:101F9400DDE72A460F99204608F057FFD8E700BF2F
:101FA40019AE000075320000E9AD00002DE9F043E0
:101FB40083B00646056842F20F738B4228BF0B4676
:101FC400184A0521684607F0CFFA04467368D3F827
:101FD40004900B27DFF8508005E04A463946404616
:101FE400A8473F1A8044002FF7D17368D3F80480C0
:101FF4006F4605E0424621463846A847241A07445E
:10200400002CF7D173685F681B24084E05E03A463C
:1020140021463046A847241A0644002CF7D103B0C1
:10202400BDE8F0834CE0000008DE0000ECDD0000B9
:10203400074B01221A6004E04008054A13685B005C
:102044001360044B9842F7D8034B1860704700BFE5
:10205400700B002040420F00740B002070B5064640
:102064000D46002405E0315D04488368DB69984728
:102074000134AC42F7D3284670BD00BFA0D600009F
:10208400014B036000207047B0DE000008B5034830
:1020940008F01CF9024808F019F908BDB0DE000088
:1020A400E8DE000008B5024804F054FD08BD00BF96
:1020B40018DF0000B0F5680F17D00CD840F6BA63EB
:1020C400984214D0B0F5683F13D03A2801D00120CB
:1020D400704700207047094B98420CD0084B984237
:1020E40001D0012070470020704700207047002075
:1020F4007047002070470020704700BF3A00003A44
:102104002C5F5CA928B308B54368B3F5683F0AD0CF
:10211400B3F5680F14D012498B421FD0006803F046
:10212400FFFC002014E003680022D3E8EF1F01291C
:1021340003D1C3E8E02F0028F7D10DD1104607E002
:1021440003681B7803F580730020064A42F82300D5
:1021540008BD6FF4E04070470348F9E70348F7E728
:102164002C5F5CA900000350E98FFFFFEA8FFFFF9B
:1021740088B308B54368B3F5683F0FD0B3F5680F6B
:1021840019D016498B4224D000684FF0FF324FF02B
:10219400FF3303F045FC68B111480BE003680122EA
:1021A400D3E8EF1F002903D1C3E8E02F0028F7D1BB
:1021B4000BD1002008BD03681B7803F58073094A1E
:1021C40052F823301BB90020F4E70548F2E704482D
:1021D400F0E70548EEE76FF4E04070472C5F5CA938
:1021E400E98FFFFF00000350EA8FFFFF10B504469C
:1021F400A8B16368B3F5683F10D0B3F5680F0DD08C
:102204000D4A93420AD013F4686F0DD021680B482D
:102214000AF03EFD00232360074B636010BD084BAA
:102224005B6808489847E4E7236800221A605A600C
:102234009A60DA601A61EFE72C5F5CA9A0100020B5
:102244007C00002020DF000010B5044668B36068FD
:10225400B0F5683F28D0B0F5680F25D0174B9842E9
:1022640028D0FFF727FFC0B14FF0FF324FF0FF3304
:102274002146134803F0A2FB08B923681BB9114B8C
:102284005B6811489847236800221A605A609A6074
:10229400DA601A614FF46863636020680AF079FDBC
:1022A400636843F03A03636010BD064B5B680748FC
:1022B4009847CCE72368002BD3D1D5E72C5F5CA9E2
:1022C400A01000207C00002048DF000020DF000078
:1022D40008B540231422044904480AF0CAFC0449FE
:1022E400044804F0FBFC08BDA00B0020A010002053
:1022F40078DF00008CDF00002DE9F04182B000AFF0
:102304000446D0F800E0D0F804C085686E468AB070
:102314006B4613F1100200F0888014218AB108463C
:10232400042903DDDFF81C81C3F81480082801DDCB
:10233400C3F818E00C2801DDC3F81CC0102800DD28
:102344001D62132974DD14253AB105213971002168
:102354007971B971F9717868186100216FF300011E
:102364006FF341016FF382016FF3C501012363F33E
:102374008811C5F30A0565F353216FF31F51002338
:102384003148FFF761FBB546D4F80CC0266965698E
:10239400E8468AB06B4613F110024CD0142182B186
:1023A4000846042903DDDFF8A4E0C3F814E0082894
:1023B40001DDC3F818C00C2800DDDE61102800DD43
:1023C4001D6213293ADD14253AB105213971002122
:1023D4007971B971F9717868186100216FF300019E
:1023E4006FF341016FF382016FF3C501012666F3B8
:1023F4008811C5F30A0565F353216FF31F51124D7C
:1024040000232846FFF720FBC546E369104A3146FE
:10241400284608F0C1FCA3690E4A3146284608F054
:10242400BBFC0837BD46BDE8F0816FF0004175E79D
:102434006FF01B0588E76FF00041B0E76FF01B05F4
:10244400C2E700BF9CDF0000F4D90000CCDF00002D
:10245400FCDF00000CE0000038B504460D4611B165
:102464000846FFF749FF012C04D02946204603F013
:1024740033F838BDEFF30583103B034A01210348C9
:1024840008F08AFCF1E700BF3CE00000F4D900004A
:1024940030BFFFF7FDBF00BF38B50446054D2A46DF
:1024A40005490AF0D3FF054A002160190AF0F5FF37
:1024B40038BD00BF0000000060DA00000400000026
:1024C40070B50646064D074B1D444C1B2046FFF7CE
:1024D400E3FF083CC6F8A44005F1080070BD00BF46
:1024E4000000000004000000054B5A699B689A42F2
:1024F40004D0044A536843F080535360704700BFCC
:10250400B412002000ED00E081690D4B5A6942F4D9
:1025140080725A61BFF34F8FBFF36F8F31F8021C83
:102524005A6922F480725A61BFF34F8FBFF36F8FE1
:102534004DF60273994201D0002070470120704784
:1025440000ED00E04FF0000C83F800C002F07F4C77
:10255400BCF17F4F14D102F00C0CBCF1080F04D075
:1025640012F0080F09D00846704708B5054A012142
:10257400054808F007FC002008BD01221A707047C6
:102584000020704750E00000F4D9000008B5314A3B
:102594000121314808F0F6FB304B9B6A13F0007FB1
:1025A40026D11D202D4B9B6A13F0807F27D12B4B06
:1025B4009B6A13F4801F29D1284B9B6A13F4002FC4
:1025C4002BD1264B9B6A13F4802F2DD1234B9B6A6E
:1025D40013F4003F2FD1214B9B6A13F4803F31D178
:1025E4001E4A936A6FEA03436FEA1343936208BD7A
:1025F4001B4A0121184808F0C5FB1E20D2E7194ADE
:102604000121154808F0BEFB1F20D0E7164A01211E
:10261400114808F0B7FB0220CEE7144A01210E4806
:1026240008F0B0FB2120CCE7114A01210A4808F048
:10263400A9FB2220CAE70F4A0121074808F0A2FBA0
:102644002320C8E70C4A0121034808F09BFB2420FF
:10265400C6E700BF7CE00000F4D9000000ED00E014
:1026640094E00000A8E00000C4E00000F0E00000F6
:1026740010E1000038E1000054E1000008B5002337
:102684000B70034A0121034808F07CFB08BD00BF1E
:1026940080E10000F4D9000090B583B000AF0F29A9
:1026A40023DC2F4C103900233B7102237B718AB049
:1026B400EC461CF110021AD0122022B1042802DDCB
:1026C400284BCCF8143000233B7002237B70E2B11A
:1026D4000346082801DDCCF818400C2B01DDCCF8AA
:1026E4001C100CF1200300210DE01F4CDAE76FF001
:1026F4000040E2E701F1080404EB070E1EF808ECC1
:1027040003F801EB01310129F4D9112824DD122346
:102714004AB10421397100217971B9710121F9712A
:102724007868CCF8100000216FF300016FF34101C9
:102734006FF382016FF3C501012060F38811C3F3C5
:102744000A0363F353216FF31F5100230748FFF774
:102754007BF90C37BD4690BD6FF01B03D8E700BF73
:10276400A4E10000D8E10000BCE10000F4D90000BD
:10277400F8B505460F461446394A0121394808F090
:1027840001FB394B9B6A13F0100F31D11026364BE5
:102794009B6A13F0080F32D1334B9B6A13F0020F7C
:1027A40034D1314B9B6A13F0010F4BD12E4B9B6AF2
:1027B40013F0200F4DD12C4B9B6A13F0100F01D155
:1027C400294B9B6A284B9B6A13F0200F04D0264A9E
:1027D400536A23F400535362234A936A43F0FF037A
:1027E40093620121284608F0D9FB20703046F8BDD9
:1027F4001E4A01211B4808F0C5FA1126C7E71C4AE6
:102804000121184808F0BEFA1226C5E7194A012129
:10281400144808F0B7FA144A536B926A12F0800F06
:1028240001D11326BDE7144A01210E4808F0B4FA79
:1028340037B10D4A936A23F0800393621326B0E7FD
:102844001326AEE70D4A0121064808F09BFA142628
:10285400ACE70B4A0121034808F094FA1526AAE7CD
:10286400ECE10000F4D9000000ED00E004E2000017
:1028740038E200004CE2000064E200007CE2000068
:102884009CE20000F8B505460F461446374A01217C
:10289400374808F077FA374B9B6A13F4805F25D1E9
:1028A4001626344B9B6A13F4006F26D1314B9B6A76
:1028B40013F4007F28D12F4B9B6A13F4806F3FD110
:1028C4002C4B9B6A13F4807F41D12A4B9B6A13F4EF
:1028D400005F43D1274A936A43F47F439362012103
:1028E400284608F05BFB20703046F8BD224A0121DF
:1028F4001F4808F047FA1726D3E7204A01211C484D
:1029040008F040FA1826D1E71D4A0121184808F0BA
:1029140039FA184A936B926A12F4004F01D11926BE
:10292400C9E7184A0121124808F036FA37B1114AAA
:10293400936A23F4004393621926BCE71926BAE785
:10294400114A01210A4808F01DFA1A26B8E70F4A6D
:102954000121074808F016FA1B26BBE70C4A01219F
:10296400034808F00FFA1C26B4E700BFCCE20000CD
:10297400F4D9000000ED00E0E4E2000038E20000D9
:10298400F8E2000014E300002CE3000048E3000038
:102994009CE2000070B506460D462B4A01212B48E7
:1029A40008F0F0F900232B70294BDC6A14F00204C0
:1029B4000AD1274BDB6A002B0DDB254BDC6A14F0B4
:1029C40080440ED1204670BD224A01211F4808F0E0
:1029D400D9F90024F6E7204A01211C4808F0D2F96D
:1029E400F0E71E4A0121194808F0CCF93046FFF7F8
:1029F4008BFD98B9164B9B6A13F0FF0F16D1144B3D
:102A04009C6A14F47F4418D1114B9B6AB3F5803F40
:102A1400D8D33046FFF7BAFD0446D3E73368104AEB
:102A240001210A4808F0B8F93468CBE72A460121A5
:102A34003046FFF79DFE0446C4E72A46012130468E
:102A4400FFF720FF0446BDE760E30000F4D900006F
:102A540000ED00E078E300009CE30000ACE300003C
:102A6400CCE3000030B58BB01F4B5D68C5F308059F
:102A7400002383F31188BFF36F8F0DF12603FFF753
:102A840061FD04460DF12702294608F089FA9DF8F4
:102A940027300BB10BB030BD05460DF1040C206896
:102AA4006168A268E368ACE80F0020696169A26903
:102AB400E369ACE80F009DF826304BB1089BC3F3E3
:102AC40008025AB96FEA53236FEA4323089305E0D7
:102AD400089B23F4FF7323F00103089301A92846FC
:102AE400FFF7BAFCD6E700BF00ED00E0064B5A69D9
:102AF40042F010025A615A6942F480625A615A697A
:102B040022F008025A61704700ED00E0EFF30880FC
:102B1400EFF3098101B57246FFF7A4FF01BD00BFC1
:102B2400002080F31488BFF36F8F002080F30A889D
:102B340080F30B88104880F3088800200F49087040
:102B440001F0D4FE00200E490860BFF34F8F00F05F
:102B54002FF8202080F311880A484FF400614018B0
:102B640080F30988EFF314800221084380F314886A
:102B7400BFF36F8F00F0E4F8003A0020B91D002085
:102B840094ED00E0C0280020084BD3F89000C0F377
:102B94000720002306E0054AC2F898300021C2F855
:102BA400A01001338342F6DB704700BF00ED00E064
:102BB40010B572B6002484F31388FFF7E5FF2346AB
:102BC40008E003F120010E4A4FF0FF3042F82100E3
:102BD4000133DBB20F2BF4D9002308E003F16001C9
:102BE400074A4FF0FF3042F821000133DBB20F2BCC
:102BF400F4D962B6BFF34F8FBFF36F8F10BD00BF20
:102C040000E100E008B50A4B9B68834202D003F060
:102C14001FFC08BDEFF30583002BF8D0054B5A6861
:102C240042F080525A605A6A22F400425A62EEE735
:102C3400B412002000ED00E016498A684FF030001D
:102C44001044EFF3098C80E8F01F202080F31288F1
:102C5400BFF36F8F104F4FF000664A698A603E6081
:102C6400D2F8A4000D4C2060D2F8A8000023C2F8CA
:102C7400A83080F3118802F1300090E8F01F8CF343
:102C8400098802F1000004B508F0C0F9BDE8044069
:102C940070470000B412002004ED00E0C0100020D2
:102CA4001EF0040F0CBFEFF30880EFF30980816975
:102CB40011F8021C0229FFD001B5724608F062F92E
:102CC40001BD00BF002807DB00F01F0240090123FB
:102CD4009340024A42F82030704700BF00E100E010
:102CE400002808DB4901C9B200F1604000F56140E9
:102CF40080F80013704700F00F004901C9B2014B7E
:102D04001954704714ED00E04209054B53F8222092
:102D140000F01F00012303FA00F01040704700BFC9
:102D240000E100E0044B23F07F03044A9360BFF307
:102D34004F8FBFF36F8F70470000000000ED00E07D
:102D440008B5FFF7EFFF074AD2F8883023F4700381
:102D5400C2F8883002F082FD03F046FC00F04EF821
:102D640002F0D8FD00ED00E010B4A2F120040E49F9
:102D740042F8081C21F0010142F8081C42F8203CEA
:102D8400019B42F81C3C029B42F8183C039B42F80E
:102D9400143C4FF0807342F8043C04650023C0F8EF
:102DA400A83010BC704700BF9D12000000B50E464D
:102DB40015460B4B9860D0F8A4200A4B1A60D0F843
:102DC400943083F30B882C4686F309880020064B45
:102DD40098472046002100220023044C204700BFCE
:102DE400B4120020C01000201BB000009D1200008F
:102DF400014B10221A61704700ED00E0002207E049
:102E040003F1604303F56143202183F80013013289
:102E1400442A09DC53B2002BF2DA03F00F0303490E
:102E2400194420230B76F2E7704700BFFCEC00E066
:102E340008B5EFF30583103B044A02EBC30149686C
:102E440052F833008847FFF74FFB08BDC0D6000097
:102E5400074AD2F8FC3043F08073C2F8FC30054BCB
:102E640000225A601A6842F001021A60704700BFDB
:102E740000ED00E0001000E0034B00225A601A68E5
:102E840042F001021A607047001000E0014B5868DC
:102E940000217047001000E008B501F017FD024B57
:102EA4001868002108BD00BF5400002008B5FFF7D2
:102EB400F3FF024A0023FDF74BF908BD40420F001F
:102EC40010B584B00A4C23460A4A01210A4808F086
:102ED400D9F90023019302930393084B0193E41A55
:102EE4000294012101A808F0D1F904B010BD00BF7B
:102EF4000000072000000020E8E30000100200208A
:102F0400024B034AC3F8C020704700BF00ED00E045
:102F1400AAFF4400034BC3F89800C3F89C10C3F8FD
:102F2400A020704700ED00E00E4BC3F89800C3F8F2
:102F34009800D3F89C000A7A60F304020A72D3F86A
:102F4400A020C2F34202087A62F347100872D3F851
:102F54009C2022F01F020A60D3F8A03023F01F0344
:102F6400CB60704700ED00E070B505460E460024C6
:102F740000E00134A6421EDD04EB44039A0005EB95
:102F8400830359680029F4D0A85808F0D5F804EB55
:102F940084030B4A42F8230010F1160F0CD0094B9E
:102FA4001B78984209DA04EB840302EB83010431B1
:102FB400FFF7BAFFDDE7002070BD6FF01500FBE7F7
:102FC400C4100020B21D002010B504460A4BD3F8EB
:102FD4009030C3F30723013B984203D808F086F8E6
:102FE400204610BD0346054A0121054807F0D4FEDA
:102FF4006FF01500F5E700BF00ED00E0F8E3000016
:10300400ECD900002DE9F04F87B08146009101937F
:103014001446002648E03346614A0121614807F01E
:10302400BBFE6FF0150407E03B465F4A01215D4893
:1030340007F0B2FE6FF01504204607B0BDE8F08F2C
:10304400D84564D12946C0B208F087F82BE0574A26
:10305400C2F89870D2F89C3003F01F0321F01F01CE
:103064000B43C2F89C302946E0B208F076F80446D7
:1030740010F1160FE0D0013415E0013B4B49C1F8C3
:103084009870D1F8A02002F01F0223F01F0313430D
:10309400C1F8A0302946E0B208F05FF8044610F108
:1030A400160FC9D001340136009B9E42C4DA06EBE8
:1030B40046054FEA850A09EB85056F68002FF2D0B3
:1030C400019B23B1284608F025F80028A3D03946EF
:1030D40059F80A0008F030F8074610F1160FA3D08B
:1030E4008442A1DD314BC3F89800D3F89C2022F030
:1030F4001F02C3F89800D3F8A03043F01F0859F812
:103104000A306968194401F1FF3B934298D0934215
:103114009DD0D845B1D0013B2449C1F89870D1F86D
:10312400A02002F01F0223F01F031343C1F8A030B4
:103134002946E0B208F011F8044610F1160F3FF4E6
:103144007BAF0130194BC3F89870D3F89C109DF8ED
:10315400102061F304028DF81020D3F8A030C3F3DB
:103164004203D2B263F347128DF8102059F80A30A3
:103174006A681344029323F01F03A8EB0B0843442B
:10318400013B23F01F03059302A9C0B2FFF71CFF04
:10319400044610F1160F3FF44FAF013483E700BF2C
:1031A40020E40000ECD9000044E4000000ED00E05D
:1031B40010B5034C01232278FFF724FF207010BDC3
:1031C400B21D0020044B0522C3F89420BFF34F8F97
:1031D400BFF36F8F704700BF00ED00E0BFF35F8F58
:1031E400024B0022C3F89420704700BF00ED00E0BA
:1031F40038B51C4B1D681C4BD3F89030C3F3072320
:103204009D422BD8FFF7EAFFFFF77AFE002407E080
:10321400144B596801EB0411204607F067FF013491
:10322400A542F5D81148057007F0B6FF10F1160F46
:1032340013D00E4B1A780C4BD3F89030C3F30723FA
:103244009A4207DA084BC3F898200021C3F8A0106B
:103254000132F0E7FFF7B6FF002038BD4FF0FF3032
:10326400FBE700BF68E4000000ED00E0B21D0020B1
:1032740030B587B00D4611460024009401940294A1
:1032840003940494059402228DF80220044A0192C6
:10329400049005951A46684606F092F907B030BDC9
:1032A40099B2000008B5024B1B689847002008BD7E
:1032B400D8100020034B1860034A937843F00203AC
:1032C40093707047D81000203400002008B50649D8
:1032D40021F00701C1F1005202F5E022034806F093
:1032E400E1FE002008BD00BF074A0020DC100020DA
:1032F40068B108B5064A074B1B680749A1FB0313CD
:103304009B0C00FB03F042F00103984708BD704793
:1033140070DA00005400002083DE1B4338B51A4BDA
:103324001B780133194AA2FB031202F4FE7101EB6C
:1033340092029C1AE5B208F0E9FF154B1B782BB1F9
:10334400144A52F82530C01A07281AD94FF05023CE
:10335400D3F8143163B14FF050230022C3F8142181
:10336400D3F81431084B1D7015B9094B01221A709A
:10337400054B1C7808F0CAFF064B43F824000120D3
:1033840038BD0020FCE700BFB41D0020CDCCCCCC60
:10339400B31D0020E810002000B583B00DF1070034
:1033A40001F0B8FB114B98421CD1114B4FF48062D1
:1033B400C3F8B8254FF40062C3F83C250D499DF8C5
:1033C400070009F067F80C499DF8070009F05DF85B
:1033D4009DF807300120984001F096FB002003B0CF
:1033E4005DF804FB6FF00B00F9E700BF0000AD0BC4
:1033F40000A002502CA0025028A1025008B50121BF
:10340400104BC3F80015104A0223C2F8D0360F48F7
:10341400D0F8003223F0E04343F04053C0F80032C8
:10342400D0F8043223F0E04343F04053C0F80432B0
:10343400C2F80417C2F80419C2F8001B00F032F8ED
:1034440008BD00BF0010005000400050002584500B
:1034540000F01F0240090CD001280CD1074880322B
:1034640050F8223023F0E04343EA017140F822107F
:1034740070470348F3E70020F1E700BF00288450B9
:103484000025845038B50546002405E02946044B40
:10349400185DFFF7DDFF0134032CF7D938BD00BFF9
:1034A400A4E4000008B50249024807F0FCFA08BD8C
:1034B400A8E40000FC100020F0B583B005460C46DB
:1034C40016468AB20F4883681B6829469847034604
:1034D400C00F01D103B0F0BD56B11846FAE708F0A9
:1034E40015FF01903A4601A9A81909F0AFFF3E441F
:1034F400A64204D2A71B042FF1D90427EFE700202A
:10350400E8E700BF80D6000008B5054B1B7803B17F
:1035140008BDFFF79DFC024B01221A70F8E700BFBB
:10352400B51D002008B5064BD3E8EF2F511CC3E8A6
:10353400E01F0028F8D102B108BDFFF79DFCFBE7AE
:103544001C11002000487047BC110020014BC01A18
:10355400401170473411002038B505460C46FFF77A
:10356400F5FF01464022034807F0A8FF014628461C
:10357400A04738BD20D6000030B583B005460C46C0
:10358400FFF7E4FF0146402300932346054A06481B
:1035940007F0AEFF011E01DB03B030BD2846A04793
:1035A400FAE700BF3DB5000020D6000008B50928A1
:1035B40017D8DFE800F0051C161616161616171293
:1035C40000210D4807F008FF836813F0070F08D1A6
:1035D4000021094807F060FF03E00221064807F0D4
:1035E4005BFF08BD0321044807F056FFF9E70121FA
:1035F400014807F051FFF4E720D6000010B582B06F
:10360400EFF31184202383F31288BFF36F8F154ADD
:10361400136843F00201116013F0010F09D1002374
:1036240084F31188BFF36F8FB3B907F08DFF02B035
:1036340010BD0DF1070201214FF0502007F09DFE4F
:103644009DF80730012B01D00023E9E7FFF77AFF4B
:1036540007F010FF0123E3E70021034807F01CFFF4
:10366400E5E700BFE411002020D6000010B5EFF319
:103674001184202383F31288BFF36F8F074A1368E2
:1036840023F00201116013F0010F04D084F31188B8
:10369400BFF36F8F10BD07F06BFFF7E7E411002055
:1036A40070B582B00546012807D14FF05023D3F8F6
:1036B4001C3403F00303022B36D009F04BFC044600
:1036C40010B92B4B1B7873B9EFF31186202383F3C6
:1036D4001288BFF36F8F012494B94FF05023022254
:1036E400C3F808230CE00026F6E7FCB1304607F0E7
:1036F400B2FC4FF05023D3F81835DBB2012B19D0AC
:103704000DF1070200214FF0502007F036FE00288B
:10371400EBD09DF80730022B01D0012DE5D104B385
:1037240086F31188BFF36F8F02B070BD012007F0DC
:1037340033FFDEE74FF05023D3F80431002BDFD002
:103744004FF050230022C3F80421D3F804210222AD
:10375400C3F81825074A2021C2F8801101229A6073
:10376400CEE74FF050230222C3F80423DCE700BF66
:10377400B91D002000E100E000B585B0CDF800D00F
:10378400CDF804D000230293012303936B46074A28
:1037940007F0CAFE002805DB4FF480420023684688
:1037A40002F092FA05B05DF804FB00BFC9B5000051
:1037B40070B5064600220121052007F01BFC1148C4
:1037C40001F0B0F9104B984219D101F0BDF9002471
:1037D400032C12D82146304607F0FEFD054621464B
:1037E400304607F006FE094907F05DF9002805DBBD
:1037F4000123AB601C44E4B2EAE7002070BD6FF023
:103804000400FBE7B13500000000AD0BB4E4000098
:1038140010B504460E4B0121D3E8EF2FC3E8E01F97
:103824000028F9D11AB1631E012B0DD910BD094826
:1038340007F0DFFD084900234B608B60CB60012358
:103844008B6007F04CF9EEE72046FFF729FFEDE720
:103854003011002020D600002011002010B50446AD
:103864000A2806D0E1B206488368DB6998472046F7
:1038740010BD03488368DB690D219847F2E700BF58
:10388400A0D6000010B5044C2046FFF713FD2046D7
:10389400FDF7FCFC10BD00BF6138000008B5054809
:1038A40009F093F918B1FFF7EDFF002008BD6FF0A0
:1038B4001200FBE7A0D60000F0B51C46059F069E4B
:1038C40000F01F0C400936D0012836D1284D0CF1E8
:1038D400800355F8233091B3012092B34FF0020EC8
:1038E40040EA0E0084B34FF00C0E40EA0E0077B3AA
:1038F4004FF4706E40EA0E0066B34FF4403E40EA67
:103904000E0023EA000041B30B7842B31278520050
:10391400134334B322789200134327B33A78120244
:10392400134316B332781204134303430CF1800C8F
:1039340045F82C30F0BD0F4DC9E70025C7E700203E
:10394400CBE74FF0000ECBE74FF0000ECDE74FF082
:10395400000ECFE74FF0000ED1E70023D5E7002299
:10396400D6E70022D8E70022DAE70022DCE700BF2E
:10397400002884500025845000F01F03400908D01B
:10398400012808D1054A803352F8230000F00100D1
:103994007047034AF7E70022F5E700BF0028845088
:1039A4000025845028B1012801D103487047002024
:1039B40070470248704700BF40D6000060D6000040
:1039C4002DE9F04786B0884616469946446801F0CA
:1039D4001F05237B45EA4315204607F09EFE002879
:1039E40064D0B6F5001F35D00DF10C0A00270397FB
:1039F40004974946304607F0C5FE8DF80C00009741
:103A040001970297CDF804A0A36823FA08F313F0F2
:103A1400010F02D1B6F1A07F23D004F110060DF1FD
:103A240017022946304609F0AAF8234B984237D0AA
:103A340010346A462946204609F095F81E4B9842F0
:103A440037D101222946204609F0B1F8002006B0FA
:103A5400BDE8F087294604F1100009F0ACF8002015
:103A6400F5E72846FFF788FF0028D6D10DF11702A5
:103A7400294604F1100009F082F8104B984203D053
:103A84000DF117030493D3E70DF1170241462046C5
:103A940007F0B4FE084B9842F2D06FF00B00D6E763
:103AA4009DF81710304609F07AF8C1E76FF08500E9
:103AB400CDE76FF01500CAE70000AD0B0400AD0BB5
:103AC400F0B589B00F461446456801F01F062B7BFC
:103AD40046EA4316104607F025FE8DF81E0040F214
:103AE40006332340B3F5837F53D016D8062B4CD02E
:103AF40006D9B3F5807F0DD101238DF81D3024E064
:103B040003B3022B03D104238DF81D301DE06FF0A5
:103B1400150038E06FF0150035E040F202229342C0
:103B24003BD0B3F5407F03D103238DF81D300CE067
:103B3400B3F5007F03D102238DF81D3005E06FF04B
:103B4400150020E000238DF81D3014F4002F28D038
:103B54006A680123BB409360284607F0DEFD40B34A
:103B640010350DF11F023146284609F008F80746C2
:103B740014F4403F36D13146284609F00CF83C4B4A
:103B84009F426DD0002009B0F0BD06238DF81D3092
:103B9400DBE707238DF81D30D7E705238DF81D30AB
:103BA400D3E714F4802FD7D06A680123BB40D360D5
:103BB400D2E7C4F340438DF8083014F4803F0CBFBF
:103BC400012300238DF81030002401940DF11D030E
:103BD40000930DF11E0304AA02A93046FFF76CFE00
:103BE4002046D0E702AA002302930393049305938B
:103BF4000693059204AA3146284608F0B4FF1C4BEC
:103C040098421DD114F4003F1DD09DF81D308DF84D
:103C1400103014F4803F0CBF012300238DF81130C1
:103C24009DF81E308DF81230002304AA3146284630
:103C340008F09DFF0E4B9842A1D06FF01500A2E74B
:103C44006FF015009FE700230493059306930DF18D
:103C54001E03049304AA3146284608F084FFE9E7CA
:103C64009DF81F10284608F09AFF00208BE700BF3C
:103C74000000AD0B38B504464568284607F04DFDF5
:103C840020B91049204607F0F7FC38BD1035284606
:103C940008F07DFF0028F4D10021284608F073FFC6
:103CA400094B98420AD100220849284608F063FFCC
:103CB400002205210D2007F09DF9E2E76FF00400D2
:103CC400E3E700BFE7B700000000AD0BC1B7000099
:103CD40070B400F01F0C400919D0012819D10E4D01
:103CE4000CF1800055F820600C4C344041EA42014C
:103CF40041EA83039DF80C2043EA02239DF8102037
:103D040043EA0243234345F8203070BC7047044D16
:103D1400E6E70025E4E700BF00288450F0F0FCFF4C
:103D24000025845000F01F01400906D0012806D167
:103D3400044A01238B4093607047034AF9E7002249
:103D4400F7E700BF002884500025845000F01F01CD
:103D5400400906D0012806D1044A01238B40D360D0
:103D64007047034AF9E70022F7E700BF00288450B0
:103D7400002584502DE9F04F85B007468B469046C8
:103D8400002423E04FF0FF3535E0C8F80C55012638
:103D940003963146B5F1FF3F16D0B1F1FF3F40F035
:103DA400138157F80A3013F4004F02D00126002281
:103DB400039200220192CDF80090C3F341233246CE
:103DC40003992846FFF784FF0134E4B25C4580F090
:103DD400FF804FEA840A57F82430C3F3C322C3F3A5
:103DE4000805082A00F2F6807E4911F8029040F294
:103DF400FF129542C6D01B0E222B00F2EE8001A2C8
:103E040052F823F08F3D0000953E0000A33E0000D1
:103E1400AF3E0000BD3E0000CB3E0000D73E000098
:103E2400DF3F0000DF3F0000DF3F0000DF3F000016
:103E3400E53E0000F93E0000DF3F0000DF3F0000E8
:103E4400DF3F0000DF3F0000DF3F0000DF3F0000F6
:103E5400DF3F0000DF3F0000DF3F00000D3F0000B8
:103E64001F3F0000313F0000433F0000DF3F0000E0
:103E7400DF3F0000DF3F0000553F0000653F0000CA
:103E8400713F0000813F0000913F0000A13F00000E
:103E9400C8F81455002603964FF0FF317AE7C8F8A6
:103EA400085501260396314674E7C8F810550026D4
:103EB40003964FF0FF316DE7C8F80855002601233B
:103EC4000393314666E7C8F80C5501260396002192
:103ED40060E7C8F81055002603964FF0FF3159E704
:103EE400C8F80855B9F1000F5ED0002603964FF0CC
:103EF400FF314FE7C8F80C55B9F1000F5CD000262C
:103F040003964FF0FF3145E7C8F8605557F80A109B
:103F1400C1F30041012603963CE7C8F8645557F8FD
:103F24000A10C1F300410126039633E7C8F8685527
:103F340057F80A10C1F30041012603962AE7C8F88E
:103F44006C5557F80A10C1F300410126039621E786
:103F5400C8F824550126002303934FF0FF3119E7D5
:103F6400C8F8285501260396314613E7C8F830559A
:103F74000126002303934FF0FF310BE7C8F83455B3
:103F84000126002303934FF0FF3103E7C8F83855A7
:103F94000126002303934FF0FF31FBE6C8F83C559C
:103FA400012603963146F5E64E46CDF80C904FF0C7
:103FB400FF314FF00609EDE64E46CDF80C904FF078
:103FC400FF314FF00609E5E6284607F036FCE8E63F
:103FD400002004E06FF0150001E06FF0850005B0EB
:103FE400BDE8F08F94E500002DE9F84305460F463F
:103FF400466808F0AFFF20B9234B1B780BB30023AE
:1040040000E00123D5F810906A68D2F80080F3B973
:10401400284607F04BFD0446736813F0040F03D0E1
:104024004FF48003C8F80433F36A1F700122F16A65
:10403400284607F087FD84F31188BFF36F8FBDE82E
:10404400F8830123DEE784F31188BFF36F8FEFF366
:104054001184202383F31288BFF36F8F284607F05F
:1040640025FC0028EFD0D9F80030002BD4D0D3F8A9
:10407400A420002AD0D0D3F8B420002ACCDAD8F86F
:104084004C25C3F8B420C7E7B91D00202DE9F04F33
:1040940085B09846D0F810B0DBF80040D0F804A002
:1040A400DAF800509AF80830002B40F0B5808146C9
:1040B4000F46164694F86130002B40F0B08094F817
:1040C4006230002B40F0AE806365B8F1FF3F44D00E
:1040D400B8F1040F16DDA3F1993383FB08234FEAEB
:1040E400E870C0EB6300C117C90341EA5041C00343
:1040F4004E4BC0184E4A4FF0000341F10001FCF74B
:1041040027F801E000200146A065E16527646664A4
:104114000023A364E3642365DAF8043013F0040F86
:1041240020D1DAF8043013F0040F02D094F86020A0
:1041340052BBC5F83475C5F838650020C5F81001C0
:10414400D5F81031C5F84C01D5F84C31012384F869
:1041540061302B6005B0BDE8F08F00220023C4E974
:104164001623D3E7EFF311830393202383F31288F9
:10417400BFF36F8F0221484607F0D8FC039B83F3FB
:104184001188BFF36F8FCCE7B24228BF3246914605
:10419400DAF82810384609F059F94F44B6EB090605
:1041A40014D0B8F1FF3FC4D00023C5F80831D5F8C6
:1041B400083104F10800D4E916234FF000084FF049
:1041C4000009CDE9008902F0E9FBB2E794F8602028
:1041D400A2EB0902D2B284F86020DAF8280000EBDE
:1041E400090109F040F90BF10803D3E8EF1F41F08E
:1041F4000401C3E8E21F002AF7D145F30735002D77
:1042040008DB05F01F026D09012393404035094A7C
:1042140042F8253000209DE76FF085009AE76FF0A3
:104224000F0097E76FF00F0094E700BF3F420F00C5
:1042340040420F0000E100E0F0B583B004461D46A3
:104244000669EFF31187202383F31288BFF36F8F7E
:104254003368D3F8A40000BBC3F8A4203368C3F8C0
:10426400A01001F06043B3F1005F1DD13368C3F8BF
:10427400A8103368C3F8AC203146204607F07DFC13
:1042840087F31188BFF36F8F204607F03EFB80B39E
:10429400B5F1FF3F10D100202CE087F31188BFF364
:1042A4006F8F6FF00F0025E033680022C3F8B02051
:1042B400204607F0D3FDDFE73468683425EAE57566
:1042C400E917C90341EA5541ED030B4828180B4A85
:1042D4004FF0000341F10001FBF73AFF02460B46A1
:1042E40000200021CDE90001204602F057FB002008
:1042F40000E0002003B0F0BD3F420F0040420F0039
:1043040070B50446056943681E68286800220A4996
:10431400083009F030F82B68DC632868002207496C
:10432400683009F028F82B68C3F89C40044BC6F8A1
:104334000433002070BD00BFC5BF0000C1BD000034
:1043440014020A0038B505460C4601F10C0000F0D1
:10435400E1FB0C4B98420DD105F10C0205F590716F
:10436400207B08F09CF8237B0120984000F0CCFBD4
:10437400002038BD044A0121044806F003FD6FF013
:104384000400F6E70000AD0BA0E5000004DA00002D
:1043940038B5044645680121E86807F0ACFB63685A
:1043A4001A682B69C2F824356B7DA97D0B43298BD0
:1043B4000B43297D0B43C2F86C3523691B6823B179
:1043C4002046FFF79DFF002803DB204607F034FE5C
:1043D40000B138BD0249204607F037FAF9E700BFBB
:1043E400E5BB000021F07F4100F5A870014B43F8C4
:1043F40020107047005001504FF480338340024A2C
:10440400C2F84433704700BF005001504FF480336A
:104414008340024AC2F84833704700BF005001503D
:10442400014BD3F804057047005001502DE9F843BF
:10443400054689469046FFF7E9FF284607F02EFF18
:104444004E46032710E0FFF7EBFF0446494607F00A
:1044540014FFB0F5000F26D9284607F01FFFB8F166
:10446400000F22D13E19013731462846FFF7BAFF23
:104474002846FFF7C1FFFFF7D3FF0446C11C3046AF
:1044840007F0FBFE0A4B98420AD9284607F0F9FECA
:104494000028D8D1B8F1000FE4D06FF0150000E087
:1044A4000020BDE8F8830020FBE76FF01500F8E773
:1044B400FDFF7F00034B044AC3F80823C3F84823D5
:1044C400704700BF0050015003000F0010B50123D6
:1044D40083406FEA030C0C4AD2E8EF1F01EA0C0E8A
:1044E400C2E8E4EF002CF7D14FF480328240074851
:1044F400C0F80823BFF35F8FBFF36F8F0B4214BF65
:104504000120002010BD00BF1412002000500150F3
:104514004FF480338340124AD2F80423134201D16A
:104524000020704710B5044601238340DB430D4946
:10453400D1E8EF2F02EA0300C1E8EC0FBCF1000F51
:10454400F6D122FA04F313F0010F03D1204607F049
:1045540098FE18B1204607F0A1FE012010BD00BF4F
:10456400005001501012002001B97047012383400C
:104574000D4AD2E8EFCF4CEA030CC2E8E1CF0029A0
:10458400F7D14FF480338340084AC2F80433084B10
:10459400D3E8AF3FC34013F0010FE6D0054B4FF40F
:1045A4000012C3F80021E0E714120020005001506B
:1045B4001012002000E100E038B5144610461946F8
:1045C40007F078FE02460D490B68E01A1B184C6888
:1045D40044F100040B604C60A2F50013B3F5400FE6
:1045E40009D2074B1B68190A1B06D41841F10005B0
:1045F400044BC3E9004502F0D5F838BD300900206A
:10460400181200203809002038B50D4B1C68250A03
:104614002406BFF35F8FFFF703FF0346001945F13C
:104624000001B3F5801F0AD2064BD3E90023904260
:1046340071EB030303D210F1807041F1000138BD26
:1046440018120020380900202DE9F04106461446CE
:104654001D469DF820801046194607F02BFE07469C
:10466400FFF7D2FFA04271EB050319D2201A65EBC4
:1046740001011B4B984271F100012BD2194B03EB42
:104684000613D3E90223AB4208BFA24201D10020A2
:1046940014E0424639463046FFF7C8FE70B117E0D1
:1046A400B8F1000F19D10123B3400F4AD2E8EF0F3C
:1046B4001843C2E8E10F0029F8D10020094B320168
:1046C40003EB0616C6E9024506999950079B7360E9
:1046D400BDE8F0816FF01500FAE76FF01500F7E719
:1046E40001008000200900201012002030B585B0A0
:1046F400FFF7E0FE00231E4AC2F80835002B25DD33
:104704001B4C0225C4F804531A4B4FF40012C3F88F
:10471400802100220121152006F06CFC152006F0F2
:1047240064FC0123A3602360134A136000240294F1
:104734000194124B0093124A0023204607F0CAFD4D
:104744002846FFF765F8204605B030BD0D4A02EB58
:1047540003124FF0FF304FF0FF31C2E902014FF472
:1047640080329A400249C1F804230133C6E700BFEE
:104774000050015000E100E014120020BD4500008B
:10478400FFFF7F00200900202DE9F04782B0044696
:10479400FFF7BEFE10B902B0BDE8F087FFF734FFA3
:1047A40082460D4607F089FD0646154B03EB0413BC
:1047B400D3E90289C24575EB09050BD200253046C1
:1047C40007F083FD002DE6D0009742464B46204675
:1047D400A847E0E70A4A230102EB0411D5584F68C1
:1047E4000020D0504FF0FF324FF0FF33C1E90223D5
:1047F4002046FFF70BFE204607F050FDDFE700BF21
:104804002009002010B50D4BD3F8043313F0020F28
:1048140003D10024002C0BDD10BD0221074807F052
:10482400F6FC0028F5D0064A136801331360F0E75C
:104834002046FFF7A9FF0134ECE700BF0050015008
:104844001812002010B584B0B0F1FF3F18D0012831
:104854001BDD154B9842A8BF18460446134B012292
:104864001A70FFF7D1FE124B1A685B68801AB0F514
:10487400000F0CD20444B4F5000F09D30A4C07E02E
:104884000A4B00221A70084CEBE70124E6E7064CB9
:1048940000201219029001900649009143F100038F
:1048A40007F018FD04B010BDFFFF7F00B81D002005
:1048B40030090020BD45000008B5FFF7A5FE024BF6
:1048C4001B68C01A08BD00BF300900204FF05023F8
:1048D400D3F8582502F00302024BD340024A136076
:1048E400704700BF0020A1075400002008B507F05E
:1048F40091FD68B15D4BD3F8203A4BB95B4B0D2267
:10490400C3F8202A0122C3F81C290022C3F81C2959
:1049140000220BE002F160034FF47F0151F83310E1
:10492400DB0003F57F035B680B6001321F2A08D8A4
:1049340002F160034FF47F0151F83330B3F1FF3FCC
:10494400E8D107F03FFD30B1484B2922C3F80C27CA
:104954000322C3F83C2707F0E9FC40B1444B454A25
:10496400C3F830254FF050230122C3F8582507F02F
:10497400F1FC18B1404B0022C3F84C2507F002FDAE
:1049840068B14FF05023D3F8003413F0010F06D070
:104994004FF050230022C3F81421C3F8182107F064
:1049A40005FD60B14FF05023D3F8003413F0010F2C
:1049B40005D04FF050236FF00102C3F8002407F034
:1049C40015FD18B1294B6522C3F80C2707F036FDF5
:1049D40020B1294BD3F82034002B30DB07F03AFD0B
:1049E400E8B1224B7E22C3F80C27C3F83C29234AA2
:1049F4007F23C2F818311E490023C1F8043EC1F8D0
:104A0400083E01F54821C1F81031C2F82431C2F83A
:104A14002C3102F5FF1202F58052C2F8A032184A76
:104A2400D2F88C3043F44063C2F88C30154A1168D4
:104A3400154BC3F84415D269C3F84C2508BD4FF093
:104A440050230322C3F8182501229A604FF0502303
:104A5400D3F80431002BF9D04FF050230022C3F8CF
:104A640004210122DA60C3F81825B7E7004000509A
:104A7400009003504400EFBE00200350002000507B
:104A840000ED00E00080FF000060005010B50468F5
:104A9400ACB1B4FA84F3C3F11F03DBB201229A4030
:104AA40024EA0202D0E8EFCFA44504D1C0E8EE2FF7
:104AB400BEF1000FF6D1EAD10B70024810BD0248D6
:104AC400FCE700BF0000AD0B0200AD0B0368CB4058
:104AD40013F0010F11D100B5026801238B40134379
:104AE400D0E8EFCF944504D1C0E8EE3FBEF1000F0B
:104AF400F6D1F1D102485DF804FB0248704700BFCB
:104B04000000AD0B0400AD0B014BC3F80405704766
:104B14000070015008B50146014807F066FD08BD64
:104B240058000020054B1B792BB9044B1860012257
:104B34001A71034870470348704700BF1C120020D5
:104B44000000AD0B0C00AD0B08B5084B1B680BB196
:104B540007F0E0FC07F0DCFC4FF05023C3F8180525
:104B64000122C3F81425C3F8802508BD1C120020B7
:104B740000B583B0032818D8DFE800F01A026D6787
:104B840000224FF48073012003F1502300211960A7
:104B9400196802F1502201211160354A1268002A75
:104BA4005FD04FF05023C3F8040303B05DF804FB57
:104BB4004FF05023D3F81824D3F8183403F0030328
:104BC4008DF8073012F4803F15D14FF05023D3F8FD
:104BD400143413F0010F13D107F09AFC8DF8070079
:104BE4009DF807204FF05023C3F8182508224FF4EE
:104BF40082730220C8E70DF1070007F0DDFCEFE740
:104C04004FF05023D3F81C3403F003038DF807301E
:104C14000DF1070007F0D0FC0028E1D0144B1B680D
:104C24002BB14FF050230222C3F80423BDE74FF009
:104C34005023D3F80431002BF9D04FF05023002235
:104C4400C3F80421D3F80431AFE718224FF490736A
:104C54004FF4807098E720224FF492734FF4007061
:104C640092E71A68002AFCD000221A601B689CE7AD
:104C74001C12002010B54FF05023D3F8044302E077
:104C8400194B1B68984774B3B4FA84F0C0F11F0041
:104C94000122824083009BB203F580739BB2C0B2B1
:104CA40092B224EA020403F1502319680029EAD0DD
:104CB400002119601B684FF05023C3F80823022A0F
:104CC400DED1D3F81814D3F8183403F00303012BFE
:104CD400D6D14FF050230221C3F81815C3F804238A
:104CE40001229A60CFE710BD1C12002008B500799C
:104CF400024B03EB0010FFF7C9FE08BD6000002063
:104D040070B400F01F0C400919D0012819D10E4DC0
:104D14000CF1800055F820600C4C344041EA42010B
:104D240041EA83039DF80C2043EA02239DF81020F6
:104D340043EA0243234345F8203070BC7047044DD6
:104D4400E6E70025E4E700BF00288450F0F0FCFF0C
:104D540000258450F0B51C46059F069E00F01F0CEC
:104D6400400936D0012836D1284D0CF1800355F87E
:104D7400233091B3012092B34FF0020E40EA0E00AB
:104D840084B34FF00C0E40EA0E0077B34FF4706E0C
:104D940040EA0E0066B34FF4403E40EA0E0023EAB8
:104DA400000041B30B7842B312785200134334B37A
:104DB40022789200134327B33A781202134316B3AE
:104DC40032781204134303430CF1800C45F82C3061
:104DD400F0BD0F4DC9E70025C7E70020CBE74FF032
:104DE400000ECBE74FF0000ECDE74FF0000ECFE7FB
:104DF4004FF0000ED1E70023D5E70022D6E70022CA
:104E0400D8E70022DAE70022DCE700BF002884505C
:104E14000025845000F01F02400907D0012807D163
:104E2400044B1869D04000F001007047024BF8E7CA
:104E34000023F6E7002884500025845000F01F0367
:104E4400400908D0012808D1054A803352F82300CC
:104E5400C0F301407047034AF7E70022F5E700BFBB
:104E6400002884500025845000B583B084468E46C3
:104E74000C4B93E8030002AB03E90300634609E02B
:104E840002A901EB830151F8081C086A42F8040BDB
:104E9400086201330CEB0E009842F1D803B05DF8C0
:104EA40004FB00BF60DA000000F01F01400906D0D7
:104EB400012806D1044A01238B4013627047034A38
:104EC400F9E70022F7E700BF00288450002584504A
:104ED4004309034AD35C00F01F001844C0B2704772
:104EE40034E6000000487047241200200048704750
:104EF4004CE600002DE9F04184B005460C46164608
:104F04001F460846FFF7E4FF804656B3214628466D
:104F140007F050FC28B12146284607F00BFC002876
:104F240043D12146284607F014FC10B17378012BB5
:104F34003BD001238DF80F30002301930096B31C5E
:104F4400721C0DF10F012046FFF704FF2879FFF7CB
:104F5400C9FF08F1080230F8123043F0030320F8C7
:104F64001230002F3BD02146284607F023FC0028AE
:104F740037D13E782B6806F5A272002143F822103F
:104F840043F822102879FFF7ADFF08F1080230F842
:104F9400123023F02003DB04DB0C20F812307B7882
:104FA4002BB9114804B0BDE8F0811048FAE7BA788B
:104FB400009222463146286807F034FB2879FFF72F
:104FC40091FF024608F1080032F810307603B6B2B9
:104FD400334343F0200322F810300348E2E7024849
:104FE400E0E70248DEE700BF0000AD0B0400AD0BB4
:104FF40070B506460D46144607F09CFB68B130793F
:10500400FFF770FF06462846FFF762FF083036F8C0
:1050140010305B0B2370024870BD0248FCE700BFF0
:105024000000AD0B0400AD0B30B583B00546019113
:10503400002400E00134012C18D80E4B1B5D03F052
:10504400070202A901EBD30313F8043CD34013F085
:10505400010FEFD005EB840201212046FFF704FF86
:1050640055F82430002BE5D0012000E0002003B0E7
:1050740030BD00BF44E6000008B50079024B03EBE5
:105084008000FFF703FD08BD700000202DE9F0410A
:1050940082B00546884616461F4607F0CBFCAEB3E1
:1050A4003A463146284607F0E1FB041E20DB287906
:1050B400FFF718FF40F834602879FFF713FF00EB7F
:1050C400C40047602879FFF70DFF05464046FFF707
:1050D400FFFE083035F81030E4B26402A4B2234372
:1050E40043F4807325F81030094802B0BDE8F0811C
:1050F4002879FFF7F7FE0DF107017830FFF7C6FCBA
:10510400034B9842F1D19DF80740D0E70048ECE703
:105114000000AD0B2DE9F04784B006460C469046DE
:105124000846FFF7D5FE07463079FFF7DBFE054654
:10513400D8F80090B9F1000F21D02146304607F08D
:1051440028FB002843D100238DF80E308DF80F3052
:10515400019300934B460DF10F020DF10E01204611
:10516400FFF7F8FD07F1080235F8123023F00203C7
:105174009BB225F8123043F0010325F81230D8F819
:105184000430BBB193F80090D3F804A02146304614
:1051940007F0F0FAE8B1BAF1000F61D1083735F839
:1051A400173023F01C039BB225F8173043EA890318
:1051B40025F81730D8F80820002A55D0536812680B
:1051C40021463046FFF762FF04B0BDE8F087274868
:1051D400FAE707F1080235F8123023F02003DB0464
:1051E400DB0C25F81230BAF1000FD7D0B9F1030F58
:1051F40038D8D8F804305B6893F800A0B9F1000FF0
:1052040008D133680AF5A27A002243F82A2043F829
:105214002A20C3E7484607F0D5FA034631680AF561
:10522400A27C51F82C2022F0030241F82C202246C3
:105234005146306807F0DDF90AF13C0305EB4303FE
:105244009C8007F1080235F812304FEA4A3A1FFAF7
:105254008AFA43EA0A0343F0200325F812309DE753
:105264000248B1E70148AFE70148ADE70400AD0BE0
:105274000000AD0B38B505460C4607F04CFA08B9EA
:10528400074838BD2146284607F0CDFA214628466E
:1052940007F0FBFB204607F022FA0248F1E700BFC3
:1052A4000400AD0B0000AD0B08B50079024B03EB15
:1052B4008000FFF70BFC08BD70000020F0B583B040
:1052C40005460E460079FFF70DFE90F88C3013B1B9
:1052D4000D4803B0F0BD044660220021103008F0F0
:1052E400DCF82F682879FFF701FE03680093002398
:1052F40032464FF00041384607F0E9FB012384F8B9
:105304008C30A3670148E4E70C00AD0B0000AD0B43
:105314002DE9F04782B081460F4690460023009362
:10532400019351686846FFF77FFE4CE094FAA4F4B9
:10533400B4FA84F404F01F05254B9B5D45EA43153C
:105344002846FFF7C5FD083037F810A0CAF3820AD3
:105354000DEB8603E00804F007041A5C0121A14068
:1053640022EA01021A542846FFF768FD0346524612
:105374002946384607F028FB2846FFF795FD02AB7F
:1053840003EB860353F8084C002CCFD10136012ED1
:105394000DD8104B9B5D08F10402D90803F00703F4
:1053A400525C22FA03F313F0010FEFD0E7E7002277
:1053B4004FF00041484607F071F9D8F804106846E8
:1053C400FFF732FE08B10026E1E702B0BDE8F0873E
:1053D40048E6000044E60000F8B504460E461148CD
:1053E400081A114BA3FB00304009FFF77FFD074665
:1053F400D4F80413C9B2026841F00041204607F012
:105404004DF9051E05DB2A463146204607F089FB87
:10541400F8BD3A4631462046FFF77AFF25F00045AD
:10542400F1E700BF24120020398EE33808B50249A1
:105434000248FFF7D1FF08BD2412002000D000501D
:10544400034B00E02033034A9342FBD3704700BF71
:1054540020D60000C0D6000004280CD8DFE800F0F5
:10546400030D0507090006487047064870470648BB
:10547400704706487047064870470648704700BFA3
:1054840054E6000078E6000088E6000094E6000098
:10549400A4E6000064E6000030B108B507F060FD42
:1054A40020B1037823B108BD024870470148FAE7E8
:1054B4000048F8E7B4E6000010B50446FCF7E4F948
:1054C400034A0121034805F05DFC204607F08DFBEB
:1054D400BCE60000F4D900002DE9F04782B000AF2B
:1054E40005460C46EFF31188202383F31288BFF39B
:1054F4006F8FDFF8C491D9F80860FFF7ADFF99F812
:105504001010E94601233B7103237B718AB0EC46FA
:105514001CF1100221D04FF0160E5AB17346BEF1A1
:10552400040F03DDDFF894A1CCF814A0082B01DDEF
:10553400CCF8185001233B7003237B70D2B173461F
:10554400BEF10C0F01DDCCF81C00102B01DDCCF8F2
:1055540020100CF1240300210AE06FF0004EDCE778
:1055640001F10800384410F8080C03F8010B01316C
:105574000129F5D9BEF1150F50DD16234AB10521D5
:10558400397100217971B9710121F9717868CCF808
:10559400100000216FF300016FF341016FF38201EA
:1055A4006FF3C501012060F38811C3F30A0363F3A9
:1055B40053216FF31F5100234148FCF745FACD46B0
:1055C4001CB1E369C3F308035BBB3046FFF764FF18
:1055D400E94601233B7103237B718AB0EC461CF13D
:1055E400100224D04FF0120E52B17346BEF1040FD4
:1055F40002DD3449CCF81410082B01DDCCF8186016
:1056040001233B7003237B70F2B1BEF10C0F01DD6B
:10561400CCF81C000CF12003002113E06FF01B03F5
:10562400ACE7294A0121264805F0ACFBCDE76FF031
:10563400004ED9E701F10800384410F8080C03F8CB
:10564400010B01310129F5D9BEF1110F31DD12230E
:105654004AB10421397100217971B9710121F971BB
:105664007868CCF8100000216FF300016FF341015A
:105674006FF382016FF3C501012060F38811C3F356
:105684000A0363F353216FF31F5100230C48FCF703
:10569400DBF9CD4621462846FFF70EFF88F3118833
:1056A400BFF36F8F3046FDF7ADFA0837BD46BDE84E
:1056B400F0876FF01B03CBE7B4120020CCE60000A8
:1056C400F4D9000018E70000F4E6000038B50546F8
:1056D4000B4B53F8204002E02368984708346B1CB6
:1056E400074A52F82330A34209D960680028F3D04E
:1056F400037F13F0010FF1D107F07FFAEEE738BD15
:1057040040E7000010B5054C01E098470434044B11
:105714009C4202D02368002BF7D110BDACD9000005
:10572400ACD9000010B586B0B023104C03FB004484
:1057340000EB800C0E4B03EB8C030E4A0592012206
:1057440004920F22039200220292019200930A4BC8
:105754004FF4A072094901EB8C11204600F0FCFAC9
:10576400637B23F00403637306B010BD400900207B
:10577400B412002030E7000051CD0000C0300020FA
:1057840008B553EA020102D100F038FE08BD02490F
:10579400183000F065FFF9E763D1000010B586B05A
:1057A400184C14E0636A0593236A0493E369039332
:1057B400A36902936369019323690093E368A26870
:1057C4006168206800F0C8FA23685C6530340E4BC9
:1057D4009C42E7D300F03EFD0A4C00E030340A4B13
:1057E4009C420BD2A26AE36AB3F1FF3F08BFB2F155
:1057F400FF3FF3D02068FFF7C3FFEFE700F042FD5F
:1058040006B010BDE8D8000048D9000008B50C4B1C
:1058140001221A700320FFF759FF05F04EFDFCF733
:1058240035FCFFF76FFF0420FFF750FFFFF7B6FFCB
:10583400FBF706F8034A137B23F00103137308BD37
:10584400B91D0020F009002008B50146014A0248AC
:10585400FDF7ACFA11580000F009002008B5034820
:10586400034A121A002107F0DFF908BD10020020D4
:10587400BC1D002010B50446FFF754FFB0230A49AD
:1058840003FB0411094A04EB840302EB8303D9608C
:105894001C74074B03EBC42303F5006304EB84047B
:1058A40002EB8402536010BD40090020B4120020B2
:1058B400C028002070B586B000F016FD104D114BC5
:1058C4005D61114B05930123049300240394029416
:1058D400019400940D4B4FF400620D49284600F0EA
:1058E4003BFA06466B7B23F004036B73284607F0F0
:1058F400CEFB2046FFF7BEFF304606B070BD00BFAA
:10590400F0090020B412002038E70000115800000C
:105914000032002008B50020FFF7D8FE1B4B03F52A
:10592400006282F3088883F30A88194CE02384F820
:1059340022300023E37723766376A37684F820303D
:10594400626A42F4E022626284F82330FDF7CEF802
:10595400FDF74EFA4FF0FF33A362E362FDF748FC14
:10596400FDF7AEFAFBF7ECFE0A4800F057FAFFF732
:1059740067FDFDF743FD0120FFF7A8FE0220FFF7B6
:10598400A5FEFFF797FFFFF75FFF00BFC0280020C9
:1059940000ED00E0A00A002010B5064C002000E055
:1059A4002034054B9C4204D2204607F045F90028D8
:1059B400F6DA10BD700100207001002030B583B00C
:1059C4000D46EFF31181202484F31288BFF36F8F07
:1059D400046964B12C6023680361C3690133C36142
:1059E400002081F31188BFF36F8F03B030BD00F145
:1059F400080C53EA020404D100232B606FF00B005F
:105A0400EFE7009201930246604600F045FB002850
:105A1400EBD1024B9B681B692B60E6E7B4120020B4
:105A24002DE9F04182B00446EFF31187202181F380
:105A34001288BFF36F8FC16899B9002950D1364BD2
:105A44009B6893F90E3023610131E160324B9B680E
:105A5400A36087F31188BFF36F8F002002B0BDE805
:105A6400F08116461D4682682B4B9B689A42E4D00F
:105A740055EA060136D092F90E80414693F90E009C
:105A840007F071F9804534DC4FF000080096019569
:105A940022463946214800F0FFFA0028DED0EFF311
:105AA4001185202383F31288BFF36F8FA36843B358
:105AB40023689C4223D013B3216993F90E0007F0A5
:105AC40052F90146204607F059F9E8B9B8F1000F38
:105AD4001AD185F31188BFF36F8F6FF00A00BDE709
:105AE4002369B0E787F31188BFF36F8F6FF00F005E
:105AF400B4E70146204607F041F98046C6E721692C
:105B0400E0E7B8F1000FE4D02946044800F076FB42
:105B14006FF00A00A2E700BFB4120020D8120020E0
:105B2400F8B58368002B47D00446264A926893420E
:105B340045D1C368012B04D9013BC3600025284625
:105B4400F8BDEFF31186202383F31288BFF36F8F20
:105B5400016907F013F92768A7420CD03D1E18BF4E
:105B6400012557B9A760CDB90023E36086F31188F6
:105B7400BFF36F8FE3E70027F0E77A683B681360B1
:105B84005A6000233B607B607A7B22F002027A73C6
:105B9400BB6007F1180007F0ACFBE3E797F90E30A0
:105BA40023610025C7F8AC50384607F070FA314637
:105BB400054800F023FBC2E76FF01505BFE74FF07F
:105BC400FF35BCE7B4120020D812002010B582B013
:105BD40001468446EFF31184202080F31288BFF33A
:105BE4006F8F5CF8080B88B1036823F003030B6024
:105BF4004A68904208D0012107F06DF984F31188B6
:105C0400BFF36F8F02B010BD4B60F4E753EA02009C
:105C14000CD00092019301F10C022146604600F081
:105C24003BFA48B9054B9B681869EBE784F3118884
:105C3400BFF36F8F0020E5E70020E3E7B4120020F4
:105C4400F8B50446EFF31187202383F31288BFF3DA
:105C54006F8F0568A84212D02E1E18BF012685B981
:105C640006BBA368E268934224D001221344A360D4
:105C740000230BBB87F31188BFF36F8FF8BD00259A
:105C8400EAE76A682B6813605A6000232B606B6034
:105C94006A7B22F002026A73AB6005F1180007F018
:105CA40028FBDDE70023C5F8AC30284607F0EFF900
:105CB4000123DEE70022D9E73946024800F09EFAC4
:105CC400DCE700BFDC12002010B582B0EFF31181D5
:105CD400202484F31288BFF36F8F846844B1013C9D
:105CE400846081F31188BFF36F8F002002B010BD70
:105CF40053EA020406D0009201930246054800F0DC
:105D0400CBF9F3E781F31188BFF36F8F6FF00F00C6
:105D1400ECE700BFDC12002008B553EA020102D10F
:105D240000F06CFB08BD0249183000F099FCF9E75B
:105D340063D1000010B5044640B11F2204F1740081
:105D440007F0B3FB002084F8930010BD014B9C685E
:105D5400F3E700BFB41200202DE9F04F85B00446EC
:105D64000F4615461E46DDF838A0DDF83C90DDF8F8
:105D74004080DDF84CB000F158038365C365129B85
:105D84000422119907F0EEF82A463946204607F016
:105D9400CCF80546CDF80880CDF80490CDF800A0E5
:105DA4003346024639462046FCF7DEFF002363658E
:105DB4002666C4F864A0C4F86890C4F86C80EFF355
:105DC4001182202383F31288BFF36F8F124B196A59
:105DD40021671C6282F31188BFF36F8FBBF1000F40
:105DE40013D01F22594604F1740007F05EFB002310
:105DF40084F89330084B9B685BB1D3F8A030C4F8A7
:105E0400A030284605B0BDE8F08F002384F8743034
:105E1400F0E7C4F8A030F4E7B412002010B504464B
:105E24000123437303730023C0F89430C0F89830FF
:105E340000F018FE014B9C6010BD00BFB41200209E
:105E44000A4A9368C3F8A8006FF00A01C3F8AC10BB
:105E540007494B6843F080534B60002383F3118858
:105E6400BFF36F8F9368D3F8AC007047B41200206F
:105E740000ED00E0437B90F90D20002A4ADB13F08B
:105E84001F0F47D163F07F034373234A52F8183F2F
:105E940093420ED100230CE05A6842600360106004
:105EA40058601EE01A461C49C9698A420FD01B6813
:105EB4007BB173B190F90E1093F90E209142F1D099
:105EC400521A002AE8DC1A46002BECD1F0E7002332
:105ED400EEE7114BDA6903F11801016042601060CA
:105EE400D8610D4A52F8183F93420ED06BB10A4A5A
:105EF4009268517B11F01F0F0AD1D1897F2907D9EC
:105F0400996929B9044B5A617047034BDB68EEE782
:105F1400014A5361704700BFB4120020437B90F9DB
:105F24000D20002A14DB134B996853F8182F9A425A
:105F340019D0C2B1814219D04B7B13F01F0F15D178
:105F4400CB897F2B12D9936983B90A4B5961704766
:105F540003F07F0343734268036813605A600023AD
:105F640003604360DFE7034BDA68E3E7014B5A6100
:105F7400704700BFB41200202DE9F04105460C46DD
:105F84003B4B9E68737B13F0600F1FD013F0200F00
:105F940021D008271F4219D13B43737313F0800F9C
:105FA4001BD1082F24D04FF00008314A52F8183F73
:105FB400934242D0002B40D02D4A5361102F05D07C
:105FC400304600F0F3FAB8F1000F39D184F31188A8
:105FD400BFF36F8F45E01027DCE703F07F03737393
:105FE4007268336813605A60002333607360D8E7C3
:105FF400B3685BB17268336813605A60002333601E
:106004007360727B22F002027273B360304607F051
:106014000AF806F1580007F00BF8154B9B689E42EE
:1060240002D04FF00008C0E7EFF3058313B94FF037
:106034000008BAE74FF00108B7E70D4BDB68BBE790
:106044000C48FFF7EBFEC1E7EFF31184202383F341
:106054001288BFF36F8F06F084FE84F31188BFF3B8
:106064006F8F6B7B13F0600FEED1BDE8F08100BF42
:10607400B4120020A00A0020B3F1FF3F08BFB2F120
:10608400FF3F00D1704708B50249183000F0E8FA24
:1060940008BD00BF63D1000010B50C461146EFF3F4
:1060A4001183202383F31288BFF36F8FDDE902236A
:1060B4000348806806F0DFFF2046FFF7C1FE10BDED
:1060C400B412002070B503460022EFF3118E202095
:1060D40080F31288BFF36F8F104648E002F07F020E
:1060E4005A735C681A682260546000221A605A600D
:1060F4004CB29C735A7B62F07F025A733E4D55F842
:10610400182FAA420ED100220CE054685C601A6079
:10611400236053601EE09446374DED69AC450FD0C3
:1061240012687AB172B192F90EC06445F3D0ACEB47
:10613400040CBCF1000FE8DC9446002AECD1F0E733
:106144000022EEE72C4AD46902F118051D605C6058
:106154002360D361284C54F8182FA24216D0AAB158
:10616400254C62618EF31188BFF36F8F0122002AE0
:1061740040D15A7B02F01F0000280CBF01200020F0
:10618400ACD012F0020F04D19973EBE71A4AD2682B
:10619400E6E79C685D681A682A60556000221A6008
:1061A4005A604DB29D73226894420DD100220BE0D7
:1061B40054685C601A6023605360D3E79446666851
:1061C400B4450FD012687AB172B192F90EC0654528
:1061D400F4D0ACEB050CBCF1000FE9DC9446002ACA
:1061E400EDD1F0E70022EEE762681C605A601360AC
:1061F4006360B7E770BD00BFB412002008B50B465A
:1062040059B9EFF3058242B9064A5069926890423F
:1062140003D00846FFF714FE03E083F31188BFF3AD
:106224006F8F08BDB412002008B5034650B9EFF3D0
:1062340005823AB9064A51699268914202D0FFF741
:10624400FFFD03E083F31188BFF36F8F08BD00BF28
:10625400B41200200023EFF31181202282F312886C
:10626400BFF36F8F09E0064B9A68D37B013BD3736E
:1062740081F31188BFF36F8F0123002BF3D0704794
:10628400B412002008B50023EFF31180202282F31A
:106294001288BFF36F8F09E0124BD96812E0114BDB
:1062A400596180F31188BFF36F8F0123BBB90D4B84
:1062B4009A68D17B0131D17353F8181F9942EBD0FE
:1062C4000029E9D0537B13F01F0FE8D1D3897F2B2A
:1062D400E5D98B69002BE2D1024B5A61E1E706F064
:1062E40072FF08BDB412002008B5024806F08DFF05
:1062F40008BD00BFC812002010B5EFF311802023A1
:1063040083F31288BFF36F8F1E4B9A68DB699A423E
:1063140005D01368516812680A60516006E00023D2
:10632400F8E7184AD269934212D01B6893B1154A10
:10633400946894F90E1093F90E209142F1D0521AF8
:10634400002AEEDD5A686260236014605C600AE033
:106354000023EBE70B4B9A68D96903F11804146026
:1063640051600A60DA61074A52F8183F934205D037
:1063740023B1044A5361FFF763FD10BD014BDB6891
:10638400F7E700BFB4120020F8B551EA000326D0A5
:1063940005460C46EFF31187202383F31288BFF3DD
:1063A4006F8F144EB068FFF7B9FDB0682A462346D4
:1063B4001149183000F054F90446B268537B43F095
:1063C400040353733846FFF73BFDB3689A6ADB6AEC
:1063D400B3F1004F08BF002A05D00020F8BDFFF735
:1063E4008BFF0020FAE706F0B3FF201A0028F5DC43
:1063F4000020F3E7B412002063D1000038B5EFF3B6
:106404001185202383F31288BFF36F8F437B13F02E
:10641400040F04D185F31188BFF36F8F38BD044690
:10642400183006F066FF637B23F004036373204691
:10643400FFF720FD29460248FFF7E0FEEEE700BF24
:10644400E0120020014B9868704700BFB41200208E
:106454002DE9F843037B03F00107EFF311862023B2
:1064640083F31288BFF36F8F457B15F0080F1AD1A1
:106474000446B14600F1580806F0A1FD10B345F0FA
:1064840020056573EFF305839BB131462046FFF782
:1064940073FD67B1002383F31188BFF36F8F042367
:1064A400184602DF03E086F31188BFF36F8FBDE85F
:1064B400F88341463B4B986806F083FD3046FFF76E
:1064C400BFFCE6E745F00803637313F0800F2ED199
:1064D400A3685BB16268236813605A600023236079
:1064E4006360627B22F002026273A36004F118000D
:1064F40006F0FFFE404606F09BFD2A4B9B689C423B
:1065040022D00025274A52F8183F934223D013B3D0
:10651400244A5361204600F049F8FDB9214B9B6899
:106524009C421FD089F31188BFF36F8FB1E705F048
:106534007F0545F0080565736268236813605A6037
:10654400002323606360C3E7EFF305830BB90025E1
:10655400D8E70125D6E7134BDB68D9E71248FFF7E4
:106564005DFCDBE7EFF30583002BDBD1237B13F02A
:10657400010F12D089F31188BFF36F8F002383F3C7
:106584001188BFF36F8F0423184602DFEFF31189DC
:10659400202383F31288BFF36F8F4846FFF750FC24
:1065A40077E700BFB4120020A00A0020EFF31181A6
:1065B400202383F31288BFF36F8F0A4B1B6A834235
:1065C40004D11A6F074B1A6207E0134613B11A6F0E
:1065D4008242FAD10BB1026F1A6781F31188BFF3BB
:1065E4006F8F7047B412002008B50648064A121A85
:1065F400064906F01DFB0648064A121A064906F02B
:1066040017FB08BD000000200C020020F8E9000080
:106614000000002000000020F8E90000034B186887
:10662400984200D070470020FCE700BF74000020AF
:1066340030B1044A5268904201D00068704700208B
:10664400704700BF7400002008B5044B1B680BB1F1
:10665400002008BDFEF730F9FBE700BFE41200207C
:106664002DE9F04F83B00193B3F1FF3F08BFB2F1BE
:10667400FF3F0DD00446914681600023EFF3118A59
:10668400202282F31288BFF36F8F1D461E4635E029
:1066940000252E462846314603B0BDE8F08FFFF7AB
:1066A400D3FF80460135019B43F10006451946EBB3
:1066B400E07625616661384A13685268ED1846EB46
:1066C40002064FF0010B41E0C91A67EB02020161B7
:1066D40042614368636020601C60446005E02F4BA6
:1066E4005A682360626014605C60FFF797FF84421D
:1066F40040D08AF31188BFF36F8F0123002BC9D1D7
:106704004D46019E6FF00103B3EB09034FF0FF33D5
:1067140063EB0603002BC2DB1F4B19685B68691827
:10672400019A43EB02036FF00102521A4FF0FF315A
:1067340061EB030310461946012A73F1000301DAE1
:1067440001200021206161614FF0000BFFF766FF1B
:106754000028C4D001694769236962698B4272EBDE
:10676400070EB1DB5B1A62EB070223616261FFF77C
:106774005FFFEDE70A4B1B68002BBAD1BBF1000F9A
:1067840006D0404606F09AFD0021FEF75BF8B0E71C
:10679400FFF75AFF8046F4E7500B002074000020F6
:1067A400E412002070B5EFF31186202383F31288DE
:1067B400BFF36F8F294B1860FFF730FF044623E0C7
:1067C400274A136851685B1941EBE5711360516006
:1067D40000220023C4E90423204606F058FD86F372
:1067E4001188BFF36F8FA36820469847EFF3118693
:1067F400202383F31288BFF36F8F184A13685B1B3F
:106804001360FFF70BFF04463CB125696169134B24
:106814001A68D317AA428B41D2DA44B12369626958
:106824000E4909685B1A62EBE172236162610C4AEA
:106834000A4D2868136851681B1841EBE071136016
:10684400516000242C60204606F038FD2146FDF7F7
:10685400F9FF86F31188BFF36F8F70BDE412002037
:10686400500B002010B50022EFF31184202383F392
:106874001288BFF36F8F134611460CE0FFF7E4FE56
:10688400074A13685168C31841EBE07184F3118817
:10689400BFF36F8F0122002AF0D0184610BD00BF4D
:1068A400500B0020F8B5EFF31183202282F31288F5
:1068B400BFF36F8F026822B183F31188BFF36F8F28
:1068C400F8BD04461D46826AC36A52EA030105D034
:1068D400B3F1FF3F08BFB2F1FF3F27D1236B013370
:1068E4002363236A6BB185F31188BFF36F8F236A27
:1068F40020469847EFF31185202383F31288BFF3D2
:106904006F8F04F11803A469A3423FD0002C3DD03B
:10691400204606F0D7FB0023C4F8AC3085F3118879
:10692400BFF36F8F204606F0B2FBC9E716461F4639
:10693400012A73F1000301DA01260027013E47F121
:10694400FF3706F009FD013041F10001801947EBE2
:106954000101012871F1000108DA6FF001024FF022
:10696400FF330D492046FFF77BFEB7E706F0F4FC42
:10697400013041F10001801947EB01036FF001027E
:10698400121A4FF0FF3161EB0303EAE785F3118834
:10699400BFF36F8F94E700BFA9680000F8B51D46E8
:1069A400EFF31187202383F31288BFF36F8FB5F1C0
:1069B400FF3F08BFB2F1FF3F1FD0064614462946E9
:1069C4006FF00102121B4FF0FF3262EB0502002A46
:1069D40018DB304606F08DFCDDE90623C6E90A2300
:1069E4000023336322462B460B493046FFF738FE1B
:1069F40087F31188BFF36F8FF8BD87F31188BFF356
:106A04006F8FF9E7012C71F1000101DA01240025EF
:106A1400013C45F1FF35DCE7A968000070B5064686
:106A24000C46154606F096FA50B9064B9B68D3F807
:106A3400A00020B12B462246314606F0BBFC70BDB7
:106A44000148F7E7B41200207001002008B502469F
:106A5400024B0021024806F0ADFC08BD9FA00000D7
:106A640070010020014BC0F8A03070477001002075
:106A740008B50146024A0020FFF7D0FF08BD00BF59
:106A84009FA0000010B5064C05E0A268616820468E
:106A940006F0B6FC1834034B9C42F6D3002010BD1C
:106AA400700100208801002010B50C4C236813B13C
:106AB4000B4B1B682BB900F05FFE30B90122084B69
:106AC4001A6001232360002010BD0138072801D972
:106AD400044810BD044B53F8200010BDEC120020F4
:106AE400E8120020FE8FFFFF5CE70000BFF34F8F2A
:106AF4000549064BCA6802F4E0621343CB60BFF356
:106B04004F8F00BFFDE700BF00ED00E00400FA0571
:106B140030B44FF0FE3200250B4B0C4C0C49496845
:106B2400C3F80024C3F80424C3F80824C3F80C24CD
:106B3400C3F81024C3F81424C3F81824C3F81C247D
:106B4400C4F8005530BC08470050845000408450BD
:106B54007C000020024BD0E90012C3E90012704708
:106B64007C000020144B2DE9F043002814BF044698
:106B74001C46124F236883B0BB4219D016460D46FB
:106B840020464FF4E07104F1040900F0EDF804F537
:106B94008E78484600F0D0FC404600F0F3FA2B46CD
:106BA4004A4640460649009600F002FB08B92760B1
:106BB400002003B0BDE8F083F0120020A5BCC95A40
:106BC400C175000070B50D4C1D46002814BF064663
:106BD40026460B4B306882B098420DD106F58E7074
:106BE400002633460096144600F032FB002818BFF6
:106BF40034462C6002B070BD0248FBE7F01200205E
:106C0400A5BCC95AE88FFFFF10B5044650B16368AC
:106C140013F0685F05D0064A934202D000236260F5
:106C2400236010BD034B04485B689847EFE700BF3F
:106C34002C5F5CA97C0000207CE70000C8B143689D
:106C44000D4A934213D013F0685F0ED0012350E82D
:106C5400002F194640E8001C9CF0000FF7D1012AD0
:106C6400F5D0BFF35F8F0020704704487047044895
:106C740070476FF4E04070472C5F5CA9E98FFFFF19
:106C8400EA8FFFFF034680B1426809498A420AD06D
:106C940012F0685F05D0BFF35F8F002210461A60C0
:106CA400704704487047044870476FF4E0407047E9
:106CB4002C5F5CA9E98FFFFFEA8FFFFF10B5044644
:106CC40020B10023034A2360626010BD0248FFF72D
:106CD4001FFFF6E73A00003AA4E7000070B5194C2C
:106CE400D0F804C00668C4F804C0D0F808C0C0686E
:106CF400C4F808C0E06026600868134B134D1860A0
:106D04004868D5F818215860886812F0685F986060
:106D1400C8680969D860196112D000230C4A05F5C6
:106D24008A70C5F81431C5F8B831C5F81821C5F80A
:106D3400BC21B047236805F5DC70BDE870401847F6
:106D440070BD00BF9800002084000020F0120020D5
:106D54002C5F5CA938B131B10022014403460130F3
:106D640081421A70FAD1704738B131B1002201441E
:106D74000346013088421A70FAD170472DE9F04F6A
:106D8400B2F5C07FBDB000F2DA800C46DFF8B491F2
:106D9400154600214FF4D07282460DF17C08484616
:106DA40006F07BFB404601F059F9302321460024CC
:106DB40009F118062A4689F8173030466BBAA9F843
:106DC4001230A9F8104006F041FB80222346725588
:106DD4000DF12B0101F8013F0133202BFAD14FF4BF
:106DE400807240460BA901F04FF98346002840F019
:106DF400A38005F1190313AD2F4607AE0293CDF816
:106E04000CA00196049510220021019806F045FB80
:106E1400DFF834A1DDF808B005970A9B5AF8044C52
:106E2400089F099A07995AF8100C5AF80C6C5AF8EA
:106E3400085C5C40019B7E40554081EA00071A468D
:106E440001214046CDE90776CDE9095401F03EF928
:106E5400BBF1100F94BFABEB0B0BABF1100B0AF1B2
:106E6400100A002847D1BBF1000FD6D1059F10228C
:106E74003846019906F0EAFA99F8033010370133DD
:106E8400474589F80330BED1049D4FF480722946EA
:106E94004046DDF80CA0019E01F0F6F8834678BB6D
:106EA40054460AF130071BAB1A460121404601F053
:106EB4000DF9834620BB102220461BA9144406F07A
:106EC400C5FAA742EFD1404601F0D8F84FF4D0718B
:106ED4001C48FFF749FF28463021FFF745FF0BA860
:106EE4002021FFF741FF30461021FFF73DFF5846B0
:106EF4003DB0BDE8F08F8346DDF80CA0019E049DF3
:106F0400404601F0BBF84FF4D0710E48FFF72CFF58
:106F140028463021FFF728FF20210BA8FFF724FF84
:106F240010213046FFF720FF30215046FFF71CFFA9
:106F340058463DB0BDE8F08F13AD07AEE0E76FF003
:106F4400370BF5E7C0140020D01400202DE9F041E0
:106F54008CB004460D463022002168466F4606F088
:106F64009CFA04F12006E27B0132D2B2E273002AD9
:106F74004DD1A27B0132D2B2A273002A47D1637BE6
:106F84000133DBB26373002B41D1237B0133DBB2CA
:106F94002373002B3BD1E37A0133DBB2E372002B82
:106FA40035D1A37A0133DBB2A372002B2FD1637ADC
:106FB4000133DBB2637253BB237A0133DBB2237236
:106FC4002BBBE3790133DBB2E37103BBA379013358
:106FD400DBB2A371DBB963790133DBB26371B3B99B
:106FE40023790133DBB223718BB9E3780133DBB24C
:106FF400E37063B9A3780133DBB2A3703BB9637860
:107004000133DBB2637013B92378013323703B4639
:1070140022460121304601F059F88046002841D12A
:1070240010370CAB9F429ED1029AAB680399534030
:1070340002933046EE68D5F820804E4003960499BA
:107044002E69D5F828C04E4004966E6905990B9FA9
:107054004E4005960699AE69009B4E400696EE6931
:1070640007994FF480724E400796089ED5F824E0A5
:1070740088EA0608099E8EEA060E0A9E8CEA060134
:10708400EE6A7E402F687B4000936B68019D6B40E5
:107094000193CDE9088ECDE90A16694600F0F4FFA4
:1070A400804638B168463021FFF75EFE40460CB09A
:1070B400BDE8F0811022204608A906F0C7F9F1E7DF
:1070C4002DE9F8431D468369B3F5C07F52D81646AF
:1070D400C3F5C072AA424DD3C5F5C072D31AB342E8
:1070E40048D30446DFF898904FF4C0720F464846E0
:1070F400002106F0D2F94946D4F89430A269D4F8B4
:1071040098009847002838D1D4F818803DB1D4E9C4
:1071140025302A4609EB0801984770BBA84407B1FB
:10712400C6B9174942460846FFF728FE054638B156
:107134004FF4C0711248FFF717FE2846BDE8F883E4
:1071440020460F49FFF702FF05460028F0D101232E
:107154002361EDE73946324609EB080006F076F97B
:107164000749B04442460846FFF708FE0546002892
:10717400DED1E5E76FF03705DFE76FF03305DCE7D5
:107184006016002010B5A4220021044606F085F9FB
:107194004FF0FF314FF6F072044B2161E26104F1CC
:1071A4009C001B68BDE81040184700BFE8000020A1
:1071B4002DE9F047054688B00F46164600212022E7
:1071C4006846984606F069F91F4B05F19C09484644
:1071D4001B689847044618B1204608B0BDE8F087FC
:1071E40005F1200A504600F039FFAA69C5E9257661
:1071F400F2B920232E69AB61002E22DB694650468A
:107204004FF4807200F040FF044630B933464146E3
:107214002846109AFFF754FF04460C4B48461B6857
:107224009847002818BF0446204608B0BDE8F087F8
:107234002E69002EE2DA2F2A96BF0132264656081E
:10724400DCE71026DAE700BFE4000020E0000020BD
:107254002DE9F04FB2F5806F91B01A9F00F2E380F0
:10726400B7F5807F00F2DC80044615460E463022D6
:10727400002104A8984606F010F96C4B04F19C090F
:1072840048461B6898478346002840F0928022694C
:10729400E3699A4200F391806369002B40F08D808A
:1072A400002F40F0A980DFF888A16F46002D00F080
:1072B40098806F4604F120080EE0102DAB4628BFDD
:1072C4004FF0100B304639465A4606F0BFF8B5EB7E
:1072D4000B055E4400F08580E37B0133DBB2E3738E
:1072E400002B4DD1A37B0133DBB2A373002B47D119
:1072F400637B0133DBB26373002B41D1237B013306
:10730400DBB22373002B3BD1E37A0133DBB2E372AC
:10731400002B35D1A37A0133DBB2A372002B2FD11A
:10732400637A0133DBB2637253BB237A0133DBB27A
:1073340023722BBBE3790133DBB2E37103BBA37983
:107344000133DBB2A371DBB963790133DBB263715F
:10735400B3B923790133DBB223718BB9E3780133F9
:10736400DBB2E37063B9A3780133DBB2A3703BB93A
:1073740063780133DBB2637013B92378013323706C
:107384003B4622460121404600F0A0FE83460028E9
:1073940093D0DAF80030484698470346302104A8D1
:1073A400002B18BF9B46FFF7DFFC10213846FFF780
:1073B400DBFC584611B0BDE8F08F3A464146002345
:1073C4002046FFF77DFEDFF868A000283FF46DAF8C
:1073D4004846DAF800309847834600283FF465AF02
:1073E400E7E7204604A9FFF7B1FD83460028D0D182
:1073F400236901332361CCE73A46414604A8FFF7E9
:10740400BDFC834618B16F46DFF824A0C1E72046CF
:1074140004A9FFF79BFD834600283FF444AFF2E73D
:107424006FF0370BC5E76FF0350BC2E7E4000020BF
:10743400E00000202DE9F043202B1D460646884637
:1074440091468BB026D8DBB202AF8DF80480B046EB
:1074540058F8041B8DF8053021B9404600F078FE39
:10746400044640B9012302224046336001A900F0DA
:1074740083FE044638B138462021FFF775FC2046C8
:107484000BB0BDE8F0832A464946404600F074FE3E
:107494000446F0E702AF1946104600233A4600F0CE
:1074A400F1FF04460028E6D12023B9461D46CCE767
:1074B4002DE9F041D0F8F830A6B0002BD8BF02AEC9
:1074C40031DD05460027D0F80C4102AEA4F10108D5
:1074D4009022D5F8FC403146D0F8000101AB019769
:1074E400B8FA88F8A0474FEA5818044620B9019B17
:1074F40053B9B8F1000F16D030469021FFF734FC91
:10750400204626B0BDE8F081014632462846FFF702
:1075140091FF58B9D5F80431019A1344C5F80431E0
:10752400B8F1000FE8D16FF03C04E5E704462046CB
:1075340026B0BDE8F08100BF70B5002504461422D2
:1075440004F588762946C0F8F850FC3005F0A5FF0C
:1075540008222946304605F0A0FF144B30461B682C
:107564009847204640F8045B00F0D8FD104B3046A5
:107574001B689847C8B9D4F8F830AB420FDC03EB6A
:10758400830204EB82022021C2F800010120C2E937
:10759400421008490133C2F8FC10C4F8F830064B15
:1075A4003046BDE870401B68184770BDE8000020F5
:1075B400E40000205D7F0000E00000202DE9F0479A
:1075C400202A88B07AD83F4B00F5887904461B6896
:1075D40048461746884698470546F8B940F20116CA
:1075E400D4F8F830002B65D02046FFF761FF05463C
:1075F40038B9D4F8F830002B14DC013EF2D16FF026
:107604003B056E4620213046FFF7AEFB2E4B484625
:107614001B689847002818BF6FF01D05284608B05E
:10762400BDE8F087D4E94132934203D3D4F80C2166
:10763400012A02D0013ED7D1E1E71F2BFAD96E46C9
:1076440001462022304604F1040A05F026FF3146A3
:10765400504600F0BBFD05460028D3D1504600F04B
:1076640071FD504600F05AFD2946504600F070FD69
:1076740005460028C6D150462022314600F07CFD44
:1076840005460028BED1034632462021304600F08C
:10769400F9FE05460028B5D1D4F8F8303A46002B57
:1076A400C8BF002340463146C8BFC4F8043105F0C2
:1076B400CDFEA7E76FF03F056E46A3E76FF03B05ED
:1076C400ACE700BFE4000020E0000020002130B55A
:1076D4008DB0282202A8019105F0DFFE02A800F077
:1076E400F9FE044610B120460DB030BD1B4D4FF0DD
:1076F400FF31286800F034F960BB194BD3F8340E1D
:1077040010F0010017D100F05BF9F8B9154A02A98D
:1077140001A800F013FC0446012000F051F988B9D7
:10772400286800F025F90028DDD00F48FFF7F0F9AC
:1077340020460DB030BD2868052400F019F9002852
:10774400D1D0F2E70948FFF7E3F9E9E70848FFF782
:10775400DFF9DBE70748FFF7DBF9CEE7CC000020D1
:1077640000608450E017002020E8000000E80000DA
:10777400E0E70000C8E7000030B583B000F036F859
:1077840078B900F055F890B9144BC3F80C0AFFF718
:107794009DFF0446F8B9124D2B6863B1204603B02F
:1077A40030BD032400F072F8204603B030BD042439
:1077B400204603B030BD02460146FFF7D3F950B965
:1077C4006822084901ABFFF7FDF920B92046064BB2
:1077D4002B6003B030BD0524E0E700BF00508450A7
:1077E400001A0020041A00205AEA5A5A002070474E
:1077F400430504D54FF0FF32034BC3F80821024B75
:10780400C3F8080A704700BF00508450014BC3F806
:10781400040A70470050845008B100F071B84FF466
:107824007500704708B100F04FB84FF47500704709
:1078340010B5114800F080F800B110BD0F4800F0F9
:107844007BF80028F9D10E4C204600F075F800288A
:10785400F3D10C4B0C481C6000F06EF80146002874
:10786400EBD100F02DF8044608B1204610BD00F01D
:1078740089F82046FAE700BFDC000020D800002089
:10788400D4000020CC000020D000002008B5084817
:1078940000F05CF8074800F059F8074800F056F883
:1078A400064800F053F8BDE8084000F00BB800BFEC
:1078B400DC000020D8000020D4000020D0000020EC
:1078C40000207047704700BF10B402460B4C01E023
:1078D400134207D1D4F8003A13F48070F8D0012091
:1078E40042F4807229B1054BD3F804410C60C3F80B
:1078F4000841024BC3F8082A10BC7047005084505A
:107904000246084901E01A4207D1D1F8003A13F4BB
:107914008070F8D0012042F48072024BC3F8082A28
:10792400704700BF0050845005F09DBD05F0B5BD03
:107934000A46002105F0B1BD08B5034B02681B6877
:1079440010689847002008BD9800002008B5034B34
:1079540002685B6810689847002008BD9800002002
:10796400024B02689B681068184700BF980000200B
:1079740008B5034B0268DB6810689847002008BD0F
:107984009800002070B5094C094D2069AB689847F0
:1079940018B1084B08485B6898470021074AEB6810
:1079A40011602069BDE87040184700BF84000020C2
:1079B400980000207C00002038E800006C1A0020A9
:1079C400F8B51A4D1A4E0446B26828699047E8B9CA
:1079D400184F3B684CB1A3B1012B19D0013B3B605C
:1079E4002869F36898470020F8BD43B90121124A79
:1079F400C2F800151149D1F81029002AFBD101332E
:107A04003B60F368286998470020F8BD0C48F8BD2E
:107A14000A4AD2F81039002BFBD1074A6FF07E4096
:107A2400C2F80035FFF7F2FE3B68D7E78400002078
:107A3400980000206C1A00200040845000508450AC
:107A4400E98FFFFF014B1B68184700BF9800002017
:107A5400014B9B68184700BF98000020014BDB686E
:107A6400184700BF980000202DE9F041002873D08A
:107A74000C46002970D01D46002B6DD007461AB164
:107A8400012200232A6003602B68002B5FD0294663
:107A9400204600F0D9FD804600285AD121462868A6
:107AA40000F0B8FD8046002853D12868082867D024
:107AB400042867D0A0F10200B0FA80F04009012147
:107AC400314EC6F8C411C6F84011C6F8C411636A31
:107AD400C6F83031D6F830219342F6D10023C6F8E7
:107AE4002C314FF0FF33C6F808316FF01B03C6F892
:107AF4000031C6F80C01D6F8040A40F48060FFF7A0
:107B040085FE0A23C6F83831069B012B29D0236948
:107B14001E4AA2FB03231B09626A404602FB03F3CD
:107B240003EB4303184ADB039B09C2F8D831012352
:107B3400C2F82C313B682A6823F07F4343EA02638E
:107B44003B602A6843EA02233B60BDE8F081DFF82A
:107B540040804046BDE8F081DFF838804046BDE80B
:107B6400F0814FF47F03D3F80C2C013206D0D3F804
:107B74000C3C064AA2FB03231B09CDE71623CBE7E3
:107B840003209CE702209AE700508450ABAAAAAADB
:107B9400310CF100350CF10058B34B1EB3F5047FE2
:107BA40027D230B54FF0000ECD00744671464B0914
:107BB40001F01F0C50F82330BCF11F0F23FA0CF313
:107BC40006D003F0010319B901211C468E46EEE7E5
:107BD4009C4201F1010106D01C464FF0010EA9425E
:107BE400E5D1002030BD0EF1010E9645F7D10248D3
:107BF40030BD0148704700BF360CF100C0B32DE919
:107C0400F0434C1EB4F5047F1DD2E3B1DAB1002574
:107C14002E46A8462C46CF0003F1FF394FEA541CE8
:107C240004F01F0E50F82C10BEF11F0F21FA0EFCA9
:107C34000CD00CF0010C4CB90126E0463446354614
:107C4400ECE7964216D90C48BDE8F083AB420BD062
:107C5400C44508BF0136A945F3D001350134BC42FF
:107C6400DCD10020BDE8F0830125E0462E46F5E78F
:107C7400014870471D46F1E7370CF1002DE9F04F3C
:107C84008FB08246DDE919460D46002E6ED1096992
:107C940004911C60002318990B60002A00F02881CD
:107CA400994B6A6AD3F83811D3F830319A4269D1C2
:107CB4000A2967D19AF80330069304F1080305935F
:107CC4000423049A0393914B8F4CA3FB023B4FEA8A
:107CD4009B0B0BEB4B0BA2EB4B0B189B049E1E60F8
:107CE400002E00F0E580002700F0BEFC0797BAF1F3
:107CF400000F00F0D0804FF00109DDF81480002D52
:107D040000F0C980069B002B3ED0284606A900F04F
:107D14009BFC00283AD07E4B984220D0069B082B2F
:107D240000F0E08000225B000693294606AB504633
:107D34000092FFF799FE774B984200F0CF8070B91C
:107D4400DAF80020130A03F47F03134323F07F437C
:107D5400CAF80030039B013B0393BED1002003907B
:107D640000F082FC03980FB0BDE8F08F4FF47F0160
:107D7400D1F80C0C01300CBF4FF40471D1F80C1C79
:107D8400049186E76448EAE76248C4E7294606980E
:107D940000F040FC0028BED1069B082B00F0A48014
:107DA400042B00F0A380A3F10203B3FA83F35B096D
:107DB400C4F8C491C4F84091C4F8C4916A6AC4F880
:107DC4003021D4F830118A42F6D10022C4F82C2193
:107DD4004FF0FF32C4F808216FF01B02C4F80021F1
:107DE400C4F80C31D4F8040A40F48060FFF70EFDA7
:107DF4000A23C4F838312B69444AA2FB0313696A85
:107E04001B0901FB03F303EB4303DB039B09C4F8E6
:107E1400D831C4F82C910698DAF8003023F07F4169
:107E2400030243EA00630B43CAF8003007A800F0DA
:107E3400E1FB079B354A03F01A0303437FF46EAF5B
:107E4400A2FB0632D4F81431B7EB920F0893D4F89E
:107E540018310993D4F81C310A93D4F820310B93C8
:107E6400D4F824310C93D4F828310D9302D1BBF10A
:107E7400000F12D14046182208A9183EFFF754FDFE
:107E840008F1180801379EB100F0EEFB00230793B8
:107E9400002D7FF437AF21483DE740465A4608A9F4
:107EA400A6EB0B06FFF740FDD8440137002EEBD1BB
:107EB400049F059E6A6939463046FFF76DFEAA693C
:107EC40040B94FF4806339463046FFF797FE0028E7
:107ED4003FF444AF0023189A13601CE72B6A002B6D
:107EE4003FF43DAF0E483AE7032361E702235FE71F
:107EF400012229465046009606ABFFF7B5FD00283F
:107F04003FF4DBAE2BE700BF00508450ABAAAAAA13
:107F1400020CF100310CF100300CF100350CF100D1
:107F2400320CF10010B4DDE9013401940024DDF8D1
:107F34000CC0CDE902C410BCFFF7A0BE30B5154695
:107F4400012487B005AB00930022CDE9015404ABB2
:107F5400FFF794FE07B030BDF0B587B0002967D0B5
:107F64001E46002B64D01446002A61D0324F0D46C1
:107F740038684FF0FF31FFF7F3FC00283DD12F4B59
:107F8400D3F8340E10F0010015D04FF0FF354FF444
:107F940008712B48FEF7DEFE04212A48FEF7DAFEBC
:107FA40029482821FEF7D6FE3868FFF7E1FC40BBDC
:107FB400284607B0F0BDFFF703FD002834D122485E
:107FC40000F088FA70B91E4A0346029205AA01928B
:107FD40004AA039000921C4902461A48FFF7A2FF24
:107FE4000346A0B14FF0FF350120FFF7E9FC00285C
:107FF400CDD01648FEF78CFDC9E71548FEF788FD7D
:10800400BDE71448FEF784FD284607B0F0BD2846B6
:108014001D46059B22469C4228BF1A46049932609D
:108024000831FFF781FCDFE70B48FEF771FDC6E777
:108034004FF0FF35BCE700BFCC0000200060845047
:108044009C1A0020701A0020741A002000E8000016
:10805400C8E7000058E80000E0E7000010B5044657
:1080640030B1002201236265A265E365236610BD79
:108074000148FEF74DFDF4E770E8000018B17422E2
:108084000021FFF753BC7047C8B1D9B108B500232C
:10809400C02A836380F83C300FD0B2F5807F04D0CF
:1080A400802A03D06FF01F0008BD02230363D208A7
:1080B4001030FFF739FC002008BD0123F6E76FF00C
:1080C400210070476FF01F00704700BF70B5044671
:1080D40086B0F8B11046EAB1E3B101291AD8A26B0F
:1080E40016D0012A16D1102500210DEB05060196A4
:1080F40002AA61632946009500F0C8FA50B92B46DC
:108104003246204602A900F073FD18B906B070BDCE
:10811400002AE8D06FF02100F8E700BF10B504464C
:1081240028B12046BDE81040F421FFF701BC044803
:10813400FEF7EEFC2046BDE81040F421FFF7F8BB43
:1081440084E8000010B1F421FEF704BE704700BFBC
:1081540008B521B1012908D06FF0360008BD01210E
:1081640000F058F80028F7D108BD022100F052F8B9
:108174000028F9D0F0E700BF30B505468818B0F5FF
:10818400801F0B461446A1B001D8802A0CD9B3F540
:10819400801F17D922461946284600F07DF8044668
:1081A40084B9204621B030BD6846FFF7BDFB2246A6
:1081B4006946284600F070F8802104466846FFF7B7
:1081C400B7FBEDE76FF03604EBE700BF70B5E8B13D
:1081D4000E46D9B1044600F031F80546B0B923681B
:1081E400012B0BD0022B01D0284670BD1C22304637
:1081F40004F10801FFF798FB284670BD20223046A1
:1082040004F10801FFF790FB284670BD6FF03605B6
:10821400EAE700BF78B138B50D46F0210446FFF710
:1082240087FB402320462560E36500F061FA0038AF
:1082340018BF012038BD0120704700BFF0B5056E9E
:10824400A5B0044604AEE5B90023012701933046E6
:108254006760294602AA009300F018FA10B10120C1
:1082640025B0F0BD2A46204602A900F069FA00288C
:10827400F5D1204600F06CFB0028F0D1206625B033
:10828400F0BD802D2A46304628BF802204F16401C7
:10829400FFF74AFB256ED7E7002800F0AE802DE9F2
:1082A400F04F1446A5B0002A3DD00F46002949D00E
:1082B400B2F5803F0546006E20D34FF6FF7805F1F6
:1082C400640AEB6D1A1AB2FBF3F103FB1122002AC4
:1082D40065D18342B9464FF6FF7672D0B6FBF3FB05
:1082E40003FB0BFBBBF1000F30D1002E45D1A4F5ED
:1082F4007F44FF3CB4F5803F4744E2D2EA6D161A4E
:10830400B6FBF2F302FB1366A64228BF2646002EF4
:1083140075D1824200F08D80B4FBF2F602FB06F6C2
:108324002EB9002C79D1002025B0BDE8F08F0023B0
:1083340031463846CDE9003302AA00F0A7F90028F7
:1083440000F09580012025B0BDE8F08F0023594648
:108354004846CDE9003302AA00F098F90028F1D18B
:108364005A46284602A900F0EBF90028EAD1A6EB08
:108374000B06286ED944002EB9D01930494632462E
:1083840005EB8000FFF7D0FAA4F57F44286EFF3C8C
:108394003044B4F5803F4744286692D2AEE7424564
:1083A40028BF4246164639465044FFF7BDFA286EA8
:1083B400EB6D3044834207EB06092866A8EB0606FA
:1083C4008CD1802B28BF802351461A4604A8FFF77E
:1083D400ABFA0023E96D02AACDE9003304A800F04A
:1083E40055F90028AED12846EA6D02A900F0A8F993
:1083F4000028A7D1EB6D286670E70120704705F1CE
:108404006403394632461844FFF78EFA286EEA6D43
:108414003044A41B374428667BE72B6E224619336D
:1084240005EB83003946FFF77FFA2B6E23442B6656
:1084340079E7802A28BF802205F1640104A8FFF7A8
:1084440073FA0023E96D04A8CDE9003302AA00F011
:108454001DF900287FF476AF2846EA6D02A900F0E2
:108464006FF900287FF46EAFEA6D286654E7324650
:10847400284602A900F064F900287FF463AF37446A
:10848400A41B4EE7F8B51C460546114816460F4690
:10849400FFF744FE21460E48FFF75AFE044620B17A
:1084A4000B48FFF74FFE2046F8BD3A4629460848D8
:1084B400FFF762FE04460028F2D131460448FFF774
:1084C40085FE04460248FFF73DFE2046F8BD00BF86
:1084D400BC1C00201C2370B582B001A90546019381
:1084E40000F032F8044638B9019B1C2B07D0144C19
:1084F4001C212846FFF71CFA204602B070BDD5E9BE
:108504000112131E18BF0123003918BF01210126CF
:1085140028689B00EA6843EA4103002818BF43F037
:108524000103EE612AB9C5E90834002BE4D1054CF6
:10853400DEE7204643F00803C5E9083402B070BD05
:10854400370CF0000E0CF000034618B111B10A68A4
:108554001C2A01D0012070474FF47F02D2F8101C6E
:1085640001310CBF40F2DC51D2F8101C4FF47F02F1
:108574000160D2F8141C01310CBF40F2DC51D2F876
:10858400141C4FF47F024160D2F8181C01310CBF57
:1085940040F63401D2F8181C4FF47F028160D2F8FF
:1085A4001C1C01310CBF40F63401D2F81C1C4FF4E2
:1085B4007F02C160D2F8001C01310CBF9021D2F8B7
:1085C400001C4FF47F020161D2F8041C01310CBF7E
:1085D4005121D2F8041C4FF47F024161D2F8081CE7
:1085E400002001310CBF40F23732D2F8082C9A61D6
:1085F400704700BF014608B54FF48060FFF712F9D9
:108604000022034BC3F8C821C3F82C2108BD00BFC6
:10861400005084500138072805D8DFE800F0100E18
:10862400040A0404040607487047CB6800204B6220
:1086340070478B6800204B6270474B68F6E70B6805
:10864400F4E700BF310CF1000B6802E0082B0B606B
:1086540006D8026A13424FEA4303F7D0002070475A
:1086640000487047310CF100002310B5064C4FF45C
:108674008060C4F82C31C4F8C431FFF7B9F84FF066
:10868400FF33C4F8083110BD005084502DE9F04187
:10869400002482B015461E4601220DF10703074649
:1086A400DDF824808DF8074000F05AFFD0B99DF81A
:1086B400073004462F602B71B8F1000F0ED04EB175
:1086C4000246089930460DF1070300F049FF48B906
:1086D4009DF80730C8F8006088F80430204602B0DE
:1086E400BDE8F0814FF47504204602B0BDE8F08186
:1086F400D8B108B50368012B04D0022B0FD043B1C5
:108704000B4808BD20220B490830FFF70DF9002063
:1087140008BD142208490830FFF706F9F7E72022BC
:1087240006490830FFF700F9F1E74FF4730070478A
:108734000100F30094E80000D4E80000B4E800006D
:108744002DE9F047002900F0EB800446002800F0F2
:10875400EB80036888469146002B00F0B580013B0E
:10876400012B00F2C9804FF0FF3171484FF0020A2B
:10877400FFF7F6F8002840F0B1800020FFF720F959
:108784000746002840F0B4806A4DD5F81069002EE1
:10879400FBD14FF0FF30FFF72BF8D5F8040A20F493
:1087A4000060FFF733F801230722C5F81838C5F82D
:1087B4002038C5F80029C5F8C437C5F8A466A36CE9
:1087C400C5F8CC37E36CC5F8D037C5F8C0A7236823
:1087D4005BB1013B012B18D8636AC5F85C36236A88
:1087E400C5F85836E369C5F85436A269514BC3F845
:1087F40050266269C3F84C262269C3F84826E26809
:10880400C3F84426A268C3F84026B9F1000F56D035
:1088140063684FF40060012B04BF464AC2F88436F3
:1088240098F80430D8F80010424A5B0003F00203C1
:10883400C2F80C3BC2F8281CC2F82C9CFEF7ECFFD3
:108844000746236863B1013B012B19D8394BD3F890
:108854005C266262D3F858262262D3F85436E36168
:10886400344BD3F85026A261D3F84C266261D3F876
:1088740048262261D3F84426E260D3F84036A36048
:10888400002201212B4BD3F8CC07A064D3F8D007E6
:10889400E064C3F8C417C3F88426C3F8C827C3F830
:1088A4001828C3F82028AFBB0120FFF789F868BB5C
:1088B4001F48FFF75DF818BB3846BDE8F08704226F
:1088C4001C4BC3F8C827BCE74FF0FF3118484FF0E2
:1088D400010AFFF745F800283FF44FAF1648FEF7AA
:1088E40017F90020FFF76CF8074600283FF44CAF57
:1088F4001248FEF70DF947E7114F3846BDE8F087F7
:108904001048FEF705F93846BDE8F0870E48FEF733
:10891400FFF8CDE7102104F10800FFF709F8C3E7D9
:108924000A4F3846BDE8F0874FF47307C4E700BF29
:10893400DC00002000508450C8E70000E0E700009D
:108944000100F30020E8000000E800000300F30049
:10895400A0B3034670B4D0E90240D3E9041226BAA6
:1089640005BA0CBA10BAC3E90440D3E90612986AEE
:1089740009BAC3E9026512BA996100BAD3E9084198
:1089840025BA0CBAC3E90725D3E90B12C3E9094098
:1089940009BAD86B12BAD962D3E90D4125BAC3E931
:1089A4000C250CBA00BAD3E9101209BA12BAC3E9F9
:1089B4000E40196400205A6470BC70474FF4730071
:1089C400704700BF70B500284DD0436B0446032B9D
:1089D4003CDD063B012B3BD8A36B012B3BD8E36D5D
:1089E400012B3DD8236E012B41D8224ED6F81059C5
:1089F400002DFBD14FF0FF30FEF7FAFED6F8040A43
:108A040020F40060FEF702FF0123C6F80039C6F81F
:108A1400BC54636B23F00402032A18BFA16B226BBE
:108A24000CBF294601F00101022A17D89B0003F06C
:108A34001C0343EA02330F4A0B43C2F8C034636B8E
:108A4400072B06D10123C2F87C3402E0002BC3DAE1
:108A5400094D284670BD094D284670BD084DF8E7FC
:108A6400084D284670BD4FF47105284670BD064D6B
:108A7400EFE700BF005084500100F1000200F10054
:108A84000600F1000300F1000400F10000287DD08D
:108A940038B590F83C300446002B55D0022B23D037
:108AA4003C483D4D2A683D4B1268C3F800242A68AF
:108AB4005268C3F804242A689268C3F808242A6810
:108AC400D268C3F80C242A681269C3F810242A68EF
:108AD4005269C3F814242A689269C3F818242A68CE
:108AE400D269C3F81C2438BD016B006C00F032FB62
:108AF400294D0028D6D12A68284B1268C3F80024CF
:108B04002A685268C3F804242A689268C3F80824BF
:108B14002A68D268C3F80C242A681269C3F810249E
:108B24002A685269C3F814242A689269C3F818247D
:108B34002A68D269C3F81C24216B206C00F020FB46
:108B44000028AFD1002038BD0269144BC3F80024BB
:108B54004269C3F804248269C3F80824C269C3F8CB
:108B64000C24026B013A012AECD8026AC3F81024DF
:108B7400426AC3F81424026B022AE3D1826AC3F85E
:108B84001824C26A0020C3F81C24DCE74FF47100E7
:108B9400704700BF0900F100C80000200050845055
:108BA400114A124B11680968C3F800141168496826
:108BB400C3F8041411688968C3F808141168C968F3
:108BC400C3F80C1411680969C3F8101411684969D1
:108BD400C3F8141411688969C3F818141268D269A7
:108BE400C3F81C24704700BFC80000200050845004
:108BF4002DE9F04F85B0002958D01746002A55D0EA
:108C04000446002800F0DC809846C36D0E46002B15
:108C140042D1B8F5805F44D294F83C30042B00F084
:108C2400C7804FF0000A4FF0FF31B548FEF798FEB9
:108C3400002840F0B9800020FEF7C2FE002840F072
:108C4400AF804FF00109DFF8BCB22046CBF8109892
:108C5400CBF82098FFF7B6FE054620B92046FFF76B
:108C640015FF054638B3BAF1000F40F085800022A5
:108C7400A44B0120C3F81028C3F82028FEF7A0FE57
:108C8400002840F089809E48FEF772FE00287CD1BF
:108C9400284605B0BDE8F08F012BBDD1B8F5803F63
:108CA400BAD3994D284605B0BDE8F08F974D2846B4
:108CB40005B0BDE8F08F636B072B00F2CA8009FA98
:108CC40003F919F08A0F40F0D38019F0440F40F0F3
:108CD400C28019F0010F00F0BC8033793A795B004F
:108CE40002F0010203F002031343864A3168386834
:108CF400C2F80C3B636B23F00403032B0AD0236EEE
:108D0400012B0BBFC2F8280DC2F8300DC2F82C8D10
:108D1400C2F8348DE36D4FF40060012B794B0BBF27
:108D2400C3F8281CC3F8301CC3F82C8CC3F8348C4B
:108D3400FEF772FD0546002895D1626B072A15D807
:108D44000123934013F08A0F40F09F8013F0440FE7
:108D54000CD06C4BD3F860242260D3F86424626096
:108D6400D3F86824A260D3F86C34E3600123A365CC
:108D7400BAF1000F3FF47BAF0423202104F110006B
:108D840084F83C30FEF7D4FD71E76148FDF7C0FE7E
:108D9400284605B0BDE8F08F5E48FDF7B9FE72E7DE
:108DA4005D48FDF7B5FE4CE75C48FDF7B1FE42E7D0
:108DB400216B206C00F0B8F928B14FF0010A32E7BA
:108DC4004FF4710564E7DFF858914E4DD9F800303F
:108DD4001B68C5F80034D9F800305B68C5F8043462
:108DE400D9F800309B68C5F80834D9F80030DB683E
:108DF400C5F80C34D9F800301B69C5F81034D9F81B
:108E040000305B69C5F81434D9F800309B69C5F8A3
:108E14001834D9F80030DB69C5F81C34216B0229F9
:108E2400CBD8236D4FEAC10A0193E36C0AF1100A0F
:108E340004F1100B0093CDF80CA0CDF808B0206C11
:108E4400D4E9112300F09CFA68BB002384F83C3079
:108E5400B3E7344D07E72368CBF860346368CBF895
:108E64006434A368CBF86834E368CBF86C3434E733
:108E74002368CBF840346368CBF84434A368CBF858
:108E84004834E368CBF84C3427E71E4BD3F840242E
:108E94002260D3F844246260D3F84824A260D3F853
:108EA4004C34E36062E7D9F8003051461B685846F9
:108EB400C5F80034D9F800305B68C5F80434D9F833
:108EC40000309B68C5F80834D9F80030DB68C5F871
:108ED4000C34D9F800301B69C5F81034D9F80030C7
:108EE4005B69C5F81434D9F800309B69C5F81834A7
:108EF400D9F80030DB69C5F81C34FEF719FDA4E786
:108F0400DC000020005084500500F1000B00F1004B
:108F140020E8000000E80000E0E70000C8E70000E7
:108F2400C80000200100F1002DE9F04701B3FAB1B7
:108F34000446002854D01D46436B0E46072B1BD015
:108F44005DB9032B10D1836D73B945668566C5661B
:108F54000567102500F164030B602B46314620465B
:108F6400BDE8F047FFF744BE2F463846BDE8F0871A
:108F7400644F3846BDE8F087C36DA3BBB5F5805F89
:108F840036D20DB9A36D9BBB4FF0FF315E48FEF79F
:108F9400E7FC00284CD10020FEF712FD002843D145
:108FA4004FF00108DFF864912046C9F81088C9F829
:108FB4002088FFF707FD0746E0B10022534B01204C
:108FC400C3F81028C3F82028FEF7FAFC40BB4E482B
:108FD400FEF7CEFC0028C8D04D48FDF799FDC4E744
:108FE4004FF47107C1E7012BCBD1B5F5803FC8D34E
:108FF400484FBAE72046FFF749FD07460028DCD171
:10900400636B072B0AD808FA03F818F08A0F13D1F8
:1090140018F0440F5AD118F0010F19D13E4FCCE784
:109024003E48FDF775FDD2E73D48FDF771FDB7E712
:109034003C48FDF76DFDAEE72368C9F8403463682A
:10904400C9F84434A368C9F84834E368C9F84C340F
:1090540001212E4AC2F87C14C2F8BC54337930681A
:109064008B4003F00203C2F80C3BE5B9A36D0BB9C6
:10907400C2F82415626B072A9FD80123934013F08A
:109084008A0F30D113F0440F97D0204BD3F86024CB
:109094002260D3F864246260D3F86824A260D3F811
:1090A4006C34E36089E7E36D012B0BBFC2F8280C35
:1090B400C2F8300CC2F82C5CC2F8345C4FF4006087
:1090C400FEF7AAFB0028D5D0074676E72368C9F83F
:1090D40060346368C9F86434A368C9F86834E36821
:1090E400C9F86C34B4E7094BD3F840242260D3F8B0
:1090F40044246260D3F84824A260D3F84C34E3607B
:109104005BE700BF0B00F100DC000020005084503E
:1091140020E800000500F1000100F10000E8000073
:10912400E0E70000C8E700007F2809D851B1013901
:10913400022909D805497F280CBF0846002070473A
:109144000248704708467047014870470100F7001D
:109154000300F7007F2809D851B10139022909D841
:1091640005497F280CBF0846002070470248704715
:1091740008467047014870470100F7000300F700F4
:109184000129F0B407D0022900F0898000295AD0BF
:109194007248F0BC70470022714C724B4FEAC00C0D
:1091A400C4F80015451C0CF57F04C3F8082104F528
:1091B4000444C3F80021C3F80421C3F800556A4EDF
:1091C4002468B44240F0B380196002E0002940F002
:1091D400B580D3F80021D3F80841D3F80411224311
:1091E400F4D0002C40F0B180002940F0A780012485
:1091F4005B4AC3F800150230C2F800455B4AC3F865
:109204000811C3F80011C3F80411C3F8000552F89B
:109214000C00574A904240F08E80524A1C6002E093
:10922400002840F08B80D2F80031D2F80811D2F82F
:1092340004010B43F4D0002940F08C8000287DD138
:10924400C2F8000528E00124464BC200444E2044E5
:1092540002F57F02C6F8004502F50442C3F808117E
:10926400C3F80011C3F80411C3F800053E4D126899
:10927400AA4260D11C6001E000285FD1D3F800212C
:10928400D3F80811D3F804010A43F5D000295CD1BE
:10929400002853D1C3F800050020F0BC7047012515
:1092A4000022304B2E4F4FEAC00C44190CF57F01BD
:1092B400C7F8005501F50441C3F80821C3F800219B
:1092C400C3F80421C3F80045274E0968B1422ED1E2
:1092D4001D6000E091BBD3F80021D3F80841D3F816
:1092E40004112243F6D084BB41BB01241C4AC3F8B9
:1092F40000150230C2F800451C4AC3F80811C3F82F
:109304000011C3F80411C3F8000552F80C00184A00
:10931400904210D1134A1C6000E078B9D2F80031B1
:10932400D2F80811D2F804010B43F6D083E7C3F84E
:10933400002510482DE7C3F80015FAE70022094B71
:109344000D48C3F80025F0BC70470022C3F800257F
:109354000A481EE70023C2F80035F9E70C00F100C3
:109364000040845000900350005484500884FF004F
:10937400105484500600F7000200F7000100F700C3
:109384002DE9F0470024CCB0824689461646214692
:1093940074220EA81F46579DDDF8588104F07DF80D
:1093A400802221462CA82B9404F077F88423B5F569
:1093B4007F6FCDE90A440D940C94059364D8FFF7AC
:1093C400EFFB05AB30462BAE01933946DDE9542360
:1093D4000295009600F064F8002850D10223072279
:1093E4008DF813309DF813301B928DF874300022E1
:1093F4000123012410211C900EA8CDE92423CDF8CB
:109404006890CDF878A02694FEF792FA10220DF118
:1094140020090092304605990AABCDF8049006AABB
:10942400FFF734F9074688B11EE0102D2E4628BFF9
:1094340010260EA93246FEF777FA10210EA8FEF781
:1094440077FA0134AD1B3744E4B222D0059B4A4677
:1094540006A90EA88DF8AC40FFF766FD034608EB9D
:109464000700002BE1D01F460EA874220021FEF74E
:109474005DFAFFF795FB38464CB0BDE8F087064F20
:1094840038464CB0BDE8F087044F38464CB0BDE8D0
:10949400F0872F46E8E700BF0E00F1000F00F1004F
:1094A4002DE9F041002482B00A9D0194B5F57F6F47
:1094B40040D8ED00B5F5807F1E4634BF0323042356
:1094C40001F1FF3CBCF13F0F0C46009332D888B346
:1094D400174666BB089A6AB3099A116851B3A21970
:1094E4001344994226D3089B01462246581CFEF792
:1094F4001BFA089B04F102081C440023637026BB7A
:10950400089BFF2D009503EB080017D92B029BB293
:1095140043EA1523022201A90193FEF705FA08F193
:1095240002030020099A136002B0BDE8F0810AB179
:10953400402ECFD9094802B0BDE8F0810122694626
:10954400FEF7F2F908F10103EBE7089B324603EB5F
:1095540008003946FEF7E8F9B044D1E70600008078
:1095640000201870704700BF0CB430B589B00546B0
:109574000C461C22002101A803F08FFF022305954D
:109584008DF806300D4B029323462CB1B4F1004FF5
:1095940028BF4FF00043013B1D440DAA0C9901A8BC
:1095A4000695009200F00CF814B1059B00221A7085
:1095B40009B0BDE8304002B0704700BF93D5000049
:1095C4002DE9F04F43688DB01546804602938378A9
:1095D4009A0740F10D8100240E78002E00F00A81D4
:1095E400252E0BD04B1C0393013441463046029B7D
:1095F40098470028C0F2F6800399EDE74E788B1C5B
:10960400252E0393F0D00027B946BB46BBF11F0FAC
:1096140038D8A6F12003102B0AD8DFE803F02A0972
:1096240009300909092109090928092D09091F0017
:10963400A6F13003092B33D92A2E37D11BF0400F62
:1096440055F8043B40F08280002BA7BF4BF0200B61
:109654009946C3F100094BF0280B01E04BF0010BD4
:10966400039B13F8016B0393002ECFD130E04BF032
:10967400020B4BF0040BF3E74BF0080BF0E74BF055
:10968400100BEDE7BBF17F0F19D8A6F13003092BBE
:10969400D2D81BF0400F03D00A2101FB0737DFE7C4
:1096A4000A214BF0200B01FB0939D9E72E2E06D1F4
:1096B4001BF0400F40F09E804BF0400BD0E76C2E27
:1096C40031D02BD8682E36D06A2E3CD04C2E3AD0CE
:1096D400002F46F02003B8BF2BF04002A3F1650130
:1096E400BCBF00271FFA82FB022901D9612B2FD1AD
:1096F40007350727DFF8ACA225F0070508351BF06E
:10970400080F66D00AEB070B56465E4563D1A4EBFF
:109714000A0AA9EB070906EB0A026FE1742E9FD02F
:109724007A2E9DD0D4E71BF0800F18BF4BF4007B3A
:109734004BF0800B94E71BF4807F18BF4BF4007B45
:109744004BF4807B8CE74BF4207B89E71F4687E74B
:10975400A6F16301122900F2F080DFE811F0130092
:109764004F00EE00EE00EE00EE004F00EE00EE00C3
:10977400EE00EE00EE00FE00E900EE00EE001B003D
:10978400EE00AF0055F8043B01270DF1180A8DF8DF
:109794001830B4E755F804AB834BBAF1000F08BF97
:1097A4009A461BF0400F504614BF39464FF0FF3124
:1097B40003F08BFE0746A2E741462020029B984710
:1097C40000280FDB013EB742F6D34C44B146A41B3C
:1097D40098E74E46F7E7414616F8010B029B984777
:1097E400002892DA98F8023043F0040388F8023033
:1097F4004FF0FF3420460DB0BDE8F08F1BF0800F12
:1098040034D01BF4007F2CD0073525F00705AA4679
:1098140069685AF8080B2BF010050029ADB237DA45
:10982400404245F4806561EB41010DF1180B0A23B8
:109834005A4603F056FEA0EB0B0301936B0662D568
:10984400019B25F001019F4289B240F3A180002EC3
:1098540000F0998015F0100240F09C80BB460D4644
:1098640023E0AA465AF8040BC117D4E7AA461BF40E
:10987400807F5AF8041B01D10846F5E71BF4007FEA
:1098840019BF48B241F3C01108B241F3C031C2E775
:1098940050EA0103C9D11BF0400FC6D0002FC4D138
:1098A4002BF01102BB46019795B240F2064115EA2E
:1098B40001021CBF0BF1010B00222CE02BF0100263
:1098C4000A231FFA82FB1BF0800C49D01BF40071A1
:1098D40015BF0735AA4625F007055AF8040B1EBF25
:1098E400AA4669685AF8080B50EA010545D12BF0DD
:1098F40016051BF0400FADB242D0002F40D12BF023
:109904001702019795B215F0100248D0019B002E62
:1099140042D103F1010B29075AD4EB0706D5D945E7
:109924006FDDA9EB0B030199CB465F185B4649E059
:109934004BF0100B10237826C5E7782B04D1C6F121
:10994400780343F01003BEE741462520029B984765
:109954000028FFF647AF023447E608230026B2E7A3
:10996400AA461BF480715AF8040BBDD01BF4007195
:109974001ABFC0B2614680B2B6E72BF0060295B2B8
:109984000DF1180B54E725F01105BB46ADB28CE779
:109994000D46B8E73B460D4603F1020BBBE7DDF885
:1099A40004B082E7F0E90000E9E90000CDE90432FF
:1099B40041462020029B98470028FFF613AF049BE2
:1099C400059A01339945F1DCA4EB0B019B46CC18B5
:1099D4000AB341463020029B98470028FFF602AFA5
:1099E4008EB901342744391B019B994224DC1D465E
:1099F40055BB019AA9EB0B095546224414469144E0
:109A040033E0019F92E7023441463046029B984777
:109A14000028E7DAE6E640F206410D42E2D015F00E
:109A2400020F04F10104414614BF2B20202015F439
:109A3400806F18BF2D20E9E741463020029B013496
:109A440098470028CFDACDE606AB013D4146585D84
:109A5400029B98470028CBDAC4E641462020029BAB
:109A6400013498470028FFF6BDAEA9EB0403002B90
:109A7400F3DCC1E5704708B5034600681B79012192
:109A8400994083685B69984708BD08B520EAE0708F
:109A9400C117C90341EA5041C00340F2E733C0187B
:109AA4004FF47A724FF0000341F10001F6F750FBD6
:109AB40003F0AFFB08BD10B5044603F04DFC8E4621
:109AC4004A0142EAD06243011B1A62EB010292008E
:109AD40042EA93729B001B1842EB0101C90041EA60
:109AE4005371C3F3103343EA4143C90B20686268DE
:109AF400181A2360616061EB020110BD38B513468A
:109B04008568046912F4801F07D012F4402F04D032
:109B140012F0010F01D082F4402323F4801213F0D9
:109B2400010F0AD023684FF0010C0CFA01FC43EA40
:109B34000C0323602B68984738BD23684FF0010C51
:109B44000CFA01FC23EA0C032360F3E708B503468F
:109B54008C4600681979DA8842EA0C02FFF7CEFFD6
:109B640008BD08B532B1012303FA01F18368DB684B
:109B7400984708BD012303FA01F183681B699847DC
:109B8400F7E710B503691C6801238B401C4202D01F
:109B9400B2FA82F25209FFF7E4FF10BD00EBC101F3
:109BA4008368B3F5004F0AD322B14B6843F0010335
:109BB4004B6070474B6823F001034B60704722B140
:109BC4004B8843F001034B8070474B8823F001031B
:109BD4004B807047C9008368B3F5004F03D3082353
:109BE4001944084470470423FAE710B400EBC10C8D
:109BF4008468B4F5004F19D3DCF80C30994218D0BE
:109C0400B4F5004F21D3DCF80810043240F82230B8
:109C140000EBC102B4F5004F1AD3D36000EBC303C9
:109C24008268B2F5004F15D399600CE0BCF8063099
:109C3400E4E7C3680121914023EA0103C3600432CD
:109C4400002340F8223010BC7047BCF80410DCE755
:109C5400D380E3E79980F6E7131D50F82330DBB98E
:109C6400C3684FF0010C0CFA02FC43EA0C03C36016
:109C7400043240F8221000EBC1038268B2F5004FB1
:109C840006D399608268B2F5004F03D3D960704758
:109C94009980F7E7D980704710B500EBC30C84684E
:109CA400B4F5004F1CD3DCF8082000EBC10EB4F56A
:109CB400004F18D3CEF808208468B4F5004F15D3AC
:109CC400CEF80C3000EBC2028368B3F5004F10D31A
:109CD400D1608368B3F5004F0DD3CCF8081010BDE4
:109CE400BCF80420E1E7AEF80420E5E7AEF806305E
:109CF400E8E7D180EDE7ACF80410F0E730B400EB0E
:109D0400C10C8468B4F5004F29D3DCF80450531A0D
:109D1400891A01EB55015D00B4F5004F22D3CCF84C
:109D240004504C0000EBC20C8568B5F5004F1CD301
:109D3400CCF804408468B4F5004F19D340F83230AD
:109D44008368B3F5004F16D3DCF8044002EB5402E9
:109D5400B3F5004F12D340F8321030BC7047BCF852
:109D64000250D4E7ACF80250DBE7ACF80240E1E77C
:109D740020F83230E4E7BCF80240E7E720F832107C
:109D8400EBE730B400EBC1018468B4F5004F1ED397
:109D94004B685B0800EBC20CB4F5004F19D3DCF838
:109DA400045003EB55035D00B4F5004F14D34D602C
:109DB4008168B1F5004F11D3DCF8044002EB540282
:109DC400B1F5004F0DD340F8323030BC70474B88AA
:109DD400DFE7BCF80250E4E74D80E9E7BCF8024055
:109DE400ECE720F83230F0E78368B3F5004F04D392
:109DF4000823C91A081AC00870470423F9E708B5EC
:109E04008368B3F5004F07D300EBC10252685208D0
:109E1400012A02D0002200E00022A2B900EBC10214
:109E2400B3F5004F10D352685208B3F5004F0DD369
:109E340008230833A2EBD3020132B2FA82F2C2F150
:109E44001F02FFF7D2FE08BD5288EDE70423F0E7B6
:109E540008B58368B3F5004F07D300EBC10252681D
:109E64005208012A02D0002200E00022A2B900EB2D
:109E7400C102B3F5004F10D352685208B3F5004F36
:109E84000DD308230833A2EBD3020132B2FA82F2D3
:109E9400C2F11F02FFF7E0FE08BD5288EDE704237C
:109EA400F0E7F8B504460D46CE0000EBC107836821
:109EB400B3F5004F1FD3796805EB510104EBC102E0
:109EC400B3F5004F19D3536813F0010F17D0A368EB
:109ED400B3F5004F24D3A159691A04EBC102B3F5B9
:109EE400004F1FD3536813F0010F1DD0294620469D
:109EF400FFF7AEFFF8BD7988DEE75388E4E7204634
:109F0400FFF77DFFA368B3F5004F07D37A6805EB2D
:109F1400520229462046FFF734FFD8E77A88F6E74D
:109F2400A15BD9E75388DEE72046FFF768FFA36803
:109F3400B3F5004F0CD3A1592A46691A2046FFF7FE
:109F440020FFA368B3F5004F04D3A359ED1ACDE75E
:109F5400A15BF1E7A35BF9E7F8B58568B5F5004FB8
:109F640010D308230833A1EBD3030133B3FA83F3EB
:109F7400C3F11F02C3F1230450F8246046B34FF029
:109F8400030C12E00423EDE7BEF8027017E021464B
:109F9400FFF72BFE24E0BEF80640171D40F82740CB
:109FA400BCF1010C14D0A64212D0141D50F8244068
:109FB40000EBC40EB5F5004FE6D3DEF80470B1EB48
:109FC400570FE4D9B5F5004FE5D3DEF80C40E4E7CC
:109FD400C468C3F12002012393405B421C4001D1B9
:109FE4002046F8BD94FAA4F2B2FA82F2131D50F896
:109FF40023402146FFF7F9FDF2E779B138B505684A
:10A004002846FFF7F1FE0446002201462846FFF7E2
:10A01400C5FD21462846FFF744FF38BD704770B59B
:10A024000568A1B30B46AA68B2EBD10F31D9B2F5DA
:10A03400004F1DD308229C180734E4082146284603
:10A04400FFF78AFF064630B305EBC003AA68B2F5F2
:10A05400004F0FD35B68B4EB530F0DD3012231468D
:10A064002846FFF79BFD31462846FFF7B3FD70BD38
:10A074000422E0E75B88EEE7344422463146284672
:10A08400FFF73CFE21462846FFF7E2FEE6E7002004
:10A09400EDE70020EBE70020E9E708B51146FFF7FC
:10A0A400BEFF08BDF8B5B2F5802F23D30823D21A1A
:10A0B400CC1D24F0070401EB020C2CF0070CACEBD4
:10A0C400040C4FEADC010460A1600023E360BCF5EA
:10A0D400802F11D308230833A1EBD3030133B3FA40
:10A0E40083F3C3F1200EC3F124039B00DE1DF508A6
:10A0F400002308E00423DAE70423ECE71A1D002018
:10A1040044F8220001337345F8DB6B00BCF5802F63
:10A1140032D36360BCF5802F30D300232360BCF5B9
:10A12400802F2ED3636843F0010363604A1B5700FA
:10A1340026F00703E018BCF5802F27D34760A068FA
:10A14400B0F5004F24D3E5502CF00703A444A068D5
:10A15400B0F5004F1ED30020CCF80400A068B0F581
:10A16400004F1BD3E25001222046FFF717FD29467A
:10A174002046FFF76DFEF8BD6380CBE70023238004
:10A18400CDE7638843F001036380CFE74780D6E7D8
:10A19400E552D9E70020ACF80200DFE7E252E2E73B
:10A1A40010B50C4611461A46029BA04710BD403814
:10A1B400C0B23A288CBF002001207047F8B506468B
:10A1C40003784578847804EB83040444002706E08C
:10A1D40001342046F5F7D6FF013004440137AF427D
:10A1E400F6D3A01BF8BD70B5144668B10D461946E8
:10A1F40006462BB91046F5F7C5FF83B2013399B271
:10A204002A462046B04770BD1046F5F7BBFF013023
:10A21400F9E75BB32DE9F04782B0074688469146DB
:10A224001D461A785E789C78DB7804EB820404EB94
:10A2340043042C444FF0000A0AE014F8013B45F8AB
:10A2440023402046F5F79EFF013004440AF1010A39
:10A25400B245F2D305F1080300936B684A464146C0
:10A264003846FFF79DFF02B0BDE8F0876FF0150098
:10A2740070472DE9F0410446884600273E4607E032
:10A28400702D18D02846FFF792FFB8B9252D0ED0AF
:10A2940014F8015B75B1002EF8D04745F0D028467C
:10A2A400FFF785FF0028F1D001370026EEE786F09E
:10A2B4000106EDE700263046BDE8F0810026FAE706
:10A2C4000020704708B500F0D4FC08BD0FB400B5F9
:10A2D40083B004A951F8040B0191FFF7F3FF03B015
:10A2E4005DF804EB04B07047036913F0080F08D15C
:10A2F400C3680268934207D8436A9B1A0B60012023
:10A3040070470020086070479B1A0B60002070475C
:10A31400036913F0080F07D1826843689A4203D88F
:10A324009B1A0B6000207047436A82689B1A0B607B
:10A334000120704710B582B0044601A9FFF7D4FF8D
:10A3440020B1E368019A1344013B0193606A019BC5
:10A35400C01A013802B010BD38B5036913F0040FF8
:10A3640000D138BD0446856AFFF7E4FF854202D96F
:10A37400A06AA062F5E72046FFF7DCFFF9E7C368AF
:10A384001944036913F0010F04D1426A914204D3C2
:10A39400891A02E0426A013A1140C16023F00803BD
:10A3A4000361704710B400236FF3000343F002030A
:10A3B40061F39F03026A046842F8243003680B4483
:10A3C400026912F0010F04D1446AA34204D31B1B97
:10A3D40002E0446A013C23400360C4689C420AD002
:10A3E40043681944036913F0010F08D1436A994281
:10A3F40008D3C91A06E042F008020261F0E7436A92
:10A40400013B1940416010BC70472DE9F04F83B007
:10A414000446019117469846056AC66805EB860B03
:10A4240015F8263003F00303022B24D00021002367
:10A434003B60C8F8003019BB236913F0020F75D0D4
:10A44400E36958469847824615F8269019F00109A1
:10A454006ED015F8263013F0020F3BD0019BBBB928
:10A4640062685244236913F0010016D1616A8A427A
:10A4740016D3521A14E055F82610C1F39D01D6E7FD
:10A484002046FFF77CFFE368A3604FF001094FE02B
:10A4940019462046FFF786FFE2E7616A01390A4060
:10A4A4006260E168A268914206D0A2682260E2601C
:10A4B40043F0080323613BE0524420B9616A8A42B5
:10A4C40004D3521A02E0616A01390A40A2604FF0D3
:10A4D4000009EAE701462046FFF751FFE368A3605D
:10A4E400019B23B1236A2268002143F82210019BB7
:10A4F4005344C8F8003022681344226912F0010F53
:10A5040004D1616A8B4204D35B1A02E0616A0139A7
:10A514000B40236042F00802226115F826306FF3E5
:10A52400000305F82630C7F800B001E04FF0000939
:10A53400484603B0BDE8F08F30B45318046914F0F2
:10A54400010F04D1456AAB4204D35B1B02E0456AA8
:10A55400013D2B4005689D4214D000236FF3000396
:10A5640043F0020362F39F03046A44F82130436812
:10A574001344026912F0010F09D1426A934209D3CC
:10A584009B1A07E0016024F00804046103E0426AB6
:10A59400013A1340436030BC704738B504460D4659
:10A5A4002022002102F079FFEB68E361AB68A3612C
:10A5B4002B6823626B6863620022A2622A692261AB
:10A5C4002BB1591E0B4202D142F00102226104F167
:10A5D4002C000122002102F099FC38BD2DE9F04F36
:10A5E40087B09A46002305930393436A8B42C0F0D5
:10A5F40089800446894693460023019301260093EB
:10A6040041E001992046FFF797FF0023039345E0BB
:10A61400236A226803EB8201009113F822106FF37E
:10A62400000103F82210C9B26FF3410103F82210AC
:10A6340023684B44226912F0010F04D1616A8B42F2
:10A6440004D35B1A02E0616A01390B402360E168BC
:10A65400994201D0002608E042F008022261002657
:10A6640003E02046FFF79EFE2E4688F31188BFF3D1
:10A674006F8F059929B1A3690BB120469847002330
:10A684000593002E40D0EFF31187202383F3128823
:10A69400BFF36F8FB846039A002AB2D104A92046AB
:10A6A400FFF722FE054604994945B1D20028D8D1C6
:10A6B4005AEA0B030BD1002ED7D02368019303ABC6
:10A6C40005AA04992046FFF7A0FE0646CDE702F04E
:10A6D40041FC0028EFD1002FEDD187F31188BFF39F
:10A6E4006F8F04F12C005A465346FBF7EDFAEFF353
:10A6F4001188202383F31288BFF36F8FB0FA80F69A
:10A704007609B2E700230093009807B0BDE8F08F04
:10A7140070B504460D46C36908469847EFF31186A1
:10A72400202383F31288BFF36F8F2B7843F0010348
:10A734002B7063681844236913F0010F04D1636A12
:10A74400984204D3C01A02E0636A013B1840606077
:10A754002046FFF701FE86F31188BFF36F8F70BDAB
:10A76400F0B583B004462EE053F8220080084DD1A2
:10A7740043E0626A013A1340A3602046FFF7FFFDFD
:10A7840001231BE013F8221041F0020103F8221008
:10A79400A768E369304698473844236913F0010FEA
:10A7A40004D1636A984204D3C01A02E0636A013B8D
:10A7B4001840A060002301E000231E4685F31188A1
:10A7C400BFF36F8F8BB3EFF31185202383F31288CC
:10A7D400BFF36F8F01A92046FFF79AFD236AA26891
:10A7E40003EB820601990029E6D013F8221011F038
:10A7F400030117D00229B7D0002013F8221011F05A
:10A80400010FBFD110B9E36930469847A3680146E8
:10A814000344226912F0010FABD1626A9342ABD3B5
:10A824009B1AA9E700231E46C8E7304603B0F0BDD3
:10A8340070B504460D46C369084698470146EFF3D0
:10A844001186202383F31288BFF36F8F2B786FF365
:10A8540000032B70236913F0020F0AD0236AE26805
:10A8640003EB8203AB4204D02B6860F39F032B609D
:10A874000AE02B786FF341032B70E268A3689A42D5
:10A884000BD02046FFF77BFD86F31188BFF36F8F53
:10A8940004F12C00FBF7D4F970BD0B44226912F0CB
:10A8A400010F04D1626A934204D39B1A02E0626AE4
:10A8B400013A1340A360E4E710B582B0EFF31184CA
:10A8C400202383F31288BFF36F8F01A9FFF720FDC4
:10A8D40084F31188BFF36F8F0198003818BF0120EB
:10A8E40002B010BD01F00701838B23F007030B4373
:10A8F400838370472DE9F04106460F4690468168F0
:10A9040021B10C683CB131B90C4604E00C4602E0BC
:10A91400234621461C4669B14D6843463A463046B3
:10A92400A847002CF4D02368002BF2D0002CF0D1DF
:10A934002346EEE7BDE8F081838B13F0070303D1D0
:10A9440002680AB103207047022B03D0012B06D002
:10A9540000207047C28B002AF8D104207047036896
:10A964000BB1052070470020704710B504468C4693
:10A97400838B002A07DB03F007035A1F012A0ED931
:10A98400042B36D010BDD0E900018CE8030000236D
:10A994002360636001212046FFF7A4FFF2E7D0E9BA
:10A9A40000018CE80300002222606260062B1BD1A8
:10A9B400DCF8003053B1E28B0132E2831A461B68A3
:10A9C400002BF7D0002AF5D11346F3E702212046E5
:10A9D400FFF788FF2046FFF7AFFF0028D2D0A38BF4
:10A9E40043F02003A383CDE700212046FFF77AFF3D
:10A9F400F0E70021FFF776FF2046FFF79DFF0028D0
:10AA0400C0D0A38B43F02003A383BBE750B110B5A0
:10AA14000C4651B1081D00F0C1F810B9A368032B0E
:10AA240006D810BD6FF0150070476FF01500F8E7F9
:10AA34006FF01500F5E72DE9F04107460C46164680
:10AA44001D461946201D00F0C0F828B180462B464B
:10AA5400324621463846C047BDE8F0812DE9F04131
:10AA640080460C4617461E4604E033463A464046A6
:10AA7400FFF7E1FF216831B10D68256063688B42FF
:10AA8400F3D16560F1E7BDE8F08108B5EFF3118219
:10AA94004FF0200C8CF31288BFF36F8F816101217A
:10AAA400F6F714FC08BD70B138B50C46054669B11B
:10AAB4000B6873B14B687BB12022002102F0EDFCDE
:10AAC4002C61002038BD6FF0150070476FF0150041
:10AAD400F8E76FF01500F5E76FF01500F2E770B5D1
:10AAE40005460E46FFF792FF041E2EDBEFF311829C
:10AAF400202383F31288BFF36F8FB5F81CC00CF0CA
:10AB0400070CEB8B4FF6FF718B422CD06446BCF1E3
:10AB1400020F08D0BCF1060F19D8DFE80CF01E189C
:10AB240018181E2A1E000133EB8301230021084656
:10AB340028B100203060686808B306606E6009BB05
:10AB440082F31188BFF36F8F0BBB204670BD6FF08B
:10AB54000404002319461846EAE7BCFA8CF14909B3
:10AB640000230120E4E76FF00A0400231946184685
:10AB7400DEE76FF08504002319461846D8E76E60B7
:10AB84002E60DCE702212846F6F7A0FBDDE7002370
:10AB9400624631462846FFF74EFFD6E7024658B1D3
:10ABA400436803F00303012B03D0032B07D103688D
:10ABB40043B10020906070476FF0150070476FF04C
:10ABC400150070476FF0150070470346426802F0A5
:10ABD40003028160032A03D1006800225A6070478F
:10ABE4000020FAE77047037813F0040F01D0002027
:10ABF40070470368C3F34A2000EB1350173020F06A
:10AC040007008008704710B504460368DB6803B189
:10AC14009847636801229A7110BD00207047012093
:10AC2400704708B501F072FB08BD08B520EAE07072
:10AC3400C117C90341EA5041C00340F2E733C018C9
:10AC44004FF47A724FF0000341F10001F5F780FAF6
:10AC540002F0DFFA08BD08B500220023FFF7BEFCAE
:10AC640008BD08B5FFF7E4FD08BD08B5FFF724FEED
:10AC740008BD00B585B003910290002001900090BA
:10AC8400034602460146F6F78BFF05B05DF804FB68
:10AC940008B50120F6F7F0FC08BD08B5F6F780FD0D
:10ACA40008BD08B5FFF734FDF6F714FE08BD002013
:10ACB400704708B54368DA71436819604368012234
:10ACC4005A71F6F7C9FC08BD70B5536896689B1BAA
:10ACD4008B420CD30C46154613680A460146981954
:10ACE40002F0B4FBAB682344AB60204670BD6FF048
:10ACF4001B00FBE770B588B10E461446194605469D
:10AD040033B11030C2F34A23120D184402F09EFBF3
:10AD14002C606E602846F6F71BFE70BDF6F7ACFC9F
:10AD2400FBE72DE9F04383B006460F4615461C4663
:10AD340003F101094FEA890808F1170020F0070020
:10AD44008008F6F725FD002201928DF8049068B181
:10AD540000F1140C019B0361964605E055F82E3072
:10AD64004CF8043B0EF1010EA645F7D3002267F31D
:10AD7400881268F3532200233146FFF7BBFF03B068
:10AD8400BDE8F08300B583B00192012301AAFFF767
:10AD9400C8FF03B05DF804FB00B583B000920193D3
:10ADA40002236A46FFF7BDFF03B05DF804FB08B554
:10ADB400F6F74AFE08BD2DE9F0418046076885682C
:10ADC40043681C685E6805E0324621462846B84759
:10ADD400241A0544002CF7D1D8F8043000221A6054
:10ADE400BDE8F08138B505460C464B681A68CB6857
:10ADF4009A420BD06368D3E8EF2F511CC3E8E01FDD
:10AE04000028F8D1A3689D54002038BD0846FFF7F8
:10AE1400D2FFEFE738B504460D460A2805D0294687
:10AE24002046FFF7DFFF002038BD0D20FFF7DAFFD3
:10AE3400F5E708B513460122F6F76CFF08BD08B51F
:10AE440013460022F6F766FF08BD38B505460C46E2
:10AE540001F00101FFF7F3FF21462846F6F7ECFF66
:10AE640038BD2DE9F04383B080460E4615461F4693
:10AE7400DDF828902C46102D28BF1024CDF8009022
:10AE84003B46224631464046F6F7EAFF26442D1B50
:10AE9400F0D103B0BDE8F0832DE9F04387B0064656
:10AEA4000C469046D1F808900F88C7F382170878AB
:10AEB400C0F3C2050846F6F7C9FE011E1ADA0023DC
:10AEC400214651F8105BC5F34A256288C2F30B1280
:10AED400481905B90021CDF8148004920390029119
:10AEE40001970022009249463046F7F71BF807B055
:10AEF400BDE8F0832846F6F781FD0346E0E72DE937
:10AF0400F04180460768856843681C685E6805E010
:10AF1400324621462846B847241A0544002CF7D166
:10AF2400D8F8043000221A60BDE8F08143681B6839
:10AF34005B6819610020704743681B681A6852688F
:10AF44005360704708B543681B685A68012111753E
:10AF54001868FFF7D4FF08BD08B543681B68186874
:10AF6400F7F724F808BD38B50C4643681D686B68CC
:10AF74001869F6F759FB03460F22214628689847BB
:10AF840038BDFEE708B501460068F7F765FA08BD65
:10AF940008B5F7F77DFAF7F7A7FA08BD0020704760
:10AFA40008B500231370CB1E092B1AD8DFE803F071
:10AFB40005090D111919191919141146F7F7EAFCA5
:10AFC40008BD0021F7F7D4FBFAE70021F7F75AFC94
:10AFD400F6E7F7F7DBFAF3E71146F7F74FFB002044
:10AFE400EEE7F7F759FB0020EAE708B540B2F7F7B8
:10AFF40069FE08BD08B5013140B2F7F771FE08BD1E
:10B0040008B500210120F7F727FA08BDD0F89430DD
:10B0140083F30B88704761B662B680F31188BFF37F
:10B024006F8F704708B572B6002383F31188BFF39E
:10B034006F8F00F03EF950B1BFF34F8F30BF00BFA8
:10B0440000BF00BF00BF00BF00BF00BF00BF62B6AB
:10B05400BFF36F8F08BD10B5044672B6002383F3A7
:10B064001188BFF36F8F00F024F950B1BFF34F8FF5
:10B0740020BF00BF00BF00BF00BF00BF00BF00BFB4
:10B0840000BF84F31188BFF36F8F62B610BD30B474
:10B09400D1E90045D0E90001201A002130BC7047F5
:10B0A40038B54A0142EAD06243011B1A62EB01023D
:10B0B400920042EA93729B001B1841EB0201CD00FF
:10B0C40045EA5375DC00F7F7F1FE024600232046FB
:10B0D4002946F5F73DF838BD40E800F010F4803F0C
:10B0E40001D0C0B270476FF01500704708B50B6807
:10B0F40023F01F0C0B7A03F01F0ECA6822F01F0204
:10B104005B0942EA430242F001024CEA0E01F7F7FE
:10B1140001FF08BD43681F2B08D913F01F0F07D187
:10B12400036813F01F0F05D00020704700207047FC
:10B13400002070470120704770B504460E46FFF7A3
:10B14400CBFF05463444601EFFF7C6FF854201D19C
:10B15400284670BD6FF01505FAE710B584B00B688A
:10B1640000934C68B1F808C09DF808206CF3040201
:10B174008DF808204989D2B261F347128DF808206E
:10B1840023F01F032344013B23F01F030393694669
:10B19400F7F71AFF04B010BDF0B587B0054605A84F
:10B1A400F6F76EFF0646002422E05768095827F098
:10B1B4001F0392681344013B23F01F03019702917C
:10B1C4009DF80C20012161F304028DF80C20D2B209
:10B1D400022161F347128DF80C20049301A9287809
:10B1E400F7F7F2FE002847DB2B7801332B7001348C
:10B1F400B44244D22001059901EB0412D3681B0D1B
:10B204001B05B3F5001FD0D0B3F5800F1BD0B3F5E9
:10B21400801FECD15768095827F01F039268134424
:10B22400013B23F01F03019702919DF80C2001219B
:10B2340061F304028DF80C20D2B261F347128DF849
:10B244000C200493CAE75768095827F01F03926833
:10B254001344013B23F01F03019702919DF80C2036
:10B26400062161F304028DF80C20D2B26FF3471269
:10B274008DF80C200493B1E76FF0150000E0002076
:10B2840007B0F0BD08B5F7F793FF08BD08B5F7F7A9
:10B294006BFE08BD08B50B6949699847002008BDD5
:10B2A40008B5F7F7FFFF002008BD08B5F8F774F8F4
:10B2B40008BD08B5F8F732F808BD08B5FFF7F5FF83
:10B2C40008BD08B5F8F714F808BD4FF47F03D3F8A8
:10B2D4003021D3F83431072A01D000207047042BE1
:10B2E40003D8022B03D300207047012070470120AC
:10B2F400704738B505460C464FF050230122C3F879
:10B3040014260020F8F7BEF800212846A04738BDCF
:10B3140070B5044619B10123C0F8143670BDFFF7A7
:10B32400D4FF18B90023C4F81436F7E70126C4F88B
:10B3340018660025C4F81456052001F0A2F8C4F8D4
:10B344001466304601F09DF8C4F81456C4F8185633
:10B35400E4E738B505460C460120F8F793F80021D8
:10B364004FF05020FFF7D4FF00212846A04738BDF6
:10B3740008B50022F8F7A0F808BD0346032929D828
:10B38400DFE801F0020D1823D3F81804C0F30040DD
:10B394000AB3D3F8183403F0030313707047D3F8D7
:10B3A4000C04C0F30040B2B1D3F80C3403F0010331
:10B3B40013707047D3F85C04C0F300405AB1D3F85B
:10B3C4005C3403F0010313707047D3F85404C0F3E2
:10B3D4000040704700207047006901EB410189007B
:10B3E400803108447047406801EB410100EB810063
:10B3F4007047006900EB4110704708B5C9B2FFF708
:10B40400EBFF806800F0070008BDEFF311822023F2
:10B4140083F31288BFF36F8F036813F0C00301D066
:10B424008B4207D101230360002082F31188BFF30C
:10B434006F8F70474FF0FF30F7E7EFF3118220234F
:10B4440083F31288BFF36F8F036803F0C00C03F01B
:10B454000703012B08D08C4509D04FF0FF3082F34D
:10B464001188BFF36F8F704701600020F7E76FF01A
:10B474007700F4E7EFF31182202383F31288BFF3FC
:10B484006F8F036803F0C00343F00203036082F389
:10B494001188BFF36F8F7047F8B506460C46FFF767
:10B4A4009BFF05684768002340F8083BFFF7E2FF6D
:10B4B4001DB13A4621463046A847F8BD70B5064648
:10B4C4001546CCB22146FFF787FF29460830FFF71F
:10B4D4009CFF002806DB21463046FFF784FF4368C3
:10B4E4009847002070BD08B58022FFF7E7FF08BD2C
:10B4F4002DE9F041064690461F46CDB22946FFF796
:10B504006BFF044606990830FFF797FF002809DB14
:10B51400C4F80080676029463046FFF764FF03687B
:10B5240098470020BDE8F08110B582B080240094D3
:10B53400FFF7DEFF02B010BD10B51446C9B2FFF725
:10B5440058FF0021A04710BD08B50120F9F710FBF2
:10B5540008BD08B50320F9F70BFB08BD08B50220A8
:10B56400F9F706FB08BD08B50020F9F701FB08BD93
:10B5740008B5012001F035F808BD08B5032001F035
:10B5840030F808BD08B5022001F02BF808BD08B555
:10B59400002001F026F808BD08B520EAE070C117C4
:10B5A400C90341EA5041C00340F2E733C0184FF4E5
:10B5B4007A724FF0000341F10001F4F7C9FD01F084
:10B5C40028FE08BD08B51046FAF73AFB08BD08B5D1
:10B5D400002211461046FBF7C5FA00B908BD6FF00A
:10B5E4001500FBE7F0B583B00F4616464FF48065AF
:10B5F40000240AE001AB2A4639190020FBF7E2FADD
:10B6040070B9019BAB420FD12C44A64205D9331B20
:10B61400B3F5806FEED21D46ECE708D0162001E0AA
:10B624006FF0150003B0F0BD6FF01500FAE70020CD
:10B63400F8E70B4639B11168196041688A4209D0AC
:10B644000023136070471368036041688A42F7D18E
:10B654004360F5E74360F3E708B50A460368002151
:10B6640001E019461B682BB19342FAD1FFF7E1FFC1
:10B67400012000E0002008BD38B505460C46032132
:10B68400A047002806DB01212846A047002800DB4C
:10B69400002038BD10F1860FFBD1F4E770B50446E5
:10B6A4000D461646036833B1FFF7D6FF70B91EB9CD
:10B6B4006FF0150006E032B123682B6025606368E3
:10B6C40043B1002070BD6FF01500FBE7002EF3D1ED
:10B6D4000020F7E765600020F4E770B50E461546D4
:10B6E400016821B10C683CB131B90C4604E00C4648
:10B6F40002E0234621461C4671B18A682A4002D0E2
:10B704004B6830469847002CF3D02368002BF1D0C7
:10B71400002CEFD12346EDE770BD0069003818BF57
:10B724000120704710F0100F04D110F0200F03D146
:10B7340000207047032070470120704743685B680E
:10B744001B690B600020704743685B6802EA0100D4
:10B7540021EA02019860D9600020704743685B6861
:10B7640099600020704743685B68D9600020704787
:10B7740043685A68536821EA03000B409060D36021
:10B7840000207047B0F5800F07D0B1F1C06F0DD025
:10B79400B1F1007F08D001207047B1F1007F01D0E2
:10B7A400052070470420704702207047032070472B
:10B7B40008B500690430FFF771FF08BD10B500F04B
:10B7C4001F044009F8F7EEF830B101460069012280
:10B7D400A2400430FFF781FF10BD00207047002015
:10B7E400704708B521B1012905D06FF0850008BD67
:10B7F400FFF7F3FFFBE7FFF7F2FFF8E708B51146A1
:10B80400103001F0D0F908BD00B54368136001E0C1
:10B8140008331360136890F808C0D0F804E00EEB06
:10B82400CC0C634505D293F805C08C45F0D10020BB
:10B8340001E06FF001005DF804FB08B511B9F8F7F9
:10B8440085FA08BDF8F76EFAFBE738B505460C46ED
:10B854000321A047002806DB01212846A047002831
:10B8640000DB002038BD10F1860FFBD1F4E74368FC
:10B874001B68EFF31182202181F31288BFF36F8FCD
:10B88400D3F8201131B10021C3F82011D3F82011CD
:10B894000121D96082F31188BFF36F8F7047436829
:10B8A4001B68D3F88004C3F88004704743681A689F
:10B8B4005B6803F00103D2F8581129B933B9D2F8FF
:10B8C40020312BB9002070470120704700207047B9
:10B8D4000120704708B503691A6813680BB15268F0
:10B8E400984708BD00B587B00023019302930393E2
:10B8F4000493059304238DF8043002910DEB0301A6
:10B90400FFF7E8FF07B05DF804FB4368187D0128E2
:10B9140014BF00200120704700B587B002690023DE
:10B924000193029303930493059302238DF8043047
:10B9340013681B6C029313689B6C0393049101A915
:10B94400FFF7C8FF07B05DF804FB10B503691B6877
:10B9540040680068EFF3118C4FF0200E8EF31288CC
:10B96400BFF36F8F1C6CACB1DC6CB4B9D9641A65CD
:10B97400C0F83415C0F83825042A11D9D0F800329B
:10B9840043EA0E03C0F8003200208CF31188BFF3A1
:10B994006F8F10BD6FF00C00F7E76FF00F00F4E746
:10B9A4000020F2E70369186820B101601B685A603F
:10B9B400002070476FF08500704700B587B0002302
:10B9C4000193029303930493059303238DF80430A6
:10B9D40003691A6843681968936DD26D134302D0E2
:10B9E4000423C1F8043301A9FFF774FF07B05DF81D
:10B9F40004FB43681A689B6AC2F834350523C2F80D
:10BA040038350123D362D2F81031002BFBD0002348
:10BA1400C2F81031D2F81031D2F84C0130B1002301
:10BA2400C2F84C31D2F84C31D2F83C05C0B2704760
:10BA340010B4445844B11A4201D1002005E0002357
:10BA440043504358012000E0002010BC7047426876
:10BA540013680069006868B9D3F8100168B1126B03
:10BA640012780A700020C3F81001D3F810210122C3
:10BA74001A6070476FF0850070474FF0FF307047D1
:10BA840008B520EAE070C117C90341EA5041C00378
:10BA940040F2E733C0184FF47A724FF0000341F1DB
:10BAA4000001F4F755FB01F0B4FB08BD70B5064680
:10BAB40012E075B1EFF31184202383F31288BFF3EE
:10BAC4006F8F3046FFF7F2FE98B984F31188BFF305
:10BAD4006F8F0120FFF7D4FF64243046FFF7E6FEA2
:10BAE40005460028E5D1012000F0CBFC013CF4D14F
:10BAF400DFE7204670BD10B582B0044601AAFFF707
:10BB040083FE002805DB019B226819791868F8F781
:10BB140031F902B010BD10B543681C680021D86823
:10BB2400FFF7E9FF0823C4F8003510BD08B5026922
:10BB340093681943916013F0030F00D008BDFFF719
:10BB4400EAFFFBE710B543681C68C4F84415C4F861
:10BB540048250022C4F82021D4F82011C4F8582123
:10BB6400D4F858215B6813F0040F02D10123A360B9
:10BB740010BD0121FFF7DAFFF8E738B505460C469A
:10BB840043681B684FF48002C3F80423FFF78EFE5A
:10BB940020B92368012283F8B82038BD2368002225
:10BBA40083F8B82023684FF0FF32C3F8B420236829
:10BBB400D3F8AC20D3F8A8102846FFF7C3FFECE76E
:10BBC40043685A6812F0040F00D0704710B5044659
:10BBD4000021D868FFF78FFF2046FFF79CFF10BDB8
:10BBE400012904D108B5FFF7EBFF002008BD6FF071
:10BBF4008500704710B502694468936823EA01011F
:10BC0400916011F0030F00D010BD43681B6800223F
:10BC1400C3F800250121E068FFF76DFFF4E730B5B4
:10BC240087B00446426803691968002301930293AC
:10BC340003930493059305208DF8040081F8613083
:10BC4400536813F0040F05D101A92046FFF742FE03
:10BC540007B030BDEFF31185202383F31288BFF3BF
:10BC64006F8F02212046FFF7C5FF85F31188BFF3CC
:10BC74006F8FE9E770B50446466803691D68296C4F
:10BC840019B1FFF72FFE00232B6495F862306BB1D6
:10BC9400002385F8623063681B680022C3F808211A
:10BCA400D3F808312046FFF7BAFF70BD736813F06C
:10BCB400040FF0D02046FFF79CFE85F86000EAE709
:10BCC40070B50E4603691D6843681C6805F10800D9
:10BCD40001F05DFBEFF31182202383F31288BFF39D
:10BCE4006F8FEB6C53B1D4F8003223F02003C4F807
:10BCF40000320023C4F84C31D4F84C31002385F8C9
:10BD0400613016B1012385F862300123636082F348
:10BD14001188BFF36F8F002070BD08B503691B68DD
:10BD24001B6C1BB10121FFF7CBFF08BD6FF00D00A9
:10BD3400FBE710B586B0044643681968D1F880243F
:10BD440000230193029303930493059306238DF830
:10BD5400043012F0010F08D112F0020F14D112F0C6
:10BD6400040F13D102F0080300E001238DF808301A
:10BD7400C1F8802401A92046FFF7ACFD002120462C
:10BD8400FFF79EFF06B010BD0223EFE70423EDE7A3
:10BD940038B50369426815681A68D2F8A01051B121
:10BDA400002482F8B8401868683001F0F0FA0123E2
:10BDB400EB60204638BD6FF00D00FBE708B5406B23
:10BDC400FFF7E6FF08BD70B5054603691C684368C4
:10BDD4001E6804F1080001F0DAFAD6F83C3594F84C
:10BDE40060101944002384F86030A36CC91A01D48C
:10BDF40000292CDC216C2846FFF774FDE36C2364D6
:10BE0400236D63640023E3642365A36494F86130C1
:10BE1400E3B1EFF31182202383F31288BFF36F8F12
:10BE2400236CC3B1D6F84C3133B9012333600023FA
:10BE3400C6F84431D6F84431D6F8003223F0200352
:10BE4400C6F8003282F31188BFF36F8F70BD2846A5
:10BE5400FFF762FDCEE701237360F3E710B50469D1
:10BE640040682368D3F8A420D3F8B010521A01D143
:10BE7400002010BD082A28BF0822C3F8AC2023687C
:10BE8400406AC3F8A8002368D3F8A010D3F8B030F0
:10BE9400194401F0DBFA0120EBE72DE9F04186B00B
:10BEA4000546436804691F68EFF31188202282F372
:10BEB4001288BFF36F8F2268D2F8B410002946DBD2
:10BEC400D2F8B4605B6813F0040F43D188F311888F
:10BED400BFF36F8F2368D3F8A020002A34D093F8DF
:10BEE400B81000293FD1D3F8A8108A4206D0D3F85D
:10BEF400AC20964247D0D3F8B0301E442068683056
:10BF040001F045FA002301930293039304930593EC
:10BF14002368D3F8A030029303962368D3F8A4309F
:10BF24009E4202D001238DF804304FF48003C7F8F9
:10BF3400083322680023C2F8A0302268C2F8A43073
:10BF440001A92846FFF7C6FC06B0BDE8F081D7F882
:10BF54004C65B7E74FF48003C7F80833012128463E
:10BF6400FFF748FEB2E7EFF31186202383F312882C
:10BF7400BFF36F8F21462846FFF7FFFD86F3118834
:10BF8400BFF36F8FE0E7D3F8B0203244C3F8B0209A
:10BF94002846FFF763FF18B92368D3F8B060ADE70C
:10BFA400EFF31186202383F31288BFF36F8F2146AA
:10BFB4002846FFF7E2FD86F31188BFF36F8FC3E7CE
:10BFC400436B5A6812681B691B68D2F8081199B14F
:10BFD4000021C2F80811D2F80821596530B583B0A0
:10BFE40003F10800D3E9162300240025CDE9004518
:10BFF400FAF7D4FC03B030BD596D013159650429F9
:10C00400ECD1012353607047D0B582B00369426814
:10C0140014681A68002151651B6803F10800D3E90C
:10C02400162300260027CDE90067FAF7B7FC04239E
:10C03400C4F8083302B0D0BD38B545682C686B68C5
:10C0440013F0010F23D100220823C4F80035EB6A52
:10C05400C4F844350023C4F848350123A36072B9F9
:10C06400D4F82031002BFBD00023C4F82031D4F8BD
:10C0740020310123E3604FF48073C4F80433D4F80F
:10C084005831002BFBD00020C4F8000538BD0169ED
:10C094002046F8F757F90028F8DB0122D4E710B559
:10C0A4000446002201210820FEF7A4FF0820FEF721
:10C0B4009CFF00212046F8F76BF910BD2DE9F041F3
:10C0C400064643681C680769D7F80080D4F804530F
:10C0D4002B4604224FF484712046FFF7A9FCE8BBE9
:10C0E4002B464FF400724FF492712046FFF7A0FCE8
:10C0F400C0BB2B4610224FF488712046FFF798FCF2
:10C10400A0BB15F4002F05D0D4F84C3113B1D4F8EA
:10C114001031A3B315F4003F05D0D4F8443113B162
:10C12400D4F810319BB315F4807F02D0D4F82031B9
:10C13400ABBB15F4800F02D0D4F858319BBB07F188
:10C144000803D3E8EF2F22F00401C3E8E01F00281E
:10C15400F7D112F0040F2AD1BDE8F0813046FFF781
:10C1640053FFBDE73046FFF7E4FDC2E70023C4F800
:10C174001031D4F810313046FFF725FEC1E7C4F87A
:10C184004C31D4F84C313046FFF717FCC2E7C4F801
:10C194004431D4F844313046FFF76CFDC3E73046F0
:10C1A400FFF765FBC5E73046FFF777FEC7E7D8F82A
:10C1B40044103046FFF7B0FBD8F840103046FFF784
:10C1C40091FB0023C8F84430C8F840303046FFF7EC
:10C1D40026FDC1E700B5A2F5807E4FEA9E0E4FF022
:10C1E400010C0CFA0EFC1CEA010F0DD0815809B9A0
:10C1F40000200AE00021815082581BB11A684CEAE1
:10C2040002021A60012000E000205DF804FB70B512
:10C2140082B006460D460024019409E0A20001AB59
:10C2240002F5A07229463046FFF7D4FF0134E4B288
:10C23400032CF3D915F0010F02D0D6F8003143B91D
:10C2440015F0020F02D0D6F8043163B9019802B098
:10C2540070BD0023C6F80031D6F80031019B43F0CD
:10C2640001030193ECE70023C6F80431D6F8043146
:10C27400019B43F002030193E8E7401A20F07F405A
:10C28400704700F150039B009BB203F1502303F568
:10C2940080331868003818BF0120704700F150033C
:10C2A4009B009BB203F1502303F5803300221A60F4
:10C2B4001B68704720F07F407047EFF31180202304
:10C2C40083F31288BFF36F8F704780F31188BFF335
:10C2D4006F8F7047F0B585B0044617461D46F8F7D2
:10C2E400F5F806469DF8303002930B9B01930A9BA8
:10C2F40000933A462B462046F8F7A6F90546314600
:10C304002046F8F731F9284605B0F0BD08B5F8F72E
:10C314007BF908BD08B5FAF7C7FB08BD08B5F5F702
:10C32400C1FEF5F7D5FFFFF7F5FF08BD4FF47F0316
:10C33400D3F83021D3F83431072A01D000207047D4
:10C34400023B002B04D8DFE803F001000120704712
:10C35400002070474FF47F03D3F83021D3F83431F1
:10C36400072A01D000207047042B07D008D8023BCD
:10C37400012B01D80120704700207047002070472E
:10C38400002070474FF47F03D3F83021D3F83431C1
:10C39400072A01D000207047023B002B04D8DFE8B5
:10C3A40003F0010001207047002070474FF47F0321
:10C3B400D3F83021D3F83431072A01D00020704754
:10C3C400012070474FF47F03D3F83021D3F8343180
:10C3D400072A01D000207047023B002B04D8DFE875
:10C3E40003F0010001207047002070474FF47F03E1
:10C3F400D3F83021D3F83431072A01D00020704714
:10C40400023B002B04D8DFE803F001000120704751
:10C41400002070474FF47F03D3F83021D3F8343130
:10C42400072A01D000207047023B002B04D8DFE824
:10C4340003F0010001207047002070474FF47F0390
:10C44400D3F83021D3F83431072A01D000207047C3
:10C45400012070474FF47F03D3F83021D3F83431EF
:10C46400072A01D000207047042B03D8022B03D3E2
:10C4740000207047012070470120704708B58047AD
:10C4840008BD08B500F09BFB08BD40F00040C1F8B2
:10C494008000704740F00040C1F88000704738B514
:10C4A40004461546FFF7F1FF29462046FFF7F2FF41
:10C4B40038BD0346032929D8DFE801F0020D18230B
:10C4C400D3F81804C0F300400AB3D3F8183403F0C7
:10C4D400030313707047D3F80C04C0F30040B2B1E7
:10C4E400D3F80C3403F0010313707047D3F85C04E1
:10C4F400C0F300405AB1D3F85C3403F00103137065
:10C504007047D3F85404C0F30040704700207047CC
:10C514000120704708B50520F6F7F6FB00B108BD09
:10C524000520FEF762FDFAE770B582B006460328DF
:10C5340040D8DFE800F00225191F0C224FF4827363
:10C5440002214FF05020C0F8081302440121116069
:10C55400034400221A601B688DF807108E4214D021
:10C56400002542F2107418E024224FF492734FF421
:10C574000071E6E71C224FF490734FF48071E0E7FA
:10C5840004224FF480730121DBE70DF10705E8E78E
:10C594000120FFF776FF013C0CD02A4631464FF0CC
:10C5A4005020FFF786FF28B1002DF1D09DF8073009
:10C5B400012BEDD002B070BD38B504460378022BD0
:10C5C40006D0012B00D000231D461BB1284638BDE0
:10C5D4000123F9E70020FFF7A7FFFFF799FF207079
:10C5E400F4E708B5FFF7A0FF08BD08B5F8F77EFB30
:10C5F40008BD10B401F5A27150F8214024F44F3461
:10C6040024F4407440F8214050F82140120202F40E
:10C614007C521B0403F440331A43144340F8214072
:10C6240010BC704710B401F5A27150F8214024F4F5
:10C63400991424F4F85440F8214050F8214012028F
:10C6440002F47C521B0403F440331A439DF8043073
:10C654001B0503F480131A43144340F8214010BC13
:10C66400704700B5A2F5807E4FEA9E0E4FF0010C94
:10C674000CFA0EFC1CEA010F0DD0815809B90020F8
:10C684000AE00021815082581BB11A684CEA020268
:10C694001A60012000E000205DF804FBF0B583B0CF
:10C6A40007460D4616460024019409E0E2B29200C2
:10C6B40001AB02F5807229463846FFF7D2FF0134F8
:10C6C400B442F3D3002D02DB019803B0F0BD01ABFB
:10C6D4004FF4BE7229463846FFF7C3FFF4E700B5AE
:10C6E40083B00021019100910B460122F8F708FB69
:10C6F40003B05DF804FB00B585B08DF80F100DF1A3
:10C704000F030193002100910B460A46F8F722FB20
:10C7140005B05DF804FB38B50D460079F8F7E2FB87
:10C7240004462846F8F7D4FB083034F8100000F02B
:10C73400010038BD38B50D460079F8F7D3FB04463F
:10C744002846F8F7C5FB083034F81000C0F3401051
:10C7540038BD38B50D460079F8F7C4FB04462846C1
:10C76400F8F7B6FB083034F8100010F01C0018BFBE
:10C77400012038BD38B50D460079F8F7B3FB0446FF
:10C784002846F8F7A5FB083034F81000C0F3400041
:10C7940038BD38B504460D46FFF7ECFF30B12946E5
:10C7A4002046FFF7C7FF18B1012000E0002038BD84
:10C7B4000020FCE708B5FFF7DDFF80F00100C0B200
:10C7C40008BD7047704738B50D460079F8F78AFB05
:10C7D40004462846F8F77CFB083034F81000400B78
:10C7E40038BD032894BF00200120704770B5064669
:10C7F4000D46002404E04FF0FF33AB4211D0013466
:10C804002F2C0CD83079F8F76DFB04F1080330F8BD
:10C81400133013F4807FEED0C3F34323EDE70020FD
:10C8240000E0012070BD38B504460D46FFF782FFD5
:10C83400B8B129462046FFF7BDFF90B129462046EE
:10C84400FFF7C1FF226801238340C2F8083322683E
:10C8540000F5A27052F8203023F0030342F8203090
:10C8640003E000212846FFF746FF38BDF8B5064629
:10C874000F4615460024002C03DD4FF0FF342046FC
:10C88400F8BD3079F8F72EFB50F83430BB4201D0B4
:10C894000134F0E700EBC4035B68AB42F8D1EEE788
:10C8A40038B50C460079F8F71DFB05462046F8F725
:10C8B4000FFB083035F81030C3F38203042B09D082
:10C8C400052B01D1022006E02046F8F7A3FA18B19F
:10C8D400032000E0032038BD0220FCE710B5044625
:10C8E4000846F8F7F5FA083034F8103013F4807F6E
:10C8F40004D0C3F3432304EBC30010BD0020FCE7C2
:10C9040070B504460E4615460079F8F7EBFA8660D2
:10C914002079F8F7E7FAC56070BD08B50079F8F733
:10C92400E1FA90F88C00003818BF012008BD70B5FA
:10C9340004460D461646FFF7FDFE00B32946204681
:10C94400FFF738FFD8B129462046FFF73CFF22689D
:10C95400830003F580739BB2002199509B58226891
:10C9640000F5A27152F8213043F0010342F821305E
:10C97400B6B1226801238340C2F8043310E023686F
:10C98400D3F80423002A03DB4FF00042C3F8042346
:10C9940029462046FFF784FF01462846FFF7ABFEF1
:10C9A40070BDF8B504460D461646FFF797FF20B153
:10C9B4000768426831462846B847A3681BB1E26855
:10C9C400314628469847F8BDF8B507460E46144642
:10C9D4001D461046FFF705FF60B9022D1DD0022148
:10C9E4003046FFF788FE032C1BD0022D17D0032DF1
:10C9F4001DD0F8BD224631463846FFF7D2FF3046F7
:10CA0400F8F71CFAA842F4D100213046FFF773FE70
:10CA140029463046FFF76FFEEBE70321E0E7012CE0
:10CA2400E5D1224631463846FFF7BBFFE1E7022C49
:10CA3400DFD1F6E770B505460846F8F749FA04462B
:10CA44002879F8F74FFA04F1080330F8133013F497
:10CA5400807F0BD0C3F34326083423F4F85320F823
:10CA6400143031462846FFF7C1FE00B170BD287965
:10CA7400F8F738FA002340F836302879F8F732FA14
:10CA840031467830F8F722F8F0E770B504460D46E1
:10CA9400FFF750FE58B1266829462046FFF793FE5B
:10CAA40000F5A270002346F8203046F820302946CD
:10CAB4002046FFF7BFFF2079F8F714FA044628460A
:10CAC400F8F706FA0830002324F8103070BD70B56A
:10CAD40004460D461E4604984FF0000C01E00CF18C
:10CAE400010C84450ED25FFA8CF2920002F580713B
:10CAF4009208012303FA02F21542F0D00023635096
:10CB04006358ECE7002D04DA0023C4F87C31D4F830
:10CB14007C3144F30730FEF768FA0EB1C4F80453CD
:10CB240070BDF8B506460D46144619E094FAA4F310
:10CB3400B3FA83F301229A4024EA020403F13C028B
:10CB440005EB4202978803F5A27356F82300C0F35D
:10CB54000140FFF736FE024639462846FFF721FF1B
:10CB6400002CE3D1F8BD08B5F8F7D4FA08BD08B530
:10CB7400F8F7C0F908BD08B5FFF7C2FE08BD08B54F
:10CB8400F8F736FA08BD08B5F8F798FB08BD08B5FC
:10CB9400FFF7C3FE08BD08B5F8F76CFB08BD08B580
:10CBA400F8F782FB08BD08B5F8F766FA08BD08B5C2
:10CBB400FFF7BDFE08BD08B5FFF735FE08BD00B997
:10CBC400704708B5FEF77DFB08BD60B1C3685A78AD
:10CBD40012F0010F03D01B781BB100207047002016
:10CBE40070470120704700207047EFF31183202322
:10CBF40083F31288BFF36F8FFEE710B504464369D1
:10CC040083B1984730B100280ADBFF2800DDFF20FC
:10CC1400E3681870E268537843F00103537010BD61
:10CC24004042F2E70020F5E708B500F036FC08BD05
:10CC340008B500F00BFC08BD8169C36841EA030232
:10CC440012F0030F10D1002202614269013A02FB83
:10CC5400013304E002691A60036182699B1AC268A5
:10CC64009A42F7D9002070476FF0150070470120F1
:10CC7400704710B5044643618261C1600023C361FB
:10CC84000372FFF7D9FF002801DB2460646010BD44
:10CC94002DE9F84304460D46FFF7E9FFB0B104F16E
:10CCA4000807EFF31186202383F31288BFF36F8FF5
:10CCB4002369A3B123692B602561E369013BE36127
:10CCC40086F31188BFF36F8FBDE8F883002383F3E5
:10CCD4001188BFF36F8F0423184602DFF4E7D4F8FA
:10CCE4000080444517D0B8F1000918BF4FF001097E
:10CCF400B8F1000F12D1B9F1000FDBD00023C8F84E
:10CD0400AC30C8F81050404600F0C1F931463846FE
:10CD1400F9F774FAD8E74FF00008E4E7D8F80420EC
:10CD2400D8F8003013605A600023C8F80030C8F8FF
:10CD3400043098F80D2022F0020288F80D20C8F87B
:10CD4400083008F1180000F0D4FAD4E708B5EFF37E
:10CD54001183202383F31288BFF36F8FFEF762F9E8
:10CD6400F5E700BF7047884200DA014611F17F0FF2
:10CD740001DB084670476FF07E00704708B5806895
:10CD840090F90E308B4201D1002008BDF9F79AF9D1
:10CD9400FBE7034600209860D8601B605B60704727
:10CDA4000B6803F003030B60426832B1136803F0AD
:10CDB40003030B4313604160704741600160704797
:10CDC40008B591B18C460B6823F00301032B18D9E5
:10CDD400136803F003030B431360DCF8003003F023
:10CDE40003031343CCF8003008BD0168136803F053
:10CDF40003030B43136002604368002BF4D14260C9
:10CE0400F2E71146FFF7CCFFEEE708B50022C0F8C1
:10CE1400AC20016100F03BF908BD2DE9F04F83B06F
:10CE240004460F46164601939DF8303000F1080B76
:10CE3400EFF3118A202282F31288BFF36F8FD0465A
:10CE440003B1476804F10C03E568AB4219D0B5F1AE
:10CE5400000918BF4FF00109ADB9B9F1000F23D192
:10CE6400019B63BB00233360324639462046FFF7FB
:10CE7400A7FF88F31188BFF36F8F484603B0BDE85E
:10CE8400F08F0025E3E76A682B6813605A6000237B
:10CE94002B606B606A7B22F002026A73AB6005F15F
:10CEA400180000F026FAD8E731462846FFF7ADFF10
:10CEB40051465846F9F7A2F94FF00009DDE708207A
:10CEC400F9F7D6FD20B14660012202600646CBE7A1
:10CED4006FF00B09CDE760B1036813F0030F08D0BE
:10CEE40010B5446809B9204610BD00F080FA204608
:10CEF400FAE7704700B583B00A4601230093002384
:10CF04001946FFF78AFF03B05DF804FB3AB18A4281
:10CF140008D38160C26000604060002070476FF0F9
:10CF2400150070476FF015007047F8B505460E46BA
:10CF3400D41D24F007040F193946F5F7C1FA073058
:10CF440020F00700C5F89460C5F89840C5F89C0027
:10CF5400381AF8BDEFF30580003818BF0120704778
:10CF64007430704710B40024846003734273817377
:10CF7400C4738461C46110BC7047F0B587B00446C3
:10CF8400129E139D00270597109F04970F9F0397E8
:10CF94000E9F02970D9F01970C9F0097F8F7DCFEF8
:10CFA400B5F1FF3F08BFB6F1FF3F02D1204607B0FD
:10CFB400F0BD32462B462046F8F7AEFEF6E70020D9
:10CFC400704738B504460D46F8F7A8FF637B43F075
:10CFD4000203637335B3A5602B689D420DD1002312
:10CFE4000BE05A686260236014605C601AE01A46C1
:10CFF40069688A420FD01B687BB173B194F90E1033
:10D0040093F90E209142F2D0521A002AE9DC1A4612
:10D01400002BEDD1F0E70023EEE76B682560636039
:10D024001C606C6038BD08B5183000F062F908BDAA
:10D0340070B50646046884421AD0DCB1626823687D
:10D0440013605A60002525606560637B23F002034A
:10D054006373A56004F1180000F04BF9C4F8AC50F8
:10D064002046F8F707FF3468A642E6D12C46E4E7E9
:10D074000024E2E770BD70B5044616461D46FFF76E
:10D08400A0FF32462B462046F8F7F6FF70BD38B5B0
:10D0940004460023EFF31185202282F31288BFF3A4
:10D0A4006F8F04E085F31188BFF36F8F012343B9B9
:10D0B4002046FFF784FF0028F4D12046F8F7DAFE73
:10D0C400F0E738BD0023EFF31181202282F31288A8
:10D0D400BFF36F8F10E04268036813605A60002347
:10D0E40003604360427B22F002024273836081F357
:10D0F4001188BFF36F8F01231BB98368002BEAD11A
:10D10400F5E7704738B504460023EFF31185202274
:10D1140082F31288BFF36F8F0BE0637B23F0040369
:10D1240063732046F8F7A6FE85F31188BFF36F8F6B
:10D1340001239BB9637B13F0280FF5D1A368002B5F
:10D14400EBD06268236813605A6000232360636035
:10D15400627B22F002026273A360DEE738BD08B589
:10D1640001211838FFF7CEFF08BD01460023EFF375
:10D17400118C202282F31288BFF36F8F184605E0CA
:10D1840000208CF31188BFF36F8F01238BB90868DB
:10D194008142F5D00028F4D04268036813605A60D5
:10D1A400002303604360427B22F0020242738360E7
:10D1B400E7E7704710B50446FFF784FF04F1180051
:10D1C40000F097F810BD08B5EFF31180202383F326
:10D1D4001288BFF36F8FF9F727F808BD38B50546F5
:10D1E4000468844201D0002002E00024FBE701200F
:10D1F40054B12046FFF7DEFF2046FFF748FF2C68B6
:10D20400A542F4D10024F2E738BD031D43608360D6
:10D21400704738B504460D46F9F7B6F884462046FB
:10D22400B5F1FF3F08BFB4F1FF3F2CD04FEAEC72D9
:10D23400510141EADC614FEA4C13B3EB0C0361EB9F
:10D244000201890041EA93719B0013EB0C0042EB4D
:10D254000103DB0043EA5073C00047F6FF728018F5
:10D2640043F10003B0F5004F73F100020AD36FF4E9
:10D274000042824243F6FF729A4105D3C00B40EA52
:10D28400434000E0002038BD6FF00040FBE710B5DC
:10D294000446F9F7CDF948B10246036941692069AA
:10D2A4001B18606941EB00011361516162682368D6
:10D2B40013605A6000232360636010BD10B50446F8
:10D2C400F9F7ACF978B1036942691B1B62EBE472AC
:10D2D400B3F1004F72F1000108DA002A01DB1846AD
:10D2E40010BD0023FBE76FF00040F9E76FF000404A
:10D2F400F6E7F8B504460023EFF31187202282F302
:10D304001288BFF36F8F6FF015000CE0F9F79CF9EA
:10D31400FFF7D4FF0021F7F795FA304687F3118819
:10D32400BFF36F8F01231E468BB92368002BF5D002
:10D33400F9F774F905462046FFF7A9FF00224FF0DC
:10D344000043C4E90423A542E0D03046E6E7F8BD33
:10D3540008B5F9F787FA08BD08B5F9F783FA08BDE7
:10D3640008B5EFF31180202383F31288BFF36F8F86
:10D37400F8F75AFF08BD016242620023036300F11B
:10D3840018028261C261036043604363704710B551
:10D394000446FFF7AEFF60B9636A0BB120469847B5
:10D3A40004F11800FFF7E1FE18B1FFF770FEFFF774
:10D3B400D7FF10BD38B504460020043213D2A0B9FB
:10D3C40041F00401EFF31185202080F31288BFF3AC
:10D3D4006F8F2046984785F31188BFF36F8F08B18C
:10D3E40040F8044B38BD0120E9E70020FAE730B1EA
:10D3F40008B5011F50F8040C00F00CF808BD704784
:10D4040010B500F10C04C460046100240475FCF739
:10D4140049FE10BD70B5044600F11406EFF3118502
:10D42400202383F31288BFF36F8FFCF7E6FD04F12A
:10D434000C00FFF7D3FE20B985F31188BFF36F8F7B
:10D4440070BD29463046F8F7D9FEF9E70A44431E71
:10D45400914200D1704710B511F8014B914203F885
:10D46400014FF9D110BD884210B501EB020402D975
:10D474008442234607D8431EA14208D011F8012B49
:10D4840003F8012FF8E7024401468A4200D110BD97
:10D4940013F8014D02F8014DF7E7024403469342A5
:10D4A40000D1704703F8011BF9E710B501390446B0
:10D4B40032B111F8013F013A00F8013B002BF7D1DA
:10D4C4000021FFF7EAFF204610BD0246014410B5D3
:10D4D4008A42134603D01C780132002CF8D1181A62
:10D4E40010BDF0B5C3F13707044603F01F0310461F
:10D4F400FFB2082BE6B232D0102B3DD06508A40849
:10D5040045EAC17544EA81748A082D1942EB510237
:10D51400290941EA02716D1842EB1212290A41EA03
:10D5240002616D1842EB1222290C41EA02416D1886
:10D5340042EB1242AD1842F10002EC0844EA427494
:10D54400D10804EB8402A6EB4205EDB2092D0CD9F7
:10D554000134A5F10A0541F10001EDB212E0E4083D
:10D5640006F0070544EA4174C908303554EA01025B
:10D5740000F8015BBDD1F0BD240906F00F0544EAB3
:10D5840001740909092D84BFED19EDB2EDE7D1E964
:10D59400043293421EBF5A1C0A611870704700007F
:0CD5A4000148006870470000C010002023
:08D5B000D82BFF7F01000000F1
:10D5B8000000000020D600009D5900000000000077
:10D5C800896A0000000000000000000060D600002A
:10D5D8000000000040D6000019C300000000000051
:10D5E8000000000080D6000000000000A0D6000067
:10D5F800A138000000000000F14600000000000013
:10D60800D115000000000000D13200000000000029
:08D6180021C300000000000026
:10D62000C0E4000004E500006CD90000EC0000201C
:10D6300034110020B5370000000000000000000099
:10D640004CE5000064E5000048D90000F00000202F
:10D65000E8110020793C00000000000000000000FC
:10D6600058E500007CE5000048D90000F2000020E9
:10D67000F4110020793C00000000000000000000D0
:10D6800034E500000000000044E50000EE0000204A
:10D6900000000000D3B50000000000000000000002
:10D6A000C0E50000DCE5000088D90000F40000209F
:10D6B00044000020A3C000000000000000000000A3
:10D6C0000000000005B000000000000005B00000F0
:10D6D0000000000005B000000000000005B00000E0
:10D6E0000000000005B00000794C000081C400007B
:10D6F0000000000005B000000000000005B00000C0
:10D70000A0D60000C1C000000000000005B000006D
:10D710000000000005B000000000000005B000009F
:10D720000000000005B000003154000081C400007A
:10D730000000000005B000000000000005B000007F
:10D740000000000005B000000000000005B000006F
:10D750000000000005B000000000000005B000005F
:10D760000000000005B000000000000009480000B3
:10D770000000000005B000000000000005B000003F
:10D780000000000005B000000000000005B000002F
:10D790000000000005B000000000000005B000001F
:10D7A0000000000005B000000000000005B000000F
:10D7B0000000000005B000000000000005B00000FF
:10D7C0000000000005B000000000000005B00000EF
:10D7D0000000000005B000000000000005B00000DF
:10D7E0000000000005B000000000000005B00000CF
:10D7F0000000000005B000000000000005B00000BF
:10D800000000000005B000000000000005B00000AE
:10D810000000000005B000000000000005B000009E
:10D820000000000005B000000000000005B000008E
:10D830000000000005B000000000000005B000007E
:10D840000000000005B000000000000005B000006E
:10D850000000000005B000000000000005B000005E
:10D860000000000005B000000000000005B000004E
:10D870000000000005B000000000000005B000003E
:10D880000000000005B000000000000005B000002E
:10D890000000000005B000000000000005B000001E
:10D8A0000000000005B000000000000005B000000E
:10D8B0000000000005B000000000000005B00000FE
:10D8C0000000000005B000000000000005B00000EE
:10D8D0000000000005B000000000000005B00000DE
:08D8E0000000000005B000008B
:10D8E80010020020C01D002000040000890600006E
:10D8F8000000000000000000000000000700000019
:10D9080000000000A0DB0000000000000000000094
:10D91800C0020020C021002000040000B50400005F
:10D9280000000000000000000000000006000000E9
:10D9380000000000B0DB0000000000000000000054
:10D94800C53A000041B700004DB7000061B70000BC
:10D958006BB7000075B70000C5390000B5B7000007
:04D9680000000000BB
:10D96C007D370000EBB400002DB500000000000076
:0CD97C00FFB300000000000000000000ED
:10D98800A9B900003D42000095BD0000914000008B
:10D998004FB900001FBD000053BA0000ED3F000062
:04D9A800A3B8000020
:10D9AC0004DC000003000000BCDB000003000000EE
:10D9BC00E8DB000003000000C0DC000003000000F6
:10D9CC00F4E400000300000000DD00000300000090
:10D9DC0004DD00000300000070DE00000300000006
:10D9EC00F4E300000300000058E70000030000000F
:10D9FC00A0E4000003000000CCE5000003000000E0
:10DA0C0094DE00000C0000205CDE00000100000031
:10DA1C00040000000F0000000100000008000000DE
:10DA2C002000000060000000700000000D000000ED
:10DA3C000C0000000E0000005000000074000000FC
:10DA4C00A8000000FFFFFFFFFFFFFFFFFFFFFFFF2E
:04DA5C00FFFFFFFFCA
:10DA600000258450002884500000000000000000C1
:10DA70000338FDD87047000053656D6170686F72A0
:10DA8000652054616B656E2C20436F756E74203D6C
:10DA90002025690053656D6170686F726520476964
:10DAA00076656E2C20436F756E74203D20256900CD
:10DAB00048656170204D656D6F727920416C6C6FA7
:10DAC000636174696F6E204661696C656400000073
:10DAD00050726F647563657220546872656164206A
:10DAE00044617461203A20582076616C203D2025E5
:10DAF00069202C20592076616C203D2025692C203E
:10DB00005A2076616C203D202569000050726F64B8
:10DB10007563657220657865637574696F6E2074CE
:10DB2000696D65203D20256C6C64206E730A0000D1
:10DB30004E6F7468696E6720507573686564204F16
:10DB40006E204649464F0A0020436F6E73756D651F
:10DB500072205468726561642044617461203A20C7
:10DB600058203D202564202C2059203D202564206C
:10DB70002C205A203D20256400000000436F6E7366
:10DB8000756D657220657865637574696F6E207454
:10DB9000696D65203D20256C6C64206D730A000062
:10DBA000636F6E73756D5F74687265616400000009
:10DBB00070726F645F746872656164004D41494EB4
:10DBC0005F43000040D600000700000040D6000080
:10DBD0000600000055415254204953204E4F542016
:10DBE00052454144590A0000554152545F430000D8
:10DBF0004C4544275320415245204E4F5420524516
:10DC0000414459004C45445F4300000040D60000A9
:10DC10000700000040D600000600000028756E7363
:10DC200069676E6564292063686172202A207573B4
:10DC3000656420666F722025257020617267756D9E
:10DC4000656E742E2049742773207265636F6D6D45
:10DC5000656E64656420746F2063617374206974F9
:10DC600020746F20766F6964202A20626563617575
:10DC70007365206974206D61792063617573652017
:10DC80006D69736265686176696F7220696E206381
:10DC900065727461696E20636F6E66696775726123
:10DCA00074696F6E732E20537472696E673A222501
:10DCB000732220617267756D656E743A2564000089
:10DCC00063627072696E74665F7061636B616765D1
:10DCD000000000006C6F6767696E67002004002019
:10DCE0000001000095AC0000EBAB0000020000005A
:10DCF0009DAE0000000000000000000000000000D9
:10DD00006C6F67006C6F675F6D676D74000000007B
:10DD10004D6573736167652028222573222920646D
:10DD2000726F7070656420626563617573652069E8
:10DD30007420657863656564732073697A65206C07
:10DD4000696D69746174696F6E20282575290000FA
:10DD50004D6573736167652064726F7070656420D0
:10DD600062656361757365206974206578636565B4
:10DD700064732073697A65206C696D697461746974
:10DD80006F6E2028257529005B2530386C755D2065
:10DD9000000000005B253032753A253032753A2597
:10DDA0003032752E253033752C253033755D2000CB
:10DDB0001B5B306D000000002573000025732E00F2
:10DDC00025733A20000000003C25733E200000002F
:10DDD00025732F00257320002530327820000000A5
:10DDE000202020007C00000025630000206D65736A
:10DDF00073616765732064726F70706564202D2D88
:10DE00002D0D0A1B5B306D001B5B313B33316D2DDB
:10DE10002D2D20001B5B313B33316D001B5B313BF3
:10DE200033336D006572720077726E00696E660042
:10DE3000646267000000000014DE00001CDE0000C9
:10DE400000000000000000000000000024DE0000D0
:10DE500028DE00002CDE000030DE00006C6F675F03
:10DE60006261636B656E645F7561727400000000CF
:10DE70006C6F675F756172740000000084DE0000E3
:10DE8000780B002061200000900B00209C0B0020EC
:10DE9000010000006BAF00005DAF000049AF000063
:10DEA0003DAF00000000000031AF000000000000A6
:10DEB0002A2A2A20426F6F74696E67206E524620AC
:10DEC000436F6E6E6563742053444B2076332E315E
:10DED0002E312D653261393766653235373861202C
:10DEE0002A2A2A0A000000002A2A2A205573696E6D
:10DEF00067205A6570687972204F532076342E312E
:10DF00002E39392D66663866306335373965656276
:10DF1000202A2A2A0A0000000000000087AF000023
:10DF20006D757465785F696E69742063616C6C658A
:10DF3000642077697468204E554C4C207061726182
:10DF40006D65746572000000436F756C64206E6FC0
:10DF50007420616C6C6F63617465206D7574657895
:10DF6000206265666F726520696E697469616C69AB
:10DF70007A696E67000000002C0000202400002059
:10DF80001C00002000000000140000204D220000B2
:10DF9000F1210000752100000921000072302F617D
:10DFA000313A2020307825303878202072312F61A6
:10DFB000323A2020307825303878202072322F6194
:10DFC000333A2020307825303878000072332F61C2
:10DFD000343A2020307825303878207231322F6959
:10DFE000703A2020307825303878207231342F6C08
:10DFF000723A20203078253038780000207870730D
:10E00000723A202030782530387800004661756CEF
:10E0100074696E6720696E737472756374696F6E6C
:10E02000206164647265737320287231352F7063C8
:10E03000293A20307825303878000000556E686124
:10E040006E646C6564204952516E3A20256400006C
:10E05000535053454C20696E20746872656164208A
:10E060006D6F646520646F6573206E6F7420696ED8
:10E070006469636174652050535000002A2A2A2A7B
:10E080002A205553414745204641554C54202A2AC1
:10E090002A2A2A0020204469766973696F6E2062FB
:10E0A00079207A65726F00002020556E616C696777
:10E0B0006E6564206D656D6F727920616363657351
:10E0C000730000002020537461636B206F766572CB
:10E0D000666C6F772028636F6E7465787420617248
:10E0E0006561206E6F742076616C696429000000A0
:10E0F00020204E6F20636F70726F636573736F7251
:10E1000020696E737472756374696F6E73000000BA
:10E110002020496C6C6567616C206C6F6164206FB6
:10E1200066204558435F52455455524E20696E74DF
:10E130006F205043000000002020496C6C6567612F
:10E140006C20757365206F66207468652045505398
:10E15000520000002020417474656D707420746F4B
:10E16000206578656375746520756E646566696E93
:10E17000656420696E737472756374696F6E0000F4
:10E180002A2A2A2A2A204465627567206D6F6E69E3
:10E19000746F7220657863657074696F6E202A2AC7
:10E1A0002A2A2A0052657365727665642045786371
:10E1B000657074696F6E20280000000053707572DE
:10E1C000696F757320696E7465727275707420283A
:10E1D00049525120000000002A2A2A2A2A202573A9
:10E1E00020256429202A2A2A2A2A00002A2A2A2AC3
:10E1F0002A204D5055204641554C54202A2A2A2A7F
:10E200002A0000002020537461636B696E672065EB
:10E2100072726F722028636F6E74657874206172F9
:10E220006561206D69676874206265206E6F742077
:10E2300076616C69642900002020556E73746163F7
:10E240006B696E67206572726F72000020204461F6
:10E250007461204163636573732056696F6C6174E8
:10E26000696F6E0020204D4D46415220416464721A
:10E270006573733A20307825780000002020496EBD
:10E28000737472756374696F6E2041636365737331
:10E290002056696F6C6174696F6E00002020466CB7
:10E2A0006F6174696E672D706F696E74206C617A2E
:10E2B000792073746174652070726573657276611C
:10E2C00074696F6E206572726F7200002A2A2A2AA2
:10E2D0002A20425553204641554C54202A2A2A2AA6
:10E2E0002A0000002020537461636B696E6720650B
:10E2F00072726F72000000002020507265636973B3
:10E3000065206461746120627573206572726F723A
:10E3100000000000202042464152204164647265A2
:10E3200073733A2030782578000000002020496D72
:10E3300070726563697365206461746120627573CE
:10E34000206572726F7200002020496E73747275BE
:10E350006374696F6E20627573206572726F7200EC
:10E360002A2A2A2A2A2048415244204641554C5400
:10E37000202A2A2A2A2A000020204275732066615A
:10E38000756C74206F6E20766563746F7220746193
:10E39000626C6520726561640000000020204465A5
:10E3A000627567206576656E740000002020466106
:10E3B000756C7420657363616C6174696F6E20287D
:10E3C0007365652062656C6F772900004152434890
:10E3D0005F455843455054207769746820726561E1
:10E3E000736F6E2025780A000000002000000000F6
:10E3F000060001006D7075004661696C65642074EB
:10E400006F20616C6C6F63617465206E6577204D61
:10E41000505520726567696F6E2025750A000000EF
:10E42000506172746974696F6E2025753A2073614A
:10E430006E69747920636865636B206661696C65D9
:10E44000642E0000496E76616C696420756E6465A7
:10E45000726C79696E6720726567696F6E20696E8C
:10E4600064657820257500000200000080E400004B
:10E47000464C4153485F30005352414D5F300000DD
:10E480000000000070E4000006000000E0FF0F0044
:10E490000000002078E4000021000000E0FF0620DA
:10E4A000736F63002120252457B30000F7B20000EA
:10E4B000000000007D3500005D3500000000000018
:10E4C000636C6F636B403530303000006866636C9E
:10E4D0006B0000006C66636C6B0000006866636C28
:10E4E0006B3139326D0000006866636C6B61756476
:10E4F000696F0000636C6F636B5F636F6E74726F44
:10E500006C0000000136000071360000CCE4000011
:10E510006BB5000093B50000D4E4000061B50000C5
:10E5200089B50000DCE4000057B500007FB50000AD
:10E53000E8E4000063727970746F40353038343429
:10E5400030303000E9B50000000000006770696FEE
:10E5500040383432383030006770696F40383432B8
:10E5600035303000FFFF000000288450000000001C
:10E570000100000000D0005000000000FFFFFFFF7E
:10E5800000258450000000000000000000D0005072
:10E590000000000000010203040506070B00000054
:10E5A0004661696C656420746F20616C6C6F636197
:10E5B000746520505049204368616E6E656C0000A0
:10E5C00075617274403830303000000075617274CB
:10E5D0005F6E7266785F75617274650000800050CE
:10E5E000050000000000000010E600000000D60159
:10E5F000000000000000000000000000000000001B
:10E600000812002000120020B71D0020B61D0020B7
:10E61000008000501CE600000100000024E600001D
:10E6200004000000140000001300000216060001A0
:10E6300015060003002030303030303030303030BC
:10E640003030303000010000000100000800000000
:10E650000300000043505520657863657074696F4E
:10E660006E000000556E68616E646C656420696EB2
:10E670007465727275707400537461636B206F7689
:10E680006572666C6F7700004B65726E656C206F0B
:10E690006F7073004B65726E656C2070616E69639C
:10E6A00000000000556E6B6E6F776E206572726FA2
:10E6B00072000000756E6B6E6F776E0048616C744F
:10E6C000696E672073797374656D00003E3E3E206D
:10E6D0005A455048595220464154414C20455252C7
:10E6E0004F522025643A202573206F6E20435055E9
:10E6F000202564004661756C7420647572696E67CC
:10E7000020696E746572727570742068616E646CD5
:10E71000696E670A0000000043757272656E7420AE
:10E720007468726561643A20257020282573290079
:10E7300069646C65000000006D61696E0000000096
:10E74000B8D50000B8D5000000D6000008D60000FB
:10E7500020D6000020D600006F730000FF8FFFFF5F
:10E76000FF8FFFFFFE8FFFFFFE8FFFFFFD8FFFFF7D
:10E77000FC8FFFFFFC8FFFFFFB8FFFFF6D75746544
:10E78000785F667265652063616C6C65642077698B
:10E790007468204E554C4C20706172616D657465D3
:10E7A0007200000043616E277420696E69746961AC
:10E7B0006C697A65206D757465782C20776173209B
:10E7C0004E554C4C0D0A00004661696C20746F2058
:10E7D00061637175697265206D757465780A0000F2
:10E7E0004661696C20746F20696E63726561736540
:10E7F00020504D20636F756E7465720A0000000032
:10E800004661696C20746F2064656372656173652D
:10E8100020504D20636F756E7465720A0000000011
:10E820004661696C20746F2072656C656173652048
:10E830006D757465780A0000436F756C64206E6FA7
:10E8400074206C6F636B20706F77657220736176D4
:10E8500065206D75746578004661696C20746F2061
:10E86000756E6C6F636B206D757465780A000000BF
:10E870006374782063616E6E6F74206265204E55FC
:10E880004C4C00000A637478206973204E554C4C40
:10E890000A00000067E6096A85AE67BB72F36E3C4A
:10E8A0003AF54FA57F520E518C68059BABD9831F5B
:10E8B00019CDE05BD89E05C107D57C3617DD7030D9
:10E8C00039590EF7310BC0FF11155868A78FF9643D
:10E8D000A44FFABE0123456789ABCDEFFEDCBA98A1
:10E8E00076543210F0E1D2C30020202020202020D6
:10E8F00020202828282828202020202020202020F0
:10E9000020202020202020202088101010101010FF
:10E91000101010101010101010040404040404044B
:10E9200004040410101010101010414141414141E5
:10E9300001010101010101010101010101010101C7
:10E9400001010101101010101010424242424242D7
:10E950000202020202020202020202020202020297
:10E96000020202021010101020000000000000003F
:10E970000000000000000000000000000000000097
:10E980000000000000000000000000000000000087
:10E990000000000000000000000000000000000077
:10E9A0000000000000000000000000000000000067
:10E9B0000000000000000000000000000000000057
:10E9C0000000000000000000000000000000000047
:10E9D0000000000000000000000000000000000037
:10E9E000000000000000000000286E756C6C29001B
:08E9F0002A666C6F61742A00B5
:10E9F800A0D60000C5A200001FAC00007CDE00000D
:10EA0800000000009C0100203A000000B001002036
:10EA18003A000000880100203A000000C4010020EC
:10EA28003A00000000000000A5B20000000000004D
:10EA38000000000060080020000000000000000046
:10EA4800000000000090D00300700150000000009A
:10EA5800FFFFFFFF3F000000FFFFFFFF3F00000038
:10EA6800FF00000074000020740000200000000077
:10EA7800F16A0000C0000020B8000020B0000020AB
:10EA880000000000A8000020C16C00000D6C000010
:10EA9800416C0000896C0000B01400203A00003A74
:10EAA800B41400203A00003AB81400203A00003AA2
:10EAB800BC1400203A00003A041A0020D4000020B8
:10EAC800940000208C000020880000208400002092
:0CEAD800617A0000557A0000497A0000C5
:0CEAE40000000000000000000000000026
:10EAF0000000000000000000000000000000000016
:10EB00000000000000000000000000000000000005
:10EB100000000000000000000000000000000000F5
:0CEB2000000000000000000000000000E9
:04EB2C0000000000E5
:10EB30000000000000000000A968000000000000C4
:10EB400000000000000000005001002050010020E3
:10EB5000350400000000000000000000000000007C
:08EB60000000000000000000AD
:10EB680000000000003A0020001000000000000033
:08EB7800000000000000000095
:10EB80008801002088010020000000000000000033
:10EB90000E0000009C0100209C01002000000000ED
:10EBA000000000000E000000B0010020B0010020B5
:10EBB00000000000000000000E000000C401002062
:10EBC000C401002000000000000000000E00000052
:10EBD000D8010020D8010020000000000100000042
:10EBE000E8010020E8010020000000000A00000009
:10EBF00000000000000000000000000004020020EF
:04EC000004020020EA
:04EC040015E015E022
:0400000300002B25A9
:00000001FF
