:1000000098230020792900009F82000065290000C4
:1000100065290000652900006529000065290000A8
:10002000000000000000000000000000F92A0000AD
:100030006529000000000000912A000065290000E9
:10004000892C0000892C0000892C0000892C0000DC
:10005000892C0000892C0000892C0000892C0000CC
:10006000892C0000892C0000892C0000892C0000BC
:10007000892C0000892C0000892C0000892C0000AC
:10008000892C0000892C0000892C0000892C00009C
:10009000892C0000892C0000892C0000892C00008C
:1000A000892C0000892C0000892C0000892C00007C
:1000B000892C0000892C0000892C0000892C00006C
:1000C000892C0000892C0000892C0000892C00005C
:1000D000892C0000892C0000892C0000892C00004C
:1000E000892C0000892C0000892C0000892C00003C
:1000F000892C0000892C0000892C0000892C00002C
:10010000892C0000892C0000892C0000892C00001B
:10011000892C0000892C0000892C0000892C00000B
:10012000892C0000892C0000892C0000892C0000FB
:10013000892C0000892C0000892C0000892C0000EB
:10014000892C0000892C0000892C0000892C0000DB
:10015000892C000053B94AB9002908BF00281CBFE8
:100160004FF0FF314FF0FF3000F00CB8ADF1080C4C
:100170006DE904CE00F010F8DDF804E0DDE90223BB
:1001800004B07047704700BF034613F8012B002AE4
:10019000FBD1181A013870472DE9F04786468C4686
:1001A0000846089E154674461946002B40F0C1804B
:1001B0008542B2FA82F245D94AB1C2F1200300FA6F
:1001C00002FC954094402EFA03F343EA0C0C4FEAEC
:1001D000154EA8B2230CBCFBFEF80EFB18CC08FB96
:1001E00000F943EA0C43994528D9EB1808F1FF3789
:1001F00004D2994502D9A8F102072B44A3EB0903C5
:10020000A4B2B3FBFEFC0EFB1C330CFB00F044EA73
:100210000344A04214D92C190CF1FF3304D2A0429C
:1002200002D9ACF102032C44241A43EA07401EB160
:10023000D440002334607360BDE8F0874746DDE7B3
:100240006346F1E792BB431B01214FEA154EAFB263
:10025000200CB3FBFEFC0EFB1C330CFB07F840EA42
:100260000343984561D9EB180CF1FF3004D298454F
:1002700002D9ACF102002B44A3EB0803A4B2B3FBF8
:10028000FEFC0EFB1C330CFB07F744EA0344A742B9
:100290004DD92C190CF1FF3304D2A74202D9ACF18D
:1002A00002032C44E41B43EA0040C0E7C2F12003F0
:1002B0009540944020FA03F12EFA03F34FEA154ECD
:1002C0009040AFB20343B1FBFEFC0EFB1C10190CB7
:1002D0000CFB07F841EA0041884522D969180CF166
:1002E000FF3004D2884502D9ACF102002944A1EBC9
:1002F00008019BB2B1FBFEFC0EFB1C110CFB07F7C7
:1003000043EA01439F420ED9EB180CF1FF3104D2AE
:100310009F4202D9ACF102012B44DB1B41EA0041B0
:1003200093E76046E3E76146F7E76046A4E7634684
:10033000B8E7834206D916B9002108467CE7C6E92A
:1003400000E0F9E7B3FA83F78FB9834201D372452E
:1003500008D8BEEB020460EB030301209C461EB9E3
:10036000002169E73846FAE7C6E9004CF8E7C7F12B
:10037000200CBB400EFA07F522FA0CF42EFA0CF111
:10038000BA401C4320FA0CF3B8404FEA1449014329
:100390001FFA84FEB3FBF9F809FB18300B0C08FBBD
:1003A0000EFA43EA00439A4540D9E31808F1FF30BA
:1003B00004D29A4502D9A8F102002344A3EB0A0310
:1003C00089B2B3FBF9F809FB183308FB0EFE41EACA
:1003D00003418E452CD9611808F1FF3304D28E45B4
:1003E00002D9A8F10203214443EA0040A1EB0E0127
:1003F000A0FB02984145CE46434602D306D14D4567
:1004000004D20138B9EB020E68EB0403002EA7D02A
:10041000B5EB0E0261EB030101FA0CFC22FA07F3C3
:10042000F9404CEA0303C6E9003199E74046C5E7C5
:100430004346D9E7B0B582B000AF0B78022B05D0A8
:10044000052B00F0D1800837BD46B0BDCB68012B2D
:10045000F9D14A688B68D35C312B2DD0322BF2D185
:10046000654806F0EEFE0721644806F0BDFE003840
:1004700018BF0120624B187000287ED061496D467C
:1004800000233B7102237B7188B06C4614F110028B
:1004900075D00E201AB1042801DD5B4B6361002387
:1004A0003B7002237B70002A76D0082800DDA16112
:1004B00004F11C0300216DE0544806F0C2FE062141
:1004C0004E4806F091FE003818BF0120504B1870BE
:1004D000E0B14C496D4600233B7102237B7188B02B
:1004E0006C4614F1100213D00E201AB1042801DD5D
:1004F000484B636100233B7002237B70AAB108283C
:1005000000DDA16104F11C0300210CE04249E1E798
:100510006FF00040E9E701F1080CBC441CF808CC7E
:1005200003F801CB01310129F5D90D2822DD0E2375
:1005300042B10321397100217971B9710121F97139
:100540007868206100216FF300016FF341016FF3C0
:1005500082016FF3C501032060F38811C3F30A031E
:1005600063F353216FF31F5100232C4801F098F9D6
:10057000AD4668E76FF01B03DAE727497FE76FF0C6
:10058000004087E701F1080CBC441CF808CC03F8D4
:1005900001CB01310129F5D90D2822DD0E2342B10D
:1005A0000321397100217971B9710121F9717868DC
:1005B000206100216FF300016FF341016FF38201AD
:1005C0006FF3C501032060F38811C3F30A0363F3DB
:1005D00053216FF31F510023104801F061F9AD461C
:1005E00031E76FF01B03DAE78368DC680A23022235
:1005F0000B49A04727E700BFD8AA000040A600008B
:1006000048130020E8A9000000AA0000E0AA0000AA
:1006100049130020F0A90000ECA900002CA900005B
:10062000F809002010B5424809F0FCFB002841D031
:100630004FF4D0113F4806F0C0FD002845DB4FF4D1
:10064000D0113D4806F0B9FD002844DB3B4B18684B
:1006500009F0E8FB002844D0384B186883681B6811
:100660001BB100223649984720B1364A032136484B
:1006700007F00FFD314B18688368DC680A230222FB
:100680003249A047002832D12C4B186883685C6837
:100690004FF0FF336D222E49A04770BB244C00223F
:1006A0000621204606F0C0FD00220721204606F064
:1006B000BBFD31E01E4809F0B5FB0028B8D1254A42
:1006C0000321214807F0E5FCB2E7234A03211E4835
:1006D00007F0DFFCB3E7214A03211B4807F0D9FCF0
:1006E000B4E71F4A0321184807F0D3FCB4E71D4ABA
:1006F0000321154807F0CDFCC6E71B4A0321124829
:1007000007F0C7FCCAE7184A03210F4807F0C1FCED
:1007100041F2883006F09FFD084B186883685C68DA
:100720004FF0FF336D220A49A0470028EBD1EFE7D5
:1007300040A60000E0AA0000D8AA00007000002037
:100740003504000060AA00002CA90000F809002070
:100750000000002010AA000024AA000038AA00000F
:100760004CAA00008CAA0000B0AA00002DE9F04FAE
:1007700091B005920293134602F004020092C3F373
:10078000C20210F00303019340F02B8280468A4698
:100790000132041D00284FD0B8F1000F05D0A4EBA2
:1007A00008030433534500F21F82029B5D1E019B28
:1007B00004930693039300264FF0FF3B0427B946AA
:1007C000B8F1000F01D0029B2360531E0793002A4B
:1007D00040F35D81059B13F0020228D00120A4EBB9
:1007E00008018B081AB1B1F5007F80F003820399EC
:1007F0000F2900F20282B8F1000F00F06081DBB235
:1008000001F140026A4402F8103C02F820BC0028C2
:1008100000F0518163F07F0301F140026A4402F865
:10082000103C049B01330493039B01330393043472
:100830000022CC4640463DE001F0070A5444CAF18C
:10084000080AA9E7002634E0002632E0002630E05E
:100850000827BC462DE025292BD10BF1010B0126E1
:100860000427BC4625E04729EED82A2914D32A3983
:10087000C9B24FF0010E0EFA01F14FF6DA7E11EA1D
:100880000E0F16D111F0625F40F0C08011F0010F21
:1008900040F08C8000260CE0252903D10BF1FF3BB2
:1008A000002606E001D9002603E0202901D02329F3
:1008B000CCD11D466B1C6978002900F01981002EEF
:1008C000C9D07A29BED84C29CDD34C392E2961D82C
:1008D0000FF2040E5EF821F0B30800009509000045
:1008E0009509000095090000950900009509000090
:1008F0009509000095090000950900009509000080
:100900009509000095090000A5090000950900005F
:10091000950900009509000095090000950900005F
:100920009509000095090000950900000D0A0000D6
:1009300095090000A5090000A50900000D0A0000A6
:100940000D0A00000D0A0000B3080000A509000010
:100950005108000095090000B30800009509000047
:10096000690A0000A5090000690A00009509000055
:1009700095090000710A00009F090000A509000008
:100980009509000095090000A509000095090000DF
:100990009909000000268CE70427BC4689E7042754
:1009A000BC4686E729786C2924D000263C44013CCB
:1009B000B4FBF7F407FB04F420B1211A614451455C
:1009C00000F21581002A58D1BCF1040F00F0888094
:1009D000BCF1080F40F014811A99073121F007018A
:1009E00001F108051A95D1E9008908B1C4E9008927
:1009F00008345EE713F8021C6C2903D00026042794
:100A0000BC46D3E700260827BC46CFE729784C2907
:100A10001AD01A99073121F0070101F108061A9638
:100A2000D1E90067073424F0070440B1211A0831E6
:100A3000514513D829784C2913D0C4E900670834EC
:100A400000260827BC4634E71A99073121F0070130
:100A500001F108061A96D1E90067E3E76FF01B0081
:100A6000BCE0C4E90067EAE700260427BC469DE72E
:100A7000324600260427BC4698E7E14680461A9A8B
:100A8000111D1A9112680292079A1D4698E6624B50
:100A9000029A9A4204D3614B9A420AD3002300E09F
:100AA0000023002B7FF496AE059B03F0020200208A
:100AB00095E60123F5E7069B01330693B4E610B1F2
:100AC0000AF1010AB0E6009B13B10AF1020AABE693
:100AD0000298FFF759FB0AEB000303F1020AA3E6B1
:100AE0001A990D1D1A95096800B121600434E0E6D9
:100AF0008046231AB3F5806F80F0858090B1002284
:100B000002609B080370009B83B1069BC370049B2B
:100B100088F802301BBB019DDDF80C90DDF810B0A9
:100B2000029F3DE05344A3F1080057E0069B437049
:100B3000EDE701339842EED903F140026A4412F81E
:100B4000101C12F9102C002AF3DA01F07F01A4EB3B
:100B500008020132524559D804F8011BE9E7019B0C
:100B60000398E7E7009B43B305F140036B4413F898
:100B7000203C04F8013B019EA4EB080333440133FD
:100B8000534546D805F140036B4413F8103C04F874
:100B9000013B32463946204609F062FC34440135B7
:100BA000A94519D9BBF1000FDCD005F140036B4416
:100BB00013F9103C002BD5DAF1E705F140036B4443
:100BC00013F8103C58F82370002248F823203846C8
:100BD000FFF7DAFA461CCFE7A4EB080011B0BDE836
:100BE000F08F6FF00D00F9E76FF01B00F6E76FF084
:100BF0001B00F3E76FF01500F0E76FF01500EDE76D
:100C00006FF01500EAE76FF01500E7E76FF01B00E3
:100C1000E4E76FF01B00E1E7C8A50000B0B70000F3
:100C20002DE9F04F97B000AF8346BA613B61D7F82A
:100C30008030C3F3C0033B62F96011B906F044FC95
:100C4000F8609BF80260B14636B1D7F8803013F0F7
:100C5000010F0DD1002300E000239BF803207A62EE
:100C600042B1D7F8802012F0020F22D1002202E018
:100C70000123F2E7002202B9EBB19BF80050AA0071
:100C8000BA60DBF804207A610BEB8505BA69F2B132
:100C9000002B40F00481B9F1000F00F00F81D7F86C
:100CA000803013F0040F40F00D810020F8610646FB
:100CB000F9E00122DFE7BB691BB13A69F9685846E0
:100CC0009847FC6820465C37BD46BDE8F08FFC685D
:100CD000E3B94D4400233B6123E004440135013670
:100CE0004E451AD22A7800235BF822201946B869AB
:100CF00006F0FFFBBAF1000FEFD0D7F88830984527
:100D0000EBD22AF8180008F10108E6E70026C7F838
:100D10001C80B046D7F884A0E2E7C7F81080D7F867
:100D20001C80D7F8803003F00503FB604FF0000A09
:100D3000A146C7F81CB09CE000253B6A7BB9002D9A
:100D400079D0D7F8803013F0010F79D1FB68002BF0
:100D50006FD10223A9EB030988E00125EDE759468D
:100D6000786906F00CFC0028E9D06C46002387F86F
:100D70002C30022387F82D308AB0694611F1100219
:100D800037D012251AB1042D01DDB34B4B6100237E
:100D900087F82830022387F829306ABB112D45DDFA
:100DA000122362B1042087F82C00002087F82D0060
:100DB00087F82E00012087F82F00F86A08616FF38A
:100DC00000086FF341086FF382086FF3C508022132
:100DD00061F38818C3F30A0363F353286FF31F58B2
:100DE000002341469D4800F05BFDA546A9F102099C
:100DF0003CE06FF00045C5E72B46082D01DD786922
:100E000088610C2B01DDC1F81CB001F1200300202A
:100E100009E000F1300C07F1280EF4441CF830CC46
:100E200003F801CB01300128F3D9B7E76FF01B03BA
:100E3000B7E701238EE7D7F8803013F0020F15D003
:100E4000002322461946B86906F053FBD7F88430D0
:100E500053B13B69D7F88820934205D2D7F8842054
:100E600022F8130001333B61013881440AF1010A81
:100E700035467B6A9A4510D22E4616F802BB6B782F
:100E8000FA6952F82340764B9C42FFF455AF754BFC
:100E90009C42FFF462AF00254FE74C4612E707F192
:100EA00044000023FB6118B14A46294609F0D8FAEC
:100EB0004D444FF00008C7F804901EE00020F86190
:100EC0000646F0E7FE6107F134000026EBE7002557
:100ED0003B6A33BB002D3BD0D7F8803013F0010FB5
:100EE00026D0731C06F1300207F12801561806F8C7
:100EF000149CDEB208F1010825467B6A98454AD267
:100F00002C4614F802AB95F801905BF82930544A4E
:100F10009342DCD3534A934201D30025D8E70125FD
:100F2000D6E75146786906F02AFB0028D2D0E1E7DF
:100F3000D7F8803013F0040FDCD0FA69531C30323C
:100F400007F128010A4402F8249CDBB2FB61D1E7D7
:100F5000D7F8803013F0020F09D0731C06F130026D
:100F600007F12801561806F8149CDEB2C2E7F869AA
:100F7000431C00F1300107F128028A1802F824AC62
:100F800002460232D2B2FA6107F1580252FA83F3F2
:100F900003F8249CAEE7D7F804909BF8003087F85C
:100FA00054309BF80130334487F85530D7F88030FF
:100FB00013F0020F0ED1FB69C3F3470387F85730D4
:100FC000D7F8803013F0010F06D113F0040F3ED193
:100FD000002302E00023F1E7002387F85630DBF816
:100FE00000003863786DCBF80000D7F810804246D7
:100FF000B9685846D7F818A0D047041EFFF662AE6D
:10100000386BCBF80000C7F810804246F96907F149
:101010003400D04700285EDB04EB0008B96849447F
:101020007B6A01EB4301D7F810904A46FB68591AD6
:101030002846D047041EFFF645AE08EB04054FF0E6
:101040000008C7F824B0B3465446CA4621E0FB69FD
:10105000C3E74FF0000909E0F0AA000034A900003E
:10106000C8A50000B0B700004FF0000952460121AA
:1010700007F12C00A04700282FDB05444B463246E1
:101080005146204606F035FA002828DB054408F1D1
:101090000108D84518D208F1300307F1280213449B
:1010A00013F8143C87F82C307A6A52F82360D7F88A
:1010B0008430002BCDD0D7F888309845D4D2D7F8DB
:1010C000843033F81890D1E73A6900210846BB69AB
:1010D00098472C46F6E50446F4E50446F2E5044656
:1010E000F0E500BF014B1860704700BF740000209E
:1010F00080B505460E461746984605F095F8034616
:1011000009F058FA0446DFF8189049F800304246D2
:1011100039463046A84754F8090001F09FFC00BF4B
:10112000080000002DE9F04383B004460846154648
:10113000238B13F0080F05D103F00706002300935B
:10114000019354E0012909D043F02003238385F360
:101150001188BFF36F8F03B0BDE8F08343F0100335
:101160002383F4E7204606F06DFD42E0D4F81490A6
:101170004A466946204606F07EFD4FF00008238B64
:1011800003F00707B74269D0A268002A66D001229F
:1011900043F00803238385F31188BFF36F8F002A80
:1011A00064D1009B2BB14B463A466946204606F077
:1011B000DBFDB8F1000F02D034492046C047EFF301
:1011C0001185202383F31288BFF36F8F238B23F0C5
:1011D00008032383238B13F0100F4DD023F010034B
:1011E00023830120268B06F007060028AFD00228B3
:1011F000B8D00028ABD0013804282BD801A353F86D
:1012000020F000BF6D1100005512000019120000FF
:101210002D120000411200002369D3F8008006213E
:10122000204606F0E5FC4FF00009A8E72369D3F853
:1012300004800421204606F0DBFC4FF000099EE705
:101240002369D3F808800521204606F0D1FC4FF031
:10125000000994E74FF00008C14690E7009A0AB1F0
:10126000002295E7B8F1000F92D1B3E74A4639461C
:10127000204606F0C5FC94E713F0200F04D023F0BD
:10128000200323830220ADE70020ABE7977D000019
:1012900038B505460B4C00E010340B4B9C420FD286
:1012A00063685B79002BF7D02946204606F03EFEA6
:1012B0000028F1D023681B68294620469847EBE7B1
:1012C00038BD00BF7CA900008CA9000070B506469F
:1012D0000D46084C04E02A46314620469847103413
:1012E000054B9C4204D223689B69002BF3D1F6E79F
:1012F00070BD00BF7CA900008CA900002DE9F04161
:10130000074605460AE007EA0807144B03EB0613F5
:101310005B6804221968204606F052FED5B195FAA2
:10132000A5F6B6FA86F60D4C04EB06140123B3407D
:101330006FEA030825EA0305237B002BEED0330177
:10134000064AD3581B69002BDDD020469847002859
:10135000E4D1D8E73846BDE8F08100BF7CA90000A1
:101360002DE9F04180460F461D4BD3E8EF5F6A1C24
:10137000C3E8E12F0029F8D16DBB1A4C002607E025
:10138000636804221968204606F01AFE01361034FC
:10139000154B9C4211D2237B002BF7D0204606F040
:1013A000B9FD23681B69002BEAD020469847002826
:1013B000E6D00123B3401D43E8E7B8F1000F0BD09E
:1013C00055B12846FFF79AFF0546002FF8D00A20AE
:1013D00006F0B2FDF4E700252846BDE8F08100BF25
:1013E000100A00207CA900008CA9000008B5064B5B
:1013F000186018B1054B1B68092B00DC08BD0448B8
:1014000004F076FAFAE700BF040A00200C0A002074
:10141000E401002008B5024804F06AFA08BD00BFE4
:10142000E401002030B589B000220F490F4808F0D0
:10143000F8FF0F4D00220023CDE906230024049479
:101440000E2303930294019400940A4B4FF44072CC
:101450000949284608F007FE0849284604F0C2FA60
:10146000204609B030BD00BF15140000B0060020B2
:10147000F8010020C917000058130020A8AB000095
:10148000014B53F820007047C4AB000048B108B5C9
:10149000054A1060054B1960084600F0F5FC002075
:1014A00008BD6FF01500704778000020000A00208A
:1014B00008B5054B1B781BB1034B01221A7008BD00
:1014C000024804F015FAF7E74A130020E40100206F
:1014D00008B50C4BD3E8EF1F0131C3E8E21F002A27
:1014E000F8D130B9084808F0A8FF084804F000FA1D
:1014F00008BD074BD3E8EF1F0139C3E8E21F002AFC
:10150000F0D0F7E7080A0020B0060020E401002030
:101510000C0A0020044B00200146D3E8EF0FC3E87B
:10152000E21F002AF9D17047080A002038B5FFF7FA
:10153000F1FF0546094C00E01034094B9C420BD2E8
:1015400063685B79002BF7D023685B68002BF3D0CE
:10155000294620469847EFE738BD00BF7CA9000028
:101560008CA90000034B18680028D4BF002001207C
:10157000704700BF080A002010B5044C04492046FB
:1015800006F091F9034B1C6010BD00BF580100200C
:10159000B0AB0000FC09002008B500230C4A137012
:1015A0000C4A13600C4A13604FF400410B48FFF7DC
:1015B0006DFFFFF7E1FF0A4A06E0094BD31A1B1142
:1015C000013351680B711032064B9A42F5D308BDB6
:1015D0004B130020080A00200C0A0020317F000075
:1015E0007CA900008CA9000008B50146014806F05E
:1015F000B9FC08BD5801002008B5024806F036FACB
:1016000008BD00BF5801002008B50146024B18680C
:1016100006F0AEFC08BD00BFFC09002008B502487A
:1016200006F0AAFC08BD00BF5801002010B582B02A
:1016300000220023CDE90023264B187808B902B018
:1016400010BD684606F0B0FC044660B1FFF720FE0E
:101650002046FFF7D9FF204BD3E8EF1F0139C3E83D
:10166000E21F002AF8D1FFF77DFF58B91B4A136823
:10167000516813F57A7341F1000113605160FFF76F
:10168000CDFFDCE708F0BEFE4A0142EAD06243012A
:101690001B1A62EB0102920042EA93729B001B1834
:1016A00042EB0102D20042EA5372C3F3103343EA21
:1016B0004243D20B0948016840685B1A62EB0002A2
:1016C00040F2E9318B4272F10002CFD3FFF72EFFD7
:1016D000CCE700BF4A1300200C0A0020A806002017
:1016E0000F4B1B7803B1704710B500210120FFF7A5
:1016F00037FE0C4C00E010340B4B9C4208D2636860
:101700005B79002BF7D023689B6820469847F2E767
:10171000FFF78CFF0028FBD1014B01221A7010BD8E
:101720004B1300207CA900008CA9000010B582B0EA
:10173000184BD3E8EF2F511CC3E8E01F0028F8D165
:10174000154B1B7863B9154B1B68B3B1BAB1092AA5
:1017500013D1134808F071FE124804F0C9F80CE0E8
:10176000EFF31184202383F31288BFF36F8FFFF709
:101770005DFF84F31188BFF36F8F02B010BD0022AC
:101780000023CDE900234FF400420023044805F074
:1017900093F8F2E70C0A00204B130020040A002003
:1017A000B0060020E401002010B50446044B1B687D
:1017B0009847A0602146034806F0FAFB10BD00BF21
:1017C00078000020580100202DE9F0410021084652
:1017D000FFF7C6FD804650B140F26766002708F06B
:1017E000E9FE154B1858FFF701FE002515E04FF0F4
:1017F000FF364FF0FF37F2E74046FFF77FFD8046A8
:1018000070B94FF0FF364FF0FF3709E02C463246F3
:101810003B460A4804F0B0F82546B8F1000FEBD17A
:10182000FFF704FF04460028F6D1002DEED000217A
:101830000846FFF74BFDEAE708000000E40100203E
:101840000248034BC01AC008704700BF7CA90000C3
:101850002CA9000010B50C46FFF7F2FFA04203D9F7
:10186000024B53F8340010BD0020FCE72CA9000007
:1018700000B589B0059206930023079362B1074A29
:101880000C9B02930B9B01930A9B009305ABFFF704
:10189000C7F909B05DF804FB0022F1E7D77F00002B
:1018A0002DE9F04F8BB004AF05461E468846C1F3C4
:1018B0004A24002C00F0898091460022FA603A61A7
:1018C0007A6104230293FB1801930A23009307F122
:1018D0000C0321464846FFF7A3F9B0F5006F58D333
:1018E000D9F804106D4600233B7302237B738AB042
:1018F00004AC14F1100217D012201AB1042801DD33
:101900003B4B636100233B7002237B70CAB10346EB
:10191000082800DDA1610C2B02DD40F2FF73E361BA
:1019200004F1200300210AE06FF00040E5E701F137
:1019300018063E4416F8186C03F8016B01310129B2
:10194000F5D9112822DD122342B104213973002177
:101950007973B9730121F973F868206100216FF37D
:1019600000016FF341016FF382016FF3C5010220A3
:1019700060F38811C3F30A0363F353210023C1F317
:1019800013011C4806F09AFBAD462DE06FF01B03D7
:10199000DAE760F35328C0F30A0A0AEB185017304D
:1019A00020F007008008FFF71FFE8346B0B1042334
:1019B0000293FB1801930A230093534600F110028F
:1019C00021464846FFF754FF08E004EB1154173452
:1019D00024F00704A008FFF707FE8346334642467B
:1019E0002946584606F00DFB1C37BD46BDE8F08F72
:1019F000E4AB000044A900002DE9F04F85B080461B
:101A00000D4617461E46DDF838B0DDF84090B9F1B6
:101A1000000F41D0119B039300934B460F9A102166
:101A20000020FEF7A3FEB0F5006F2DD282460BEB2F
:101A30000003173323F0070300246FF300046FF350
:101A400041046FF3820468F3C50467F3881460F3FC
:101A500053246BF31F549808FFF7C6FD074650B197
:101A60001030B9F1000F06D0119B00934B460F9A2E
:101A70005146FEF77BFE334622462946384606F09D
:101A8000C0FA05B0BDE8F08F40F2FF73034A0221AF
:101A9000034806F008FBF4E70020C7E724AC000089
:101AA00044A90000406820B1034BC01A40F3CF00A6
:101AB00070474FF0FF3070472CA900000EB400B5FE
:101AC00082B0014603AB53F8042B0193034801F0A5
:101AD000C3FA02B05DF804EB03B07047F380000076
:101AE00010B584B011F0440F05D01A4B1B6833B900
:101AF000002004B010BD1849FFF7E0FFF9E71749CF
:101B00000968B2FBF1F2B2FBF3FC03FB1C224FF4B9
:101B10007A7E0EFB02F2B2FBF3F403FB14210EFB00
:101B200001F1B1FBF3F10E4AA2FB0C32D20A4FF4E1
:101B3000616303FB12CC0B4BA3FB0CE35B0902912B
:101B40000194C3EB0311ACEB810100910649FFF74F
:101B5000B5FFCEE7180A00205CAC0000140A002094
:101B6000C5B3A2918988888868AC000061B108B5C6
:101B70002AB1064A52F8232012B9054A00E0044A65
:101B80000449FFF79BFF08BD704700BF04AD00008C
:101B900084AC0000FCA900002DE9F0410546174681
:101BA000069EDDF81C8081B900242EB13246114911
:101BB0002846FFF783FF0444B8F1000F14D06FB13B
:101BC000099B042B13D00C4909E00C4B099A53F8DC
:101BD00022200B49FFF772FF0446E6E7064942461A
:101BE0002846FFF76BFF04442046BDE8F081054915
:101BF000F5E700BFA0AC000090AC000018AD0000FD
:101C000098AC00008CAC00002DE9F04F87B0054681
:101C10000C46049205939DF84C7001F0020B01F004
:101C2000010AC1F3C00801F4807906F0C7F918B3BE
:101C3000024616492846FFF741FF0646BBF1000F52
:101C40001CD13A465146284606F07AFAB9F1000FFF
:101C500001D0002311930397129B0293119B0193D0
:101C6000109B00930023049A41462846FFF794FFF7
:101C7000304407B0BDE8F08F0026DFE7059A214623
:101C80002846FFF72DFF0644DBE700BFA4AC0000A9
:101C900011F0100F0BD108B511F0200F03D004493B
:101CA000FFF70CFF08BD0349FFF708FFFAE770478D
:101CB000E4AD00007CB600002DE9F04105460F467A
:101CC000164698460699FFF7E3FF0024444505DAD7
:101CD00024492846FFF7F2FE0134F7E7002409E023
:101CE00020492846FFF7EAFE0BE01F492846FFF788
:101CF000E5FE01340F2C0CDC002C02DD14F0070F84
:101D0000EED0B442F1D23A5D18492846FFF7D6FE2C
:101D1000EFE717492846FFF7D1FE002409E01149F3
:101D20002846FFF7CBFE0BE012492846FFF7C6FE18
:101D300001340F2C13DC002C02DD14F0070FEED061
:101D4000B44207D23A5D0C4B9B5C13F0970FEBD17A
:101D50002E22E9E703492846FFF7B0FEE8E7BDE891
:101D6000F08100BF9CAC0000B0AC0000A8AC00004B
:101D7000B4AC0000B8AC0000A1B600002DE9F04101
:101D800084B004469DF82C500C9F0E9E95B9012BF3
:101D90001ED019484FF0000827B13B46224617498C
:101DA00005F0BDFBC6B905BB204606F08BF904B0B3
:101DB000BDE8F08103950A980290019300920B46CA
:101DC00000220F992046FFF71FFF80460C48E3E7EB
:101DD0000B484FF00008DFE70F9B00934346324665
:101DE0000D99204606F0C4F9DDE72A460F992046F2
:101DF00006F0B2F9D8E700BF238100005930000097
:101E0000F38000002DE9F04383B00646056842F2F6
:101E10000F738B4228BF0B46184A0521684604F011
:101E20001DFF04467368D3F804900B27DFF8508039
:101E300005E04A4639464046A8473F1A8044002FED
:101E4000F7D17368D3F804806F4605E04246214617
:101E50003846A847241A0744002CF7D173685F68F6
:101E60001B24084E05E03A4621463046A847241A6E
:101E70000644002CF7D103B0BDE8F0831CAF00008E
:101E8000D8AC0000BCAC0000074B01221A6004E093
:101E90004008054A13685B001360044B9842F7D86A
:101EA000034B1860704700BF140A002040420F0027
:101EB000180A002070B506460D46002405E0315D85
:101EC00004488368DB6998470134AC42F7D328465D
:101ED00070BD00BF80A60000014B0360002070476A
:101EE00080AD000008B5034805F076FB024805F018
:101EF00073FB08BD80AD0000B8AD000008B5024816
:101F000004F06AFD08BD00BFE8AD0000B0F5680F41
:101F100017D00CD840F6BA63984214D0B0F5683F99
:101F200013D03A2801D00120704700207047094B98
:101F300098420CD0084B984201D0012070470020F5
:101F40007047002070470020704700207047002035
:101F5000704700BF3A00003A2C5F5CA928B308B56F
:101F60004368B3F5683F0AD0B3F5680F14D012493F
:101F70008B421FD0006803F065FC002014E003686A
:101F80000022D3E8EF1F012903D1C3E8E02F002886
:101F9000F7D10DD1104607E003681B7803F5807375
:101FA0000020064A42F8230008BD6FF4E040704765
:101FB0000348F9E70348F7E72C5F5CA900000350EA
:101FC000E98FFFFFEA8FFFFF88B308B54368B3F5D9
:101FD000683F0FD0B3F5680F19D016498B4224D053
:101FE00000684FF0FF324FF0FF3303F0ABFB68B1F6
:101FF00011480BE003680122D3E8EF1F002903D149
:10200000C3E8E02F0028F7D10BD1002008BD0368FA
:102010001B7803F58073094A52F823301BB900205E
:10202000F4E70548F2E70448F0E70548EEE76FF407
:10203000E04070472C5F5CA9E98FFFFF0000035070
:10204000EA8FFFFF10B50446A8B16368B3F5683F97
:1020500010D0B3F5680F0DD00D4A93420AD013F497
:10206000686F0DD021680B4807F03EFF0023236006
:10207000074B636010BD084B5B6808489847E4E76E
:10208000236800221A605A609A60DA601A61EFE7EA
:102090002C5F5CA9440F0020F0000020F0AD000090
:1020A00010B5044668B36068B0F5683F28D0B0F555
:1020B000680F25D0174B984228D0FFF727FFC0B1F3
:1020C0004FF0FF324FF0FF332146134803F008FB77
:1020D00008B923681BB9114B5B68114898472368FE
:1020E00000221A605A609A60DA601A614FF46863DD
:1020F0006360206807F079FF636843F03A03636028
:1021000010BD064B5B6807489847CCE72368002B57
:10211000D3D1D5E72C5F5CA9440F0020F00000204C
:1021200018AE0000F0AD000008B5402314220449A9
:10213000044807F0CBFE0449044804F0BFFC08BD86
:10214000440A0020440F002048AE00005CAE0000AE
:102150002DE9F04182B000AF0446D0F800E0D0F89D
:1021600004C085686E468AB06B4613F1100200F019
:10217000888014218AB10846042903DDDFF81C8118
:10218000C3F81480082801DDC3F818E00C2801DD2D
:10219000C3F81CC0102800DD1D62132974DD14254E
:1021A0003AB10521397100217971B971F9717868F5
:1021B000186100216FF300016FF341016FF3820199
:1021C0006FF3C501012363F38811C5F30A0565F3B5
:1021D00053216FF31F5100233148FFF761FBB546D0
:1021E000D4F80CC026696569E8468AB06B4613F1DD
:1021F00010024CD0142182B10846042903DDDFF817
:10220000A4E0C3F814E0082801DDC3F818C00C28C6
:1022100000DDDE61102800DD1D6213293ADD142582
:102220003AB10521397100217971B971F971786874
:10223000186100216FF300016FF341016FF3820118
:102240006FF3C501012666F38811C5F30A0565F32E
:1022500053216FF31F51124D00232846FFF720FB37
:10226000C546E369104A3146284605F01CFFA369BC
:102270000E4A3146284605F016FF0837BD46BDE830
:10228000F0816FF0004175E76FF01B0588E76FF094
:102290000041B0E76FF01B05C2E700BF6CAE000065
:1022A00064A900009CAE0000CCAE0000DCAE0000D3
:1022B00038B504460D4611B10846FFF749FF012C19
:1022C00004D02946204602F0ABFF38BDEFF305836A
:1022D000103B034A0121034805F0E5FEF1E700BF8A
:1022E0000CAF000064A9000030BFFFF7FDBF00BFC6
:1022F00038B50446054D2A46054908F0B1F8054AA7
:102300000021601908F0D3F838BD00BF00000000BC
:10231000D0A900000400000070B50646064D074B2A
:102320001D444C1B2046FFF7E3FF083CC6F8A440C1
:1023300005F1080070BD00BF0000000004000000AF
:10234000054B5A699B689A4204D0044A536843F08B
:1023500080535360704700BF3C11002000ED00E047
:1023600081690D4B5A6942F480725A61BFF34F8FF5
:10237000BFF36F8F31F8021C5A6922F480725A61E0
:10238000BFF34F8FBFF36F8F4DF60273994201D0A9
:10239000002070470120704700ED00E04FF0000C76
:1023A00083F800C002F07F4CBCF17F4F14D102F0E3
:1023B0000C0CBCF1080F04D012F0080F09D008462D
:1023C000704708B5054A0121054805F062FE002066
:1023D00008BD01221A7070470020704720AF00002E
:1023E00064A9000008B5314A0121314805F051FEC9
:1023F000304B9B6A13F0007F26D11D202D4B9B6A2A
:1024000013F0807F27D12B4B9B6A13F4801F29D1B7
:10241000284B9B6A13F4002F2BD1264B9B6A13F495
:10242000802F2DD1234B9B6A13F4003F2FD1214BDA
:102430009B6A13F4803F31D11E4A936A6FEA0343CB
:102440006FEA1343936208BD1B4A0121184805F047
:1024500020FE1E20D2E7194A0121154805F019FE79
:102460001F20D0E7164A0121114805F012FE022074
:10247000CEE7144A01210E4805F00BFE2120CCE7DF
:10248000114A01210A4805F004FE2220CAE70F4A3A
:102490000121074805F0FDFD2320C8E70C4A012172
:1024A000034805F0F6FD2420C6E700BF4CAF00004E
:1024B00064A9000000ED00E064AF000078AF000008
:1024C00094AF0000C0AF0000E0AF000008B0000013
:1024D00024B0000008B500230B70034A0121034813
:1024E00005F0D7FD08BD00BF50B0000064A9000092
:1024F00090B583B000AF0F2923DC2F4C1039002397
:102500003B7102237B718AB0EC461CF110021AD099
:10251000122022B1042802DD284BCCF8143000230D
:102520003B7002237B70E2B10346082801DDCCF842
:1025300018400C2B01DDCCF81C100CF120030021FD
:102540000DE01F4CDAE76FF00040E2E701F108040C
:1025500004EB070E1EF808EC03F801EB013101292A
:10256000F4D9112824DD12234AB104213971002144
:102570007971B9710121F9717868CCF810000021E6
:102580006FF300016FF341016FF382016FF3C50137
:10259000012060F38811C3F30A0363F353216FF33F
:1025A0001F5100230748FFF77BF90C37BD4690BD4C
:1025B0006FF01B03D8E700BF74B00000A8B00000A4
:1025C0008CB0000064A90000F8B505460F4614461B
:1025D000394A0121394805F05CFD394B9B6A13F0FB
:1025E000100F31D11026364B9B6A13F0080F32D1F1
:1025F000334B9B6A13F0020F34D1314B9B6A13F0BB
:10260000010F4BD12E4B9B6A13F0200F4DD12C4B59
:102610009B6A13F0100F01D1294B9B6A284B9B6AD0
:1026200013F0200F04D0264A536A23F40053536258
:10263000234A936A43F0FF0393620121284605F081
:1026400034FE20703046F8BD1E4A01211B4805F0BB
:1026500020FD1126C7E71C4A0121184805F019FD85
:102660001226C5E7194A0121144805F012FD144A43
:10267000536B926A12F0800F01D11326BDE7144A02
:1026800001210E4805F00FFD37B10D4A936A23F082
:10269000800393621326B0E71326AEE70D4A0121AB
:1026A000064805F0F6FC1426ACE70B4A0121034866
:1026B00005F0EFFC1526AAE7BCB0000064A90000F5
:1026C00000ED00E0D4B0000008B100001CB1000033
:1026D00034B100004CB100006CB10000F8B5054603
:1026E0000F461446374A0121374805F0D2FC374BD4
:1026F0009B6A13F4805F25D11626344B9B6A13F432
:10270000006F26D1314B9B6A13F4007F28D12F4BE9
:102710009B6A13F4806F3FD12C4B9B6A13F4807F2C
:1027200041D12A4B9B6A13F4005F43D1274A936A35
:1027300043F47F4393620121284605F0B6FD2070E3
:102740003046F8BD224A01211F4805F0A2FC172699
:10275000D3E7204A01211C4805F09BFC1826D1E74D
:102760001D4A0121184805F094FC184A936B926A9F
:1027700012F4004F01D11926C9E7184A0121124865
:1027800005F091FC37B1114A936A23F40043936238
:102790001926BCE71926BAE7114A01210A4805F0B3
:1027A00078FC1A26B8E70F4A0121074805F071FCAA
:1027B0001B26BBE70C4A0121034805F06AFC1C26D6
:1027C000B4E700BF9CB1000064A9000000ED00E088
:1027D000B4B1000008B10000C8B10000E4B10000CD
:1027E000FCB1000018B200006CB1000070B50646E4
:1027F0000D462B4A01212B4805F04BFC00232B7082
:10280000294BDC6A14F002040AD1274BDB6A002B47
:102810000DDB254BDC6A14F080440ED1204670BDE0
:10282000224A01211F4805F034FC0024F6E7204A23
:1028300001211C4805F02DFCF0E71E4A0121194832
:1028400005F027FC3046FFF78BFD98B9164B9B6AC5
:1028500013F0FF0F16D1144B9C6A14F47F4418D167
:10286000114B9B6AB3F5803FD8D33046FFF7BAFDD2
:102870000446D3E73368104A01210A4805F013FCE7
:102880003468CBE72A4601213046FFF79DFE044617
:10289000C4E72A4601213046FFF720FF0446BDE782
:1028A00030B2000064A9000000ED00E048B2000072
:1028B0006CB200007CB200009CB2000030B58BB05E
:1028C0001F4B5D68C5F30805002383F31188BFF330
:1028D0006F8F0DF12603FFF761FD04460DF127020E
:1028E000294605F0E4FC9DF827300BB10BB030BD54
:1028F00005460DF1040C20686168A268E368ACE845
:102900000F0020696169A269E369ACE80F009DF8D6
:1029100026304BB1089BC3F308025AB96FEA532320
:102920006FEA4323089305E0089B23F4FF7323F029
:102930000103089301A92846FFF7BAFCD6E700BFB8
:1029400000ED00E0064B5A6942F010025A615A69E4
:1029500042F480625A615A6922F008025A61704753
:1029600000ED00E0EFF30880EFF3098101B5724656
:10297000FFF7A4FF01BD00BF002080F31488BFF360
:102980006F8F002080F30A8880F30B88104880F353
:10299000088800200F49087001F04CFE00200E4905
:1029A0000860BFF34F8F00F02FF8202080F31188CC
:1029B0000A484FF40061401880F30988EFF314804F
:1029C0000221084380F31488BFF36F8F00F0E4F80E
:1029D000982300205213002094ED00E058160020A8
:1029E000084BD3F89000C0F30720002306E0054A07
:1029F000C2F898300021C2F8A01001338342F6DB00
:102A0000704700BF00ED00E010B572B6002484F3FB
:102A10001388FFF7E5FF234608E003F120010E4A83
:102A20004FF0FF3042F821000133DBB20F2BF4D915
:102A3000002308E003F16001074A4FF0FF3042F83D
:102A400021000133DBB20F2BF4D962B6BFF34F8FF5
:102A5000BFF36F8F10BD00BF00E100E008B50A4B67
:102A60009B68834202D003F0E5FB08BDEFF30583CA
:102A7000002BF8D0054B5A6842F080525A605A6ACF
:102A800022F400425A62EEE73C11002000ED00E023
:102A900016498A684FF030001044EFF3098C80E843
:102AA000F01F202080F31288BFF36F8F104F4FF07C
:102AB00000664A698A603E60D2F8A4000D4C20602E
:102AC000D2F8A8000023C2F8A83080F3118802F1E0
:102AD000300090E8F01F8CF3098802F1000004B583
:102AE00005F01BFCBDE80440704700003C110020CD
:102AF00004ED00E0600F00201EF0040F0CBFEFF3A8
:102B00000880EFF30980816911F8021C0229FFD0C7
:102B100001B5724605F0BDFB01BD00BF002807DB13
:102B200000F01F02400901239340024A42F820307E
:102B3000704700BF00E100E0002808DB4901C9B28E
:102B400000F1604000F5614080F80013704700F02C
:102B50000F004901C9B2014B1954704714ED00E050
:102B60004209054B53F8222000F01F00012303FA0D
:102B700000F01040704700BF00E100E0044B23F07C
:102B80007F03044A9360BFF34F8FBFF36F8F70478B
:102B90000000000000ED00E008B5FFF7EFFF074A76
:102BA000D2F8883023F47003C2F8883002F0E8FCD1
:102BB00003F0A6FC00F04EF802F03EFD00ED00E050
:102BC00010B4A2F120040E4942F8081C21F00101C2
:102BD00042F8081C42F8203C019B42F81C3C029B36
:102BE00042F8183C039B42F8143C4FF0807342F8C3
:102BF000043C04650023C0F8A83010BC704700BF37
:102C0000F110000000B50E4615460B4B9860D0F849
:102C1000A4200A4B1A60D0F8943083F30B882C461A
:102C200086F309880020064B9847204600210022A1
:102C30000023044C204700BF3C110020600F0020FF
:102C400025830000F1100000014B10221A6170472B
:102C500000ED00E0002207E003F1604303F561436B
:102C6000202183F800130132442A09DC53B2002BDF
:102C7000F2DA03F00F030349194420230B76F2E73D
:102C8000704700BFFCEC00E008B5EFF30583103B94
:102C9000044A02EBC301496852F833008847FFF742
:102CA0004FFB08BDA0A6000010B584B00A4C234617
:102CB0000A4A01210A4805F047FC002301930293C8
:102CC0000393084B0193E41A0294012101A805F033
:102CD0003FFC04B010BD00BF000007200000002032
:102CE000B8B20000F8010020024B034AC3F8C0202C
:102CF000704700BF00ED00E0AAFF4400034BC3F89B
:102D00009800C3F89C10C3F8A020704700ED00E0C5
:102D10000E4BC3F89800C3F89800D3F89C000A7AC9
:102D200060F304020A72D3F8A020C2F34202087AC8
:102D300062F347100872D3F89C2022F01F020A6049
:102D4000D3F8A03023F01F03CB60704700ED00E004
:102D500070B505460E46002400E00134A6421EDD93
:102D600004EB44039A0005EB830359680029F4D06F
:102D7000A85805F043FB04EB84030B4A42F82300F8
:102D800010F1160F0CD0094B1B78984209DA04EBAE
:102D9000840302EB83010431FFF7BAFFDDE7002073
:102DA00070BD6FF01500FBE7640F00204C1300208E
:102DB00010B504460A4BD3F89030C3F30723013B08
:102DC000984203D805F0F4FA204610BD0346054AA0
:102DD0000121054805F067F96FF01500F5E700BF20
:102DE00000ED00E0C8B200005CA900002DE9F04F42
:102DF00087B08146009101931446002648E033468F
:102E0000614A0121614805F04EF96FF0150407E0B1
:102E10003B465F4A01215D4805F045F96FF0150416
:102E2000204607B0BDE8F08FD84564D12946C0B22E
:102E300005F0F5FA2BE0574AC2F89870D2F89C30AA
:102E400003F01F0321F01F010B43C2F89C302946F9
:102E5000E0B205F0E4FA044610F1160FE0D00134B8
:102E600015E0013B4B49C1F89870D1F8A02002F061
:102E70001F0223F01F031343C1F8A0302946E0B21C
:102E800005F0CDFA044610F1160FC9D00134013611
:102E9000009B9E42C4DA06EB46054FEA850A09EB21
:102EA00085056F68002FF2D0019B23B1284605F0FD
:102EB00093FA0028A3D0394659F80A0005F09EFA83
:102EC000074610F1160FA3D08442A1DD314BC3F8A1
:102ED0009800D3F89C2022F01F02C3F89800D3F882
:102EE000A03043F01F0859F80A306968194401F10D
:102EF000FF3B934298D093429DD0D845B1D0013B3F
:102F00002449C1F89870D1F8A02002F01F0223F0E4
:102F10001F031343C1F8A0302946E0B205F07FFA41
:102F2000044610F1160F3FF47BAF0130194BC3F884
:102F30009870D3F89C109DF8102061F304028DF86E
:102F40001020D3F8A030C3F34203D2B263F3471288
:102F50008DF8102059F80A306A681344029323F060
:102F60001F03A8EB0B084344013B23F01F03059309
:102F700002A9C0B2FFF71CFF044610F1160F3FF480
:102F80004FAF013483E700BFF0B200005CA900003E
:102F900014B3000000ED00E010B5034C01232278CB
:102FA000FFF724FF207010BD4C130020044B0522B6
:102FB000C3F89420BFF34F8FBFF36F8F704700BFEC
:102FC00000ED00E0BFF35F8F024B0022C3F89420B6
:102FD000704700BF00ED00E038B51C4B1D681C4B6E
:102FE000D3F89030C3F307239D422BD8FFF7EAFFB5
:102FF000FFF77AFE002407E0144B596801EB041137
:10300000204605F0D5F90134A542F5D811480570E0
:1030100005F024FA10F1160F13D00E4B1A780C4B52
:10302000D3F89030C3F307239A4207DA084BC3F86A
:1030300098200021C3F8A0100132F0E7FFF7B6FF97
:10304000002038BD4FF0FF30FBE700BF38B3000071
:1030500000ED00E04C13002030B587B00D4611465E
:103060000024009401940294039404940594022291
:103070008DF80220044A0192049005951A4668468C
:1030800003F018FE07B030BD5985000008B5024BAB
:103090001B689847002008BD780F0020034B18607C
:1030A000034A937843F0020393707047780F00202F
:1030B000A400002008B5064921F00701C1F1005223
:1030C00002F5E022034804F073F9002008BD00BFB8
:1030D0009F2300207C0F002068B108B5064A074BEB
:1030E0001B680749A1FB03139B0C00FB03F042F094
:1030F0000103984708BD7047E0A90000C400002004
:1031000083DE1B4338B51A4B1B780133194AA2FBE7
:10311000031202F4FE7101EB92029C1AE5B206F072
:1031200022FA154B1B782BB1144A52F82530C01ADD
:1031300007281AD94FF05023D3F8143163B14FF058
:1031400050230022C3F81421D3F81431084B1D700A
:1031500015B9094B01221A70054B1C7806F003FAC9
:10316000064B43F82400012038BD0020FCE700BFD7
:103170004E130020CDCCCCCC4D130020880F002066
:1031800000B583B00DF1070001F068FB114B9842C8
:103190001CD1114B4FF48062C3F8B8254FF4006284
:1031A000C3F83C250D499DF8070006F0A0FA0C492C
:1031B0009DF8070006F096FA9DF807300120984028
:1031C00001F046FB002003B05DF804FB6FF00B003C
:1031D000F9E700BF0000AD0B00A002502CA0025088
:1031E00028A1025008B50121104BC3F80015104A60
:1031F0000223C2F8D0360F48D0F8003223F0E04363
:1032000043F04053C0F80032D0F8043223F0E043DA
:1032100043F04053C0F80432C2F80417C2F804194E
:10322000C2F8001B00F032F808BD00BF00100050CB
:10323000004000500025845000F01F0240090CD0CF
:1032400001280CD10748803250F8223023F0E043A7
:1032500043EA017140F8221070470348F3E7002069
:10326000F1E700BF002884500025845038B505469A
:10327000002405E02946044B185DFFF7DDFF01340B
:10328000032CF7D938BD00BF74B3000008B502495C
:10329000024804F08EFD08BD78B300009C0F0020AA
:1032A0000048704744100020034BC01A8010034BA5
:1032B00003FB00F0704700BFCC0F0020B76DDBB6FA
:1032C00038B505460C46FFF7EFFF0146402203489C
:1032D00005F053FA01462846A04738BD20A6000055
:1032E00030B583B005460C46FFF7DEFF01464023AC
:1032F00000932346054A064805F059FA011E01DBF2
:1033000003B030BD2846A047FAE700BFF7870000AA
:1033100020A6000008B5092817D8DFE800F0051C32
:10332000161616161616171200210D4805F0B1F9DB
:10333000836813F0070F08D10021094805F00BFA44
:1033400003E00221064805F006FA08BD03210448FF
:1033500005F001FAF9E70121014805F0FCF9F4E76D
:1033600020A6000010B582B0EFF31184202383F370
:103370001288BFF36F8F154A136843F00201116082
:1033800013F0010F09D1002384F31188BFF36F8F6D
:10339000B3B905F038FA02B010BD0DF107020121F2
:1033A0004FF0502005F046F99DF80730012B01D071
:1033B0000023E9E7FFF774FF05F0BBF90123E3E71A
:1033C0000021034805F0C7F9E5E700BF6C100020B5
:1033D00020A6000010B5EFF31184202383F3128898
:1033E000BFF36F8F074A136823F00201116013F0D7
:1033F000010F04D084F31188BFF36F8F10BD05F067
:1034000016FAF7E76C10002070B582B00546012867
:1034100007D14FF05023D3F81C3403F00303022BE1
:1034200036D006F00DFE044610B92B4B1B7873B94D
:10343000EFF31186202383F31288BFF36F8F0124EB
:1034400094B94FF050230222C3F808230CE0002661
:10345000F6E7FCB1304604F085FF4FF05023D3F877
:103460001835DBB2012B19D00DF1070200214FF006
:10347000502005F0DFF80028EBD09DF80730022B34
:1034800001D0012DE5D104B386F31188BFF36F8F0E
:1034900002B070BD012005F0DEF9DEE74FF05023E9
:1034A000D3F80431002BDFD04FF050230022C3F8B3
:1034B0000421D3F804210222C3F81825074A202149
:1034C000C2F8801101229A60CEE74FF05023022209
:1034D000C3F80423DCE700BF5213002000E100E042
:1034E00000B585B0CDF800D0CDF804D0002302930C
:1034F000012303936B46074A05F075F9002805DBA5
:103500004FF480420023684602F036FA05B05DF8B9
:1035100004FB00BF8388000070B50646002201212D
:10352000052004F0EEFE114801F0A0F9104B98427E
:1035300019D101F0ADF90024032C12D821463046F0
:1035400005F0A7F805462146304605F0AFF80949D1
:1035500004F02FFC002805DB0123AB601C44E4B21F
:10356000EAE7002070BD6FF00400FBE715330000B0
:103570000000AD0B84B3000010B504460E4B0121D2
:10358000D3E8EF2FC3E8E01F0028F9D11AB1631E7A
:10359000012B0DD910BD094805F088F80849002312
:1035A0004B608B60CB6001238B6004F01FFCEEE767
:1035B0002046FFF729FFEDE7C80F002020A60000F6
:1035C000B80F002010B504460A2806D0E1B206481C
:1035D0008368DB699847204610BD03488368DB6930
:1035E0000D219847F2E700BF80A6000010B5044CFB
:1035F0002046FFF753FD2046FDF774FD10BD00BFC8
:10360000C535000008B5054806F00CFC18B1FFF7F9
:10361000EDFF002008BD6FF01200FBE780A6000060
:10362000F0B51C46059F069E00F01F0C400936D0E1
:10363000012836D1284D0CF1800355F8233091B381
:10364000012092B34FF0020E40EA0E0084B34FF017
:103650000C0E40EA0E0077B34FF4706E40EA0E0095
:1036600066B34FF4403E40EA0E0023EA000041B347
:103670000B7842B312785200134334B3227892008D
:10368000134327B33A781202134316B33278120465
:10369000134303430CF1800C45F82C30F0BD0F4D63
:1036A000C9E70025C7E70020CBE74FF0000ECBE7C6
:1036B0004FF0000ECDE74FF0000ECFE74FF0000EB9
:1036C000D1E70023D5E70022D6E70022D8E7002281
:1036D000DAE70022DCE700BF002884500025845090
:1036E00000F01F03400908D0012808D1054A8033A3
:1036F00052F8230000F001007047034AF7E7002268
:10370000F5E700BF002884500025845028B1012827
:1037100001D103487047002070470248704700BF3E
:1037200040A6000060A600002DE9F04786B088465C
:1037300016469946446801F01F05237B45EA431568
:10374000204605F017F9002864D0B6F5001F35D0E3
:103750000DF10C0A0027039704974946304605F0FF
:103760003EF98DF80C00009701970297CDF804A060
:10377000A36823FA08F313F0010F02D1B6F1A07F7A
:1037800023D004F110060DF117022946304606F049
:1037900023FB234B984237D010346A4629462046F3
:1037A00006F00EFB1E4B984237D1012229462046D7
:1037B00006F02AFB002006B0BDE8F087294604F198
:1037C000100006F025FB0020F5E72846FFF788FFEC
:1037D0000028D6D10DF11702294604F1100006F099
:1037E000FBFA104B984203D00DF117030493D3E773
:1037F0000DF117024146204605F02DF9084B98427D
:10380000F2D06FF00B00D6E79DF81710304606F0A7
:10381000F3FAC1E76FF08500CDE76FF01500CAE756
:103820000000AD0B0400AD0BF0B589B00F46144697
:10383000456801F01F062B7B46EA4316104605F04B
:103840009EF88DF81E0040F206332340B3F5837FC7
:1038500053D016D8062B4CD006D9B3F5807F0DD1A6
:1038600001238DF81D3024E003B3022B03D1042380
:103870008DF81D301DE06FF0150038E06FF0150079
:1038800035E040F2022293423BD0B3F5407F03D1B2
:1038900003238DF81D300CE0B3F5007F03D1022324
:1038A0008DF81D3005E06FF0150020E000238DF845
:1038B0001D3014F4002F28D06A680123BB409360A8
:1038C000284605F057F840B310350DF11F02314678
:1038D000284606F081FA074614F4403F36D13146B7
:1038E000284606F085FA3C4B9F426DD0002009B077
:1038F000F0BD06238DF81D30DBE707238DF81D3062
:10390000D7E705238DF81D30D3E714F4802FD7D0E7
:103910006A680123BB40D360D2E7C4F340438DF80B
:10392000083014F4803F0CBF012300238DF81030C1
:10393000002401940DF11D0300930DF11E0304AA50
:1039400002A93046FFF76CFE2046D0E702AA00230A
:1039500002930393049305930693059204AA3146B8
:10396000284606F02DFA1C4B98421DD114F4003F56
:103970001DD09DF81D308DF8103014F4803F0CBF21
:10398000012300238DF811309DF81E308DF8123080
:10399000002304AA3146284606F016FA0E4B984238
:1039A000A1D06FF01500A2E76FF015009FE700238C
:1039B0000493059306930DF11E03049304AA314664
:1039C000284606F0FDF9E9E79DF81F10284606F0A5
:1039D00013FA00208BE700BF0000AD0B38B504469A
:1039E0004568284604F0C6FF20B91049204604F077
:1039F00070FF38BD1035284606F0F6F90028F4D1DE
:103A00000021284606F0ECF9094B98420AD1002221
:103A10000849284606F0DCF9002205210D2004F0B3
:103A200070FCE2E76FF00400E3E700BF3D8A0000AE
:103A30000000AD0B178A000070B400F01F0C4009A5
:103A400019D0012819D10E4D0CF1800055F82060D5
:103A50000C4C344041EA420141EA83039DF80C20BA
:103A600043EA02239DF8102043EA0243234345F82A
:103A7000203070BC7047044DE6E70025E4E700BF46
:103A800000288450F0F0FCFF0025845000F01F0156
:103A9000400906D0012806D1044A01238B409360D7
:103AA0007047034AF9E70022F7E700BF0028845077
:103AB0000025845000F01F01400906D0012806D1DE
:103AC000044A01238B40D3607047034AF9E7002280
:103AD000F7E700BF00288450002584502DE9F04FFF
:103AE00085B007468B469046002423E04FF0FF3513
:103AF00035E0C8F80C55012603963146B5F1FF3F75
:103B000016D0B1F1FF3F40F0138157F80A3013F49B
:103B1000004F02D001260022039200220192CDF82C
:103B20000090C3F34123324603992846FFF784FFF0
:103B30000134E4B25C4580F0FF804FEA840A57F814
:103B40002430C3F3C322C3F30805082A00F2F68029
:103B50007E4911F8029040F2FF129542C6D01B0E2A
:103B6000222B00F2EE8001A252F823F0F33A00007B
:103B7000F93B0000073C0000133C0000213C000022
:103B80002F3C00003B3C0000433D0000433D000053
:103B9000433D0000433D0000493C00005D3C000007
:103BA000433D0000433D0000433D0000433D000015
:103BB000433D0000433D0000433D0000433D000005
:103BC000433D0000713C0000833C0000953C000038
:103BD000A73C0000433D0000433D0000433D000082
:103BE000B93C0000C93C0000D53C0000E53C0000A9
:103BF000F53C0000053D0000C8F81455002603966A
:103C00004FF0FF317AE7C8F8085501260396314690
:103C100074E7C8F81055002603964FF0FF316DE7A2
:103C2000C8F80855002601230393314666E7C8F813
:103C30000C5501260396002160E7C8F810550026B0
:103C400003964FF0FF3159E7C8F80855B9F1000F56
:103C50005ED0002603964FF0FF314FE7C8F80C55B1
:103C6000B9F1000F5CD0002603964FF0FF3145E715
:103C7000C8F8605557F80A10C1F3004101260396B1
:103C80003CE7C8F8645557F80A10C1F30041012613
:103C9000039633E7C8F8685557F80A10C1F3004196
:103CA000012603962AE7C8F86C5557F80A10C1F3A5
:103CB00000410126039621E7C8F824550126002378
:103CC00003934FF0FF3119E7C8F8285501260396F2
:103CD000314613E7C8F830550126002303934FF00F
:103CE000FF310BE7C8F834550126002303934FF04A
:103CF000FF3103E7C8F838550126002303934FF03E
:103D0000FF31FBE6C8F83C55012603963146F5E63F
:103D10004E46CDF80C904FF0FF314FF00609EDE61E
:103D20004E46CDF80C904FF0FF314FF00609E5E616
:103D3000284604F0AFFEE8E6002004E06FF015002E
:103D400001E06FF0850005B0BDE8F08F4CB40000D5
:103D50002DE9F84305460F46466806F071F920B98B
:103D6000234B1B780BB3002300E00123D5F8109000
:103D70006A68D2F80080F3B9284604F0C4FF04460C
:103D8000736813F0040F03D04FF48003C8F80433B2
:103D9000F36A1F700122F16A284605F000F884F3E7
:103DA0001188BFF36F8FBDE8F8830123DEE784F34A
:103DB0001188BFF36F8FEFF31184202383F31288F0
:103DC000BFF36F8F284604F09EFE0028EFD0D9F88D
:103DD0000030002BD4D0D3F8A420002AD0D0D3F8C0
:103DE000B420002ACCDAD8F84C25C3F8B420C7E7B1
:103DF000521300202DE9F04F85B09846D0F810B04E
:103E0000DBF80040D0F804A0DAF800509AF8083047
:103E1000002B40F0B58081460F46164694F861307D
:103E2000002B40F0B08094F86230002B40F0AE8060
:103E30006365B8F1FF3F44D0B8F1040F16DDA3F17C
:103E4000993383FB08234FEAE870C0EB6300C11786
:103E5000C90341EA5041C0034E4BC0184E4A4FF0CF
:103E6000000341F10001FCF775F901E00020014673
:103E7000A065E165276466640023A364E3642365A9
:103E8000DAF8043013F0040F20D1DAF8043013F01C
:103E9000040F02D094F8602052BBC5F83475C5F801
:103EA00038650020C5F81001D5F81031C5F84C016F
:103EB000D5F84C31012384F861302B6005B0BDE8A2
:103EC000F08F00220023C4E91623D3E7EFF3118318
:103ED0000393202383F31288BFF36F8F0221484698
:103EE00004F051FF039B83F31188BFF36F8FCCE77E
:103EF000B24228BF32469146DAF82810384606F01A
:103F0000AFFA4F44B6EB090614D0B8F1FF3FC4D066
:103F10000023C5F80831D5F8083104F10800D4E9C8
:103F200016234FF000084FF00009CDE9008902F098
:103F3000C3FCB2E794F86020A2EB0902D2B284F885
:103F40006020DAF8280000EB090106F096FA0BF180
:103F50000803D3E8EF1F41F00401C3E8E21F002A81
:103F6000F7D145F30735002D08DB05F01F026D0979
:103F7000012393404035094A42F8253000209DE74F
:103F80006FF085009AE76FF00F0097E76FF00F0072
:103F900094E700BF3F420F0040420F0000E100E005
:103FA000F0B583B004461D460669EFF31187202360
:103FB00083F31288BFF36F8F3368D3F8A40000BB7C
:103FC000C3F8A4203368C3F8A01001F06043B3F134
:103FD000005F1DD13368C3F8A8103368C3F8AC2064
:103FE0003146204604F0F6FE87F31188BFF36F8F49
:103FF000204604F0B7FD80B3B5F1FF3F10D100209B
:104000002CE087F31188BFF36F8F6FF00F0025E06E
:1040100033680022C3F8B020204605F04CF8DFE7F3
:104020003468683425EAE575E917C90341EA554162
:10403000ED030B4828180B4A4FF0000341F1000133
:10404000FCF788F802460B4600200021CDE900016C
:10405000204602F031FC002000E0002003B0F0BD5B
:104060003F420F0040420F0070B5044605694368A7
:104070001E68286800220A49083006F0D2F92B6829
:10408000DC63286800220749683006F0CAF92B680B
:10409000C3F89C40044BC6F80433002070BD00BF39
:1040A0001B9200001790000014020A0038B5054664
:1040B0000C4601F10C0000F0D1FB0C4B98420DD1E5
:1040C00005F10C0205F59071207B05F015FB237BB3
:1040D0000120984000F0BCFB002038BD044A0121BB
:1040E000044803F0D6FF6FF00400F6E70000AD0BC4
:1040F00058B4000074A9000038B504464568012191
:10410000E86804F025FE63681A682B69C2F8243554
:104110006B7DA97D0B43298B0B43297D0B43C2F893
:104120006C3523691B6823B12046FFF79DFF0028EB
:1041300003DB204605F0ADF800B138BD024920464A
:1041400004F0B0FCF9E700BF3B8E000021F07F4196
:1041500000F5A870014B43F8201070470050015043
:104160004FF480338340024AC2F84433704700BFA3
:10417000005001504FF480338340024AC2F8483364
:10418000704700BF00500150014BD3F80405704741
:10419000005001502DE9F843054689469046FFF747
:1041A000E9FF284605F0A7F94E46032710E0FFF780
:1041B000EBFF0446494605F08DF9B0F5000F26D90E
:1041C000284605F098F9B8F1000F22D13E190137C1
:1041D00031462846FFF7BAFF2846FFF7C1FFFFF731
:1041E000D3FF0446C11C304605F074F90A4B9842CF
:1041F0000AD9284605F072F90028D8D1B8F1000F85
:10420000E4D06FF0150000E00020BDE8F883002046
:10421000FBE76FF01500F8E7FDFF7F00034B044A52
:10422000C3F80823C3F84823704700BF005001506B
:1042300003000F0010B5012383406FEA030C0C4A02
:10424000D2E8EF1F01EA0C0EC2E8E4EF002CF7D130
:104250004FF4803282400748C0F80823BFF35F8FD5
:10426000BFF36F8F0B4214BF0120002010BD00BFB1
:104270009C100020005001504FF480338340124ABC
:10428000D2F80423134201D10020704710B5044630
:1042900001238340DB430D49D1E8EF2F02EA0300FD
:1042A000C1E8EC0FBCF1000FF6D122FA04F313F0D1
:1042B000010F03D1204605F011F918B1204605F091
:1042C0001AF9012010BD00BF0050015098100020C5
:1042D00001B97047012383400D4AD2E8EFCF4CEA81
:1042E000030CC2E8E1CF0029F7D14FF480338340BB
:1042F000084AC2F80433084BD3E8AF3FC34013F079
:10430000010FE6D0054B4FF40012C3F80021E0E79F
:104310009C100020005001509810002000E100E0A7
:1043200038B514461046194605F0F1F802460D4915
:104330000B68E01A1B184C6844F100040B604C60D9
:10434000A2F50013B3F5400F09D2074B1B68190AF9
:104350001B06D41841F10005044BC3E9004502F0E7
:10436000ADF938BDB8070020A0100020C00700201C
:1043700038B50D4B1C68250A2406BFF35F8FFFF785
:1043800003FF0346001945F10001B3F5801F0AD26F
:10439000064BD3E90023904271EB030303D210F1E3
:1043A000807041F1000138BDA0100020C00700203E
:1043B0002DE9F041064614461D469DF82080104622
:1043C000194605F0A4F80746FFF7D2FFA04271EBAB
:1043D000050319D2201A65EB01011B4B984271F1BC
:1043E00000012BD2194B03EB0613D3E90223AB4296
:1043F00008BFA24201D1002014E0424639463046AF
:10440000FFF7C8FE70B117E0B8F1000F19D1012312
:10441000B3400F4AD2E8EF0F1843C2E8E10F00297A
:10442000F8D10020094B320103EB0616C6E902451C
:1044300006999950079B7360BDE8F0816FF01500F5
:10444000FAE76FF01500F7E701008000A8070020E9
:104450009810002030B585B0FFF7E0FE00231E4A1B
:10446000C2F80835002B25DD1B4C0225C4F8045387
:104470001A4B4FF40012C3F88021002201211520AD
:1044800003F03FFF152003F037FF0123A3602360F3
:10449000134A1360002402940194124B0093124AB1
:1044A0000023204605F043F82846FFF765F820462C
:1044B00005B030BD0D4A02EB03124FF0FF304FF054
:1044C000FF31C2E902014FF480329A400249C1F83B
:1044D00004230133C6E700BF0050015000E100E0B3
:1044E0009C10002021430000FFFF7F00A807002050
:1044F0002DE9F04782B00446FFF7BEFE10B902B0C6
:10450000BDE8F087FFF734FF82460D4605F002F85C
:104510000646154B03EB0413D3E90289C24575EB3C
:1045200009050BD20025304604F0FCFF002DE6D033
:10453000009742464B462046A847E0E70A4A230137
:1045400002EB0411D5584F680020D0504FF0FF32D5
:104550004FF0FF33C1E902232046FFF70BFE204650
:1045600004F0C9FFDFE700BFA807002010B50D4B1E
:10457000D3F8043313F0020F03D10024002C0BDD19
:1045800010BD0221074804F06FFF0028F5D0064A4D
:10459000136801331360F0E72046FFF7A9FF0134E9
:1045A000ECE700BF00500150A010002010B584B00F
:1045B000B0F1FF3F18D001281BDD154B9842A8BF72
:1045C00018460446134B01221A70FFF7D1FE124B16
:1045D0001A685B68801AB0F5000F0CD20444B4F579
:1045E000000F09D30A4C07E00A4B00221A70084C4E
:1045F000EBE70124E6E7064C002012190290019037
:104600000649009143F1000304F091FF04B010BD8E
:10461000FFFF7F0051130020B80700202143000056
:1046200008B5FFF7A5FE024B1B68C01A08BD00BF06
:10463000B807002008B505F01AF868B15D4BD3F84B
:10464000203A4BB95B4B0D22C3F8202A0122C3F854
:104650001C290022C3F81C2900220BE002F1600390
:104660004FF47F0151F83310DB0003F57F035B68E3
:104670000B6001321F2A08D802F160034FF47F015A
:1046800051F83330B3F1FF3FE8D104F0C8FF30B147
:10469000484B2922C3F80C270322C3F83C2704F017
:1046A00072FF40B1444B454AC3F830254FF05023C8
:1046B0000122C3F8582504F07AFF18B1404B0022BC
:1046C000C3F84C2504F08BFF68B14FF05023D3F8AA
:1046D000003413F0010F06D04FF050230022C3F82E
:1046E0001421C3F8182104F08EFF60B14FF050235D
:1046F000D3F8003413F0010F05D04FF050236FF0C2
:104700000102C3F8002404F09EFF18B1294B652272
:10471000C3F80C2704F0BFFF20B1294BD3F8203495
:10472000002B30DB04F0C3FFE8B1224B7E22C3F83C
:104730000C27C3F83C29234A7F23C2F818311E49AD
:104740000023C1F8043EC1F8083E01F54821C1F834
:104750001031C2F82431C2F82C3102F5FF1202F5F3
:104760008052C2F8A032184AD2F88C3043F4406329
:10477000C2F88C30154A1168154BC3F84415D2693C
:10478000C3F84C2508BD4FF050230322C3F8182569
:1047900001229A604FF05023D3F80431002BF9D056
:1047A0004FF050230022C3F804210122DA60C3F83D
:1047B0001825B7E700400050009003504400EFBEBA
:1047C000002003500020005000ED00E00080FF00BA
:1047D0000060005010B50468ACB1B4FA84F3C3F1C2
:1047E0001F03DBB201229A4024EA0202D0E8EFCF95
:1047F000A44504D1C0E8EE2FBEF1000FF6D1EAD1F6
:104800000B70024810BD0248FCE700BF0000AD0B72
:104810000200AD0B0368CB4013F0010F11D100B5BE
:10482000026801238B401343D0E8EFCF944504D1B5
:10483000C0E8EE3FBEF1000FF6D1F1D102485DF8BD
:1048400004FB0248704700BF0000AD0B0400AD0B35
:10485000014BC3F8040570470070015008B50146CC
:10486000014804F0EFFF08BDC8000020054B1B798C
:104870002BB9044B186001221A7103487047034892
:10488000704700BFA41000200000AD0B0C00AD0B62
:1048900008B5084B1B680BB104F069FF04F065FF15
:1048A0004FF05023C3F818050122C3F81425C3F8AC
:1048B000802508BDA410002000B583B0032818D8B7
:1048C000DFE800F01A026D6700224FF480730120C8
:1048D00003F1502300211960196802F150220121CF
:1048E0001160354A1268002A5FD04FF05023C3F898
:1048F000040303B05DF804FB4FF05023D3F81824F1
:10490000D3F8183403F003038DF8073012F4803F16
:1049100015D14FF05023D3F8143413F0010F13D1F5
:1049200004F023FF8DF807009DF807204FF0502377
:10493000C3F8182508224FF482730220C8E70DF14E
:10494000070004F066FFEFE74FF05023D3F81C3464
:1049500003F003038DF807300DF1070004F059FF51
:104960000028E1D0144B1B682BB14FF050230222DA
:10497000C3F80423BDE74FF05023D3F80431002BD4
:10498000F9D04FF050230022C3F80421D3F80431AA
:10499000AFE718224FF490734FF4807098E720220D
:1049A0004FF492734FF4007092E71A68002AFCD01B
:1049B00000221A601B689CE7A410002010B54FF07D
:1049C0005023D3F8044302E0194B1B68984774B393
:1049D000B4FA84F0C0F11F000122824083009BB230
:1049E00003F580739BB2C0B292B224EA020403F1D1
:1049F000502319680029EAD0002119601B684FF084
:104A00005023C3F80823022ADED1D3F81814D3F8B0
:104A1000183403F00303012BD6D14FF050230221A9
:104A2000C3F81815C3F8042301229A60CFE710BD1C
:104A3000A410002008B50079024B03EB0010FFF72B
:104A4000C9FE08BDD000002070B400F01F0C400962
:104A500019D0012819D10E4D0CF1800055F82060B5
:104A60000C4C344041EA420141EA83039DF80C209A
:104A700043EA02239DF8102043EA0243234345F80A
:104A8000203070BC7047044DE6E70025E4E700BF26
:104A900000288450F0F0FCFF00258450F0B51C463F
:104AA000059F069E00F01F0C400936D0012836D124
:104AB000284D0CF1800355F8233091B3012092B3B7
:104AC0004FF0020E40EA0E0084B34FF00C0E40EAA5
:104AD0000E0077B34FF4706E40EA0E0066B34FF4E9
:104AE000403E40EA0E0023EA000041B30B7842B397
:104AF00012785200134334B322789200134327B341
:104B00003A781202134316B3327812041343034364
:104B10000CF1800C45F82C30F0BD0F4DC9E7002595
:104B2000C7E70020CBE74FF0000ECBE74FF0000EB9
:104B3000CDE74FF0000ECFE74FF0000ED1E7002396
:104B4000D5E70022D6E70022D8E70022DAE70022E4
:104B5000DCE700BF002884500025845000F01F02CD
:104B6000400907D0012807D1044B1869D04000F054
:104B700001007047024BF8E70023F6E70028845055
:104B80000025845000F01F03400908D0012808D1F7
:104B9000054A803352F82300C0F301407047034AAE
:104BA000F7E70022F5E700BF002884500025845075
:104BB00000B583B084468E460C4B93E8030002ABED
:104BC00003E90300634609E002A901EB830151F800
:104BD000081C086A42F8040B086201330CEB0E0053
:104BE0009842F1D803B05DF804FB00BFD0A90000E3
:104BF00000F01F01400906D0012806D1044A012314
:104C00008B4013627047034AF9E70022F7E700BFC1
:104C100000288450002584504309034AD35C00F0E7
:104C20001F001844C0B27047ECB400000048704741
:104C3000AC1000200048704704B500002DE9F04199
:104C400084B005460C4616461F460846FFF7E4FFAB
:104C5000804656B32146284604F0D9FE28B12146A5
:104C6000284604F094FE002843D12146284604F04B
:104C70009DFE10B17378012B3BD001238DF80F30CE
:104C8000002301930096B31C721C0DF10F01204606
:104C9000FFF704FF2879FFF7C9FF08F1080230F891
:104CA000123043F0030320F81230002F3BD021468E
:104CB000284604F0ACFE002837D13E782B6806F574
:104CC000A272002143F8221043F822102879FFF73E
:104CD000ADFF08F1080230F8123023F02003DB04A6
:104CE000DB0C20F812307B782BB9114804B0BDE8FA
:104CF000F0811048FAE7BA780092224631462868D7
:104D000004F0BDFD2879FFF791FF024608F1080085
:104D100032F810307603B6B2334343F0200322F862
:104D200010300348E2E70248E0E70248DEE700BF50
:104D30000000AD0B0400AD0B70B506460D461446E1
:104D400004F025FE68B13079FFF770FF064628466B
:104D5000FFF762FF083036F810305B0B2370024813
:104D600070BD0248FCE700BF0000AD0B0400AD0BB6
:104D700030B583B005460191002400E00134012CD8
:104D800018D80E4B1B5D03F0070202A901EBD303F9
:104D900013F8043CD34013F0010FEFD005EB84026D
:104DA00001212046FFF704FF55F82430002BE5D001
:104DB000012000E0002003B030BD00BFFCB40000C3
:104DC00008B50079024B03EB8000FFF703FD08BD37
:104DD000E00000202DE9F04182B0054688461646E5
:104DE0001F4604F054FFAEB33A463146284604F05D
:104DF0006AFE041E20DB2879FFF718FF40F83460B4
:104E00002879FFF713FF00EBC40047602879FFF70C
:104E10000DFF05464046FFF7FFFE083035F810301D
:104E2000E4B26402A4B2234343F4807325F8103043
:104E3000094802B0BDE8F0812879FFF7F7FE0DF1CF
:104E400007017830FFF7C6FC034B9842F1D19DF87B
:104E50000740D0E70048ECE70000AD0B2DE9F04734
:104E600084B006460C4690460846FFF7D5FE074636
:104E70003079FFF7DBFE0546D8F80090B9F1000F56
:104E800021D02146304604F0B1FD002843D1002353
:104E90008DF80E308DF80F30019300934B460DF1D5
:104EA0000F020DF10E012046FFF7F8FD07F1080291
:104EB00035F8123023F002039BB225F8123043F08C
:104EC000010325F81230D8F80430BBB193F80090F4
:104ED000D3F804A02146304604F079FDE8B1BAF1D8
:104EE000000F61D1083735F8173023F01C039BB24F
:104EF00025F8173043EA890325F81730D8F8082039
:104F0000002A55D05368126821463046FFF762FFE9
:104F100004B0BDE8F0872748FAE707F1080235F842
:104F2000123023F02003DB04DB0C25F81230BAF139
:104F3000000FD7D0B9F1030F38D8D8F804305B6828
:104F400093F800A0B9F1000F08D133680AF5A27AEE
:104F5000002243F82A2043F82A20C3E7484604F0F9
:104F60005EFD034631680AF5A27C51F82C2022F040
:104F7000030241F82C2022465146306804F066FCBA
:104F80000AF13C0305EB43039C8007F1080235F866
:104F900012304FEA4A3A1FFA8AFA43EA0A0343F008
:104FA000200325F812309DE70248B1E70148AFE73A
:104FB0000148ADE70400AD0B0000AD0B38B5054668
:104FC0000C4604F0D5FC08B9074838BD21462846F0
:104FD00004F056FD2146284604F084FE204604F0E5
:104FE000ABFC0248F1E700BF0400AD0B0000AD0BC5
:104FF00008B50079024B03EB8000FFF70BFC08BDFE
:10500000E0000020F0B583B005460E460079FFF7BA
:105010000DFE90F88C3013B10D4803B0F0BD04467E
:1050200060220021103005F042FA2F682879FFF73E
:1050300001FE03680093002332464FF000413846DA
:1050400004F072FE012384F88C30A3670148E4E782
:105050000C00AD0B0000AD0B2DE9F04782B081468E
:105060000F46904600230093019351686846FFF76E
:105070007FFE4CE094FAA4F4B4FA84F404F01F0523
:10508000254B9B5D45EA43152846FFF7C5FD0830D3
:1050900037F810A0CAF3820A0DEB8603E00804F08B
:1050A00007041A5C0121A14022EA01021A54284691
:1050B000FFF768FD034652462946384604F0B1FD25
:1050C0002846FFF795FD02AB03EB860353F8084C27
:1050D000002CCFD10136012E0DD8104B9B5D08F16D
:1050E0000402D90803F00703525C22FA03F313F019
:1050F000010FEFD0E7E700224FF00041484604F0EF
:10510000FAFBD8F804106846FFF732FE08B1002613
:10511000E1E702B0BDE8F08700B50000FCB4000094
:10512000F8B504460E461148081A114BA3FB00308F
:105130004009FFF77FFD0746D4F80413C9B202689F
:1051400041F00041204604F0D6FB051E05DB2A464F
:105150003146204604F012FEF8BD3A46314620465C
:10516000FFF77AFF25F00045F1E700BFAC10002003
:10517000398EE33808B502490248FFF7D1FF08BD70
:10518000AC10002000D00050034B00E02033034A55
:105190009342FBD3704700BF20A60000A0A60000EA
:1051A00004280CD8DFE800F0030D050709000648C5
:1051B00070470648704706487047064870470648DB
:1051C00070470648704700BF0CB5000030B50000BE
:1051D00040B500004CB500005CB500001CB50000F7
:1051E00030B108B504F032FF20B1037823B108BD17
:1051F000024870470148FAE70048F8E76CB500003C
:1052000010B50446FCF76CFA034A0121034802F08A
:1052100040FF204604F016FE74B5000064A90000AB
:105220002DE9F04782B000AF05460C46EFF3118838
:10523000202383F31288BFF36F8FDFF8C491D9F86E
:105240000860FFF7ADFF99F81010E94601233B71A4
:1052500003237B718AB0EC461CF1100221D04FF081
:10526000160E5AB17346BEF1040F03DDDFF894A1A8
:10527000CCF814A0082B01DDCCF8185001233B70AA
:1052800003237B70D2B17346BEF10C0F01DDCCF865
:105290001C00102B01DDCCF820100CF124030021A0
:1052A0000AE06FF0004EDCE701F10800384410F826
:1052B000080C03F8010B01310129F5D9BEF1150FD6
:1052C00050DD16234AB10521397100217971B97178
:1052D0000121F9717868CCF8100000216FF300010A
:1052E0006FF341016FF382016FF3C501012060F399
:1052F0008811C3F30A0363F353216FF31F51002393
:105300004148FCF7CDFACD461CB1E369C3F308036D
:105310005BBB3046FFF764FFE94601233B71032383
:105320007B718AB0EC461CF1100224D04FF0120EB3
:1053300052B17346BEF1040F02DD3449CCF81410AB
:10534000082B01DDCCF8186001233B7003237B7030
:10535000F2B1BEF10C0F01DDCCF81C000CF1200302
:10536000002113E06FF01B03ACE7294A0121264816
:1053700002F08FFECDE76FF0004ED9E701F1080093
:10538000384410F8080C03F8010B01310129F5D954
:10539000BEF1110F31DD12234AB104213971002110
:1053A0007971B9710121F9717868CCF81000002188
:1053B0006FF300016FF341016FF382016FF3C501D9
:1053C000012060F38811C3F30A0363F353216FF3E1
:1053D0001F5100230C48FCF763FACD4621462846AE
:1053E000FFF70EFF88F31188BFF36F8F3046FDF78C
:1053F00035FB0837BD46BDE8F0876FF01B03CBE7F0
:105400003C11002084B5000064A90000D0B5000064
:10541000ACB5000038B505460B4B53F8204002E010
:105420002368984708346B1C074A52F82330A3427C
:1054300009D960680028F3D0037F13F0010FF1D180
:1054400004F008FDEEE738BDF8B5000010B586B0F1
:10545000B023104C03FB004400EB800C0E4B03EB1D
:105460008C030E4A0592012204920F22039200221D
:105470000292019200930A4B4FF4A072094901EB8A
:105480008C11204600F0C0FA637B23F004036373A1
:1054900006B010BDC80700203C110020E8B5000090
:1054A000A59F0000581E002008B553EA020102D152
:1054B00000F096FE08BD0249183001F05DF8F9E7EA
:1054C0004BA2000010B586B0184C14E0636A059337
:1054D000236A0493E3690393A369029363690193C5
:1054E00023690093E368A2686168206800F08CFA81
:1054F00023685C6530340E4B9C42E7D300F08AFD94
:105500000A4C00E030340A4B9C420BD2A26AE36A98
:10551000B3F1FF3F08BFB2F1FF3FF3D02068FFF7C0
:10552000C3FFEFE700F08EFD06B010BDC8A8000075
:10553000C8A8000008B50B4B01221A700320FFF722
:1055400069FF03F01CF8FCF7CDFC0420FFF762FFB5
:10555000FFF7B8FFFBF766F8034A137B23F001035C
:10556000137308BD521300207808002008B50146C7
:10557000014A0248FDF746FB355500007808002037
:1055800008B50348034A121A002104F07AFC08BD4A
:10559000F80100205413002010B50446FFF756FF11
:1055A000B0230A4903FB0411094A04EB840302EB0C
:1055B0008303D9601C74074B03EBC42303F500631A
:1055C00004EB840402EB8402536010BDC807002082
:1055D0003C1100205816002070B586B000F06AFD1E
:1055E000104D114B5D61114B059301230493002471
:1055F00003940294019400940D4B4FF480620D4982
:10560000284600F001FA06466B7B23F004036B7317
:10561000284604F0B2FD2046FFF7BEFF304606B034
:1056200070BD00BF780800203C110020F0B50000DC
:1056300035550000981F002008B50020FFF7EAFE4E
:105640001B4B03F5006282F3088883F30A88194C28
:10565000E02384F822300023E37723766376A37671
:1056600084F82030626A42F4E022626284F82330D7
:10567000FDF768F9FDF7E8FA4FF0FF33A362E36244
:10568000FDF7AAFCFDF710FBFBF786FF0A4800F0C8
:105690001DFAFFF779FDFDF7A5FD0120FFF7BAFE22
:1056A0000220FFF7B7FEFFF797FFFFF75FFF00BF8E
:1056B0005816002000ED00E02809002010B5064C27
:1056C000002000E01C34054B9C4204D2204604F02C
:1056D000E0FB0028F6DA10BD9401002094010020C0
:1056E00030B583B00D46EFF31181202484F3128886
:1056F000BFF36F8FC46864B12C602368C360836993
:1057000001338361002081F31188BFF36F8F03B0F1
:1057100030BD00F1080C53EA020404D100232B60D1
:105720006FF00B00EFE7009201930246604600F035
:1057300083FB0028EBD1024B9B681B692B60E6E7DB
:105740003C1100202DE9F04182B00446EFF31187AF
:10575000202181F31288BFF36F8FC16899B90029A6
:1057600050D1364B9B6893F90E3023610131E160D3
:10577000324B9B68A36087F31188BFF36F8F0020C3
:1057800002B0BDE8F08116461D4682682B4B9B682F
:105790009A42E4D055EA060136D092F90E8041468D
:1057A00093F90E0004F00BFC804534DC4FF0000848
:1057B0000096019522463946214800F03DFB00281D
:1057C000DED0EFF31185202383F31288BFF36F8FB0
:1057D000A36843B323689C4223D013B3216993F990
:1057E0000E0004F0ECFB0146204604F0F3FBE8B9A0
:1057F000B8F1000F1AD185F31188BFF36F8F6FF0E6
:105800000A00BDE72369B0E787F31188BFF36F8F04
:105810006FF00F00B4E70146204604F0DBFB804642
:10582000C6E72169E0E7B8F1000FE4D02946044853
:1058300000F0C4FB6FF00A00A2E700BF3C1100209B
:1058400060110020F8B58368002B47D00446264A33
:105850009268934245D1C368012B04D9013BC360D0
:1058600000252846F8BDEFF31186202383F3128824
:10587000BFF36F8F016904F0ADFB2768A7420CD01E
:105880003D1E18BF012557B9A760CDB90023E360BD
:1058900086F31188BFF36F8FE3E70027F0E77A689C
:1058A0003B6813605A6000233B607B607A7B22F088
:1058B00002027A73BB6007F1180004F070FDE3E7A1
:1058C00097F90E3023610025C7F8AC50384604F034
:1058D00054FC3146054800F071FBC2E76FF0150536
:1058E000BFE74FF0FF35BCE73C11002060110020FE
:1058F000F8B50446EFF31187202383F31288BFF332
:105900006F8F0568A84212D02E1E18BF012685B9D8
:1059100006BBA368E268934224D001221344A3602B
:1059200000230BBB87F31188BFF36F8FF8BD0025F1
:10593000EAE76A682B6813605A6000232B606B608B
:105940006A7B22F002026A73AB6005F1180004F072
:1059500026FDDDE70023C5F8AC30284604F00DFC39
:105960000123DEE70022D9E73946024800F026FB92
:10597000DCE700BF6011002010B582B0EFF31181A9
:10598000202484F31288BFF36F8F846844B1013CF4
:10599000846081F31188BFF36F8F002002B010BDC7
:1059A00053EA020406D0009201930246054800F033
:1059B00043FAF3E781F31188BFF36F8F6FF00F00A5
:1059C000ECE700BF6011002008B553EA020102D1E4
:1059D00000F006FC08BD0249183000F0CDFDF9E7E3
:1059E0004BA2000010B5044640B11F2204F1740020
:1059F00004F065FD002084F8930010BD014B9C6805
:105A0000F3E700BF3C1100202DE9F04F85B00446BC
:105A10000F4615461E46DDF838A0DDF83C90DDF84F
:105A20004080DDF84CB000F158038365C365129BDC
:105A30000422119904F00CFB2A463946204604F052
:105A4000EAFA0546CDF80880CDF80490CDF800A01C
:105A50003346024639462046FDF7B2F80023636517
:105A60002666C4F864A0C4F86890C4F86C80EFF3AC
:105A70001182202383F31288BFF36F8F124B196AB0
:105A800021671C6282F31188BFF36F8FBBF1000F97
:105A900013D01F22594604F1740004F010FD0023B6
:105AA00084F89330084B9B685BB1D3F8A030C4F8FE
:105AB000A030284605B0BDE8F08F002384F874308C
:105AC000F0E7C4F8A030F4E73C1100200123437351
:105AD00003730023C0F89430C0F89830C0F8A030A9
:105AE000014B9860704700BF3C1100200A4A936840
:105AF000C3F8A8006FF00A01C3F8AC1007494B685F
:105B000043F080534B60002383F31188BFF36F8F02
:105B10009368D3F8AC0070473C11002000ED00E022
:105B2000437B90F90D20002A51DB13F01F0F4ED15B
:105B300010B563F07F034373254A52F8183F934230
:105B40000ED100230CE05A68426003601060586078
:105B50001EE01A461E49C9698A420FD01B687BB1F4
:105B600073B190F90E1093F90E209142F1D0521AB0
:105B7000002AE8DC1A46002BECD1F0E70023EEE720
:105B8000134BDA6903F11801016042601060D861BB
:105B90000F4B53F8184F9C420ED06CB10C4B9B68C6
:105BA0005A7B12F01F0F0AD1DA897F2A07D9A2691E
:105BB0002AB9074A536109E0054BDC68EEE7A342C6
:105BC00002D0204600F01EFC014B5C6110BD704706
:105BD0003C11002010B5437B90F90D20002A14DB06
:105BE000154B9A6853F8184F9C4219D0C4B18242A1
:105BF00019D0537B13F01F0F15D1D3897F2B12D9E6
:105C0000A36983B90C4B5A6114E003F07F0343731B
:105C10004268036813605A60002303604360DFE753
:105C2000054BDC68E3E7A24202D0204600F0EAFB25
:105C3000014B5C6110BD00BF3C1100202DE9F84311
:105C400005460C46404B9E68737B13F0600F28D0CE
:105C500013F0200F2AD008271F4222D13B43737331
:105C600013F0800F24D1082F2DD04FF00009364BB0
:105C700053F8188F98454BD0B8F1000F48D0324BED
:105C80009B68434502D0404600F0BCFB2E4BC3F856
:105C90001480102F05D0304600F014FCB9F1000F2D
:105CA0003AD184F31188BFF36F8F46E01027D3E712
:105CB00003F07F0373737268336813605A600023C4
:105CC00033607360CFE7B3685BB1726833681360A9
:105CD0005A60002333607360727B22F00202727399
:105CE000B360304604F015FA06F1580004F016FAD5
:105CF000154B9B689E4202D04FF00009B7E7EFF3C7
:105D0000058313B94FF00009B1E74FF00109AEE781
:105D10000D4BD3F80C80B2E70C48FFF7D7FEC0E775
:105D2000EFF31184202383F31288BFF36F8F04F005
:105D300044F984F31188BFF36F8F6B7B13F0600F0E
:105D4000EED1BDE8F88300BF3C11002028090020F7
:105D5000B3F1FF3F08BFB2F1FF3F00D1704708B574
:105D60000249183000F008FC08BD00BF4BA200003B
:105D700010B5437B90F90D20002A0ADB437B63F0CA
:105D80007F0343732B4A52F8183F934219D10023E3
:105D900017E003F07F0343734268036813605A609F
:105DA000002303604360E9E75A68426003601060C3
:105DB00058601EE01A461F49C9698A420FD01B6805
:105DC0007BB173B190F90E1093F90E209142F1D08E
:105DD000521A002AE8DC1A46002BECD1F0E7002327
:105DE000EEE7144BDA6903F11801016042601060BC
:105DF000D861104B9A6853F8184F9C420ED06CB182
:105E000082420ED0537B13F01F0F0AD1D3897F2B10
:105E100007D9A3692BB9074B5A6109E0054BDC6828
:105E2000EEE7A24202D0204600F0ECFA014B5C61A2
:105E300010BD00BF3C11002010B50C4611460A48A9
:105E400082680A4B1A60EFF31183202383F31288D0
:105E5000BFF36F8FDDE90223806804F082F92046EA
:105E6000FFF744FE10BD00BF3C1100206011002070
:105E70002DE9F04104460E460023EFF31185202260
:105E800082F31288BFF36F8F1F4650E003F07F0349
:105E900063736268236813605A6000232360636041
:105EA00071B2A173637B63F07F036373424A52F85C
:105EB000183F93420ED100230CE05A6862602360C1
:105EC00014605C601CE01A463B48C06982420DD0F9
:105ED0001B686BB163B193F90E209142F3D0521A53
:105EE000002AEADC1A46002BEED1F2E70023F0E7A5
:105EF000314BDA6903F11801216062601460DC61E2
:105F00002D4B53F8188F984520D0B8F1000F1DD0B5
:105F1000294B9B68984502D0404600F073FA264B07
:105F2000C3F8148085F31188BFF36F8F0123002B12
:105F30003FD1637B03F01F02002A0CBF012700271B
:105F4000A4D013F0020F05D1A673EBE71A4BD3F8D8
:105F50000C80DDE7A1686268236813605A60002343
:105F60002360636070B2A0730B6899420DD1002367
:105F70000BE05A686260236014605C60D2E79C4664
:105F80004A6894450DD01B686BB163B193F90E203C
:105F90009042F4D0121A002AEBDC9C46002BEFD181
:105FA000F2E70023F0E74B68216063601C604C60FF
:105FB000B8E73846BDE8F0813C11002008B50B4633
:105FC00059B9EFF3058242B9064A50699268904286
:105FD00003D00846FFF78AFD03E083F31188BFF37F
:105FE0006F8F08BD3C11002008B5034650B9EFF390
:105FF00005823AB9064A51699268914202D0FFF788
:1060000075FD03E083F31188BFF36F8F08BD00BFF8
:106010003C1100200023EFF31181202282F312882B
:10602000BFF36F8F09E0064B9A68D37B013BD373B4
:1060300081F31188BFF36F8F0123002BF3D07047DA
:106040003C11002038B50023EFF31185202282F3A4
:106050001288BFF36F8F0EE0154BDC6817E0A24289
:1060600002D0204600F0CEF9114B5C6185F3118817
:10607000BFF36F8F0123BBB90D4B9A68D17B013100
:10608000D17353F8184F9C42E6D0002CE4D0537BD8
:1060900013F01F0FE3D1D3897F2BE0D9A369002B25
:1060A000DDD1034B5A61E1E704F0FAF838BD00BFD7
:1060B0003C11002008B5024804F0FDF808BD00BFFF
:1060C0005011002038B5EFF31184202383F3128898
:1060D000BFF36F8F224B9A68DB699A4205D0136831
:1060E000516812680A60516006E00023F8E71C4A14
:1060F000D269934212D01B6893B1194A906890F903
:106100000E1093F90E209142F1D0521A002AEEDDC2
:106110005A6842600360106058600AE00023EBE7B1
:106120000F4B9A68D96903F11800106051600A603A
:10613000DA610B4B53F8185F9D420DD065B1084BE7
:106140009B689D4202D0284600F05CF9044B5D61DB
:106150002046FFF7CBFC38BD014BDD68EFE700BF01
:106160003C110020F8B551EA000328D005460C4642
:10617000EFF31187202383F31288BFF36F8F154E3F
:10618000B068154B1860FFF725FDB0682A46234616
:106190001249183000F0F0F90446B268537B43F01E
:1061A000040353733846FFF7A1FCB3689A6ADB6AAD
:1061B000B3F1004F08BF002A05D00020F8BDFFF75B
:1061C00081FF0020FAE704F019F9201A0028F5DC15
:1061D0000020F3E73C110020601100204BA20000DA
:1061E00038B5EFF31185202383F31288BFF36F8F47
:1061F000437B13F0040F04D185F31188BFF36F8F35
:1062000038BD0446183004F0CAF8637B23F0040359
:1062100063732046FFF784FC29460248FFF7CEFE51
:10622000EEE700BF60110020014B9868704700BF87
:106230003C1100202DE9F843037B03F00107EFF345
:106240001186202383F31288BFF36F8F457B15F0EF
:10625000080F1AD10446B14600F1580803F025FF93
:1062600010B345F020056573EFF305839BB131460C
:106270002046FFF7E3FC67B1002383F31188BFF3E7
:106280006F8F0423184602DF03E086F31188BFF303
:106290006F8FBDE8F88341463D4B986803F007FFD8
:1062A0003046FFF723FCE6E745F00803637313F07D
:1062B000800F33D1A3685BB16268236813605A60B2
:1062C000002323606360627B22F002026273A3609A
:1062D00004F1180004F063F8404603F01FFF2C4B54
:1062E0009A68944227D00026294B53F8185F9D42A4
:1062F00028D03DB3AA4202D0284600F083F8244BB0
:106300005D61204600F0DEF8FEB9214B9B689C429F
:106310001FD089F31188BFF36F8FACE705F07F05BD
:1063200045F0080565736268236813605A600023AE
:1063300023606360BEE7EFF305830BB90026D3E764
:106340000126D1E7124BDD68D4E71248FFF7BEFB08
:10635000DBE7EFF30583002BDBD1237B13F0010F89
:1063600012D089F31188BFF36F8F002383F3118854
:10637000BFF36F8F0423184602DFEFF31189202348
:1063800083F31288BFF36F8F4846FFF7AFFB72E7C6
:106390003C11002028090020044BC01AC010044BF7
:1063A00003FB00F0034B01221A547047D809002068
:1063B000ABAAAAAA64110020C3897F2B11D80E4B67
:1063C0001B687BB190F90E200C4B1B689A420CDBCA
:1063D000437B13F01F0F0AD1094B984209D00123C8
:1063E00000E0002303F0010070470023FAE70023D8
:1063F000F8E70023F6E700BFE40000206811002062
:10640000C807002070B505460D4B1E7C06EB460301
:106410000C4C04EBC304204603F0C1FF0A4B0022DE
:106420009A552846FFF7C8FF00B970BD074B1A6898
:10643000013AD3170649204600F09EF8F5E700BF61
:106440003C110020D809002064110020E400002045
:106450009963000038B5EFF31185202383F3128888
:10646000BFF36F8F144B9C68144B1B68A34217D06B
:10647000124B00221A60104B1B7C114AD35C53B1A3
:106480002046FFF799FF30B1637B13F01F0F0FD049
:106490002046FFF7B7FF85F31188BFF36F8F38BD34
:1064A0002046FFF7AFFF85F31188BFF36F8FF6E744
:1064B0002046FFF75DFCEBE73C1100206011002057
:1064C00064110020EFF31181202383F31288BFF3BE
:1064D0006F8F0A4B1B6A834204D11A6F074B1A62F3
:1064E00007E0134613B11A6F8242FAD10BB1026F63
:1064F0001A6781F31188BFF36F8F70473C1100203A
:1065000008B50648064A121A064903F0BEFC0648BA
:10651000064A121A064903F0B8FC08BD0000002024
:10652000F4010020B0B700000000002000000020AF
:10653000B0B70000034B1868984200D070470020A5
:10654000FCE700BFE800002030B1044A52689042E6
:1065500001D0006870470020704700BFE8000020AD
:1065600008B5044B1B680BB1002008BDFEF758F8B6
:10657000FBE700BF6C1100202DE9F04F83B00193C1
:10658000B3F1FF3F08BFB2F1FF3F0DD00446914683
:1065900081600023EFF3118A202282F31288BFF377
:1065A0006F8F1D461E4635E000252E462846314693
:1065B00003B0BDE8F08FFFF7D3FF80460135019BA4
:1065C00043F10006451946EBE07625616661384ADD
:1065D00013685268ED1846EB02064FF0010B41E0DC
:1065E000C91A67EB0202016142614368636020607F
:1065F0001C60446005E02F4B5A68236062601460A1
:106600005C60FFF797FF844240D08AF31188BFF3A4
:106610006F8F0123002BC9D14D46019E6FF00103FE
:10662000B3EB09034FF0FF3363EB0603002BC2DB30
:106630001F4B19685B686918019A43EB02036FF0FE
:106640000102521A4FF0FF3161EB03031046194665
:10665000012A73F1000301DA012000212061616148
:106660004FF0000BFFF766FF0028C4D001694769AF
:10667000236962698B4272EB070EB1DB5B1A62EB36
:10668000070223616261FFF75FFFEDE70A4B1B68BA
:10669000002BBAD1BBF1000F06D0404603F064FED8
:1066A0000021FDF783FFB0E7FFF75AFF8046F4E7CC
:1066B000F0090020E80000206C11002070B5EFF315
:1066C0001186202383F31288BFF36F8F2A4B186043
:1066D000FFF730FF044623E0284A136851685B192E
:1066E00041EBE5711360516000220023C4E90423EB
:1066F000204603F022FE86F31188BFF36F8FA36854
:1067000020469847EFF31186202383F31288BFF3C6
:106710006F8F194A13685B1B1360FFF70BFF04466A
:106720003CB125696169144B1A68D317AA428B41A1
:10673000D2DA44B1236962690F4909685B1A62EBD6
:10674000E172236162610D4A0B4D2868136851683C
:106750001B1841EBE0711360516000242C6020464F
:1067600003F002FE2146FDF721FF86F31188BFF3F7
:106770006F8FFFF76FFE70BD6C110020F0090020D5
:1067800010B50022EFF31184202383F31288BFF3A6
:106790006F8F134611460CE0FFF7E2FE074A1368BD
:1067A0005168C31841EBE07184F31188BFF36F8F18
:1067B0000122002AF0D0184610BD00BFF0090020C9
:1067C000F8B5EFF31183202282F31288BFF36F8FA5
:1067D000026822B183F31188BFF36F8FF8BD0446BE
:1067E0001D46826AC36A52EA030105D0B3F1FF3F36
:1067F00008BFB2F1FF3F27D1236B01332363236A24
:106800006BB185F31188BFF36F8F236A20469847D9
:10681000EFF31185202383F31288BFF36F8F04F108
:106820001803A469A3423FD0002C3DD0204603F0BA
:10683000BFFC0023C4F8AC3085F31188BFF36F8F21
:10684000204603F09AFCC9E716461F46012A73F159
:10685000000301DA01260027013E47F1FF3703F06C
:10686000D1FD013041F10001801947EB0101012800
:1068700071F1000108DA6FF001024FF0FF330D49AA
:106880002046FFF779FEB7E703F0BCFD013041F188
:106890000001801947EB01036FF00102121A4FF05B
:1068A000FF3161EB0303EAE785F31188BFF36F8FD4
:1068B00094E700BFC1670000F8B51D46EFF31187EC
:1068C000202383F31288BFF36F8FB5F1FF3F08BF1A
:1068D000B2F1FF3F1FD00646144629466FF0010271
:1068E000121B4FF0FF3262EB0502002A18DB304624
:1068F00003F055FDDDE90623C6E90A2300233363CF
:1069000022462B460B493046FFF736FE87F31188A7
:10691000BFF36F8FF8BD87F31188BFF36F8FF9E76F
:10692000012C71F1000101DA01240025013C45F13F
:10693000FF35DCE7C167000010B50A4C23681BB1C6
:1069400001232360002010BD00F0F4F80028F7D0E8
:106950000138072803D8044B53F8200010BD034822
:1069600010BD00BF7011002014B60000FE8FFFFFA5
:10697000BFF34F8F0549064BCA6802F4E062134328
:10698000CB60BFF34F8F00BFFDE700BF00ED00E01D
:106990000400FA0530B44FF0FE3200250B4B0C4CCE
:1069A0000C494968C3F80024C3F80424C3F8082438
:1069B000C3F80C24C3F81024C3F81424C3F8182413
:1069C000C3F81C24C4F8005530BC0847005084505C
:1069D00000408450F0000020024BD0E90012C3E9CF
:1069E00000127047F000002010B5044650B16368F3
:1069F00013F0685F05D0064A934202D0002362601C
:106A0000236010BD034B04485B689847EFE700BF65
:106A10002C5F5CA9F000002034B60000C8B14368C8
:106A20000D4A934213D013F0685F0ED0012350E853
:106A3000002F194640E8001C9CF0000FF7D1012AF6
:106A4000F5D0BFF35F8F00207047044870470448BB
:106A500070476FF4E04070472C5F5CA9E98FFFFF3F
:106A6000EA8FFFFF034680B1426809498A420AD093
:106A700012F0685F05D0BFF35F8F002210461A60E6
:106A8000704704487047044870476FF4E04070470F
:106A90002C5F5CA9E98FFFFFEA8FFFFF10B504466A
:106AA00020B10023034A2360626010BD0248FFF753
:106AB00071FFF6E73A00003A5CB6000070B5194C79
:106AC000D0F804C00668C4F804C0D0F808C0C06894
:106AD000C4F808C0E06026600868134B134D1860C6
:106AE0004868D5F818215860886812F0685F986087
:106AF000C8680969D860196112D000230C4A05F5ED
:106B00008A70C5F81431C5F8B831C5F81821C5F830
:106B1000BC21B047236805F5DC70BDE8704018471C
:106B200070BD00BF0C010020F8000020881100207B
:106B30002C5F5CA908B500F011F830B900F010F82E
:106B400038B9054AC2F80C0A08BD00F037F803202E
:106B500008BD042008BD00BF0050845000207047CD
:106B600010B5114800F048F800B110BD0F4800F012
:106B700043F80028F9D10E4C204600F03DF80028DB
:106B8000F3D10C4B0C481C6000F036F8014600288D
:106B9000EBD100F02DF8044608B1204610BD00F0FE
:106BA0003FF82046FAE700BF4C01002048010020D2
:106BB000440100203C0100204001002008B50848A5
:106BC00000F024F8074800F021F8074800F01EF80C
:106BD000064800F01BF8BDE8084000F00BB800BF05
:106BE0004C01002048010020440100204001002009
:106BF00000207047704700BF08B5034B02681B6850
:106C000010689847002008BD0C01002008B5034B10
:106C100002685B6810689847002008BD0C010020DE
:106C200070B5094C094D2069AB68984718B1084BFD
:106C300008485B6898470021074AEB6811602069A3
:106C4000BDE87040184700BFF80000200C0100208C
:106C5000F000002080B60000841100200CB430B594
:106C600089B005460C461C22002101A803F01FFC38
:106C7000022305958DF806300D4B029323462CB167
:106C8000B4F1004F28BF4FF00043013B1D440DAA53
:106C90000C9901A80695009200F00CF814B1059B20
:106CA00000221A7009B0BDE8304002B0704700BF42
:106CB000A3A500002DE9F04F43688DB0154680462E
:106CC000029383789A0740F10D8100240E78002EFC
:106CD00000F00A81252E0BD04B1C03930134414652
:106CE0003046029B98470028C0F2F6800399EDE7F2
:106CF0004E788B1C252E0393F0D00027B946BB4657
:106D0000BBF11F0F38D8A6F12003102B0AD8DFE8FB
:106D100003F02A0909300909092109090928092D5F
:106D200009091F00A6F13003092B33D92A2E37D1C8
:106D30001BF0400F55F8043B40F08280002BA7BFAA
:106D40004BF0200B9946C3F100094BF0280B01E0F2
:106D50004BF0010B039B13F8016B0393002ECFD173
:106D600030E04BF0020B4BF0040BF3E74BF0080B59
:106D7000F0E74BF0100BEDE7BBF17F0F19D8A6F150
:106D80003003092BD2D81BF0400F03D00A2101FB9E
:106D90000737DFE70A214BF0200B01FB0939D9E760
:106DA0002E2E06D11BF0400F40F09E804BF0400B82
:106DB000D0E76C2E31D02BD8682E36D06A2E3CD03E
:106DC0004C2E3AD0002F46F02003B8BF2BF04002E3
:106DD000A3F16501BCBF00271FFA82FB022901D97C
:106DE000612B2FD107350727DFF8ACA225F0070567
:106DF00008351BF0080F66D00AEB070B56465E45B8
:106E000063D1A4EB0A0AA9EB070906EB0A026FE1BA
:106E1000742E9FD07A2E9DD0D4E71BF0800F18BF20
:106E20004BF4007B4BF0800B94E71BF4807F18BF82
:106E30004BF4007B4BF4807B8CE74BF4207B89E7A1
:106E40001F4687E7A6F16301122900F2F080DFE810
:106E500011F013004F00EE00EE00EE00EE004F00C8
:106E6000EE00EE00EE00EE00EE00FE00E900EE00A7
:106E7000EE001B00EE00AF0055F8043B01270DF1BA
:106E8000180A8DF81830B4E755F804AB834BBAF103
:106E9000000F08BF9A461BF0400F504614BF3946FA
:106EA0004FF0FF3103F01BFB0746A2E741462020CD
:106EB000029B984700280FDB013EB742F6D34C44B3
:106EC000B146A41B98E74E46F7E7414616F8010B7A
:106ED000029B9847002892DA98F8023043F00403A6
:106EE00088F802304FF0FF3420460DB0BDE8F08F37
:106EF0001BF0800F34D01BF4007F2CD0073525F019
:106F00000705AA4669685AF8080B2BF010050029F6
:106F1000ADB237DA404245F4806561EB41010DF1D5
:106F2000180B0A235A4603F0E6FAA0EB0B03019371
:106F30006B0662D5019B25F001019F4289B240F3A7
:106F4000A180002E00F0998015F0100240F09C8086
:106F5000BB460D4623E0AA465AF8040BC117D4E7F6
:106F6000AA461BF4807F5AF8041B01D10846F5E7B6
:106F70001BF4007F19BF48B241F3C01108B241F3BE
:106F8000C031C2E750EA0103C9D11BF0400FC6D09F
:106F9000002FC4D12BF01102BB46019795B240F2ED
:106FA000064115EA01021CBF0BF1010B00222CE087
:106FB0002BF010020A231FFA82FB1BF0800C49D031
:106FC0001BF4007115BF0735AA4625F007055AF8CE
:106FD000040B1EBFAA4669685AF8080B50EA01055F
:106FE00045D12BF016051BF0400FADB242D0002F5B
:106FF00040D12BF01702019795B215F0100248D03E
:10700000019B002E42D103F1010B29075AD4EB0753
:1070100006D5D9456FDDA9EB0B030199CB465F1867
:107020005B4649E04BF0100B10237826C5E7782B20
:1070300004D1C6F1780343F01003BEE74146252092
:10704000029B98470028FFF647AF023447E6082323
:107050000026B2E7AA461BF480715AF8040BBDD093
:107060001BF400711ABFC0B2614680B2B6E72BF0C4
:10707000060295B20DF1180B54E725F01105BB4639
:10708000ADB28CE70D46B8E73B460D4603F1020B67
:10709000BBE7DDF804B082E7A8B70000A1B70000A5
:1070A000CDE9043241462020029B98470028FFF694
:1070B00013AF049B059A01339945F1DCA4EB0B0156
:1070C0009B46CC180AB341463020029B98470028C3
:1070D000FFF602AF8EB901342744391B019B994258
:1070E00024DC1D4655BB019AA9EB0B0955462244E9
:1070F0001446914433E0019F92E702344146304602
:10710000029B98470028E7DAE6E640F206410D4286
:10711000E2D015F0020F04F10104414614BF2B2008
:10712000202015F4806F18BF2D20E9E7414630205C
:10713000029B013498470028CFDACDE606AB013D2B
:107140004146585D029B98470028CBDAC4E6414689
:107150002020029B013498470028FFF6BDAEA9EB22
:107160000403002BF3DCC1E5704738B5134685688E
:10717000046912F4801F07D012F4402F04D012F0DB
:10718000010F01D082F4402323F4801213F0010F89
:107190000AD023684FF0010C0CFA01FC43EA0C03FF
:1071A00023602B68984738BD23684FF0010C0CFA18
:1071B00001FC23EA0C032360F3E708B503468C4681
:1071C00000681979DA8842EA0C02FFF7CEFF08BDA1
:1071D00038B50C46056983685B68984718B9236819
:1071E0002A685340236038BD10B582B00C4601A90F
:1071F000FFF7EEFF30B90123A340019A134214BFF9
:107200000120002002B010BD08B532B1012303FAFD
:1072100001F18368DB68984708BD012303FA01F197
:1072200083681B699847F7E710B503691C68012359
:107230008B401C4202D0B2FA82F25209FFF7E4FFFF
:1072400010BD08B5034600681B7901219940836889
:107250005B69984708BD08B520EAE070C117C9030B
:1072600041EA5041C00340F2E733C0184FF47A724C
:107270004FF0000341F10001F8F76CFF03F01FF835
:1072800008BD00EBC1018368B3F5004F0AD322B1FA
:107290004B6843F001034B6070474B6823F00103D8
:1072A0004B60704722B14B8843F001034B8070471D
:1072B0004B8823F001034B807047131D50F8233097
:1072C000DBB9C3684FF0010C0CFA02FC43EA0C0373
:1072D000C360043240F8221000EBC1038268B2F5AB
:1072E000004F06D399608268B2F5004F03D3D9608E
:1072F00070479980F7E7D980704710B500EBC30C51
:107300008468B4F5004F1CD3DCF8082000EBC10EF4
:10731000B4F5004F18D3CEF808208468B4F5004FB8
:1073200015D3CEF80C3000EBC2028368B3F5004FE2
:1073300010D3D1608368B3F5004F0DD3CCF808109B
:1073400010BDBCF80420E1E7AEF80420E5E7AEF894
:107350000630E8E7D180EDE7ACF80410F0E708B5B7
:107360008368B3F5004F07D300EBC102526852089F
:10737000012A02D0002200E00022A2B900EBC102E3
:10738000B3F5004F10D352685208B3F5004F0DD338
:1073900008230833A2EBD3020132B2FA82F2C2F11F
:1073A0001F02FFF78AFF08BD5288EDE70423F0E7CC
:1073B000F8B5B2F5802F23D30823D21ACC1D24F0C0
:1073C000070401EB020C2CF0070CACEB040C4FEAA9
:1073D000DC010460A1600023E360BCF5802F11D3C1
:1073E00008230833A1EBD3030133B3FA83F3C3F1CA
:1073F000200EC3F124039B00DE1DF508002308E0E6
:107400000423DAE70423ECE71A1D002044F82200E5
:1074100001337345F8DB6B00BCF5802F32D363601A
:10742000BCF5802F30D300232360BCF5802F2ED3F2
:10743000636843F0010363604A1B570026F00703AB
:10744000E018BCF5802F27D34760A068B0F5004F47
:1074500024D3E5502CF00703A444A068B0F5004FF6
:107460001ED30020CCF80400A068B0F5004F1BD359
:10747000E25001222046FFF704FF29462046FFF78D
:107480006EFFF8BD6380CBE700232380CDE76388E0
:1074900043F001036380CFE74780D6E7E552D9E7A1
:1074A0000020ACF80200DFE7E252E2E710B50C463C
:1074B00011461A46029BA04710BD4038C0B23A2878
:1074C0008CBF002001207047F8B506460378457848
:1074D000847804EB83040444002706E0013420464A
:1074E000F8F752FE013004440137AF42F6D3A01B37
:1074F000F8BD70B5144668B10D46194606462BB95D
:107500001046F8F741FE83B2013399B22A4620466D
:10751000B04770BD1046F8F737FE0130F9E75BB3AE
:107520002DE9F04782B00746884691461D461A78F5
:107530005E789C78DB7804EB820404EB43042C44F3
:107540004FF0000A0AE014F8013B45F823402046BA
:10755000F8F71AFE013004440AF1010AB245F2D3E9
:1075600005F1080300936B684A4641463846FFF729
:107570009DFF02B0BDE8F0876FF0150070472DE960
:10758000F0410446884600273E4607E0702D18D09B
:107590002846FFF792FFB8B9252D0ED014F8015BED
:1075A00075B1002EF8D04745F0D02846FFF785FF8B
:1075B0000028F1D001370026EEE786F00106EDE75E
:1075C00000263046BDE8F0810026FAE7002070472B
:1075D00008B500F0D5FC08BD0FB400B583B004A910
:1075E00051F8040B0191FFF7F3FF03B05DF804EBD2
:1075F00004B07047036913F0080F08D1C36802682C
:10760000934207D8036A9B1A0B6001207047002041
:10761000086070479B1A0B6000207047036913F0E5
:10762000080F07D1826843689A4203D89B1A0B60FF
:1076300000207047036A82689B1A0B600120704724
:1076400010B582B0044601A9FFF7D4FF20B1E3686A
:10765000019A1344013B0193206A019BC01A01382F
:1076600002B010BD38B5036913F0040F00D138BD66
:107670000446456AFFF7E4FF854202D9606A60620A
:10768000F5E72046FFF7DCFFF9E7C3681944036913
:1076900013F0010F04D1026A914204D3891A02E067
:1076A000026A013A1140C16023F008030361704788
:1076B00010B400236FF3000343F0020361F39F0350
:1076C000C269046842F8243003680B44026912F06E
:1076D000010F04D1046AA34204D31B1B02E0046A15
:1076E000013C23400360C4689C420AD043681944AB
:1076F000036913F0010F08D1036A994208D3C91A2C
:1077000006E042F008020261F0E7036A013B19401B
:10771000416010BC70472DE9F04F83B004460191E1
:1077200017469846C569C66805EB860B15F82630DE
:1077300003F00303022B24D0002100233B60C8F890
:10774000003019BB236913F0020F75D0A3695846A6
:107750009847824615F8269019F001096ED015F861
:10776000263013F0020F3BD0019BBBB96268524434
:10777000236913F0010016D1216A8A4216D3521AE6
:1077800014E055F82610C1F39D01D6E72046FFF717
:107790007CFFE368A3604FF001094FE019462046E3
:1077A000FFF786FFE2E7216A01390A406260E1687B
:1077B000A268914206D0A2682260E26043F008030A
:1077C00023613BE0524420B9216A8A4204D3521A11
:1077D00002E0216A01390A40A2604FF00009EAE79D
:1077E00001462046FFF751FFE368A360019B23B1E8
:1077F000E3692268002143F82210019B5344C8F832
:10780000003022681344226912F0010F04D1216A6A
:107810008B4204D35B1A02E0216A01390B402360DA
:1078200042F00802226115F826306FF3000305F8D4
:107830002630C7F800B001E04FF00009484603B019
:10784000BDE8F08F30B45318046914F0010F04D16F
:10785000056AAB4204D35B1B02E0056A013D2B4085
:1078600005689D4214D000236FF3000343F0020328
:1078700062F39F03C46944F82130436813440269EA
:1078800012F0010F09D1026A934209D39B1A07E053
:10789000016024F00804046103E0026A013A134025
:1078A000436030BC704708B50023036043608360C9
:1078B000C360036143618361CA6882618A6842610F
:1078C0000A68C2614A68026243620B6903612AB1B5
:1078D000511E0A4202D143F0010303612830012204
:1078E000002102F089FB08BD2DE9F04F87B09A46D0
:1078F000002305930393036A8B42C0F089800446FA
:1079000089469346002301930126009341E00199A3
:107910002046FFF797FF0023039345E0E3692268C1
:1079200003EB8201009113F822106FF3000103F8BA
:107930002210C9B26FF3410103F8221023684B44AF
:10794000226912F0010F04D1216A8B4204D35B1A21
:1079500002E0216A01390B402360E168994201D0BD
:10796000002608E042F008022261002603E02046DB
:10797000FFF79EFE2E4688F31188BFF36F8F05999F
:1079800029B163690BB12046984700230593002E67
:1079900040D0EFF31187202383F31288BFF36F8F5A
:1079A000B846039A002AB2D104A92046FFF722FE66
:1079B000054604994945B1D20028D8D15AEA0B03AB
:1079C0000BD1002ED7D02368019303AB05AA0499ED
:1079D0002046FFF7A0FE0646CDE702F031FB002867
:1079E000EFD1002FEDD187F31188BFF36F8F04F132
:1079F00028005A465346FDF7BFFFEFF311882023B6
:107A000083F31288BFF36F8FB0FA80F67609B2E77E
:107A100000230093009807B0BDE8F08F70B50446CE
:107A20000D46836908469847EFF31186202383F3B8
:107A30001288BFF36F8F2B7843F001032B706368BC
:107A40001844236913F0010F04D1236A984204D328
:107A5000C01A02E0236A013B184060602046FFF72D
:107A600001FE86F31188BFF36F8F70BDF0B583B050
:107A700004462EE053F8220080084DD143E0226AEC
:107A8000013A1340A3602046FFF7FFFD01231BE0EE
:107A900013F8221041F0020103F82210A768A3692D
:107AA000304698473844236913F0010F04D1236A04
:107AB000984204D3C01A02E0236A013B1840A06038
:107AC000002301E000231E4685F31188BFF36F8F6A
:107AD0008BB3EFF31185202383F31288BFF36F8FED
:107AE00001A92046FFF79AFDE369A26803EB82062D
:107AF00001990029E6D013F8221011F0030117D0E4
:107B00000229B7D0002013F8221011F0010FBFD1C5
:107B100010B9A36930469847A36801460344226917
:107B200012F0010FABD1226A9342ABD39B1AA9E7A3
:107B300000231E46C8E7304603B0F0BD70B50446CA
:107B40000D468369084698470146EFF311862023C6
:107B500083F31288BFF36F8F2B786FF300032B70C2
:107B6000236913F0020F0AD0E369E26803EB820392
:107B7000AB4204D02B6860F39F032B600AE02B78A4
:107B80006FF341032B70E268A3689A420BD0204642
:107B9000FFF77BFD86F31188BFF36F8F04F1280098
:107BA000FDF7A6FE70BD0B44226912F0010F04D14F
:107BB000226A934204D39B1A02E0226A013A1340DC
:107BC000A360E4E710B582B0EFF31184202383F3C0
:107BD0001288BFF36F8F01A9FFF720FD84F311888E
:107BE000BFF36F8F0198003818BF012002B010BD9D
:107BF00001F00701038B23F007030B430383704756
:107C00002DE9F04106460F469046816821B10C6887
:107C10003CB131B90C4604E00C4602E02346214653
:107C20001C4669B14D6843463A463046A847002C89
:107C3000F4D02368002BF2D0002CF0D12346EEE7DD
:107C4000BDE8F081038B13F0070303D102680AB18A
:107C500003207047022B03D0012B06D00020704771
:107C6000428B002AF8D10420704703680BB105202D
:107C700070470020704710B504468C46038B002ADD
:107C800007DB03F007035A1F012A0ED9042B36D055
:107C900010BDD0E900018CE803000023236063607D
:107CA00001212046FFF7A4FFF2E7D0E900018CE8AC
:107CB0000300002222606260062B1BD1DCF800303A
:107CC00053B1628B013262831A461B68002BF7D0D6
:107CD000002AF5D11346F3E702212046FFF788FF7B
:107CE0002046FFF7AFFF0028D2D0238B43F02003BC
:107CF0002383CDE700212046FFF77AFFF0E700213C
:107D0000FFF776FF2046FFF79DFF0028C0D0238BAA
:107D100043F020032383BBE750B110B50C4651B1AB
:107D2000081D00F0C2F810B9A368032B06D810BDD7
:107D30006FF0150070476FF01500F8E76FF0150051
:107D4000F5E72DE9F04107460C4616461D46194653
:107D5000201D00F0C1F828B180462B46324621464E
:107D60003846C047BDE8F0812DE9F04180460C4619
:107D700017461E4604E033463A464046FFF7E1FF09
:107D8000216831B10D68256063688B42F3D165606D
:107D9000F1E7BDE8F08108B5EFF311824FF0200C58
:107DA0008CF31288BFF36F8F41610121F9F7BAF9A3
:107DB00008BD034670B181B10A688AB14A6892B1C0
:107DC0000020186058609860D86018615861986108
:107DD000196170476FF0150070476FF0150070471C
:107DE0006FF0150070476FF01500704770B50546CD
:107DF0000E46FFF791FF041E2EDBEFF311822023C6
:107E000083F31288BFF36F8FB5F818C00CF0070C1E
:107E10006B8B4FF6FF718B422CD06446BCF1020F86
:107E200008D0BCF1060F19D8DFE80CF01E1818189E
:107E30001E2A1E0001336B8301230021084628B14E
:107E400000203060686808B306606E6009BB82F38A
:107E50001188BFF36F8F0BBB204670BD6FF0040419
:107E6000002319461846EAE7BCFA8CF149090023B9
:107E70000120E4E76FF00A04002319461846DEE704
:107E80006FF08504002319461846D8E76E602E600F
:107E9000DCE702212846F9F745F9DDE700236246D1
:107EA00031462846FFF74DFFD6E7024658B14368F2
:107EB00003F00303012B03D0032B07D1036843B165
:107EC0000020906070476FF0150070476FF015004C
:107ED00070476FF0150070470346426802F00302D6
:107EE0008160032A03D1006800225A607047002095
:107EF000FAE77047037813F0040F01D000207047B1
:107F00000368C3F34A2000EB1350173020F007003A
:107F10008008704710B504460368DB6803B19847D2
:107F2000636801229A7110BD0020704701207047DC
:107F300008B501F018FB08BD08B520EAE070C117CC
:107F4000C90341EA5041C00340F2E733C0184FF47F
:107F50007A724FF0000341F10001F8F7FBF802F0EC
:107F6000AEF908BD08B500220023FFF7BDFC08BD2F
:107F700008B5FFF7E3FD08BD08B5FFF723FE08BD10
:107F800000B585B003910290002001900090034657
:107F900002460146F9F730FD05B05DF804FB08B56F
:107FA0000120F9F795FA08BD08B5F9F725FB08BDDA
:107FB00008B5FFF733FDF9F7B9FB08BD002070479E
:107FC00008B54368DA7143681960436801225A7141
:107FD000F9F76EFA08BD70B5536896689B1B8B4223
:107FE0000CD30C46154613680A460146981902F050
:107FF00037FAAB682344AB60204670BD6FF01B00BE
:10800000FBE770B588B10E4614461946054633B1F4
:108010001030C2F34A23120D184402F021FA2C60EA
:108020006E602846F9F7C0FB70BDF9F751FAFBE71F
:108030002DE9F04383B006460F4615461C4603F172
:1080400001094FEA890808F1170020F007008008AD
:10805000F9F7CAFA002201928DF8049068B100F194
:10806000140C019B0361964605E055F82E304CF840
:10807000043B0EF1010EA645F7D3002267F38812E8
:1080800068F3532200233146FFF7BBFF03B0BDE87E
:10809000F08300B583B00192012301AAFFF7C8FF66
:1080A00003B05DF804FB00B583B000920193022396
:1080B0006A46FFF7BDFF03B05DF804FB08B5F9F7AA
:1080C000EFFB08BD2DE9F0418046076885684368ED
:1080D0001C685E6805E0324621462846B847241AE7
:1080E0000544002CF7D1D8F8043000221A60BDE80E
:1080F000F08138B505460C464B681A68CB689A4241
:108100000BD06368D3E8EF2F511CC3E8E01F0028B1
:10811000F8D1A3689D54002038BD0846FFF7D2FF70
:10812000EFE738B504460D460A2805D02946204613
:10813000FFF7DFFF002038BD0D20FFF7DAFFF5E77E
:1081400008B513460122F9F711FD08BD08B513461D
:108150000022F9F70BFD08BD38B505460C4601F0C5
:108160000101FFF7F3FF21462846F9F791FD38BDDD
:108170002DE9F04383B080460E4615461F46DDF8D4
:1081800028902C46102D28BF1024CDF800903B4697
:10819000224631464046F9F78FFD26442D1BF0D18B
:1081A00003B0BDE8F0832DE9F04387B006460C46E6
:1081B0009046D1F808900F88C7F382170878C0F36B
:1081C000C2050846F9F76EFC011E1ADA00232146A3
:1081D00051F8105BC5F34A256288C2F30B124819A7
:1081E00005B90021CDF81480049203900291019703
:1081F0000022009249463046F9F7C0FD07B0BDE8BD
:10820000F0832846F9F726FB0346E0E72DE9F04125
:1082100080460768856843681C685E6805E03246EA
:1082200021462846B847241A0544002CF7D1D8F82F
:10823000043000221A60BDE8F08143681B685B6867
:1082400019610020704743681B681A6852685360C0
:10825000704708B543681B685A6801211175186892
:10826000FFF7D4FF08BD08B543681B681868F9F725
:10827000C9FD08BD38B50C4643681D686B681869B0
:10828000F9F7FEF803460F2221462868984738BDC3
:10829000FEE708B501460068FAF70AF808BD08B518
:1082A000FAF722F8FAF74CF808BD0020704708B535
:1082B00000231370CB1E092B1AD8DFE803F0050941
:1082C0000D111919191919141146FAF78FFA08BD69
:1082D0000021FAF779F9FAE70021FAF7FFF9F6E752
:1082E000FAF780F8F3E71146FAF7F4F80020EEE722
:1082F000FAF7FEF80020EAE708B540B2FAF70EFCFC
:1083000008BD08B5013140B2FAF716FC08BD08B542
:1083100000210120F9F7CCFF08BDD0F8943083F399
:108320000B88704761B662B680F31188BFF36F8F18
:10833000704708B572B6002383F31188BFF36F8FBF
:1083400000F019F950B1BFF34F8F30BF00BF00BF2D
:1083500000BF00BF00BF00BF00BF00BF62B6BFF3D9
:108360006F8F08BD10B5044672B6002383F31188E1
:10837000BFF36F8F00F0FFF850B1BFF34F8F20BFF6
:1083800000BF00BF00BF00BF00BF00BF00BF00BFF5
:1083900084F31188BFF36F8F62B610BD40E800F020
:1083A00010F4803F01D0C0B270476FF015007047E5
:1083B00008B50B6823F01F0C0B7A03F01F0ECA6878
:1083C00022F01F025B0942EA430242F001024CEA3A
:1083D0000E01FAF793FC08BD43681F2B08D913F070
:1083E0001F0F07D1036813F01F0F05D0002070473F
:1083F00000207047002070470120704770B5044688
:108400000E46FFF7CBFF05463444601EFFF7C6FF5C
:10841000854201D1284670BD6FF01505FAE710B509
:1084200084B00B6800934C68B1F808C09DF8082030
:108430006CF304028DF808204989D2B261F3471227
:108440008DF8082023F01F032344013B23F01F0372
:1084500003936946FAF7ACFC04B010BDF0B587B0E1
:10846000054605A8F9F738FD0646002422E05768BE
:10847000095827F01F0392681344013B23F01F03A0
:10848000019702919DF80C20012161F304028DF8FF
:108490000C20D2B2022161F347128DF80C20049314
:1084A00001A92878FAF784FC002847DB2B780133F0
:1084B0002B700134B44244D22001059901EB04121F
:1084C000D3681B0D1B05B3F5001FD0D0B3F5800F8B
:1084D0001BD0B3F5801FECD15768095827F01F0354
:1084E00092681344013B23F01F03019702919DF80A
:1084F0000C20012161F304028DF80C20D2B261F34B
:1085000047128DF80C200493CAE75768095827F0E2
:108510001F0392681344013B23F01F03019702914C
:108520009DF80C20062161F304028DF80C20D2B2D4
:108530006FF347128DF80C200493B1E76FF015002C
:1085400000E0002007B0F0BD08B5FAF725FD08BD32
:1085500008B5FAF7FDFB08BD08B50B6949699847EE
:10856000002008BD08B5FAF791FD002008BD08B548
:10857000FAF706FE08BD08B5FAF7C4FD08BD08B550
:10858000FFF7F5FF08BD08B5FAF7A6FD08BD4FF4E3
:108590007F03D3F83021D3F83431072A01D00020EB
:1085A0007047042B03D8022B03D30020704701200F
:1085B00070470120704738B505460C464FF05023F0
:1085C0000122C3F814260020FAF750FE00212846A5
:1085D000A04738BD70B5044619B10123C0F8143660
:1085E00070BDFFF7D4FF18B90023C4F81436F7E7BD
:1085F0000126C4F818660025C4F81456052001F0B9
:108600006DF8C4F81466304601F068F8C4F81456E2
:10861000C4F81856E4E738B505460C460120FAF7C9
:1086200025FE00214FF05020FFF7D4FF00212846FF
:10863000A04738BD0346032929D8DFE801F0020D21
:108640001823D3F81804C0F300400AB3D3F8183441
:1086500003F0030313707047D3F80C04C0F3004019
:10866000B2B1D3F80C3403F0010313707047D3F8A0
:108670005C04C0F300405AB1D3F85C3403F001034A
:1086800013707047D3F85404C0F3004070470020C3
:108690007047006901EB410189007031084470475F
:1086A000406801EB410100EB810070470069C1EBBC
:1086B000C10100EB8100704708B5C9B2FFF7E9FFBF
:1086C000806800F0070008BDEFF31182202383F3D8
:1086D0001288BFF36F8F036813F0C00301D08B4281
:1086E00007D101230360002082F31188BFF36F8F4D
:1086F00070474FF0FF30F7E7EFF31182202383F349
:108700001288BFF36F8F036803F0C00C03F00703F8
:10871000012B08D08C4509D04FF0FF3082F311882F
:10872000BFF36F8F704701600020F7E76FF07700AD
:10873000F4E7EFF31182202383F31288BFF36F8FE6
:10874000036803F0C00343F00203036082F311885F
:10875000BFF36F8F7047F8B506460C46FFF799FFD9
:1087600005684768002340F8083BFFF7E2FF1DB1AA
:108770003A4621463046A847F8BD70B5064615462C
:10878000CCB22146FFF785FF29460830FFF79CFF52
:10879000002806DB21463046FFF782FF43689847F2
:1087A000002070BD08B58022FFF7E7FF08BD2DE966
:1087B000F041064690461F46CDB22946FFF769FFB5
:1087C000044606990830FFF797FF002809DBC4F834
:1087D0000080676029463046FFF762FF03689847CC
:1087E0000020BDE8F08110B582B080240094FFF72E
:1087F000DEFF02B010BD10B51446C9B2FFF756FF38
:108800000021A04710BD08B50120FCF755F808BDB0
:1088100008B50320FCF750F808BD08B50220FCF7A6
:108820004BF808BD08B50020FCF746F808BD08B5B0
:10883000012001F003F808BD08B5032000F0FEFF99
:1088400008BD08B5022000F0F9FF08BD08B50020FA
:1088500000F0F4FF08BD08B520EAE070C117C903B5
:1088600041EA5041C00340F2E733C0184FF47A7236
:108870004FF0000341F10001F7F76CFC01F01FFD20
:1088800008BD08B51046FDF733F808BD0B4639B1F1
:108890001168196041688A4209D00023136070474B
:1088A0001368036041688A42F7D14360F5E743608B
:1088B000F3E708B50A460368002101E019461B6882
:1088C0002BB19342FAD1FFF7E1FF012000E0002035
:1088D00008BD38B505460C460321A047002806DB35
:1088E00001212846A047002800DB002038BD10F1F8
:1088F000860FFBD1F4E770B504460D4616460368B3
:1089000033B1FFF7D6FF70B91EB96FF0150006E05E
:1089100032B123682B602560636843B1002070BDCD
:108920006FF01500FBE7002EF3D10020F7E765603C
:108930000020F4E770B50E461546016821B10C68B9
:108940003CB131B90C4604E00C4602E02346214616
:108950001C4671B18A682A4002D04B68304698475D
:10896000002CF3D02368002BF1D0002CEFD123464C
:10897000EDE770BD0069003818BF0120704710F0A6
:10898000100F04D110F0200F03D1002070470320F6
:1089900070470120704743685B681B690B600020CB
:1089A000704743685B6802EA010021EA02019860AF
:1089B000D9600020704743685B6899600020704769
:1089C00043685B68D9600020704743685A68536801
:1089D00021EA03000B409060D36000207047B0F59F
:1089E000800F07D0B1F1C06F0DD0B1F1007F08D07A
:1089F00001207047B1F1007F01D0052070470420AD
:108A00007047022070470320704708B500690430A2
:108A1000FFF771FF08BD10B500F01F044009FAF719
:108A200075FE30B1014600690122A2400430FFF713
:108A300081FF10BD002070470020704708B521B1AC
:108A4000012905D06FF0850008BDFFF7F3FFFBE7B4
:108A5000FFF7F2FFF8E708B51146103001F0D0F942
:108A600008BD00B54368136001E008331360136864
:108A700090F808C0D0F804E00EEBCC0C634505D2AA
:108A800093F805C08C45F0D1002001E06FF00100A3
:108A90005DF804FB08B511B9FBF70CF808BDFAF74F
:108AA000F5FFFBE738B505460C460321A047002833
:108AB00006DB01212846A047002800DB002038BD46
:108AC00010F1860FFBD1F4E743681B68EFF31182C6
:108AD000202181F31288BFF36F8FD3F8201131B1B9
:108AE0000021C3F82011D3F820110121D96082F3AD
:108AF0001188BFF36F8F704743681B68D3F88004F9
:108B0000C3F88004704743681A685B6803F0010388
:108B1000D2F8581129B933B9D2F820312BB9002035
:108B2000704701207047002070470120704708B54A
:108B300003691A6813680BB15268984708BD00B5FD
:108B400087B00023019302930393049305930423B6
:108B50008DF8043002910DEB0301FFF7E8FF07B039
:108B60005DF804FB4368187D012814BF0020012034
:108B7000704700B587B00269002301930293039305
:108B80000493059302238DF8043013681B6C029341
:108B900013689B6C0393049101A9FFF7C8FF07B00A
:108BA0005DF804FB10B503691B6840680068EFF3CB
:108BB000118C4FF0200E8EF31288BFF36F8F1C6C58
:108BC000ACB1DC6CB4B9D9641A65C0F83415C0F81E
:108BD0003825042A11D9D0F8003243EA0E03C0F830
:108BE000003200208CF31188BFF36F8F10BD6FF03F
:108BF0000C00F7E76FF00F00F4E70020F2E70369DD
:108C0000186820B101601B685A60002070476FF03F
:108C10008500704700B587B000230193029303934A
:108C20000493059303238DF8043003691A6843689D
:108C30001968936DD26D134302D00423C1F8043335
:108C400001A9FFF774FF07B05DF804FB43681A68D9
:108C50009B6AC2F834350523C2F838350123D36244
:108C6000D2F81031002BFBD00023C2F81031D2F81B
:108C70001031D2F84C0130B10023C2F84C31D2F897
:108C80004C31D2F83C05C0B2704710B4445844B1DE
:108C90001A4201D1002005E000234350435801202F
:108CA00000E0002010BC704742681368006900684B
:108CB00068B9D3F8100168B1126B12780A700020FD
:108CC000C3F81001D3F8102101221A6070476FF029
:108CD000850070474FF0FF30704708B520EAE0701C
:108CE000C117C90341EA5041C00340F2E733C0183D
:108CF0004FF47A724FF0000341F10001F7F72AFABE
:108D000001F0DDFA08BD70B5064612E075B1EFF36B
:108D10001184202383F31288BFF36F8F3046FFF74F
:108D2000F2FE98B984F31188BFF36F8F0120FFF72B
:108D3000D4FF64243046FFF7E6FE05460028E5D15F
:108D4000012000F0CBFC013CF4D1DFE7204670BDF0
:108D500010B582B0044601AAFFF783FE002805DBA8
:108D6000019B226819791868FAF7B8FE02B010BDA5
:108D700010B543681C680021D868FFF7E9FF082395
:108D8000C4F8003510BD08B50269936819439160B5
:108D900013F0030F00D008BDFFF7EAFFFBE710B5A3
:108DA00043681C68C4F84415C4F848250022C4F878
:108DB0002021D4F82011C4F85821D4F858215B6838
:108DC00013F0040F02D10123A36010BD0121FFF7AE
:108DD000DAFFF8E738B505460C4643681B684FF4E0
:108DE0008002C3F80423FFF78EFE20B92368012216
:108DF00083F8B82038BD2368002283F8B8202368A0
:108E00004FF0FF32C3F8B4202368D3F8AC20D3F876
:108E1000A8102846FFF7C3FFECE743685A6812F032
:108E2000040F00D0704710B504460021D868FFF742
:108E30008FFF2046FFF79CFF10BD012904D108B524
:108E4000FFF7EBFF002008BD6FF08500704710B5FD
:108E500002694468936823EA0101916011F0030FED
:108E600000D010BD43681B680022C3F80025012113
:108E7000E068FFF76DFFF4E730B587B0044642685D
:108E800003691968002301930293039304930593E4
:108E900005208DF8040081F86130536813F0040F49
:108EA00005D101A92046FFF742FE07B030BDEFF320
:108EB0001185202383F31288BFF36F8F0221204690
:108EC000FFF7C5FF85F31188BFF36F8FE9E770B532
:108ED0000446466803691D68296C19B1FFF72FFE27
:108EE00000232B6495F862306BB1002385F8623063
:108EF00063681B680022C3F80821D3F808312046B4
:108F0000FFF7BAFF70BD736813F0040FF0D020466E
:108F1000FFF79CFE85F86000EAE770B50E4603692E
:108F20001D6843681C6805F1080001F086FAEFF33C
:108F30001182202383F31288BFF36F8FEB6C53B140
:108F4000D4F8003223F02003C4F800320023C4F820
:108F50004C31D4F84C31002385F8613016B101232F
:108F600085F862300123636082F31188BFF36F8F4D
:108F7000002070BD08B503691B681B6C1BB1012183
:108F8000FFF7CBFF08BD6FF00D00FBE710B586B013
:108F9000044643681968D1F88024002301930293A2
:108FA00003930493059306238DF8043012F0010F08
:108FB00008D112F0020F14D112F0040F13D102F0F5
:108FC000080300E001238DF80830C1F8802401A9CE
:108FD0002046FFF7ACFD00212046FFF79EFF06B0BC
:108FE00010BD0223EFE70423EDE738B503694268BB
:108FF00015681A68D2F8A01051B1002482F8B84060
:109000001868683001F019FA0123EB60204638BD7A
:109010006FF00D00FBE708B5406BFFF7E6FF08BDFA
:1090200070B5054603691C6843681E6804F10800B2
:1090300001F003FAD6F83C3594F860101944002387
:1090400084F86030A36CC91A01D400292CDC216C8F
:109050002846FFF774FDE36C2364236D63640023EB
:10906000E3642365A36494F86130E3B1EFF3118204
:10907000202383F31288BFF36F8F236CC3B1D6F81C
:109080004C3133B9012333600023C6F84431D6F89C
:109090004431D6F8003223F02003C6F8003282F3C0
:1090A0001188BFF36F8F70BD2846FFF762FDCEE7D2
:1090B00001237360F3E710B5046940682368D3F8AF
:1090C000A420D3F8B010521A01D1002010BD082AF4
:1090D00028BF0822C3F8AC202368406AC3F8A80060
:1090E0002368D3F8A010D3F8B030194401F0B8F9D0
:1090F0000120EBE72DE9F04186B00546436804699D
:109100001F68EFF31188202282F31288BFF36F8F5C
:109110002268D2F8B410002946DBD2F8B4605B684C
:1091200013F0040F43D188F31188BFF36F8F2368C6
:10913000D3F8A020002A34D093F8B81000293FD1EA
:10914000D3F8A8108A4206D0D3F8AC20964247D074
:10915000D3F8B0301E442068683001F06EF9002367
:10916000019302930393049305932368D3F8A030EB
:10917000029303962368D3F8A4309E4202D00123C1
:109180008DF804304FF48003C7F8083322680023B9
:10919000C2F8A0302268C2F8A43001A92846FFF71F
:1091A000C6FC06B0BDE8F081D7F84C65B7E74FF4D0
:1091B0008003C7F8083301212846FFF748FEB2E7CD
:1091C000EFF31186202383F31288BFF36F8F2146BC
:1091D0002846FFF7FFFD86F31188BFF36F8FE0E7A6
:1091E000D3F8B0203244C3F8B0202846FFF763FF1D
:1091F00018B92368D3F8B060ADE7EFF311862023E8
:1092000083F31288BFF36F8F21462846FFF7E2FDF4
:1092100086F31188BFF36F8FC3E7436B5A681268F8
:109220001B691B68D2F8081199B10021C2F8081116
:10923000D2F80821596530B583B003F10800D3E9AD
:10924000162300240025CDE90045FDF735FB03B0CA
:1092500030BD596D013159650429ECD101235360AA
:109260007047D0B582B00369426814681A6800215B
:1092700051651B6803F10800D3E916230026002777
:10928000CDE90067FDF718FB0423C4F8083302B0EA
:10929000D0BD38B545682C686B6813F0010F23D139
:1092A00000220823C4F80035EB6AC4F844350023D3
:1092B000C4F848350123A36072B9D4F82031002BDB
:1092C000FBD00023C4F82031D4F820310123E3601F
:1092D0004FF48073C4F80433D4F85831002BFBD01A
:1092E0000020C4F8000538BD01692046FAF7DEFE0B
:1092F0000028F8DB0122D4E710B504460022012142
:109300000820FEF7FEFF0820FEF7F6FF00212046AA
:10931000FAF7F2FE10BD2DE9F041064643681C68DD
:109320000769D7F80080D4F804532B4604224FF481
:1093300084712046FFF7A9FCE8BB2B464FF400726E
:109340004FF492712046FFF7A0FCC0BB2B461022C1
:109350004FF488712046FFF798FCA0BB15F4002F4E
:1093600005D0D4F84C3113B1D4F81031A3B315F4AF
:10937000003F05D0D4F8443113B1D4F810319BB379
:1093800015F4807F02D0D4F82031ABBB15F4800FE8
:1093900002D0D4F858319BBB07F10803D3E8EF2F74
:1093A00022F00401C3E8E01F0028F7D112F0040FF7
:1093B0002AD1BDE8F0813046FFF753FFBDE73046C4
:1093C000FFF7E4FDC2E70023C4F81031D4F81031F0
:1093D0003046FFF725FEC1E7C4F84C31D4F84C31D4
:1093E0003046FFF717FCC2E7C4F84431D4F84431E3
:1093F0003046FFF76CFDC3E73046FFF765FBC5E776
:109400003046FFF777FEC7E7D8F844103046FFF73D
:10941000B0FBD8F840103046FFF791FB0023C8F8A6
:109420004430C8F840303046FFF726FDC1E700B5AC
:10943000A2F5807E4FEA9E0E4FF0010C0CFA0EFC56
:109440001CEA010F0DD0815809B900200AE0002163
:10945000815082581BB11A684CEA02021A6001203E
:1094600000E000205DF804FB70B582B006460D46B2
:109470000024019409E0A20001AB02F5A072294684
:109480003046FFF7D4FF0134E4B2032CF3D915F0D2
:10949000010F02D0D6F8003143B915F0020F02D007
:1094A000D6F8043163B9019802B070BD0023C6F844
:1094B0000031D6F80031019B43F001030193ECE742
:1094C0000023C6F80431D6F80431019B43F00203AF
:1094D0000193E8E7401A20F07F40704700F1500305
:1094E0009B009BB203F1502303F5803318680038CA
:1094F00018BF0120704700F150039B009BB203F19D
:10950000502303F5803300221A601B68704720F057
:109510007F407047EFF31180202383F31288BFF35D
:109520006F8F704780F31188BFF36F8F7047F0B56E
:1095300085B0044617461D46FAF77CFE06469DF8A0
:10954000303002930B9B01930A9B00933A462B46C3
:109550002046FAF72DFF054631462046FAF7B8FEB9
:10956000284605B0F0BD08B5FAF702FF08BD08B5FA
:10957000FDF7E2F908BD08B5F8F7C0FCF8F7D4FD2F
:10958000FFF7F5FF08BD4FF47F03D3F83021D3F880
:109590003431072A01D000207047023B002B04D849
:1095A000DFE803F0010001207047002070474FF40E
:1095B0007F03D3F83021D3F83431072A01D00020BB
:1095C0007047042B07D008D8023B012B01D801209B
:1095D00070470020704700207047002070474FF40C
:1095E0007F03D3F83021D3F83431072A01D000208B
:1095F0007047023B002B04D8DFE803F00100012094
:109600007047002070474FF47F03D3F83021D3F820
:109610003431072A01D000207047012070474FF4F1
:109620007F03D3F83021D3F83431072A01D000204A
:109630007047023B002B04D8DFE803F00100012053
:109640007047002070474FF47F03D3F83021D3F8E0
:109650003431072A01D000207047023B002B04D888
:10966000DFE803F0010001207047002070474FF44D
:109670007F03D3F83021D3F83431072A01D00020FA
:109680007047023B002B04D8DFE803F00100012003
:109690007047002070474FF47F03D3F83021D3F890
:1096A0003431072A01D000207047012070474FF461
:1096B0007F03D3F83021D3F83431072A01D00020BA
:1096C0007047042B03D8022B03D3002070470120DE
:1096D00070470120704708B5804708BD08B500F005
:1096E0009BFB08BD40F00040C1F88000704740F08F
:1096F0000040C1F88000704738B504461546FFF7B2
:10970000F1FF29462046FFF7F2FF38BD0346032943
:1097100029D8DFE801F0020D1823D3F81804C0F3AC
:1097200000400AB3D3F8183403F0030313707047F2
:10973000D3F80C04C0F30040B2B1D3F80C3403F0FA
:10974000010313707047D3F85C04C0F300405AB1B2
:10975000D3F85C3403F0010313707047D3F854045A
:10976000C0F300407047002070470120704708B5E3
:109770000520F9F7F5F900B108BD0520FEF7BCFD9D
:10978000FAE770B582B00646032840D8DFE800F05B
:109790000225191F0C224FF4827302214FF0502032
:1097A000C0F80813024401211160034400221A602A
:1097B0001B688DF807108E4214D0002542F21074F9
:1097C00018E024224FF492734FF40071E6E71C2254
:1097D0004FF490734FF48071E0E704224FF48073EC
:1097E0000121DBE70DF10705E8E70120FFF776FF30
:1097F000013C0CD02A4631464FF05020FFF786FF3F
:1098000028B1002DF1D09DF80730012BEDD002B02A
:1098100070BD38B504460378022B06D0012B00D06A
:1098200000231D461BB1284638BD0123F9E700205F
:10983000FFF7A7FFFFF799FF2070F4E708B5FFF7E0
:10984000A0FF08BD08B5FBF7F5F808BD10B401F599
:10985000A27150F8214024F44F3424F4407440F8AD
:10986000214050F82140120202F47C521B0403F400
:1098700040331A43144340F8214010BC704710B4E1
:1098800001F5A27150F8214024F4991424F4F854FD
:1098900040F8214050F82140120202F47C521B048F
:1098A00003F440331A439DF804301B0503F480137E
:1098B0001A43144340F8214010BC704700B5A2F58C
:1098C000807E4FEA9E0E4FF0010C0CFA0EFC1CEA53
:1098D000010F0DD0815809B900200AE00021815004
:1098E00082581BB11A684CEA02021A60012000E09B
:1098F00000205DF804FBF0B583B007460D46164620
:109900000024019409E0E2B2920001AB02F58072FA
:1099100029463846FFF7D2FF0134B442F3D3002D75
:1099200002DB019803B0F0BD01AB4FF4BE722946D3
:109930003846FFF7C3FFF4E700B583B0002101917B
:1099400000910B460122FBF77FF803B05DF804FBA2
:1099500000B585B08DF80F100DF10F0301930021B4
:1099600000910B460A46FBF799F805B05DF804FB39
:1099700038B50D460079FBF759F904462846FBF740
:109980004BF9083034F8100000F0010038BD38B54C
:109990000D460079FBF74AF904462846FBF73CF9E7
:1099A000083034F81000C0F3401038BD38B50D460B
:1099B0000079FBF73BF904462846FBF72DF9083000
:1099C00034F8100010F01C0018BF012038BD38B565
:1099D0000D460079FBF72AF904462846FBF71CF9E7
:1099E000083034F81000C0F3400038BD38B50446E4
:1099F0000D46FFF7ECFF30B129462046FFF7C7FFC1
:109A000018B1012000E0002038BD0020FCE708B5B7
:109A1000FFF7DDFF80F00100C0B208BD704770475E
:109A200038B50D460079FBF701F904462846FBF7E7
:109A3000F3F8083034F81000400B38BD032894BF09
:109A400000200120704770B506460D46002404E052
:109A50004FF0FF33AB4211D001342F2C0CD83079AA
:109A6000FBF7E4F804F1080330F8133013F4807FB7
:109A7000EED0C3F34323EDE7002000E0012070BDEA
:109A800038B504460D46FFF782FFB8B12946204697
:109A9000FFF7BDFF90B129462046FFF7C1FF2268BE
:109AA00001238340C2F80833226800F5A27052F8FF
:109AB000203023F0030342F8203003E00021284641
:109AC000FFF746FF38BDF8B506460F461546002499
:109AD000002C03DD4FF0FF342046F8BD3079FBF752
:109AE000A5F850F83430BB4201D00134F0E700EB68
:109AF000C4035B68AB42F8D1EEE738B50C46007999
:109B0000FBF794F805462046FBF786F8083035F851
:109B10001030C3F38203042B09D0052B01D102209E
:109B200006E02046FBF71AF818B1032000E00320F6
:109B300038BD0220FCE710B504460846FBF76CF878
:109B4000083034F8103013F4807F04D0C3F343237B
:109B500004EBC30010BD0020FCE770B504460E46C0
:109B600015460079FBF762F886602079FBF75EF80E
:109B7000C56070BD08B50079FBF758F890F88C0007
:109B8000003818BF012008BD70B504460D461646C2
:109B9000FFF7FDFE00B329462046FFF738FFD8B196
:109BA00029462046FFF73CFF2268830003F58073B7
:109BB0009BB2002199509B58226800F5A27152F87F
:109BC000213043F0010342F82130B6B1226801236D
:109BD0008340C2F8043310E02368D3F80423002A3A
:109BE00003DB4FF00042C3F8042329462046FFF769
:109BF00084FF01462846FFF7ABFE70BDF8B504466A
:109C00000D461646FFF797FF20B1076842683146B8
:109C10002846B847A3681BB1E268314628469847F2
:109C2000F8BDF8B507460E4614461D461046FFF728
:109C300005FF60B9022D1DD002213046FFF788FED6
:109C4000032C1BD0022D17D0032D1DD0F8BD2246AA
:109C500031463846FFF7D2FF3046FAF793FFA84265
:109C6000F4D100213046FFF773FE29463046FFF756
:109C70006FFEEBE70321E0E7012CE5D122463146F8
:109C80003846FFF7BBFFE1E7022CDFD1F6E770B5FE
:109C900005460846FAF7C0FF04462879FAF7C6FFDA
:109CA00004F1080330F8133013F4807F0BD0C3F3B2
:109CB0004326083423F4F85320F81430314628465C
:109CC000FFF7C1FE00B170BD2879FAF7AFFF00239E
:109CD00040F836302879FAF7A9FF31467830FAF79C
:109CE00099FDF0E770B504460D46FFF750FE58B1F8
:109CF000266829462046FFF793FE00F5A270002350
:109D000046F8203046F8203029462046FFF7BFFFAE
:109D10002079FAF78BFF04462846FAF77DFF0830D2
:109D2000002324F8103070BD70B504460D461E4661
:109D300004984FF0000C01E00CF1010C84450ED2A8
:109D40005FFA8CF2920002F580719208012303FA07
:109D500002F21542F0D0002363506358ECE7002D67
:109D600004DA0023C4F87C31D4F87C3144F30730A2
:109D7000FEF7C2FA0EB1C4F8045370BDF8B506463A
:109D80000D46144619E094FAA4F3B3FA83F30122C2
:109D90009A4024EA020403F13C0205EB4202978850
:109DA00003F5A27356F82300C0F30140FFF736FE17
:109DB000024639462846FFF721FF002CE3D1F8BDC3
:109DC00008B5FBF74BF808BD08B5FAF737FF08BD33
:109DD00008B5FFF7C2FE08BD08B5FAF7ADFF08BD2C
:109DE00008B5FBF70FF908BD08B5FFF7C3FE08BDBE
:109DF00008B5FBF7E3F808BD08B5FBF7F9F808BDAF
:109E000008B5FAF7DDFF08BD08B5FFF7BDFE08BDD0
:109E100008B5FFF735FE08BD00B9704708B5FEF775
:109E2000B2FB08BD60B1C3685A7812F0010F03D0CD
:109E30001B781BB10020704700207047012070473D
:109E400000207047EFF31183202383F31288BFF3C0
:109E50006F8FFEE710B50446436983B1984730B170
:109E600000280ADBFF2800DDFF20E3681870E268A5
:109E7000537843F00103537010BD4042F2E70020D5
:109E8000F5E708B500F013FB08BD08B500F0E8FAE7
:109E900008BD4169836841EA030212F0030F10D143
:109EA0000022C2600269013A02FB013304E0C26889
:109EB0001A60C36042699B1A82689A42F7D90020EF
:109EC00070476FF0150070470120704710B50446C9
:109ED00003614261816000238361FFF7DAFF00289C
:109EE00001DB2460646010BD2DE9F84304460D4693
:109EF000FFF7EAFFB0B104F10807EFF31186202362
:109F000083F31288BFF36F8FE368A3B1E3682B601C
:109F1000E560A369013BA36186F31188BFF36F8FEE
:109F2000BDE8F883002383F31188BFF36F8F042308
:109F3000184602DFF4E7D4F80080444517D0B8F1A2
:109F4000000918BF4FF00109B8F1000F12D1B9F1A3
:109F5000000FDBD00023C8F8AC30C8F810504046E2
:109F600000F00BF931463846FCF728F8D8E74FF0F7
:109F70000008E4E7D8F80420D8F8003013605A60ED
:109F80000023C8F80030C8F8043098F80D2022F0FB
:109F9000020288F80D20C8F8083008F1180000F017
:109FA000FEF9D4E708B5EFF31183202383F3128879
:109FB000BFF36F8FFEF7BDF9F5E700BF704788422A
:109FC00000DA014611F17F0F01DB084670476FF0A0
:109FD0007E00704708B5806890F90E308B4201D141
:109FE000002008BDFBF744FFFBE703460020986014
:109FF000D8601B605B6070473AB18A4208D38160C9
:10A00000C26000604060002070476FF0150070472C
:10A010006FF015007047F8B505460E46D41D24F0C4
:10A0200007040F193946F8F777F9073020F00700D1
:10A03000C5F89460C5F89840C5F89C00381AF8BD7A
:10A04000EFF30580003818BF012070477430704767
:10A0500010B400248460037342738173C4738461F9
:10A06000C46110BC7047F0B587B00446129E139DC2
:10A0700000270597109F04970F9F03970E9F029745
:10A080000D9F01970C9F0097FBF7BEFCB5F1FF3FBA
:10A0900008BFB6F1FF3F02D1204607B0F0BD3246FF
:10A0A0002B462046FBF790FCF6E70020704738B5BA
:10A0B00004460D46FBF78EFD637B43F0020363739A
:10A0C00035B3A5602B689D420DD100230BE05A6883
:10A0D0006260236014605C601AE01A4669688A4214
:10A0E0000FD01B687BB173B194F90E1093F90E2059
:10A0F0009142F2D0521A002AE9DC1A46002BEDD127
:10A10000F0E70023EEE76B68256063601C606C601D
:10A1100038BD08B5183000F042F908BD70B50646E4
:10A12000046884421AD0DCB16268236813605A6004
:10A13000002525606560637B23F002036373A560DF
:10A1400004F1180000F02BF9C4F8AC502046FBF7DE
:10A15000E7FC3468A642E6D12C46E4E70024E2E7B7
:10A1600070BD70B5044616461D46FFF7A0FF324687
:10A170002B462046FBF7ECFD70BD38B504460023A6
:10A18000EFF31185202282F31288BFF36F8F04E072
:10A1900085F31188BFF36F8F012343B92046FFF782
:10A1A00084FF0028F4D12046FBF7BAFCF0E738BD65
:10A1B0000023EFF31181202282F31288BFF36F8F07
:10A1C00010E04268036813605A6000230360436034
:10A1D000427B22F002024273836081F31188BFF355
:10A1E0006F8F01231BB98368002BEAD1F5E7704715
:10A1F00038B504460023EFF31185202282F312883C
:10A20000BFF36F8F0BE0637B23F00403637320467F
:10A21000FBF786FC85F31188BFF36F8F01239BB991
:10A22000637B13F0280FF5D1A368002BEBD0626895
:10A23000236813605A60002323606360627B22F00E
:10A2400002026273A360DEE738BD08B50121183849
:10A25000FFF7CEFF08BD01460023EFF3118C20224B
:10A2600082F31288BFF36F8F184605E000208CF34D
:10A270001188BFF36F8F01238BB908688142F5D035
:10A280000028F4D04268036813605A60002303601A
:10A290004360427B22F0020242738360E7E770472B
:10A2A00008B5EFF31180202383F31288BFF36F8F7B
:10A2B000FBF79AFE08BD031D43608360704738B505
:10A2C00004460D46FBF74EFF84462046B5F1FF3F9E
:10A2D00008BFB4F1FF3F2CD04FEAEC72510141EAC4
:10A2E000DC614FEA4C13B3EB0C0361EB0201890014
:10A2F00041EA93719B0013EB0C0042EB0103DB007E
:10A3000043EA5073C00047F6FF72801843F1000320
:10A31000B0F5004F73F100020AD36FF4004282429D
:10A3200043F6FF729A4105D3C00B40EA434000E078
:10A33000002038BD6FF00040FBE710B50446FCF785
:10A3400003F948B102460369416920691B18606935
:10A3500041EB0001136151616268236813605A6028
:10A3600000232360636010BD10B50446FCF7E2F8DB
:10A3700078B1036942691B1B62EBE472B3F1004FD1
:10A3800072F1000108DA002A01DB184610BD002333
:10A39000FBE76FF00040F9E76FF00040F6E7F8B533
:10A3A00004460023EFF31187202282F31288BFF3C3
:10A3B0006F8F6FF015000CE0FCF7D2F8FFF7D4FFB9
:10A3C0000021FAF7F3F8304687F31188BFF36F8F57
:10A3D00001231E468BB92368002BF5D0FCF7AAF8A1
:10A3E00005462046FFF7A9FF00224FF00043C4E9CD
:10A3F0000423A542E0D03046E6E7F8BD08B5FCF7F7
:10A40000BFF908BD08B5FCF7BBF908BD08B5EFF307
:10A410001180202383F31288BFF36F8FFBF7E4FDD5
:10A4200008BD016242620023036300F118028261E9
:10A43000C261036043604363704710B50446FFF791
:10A44000AEFF60B9636A0BB12046984704F118006B
:10A45000FFF701FF18B1FFF790FEFFF7D7FF10BD20
:10A460000A44431E914200D1704710B511F8014BC8
:10A47000914203F8014FF9D110BD884210B501EBAC
:10A48000020402D98442234607D8431EA14208D0C1
:10A4900011F8012B03F8012FF8E7024401468A4224
:10A4A00000D110BD13F8014D02F8014DF7E7024449
:10A4B0000346934200D1704703F8011BF9E710B53A
:10A4C0000139044632B111F8013F013A00F8013B6D
:10A4D000002BF7D10021FFF7EAFF204610BD02460E
:10A4E000014410B58A42134603D01C780132002C77
:10A4F000F8D1181A10BDF0B5C3F13707044603F0C0
:10A500001F031046FFB2082BE6B232D0102B3DD00D
:10A510006508A40845EAC17544EA81748A082D19C2
:10A5200042EB5102290941EA02716D1842EB121205
:10A53000290A41EA02616D1842EB1222290C41EA14
:10A5400002416D1842EB1242AD1842F10002EC08D4
:10A5500044EA4274D10804EB8402A6EB4205EDB252
:10A56000092D0CD90134A5F10A0541F10001EDB224
:10A5700012E0E40806F0070544EA4174C9083035E2
:10A5800054EA010200F8015BBDD1F0BD240906F0D8
:10A590000F0544EA01740909092D84BFED19EDB2D4
:10A5A000EDE7D1E9043293421EBF5A1C0A611870CC
:10A5B000704700000148006870470000600F0020ED
:10A5C000C85BFF7F010000000000000020A6000023
:10A5D000BD560000000000000000000060A6000062
:10A5E0000000000040A600006F9500000000000081
:10A5F0000000000080A600000536000000000000FA
:10A600005544000000000000251400000000000078
:10A61000B530000000000000779500000000000049
:10A6200090B30000D4B30000ECA80000500100205B
:10A63000CC0F0020193500000000000000000000D1
:10A6400004B400001CB40000C8A80000520100209F
:10A6500070100020DD390000000000000000000044
:10A6600010B4000034B40000C8A800005401002059
:10A670007C100020DD390000000000000000000018
:10A6800078B4000094B4000008A90000560100202E
:10A69000B4000020F992000000000000000000005B
:10A6A000000000000F830000000000000F83000086
:10A6B000000000000F830000000000000F83000076
:10A6C000000000000F830000BD490000D796000085
:10A6D000000000000F830000000000000F83000056
:10A6E00080A6000017930000000000000F83000008
:10A6F000000000000F830000000000000F83000036
:10A70000000000000F83000075510000D796000084
:10A71000000000000F830000000000000F83000015
:10A72000000000000F830000000000000F83000005
:10A73000000000000F830000000000000F830000F5
:10A74000000000000F830000000000006D450000C5
:10A75000000000000F830000000000000F830000D5
:10A76000000000000F830000000000000F830000C5
:10A77000000000000F830000000000000F830000B5
:10A78000000000000F830000000000000F830000A5
:10A79000000000000F830000000000000F83000095
:10A7A000000000000F830000000000000F83000085
:10A7B000000000000F830000000000000F83000075
:10A7C000000000000F830000000000000F83000065
:10A7D000000000000F830000000000000F83000055
:10A7E000000000000F830000000000000F83000045
:10A7F000000000000F830000000000000F83000035
:10A80000000000000F830000000000000F83000024
:10A81000000000000F830000000000000F83000014
:10A82000000000000F830000000000000F83000004
:10A83000000000000F830000000000000F830000F4
:10A84000000000000F830000000000000F830000E4
:10A85000000000000F830000000000000F830000D4
:10A86000000000000F830000000000000F830000C4
:10A87000000000000F830000000000000F830000B4
:10A88000000000000F830000000000000F830000A4
:10A89000000000000F830000000000000F83000094
:10A8A000000000000F830000000000000F83000084
:10A8B000000000000F830000000000000F83000074
:10A8C000000000000F830000293800009789000075
:10A8D000A3890000B7890000C1890000CB8900006E
:10A8E000293700000B8A000000000000E13400005E
:10A8F000A5870000E787000000000000B98600007F
:10A900000000000000000000FF8B0000A13F0000DD
:10A91000EB8F0000F53D0000A58B0000758F000057
:10A92000A98C0000513D0000F98A0000E8AA00004F
:10A930000300000094AB000003000000C4B300005B
:10A9400003000000D4AB000003000000D8AB0000FF
:10A950000300000040AD000003000000C4B200008E
:10A960000300000010B600000300000070B30000F8
:10A970000300000084B400000300000064AD000088
:10A980007C0000202CAD000001000000040000004D
:10A990000F0000000100000008000000200000007F
:10A9A00060000000700000000D0000000C000000BE
:10A9B0000E0000005000000074000000A80000001D
:10A9C000FFFFFFFFFFFFFFFFFFFFFFFFFFFFFFFF97
:10A9D0000025845000288450000000000000000082
:10A9E0000338FDD8704700004F4E00004F46460028
:10A9F0005455524E4544204C4544302025730000A8
:10AA00005455524E4544204C454431202573000096
:10AA10004C4544275320415245204E4F5420524527
:10AA2000414459004C454430204E4F5420434F4E32
:10AA300046494755524544004C454431204E4F54F9
:10AA400020434F4E464947555245440055415254C4
:10AA5000204953204E4F542052454144590A00008A
:10AA6000554152542043414C4C4241434B204E4FA0
:10AA70005420524547495354455245442053554369
:10AA80004345535346554C4C5900000055415254D0
:10AA9000205258204E4F5420454E41424C454420B0
:10AAA0005355434345535346554C4C590000000001
:10AAB000554152542044415441204E4F5420545249
:10AAC000414E534D495454454420535543434553F7
:10AAD0005346554C4C59000040A6000007000000AA
:10AAE00040A60000060000004D41494E5F430000B3
:10AAF00028756E7369676E656429206368617220CA
:10AB00002A207573656420666F7220252570206188
:10AB10007267756D656E742E204974277320726597
:10AB2000636F6D6D656E64656420746F206361731F
:10AB30007420697420746F20766F6964202A206203
:10AB4000656361757365206974206D617920636147
:10AB5000757365206D69736265686176696F7220CF
:10AB6000696E206365727461696E20636F6E6669D9
:10AB70006775726174696F6E732E20537472696E9B
:10AB8000673A2225732220617267756D656E743A8B
:10AB90002564000063627072696E74665F70616341
:10ABA0006B616765000000006C6F6767696E670026
:10ABB000A8020020000100009F7F0000F57E000039
:10ABC00002000000A781000000000000000000005B
:10ABD000000000006C6F67006C6F675F6D676D74DD
:10ABE000000000004D65737361676520282225739E
:10ABF00022292064726F70706564206265636175DC
:10AC00007365206974206578636565647320736972
:10AC10007A65206C696D69746174696F6E2028258E
:10AC2000752900004D6573736167652064726F70EC
:10AC30007065642062656361757365206974206561
:10AC40007863656564732073697A65206C696D69E2
:10AC5000746174696F6E2028257529005B25303872
:10AC60006C755D20000000005B253032753A2530A0
:10AC700032753A253032752E253033752C25303318
:10AC8000755D20001B5B306D0000000025732E00F9
:10AC900025733A20000000003C25733E2000000090
:10ACA00025732F0025732000253032782000000006
:10ACB000202020007C00000025630000206D6573CB
:10ACC00073616765732064726F70706564202D2DE9
:10ACD0002D0D0A1B5B306D001B5B313B33316D2D3D
:10ACE0002D2D20001B5B313B33316D001B5B313B55
:10ACF00033336D006572720077726E00696E6600A4
:10AD00006462670000000000E4AC0000ECAC0000EE
:10AD1000000000000000000000000000F4AC000093
:10AD2000F8AC0000FCAC000000AD00006C6F675F89
:10AD30006261636B656E645F756172740000000030
:10AD40006C6F675F756172740000000054AD0000A5
:10AD50001C0A0020B51E0000340A0020400A002012
:10AD6000010000007582000067820000538200002D
:10AD700047820000000000003B820000000000004D
:10AD80002A2A2A20426F6F74696E67206E5246200D
:10AD9000436F6E6E6563742053444B2076332E31BF
:10ADA0002E312D653261393766653235373861208D
:10ADB0002A2A2A0A000000002A2A2A205573696ECE
:10ADC00067205A6570687972204F532076342E318F
:10ADD0002E39392D666638663063353739656562D8
:10ADE000202A2A2A0A0000000000000091820000A8
:10ADF0006D757465785F696E69742063616C6C65EC
:10AE0000642077697468204E554C4C2070617261E3
:10AE10006D65746572000000436F756C64206E6F21
:10AE20007420616C6C6F63617465206D75746578F6
:10AE3000206265666F726520696E697469616C690C
:10AE40007A696E67000000009C00002094000020DA
:10AE50008C0000200000000084000020A1200000E1
:10AE600045200000C91F00005D1F000072302F61E7
:10AE7000313A2020307825303878202072312F6107
:10AE8000323A2020307825303878202072322F61F5
:10AE9000333A2020307825303878000072332F6123
:10AEA000343A2020307825303878207231322F69BA
:10AEB000703A2020307825303878207231342F6C69
:10AEC000723A20203078253038780000207870736E
:10AED000723A202030782530387800004661756C51
:10AEE00074696E6720696E737472756374696F6ECE
:10AEF000206164647265737320287231352F70632A
:10AF0000293A20307825303878000000556E686185
:10AF10006E646C6564204952516E3A2025640000CD
:10AF2000535053454C20696E2074687265616420EB
:10AF30006D6F646520646F6573206E6F7420696E39
:10AF40006469636174652050535000002A2A2A2ADC
:10AF50002A205553414745204641554C54202A2A22
:10AF60002A2A2A0020204469766973696F6E20625C
:10AF700079207A65726F00002020556E616C6967D8
:10AF80006E6564206D656D6F7279206163636573B2
:10AF9000730000002020537461636B206F7665722C
:10AFA000666C6F772028636F6E74657874206172A9
:10AFB0006561206E6F742076616C69642900000001
:10AFC00020204E6F20636F70726F636573736F72B2
:10AFD00020696E737472756374696F6E730000001C
:10AFE0002020496C6C6567616C206C6F6164206F18
:10AFF00066204558435F52455455524E20696E7441
:10B000006F205043000000002020496C6C65676190
:10B010006C20757365206F662074686520455053F9
:10B02000520000002020417474656D707420746FAC
:10B03000206578656375746520756E646566696EF4
:10B04000656420696E737472756374696F6E000055
:10B050002A2A2A2A2A204465627567206D6F6E6944
:10B06000746F7220657863657074696F6E202A2A28
:10B070002A2A2A00526573657276656420457863D2
:10B08000657074696F6E202800000000537075723F
:10B09000696F757320696E7465727275707420289B
:10B0A00049525120000000002A2A2A2A2A2025730A
:10B0B00020256429202A2A2A2A2A00002A2A2A2A24
:10B0C0002A204D5055204641554C54202A2A2A2AE0
:10B0D0002A0000002020537461636B696E6720654D
:10B0E00072726F722028636F6E746578742061725B
:10B0F0006561206D69676874206265206E6F7420D9
:10B1000076616C69642900002020556E7374616358
:10B110006B696E67206572726F7200002020446157
:10B120007461204163636573732056696F6C617449
:10B13000696F6E0020204D4D46415220416464727B
:10B140006573733A20307825780000002020496E1E
:10B15000737472756374696F6E2041636365737392
:10B160002056696F6C6174696F6E00002020466C18
:10B170006F6174696E672D706F696E74206C617A8F
:10B18000792073746174652070726573657276617D
:10B1900074696F6E206572726F7200002A2A2A2A03
:10B1A0002A20425553204641554C54202A2A2A2A07
:10B1B0002A0000002020537461636B696E6720656C
:10B1C00072726F7200000000202050726563697314
:10B1D00065206461746120627573206572726F729C
:10B1E0000000000020204246415220416464726504
:10B1F00073733A2030782578000000002020496DD4
:10B20000707265636973652064617461206275732F
:10B21000206572726F7200002020496E737472751F
:10B220006374696F6E20627573206572726F72004D
:10B230002A2A2A2A2A2048415244204641554C5461
:10B24000202A2A2A2A2A00002020427573206661BB
:10B25000756C74206F6E20766563746F72207461F4
:10B26000626C652072656164000000002020446506
:10B27000627567206576656E740000002020466167
:10B28000756C7420657363616C6174696F6E2028DE
:10B290007365652062656C6F7729000041524348F1
:10B2A0005F45584345505420776974682072656142
:10B2B000736F6E2025780A00000000200000000057
:10B2C000060001006D7075004661696C656420744C
:10B2D0006F20616C6C6F63617465206E6577204DC3
:10B2E000505520726567696F6E2025750A00000051
:10B2F000506172746974696F6E2025753A207361AC
:10B300006E69747920636865636B206661696C653A
:10B31000642E0000496E76616C696420756E646508
:10B32000726C79696E6720726567696F6E20696EED
:10B3300064657820257500000200000050B300000D
:10B34000464C4153485F30005352414D5F3000003E
:10B350000000000040B3000006000000E0FF0F0006
:10B360000000002048B3000021000000E0FF06209C
:10B37000736F63002120252417860000B785000025
:10B3800000000000E1320000C132000000000000B7
:10B39000636C6F636B403530303000006866636CFF
:10B3A0006B0000006C66636C6B0000006866636C89
:10B3B0006B3139326D0000006866636C6B617564D7
:10B3C000696F0000636C6F636B5F636F6E74726FA5
:10B3D0006C00000065330000D53300009CB3000012
:10B3E000258800004D880000A4B300001B880000E1
:10B3F00043880000ACB300001188000039880000C9
:10B40000B8B300006770696F4038343238303000AC
:10B410006770696F4038343235303000FFFF00000C
:10B4200000288450000000000100000000D00050FF
:10B4300000000000FFFFFFFF002584500000000017
:10B440000000000000D000500000000000010203D6
:10B45000040506070B0000004661696C65642074F2
:10B460006F20616C6C6F636174652050504920439C
:10B4700068616E6E656C00007561727440383030C2
:10B4800030000000756172745F6E7266785F75617E
:10B49000727465000080005005000000000000008C
:10B4A000C8B400000000D601000000000000000049
:10B4B0000000000000000000901000208810002014
:10B4C000501300204F13002000800050D4B400001F
:10B4D00001000000DCB400000400000014000000C3
:10B4E000130000021606000115060003002030308C
:10B4F000303030303030303030303030000100000B
:10B500000001000008000000030000004350552027
:10B51000657863657074696F6E000000556E6861D0
:10B520006E646C656420696E746572727570740007
:10B53000537461636B206F766572666C6F77000081
:10B540004B65726E656C206F6F7073004B65726E29
:10B55000656C2070616E696300000000556E6B6E53
:10B560006F776E206572726F72000000756E6B6E81
:10B570006F776E0048616C74696E672073797374BD
:10B58000656D00003E3E3E205A45504859522046C7
:10B590004154414C204552524F522025643A2025B7
:10B5A00073206F6E20435055202564004661756CF2
:10B5B0007420647572696E6720696E746572727545
:10B5C00070742068616E646C696E670A0000000028
:10B5D00043757272656E74207468726561643A2096
:10B5E000257020282573290069646C65000000001F
:10B5F0006D61696E00000000C8A50000C8A50000CC
:10B6000000A6000008A6000020A6000020A600005A
:10B610006F730000FF8FFFFFFF8FFFFFFE8FFFFFA5
:10B62000FE8FFFFFFD8FFFFFFC8FFFFFFC8FFFFFF3
:10B63000FB8FFFFF6D757465785F667265652063CB
:10B64000616C6C65642077697468204E554C4C20A1
:10B65000706172616D6574657200000043616E27F0
:10B660007420696E697469616C697A65206D75749E
:10B6700065782C20776173204E554C4C0D0A0000E4
:10B68000436F756C64206E6F74206C6F636B2070F9
:10B690006F7765722073617665206D7574657800CB
:10B6A0000020202020202020202028282828282092
:10B6B000202020202020202020202020202020208A
:10B6C00020881010101010101010101010101010F2
:10B6D00010040404040404040404041010101010E2
:10B6E00010104141414141410101010101010101AC
:10B6F00001010101010101010101010110101010FE
:10B70000101042424242424202020202020202027D
:10B7100002020202020202020202020210101010D1
:10B7200020000000000000000000000000000000F9
:10B730000000000000000000000000000000000009
:10B7400000000000000000000000000000000000F9
:10B7500000000000000000000000000000000000E9
:10B7600000000000000000000000000000000000D9
:10B7700000000000000000000000000000000000C9
:10B7800000000000000000000000000000000000B9
:10B7900000000000000000000000000000000000A9
:10B7A00000286E756C6C29002A666C6F61742A0023
:10B7B0006E524620436F6E6E6563742053444B2077
:10B7C00046756E64616D656E74616C7320436F7550
:10B7D0007273650D0A507265737320312D33206FBB
:10B7E0006E20796F7572206B6579626F617264206B
:10B7F000746F20746F67676C65204C45445320312B
:10B800002D33206F6E20796F757220646576656CBC
:10B810006F706D656E74206B69740D0A0000000016
:10B8200080A60000CD750000297F00004CAD00000F
:10B8300000000000A80100203A000000BC01002028
:10B840003A000000940100203A000000D0010020DE
:10B850003A000000000000006585000000000000C4
:10B8600000000000E80600200000000000000000CA
:10B87000000000000090D0030070015000000000A4
:10B88000FFFFFFFF3F000000FFFFFFFF3F00000042
:10B89000FF00000090020000E8000020E800002007
:10B8A0000000000071690000340100202C0100201C
:10B8B00024010020000000001C0100209D6A0000FF
:10B8C000E96900001D6A0000656A0000741100202B
:10B8D0003A00003A781100203A00003A7C1100202A
:10B8E0003A00003A801100203A00003A440100205A
:10B8F0000801002000010020FC000020F8000020CA
:10B900000000000000000000000000000000000037
:10B910000000000000000000000000000000000027
:10B920000000000000000000000000000000000017
:10B930000000000000000000000000000000000007
:10B94000000000009401002094010020000000008D
:10B95000000000000E000000A8010020A801002047
:10B9600000000000000000000E000000BC010020EC
:10B97000BC01002000000000000000000E000000DC
:10B98000D0010020D00100200000000000000000D5
:10B990000E000000E4010020E4010020000000008F
:08B9A0000100000015E015E0B4
:00000001FF
