:10000000003A0020252B000095AF0000112B0000C6
:10001000112B0000112B0000112B0000112B0000F0
:10002000000000000000000000000000A52C0000FF
:10003000112B0000000000003D2C0000112B0000DF
:10004000352E0000352E0000352E0000352E000024
:10005000352E0000352E0000352E0000352E000014
:10006000352E0000352E0000352E0000352E000004
:10007000352E0000352E0000352E0000352E0000F4
:10008000352E0000352E0000352E0000352E0000E4
:10009000352E0000352E0000352E0000352E0000D4
:1000A000352E0000352E0000352E0000352E0000C4
:1000B000352E0000352E0000352E0000352E0000B4
:1000C000352E0000352E0000352E0000352E0000A4
:1000D000352E0000352E0000352E0000352E000094
:1000E000352E0000352E0000352E0000352E000084
:1000F000352E0000352E0000352E0000352E000074
:10010000352E0000352E0000352E0000352E000063
:10011000352E0000352E0000352E0000352E000053
:10012000352E0000352E0000352E0000352E000043
:10013000352E0000352E0000352E0000352E000033
:10014000352E0000352E0000352E0000352E000023
:10015000352E000053B94AB9002908BF00281CBF3A
:100160004FF0FF314FF0FF3000F00CB8ADF1080C4C
:100170006DE904CE00F010F8DDF804E0DDE90223BB
:1001800004B07047704700BF034613F8012B002AE4
:10019000FBD1181A013870472DE9F04786468C4686
:1001A0000846089E154674461946002B40F0C1804B
:1001B0008542B2FA82F245D94AB1C2F1200300FA6F
:1001C00002FC954094402EFA03F343EA0C0C4FEAEC
:1001D000154EA8B2230CBCFBFEF80EFB18CC08FB96
:1001E00000F943EA0C43994528D9EB1808F1FF3789
:1001F00004D2994502D9A8F102072B44A3EB0903C5
:10020000A4B2B3FBFEFC0EFB1C330CFB00F044EA73
:100210000344A04214D92C190CF1FF3304D2A0429C
:1002200002D9ACF102032C44241A43EA07401EB160
:10023000D440002334607360BDE8F0874746DDE7B3
:100240006346F1E792BB431B01214FEA154EAFB263
:10025000200CB3FBFEFC0EFB1C330CFB07F840EA42
:100260000343984561D9EB180CF1FF3004D298454F
:1002700002D9ACF102002B44A3EB0803A4B2B3FBF8
:10028000FEFC0EFB1C330CFB07F744EA0344A742B9
:100290004DD92C190CF1FF3304D2A74202D9ACF18D
:1002A00002032C44E41B43EA0040C0E7C2F12003F0
:1002B0009540944020FA03F12EFA03F34FEA154ECD
:1002C0009040AFB20343B1FBFEFC0EFB1C10190CB7
:1002D0000CFB07F841EA0041884522D969180CF166
:1002E000FF3004D2884502D9ACF102002944A1EBC9
:1002F00008019BB2B1FBFEFC0EFB1C110CFB07F7C7
:1003000043EA01439F420ED9EB180CF1FF3104D2AE
:100310009F4202D9ACF102012B44DB1B41EA0041B0
:1003200093E76046E3E76146F7E76046A4E7634684
:10033000B8E7834206D916B9002108467CE7C6E92A
:1003400000E0F9E7B3FA83F78FB9834201D372452E
:1003500008D8BEEB020460EB030301209C461EB9E3
:10036000002169E73846FAE7C6E9004CF8E7C7F12B
:10037000200CBB400EFA07F522FA0CF42EFA0CF111
:10038000BA401C4320FA0CF3B8404FEA1449014329
:100390001FFA84FEB3FBF9F809FB18300B0C08FBBD
:1003A0000EFA43EA00439A4540D9E31808F1FF30BA
:1003B00004D29A4502D9A8F102002344A3EB0A0310
:1003C00089B2B3FBF9F809FB183308FB0EFE41EACA
:1003D00003418E452CD9611808F1FF3304D28E45B4
:1003E00002D9A8F10203214443EA0040A1EB0E0127
:1003F000A0FB02984145CE46434602D306D14D4567
:1004000004D20138B9EB020E68EB0403002EA7D02A
:10041000B5EB0E0261EB030101FA0CFC22FA07F3C3
:10042000F9404CEA0303C6E9003199E74046C5E7C5
:100430004346D9E710B5074809F01FFB064C204694
:100440000CF0BFFB054809F018FB20460CF0B9FB87
:1004500010BD00BFCCDB000020A10700C4DB000002
:1004600010B5074C00220023204605F02FFCA3689E
:10047000DBB2044A032104480AF090FC10BD00BF1F
:10048000E801002078DA0000B4D9000010B5064C6D
:10049000204605F0D7FBA368DBB2044A03210448D9
:1004A0000AF07CFC10BD00BFE801002094DA0000D7
:1004B000B4D900002DE9F04786B000AFC7E06FF077
:1004C000004C60E06B4A03216B480AF05DFC23E0BE
:1004D000BCF1130F6FDD14213AB1052038740020F0
:1004E0007874B874F874386918616FF300056FF3A5
:1004F00041056FF382056FF3C505032363F3881588
:10050000C1F30A0363F353256FF31F5500232946F4
:10051000594801F09BFAB5460134E4B2022C4DD89B
:10052000282006F095FA80460028CBD0282200210A
:100530000CF0B5FF042107F110000AF01BFF04EBDB
:10054000440608EB86063B697360042107F110003E
:100550000AF010FF3B69B360042107F110000AF0B4
:1005600009FF3B69F360414644480CF0C5FC7168E3
:10057000B068D6F80C806E468AB06B4613F1100254
:100580009DD04FF0140C002AA2D0E646BCF1040F17
:1005900003DDDFF8EC90C3F81490BEF1080F00DD26
:1005A0009961BEF10C0F00DDD861BEF1100F8FDD37
:1005B000C3F820808CE76FF01B018DE7FFF766FF23
:1005C00002F066FCC7E9040107F1100107F1080019
:1005D0000AF05FFD0AF066FD6C4688B06B4613F1C9
:1005E000100240D010265AB1B446042E03DDDFF8C5
:1005F00094E0C3F814E0BCF1080F01DD9861D96103
:100600000F2E33DD10213AB10420387100207871AB
:10061000B871F871786818616FF3000A6FF3410AD6
:100620006FF3820A6FF3C50A032363F3881AC1F3D9
:100630000A0161F3532A6FF31F5A002351460E48F3
:1006400001F004FAA54644F6206009F020FA02F011
:100650005DFF02F069FF02F01BFCC7E90201FFF732
:10066000FFFE00245AE76FF00046BCE76FF01B0165
:10067000C9E700BFB0DA0000B4D90000F8010020DB
:10068000D0DA00000CDB00002DE9F04F85B000AFA0
:10069000AAE0674A012167480AF076FB25E06FF07F
:1006A000004148E013295CDD14213AB1052038717E
:1006B00000207871B871F871786818616FF30005DF
:1006C0006FF341056FF382056FF3C505032363F3F1
:1006D0008815C1F30A0363F353256FF31F550023F5
:1006E0002946544801F0B2F9CD4640460CF081FE4F
:1006F0000134E4B2022C37D84FF0FF324FF0FF3311
:100700004D4805F065FA80460028C2D004EB44034A
:1007100000EB8303D3F804C0D3F808E004EB4403F0
:1007200000EB8303D3F80CA0E9468AB06B4613F1C3
:100730001002B4D01421002AB4D00846042903DDE5
:10074000DFF8F8B0C3F814B0082801DDC3F818C00A
:100750000C2801DDC3F81CE01028A3DDC3F820A09D
:10076000A0E76FF01B01A0E7FFF790FE07F108007C
:1007700009F0A3F96C4688B06B4613F1100251D012
:100780004FF0100C62B1E646BCF1040F03DDDFF858
:10079000B080C3F81480BEF1080F01DD9861D96103
:1007A000BCF10F0F41DD10213AB104203871002057
:1007B0007871B871F871786818616FF300066FF39B
:1007C00041066FF382066FF3C506032363F38816B1
:1007D000C1F30A0161F353266FF31F56002331461C
:1007E000144801F033F9A5460CF0B8FD4A0142EA7D
:1007F000D06243011B1A62EB0102920042EA93723B
:100800009B001B1842EB0102D20042EA5372C3F371
:10081000103343EA4243D20BBB60FA60FFF720FE7D
:10082000002467E76FF0004CACE76FF01B01BBE7FB
:1008300030DB0000B4D90000F801002048DB0000E4
:100840007CDB000000B583B000F018F800F02AF857
:1008500000F04EF800F056F84FF480320023CDE956
:1008600000234FF480420023034806F099F800204B
:1008700003B05DF804FB00BF3801002008B5064B4B
:1008800018680CF0A4F900B108BD044A032104481B
:100890000AF07AFAF8E700BF00000020D4DB00007D
:1008A000BCD9000008B50D480CF091F958B14FF4CF
:1008B000D0110B4809F04CF94FF4D011094809F058
:1008C00047F9012008BD05480CF081F90028EED158
:1008D000054A032105480AF057FAE8E740D6000028
:1008E00014DC00000CDC0000F0DB0000ACD90000E0
:1008F00008B500220621024809F045F908BD00BFED
:1009000040D6000008B500220721024809F03BF953
:1009100008BD00BF40D600002DE9F04F91B0059210
:100920000293134602F004020092C3F3C20210F0D5
:100930000303019340F02B8280468A460132041D56
:1009400000284FD0B8F1000F05D0A4EB0803043302
:10095000534500F21F82029B5D1E019B0493069388
:10096000039300264FF0FF3B0427B946B8F1000F70
:1009700001D0029B2360531E0793002A40F35D8140
:10098000059B13F0020228D00120A4EB08018B087C
:100990001AB1B1F5007F80F0038203990F2900F2AC
:1009A0000282B8F1000F00F06081DBB201F1400279
:1009B0006A4402F8103C02F820BC002800F0518183
:1009C00063F07F0301F140026A4402F8103C049B8B
:1009D00001330493039B0133039304340022CC4678
:1009E00040463DE001F0070A5444CAF1080AA9E76D
:1009F000002634E0002632E0002630E00827BC461E
:100A00002DE025292BD10BF1010B01260427BC4633
:100A100025E04729EED82A2914D32A39C9B24FF044
:100A2000010E0EFA01F14FF6DA7E11EA0E0F16D121
:100A300011F0625F40F0C08011F0010F40F08C8037
:100A400000260CE0252903D10BF1FF3B002606E030
:100A500001D9002603E0202901D02329CCD11D464D
:100A60006B1C6978002900F01981002EC9D07A2901
:100A7000BED84C29CDD34C392E2961D80FF2040EA3
:100A80005EF821F05F0A0000410B0000410B0000FE
:100A9000410B0000410B0000410B0000410B000026
:100AA000410B0000410B0000410B0000410B000016
:100AB000410B0000510B0000410B0000410B0000F6
:100AC000410B0000410B0000410B0000410B0000F6
:100AD000410B0000410B0000B90B0000410B00006E
:100AE000510B0000510B0000B90B0000B90B0000C6
:100AF000B90B00005F0A0000510B0000FD09000067
:100B0000410B00005F0A0000410B0000150C0000C3
:100B1000510B0000150C0000410B0000410B0000C0
:100B20001D0C00004B0B0000510B0000410B00009E
:100B3000410B0000510B0000410B0000450B000071
:100B400000268CE70427BC4689E70427BC4686E7D5
:100B500029786C2924D000263C44013CB4FBF7F4EE
:100B600007FB04F420B1211A6144514500F21581BC
:100B7000002A58D1BCF1040F00F08880BCF1080FA6
:100B800040F014811A99073121F0070101F108059D
:100B90001A95D1E9008908B1C4E9008908345EE7F3
:100BA00013F8021C6C2903D000260427BC46D3E7A7
:100BB00000260827BC46CFE729784C291AD01A9975
:100BC000073121F0070101F108061A96D1E9006703
:100BD000073424F0070440B1211A0831514513D8D5
:100BE00029784C2913D0C4E9006708340026082767
:100BF000BC4634E71A99073121F0070101F10806D4
:100C00001A96D1E90067E3E76FF01B00BCE0C4E986
:100C10000067EAE700260427BC469DE73246002627
:100C20000427BC4698E7E14680461A9A111D1A919E
:100C300012680292079A1D4698E6624B029A9A42FF
:100C400004D3614B9A420AD3002300E00023002B17
:100C50007FF496AE059B03F00202002095E6012387
:100C6000F5E7069B01330693B4E610B10AF1010AD9
:100C7000B0E6009B13B10AF1020AABE60298FFF757
:100C800083FA0AEB000303F1020AA3E61A990D1D89
:100C90001A95096800B121600434E0E68046231A01
:100CA000B3F5806F80F0858090B1002202609B08D0
:100CB0000370009B83B1069BC370049B88F80230CD
:100CC0001BBB019DDDF80C90DDF810B0029F3DE0EC
:100CD0005344A3F1080057E0069B4370EDE701334E
:100CE0009842EED903F140026A4412F8101C12F93E
:100CF000102C002AF3DA01F07F01A4EB0802013284
:100D0000524559D804F8011BE9E7019B0398E7E72E
:100D1000009B43B305F140036B4413F8203C04F8F7
:100D2000013B019EA4EB080333440133534546D8ED
:100D300005F140036B4413F8103C04F8013B3246C4
:100D4000394620460CF084FB34440135A94519D9B5
:100D5000BBF1000FDCD005F140036B4413F9103CEC
:100D6000002BD5DAF1E705F140036B4413F8103C92
:100D700058F82370002248F823203846FFF704FA79
:100D8000461CCFE7A4EB080011B0BDE8F08F6FF070
:100D90000D00F9E76FF01B00F6E76FF01B00F3E7BB
:100DA0006FF01500F0E76FF01500EDE76FF015003C
:100DB000EAE76FF01500E7E76FF01B00E4E76FF07C
:100DC0001B00E1E7B8D50000F8E900002DE9F04F7D
:100DD00097B000AF8346BA613B61D7F88030C3F368
:100DE000C0033B62F96011B909F0EAF9F8609BF8B9
:100DF0000260B14636B1D7F8803013F0010F0DD143
:100E0000002300E000239BF803207A6242B1D7F868
:100E1000802012F0020F22D1002202E00123F2E72B
:100E2000002202B9EBB19BF80050AA00BA60DBF8CF
:100E300004207A610BEB8505BA69F2B1002B40F012
:100E40000481B9F1000F00F00F81D7F8803013F062
:100E5000040F40F00D810020F8610646F9E0012200
:100E6000DFE7BB691BB13A69F96858469847FC68E7
:100E700020465C37BD46BDE8F08FFC68E3B94D44C1
:100E800000233B6123E00444013501364E451AD26C
:100E90002A7800235BF822201946B86909F0A5F9E1
:100EA000BAF1000FEFD0D7F888309845EBD22AF886
:100EB000180008F10108E6E70026C7F81C80B046D4
:100EC000D7F884A0E2E7C7F81080D7F81C80D7F8DD
:100ED000803003F00503FB604FF0000AA146C7F81D
:100EE0001CB09CE000253B6A7BB9002D79D0D7F877
:100EF000803013F0010F79D1FB68002B6FD10223F2
:100F0000A9EB030988E00125EDE75946786909F066
:100F1000B2F90028E9D06C46002387F82C30022370
:100F200087F82D308AB0694611F1100237D01225AA
:100F30001AB1042D01DDB34B4B61002387F8283033
:100F4000022387F829306ABB112D45DD122362B1D7
:100F5000042087F82C00002087F82D0087F82E0049
:100F6000012087F82F00F86A08616FF300086FF31B
:100F700041086FF382086FF3C508022161F38818F6
:100F8000C3F30A0363F353286FF31F58002341464A
:100F90009D4800F05BFDA546A9F102093CE06FF019
:100FA0000045C5E72B46082D01DD786988610C2BCB
:100FB00001DDC1F81CB001F12003002009E000F1BF
:100FC000300C07F1280EF4441CF830CC03F801CBA8
:100FD00001300128F3D9B7E76FF01B03B7E701230E
:100FE0008EE7D7F8803013F0020F15D00023224689
:100FF0001946B86909F0F9F8D7F8843053B13B695C
:10100000D7F88820934205D2D7F8842022F813001D
:1010100001333B61013881440AF1010A35467B6A9C
:101020009A4510D22E4616F802BB6B78FA6952F830
:101030002340764B9C42FFF455AF754B9C42FFF426
:1010400062AF00254FE74C4612E707F1440000234A
:10105000FB6118B14A4629460CF0FAF94D444FF0AD
:101060000008C7F804901EE00020F8610646F0E78B
:10107000FE6107F134000026EBE700253B6A33BB35
:10108000002D3BD0D7F8803013F0010F26D0731C11
:1010900006F1300207F12801561806F8149CDEB25A
:1010A00008F1010825467B6A98454AD22C4614F877
:1010B00002AB95F801905BF82930544A9342DCD397
:1010C000534A934201D30025D8E70125D6E751467C
:1010D000786909F0D0F80028D2D0E1E7D7F880305D
:1010E00013F0040FDCD0FA69531C303207F12801E9
:1010F0000A4402F8249CDBB2FB61D1E7D7F88030C8
:1011000013F0020F09D0731C06F1300207F1280119
:10111000561806F8149CDEB2C2E7F869431C00F1C9
:10112000300107F128028A1802F824AC0246023284
:10113000D2B2FA6107F1580252FA83F303F8249C01
:10114000AEE7D7F804909BF8003087F854309BF84E
:101150000130334487F85530D7F8803013F0020F50
:101160000ED1FB69C3F3470387F85730D7F88030B7
:1011700013F0010F06D113F0040F3ED1002302E05B
:101180000023F1E7002387F85630DBF800003863CE
:10119000786DCBF80000D7F810804246B968584601
:1011A000D7F818A0D047041EFFF662AE386BCBF814
:1011B0000000C7F810804246F96907F13400D047B3
:1011C00000285EDB04EB0008B96849447B6A01EB48
:1011D0004301D7F810904A46FB68591A2846D04771
:1011E000041EFFF645AE08EB04054FF00008C7F8F3
:1011F00024B0B3465446CA4621E0FB69C3E74FF02A
:10120000000909E01CDC0000C4D90000B8D50000CA
:10121000F8E900004FF000095246012107F12C00C7
:10122000A04700282FDB05444B4632465146204656
:1012300008F0DBFF002828DB054408F10108D84549
:1012400018D208F1300307F12802134413F8143CB4
:1012500087F82C307A6A52F82360D7F88430002B54
:10126000CDD0D7F888309845D4D2D7F8843033F829
:101270001890D1E73A6900210846BB6998472C4687
:10128000F6E50446F4E50446F2E50446F0E500BF61
:10129000014B1860704700BF0400002080B5054670
:1012A0000E461746984605F0CFF803460CF07AF93B
:1012B0000446DFF8189049F8003042463946304677
:1012C000A84754F8090001F09FFC00BF0800000087
:1012D0002DE9F04383B0044608461546A38B13F06E
:1012E000080F05D103F0070600230093019354E093
:1012F000012909D043F02003A38385F31188BFF3AC
:101300006F8F03B0BDE8F08343F01003A383F4E7CD
:10131000204609F013FB42E0D4F818904A4669468B
:10132000204609F024FB4FF00008A38B03F00707C9
:10133000B74269D0A268002A66D0012243F00803B0
:10134000A38385F31188BFF36F8F002A64D1009BBC
:101350002BB14B463A466946204609F081FBB8F16D
:10136000000F02D034492046C047EFF311852023F7
:1013700083F31288BFF36F8FA38B23F00803A3833B
:10138000A38B13F0100F4DD023F01003A383012083
:10139000A68B06F007060028AFD00228B8D0002898
:1013A000ABD0013804282BD801A353F820F000BF9C
:1013B0001913000001140000C5130000D913000028
:1013C000ED1300002369D3F800800621204609F0C0
:1013D0008BFA4FF00009A8E72369D3F804800421B1
:1013E000204609F081FA4FF000099EE72369D3F8FF
:1013F00008800521204609F077FA4FF0000994E7AC
:101400004FF00008C14690E7009A0AB1002295E724
:10141000B8F1000F92D1B3E74A463946204609F0A9
:101420006BFA94E713F0200F04D023F02003A3837A
:101430000220ADE70020ABE78FAA000038B50546D3
:101440000B4C00E010340B4B9C420FD263685B796D
:10145000002BF7D02946204609F0E3FB0028F1D005
:1014600023681B68294620469847EBE738BD00BF34
:101470000CDA00001CDA000070B506460D46084C78
:1014800004E02A463146204698471034054B9C42DA
:1014900004D223689B69002BF3D1F6E770BD00BF2F
:1014A0000CDA00001CDA00002DE9F0410746054681
:1014B0000AE007EA0807144B03EB06135B680422F3
:1014C0001968204609F0F7FBD5B195FAA5F6B6FAEA
:1014D00086F60D4C04EB06140123B3406FEA0308B3
:1014E00025EA0305237B002BEED03301064AD358AF
:1014F0001B69002BDDD0204698470028E4D1D8E7AF
:101500003846BDE8F08100BF0CDA00002DE9F0415B
:1015100080460F461D4BD3E8EF5F6A1CC3E8E12FFE
:101520000029F8D16DBB1A4C002607E0636804223D
:101530001968204609F0BFFB01361034154B9C4258
:1015400011D2237B002BF7D0204609F05EFB2368E5
:101550001B69002BEAD0204698470028E6D00123DB
:10156000B3401D43E8E7B8F1000F0BD055B1284652
:10157000FFF79AFF0546002FF8D00A2009F057FB25
:10158000F4E700252846BDE8F08100BF6C0B002081
:101590000CDA00001CDA000008B5064B186018B120
:1015A000054B1B68092B00DC08BD044804F04AFB0E
:1015B000FAE700BF600B0020680B0020D801002074
:1015C00008B5024804F03EFB08BD00BFD80100206A
:1015D00030B589B000220F490F480BF0CEFE0F4DF9
:1015E00000220023CDE90623002404940E23039354
:1015F0000294019400940A4B4FF440720949284622
:101600000BF0BDFC0849284604F096FB204609B0C3
:1016100030BD00BFC1150000280800207003002065
:1016200075190000C0250020D4DC0000014B53F8E0
:1016300020007047F0DC000048B108B5054A106092
:10164000054B1960084600F0F5FC002008BD6FF05E
:1016500015007047080000205C0B002008B5054B02
:101660001B781BB1034B01221A7008BD024804F01D
:10167000E9FAF7E7B01D0020D801002008B50C4BAF
:10168000D3E8EF1F0131C3E8E21F002AF8D130B9D7
:1016900008480BF07EFE084804F0D4FA08BD074B5A
:1016A000D3E8EF1F0139C3E8E21F002AF0D0F7E7C3
:1016B000640B002028080020D8010020680B0020BF
:1016C000044B00200146D3E8EF0FC3E8E21F002AD5
:1016D000F9D17047640B002038B5FFF7F1FF0546DC
:1016E000094C00E01034094B9C420BD263685B79D3
:1016F000002BF7D023685B68002BF3D029462046E7
:101700009847EFE738BD00BF0CDA00001CDA000094
:10171000034B18680028D4BF00200120704700BF89
:10172000640B002010B5044C0449204608F037FF34
:10173000034B1C6010BD00BFF8000020DCDC000083
:10174000580B002008B500230C4A13700C4A136094
:101750000C4A13604FF400410B48FFF76DFFFFF791
:10176000E1FF0A4A06E0094BD31A1B110133516805
:101770000B711032064B9A42F5D308BDB11D002003
:10178000640B0020680B002027AC00000CDA00007E
:101790001CDA000008B50146014809F05EFA08BDF0
:1017A000F800002008B5024808F0DCFF08BD00BFC3
:1017B000F800002008B50146024B186809F053FAFA
:1017C00008BD00BF580B002008B5024809F04FFAC9
:1017D00008BD00BFF800002010B582B00022002331
:1017E000CDE90023264B187808B902B010BD684631
:1017F00009F055FA044660B1FFF720FE2046FFF7D6
:10180000D9FF204BD3E8EF1F0139C3E8E21F002ABC
:10181000F8D1FFF77DFF58B91B4A1368516813F5DB
:101820007A7341F1000113605160FFF7CDFFDCE7EF
:101830000BF094FD4A0142EAD06243011B1A62EBAD
:101840000102920042EA93729B001B1842EB0102D4
:10185000D20042EA5372C3F3103343EA4243D20B3D
:101860000948016840685B1A62EB000240F2E93106
:101870008B4272F10002CFD3FFF72EFFCCE700BFFF
:10188000B01D0020680B0020200800200F4B1B78A3
:1018900003B1704710B500210120FFF737FE0C4C53
:1018A00000E010340B4B9C4208D263685B79002B3C
:1018B000F7D023689B6820469847F2E7FFF78CFF34
:1018C0000028FBD1014B01221A7010BDB11D002070
:1018D0000CDA00001CDA000010B582B0184BD3E817
:1018E000EF2F511CC3E8E01F0028F8D1154B1B78DF
:1018F00063B9154B1B68B3B1BAB1092A13D11348A8
:101900000BF047FD124804F09DF90CE0EFF3118451
:10191000202383F31288BFF36F8FFFF75DFF84F3FB
:101920001188BFF36F8F02B010BD00220023CDE9F4
:1019300000234FF400420023044805F031F8F2E799
:10194000680B0020B11D0020600B0020280800203B
:10195000D801002010B50446044B1B689847A060CE
:101960002146034809F09FF910BD00BF0800002080
:10197000F80000202DE9F04100210846FFF7C6FDE0
:10198000804650B140F2676600270BF00BFE154B06
:101990001858FFF701FE002515E04FF0FF364FF015
:1019A000FF37F2E74046FFF77FFD804670B94FF002
:1019B000FF364FF0FF3709E02C4632463B460A48D7
:1019C00004F084F92546B8F1000FEBD1FFF704FFCE
:1019D00004460028F6D1002DEED000210846FFF77E
:1019E0004BFDEAE708000000D80100200248034B45
:1019F000C01AC008704700BF0CDA0000ACD9000064
:101A000010B50C46FFF7F2FFA04203D9024B53F882
:101A1000340010BD0020FCE7ACD9000000B589B04F
:101A2000059206930023079362B1074A0C9B029329
:101A30000B9B01930A9B009305ABFFF7C7F909B015
:101A40005DF804FB0022F1E7CDAC00002DE9F04F7A
:101A50008BB004AF05461E468846C1F34A24002CCD
:101A600000F0898091460022FA603A617A6104238D
:101A70000293FB1801930A23009307F10C032146FC
:101A80004846FFF7A3F9B0F5006F58D3D9F8041012
:101A90006D4600233B7302237B738AB004AC14F1C0
:101AA000100217D012201AB1042801DD3B4B6361EC
:101AB00000233B7002237B70CAB10346082800DD77
:101AC000A1610C2B02DD40F2FF73E36104F12003FE
:101AD00000210AE06FF00040E5E701F118063E44FE
:101AE00016F8186C03F8016B01310129F5D911289A
:101AF00022DD122342B10421397300217973B973B5
:101B00000121F973F868206100216FF300016FF380
:101B100041016FF382016FF3C501022060F3881168
:101B2000C3F30A0363F353210023C1F313011C48D9
:101B300009F03FF9AD462DE06FF01B03DAE760F3E3
:101B40005328C0F30A0A0AEB1850173020F0070098
:101B50008008FFF71FFE8346B0B104230293FB18F1
:101B600001930A230093534600F110022146484690
:101B7000FFF754FF08E004EB1154173424F0070476
:101B8000A008FFF707FE83463346424629465846DB
:101B900009F0B2F81C37BD46BDE8F08F10DD00003B
:101BA000D4D900002DE9F04F85B080460D46174688
:101BB0001E46DDF838B0DDF84090B9F1000F41D095
:101BC000119B039300934B460F9A10210020FEF7C0
:101BD000A3FEB0F5006F2DD282460BEB0003173346
:101BE00023F0070300246FF300046FF341046FF345
:101BF000820468F3C50467F3881460F353246BF31D
:101C00001F549808FFF7C6FD074650B11030B9F1D0
:101C1000000F06D0119B00934B460F9A5146FEF7DA
:101C20007BFE334622462946384609F065F805B062
:101C3000BDE8F08F40F2FF73034A0221034809F028
:101C4000ADF8F4E70020C7E750DD0000D4D900006C
:101C5000406820B1034BC01A40F3CF0070474FF0EB
:101C6000FF307047ACD900000EB400B582B0014619
:101C700003AB53F8042B0193034801F0FBFA02B0C5
:101C80005DF804EB03B07047E9AD000010B584B017
:101C900011F0440F05D01A4B1B6833B9002004B073
:101CA00010BD1849FFF7E0FFF9E717490968B2FBD3
:101CB000F1F2B2FBF3FC03FB1C224FF47A7E0EFB25
:101CC00002F2B2FBF3F403FB14210EFB01F1B1FBB2
:101CD000F3F10E4AA2FB0C32D20A4FF4616303FB0C
:101CE00012CC0B4BA3FB0CE35B0902910194C3EBF9
:101CF0000311ACEB810100910649FFF7B5FFCEE778
:101D0000740B002088DD0000700B0020C5B3A29189
:101D10008988888894DD000061B108B52AB1064A37
:101D200052F8232012B9054A00E0044A0449FFF79B
:101D30009BFF08BD704700BF34DE0000B0DD00002F
:101D4000B8DD00002DE9F04105461746069EDDF896
:101D50001C8081B900242EB1324611492846FFF774
:101D600083FF0444B8F1000F14D06FB1099B042B1A
:101D700013D00C4909E00C4B099A53F822200B4967
:101D8000FFF772FF0446E6E7064942462846FFF79A
:101D90006BFF04442046BDE8F0810549F5E700BF2C
:101DA000D0DD0000C0DD000048DE0000C8DD00001E
:101DB000BCDD00002DE9F04F87B005460C460492CB
:101DC00005939DF84C7001F0020B01F0010AC1F37C
:101DD000C00801F4807908F06CFF18B30246164978
:101DE0002846FFF741FF0646BBF1000F1CD13A46DB
:101DF0005146284609F01FF8B9F1000F01D0002321
:101E000011930397129B0293119B0193109B0093D4
:101E10000023049A41462846FFF794FF304407B058
:101E2000BDE8F08F0026DFE7059A21462846FFF738
:101E30002DFF0644DBE700BFD4DD000011F0100FDA
:101E40000BD108B511F0200F03D00449FFF70CFFA8
:101E500008BD0349FFF708FFFAE7704714DF0000E9
:101E6000C4E700002DE9F04105460F4616469846A6
:101E70000699FFF7E3FF0024444505DA2449284684
:101E8000FFF7F2FE0134F7E7002409E02049284675
:101E9000FFF7EAFE0BE01F492846FFF7E5FE013495
:101EA0000F2C0CDC002C02DD14F0070FEED0B44236
:101EB000F1D23A5D18492846FFF7D6FEEFE71749F9
:101EC0002846FFF7D1FE002409E011492846FFF714
:101ED000CBFE0BE012492846FFF7C6FE01340F2C5B
:101EE00013DC002C02DD14F0070FEED0B44207D251
:101EF0003A5D0C4B9B5C13F0970FEBD12E22E9E778
:101F000003492846FFF7B0FEE8E7BDE8F08100BFCF
:101F1000CCDD0000E0DD0000D8DD0000E4DD0000E5
:101F2000E8DD0000E9E800002DE9F04184B0044656
:101F30009DF82C500C9F0E9E95B9012B1ED0194870
:101F40004FF0000827B13B462246174908F063F9D5
:101F5000C6B905BB204608F030FF04B0BDE8F081EB
:101F600003950A980290019300920B4600220F9964
:101F70002046FFF71FFF80460C48E3E70B484FF071
:101F80000008DFE70F9B0093434632460D99204639
:101F900008F069FFDDE72A460F99204608F057FF51
:101FA000D8E700BF19AE000075320000E9AD0000AF
:101FB0002DE9F04383B00646056842F20F738B4269
:101FC00028BF0B46184A0521684607F0CFFA044699
:101FD0007368D3F804900B27DFF8508005E04A4679
:101FE00039464046A8473F1A8044002FF7D173680E
:101FF000D3F804806F4605E0424621463846A8479C
:10200000241A0744002CF7D173685F681B24084E1C
:1020100005E03A4621463046A847241A0644002CDB
:10202000F7D103B0BDE8F0834CE0000008DE00000B
:10203000ECDD0000074B01221A6004E04008054A6D
:1020400013685B001360044B9842F7D8034B186089
:10205000704700BF700B002040420F00740B00203F
:1020600070B506460D46002405E0315D04488368DE
:10207000DB6998470134AC42F7D3284670BD00BFF6
:10208000A0D60000014B036000207047B0DE0000C6
:1020900008B5034808F01CF9024808F019F908BD12
:1020A000B0DE0000E8DE000008B5024804F054FD90
:1020B00008BD00BF18DF0000B0F5680F17D00CD8BE
:1020C00040F6BA63984214D0B0F5683F13D03A286E
:1020D00001D00120704700207047094B98420CD076
:1020E000084B984201D00120704700207047002023
:1020F000704700207047002070470020704700BFE5
:102100003A00003A2C5F5CA928B308B54368B3F5E0
:10211000683F0AD0B3F5680F14D012498B421FD024
:10212000006803F0FFFC002014E003680022D3E8FD
:10213000EF1F012903D1C3E8E02F0028F7D10DD10B
:10214000104607E003681B7803F580730020064AF9
:1021500042F8230008BD6FF4E04070470348F9E7F8
:102160000348F7E72C5F5CA900000350E98FFFFFED
:10217000EA8FFFFF88B308B54368B3F5683F0FD017
:10218000B3F5680F19D016498B4224D000684FF080
:10219000FF324FF0FF3303F045FC68B111480BE00C
:1021A00003680122D3E8EF1F002903D1C3E8E02F21
:1021B0000028F7D10BD1002008BD03681B7803F578
:1021C0008073094A52F823301BB90020F4E7054810
:1021D000F2E70448F0E70548EEE76FF4E0407047A7
:1021E0002C5F5CA9E98FFFFF00000350EA8FFFFF1F
:1021F00010B50446A8B16368B3F5683F10D0B3F5D5
:10220000680F0DD00D4A93420AD013F4686F0DD0B9
:1022100021680B480AF03EFD00232360074B6360F2
:1022200010BD084B5B6808489847E4E72368002224
:102230001A605A609A60DA601A61EFE72C5F5CA955
:10224000A01000207C00002020DF000010B5044614
:1022500068B36068B0F5683F28D0B0F5680F25D046
:10226000174B984228D0FFF727FFC0B14FF0FF323D
:102270004FF0FF332146134803F0A2FB08B923684F
:102280001BB9114B5B6811489847236800221A60FC
:102290005A609A60DA601A614FF46863636020687C
:1022A0000AF079FD636843F03A03636010BD064BA2
:1022B0005B6807489847CCE72368002BD3D1D5E764
:1022C0002C5F5CA9A01000207C00002048DF0000EB
:1022D00020DF000008B540231422044904480AF016
:1022E000CAFC0449044804F0FBFC08BDA00B002014
:1022F000A010002078DF00008CDF00002DE9F04105
:1023000082B000AF0446D0F800E0D0F804C0856881
:102310006E468AB06B4613F1100200F088801421DB
:102320008AB10846042903DDDFF81C81C3F8148054
:10233000082801DDC3F818E00C2801DDC3F81CC033
:10234000102800DD1D62132974DD14253AB1052122
:10235000397100217971B971F971786818610021BA
:102360006FF300016FF341016FF382016FF3C50159
:10237000012363F38811C5F30A0565F353216FF355
:102380001F5100233148FFF761FBB546D4F80CC05C
:1023900026696569E8468AB06B4613F110024CD095
:1023A000142182B10846042903DDDFF8A4E0C3F854
:1023B00014E0082801DDC3F818C00C2800DDDE6138
:1023C000102800DD1D6213293ADD14253AB10521DC
:1023D000397100217971B971F9717868186100213A
:1023E0006FF300016FF341016FF382016FF3C501D9
:1023F000012666F38811C5F30A0565F353216FF3CF
:102400001F51124D00232846FFF720FBC546E36904
:10241000104A3146284608F0C1FCA3690E4A3146ED
:10242000284608F0BBFC0837BD46BDE8F0816FF0D8
:10243000004175E76FF01B0588E76FF00041B0E7DA
:102440006FF01B05C2E700BF9CDF0000F4D900005D
:10245000CCDF0000FCDF00000CE0000038B50446D3
:102460000D4611B10846FFF749FF012C04D029465B
:10247000204603F033F838BDEFF30583103B034AE1
:102480000121034808F08AFCF1E700BF3CE00000AE
:10249000F4D9000030BFFFF7FDBF00BF38B50446D8
:1024A000054D2A4605490AF0D3FF054A0021601967
:1024B0000AF0F5FF38BD00BF0000000060DA000040
:1024C0000400000070B50646064D074B1D444C1B2A
:1024D0002046FFF7E3FF083CC6F8A44005F10800DA
:1024E00070BD00BF0000000004000000054B5A69E9
:1024F0009B689A4204D0044A536843F08053536067
:10250000704700BFB412002000ED00E081690D4B60
:102510005A6942F480725A61BFF34F8FBFF36F8FD5
:1025200031F8021C5A6922F480725A61BFF34F8F4E
:10253000BFF36F8F4DF60273994201D000207047B0
:102540000120704700ED00E04FF0000C83F800C060
:1025500002F07F4CBCF17F4F14D102F00C0CBCF1A7
:10256000080F04D012F0080F09D00846704708B5CC
:10257000054A0121054808F007FC002008BD01229A
:102580001A7070470020704750E00000F4D9000036
:1025900008B5314A0121314808F0F6FB304B9B6AFF
:1025A00013F0007F26D11D202D4B9B6A13F0807FF6
:1025B00027D12B4B9B6A13F4801F29D1284B9B6A90
:1025C00013F4002F2BD1264B9B6A13F4802F2DD1AF
:1025D000234B9B6A13F4003F2FD1214B9B6A13F4CA
:1025E000803F31D11E4A936A6FEA03436FEA134377
:1025F000936208BD1B4A0121184808F0C5FB1E2044
:10260000D2E7194A0121154808F0BEFB1F20D0E788
:10261000164A0121114808F0B7FB0220CEE7144A00
:1026200001210E4808F0B0FB2120CCE7114A01211E
:102630000A4808F0A9FB2220CAE70F4A01210748EF
:1026400008F0A2FB2320C8E70C4A0121034808F048
:102650009BFB2420C6E700BF7CE00000F4D900000B
:1026600000ED00E094E00000A8E00000C4E00000FD
:10267000F0E0000010E1000038E1000054E100004B
:1026800008B500230B70034A0121034808F07CFBC6
:1026900008BD00BF80E10000F4D9000090B583B010
:1026A00000AF0F2923DC2F4C103900233B7102238C
:1026B0007B718AB0EC461CF110021AD0122022B1B4
:1026C000042802DD284BCCF8143000233B70022391
:1026D0007B70E2B10346082801DDCCF818400C2BD2
:1026E00001DDCCF81C100CF1200300210DE01F4C83
:1026F000DAE76FF00040E2E701F1080404EB070EAF
:102700001EF808EC03F801EB01310129F4D9112876
:1027100024DD12234AB10421397100217971B97184
:102720000121F9717868CCF8100000216FF30001E5
:102730006FF341016FF382016FF3C501012060F374
:102740008811C3F30A0363F353216FF31F5100236E
:102750000748FFF77BF90C37BD4690BD6FF01B03B0
:10276000D8E700BFA4E10000D8E10000BCE1000010
:10277000F4D90000F8B505460F461446394A012140
:10278000394808F001FB394B9B6A13F0100F31D127
:102790001026364B9B6A13F0080F32D1334B9B6ADD
:1027A00013F0020F34D1314B9B6A13F0010F4BD160
:1027B0002E4B9B6A13F0200F4DD12C4B9B6A13F0CC
:1027C000100F01D1294B9B6A284B9B6A13F0200FF5
:1027D00004D0264A536A23F400535362234A936A6F
:1027E00043F0FF0393620121284608F0D9FB2070D3
:1027F0003046F8BD1E4A01211B4808F0C5FA1126D3
:10280000C7E71C4A0121184808F0BEFA1226C5E79E
:10281000194A0121144808F0B7FA144A536B926A16
:1028200012F0800F01D11326BDE7144A01210E4892
:1028300008F0B4FA37B10D4A936A23F0800393622B
:102840001326B0E71326AEE70D4A0121064808F02B
:102850009BFA1426ACE70B4A0121034808F094FACE
:102860001526AAE7ECE10000F4D9000000ED00E035
:1028700004E2000038E200004CE2000064E20000E4
:102880007CE200009CE20000F8B505460F461446C5
:10289000374A0121374808F077FA374B9B6A13F41F
:1028A000805F25D11626344B9B6A13F4006F26D126
:1028B000314B9B6A13F4007F28D12F4B9B6A13F492
:1028C000806F3FD12C4B9B6A13F4807F41D12A4B00
:1028D0009B6A13F4005F43D1274A936A43F47F4312
:1028E00093620121284608F05BFB20703046F8BD5A
:1028F000224A01211F4808F047FA1726D3E7204A49
:1029000001211C4808F040FA1826D1E71D4A012190
:10291000184808F039FA184A936B926A12F4004F7B
:1029200001D11926C9E7184A0121124808F036FAE0
:1029300037B1114A936A23F4004393621926BCE726
:102940001926BAE7114A01210A4808F01DFA1A2689
:10295000B8E70F4A0121074808F016FA1B26BBE723
:102960000C4A0121034808F00FFA1C26B4E700BF07
:10297000CCE20000F4D9000000ED00E0E4E2000049
:1029800038E20000F8E2000014E300002CE300004D
:1029900048E300009CE2000070B506460D462B4A55
:1029A00001212B4808F0F0F900232B70294BDC6A39
:1029B00014F002040AD1274BDB6A002B0DDB254BF8
:1029C000DC6A14F080440ED1204670BD224A0121F9
:1029D0001F4808F0D9F90024F6E7204A01211C48D5
:1029E00008F0D2F9F0E71E4A0121194808F0CCF9A5
:1029F0003046FFF78BFD98B9164B9B6A13F0FF0F1B
:102A000016D1144B9C6A14F47F4418D1114B9B6A65
:102A1000B3F5803FD8D33046FFF7BAFD0446D3E77D
:102A20003368104A01210A4808F0B8F93468CBE746
:102A30002A4601213046FFF79DFE0446C4E72A4698
:102A400001213046FFF720FF0446BDE760E30000A8
:102A5000F4D9000000ED00E078E300009CE3000002
:102A6000ACE30000CCE3000030B58BB01F4B5D68D9
:102A7000C5F30805002383F31188BFF36F8F0DF1B1
:102A80002603FFF761FD04460DF12702294608F0F1
:102A900089FA9DF827300BB10BB030BD05460DF11A
:102AA000040C20686168A268E368ACE80F00206944
:102AB0006169A269E369ACE80F009DF826304BB16B
:102AC000089BC3F308025AB96FEA53236FEA432302
:102AD000089305E0089B23F4FF7323F00103089398
:102AE00001A92846FFF7BAFCD6E700BF00ED00E0D9
:102AF000064B5A6942F010025A615A6942F48062E8
:102B00005A615A6922F008025A61704700ED00E0EC
:102B1000EFF30880EFF3098101B57246FFF7A4FFD8
:102B200001BD00BF002080F31488BFF36F8F002029
:102B300080F30A8880F30B88104880F3088800200F
:102B40000F49087001F0D4FE00200E490860BFF361
:102B50004F8F00F02FF8202080F311880A484FF49F
:102B60000061401880F30988EFF3148002210843C4
:102B700080F31488BFF36F8F00F0E4F8003A002070
:102B8000B91D002094ED00E0C0280020084BD3F8C8
:102B90009000C0F30720002306E0054AC2F89830F1
:102BA0000021C2F8A01001338342F6DB704700BF5A
:102BB00000ED00E010B572B6002484F31388FFF72F
:102BC000E5FF234608E003F120010E4A4FF0FF30F5
:102BD00042F821000133DBB20F2BF4D9002308E0C7
:102BE00003F16001074A4FF0FF3042F82100013342
:102BF000DBB20F2BF4D962B6BFF34F8FBFF36F8FE9
:102C000010BD00BF00E100E008B50A4B9B6883429D
:102C100002D003F01FFC08BDEFF30583002BF8D0B2
:102C2000054B5A6842F080525A605A6A22F40042B8
:102C30005A62EEE7B412002000ED00E016498A68FF
:102C40004FF030001044EFF3098C80E8F01F202093
:102C500080F31288BFF36F8F104F4FF000664A6900
:102C60008A603E60D2F8A4000D4C2060D2F8A80023
:102C70000023C2F8A83080F3118802F1300090E8F8
:102C8000F01F8CF3098802F1000004B508F0C0F9C8
:102C9000BDE8044070470000B412002004ED00E0DD
:102CA000C01000201EF0040F0CBFEFF30880EFF3FC
:102CB0000980816911F8021C0229FFD001B5724612
:102CC00008F062F901BD00BF002807DB00F01F0219
:102CD000400901239340024A42F82030704700BF68
:102CE00000E100E0002808DB4901C9B200F16040C2
:102CF00000F5614080F80013704700F00F004901B3
:102D0000C9B2014B1954704714ED00E04209054B5C
:102D100053F8222000F01F00012303FA00F01040B6
:102D2000704700BF00E100E0044B23F07F03044A3A
:102D30009360BFF34F8FBFF36F8F704700000000A9
:102D400000ED00E008B5FFF7EFFF074AD2F8883042
:102D500023F47003C2F8883002F082FD03F046FCD1
:102D600000F04EF802F0D8FD00ED00E010B4A2F142
:102D700020040E4942F8081C21F0010142F8081C09
:102D800042F8203C019B42F81C3C029B42F8183C54
:102D9000039B42F8143C4FF0807342F8043C0465F6
:102DA0000023C0F8A83010BC704700BF9D1200007F
:102DB00000B50E4615460B4B9860D0F8A4200A4B80
:102DC0001A60D0F8943083F30B882C4686F3098878
:102DD0000020064B98472046002100220023044C87
:102DE000204700BFB4120020C01000201BB000001C
:102DF0009D120000014B10221A61704700ED00E0A7
:102E0000002207E003F1604303F56143202183F8CA
:102E100000130132442A09DC53B2002BF2DA03F02A
:102E20000F030349194420230B76F2E7704700BFD4
:102E3000FCEC00E008B5EFF30583103B044A02EB1D
:102E4000C301496852F833008847FFF74FFB08BDBC
:102E5000C0D60000074AD2F8FC3043F08073C2F8B5
:102E6000FC30054B00225A601A6842F001021A60D9
:102E7000704700BF00ED00E0001000E0034B0022AF
:102E80005A601A6842F001021A607047001000E0B0
:102E9000014B586800217047001000E008B501F0B0
:102EA00017FD024B1868002108BD00BF5400002028
:102EB00008B5FFF7F3FF024A0023FDF74BF908BD01
:102EC00040420F0010B584B00A4C23460A4A012143
:102ED0000A4808F0D9F90023019302930393084BA1
:102EE0000193E41A0294012101A808F0D1F904B079
:102EF00010BD00BF0000072000000020E8E3000034
:102F000010020020024B034AC3F8C020704700BFE4
:102F100000ED00E0AAFF4400034BC3F89800C3F89B
:102F20009C10C3F8A020704700ED00E00E4BC3F8E2
:102F30009800C3F89800D3F89C000A7A60F3040262
:102F40000A72D3F8A020C2F34202087A62F3471053
:102F50000872D3F89C2022F01F020A60D3F8A03038
:102F600023F01F03CB60704700ED00E070B505460D
:102F70000E46002400E00134A6421EDD04EB4403AB
:102F80009A0005EB830359680029F4D0A85808F08B
:102F9000D5F804EB84030B4A42F8230010F1160F16
:102FA0000CD0094B1B78984209DA04EB840302EB3E
:102FB00083010431FFF7BAFFDDE7002070BD6FF039
:102FC0001500FBE7C4100020B21D002010B5044618
:102FD0000A4BD3F89030C3F30723013B984203D840
:102FE00008F086F8204610BD0346054A0121054831
:102FF00007F0D4FE6FF01500F5E700BF00ED00E02C
:10300000F8E30000ECD900002DE9F04F87B08146CD
:10301000009101931446002648E03346614A01219D
:10302000614807F0BBFE6FF0150407E03B465F4ABE
:1030300001215D4807F0B2FE6FF01504204607B08D
:10304000BDE8F08FD84564D12946C0B208F087F8B2
:103050002BE0574AC2F89870D2F89C3003F01F0357
:1030600021F01F010B43C2F89C302946E0B208F062
:1030700076F8044610F1160FE0D0013415E0013B5C
:103080004B49C1F89870D1F8A02002F01F0223F03C
:103090001F031343C1F8A0302946E0B208F05FF8DF
:1030A000044610F1160FC9D001340136009B9E4230
:1030B000C4DA06EB46054FEA850A09EB85056F6819
:1030C000002FF2D0019B23B1284608F025F80028F4
:1030D000A3D0394659F80A0008F030F8074610F135
:1030E000160FA3D08442A1DD314BC3F89800D3F86A
:1030F0009C2022F01F02C3F89800D3F8A03043F0C0
:103100001F0859F80A306968194401F1FF3B9342DE
:1031100098D093429DD0D845B1D0013B2449C1F805
:103120009870D1F8A02002F01F0223F01F03134370
:10313000C1F8A0302946E0B208F011F8044610F1B9
:10314000160F3FF47BAF0130194BC3F89870D3F8DA
:103150009C109DF8102061F304028DF81020D3F824
:10316000A030C3F34203D2B263F347128DF81020AC
:1031700059F80A306A681344029323F01F03A8EB3E
:103180000B084344013B23F01F03059302A9C0B27F
:10319000FFF71CFF044610F1160F3FF44FAF013448
:1031A00083E700BF20E40000ECD9000044E4000005
:1031B00000ED00E010B5034C01232278FFF724FF57
:1031C000207010BDB21D0020044B0522C3F89420CE
:1031D000BFF34F8FBFF36F8F704700BF00ED00E06C
:1031E000BFF35F8F024B0022C3F89420704700BFEB
:1031F00000ED00E038B51C4B1D681C4BD3F8903037
:10320000C3F307239D422BD8FFF7EAFFFFF77AFEAF
:10321000002407E0144B596801EB0411204607F025
:1032200067FF0134A542F5D81148057007F0B6FFD5
:1032300010F1160F13D00E4B1A780C4BD3F89030B8
:10324000C3F307239A4207DA084BC3F898200021FA
:10325000C3F8A0100132F0E7FFF7B6FF002038BD39
:103260004FF0FF30FBE700BF68E4000000ED00E036
:10327000B21D002030B587B00D46114600240094E1
:103280000194029403940494059402228DF8022080
:10329000044A0192049005951A46684606F092F990
:1032A00007B030BD99B2000008B5024B1B689847C3
:1032B000002008BDD8100020034B1860034A937803
:1032C00043F0020393707047D810002034000020B0
:1032D00008B5064921F00701C1F1005202F5E022CC
:1032E000034806F0E1FE002008BD00BF074A0020A9
:1032F000DC10002068B108B5064A074B1B68074977
:10330000A1FB03139B0C00FB03F042F00103984761
:1033100008BD704770DA00005400002083DE1B43B4
:1033200038B51A4B1B780133194AA2FB031202F479
:10333000FE7101EB92029C1AE5B208F0E9FF154B11
:103340001B782BB1144A52F82530C01A07281AD915
:103350004FF05023D3F8143163B14FF050230022C3
:10336000C3F81421D3F81431084B1D7015B9094B5B
:1033700001221A70054B1C7808F0CAFF064B43F86F
:103380002400012038BD0020FCE700BFB41D002050
:10339000CDCCCCCCB31D0020E810002000B583B00C
:1033A0000DF1070001F0B8FB114B98421CD1114BF5
:1033B0004FF48062C3F8B8254FF40062C3F83C258F
:1033C0000D499DF8070009F067F80C499DF80700C2
:1033D00009F05DF89DF807300120984001F096FB58
:1033E000002003B05DF804FB6FF00B00F9E700BFAD
:1033F0000000AD0B00A002502CA0025028A10250EA
:1034000008B50121104BC3F80015104A0223C2F879
:10341000D0360F48D0F8003223F0E04343F0405359
:10342000C0F80032D0F8043223F0E04343F04053B8
:10343000C0F80432C2F80417C2F80419C2F8001B1D
:1034400000F032F808BD00BF0010005000400050EE
:103450000025845000F01F0240090CD001280CD137
:103460000748803250F8223023F0E04343EA0171EC
:1034700040F8221070470348F3E70020F1E700BF4F
:10348000002884500025845038B50546002405E006
:103490002946044B185DFFF7DDFF0134032CF7D9F3
:1034A00038BD00BFA4E4000008B50249024807F097
:1034B000FCFA08BDA8E40000FC100020F0B583B0C1
:1034C00005460C4616468AB20F4883681B68294693
:1034D00098470346C00F01D103B0F0BD56B118465E
:1034E000FAE708F015FF01903A4601A9A81909F07A
:1034F000AFFF3E44A64204D2A71B042FF1D90427F4
:10350000EFE70020E8E700BF80D6000008B5054BD4
:103510001B7803B108BDFFF79DFC024B01221A7016
:10352000F8E700BFB51D002008B5064BD3E8EF2F24
:10353000511CC3E8E01F0028F8D102B108BDFFF715
:103540009DFCFBE71C11002000487047BC110020C7
:10355000014BC01A401170473411002038B50546A0
:103560000C46FFF7F5FF01464022034807F0A8FF8D
:1035700001462846A04738BD20D6000030B583B0AC
:1035800005460C46FFF7E4FF01464023009323461F
:10359000054A064807F0AEFF011E01DB03B030BD4F
:1035A0002846A047FAE700BF3DB5000020D600003E
:1035B00008B5092817D8DFE800F0051C16161616FE
:1035C0001616171200210D4807F008FF836813F044
:1035D000070F08D10021094807F060FF03E002212E
:1035E000064807F05BFF08BD0321044807F056FFBB
:1035F000F9E70121014807F051FFF4E720D6000068
:1036000010B582B0EFF31184202383F31288BFF347
:103610006F8F154A136843F00201116013F0010F18
:1036200009D1002384F31188BFF36F8FB3B907F07A
:103630008DFF02B010BD0DF1070201214FF05020A7
:1036400007F09DFE9DF80730012B01D00023E9E72C
:10365000FFF77AFF07F010FF0123E3E7002103489B
:1036600007F01CFFE5E700BFE411002020D60000B2
:1036700010B5EFF31184202383F31288BFF36F8F0B
:10368000074A136823F00201116013F0010F04D000
:1036900084F31188BFF36F8F10BD07F06BFFF7E75E
:1036A000E411002070B582B00546012807D14FF023
:1036B0005023D3F81C3403F00303022B36D009F057
:1036C0004BFC044610B92B4B1B7873B9EFF31186F2
:1036D000202383F31288BFF36F8F012494B94FF036
:1036E00050230222C3F808230CE00026F6E7FCB1C1
:1036F000304607F0B2FC4FF05023D3F81835DBB258
:10370000012B19D00DF1070200214FF0502007F0D6
:1037100036FE0028EBD09DF80730022B01D0012D9A
:10372000E5D104B386F31188BFF36F8F02B070BD8B
:10373000012007F033FFDEE74FF05023D3F80431C8
:10374000002BDFD04FF050230022C3F80421D3F820
:1037500004210222C3F81825074A2021C2F880114B
:1037600001229A60CEE74FF050230222C3F80423CF
:10377000DCE700BFB91D002000E100E000B585B026
:10378000CDF800D0CDF804D0002302930123039399
:103790006B46074A07F0CAFE002805DB4FF480425B
:1037A0000023684602F092FA05B05DF804FB00BF02
:1037B000C9B5000070B5064600220121052007F0BA
:1037C0001BFC114801F0B0F9104B984219D101F0DF
:1037D000BDF90024032C12D82146304607F0FEFD27
:1037E00005462146304607F006FE094907F05DF917
:1037F000002805DB0123AB601C44E4B2EAE70020AB
:1038000070BD6FF00400FBE7B13500000000AD0BA8
:10381000B4E4000010B504460E4B0121D3E8EF2FAD
:10382000C3E8E01F0028F9D11AB1631E012B0DD99E
:1038300010BD094807F0DFFD084900234B608B608D
:10384000CB6001238B6007F04CF9EEE72046FFF7D1
:1038500029FFEDE73011002020D6000020110020C4
:1038600010B504460A2806D0E1B206488368DB6931
:103870009847204610BD03488368DB690D219847AF
:10388000F2E700BFA0D6000010B5044C2046FFF7B9
:1038900013FD2046FDF7FCFC10BD00BF61380000A1
:1038A00008B5054809F093F918B1FFF7EDFF0020BE
:1038B00008BD6FF01200FBE7A0D60000F0B51C4673
:1038C000059F069E00F01F0C400936D0012836D116
:1038D000284D0CF1800355F8233091B3012092B3A9
:1038E0004FF0020E40EA0E0084B34FF00C0E40EA97
:1038F0000E0077B34FF4706E40EA0E0066B34FF4DB
:10390000403E40EA0E0023EA000041B30B7842B388
:1039100012785200134334B322789200134327B332
:103920003A781202134316B3327812041343034356
:103930000CF1800C45F82C30F0BD0F4DC9E7002587
:10394000C7E70020CBE74FF0000ECBE74FF0000EAB
:10395000CDE74FF0000ECFE74FF0000ED1E7002388
:10396000D5E70022D6E70022D8E70022DAE70022D6
:10397000DCE700BF002884500025845000F01F03BE
:10398000400908D0012808D1054A803352F82300A5
:1039900000F001007047034AF7E70022F5E700BF97
:1039A000002884500025845028B1012801D1034803
:1039B0007047002070470248704700BF40D60000A3
:1039C00060D600002DE9F04786B088461646994635
:1039D000446801F01F05237B45EA4315204607F0A4
:1039E0009EFE002864D0B6F5001F35D00DF10C0AFC
:1039F0000027039704974946304607F0C5FE8DF827
:103A00000C00009701970297CDF804A0A36823FA51
:103A100008F313F0010F02D1B6F1A07F23D004F117
:103A200010060DF117022946304609F0AAF8234B7B
:103A3000984237D010346A462946204609F095F856
:103A40001E4B984237D101222946204609F0B1F891
:103A5000002006B0BDE8F087294604F1100009F007
:103A6000ACF80020F5E72846FFF788FF0028D6D1FC
:103A70000DF11702294604F1100009F082F8104BED
:103A8000984203D00DF117030493D3E70DF1170209
:103A90004146204607F0B4FE084B9842F2D06FF042
:103AA0000B00D6E79DF81710304609F07AF8C1E709
:103AB0006FF08500CDE76FF01500CAE70000AD0B91
:103AC0000400AD0BF0B589B00F461446456801F00F
:103AD0001F062B7B46EA4316104607F025FE8DF89D
:103AE0001E0040F206332340B3F5837F53D016D82F
:103AF000062B4CD006D9B3F5807F0DD101238DF86C
:103B00001D3024E003B3022B03D104238DF81D30B4
:103B10001DE06FF0150038E06FF0150035E040F261
:103B2000022293423BD0B3F5407F03D103238DF8AB
:103B30001D300CE0B3F5007F03D102238DF81D305A
:103B400005E06FF0150020E000238DF81D3014F41F
:103B5000002F28D06A680123BB409360284607F0F5
:103B6000DEFD40B310350DF11F023146284609F045
:103B700008F8074614F4403F36D13146284609F08C
:103B80000CF83C4B9F426DD0002009B0F0BD0623DD
:103B90008DF81D30DBE707238DF81D30D7E70523AF
:103BA0008DF81D30D3E714F4802FD7D06A68012335
:103BB000BB40D360D2E7C4F340438DF8083014F41F
:103BC000803F0CBF012300238DF8103000240194A6
:103BD0000DF11D0300930DF11E0304AA02A9304646
:103BE000FFF76CFE2046D0E702AA0023029303935E
:103BF000049305930693059204AA3146284608F0DB
:103C0000B4FF1C4B98421DD114F4003F1DD09DF809
:103C10001D308DF8103014F4803F0CBF01230023B9
:103C20008DF811309DF81E308DF81230002304AA53
:103C30003146284608F09DFF0E4B9842A1D06FF008
:103C40001500A2E76FF015009FE70023049305938A
:103C500006930DF11E03049304AA3146284608F08A
:103C600084FFE9E79DF81F10284608F09AFF00201E
:103C70008BE700BF0000AD0B38B504464568284609
:103C800007F04DFD20B91049204607F0F7FC38BD7C
:103C90001035284608F07DFF0028F4D10021284681
:103CA00008F073FF094B98420AD1002208492846C0
:103CB00008F063FF002205210D2007F09DF9E2E7DF
:103CC0006FF00400E3E700BFE7B700000000AD0BB2
:103CD000C1B7000070B400F01F0C400919D00128D2
:103CE00019D10E4D0CF1800055F820600C4C344079
:103CF00041EA420141EA83039DF80C2043EA022392
:103D00009DF8102043EA0243234345F8203070BC5D
:103D10007047044DE6E70025E4E700BF0028845023
:103D2000F0F0FCFF0025845000F01F01400906D090
:103D3000012806D1044A01238B4093607047034A4F
:103D4000F9E70022F7E700BF0028845000258450DF
:103D500000F01F01400906D0012806D1044A0123C2
:103D60008B40D3607047034AF9E70022F7E700BFB2
:103D700000288450002584502DE9F04F85B0074677
:103D80008B469046002423E04FF0FF3535E0C8F81D
:103D90000C55012603963146B5F1FF3F16D0B1F11F
:103DA000FF3F40F0138157F80A3013F4004F02D060
:103DB00001260022039200220192CDF80090C3F365
:103DC0004123324603992846FFF784FF0134E4B2C9
:103DD0005C4580F0FF804FEA840A57F82430C3F333
:103DE000C322C3F30805082A00F2F6807E4911F8C1
:103DF000029040F2FF129542C6D01B0E222B00F219
:103E0000EE8001A252F823F08F3D0000953E0000A5
:103E1000A33E0000AF3E0000BD3E0000CB3E0000D0
:103E2000D73E0000DF3F0000DF3F0000DF3F000023
:103E3000DF3F0000E53E0000F93E0000DF3F0000EC
:103E4000DF3F0000DF3F0000DF3F0000DF3F0000FA
:103E5000DF3F0000DF3F0000DF3F0000DF3F0000EA
:103E60000D3F00001F3F0000313F0000433F0000B6
:103E7000DF3F0000DF3F0000DF3F0000553F000054
:103E8000653F0000713F0000813F0000913F00004E
:103E9000A13F0000C8F81455002603964FF0FF31EB
:103EA0007AE7C8F8085501260396314674E7C8F842
:103EB0001055002603964FF0FF316DE7C8F80855FE
:103EC000002601230393314666E7C8F80C55012606
:103ED0000396002160E7C8F81055002603964FF0BE
:103EE000FF3159E7C8F80855B9F1000F5ED0002638
:103EF00003964FF0FF314FE7C8F80C55B9F1000FAA
:103F00005CD0002603964FF0FF3145E7C8F86055B6
:103F100057F80A10C1F30041012603963CE7C8F8A0
:103F2000645557F80A10C1F300410126039633E7A0
:103F3000C8F8685557F80A10C1F3004101260396E6
:103F40002AE7C8F86C5557F80A10C1F3004101265A
:103F5000039621E7C8F824550126002303934FF068
:103F6000FF3119E7C8F8285501260396314613E7B3
:103F7000C8F830550126002303934FF0FF310BE7BB
:103F8000C8F834550126002303934FF0FF3103E7AF
:103F9000C8F838550126002303934FF0FF31FBE6A4
:103FA000C8F83C55012603963146F5E64E46CDF855
:103FB0000C904FF0FF314FF00609EDE64E46CDF87C
:103FC0000C904FF0FF314FF00609E5E6284607F068
:103FD00036FCE8E6002004E06FF0150001E06FF029
:103FE000850005B0BDE8F08F94E500002DE9F843A9
:103FF00005460F46466808F0AFFF20B9234B1B78F3
:104000000BB3002300E00123D5F810906A68D2F8C2
:104010000080F3B9284607F04BFD0446736813F09F
:10402000040F03D04FF48003C8F80433F36A1F7001
:104030000122F16A284607F087FD84F31188BFF357
:104040006F8FBDE8F8830123DEE784F31188BFF3A7
:104050006F8FEFF31184202383F31288BFF36F8FE8
:10406000284607F025FC0028EFD0D9F80030002BB7
:10407000D4D0D3F8A420002AD0D0D3F8B420002A7A
:10408000CCDAD8F84C25C3F8B420C7E7B91D002016
:104090002DE9F04F85B09846D0F810B0DBF800401D
:1040A000D0F804A0DAF800509AF80830002B40F05D
:1040B000B58081460F46164694F86130002B40F0DB
:1040C000B08094F86230002B40F0AE806365B8F1A8
:1040D000FF3F44D0B8F1040F16DDA3F1993383FB01
:1040E00008234FEAE870C0EB6300C117C90341EA37
:1040F0005041C0034E4BC0184E4A4FF0000341F1EF
:104100000001FCF727F801E000200146A065E16509
:10411000276466640023A364E3642365DAF804304B
:1041200013F0040F20D1DAF8043013F0040F02D09A
:1041300094F8602052BBC5F83475C5F83865002086
:10414000C5F81001D5F81031C5F84C01D5F84C313F
:10415000012384F861302B6005B0BDE8F08F0022A8
:104160000023C4E91623D3E7EFF31183039320233D
:1041700083F31288BFF36F8F0221484607F0D8FC03
:10418000039B83F31188BFF36F8FCCE7B24228BF44
:1041900032469146DAF82810384609F059F94F446A
:1041A000B6EB090614D0B8F1FF3FC4D00023C5F820
:1041B0000831D5F8083104F10800D4E916234FF08E
:1041C00000084FF00009CDE9008902F0E9FBB2E7F1
:1041D00094F86020A2EB0902D2B284F86020DAF8E9
:1041E000280000EB090109F040F90BF10803D3E8BE
:1041F000EF1F41F00401C3E8E21F002AF7D145F3A5
:104200000735002D08DB05F01F026D0901239340DF
:104210004035094A42F8253000209DE76FF08500BF
:104220009AE76FF00F0097E76FF00F0094E700BF79
:104230003F420F0040420F0000E100E0F0B583B0C4
:1042400004461D460669EFF31187202383F3128885
:10425000BFF36F8F3368D3F8A40000BBC3F8A4206A
:104260003368C3F8A01001F06043B3F1005F1DD1C3
:104270003368C3F8A8103368C3F8AC203146204631
:1042800007F07DFC87F31188BFF36F8F204607F09E
:104290003EFB80B3B5F1FF3F10D100202CE087F347
:1042A0001188BFF36F8F6FF00F0025E03368002295
:1042B000C3F8B020204607F0D3FDDFE73468683448
:1042C00025EAE575E917C90341EA5541ED030B48B5
:1042D00028180B4A4FF0000341F10001FBF73AFFA9
:1042E00002460B4600200021CDE90001204602F0E5
:1042F00057FB002000E0002003B0F0BD3F420F005C
:1043000040420F0070B50446056943681E6828687E
:1043100000220A49083009F030F82B68DC6328686D
:1043200000220749683009F028F82B68C3F89C4040
:10433000044BC6F80433002070BD00BFC5BF0000A9
:10434000C1BD000014020A0038B505460C4601F153
:104350000C0000F0E1FB0C4B98420DD105F10C0272
:1043600005F59071207B08F09CF8237B0120984094
:1043700000F0CCFB002038BD044A0121044806F0BF
:1043800003FD6FF00400F6E70000AD0BA0E50000B0
:1043900004DA000038B5044645680121E86807F0F2
:1043A000ACFB63681A682B69C2F824356B7DA97D64
:1043B0000B43298B0B43297D0B43C2F86C352369D2
:1043C0001B6823B12046FFF79DFF002803DB204632
:1043D00007F034FE00B138BD0249204607F037FA35
:1043E000F9E700BFE5BB000021F07F4100F5A870B0
:1043F000014B43F820107047005001504FF48033B8
:104400008340024AC2F84433704700BF0050015055
:104410004FF480338340024AC2F84833704700BFEC
:1044200000500150014BD3F8040570470050015073
:104430002DE9F843054689469046FFF7E9FF2846EF
:1044400007F02EFF4E46032710E0FFF7EBFF044670
:10445000494607F014FFB0F5000F26D9284607F0AB
:104460001FFFB8F1000F22D13E190137314628460F
:10447000FFF7BAFF2846FFF7C1FFFFF7D3FF044657
:10448000C11C304607F0FBFE0A4B98420AD9284669
:1044900007F0F9FE0028D8D1B8F1000FE4D06FF092
:1044A000150000E00020BDE8F8830020FBE76FF076
:1044B0001500F8E7FDFF7F00034B044AC3F808230B
:1044C000C3F84823704700BF0050015003000F009D
:1044D00010B5012383406FEA030C0C4AD2E8EF1FAA
:1044E00001EA0C0EC2E8E4EF002CF7D14FF4803261
:1044F00082400748C0F80823BFF35F8FBFF36F8F78
:104500000B4214BF0120002010BD00BF1412002078
:10451000005001504FF480338340124AD2F80423F4
:10452000134201D10020704710B504460123834097
:10453000DB430D49D1E8EF2F02EA0300C1E8EC0F9D
:10454000BCF1000FF6D122FA04F313F0010F03D1EE
:10455000204607F098FE18B1204607F0A1FE012082
:1045600010BD00BF005001501012002001B970476B
:10457000012383400D4AD2E8EFCF4CEA030CC2E896
:10458000E1CF0029F7D14FF480338340084AC2F8C5
:104590000433084BD3E8AF3FC34013F0010FE6D01C
:1045A000054B4FF40012C3F80021E0E7141200207D
:1045B000005001501012002000E100E038B5144610
:1045C0001046194607F078FE02460D490B68E01ABE
:1045D0001B184C6844F100040B604C60A2F50013FA
:1045E000B3F5400F09D2074B1B68190A1B06D418F4
:1045F00041F10005044BC3E9004502F0D5F838BD90
:1046000030090020181200203809002038B50D4B61
:104610001C68250A2406BFF35F8FFFF703FF0346DC
:10462000001945F10001B3F5801F0AD2064BD3E90A
:104630000023904271EB030303D210F1807041F12B
:10464000000138BD18120020380900202DE9F04182
:10465000064614461D469DF820801046194607F070
:104660002BFE0746FFF7D2FFA04271EB050319D2DC
:10467000201A65EB01011B4B984271F100012BD20E
:10468000194B03EB0613D3E90223AB4208BFA24246
:1046900001D1002014E0424639463046FFF7C8FEFB
:1046A00070B117E0B8F1000F19D10123B3400F4AE0
:1046B000D2E8EF0F1843C2E8E10F0029F8D100203B
:1046C000094B320103EB0616C6E9024506999950DB
:1046D000079B7360BDE8F0816FF01500FAE76FF09B
:1046E0001500F7E7010080002009002010120020CB
:1046F00030B585B0FFF7E0FE00231E4AC2F808354A
:10470000002B25DD1B4C0225C4F804531A4B4FF433
:104710000012C3F8802100220121152006F06CFC54
:10472000152006F064FC0123A3602360134A136084
:10473000002402940194124B0093124A0023204655
:1047400007F0CAFD2846FFF765F8204605B030BDE2
:104750000D4A02EB03124FF0FF304FF0FF31C2E978
:1047600002014FF480329A400249C1F80423013318
:10477000C6E700BF0050015000E100E01412002025
:10478000BD450000FFFF7F00200900202DE9F04714
:1047900082B00446FFF7BEFE10B902B0BDE8F08754
:1047A000FFF734FF82460D4607F089FD0646154B9C
:1047B00003EB0413D3E90289C24575EB09050BD25B
:1047C0000025304607F083FD002DE6D000974246D5
:1047D0004B462046A847E0E70A4A230102EB0411B2
:1047E000D5584F680020D0504FF0FF324FF0FF33C4
:1047F000C1E902232046FFF70BFE204607F050FDDB
:10480000DFE700BF2009002010B50D4BD3F80433BB
:1048100013F0020F03D10024002C0BDD10BD022188
:10482000074807F0F6FC0028F5D0064A1368013364
:104830001360F0E72046FFF7A9FF0134ECE700BF63
:10484000005001501812002010B584B0B0F1FF3FA5
:1048500018D001281BDD154B9842A8BF1846044606
:10486000134B01221A70FFF7D1FE124B1A685B68D6
:10487000801AB0F5000F0CD20444B4F5000F09D330
:104880000A4C07E00A4B00221A70084CEBE701249F
:10489000E6E7064C002012190290019006490091AB
:1048A00043F1000307F018FD04B010BDFFFF7F00C7
:1048B000B81D002030090020BD45000008B5FFF7F5
:1048C000A5FE024B1B68C01A08BD00BF30090020BE
:1048D0004FF05023D3F8582502F00302024BD34087
:1048E000024A1360704700BF0020A1075400002057
:1048F00008B507F091FD68B15D4BD3F8203A4BB98C
:104900005B4B0D22C3F8202A0122C3F81C29002288
:10491000C3F81C2900220BE002F160034FF47F0171
:1049200051F83310DB0003F57F035B680B60013245
:104930001F2A08D802F160034FF47F0151F8333089
:10494000B3F1FF3FE8D107F03FFD30B1484B2922DA
:10495000C3F80C270322C3F83C2707F0E9FC40B159
:10496000444B454AC3F830254FF050230122C3F889
:10497000582507F0F1FC18B1404B0022C3F84C2534
:1049800007F002FD68B14FF05023D3F8003413F064
:10499000010F06D04FF050230022C3F81421C3F8B2
:1049A000182107F005FD60B14FF05023D3F8003413
:1049B00013F0010F05D04FF050236FF00102C3F840
:1049C000002407F015FD18B1294B6522C3F80C2708
:1049D00007F036FD20B1294BD3F82034002B30DB13
:1049E00007F03AFDE8B1224B7E22C3F80C27C3F84A
:1049F0003C29234A7F23C2F818311E490023C1F8FD
:104A0000043EC1F8083E01F54821C1F81031C2F852
:104A10002431C2F82C3102F5FF1202F58052C2F89F
:104A2000A032184AD2F88C3043F44063C2F88C307C
:104A3000154A1168154BC3F84415D269C3F84C25C3
:104A400008BD4FF050230322C3F8182501229A60B5
:104A50004FF05023D3F80431002BF9D04FF05023FE
:104A60000022C3F804210122DA60C3F81825B7E751
:104A700000400050009003504400EFBE002003505F
:104A80000020005000ED00E00080FF0000600050BA
:104A900010B50468ACB1B4FA84F3C3F11F03DBB200
:104AA00001229A4024EA0202D0E8EFCFA44504D1C3
:104AB000C0E8EE2FBEF1000FF6D1EAD10B7002482C
:104AC00010BD0248FCE700BF0000AD0B0200AD0BBB
:104AD0000368CB4013F0010F11D100B50268012328
:104AE0008B401343D0E8EFCF944504D1C0E8EE3FAC
:104AF000BEF1000FF6D1F1D102485DF804FB024887
:104B0000704700BF0000AD0B0400AD0B014BC3F8B4
:104B1000040570470070015008B50146014807F0D0
:104B200066FD08BD58000020054B1B792BB9044BCE
:104B3000186001221A71034870470348704700BF8C
:104B40001C1200200000AD0B0C00AD0B08B5084B8B
:104B50001B680BB107F0E0FC07F0DCFC4FF05023C2
:104B6000C3F818050122C3F81425C3F8802508BD31
:104B70001C12002000B583B0032818D8DFE800F02D
:104B80001A026D6700224FF48073012003F1502355
:104B900000211960196802F1502201211160354A83
:104BA0001268002A5FD04FF05023C3F8040303B00B
:104BB0005DF804FB4FF05023D3F81824D3F81834D1
:104BC00003F003038DF8073012F4803F15D14FF046
:104BD0005023D3F8143413F0010F13D107F09AFCCB
:104BE0008DF807009DF807204FF05023C3F81825D3
:104BF00008224FF482730220C8E70DF1070007F086
:104C0000DDFCEFE74FF05023D3F81C3403F003032F
:104C10008DF807300DF1070007F0D0FC0028E1D037
:104C2000144B1B682BB14FF050230222C3F804230E
:104C3000BDE74FF05023D3F80431002BF9D04FF0EB
:104C400050230022C3F80421D3F80431AFE718221F
:104C50004FF490734FF4807098E720224FF49273D2
:104C60004FF4007092E71A68002AFCD000221A6004
:104C70001B689CE71C12002010B54FF05023D3F89E
:104C8000044302E0194B1B68984774B3B4FA84F0EC
:104C9000C0F11F000122824083009BB203F58073A4
:104CA0009BB2C0B292B224EA020403F15023196805
:104CB0000029EAD0002119601B684FF05023C3F887
:104CC0000823022ADED1D3F81814D3F8183403F0DD
:104CD0000303012BD6D14FF050230221C3F818153E
:104CE000C3F8042301229A60CFE710BD1C120020F4
:104CF00008B50079024B03EB0010FFF7C9FE08BDB1
:104D00006000002070B400F01F0C400919D0012889
:104D100019D10E4D0CF1800055F820600C4C344038
:104D200041EA420141EA83039DF80C2043EA022351
:104D30009DF8102043EA0243234345F8203070BC1D
:104D40007047044DE6E70025E4E700BF00288450E3
:104D5000F0F0FCFF00258450F0B51C46059F069E30
:104D600000F01F0C400936D0012836D1284D0CF137
:104D7000800355F8233091B3012092B34FF0020E17
:104D800040EA0E0084B34FF00C0E40EA0E0077B3F9
:104D90004FF4706E40EA0E0066B34FF4403E40EAB6
:104DA0000E0023EA000041B30B7842B312785200A0
:104DB000134334B322789200134327B33A78120294
:104DC000134316B332781204134303430CF1800CDF
:104DD00045F82C30F0BD0F4DC9E70025C7E700208E
:104DE000CBE74FF0000ECBE74FF0000ECDE74FF0D2
:104DF000000ECFE74FF0000ED1E70023D5E70022E9
:104E0000D6E70022D8E70022DAE70022DCE700BF7D
:104E1000002884500025845000F01F02400907D06C
:104E2000012807D1044B1869D04000F001007047F9
:104E3000024BF8E70023F6E7002884500025845051
:104E400000F01F03400908D0012808D1054A80332B
:104E500052F82300C0F301407047034AF7E70022ED
:104E6000F5E700BF002884500025845000B583B0CA
:104E700084468E460C4B93E8030002AB03E9030023
:104E8000634609E002A901EB830151F8081C086A96
:104E900042F8040B086201330CEB0E009842F1D883
:104EA00003B05DF804FB00BF60DA000000F01F01F2
:104EB000400906D0012806D1044A01238B40136221
:104EC0007047034AF9E70022F7E700BF0028845043
:104ED000002584504309034AD35C00F01F001844A6
:104EE000C0B2704734E6000000487047241200202A
:104EF000004870474CE600002DE9F04184B00546BB
:104F00000C4616461F460846FFF7E4FF804656B398
:104F10002146284607F050FC28B12146284607F0D4
:104F20000BFC002843D12146284607F014FC10B1A1
:104F30007378012B3BD001238DF80F3000230193B0
:104F40000096B31C721C0DF10F012046FFF704FF01
:104F50002879FFF7C9FF08F1080230F8123043F052
:104F6000030320F81230002F3BD02146284607F0DB
:104F700023FC002837D13E782B6806F5A272002169
:104F800043F8221043F822102879FFF7ADFF08F10B
:104F9000080230F8123023F02003DB04DB0C20F889
:104FA00012307B782BB9114804B0BDE8F08110486D
:104FB000FAE7BA78009222463146286807F034FBB7
:104FC0002879FFF791FF024608F1080032F8103007
:104FD0007603B6B2334343F0200322F8103003487F
:104FE000E2E70248E0E70248DEE700BF0000AD0B61
:104FF0000400AD0B70B506460D46144607F09CFB49
:1050000068B13079FFF770FF06462846FFF762FF68
:10501000083036F810305B0B2370024870BD024830
:10502000FCE700BF0000AD0B0400AD0B30B583B052
:1050300005460191002400E00134012C18D80E4BE4
:105040001B5D03F0070202A901EBD30313F8043C34
:10505000D34013F0010FEFD005EB8402012120466D
:10506000FFF704FF55F82430002BE5D0012000E0C5
:10507000002003B030BD00BF44E6000008B5007951
:10508000024B03EB8000FFF703FD08BD700000201A
:105090002DE9F04182B00546884616461F4607F0C6
:1050A000CBFCAEB33A463146284607F0E1FB041E7E
:1050B00020DB2879FFF718FF40F834602879FFF7E4
:1050C00013FF00EBC40047602879FFF70DFF05468A
:1050D0004046FFF7FFFE083035F81030E4B26402B6
:1050E000A4B2234343F4807325F81030094802B07A
:1050F000BDE8F0812879FFF7F7FE0DF10701783060
:10510000FFF7C6FC034B9842F1D19DF80740D0E76A
:105110000048ECE70000AD0B2DE9F04784B00646EF
:105120000C4690460846FFF7D5FE07463079FFF754
:10513000DBFE0546D8F80090B9F1000F21D02146DA
:10514000304607F028FB002843D100238DF80E30AD
:105150008DF80F30019300934B460DF10F020DF1C6
:105160000E012046FFF7F8FD07F1080235F812306E
:1051700023F002039BB225F8123043F0010325F817
:105180001230D8F80430BBB193F80090D3F804A0E3
:105190002146304607F0F0FAE8B1BAF1000F61D1CC
:1051A000083735F8173023F01C039BB225F8173069
:1051B00043EA890325F81730D8F80820002A55D08B
:1051C0005368126821463046FFF762FF04B0BDE81D
:1051D000F0872748FAE707F1080235F8123023F084
:1051E0002003DB04DB0C25F81230BAF1000FD7D016
:1051F000B9F1030F38D8D8F804305B6893F800A0F1
:10520000B9F1000F08D133680AF5A27A002243F8F9
:105210002A2043F82A20C3E7484607F0D5FA034678
:1052200031680AF5A27C51F82C2022F0030241F8E3
:105230002C2022465146306807F0DDF90AF13C0384
:1052400005EB43039C8007F1080235F812304FEA62
:105250004A3A1FFA8AFA43EA0A0343F0200325F880
:1052600012309DE70248B1E70148AFE70148ADE7DA
:105270000400AD0B0000AD0B38B505460C4607F039
:105280004CFA08B9074838BD2146284607F0CDFA40
:105290002146284607F0FBFB204607F022FA024889
:1052A000F1E700BF0400AD0B0000AD0B08B50079BD
:1052B000024B03EB8000FFF70BFC08BD70000020E1
:1052C000F0B583B005460E460079FFF70DFE90F865
:1052D0008C3013B10D4803B0F0BD044660220021AC
:1052E000103008F0DCF82F682879FFF701FE03681A
:1052F0000093002332464FF00041384607F0E9FBA7
:10530000012384F88C30A3670148E4E70C00AD0B5F
:105310000000AD0B2DE9F04782B081460F46904664
:1053200000230093019351686846FFF77FFE4CE02D
:1053300094FAA4F4B4FA84F404F01F05254B9B5DA1
:1053400045EA43152846FFF7C5FD083037F810A099
:10535000CAF3820A0DEB8603E00804F007041A5C26
:105360000121A14022EA01021A542846FFF768FDF4
:10537000034652462946384607F028FB2846FFF7E1
:1053800095FD02AB03EB860353F8084C002CCFD1FC
:105390000136012E0DD8104B9B5D08F10402D9088F
:1053A00003F00703525C22FA03F313F0010FEFD06E
:1053B000E7E700224FF00041484607F071F9D8F8BE
:1053C00004106846FFF732FE08B10026E1E702B09C
:1053D000BDE8F08748E6000044E60000F8B5044662
:1053E0000E461148081A114BA3FB00304009FFF785
:1053F0007FFD0746D4F80413C9B2026841F00041AA
:10540000204607F04DF9051E05DB2A4631462046A9
:1054100007F089FBF8BD3A4631462046FFF77AFF90
:1054200025F00045F1E700BF24120020398EE33853
:1054300008B502490248FFF7D1FF08BD2412002039
:1054400000D00050034B00E02033034A9342FBD3CB
:10545000704700BF20D60000C0D6000004280CD83A
:10546000DFE800F0030D050709000648704706480D
:105470007047064870470648704706487047064818
:10548000704700BF54E6000078E6000088E60000A0
:1054900094E60000A4E6000064E6000030B108B520
:1054A00007F060FD20B1037823B108BD02487047C2
:1054B0000148FAE70048F8E7B4E6000010B50446F2
:1054C000FCF7E4F9034A0121034805F05DFC20469E
:1054D00007F08DFBBCE60000F4D900002DE9F04791
:1054E00082B000AF05460C46EFF31188202383F30A
:1054F0001288BFF36F8FDFF8C491D9F80860FFF707
:10550000ADFF99F81010E94601233B7103237B712D
:105510008AB0EC461CF1100221D04FF0160E5AB1A1
:105520007346BEF1040F03DDDFF894A1CCF814A09C
:10553000082B01DDCCF8185001233B7003237B704E
:10554000D2B17346BEF10C0F01DDCCF81C00102B5C
:1055500001DDCCF820100CF1240300210AE06FF0EB
:10556000004EDCE701F10800384410F8080C03F89D
:10557000010B01310129F5D9BEF1150F50DD1623BC
:105580004AB10521397100217971B9710121F9718F
:105590007868CCF8100000216FF300016FF341012F
:1055A0006FF382016FF3C501012060F38811C3F32B
:1055B0000A0363F353216FF31F5100234148FCF7A3
:1055C00045FACD461CB1E369C3F308035BBB304623
:1055D000FFF764FFE94601233B7103237B718AB027
:1055E000EC461CF1100224D04FF0120E52B173465B
:1055F000BEF1040F02DD3449CCF81410082B01DD94
:10560000CCF8186001233B7003237B70F2B1BEF12C
:105610000C0F01DDCCF81C000CF12003002113E07D
:105620006FF01B03ACE7294A0121264805F0ACFBCB
:10563000CDE76FF0004ED9E701F10800384410F8CB
:10564000080C03F8010B01310129F5D9BEF1110F46
:1056500031DD12234AB10421397100217971B97108
:105660000121F9717868CCF8100000216FF3000176
:105670006FF341016FF382016FF3C501012060F305
:105680008811C3F30A0363F353216FF31F510023FF
:105690000C48FCF7DBF9CD4621462846FFF70EFF04
:1056A00088F31188BFF36F8F3046FDF7ADFA0837E6
:1056B000BD46BDE8F0876FF01B03CBE7B4120020B6
:1056C000CCE60000F4D9000018E70000F4E6000082
:1056D00038B505460B4B53F8204002E02368984745
:1056E00008346B1C074A52F82330A34209D960687A
:1056F0000028F3D0037F13F0010FF1D107F07FFAF8
:10570000EEE738BD40E7000010B5054C01E09847D2
:105710000434044B9C4202D02368002BF7D110BD07
:10572000ACD90000ACD9000010B586B0B023104C45
:1057300003FB004400EB800C0E4B03EB8C030E4A82
:105740000592012204920F220392002202920192FA
:1057500000930A4B4FF4A072094901EB8C112046CB
:1057600000F0FCFA637B23F00403637306B010BD02
:1057700040090020B412002030E7000051CD0000A5
:10578000C030002008B553EA020102D100F038FE13
:1057900008BD0249183000F065FFF9E763D1000049
:1057A00010B586B0184C14E0636A0593236A04931D
:1057B000E3690393A36902936369019323690093E7
:1057C000E368A2686168206800F0C8FA23685C6535
:1057D00030340E4B9C42E7D300F03EFD0A4C00E013
:1057E00030340A4B9C420BD2A26AE36AB3F1FF3F0A
:1057F00008BFB2F1FF3FF3D02068FFF7C3FFEFE728
:1058000000F042FD06B010BDE8D8000048D9000005
:1058100008B50C4B01221A700320FFF759FF05F061
:105820004EFDFCF735FCFFF76FFF0420FFF750FF3C
:10583000FFF7B6FFFBF706F8034A137B23F00103DB
:10584000137308BDB91D0020F009002008B50146FA
:10585000014A0248FDF7ACFA11580000F009002097
:1058600008B50348034A121A002107F0DFF908BD02
:1058700010020020BC1D002010B50446FFF754FFA5
:10588000B0230A4903FB0411094A04EB840302EB29
:105890008303D9601C74074B03EBC42303F5006337
:1058A00004EB840402EB8402536010BD4009002025
:1058B000B4120020C028002070B586B000F016FD9C
:1058C000104D114B5D61114B05930123049300248E
:1058D00003940294019400940D4B4FF400620D491F
:1058E000284600F03BFA06466B7B23F004036B73FB
:1058F000284607F0CEFB2046FFF7BEFF304606B035
:1059000070BD00BFF0090020B412002038E700008D
:10591000115800000032002008B50020FFF7D8FE23
:105920001B4B03F5006282F3088883F30A88194C45
:10593000E02384F822300023E37723766376A3768E
:1059400084F82030626A42F4E022626284F82330F4
:10595000FDF7CEF8FDF74EFA4FF0FF33A362E36296
:10596000FDF748FCFDF7AEFAFBF7ECFE0A4800F045
:1059700057FAFFF767FDFDF743FD0120FFF7A8FE8B
:105980000220FFF7A5FEFFF797FFFFF75FFF00BFBD
:10599000C028002000ED00E0A00A002010B5064C51
:1059A000002000E02034054B9C4204D2204607F042
:1059B00045F90028F6DA10BD7001002070010020C2
:1059C00030B583B00D46EFF31181202484F31288A3
:1059D000BFF36F8F046964B12C6023680361C369EE
:1059E0000133C361002081F31188BFF36F8F03B0CF
:1059F00030BD00F1080C53EA020404D100232B60EF
:105A00006FF00B00EFE7009201930246604600F052
:105A100045FB0028EBD1024B9B681B692B60E6E736
:105A2000B41200202DE9F04182B00446EFF3118753
:105A3000202181F31288BFF36F8FC16899B90029C3
:105A400050D1364B9B6893F90E3023610131E160F0
:105A5000324B9B68A36087F31188BFF36F8F0020E0
:105A600002B0BDE8F08116461D4682682B4B9B684C
:105A70009A42E4D055EA060136D092F90E804146AA
:105A800093F90E0007F071F9804534DC4FF00008FF
:105A90000096019522463946214800F0FFFA002879
:105AA000DED0EFF31185202383F31288BFF36F8FCD
:105AB000A36843B323689C4223D013B3216993F9AD
:105AC0000E0007F052F90146204607F059F9E8B9EF
:105AD000B8F1000F1AD185F31188BFF36F8F6FF003
:105AE0000A00BDE72369B0E787F31188BFF36F8F22
:105AF0006FF00F00B4E70146204607F041F98046F9
:105B0000C6E72169E0E7B8F1000FE4D02946044870
:105B100000F076FB6FF00A00A2E700BFB41200208D
:105B2000D8120020F8B58368002B47D00446264AD7
:105B30009268934245D1C368012B04D9013BC360ED
:105B400000252846F8BDEFF31186202383F3128841
:105B5000BFF36F8F016907F013F92768A7420CD0D4
:105B60003D1E18BF012557B9A760CDB90023E360DA
:105B700086F31188BFF36F8FE3E70027F0E77A68B9
:105B80003B6813605A6000233B607B607A7B22F0A5
:105B900002027A73BB6007F1180007F0ACFBE3E781
:105BA00097F90E3023610025C7F8AC50384607F04E
:105BB00070FA3146054800F023FBC2E76FF0150587
:105BC000BFE74FF0FF35BCE7B4120020D812002029
:105BD00010B582B001468446EFF31184202080F393
:105BE0001288BFF36F8F5CF8080B88B1036823F04D
:105BF00003030B604A68904208D0012107F06DF959
:105C000084F31188BFF36F8F02B010BD4B60F4E7CF
:105C100053EA02000CD00092019301F10C022146DC
:105C2000604600F03BFA48B9054B9B681869EBE702
:105C300084F31188BFF36F8F0020E5E70020E3E7CE
:105C4000B4120020F8B50446EFF31187202383F344
:105C50001288BFF36F8F0568A84212D02E1E18BF9E
:105C6000012685B906BBA368E268934224D00122CD
:105C70001344A36000230BBB87F31188BFF36F8F1E
:105C8000F8BD0025EAE76A682B6813605A600023B4
:105C90002B606B606A7B22F002026A73AB6005F1D5
:105CA000180007F028FBDDE70023C5F8AC302846D4
:105CB00007F0EFF90123DEE70022D9E73946024871
:105CC00000F09EFADCE700BFDC12002010B582B0C5
:105CD000EFF31181202484F31288BFF36F8F84685F
:105CE00044B1013C846081F31188BFF36F8F0020C1
:105CF00002B010BD53EA020406D00092019302469E
:105D0000054800F0CBF9F3E781F31188BFF36F8FFB
:105D10006FF00F00ECE700BFDC12002008B553EA7B
:105D2000020102D100F06CFB08BD0249183000F0FE
:105D300099FCF9E763D1000010B5044640B11F2279
:105D400004F1740007F0B3FB002084F8930010BD49
:105D5000014B9C68F3E700BFB41200202DE9F04F1F
:105D600085B004460F4615461E46DDF838A0DDF81E
:105D70003C90DDF84080DDF84CB000F158038365BD
:105D8000C365129B0422119907F0EEF82A463946A2
:105D9000204607F0CCF80546CDF80880CDF80490F1
:105DA000CDF800A03346024639462046FCF7DEFF18
:105DB000002363652666C4F864A0C4F86890C4F83C
:105DC0006C80EFF31182202383F31288BFF36F8F6F
:105DD000124B196A21671C6282F31188BFF36F8F1F
:105DE000BBF1000F13D01F22594604F1740007F0D5
:105DF0005EFB002384F89330084B9B685BB1D3F8BB
:105E0000A030C4F8A030284605B0BDE8F08F0023CC
:105E100084F87430F0E7C4F8A030F4E7B41200203E
:105E200010B504460123437303730023C0F8943074
:105E3000C0F8983000F018FE014B9C6010BD00BF08
:105E4000B41200200A4A9368C3F8A8006FF00A0150
:105E5000C3F8AC1007494B6843F080534B600023F4
:105E600083F31188BFF36F8F9368D3F8AC0070474A
:105E7000B412002000ED00E0437B90F90D20002AD1
:105E80004ADB13F01F0F47D163F07F034373234AAC
:105E900052F8183F93420ED100230CE05A6842603A
:105EA0000360106058601EE01A461C49C9698A42A6
:105EB0000FD01B687BB173B190F90E1093F90E20CF
:105EC0009142F1D0521A002AE8DC1A46002BECD19C
:105ED000F0E70023EEE7114BDA6903F118010160E6
:105EE00042601060D8610D4A52F8183F93420ED0BC
:105EF0006BB10A4A9268517B11F01F0F0AD1D18908
:105F00007F2907D9996929B9044B5A617047034B16
:105F1000DB68EEE7014A5361704700BFB41200200E
:105F2000437B90F90D20002A14DB134B996853F83A
:105F3000182F9A4219D0C2B1814219D04B7B13F06D
:105F40001F0F15D1CB897F2B12D9936983B90A4BC7
:105F50005961704703F07F0343734268036813601D
:105F60005A60002303604360DFE7034BDA68E3E72E
:105F7000014B5A61704700BFB41200202DE9F04177
:105F800005460C463B4B9E68737B13F0600F1FD099
:105F900013F0200F21D008271F4219D13B43737300
:105FA00013F0800F1BD1082F24D04FF00008314A86
:105FB00052F8183F934242D0002B40D02D4A5361F3
:105FC000102F05D0304600F0F3FAB8F1000F39D1A8
:105FD00084F31188BFF36F8F45E01027DCE703F0EF
:105FE0007F0373737268336813605A6000233360F1
:105FF0007360D8E7B3685BB17268336813605A6046
:10600000002333607360727B22F002027273B3600C
:10601000304607F00AF806F1580007F00BF8154B68
:106020009B689E4202D04FF00008C0E7EFF3058363
:1060300013B94FF00008BAE74FF00108B7E70D4B6E
:10604000DB68BBE70C48FFF7EBFEC1E7EFF3118419
:10605000202383F31288BFF36F8F06F084FE84F34E
:106060001188BFF36F8F6B7B13F0600FEED1BDE82B
:10607000F08100BFB4120020A00A0020B3F1FF3F5E
:1060800008BFB2F1FF3F00D1704708B50249183090
:1060900000F0E8FA08BD00BF63D1000010B50C465F
:1060A0001146EFF31183202383F31288BFF36F8F20
:1060B000DDE902230348806806F0DFFF2046FFF792
:1060C000C1FE10BDB412002070B503460022EFF3EC
:1060D000118E202080F31288BFF36F8F104648E0A6
:1060E00002F07F025A735C681A68226054600022D2
:1060F0001A605A604CB29C735A7B62F07F025A73EA
:106100003E4D55F8182FAA420ED100220CE05468DB
:106110005C601A60236053601EE09446374DED6961
:10612000AC450FD012687AB172B192F90EC06445D5
:10613000F3D0ACEB040CBCF1000FE8DC9446002A71
:10614000ECD1F0E70022EEE72C4AD46902F1180501
:106150001D605C602360D361284C54F8182FA24264
:1061600016D0AAB1254C62618EF31188BFF36F8FF0
:106170000122002A40D15A7B02F01F0000280CBFE8
:1061800001200020ACD012F0020F04D19973EBE78C
:106190001A4AD268E6E79C685D681A682A6055600A
:1061A00000221A605A604DB29D73226894420DD14C
:1061B00000220BE054685C601A6023605360D3E7F0
:1061C00094466668B4450FD012687AB172B192F9FC
:1061D0000EC06545F4D0ACEB050CBCF1000FE9DC5A
:1061E0009446002AEDD1F0E70022EEE762681C60D9
:1061F0005A6013606360B7E770BD00BFB41200203F
:1062000008B50B4659B9EFF3058242B9064A506901
:106210009268904203D00846FFF714FE03E083F330
:106220001188BFF36F8F08BDB412002008B5034674
:1062300050B9EFF305823AB9064A51699268914222
:1062400002D0FFF7FFFD03E083F31188BFF36F8FE8
:1062500008BD00BFB41200200023EFF311812022FB
:1062600082F31288BFF36F8F09E0064B9A68D37BE5
:10627000013BD37381F31188BFF36F8F0123002B90
:10628000F3D07047B412002008B50023EFF311805B
:10629000202282F31288BFF36F8F09E0124BD96876
:1062A00012E0114B596180F31188BFF36F8F012306
:1062B000BBB90D4B9A68D17B0131D17353F8181FCC
:1062C0009942EBD00029E9D0537B13F01F0FE8D19E
:1062D000D3897F2BE5D98B69002BE2D1024B5A6120
:1062E000E1E706F072FF08BDB412002008B50248CD
:1062F00006F08DFF08BD00BFC812002010B5EFF3F7
:106300001180202383F31288BFF36F8F1E4B9A688E
:10631000DB699A4205D01368516812680A605160BF
:1063200006E00023F8E7184AD269934212D01B68AE
:1063300093B1154A946894F90E1093F90E20914286
:10634000F1D0521A002AEEDD5A68626023601460B0
:106350005C600AE00023EBE70B4B9A68D96903F114
:106360001804146051600A60DA61074A52F8183F55
:10637000934205D023B1044A5361FFF763FD10BD7A
:10638000014BDB68F7E700BFB4120020F8B551EA13
:10639000000326D005460C46EFF31187202383F334
:1063A0001288BFF36F8F144EB068FFF7B9FDB06865
:1063B0002A4623461149183000F054F90446B268C1
:1063C000537B43F0040353733846FFF73BFDB36838
:1063D0009A6ADB6AB3F1004F08BF002A05D000209B
:1063E000F8BDFFF78BFF0020FAE706F0B3FF201A95
:1063F0000028F5DC0020F3E7B412002063D1000090
:1064000038B5EFF31185202383F31288BFF36F8F24
:10641000437B13F0040F04D185F31188BFF36F8F12
:1064200038BD0446183006F066FF637B23F0040392
:1064300063732046FFF720FD29460248FFF7E0FE80
:10644000EEE700BFE0120020014B9868704700BFE4
:10645000B41200202DE9F843037B03F00107EFF3AA
:106460001186202383F31288BFF36F8F457B15F0CD
:10647000080F1AD10446B14600F1580806F0A1FDF4
:1064800010B345F020056573EFF305839BB13146EA
:106490002046FFF773FD67B1002383F31188BFF334
:1064A0006F8F0423184602DF03E086F31188BFF3E1
:1064B0006F8FBDE8F88341463B4B986806F083FD3B
:1064C0003046FFF7BFFCE6E745F00803637313F0BF
:1064D000800F2ED1A3685BB16268236813605A6095
:1064E000002323606360627B22F002026273A36078
:1064F00004F1180006F0FFFE404606F09BFD2A4B13
:106500009B689C4222D00025274A52F8183F9342AC
:1065100023D013B3244A5361204600F049F8FDB953
:10652000214B9B689C421FD089F31188BFF36F8F6A
:10653000B1E705F07F0545F00805657362682368DB
:1065400013605A60002323606360C3E7EFF30583A1
:106550000BB90025D8E70125D6E7134BDB68D9E74F
:106560001248FFF75DFCDBE7EFF30583002BDBD17F
:10657000237B13F0010F12D089F31188BFF36F8FC3
:10658000002383F31188BFF36F8F0423184602DFC3
:10659000EFF31189202383F31288BFF36F8F4846EE
:1065A000FFF750FC77E700BFB4120020A00A0020DC
:1065B000EFF31181202383F31288BFF36F8F0A4B0F
:1065C0001B6A834204D11A6F074B1A6207E0134615
:1065D00013B11A6F8242FAD10BB1026F1A6781F3BD
:1065E0001188BFF36F8F7047B412002008B50648BA
:1065F000064A121A064906F01DFB0648064A121AF8
:10660000064906F017FB08BD000000200C02002020
:10661000F8E900000000002000000020F8E9000078
:10662000034B1868984200D070470020FCE700BF79
:106630007400002030B1044A5268904201D00068D2
:1066400070470020704700BF7400002008B5044B5D
:106650001B680BB1002008BDFEF730F9FBE700BF57
:10666000E41200202DE9F04F83B00193B3F1FF3F16
:1066700008BFB2F1FF3F0DD0044691468160002370
:10668000EFF3118A202282F31288BFF36F8F1D4629
:106690001E4635E000252E462846314603B0BDE8AB
:1066A000F08FFFF7D3FF80460135019B43F10006D1
:1066B000451946EBE07625616661384A13685268F1
:1066C000ED1846EB02064FF0010B41E0C91A67EBEB
:1066D0000202016142614368636020601C604460A3
:1066E00005E02F4B5A682360626014605C60FFF71E
:1066F00097FF844240D08AF31188BFF36F8F012344
:10670000002BC9D14D46019E6FF00103B3EB090385
:106710004FF0FF3363EB0603002BC2DB1F4B1968FE
:106720005B686918019A43EB02036FF00102521A89
:106730004FF0FF3161EB030310461946012A73F154
:10674000000301DA01200021206161614FF0000B9C
:10675000FFF766FF0028C4D00169476923696269B1
:106760008B4272EB070EB1DB5B1A62EB070223610F
:106770006261FFF75FFFEDE70A4B1B68002BBAD1A0
:10678000BBF1000F06D0404606F09AFD0021FEF74F
:106790005BF8B0E7FFF75AFF8046F4E7500B0020A4
:1067A00074000020E412002070B5EFF3118620235E
:1067B00083F31288BFF36F8F294B1860FFF730FF08
:1067C000044623E0274A136851685B1941EBE571E1
:1067D0001360516000220023C4E90423204606F020
:1067E00058FD86F31188BFF36F8FA3682046984742
:1067F000EFF31186202383F31288BFF36F8F184ABB
:1068000013685B1B1360FFF70BFF04463CB125695F
:106810006169134B1A68D317AA428B41D2DA44B18B
:10682000236962690E4909685B1A62EBE1722361B0
:1068300062610C4A0A4D2868136851681B1841EBC5
:10684000E0711360516000242C60204606F038FD92
:106850002146FDF7F9FF86F31188BFF36F8F70BDF6
:10686000E4120020500B002010B50022EFF3118439
:10687000202383F31288BFF36F8F134611460CE079
:10688000FFF7E4FE074A13685168C31841EBE07153
:1068900084F31188BFF36F8F0122002AF0D01846CD
:1068A00010BD00BF500B0020F8B5EFF3118320227C
:1068B00082F31288BFF36F8F026822B183F31188CD
:1068C000BFF36F8FF8BD04461D46826AC36A52EA61
:1068D000030105D0B3F1FF3F08BFB2F1FF3F27D15D
:1068E000236B01332363236A6BB185F31188BFF3F4
:1068F0006F8F236A20469847EFF31185202383F397
:106900001288BFF36F8F04F11803A469A3423FD02C
:10691000002C3DD0204606F0D7FB0023C4F8AC3055
:1069200085F31188BFF36F8F204606F0B2FBC9E7ED
:1069300016461F46012A73F1000301DA01260027DB
:10694000013E47F1FF3706F009FD013041F100013A
:10695000801947EB0101012871F1000108DA6FF09D
:1069600001024FF0FF330D492046FFF77BFEB7E7EA
:1069700006F0F4FC013041F10001801947EB0103FE
:106980006FF00102121A4FF0FF3161EB0303EAE7E7
:1069900085F31188BFF36F8F94E700BFA9680000EB
:1069A000F8B51D46EFF31187202383F31288BFF358
:1069B0006F8FB5F1FF3F08BFB2F1FF3F1FD0064612
:1069C000144629466FF00102121B4FF0FF3262EBB2
:1069D0000502002A18DB304606F08DFCDDE90623AF
:1069E000C6E90A230023336322462B460B4930466F
:1069F000FFF738FE87F31188BFF36F8FF8BD87F379
:106A00001188BFF36F8FF9E7012C71F1000101DAF2
:106A100001240025013C45F1FF35DCE7A9680000B1
:106A200070B506460C46154606F096FA50B9064B68
:106A30009B68D3F8A00020B12B462246314606F0D1
:106A4000BBFC70BD0148F7E7B412002070010020C4
:106A500008B50246024B0021024806F0ADFC08BD15
:106A60009FA0000070010020014BC0F8A0307047CB
:106A70007001002008B50146024A0020FFF7D0FF50
:106A800008BD00BF9FA0000010B5064C05E0A2683D
:106A90006168204606F0B6FC1834034B9C42F6D3DE
:106AA000002010BD700100208801002010B50C4CA2
:106AB000236813B10B4B1B682BB900F05FFE30B994
:106AC0000122084B1A6001232360002010BD013809
:106AD000072801D9044810BD044B53F8200010BD0D
:106AE000EC120020E8120020FE8FFFFF5CE70000A0
:106AF000BFF34F8F0549064BCA6802F4E0621343A7
:106B0000CB60BFF34F8F00BFFDE700BF00ED00E09B
:106B10000400FA0530B44FF0FE3200250B4B0C4C4C
:106B20000C494968C3F80024C3F80424C3F80824B6
:106B3000C3F80C24C3F81024C3F81424C3F8182491
:106B4000C3F81C24C4F8005530BC084700508450DA
:106B5000004084507C000020024BD0E90012C3E9C1
:106B6000001270477C000020144B2DE9F0430028F0
:106B700014BF04461C46124F236883B0BB4219D091
:106B800016460D4620464FF4E07104F1040900F06A
:106B9000EDF804F58E78484600F0D0FC404600F051
:106BA000F3FA2B464A4640460649009600F002FB9F
:106BB00008B92760002003B0BDE8F083F012002080
:106BC000A5BCC95AC175000070B50D4C1D46002802
:106BD00014BF064626460B4B306882B098420DD152
:106BE00006F58E70002633460096144600F032FB00
:106BF000002818BF34462C6002B070BD0248FBE785
:106C0000F0120020A5BCC95AE88FFFFF10B504465A
:106C100050B1636813F0685F05D0064A934202D012
:106C200000236260236010BD034B04485B689847F3
:106C3000EFE700BF2C5F5CA97C0000207CE7000030
:106C4000C8B143680D4A934213D013F0685F0ED069
:106C5000012350E8002F194640E8001C9CF0000F6B
:106C6000F7D1012AF5D0BFF35F8F002070470448A9
:106C70007047044870476FF4E04070472C5F5CA990
:106C8000E98FFFFFEA8FFFFF034680B142680949A1
:106C90008A420AD012F0685F05D0BFF35F8F0022EE
:106CA00010461A60704704487047044870476FF4F4
:106CB000E04070472C5F5CA9E98FFFFFEA8FFFFF80
:106CC00010B5044620B10023034A2360626010BD62
:106CD0000248FFF71FFFF6E73A00003AA4E700007A
:106CE00070B5194CD0F804C00668C4F804C0D0F8D8
:106CF00008C0C068C4F808C0E06026600868134B8C
:106D0000134D18604868D5F818215860886812F04B
:106D1000685F9860C8680969D860196112D000235B
:106D20000C4A05F58A70C5F81431C5F8B831C5F8B4
:106D30001821C5F8BC21B047236805F5DC70BDE813
:106D40007040184770BD00BF9800002084000020EC
:106D5000F01200202C5F5CA938B131B1002201444F
:106D60000346013081421A70FAD1704738B131B10F
:106D7000002201440346013088421A70FAD170475C
:106D80002DE9F04FB2F5C07FBDB000F2DA800C46BD
:106D9000DFF8B491154600214FF4D07282460DF110
:106DA0007C08484606F07BFB404601F059F9302349
:106DB0002146002409F118062A4689F81730304682
:106DC0006BBAA9F81230A9F8104006F041FB8022F6
:106DD000234672550DF12B0101F8013F0133202BA1
:106DE000FAD14FF4807240460BA901F04FF9834667
:106DF000002840F0A38005F1190313AD2F4607AE1C
:106E00000293CDF80CA00196049510220021019860
:106E100006F045FBDFF834A1DDF808B005970A9BC2
:106E20005AF8044C089F099A07995AF8100C5AF816
:106E30000C6C5AF8085C5C40019B7E40554081EA2E
:106E400000071A4601214046CDE90776CDE90954ED
:106E500001F03EF9BBF1100F94BFABEB0B0BABF1A4
:106E6000100B0AF1100A002847D1BBF1000FD6D150
:106E7000059F10223846019906F0EAFA99F8033086
:106E800010370133474589F80330BED1049D4FF4D4
:106E9000807229464046DDF80CA0019E01F0F6F80C
:106EA000834678BB54460AF130071BAB1A460121D2
:106EB000404601F00DF9834620BB102220461BA955
:106EC000144406F0C5FAA742EFD1404601F0D8F8C5
:106ED0004FF4D0711C48FFF749FF28463021FFF7D7
:106EE00045FF0BA82021FFF741FF30461021FFF797
:106EF0003DFF58463DB0BDE8F08F8346DDF80CA05D
:106F0000019E049D404601F0BBF84FF4D0710E483D
:106F1000FFF72CFF28463021FFF728FF20210BA880
:106F2000FFF724FF10213046FFF720FF30215046A5
:106F3000FFF71CFF58463DB0BDE8F08F13AD07AE1C
:106F4000E0E76FF0370BF5E7C0140020D014002005
:106F50002DE9F0418CB004460D46302200216846F0
:106F60006F4606F09CFA04F12006E27B0132D2B2B1
:106F7000E273002A4DD1A27B0132D2B2A273002A61
:106F800047D1637B0133DBB26373002B41D1237B99
:106F90000133DBB22373002B3BD1E37A0133DBB245
:106FA000E372002B35D1A37A0133DBB2A372002B3D
:106FB0002FD1637A0133DBB2637253BB237A01337F
:106FC000DBB223722BBBE3790133DBB2E37103BB8A
:106FD000A3790133DBB2A371DBB963790133DBB28F
:106FE0006371B3B923790133DBB223718BB9E378D1
:106FF0000133DBB2E37063B9A3780133DBB2A37072
:107000003BB963780133DBB2637013B92378013382
:1070100023703B4622460121304601F059F8804654
:10702000002841D110370CAB9F429ED1029AAB6829
:107030000399534002933046EE68D5F820804E40C5
:10704000039604992E69D5F828C04E4004966E69BF
:1070500005990B9F4E4005960699AE69009B4E40E0
:107060000696EE6907994FF480724E400796089E87
:10707000D5F824E088EA0608099E8EEA060E0A9EE4
:107080008CEA0601EE6A7E402F687B4000936B68B5
:10709000019D6B400193CDE9088ECDE90A16694642
:1070A00000F0F4FF804638B168463021FFF75EFEFD
:1070B00040460CB0BDE8F0811022204608A906F039
:1070C000C7F9F1E72DE9F8431D468369B3F5C07FA1
:1070D00052D81646C3F5C072AA424DD3C5F5C07248
:1070E000D31AB34248D30446DFF898904FF4C072E5
:1070F0000F464846002106F0D2F94946D4F89430AC
:10710000A269D4F898009847002838D1D4F818809C
:107110003DB1D4E925302A4609EB0801984770BBF8
:10712000A84407B1C6B9174942460846FFF728FEEA
:10713000054638B14FF4C0711248FFF717FE2846D4
:10714000BDE8F88320460F49FFF702FF05460028F7
:10715000F0D101232361EDE73946324609EB0800FF
:1071600006F076F90749B04442460846FFF708FEA4
:1071700005460028DED1E5E76FF03705DFE76FF061
:107180003305DCE76016002010B5A4220021044678
:1071900006F085F94FF0FF314FF6F072044B216194
:1071A000E26104F19C001B68BDE81040184700BF75
:1071B000E80000202DE9F047054688B00F46164646
:1071C000002120226846984606F069F91F4B05F118
:1071D0009C0948461B689847044618B1204608B0E9
:1071E000BDE8F08705F1200A504600F039FFAA6992
:1071F000C5E92576F2B920232E69AB61002E22DB8A
:10720000694650464FF4807200F040FF044630B9A2
:10721000334641462846109AFFF754FF04460C4B6C
:1072200048461B689847002818BF0446204608B007
:10723000BDE8F0872E69002EE2DA2F2A96BF0132D0
:1072400026465608DCE71026DAE700BFE4000020F7
:10725000E00000202DE9F04FB2F5806F91B01A9F49
:1072600000F2E380B7F5807F00F2DC80044615462B
:107270000E463022002104A8984606F010F96C4B07
:1072800004F19C0948461B6898478346002840F053
:1072900092802269E3699A4200F391806369002B2E
:1072A00040F08D80002F40F0A980DFF888A16F4664
:1072B000002D00F098806F4604F120080EE0102D9C
:1072C000AB4628BF4FF0100B304639465A4606F001
:1072D000BFF8B5EB0B055E4400F08580E37B01331E
:1072E000DBB2E373002B4DD1A37B0133DBB2A3737D
:1072F000002B47D1637B0133DBB26373002B41D199
:10730000237B0133DBB22373002B3BD1E37A0133C0
:10731000DBB2E372002B35D1A37A0133DBB2A37267
:10732000002B2FD1637A0133DBB2637253BB237A14
:107330000133DBB223722BBBE3790133DBB2E371A0
:1073400003BBA3790133DBB2A371DBB963790133EA
:10735000DBB26371B3B923790133DBB223718BB92B
:10736000E3780133DBB2E37063B9A3780133DBB2B6
:10737000A3703BB963780133DBB2637013B9237830
:10738000013323703B4622460121404600F0A0FE17
:107390008346002893D0DAF80030484698470346E1
:1073A000302104A8002B18BF9B46FFF7DFFC1021FB
:1073B0003846FFF7DBFC584611B0BDE8F08F3A467F
:1073C000414600232046FFF77DFEDFF868A0002835
:1073D0003FF46DAF4846DAF80030984783460028FE
:1073E0003FF465AFE7E7204604A9FFF7B1FD834608
:1073F0000028D0D1236901332361CCE73A464146C6
:1074000004A8FFF7BDFC834618B16F46DFF824A03F
:10741000C1E7204604A9FFF79BFD834600283FF4FF
:1074200044AFF2E76FF0370BC5E76FF0350BC2E7FB
:10743000E4000020E00000202DE9F043202B1D4651
:107440000646884691468BB026D8DBB202AF8DF84F
:107450000480B04658F8041B8DF8053021B9404629
:1074600000F078FE044640B9012302224046336012
:1074700001A900F083FE044638B138462021FFF709
:1074800075FC20460BB0BDE8F0832A4649464046CD
:1074900000F074FE0446F0E702AF194610460023E0
:1074A0003A4600F0F1FF04460028E6D12023B94611
:1074B0001D46CCE72DE9F041D0F8F830A6B0002BFE
:1074C000D8BF02AE31DD05460027D0F80C4102AE30
:1074D000A4F101089022D5F8FC403146D0F8000113
:1074E00001AB0197B8FA88F8A0474FEA581804464C
:1074F00020B9019B53B9B8F1000F16D03046902146
:10750000FFF734FC204626B0BDE8F0810146324644
:107510002846FFF791FF58B9D5F80431019A134472
:10752000C5F80431B8F1000FE8D16FF03C04E5E78D
:107530000446204626B0BDE8F08100BF70B50025A6
:107540000446142204F588762946C0F8F850FC3029
:1075500005F0A5FF08222946304605F0A0FF144B90
:1075600030461B689847204640F8045B00F0D8FD81
:10757000104B30461B689847C8B9D4F8F830AB4276
:107580000FDC03EB830204EB82022021C2F800012E
:107590000120C2E9421008490133C2F8FC10C4F8C6
:1075A000F830064B3046BDE870401B68184770BD88
:1075B000E8000020E40000205D7F0000E0000020E3
:1075C0002DE9F047202A88B07AD83F4B00F588791A
:1075D00004461B6848461746884698470546F8B94A
:1075E00040F20116D4F8F830002B65D02046FFF7A2
:1075F00061FF054638B9D4F8F830002B14DC013EA1
:10760000F2D16FF03B056E4620213046FFF7AEFB0E
:107610002E4B48461B689847002818BF6FF01D0581
:10762000284608B0BDE8F087D4E94132934203D33D
:10763000D4F80C21012A02D0013ED7D1E1E71F2B5B
:10764000FAD96E4601462022304604F1040A05F0BC
:1076500026FF3146504600F0BBFD05460028D3D139
:10766000504600F071FD504600F05AFD2946504644
:1076700000F070FD05460028C6D150462022314654
:1076800000F07CFD05460028BED10346324620218D
:10769000304600F0F9FE05460028B5D1D4F8F830A0
:1076A0003A46002BC8BF002340463146C8BFC4F845
:1076B000043105F0CDFEA7E76FF03F056E46A3E766
:1076C0006FF03B05ACE700BFE4000020E0000020C5
:1076D000002130B58DB0282202A8019105F0DFFE0F
:1076E00002A800F0F9FE044610B120460DB030BDEE
:1076F0001B4D4FF0FF31286800F034F960BB194B87
:10770000D3F8340E10F0010017D100F05BF9F8B98E
:10771000154A02A901A800F013FC0446012000F05C
:1077200051F988B9286800F025F90028DDD00F4804
:10773000FFF7F0F920460DB030BD2868052400F0B1
:1077400019F90028D1D0F2E70948FFF7E3F9E9E792
:107750000848FFF7DFF9DBE70748FFF7DBF9CEE77B
:10776000CC00002000608450E017002020E80000DA
:1077700000E80000E0E70000C8E7000030B583B093
:1077800000F036F878B900F055F890B9144BC3F80A
:107790000C0AFFF79DFF0446F8B9124D2B6863B140
:1077A000204603B030BD032400F072F8204603B039
:1077B00030BD0424204603B030BD02460146FFF729
:1077C000D3F950B96822084901ABFFF7FDF920B998
:1077D0002046064B2B6003B030BD0524E0E700BF18
:1077E00000508450001A0020041A00205AEA5A5A05
:1077F00000207047430504D54FF0FF32034BC3F818
:107800000821024BC3F8080A704700BF005084509B
:10781000014BC3F8040A70470050845008B100F0CF
:1078200071B84FF47500704708B100F04FB84FF4CD
:107830007500704710B5114800F080F800B110BD18
:107840000F4800F07BF80028F9D10E4C204600F0DC
:1078500075F80028F3D10C4B0C481C6000F06EF852
:1078600001460028EBD100F02DF8044608B120466F
:1078700010BD00F089F82046FAE700BFDC000020C8
:10788000D8000020D4000020CC000020D000002030
:1078900008B5084800F05CF8074800F059F80748B8
:1078A00000F056F8064800F053F8BDE8084000F034
:1078B0000BB800BFDC000020D8000020D40000205E
:1078C000D000002000207047704700BF10B402466F
:1078D0000B4C01E0134207D1D4F8003A13F4807046
:1078E000F8D0012042F4807229B1054BD3F804414D
:1078F0000C60C3F80841024BC3F8082A10BC70475B
:10790000005084500246084901E01A4207D1D1F8DC
:10791000003A13F48070F8D0012042F48072024BD8
:10792000C3F8082A704700BF0050845005F09DBD81
:1079300005F0B5BD0A46002105F0B1BD08B5034B01
:1079400002681B6810689847002008BD9800002056
:1079500008B5034B02685B6810689847002008BDB3
:1079600098000020024B02689B681068184700BF0F
:107970009800002008B5034B0268DB681068984740
:10798000002008BD9800002070B5094C094D206901
:10799000AB68984718B1084B08485B6898470021C6
:1079A000074AEB6811602069BDE87040184700BFC6
:1079B00084000020980000207C00002038E80000AF
:1079C0006C1A0020F8B51A4D1A4E0446B2682869A0
:1079D0009047E8B9184F3B684CB1A3B1012B19D0BF
:1079E000013B3B602869F36898470020F8BD43B924
:1079F0000121124AC2F800151149D1F81029002AB4
:107A0000FBD101333B60F368286998470020F8BD3B
:107A10000C48F8BD0A4AD2F81039002BFBD1074AAE
:107A20006FF07E40C2F80035FFF7F2FE3B68D7E703
:107A300084000020980000206C1A00200040845030
:107A400000508450E98FFFFF014B1B68184700BFAF
:107A500098000020014B9B68184700BF9800002049
:107A6000014BDB68184700BF980000202DE9F0416A
:107A7000002873D00C46002970D01D46002B6DD015
:107A800007461AB1012200232A6003602B68002BED
:107A90005FD02946204600F0D9FD804600285AD103
:107AA0002146286800F0B8FD8046002853D1286898
:107AB000082867D0042867D0A0F10200B0FA80F04F
:107AC00040090121314EC6F8C411C6F84011C6F86C
:107AD000C411636AC6F83031D6F830219342F6D12A
:107AE0000023C6F82C314FF0FF33C6F808316FF091
:107AF0001B03C6F80031C6F80C01D6F8040A40F49E
:107B00008060FFF785FE0A23C6F83831069B012BFB
:107B100029D023691E4AA2FB03231B09626A40463F
:107B200002FB03F303EB4303184ADB039B09C2F890
:107B3000D8310123C2F82C313B682A6823F07F43F7
:107B400043EA02633B602A6843EA02233B60BDE8E4
:107B5000F081DFF840804046BDE8F081DFF83880F2
:107B60004046BDE8F0814FF47F03D3F80C2C01327E
:107B700006D0D3F80C3C064AA2FB03231B09CDE731
:107B80001623CBE703209CE702209AE7005084509D
:107B9000ABAAAAAA310CF100350CF10058B34B1E68
:107BA000B3F5047F27D230B54FF0000ECD007446F8
:107BB00071464B0901F01F0C50F82330BCF11F0F28
:107BC00023FA0CF306D003F0010319B901211C4676
:107BD0008E46EEE79C4201F1010106D01C464FF0B3
:107BE000010EA942E5D1002030BD0EF1010E9645EF
:107BF000F7D1024830BD0148704700BF360CF10094
:107C0000C0B32DE9F0434C1EB4F5047F1DD2E3B19F
:107C1000DAB100252E46A8462C46CF0003F1FF39E5
:107C20004FEA541C04F01F0E50F82C10BEF11F0F29
:107C300021FA0EFC0CD00CF0010C4CB90126E046E8
:107C400034463546ECE7964216D90C48BDE8F08339
:107C5000AB420BD0C44508BF0136A945F3D001356E
:107C60000134BC42DCD10020BDE8F0830125E046B0
:107C70002E46F5E7014870471D46F1E7370CF10045
:107C80002DE9F04F8FB08246DDE919460D46002EF2
:107C90006ED1096904911C60002318990B60002AB9
:107CA00000F02881994B6A6AD3F83811D3F8303143
:107CB0009A4269D10A2967D19AF80330069304F1F0
:107CC000080305930423049A0393914B8F4CA3FB61
:107CD000023B4FEA9B0B0BEB4B0BA2EB4B0B189BA6
:107CE000049E1E60002E00F0E580002700F0BEFC20
:107CF0000797BAF1000F00F0D0804FF00109DDF8CE
:107D00001480002D00F0C980069B002B3ED0284631
:107D100006A900F09BFC00283AD07E4B984220D068
:107D2000069B082B00F0E08000225B0006932946AA
:107D300006AB50460092FFF799FE774B984200F051
:107D4000CF8070B9DAF80020130A03F47F031343DD
:107D500023F07F43CAF80030039B013B0393BED15D
:107D60000020039000F082FC03980FB0BDE8F08F74
:107D70004FF47F01D1F80C0C01300CBF4FF40471AB
:107D8000D1F80C1C049186E76448EAE76248C4E72E
:107D90002946069800F040FC0028BED1069B082B1F
:107DA00000F0A480042B00F0A380A3F10203B3FA37
:107DB00083F35B09C4F8C491C4F84091C4F8C4913A
:107DC0006A6AC4F83021D4F830118A42F6D1002210
:107DD000C4F82C214FF0FF32C4F808216FF01B02C9
:107DE000C4F80021C4F80C31D4F8040A40F48060CF
:107DF000FFF70EFD0A23C4F838312B69444AA2FB71
:107E00000313696A1B0901FB03F303EB4303DB0361
:107E10009B09C4F8D831C4F82C910698DAF80030E0
:107E200023F07F41030243EA00630B43CAF80030AA
:107E300007A800F0E1FB079B354A03F01A03034350
:107E40007FF46EAFA2FB0632D4F81431B7EB920F79
:107E50000893D4F818310993D4F81C310A93D4F854
:107E600020310B93D4F824310C93D4F828310D939E
:107E700002D1BBF1000F12D14046182208A9183ECA
:107E8000FFF754FD08F1180801379EB100F0EEFB32
:107E900000230793002D7FF437AF21483DE740468C
:107EA0005A4608A9A6EB0B06FFF740FDD844013758
:107EB000002EEBD1049F059E6A6939463046FFF7D4
:107EC0006DFEAA6940B94FF4806339463046FFF72A
:107ED00097FE00283FF444AF0023189A13601CE774
:107EE0002B6A002B3FF43DAF0E483AE7032361E7CE
:107EF00002235FE7012229465046009606ABFFF7B2
:107F0000B5FD00283FF4DBAE2BE700BF00508450E6
:107F1000ABAAAAAA020CF100310CF100300CF1005E
:107F2000350CF100320CF10010B4DDE9013401949C
:107F30000024DDF80CC0CDE902C410BCFFF7A0BEE0
:107F400030B51546012487B005AB00930022CDE97A
:107F5000015404ABFFF794FE07B030BDF0B587B015
:107F6000002967D01E46002B64D01446002A61D039
:107F7000324F0D4638684FF0FF31FFF7F3FC002811
:107F80003DD12F4BD3F8340E10F0010015D04FF037
:107F9000FF354FF408712B48FEF7DEFE04212A4816
:107FA000FEF7DAFE29482821FEF7D6FE3868FFF7EB
:107FB000E1FC40BB284607B0F0BDFFF703FD0028F9
:107FC00034D1224800F088FA70B91E4A0346029262
:107FD00005AA019204AA039000921C4902461A487D
:107FE000FFF7A2FF0346A0B14FF0FF350120FFF7D6
:107FF000E9FC0028CDD01648FEF78CFDC9E71548EE
:10800000FEF788FDBDE71448FEF784FD284607B05B
:10801000F0BD28461D46059B22469C4228BF1A46B5
:10802000049932600831FFF781FCDFE70B48FEF767
:1080300071FDC6E74FF0FF35BCE700BFCC00002064
:10804000006084509C1A0020701A0020741A0020CE
:1080500000E80000C8E7000058E80000E0E7000082
:1080600010B5044630B1002201236265A265E365C4
:10807000236610BD0148FEF74DFDF4E770E80000EF
:1080800018B174220021FFF753BC7047C8B1D9B1B1
:1080900008B50023C02A836380F83C300FD0B2F5C6
:1080A000807F04D0802A03D06FF01F0008BD022318
:1080B0000363D2081030FFF739FC002008BD01230C
:1080C000F6E76FF0210070476FF01F00704700BFA8
:1080D00070B5044686B0F8B11046EAB1E3B10129A3
:1080E0001AD8A26B16D0012A16D1102500210DEB4B
:1080F0000506019602AA61632946009500F0C8FAB8
:1081000050B92B463246204602A900F073FD18B93B
:1081100006B070BD002AE8D06FF02100F8E700BF7C
:1081200010B5044628B12046BDE81040F421FFF701
:1081300001BC0448FEF7EEFC2046BDE81040F421E7
:10814000FFF7F8BB84E8000010B1F421FEF704BE8D
:10815000704700BF08B521B1012908D06FF0360083
:1081600008BD012100F058F80028F7D108BD022110
:1081700000F052F80028F9D0F0E700BF30B505460E
:108180008818B0F5801F0B461446A1B001D8802A8C
:108190000CD9B3F5801F17D922461946284600F09E
:1081A0007DF8044684B9204621B030BD6846FFF70B
:1081B000BDFB22466946284600F070F8802104463F
:1081C0006846FFF7B7FBEDE76FF03604EBE700BF5B
:1081D00070B5E8B10E46D9B1044600F031F8054655
:1081E000B0B92368012B0BD0022B01D0284670BDFB
:1081F0001C22304604F10801FFF798FB284670BDA9
:108200002022304604F10801FFF790FB284670BD9C
:108210006FF03605EAE700BF78B138B50D46F021BA
:108220000446FFF787FB402320462560E36500F006
:1082300061FA003818BF012038BD0120704700BF27
:10824000F0B5056EA5B0044604AEE5B900230127DC
:10825000019330466760294602AA009300F018FA9D
:1082600010B1012025B0F0BD2A46204602A900F039
:1082700069FA0028F5D1204600F06CFB0028F0D107
:10828000206625B0F0BD802D2A46304628BF8022CA
:1082900004F16401FFF74AFB256ED7E7002800F0E0
:1082A000AE802DE9F04F1446A5B0002A3DD00F4610
:1082B000002949D0B2F5803F0546006E20D34FF625
:1082C000FF7805F1640AEB6D1A1AB2FBF3F103FBB8
:1082D0001122002A65D18342B9464FF6FF7672D04B
:1082E000B6FBF3FB03FB0BFBBBF1000F30D1002E01
:1082F00045D1A4F57F44FF3CB4F5803F4744E2D22A
:10830000EA6D161AB6FBF2F302FB1366A64228BF0B
:108310002646002E75D1824200F08D80B4FBF2F625
:1083200002FB06F62EB9002C79D1002025B0BDE85D
:10833000F08F002331463846CDE9003302AA00F021
:10834000A7F9002800F09580012025B0BDE8F08F46
:10835000002359464846CDE9003302AA00F098F9B7
:108360000028F1D15A46284602A900F0EBF900286E
:10837000EAD1A6EB0B06286ED944002EB9D01930ED
:108380004946324605EB8000FFF7D0FAA4F57F445A
:10839000286EFF3C3044B4F5803F4744286692D2B3
:1083A000AEE7424528BF4246164639465044FFF7DD
:1083B000BDFA286EEB6D3044834207EB0609286650
:1083C000A8EB06068CD1802B28BF802351461A4685
:1083D00004A8FFF7ABFA0023E96D02AACDE9003348
:1083E00004A800F055F90028AED12846EA6D02A98C
:1083F00000F0A8F90028A7D1EB6D286670E70120EE
:10840000704705F16403394632461844FFF78EFA87
:10841000286EEA6D3044A41B374428667BE72B6E38
:108420002246193305EB83003946FFF77FFA2B6E9E
:1084300023442B6679E7802A28BF802205F1640156
:1084400004A8FFF773FA0023E96D04A8CDE900330F
:1084500002AA00F01DF900287FF476AF2846EA6DE5
:1084600002A900F06FF900287FF46EAFEA6D28666C
:1084700054E73246284602A900F064F900287FF448
:1084800063AF3744A41B4EE7F8B51C4605461148B8
:1084900016460F46FFF744FE21460E48FFF75AFEE8
:1084A000044620B10B48FFF74FFE2046F8BD3A4680
:1084B00029460848FFF762FE04460028F2D13146FB
:1084C0000448FFF785FE04460248FFF73DFE2046BC
:1084D000F8BD00BFBC1C00201C2370B582B001A9F0
:1084E0000546019300F032F8044638B9019B1C2B75
:1084F00007D0144C1C212846FFF71CFA204602B076
:1085000070BDD5E90112131E18BF0123003918BF31
:108510000121012628689B00EA6843EA41030028FC
:1085200018BF43F00103EE612AB9C5E90834002BF6
:10853000E4D1054CDEE7204643F00803C5E90834E2
:1085400002B070BD370CF0000E0CF000034618B1FD
:1085500011B10A681C2A01D0012070474FF47F0234
:10856000D2F8101C01310CBF40F2DC51D2F8101CC3
:108570004FF47F020160D2F8141C01310CBF40F2AD
:10858000DC51D2F8141C4FF47F024160D2F8181C61
:1085900001310CBF40F63401D2F8181C4FF47F02B1
:1085A0008160D2F81C1C01310CBF40F63401D2F8B6
:1085B0001C1C4FF47F02C160D2F8001C01310CBFBB
:1085C0009021D2F8001C4FF47F020161D2F8041C04
:1085D00001310CBF5121D2F8041C4FF47F024161DC
:1085E000D2F8081C002001310CBF40F23732D2F81B
:1085F000082C9A61704700BF014608B54FF48060AF
:10860000FFF712F90022034BC3F8C821C3F82C214D
:1086100008BD00BF005084500138072805D8DFE8A6
:1086200000F0100E040A0404040607487047CB68E3
:1086300000204B6270478B6800204B6270474B688C
:10864000F6E70B68F4E700BF310CF1000B6802E0BD
:10865000082B0B6006D8026A13424FEA4303F7D097
:108660000020704700487047310CF100002310B51E
:10867000064C4FF48060C4F82C31C4F8C431FFF7C5
:10868000B9F84FF0FF33C4F8083110BD00508450E2
:108690002DE9F041002482B015461E4601220DF15D
:1086A00007030746DDF824808DF8074000F05AFFE5
:1086B000D0B99DF8073004462F602B71B8F1000F38
:1086C0000ED04EB10246089930460DF1070300F076
:1086D00049FF48B99DF80730C8F8006088F80430B1
:1086E000204602B0BDE8F0814FF47504204602B088
:1086F000BDE8F081D8B108B50368012B04D0022B86
:108700000FD043B10B4808BD20220B490830FFF7BA
:108710000DF9002008BD142208490830FFF706F9BA
:10872000F7E7202206490830FFF700F9F1E74FF498
:10873000730070470100F30094E80000D4E80000E3
:10874000B4E800002DE9F047002900F0EB80044672
:10875000002800F0EB80036888469146002B00F06B
:10876000B580013B012B00F2C9804FF0FF31714809
:108770004FF0020AFFF7F6F8002840F0B180002021
:10878000FFF720F90746002840F0B4806A4DD5F87D
:108790001069002EFBD14FF0FF30FFF72BF8D5F812
:1087A000040A20F40060FFF733F801230722C5F81C
:1087B0001838C5F82038C5F80029C5F8C437C5F8F9
:1087C000A466A36CC5F8CC37E36CC5F8D037C5F800
:1087D000C0A723685BB1013B012B18D8636AC5F8B9
:1087E0005C36236AC5F85836E369C5F85436A26981
:1087F000514BC3F850266269C3F84C262269C3F86E
:108800004826E268C3F84426A268C3F84026B9F1B6
:10881000000F56D063684FF40060012B04BF464A36
:10882000C2F8843698F80430D8F80010424A5B0049
:1088300003F00203C2F80C3BC2F8281CC2F82C9CBF
:10884000FEF7ECFF0746236863B1013B012B19D803
:10885000394BD3F85C266262D3F858262262D3F8EB
:108860005436E361344BD3F85026A261D3F84C263A
:108870006261D3F848262261D3F84426E260D3F837
:108880004036A360002201212B4BD3F8CC07A06413
:10889000D3F8D007E064C3F8C417C3F88426C3F83C
:1088A000C827C3F81828C3F82028AFBB0120FFF75A
:1088B00089F868BB1F48FFF75DF818BB3846BDE86C
:1088C000F08704221C4BC3F8C827BCE74FF0FF31E8
:1088D00018484FF0010AFFF745F800283FF44FAF62
:1088E0001648FEF717F90020FFF76CF80746002836
:1088F0003FF44CAF1248FEF70DF947E7114F3846E9
:10890000BDE8F0871048FEF705F93846BDE8F08766
:108910000E48FEF7FFF8CDE7102104F10800FFF73D
:1089200009F8C3E70A4F3846BDE8F0874FF47307EC
:10893000C4E700BFDC00002000508450C8E70000FE
:10894000E0E700000100F30020E8000000E800007C
:108950000300F300A0B3034670B4D0E90240D3E9AA
:10896000041226BA05BA0CBA10BAC3E90440D3E916
:108970000612986A09BAC3E9026512BA996100BA87
:10898000D3E9084125BA0CBAC3E90725D3E90B128C
:10899000C3E9094009BAD86B12BAD962D3E90D41CB
:1089A00025BAC3E90C250CBA00BAD3E9101209BAEA
:1089B00012BAC3E90E40196400205A6470BC7047B3
:1089C0004FF47300704700BF70B500284DD0436B63
:1089D0000446032B3CDD063B012B3BD8A36B012B4C
:1089E0003BD8E36D012B3DD8236E012B41D8224E9D
:1089F000D6F81059002DFBD14FF0FF30FEF7FAFEEC
:108A0000D6F8040A20F40060FEF702FF0123C6F83E
:108A10000039C6F8BC54636B23F00402032A18BF64
:108A2000A16B226B0CBF294601F00101022A17D865
:108A30009B0003F01C0343EA02330F4A0B43C2F8C6
:108A4000C034636B072B06D10123C2F87C3402E0EB
:108A5000002BC3DA094D284670BD094D284670BD6C
:108A6000084DF8E7084D284670BD4FF471052846BB
:108A700070BD064DEFE700BF005084500100F100CB
:108A80000200F1000600F1000300F1000400F10013
:108A900000287DD038B590F83C300446002B55D0E6
:108AA000022B23D03C483D4D2A683D4B1268C3F849
:108AB00000242A685268C3F804242A689268C3F81C
:108AC00008242A68D268C3F80C242A681269C3F8FB
:108AD00010242A685269C3F814242A689269C3F8DA
:108AE00018242A68D269C3F81C2438BD016B006CB5
:108AF00000F032FB294D0028D6D12A68284B126895
:108B0000C3F800242A685268C3F804242A689268CB
:108B1000C3F808242A68D268C3F80C242A681269AA
:108B2000C3F810242A685269C3F814242A68926989
:108B3000C3F818242A68D269C3F81C24216B206C5E
:108B400000F020FB0028AFD1002038BD0269144B93
:108B5000C3F800244269C3F804248269C3F80824D6
:108B6000C269C3F80C24026B013A012AECD8026AEC
:108B7000C3F81024426AC3F81424026B022AE3D11A
:108B8000826AC3F81824C26A0020C3F81C24DCE7F8
:108B90004FF47100704700BF0900F100C8000020C9
:108BA00000508450114A124B11680968C3F8001430
:108BB00011684968C3F8041411688968C3F8081477
:108BC0001168C968C3F80C1411680969C3F8101456
:108BD00011684969C3F8141411688969C3F8181435
:108BE0001268D269C3F81C24704700BFC800002077
:108BF000005084502DE9F04F85B0002958D0174619
:108C0000002A55D00446002800F0DC809846C36D49
:108C10000E46002B42D1B8F5805F44D294F83C3028
:108C2000042B00F0C7804FF0000A4FF0FF31B54829
:108C3000FEF798FE002840F0B9800020FEF7C2FE43
:108C4000002840F0AF804FF00109DFF8BCB22046A9
:108C5000CBF81098CBF82098FFF7B6FE054620B960
:108C60002046FFF715FF054638B3BAF1000F40F074
:108C700085800022A44B0120C3F81028C3F82028C7
:108C8000FEF7A0FE002840F089809E48FEF772FEA5
:108C900000287CD1284605B0BDE8F08F012BBDD15E
:108CA000B8F5803FBAD3994D284605B0BDE8F08F9E
:108CB000974D284605B0BDE8F08F636B072B00F297
:108CC000CA8009FA03F919F08A0F40F0D38019F02D
:108CD000440F40F0C28019F0010F00F0BC803379DE
:108CE0003A795B0002F0010203F002031343864A63
:108CF00031683868C2F80C3B636B23F00403032B24
:108D00000AD0236E012B0BBFC2F8280DC2F8300D1C
:108D1000C2F82C8DC2F8348DE36D4FF40060012B46
:108D2000794B0BBFC3F8281CC3F8301CC3F82C8C3C
:108D3000C3F8348CFEF772FD0546002895D1626BAE
:108D4000072A15D80123934013F08A0F40F09F8023
:108D500013F0440F0CD06C4BD3F860242260D3F88E
:108D600064246260D3F86824A260D3F86C34E360B2
:108D70000123A365BAF1000F3FF47BAF0423202148
:108D800004F1100084F83C30FEF7D4FD71E761482F
:108D9000FDF7C0FE284605B0BDE8F08F5E48FDF740
:108DA000B9FE72E75D48FDF7B5FE4CE75C48FDF79C
:108DB000B1FE42E7216B206C00F0B8F928B14FF00A
:108DC000010A32E74FF4710564E7DFF858914E4D20
:108DD000D9F800301B68C5F80034D9F800305B685A
:108DE000C5F80434D9F800309B68C5F80834D9F8C0
:108DF0000030DB68C5F80C34D9F800301B69C5F8C1
:108E00001034D9F800305B69C5F81434D9F8003053
:108E10009B69C5F81834D9F80030DB69C5F81C34F3
:108E2000216B0229CBD8236D4FEAC10A0193E36C71
:108E30000AF1100A04F1100B0093CDF80CA0CDF844
:108E400008B0206CD4E9112300F09CFA68BB002321
:108E500084F83C30B3E7344D07E72368CBF860343F
:108E60006368CBF86434A368CBF86834E368CBF864
:108E70006C3434E72368CBF840346368CBF844346F
:108E8000A368CBF84834E368CBF84C3427E71E4B93
:108E9000D3F840242260D3F844246260D3F84824F5
:108EA000A260D3F84C34E36062E7D9F80030514651
:108EB0001B685846C5F80034D9F800305B68C5F81F
:108EC0000434D9F800309B68C5F80834D9F800306C
:108ED000DB68C5F80C34D9F800301B69C5F81034CC
:108EE000D9F800305B69C5F81434D9F800309B69B3
:108EF000C5F81834D9F80030DB69C5F81C34FEF722
:108F000019FDA4E7DC000020005084500500F100AA
:108F10000B00F10020E8000000E80000E0E700009E
:108F2000C8E70000C80000200100F1002DE9F0476B
:108F300001B3FAB10446002854D01D46436B0E46D7
:108F4000072B1BD05DB9032B10D1836D73B9456618
:108F50008566C5660567102500F164030B602B4626
:108F600031462046BDE8F047FFF744BE2F4638465D
:108F7000BDE8F087644F3846BDE8F087C36DA3BBFA
:108F8000B5F5805F36D20DB9A36D9BBB4FF0FF31B5
:108F90005E48FEF7E7FC00284CD10020FEF712FDEA
:108FA000002843D14FF00108DFF864912046C9F84A
:108FB0001088C9F82088FFF707FD0746E0B10022B6
:108FC000534B0120C3F81028C3F82028FEF7FAFC01
:108FD00040BB4E48FEF7CEFC0028C8D04D48FDF7F8
:108FE00099FDC4E74FF47107C1E7012BCBD1B5F56B
:108FF000803FC8D3484FBAE72046FFF749FD0746F0
:109000000028DCD1636B072B0AD808FA03F818F0A4
:109010008A0F13D118F0440F5AD118F0010F19D14B
:109020003E4FCCE73E48FDF775FDD2E73D48FDF7E2
:1090300071FDB7E73C48FDF76DFDAEE72368C9F861
:1090400040346368C9F84434A368C9F84834E36815
:10905000C9F84C3401212E4AC2F87C14C2F8BC5421
:10906000337930688B4003F00203C2F80C3BE5B95A
:10907000A36D0BB9C2F82415626B072A9FD8012390
:10908000934013F08A0F30D113F0440F97D0204B48
:10909000D3F860242260D3F864246260D3F8682493
:1090A000A260D3F86C34E36089E7E36D012B0BBF5A
:1090B000C2F8280CC2F8300CC2F82C5CC2F8345C40
:1090C0004FF40060FEF7AAFB0028D5D0074676E7EC
:1090D0002368C9F860346368C9F86434A368C9F8C0
:1090E0006834E368C9F86C34B4E7094BD3F840241A
:1090F0002260D3F844246260D3F84824A260D3F8F5
:109100004C34E3605BE700BF0B00F100DC000020A3
:109110000050845020E800000500F1000100F1003B
:1091200000E80000E0E70000C8E700007F2809D859
:1091300051B10139022909D805497F280CBF0846D9
:109140000020704702487047084670470148704742
:109150000100F7000300F7007F2809D851B1013959
:10916000022909D805497F280CBF0846002070470E
:109170000248704708467047014870470100F700F1
:109180000300F7000129F0B407D0022900F089801C
:1091900000295AD07248F0BC70470022714C724BC3
:1091A0004FEAC00CC4F80015451C0CF57F04C3F849
:1091B000082104F50444C3F80021C3F80421C3F8CE
:1091C00000556A4E2468B44240F0B380196002E052
:1091D000002940F0B580D3F80021D3F80841D3F836
:1091E00004112243F4D0002C40F0B180002940F05B
:1091F000A78001245B4AC3F800150230C2F800457D
:109200005B4AC3F80811C3F80011C3F80411C3F88E
:10921000000552F80C00574A904240F08E80524AA6
:109220001C6002E0002840F08B80D2F80031D2F8B8
:109230000811D2F804010B43F4D0002940F08C80CF
:1092400000287DD1C2F8000528E00124464BC20069
:10925000444E204402F57F02C6F8004502F5044260
:10926000C3F80811C3F80011C3F80411C3F80005CE
:109270003E4D1268AA4260D11C6001E000285FD117
:10928000D3F80021D3F80811D3F804010A43F5D02C
:1092900000295CD1002853D1C3F800050020F0BCA0
:1092A000704701250022304B2E4F4FEAC00C441965
:1092B0000CF57F01C7F8005501F50441C3F80821FA
:1092C000C3F80021C3F80421C3F80045274E0968FC
:1092D000B1422ED11D6000E091BBD3F80021D3F83C
:1092E0000841D3F804112243F6D084BB41BB0124CA
:1092F0001C4AC3F800150230C2F800451C4AC3F8E6
:109300000811C3F80011C3F80411C3F8000552F89E
:109310000C00184A904210D1134A1C6000E078B942
:10932000D2F80031D2F80811D2F804010B43F6D07C
:1093300083E7C3F8002510482DE7C3F80015FAE7C6
:109340000022094B0D48C3F80025F0BC70470022ED
:10935000C3F800250A481EE70023C2F80035F9E7E4
:109360000C00F100004084500090035000548450E1
:109370000884FF00105484500600F7000200F70034
:109380000100F7002DE9F0470024CCB08246894661
:109390001646214674220EA81F46579DDDF85881B7
:1093A00004F07DF8802221462CA82B9404F077F855
:1093B0008423B5F57F6FCDE90A440D940C94059391
:1093C00064D8FFF7EFFB05AB30462BAE019339466F
:1093D000DDE954230295009600F064F8002850D18E
:1093E000022307228DF813309DF813301B928DF85D
:1093F000743000220123012410211C900EA8CDE915
:109400002423CDF86890CDF878A02694FEF792FA40
:1094100010220DF120090092304605990AABCDF8D3
:10942000049006AAFFF734F9074688B11EE0102D14
:109430002E4628BF10260EA93246FEF777FA1021D5
:109440000EA8FEF777FA0134AD1B3744E4B222D000
:10945000059B4A4606A90EA88DF8AC40FFF766FDAD
:10946000034608EB0700002BE1D01F460EA874222C
:109470000021FEF75DFAFFF795FB38464CB0BDE8DA
:10948000F087064F38464CB0BDE8F087044F3846A9
:109490004CB0BDE8F0872F46E8E700BF0E00F100B2
:1094A0000F00F1002DE9F041002482B00A9D0194E3
:1094B000B5F57F6F40D8ED00B5F5807F1E4634BF0F
:1094C0000323042301F1FF3CBCF13F0F0C46009342
:1094D00032D888B3174666BB089A6AB3099A1168EE
:1094E00051B3A2191344994226D3089B0146224640
:1094F000581CFEF71BFA089B04F102081C440023C9
:10950000637026BB089BFF2D009503EB080017D95D
:109510002B029BB243EA1523022201A90193FEF715
:1095200005FA08F102030020099A136002B0BDE8B1
:10953000F0810AB1402ECFD9094802B0BDE8F081D0
:1095400001226946FEF7F2F908F10103EBE7089BF7
:10955000324603EB08003946FEF7E8F9B044D1E79C
:109560000600008000201870704700BF0CB430B5B2
:1095700089B005460C461C22002101A803F08FFF8C
:10958000022305958DF806300D4B029323462CB12E
:10959000B4F1004F28BF4FF00043013B1D440DAA1A
:1095A0000C9901A80695009200F00CF814B1059BE7
:1095B00000221A7009B0BDE8304002B0704700BF09
:1095C00093D500002DE9F04F43688DB015468046D5
:1095D000029383789A0740F10D8100240E78002EC3
:1095E00000F00A81252E0BD04B1C03930134414619
:1095F0003046029B98470028C0F2F6800399EDE7B9
:109600004E788B1C252E0393F0D00027B946BB461D
:10961000BBF11F0F38D8A6F12003102B0AD8DFE8C2
:1096200003F02A0909300909092109090928092D26
:1096300009091F00A6F13003092B33D92A2E37D18F
:109640001BF0400F55F8043B40F08280002BA7BF71
:109650004BF0200B9946C3F100094BF0280B01E0B9
:109660004BF0010B039B13F8016B0393002ECFD13A
:1096700030E04BF0020B4BF0040BF3E74BF0080B20
:10968000F0E74BF0100BEDE7BBF17F0F19D8A6F117
:109690003003092BD2D81BF0400F03D00A2101FB65
:1096A0000737DFE70A214BF0200B01FB0939D9E727
:1096B0002E2E06D11BF0400F40F09E804BF0400B49
:1096C000D0E76C2E31D02BD8682E36D06A2E3CD005
:1096D0004C2E3AD0002F46F02003B8BF2BF04002AA
:1096E000A3F16501BCBF00271FFA82FB022901D943
:1096F000612B2FD107350727DFF8ACA225F007052E
:1097000008351BF0080F66D00AEB070B56465E457E
:1097100063D1A4EB0A0AA9EB070906EB0A026FE181
:10972000742E9FD07A2E9DD0D4E71BF0800F18BFE7
:109730004BF4007B4BF0800B94E71BF4807F18BF49
:109740004BF4007B4BF4807B8CE74BF4207B89E768
:109750001F4687E7A6F16301122900F2F080DFE8D7
:1097600011F013004F00EE00EE00EE00EE004F008F
:10977000EE00EE00EE00EE00EE00FE00E900EE006E
:10978000EE001B00EE00AF0055F8043B01270DF181
:10979000180A8DF81830B4E755F804AB834BBAF1CA
:1097A000000F08BF9A461BF0400F504614BF3946C1
:1097B0004FF0FF3103F08BFE0746A2E74146202021
:1097C000029B984700280FDB013EB742F6D34C447A
:1097D000B146A41B98E74E46F7E7414616F8010B41
:1097E000029B9847002892DA98F8023043F004036D
:1097F00088F802304FF0FF3420460DB0BDE8F08FFE
:109800001BF0800F34D01BF4007F2CD0073525F0DF
:109810000705AA4669685AF8080B2BF010050029BD
:10982000ADB237DA404245F4806561EB41010DF19C
:10983000180B0A235A4603F056FEA0EB0B030193C4
:109840006B0662D5019B25F001019F4289B240F36E
:10985000A180002E00F0998015F0100240F09C804D
:10986000BB460D4623E0AA465AF8040BC117D4E7BD
:10987000AA461BF4807F5AF8041B01D10846F5E77D
:109880001BF4007F19BF48B241F3C01108B241F385
:10989000C031C2E750EA0103C9D11BF0400FC6D066
:1098A000002FC4D12BF01102BB46019795B240F2B4
:1098B000064115EA01021CBF0BF1010B00222CE04E
:1098C0002BF010020A231FFA82FB1BF0800C49D0F8
:1098D0001BF4007115BF0735AA4625F007055AF895
:1098E000040B1EBFAA4669685AF8080B50EA010526
:1098F00045D12BF016051BF0400FADB242D0002F22
:1099000040D12BF01702019795B215F0100248D004
:10991000019B002E42D103F1010B29075AD4EB071A
:1099200006D5D9456FDDA9EB0B030199CB465F182E
:109930005B4649E04BF0100B10237826C5E7782BE7
:1099400004D1C6F1780343F01003BEE74146252059
:10995000029B98470028FFF647AF023447E60823EA
:109960000026B2E7AA461BF480715AF8040BBDD05A
:109970001BF400711ABFC0B2614680B2B6E72BF08B
:10998000060295B20DF1180B54E725F01105BB4600
:10999000ADB28CE70D46B8E73B460D4603F1020B2E
:1099A000BBE7DDF804B082E7F0E90000E9E9000078
:1099B000CDE9043241462020029B98470028FFF65B
:1099C00013AF049B059A01339945F1DCA4EB0B011D
:1099D0009B46CC180AB341463020029B984700288A
:1099E000FFF602AF8EB901342744391B019B99421F
:1099F00024DC1D4655BB019AA9EB0B0955462244B0
:109A00001446914433E0019F92E7023441463046C8
:109A1000029B98470028E7DAE6E640F206410D424D
:109A2000E2D015F0020F04F10104414614BF2B20CF
:109A3000202015F4806F18BF2D20E9E74146302023
:109A4000029B013498470028CFDACDE606AB013DF2
:109A50004146585D029B98470028CBDAC4E6414650
:109A60002020029B013498470028FFF6BDAEA9EBE9
:109A70000403002BF3DCC1E5704708B5034600681A
:109A80001B790121994083685B69984708BD08B537
:109A900020EAE070C117C90341EA5041C00340F217
:109AA000E733C0184FF47A724FF0000341F1000120
:109AB000F6F750FB03F0AFFB08BD10B5044603F00A
:109AC0004DFC8E464A0142EAD06243011B1A62EB0A
:109AD0000102920042EA93729B001B1842EB0101C3
:109AE000C90041EA5371C3F3103343EA4143C90B40
:109AF00020686268181A2360616061EB020110BD82
:109B000038B513468568046912F4801F07D012F433
:109B1000402F04D012F0010F01D082F4402323F42F
:109B2000801213F0010F0AD023684FF0010C0CFAD9
:109B300001FC43EA0C0323602B68984738BD236877
:109B40004FF0010C0CFA01FC23EA0C032360F3E74D
:109B500008B503468C4600681979DA8842EA0C0297
:109B6000FFF7CEFF08BD08B532B1012303FA01F1BA
:109B70008368DB68984708BD012303FA01F1836815
:109B80001B699847F7E710B503691C6801238B40F0
:109B90001C4202D0B2FA82F25209FFF7E4FF10BD74
:109BA00000EBC1018368B3F5004F0AD322B14B68C3
:109BB00043F001034B6070474B6823F001034B6097
:109BC000704722B14B8843F001034B8070474B88AC
:109BD00023F001034B807047C9008368B3F5004F41
:109BE00003D308231944084470470423FAE710B448
:109BF00000EBC10C8468B4F5004F19D3DCF80C30CD
:109C0000994218D0B4F5004F21D3DCF80810043283
:109C100040F8223000EBC102B4F5004F1AD3D360F4
:109C200000EBC3038268B2F5004F15D399600CE0D6
:109C3000BCF80630E4E7C3680121914023EA010340
:109C4000C3600432002340F8223010BC7047BCF8D7
:109C50000410DCE7D380E3E79980F6E7131D50F8A2
:109C60002330DBB9C3684FF0010C0CFA02FC43EA65
:109C70000C03C360043240F8221000EBC103826879
:109C8000B2F5004F06D399608268B2F5004F03D356
:109C9000D96070479980F7E7D980704710B500EB1D
:109CA000C30C8468B4F5004F1CD3DCF8082000EB2B
:109CB000C10EB4F5004F18D3CEF808208468B4F56F
:109CC000004F15D3CEF80C3000EBC2028368B3F519
:109CD000004F10D3D1608368B3F5004F0DD3CCF89B
:109CE000081010BDBCF80420E1E7AEF80420E5E759
:109CF000AEF80630E8E7D180EDE7ACF80410F0E705
:109D000030B400EBC10C8468B4F5004F29D3DCF803
:109D10000450531A891A01EB55015D00B4F5004F48
:109D200022D3CCF804504C0000EBC20C8568B5F58A
:109D3000004F1CD3CCF804408468B4F5004F19D30D
:109D400040F832308368B3F5004F16D3DCF8044096
:109D500002EB5402B3F5004F12D340F8321030BC7E
:109D60007047BCF80250D4E7ACF80250DBE7ACF81F
:109D70000240E1E720F83230E4E7BCF80240E7E7D0
:109D800020F83210EBE730B400EBC1018468B4F581
:109D9000004F1ED34B685B0800EBC20CB4F5004FBC
:109DA00019D3DCF8045003EB55035D00B4F5004F04
:109DB00014D34D608168B1F5004F11D3DCF8044035
:109DC00002EB5402B1F5004F0DD340F8323030BCF5
:109DD00070474B88DFE7BCF80250E4E74D80E9E7C5
:109DE000BCF80240ECE720F83230F0E78368B3F5C6
:109DF000004F04D30823C91A081AC0087047042367
:109E0000F9E708B58368B3F5004F07D300EBC1024B
:109E100052685208012A02D0002200E00022A2B9B2
:109E200000EBC102B3F5004F10D352685208B3F5EE
:109E3000004F0DD308230833A2EBD3020132B2FA4C
:109E400082F2C2F11F02FFF7D2FE08BD5288EDE791
:109E50000423F0E708B58368B3F5004F07D300EBA0
:109E6000C10252685208012A02D0002200E00022FA
:109E7000A2B900EBC102B3F5004F10D352685208EB
:109E8000B3F5004F0DD308230833A2EBD302013200
:109E9000B2FA82F2C2F11F02FFF7E0FE08BD52885B
:109EA000EDE70423F0E7F8B504460D46CE0000EBDD
:109EB000C1078368B3F5004F1FD3796805EB5101E3
:109EC00004EBC102B3F5004F19D3536813F0010F2F
:109ED00017D0A368B3F5004F24D3A159691A04EB36
:109EE000C102B3F5004F1FD3536813F0010F1DD00B
:109EF00029462046FFF7AEFFF8BD7988DEE7538894
:109F0000E4E72046FFF77DFFA368B3F5004F07D3D2
:109F10007A6805EB520229462046FFF734FFD8E75E
:109F20007A88F6E7A15BD9E75388DEE72046FFF79A
:109F300068FFA368B3F5004F0CD3A1592A46691AEC
:109F40002046FFF720FFA368B3F5004F04D3A359C1
:109F5000ED1ACDE7A15BF1E7A35BF9E7F8B58568FA
:109F6000B5F5004F10D308230833A1EBD303013319
:109F7000B3FA83F3C3F11F02C3F1230450F8246042
:109F800046B34FF0030C12E00423EDE7BEF8027075
:109F900017E02146FFF72BFE24E0BEF80640171D10
:109FA00040F82740BCF1010C14D0A64212D0141D79
:109FB00050F8244000EBC40EB5F5004FE6D3DEF8B0
:109FC0000470B1EB570FE4D9B5F5004FE5D3DEF8D7
:109FD0000C40E4E7C468C3F12002012393405B42D4
:109FE0001C4001D12046F8BD94FAA4F2B2FA82F2E4
:109FF000131D50F823402146FFF7F9FDF2E779B130
:10A0000038B505682846FFF7F1FE044600220146F0
:10A010002846FFF7C5FD21462846FFF744FF38BD17
:10A02000704770B50568A1B30B46AA68B2EBD10FB3
:10A0300031D9B2F5004F1DD308229C180734E4082B
:10A0400021462846FFF78AFF064630B305EBC003DA
:10A05000AA68B2F5004F0FD35B68B4EB530F0DD372
:10A06000012231462846FFF79BFD31462846FFF77F
:10A07000B3FD70BD0422E0E75B88EEE7344422467E
:10A0800031462846FFF73CFE21462846FFF7E2FE10
:10A09000E6E70020EDE70020EBE70020E9E708B560
:10A0A0001146FFF7BEFF08BDF8B5B2F5802F23D3E8
:10A0B0000823D21ACC1D24F0070401EB020C2CF06B
:10A0C000070CACEB040C4FEADC010460A160002338
:10A0D000E360BCF5802F11D308230833A1EBD30331
:10A0E0000133B3FA83F3C3F1200EC3F124039B00C1
:10A0F000DE1DF508002308E00423DAE70423ECE77B
:10A100001A1D002044F8220001337345F8DB6B0070
:10A11000BCF5802F32D36360BCF5802F30D3002391
:10A120002360BCF5802F2ED3636843F00103636086
:10A130004A1B570026F00703E018BCF5802F27D3F1
:10A140004760A068B0F5004F24D3E5502CF007031A
:10A15000A444A068B0F5004F1ED30020CCF8040042
:10A16000A068B0F5004F1BD3E25001222046FFF754
:10A1700017FD29462046FFF76DFEF8BD6380CBE74B
:10A1800000232380CDE7638843F001036380CFE79A
:10A190004780D6E7E552D9E70020ACF80200DFE7B8
:10A1A000E252E2E710B50C4611461A46029BA04760
:10A1B00010BD4038C0B23A288CBF00200120704743
:10A1C000F8B5064603784578847804EB83040444A4
:10A1D000002706E001342046F5F7D6FF013004449D
:10A1E0000137AF42F6D3A01BF8BD70B5144668B175
:10A1F0000D46194606462BB91046F5F7C5FF83B242
:10A20000013399B22A462046B04770BD1046F5F793
:10A21000BBFF0130F9E75BB32DE9F04782B0074699
:10A22000884691461D461A785E789C78DB7804EB68
:10A23000820404EB43042C444FF0000A0AE014F8B3
:10A24000013B45F823402046F5F79EFF01300444CA
:10A250000AF1010AB245F2D305F1080300936B68D5
:10A260004A4641463846FFF79DFF02B0BDE8F087F9
:10A270006FF0150070472DE9F0410446884600272D
:10A280003E4607E0702D18D02846FFF792FFB8B978
:10A29000252D0ED014F8015B75B1002EF8D047457E
:10A2A000F0D02846FFF785FF0028F1D001370026BF
:10A2B000EEE786F00106EDE700263046BDE8F081C6
:10A2C0000026FAE70020704708B500F0D4FC08BD6E
:10A2D0000FB400B583B004A951F8040B0191FFF746
:10A2E000F3FF03B05DF804EB04B07047036913F0AB
:10A2F000080F08D1C3680268934207D8436A9B1AC3
:10A300000B60012070470020086070479B1A0B60AB
:10A3100000207047036913F0080F07D18268436873
:10A320009A4203D89B1A0B6000207047436A8268E8
:10A330009B1A0B600120704710B582B0044601A93A
:10A34000FFF7D4FF20B1E368019A1344013B019366
:10A35000606A019BC01A013802B010BD38B50369AC
:10A3600013F0040F00D138BD0446856AFFF7E4FFFF
:10A37000854202D9A06AA062F5E72046FFF7DCFF1C
:10A38000F9E7C3681944036913F0010F04D1426A65
:10A39000914204D3891A02E0426A013A1140C16035
:10A3A00023F008030361704710B400236FF3000328
:10A3B00043F0020361F39F03026A046842F8243009
:10A3C00003680B44026912F0010F04D1446AA342EE
:10A3D00004D31B1B02E0446A013C23400360C468B1
:10A3E0009C420AD043681944036913F0010F08D155
:10A3F000436A994208D3C91A06E042F00802026192
:10A40000F0E7436A013B1940416010BC70472DE9F9
:10A41000F04F83B00446019117469846056AC66816
:10A4200005EB860B15F8263003F00303022B24D02E
:10A43000002100233B60C8F8003019BB236913F0EA
:10A44000020F75D0E36958469847824615F8269062
:10A4500019F001096ED015F8263013F0020F3BD029
:10A46000019BBBB962685244236913F0010016D105
:10A47000616A8A4216D3521A14E055F82610C1F3C5
:10A480009D01D6E72046FFF77CFFE368A3604FF00D
:10A4900001094FE019462046FFF786FFE2E7616AAF
:10A4A00001390A406260E168A268914206D0A26860
:10A4B0002260E26043F0080323613BE0524420B98C
:10A4C000616A8A4204D3521A02E0616A01390A4081
:10A4D000A2604FF00009EAE701462046FFF751FF6E
:10A4E000E368A360019B23B1236A2268002143F83B
:10A4F0002210019B5344C8F800302268134422699B
:10A5000012F0010F04D1616A8B4204D35B1A02E09E
:10A51000616A01390B40236042F00802226115F89C
:10A5200026306FF3000305F82630C7F800B001E0CD
:10A530004FF00009484603B0BDE8F08F30B453181F
:10A54000046914F0010F04D1456AAB4204D35B1BCC
:10A5500002E0456A013D2B4005689D4214D000236E
:10A560006FF3000343F0020362F39F03046A44F8AD
:10A57000213043681344026912F0010F09D1426A85
:10A58000934209D39B1A07E0016024F00804046198
:10A5900003E0426A013A1340436030BC704738B56B
:10A5A00004460D462022002102F079FFEB68E361AA
:10A5B000AB68A3612B6823626B6863620022A262AE
:10A5C0002A6922612BB1591E0B4202D142F00102CD
:10A5D000226104F12C000122002102F099FC38BD17
:10A5E0002DE9F04F87B09A46002305930393436A01
:10A5F0008B42C0F08980044689469346002301932C
:10A600000126009341E001992046FFF797FF0023C0
:10A61000039345E0236A226803EB8201009113F85B
:10A6200022106FF3000103F82210C9B26FF3410149
:10A6300003F8221023684B44226912F0010F04D161
:10A64000616A8B4204D35B1A02E0616A01390B40F4
:10A650002360E168994201D0002608E042F0080238
:10A660002261002603E02046FFF79EFE2E4688F377
:10A670001188BFF36F8F059929B1A3690BB12046EB
:10A68000984700230593002E40D0EFF31187202335
:10A6900083F31288BFF36F8FB846039A002AB2D1B2
:10A6A00004A92046FFF722FE054604994945B1D288
:10A6B0000028D8D15AEA0B030BD1002ED7D023683B
:10A6C000019303AB05AA04992046FFF7A0FE0646B6
:10A6D000CDE702F041FC0028EFD1002FEDD187F348
:10A6E0001188BFF36F8F04F12C005A465346FBF7D5
:10A6F000EDFAEFF31188202383F31288BFF36F8FF5
:10A70000B0FA80F67609B2E700230093009807B00C
:10A71000BDE8F08F70B504460D46C36908469847FA
:10A72000EFF31186202383F31288BFF36F8F2B780A
:10A7300043F001032B7063681844236913F0010F81
:10A7400004D1636A984204D3C01A02E0636A013BF1
:10A75000184060602046FFF701FE86F31188BFF3C2
:10A760006F8F70BDF0B583B004462EE053F8220021
:10A7700080084DD143E0626A013A1340A36020464D
:10A78000FFF7FFFD01231BE013F8221041F0020147
:10A7900003F82210A768E3693046984738442369D4
:10A7A00013F0010F04D1636A984204D3C01A02E087
:10A7B000636A013B1840A060002301E000231E46AD
:10A7C00085F31188BFF36F8F8BB3EFF311852023CF
:10A7D00083F31288BFF36F8F01A92046FFF79AFD1C
:10A7E000236AA26803EB820601990029E6D013F8D8
:10A7F000221011F0030117D00229B7D0002013F85E
:10A80000221011F0010FBFD110B9E369304698470B
:10A81000A36801460344226912F0010FABD1626ABA
:10A820009342ABD39B1AA9E700231E46C8E73046E4
:10A8300003B0F0BD70B504460D46C369084698479D
:10A840000146EFF31186202383F31288BFF36F8F45
:10A850002B786FF300032B70236913F0020F0AD0DB
:10A86000236AE26803EB8203AB4204D02B6860F3F7
:10A870009F032B600AE02B786FF341032B70E26893
:10A88000A3689A420BD02046FFF77BFD86F3118820
:10A89000BFF36F8F04F12C00FBF7D4F970BD0B44AC
:10A8A000226912F0010F04D1626A934204D39B1A09
:10A8B00002E0626A013A1340A360E4E710B582B097
:10A8C000EFF31184202383F31288BFF36F8F01A964
:10A8D000FFF720FD84F31188BFF36F8F01980038D4
:10A8E00018BF012002B010BD01F00701838B23F0D7
:10A8F00007030B43838370472DE9F04106460F465B
:10A900009046816821B10C683CB131B90C4604E035
:10A910000C4602E0234621461C4669B14D68434679
:10A920003A463046A847002CF4D02368002BF2D0DA
:10A93000002CF0D12346EEE7BDE8F081838B13F0C5
:10A94000070303D102680AB103207047022B03D02A
:10A95000012B06D000207047C28B002AF8D10420BA
:10A96000704703680BB1052070470020704710B591
:10A9700004468C46838B002A07DB03F007035A1F2B
:10A98000012A0ED9042B36D010BDD0E900018CE885
:10A99000030000232360636001212046FFF7A4FF2A
:10A9A000F2E7D0E900018CE8030000222260626037
:10A9B000062B1BD1DCF8003053B1E28B0132E2836D
:10A9C0001A461B68002BF7D0002AF5D11346F3E78F
:10A9D00002212046FFF788FF2046FFF7AFFF00283F
:10A9E000D2D0A38B43F02003A383CDE700212046E0
:10A9F000FFF77AFFF0E70021FFF776FF2046FFF729
:10AA00009DFF0028C0D0A38B43F02003A383BBE7A6
:10AA100050B110B50C4651B1081D00F0C1F810B985
:10AA2000A368032B06D810BD6FF0150070476FF0B8
:10AA30001500F8E76FF01500F5E72DE9F04107463E
:10AA40000C4616461D461946201D00F0C0F828B1D8
:10AA500080462B46324621463846C047BDE8F08145
:10AA60002DE9F04180460C4617461E4604E0334669
:10AA70003A464046FFF7E1FF216831B10D68256095
:10AA800063688B42F3D16560F1E7BDE8F08108B5FA
:10AA9000EFF311824FF0200C8CF31288BFF36F8F0D
:10AAA00081610121F6F714FC08BD70B138B50C4680
:10AAB000054669B10B6873B14B687BB12022002158
:10AAC00002F0EDFC2C61002038BD6FF015007047DE
:10AAD0006FF01500F8E76FF01500F5E76FF015005F
:10AAE000F2E770B505460E46FFF792FF041E2EDB17
:10AAF000EFF31182202383F31288BFF36F8FB5F831
:10AB00001CC00CF0070CEB8B4FF6FF718B422CD066
:10AB10006446BCF1020F08D0BCF1060F19D8DFE87B
:10AB20000CF01E1818181E2A1E000133EB83012397
:10AB30000021084628B100203060686808B306602C
:10AB40006E6009BB82F31188BFF36F8F0BBB204689
:10AB500070BD6FF00404002319461846EAE7BCFAFA
:10AB60008CF1490900230120E4E76FF00A04002377
:10AB700019461846DEE76FF085040023194618468B
:10AB8000D8E76E602E60DCE702212846F6F7A0FBCE
:10AB9000DDE70023624631462846FFF74EFFD6E741
:10ABA000024658B1436803F00303012B03D0032B83
:10ABB00007D1036843B10020906070476FF0150023
:10ABC00070476FF0150070476FF01500704703462F
:10ABD000426802F003028160032A03D10068002268
:10ABE0005A6070470020FAE77047037813F0040FAB
:10ABF00001D0002070470368C3F34A2000EB1350D4
:10AC0000173020F007008008704710B5044603682D
:10AC1000DB6803B19847636801229A7110BD002078
:10AC200070470120704708B501F072FB08BD08B5F8
:10AC300020EAE070C117C90341EA5041C00340F265
:10AC4000E733C0184FF47A724FF0000341F100016E
:10AC5000F5F780FA02F0DFFA08BD08B500220023FC
:10AC6000FFF7BEFC08BD08B5FFF7E4FD08BD08B559
:10AC7000FFF724FE08BD00B585B0039102900020C7
:10AC800001900090034602460146F6F78BFF05B09F
:10AC90005DF804FB08B50120F6F7F0FC08BD08B527
:10ACA000F6F780FD08BD08B5FFF734FDF6F714FE92
:10ACB00008BD0020704708B54368DA714368196021
:10ACC000436801225A71F6F7C9FC08BD70B5536894
:10ACD00096689B1B8B420CD30C46154613680A469C
:10ACE0000146981902F0B4FBAB682344AB602046E0
:10ACF00070BD6FF01B00FBE770B588B10E461446BF
:10AD00001946054633B11030C2F34A23120D1844D8
:10AD100002F09EFB2C606E602846F6F71BFE70BDAD
:10AD2000F6F7ACFCFBE72DE9F04383B006460F468F
:10AD300015461C4603F101094FEA890808F117007E
:10AD400020F007008008F6F725FD002201928DF81B
:10AD5000049068B100F1140C019B0361964605E074
:10AD600055F82E304CF8043B0EF1010EA645F7D3F2
:10AD7000002267F3881268F3532200233146FFF75D
:10AD8000BBFF03B0BDE8F08300B583B0019201239F
:10AD900001AAFFF7C8FF03B05DF804FB00B583B05C
:10ADA0000092019302236A46FFF7BDFF03B05DF8EE
:10ADB00004FB08B5F6F74AFE08BD2DE9F0418046D0
:10ADC0000768856843681C685E6805E0324621466E
:10ADD0002846B847241A0544002CF7D1D8F8043087
:10ADE00000221A60BDE8F08138B505460C464B6874
:10ADF0001A68CB689A420BD06368D3E8EF2F511CD6
:10AE0000C3E8E01F0028F8D1A3689D54002038BD96
:10AE10000846FFF7D2FFEFE738B504460D460A288B
:10AE200005D029462046FFF7DFFF002038BD0D2062
:10AE3000FFF7DAFFF5E708B513460122F6F76CFFD6
:10AE400008BD08B513460022F6F766FF08BD38B501
:10AE500005460C4601F00101FFF7F3FF21462846A5
:10AE6000F6F7ECFF38BD2DE9F04383B080460E467F
:10AE700015461F46DDF828902C46102D28BF1024BB
:10AE8000CDF800903B46224631464046F6F7EAFFB1
:10AE900026442D1BF0D103B0BDE8F0832DE9F0432B
:10AEA00087B006460C469046D1F808900F88C7F345
:10AEB00082170878C0F3C2050846F6F7C9FE011EDE
:10AEC0001ADA0023214651F8105BC5F34A2562883F
:10AED000C2F30B12481905B90021CDF81480049271
:10AEE0000390029101970022009249463046F7F7FD
:10AEF0001BF807B0BDE8F0832846F6F781FD03464E
:10AF0000E0E72DE9F04180460768856843681C68E2
:10AF10005E6805E0324621462846B847241A0544B3
:10AF2000002CF7D1D8F8043000221A60BDE8F08177
:10AF300043681B685B6819610020704743681B68A1
:10AF40001A6852685360704708B543681B685A68AE
:10AF5000012111751868FFF7D4FF08BD08B54368D3
:10AF60001B681868F7F724F808BD38B50C46436825
:10AF70001D686B681869F6F759FB03460F222146D6
:10AF80002868984738BDFEE708B501460068F7F71E
:10AF900065FA08BD08B5F7F77DFAF7F7A7FA08BD17
:10AFA0000020704708B500231370CB1E092B1AD858
:10AFB000DFE803F005090D111919191919141146C3
:10AFC000F7F7EAFC08BD0021F7F7D4FBFAE7002108
:10AFD000F7F75AFCF6E7F7F7DBFAF3E71146F7F76E
:10AFE0004FFB0020EEE7F7F759FB0020EAE708B532
:10AFF00040B2F7F769FE08BD08B5013140B2F7F776
:10B0000071FE08BD08B500210120F7F727FA08BD39
:10B01000D0F8943083F30B88704761B662B680F342
:10B020001188BFF36F8F704708B572B6002383F3A2
:10B030001188BFF36F8F00F03EF950B1BFF34F8F0F
:10B0400030BF00BF00BF00BF00BF00BF00BF00BFD8
:10B0500000BF62B6BFF36F8F08BD10B5044672B66D
:10B06000002383F31188BFF36F8F00F024F950B1F0
:10B07000BFF34F8F20BF00BF00BF00BF00BF00BFA6
:10B0800000BF00BF00BF84F31188BFF36F8F62B6AB
:10B0900010BD30B4D1E90045D0E90001201A0021EB
:10B0A00030BC704738B54A0142EAD06243011B1AEE
:10B0B00062EB0102920042EA93729B001B1841EB83
:10B0C0000201CD0045EA5375DC00F7F7F1FE0246B8
:10B0D000002320462946F5F73DF838BD40E800F04A
:10B0E00010F4803F01D0C0B270476FF01500704778
:10B0F00008B50B6823F01F0C0B7A03F01F0ECA680B
:10B1000022F01F025B0942EA430242F001024CEACC
:10B110000E01F7F701FF08BD43681F2B08D913F094
:10B120001F0F07D1036813F01F0F05D000207047D1
:10B1300000207047002070470120704770B504461A
:10B140000E46FFF7CBFF05463444601EFFF7C6FFEF
:10B15000854201D1284670BD6FF01505FAE710B59C
:10B1600084B00B6800934C68B1F808C09DF80820C3
:10B170006CF304028DF808204989D2B261F34712BA
:10B180008DF8082023F01F032344013B23F01F0305
:10B1900003936946F7F71AFF04B010BDF0B587B006
:10B1A000054605A8F6F76EFF0646002422E057681C
:10B1B000095827F01F0392681344013B23F01F0333
:10B1C000019702919DF80C20012161F304028DF892
:10B1D0000C20D2B2022161F347128DF80C200493A7
:10B1E00001A92878F7F7F2FE002847DB2B78013316
:10B1F0002B700134B44244D22001059901EB0412B2
:10B20000D3681B0D1B05B3F5001FD0D0B3F5800F1D
:10B210001BD0B3F5801FECD15768095827F01F03E6
:10B2200092681344013B23F01F03019702919DF89C
:10B230000C20012161F304028DF80C20D2B261F3DD
:10B2400047128DF80C200493CAE75768095827F075
:10B250001F0392681344013B23F01F0301970291DF
:10B260009DF80C20062161F304028DF80C20D2B267
:10B270006FF347128DF80C200493B1E76FF01500BF
:10B2800000E0002007B0F0BD08B5F7F793FF08BD58
:10B2900008B5F7F76BFE08BD08B50B694969984713
:10B2A000002008BD08B5F7F7FFFF002008BD08B56E
:10B2B000F8F774F808BD08B5F8F732F808BD08B516
:10B2C000FFF7F5FF08BD08B5F8F714F808BD4FF40F
:10B2D0007F03D3F83021D3F83431072A01D000207E
:10B2E0007047042B03D8022B03D3002070470120A2
:10B2F00070470120704738B505460C464FF0502383
:10B300000122C3F814260020F8F7BEF800212846D1
:10B31000A04738BD70B5044619B10123C0F81436F2
:10B3200070BDFFF7D4FF18B90023C4F81436F7E74F
:10B330000126C4F818660025C4F81456052001F04B
:10B34000A2F8C4F81466304601F09DF8C4F814560B
:10B35000C4F81856E4E738B505460C460120F8F75E
:10B3600093F800214FF05020FFF7D4FF002128462A
:10B37000A04738BD08B50022F8F7A0F808BD03467D
:10B38000032929D8DFE801F0020D1823D3F81804A7
:10B39000C0F300400AB3D3F8183403F0030313706A
:10B3A0007047D3F80C04C0F30040B2B1D3F80C34AA
:10B3B00003F0010313707047D3F85C04C0F300403E
:10B3C0005AB1D3F85C3403F0010313707047D3F81B
:10B3D0005404C0F30040704700207047006901EB3F
:10B3E00041018900803108447047406801EB410108
:10B3F00000EB81007047006900EB4110704708B511
:10B40000C9B2FFF7EBFF806800F0070008BDEFF35B
:10B410001182202383F31288BFF36F8F036813F028
:10B42000C00301D08B4207D101230360002082F3C7
:10B430001188BFF36F8F70474FF0FF30F7E7EFF3DE
:10B440001182202383F31288BFF36F8F036803F008
:10B45000C00C03F00703012B08D08C4509D04FF036
:10B46000FF3082F31188BFF36F8F704701600020B7
:10B47000F7E76FF07700F4E7EFF31182202383F30F
:10B480001288BFF36F8F036803F0C00343F0020319
:10B49000036082F31188BFF36F8F7047F8B50646DB
:10B4A0000C46FFF79BFF05684768002340F8083B00
:10B4B000FFF7E2FF1DB13A4621463046A847F8BDE6
:10B4C00070B506461546CCB22146FFF787FF2946E0
:10B4D0000830FFF79CFF002806DB21463046FFF7C7
:10B4E00084FF43689847002070BD08B58022FFF7AD
:10B4F000E7FF08BD2DE9F041064690461F46CDB254
:10B500002946FFF76BFF044606990830FFF797FFBF
:10B51000002809DBC4F80080676029463046FFF741
:10B5200064FF036898470020BDE8F08110B582B041
:10B5300080240094FFF7DEFF02B010BD10B5144662
:10B54000C9B2FFF758FF0021A04710BD08B5012080
:10B55000F9F710FB08BD08B50320F9F70BFB08BD90
:10B5600008B50220F9F706FB08BD08B50020F9F779
:10B5700001FB08BD08B5012001F035F808BD08B58C
:10B58000032001F030F808BD08B5022001F02BF8C7
:10B5900008BD08B5002001F026F808BD08B520EA6E
:10B5A000E070C117C90341EA5041C00340F2E733DC
:10B5B000C0184FF47A724FF0000341F10001F4F724
:10B5C000C9FD01F028FE08BD08B51046FAF73AFBA0
:10B5D00008BD08B5002211461046FBF7C5FA00B9B0
:10B5E00008BD6FF01500FBE7F0B583B00F461646B7
:10B5F0004FF4806500240AE001AB2A463919002087
:10B60000FBF7E2FA70B9019BAB420FD12C44A64282
:10B6100005D9331BB3F5806FEED21D46ECE708D099
:10B62000162001E06FF0150003B0F0BD6FF01500BB
:10B63000FAE70020F8E70B4639B111681960416854
:10B640008A4209D000231360704713680360416881
:10B650008A42F7D14360F5E74360F3E708B50A464D
:10B660000368002101E019461B682BB19342FAD10F
:10B67000FFF7E1FF012000E0002008BD38B50546D6
:10B680000C460321A047002806DB01212846A047DD
:10B69000002800DB002038BD10F1860FFBD1F4E755
:10B6A00070B504460D461646036833B1FFF7D6FF62
:10B6B00070B91EB96FF0150006E032B123682B6037
:10B6C0002560636843B1002070BD6FF01500FBE793
:10B6D000002EF3D10020F7E765600020F4E770B595
:10B6E0000E461546016821B10C683CB131B90C46D3
:10B6F00004E00C4602E0234621461C4671B18A68EC
:10B700002A4002D04B6830469847002CF3D023687B
:10B71000002BF1D0002CEFD12346EDE770BD00697E
:10B72000003818BF0120704710F0100F04D110F03E
:10B73000200F03D10020704703207047012070477D
:10B7400043685B681B690B600020704743685B6857
:10B7500002EA010021EA02019860D96000207047E6
:10B7600043685B6899600020704743685B68D960F4
:10B770000020704743685A68536821EA03000B4071
:10B780009060D36000207047B0F5800F07D0B1F112
:10B79000C06F0DD0B1F1007F08D001207047B1F12A
:10B7A000007F01D0052070470420704702207047B9
:10B7B0000320704708B500690430FFF771FF08BD2A
:10B7C00010B500F01F044009F8F7EEF830B101465B
:10B7D00000690122A2400430FFF781FF10BD002064
:10B7E00070470020704708B521B1012905D06FF0DE
:10B7F000850008BDFFF7F3FFFBE7FFF7F2FFF8E76F
:10B8000008B51146103001F0D0F908BD00B5436805
:10B81000136001E008331360136890F808C0D0F893
:10B8200004E00EEBCC0C634505D293F805C08C45C3
:10B83000F0D1002001E06FF001005DF804FB08B5D5
:10B8400011B9F8F785FA08BDF8F76EFAFBE738B5D5
:10B8500005460C460321A047002806DB01212846A7
:10B86000A047002800DB002038BD10F1860FFBD177
:10B87000F4E743681B68EFF31182202181F31288FB
:10B88000BFF36F8FD3F8201131B10021C3F820111D
:10B89000D3F820110121D96082F31188BFF36F8F93
:10B8A000704743681B68D3F88004C3F8800470476E
:10B8B00043681A685B6803F00103D2F8581129B98C
:10B8C00033B9D2F820312BB90020704701207047DE
:10B8D000002070470120704708B503691A68136893
:10B8E0000BB15268984708BD00B587B0002301939B
:10B8F000029303930493059304238DF8043002917B
:10B900000DEB0301FFF7E8FF07B05DF804FB4368A8
:10B91000187D012814BF00200120704700B587B0B2
:10B920000269002301930293039304930593022376
:10B930008DF8043013681B6C029313689B6C03939F
:10B94000049101A9FFF7C8FF07B05DF804FB10B52B
:10B9500003691B6840680068EFF3118C4FF0200EFC
:10B960008EF31288BFF36F8F1C6CACB1DC6CB4B972
:10B97000D9641A65C0F83415C0F83825042A11D9DD
:10B98000D0F8003243EA0E03C0F8003200208CF3F6
:10B990001188BFF36F8F10BD6FF00C00F7E76FF0E9
:10B9A0000F00F4E70020F2E70369186820B1016096
:10B9B0001B685A60002070476FF08500704700B523
:10B9C00087B0002301930293039304930593032309
:10B9D0008DF8043003691A6843681968936DD26D55
:10B9E000134302D00423C1F8043301A9FFF774FF05
:10B9F00007B05DF804FB43681A689B6AC2F83435E7
:10BA00000523C2F838350123D362D2F81031002B58
:10BA1000FBD00023C2F81031D2F81031D2F84C011B
:10BA200030B10023C2F84C31D2F84C31D2F83C0589
:10BA3000C0B2704710B4445844B11A4201D100203A
:10BA400005E0002343504358012000E0002010BCD3
:10BA50007047426813680069006868B9D3F810013C
:10BA600068B1126B12780A700020C3F81001D3F885
:10BA7000102101221A6070476FF0850070474FF067
:10BA8000FF30704708B520EAE070C117C90341EAEA
:10BA90005041C00340F2E733C0184FF47A724FF0C0
:10BAA000000341F10001F4F755FB01F0B4FB08BDC0
:10BAB00070B5064612E075B1EFF31184202383F3CD
:10BAC0001288BFF36F8F3046FFF7F2FE98B984F308
:10BAD0001188BFF36F8F0120FFF7D4FF6424304635
:10BAE000FFF7E6FE05460028E5D1012000F0CBFC7B
:10BAF000013CF4D1DFE7204670BD10B582B00446AA
:10BB000001AAFFF783FE002805DB019B2268197953
:10BB10001868F8F731F902B010BD10B543681C6819
:10BB20000021D868FFF7E9FF0823C4F8003510BDED
:10BB300008B5026993681943916013F0030F00D0B0
:10BB400008BDFFF7EAFFFBE710B543681C68C4F8BF
:10BB50004415C4F848250022C4F82021D4F8201147
:10BB6000C4F85821D4F858215B6813F0040F02D1AF
:10BB70000123A36010BD0121FFF7DAFFF8E738B514
:10BB800005460C4643681B684FF48002C3F8042343
:10BB9000FFF78EFE20B92368012283F8B82038BD54
:10BBA0002368002283F8B82023684FF0FF32C3F8DF
:10BBB000B4202368D3F8AC20D3F8A8102846FFF7A8
:10BBC000C3FFECE743685A6812F0040F00D07047D7
:10BBD00010B504460021D868FFF78FFF2046FFF715
:10BBE0009CFF10BD012904D108B5FFF7EBFF002031
:10BBF00008BD6FF08500704710B50269446893680E
:10BC000023EA0101916011F0030F00D010BD4368D9
:10BC10001B680022C3F800250121E068FFF76DFFD3
:10BC2000F4E730B587B00446426803691968002319
:10BC30000193029303930493059305208DF8040068
:10BC400081F86130536813F0040F05D101A9204633
:10BC5000FFF742FE07B030BDEFF31185202383F3D9
:10BC60001288BFF36F8F02212046FFF7C5FF85F3CF
:10BC70001188BFF36F8FE9E770B504464668036922
:10BC80001D68296C19B1FFF72FFE00232B6495F86E
:10BC900062306BB1002385F8623063681B68002254
:10BCA000C3F80821D3F808312046FFF7BAFF70BD6A
:10BCB000736813F0040FF0D02046FFF79CFE85F860
:10BCC0006000EAE770B50E4603691D6843681C68AA
:10BCD00005F1080001F05DFBEFF31182202383F3EF
:10BCE0001288BFF36F8FEB6C53B1D4F8003223F09E
:10BCF0002003C4F800320023C4F84C31D4F84C318E
:10BD0000002385F8613016B1012385F862300123E4
:10BD1000636082F31188BFF36F8F002070BD08B598
:10BD200003691B681B6C1BB10121FFF7CBFF08BD2A
:10BD30006FF00D00FBE710B586B004464368196844
:10BD4000D1F8802400230193029303930493059375
:10BD500006238DF8043012F0010F08D112F0020F03
:10BD600014D112F0040F13D102F0080300E00123F4
:10BD70008DF80830C1F8802401A92046FFF7ACFDFA
:10BD800000212046FFF79EFF06B010BD0223EFE71B
:10BD90000423EDE738B50369426815681A68D2F8DC
:10BDA000A01051B1002482F8B8401868683001F042
:10BDB000F0FA0123EB60204638BD6FF00D00FBE781
:10BDC00008B5406BFFF7E6FF08BD70B5054603698F
:10BDD0001C6843681E6804F1080001F0DAFAD6F81E
:10BDE0003C3594F860101944002384F86030A36C4B
:10BDF000C91A01D400292CDC216C2846FFF774FDF8
:10BE0000E36C2364236D63640023E3642365A3640C
:10BE100094F86130E3B1EFF31182202383F31288A9
:10BE2000BFF36F8F236CC3B1D6F84C3133B9012304
:10BE300033600023C6F84431D6F84431D6F80032D6
:10BE400023F02003C6F8003282F31188BFF36F8F0E
:10BE500070BD2846FFF762FDCEE701237360F3E76C
:10BE600010B5046940682368D3F8A420D3F8B01053
:10BE7000521A01D1002010BD082A28BF0822C3F899
:10BE8000AC202368406AC3F8A8002368D3F8A01048
:10BE9000D3F8B030194401F0DBFA0120EBE72DE9CB
:10BEA000F04186B00546436804691F68EFF31188C6
:10BEB000202282F31288BFF36F8F2268D2F8B41069
:10BEC000002946DBD2F8B4605B6813F0040F43D15D
:10BED00088F31188BFF36F8F2368D3F8A020002A5E
:10BEE00034D093F8B81000293FD1D3F8A8108A4273
:10BEF00006D0D3F8AC20964247D0D3F8B0301E44D9
:10BF00002068683001F045FA0023019302930393FF
:10BF1000049305932368D3F8A03002930396236813
:10BF2000D3F8A4309E4202D001238DF804304FF4A0
:10BF30008003C7F8083322680023C2F8A0302268C3
:10BF4000C2F8A43001A92846FFF7C6FC06B0BDE838
:10BF5000F081D7F84C65B7E74FF48003C7F8083392
:10BF600001212846FFF748FEB2E7EFF311862023B0
:10BF700083F31288BFF36F8F21462846FFF7FFFD3A
:10BF800086F31188BFF36F8FE0E7D3F8B020324417
:10BF9000C3F8B0202846FFF763FF18B92368D3F829
:10BFA000B060ADE7EFF31186202383F31288BFF36F
:10BFB0006F8F21462846FFF7E2FD86F31188BFF315
:10BFC0006F8FC3E7436B5A6812681B691B68D2F80E
:10BFD000081199B10021C2F80811D2F80821596559
:10BFE00030B583B003F10800D3E9162300240025FF
:10BFF000CDE90045FAF7D4FC03B030BD596D0131ED
:10C0000059650429ECD1012353607047D0B582B043
:10C010000369426814681A68002151651B6803F1BE
:10C020000800D3E9162300260027CDE90067FAF7B8
:10C03000B7FC0423C4F8083302B0D0BD38B5456856
:10C040002C686B6813F0010F23D100220823C4F879
:10C050000035EB6AC4F844350023C4F848350123A1
:10C06000A36072B9D4F82031002BFBD00023C4F8B0
:10C070002031D4F820310123E3604FF48073C4F8F9
:10C080000433D4F85831002BFBD00020C4F800054D
:10C0900038BD01692046F8F757F90028F8DB01227E
:10C0A000D4E710B50446002201210820FEF7A4FFC2
:10C0B0000820FEF79CFF00212046F8F76BF910BD21
:10C0C0002DE9F041064643681C680769D7F80080EF
:10C0D000D4F804532B4604224FF484712046FFF712
:10C0E000A9FCE8BB2B464FF400724FF49271204636
:10C0F000FFF7A0FCC0BB2B4610224FF488712046EE
:10C10000FFF798FCA0BB15F4002F05D0D4F84C31F4
:10C1100013B1D4F81031A3B315F4003F05D0D4F80F
:10C12000443113B1D4F810319BB315F4807F02D0A1
:10C13000D4F82031ABBB15F4800F02D0D4F85831BD
:10C140009BBB07F10803D3E8EF2F22F00401C3E8FB
:10C15000E01F0028F7D112F0040F2AD1BDE8F081CA
:10C160003046FFF753FFBDE73046FFF7E4FDC2E777
:10C170000023C4F81031D4F810313046FFF725FE03
:10C18000C1E7C4F84C31D4F84C313046FFF717FC06
:10C19000C2E7C4F84431D4F844313046FFF76CFDAF
:10C1A000C3E73046FFF765FBC5E73046FFF777FE8C
:10C1B000C7E7D8F844103046FFF7B0FBD8F8401076
:10C1C0003046FFF791FB0023C8F84430C8F84030F0
:10C1D0003046FFF726FDC1E700B5A2F5807E4FEAA5
:10C1E0009E0E4FF0010C0CFA0EFC1CEA010F0DD054
:10C1F000815809B900200AE00021815082581BB102
:10C200001A684CEA02021A60012000E000205DF882
:10C2100004FB70B582B006460D460024019409E087
:10C22000A20001AB02F5A07229463046FFF7D4FF09
:10C230000134E4B2032CF3D915F0010F02D0D6F883
:10C24000003143B915F0020F02D0D6F8043163B9BA
:10C25000019802B070BD0023C6F80031D6F8003155
:10C26000019B43F001030193ECE70023C6F804317E
:10C27000D6F80431019B43F002030193E8E7401A2A
:10C2800020F07F40704700F150039B009BB203F108
:10C29000502303F580331868003818BF0120704719
:10C2A00000F150039B009BB203F1502303F5803350
:10C2B00000221A601B68704720F07F407047EFF340
:10C2C0001180202383F31288BFF36F8F704780F3B0
:10C2D0001188BFF36F8F7047F0B585B004461746DD
:10C2E0001D46F8F7F5F806469DF8303002930B9B93
:10C2F00001930A9B00933A462B462046F8F7A6F98D
:10C30000054631462046F8F731F9284605B0F0BD1C
:10C3100008B5F8F77BF908BD08B5FAF7C7FB08BD03
:10C3200008B5F5F7C1FEF5F7D5FFFFF7F5FF08BD36
:10C330004FF47F03D3F83021D3F83431072A01D0EA
:10C3400000207047023B002B04D8DFE803F0010017
:10C3500001207047002070474FF47F03D3F830214D
:10C36000D3F83431072A01D000207047042B07D0BE
:10C3700008D8023B012B01D80120704700207047EC
:10C3800000207047002070474FF47F03D3F830211E
:10C39000D3F83431072A01D000207047023B002B2C
:10C3A00004D8DFE803F00100012070470020704747
:10C3B0004FF47F03D3F83021D3F83431072A01D06A
:10C3C00000207047012070474FF47F03D3F83021DD
:10C3D000D3F83431072A01D000207047023B002BEC
:10C3E00004D8DFE803F00100012070470020704707
:10C3F0004FF47F03D3F83021D3F83431072A01D02A
:10C4000000207047023B002B04D8DFE803F0010056
:10C4100001207047002070474FF47F03D3F830218C
:10C42000D3F83431072A01D000207047023B002B9B
:10C4300004D8DFE803F001000120704700207047B6
:10C440004FF47F03D3F83021D3F83431072A01D0D9
:10C4500000207047012070474FF47F03D3F830214C
:10C46000D3F83431072A01D000207047042B03D8B9
:10C47000022B03D300207047012070470120704732
:10C4800008B5804708BD08B500F09BFB08BD40F02B
:10C490000040C1F88000704740F00040C1F88000C3
:10C4A000704738B504461546FFF7F1FF2946204688
:10C4B000FFF7F2FF38BD0346032929D8DFE801F072
:10C4C000020D1823D3F81804C0F300400AB3D3F8C0
:10C4D000183403F0030313707047D3F80C04C0F34F
:10C4E0000040B2B1D3F80C3403F00103137070476D
:10C4F000D3F85C04C0F300405AB1D3F85C3403F0C5
:10C50000010313707047D3F85404C0F30040704720
:10C51000002070470120704708B50520F6F7F6FBAC
:10C5200000B108BD0520FEF762FDFAE770B582B0E4
:10C530000646032840D8DFE800F00225191F0C2228
:10C540004FF4827302214FF05020C0F808130244C8
:10C5500001211160034400221A601B688DF8071046
:10C560008E4214D0002542F2107418E024224FF4B9
:10C5700092734FF40071E6E71C224FF490734FF46E
:10C580008071E0E704224FF480730121DBE70DF1B5
:10C590000705E8E70120FFF776FF013C0CD02A46AB
:10C5A00031464FF05020FFF786FF28B1002DF1D023
:10C5B0009DF80730012BEDD002B070BD38B50446B0
:10C5C0000378022B06D0012B00D000231D461BB19F
:10C5D000284638BD0123F9E70020FFF7A7FFFFF742
:10C5E00099FF2070F4E708B5FFF7A0FF08BD08B574
:10C5F000F8F77EFB08BD10B401F5A27150F8214098
:10C6000024F44F3424F4407440F8214050F8214081
:10C61000120202F47C521B0403F440331A43144305
:10C6200040F8214010BC704710B401F5A27150F8D9
:10C63000214024F4991424F4F85440F8214050F88F
:10C640002140120202F47C521B0403F440331A43CB
:10C650009DF804301B0503F480131A43144340F87B
:10C66000214010BC704700B5A2F5807E4FEA9E0EB7
:10C670004FF0010C0CFA0EFC1CEA010F0DD0815892
:10C6800009B900200AE00021815082581BB11A68C4
:10C690004CEA02021A60012000E000205DF804FB71
:10C6A000F0B583B007460D4616460024019409E014
:10C6B000E2B2920001AB02F5807229463846FFF7DC
:10C6C000D2FF0134B442F3D3002D02DB019803B052
:10C6D000F0BD01AB4FF4BE7229463846FFF7C3FFE9
:10C6E000F4E700B583B00021019100910B460122CF
:10C6F000F8F708FB03B05DF804FB00B585B08DF8D2
:10C700000F100DF10F030193002100910B460A4613
:10C71000F8F722FB05B05DF804FB38B50D4600794B
:10C72000F8F7E2FB04462846F8F7D4FB083034F863
:10C73000100000F0010038BD38B50D460079F8F75B
:10C74000D3FB04462846F8F7C5FB083034F8100040
:10C75000C0F3401038BD38B50D460079F8F7C4FB7A
:10C7600004462846F8F7B6FB083034F8100010F0FD
:10C770001C0018BF012038BD38B50D460079F8F708
:10C78000B3FB04462846F8F7A5FB083034F8100040
:10C79000C0F3400038BD38B504460D46FFF7ECFF46
:10C7A00030B129462046FFF7C7FF18B1012000E04D
:10C7B000002038BD0020FCE708B5FFF7DDFF80F062
:10C7C0000100C0B208BD7047704738B50D4600790A
:10C7D000F8F78AFB04462846F8F77CFB083034F863
:10C7E0001000400B38BD032894BF00200120704783
:10C7F00070B506460D46002404E04FF0FF33AB420F
:10C8000011D001342F2C0CD83079F8F76DFB04F1DE
:10C81000080330F8133013F4807FEED0C3F34323C2
:10C82000EDE7002000E0012070BD38B504460D465C
:10C83000FFF782FFB8B129462046FFF7BDFF90B150
:10C8400029462046FFF7C1FF226801238340C2F832
:10C850000833226800F5A27052F8203023F0030359
:10C8600042F8203003E000212846FFF746FF38BD9C
:10C87000F8B506460F4615460024002C03DD4FF0A0
:10C88000FF342046F8BD3079F8F72EFB50F83430ED
:10C89000BB4201D00134F0E700EBC4035B68AB425C
:10C8A000F8D1EEE738B50C460079F8F71DFB0546E0
:10C8B0002046F8F70FFB083035F81030C3F3820339
:10C8C000042B09D0052B01D1022006E02046F8F701
:10C8D000A3FA18B1032000E0032038BD0220FCE7D2
:10C8E00010B504460846F8F7F5FA083034F8103069
:10C8F00013F4807F04D0C3F3432304EBC30010BDC3
:10C900000020FCE770B504460E4615460079F8F79E
:10C91000EBFA86602079F8F7E7FAC56070BD08B5D4
:10C920000079F8F7E1FA90F88C00003818BF012080
:10C9300008BD70B504460D461646FFF7FDFE00B370
:10C9400029462046FFF738FFD8B129462046FFF791
:10C950003CFF2268830003F580739BB2002199504D
:10C960009B58226800F5A27152F8213043F0010370
:10C9700042F82130B6B1226801238340C2F8043363
:10C9800010E02368D3F80423002A03DB4FF00042B1
:10C99000C3F8042329462046FFF784FF01462846B2
:10C9A000FFF7ABFE70BDF8B504460D461646FFF71F
:10C9B00097FF20B10768426831462846B847A36808
:10C9C0001BB1E268314628469847F8BDF8B50746DE
:10C9D0000E4614461D461046FFF705FF60B9022DAE
:10C9E0001DD002213046FFF788FE032C1BD0022DFC
:10C9F00017D0032D1DD0F8BD224631463846FFF72B
:10CA0000D2FF3046F8F71CFAA842F4D10021304694
:10CA1000FFF773FE29463046FFF76FFEEBE7032171
:10CA2000E0E7012CE5D1224631463846FFF7BBFF4F
:10CA3000E1E7022CDFD1F6E770B505460846F8F7C6
:10CA400049FA04462879F8F74FFA04F1080330F858
:10CA5000133013F4807F0BD0C3F34326083423F440
:10CA6000F85320F8143031462846FFF7C1FE00B1D4
:10CA700070BD2879F8F738FA002340F83630287965
:10CA8000F8F732FA31467830F8F722F8F0E770B567
:10CA900004460D46FFF750FE58B126682946204649
:10CAA000FFF793FE00F5A270002346F8203046F809
:10CAB000203029462046FFF7BFFF2079F8F714FA07
:10CAC00004462846F8F706FA0830002324F8103008
:10CAD00070BD70B504460D461E4604984FF0000C1C
:10CAE00001E00CF1010C84450ED25FFA8CF2920049
:10CAF00002F580719208012303FA02F21542F0D088
:10CB0000002363506358ECE7002D04DA0023C4F8D7
:10CB10007C31D4F87C3144F30730FEF768FA0EB16B
:10CB2000C4F8045370BDF8B506460D46144619E026
:10CB300094FAA4F3B3FA83F301229A4024EA02049C
:10CB400003F13C0205EB4202978803F5A27356F805
:10CB50002300C0F30140FFF736FE0246394628465F
:10CB6000FFF721FF002CE3D1F8BD08B5F8F7D4FAA0
:10CB700008BD08B5F8F7C0F908BD08B5FFF7C2FE53
:10CB800008BD08B5F8F736FA08BD08B5F8F798FB00
:10CB900008BD08B5FFF7C3FE08BD08B5F8F76CFB84
:10CBA00008BD08B5F8F782FB08BD08B5F8F766FAC6
:10CBB00008BD08B5FFF7BDFE08BD08B5FFF735FE97
:10CBC00008BD00B9704708B5FEF77DFB08BD60B130
:10CBD000C3685A7812F0010F03D01B781BB10020F4
:10CBE0007047002070470120704700207047EFF326
:10CBF0001183202383F31288BFF36F8FFEE710B5F4
:10CC00000446436983B1984730B100280ADBFF2806
:10CC100000DDFF20E3681870E268537843F00103F9
:10CC2000537010BD4042F2E70020F5E708B500F070
:10CC300036FC08BD08B500F00BFC08BD8169C3686F
:10CC400041EA030212F0030F10D10022026142698F
:10CC5000013A02FB013304E002691A600361826950
:10CC60009B1AC2689A42F7D9002070476FF01500EE
:10CC700070470120704710B5044643618261C1606E
:10CC80000023C3610372FFF7D9FF002801DB246092
:10CC9000646010BD2DE9F84304460D46FFF7E9FF37
:10CCA000B0B104F10807EFF31186202383F3128853
:10CCB000BFF36F8F2369A3B123692B602561E369FB
:10CCC000013BE36186F31188BFF36F8FBDE8F88302
:10CCD000002383F31188BFF36F8F0423184602DF0C
:10CCE000F4E7D4F80080444517D0B8F1000918BF24
:10CCF0004FF00109B8F1000F12D1B9F1000FDBD0EC
:10CD00000023C8F8AC30C8F81050404600F0C1F914
:10CD100031463846F9F774FAD8E74FF00008E4E7EF
:10CD2000D8F80420D8F8003013605A600023C8F8FF
:10CD30000030C8F8043098F80D2022F0020288F87C
:10CD40000D20C8F8083008F1180000F0D4FAD4E734
:10CD500008B5EFF31183202383F31288BFF36F8F9D
:10CD6000FEF762F9F5E700BF7047884200DA014636
:10CD700011F17F0F01DB084670476FF07E007047AE
:10CD800008B5806890F90E308B4201D1002008BDB3
:10CD9000F9F79AF9FBE7034600209860D8601B601A
:10CDA0005B6070470B6803F003030B60426832B1AD
:10CDB000136803F003030B43136041607047416045
:10CDC0000160704708B591B18C460B6823F00301F0
:10CDD000032B18D9136803F003030B431360DCF82B
:10CDE000003003F003031343CCF8003008BD0168A2
:10CDF000136803F003030B43136002604368002BC6
:10CE0000F4D14260F2E71146FFF7CCFFEEE708B538
:10CE10000022C0F8AC20016100F03BF908BD2DE90B
:10CE2000F04F83B004460F46164601939DF830300C
:10CE300000F1080BEFF3118A202282F31288BFF36E
:10CE40006F8FD04603B1476804F10C03E568AB422D
:10CE500019D0B5F1000918BF4FF00109ADB9B9F10A
:10CE6000000F23D1019B63BB002333603246394658
:10CE70002046FFF7A7FF88F31188BFF36F8F48465E
:10CE800003B0BDE8F08F0025E3E76A682B68136004
:10CE90005A6000232B606B606A7B22F002026A7387
:10CEA000AB6005F1180000F026FAD8E731462846B5
:10CEB000FFF7ADFF51465846F9F7A2F94FF00009C8
:10CEC000DDE70820F9F7D6FD20B1466001220260B7
:10CED0000646CBE76FF00B09CDE760B1036813F0AE
:10CEE000030F08D010B5446809B9204610BD00F002
:10CEF00080FA2046FAE7704700B583B00A4601235E
:10CF0000009300231946FFF78AFF03B05DF804FB86
:10CF10003AB18A4208D38160C2600060406000205C
:10CF200070476FF0150070476FF015007047F8B547
:10CF300005460E46D41D24F007040F193946F5F7AF
:10CF4000C1FA073020F00700C5F89460C5F8984092
:10CF5000C5F89C00381AF8BDEFF30580003818BFFB
:10CF6000012070477430704710B40024846003734C
:10CF700042738173C4738461C46110BC7047F0B59F
:10CF800087B00446129E139D00270597109F0497B3
:10CF90000F9F03970E9F02970D9F01970C9F00977D
:10CFA000F8F7DCFEB5F1FF3F08BFB6F1FF3F02D155
:10CFB000204607B0F0BD32462B462046F8F7AEFEBD
:10CFC000F6E70020704738B504460D46F8F7A8FF8D
:10CFD000637B43F00203637335B3A5602B689D4206
:10CFE0000DD100230BE05A686260236014605C601E
:10CFF0001AE01A4669688A420FD01B687BB173B188
:10D0000094F90E1093F90E209142F2D0521A002A90
:10D01000E9DC1A46002BEDD1F0E70023EEE76B6860
:10D02000256063601C606C6038BD08B5183000F086
:10D0300062F908BD70B50646046884421AD0DCB1B6
:10D040006268236813605A60002525606560637B11
:10D0500023F002036373A56004F1180000F04BF99C
:10D06000C4F8AC502046F8F707FF3468A642E6D172
:10D070002C46E4E70024E2E770BD70B5044616468E
:10D080001D46FFF7A0FF32462B462046F8F7F6FF75
:10D0900070BD38B504460023EFF31185202282F3DA
:10D0A0001288BFF36F8F04E085F31188BFF36F8F91
:10D0B000012343B92046FFF784FF0028F4D120461E
:10D0C000F8F7DAFEF0E738BD0023EFF311812022F4
:10D0D00082F31288BFF36F8F10E042680368136019
:10D0E0005A60002303604360427B22F002024273D5
:10D0F000836081F31188BFF36F8F01231BB98368AD
:10D10000002BEAD1F5E7704738B504460023EFF36A
:10D110001185202282F31288BFF36F8F0BE0637BAF
:10D1200023F0040363732046F8F7A6FE85F3118805
:10D13000BFF36F8F01239BB9637B13F0280FF5D1E9
:10D14000A368002BEBD06268236813605A60002349
:10D1500023606360627B22F002026273A360DEE7F9
:10D1600038BD08B501211838FFF7CEFF08BD0146CC
:10D170000023EFF3118C202282F31288BFF36F8F0C
:10D18000184605E000208CF31188BFF36F8F012350
:10D190008BB908688142F5D00028F4D04268036852
:10D1A00013605A60002303604360427B22F0020256
:10D1B00042738360E7E7704710B50446FFF784FFCA
:10D1C00004F1180000F097F810BD08B5EFF31180D6
:10D1D000202383F31288BFF36F8FF9F727F808BD78
:10D1E00038B505460468844201D0002002E00024DE
:10D1F000FBE7012054B12046FFF7DEFF2046FFF792
:10D2000048FF2C68A542F4D10024F2E738BD031D85
:10D2100043608360704738B504460D46F9F7B6F8A9
:10D2200084462046B5F1FF3F08BFB4F1FF3F2CD044
:10D230004FEAEC72510141EADC614FEA4C13B3EB67
:10D240000C0361EB0201890041EA93719B0013EB2F
:10D250000C0042EB0103DB0043EA5073C00047F6C9
:10D26000FF72801843F10003B0F5004F73F1000224
:10D270000AD36FF40042824243F6FF729A4105D30B
:10D28000C00B40EA434000E0002038BD6FF0004092
:10D29000FBE710B50446F9F7CDF948B1024603693A
:10D2A000416920691B18606941EB000113615161FC
:10D2B0006268236813605A6000232360636010BDB6
:10D2C00010B50446F9F7ACF978B1036942691B1B44
:10D2D00062EBE472B3F1004F72F1000108DA002A48
:10D2E00001DB184610BD0023FBE76FF00040F9E7B3
:10D2F0006FF00040F6E7F8B504460023EFF311871E
:10D30000202282F31288BFF36F8F6FF015000CE0BC
:10D31000F9F79CF9FFF7D4FF0021F7F795FA3046AB
:10D3200087F31188BFF36F8F01231E468BB92368E3
:10D33000002BF5D0F9F774F905462046FFF7A9FF51
:10D3400000224FF00043C4E90423A542E0D0304658
:10D35000E6E7F8BD08B5F9F787FA08BD08B5F9F7AB
:10D3600083FA08BD08B5EFF31180202383F31288F8
:10D37000BFF36F8FF8F75AFF08BD016242620023C6
:10D38000036300F118028261C2610360436043637A
:10D39000704710B50446FFF7AEFF60B9636A0BB182
:10D3A0002046984704F11800FFF7E1FE18B1FFF797
:10D3B00070FEFFF7D7FF10BD38B5044600200432D9
:10D3C00013D2A0B941F00401EFF31185202080F3BE
:10D3D0001288BFF36F8F2046984785F31188BFF3FB
:10D3E0006F8F08B140F8044B38BD0120E9E70020F9
:10D3F000FAE730B108B5011F50F8040C00F00CF842
:10D4000008BD704710B500F10C04C460046100242D
:10D410000475FCF749FE10BD70B5044600F1140612
:10D42000EFF31185202383F31288BFF36F8FFCF78E
:10D43000E6FD04F10C00FFF7D3FE20B985F3118857
:10D44000BFF36F8F70BD29463046F8F7D9FEF9E774
:10D450000A44431E914200D1704710B511F8014BA8
:10D46000914203F8014FF9D110BD884210B501EB8C
:10D47000020402D98442234607D8431EA14208D0A1
:10D4800011F8012B03F8012FF8E7024401468A4204
:10D4900000D110BD13F8014D02F8014DF7E7024429
:10D4A0000346934200D1704703F8011BF9E710B51A
:10D4B0000139044632B111F8013F013A00F8013B4D
:10D4C000002BF7D10021FFF7EAFF204610BD0246EE
:10D4D000014410B58A42134603D01C780132002C57
:10D4E000F8D1181A10BDF0B5C3F13707044603F0A0
:10D4F0001F031046FFB2082BE6B232D0102B3DD0EE
:10D500006508A40845EAC17544EA81748A082D19A2
:10D5100042EB5102290941EA02716D1842EB1212E5
:10D52000290A41EA02616D1842EB1222290C41EAF4
:10D5300002416D1842EB1242AD1842F10002EC08B4
:10D5400044EA4274D10804EB8402A6EB4205EDB232
:10D55000092D0CD90134A5F10A0541F10001EDB204
:10D5600012E0E40806F0070544EA4174C9083035C2
:10D5700054EA010200F8015BBDD1F0BD240906F0B8
:10D580000F0544EA01740909092D84BFED19EDB2B4
:10D59000EDE7D1E9043293421EBF5A1C0A611870AC
:10D5A000704700000148006870470000C01000206C
:10D5B000D82BFF7F010000000000000020D60000F3
:10D5C0009D59000000000000896A00000000000072
:10D5D0000000000060D600000000000040D60000FF
:10D5E00019C30000000000000000000080D6000009
:10D5F00000000000A0D60000A138000000000000DC
:10D60000F146000000000000D115000000000000FD
:10D61000D13200000000000021C300000000000023
:10D62000C0E4000004E500006CD90000EC0000201C
:10D6300034110020B5370000000000000000000099
:10D640004CE5000064E5000048D90000F00000202F
:10D65000E8110020793C00000000000000000000FC
:10D6600058E500007CE5000048D90000F2000020E9
:10D67000F4110020793C00000000000000000000D0
:10D6800034E500000000000044E50000EE0000204A
:10D6900000000000D3B50000000000000000000002
:10D6A000C0E50000DCE5000088D90000F40000209F
:10D6B00044000020A3C000000000000000000000A3
:10D6C0000000000005B000000000000005B00000F0
:10D6D0000000000005B000000000000005B00000E0
:10D6E0000000000005B00000794C000081C400007B
:10D6F0000000000005B000000000000005B00000C0
:10D70000A0D60000C1C000000000000005B000006D
:10D710000000000005B000000000000005B000009F
:10D720000000000005B000003154000081C400007A
:10D730000000000005B000000000000005B000007F
:10D740000000000005B000000000000005B000006F
:10D750000000000005B000000000000005B000005F
:10D760000000000005B000000000000009480000B3
:10D770000000000005B000000000000005B000003F
:10D780000000000005B000000000000005B000002F
:10D790000000000005B000000000000005B000001F
:10D7A0000000000005B000000000000005B000000F
:10D7B0000000000005B000000000000005B00000FF
:10D7C0000000000005B000000000000005B00000EF
:10D7D0000000000005B000000000000005B00000DF
:10D7E0000000000005B000000000000005B00000CF
:10D7F0000000000005B000000000000005B00000BF
:10D800000000000005B000000000000005B00000AE
:10D810000000000005B000000000000005B000009E
:10D820000000000005B000000000000005B000008E
:10D830000000000005B000000000000005B000007E
:10D840000000000005B000000000000005B000006E
:10D850000000000005B000000000000005B000005E
:10D860000000000005B000000000000005B000004E
:10D870000000000005B000000000000005B000003E
:10D880000000000005B000000000000005B000002E
:10D890000000000005B000000000000005B000001E
:10D8A0000000000005B000000000000005B000000E
:10D8B0000000000005B000000000000005B00000FE
:10D8C0000000000005B000000000000005B00000EE
:10D8D0000000000005B000000000000005B00000DE
:10D8E0000000000005B0000010020020C01D002054
:10D8F0000004000089060000000000000000000095
:10D90000000000000700000000000000A0DB000095
:10D910000000000000000000C0020020C021002024
:10D9200000040000B504000000000000000000003A
:10D93000000000000600000000000000B0DB000056
:10D940000000000000000000C53A000041B70000E0
:10D950004DB7000061B700006BB7000075B700005D
:10D96000C5390000B5B70000000000007D37000099
:10D97000EBB400002DB5000000000000FFB3000074
:10D980000000000000000000A9B900003D420000B6
:10D9900095BD0000914000004FB900001FBD000080
:10D9A00053BA0000ED3F0000A3B8000004DC000003
:10D9B00003000000BCDB000003000000E8DB000007
:10D9C00003000000C0DC000003000000F4E40000DD
:10D9D0000300000000DD00000300000004DD000083
:10D9E0000300000070DE000003000000F4E300000C
:10D9F0000300000058E7000003000000A0E400005E
:10DA000003000000CCE500000300000094DE0000ED
:10DA10000C0000205CDE000001000000040000009B
:10DA20000F000000010000000800000020000000BE
:10DA300060000000700000000D0000000C000000FD
:10DA40000E0000005000000074000000A80000005C
:10DA5000FFFFFFFFFFFFFFFFFFFFFFFFFFFFFFFFD6
:10DA600000258450002884500000000000000000C1
:10DA70000338FDD87047000053656D6170686F72A0
:10DA8000652054616B656E2C20436F756E74203D6C
:10DA90002025690053656D6170686F726520476964
:10DAA00076656E2C20436F756E74203D20256900CD
:10DAB00048656170204D656D6F727920416C6C6FA7
:10DAC000636174696F6E204661696C656400000073
:10DAD00050726F647563657220546872656164206A
:10DAE00044617461203A20582076616C203D2025E5
:10DAF00069202C20592076616C203D2025692C203E
:10DB00005A2076616C203D202569000050726F64B8
:10DB10007563657220657865637574696F6E2074CE
:10DB2000696D65203D20256C6C64206E730A0000D1
:10DB30004E6F7468696E6720507573686564204F16
:10DB40006E204649464F0A0020436F6E73756D651F
:10DB500072205468726561642044617461203A20C7
:10DB600058203D202564202C2059203D202564206C
:10DB70002C205A203D20256400000000436F6E7366
:10DB8000756D657220657865637574696F6E207454
:10DB9000696D65203D20256C6C64206D730A000062
:10DBA000636F6E73756D5F74687265616400000009
:10DBB00070726F645F746872656164004D41494EB4
:10DBC0005F43000040D600000700000040D6000080
:10DBD0000600000055415254204953204E4F542016
:10DBE00052454144590A0000554152545F430000D8
:10DBF0004C4544275320415245204E4F5420524516
:10DC0000414459004C45445F4300000040D60000A9
:10DC10000700000040D600000600000028756E7363
:10DC200069676E6564292063686172202A207573B4
:10DC3000656420666F722025257020617267756D9E
:10DC4000656E742E2049742773207265636F6D6D45
:10DC5000656E64656420746F2063617374206974F9
:10DC600020746F20766F6964202A20626563617575
:10DC70007365206974206D61792063617573652017
:10DC80006D69736265686176696F7220696E206381
:10DC900065727461696E20636F6E66696775726123
:10DCA00074696F6E732E20537472696E673A222501
:10DCB000732220617267756D656E743A2564000089
:10DCC00063627072696E74665F7061636B616765D1
:10DCD000000000006C6F6767696E67002004002019
:10DCE0000001000095AC0000EBAB0000020000005A
:10DCF0009DAE0000000000000000000000000000D9
:10DD00006C6F67006C6F675F6D676D74000000007B
:10DD10004D6573736167652028222573222920646D
:10DD2000726F7070656420626563617573652069E8
:10DD30007420657863656564732073697A65206C07
:10DD4000696D69746174696F6E20282575290000FA
:10DD50004D6573736167652064726F7070656420D0
:10DD600062656361757365206974206578636565B4
:10DD700064732073697A65206C696D697461746974
:10DD80006F6E2028257529005B2530386C755D2065
:10DD9000000000005B253032753A253032753A2597
:10DDA0003032752E253033752C253033755D2000CB
:10DDB0001B5B306D000000002573000025732E00F2
:10DDC00025733A20000000003C25733E200000002F
:10DDD00025732F00257320002530327820000000A5
:10DDE000202020007C00000025630000206D65736A
:10DDF00073616765732064726F70706564202D2D88
:10DE00002D0D0A1B5B306D001B5B313B33316D2DDB
:10DE10002D2D20001B5B313B33316D001B5B313BF3
:10DE200033336D006572720077726E00696E660042
:10DE3000646267000000000014DE00001CDE0000C9
:10DE400000000000000000000000000024DE0000D0
:10DE500028DE00002CDE000030DE00006C6F675F03
:10DE60006261636B656E645F7561727400000000CF
:10DE70006C6F675F756172740000000084DE0000E3
:10DE8000780B002061200000900B00209C0B0020EC
:10DE9000010000006BAF00005DAF000049AF000063
:10DEA0003DAF00000000000031AF000000000000A6
:10DEB0002A2A2A20426F6F74696E67206E524620AC
:10DEC000436F6E6E6563742053444B2076332E315E
:10DED0002E312D653261393766653235373861202C
:10DEE0002A2A2A0A000000002A2A2A205573696E6D
:10DEF00067205A6570687972204F532076342E312E
:10DF00002E39392D66663866306335373965656276
:10DF1000202A2A2A0A0000000000000087AF000023
:10DF20006D757465785F696E69742063616C6C658A
:10DF3000642077697468204E554C4C207061726182
:10DF40006D65746572000000436F756C64206E6FC0
:10DF50007420616C6C6F63617465206D7574657895
:10DF6000206265666F726520696E697469616C69AB
:10DF70007A696E67000000002C0000202400002059
:10DF80001C00002000000000140000204D220000B2
:10DF9000F1210000752100000921000072302F617D
:10DFA000313A2020307825303878202072312F61A6
:10DFB000323A2020307825303878202072322F6194
:10DFC000333A2020307825303878000072332F61C2
:10DFD000343A2020307825303878207231322F6959
:10DFE000703A2020307825303878207231342F6C08
:10DFF000723A20203078253038780000207870730D
:10E00000723A202030782530387800004661756CEF
:10E0100074696E6720696E737472756374696F6E6C
:10E02000206164647265737320287231352F7063C8
:10E03000293A20307825303878000000556E686124
:10E040006E646C6564204952516E3A20256400006C
:10E05000535053454C20696E20746872656164208A
:10E060006D6F646520646F6573206E6F7420696ED8
:10E070006469636174652050535000002A2A2A2A7B
:10E080002A205553414745204641554C54202A2AC1
:10E090002A2A2A0020204469766973696F6E2062FB
:10E0A00079207A65726F00002020556E616C696777
:10E0B0006E6564206D656D6F727920616363657351
:10E0C000730000002020537461636B206F766572CB
:10E0D000666C6F772028636F6E7465787420617248
:10E0E0006561206E6F742076616C696429000000A0
:10E0F00020204E6F20636F70726F636573736F7251
:10E1000020696E737472756374696F6E73000000BA
:10E110002020496C6C6567616C206C6F6164206FB6
:10E1200066204558435F52455455524E20696E74DF
:10E130006F205043000000002020496C6C6567612F
:10E140006C20757365206F66207468652045505398
:10E15000520000002020417474656D707420746F4B
:10E16000206578656375746520756E646566696E93
:10E17000656420696E737472756374696F6E0000F4
:10E180002A2A2A2A2A204465627567206D6F6E69E3
:10E19000746F7220657863657074696F6E202A2AC7
:10E1A0002A2A2A0052657365727665642045786371
:10E1B000657074696F6E20280000000053707572DE
:10E1C000696F757320696E7465727275707420283A
:10E1D00049525120000000002A2A2A2A2A202573A9
:10E1E00020256429202A2A2A2A2A00002A2A2A2AC3
:10E1F0002A204D5055204641554C54202A2A2A2A7F
:10E200002A0000002020537461636B696E672065EB
:10E2100072726F722028636F6E74657874206172F9
:10E220006561206D69676874206265206E6F742077
:10E2300076616C69642900002020556E73746163F7
:10E240006B696E67206572726F72000020204461F6
:10E250007461204163636573732056696F6C6174E8
:10E26000696F6E0020204D4D46415220416464721A
:10E270006573733A20307825780000002020496EBD
:10E28000737472756374696F6E2041636365737331
:10E290002056696F6C6174696F6E00002020466CB7
:10E2A0006F6174696E672D706F696E74206C617A2E
:10E2B000792073746174652070726573657276611C
:10E2C00074696F6E206572726F7200002A2A2A2AA2
:10E2D0002A20425553204641554C54202A2A2A2AA6
:10E2E0002A0000002020537461636B696E6720650B
:10E2F00072726F72000000002020507265636973B3
:10E3000065206461746120627573206572726F723A
:10E3100000000000202042464152204164647265A2
:10E3200073733A2030782578000000002020496D72
:10E3300070726563697365206461746120627573CE
:10E34000206572726F7200002020496E73747275BE
:10E350006374696F6E20627573206572726F7200EC
:10E360002A2A2A2A2A2048415244204641554C5400
:10E37000202A2A2A2A2A000020204275732066615A
:10E38000756C74206F6E20766563746F7220746193
:10E39000626C6520726561640000000020204465A5
:10E3A000627567206576656E740000002020466106
:10E3B000756C7420657363616C6174696F6E20287D
:10E3C0007365652062656C6F772900004152434890
:10E3D0005F455843455054207769746820726561E1
:10E3E000736F6E2025780A000000002000000000F6
:10E3F000060001006D7075004661696C65642074EB
:10E400006F20616C6C6F63617465206E6577204D61
:10E41000505520726567696F6E2025750A000000EF
:10E42000506172746974696F6E2025753A2073614A
:10E430006E69747920636865636B206661696C65D9
:10E44000642E0000496E76616C696420756E6465A7
:10E45000726C79696E6720726567696F6E20696E8C
:10E4600064657820257500000200000080E400004B
:10E47000464C4153485F30005352414D5F300000DD
:10E480000000000070E4000006000000E0FF0F0044
:10E490000000002078E4000021000000E0FF0620DA
:10E4A000736F63002120252457B30000F7B20000EA
:10E4B000000000007D3500005D3500000000000018
:10E4C000636C6F636B403530303000006866636C9E
:10E4D0006B0000006C66636C6B0000006866636C28
:10E4E0006B3139326D0000006866636C6B61756476
:10E4F000696F0000636C6F636B5F636F6E74726F44
:10E500006C0000000136000071360000CCE4000011
:10E510006BB5000093B50000D4E4000061B50000C5
:10E5200089B50000DCE4000057B500007FB50000AD
:10E53000E8E4000063727970746F40353038343429
:10E5400030303000E9B50000000000006770696FEE
:10E5500040383432383030006770696F40383432B8
:10E5600035303000FFFF000000288450000000001C
:10E570000100000000D0005000000000FFFFFFFF7E
:10E5800000258450000000000000000000D0005072
:10E590000000000000010203040506070B00000054
:10E5A0004661696C656420746F20616C6C6F636197
:10E5B000746520505049204368616E6E656C0000A0
:10E5C00075617274403830303000000075617274CB
:10E5D0005F6E7266785F75617274650000800050CE
:10E5E000050000000000000010E600000000D60159
:10E5F000000000000000000000000000000000001B
:10E600000812002000120020B71D0020B61D0020B7
:10E61000008000501CE600000100000024E600001D
:10E6200004000000140000001300000216060001A0
:10E6300015060003002030303030303030303030BC
:10E640003030303000010000000100000800000000
:10E650000300000043505520657863657074696F4E
:10E660006E000000556E68616E646C656420696EB2
:10E670007465727275707400537461636B206F7689
:10E680006572666C6F7700004B65726E656C206F0B
:10E690006F7073004B65726E656C2070616E69639C
:10E6A00000000000556E6B6E6F776E206572726FA2
:10E6B00072000000756E6B6E6F776E0048616C744F
:10E6C000696E672073797374656D00003E3E3E206D
:10E6D0005A455048595220464154414C20455252C7
:10E6E0004F522025643A202573206F6E20435055E9
:10E6F000202564004661756C7420647572696E67CC
:10E7000020696E746572727570742068616E646CD5
:10E71000696E670A0000000043757272656E7420AE
:10E720007468726561643A20257020282573290079
:10E7300069646C65000000006D61696E0000000096
:10E74000B8D50000B8D5000000D6000008D60000FB
:10E7500020D6000020D600006F730000FF8FFFFF5F
:10E76000FF8FFFFFFE8FFFFFFE8FFFFFFD8FFFFF7D
:10E77000FC8FFFFFFC8FFFFFFB8FFFFF6D75746544
:10E78000785F667265652063616C6C65642077698B
:10E790007468204E554C4C20706172616D657465D3
:10E7A0007200000043616E277420696E69746961AC
:10E7B0006C697A65206D757465782C20776173209B
:10E7C0004E554C4C0D0A00004661696C20746F2058
:10E7D00061637175697265206D757465780A0000F2
:10E7E0004661696C20746F20696E63726561736540
:10E7F00020504D20636F756E7465720A0000000032
:10E800004661696C20746F2064656372656173652D
:10E8100020504D20636F756E7465720A0000000011
:10E820004661696C20746F2072656C656173652048
:10E830006D757465780A0000436F756C64206E6FA7
:10E8400074206C6F636B20706F77657220736176D4
:10E8500065206D75746578004661696C20746F2061
:10E86000756E6C6F636B206D757465780A000000BF
:10E870006374782063616E6E6F74206265204E55FC
:10E880004C4C00000A637478206973204E554C4C40
:10E890000A00000067E6096A85AE67BB72F36E3C4A
:10E8A0003AF54FA57F520E518C68059BABD9831F5B
:10E8B00019CDE05BD89E05C107D57C3617DD7030D9
:10E8C00039590EF7310BC0FF11155868A78FF9643D
:10E8D000A44FFABE0123456789ABCDEFFEDCBA98A1
:10E8E00076543210F0E1D2C30020202020202020D6
:10E8F00020202828282828202020202020202020F0
:10E9000020202020202020202088101010101010FF
:10E91000101010101010101010040404040404044B
:10E9200004040410101010101010414141414141E5
:10E9300001010101010101010101010101010101C7
:10E9400001010101101010101010424242424242D7
:10E950000202020202020202020202020202020297
:10E96000020202021010101020000000000000003F
:10E970000000000000000000000000000000000097
:10E980000000000000000000000000000000000087
:10E990000000000000000000000000000000000077
:10E9A0000000000000000000000000000000000067
:10E9B0000000000000000000000000000000000057
:10E9C0000000000000000000000000000000000047
:10E9D0000000000000000000000000000000000037
:10E9E000000000000000000000286E756C6C29001B
:10E9F0002A666C6F61742A00A0D60000C5A20000D0
:10EA00001FAC00007CDE0000000000009C01002024
:10EA10003A000000B00100203A0000008801002008
:10EA20003A000000C40100203A000000000000008D
:10EA3000A5B20000000000000000000060080020F7
:10EA40000000000000000000000000000090D00363
:10EA50000070015000000000FFFFFFFF3F000000BA
:10EA6000FFFFFFFF3F000000FF00000074000020D8
:10EA70007400002000000000F16A0000C0000020C7
:10EA8000B8000020B000002000000000A800002016
:10EA9000C16C00000D6C0000416C0000896C00002E
:10EAA000B01400203A00003AB41400203A00003AB2
:10EAB000B81400203A00003ABC1400203A00003A92
:10EAC000041A0020D4000020940000208C000020B4
:10EAD0008800002084000020617A0000557A000040
:10EAE000497A000000000000000000000000000063
:10EAF0000000000000000000000000000000000016
:10EB00000000000000000000000000000000000005
:10EB100000000000000000000000000000000000F5
:10EB200000000000000000000000000000000000E5
:10EB30000000000000000000A968000000000000C4
:10EB400000000000000000005001002050010020E3
:10EB5000350400000000000000000000000000007C
:10EB6000000000000000000000000000003A00204B
:10EB70000010000000000000000000000000000085
:10EB80008801002088010020000000000000000033
:10EB90000E0000009C0100209C01002000000000ED
:10EBA000000000000E000000B0010020B0010020B5
:10EBB00000000000000000000E000000C401002062
:10EBC000C401002000000000000000000E00000052
:10EBD000D8010020D8010020000000000100000042
:10EBE000E8010020E8010020000000000A00000009
:10EBF00000000000000000000000000004020020EF
:08EC00000402002015E015E0FC
:00000001FF
