:1000000098300020D52B000023880000C12B000071
:10001000C12B0000C12B0000C12B0000C12B000030
:10002000000000000000000000000000552D00004E
:10003000C12B000000000000ED2C0000C12B0000CF
:10004000E52E0000E52E0000E52E0000E52E000064
:10005000E52E0000E52E0000E52E0000E52E000054
:10006000E52E0000E52E0000E52E0000E52E000044
:10007000E52E0000E52E0000E52E0000E52E000034
:10008000E52E0000E52E0000E52E0000E52E000024
:10009000E52E0000E52E0000E52E0000E52E000014
:1000A000E52E0000E52E0000E52E0000E52E000004
:1000B000E52E0000E52E0000E52E0000E52E0000F4
:1000C000E52E0000E52E0000E52E0000E52E0000E4
:1000D000E52E0000E52E0000E52E0000E52E0000D4
:1000E000E52E0000E52E0000E52E0000E52E0000C4
:1000F000E52E0000E52E0000E52E0000E52E0000B4
:10010000E52E0000E52E0000E52E0000E52E0000A3
:10011000E52E0000E52E0000E52E0000E52E000093
:10012000E52E0000E52E0000E52E0000E52E000083
:10013000E52E0000E52E0000E52E0000E52E000073
:10014000E52E0000E52E0000E52E0000E52E000063
:10015000E52E000053B94AB9002908BF00281CBF8A
:100160004FF0FF314FF0FF3000F00CB8ADF1080C4C
:100170006DE904CE00F010F8DDF804E0DDE90223BB
:1001800004B07047704700BF034613F8012B002AE4
:10019000FBD1181A013870472DE9F04786468C4686
:1001A0000846089E154674461946002B40F0C1804B
:1001B0008542B2FA82F245D94AB1C2F1200300FA6F
:1001C00002FC954094402EFA03F343EA0C0C4FEAEC
:1001D000154EA8B2230CBCFBFEF80EFB18CC08FB96
:1001E00000F943EA0C43994528D9EB1808F1FF3789
:1001F00004D2994502D9A8F102072B44A3EB0903C5
:10020000A4B2B3FBFEFC0EFB1C330CFB00F044EA73
:100210000344A04214D92C190CF1FF3304D2A0429C
:1002200002D9ACF102032C44241A43EA07401EB160
:10023000D440002334607360BDE8F0874746DDE7B3
:100240006346F1E792BB431B01214FEA154EAFB263
:10025000200CB3FBFEFC0EFB1C330CFB07F840EA42
:100260000343984561D9EB180CF1FF3004D298454F
:1002700002D9ACF102002B44A3EB0803A4B2B3FBF8
:10028000FEFC0EFB1C330CFB07F744EA0344A742B9
:100290004DD92C190CF1FF3304D2A74202D9ACF18D
:1002A00002032C44E41B43EA0040C0E7C2F12003F0
:1002B0009540944020FA03F12EFA03F34FEA154ECD
:1002C0009040AFB20343B1FBFEFC0EFB1C10190CB7
:1002D0000CFB07F841EA0041884522D969180CF166
:1002E000FF3004D2884502D9ACF102002944A1EBC9
:1002F00008019BB2B1FBFEFC0EFB1C110CFB07F7C7
:1003000043EA01439F420ED9EB180CF1FF3104D2AE
:100310009F4202D9ACF102012B44DB1B41EA0041B0
:1003200093E76046E3E76146F7E76046A4E7634684
:10033000B8E7834206D916B9002108467CE7C6E92A
:1003400000E0F9E7B3FA83F78FB9834201D372452E
:1003500008D8BEEB020460EB030301209C461EB9E3
:10036000002169E73846FAE7C6E9004CF8E7C7F12B
:10037000200CBB400EFA07F522FA0CF42EFA0CF111
:10038000BA401C4320FA0CF3B8404FEA1449014329
:100390001FFA84FEB3FBF9F809FB18300B0C08FBBD
:1003A0000EFA43EA00439A4540D9E31808F1FF30BA
:1003B00004D29A4502D9A8F102002344A3EB0A0310
:1003C00089B2B3FBF9F809FB183308FB0EFE41EACA
:1003D00003418E452CD9611808F1FF3304D28E45B4
:1003E00002D9A8F10203214443EA0040A1EB0E0127
:1003F000A0FB02984145CE46434602D306D14D4567
:1004000004D20138B9EB020E68EB0403002EA7D02A
:10041000B5EB0E0261EB030101FA0CFC22FA07F3C3
:10042000F9404CEA0303C6E9003199E74046C5E7C5
:100430004346D9E782B00023019302E0019B0133D8
:100440000193019A024B9A42F8DD02B0704700BF57
:10045000DF930400F0B585B000AF2AE06FF0004CE8
:1004600059E0BCF10F0F64DD10213AB1042038715E
:1004700000207871B871F871786818616FF3000422
:100480006FF341046FF382046FF3C504032363F336
:100490008814C1F30A0161F353246FF31F5400233E
:1004A0002146254801F02AFBAD4640F6B83007F05A
:1004B00013F90AF025FB4A0142EAD06243011B1AF4
:1004C00062EB0102920042EA93729B001B1842EB1E
:1004D0000102D20042EA5372C3F3103343EA4243AB
:1004E000D20BBB60FA6000F047FA1421134800F009
:1004F00001FA40F6B83007F0EFF800F047FA07F1DC
:10050000080007F0C6F86D4688B06B4613F110027C
:10051000A4D04FF0100C002AA3D0E646BCF1040F83
:1005200001DD074E5E61BEF1080F9ADD9861D96169
:1005300097E76FF01B0198E79CB000002C000020AB
:1005400068B10000F0B587B002AF00230093062326
:100550004FF400724449454805F05AFCDFF810C1D9
:100560006546444E0FCE0FC596E8030045F8040BD0
:1005700025F8021B090C29703F49ACF110000AF064
:100580006DF82AE06FF0004C5DE0BCF10F0F68DD04
:1005900010213AB10420387100207871B871F871D7
:1005A000786818616FF300046FF341046FF38204FD
:1005B0006FF3C504032363F38814C1F30A0161F3E5
:1005C00053246FF31F54002321462C4801F096FA60
:1005D000AD4640F6B83007F07FF80AF091FA4A01CC
:1005E00042EAD06243011B1A62EB0102920042EA26
:1005F00093729B001B1842EB0102D20042EA537235
:10060000C3F3103343EA4243D20BBB60FA6000F0FD
:10061000C7F92A211A4800F06DF940F6B83007F002
:100620005BF8184911480AF034F800F0C3F907F1F3
:10063000080007F02EF86D4688B002AB13F11002E7
:10064000A0D04FF0100C002A9FD0E646BCF1040F5A
:1006500001DD0D4E5E61BEF1080F96DD9861D96136
:1006600093E76FF01B0194E7581E00202803002039
:10067000D80C002090B10000350400009CB00000B0
:1006800000000020C80C0020A8B10000B0B582B066
:1006900000AF0B78022B05D0052B00F0D180083776
:1006A000BD46B0BDCB68012BF9D14A688B68D35CDD
:1006B000312B2DD0322BF2D1654807F04AF80721B3
:1006C000644807F036F8003818BF0120624B1870F4
:1006D00000287ED061496D4600233B7102237B7167
:1006E00088B06C4614F1100275D00E201AB104289F
:1006F00001DD5B4B636100233B7002237B70002AAA
:1007000076D0082800DDA16104F11C0300216DE012
:10071000544807F01EF806214E4807F00AF8003842
:1007200018BF0120504B1870E0B14C496D460023B2
:100730003B7102237B7188B06C4614F1100213D018
:100740000E201AB1042801DD484B636100233B7081
:1007500002237B70AAB1082800DDA16104F11C030B
:1007600000210CE04249E1E76FF00040E9E701F1C8
:10077000080CBC441CF808CC03F801CB013101295A
:10078000F5D90D2822DD0E2342B103213971002154
:100790007971B9710121F9717868206100216FF3D5
:1007A00000016FF341016FF382016FF3C501032074
:1007B00060F38811C3F30A0363F353216FF31F51EE
:1007C00000232C4801F09AF9AD4668E76FF01B034F
:1007D000DAE727497FE76FF0004087E701F1080C6F
:1007E000BC441CF808CC03F801CB01310129F5D930
:1007F0000D2822DD0E2342B10321397100217971C8
:10080000B9710121F9717868206100216FF300014D
:100810006FF341016FF382016FF3C501032060F3B1
:100820008811C3F30A0363F353216FF31F510023AD
:10083000104801F063F9AD4631E76FF01B03DAE7CA
:100840008368DC680A2302220B49A04727E700BF20
:10085000ACB2000044AD00004C160020F0B1000026
:1008600008B20000B4B200004D160020F8B100003C
:10087000F4B10000A4B00000F40C002010B5164B39
:10088000186809F091FDD8B1134B186883681B688C
:100890002BB100221149984710F0FF0F04D0104AE5
:1008A0000321104807F0B7FE0B4B18688368DC681B
:1008B0000A2302220C49A04710F0FF0F06D110BDF9
:1008C0000A4A0321074807F0A6FEDDE7084A03218C
:1008D000044807F0A0FEF2E7400000208D0600006B
:1008E0002CB20000A4B00000F40C002018B20000EC
:1008F00058B2000010B584460A46094B1868836850
:100900005C684FF0FF336146A04710F0FF0F00D145
:1009100010BD044A0321044807F07DFEF8E700BF3C
:10092000400000207CB20000A4B0000008B50D48D3
:1009300009F03AFD58B14FF4D0110B4806F03BFFD7
:100940004FF4D011094806F036FF012008BD0548D4
:1009500009F02AFD0028EED1054A0321054807F0D9
:100960005AFEE8E744AD0000E0B20000D8B2000053
:10097000BCB2000094B0000008B501220621024874
:1009800006F034FF08BD00BF44AD000008B50022EA
:100990000621024806F02AFF08BD00BF44AD000052
:1009A00008B501220721024806F020FF08BD00BF5C
:1009B00044AD000008B500220721024806F016FFEA
:1009C00008BD00BF44AD00002DE9F04F91B0059285
:1009D0000293134602F004020092C3F3C20210F025
:1009E0000303019340F02B8280468A460132041DA6
:1009F00000284FD0B8F1000F05D0A4EB0803043352
:100A0000534500F21F82029B5D1E019B04930693D7
:100A1000039300264FF0FF3B0427B946B8F1000FBF
:100A200001D0029B2360531E0793002A40F35D818F
:100A3000059B13F0020228D00120A4EB08018B08CB
:100A40001AB1B1F5007F80F0038203990F2900F2FB
:100A50000282B8F1000F00F06081DBB201F14002C8
:100A60006A4402F8103C02F820BC002800F05181D2
:100A700063F07F0301F140026A4402F8103C049BDA
:100A800001330493039B0133039304340022CC46C7
:100A900040463DE001F0070A5444CAF1080AA9E7BC
:100AA000002634E0002632E0002630E00827BC466D
:100AB0002DE025292BD10BF1010B01260427BC4683
:100AC00025E04729EED82A2914D32A39C9B24FF094
:100AD000010E0EFA01F14FF6DA7E11EA0E0F16D171
:100AE00011F0625F40F0C08011F0010F40F08C8087
:100AF00000260CE0252903D10BF1FF3B002606E080
:100B000001D9002603E0202901D02329CCD11D469C
:100B10006B1C6978002900F01981002EC9D07A2950
:100B2000BED84C29CDD34C392E2961D80FF2040EF2
:100B30005EF821F00F0B0000F10B0000F10B00003C
:100B4000F10B0000F10B0000F10B0000F10B0000B5
:100B5000F10B0000F10B0000F10B0000F10B0000A5
:100B6000F10B0000010C0000F10B0000F10B000084
:100B7000F10B0000F10B0000F10B0000F10B000085
:100B8000F10B0000F10B0000690C0000F10B0000FC
:100B9000010C0000010C0000690C0000690C000051
:100BA000690C00000F0B0000010C0000AD0A0000F2
:100BB000F10B00000F0B0000F10B0000C50C000052
:100BC000010C0000C50C0000F10B0000F10B00004F
:100BD000CD0C0000FB0B0000010C0000F10B00002D
:100BE000F10B0000010C0000F10B0000F50B000000
:100BF00000268CE70427BC4689E70427BC4686E725
:100C000029786C2924D000263C44013CB4FBF7F43D
:100C100007FB04F420B1211A6144514500F215810B
:100C2000002A58D1BCF1040F00F08880BCF1080FF5
:100C300040F014811A99073121F0070101F10805EC
:100C40001A95D1E9008908B1C4E9008908345EE742
:100C500013F8021C6C2903D000260427BC46D3E7F6
:100C600000260827BC46CFE729784C291AD01A99C4
:100C7000073121F0070101F108061A96D1E9006752
:100C8000073424F0070440B1211A0831514513D824
:100C900029784C2913D0C4E90067083400260827B6
:100CA000BC4634E71A99073121F0070101F1080623
:100CB0001A96D1E90067E3E76FF01B00BCE0C4E9D6
:100CC0000067EAE700260427BC469DE73246002677
:100CD0000427BC4698E7E14680461A9A111D1A91EE
:100CE00012680292079A1D4698E6624B029A9A424F
:100CF00004D3614B9A420AD3002300E00023002B67
:100D00007FF496AE059B03F00202002095E60123D6
:100D1000F5E7069B01330693B4E610B10AF1010A28
:100D2000B0E6009B13B10AF1020AABE60298FFF7A6
:100D30002BFA0AEB000303F1020AA3E61A990D1D30
:100D40001A95096800B121600434E0E68046231A50
:100D5000B3F5806F80F0858090B1002202609B081F
:100D60000370009B83B1069BC370049B88F802301C
:100D70001BBB019DDDF80C90DDF810B0029F3DE03B
:100D80005344A3F1080057E0069B4370EDE701339D
:100D90009842EED903F140026A4412F8101C12F98D
:100DA000102C002AF3DA01F07F01A4EB08020132D3
:100DB000524559D804F8011BE9E7019B0398E7E77E
:100DC000009B43B305F140036B4413F8203C04F847
:100DD000013B019EA4EB080333440133534546D83D
:100DE00005F140036B4413F8103C04F8013B324614
:100DF0003946204609F0B2FE34440135A94519D9D7
:100E0000BBF1000FDCD005F140036B4413F9103C3B
:100E1000002BD5DAF1E705F140036B4413F8103CE1
:100E200058F82370002248F823203846FFF7ACF921
:100E3000461CCFE7A4EB080011B0BDE8F08F6FF0BF
:100E40000D00F9E76FF01B00F6E76FF01B00F3E70A
:100E50006FF01500F0E76FF01500EDE76FF015008B
:100E6000EAE76FF01500E7E76FF01B00E4E76FF0CB
:100E70001B00E1E7C4AC0000BCBF00002DE9F04F4F
:100E800097B000AF8346BA613B61D7F88030C3F3B7
:100E9000C0033B62F96011B906F0D8FDF8609BF819
:100EA0000260B14636B1D7F8803013F0010F0DD192
:100EB000002300E000239BF803207A6242B1D7F8B8
:100EC000802012F0020F22D1002202E00123F2E77B
:100ED000002202B9EBB19BF80050AA00BA60DBF81F
:100EE00004207A610BEB8505BA69F2B1002B40F062
:100EF0000481B9F1000F00F00F81D7F8803013F0B2
:100F0000040F40F00D810020F8610646F9E001224F
:100F1000DFE7BB691BB13A69F96858469847FC6836
:100F200020465C37BD46BDE8F08FFC68E3B94D4410
:100F300000233B6123E00444013501364E451AD2BB
:100F40002A7800235BF822201946B86906F093FD41
:100F5000BAF1000FEFD0D7F888309845EBD22AF8D5
:100F6000180008F10108E6E70026C7F81C80B04623
:100F7000D7F884A0E2E7C7F81080D7F81C80D7F82C
:100F8000803003F00503FB604FF0000AA146C7F86C
:100F90001CB09CE000253B6A7BB9002D79D0D7F8C6
:100FA000803013F0010F79D1FB68002B6FD1022341
:100FB000A9EB030988E00125EDE75946786906F0B9
:100FC000A0FD0028E9D06C46002387F82C300223CE
:100FD00087F82D308AB0694611F1100237D01225FA
:100FE0001AB1042D01DDB34B4B61002387F8283083
:100FF000022387F829306ABB112D45DD122362B127
:10100000042087F82C00002087F82D0087F82E0098
:10101000012087F82F00F86A08616FF300086FF36A
:1010200041086FF382086FF3C508022161F3881845
:10103000C3F30A0363F353286FF31F580023414699
:101040009D4800F05BFDA546A9F102093CE06FF068
:101050000045C5E72B46082D01DD786988610C2B1A
:1010600001DDC1F81CB001F12003002009E000F10E
:10107000300C07F1280EF4441CF830CC03F801CBF7
:1010800001300128F3D9B7E76FF01B03B7E701235D
:101090008EE7D7F8803013F0020F15D000232246D8
:1010A0001946B86906F0E7FCD7F8843053B13B69BC
:1010B000D7F88820934205D2D7F8842022F813006D
:1010C00001333B61013881440AF1010A35467B6AEC
:1010D0009A4510D22E4616F802BB6B78FA6952F880
:1010E0002340764B9C42FFF455AF754B9C42FFF476
:1010F00062AF00254FE74C4612E707F1440000239A
:10110000FB6118B14A46294609F028FD4D444FF0CD
:101110000008C7F804901EE00020F8610646F0E7DA
:10112000FE6107F134000026EBE700253B6A33BB84
:10113000002D3BD0D7F8803013F0010F26D0731C60
:1011400006F1300207F12801561806F8149CDEB2A9
:1011500008F1010825467B6A98454AD22C4614F8C6
:1011600002AB95F801905BF82930544A9342DCD3E6
:10117000534A934201D30025D8E70125D6E75146CB
:10118000786906F0BEFC0028D2D0E1E7D7F88030BD
:1011900013F0040FDCD0FA69531C303207F1280138
:1011A0000A4402F8249CDBB2FB61D1E7D7F8803017
:1011B00013F0020F09D0731C06F1300207F1280169
:1011C000561806F8149CDEB2C2E7F869431C00F119
:1011D000300107F128028A1802F824AC02460232D4
:1011E000D2B2FA6107F1580252FA83F303F8249C51
:1011F000AEE7D7F804909BF8003087F854309BF89E
:101200000130334487F85530D7F8803013F0020F9F
:101210000ED1FB69C3F3470387F85730D7F8803006
:1012200013F0010F06D113F0040F3ED1002302E0AA
:101230000023F1E7002387F85630DBF8000038631D
:10124000786DCBF80000D7F810804246B968584650
:10125000D7F818A0D047041EFFF662AE386BCBF863
:101260000000C7F810804246F96907F13400D04702
:1012700000285EDB04EB0008B96849447B6A01EB97
:101280004301D7F810904A46FB68591A2846D047C0
:10129000041EFFF645AE08EB04054FF00008C7F842
:1012A00024B0B3465446CA4621E0FB69C3E74FF079
:1012B000000909E0E8B20000ACB00000C4AC0000D6
:1012C000BCBF00004FF000095246012107F12C007D
:1012D000A04700282FDB05444B46324651462046A6
:1012E00006F0C9FB002828DB054408F10108D845B1
:1012F00018D208F1300307F12802134413F8143C04
:1013000087F82C307A6A52F82360D7F88430002BA3
:10131000CDD0D7F888309845D4D2D7F8843033F878
:101320001890D1E73A6900210846BB6998472C46D6
:10133000F6E50446F4E50446F2E50446F0E500BFB0
:10134000014B1860704700BF4400002080B505467F
:101350000E461746984605F0D1F9034609F0A8FC59
:101360000446DFF8189049F80030424639463046C6
:10137000A84754F8090001F09FFC00BF08000000D6
:101380002DE9F04383B0044608461546238B13F03D
:10139000080F05D103F0070600230093019354E0E2
:1013A000012909D043F02003238385F31188BFF37B
:1013B0006F8F03B0BDE8F08343F010032383F4E79D
:1013C000204606F001FF42E0D4F814904A466946F0
:1013D000204606F012FF4FF00008238B03F00707AA
:1013E000B74269D0A268002A66D0012243F0080300
:1013F000238385F31188BFF36F8F002A64D1009B8C
:101400002BB14B463A466946204606F06FFFB8F1CD
:10141000000F02D034492046C047EFF31185202346
:1014200083F31288BFF36F8F238B23F0080323838A
:10143000238B13F0100F4DD023F0100323830120D2
:10144000268B06F007060028AFD00228B8D0002867
:10145000ABD0013804282BD801A353F820F000BFEB
:10146000C9130000B11400007514000089140000B5
:101470009D1400002369D3F800800621204606F061
:1014800079FE4FF00009A8E72369D3F8048004210E
:10149000204606F06FFE4FF000099EE72369D3F85F
:1014A00008800521204606F065FE4FF0000994E70C
:1014B0004FF00008C14690E7009A0AB1002295E774
:1014C000B8F1000F92D1B3E74A463946204606F0FC
:1014D00059FE94E713F0200F04D023F02003238358
:1014E0000220ADE70020ABE71B83000038B50546BE
:1014F0000B4C00E010340B4B9C420FD263685B79BD
:10150000002BF7D02946204606F0D2FF0028F1D064
:1015100023681B68294620469847EBE738BD00BF83
:10152000F4B0000004B1000070B506460D46084C4A
:1015300004E02A463146204698471034054B9C4229
:1015400004D223689B69002BF3D1F6E770BD00BF7E
:10155000F4B0000004B100002DE9F0410746054653
:101560000AE007EA0807144B03EB06135B68042242
:101570001968204606F0E6FFD5B195FAA5F6B6FA49
:1015800086F60D4C04EB06140123B3406FEA030802
:1015900025EA0305237B002BEED03301064AD358FE
:1015A0001B69002BDDD0204698470028E4D1D8E7FE
:1015B0003846BDE8F08100BFF4B000002DE9F041ED
:1015C00080460F461D4BD3E8EF5F6A1CC3E8E12F4E
:1015D0000029F8D16DBB1A4C002607E0636804228D
:1015E0001968204606F0AEFF01361034154B9C42B8
:1015F00011D2237B002BF7D0204606F04DFF236845
:101600001B69002BEAD0204698470028E6D001232A
:10161000B3401D43E8E7B8F1000F0BD055B12846A1
:10162000FFF79AFF0546002FF8D00A2006F046FF84
:10163000F4E700252846BDE8F08100BF0C0D00202E
:10164000F4B0000004B1000008B5064B186018B1F2
:10165000054B1B68092B00DC08BD044804F076FA32
:10166000FAE700BF000D0020080D0020B4010020A3
:1016700008B5024804F06AFA08BD00BFB4010020B2
:1016800030B589B000220F490F4809F048FA0F4DD4
:1016900000220023CDE90623002404940E230393A3
:1016A0000294019400940A4B4FF440720949284671
:1016B00009F021F80849284604F0FEFB204609B04D
:1016C00030BD00BF71160000B0080020F8030020F4
:1016D000251A000058200020A0B30000014B53F849
:1016E00020007047BCB3000048B108B5054A10603F
:1016F000054B1960084600F0F5FC002008BD6FF0AE
:101700001500704748000020FC0C002008B5054B70
:101710001B781BB1034B01221A7008BD024804F06C
:1017200015FAF7E74E160020B401002008B50C4B5F
:10173000D3E8EF1F0131C3E8E21F002AF8D130B926
:10174000084809F0F8F9084804F000FA08BD074B0A
:10175000D3E8EF1F0139C3E8E21F002AF0D0F7E712
:10176000040D0020B0080020B4010020080D002066
:10177000044B00200146D3E8EF0FC3E8E21F002A24
:10178000F9D17047040D002038B5FFF7F1FF054689
:10179000094C00E01034094B9C420BD263685B7922
:1017A000002BF7D023685B68002BF3D02946204636
:1017B0009847EFE738BD00BFF4B0000004B1000067
:1017C000034B18680028D4BF00200120704700BFD9
:1017D000040D002010B5044C0449204606F025FBFA
:1017E000034B1C6010BD00BF28010020A8B30000FF
:1017F000F80C002008B500230C4A13700C4A136043
:101800000C4A13604FF400410B48FFF76DFFFFF7E0
:10181000E1FF0A4A06E0094BD31A1B110133516854
:101820000B711032064B9A42F5D308BD4F160020BB
:10183000040D0020080D0020B5840000F4B0000065
:1018400004B1000008B50146014806F04DFE08BD90
:101850002801002008B5024806F0CAFB08BD00BFF9
:101860002801002008B50146024B186806F042FE28
:1018700008BD00BFF80C002008B5024806F03EFE87
:1018800008BD00BF2801002010B582B0002200234F
:10189000CDE90023264B187808B902B010BD684680
:1018A00006F044FE044660B1FFF720FE2046FFF735
:1018B000D9FF204BD3E8EF1F0139C3E8E21F002A0C
:1018C000F8D1FFF77DFF58B91B4A1368516813F52B
:1018D0007A7341F1000113605160FFF7CDFFDCE73F
:1018E00009F00EF94A0142EAD06243011B1A62EB89
:1018F0000102920042EA93729B001B1842EB010224
:10190000D20042EA5372C3F3103343EA4243D20B8C
:101910000948016840685B1A62EB000240F2E93155
:101920008B4272F10002CFD3FFF72EFFCCE700BF4E
:101930004E160020080D0020A80800200F4B1B7831
:1019400003B1704710B500210120FFF737FE0C4CA2
:1019500000E010340B4B9C4208D263685B79002B8B
:10196000F7D023689B6820469847F2E7FFF78CFF83
:101970000028FBD1014B01221A7010BD4F16002028
:10198000F4B0000004B1000010B582B0184BD3E8E9
:10199000EF2F511CC3E8E01F0028F8D1154B1B782E
:1019A00063B9154B1B68B3B1BAB1092A13D11348F7
:1019B00009F0C1F8124804F0C9F80CE0EFF3118403
:1019C000202383F31288BFF36F8FFFF75DFF84F34B
:1019D0001188BFF36F8F02B010BD00220023CDE944
:1019E00000234FF400420023044805F0E3F9F2E736
:1019F000080D00204F160020000D0020B008002028
:101A0000B401002010B50446044B1B689847A06041
:101A10002146034806F08EFD10BD00BF480000209F
:101A2000280100202DE9F04100210846FFF7C6FDFE
:101A3000804650B140F26766002709F039F9154B2E
:101A40001858FFF701FE002515E04FF0FF364FF064
:101A5000FF37F2E74046FFF77FFD804670B94FF051
:101A6000FF364FF0FF3709E02C4632463B460A4826
:101A700004F0B0F82546B8F1000FEBD1FFF704FFF2
:101A800004460028F6D1002DEED000210846FFF7CD
:101A90004BFDEAE708000000B40100200248034BB8
:101AA000C01AC008704700BFF4B0000094B0000036
:101AB00010B50C46FFF7F2FFA04203D9024B53F8D2
:101AC000340010BD0020FCE794B0000000B589B0E0
:101AD000059206930023079362B1074A0C9B029379
:101AE0000B9B01930A9B009305ABFFF7C7F909B065
:101AF0005DF804FB0022F1E75B8500002DE9F04F63
:101B00008BB004AF05461E468846C1F34A24002C1C
:101B100000F0898091460022FA603A617A610423DC
:101B20000293FB1801930A23009307F10C0321464B
:101B30004846FFF7A3F9B0F5006F58D3D9F8041061
:101B40006D4600233B7302237B738AB004AC14F10F
:101B5000100217D012201AB1042801DD3B4B63613B
:101B600000233B7002237B70CAB10346082800DDC6
:101B7000A1610C2B02DD40F2FF73E36104F120034D
:101B800000210AE06FF00040E5E701F118063E444D
:101B900016F8186C03F8016B01310129F5D91128E9
:101BA00022DD122342B10421397300217973B97304
:101BB0000121F973F868206100216FF300016FF3D0
:101BC00041016FF382016FF3C501022060F38811B8
:101BD000C3F30A0363F353210023C1F313011C4829
:101BE00006F02EFDAD462DE06FF01B03DAE760F343
:101BF0005328C0F30A0A0AEB1850173020F00700E8
:101C00008008FFF71FFE8346B0B104230293FB1840
:101C100001930A230093534600F1100221464846DF
:101C2000FFF754FF08E004EB1154173424F00704C5
:101C3000A008FFF707FE834633464246294658462A
:101C400006F0A1FC1C37BD46BDE8F08FDCB30000F8
:101C5000BCB000002DE9F04F85B080460D46174618
:101C60001E46DDF838B0DDF84090B9F1000F41D0E4
:101C7000119B039300934B460F9A10210020FEF70F
:101C8000A3FEB0F5006F2DD282460BEB0003173395
:101C900023F0070300246FF300046FF341046FF394
:101CA000820468F3C50467F3881460F353246BF36C
:101CB0001F549808FFF7C6FD074650B11030B9F120
:101CC000000F06D0119B00934B460F9A5146FEF72A
:101CD0007BFE334622462946384606F054FC05B0C2
:101CE000BDE8F08F40F2FF73034A0221034806F07B
:101CF0009CFCF4E70020C7E71CB40000BCB0000067
:101D0000406820B1034BC01A40F3CF0070474FF03A
:101D1000FF30704794B000000EB400B582B00146A9
:101D200003AB53F8042B0193034801F0C3FA02B04C
:101D30005DF804EB03B070477786000010B584B0FF
:101D400011F0440F05D01A4B1B6833B9002004B0C2
:101D500010BD1849FFF7E0FFF9E717490968B2FB22
:101D6000F1F2B2FBF3FC03FB1C224FF47A7E0EFB74
:101D700002F2B2FBF3F403FB14210EFB01F1B1FB01
:101D8000F3F10E4AA2FB0C32D20A4FF4616303FB5B
:101D900012CC0B4BA3FB0CE35B0902910194C3EB48
:101DA0000311ACEB810100910649FFF7B5FFCEE7C7
:101DB000140D002054B40000100D0020C5B3A291F2
:101DC0008988888860B4000061B108B52AB1064AE4
:101DD00052F8232012B9054A00E0044A0449FFF7EB
:101DE0009BFF08BD704700BFFCB400007CB400003E
:101DF00004B200002DE9F04105461746069EDDF8C5
:101E00001C8081B900242EB1324611492846FFF7C3
:101E100083FF0444B8F1000F14D06FB1099B042B69
:101E200013D00C4909E00C4B099A53F822200B49B6
:101E3000FFF772FF0446E6E7064942462846FFF7E9
:101E40006BFF04442046BDE8F0810549F5E700BF7B
:101E500098B4000088B4000010B5000090B40000F1
:101E600084B400002DE9F04F87B005460C4604927B
:101E700005939DF84C7001F0020B01F0010AC1F3CB
:101E8000C00801F4807906F05BFB18B302461649DE
:101E90002846FFF741FF0646BBF1000F1CD13A462A
:101EA0005146284606F00EFCB9F1000F01D0002380
:101EB00011930397129B0293119B0193109B009324
:101EC0000023049A41462846FFF794FF304407B0A8
:101ED000BDE8F08F0026DFE7059A21462846FFF788
:101EE0002DFF0644DBE700BF9CB4000011F0100F8B
:101EF0000BD108B511F0200F03D00449FFF70CFFF8
:101F000008BD0349FFF708FFFAE77047DCB500009A
:101F100088BE00002DE9F04105460F46164698465A
:101F20000699FFF7E3FF0024444505DA24492846D3
:101F3000FFF7F2FE0134F7E7002409E020492846C4
:101F4000FFF7EAFE0BE01F492846FFF7E5FE0134E4
:101F50000F2C0CDC002C02DD14F0070FEED0B44285
:101F6000F1D23A5D18492846FFF7D6FEEFE7174948
:101F70002846FFF7D1FE002409E011492846FFF763
:101F8000CBFE0BE012492846FFF7C6FE01340F2CAA
:101F900013DC002C02DD14F0070FEED0B44207D2A0
:101FA0003A5D0C4B9B5C13F0970FEBD12E22E9E7C7
:101FB00003492846FFF7B0FEE8E7BDE8F08100BF1F
:101FC00094B40000A8B40000A0B40000ACB40000B9
:101FD000B0B40000ADBE00002DE9F04184B004466D
:101FE0009DF82C500C9F0E9E95B9012B1ED01948C0
:101FF0004FF0000827B13B462246174905F051FD36
:10200000C6B905BB204606F01FFB04B0BDE8F08151
:1020100003950A980290019300920B4600220F99B3
:102020002046FFF71FFF80460C48E3E70B484FF0C0
:102030000008DFE70F9B0093434632460D99204688
:1020400006F058FBDDE72A460F99204606F046FBCE
:10205000D8E700BFA7860000B532000077860000F1
:102060002DE9F04383B00646056842F20F738B42B8
:1020700028BF0B46184A0521684605F083F8044638
:102080007368D3F804900B27DFF8508005E04A46C8
:1020900039464046A8473F1A8044002FF7D173685D
:1020A000D3F804806F4605E0424621463846A847EB
:1020B000241A0744002CF7D173685F681B24084E6C
:1020C00005E03A4621463046A847241A0644002C2B
:1020D000F7D103B0BDE8F08314B70000D0B400001E
:1020E000B4B40000074B01221A6004E04008054A1E
:1020F00013685B001360044B9842F7D8034B1860D9
:10210000704700BF100D002040420F00140D00204A
:1021100070B506460D46002405E0315D044883682D
:10212000DB6998470134AC42F7D3284670BD00BF45
:1021300084AD0000014B03600020704778B50000BB
:1021400008B5034805F00AFD024805F007FD08BD83
:1021500078B50000B0B5000008B5024804F0D0FE24
:1021600008BD00BFE0B50000B0F5680F17D00CD86F
:1021700040F6BA63984214D0B0F5683F13D03A28BD
:1021800001D00120704700207047094B98420CD0C5
:10219000084B984201D00120704700207047002072
:1021A000704700207047002070470020704700BF34
:1021B0003A00003A2C5F5CA928B308B54368B3F530
:1021C000683F0AD0B3F5680F14D012498B421FD074
:1021D000006803F065FC002014E003680022D3E8E7
:1021E000EF1F012903D1C3E8E02F0028F7D10DD15B
:1021F000104607E003681B7803F580730020064A49
:1022000042F8230008BD6FF4E04070470348F9E747
:102210000348F7E72C5F5CA900000350E98FFFFF3C
:10222000EA8FFFFF88B308B54368B3F5683F0FD066
:10223000B3F5680F19D016498B4224D000684FF0CF
:10224000FF324FF0FF3303F0ABFB68B111480BE0F6
:1022500003680122D3E8EF1F002903D1C3E8E02F70
:102260000028F7D10BD1002008BD03681B7803F5C7
:102270008073094A52F823301BB90020F4E705485F
:10228000F2E70448F0E70548EEE76FF4E0407047F6
:102290002C5F5CA9E98FFFFF00000350EA8FFFFF6E
:1022A00010B50446A8B16368B3F5683F10D0B3F524
:1022B000680F0DD00D4A93420AD013F4686F0DD009
:1022C00021680B4808F0D2F800232360074B6360B5
:1022D00010BD084B5B6808489847E4E72368002274
:1022E0001A605A609A60DA601A61EFE72C5F5CA9A5
:1022F00040120020C0000020E8B5000010B50446E0
:1023000068B36068B0F5683F28D0B0F5680F25D095
:10231000174B984228D0FFF727FFC0B14FF0FF328C
:102320004FF0FF332146134803F008FB08B9236838
:102330001BB9114B5B6811489847236800221A604B
:102340005A609A60DA601A614FF4686363602068CB
:1023500008F00DF9636843F03A03636010BD064B63
:102360005B6807489847CCE72368002BD3D1D5E7B3
:102370002C5F5CA940120020C000002010B60000B5
:10238000E8B5000008B5402314220449044808F0C9
:102390005FF80449044804F025FE08BD400D002004
:1023A0004012002040B6000054B600002DE9F04174
:1023B00082B000AF0446D0F800E0D0F804C08568D1
:1023C0006E468AB06B4613F1100200F0888014212B
:1023D0008AB10846042903DDDFF81C81C3F81480A4
:1023E000082801DDC3F818E00C2801DDC3F81CC083
:1023F000102800DD1D62132974DD14253AB1052172
:10240000397100217971B971F97178681861002109
:102410006FF300016FF341016FF382016FF3C501A8
:10242000012363F38811C5F30A0565F353216FF3A4
:102430001F5100233148FFF761FBB546D4F80CC0AB
:1024400026696569E8468AB06B4613F110024CD0E4
:10245000142182B10846042903DDDFF8A4E0C3F8A3
:1024600014E0082801DDC3F818C00C2800DDDE6187
:10247000102800DD1D6213293ADD14253AB105212B
:10248000397100217971B971F97178681861002189
:102490006FF300016FF341016FF382016FF3C50128
:1024A000012666F38811C5F30A0565F353216FF31E
:1024B0001F51124D00232846FFF720FBC546E36954
:1024C000104A3146284606F0B0F8A3690E4A314654
:1024D000284606F0AAF80837BD46BDE8F0816FF03F
:1024E000004175E76FF01B0588E76FF00041B0E72A
:1024F0006FF01B05C2E700BF64B60000DCB000004F
:1025000094B60000C4B60000D4B6000038B5044646
:102510000D4611B10846FFF749FF012C04D02946AA
:10252000204602F0ABFF38BDEFF30583103B034AB2
:102530000121034806F079F8F1E700BF04B7000075
:10254000DCB0000030BFFFF7FDBF00BF38B5044668
:10255000054D2A46054908F001FB054A002160198E
:1025600008F023FB38BD00BF0000000048B10000A8
:102570000400000070B50646064D074B1D444C1B79
:102580002046FFF7E3FF083CC6F8A44005F1080029
:1025900070BD00BF0000000004000000054B5A6938
:1025A0009B689A4204D0044A536843F080535360B6
:1025B000704700BF3814002000ED00E081690D4B2A
:1025C0005A6942F480725A61BFF34F8FBFF36F8F25
:1025D00031F8021C5A6922F480725A61BFF34F8F9E
:1025E000BFF36F8F4DF60273994201D00020704700
:1025F0000120704700ED00E04FF0000C83F800C0B0
:1026000002F07F4CBCF17F4F14D102F00C0CBCF1F6
:10261000080F04D012F0080F09D00846704708B51B
:10262000054A0121054805F0F6FF002008BD0122FA
:102630001A7070470020704718B70000DCB0000027
:1026400008B5314A0121314805F0E5FF304B9B6A5E
:1026500013F0007F26D11D202D4B9B6A13F0807F45
:1026600027D12B4B9B6A13F4801F29D1284B9B6ADF
:1026700013F4002F2BD1264B9B6A13F4802F2DD1FE
:10268000234B9B6A13F4003F2FD1214B9B6A13F419
:10269000803F31D11E4A936A6FEA03436FEA1343C6
:1026A000936208BD1B4A0121184805F0B4FF1E20A3
:1026B000D2E7194A0121154805F0ADFF1F20D0E7E8
:1026C000164A0121114805F0A6FF0220CEE7144A60
:1026D00001210E4805F09FFF2120CCE7114A01217E
:1026E0000A4805F098FF2220CAE70F4A012107484F
:1026F00005F091FF2320C8E70C4A0121034805F0AB
:102700008AFF2420C6E700BF44B70000DCB0000009
:1027100000ED00E05CB7000070B700008CB700006F
:10272000B8B70000D8B7000000B800001CB800001F
:1027300008B500230B70034A0121034805F06BFF25
:1027400008BD00BF48B80000DCB0000090B583B001
:1027500000AF0F2923DC2F4C103900233B710223DB
:102760007B718AB0EC461CF110021AD0122022B103
:10277000042802DD284BCCF8143000233B700223E0
:102780007B70E2B10346082801DDCCF818400C2B21
:1027900001DDCCF81C100CF1200300210DE01F4CD2
:1027A000DAE76FF00040E2E701F1080404EB070EFE
:1027B0001EF808EC03F801EB01310129F4D91128C6
:1027C00024DD12234AB10421397100217971B971D4
:1027D0000121F9717868CCF8100000216FF3000135
:1027E0006FF341016FF382016FF3C501012060F3C4
:1027F0008811C3F30A0363F353216FF31F510023BE
:102800000748FFF77BF90C37BD4690BD6FF01B03FF
:10281000D8E700BF6CB80000A0B8000084B8000082
:10282000DCB00000F8B505460F461446394A0121D0
:10283000394805F0F0FE394B9B6A13F0100F31D187
:102840001026364B9B6A13F0080F32D1334B9B6A2C
:1028500013F0020F34D1314B9B6A13F0010F4BD1AF
:102860002E4B9B6A13F0200F4DD12C4B9B6A13F01B
:10287000100F01D1294B9B6A284B9B6A13F0200F44
:1028800004D0264A536A23F400535362234A936ABE
:1028900043F0FF0393620121284605F0C8FF207032
:1028A0003046F8BD1E4A01211B4805F0B4FE112632
:1028B000C7E71C4A0121184805F0ADFE1226C5E7FE
:1028C000194A0121144805F0A6FE144A536B926A76
:1028D00012F0800F01D11326BDE7144A01210E48E2
:1028E00005F0A3FE37B10D4A936A23F0800393628B
:1028F0001326B0E71326AEE70D4A0121064805F07E
:102900008AFE1426ACE70B4A0121034805F083FE3A
:102910001526AAE7B4B80000DCB0000000ED00E026
:10292000CCB8000000B9000014B900002CB90000B8
:1029300044B9000064B90000F8B505460F461446D6
:10294000374A0121374805F066FE374B9B6A13F47E
:10295000805F25D11626344B9B6A13F4006F26D175
:10296000314B9B6A13F4007F28D12F4B9B6A13F4E1
:10297000806F3FD12C4B9B6A13F4807F41D12A4B4F
:102980009B6A13F4005F43D1274A936A43F47F4361
:1029900093620121284605F04AFF20703046F8BDB9
:1029A000224A01211F4805F036FE1726D3E7204AA8
:1029B00001211C4805F02FFE1826D1E71D4A0121F0
:1029C000184805F028FE184A936B926A12F4004FDB
:1029D00001D11926C9E7184A0121124805F025FE40
:1029E00037B1114A936A23F4004393621926BCE776
:1029F0001926BAE7114A01210A4805F00CFE1A26E9
:102A0000B8E70F4A0121074805F005FE1B26BBE782
:102A10000C4A0121034805F0FEFD1C26B4E700BF67
:102A200094B90000DCB0000000ED00E0ACB900009B
:102A300000B90000C0B90000DCB90000F4B9000022
:102A400010BA000064B9000070B506460D462B4A66
:102A500001212B4805F0DFFD00232B70294BDC6A98
:102A600014F002040AD1274BDB6A002B0DDB254B47
:102A7000DC6A14F080440ED1204670BD224A012148
:102A80001F4805F0C8FD0024F6E7204A01211C4834
:102A900005F0C1FDF0E71E4A0121194805F0BBFD14
:102AA0003046FFF78BFD98B9164B9B6A13F0FF0F6A
:102AB00016D1144B9C6A14F47F4418D1114B9B6AB5
:102AC000B3F5803FD8D33046FFF7BAFD0446D3E7CD
:102AD0003368104A01210A4805F0A7FD3468CBE7A6
:102AE0002A4601213046FFF79DFE0446C4E72A46E8
:102AF00001213046FFF720FF0446BDE728BA000059
:102B0000DCB0000000ED00E040BA000064BA000054
:102B100074BA000094BA000030B58BB01F4B5D68EA
:102B2000C5F30805002383F31188BFF36F8F0DF100
:102B30002603FFF761FD04460DF12702294605F043
:102B400078FE9DF827300BB10BB030BD05460DF176
:102B5000040C20686168A268E368ACE80F00206993
:102B60006169A269E369ACE80F009DF826304BB1BA
:102B7000089BC3F308025AB96FEA53236FEA432351
:102B8000089305E0089B23F4FF7323F001030893E7
:102B900001A92846FFF7BAFCD6E700BF00ED00E028
:102BA000064B5A6942F010025A615A6942F4806237
:102BB0005A615A6922F008025A61704700ED00E03C
:102BC000EFF30880EFF3098101B57246FFF7A4FF28
:102BD00001BD00BF002080F31488BFF36F8F002079
:102BE00080F30A8880F30B88104880F3088800205F
:102BF0000F49087001F04CFE00200E490860BFF339
:102C00004F8F00F02FF8202080F311880A484FF4EE
:102C10000061401880F30988EFF314800221084313
:102C200080F31488BFF36F8F00F0E4F89830002031
:102C30005616002094ED00E058230020084BD3F8EE
:102C40009000C0F30720002306E0054AC2F8983040
:102C50000021C2F8A01001338342F6DB704700BFA9
:102C600000ED00E010B572B6002484F31388FFF77E
:102C7000E5FF234608E003F120010E4A4FF0FF3044
:102C800042F821000133DBB20F2BF4D9002308E016
:102C900003F16001074A4FF0FF3042F82100013391
:102CA000DBB20F2BF4D962B6BFF34F8FBFF36F8F38
:102CB00010BD00BF00E100E008B50A4B9B688342ED
:102CC00002D003F021FD08BDEFF30583002BF8D0FF
:102CD000054B5A6842F080525A605A6A22F4004208
:102CE0005A62EEE73814002000ED00E016498A68C9
:102CF0004FF030001044EFF3098C80E8F01F2020E3
:102D000080F31288BFF36F8F104F4FF000664A694F
:102D10008A603E60D2F8A4000D4C2060D2F8A80072
:102D20000023C2F8A83080F3118802F1300090E847
:102D3000F01F8CF3098802F1000004B505F0AFFD27
:102D4000BDE80440704700003814002004ED00E0A6
:102D50005C1200201EF0040F0CBFEFF30880EFF3AD
:102D60000980816911F8021C0229FFD001B5724661
:102D700005F051FD01BD00BF002807DB00F01F0278
:102D8000400901239340024A42F82030704700BFB7
:102D900000E100E0002808DB4901C9B200F1604011
:102DA00000F5614080F80013704700F00F00490102
:102DB000C9B2014B1954704714ED00E04209054BAC
:102DC00053F8222000F01F00012303FA00F0104006
:102DD000704700BF00E100E0044B23F07F03044A8A
:102DE0009360BFF34F8FBFF36F8F704700000000F9
:102DF00000ED00E008B5FFF7EFFF074AD2F8883092
:102E000023F47003C2F8883002F0E8FC03F0F6FD0A
:102E100000F04EF802F03EFD00ED00E010B4A2F12B
:102E200020040E4942F8081C21F0010142F8081C58
:102E300042F8203C019B42F81C3C029B42F8183CA3
:102E4000039B42F8143C4FF0807342F8043C046545
:102E50000023C0F8A83010BC704700BF4D1300001D
:102E600000B50E4615460B4B9860D0F8A4200A4BCF
:102E70001A60D0F8943083F30B882C4686F30988C7
:102E80000020064B98472046002100220023044CD6
:102E9000204700BF381400205C120020A9880000E1
:102EA0004D130000014B10221A61704700ED00E045
:102EB000002207E003F1604303F56143202183F81A
:102EC00000130132442A09DC53B2002BF2DA03F07A
:102ED0000F030349194420230B76F2E7704700BF24
:102EE000FCEC00E008B5EFF30583103B044A02EB6D
:102EF000C301496852F833008847FFF74FFB08BD0C
:102F0000A4AD000010B584B00A4C23460A4A012142
:102F10000A4805F0DBFD0023019302930393084B5D
:102F20000193E41A0294012101A805F0D3FD04B035
:102F300010BD00BF0000072000000020B0BA000054
:102F4000C8010020024B034AC3F8C020704700BFED
:102F500000ED00E0AAFF4400034BC3F89800C3F85B
:102F60009C10C3F8A020704700ED00E00E4BC3F8A2
:102F70009800C3F89800D3F89C000A7A60F3040222
:102F80000A72D3F8A020C2F34202087A62F3471013
:102F90000872D3F89C2022F01F020A60D3F8A030F8
:102FA00023F01F03CB60704700ED00E070B50546CD
:102FB0000E46002400E00134A6421EDD04EB44036B
:102FC0009A0005EB830359680029F4D0A85805F04E
:102FD000D7FC04EB84030B4A42F8230010F1160FD0
:102FE0000CD0094B1B78984209DA04EB840302EBFE
:102FF00083010431FFF7BAFFDDE7002070BD6FF0F9
:103000001500FBE7601200205016002010B50446A2
:103010000A4BD3F89030C3F30723013B984203D8FF
:1030200005F088FC204610BD0346054A01210548ED
:1030300005F0FBFA6FF01500F5E700BF00ED00E0CA
:10304000C0BA0000D4B000002DE9F04F87B081462F
:10305000009101931446002648E03346614A01215D
:10306000614805F0E2FA6FF0150407E03B465F4A5D
:1030700001215D4805F0D9FA6FF01504204607B02C
:10308000BDE8F08FD84564D12946C0B205F089FC6F
:103090002BE0574AC2F89870D2F89C3003F01F0317
:1030A00021F01F010B43C2F89C302946E0B205F025
:1030B00078FC044610F1160FE0D0013415E0013B16
:1030C0004B49C1F89870D1F8A02002F01F0223F0FC
:1030D0001F031343C1F8A0302946E0B205F061FC9C
:1030E000044610F1160FC9D001340136009B9E42F0
:1030F000C4DA06EB46054FEA850A09EB85056F68D9
:10310000002FF2D0019B23B1284605F027FC0028B0
:10311000A3D0394659F80A0005F032FC074610F1F1
:10312000160FA3D08442A1DD314BC3F89800D3F829
:103130009C2022F01F02C3F89800D3F8A03043F07F
:103140001F0859F80A306968194401F1FF3B93429E
:1031500098D093429DD0D845B1D0013B2449C1F8C5
:103160009870D1F8A02002F01F0223F01F03134330
:10317000C1F8A0302946E0B205F013FC044610F176
:10318000160F3FF47BAF0130194BC3F89870D3F89A
:103190009C109DF8102061F304028DF81020D3F8E4
:1031A000A030C3F34203D2B263F347128DF810206C
:1031B00059F80A306A681344029323F01F03A8EBFE
:1031C0000B084344013B23F01F03059302A9C0B23F
:1031D000FFF71CFF044610F1160F3FF44FAF013408
:1031E00083E700BFE8BA0000D4B000000CBB0000C9
:1031F00000ED00E010B5034C01232278FFF724FF17
:10320000207010BD50160020044B0522C3F89420F6
:10321000BFF34F8FBFF36F8F704700BF00ED00E02B
:10322000BFF35F8F024B0022C3F89420704700BFAA
:1032300000ED00E038B51C4B1D681C4BD3F89030F6
:10324000C3F307239D422BD8FFF7EAFFFFF77AFE6F
:10325000002407E0144B596801EB0411204605F0E7
:1032600069FB0134A542F5D81148057005F0B8FB9B
:1032700010F1160F13D00E4B1A780C4BD3F8903078
:10328000C3F307239A4207DA084BC3F898200021BA
:10329000C3F8A0100132F0E7FFF7B6FF002038BDF9
:1032A0004FF0FF30FBE700BF30BB000000ED00E057
:1032B0005016002030B587B00D461146002400940A
:1032C0000194029403940494059402228DF8022040
:1032D000044A0192049005951A46684603F07EFF61
:1032E00007B030BDDD8A000008B5024B1B68984767
:1032F000002008BD74120020034B1860034A937825
:1033000043F0020393707047741200207400002091
:1033100008B5064921F00701C1F1005202F5E0228B
:10332000034804F007FB002008BD00BF9F340020C5
:103330007812002068B108B5064A074B1B68074998
:10334000A1FB03139B0C00FB03F042F00103984721
:1033500008BD704760B100009400002083DE1B436D
:1033600038B51A4B1B780133194AA2FB031202F439
:10337000FE7101EB92029C1AE5B206F0B6FB154B0A
:103380001B782BB1144A52F82530C01A07281AD9D5
:103390004FF05023D3F8143163B14FF05023002283
:1033A000C3F81421D3F81431084B1D7015B9094B1B
:1033B00001221A70054B1C7806F097FB064B43F868
:1033C0002400012038BD0020FCE700BF5216002079
:1033D000CDCCCCCC511600208412002000B583B097
:1033E0000DF1070001F068FB114B98421CD1114B05
:1033F0004FF48062C3F8B8254FF40062C3F83C254F
:103400000D499DF8070006F034FC0C499DF80700B3
:1034100006F02AFC9DF807300120984001F046FB99
:10342000002003B05DF804FB6FF00B00F9E700BF6C
:103430000000AD0B00A002502CA0025028A10250A9
:1034400008B50121104BC3F80015104A0223C2F839
:10345000D0360F48D0F8003223F0E04343F0405319
:10346000C0F80032D0F8043223F0E04343F0405378
:10347000C0F80432C2F80417C2F80419C2F8001BDD
:1034800000F032F808BD00BF0010005000400050AE
:103490000025845000F01F0240090CD001280CD1F7
:1034A0000748803250F8223023F0E04343EA0171AC
:1034B00040F8221070470348F3E70020F1E700BF0F
:1034C000002884500025845038B50546002405E0C6
:1034D0002946044B185DFFF7DDFF0134032CF7D9B3
:1034E00038BD00BF6CBB000008B50249024804F0BB
:1034F00022FF08BD70BB00009812002000487047F2
:1035000040130020034BC01A8010034B03FB00F054
:10351000704700BFC8120020B76DDBB638B505464E
:103520000C46FFF7EFFF01464022034805F0E7FB9A
:1035300001462846A04738BD24AD000030B583B011
:1035400005460C46FFF7DEFF014640230093234665
:10355000054A064805F0EDFB011E01DB03B030BD56
:103560002846A047FAE700BF7B8D000024AD00008D
:1035700008B5092817D8DFE800F0051C161616163E
:103580001616171200210D4805F045FB836813F04D
:10359000070F08D10021094805F09FFB03E0022135
:1035A000064805F09AFB08BD0321044805F095FB89
:1035B000F9E70121014805F090FBF4E724AD000094
:1035C00010B582B0EFF31184202383F31288BFF388
:1035D0006F8F154A136843F00201116013F0010F59
:1035E00009D1002384F31188BFF36F8FB3B905F0BD
:1035F000CCFB02B010BD0DF1070201214FF05020AD
:1036000005F0DAFA9DF80730012B01D00023E9E735
:10361000FFF774FF05F04FFB0123E3E700210348A8
:1036200005F05BFBE5E700BF6813002024AD000058
:1036300010B5EFF31184202383F31288BFF36F8F4B
:10364000074A136823F00201116013F0010F04D040
:1036500084F31188BFF36F8F10BD05F0AAFBF7E765
:103660006813002070B582B00546012807D14FF0DD
:103670005023D3F81C3403F00303022B36D007F099
:1036800027F8044610B92B4B1B7873B9EFF311865A
:10369000202383F31288BFF36F8F012494B94FF076
:1036A00050230222C3F808230CE00026F6E7FCB101
:1036B000304605F019F94FF05023D3F81835DBB236
:1036C000012B19D00DF1070200214FF0502005F019
:1036D00073FA0028EBD09DF80730022B01D0012DA2
:1036E000E5D104B386F31188BFF36F8F02B070BDCC
:1036F000012005F072FBDEE74FF05023D3F80431D0
:10370000002BDFD04FF050230022C3F80421D3F860
:1037100004210222C3F81825074A2021C2F880118B
:1037200001229A60CEE74FF050230222C3F804230F
:10373000DCE700BF5616002000E100E000B585B0D0
:10374000CDF800D0CDF804D00023029301230393D9
:103750006B46074A05F009FB002805DB4FF4804261
:103760000023684602F036FA05B05DF804FB00BF9E
:10377000078E000070B5064600220121052005F0E5
:1037800082F8114801F0A0F9104B984219D101F0CC
:10379000ADF90024032C12D82146304605F03BFA3F
:1037A00005462146304605F043FA094904F0C3FDB9
:1037B000002805DB0123AB601C44E4B2EAE70020EB
:1037C00070BD6FF00400FBE7713500000000AD0B29
:1037D0007CBB000010B504460E4B0121D3E8EF2F4F
:1037E000C3E8E01F0028F9D11AB1631E012B0DD9DF
:1037F00010BD094805F01CFA084900234B608B6096
:10380000CB6001238B6004F0B3FDEEE72046FFF7A9
:1038100029FFEDE7C412002024AD0000B4120020FF
:1038200010B504460A2806D0E1B206488368DB6971
:103830009847204610BD03488368DB690D219847EF
:10384000F2E700BF84AD000010B5044C2046FFF73E
:1038500053FD2046FDF774FD10BD00BF2138000068
:1038600008B5054806F0A0FD18B1FFF7EDFF0020F0
:1038700008BD6FF01200FBE784AD0000F0B51C46F8
:10388000059F069E00F01F0C400936D0012836D156
:10389000284D0CF1800355F8233091B3012092B3E9
:1038A0004FF0020E40EA0E0084B34FF00C0E40EAD7
:1038B0000E0077B34FF4706E40EA0E0066B34FF41B
:1038C000403E40EA0E0023EA000041B30B7842B3C9
:1038D00012785200134334B322789200134327B373
:1038E0003A781202134316B3327812041343034397
:1038F0000CF1800C45F82C30F0BD0F4DC9E70025C8
:10390000C7E70020CBE74FF0000ECBE74FF0000EEB
:10391000CDE74FF0000ECFE74FF0000ED1E70023C8
:10392000D5E70022D6E70022D8E70022DAE7002216
:10393000DCE700BF002884500025845000F01F03FE
:10394000400908D0012808D1054A803352F82300E5
:1039500000F001007047034AF7E70022F5E700BFD7
:10396000002884500025845028B1012801D1034843
:103970007047002070470248704700BF44AD000008
:1039800064AD00002DE9F04786B08846164699469A
:10399000446801F01F05237B45EA4315204605F0E6
:1039A000ABFA002864D0B6F5001F35D00DF10C0A33
:1039B0000027039704974946304605F0D2FA8DF860
:1039C0000C00009701970297CDF804A0A36823FA92
:1039D00008F313F0010F02D1B6F1A07F23D004F158
:1039E00010060DF117022946304606F0B7FC234BAE
:1039F000984237D010346A462946204606F0A2FC89
:103A00001E4B984237D101222946204606F0BEFCC3
:103A1000002006B0BDE8F087294604F1100006F04A
:103A2000B9FC0020F5E72846FFF788FF0028D6D12B
:103A30000DF11702294604F1100006F08FFC104B1F
:103A4000984203D00DF117030493D3E70DF1170249
:103A50004146204605F0C1FA084B9842F2D06FF07B
:103A60000B00D6E79DF81710304606F087FCC1E73B
:103A70006FF08500CDE76FF01500CAE70000AD0BD1
:103A80000400AD0BF0B589B00F461446456801F04F
:103A90001F062B7B46EA4316104605F032FA8DF8D6
:103AA0001E0040F206332340B3F5837F53D016D86F
:103AB000062B4CD006D9B3F5807F0DD101238DF8AC
:103AC0001D3024E003B3022B03D104238DF81D30F5
:103AD0001DE06FF0150038E06FF0150035E040F2A2
:103AE000022293423BD0B3F5407F03D103238DF8EC
:103AF0001D300CE0B3F5007F03D102238DF81D309B
:103B000005E06FF0150020E000238DF81D3014F45F
:103B1000002F28D06A680123BB409360284605F037
:103B2000EBF940B310350DF11F023146284606F07F
:103B300015FC074614F4403F36D13146284606F0BE
:103B400019FC3C4B9F426DD0002009B0F0BD06230C
:103B50008DF81D30DBE707238DF81D30D7E70523EF
:103B60008DF81D30D3E714F4802FD7D06A68012375
:103B7000BB40D360D2E7C4F340438DF8083014F45F
:103B8000803F0CBF012300238DF8103000240194E6
:103B90000DF11D0300930DF11E0304AA02A9304686
:103BA000FFF76CFE2046D0E702AA0023029303939E
:103BB000049305930693059204AA3146284606F01D
:103BC000C1FB1C4B98421DD114F4003F1DD09DF841
:103BD0001D308DF8103014F4803F0CBF01230023FA
:103BE0008DF811309DF81E308DF81230002304AA94
:103BF0003146284606F0AAFB0E4B9842A1D06FF042
:103C00001500A2E76FF015009FE7002304930593CA
:103C100006930DF11E03049304AA3146284606F0CC
:103C200091FBE9E79DF81F10284606F0A7FB00204E
:103C30008BE700BF0000AD0B38B504464568284649
:103C400005F05AF920B91049204605F004F938BDAD
:103C50001035284606F08AFB0028F4D100212846BA
:103C600006F080FB094B98420AD1002208492846F9
:103C700006F070FB002205210D2004F004FEE2E7AF
:103C80006FF00400E3E700BFC18F00000000AD0B40
:103C90009B8F000070B400F01F0C400919D0012860
:103CA00019D10E4D0CF1800055F820600C4C3440B9
:103CB00041EA420141EA83039DF80C2043EA0223D2
:103CC0009DF8102043EA0243234345F8203070BC9E
:103CD0007047044DE6E70025E4E700BF0028845064
:103CE000F0F0FCFF0025845000F01F01400906D0D1
:103CF000012806D1044A01238B4093607047034A90
:103D0000F9E70022F7E700BF00288450002584501F
:103D100000F01F01400906D0012806D1044A012302
:103D20008B40D3607047034AF9E70022F7E700BFF2
:103D300000288450002584502DE9F04F85B00746B7
:103D40008B469046002423E04FF0FF3535E0C8F85D
:103D50000C55012603963146B5F1FF3F16D0B1F15F
:103D6000FF3F40F0138157F80A3013F4004F02D0A0
:103D700001260022039200220192CDF80090C3F3A5
:103D80004123324603992846FFF784FF0134E4B209
:103D90005C4580F0FF804FEA840A57F82430C3F373
:103DA000C322C3F30805082A00F2F6807E4911F801
:103DB000029040F2FF129542C6D01B0E222B00F259
:103DC000EE8001A252F823F04F3D0000553E000066
:103DD000633E00006F3E00007D3E00008B3E000011
:103DE000973E00009F3F00009F3F00009F3F000064
:103DF0009F3F0000A53E0000B93E00009F3F00002D
:103E00009F3F00009F3F00009F3F00009F3F00003A
:103E10009F3F00009F3F00009F3F00009F3F00002A
:103E2000CD3E0000DF3E0000F13E0000033F0000F9
:103E30009F3F00009F3F00009F3F0000153F000094
:103E4000253F0000313F0000413F0000513F00008E
:103E5000613F0000C8F81455002603964FF0FF316B
:103E60007AE7C8F8085501260396314674E7C8F882
:103E70001055002603964FF0FF316DE7C8F808553E
:103E8000002601230393314666E7C8F80C55012646
:103E90000396002160E7C8F81055002603964FF0FE
:103EA000FF3159E7C8F80855B9F1000F5ED0002678
:103EB00003964FF0FF314FE7C8F80C55B9F1000FEA
:103EC0005CD0002603964FF0FF3145E7C8F86055F7
:103ED00057F80A10C1F30041012603963CE7C8F8E1
:103EE000645557F80A10C1F300410126039633E7E1
:103EF000C8F8685557F80A10C1F300410126039627
:103F00002AE7C8F86C5557F80A10C1F3004101269A
:103F1000039621E7C8F824550126002303934FF0A8
:103F2000FF3119E7C8F8285501260396314613E7F3
:103F3000C8F830550126002303934FF0FF310BE7FB
:103F4000C8F834550126002303934FF0FF3103E7EF
:103F5000C8F838550126002303934FF0FF31FBE6E4
:103F6000C8F83C55012603963146F5E64E46CDF895
:103F70000C904FF0FF314FF00609EDE64E46CDF8BC
:103F80000C904FF0FF314FF00609E5E6284605F0AA
:103F900043F8E8E6002004E06FF0150001E06FF060
:103FA000850005B0BDE8F08F44BC00002DE9F84362
:103FB00005460F46466806F08BFB20B9234B1B785D
:103FC0000BB3002300E00123D5F810906A68D2F803
:103FD0000080F3B9284605F058F90446736813F0D9
:103FE000040F03D04FF48003C8F80433F36A1F7042
:103FF0000122F16A284605F094F984F31188BFF391
:104000006F8FBDE8F8830123DEE784F31188BFF3E7
:104010006F8FEFF31184202383F31288BFF36F8F28
:10402000284605F032F80028EFD0D9F80030002BF0
:10403000D4D0D3F8A420002AD0D0D3F8B420002ABA
:10404000CCDAD8F84C25C3F8B420C7E756160020C0
:104050002DE9F04F85B09846D0F810B0DBF800405D
:10406000D0F804A0DAF800509AF80830002B40F09D
:10407000B58081460F46164694F86130002B40F01B
:10408000B08094F86230002B40F0AE806365B8F1E8
:10409000FF3F44D0B8F1040F16DDA3F1993383FB41
:1040A00008234FEAE870C0EB6300C117C90341EA77
:1040B0005041C0034E4BC0184E4A4FF0000341F12F
:1040C0000001FCF747F801E000200146A065E1652A
:1040D000276466640023A364E3642365DAF804308C
:1040E00013F0040F20D1DAF8043013F0040F02D0DB
:1040F00094F8602052BBC5F83475C5F838650020C7
:10410000C5F81001D5F81031C5F84C01D5F84C317F
:10411000012384F861302B6005B0BDE8F08F0022E8
:104120000023C4E91623D3E7EFF31183039320237D
:1041300083F31288BFF36F8F0221484605F0E5F83C
:10414000039B83F31188BFF36F8FCCE7B24228BF84
:1041500032469146DAF82810384606F0FFFC4F4404
:10416000B6EB090614D0B8F1FF3FC4D00023C5F860
:104170000831D5F8083104F10800D4E916234FF0CE
:1041800000084FF00009CDE9008902F013FEB2E704
:1041900094F86020A2EB0902D2B284F86020DAF829
:1041A000280000EB090106F0E6FC0BF10803D3E858
:1041B000EF1F41F00401C3E8E21F002AF7D145F3E5
:1041C0000735002D08DB05F01F026D090123934020
:1041D0004035094A42F8253000209DE76FF0850000
:1041E0009AE76FF00F0097E76FF00F0094E700BFBA
:1041F0003F420F0040420F0000E100E0F0B583B005
:1042000004461D460669EFF31187202383F31288C5
:10421000BFF36F8F3368D3F8A40000BBC3F8A420AA
:104220003368C3F8A01001F06043B3F1005F1DD103
:104230003368C3F8A8103368C3F8AC203146204671
:1042400005F08AF887F31188BFF36F8F204604F0DA
:104250004BFF80B3B5F1FF3F10D100202CE087F376
:104260001188BFF36F8F6FF00F0025E033680022D5
:10427000C3F8B020204605F0E0F9DFE73468683481
:1042800025EAE575E917C90341EA5541ED030B48F5
:1042900028180B4A4FF0000341F10001FBF75AFFC9
:1042A00002460B4600200021CDE90001204602F025
:1042B00081FD002000E0002003B0F0BD3F420F0070
:1042C00040420F0070B50446056943681E682868BF
:1042D00000220A49083006F022FC2B68DC632868BB
:1042E00000220749683006F01AFC2B68C3F89C408E
:1042F000044BC6F80433002070BD00BF9F97000038
:104300009B95000014020A0038B505460C4601F1E1
:104310000C0000F0D1FB0C4B98420DD105F10C02C2
:1043200005F59071207B05F0A9FC237B01209840C6
:1043300000F0BCFB002038BD044A0121044804F011
:104340006AF96FF00400F6E70000AD0B50BC000006
:10435000ECB0000038B5044645680121E86804F077
:10436000B9FF63681A682B69C2F824356B7DA97D93
:104370000B43298B0B43297D0B43C2F86C35236912
:104380001B6823B12046FFF79DFF002803DB204672
:1043900005F041FA00B138BD0249204604F044FE60
:1043A000F9E700BFBF93000021F07F4100F5A8703E
:1043B000014B43F820107047005001504FF48033F8
:1043C0008340024AC2F84433704700BF0050015096
:1043D0004FF480338340024AC2F84833704700BF2D
:1043E00000500150014BD3F80405704700500150B4
:1043F0002DE9F843054689469046FFF7E9FF284630
:1044000005F03BFB4E46032710E0FFF7EBFF0446A9
:10441000494605F021FBB0F5000F26D9284605F0E6
:104420002CFBB8F1000F22D13E1901373146284646
:10443000FFF7BAFF2846FFF7C1FFFFF7D3FF044697
:10444000C11C304605F008FB0A4B98420AD92846A1
:1044500005F006FB0028D8D1B8F1000FE4D06FF0CA
:10446000150000E00020BDE8F8830020FBE76FF0B6
:104470001500F8E7FDFF7F00034B044AC3F808234B
:10448000C3F84823704700BF0050015003000F00DD
:1044900010B5012383406FEA030C0C4AD2E8EF1FEA
:1044A00001EA0C0EC2E8E4EF002CF7D14FF48032A1
:1044B00082400748C0F80823BFF35F8FBFF36F8FB8
:1044C0000B4214BF0120002010BD00BF9813002034
:1044D000005001504FF480338340124AD2F8042335
:1044E000134201D10020704710B5044601238340D8
:1044F000DB430D49D1E8EF2F02EA0300C1E8EC0FDE
:10450000BCF1000FF6D122FA04F313F0010F03D12E
:10451000204605F0A5FA18B1204605F0AEFA0120B4
:1045200010BD00BF005001509413002001B9704726
:10453000012383400D4AD2E8EFCF4CEA030CC2E8D6
:10454000E1CF0029F7D14FF480338340084AC2F805
:104550000433084BD3E8AF3FC34013F0010FE6D05C
:10456000054B4FF40012C3F80021E0E79813002038
:10457000005001509413002000E100E038B51446CB
:104580001046194605F085FA02460D490B68E01AF7
:104590001B184C6844F100040B604C60A2F500133A
:1045A000B3F5400F09D2074B1B68190A1B06D41834
:1045B00041F10005044BC3E9004502F0FDFA38BDA6
:1045C000B80900209C130020C009002038B50D4B0D
:1045D0001C68250A2406BFF35F8FFFF703FF03461D
:1045E000001945F10001B3F5801F0AD2064BD3E94B
:1045F0000023904271EB030303D210F1807041F16C
:10460000000138BD9C130020C00900202DE9F041B5
:10461000064614461D469DF820801046194605F0B2
:1046200038FA0746FFF7D2FFA04271EB050319D213
:10463000201A65EB01011B4B984271F100012BD24E
:10464000194B03EB0613D3E90223AB4208BFA24286
:1046500001D1002014E0424639463046FFF7C8FE3B
:1046600070B117E0B8F1000F19D10123B3400F4A20
:10467000D2E8EF0F1843C2E8E10F0029F8D100207B
:10468000094B320103EB0616C6E90245069999501B
:10469000079B7360BDE8F0816FF01500FAE76FF0DB
:1046A0001500F7E701008000A809002094130020FE
:1046B00030B585B0FFF7E0FE00231E4AC2F808358A
:1046C000002B25DD1B4C0225C4F804531A4B4FF474
:1046D0000012C3F8802100220121152004F0D3F834
:1046E000152004F0CBF80123A3602360134A136064
:1046F000002402940194124B0093124A0023204696
:1047000005F0D7F92846FFF765F8204605B030BD1B
:104710000D4A02EB03124FF0FF304FF0FF31C2E9B8
:1047200002014FF480329A400249C1F80423013358
:10473000C6E700BF0050015000E100E098130020E0
:104740007D450000FFFF7F00A80900202DE9F0470C
:1047500082B00446FFF7BEFE10B902B0BDE8F08794
:10476000FFF734FF82460D4605F096F90646154BD5
:1047700003EB0413D3E90289C24575EB09050BD29B
:104780000025304605F090F9002DE6D0009742460E
:104790004B462046A847E0E70A4A230102EB0411F2
:1047A000D5584F680020D0504FF0FF324FF0FF3304
:1047B000C1E902232046FFF70BFE204605F05DF914
:1047C000DFE700BFA809002010B50D4BD3F8043374
:1047D00013F0020F03D10024002C0BDD10BD0221C9
:1047E000074805F003F90028F5D0064A136801339D
:1047F0001360F0E72046FFF7A9FF0134ECE700BFA4
:10480000005001509C13002010B584B0B0F1FF3F60
:1048100018D001281BDD154B9842A8BF1846044646
:10482000134B01221A70FFF7D1FE124B1A685B6816
:10483000801AB0F5000F0CD20444B4F5000F09D370
:104840000A4C07E00A4B00221A70084CEBE70124DF
:10485000E6E7064C002012190290019006490091EB
:1048600043F1000305F025F904B010BDFFFF7F0000
:1048700055160020B80900207D45000008B5FFF757
:10488000A5FE024B1B68C01A08BD00BFB809002076
:1048900008B505F0AEF968B15D4BD3F8203A4BB9D5
:1048A0005B4B0D22C3F8202A0122C3F81C290022E9
:1048B000C3F81C2900220BE002F160034FF47F01D2
:1048C00051F83310DB0003F57F035B680B600132A6
:1048D0001F2A08D802F160034FF47F0151F83330EA
:1048E000B3F1FF3FE8D105F05CF930B1484B292224
:1048F000C3F80C270322C3F83C2705F006F940B1A2
:10490000444B454AC3F830254FF050230122C3F8E9
:10491000582505F00EF918B1404B0022C3F84C257C
:1049200005F01FF968B14FF05023D3F8003413F0AD
:10493000010F06D04FF050230022C3F81421C3F812
:10494000182105F022F960B14FF05023D3F800345C
:1049500013F0010F05D04FF050236FF00102C3F8A0
:10496000002405F032F918B1294B6522C3F80C2751
:1049700005F053F920B1294BD3F82034002B30DB5C
:1049800005F057F9E8B1224B7E22C3F80C27C3F893
:104990003C29234A7F23C2F818311E490023C1F85D
:1049A000043EC1F8083E01F54821C1F81031C2F8B3
:1049B0002431C2F82C3102F5FF1202F58052C2F800
:1049C000A032184AD2F88C3043F44063C2F88C30DD
:1049D000154A1168154BC3F84415D269C3F84C2524
:1049E00008BD4FF050230322C3F8182501229A6016
:1049F0004FF05023D3F80431002BF9D04FF050235F
:104A00000022C3F804210122DA60C3F81825B7E7B1
:104A100000400050009003504400EFBE00200350BF
:104A20000020005000ED00E00080FF00006000501A
:104A300010B50468ACB1B4FA84F3C3F11F03DBB260
:104A400001229A4024EA0202D0E8EFCFA44504D123
:104A5000C0E8EE2FBEF1000FF6D1EAD10B7002488C
:104A600010BD0248FCE700BF0000AD0B0200AD0B1B
:104A70000368CB4013F0010F11D100B50268012388
:104A80008B401343D0E8EFCF944504D1C0E8EE3F0C
:104A9000BEF1000FF6D1F1D102485DF804FB0248E7
:104AA000704700BF0000AD0B0400AD0B014BC3F815
:104AB000040570470070015008B50146014805F033
:104AC00083F908BD98000020054B1B792BB9044BD6
:104AD000186001221A71034870470348704700BFED
:104AE000A01300200000AD0B0C00AD0B08B5084B67
:104AF0001B680BB105F0FDF805F0F9F84FF05023F5
:104B0000C3F818050122C3F81425C3F8802508BD91
:104B1000A013002000B583B0032818D8DFE800F008
:104B20001A026D6700224FF48073012003F15023B5
:104B300000211960196802F1502201211160354AE3
:104B40001268002A5FD04FF05023C3F8040303B06B
:104B50005DF804FB4FF05023D3F81824D3F8183431
:104B600003F003038DF8073012F4803F15D14FF0A6
:104B70005023D3F8143413F0010F13D105F0B7F814
:104B80008DF807009DF807204FF05023C3F8182533
:104B900008224FF482730220C8E70DF1070005F0E8
:104BA000FAF8EFE74FF05023D3F81C3403F0030377
:104BB0008DF807300DF1070005F0EDF80028E1D081
:104BC000144B1B682BB14FF050230222C3F804236F
:104BD000BDE74FF05023D3F80431002BF9D04FF04C
:104BE00050230022C3F80421D3F80431AFE7182280
:104BF0004FF490734FF4807098E720224FF4927333
:104C00004FF4007092E71A68002AFCD000221A6064
:104C10001B689CE7A013002010B54FF05023D3F879
:104C2000044302E0194B1B68984774B3B4FA84F04C
:104C3000C0F11F000122824083009BB203F5807304
:104C40009BB2C0B292B224EA020403F15023196865
:104C50000029EAD0002119601B684FF05023C3F8E7
:104C60000823022ADED1D3F81814D3F8183403F03D
:104C70000303012BD6D14FF050230221C3F818159E
:104C8000C3F8042301229A60CFE710BDA0130020CF
:104C900008B50079024B03EB0010FFF7C9FE08BD11
:104CA000A000002070B400F01F0C400919D00128AA
:104CB00019D10E4D0CF1800055F820600C4C344099
:104CC00041EA420141EA83039DF80C2043EA0223B2
:104CD0009DF8102043EA0243234345F8203070BC7E
:104CE0007047044DE6E70025E4E700BF0028845044
:104CF000F0F0FCFF00258450F0B51C46059F069E91
:104D000000F01F0C400936D0012836D1284D0CF197
:104D1000800355F8233091B3012092B34FF0020E77
:104D200040EA0E0084B34FF00C0E40EA0E0077B359
:104D30004FF4706E40EA0E0066B34FF4403E40EA16
:104D40000E0023EA000041B30B7842B31278520000
:104D5000134334B322789200134327B33A781202F4
:104D6000134316B332781204134303430CF1800C3F
:104D700045F82C30F0BD0F4DC9E70025C7E70020EE
:104D8000CBE74FF0000ECBE74FF0000ECDE74FF032
:104D9000000ECFE74FF0000ED1E70023D5E7002249
:104DA000D6E70022D8E70022DAE70022DCE700BFDE
:104DB000002884500025845000F01F02400907D0CD
:104DC000012807D1044B1869D04000F0010070475A
:104DD000024BF8E70023F6E70028845000258450B2
:104DE00000F01F03400908D0012808D1054A80338C
:104DF00052F82300C0F301407047034AF7E700224E
:104E0000F5E700BF002884500025845000B583B02A
:104E100084468E460C4B93E8030002AB03E9030083
:104E2000634609E002A901EB830151F8081C086AF6
:104E300042F8040B086201330CEB0E009842F1D8E3
:104E400003B05DF804FB00BF50B1000000F01F018B
:104E5000400906D0012806D1044A01238B40136281
:104E60007047034AF9E70022F7E700BF00288450A3
:104E7000002584504309034AD35C00F01F00184406
:104E8000C0B27047E4BC000000487047A81300207F
:104E900000487047FCBC00002DE9F04184B0054695
:104EA0000C4616461F460846FFF7E4FF804656B3F9
:104EB0002146284605F06DF828B12146284605F020
:104EC00028F8002843D12146284605F031F810B1D2
:104ED0007378012B3BD001238DF80F300023019311
:104EE0000096B31C721C0DF10F012046FFF704FF62
:104EF0002879FFF7C9FF08F1080230F8123043F0B3
:104F0000030320F81230002F3BD02146284605F03D
:104F100040F8002837D13E782B6806F5A2720021B0
:104F200043F8221043F822102879FFF7ADFF08F16B
:104F3000080230F8123023F02003DB04DB0C20F8E9
:104F400012307B782BB9114804B0BDE8F0811048CD
:104F5000FAE7BA78009222463146286804F051FFF9
:104F60002879FFF791FF024608F1080032F8103067
:104F70007603B6B2334343F0200322F810300348DF
:104F8000E2E70248E0E70248DEE700BF0000AD0BC1
:104F90000400AD0B70B506460D46144604F0B9FF8B
:104FA00068B13079FFF770FF06462846FFF762FFC9
:104FB000083036F810305B0B2370024870BD024891
:104FC000FCE700BF0000AD0B0400AD0B30B583B0B3
:104FD00005460191002400E00134012C18D80E4B45
:104FE0001B5D03F0070202A901EBD30313F8043C95
:104FF000D34013F0010FEFD005EB840201212046CE
:10500000FFF704FF55F82430002BE5D0012000E025
:10501000002003B030BD00BFF4BC000008B500792B
:10502000024B03EB8000FFF703FD08BDB00000203A
:105030002DE9F04182B00546884616461F4605F028
:10504000E8F8AEB33A463146284604F0FEFF041EA7
:1050500020DB2879FFF718FF40F834602879FFF744
:1050600013FF00EBC40047602879FFF70DFF0546EA
:105070004046FFF7FFFE083035F81030E4B2640216
:10508000A4B2234343F4807325F81030094802B0DA
:10509000BDE8F0812879FFF7F7FE0DF107017830C0
:1050A000FFF7C6FC034B9842F1D19DF80740D0E7CB
:1050B0000048ECE70000AD0B2DE9F04784B0064650
:1050C0000C4690460846FFF7D5FE07463079FFF7B5
:1050D000DBFE0546D8F80090B9F1000F21D021463B
:1050E000304604F045FF002843D100238DF80E30F0
:1050F0008DF80F30019300934B460DF10F020DF127
:105100000E012046FFF7F8FD07F1080235F81230CE
:1051100023F002039BB225F8123043F0010325F877
:105120001230D8F80430BBB193F80090D3F804A043
:105130002146304604F00DFFE8B1BAF1000F61D10D
:10514000083735F8173023F01C039BB225F81730C9
:1051500043EA890325F81730D8F80820002A55D0EB
:105160005368126821463046FFF762FF04B0BDE87D
:10517000F0872748FAE707F1080235F8123023F0E4
:105180002003DB04DB0C25F81230BAF1000FD7D076
:10519000B9F1030F38D8D8F804305B6893F800A051
:1051A000B9F1000F08D133680AF5A27A002243F85A
:1051B0002A2043F82A20C3E7484604F0F2FE0346BB
:1051C00031680AF5A27C51F82C2022F0030241F844
:1051D0002C2022465146306804F0FAFD0AF13C03C7
:1051E00005EB43039C8007F1080235F812304FEAC3
:1051F0004A3A1FFA8AFA43EA0A0343F0200325F8E1
:1052000012309DE70248B1E70148AFE70148ADE73A
:105210000400AD0B0000AD0B38B505460C4604F09C
:1052200069FE08B9074838BD2146284604F0EAFE61
:105230002146284605F018F8204604F03FFE0248B3
:10524000F1E700BF0400AD0B0000AD0B08B500791D
:10525000024B03EB8000FFF70BFC08BDB000002001
:10526000F0B583B005460E460079FFF70DFE90F8C5
:105270008C3013B10D4803B0F0BD0446602200210C
:10528000103005F092FC2F682879FFF701FE0368C3
:105290000093002332464FF00041384605F006F8EF
:1052A000012384F88C30A3670148E4E70C00AD0BC0
:1052B0000000AD0B2DE9F04782B081460F469046C5
:1052C00000230093019351686846FFF77FFE4CE08E
:1052D00094FAA4F4B4FA84F404F01F05254B9B5D02
:1052E00045EA43152846FFF7C5FD083037F810A0FA
:1052F000CAF3820A0DEB8603E00804F007041A5C87
:105300000121A14022EA01021A542846FFF768FD54
:10531000034652462946384604F045FF2846FFF723
:1053200095FD02AB03EB860353F8084C002CCFD15C
:105330000136012E0DD8104B9B5D08F10402D908EF
:1053400003F00703525C22FA03F313F0010FEFD0CE
:10535000E7E700224FF00041484604F08EFDD8F800
:1053600004106846FFF732FE08B10026E1E702B0FC
:10537000BDE8F087F8BC0000F4BC0000F8B50446B6
:105380000E461148081A114BA3FB00304009FFF7E5
:105390007FFD0746D4F80413C9B2026841F000410A
:1053A000204604F06AFD051E05DB2A4631462046EC
:1053B00004F0A6FFF8BD3A4631462046FFF77AFFD3
:1053C00025F00045F1E700BFA8130020398EE3382F
:1053D00008B502490248FFF7D1FF08BDA813002015
:1053E00000D00050034B00E02033034A9342FBD32C
:1053F000704700BF24AD0000A4AD000004280CD805
:10540000DFE800F0030D050709000648704706486D
:105410007047064870470648704706487047064878
:10542000704700BF04BD000028BD000038BD00006B
:1054300044BD000054BD000014BD000030B108B5EB
:1054400005F04CF920B1037823B108BD024870473C
:105450000148FAE70048F8E764BD000010B50446CB
:10546000FCF76CFA034A0121034803F0D4F8204604
:1054700004F0AAFF6CBD0000DCB000002DE9F0478D
:1054800082B000AF05460C46EFF31188202383F36A
:105490001288BFF36F8FDFF8C491D9F80860FFF767
:1054A000ADFF99F81010E94601233B7103237B718E
:1054B0008AB0EC461CF1100221D04FF0160E5AB102
:1054C0007346BEF1040F03DDDFF894A1CCF814A0FD
:1054D000082B01DDCCF8185001233B7003237B70AF
:1054E000D2B17346BEF10C0F01DDCCF81C00102BBD
:1054F00001DDCCF820100CF1240300210AE06FF04C
:10550000004EDCE701F10800384410F8080C03F8FD
:10551000010B01310129F5D9BEF1150F50DD16231C
:105520004AB10521397100217971B9710121F971EF
:105530007868CCF8100000216FF300016FF341018F
:105540006FF382016FF3C501012060F38811C3F38B
:105550000A0363F353216FF31F5100234148FCF703
:10556000CDFACD461CB1E369C3F308035BBB3046FB
:10557000FFF764FFE94601233B7103237B718AB087
:10558000EC461CF1100224D04FF0120E52B17346BB
:10559000BEF1040F02DD3449CCF81410082B01DDF4
:1055A000CCF8186001233B7003237B70F2B1BEF18D
:1055B0000C0F01DDCCF81C000CF12003002113E0DE
:1055C0006FF01B03ACE7294A0121264803F023F8BA
:1055D000CDE76FF0004ED9E701F10800384410F82C
:1055E000080C03F8010B01310129F5D9BEF1110FA7
:1055F00031DD12234AB10421397100217971B97169
:105600000121F9717868CCF8100000216FF30001D6
:105610006FF341016FF382016FF3C501012060F365
:105620008811C3F30A0363F353216FF31F5100235F
:105630000C48FCF763FACD4621462846FFF70EFFDB
:1056400088F31188BFF36F8F3046FDF735FB0837BD
:10565000BD46BDE8F0876FF01B03CBE73814002090
:105660007CBD0000DCB00000C8BD0000A4BD00008F
:1056700038B505460B4B53F8204002E023689847A5
:1056800008346B1C074A52F82330A34209D96068DA
:105690000028F3D0037F13F0010FF1D104F09CFE3A
:1056A000EEE738BDF0BD000010B586B0B023104C59
:1056B00003FB004400EB800C0E4B03EB8C030E4A03
:1056C0000592012204920F2203920022029201927B
:1056D00000930A4B4FF4A072094901EB8C1120464C
:1056E00000F0FCFB637B23F00403637306B010BD82
:1056F000C809002038140020E0BD000029A50000E2
:10570000582B002008B553EA020102D100F0D2FF65
:1057100008BD0249183001F0ADF9F9E7DBA8000037
:1057200010B586B0184C14E0636A0593236A04939D
:10573000E3690393A3690293636901932369009367
:10574000E368A2686168206800F0C8FB23685C65B4
:1057500030340E4B9C42E7D300F0C6FE0A4C00E00A
:1057600030340A4B9C420BD2A26AE36AB3F1FF3F8A
:1057700008BFB2F1FF3FF3D02068FFF7C3FFEFE7A8
:1057800000F0CAFE06B010BDD0AF000030B000007F
:1057900008B50B4B01221A700320FFF769FF03F0D5
:1057A000B0F9FCF7CDFC0420FFF762FFFFF7B8FF6C
:1057B00001F0A8FF034A137B23F00103137308BD14
:1057C00056160020780A002008B50146014A024812
:1057D000FDF746FB91570000780A002008B5034802
:1057E000034A121A002104F00EFE08BDC801002071
:1057F0005816002010B50446FFF756FFB0230A499B
:1058000003FB0411094A04EB840302EB8303D96010
:105810001C74074B03EBC42303F5006304EB8404FF
:1058200002EB8402536010BDC80900203814002028
:105830005823002070B586B000F0A6FE104D114B25
:105840005D61114B0593012304930024039402949A
:10585000019400940D4B4FF480620D49284600F0EE
:105860003DFB06466B7B23F004036B73284604F074
:10587000CCFF2046FFF7BEFF304606B070BD00BF2C
:10588000780A002038140020E8BD0000915700007D
:10589000982C002008B50020FFF7EAFE1B4B03F50B
:1058A000006282F3088883F30A88194CE02384F8A5
:1058B00022300023E37723766376A37684F82030C2
:1058C000626A42F4E022626284F82330FDF768F9EC
:1058D000FDF7E8FA4FF0FF33A362E362FDF7AAFC9D
:1058E000FDF710FBFBF786FF0A4800F059FBFFF7B6
:1058F00079FDFDF7A5FD0120FFF7BAFE0220FFF7B5
:10590000B7FEFFF797FFFFF75FFF00BF58230020A8
:1059100000ED00E0280B002010B5064C002000E050
:105920001C34054B9C4204D2204604F074FD002830
:10593000F6DA10BD640100206401002030B583B0A8
:105940000D46EFF31181202484F31288BFF36F8F8B
:10595000C46864B12C602368C360836901338361C8
:10596000002081F31188BFF36F8F03B030BD00F1C9
:10597000080C53EA020404D100232B606FF00B00E3
:10598000EFE7009201930246604600F0BFFC00285A
:10599000EBD1024B9B681B692B60E6E738140020B3
:1059A0002DE9F04182B00446EFF31187202181F305
:1059B0001288BFF36F8FC16899B9002950D1364B57
:1059C0009B6893F90E3023610131E160324B9B6893
:1059D000A36087F31188BFF36F8F002002B0BDE88A
:1059E000F08116461D4682682B4B9B689A42E4D094
:1059F00055EA060136D092F90E80414693F90E0021
:105A000004F09FFD804534DC4FF0000800960195BE
:105A100022463946214800F079FC0028DED0EFF319
:105A20001185202383F31288BFF36F8FA36843B3DC
:105A300023689C4223D013B3216993F90E0004F02C
:105A400080FD0146204604F087FDE8B9B8F1000F5B
:105A50001AD185F31188BFF36F8F6FF00A00BDE78D
:105A60002369B0E787F31188BFF36F8F6FF00F00E2
:105A7000B4E70146204604F06FFD8046C6E7216981
:105A8000E0E7B8F1000FE4D02946044800F000FD3B
:105A90006FF00A00A2E700BF381400205C14002059
:105AA000F8B58368002B47D00446264A9268934293
:105AB00045D1C368012B04D9013BC36000252846AA
:105AC000F8BDEFF31186202383F31288BFF36F8FA5
:105AD000016904F041FD2768A7420CD03D1E18BFA4
:105AE000012557B9A760CDB90023E36086F311887B
:105AF000BFF36F8FE3E70027F0E77A683B68136036
:105B00005A6000233B607B607A7B22F002027A734A
:105B1000BB6007F1180004F0C0FFE3E797F90E300F
:105B200023610025C7F8AC50384604F06EFE3146BC
:105B3000054800F0ADFCC2E76FF01505BFE74FF078
:105B4000FF35BCE7381400205C140020F8B504468B
:105B5000EFF31187202383F31288BFF36F8F05685B
:105B6000A84212D02E1E18BF012685B906BBA36815
:105B7000E268934224D001221344A36000230BBBAC
:105B800087F31188BFF36F8FF8BD0025EAE76A68D5
:105B90002B6813605A6000232B606B606A7B22F0D5
:105BA00002026A73AB6005F1180004F076FFDDE7CE
:105BB0000023C5F8AC30284604F027FE0123DEE7B9
:105BC0000022D9E73946024800F062FCDCE700BF5A
:105BD0005C14002010B582B0EFF31181202484F30F
:105BE0001288BFF36F8F846844B1013C846081F3F5
:105BF0001188BFF36F8F002002B010BD53EA02047A
:105C000006D0009201930246054800F07FFBF3E7BF
:105C100081F31188BFF36F8F6FF00F00ECE700BFC7
:105C20005C14002080B338B50D4604461C4B9A68BE
:105C3000D0F8B0309A421BD000231A46D4F8CC30AA
:105C4000C3F38001C3F3C00013F0010F1FD001B1F3
:105C500002B300B109B300232B60D4F8B83073B19C
:105C60001D60C4F8B850204604F0AAFC012038BDDD
:105C700004F02EFD08B90123DFE70023DDE7C4F8B7
:105C8000B850C4F8B450EEE76FF0150070476FF0ED
:105C90001200ECE76FF00F00E9E76FF00F00E6E7A6
:105CA0003814002010B5C36823F00203C360134BFF
:105CB0001C687CB1236803B10CB100210FE02346BE
:105CC000FBE722460D4804F068FC04F10800FFF7EA
:105CD0003DFF10BD2346F0E71A461C461346002C34
:105CE000F7D062688242ECD02146002BF4D01A68CB
:105CF000002AF2D0002BF0D11A46EEE75C14002007
:105D000070B584B00546EFF31186202383F3128823
:105D1000BFF36F8FD5F8B440002C3FD02368C5F88F
:105D2000B430D5F8B82094424DD0D5F8CC3043F0FB
:105D30000203C5F8CC30E36843F00102E26023F0CF
:105D4000040343F00103E360636886F31188BFF343
:105D50006F8F20469847EFF31186202383F3128834
:105D6000BFF36F8FE36823F00103E36013F0100FBC
:105D700044D1E36813F0020F44D1D5F8CC3023F0BE
:105D80000203C5F8CC30C3F3002386F31188BFF3B8
:105D90006F8F002BB7D100F0FFFBB4E7D5F8CC3004
:105DA00023F00402C5F8CC2013F0040F0ED112F03A
:105DB000100F14D00023C5F8CC3086F31188BFF340
:105DC0006F8F04B070BDC5F8B830AEE705F1C404FC
:105DD00000220121204604F0F8FD0028F8D100231C
:105DE00002934FF0FF324FF0FF33CDE9002305F16E
:105DF000BC023146054800F039FD84E7204604F036
:105E000024FCB6E72046FFF74DFFB6E764140020F8
:105E1000F0B589B004460E9D0020C4F8B400C4F863
:105E2000B80004F1BC00C4F8BC00C4F8C00004F120
:105E3000C400C4F8C400C4F8C8003DB3287938BB16
:105E40000120C4F8CC004FF0FF364FF0FF37CDE90A
:105E500006670020049003930290019000940E4B7B
:105E6000204604F048FC55B1296811B1204600F0E5
:105E700023F86B791BB1237B43F001032373204686
:105E800000F018FCC4F8B04009B0F0BD0120D8E71C
:105E900040F20110D5E700BF015D000008B553EAEC
:105EA000020102D100F006FC08BD0249183000F0E2
:105EB000E1FDF9E7DBA8000010B5044640B11F2260
:105EC00004F1740004F079FE002084F8930010BD02
:105ED000014B9C68F3E700BF381400202DE9F04F18
:105EE00085B004460F4615461E46DDF838A0DDF89D
:105EF0003C90DDF84080DDF84CB000F1580383653C
:105F0000C365129B0422119904F0EAFB2A46394624
:105F1000204604F0C8FB0546CDF80880CDF8049073
:105F2000CDF800A03346024639462046FCF776FFFE
:105F3000002363652666C4F864A0C4F86890C4F8BA
:105F40006C80EFF31182202383F31288BFF36F8FED
:105F5000124B196A21671C6282F31188BFF36F8F9D
:105F6000BBF1000F13D01F22594604F1740004F056
:105F700024FE002384F89330084B9B685BB1D3F870
:105F8000A030C4F8A030284605B0BDE8F08F00234B
:105F900084F87430F0E7C4F8A030F4E73814002037
:105FA0000123437303730023C0F89430C0F8983082
:105FB000C0F8A030014B9860704700BF3814002033
:105FC0000A4A9368C3F8A8006FF00A01C3F8AC103E
:105FD00007494B6843F080534B60002383F31188DB
:105FE000BFF36F8F9368D3F8AC007047381400206C
:105FF00000ED00E0437B90F90D20002A51DB13F007
:106000001F0F4ED110B563F07F034373254A52F83A
:10601000183F93420ED100230CE05A68426003609F
:10602000106058601EE01A461E49C9698A420FD0A6
:106030001B687BB173B190F90E1093F90E20914259
:10604000F1D0521A002AE8DC1A46002BECD1F0E716
:106050000023EEE7134BDA6903F118010160426097
:106060001060D8610F4B53F8184F9C420ED06CB1A2
:106070000C4B9B685A7B12F01F0F0AD1DA897F2ADA
:1060800007D9A2692AB9074A536109E0054BDC68C0
:10609000EEE7A34202D0204600F032FC014B5C61E7
:1060A00010BD70473814002010B5437B90F90D20C7
:1060B000002A14DB154B9A6853F8184F9C4219D0EC
:1060C000C4B1824219D0537B13F01F0F15D1D3896D
:1060D0007F2B12D9A36983B90C4B5A6114E003F0EA
:1060E0007F0343734268036813605A6000230360B0
:1060F0004360DFE7054BDC68E3E7A24202D02046BD
:1061000000F0FEFB014B5C6110BD00BF38140020A5
:106110002DE9F84305460C46404B9E68737B13F00F
:10612000600F28D013F0200F2AD008271F4222D159
:106130003B43737313F0800F24D1082F2DD04FF001
:106140000009364B53F8188F98454BD0B8F1000F23
:1061500048D0324B9B68434502D0404600F0D0FB0C
:106160002E4BC3F81480102F05D0304600F028FCC9
:10617000B9F1000F3AD184F31188BFF36F8F46E075
:106180001027D3E703F07F037373726833681360DB
:106190005A60002333607360CFE7B3685BB1726805
:1061A000336813605A60002333607360727B22F09F
:1061B00002027273B360304604F0F3FA06F158003D
:1061C00004F0F4FA154B9B689E4202D04FF0000990
:1061D000B7E7EFF3058313B94FF00009B1E74FF0CC
:1061E0000109AEE70D4BD3F80C80B2E70C48FFF77E
:1061F000D7FEC0E7EFF31184202383F31288BFF3A7
:106200006F8F04F09CF984F31188BFF36F8F6B7B61
:1062100013F0600FEED1BDE8F88300BF3814002002
:10622000280B0020B3F1FF3F08BFB2F1FF3F00D1C0
:10623000704708B50249183000F01CFC08BD00BFCB
:10624000DBA8000010B5437B90F90D20002A0ADB83
:10625000437B63F07F0343732B4A52F8183F93420A
:1062600019D1002317E003F07F03437342680368EA
:1062700013605A60002303604360E9E75A68426094
:106280000360106058601EE01A461F49C9698A42BF
:106290000FD01B687BB173B190F90E1093F90E20EB
:1062A0009142F1D0521A002AE8DC1A46002BECD1B8
:1062B000F0E70023EEE7144BDA6903F118010160FF
:1062C00042601060D861104B9A6853F8184F9C4296
:1062D0000ED06CB182420ED0537B13F01F0F0AD147
:1062E000D3897F2B07D9A3692BB9074B5A6109E0E2
:1062F000054BDC68EEE7A24202D0204600F000FB2E
:10630000014B5C6110BD00BF3814002010B50C4675
:1063100011460A4882680A4B1A60EFF31183202362
:1063200083F31288BFF36F8FDDE90223806804F0E6
:1063300060FA2046FFF744FE10BD00BF381400206D
:10634000641400202DE9F04104460E460023EFF3CB
:106350001185202282F31288BFF36F8F1F4650E011
:1063600003F07F0363736268236813605A6000233D
:106370002360636071B2A173637B63F07F03637317
:10638000424A52F8183F93420ED100230CE05A685B
:106390006260236014605C601CE01A463B48C06980
:1063A00082420DD01B686BB163B193F90E2091420C
:1063B000F3D0521A002AEADC1A46002BEED1F2E79B
:1063C0000023F0E7314BDA6903F1180121606260C4
:1063D0001460DC612D4B53F8188F984520D0B8F12C
:1063E000000F1DD0294B9B68984502D0404600F015
:1063F00087FA264BC3F8148085F31188BFF36F8F9B
:106400000123002B3FD1637B03F01F02002A0CBF46
:1064100001270027A4D013F0020F05D1A673EBE7E4
:106420001A4BD3F80C80DDE7A1686268236813601B
:106430005A6000232360636070B2A0730B689942B6
:106440000DD100230BE05A686260236014605C6029
:10645000D2E79C464A6894450DD01B686BB163B186
:1064600093F90E209042F4D0121A002AEBDC9C46DD
:10647000002BEFD1F2E70023F0E74B682160636067
:106480001C604C60B8E73846BDE8F0813814002045
:1064900008B50B4659B9EFF3058242B9064A50696F
:1064A0009268904203D00846FFF78AFD03E083F329
:1064B0001188BFF36F8F08BD3814002008B503465C
:1064C00050B9EFF305823AB9064A51699268914290
:1064D00002D0FFF775FD03E083F31188BFF36F8FE0
:1064E00008BD00BF381400200023EFF311812022E3
:1064F00082F31288BFF36F8F09E0064B9A68D37B53
:10650000013BD37381F31188BFF36F8F0123002BFD
:10651000F3D070473814002038B50023EFF311850D
:10652000202282F31288BFF36F8F0EE0154BDC68D8
:1065300017E0A24202D0204600F0E2F9114B5C6164
:1065400085F31188BFF36F8F0123BBB90D4B9A6898
:10655000D17B0131D17353F8184F9C42E6D0002C07
:10656000E4D0537B13F01F0FE3D1D3897F2BE0D905
:10657000A369002BDDD1034B5A61E1E704F0D8F9A0
:1065800038BD00BF3814002008B5024804F0DBF91C
:1065900008BD00BF4C14002038B5EFF31184202350
:1065A00083F31288BFF36F8F224B9A68DB699A429C
:1065B00005D01368516812680A60516006E0002334
:1065C000F8E71C4AD269934212D01B6893B1194A6A
:1065D000906890F90E1093F90E209142F1D0521A62
:1065E000002AEEDD5A6842600360106058600AE0DD
:1065F0000023EBE70F4B9A68D96903F1180010608C
:1066000051600A60DA610B4B53F8185F9D420DD060
:1066100065B1084B9B689D4202D0284600F070F996
:10662000044B5D612046FFF7CBFC38BD014BDD68B4
:10663000EFE700BF38140020F8B551EA000328D076
:1066400005460C46EFF31187202383F31288BFF32E
:106650006F8F154EB068154B1860FFF725FDB068B9
:106660002A4623461249183000F004FA0446B2685C
:10667000537B43F0040353733846FFF7A1FCB36820
:106680009A6ADB6AB3F1004F08BF002A05D00020E8
:10669000F8BDFFF781FF0020FAE704F02DFA201A79
:1066A0000028F5DC0020F3E73814002064140020F3
:1066B000DBA8000038B5EFF31185202383F312889F
:1066C000BFF36F8F437B13F0040F04D185F3118860
:1066D000BFF36F8F38BD0446183004F0DEF9637BDA
:1066E00023F0040363732046FFF784FC2946024825
:1066F000FFF7CEFEEEE700BF64140020014B986860
:10670000704700BF381400202DE9F843037B03F0E5
:106710000107EFF31186202383F31288BFF36F8FF5
:10672000457B15F0080F1AD10446B14600F1580810
:1067300004F003F810B345F020056573EFF305830B
:106740009BB131462046FFF7E3FC67B1002383F39A
:106750001188BFF36F8F0423184602DF03E086F32E
:106760001188BFF36F8FBDE8F88341463D4B9868B1
:1067700003F0E5FF3046FFF723FCE6E745F00803AA
:10678000637313F0800F33D1A3685BB16268236831
:1067900013605A60002323606360627B22F0020270
:1067A0006273A36004F1180004F077F9404603F027
:1067B000FDFF2C4B9A68944227D00026294B53F8B2
:1067C000185F9D4228D03DB3AA4202D0284600F06F
:1067D00097F8244B5D61204600F0F2F8FEB9214B9A
:1067E0009B689C421FD089F31188BFF36F8FACE781
:1067F00005F07F0545F0080565736268236813603E
:106800005A60002323606360BEE7EFF305830BB992
:106810000026D3E70126D1E7124BDD68D4E7124802
:10682000FFF7BEFBDBE7EFF30583002BDBD1237B18
:1068300013F0010F12D089F31188BFF36F8F00237B
:1068400083F31188BFF36F8F0423184602DFEFF341
:106850001189202383F31288BFF36F8F4846FFF717
:10686000AFFB72E738140020280B00202DE91048F8
:1068700083B0089CDDE906BCCDE900BCFFF746FD0E
:106880001CB1034B9B681B69236003B0BDE81088F3
:1068900038140020044BC01AC010044B03FB00F056
:1068A000034B01221A547047D80B0020ABAAAAAAA6
:1068B00068140020C3897F2B11D80E4B1B687BB155
:1068C00090F90E200C4B1B689A420CDB437B13F0B3
:1068D0001F0F0AD1094B984209D0012300E0002381
:1068E00003F0010070470023FAE70023F8E70023D4
:1068F000F6E700BFB40000206C140020C809002097
:1069000070B505460D4B1E7C06EB46030C4C04EBA4
:10691000C304204604F0C1F80A4B00229A552846C9
:10692000FFF7C8FF00B970BD074B1A68013AD317CB
:106930000649204600F09EF8F5E700BF3814002015
:10694000D80B002068140020B400002095680000D7
:1069500038B5EFF31185202383F31288BFF36F8FCF
:10696000144B9C68144B1B68A34217D0124B002297
:106970001A60104B1B7C114AD35C53B12046FFF7C1
:1069800099FF30B1637B13F01F0F0FD02046FFF744
:10699000B7FF85F31188BFF36F8F38BD2046FFF72F
:1069A000AFFF85F31188BFF36F8FF6E72046FFF73F
:1069B00049FCEBE738140020641400206814002020
:1069C000EFF31181202383F31288BFF36F8F0A4BFB
:1069D0001B6A834204D11A6F074B1A6207E0134601
:1069E00013B11A6F8242FAD10BB1026F1A6781F3A9
:1069F0001188BFF36F8F70473814002008B5064820
:106A0000064A121A064903F002FD0648064A121AFF
:106A1000064903F0FCFC08BD00000020C401002072
:106A2000BCBF00000000002000000020BCBF000030
:106A3000034B1868984200D070470020FCE700BF65
:106A4000B800002030B1044A5268904201D000687A
:106A500070470020704700BFB800002008B5044B05
:106A60001B680BB1002008BDFDF708FFFBE700BF66
:106A7000701400202DE9F04F83B00193B3F1FF3F74
:106A800008BFB2F1FF3F0DD004469146816000235C
:106A9000EFF3118A202282F31288BFF36F8F1D4615
:106AA0001E4635E000252E462846314603B0BDE897
:106AB000F08FFFF7D3FF80460135019B43F10006BD
:106AC000451946EBE07625616661384A13685268DD
:106AD000ED1846EB02064FF0010B41E0C91A67EBD7
:106AE0000202016142614368636020601C6044608F
:106AF00005E02F4B5A682360626014605C60FFF70A
:106B000097FF844240D08AF31188BFF36F8F01232F
:106B1000002BC9D14D46019E6FF00103B3EB090371
:106B20004FF0FF3363EB0603002BC2DB1F4B1968EA
:106B30005B686918019A43EB02036FF00102521A75
:106B40004FF0FF3161EB030310461946012A73F140
:106B5000000301DA01200021206161614FF0000B88
:106B6000FFF766FF0028C4D001694769236962699D
:106B70008B4272EB070EB1DB5B1A62EB07022361FB
:106B80006261FFF75FFFEDE70A4B1B68002BBAD18C
:106B9000BBF1000F06D0404603F064FF0021FDF773
:106BA00033FEB0E7FFF75AFF8046F4E7F00B002012
:106BB000B80000207014002070B5EFF31186202378
:106BC00083F31288BFF36F8F2A4B1860FFF730FFF3
:106BD000044623E0284A136851685B1941EBE571CC
:106BE0001360516000220023C4E90423204603F00F
:106BF00022FF86F31188BFF36F8FA3682046984762
:106C0000EFF31186202383F31288BFF36F8F194AA5
:106C100013685B1B1360FFF70BFF04463CB125694B
:106C20006169144B1A68D317AA428B41D2DA44B176
:106C3000236962690F4909685B1A62EBE17223619B
:106C400062610D4A0B4D2868136851681B1841EBAF
:106C5000E0711360516000242C60204603F002FFB5
:106C60002146FDF7D1FD86F31188BFF36F8FFFF743
:106C70006FFE70BD70140020F00B002010B50022D4
:106C8000EFF31184202383F31288BFF36F8F134631
:106C900011460CE0FFF7E2FE074A13685168C3187B
:106CA00041EBE07184F31188BFF36F8F0122002A5A
:106CB000F0D0184610BD00BFF00B0020F8B5EFF380
:106CC0001183202282F31288BFF36F8F026822B1F2
:106CD00083F31188BFF36F8FF8BD04461D46826AA7
:106CE000C36A52EA030105D0B3F1FF3F08BFB2F116
:106CF000FF3F27D1236B01332363236A6BB185F3F5
:106D00001188BFF36F8F236A20469847EFF31185F0
:106D1000202383F31288BFF36F8F04F11803A46953
:106D2000A3423FD0002C3DD0204603F089FD002334
:106D3000C4F8AC3085F31188BFF36F8F204603F0A1
:106D400064FDC9E716461F46012A73F1000301DA04
:106D500001260027013E47F1FF3703F0D1FE013045
:106D600041F10001801947EB0101012871F1000197
:106D700008DA6FF001024FF0FF330D492046FFF7AC
:106D800079FEB7E703F0BCFE013041F10001801944
:106D900047EB01036FF00102121A4FF0FF3161EB74
:106DA0000303EAE785F31188BFF36F8F94E700BF11
:106DB000BD6C0000F8B51D46EFF31187202383F367
:106DC0001288BFF36F8FB5F1FF3F08BFB2F1FF3FED
:106DD0001FD00646144629466FF00102121B4FF0E1
:106DE000FF3262EB0502002A18DB304603F055FE45
:106DF000DDE90623C6E90A230023336322462B4636
:106E00000B493046FFF736FE87F31188BFF36F8FCB
:106E1000F8BD87F31188BFF36F8FF9E7012C71F18B
:106E2000000101DA01240025013C45F1FF35DCE7D2
:106E3000BD6C000000B583B0064B00934FF0FF33EC
:106E40004FF4806204490548FEF7E2FF002003B0DA
:106E50005DF804FB18BE000098300020F80B0020FD
:106E600010B50A4C23681BB101232360002010BD1C
:106E700000F0F4F80028F7D00138072803D8044BB5
:106E800053F8200010BD034810BD00BF741400204B
:106E900020BE0000FE8FFFFFBFF34F8F0549064B5A
:106EA000CA6802F4E0621343CB60BFF34F8F00BFA8
:106EB000FDE700BF00ED00E00400FA0530B44FF03C
:106EC000FE3200250B4B0C4C0C494968C3F80024DA
:106ED000C3F80424C3F80824C3F80C24C3F810240E
:106EE000C3F81424C3F81824C3F81C24C4F80055AC
:106EF00030BC08470050845000408450C00000203F
:106F0000024BD0E90012C3E900127047C000002014
:106F100010B5044650B1636813F0685F05D0064AA7
:106F2000934202D000236260236010BD034B0448EB
:106F30005B689847EFE700BF2C5F5CA9C0000020AA
:106F400040BE0000C8B143680D4A934213D013F00D
:106F5000685F0ED0012350E8002F194640E8001C5E
:106F60009CF0000FF7D1012AF5D0BFF35F8F00200E
:106F7000704704487047044870476FF4E04070471A
:106F80002C5F5CA9E98FFFFFEA8FFFFF034680B10A
:106F9000426809498A420AD012F0685F05D0BFF3FF
:106FA0005F8F002210461A607047044870470448FB
:106FB00070476FF4E04070472C5F5CA9E98FFFFFDA
:106FC000EA8FFFFF10B5044620B10023034A236077
:106FD000626010BD0248FFF771FFF6E73A00003A21
:106FE00068BE000070B5194CD0F804C00668C4F83B
:106FF00004C0D0F808C0C068C4F808C0E0602660CB
:107000000868134B134D18604868D5F8182158606C
:10701000886812F0685F9860C8680969D86019616B
:1070200012D000230C4A05F58A70C5F81431C5F852
:10703000B831C5F81821C5F8BC21B047236805F55B
:10704000DC70BDE87040184770BD00BFDC00002058
:10705000C80000208C1400202C5F5CA908B500F04B
:1070600011F830B900F010F838B9054AC2F80C0A26
:1070700008BD00F037F8032008BD042008BD00BF9C
:10708000005084500020704710B5114800F048F8B7
:1070900000B110BD0F4800F043F80028F9D10E4CA4
:1070A000204600F03DF80028F3D10C4B0C481C6042
:1070B00000F036F801460028EBD100F02DF8044628
:1070C00008B1204610BD00F03FF82046FAE700BFA7
:1070D0001C01002018010020140100200C010020D8
:1070E0001001002008B5084800F024F8074800F017
:1070F00021F8074800F01EF8064800F01BF8BDE82C
:10710000084000F00BB800BF1C010020180100204F
:10711000140100201001002000207047704700BFBC
:1071200008B5034B02681B6810689847002008BD2B
:10713000DC00002008B5034B02685B6810689847C4
:10714000002008BDDC00002070B5094C094D206905
:10715000AB68984718B1084B08485B68984700210E
:10716000074AEB6811602069BDE87040184700BF0E
:10717000C8000020DC000020C00000208CBE000001
:10718000881400200CB430B589B005460C461C228A
:10719000002101A803F009FD022305958DF80630B2
:1071A0000D4B029323462CB1B4F1004F28BF4FF092
:1071B0000043013B1D440DAA0C9901A806950092BD
:1071C00000F00CF814B1059B00221A7009B0BDE85C
:1071D000304002B0704700BF9FAC00002DE9F04F77
:1071E00043688DB015468046029383789A0740F134
:1071F0000D8100240E78002E00F00A81252E0BD080
:107200004B1C0393013441463046029B98470028AB
:10721000C0F2F6800399EDE74E788B1C252E039380
:10722000F0D00027B946BB46BBF11F0F38D8A6F1F6
:107230002003102B0AD8DFE803F02A0909300909D6
:10724000092109090928092D09091F00A6F13003A0
:10725000092B33D92A2E37D11BF0400F55F8043BA8
:1072600040F08280002BA7BF4BF0200B9946C3F162
:1072700000094BF0280B01E04BF0010B039B13F8C6
:10728000016B0393002ECFD130E04BF0020B4BF09B
:10729000040BF3E74BF0080BF0E74BF0100BEDE7B6
:1072A000BBF17F0F19D8A6F13003092BD2D81BF000
:1072B000400F03D00A2101FB0737DFE70A214BF01B
:1072C000200B01FB0939D9E72E2E06D11BF0400F08
:1072D00040F09E804BF0400BD0E76C2E31D02BD885
:1072E000682E36D06A2E3CD04C2E3AD0002F46F075
:1072F0002003B8BF2BF04002A3F16501BCBF0027FB
:107300001FFA82FB022901D9612B2FD107350727EC
:10731000DFF8ACA225F0070508351BF0080F66D092
:107320000AEB070B56465E4563D1A4EB0A0AA9EBAC
:10733000070906EB0A026FE1742E9FD07A2E9DD0CA
:10734000D4E71BF0800F18BF4BF4007B4BF0800B91
:1073500094E71BF4807F18BF4BF4007B4BF4807BD9
:107360008CE74BF4207B89E71F4687E7A6F1630192
:10737000122900F2F080DFE811F013004F00EE0058
:10738000EE00EE00EE004F00EE00EE00EE00EE002C
:10739000EE00FE00E900EE00EE001B00EE00AF0084
:1073A00055F8043B01270DF1180A8DF81830B4E7A1
:1073B00055F804AB834BBAF1000F08BF9A461BF097
:1073C000400F504614BF39464FF0FF3103F005FC23
:1073D0000746A2E741462020029B984700280FDB82
:1073E000013EB742F6D34C44B146A41B98E74E4643
:1073F000F7E7414616F8010B029B9847002892DAFE
:1074000098F8023043F0040388F802304FF0FF345C
:1074100020460DB0BDE8F08F1BF0800F34D01BF478
:10742000007F2CD0073525F00705AA4669685AF871
:10743000080B2BF010050029ADB237DA404245F4B5
:10744000806561EB41010DF1180B0A235A4603F0E8
:10745000D0FBA0EB0B0301936B0662D5019B25F0DB
:1074600001019F4289B240F3A180002E00F0998073
:1074700015F0100240F09C80BB460D4623E0AA4662
:107480005AF8040BC117D4E7AA461BF4807F5AF8B8
:10749000041B01D10846F5E71BF4007F19BF48B271
:1074A00041F3C01108B241F3C031C2E750EA010311
:1074B000C9D11BF0400FC6D0002FC4D12BF0110250
:1074C000BB46019795B240F2064115EA01021CBF86
:1074D0000BF1010B00222CE02BF010020A231FFA03
:1074E00082FB1BF0800C49D01BF4007115BF0735DF
:1074F000AA4625F007055AF8040B1EBFAA4669687C
:107500005AF8080B50EA010545D12BF016051BF07F
:10751000400FADB242D0002F40D12BF0170201979F
:1075200095B215F0100248D0019B002E42D103F114
:10753000010B29075AD4EB0706D5D9456FDDA9EB16
:107540000B030199CB465F185B4649E04BF0100BEB
:1075500010237826C5E7782B04D1C6F1780343F0D1
:107560001003BEE741462520029B98470028FFF6FE
:1075700047AF023447E608230026B2E7AA461BF4C9
:1075800080715AF8040BBDD01BF400711ABFC0B251
:10759000614680B2B6E72BF0060295B20DF1180BEA
:1075A00054E725F01105BB46ADB28CE70D46B8E7B0
:1075B0003B460D4603F1020BBBE7DDF804B082E762
:1075C000B4BF0000ADBF0000CDE904324146202029
:1075D000029B98470028FFF613AF049B059A0133DE
:1075E0009945F1DCA4EB0B019B46CC180AB341464C
:1075F0003020029B98470028FFF602AF8EB9013475
:107600002744391B019B994224DC1D4655BB019A36
:10761000A9EB0B09554622441446914433E0019FDF
:1076200092E7023441463046029B98470028E7DA49
:10763000E6E640F206410D42E2D015F0020F04F1F9
:107640000104414614BF2B20202015F4806F18BF81
:107650002D20E9E741463020029B0134984700285D
:10766000CFDACDE606AB013D4146585D029B984717
:107670000028CBDAC4E641462020029B013498471B
:107680000028FFF6BDAEA9EB0403002BF3DCC1E537
:10769000704710B5044603F033FA8E464A0142EAB9
:1076A000D06243011B1A62EB0102920042EA93721C
:1076B0009B001B1842EB0101C90041EA5371C3F35F
:1076C000103343EA4143C90B20686268181A2360EB
:1076D000616061EB020110BD08B520EAE070C117DE
:1076E000C90341EA5041C00340F2E733C0184FF4E8
:1076F0007A724FF0000341F10001F8F72BFD03F01F
:1077000026F908BD08B5F9F7B9F8F9F70FF9F9F74F
:107710003DF9F9F74FF9002008BD38B50C46056969
:1077200083685B68984718B923682A6853402360C8
:1077300038BD10B582B00C4601A9FFF7EEFF30B995
:107740000123A340019A134214BF0120002002B07C
:1077500010BD08B5034600681B7901219940836874
:107760005B69984708BD38B513468568046912F40B
:10777000801F07D012F4402F04D012F0010F01D067
:1077800082F4402323F4801213F0010F0AD02368FF
:107790004FF0010C0CFA01FC43EA0C0323602B6848
:1077A000984738BD23684FF0010C0CFA01FC23EA1E
:1077B0000C032360F3E708B503468C46006819798B
:1077C000DA8842EA0C02FFF7CEFF08BD08B532B1F5
:1077D000012303FA01F18368DB68984708BD0123A0
:1077E00003FA01F183681B699847F7E710B503694D
:1077F0001C6801238B401C4202D0B2FA82F252096B
:10780000FFF7E4FF10BD00EBC1018368B3F5004F43
:107810000AD322B14B6843F001034B6070474B68B9
:1078200023F001034B60704722B14B8843F0010302
:107830004B8070474B8823F001034B807047131D2A
:1078400050F82330DBB9C3684FF0010C0CFA02FC8E
:1078500043EA0C03C360043240F8221000EBC1037A
:107860008268B2F5004F06D399608268B2F5004F86
:1078700003D3D96070479980F7E7D980704710B576
:1078800000EBC30C8468B4F5004F1CD3DCF808206F
:1078900000EBC10EB4F5004F18D3CEF80820846871
:1078A000B4F5004F15D3CEF80C3000EBC20283685C
:1078B000B3F5004F10D3D1608368B3F5004F0DD3FB
:1078C000CCF8081010BDBCF80420E1E7AEF80420A5
:1078D000E5E7AEF80630E8E7D180EDE7ACF8041054
:1078E000F0E708B58368B3F5004F07D300EBC1029A
:1078F00052685208012A02D0002200E00022A2B9F8
:1079000000EBC102B3F5004F10D352685208B3F533
:10791000004F0DD308230833A2EBD3020132B2FA91
:1079200082F2C2F11F02FFF78AFF08BD5288EDE71D
:107930000423F0E7F8B5B2F5802F23D30823D21A39
:10794000CC1D24F0070401EB020C2CF0070CACEB6F
:10795000040C4FEADC010460A1600023E360BCF585
:10796000802F11D308230833A1EBD3030133B3FADB
:1079700083F3C3F1200EC3F124039B00DE1DF50841
:10798000002308E00423DAE70423ECE71A1D0020B3
:1079900044F8220001337345F8DB6B00BCF5802FFF
:1079A00032D36360BCF5802F30D300232360BCF555
:1079B000802F2ED3636843F0010363604A1B570096
:1079C00026F00703E018BCF5802F27D34760A06896
:1079D000B0F5004F24D3E5502CF00703A444A06871
:1079E000B0F5004F1ED30020CCF80400A068B0F51D
:1079F000004F1BD3E25001222046FFF704FF294627
:107A00002046FFF76EFFF8BD6380CBE7002323809D
:107A1000CDE7638843F001036380CFE74780D6E773
:107A2000E552D9E70020ACF80200DFE7E252E2E7D6
:107A300010B50C4611461A46029BA04710BD4038AF
:107A4000C0B23A288CBF002001207047F8B5064626
:107A500003784578847804EB83040444002706E027
:107A600001342046F8F790FB013004440137AF425F
:107A7000F6D3A01BF8BD70B5144668B10D46194683
:107A800006462BB91046F8F77FFB83B2013399B253
:107A90002A462046B04770BD1046F8F775FB013006
:107AA000F9E75BB32DE9F04782B007468846914677
:107AB0001D461A785E789C78DB7804EB820404EB30
:107AC00043042C444FF0000A0AE014F8013B45F847
:107AD00023402046F8F758FB013004440AF1010A1C
:107AE000B245F2D305F1080300936B684A4641465C
:107AF0003846FFF79DFF02B0BDE8F0876FF0150034
:107B000070472DE9F0410446884600273E4607E0CD
:107B1000702D18D02846FFF792FFB8B9252D0ED04A
:107B200014F8015B75B1002EF8D04745F0D0284617
:107B3000FFF785FF0028F1D001370026EEE786F039
:107B40000106EDE700263046BDE8F0810026FAE7A1
:107B50000020704708B500F0D5FC08BD0FB400B593
:107B600083B004A951F8040B0191FFF7F3FF03B0B0
:107B70005DF804EB04B07047036913F0080F08D1F7
:107B8000C3680268934207D8036A9B1A0B600120FE
:107B900070470020086070479B1A0B6000207047F8
:107BA000036913F0080F07D1826843689A4203D82B
:107BB0009B1A0B6000207047036A82689B1A0B6057
:107BC0000120704710B582B0044601A9FFF7D4FF29
:107BD00020B1E368019A1344013B0193206A019BA1
:107BE000C01A013802B010BD38B5036913F0040F94
:107BF00000D138BD0446456AFFF7E4FF854202D94B
:107C0000606A6062F5E72046FFF7DCFFF9E7C368CA
:107C10001944036913F0010F04D1026A914204D39D
:107C2000891A02E0026A013A1140C16023F0080398
:107C30000361704710B400236FF3000343F00203A5
:107C400061F39F03C269046842F8243003680B445F
:107C5000026912F0010F04D1046AA34204D31B1B72
:107C600002E0046A013C23400360C4689C420AD0DD
:107C700043681944036913F0010F08D1036A99425C
:107C800008D3C91A06E042F008020261F0E7036A6D
:107C9000013B1940416010BC70472DE9F04F83B0A3
:107CA0000446019117469846C569C66805EB860BE0
:107CB00015F8263003F00303022B24D00021002303
:107CC0003B60C8F8003019BB236913F0020F75D070
:107CD000A36958469847824615F8269019F001097D
:107CE0006ED015F8263013F0020F3BD0019BBBB9C4
:107CF00062685244236913F0010016D1216A8A4256
:107D000016D3521A14E055F82610C1F39D01D6E798
:107D10002046FFF77CFFE368A3604FF001094FE0C6
:107D200019462046FFF786FFE2E7216A01390A403B
:107D30006260E168A268914206D0A2682260E260B7
:107D400043F0080323613BE0524420B9216A8A4290
:107D500004D3521A02E0216A01390A40A2604FF0AE
:107D60000009EAE701462046FFF751FFE368A360F8
:107D7000019B23B1E3692268002143F82210019B93
:107D80005344C8F8003022681344226912F0010FEE
:107D900004D1216A8B4204D35B1A02E0216A0139C3
:107DA0000B40236042F00802226115F826306FF381
:107DB000000305F82630C7F800B001E04FF00009D5
:107DC000484603B0BDE8F08F30B45318046914F08E
:107DD000010F04D1056AAB4204D35B1B02E0056AC4
:107DE000013D2B4005689D4214D000236FF3000332
:107DF00043F0020362F39F03C46944F821304368EF
:107E00001344026912F0010F09D1026A934209D3A7
:107E10009B1A07E0016024F00804046103E0026A91
:107E2000013A1340436030BC704708B5002303603B
:107E300043608360C360036143618361CA68826198
:107E40008A6842610A68C2614A68026243620B69D9
:107E500003612AB1511E0A4202D143F001030361BA
:107E600028300122002102F089FB08BD2DE9F04FE6
:107E700087B09A46002305930393036A8B42C0F0B0
:107E80008980044689469346002301930126009386
:107E900041E001992046FFF797FF0023039345E057
:107EA000E369226803EB8201009113F822106FF35B
:107EB000000103F82210C9B26FF3410103F8221048
:107EC00023684B44226912F0010F04D1216A8B42CE
:107ED00004D35B1A02E0216A01390B402360E16898
:107EE000994201D0002608E042F0080222610026F3
:107EF00003E02046FFF79EFE2E4688F31188BFF36D
:107F00006F8F059929B163690BB12046984700230B
:107F10000593002E40D0EFF31187202383F31288BE
:107F2000BFF36F8FB846039A002AB2D104A9204646
:107F3000FFF722FE054604994945B1D20028D8D161
:107F40005AEA0B030BD1002ED7D02368019303AB61
:107F500005AA04992046FFF7A0FE0646CDE702F0E9
:107F6000B7FB0028EFD1002FEDD187F31188BFF3C5
:107F70006F8F04F128005A465346FDF72BFEEFF3AE
:107F80001188202383F31288BFF36F8FB0FA80F635
:107F90007609B2E700230093009807B0BDE8F08FA0
:107FA00070B504460D46836908469847EFF311867D
:107FB000202383F31288BFF36F8F2B7843F00103E4
:107FC0002B7063681844236913F0010F04D1236AEE
:107FD000984204D3C01A02E0236A013B1840606053
:107FE0002046FFF701FE86F31188BFF36F8F70BD47
:107FF000F0B583B004462EE053F8220080084DD13E
:1080000043E0226A013A1340A3602046FFF7FFFDD8
:1080100001231BE013F8221041F0020103F82210A3
:10802000A768A369304698473844236913F0010FC5
:1080300004D1236A984204D3C01A02E0236A013BA8
:108040001840A060002301E000231E4685F311883C
:10805000BFF36F8F8BB3EFF31185202383F3128867
:10806000BFF36F8F01A92046FFF79AFDE369A2686D
:1080700003EB820601990029E6D013F8221011F0D3
:10808000030117D00229B7D0002013F8221011F0F5
:10809000010FBFD110B9A36930469847A3680146C4
:1080A0000344226912F0010FABD1226A9342ABD391
:1080B0009B1AA9E700231E46C8E7304603B0F0BD6F
:1080C00070B504460D468369084698470146EFF3AC
:1080D0001186202383F31288BFF36F8F2B786FF301
:1080E00000032B70236913F0020F0AD0E369E268E2
:1080F00003EB8203AB4204D02B6860F39F032B6039
:108100000AE02B786FF341032B70E268A3689A4270
:108110000BD02046FFF77BFD86F31188BFF36F8FEE
:1081200004F12800FDF712FD70BD0B44226912F026
:10813000010F04D1226A934204D39B1A02E0226AFF
:10814000013A1340A360E4E710B582B0EFF3118465
:10815000202383F31288BFF36F8F01A9FFF720FD5F
:1081600084F31188BFF36F8F0198003818BF012086
:1081700002B010BD01F00701038B23F007030B438E
:10818000038370472DE9F04106460F46904681680B
:1081900021B10C683CB131B90C4604E00C4602E058
:1081A000234621461C4669B14D6843463A4630464F
:1081B000A847002CF4D02368002BF2D0002CF0D17B
:1081C0002346EEE7BDE8F081038B13F0070303D1EC
:1081D00002680AB103207047022B03D0012B06D09E
:1081E00000207047428B002AF8D1042070470368B2
:1081F0000BB1052070470020704710B504468C462F
:10820000038B002A07DB03F007035A1F012A0ED94C
:10821000042B36D010BDD0E900018CE80300002308
:108220002360636001212046FFF7A4FFF2E7D0E955
:1082300000018CE80300002222606260062B1BD143
:10824000DCF8003053B1628B013262831A461B683E
:10825000002BF7D0002AF5D11346F3E70221204680
:10826000FFF788FF2046FFF7AFFF0028D2D0238B0F
:1082700043F020032383CDE700212046FFF77AFF58
:10828000F0E70021FFF776FF2046FFF79DFF00286B
:10829000C0D0238B43F020032383BBE750B110B53C
:1082A0000C4651B1081D00F0C2F810B9A368032BA9
:1082B00006D810BD6FF0150070476FF01500F8E795
:1082C0006FF01500F5E72DE9F04107460C4616461C
:1082D0001D461946201D00F0C1F828B180462B46E6
:1082E000324621463846C047BDE8F0812DE9F041CD
:1082F00080460C4617461E4604E033463A46404642
:10830000FFF7E1FF216831B10D68256063688B429A
:10831000F3D16560F1E7BDE8F08108B5EFF31182B4
:108320004FF0200C8CF31288BFF36F8F4161012155
:10833000F9F726F808BD034670B181B10A688AB121
:108340004A6892B10020186058609860D86018613F
:1083500058619861196170476FF0150070476FF0B0
:10836000150070476FF0150070476FF015007047EB
:1083700070B505460E46FFF791FF041E2EDBEFF3A6
:108380001182202383F31288BFF36F8FB5F818C0D2
:108390000CF0070C6B8B4FF6FF718B422CD06446B0
:1083A000BCF1020F08D0BCF1060F19D8DFE80CF0C1
:1083B0001E1818181E2A1E0001336B83012300218A
:1083C000084628B100203060686808B306606E6017
:1083D00009BB82F31188BFF36F8F0BBB204670BDC2
:1083E0006FF00404002319461846EAE7BCFA8CF142
:1083F000490900230120E4E76FF00A04002319462D
:108400001846DEE76FF08504002319461846D8E7C2
:108410006E602E60DCE702212846F8F7B1FFDDE749
:108420000023624631462846FFF74DFFD6E7024655
:1084300058B1436803F00303012B03D0032B07D18A
:10844000036843B10020906070476FF015007047DB
:108450006FF0150070476FF01500704703464268D3
:1084600002F003028160032A03D1006800225A60EF
:1084700070470020FAE77047037813F0040F01D02B
:10848000002070470368C3F34A2000EB13501730F5
:1084900020F007008008704710B504460368DB68C9
:1084A00003B19847636801229A7110BD002070479C
:1084B0000120704708B501F018FB08BD08B520EA97
:1084C000E070C117C90341EA5041C00340F2E733ED
:1084D000C0184FF47A724FF0000341F10001F7F732
:1084E00039FE02F034FA08BD08B500220023FFF778
:1084F000BDFC08BD08B5FFF7E3FD08BD08B5FFF7F3
:1085000023FE08BD00B585B00391029000200190C4
:108510000090034602460146F9F79CFB05B05DF862
:1085200004FB08B50120F9F701F908BD08B5F9F712
:1085300091F908BD08B5FFF733FDF9F725FA08BD35
:108540000020704708B54368DA71436819604368D2
:1085500001225A71F9F7DAF808BD70B553689668C8
:108560009B1B8B420CD30C46154613680A460146EA
:10857000981902F0F3FAAB682344AB60204670BD53
:108580006FF01B00FBE770B588B10E461446194624
:10859000054633B11030C2F34A23120D184402F0DD
:1085A000DDFA2C606E602846F9F72CFA70BDF9F7F9
:1085B000BDF8FBE72DE9F04383B006460F461546AC
:1085C0001C4603F101094FEA890808F1170020F061
:1085D00007008008F9F736F9002201928DF804901F
:1085E00068B100F1140C019B0361964605E055F853
:1085F0002E304CF8043B0EF1010EA645F7D30022B5
:1086000067F3881268F3532200233146FFF7BBFF5C
:1086100003B0BDE8F08300B583B00192012301AA45
:10862000FFF7C8FF03B05DF804FB00B583B000920C
:10863000019302236A46FFF7BDFF03B05DF804FB18
:1086400008B5F9F75BFA08BD2DE9F04180460768E7
:10865000856843681C685E6805E032462146284606
:10866000B847241A0544002CF7D1D8F8043000226A
:108670001A60BDE8F08138B505460C464B681A68AB
:10868000CB689A420BD06368D3E8EF2F511CC3E844
:10869000E01F0028F8D1A3689D54002038BD08468B
:1086A000FFF7D2FFEFE738B504460D460A2805D09C
:1086B00029462046FFF7DFFF002038BD0D20FFF7D9
:1086C000DAFFF5E708B513460122F9F77DFB08BD8F
:1086D00008B513460022F9F777FB08BD38B5054603
:1086E0000C4601F00101FFF7F3FF21462846F9F798
:1086F000FDFB38BD2DE9F04383B080460E4615469C
:108700001F46DDF828902C46102D28BF1024CDF8E8
:1087100000903B46224631464046F9F7FBFB264493
:108720002D1BF0D103B0BDE8F0832DE9F04387B0F5
:1087300006460C469046D1F808900F88C7F382177A
:108740000878C0F3C2050846F9F7DAFA011E1ADA0A
:108750000023214651F8105BC5F34A256288C2F315
:108760000B12481905B90021CDF81480049203902A
:10877000029101970022009249463046F9F72CFCFD
:1087800007B0BDE8F0832846F9F792F90346E0E721
:108790002DE9F04180460768856843681C685E687B
:1087A00005E0324621462846B847241A0544002CE5
:1087B000F7D1D8F8043000221A60BDE8F081436890
:1087C0001B685B6819610020704743681B681A6862
:1087D00052685360704708B543681B685A680121A6
:1087E00011751868FFF7D4FF08BD08B543681B680A
:1087F0001868F9F735FC08BD38B50C4643681D68A4
:108800006B681869F8F76AFF03460F22214628684B
:10881000984738BDFEE708B501460068F9F776FECF
:1088200008BD08B5F9F78EFEF9F7B8FE08BD0020BF
:10883000704708B500231370CB1E092B1AD8DFE848
:1088400003F005090D111919191919141146FAF730
:10885000FBF808BD0021F9F7E5FFFAE70021FAF778
:108860006BF8F6E7F9F7ECFEF3E71146F9F760FF6E
:108870000020EEE7F9F76AFF0020EAE708B540B20A
:10888000FAF77AFA08BD08B5013140B2FAF782FA70
:1088900008BD08B500210120F9F738FE08BDD0F861
:1088A000943083F30B88704761B662B680F3118809
:1088B000BFF36F8F704708B572B6002383F311883A
:1088C000BFF36F8F00F019F950B1BFF34F8F30BF76
:1088D00000BF00BF00BF00BF00BF00BF00BF00BFA0
:1088E00062B6BFF36F8F08BD10B5044672B60023A1
:1088F00083F31188BFF36F8F00F0FFF850B1BFF31F
:108900004F8F20BF00BF00BF00BF00BF00BF00BF30
:1089100000BF00BF84F31188BFF36F8F62B610BD34
:1089200040E800F010F4803F01D0C0B270476FF013
:108930001500704708B50B6823F01F0C0B7A03F085
:108940001F0ECA6822F01F025B0942EA430242F08E
:1089500001024CEA0E01FAF7FFFA08BD43681F2B2B
:1089600008D913F01F0F07D1036813F01F0F05D0AC
:10897000002070470020704700207047012070479A
:1089800070B504460E46FFF7CBFF05463444601E23
:10899000FFF7C6FF854201D1284670BD6FF015056F
:1089A000FAE710B584B00B6800934C68B1F808C0C2
:1089B0009DF808206CF304028DF808204989D2B292
:1089C00061F347128DF8082023F01F032344013B75
:1089D00023F01F0303936946FAF718FB04B010BD98
:1089E000F0B587B0054605A8F9F7A4FB06460024B4
:1089F00022E05768095827F01F0392681344013B8F
:108A000023F01F03019702919DF80C20012161F3CF
:108A100004028DF80C20D2B2022161F347128DF8C6
:108A20000C20049301A92878FAF7F0FA002847DB14
:108A30002B7801332B700134B44244D220010599C4
:108A400001EB0412D3681B0D1B05B3F5001FD0D03A
:108A5000B3F5800F1BD0B3F5801FECD157680958D0
:108A600027F01F0392681344013B23F01F03019773
:108A700002919DF80C20012161F304028DF80C2075
:108A8000D2B261F347128DF80C200493CAE75768FD
:108A9000095827F01F0392681344013B23F01F037A
:108AA000019702919DF80C20062161F304028DF8D4
:108AB0000C20D2B26FF347128DF80C200493B1E76B
:108AC0006FF0150000E0002007B0F0BD08B5FAF720
:108AD00091FB08BD08B5FAF769FA08BD08B50B693E
:108AE00049699847002008BD08B5FAF7FDFB00204A
:108AF00008BD08B5FAF772FC08BD08B5FAF730FCF6
:108B000008BD08B5FFF7F5FF08BD08B5FAF712FC78
:108B100008BD4FF47F03D3F83021D3F83431072A4E
:108B200001D000207047042B03D8022B03D3002070
:108B30007047012070470120704738B505460C4644
:108B40004FF050230122C3F814260020FAF7BCFC92
:108B500000212846A04738BD70B5044619B101234D
:108B6000C0F8143670BDFFF7D4FF18B90023C4F85D
:108B70001436F7E70126C4F818660025C4F8145621
:108B8000052001F06DF8C4F81466304601F068F86D
:108B9000C4F81456C4F81856E4E738B505460C4630
:108BA0000120FAF791FC00214FF05020FFF7D4FF8D
:108BB00000212846A04738BD0346032929D8DFE80D
:108BC00001F0020D1823D3F81804C0F300400AB3D3
:108BD000D3F8183403F0030313707047D3F80C0470
:108BE000C0F30040B2B1D3F80C3403F001031370AA
:108BF0007047D3F85C04C0F300405AB1D3F85C343A
:108C000003F0010313707047D3F85404C0F300401D
:108C1000704700207047006901EB41018900703105
:108C200008447047406801EB410100EB8100704748
:108C30000069C1EBC10100EB8100704708B5C9B202
:108C4000FFF7E9FF806800F0070008BDEFF311822D
:108C5000202383F31288BFF36F8F036813F0C003E0
:108C600001D08B4207D101230360002082F31188D9
:108C7000BFF36F8F70474FF0FF30F7E7EFF31182CC
:108C8000202383F31288BFF36F8F036803F0C00CB7
:108C900003F00703012B08D08C4509D04FF0FF30BB
:108CA00082F31188BFF36F8F704701600020F7E7F0
:108CB0006FF07700F4E7EFF31182202383F312883B
:108CC000BFF36F8F036803F0C00343F00203036038
:108CD00082F31188BFF36F8F7047F8B506460C46D4
:108CE000FFF799FF05684768002340F8083BFFF746
:108CF000E2FF1DB13A4621463046A847F8BD70B59F
:108D000006461546CCB22146FFF785FF29460830B6
:108D1000FFF79CFF002806DB21463046FFF782FF65
:108D200043689847002070BD08B58022FFF7E7FF31
:108D300008BD2DE9F041064690461F46CDB22946B2
:108D4000FFF769FF044606990830FFF797FF0028F0
:108D500009DBC4F80080676029463046FFF762FFF0
:108D6000036898470020BDE8F08110B582B08024E8
:108D70000094FFF7DEFF02B010BD10B51446C9B273
:108D8000FFF756FF0021A04710BD08B50120FBF7F3
:108D9000C1FE08BD08B50320FBF7BCFE08BD08B541
:108DA0000220FBF7B7FE08BD08B50020FBF7B2FEB6
:108DB00008BD08B5012001F003F808BD08B503207F
:108DC00000F0FEFF08BD08B5022000F0F9FF08BD65
:108DD00008B5002000F0F4FF08BD08B520EAE070F7
:108DE000C117C90341EA5041C00340F2E733C0183C
:108DF0004FF47A724FF0000341F10001F7F7AAF93E
:108E000001F0A5FD08BD08B51046FCF79FFE08BDA2
:108E10000B4639B11168196041688A4209D00023B4
:108E2000136070471368036041688A42F7D143605A
:108E3000F5E74360F3E708B50A460368002101E05F
:108E400019461B682BB19342FAD1FFF7E1FF0120CD
:108E500000E0002008BD38B505460C460321A047B8
:108E6000002806DB01212846A047002800DB00205F
:108E700038BD10F1860FFBD1F4E770B504460D46FE
:108E80001646036833B1FFF7D6FF70B91EB96FF00D
:108E9000150006E032B123682B602560636843B19A
:108EA000002070BD6FF01500FBE7002EF3D100200D
:108EB000F7E765600020F4E770B50E4615460168D7
:108EC00021B10C683CB131B90C4604E00C4602E01B
:108ED000234621461C4671B18A682A4002D04B685D
:108EE00030469847002CF3D02368002BF1D0002C9B
:108EF000EFD12346EDE770BD0069003818BF0120AF
:108F0000704710F0100F04D110F0200F03D1002093
:108F10007047032070470120704743685B681B69F6
:108F20000B600020704743685B6802EA010021EA99
:108F300002019860D9600020704743685B689960BF
:108F40000020704743685B68D96000207047436821
:108F50005A68536821EA03000B409060D3600020F8
:108F60007047B0F5800F07D0B1F1C06F0DD0B1F1EF
:108F7000007F08D001207047B1F1007F01D00520AB
:108F8000704704207047022070470320704708B5DF
:108F900000690430FFF771FF08BD10B500F01F0431
:108FA0004009FAF7E1FC30B1014600690122A24014
:108FB0000430FFF781FF10BD00207047002070478C
:108FC00008B521B1012905D06FF0850008BDFFF774
:108FD000F3FFFBE7FFF7F2FFF8E708B511461030A3
:108FE00001F0D0F908BD00B54368136001E0083313
:108FF0001360136890F808C0D0F804E00EEBCC0CB6
:10900000634505D293F805C08C45F0D1002001E0FE
:109010006FF001005DF804FB08B511B9FAF778FEAE
:1090200008BDFAF761FEFBE738B505460C4603219B
:10903000A047002806DB01212846A047002800DBC6
:10904000002038BD10F1860FFBD1F4E743681B68A0
:10905000EFF31182202181F31288BFF36F8FD3F8D1
:10906000201131B10021C3F82011D3F820110121C2
:10907000D96082F31188BFF36F8F704743681B6814
:10908000D3F88004C3F88004704743681A685B68AB
:1090900003F00103D2F8581129B933B9D2F82031BD
:1090A0002BB9002070470120704700207047012035
:1090B000704708B503691A6813680BB1526898477E
:1090C00008BD00B587B00023019302930393049376
:1090D000059304238DF8043002910DEB0301FFF793
:1090E000E8FF07B05DF804FB4368187D012814BF52
:1090F00000200120704700B587B00269002301936A
:10910000029303930493059302238DF804301368AC
:109110001B6C029313689B6C0393049101A9FFF7E6
:10912000C8FF07B05DF804FB10B503691B68406811
:109130000068EFF3118C4FF0200E8EF31288BFF30E
:109140006F8F1C6CACB1DC6CB4B9D9641A65C0F813
:109150003415C0F83825042A11D9D0F8003243EA72
:109160000E03C0F8003200208CF31188BFF36F8F1C
:1091700010BD6FF00C00F7E76FF00F00F4E7002070
:10918000F2E70369186820B101601B685A6000208B
:1091900070476FF08500704700B587B000230193DA
:1091A000029303930493059303238DF8043003691A
:1091B0001A6843681968936DD26D134302D0042373
:1091C000C1F8043301A9FFF774FF07B05DF804FB91
:1091D00043681A689B6AC2F834350523C2F83835EB
:1091E0000123D362D2F81031002BFBD00023C2F848
:1091F0001031D2F81031D2F84C0130B10023C2F84E
:109200004C31D2F84C31D2F83C05C0B2704710B4A2
:10921000445844B11A4201D1002005E000234350D4
:109220004358012000E0002010BC704742681368DA
:109230000069006868B9D3F8100168B1126B127840
:109240000A700020C3F81001D3F8102101221A601F
:1092500070476FF0850070474FF0FF30704708B5DA
:1092600020EAE070C117C90341EA5041C00340F24F
:10927000E733C0184FF47A724FF0000341F1000158
:10928000F6F768FF01F063FB08BD70B5064612E013
:1092900075B1EFF31184202383F31288BFF36F8F2E
:1092A0003046FFF7F2FE98B984F31188BFF36F8F51
:1092B0000120FFF7D4FF64243046FFF7E6FE0546A1
:1092C0000028E5D1012000F0CBFC013CF4D1DFE720
:1092D000204670BD10B582B0044601AAFFF783FE98
:1092E000002805DB019B226819791868FAF724FD2C
:1092F00002B010BD10B543681C680021D868FFF7A4
:10930000E9FF0823C4F8003510BD08B50269936869
:109310001943916013F0030F00D008BDFFF7EAFF77
:10932000FBE710B543681C68C4F84415C4F8482529
:109330000022C4F82021D4F82011C4F85821D4F810
:1093400058215B6813F0040F02D10123A36010BD04
:109350000121FFF7DAFFF8E738B505460C46436808
:109360001B684FF48002C3F80423FFF78EFE20B978
:109370002368012283F8B82038BD2368002283F8CF
:10938000B82023684FF0FF32C3F8B4202368D3F825
:10939000AC20D3F8A8102846FFF7C3FFECE74368DA
:1093A0005A6812F0040F00D0704710B5044600212F
:1093B000D868FFF78FFF2046FFF79CFF10BD0129FB
:1093C00004D108B5FFF7EBFF002008BD6FF0850062
:1093D000704710B502694468936823EA01019160FF
:1093E00011F0030F00D010BD43681B680022C3F8C2
:1093F00000250121E068FFF76DFFF4E730B587B085
:109400000446426803691968002301930293039399
:109410000493059305208DF8040081F861305368AA
:1094200013F0040F05D101A92046FFF742FE07B053
:1094300030BDEFF31185202383F31288BFF36F8FC4
:1094400002212046FFF7C5FF85F31188BFF36F8F18
:10945000E9E770B50446466803691D68296C19B1CF
:10946000FFF72FFE00232B6495F862306BB10023C9
:1094700085F8623063681B680022C3F80821D3F8BE
:1094800008312046FFF7BAFF70BD736813F0040F70
:10949000F0D02046FFF79CFE85F86000EAE770B543
:1094A0000E4603691D6843681C6805F1080001F059
:1094B00042FBEFF31182202383F31288BFF36F8FF7
:1094C000EB6C53B1D4F8003223F02003C4F800321F
:1094D0000023C4F84C31D4F84C31002385F86130B6
:1094E00016B1012385F862300123636082F311888D
:1094F000BFF36F8F002070BD08B503691B681B6C3C
:109500001BB10121FFF7CBFF08BD6FF00D00FBE79A
:1095100010B586B0044643681968D1F8802400234A
:109520000193029303930493059306238DF804306B
:1095300012F0010F08D112F0020F14D112F0040F33
:1095400013D102F0080300E001238DF80830C1F8C0
:10955000802401A92046FFF7ACFD00212046FFF73B
:109560009EFF06B010BD0223EFE70423EDE738B5F8
:109570000369426815681A68D2F8A01051B1002436
:1095800082F8B8401868683001F0D5FA0123EB6022
:10959000204638BD6FF00D00FBE708B5406BFFF7C4
:1095A000E6FF08BD70B5054603691C6843681E6880
:1095B00004F1080001F0BFFAD6F83C3594F86010C9
:1095C0001944002384F86030A36CC91A01D400291F
:1095D0002CDC216C2846FFF774FDE36C2364236DBB
:1095E00063640023E3642365A36494F86130E3B10A
:1095F000EFF31182202383F31288BFF36F8F236C64
:10960000C3B1D6F84C3133B9012333600023C6F817
:109610004431D6F84431D6F8003223F02003C6F89E
:10962000003282F31188BFF36F8F70BD2846FFF7B9
:1096300062FDCEE701237360F3E710B5046940686B
:109640002368D3F8A420D3F8B010521A01D1002017
:1096500010BD082A28BF0822C3F8AC202368406A3E
:10966000C3F8A8002368D3F8A010D3F8B030194489
:1096700001F074FA0120EBE72DE9F04186B00546D0
:10968000436804691F68EFF31188202282F312886F
:10969000BFF36F8F2268D2F8B410002946DBD2F8EE
:1096A000B4605B6813F0040F43D188F31188BFF3F3
:1096B0006F8F2368D3F8A020002A34D093F8B81015
:1096C00000293FD1D3F8A8108A4206D0D3F8AC20A5
:1096D000964247D0D3F8B0301E442068683001F07D
:1096E0002AFA0023019302930393049305932368BA
:1096F000D3F8A030029303962368D3F8A4309E4297
:1097000002D001238DF804304FF48003C7F80833EA
:1097100022680023C2F8A0302268C2F8A43001A950
:109720002846FFF7C6FC06B0BDE8F081D7F84C65C7
:10973000B7E74FF48003C7F8083301212846FFF745
:1097400048FEB2E7EFF31186202383F31288BFF3BC
:109750006F8F21462846FFF7FFFD86F31188BFF380
:109760006F8FE0E7D3F8B0203244C3F8B02028462A
:10977000FFF763FF18B92368D3F8B060ADE7EFF3E4
:109780001186202383F31288BFF36F8F214628466A
:10979000FFF7E2FD86F31188BFF36F8FC3E7436BDA
:1097A0005A6812681B691B68D2F8081199B1002128
:1097B000C2F80811D2F80821596530B583B003F119
:1097C0000800D3E9162300240025CDE90045FDF764
:1097D000F1FA03B030BD596D013159650429ECD15E
:1097E000012353607047D0B582B0036942681468A2
:1097F0001A68002151651B6803F10800D3E916239C
:1098000000260027CDE90067FDF7D4FA0423C4F849
:10981000083302B0D0BD38B545682C686B6813F0CA
:10982000010F23D100220823C4F80035EB6AC4F8E5
:1098300044350023C4F848350123A36072B9D4F835
:109840002031002BFBD00023C4F82031D4F8203184
:109850000123E3604FF48073C4F80433D4F8583123
:10986000002BFBD00020C4F8000538BD016920465C
:10987000FAF74AFD0028F8DB0122D4E710B50446C8
:10988000002201210820FEF7FEFF0820FEF7F6FF68
:1098900000212046FAF75EFD10BD2DE9F041064695
:1098A00043681C680769D7F80080D4F804532B4636
:1098B00004224FF484712046FFF7A9FCE8BB2B4635
:1098C0004FF400724FF492712046FFF7A0FCC0BB2A
:1098D0002B4610224FF488712046FFF798FCA0BB5E
:1098E00015F4002F05D0D4F84C3113B1D4F8103151
:1098F000A3B315F4003F05D0D4F8443113B1D4F824
:1099000010319BB315F4807F02D0D4F82031ABBB6B
:1099100015F4800F02D0D4F858319BBB07F108032F
:10992000D3E8EF2F22F00401C3E8E01F0028F7D1AD
:1099300012F0040F2AD1BDE8F0813046FFF753FF43
:10994000BDE73046FFF7E4FDC2E70023C4F810315D
:10995000D4F810313046FFF725FEC1E7C4F84C318A
:10996000D4F84C313046FFF717FCC2E7C4F8443155
:10997000D4F844313046FFF76CFDC3E73046FFF7BB
:1099800065FBC5E73046FFF777FEC7E7D8F8441018
:109990003046FFF7B0FBD8F840103046FFF791FB98
:1099A0000023C8F84430C8F840303046FFF726FDA1
:1099B000C1E700B5A2F5807E4FEA9E0E4FF0010C84
:1099C0000CFA0EFC1CEA010F0DD0815809B90020D9
:1099D0000AE00021815082581BB11A684CEA020249
:1099E0001A60012000E000205DF804FB70B582B031
:1099F00006460D460024019409E0A20001AB02F5E1
:109A0000A07229463046FFF7D4FF0134E4B2032C9C
:109A1000F3D915F0010F02D0D6F8003143B915F093
:109A2000020F02D0D6F8043163B9019802B070BDBC
:109A30000023C6F80031D6F80031019B43F0010342
:109A40000193ECE70023C6F80431D6F80431019BFA
:109A500043F002030193E8E7401A20F07F4070478B
:109A600000F150039B009BB203F1502303F58033B8
:109A70001868003818BF0120704700F150039B00A0
:109A80009BB203F1502303F5803300221A601B6858
:109A9000704720F07F407047EFF31180202383F35D
:109AA0001288BFF36F8F704780F31188BFF36F8FF9
:109AB0007047F0B585B0044617461D46FAF7E8FC36
:109AC00006469DF8303002930B9B01930A9B00934E
:109AD0003A462B462046FAF799FD05463146204680
:109AE000FAF724FD284605B0F0BD08B5FAF76EFD7B
:109AF00008BD08B5FDF7B4F908BD08B5F8F72CFBAB
:109B0000F8F740FCFFF7F5FF08BD4FF47F03D3F8EB
:109B10003021D3F83431072A01D000207047023BAE
:109B2000002B04D8DFE803F001000120704700207B
:109B300070474FF47F03D3F83021D3F83431072A2C
:109B400001D000207047042B07D008D8023B012B1E
:109B500001D8012070470020704700207047002086
:109B600070474FF47F03D3F83021D3F83431072AFC
:109B700001D000207047023B002B04D8DFE803F03F
:109B8000010001207047002070474FF47F03D3F895
:109B90003021D3F83431072A01D00020704701204A
:109BA00070474FF47F03D3F83021D3F83431072ABC
:109BB00001D000207047023B002B04D8DFE803F0FF
:109BC000010001207047002070474FF47F03D3F855
:109BD0003021D3F83431072A01D000207047023BEE
:109BE000002B04D8DFE803F00100012070470020BB
:109BF00070474FF47F03D3F83021D3F83431072A6C
:109C000001D000207047023B002B04D8DFE803F0AE
:109C1000010001207047002070474FF47F03D3F804
:109C20003021D3F83431072A01D0002070470120B9
:109C300070474FF47F03D3F83021D3F83431072A2B
:109C400001D000207047042B03D8022B03D300203F
:109C50007047012070470120704708B5804708BD54
:109C600008B500F09BFB08BD40F00040C1F8800043
:109C7000704740F00040C1F88000704738B5044696
:109C80001546FFF7F1FF29462046FFF7F2FF38BDE2
:109C90000346032929D8DFE801F0020D1823D3F881
:109CA0001804C0F300400AB3D3F8183403F00303D8
:109CB00013707047D3F80C04C0F30040B2B1D3F86E
:109CC0000C3403F0010313707047D3F85C04C0F345
:109CD00000405AB1D3F85C3403F0010313707047AD
:109CE000D3F85404C0F300407047002070470120AF
:109CF000704708B50520F9F761F800B108BD0520E7
:109D0000FEF7BCFDFAE770B582B00646032840D8DE
:109D1000DFE800F00225191F0C224FF482730221A4
:109D20004FF05020C0F80813024401211160034491
:109D300000221A601B688DF807108E4214D000258F
:109D400042F2107418E024224FF492734FF4007121
:109D5000E6E71C224FF490734FF48071E0E7042291
:109D60004FF480730121DBE70DF10705E8E70120DF
:109D7000FFF776FF013C0CD02A4631464FF05020C9
:109D8000FFF786FF28B1002DF1D09DF80730012B99
:109D9000EDD002B070BD38B504460378022B06D072
:109DA000012B00D000231D461BB1284638BD0123DE
:109DB000F9E70020FFF7A7FFFFF799FF2070F4E70E
:109DC00008B5FFF7A0FF08BD08B5FAF761FF08BDA9
:109DD00010B401F5A27150F8214024F44F3424F45A
:109DE000407440F8214050F82140120202F47C52A5
:109DF0001B0403F440331A43144340F8214010BCC1
:109E0000704710B401F5A27150F8214024F4991460
:109E100024F4F85440F8214050F82140120202F492
:109E20007C521B0403F440331A439DF804301B0595
:109E300003F480131A43144340F8214010BC7047C8
:109E400000B5A2F5807E4FEA9E0E4FF0010C0CFA91
:109E50000EFC1CEA010F0DD0815809B900200AE060
:109E60000021815082581BB11A684CEA02021A6024
:109E7000012000E000205DF804FBF0B583B0074648
:109E80000D4616460024019409E0E2B2920001ABAF
:109E900002F5807229463846FFF7D2FF0134B442FA
:109EA000F3D3002D02DB019803B0F0BD01AB4FF4FA
:109EB000BE7229463846FFF7C3FFF4E700B583B00A
:109EC0000021019100910B460122FAF7EBFE03B04D
:109ED0005DF804FB00B585B08DF80F100DF10F0390
:109EE0000193002100910B460A46FAF705FF05B0E1
:109EF0005DF804FB38B50D460079FAF7C5FF044656
:109F00002846FAF7B7FF083034F8100000F00100D7
:109F100038BD38B50D460079FAF7B6FF0446284635
:109F2000FAF7A8FF083034F81000C0F3401038BD2D
:109F300038B50D460079FAF7A7FF04462846FAF728
:109F400099FF083034F8100010F01C0018BF0120F1
:109F500038BD38B50D460079FAF796FF0446284615
:109F6000FAF788FF083034F81000C0F3400038BD1D
:109F700038B504460D46FFF7ECFF30B129462046C0
:109F8000FFF7C7FF18B1012000E0002038BD002016
:109F9000FCE708B5FFF7DDFF80F00100C0B208BDA7
:109FA0007047704738B50D460079FAF76DFF0446E3
:109FB0002846FAF75FFF083034F81000400B38BD30
:109FC000032894BF00200120704770B506460D4657
:109FD000002404E04FF0FF33AB4211D001342F2CAA
:109FE0000CD83079FAF750FF04F1080330F8133039
:109FF00013F4807FEED0C3F34323EDE7002000E0AD
:10A00000012070BD38B504460D46FFF782FFB8B198
:10A0100029462046FFF7BDFF90B129462046FFF7AD
:10A02000C1FF226801238340C2F80833226800F58B
:10A03000A27052F8203023F0030342F8203003E0EE
:10A0400000212846FFF746FF38BDF8B506460F4603
:10A0500015460024002C03DD4FF0FF342046F8BDE8
:10A060003079FAF711FF50F83430BB4201D0013497
:10A07000F0E700EBC4035B68AB42F8D1EEE738B51C
:10A080000C460079FAF700FF05462046FAF7F2FE83
:10A09000083035F81030C3F38203042B09D0052BA8
:10A0A00001D1022006E02046FAF786FE18B103200F
:10A0B00000E0032038BD0220FCE710B50446084646
:10A0C000FAF7D8FE083034F8103013F4807F04D04B
:10A0D000C3F3432304EBC30010BD0020FCE770B5BD
:10A0E00004460E4615460079FAF7CEFE86602079C2
:10A0F000FAF7CAFEC56070BD08B50079FAF7C4FE6C
:10A1000090F88C00003818BF012008BD70B50446D7
:10A110000D461646FFF7FDFE00B329462046FFF721
:10A1200038FFD8B129462046FFF73CFF226883005C
:10A1300003F580739BB2002199509B58226800F56B
:10A14000A27152F8213043F0010342F82130B6B138
:10A15000226801238340C2F8043310E02368D3F857
:10A160000423002A03DB4FF00042C3F804232946EE
:10A170002046FFF784FF01462846FFF7ABFE70BD7F
:10A18000F8B504460D461646FFF797FF20B107685D
:10A19000426831462846B847A3681BB1E268314699
:10A1A00028469847F8BDF8B507460E4614461D46A2
:10A1B0001046FFF705FF60B9022D1DD00221304681
:10A1C000FFF788FE032C1BD0022D17D0032D1DD0C6
:10A1D000F8BD224631463846FFF7D2FF3046FAF73F
:10A1E000FFFDA842F4D100213046FFF773FE294657
:10A1F0003046FFF76FFEEBE70321E0E7012CE5D1E6
:10A20000224631463846FFF7BBFFE1E7022CDFD19B
:10A21000F6E770B505460846FAF72CFE044628799D
:10A22000FAF732FE04F1080330F8133013F4807F9C
:10A230000BD0C3F34326083423F4F85320F814302A
:10A2400031462846FFF7C1FE00B170BD2879FAF704
:10A250001BFE002340F836302879FAF715FE314608
:10A260007830FAF705FCF0E770B504460D46FFF7C5
:10A2700050FE58B1266829462046FFF793FE00F5A8
:10A28000A270002346F8203046F8203029462046A8
:10A29000FFF7BFFF2079FAF7F7FD04462846FAF7E3
:10A2A000E9FD0830002324F8103070BD70B5044675
:10A2B0000D461E4604984FF0000C01E00CF1010C15
:10A2C00084450ED25FFA8CF2920002F580719208FA
:10A2D000012303FA02F21542F0D0002363506358C1
:10A2E000ECE7002D04DA0023C4F87C31D4F87C318B
:10A2F00044F30730FEF7C2FA0EB1C4F8045370BD40
:10A30000F8B506460D46144619E094FAA4F3B3FADC
:10A3100083F301229A4024EA020403F13C0205EB94
:10A320004202978803F5A27356F82300C0F3014058
:10A33000FFF736FE024639462846FFF721FF002C7C
:10A34000E3D1F8BD08B5FAF7B7FE08BD08B5FAF7CE
:10A35000A3FD08BD08B5FFF7C2FE08BD08B5FAF7B2
:10A3600019FE08BD08B5FAF77BFF08BD08B5FFF771
:10A37000C3FE08BD08B5FAF74FFF08BD08B5FAF7E8
:10A3800065FF08BD08B5FAF749FE08BD08B5FFF737
:10A39000BDFE08BD08B5FFF735FE08BD00B9704722
:10A3A00008B5FEF7B2FB08BD60B1C3685A7812F079
:10A3B000010F03D01B781BB10020704700207047AD
:10A3C0000120704700207047EFF31183202383F3AF
:10A3D0001288BFF36F8FFEE710B50446436983B15F
:10A3E000984730B100280ADBFF2800DDFF20E36832
:10A3F0001870E268537843F00103537010BD404277
:10A40000F2E70020F5E708B500F0CFFB08BD08B57E
:10A4100000F0A4FB08BD4169836841EA030212F021
:10A42000030F10D10022C2600269013A02FB01331E
:10A4300004E0C2681A60C36042699B1A82689A424B
:10A44000F7D9002070476FF0150070470120704762
:10A4500010B5044603614261816000238361FFF708
:10A46000DAFF002801DB2460646010BD2DE9F843A9
:10A4700004460D46FFF7EAFFB0B104F10807EFF319
:10A480001186202383F31288BFF36F8FE368A3B193
:10A49000E3682B60E560A369013BA36186F3118843
:10A4A000BFF36F8FBDE8F883002383F31188BFF3F8
:10A4B0006F8F0423184602DFF4E7D4F80080444588
:10A4C00017D0B8F1000918BF4FF00109B8F1000F1B
:10A4D00012D1B9F1000FDBD00023C8F8AC30C8F8B6
:10A4E0001050404600F091F931463846FBF7D0FF56
:10A4F000D8E74FF00008E4E7D8F80420D8F8003097
:10A5000013605A600023C8F80030C8F8043098F887
:10A510000D2022F0020288F80D20C8F8083008F15A
:10A52000180000F0BAFAD4E708B5EFF3118320233E
:10A5300083F31288BFF36F8FFEF7BDF9F5E700BF15
:10A540007047884200DA014611F17F0F01DB0846AF
:10A5500070476FF07E00704708B5806890F90E3044
:10A560008B4201D1002008BDFBF7ECFEFBE7034660
:10A5700000209860D8601B605B6070473AB18A42E7
:10A5800008D38160C26000604060002070476FF0B7
:10A59000150070476FF0150070470B4639B1116810
:10A5A000196041688A4209D000231360704713681C
:10A5B000036041688A42F7D14360F5E74360F3E7FF
:10A5C00030B108B500221146BC3000F0FEF908BDDC
:10A5D0000020704770B50D46C36813F0020F22D1FA
:10A5E000044613F0040F23D10B68ABB1E36813F0FA
:10A5F000010F14D0A3682B60022621462868FBF7C0
:10A6000011FB002811DBE36843F00403E3602B68CF
:10A61000A36036B130460AE083680B60E6E70126A6
:10A62000EBE7304601E06FF00F0000232B6070BDB8
:10A630000020FAE708B5EFF31180202383F3128896
:10A64000BFF36F8FFBF73AFF08BD08B5C36823F06F
:10A650001003C3601030FBF779FA08BD00230360D4
:10A6600043608360C3604160704710B582B0019061
:10A670000846EFF31184202383F31288BFF36F8F12
:10A6800001A9FFF7A7FF84F31188BFF36F8F02B012
:10A6900010BD10B5FFF7E9FF041E01DC204610BD18
:10A6A000FFF7C8FFFAE7F8B505460E46D41D24F0BB
:10A6B00007040F193946F7F75DFF073020F0070050
:10A6C000C5F89460C5F89840C5F89C00381AF8BDE4
:10A6D000EFF30580003818BF0120704774307047D1
:10A6E00010B400248460037342738173C473846163
:10A6F000C46110BC7047F0B587B00446129E139D2C
:10A7000000270597109F04970F9F03970E9F0297AE
:10A710000D9F01970C9F0097FBF7E0FBB5F1FF3F02
:10A7200008BFB6F1FF3F02D1204607B0F0BD324668
:10A730002B462046FBF7B2FBF6E70020704738B502
:10A7400004460D46FBF7B0FC637B43F002036373E2
:10A7500035B3A5602B689D420DD100230BE05A68EC
:10A760006260236014605C601AE01A4669688A427D
:10A770000FD01B687BB173B194F90E1093F90E20C2
:10A780009142F2D0521A002AE9DC1A46002BEDD190
:10A79000F0E70023EEE76B68256063601C606C6087
:10A7A00038BD08B5183000F078F908BD70B5064618
:10A7B000046884421AD0DCB16268236813605A606E
:10A7C000002525606560637B23F002036373A56049
:10A7D00004F1180000F061F9C4F8AC502046FBF712
:10A7E00009FC3468A642E6D12C46E4E70024E2E7FF
:10A7F00070BD70B5044616461D46FFF7A0FF3246F1
:10A800002B462046FBF70EFD70BD38B504460023ED
:10A81000EFF31185202282F31288BFF36F8F04E0DB
:10A8200085F31188BFF36F8F012343B92046FFF7EB
:10A8300084FF0028F4D12046FBF7DCFBF0E738BDAD
:10A840000023EFF31181202282F31288BFF36F8F70
:10A8500010E04268036813605A600023036043609D
:10A86000427B22F002024273836081F31188BFF3BE
:10A870006F8F01231BB98368002BEAD1F5E770477E
:10A8800038B504460023EFF31185202282F31288A5
:10A89000BFF36F8F0BE0637B23F0040363732046E9
:10A8A000FBF7A8FB85F31188BFF36F8F01239BB9DA
:10A8B000637B13F0280FF5D1A368002BEBD06268FF
:10A8C000236813605A60002323606360627B22F078
:10A8D00002026273A360DEE738BD08B501211838B3
:10A8E000FFF7CEFF08BD01460023EFF3118C2022B5
:10A8F00082F31288BFF36F8F184605E000208CF3B7
:10A900001188BFF36F8F01238BB908688142F5D09E
:10A910000028F4D04268036813605A600023036083
:10A920004360427B22F0020242738360E7E7704794
:10A9300008B5EFF31180202383F31288BFF36F8FE4
:10A94000FBF7BCFD08BD031D43608360704738B54D
:10A9500004460D46FBF770FE84462046B5F1FF3FE6
:10A9600008BFB4F1FF3F2CD04FEAEC72510141EA2D
:10A97000DC614FEA4C13B3EB0C0361EB020189007D
:10A9800041EA93719B0013EB0C0042EB0103DB00E7
:10A9900043EA5073C00047F6FF72801843F100038A
:10A9A000B0F5004F73F100020AD36FF40042824207
:10A9B00043F6FF729A4105D3C00B40EA434000E0E2
:10A9C000002038BD6FF00040FBE72DE9F04105465F
:10A9D000884617460023EFF31186202282F312885F
:10A9E000BFF36F8F184604E086F31188BFF36F8FB3
:10A9F0000123F3B92C68A542F6D0002CF4D0C4F89A
:10AA0000AC8027616268236813605A60002323606A
:10AA1000636094F80DC02CF0020C84F80DC0A360A4
:10AA200004F1180000F039F82046FBF7E3FA0120A2
:10AA3000DAE7BDE8F08110B50446FCF703F848B149
:10AA400002460369416920691B18606941EB0001F6
:10AA5000136151616268236813605A6000232360A8
:10AA6000636010BD10B50446FBF7E2FF78B10369DF
:10AA700042691B1B62EBE472B3F1004F72F10001FB
:10AA800008DA002A01DB184610BD0023FBE76FF04F
:10AA90000040F9E76FF00040F6E7F8B50446002300
:10AAA000EFF31187202282F31288BFF36F8F6FF0CC
:10AAB00015000CE0FBF7D2FFFFF7D4FF0021F9F7F8
:10AAC000A3FE304687F31188BFF36F8F01231E4624
:10AAD0008BB92368002BF5D0FBF7AAFF054620466B
:10AAE000FFF7A9FF00224FF00043C4E90423A54269
:10AAF000E0D03046E6E7F8BD08B5FCF7BFF808BD82
:10AB000008B5FCF7BBF808BD08B5EFF311802023AA
:10AB100083F31288BFF36F8FFBF7D0FC08BD01628F
:10AB200042620023036300F118028261C261036084
:10AB300043604363704710B50446FFF7AEFF60B94A
:10AB4000636A0BB12046984704F11800FFF7CBFE6B
:10AB500018B1FFF75AFEFFF7D7FF10BD0A44431E96
:10AB6000914200D1704710B511F8014B914203F8A2
:10AB7000014FF9D110BD884210B501EB020402D992
:10AB80008442234607D8431EA14208D011F8012B66
:10AB900003F8012FF8E7024401468A4200D110BDB4
:10ABA00013F8014D02F8014DF7E7024403469342C2
:10ABB00000D1704703F8011BF9E710B501390446CD
:10ABC00032B111F8013F013A00F8013B002BF7D1F7
:10ABD0000021FFF7EAFF204610BD0246014410B5F0
:10ABE0008A42134603D01C780132002CF8D1181A7F
:10ABF00010BDF0B5C3F13707044603F01F0310463C
:10AC0000FFB2082BE6B232D0102B3DD06508A40865
:10AC100045EAC17544EA81748A082D1942EB510254
:10AC2000290941EA02716D1842EB1212290A41EA20
:10AC300002616D1842EB1222290C41EA02416D18A3
:10AC400042EB1242AD1842F10002EC0844EA4274B1
:10AC5000D10804EB8402A6EB4205EDB2092D0CD914
:10AC60000134A5F10A0541F10001EDB212E0E4085A
:10AC700006F0070544EA4174C908303554EA010278
:10AC800000F8015BBDD1F0BD240906F00F0544EAD0
:10AC900001740909092D84BFED19EDB2EDE7D1E981
:10ACA000043293421EBF5A1C0A611870704700009C
:10ACB00001480068704700005C120020CC54FF7F00
:10ACC000010000000000000024AD00001959000040
:10ACD000000000000000000064AD00000000000063
:10ACE00044AD0000F39A00000000000000000000E6
:10ACF00084AD00006138000000000000B146000093
:10AD00000000000081160000000000001133000068
:10AD100000000000FB9A000000000000356E0000FB
:10AD20000000000088BB0000CCBB000054B0000055
:10AD300020010020C812002075370000000000002C
:10AD400000000000FCBB000014BC000030B000009C
:10AD5000220100206C130020393C0000000000009C
:10AD60000000000008BC00002CBC000030B0000057
:10AD70002401002078130020393C0000000000006E
:10AD80000000000070BC00008CBC000070B000002F
:10AD900026010020840000207D98000000000000B3
:10ADA0000000000000000000938800000000000088
:10ADB000938800000000000093880000000000005D
:10ADC000938800000000000093880000194C0000E8
:10ADD0005B9C000000000000938800000000000061
:10ADE0009388000084AD00009B98000000000000E4
:10ADF000938800000000000093880000000000001D
:10AE0000938800000000000093880000D1530000E8
:10AE10005B9C000000000000938800000000000020
:10AE200093880000000000009388000000000000EC
:10AE300093880000000000009388000000000000DC
:10AE400093880000000000009388000000000000CC
:10AE5000C9470000000000009388000000000000C7
:10AE600093880000000000009388000000000000AC
:10AE7000938800000000000093880000000000009C
:10AE8000938800000000000093880000000000008C
:10AE9000938800000000000093880000000000007C
:10AEA000938800000000000093880000000000006C
:10AEB000938800000000000093880000000000005C
:10AEC000938800000000000093880000000000004C
:10AED000938800000000000093880000000000003C
:10AEE000938800000000000093880000000000002C
:10AEF000938800000000000093880000000000001C
:10AF0000938800000000000093880000000000000B
:10AF100093880000000000009388000000000000FB
:10AF200093880000000000009388000000000000EB
:10AF300093880000000000009388000000000000DB
:10AF400093880000000000009388000000000000CB
:10AF500093880000000000009388000000000000BB
:10AF600093880000000000009388000000000000AB
:10AF7000938800000000000093880000000000009B
:10AF8000938800000000000093880000000000008B
:10AF9000938800000000000093880000000000007B
:10AFA000938800000000000093880000000000006B
:10AFB000938800000000000093880000000000005B
:0CAFC0009388000000000000938800004F
:10AFD00078020020581A00200004000055040000E8
:10AFE000000000000000000000000000070000005A
:10AFF00000000000DCB100000000000000000000C4
:10B00000C80100205816002000040000450500007B
:10B01000000000000000000000000000050000002B
:10B0200000000000D0B1000000000000000000009F
:10B03000853A00001B8F0000278F00003B8F000027
:10B04000458F00004F8F0000853900008F8F000072
:10B05000000000003D370000298D00006B8D0000CE
:10B06000000000003D8C0000000000000000000017
:10B0700083910000FD4100006F95000051400000E9
:10B0800029910000F99400002D920000AD3F0000CE
:10B090007D900000D0B2000003000000E8B1000085
:10B0A00003000000A4B20000030000008CB3000005
:10B0B00003000000BCBB000003000000CCB3000094
:10B0C00003000000D0B300000300000038B500000A
:10B0D00003000000BCBA00000300000008BE00002E
:10B0E0000300000068BB0000030000007CBC0000FF
:10B0F000030000005CB500004C00002024B50000F7
:10B1000001000000040000000F000000010000002A
:10B110000800000020000000600000007000000037
:10B120000D0000000C0000000E00000050000000A8
:10B1300074000000A8000000FFFFFFFFFFFFFFFFFB
:08B14000FFFFFFFFFFFFFFFF0F
:10B1500000258450002884500000000000000000FA
:10B160000338FDD870470000746872656164302050
:10B170007969656C64696E67207468697320726FA1
:10B18000756E6420696E20256C6C64206D730A00F6
:10B190005468726561643020656D756C6174655FBB
:10B1A000776F726B282900007468726561643120C2
:10B1B0007969656C64696E67207468697320726F61
:10B1C000756E6420696E20256C6C64206D730A00B6
:10B1D000746872656164315F6964000074687265E7
:10B1E0006164305F696400004D41494E5F43000077
:10B1F0004F4E00004F4646005455524E4544204C99
:10B2000045443020257300005455524E4544204C8F
:10B2100045443120257300005541525420495320A4
:10B220004E4F542052454144590A00005541525452
:10B230002043414C4C4241434B204E4F54205245F9
:10B24000474953544552454420535543434553536E
:10B2500046554C4C5900000055415254205258203C
:10B260004E4F5420454E41424C4544205355434394
:10B2700045535346554C4C5900000000554152541B
:10B280002044415441204E4F54205452414E534D7E
:10B290004954544544205355434345535346554C14
:10B2A0004C590000554152545F43000044AD00002A
:10B2B0000700000044AD0000060000004C45442794
:10B2C0005320415245204E4F54205245414459008D
:10B2D0004C45445F4300000044AD000007000000FF
:10B2E00044AD00000600000028756E7369676E6546
:10B2F00064292063686172202A2075736564206662
:10B300006F722025257020617267756D656E742ED1
:10B310002049742773207265636F6D6D656E646577
:10B320006420746F206361737420697420746F20CB
:10B33000766F6964202A2062656361757365206990
:10B3400074206D6179206361757365206D69736226
:10B3500065686176696F7220696E206365727461D9
:10B36000696E20636F6E66696775726174696F6E6E
:10B37000732E20537472696E673A222573222061FE
:10B380007267756D656E743A256400006362707251
:10B39000696E74665F7061636B61676500000000D1
:10B3A0006C6F6767696E6700A804002000010000E9
:10B3B0002385000079840000020000002B87000034
:10B3C0000000000000000000000000006C6F67003B
:10B3D0006C6F675F6D676D74000000004D6573737F
:10B3E000616765202822257322292064726F70709E
:10B3F0006564206265636175736520697420657892
:10B4000063656564732073697A65206C696D69741E
:10B410006174696F6E202825752900004D6573736E
:10B420006167652064726F70706564206265636136
:10B43000757365206974206578636565647320732E
:10B44000697A65206C696D69746174696F6E202812
:10B45000257529005B2530386C755D2000000000E3
:10B460005B253032753A253032753A253032752EEB
:10B47000253033752C253033755D20001B5B306D16
:10B480000000000025732E0025733A200000000004
:10B490003C25733E2000000025732F0025732000FB
:10B4A0002530327820000000202020007C000000A1
:10B4B00025630000206D6573736167657320647296
:10B4C0006F70706564202D2D2D0D0A1B5B306D0093
:10B4D0001B5B313B33316D2D2D2D20001B5B313B30
:10B4E00033316D001B5B313B33336D00657272008D
:10B4F00077726E00696E660064626700000000008B
:10B50000DCB40000E4B40000000000000000000013
:10B5100000000000ECB40000F0B40000F4B400003F
:10B52000F8B400006C6F675F6261636B656E645FA7
:10B5300075617274000000006C6F675F75617274F2
:10B54000000000004CB50000180D00201121000083
:10B55000300D00203C0D002001000000F9870000A4
:10B56000EB870000D7870000CB87000000000000B9
:10B57000BF870000000000002A2A2A20426F6F7453
:10B58000696E67206E524620436F6E6E656374204D
:10B5900053444B2076332E312E312D6532613937AD
:10B5A00066653235373861202A2A2A0A00000000F1
:10B5B0002A2A2A205573696E67205A657068797245
:10B5C000204F532076342E312E39392D6666386659
:10B5D0003063353739656562202A2A2A0A0000005F
:10B5E00000000000158800006D757465785F696E55
:10B5F00069742063616C6C65642077697468204E9F
:10B60000554C4C20706172616D657465720000006C
:10B61000436F756C64206E6F7420616C6C6F636136
:10B620007465206D75746578206265666F7265203B
:10B63000696E697469616C697A696E6700000000FF
:10B640006C000020640000205C000020000000006E
:10B6500054000020FD220000A1220000252200004D
:10B66000B921000072302F61313A20203078253026
:10B670003878202072312F61323A202030782530FE
:10B680003878202072322F61333A202030782530EC
:10B690003878000072332F61343A2020307825301A
:10B6A0003878207231322F69703A20203078253076
:10B6B0003878207231342F6C723A2020307825305F
:10B6C0003878000020787073723A20203078253066
:10B6D000387800004661756C74696E6720696E7316
:10B6E0007472756374696F6E2061646472657373DC
:10B6F00020287231352F7063293A20307825303870
:10B7000078000000556E68616E646C656420495273
:10B71000516E3A2025640000535053454C20696E09
:10B7200020746872656164206D6F646520646F6564
:10B7300073206E6F7420696E646963617465205054
:10B74000535000002A2A2A2A2A20555341474520CF
:10B750004641554C54202A2A2A2A2A00202044698E
:10B76000766973696F6E206279207A65726F000066
:10B770002020556E616C69676E6564206D656D6F24
:10B780007279206163636573730000002020537435
:10B7900061636B206F766572666C6F772028636FCC
:10B7A0006E746578742061726561206E6F742076A6
:10B7B000616C69642900000020204E6F20636F7067
:10B7C000726F636573736F7220696E7374727563E1
:10B7D00074696F6E730000002020496C6C656761AE
:10B7E0006C206C6F6164206F66204558435F524542
:10B7F0005455524E20696E746F2050430000000073
:10B800002020496C6C6567616C20757365206F66DC
:10B810002074686520455053520000002020417478
:10B8200074656D707420746F2065786563757465D8
:10B8300020756E646566696E656420696E737472E6
:10B84000756374696F6E00002A2A2A2A2A204465CB
:10B85000627567206D6F6E69746F722065786365BD
:10B860007074696F6E202A2A2A2A2A00526573652D
:10B870007276656420457863657074696F6E202800
:10B880000000000053707572696F757320696E74E3
:10B8900065727275707420284952512000000000B2
:10B8A0002A2A2A2A2A20257320256429202A2A2A9E
:10B8B0002A2A00002A2A2A2A2A204D5055204641A9
:10B8C000554C54202A2A2A2A2A000000202053748A
:10B8D00061636B696E67206572726F722028636F97
:10B8E0006E746578742061726561206D6967687433
:10B8F000206265206E6F742076616C696429000097
:10B900002020556E737461636B696E672065727277
:10B910006F7200002020446174612041636365738D
:10B92000732056696F6C6174696F6E0020204D4DF5
:10B9300046415220416464726573733A2030782521
:10B94000780000002020496E737472756374696F0B
:10B950006E204163636573732056696F6C6174690F
:10B960006F6E00002020466C6F6174696E672D70E9
:10B970006F696E74206C617A7920737461746520CC
:10B98000707265736572766174696F6E206572722C
:10B990006F7200002A2A2A2A2A2042555320464143
:10B9A000554C54202A2A2A2A2A00000020205374A9
:10B9B00061636B696E67206572726F7200000000D0
:10B9C0002020507265636973652064617461206230
:10B9D0007573206572726F7200000000202042466D
:10B9E000415220416464726573733A20307825783F
:10B9F000000000002020496D707265636973652046
:10BA00006461746120627573206572726F720000E8
:10BA10002020496E737472756374696F6E2062754D
:10BA200073206572726F72002A2A2A2A2A204841DE
:10BA30005244204641554C54202A2A2A2A2A0000E2
:10BA40002020427573206661756C74206F6E2076BD
:10BA50006563746F72207461626C652072656164E5
:10BA60000000000020204465627567206576656EE1
:10BA70007400000020204661756C7420657363615A
:10BA80006C6174696F6E20287365652062656C6FE8
:10BA900077290000415243485F45584345505420A0
:10BAA0007769746820726561736F6E2025780A006B
:10BAB0000000002000000000060001006D7075000D
:10BAC0004661696C656420746F20616C6C6F6361A2
:10BAD0007465206E6577204D505520726567696FDB
:10BAE0006E2025750A000000506172746974696FD8
:10BAF0006E2025753A2073616E69747920636865DC
:10BB0000636B206661696C65642E0000496E766126
:10BB10006C696420756E6465726C79696E672072F9
:10BB20006567696F6E20696E646578202575000011
:10BB30000200000048BB0000464C4153485F300003
:10BB40005352414D5F3000000000000038BB000040
:10BB500006000000E0FF0F000000002040BB0000D6
:10BB600021000000E0FF0620736F630021202524E0
:10BB70009B8B00003B8B0000000000003D35000067
:10BB80001D35000000000000636C6F636B403530B2
:10BB9000303000006866636C6B0000006C66636C9C
:10BBA0006B0000006866636C6B3139326D00000019
:10BBB0006866636C6B617564696F0000636C6F63CA
:10BBC0006B5F636F6E74726F6C000000C1350000B4
:10BBD0003136000094BB0000A98D0000D18D00001B
:10BBE0009CBB00009F8D0000C78D0000A4BB00001F
:10BBF000958D0000BD8D0000B0BB00006770696FBF
:10BC000040383432383030006770696F4038343231
:10BC100035303000FFFF0000002884500000000095
:10BC20000100000000D0005000000000FFFFFFFFF7
:10BC300000258450000000000000000000D00050EB
:10BC40000000000000010203040506070B000000CD
:10BC50004661696C656420746F20616C6C6F636110
:10BC6000746520505049204368616E6E656C000019
:10BC70007561727440383030300000007561727444
:10BC80005F6E7266785F7561727465000080005047
:10BC90000500000000000000C0BC00000000D6014C
:10BCA0000000000000000000000000000000000094
:10BCB0008C130020841300205416002053160020FB
:10BCC00000800050CCBC000001000000D4BC00008B
:10BCD000040000001400000013000002160600011A
:10BCE0001506000300203030303030303030303036
:10BCF000303030300001000000010000080000007A
:10BD00000300000043505520657863657074696FC7
:10BD10006E000000556E68616E646C656420696E2B
:10BD20007465727275707400537461636B206F7602
:10BD30006572666C6F7700004B65726E656C206F84
:10BD40006F7073004B65726E656C2070616E696315
:10BD500000000000556E6B6E6F776E206572726F1B
:10BD600072000000756E6B6E6F776E0048616C74C8
:10BD7000696E672073797374656D00003E3E3E20E6
:10BD80005A455048595220464154414C2045525240
:10BD90004F522025643A202573206F6E2043505562
:10BDA000202564004661756C7420647572696E6745
:10BDB00020696E746572727570742068616E646C4F
:10BDC000696E670A0000000043757272656E742028
:10BDD0007468726561643A202570202825732900F3
:10BDE00069646C65000000006D61696E0000000010
:10BDF000C4AC0000C4AC0000FCAC000004AD00000A
:10BE000024AD000024AD00006F73000073797377D8
:10BE10006F726B71000000000CBE0000000100009A
:10BE2000FF8FFFFFFF8FFFFFFE8FFFFFFE8FFFFFE4
:10BE3000FD8FFFFFFC8FFFFFFC8FFFFFFB8FFFFFDE
:10BE40006D757465785F667265652063616C6C659D
:10BE5000642077697468204E554C4C207061726183
:10BE60006D6574657200000043616E277420696E11
:10BE7000697469616C697A65206D757465782C20C8
:10BE8000776173204E554C4C0D0A0000436F756C62
:10BE900064206E6F74206C6F636B20706F776572B7
:10BEA0002073617665206D75746578000020202010
:10BEB000202020202020282828282820202020205A
:10BEC000202020202020202020202020208810102A
:10BED0001010101010101010101010101004040486
:10BEE0000404040404040410101010101010414144
:10BEF0004141414101010101010101010101010132
:10BF00000101010101010101101010101010424245
:10BF10004242424202020202020202020202020201
:10BF200002020202020202021010101020000000A1
:10BF30000000000000000000000000000000000001
:10BF400000000000000000000000000000000000F1
:10BF500000000000000000000000000000000000E1
:10BF600000000000000000000000000000000000D1
:10BF700000000000000000000000000000000000C1
:10BF800000000000000000000000000000000000B1
:10BF900000000000000000000000000000000000A1
:10BFA00000000000000000000000000000286E7586
:10BFB0006C6C29002A666C6F61742A005468726583
:10BFC000616431203A204861707079204E65772095
:10BFD000596561722032303236204D7920576966BA
:10BFE0006579200D0A000000546872656164203094
:10BFF0002052756E6E696E67200D0A0084AD0000D8
:10C00000517B0000AD84000044B50000000000003A
:10C01000780100203A0000008C0100203A00000066
:10C02000640100203A000000A00100203A00000056
:10C0300000000000E98A000000000000000000008D
:10C04000E8080020000000000000000000000000E0
:10C050000090D0030070015000000000FFFFFFFFC0
:10C060003F000000FFFFFFFF3F000000FF00000057
:10C0700090020000B8000020B8000020000000007E
:10C08000996E000004010020FC000020F400002054
:10C0900000000000EC000020C56F0000116F0000E0
:10C0A000456F00008D6F0000781400203A00003AC0
:10C0B0007C1400203A00003A801400203A00003A34
:10C0C000841400203A00003A14010020D800002017
:10C0D000D0000020CC000020C8000020000000009C
:10C0E0000000000000000000000000000000000050
:10C0F0000000000000000000000000000000000040
:10C10000000000000000000000000000000000002F
:10C11000000000000000000000000000000000001F
:10C120006401002064010020000000000000000005
:10C130000E000000780100207801002000000000BF
:10C14000000000000E0000008C0100208C01002087
:10C1500000000000000000000E000000A001002010
:10C16000A001002000000000000000000E00000000
:10C17000B4010020B4010020000000000100000014
:04C1800015E015E0D1
:00000001FF
